drug_id,alpha1_composition,alpha2_composition,alpha1_source,alpha2_source,metric,unit,same_beta_gamma,same_reference_or_assay,alpha1_species,alpha2_species,alpha1_value,alpha2_value,tier,alpha1_evidence_id,alpha2_evidence_id
alprazolam,alpha1/beta2/gamma2,alpha2/beta2/gamma2,ChEMBL,ChEMBL,Ki,nM,True,True,Homo sapiens,Homo sapiens,0.8,0.6,1,chembl:283,chembl:289
alprazolam,alpha1/beta2/gamma2,alpha2,ChEMBL,ChEMBL,Ki,nM,False,False,Homo sapiens,Homo sapiens,0.8,333.0,4,chembl:283,chembl:292
alprazolam,alpha1/beta2/gamma2,alpha2,ChEMBL,ChEMBL,Ki,nM,False,False,Homo sapiens,Homo sapiens,0.8,12.0,4,chembl:283,chembl:293
alprazolam,alpha1,alpha2/beta2/gamma2,ChEMBL,ChEMBL,Activity,%,False,False,Homo sapiens,Homo sapiens,327.0,0.6,4,chembl:285,chembl:289
alprazolam,alpha1,alpha2,ChEMBL,ChEMBL,Activity,%,False,True,Homo sapiens,Homo sapiens,327.0,333.0,3,chembl:285,chembl:292
alprazolam,alpha1,alpha2,ChEMBL,ChEMBL,Activity,%,False,True,Homo sapiens,Homo sapiens,327.0,12.0,4,chembl:285,chembl:293
alprazolam,alpha1,alpha2/beta2/gamma2,ChEMBL,ChEMBL,EC50,nM,False,False,Homo sapiens,Homo sapiens,37.0,0.6,4,chembl:286,chembl:289
alprazolam,alpha1,alpha2,ChEMBL,ChEMBL,EC50,nM,False,True,Homo sapiens,Homo sapiens,37.0,333.0,4,chembl:286,chembl:292
alprazolam,alpha1,alpha2,ChEMBL,ChEMBL,EC50,nM,False,True,Homo sapiens,Homo sapiens,37.0,12.0,3,chembl:286,chembl:293
alprazolam,alpha1,alpha2/beta2/gamma2,ChEMBL,ChEMBL,AC50,nM,False,False,Rattus norvegicus,Homo sapiens,10000.0,0.6,4,chembl:290,chembl:289
alprazolam,alpha1,alpha2,ChEMBL,ChEMBL,AC50,nM,False,False,Rattus norvegicus,Homo sapiens,10000.0,333.0,4,chembl:290,chembl:292
alprazolam,alpha1,alpha2,ChEMBL,ChEMBL,AC50,nM,False,False,Rattus norvegicus,Homo sapiens,10000.0,12.0,4,chembl:290,chembl:293
alprazolam,alpha1,alpha2/beta2/gamma2,ChEMBL,ChEMBL,AC50,nM,False,False,Rattus norvegicus,Homo sapiens,4.2,0.6,4,chembl:291,chembl:289
alprazolam,alpha1,alpha2,ChEMBL,ChEMBL,AC50,nM,False,False,Rattus norvegicus,Homo sapiens,4.2,333.0,4,chembl:291,chembl:292
alprazolam,alpha1,alpha2,ChEMBL,ChEMBL,AC50,nM,False,False,Rattus norvegicus,Homo sapiens,4.2,12.0,4,chembl:291,chembl:293
diazepam,alpha1/beta2/gamma2,alpha2/beta3/gamma2,ChEMBL,ChEMBL,Ki,nM,False,False,Rattus norvegicus,Homo sapiens,16.0,6.6,4,chembl:14,chembl:40
diazepam,alpha1/beta2/gamma2,alpha2/beta3/gamma2,ChEMBL,ChEMBL,Ki,nM,False,False,Rattus norvegicus,Homo sapiens,16.0,20.0,4,chembl:14,chembl:64
diazepam,alpha1/beta2/gamma2,alpha2/beta3/gamma2,ChEMBL,ChEMBL,Ki,nM,False,False,Rattus norvegicus,Homo sapiens,16.0,20.0,4,chembl:14,chembl:69
diazepam,alpha1/beta2/gamma2,alpha2/beta3/gamma2,ChEMBL,ChEMBL,Ki,nM,False,False,Rattus norvegicus,Homo sapiens,16.0,26.2,4,chembl:14,chembl:76
diazepam,alpha1/beta2/gamma2,alpha2/beta3/gamma2,ChEMBL,ChEMBL,Ki,nM,False,False,Rattus norvegicus,Homo sapiens,16.0,89.0,4,chembl:14,chembl:77
diazepam,alpha1/beta2/gamma2,alpha2/beta2/gamma2,ChEMBL,ChEMBL,Ki,nM,True,False,Rattus norvegicus,Rattus norvegicus,16.0,20.0,4,chembl:14,chembl:98
diazepam,alpha1/beta2/gamma2,alpha2/beta3/gamma2,ChEMBL,ChEMBL,Ki,nM,False,False,Rattus norvegicus,Homo sapiens,16.0,6.6,4,chembl:14,chembl:157
diazepam,alpha1/beta2/gamma2,alpha2/beta3/gamma2,ChEMBL,ChEMBL,Ki,nM,False,False,Rattus norvegicus,Homo sapiens,16.0,138.0,4,chembl:14,chembl:161
diazepam,alpha1/beta2/gamma2,alpha2/beta3/gamma2,ChEMBL,ChEMBL,Ki,nM,False,False,Rattus norvegicus,Homo sapiens,16.0,6.6,4,chembl:14,chembl:167
diazepam,alpha1/beta2/gamma2,alpha2/beta3/gamma2,ChEMBL,ChEMBL,Ki,nM,False,False,Rattus norvegicus,Homo sapiens,16.0,33.0,4,chembl:14,chembl:174
diazepam,alpha1/beta2/gamma2,alpha2/beta3/gamma2,ChEMBL,ChEMBL,Ki,nM,False,False,Rattus norvegicus,Homo sapiens,16.0,20.0,4,chembl:14,chembl:182
diazepam,alpha1/beta2/gamma2,alpha2/beta3/gamma2,ChEMBL,ChEMBL,Ki,nM,False,False,Rattus norvegicus,Homo sapiens,16.0,115.0,4,chembl:14,chembl:185
diazepam,alpha1/beta2/gamma2,alpha2/beta3/gamma2,ChEMBL,ChEMBL,Ki,nM,False,False,Rattus norvegicus,Homo sapiens,16.0,508.0,4,chembl:14,chembl:191
diazepam,alpha1/beta2/gamma2,alpha2/beta3/gamma2,ChEMBL,ChEMBL,Ki,nM,False,False,Rattus norvegicus,Homo sapiens,16.0,35.0,4,chembl:14,chembl:195
diazepam,alpha1/beta2/gamma2,alpha2/beta3/gamma2,ChEMBL,ChEMBL,Ki,nM,False,False,Rattus norvegicus,Homo sapiens,16.0,177.0,4,chembl:14,chembl:200
diazepam,alpha1/beta2/gamma2,alpha2/beta3/gamma2,ChEMBL,ChEMBL,Ki,nM,False,False,Rattus norvegicus,Homo sapiens,16.0,22.0,4,chembl:14,chembl:214
diazepam,alpha1/beta2/gamma2,alpha2/beta3/gamma2,ChEMBL,ChEMBL,Ki,nM,False,False,Rattus norvegicus,Homo sapiens,16.0,212.67,4,chembl:14,chembl:217
diazepam,alpha1/beta2/gamma2,alpha2/beta2/gamma2,ChEMBL,ChEMBL,Ki,nM,True,False,Rattus norvegicus,Homo sapiens,16.0,20.0,4,chembl:14,chembl:230
diazepam,alpha1/beta2/gamma2,alpha2,ChEMBL,ChEMBL,Ki,nM,False,False,Rattus norvegicus,Rattus norvegicus,16.0,7.0,4,chembl:14,chembl:231
diazepam,alpha1/beta2/gamma2,alpha2,ChEMBL,ChEMBL,Ki,nM,False,False,Rattus norvegicus,Rattus norvegicus,16.0,39.0,4,chembl:14,chembl:232
diazepam,alpha1/beta2/gamma2,alpha2,ChEMBL,ChEMBL,Ki,nM,False,False,Rattus norvegicus,Rattus norvegicus,16.0,15.0,4,chembl:14,chembl:233
diazepam,alpha1/beta2/gamma2,alpha2,ChEMBL,ChEMBL,Ki,nM,False,False,Rattus norvegicus,Rattus norvegicus,16.0,81.0,4,chembl:14,chembl:234
diazepam,alpha1/beta2/gamma2,alpha2,ChEMBL,ChEMBL,Ki,nM,False,False,Rattus norvegicus,Rattus norvegicus,16.0,20.0,4,chembl:14,chembl:236
diazepam,alpha1/beta2/gamma2,alpha2,ChEMBL,ChEMBL,Ki,nM,False,False,Rattus norvegicus,Homo sapiens,16.0,17.0,4,chembl:14,chembl:253
diazepam,alpha1/beta2/gamma2,alpha2/beta3/gamma2,ChEMBL,ChEMBL,Ki,nM,False,False,Rattus norvegicus,Homo sapiens,10000.0,6.6,4,chembl:17,chembl:40
diazepam,alpha1/beta2/gamma2,alpha2/beta3/gamma2,ChEMBL,ChEMBL,Ki,nM,False,False,Rattus norvegicus,Homo sapiens,10000.0,20.0,4,chembl:17,chembl:64
diazepam,alpha1/beta2/gamma2,alpha2/beta3/gamma2,ChEMBL,ChEMBL,Ki,nM,False,False,Rattus norvegicus,Homo sapiens,10000.0,20.0,4,chembl:17,chembl:69
diazepam,alpha1/beta2/gamma2,alpha2/beta3/gamma2,ChEMBL,ChEMBL,Ki,nM,False,False,Rattus norvegicus,Homo sapiens,10000.0,26.2,4,chembl:17,chembl:76
diazepam,alpha1/beta2/gamma2,alpha2/beta3/gamma2,ChEMBL,ChEMBL,Ki,nM,False,False,Rattus norvegicus,Homo sapiens,10000.0,89.0,4,chembl:17,chembl:77
diazepam,alpha1/beta2/gamma2,alpha2/beta2/gamma2,ChEMBL,ChEMBL,Ki,nM,True,False,Rattus norvegicus,Rattus norvegicus,10000.0,20.0,4,chembl:17,chembl:98
diazepam,alpha1/beta2/gamma2,alpha2/beta3/gamma2,ChEMBL,ChEMBL,Ki,nM,False,False,Rattus norvegicus,Homo sapiens,10000.0,6.6,4,chembl:17,chembl:157
diazepam,alpha1/beta2/gamma2,alpha2/beta3/gamma2,ChEMBL,ChEMBL,Ki,nM,False,False,Rattus norvegicus,Homo sapiens,10000.0,138.0,4,chembl:17,chembl:161
diazepam,alpha1/beta2/gamma2,alpha2/beta3/gamma2,ChEMBL,ChEMBL,Ki,nM,False,False,Rattus norvegicus,Homo sapiens,10000.0,6.6,4,chembl:17,chembl:167
diazepam,alpha1/beta2/gamma2,alpha2/beta3/gamma2,ChEMBL,ChEMBL,Ki,nM,False,False,Rattus norvegicus,Homo sapiens,10000.0,33.0,4,chembl:17,chembl:174
diazepam,alpha1/beta2/gamma2,alpha2/beta3/gamma2,ChEMBL,ChEMBL,Ki,nM,False,False,Rattus norvegicus,Homo sapiens,10000.0,20.0,4,chembl:17,chembl:182
diazepam,alpha1/beta2/gamma2,alpha2/beta3/gamma2,ChEMBL,ChEMBL,Ki,nM,False,False,Rattus norvegicus,Homo sapiens,10000.0,115.0,4,chembl:17,chembl:185
diazepam,alpha1/beta2/gamma2,alpha2/beta3/gamma2,ChEMBL,ChEMBL,Ki,nM,False,False,Rattus norvegicus,Homo sapiens,10000.0,508.0,4,chembl:17,chembl:191
diazepam,alpha1/beta2/gamma2,alpha2/beta3/gamma2,ChEMBL,ChEMBL,Ki,nM,False,False,Rattus norvegicus,Homo sapiens,10000.0,35.0,4,chembl:17,chembl:195
diazepam,alpha1/beta2/gamma2,alpha2/beta3/gamma2,ChEMBL,ChEMBL,Ki,nM,False,False,Rattus norvegicus,Homo sapiens,10000.0,177.0,4,chembl:17,chembl:200
diazepam,alpha1/beta2/gamma2,alpha2/beta3/gamma2,ChEMBL,ChEMBL,Ki,nM,False,False,Rattus norvegicus,Homo sapiens,10000.0,22.0,4,chembl:17,chembl:214
diazepam,alpha1/beta2/gamma2,alpha2/beta3/gamma2,ChEMBL,ChEMBL,Ki,nM,False,False,Rattus norvegicus,Homo sapiens,10000.0,212.67,4,chembl:17,chembl:217
diazepam,alpha1/beta2/gamma2,alpha2/beta2/gamma2,ChEMBL,ChEMBL,Ki,nM,True,False,Rattus norvegicus,Homo sapiens,10000.0,20.0,4,chembl:17,chembl:230
diazepam,alpha1/beta2/gamma2,alpha2,ChEMBL,ChEMBL,Ki,nM,False,False,Rattus norvegicus,Rattus norvegicus,10000.0,7.0,4,chembl:17,chembl:231
diazepam,alpha1/beta2/gamma2,alpha2,ChEMBL,ChEMBL,Ki,nM,False,False,Rattus norvegicus,Rattus norvegicus,10000.0,39.0,4,chembl:17,chembl:232
diazepam,alpha1/beta2/gamma2,alpha2,ChEMBL,ChEMBL,Ki,nM,False,False,Rattus norvegicus,Rattus norvegicus,10000.0,15.0,4,chembl:17,chembl:233
diazepam,alpha1/beta2/gamma2,alpha2,ChEMBL,ChEMBL,Ki,nM,False,False,Rattus norvegicus,Rattus norvegicus,10000.0,81.0,4,chembl:17,chembl:234
diazepam,alpha1/beta2/gamma2,alpha2,ChEMBL,ChEMBL,Ki,nM,False,False,Rattus norvegicus,Rattus norvegicus,10000.0,20.0,4,chembl:17,chembl:236
diazepam,alpha1/beta2/gamma2,alpha2,ChEMBL,ChEMBL,Ki,nM,False,False,Rattus norvegicus,Homo sapiens,10000.0,17.0,4,chembl:17,chembl:253
diazepam,alpha1/beta2/gamma2,alpha2/beta3/gamma2,ChEMBL,ChEMBL,Ki,nM,False,False,Homo sapiens,Homo sapiens,13.0,6.6,3,chembl:24,chembl:40
diazepam,alpha1/beta2/gamma2,alpha2/beta3/gamma2,ChEMBL,ChEMBL,Ki,nM,False,False,Homo sapiens,Homo sapiens,13.0,20.0,3,chembl:24,chembl:64
diazepam,alpha1/beta2/gamma2,alpha2/beta3/gamma2,ChEMBL,ChEMBL,Ki,nM,False,False,Homo sapiens,Homo sapiens,13.0,20.0,3,chembl:24,chembl:69
diazepam,alpha1/beta2/gamma2,alpha2/beta3/gamma2,ChEMBL,ChEMBL,Ki,nM,False,False,Homo sapiens,Homo sapiens,13.0,26.2,3,chembl:24,chembl:76
diazepam,alpha1/beta2/gamma2,alpha2/beta3/gamma2,ChEMBL,ChEMBL,Ki,nM,False,False,Homo sapiens,Homo sapiens,13.0,89.0,4,chembl:24,chembl:77
diazepam,alpha1/beta2/gamma2,alpha2/beta2/gamma2,ChEMBL,ChEMBL,Ki,nM,True,False,Homo sapiens,Rattus norvegicus,13.0,20.0,4,chembl:24,chembl:98
diazepam,alpha1/beta2/gamma2,alpha2/beta3/gamma2,ChEMBL,ChEMBL,Ki,nM,False,False,Homo sapiens,Homo sapiens,13.0,6.6,3,chembl:24,chembl:157
diazepam,alpha1/beta2/gamma2,alpha2/beta3/gamma2,ChEMBL,ChEMBL,Ki,nM,False,False,Homo sapiens,Homo sapiens,13.0,138.0,4,chembl:24,chembl:161
diazepam,alpha1/beta2/gamma2,alpha2/beta3/gamma2,ChEMBL,ChEMBL,Ki,nM,False,False,Homo sapiens,Homo sapiens,13.0,6.6,3,chembl:24,chembl:167
diazepam,alpha1/beta2/gamma2,alpha2/beta3/gamma2,ChEMBL,ChEMBL,Ki,nM,False,False,Homo sapiens,Homo sapiens,13.0,33.0,3,chembl:24,chembl:174
diazepam,alpha1/beta2/gamma2,alpha2/beta3/gamma2,ChEMBL,ChEMBL,Ki,nM,False,False,Homo sapiens,Homo sapiens,13.0,20.0,3,chembl:24,chembl:182
diazepam,alpha1/beta2/gamma2,alpha2/beta3/gamma2,ChEMBL,ChEMBL,Ki,nM,False,False,Homo sapiens,Homo sapiens,13.0,115.0,4,chembl:24,chembl:185
diazepam,alpha1/beta2/gamma2,alpha2/beta3/gamma2,ChEMBL,ChEMBL,Ki,nM,False,False,Homo sapiens,Homo sapiens,13.0,508.0,4,chembl:24,chembl:191
diazepam,alpha1/beta2/gamma2,alpha2/beta3/gamma2,ChEMBL,ChEMBL,Ki,nM,False,False,Homo sapiens,Homo sapiens,13.0,35.0,4,chembl:24,chembl:195
diazepam,alpha1/beta2/gamma2,alpha2/beta3/gamma2,ChEMBL,ChEMBL,Ki,nM,False,False,Homo sapiens,Homo sapiens,13.0,177.0,4,chembl:24,chembl:200
diazepam,alpha1/beta2/gamma2,alpha2/beta3/gamma2,ChEMBL,ChEMBL,Ki,nM,False,False,Homo sapiens,Homo sapiens,13.0,22.0,3,chembl:24,chembl:214
diazepam,alpha1/beta2/gamma2,alpha2/beta3/gamma2,ChEMBL,ChEMBL,Ki,nM,False,False,Homo sapiens,Homo sapiens,13.0,212.67,4,chembl:24,chembl:217
diazepam,alpha1/beta2/gamma2,alpha2/beta2/gamma2,ChEMBL,ChEMBL,Ki,nM,True,False,Homo sapiens,Homo sapiens,13.0,20.0,2,chembl:24,chembl:230
diazepam,alpha1/beta2/gamma2,alpha2,ChEMBL,ChEMBL,Ki,nM,False,False,Homo sapiens,Rattus norvegicus,13.0,7.0,4,chembl:24,chembl:231
diazepam,alpha1/beta2/gamma2,alpha2,ChEMBL,ChEMBL,Ki,nM,False,False,Homo sapiens,Rattus norvegicus,13.0,39.0,4,chembl:24,chembl:232
diazepam,alpha1/beta2/gamma2,alpha2,ChEMBL,ChEMBL,Ki,nM,False,False,Homo sapiens,Rattus norvegicus,13.0,15.0,4,chembl:24,chembl:233
diazepam,alpha1/beta2/gamma2,alpha2,ChEMBL,ChEMBL,Ki,nM,False,False,Homo sapiens,Rattus norvegicus,13.0,81.0,4,chembl:24,chembl:234
diazepam,alpha1/beta2/gamma2,alpha2,ChEMBL,ChEMBL,Ki,nM,False,False,Homo sapiens,Rattus norvegicus,13.0,20.0,4,chembl:24,chembl:236
diazepam,alpha1/beta2/gamma2,alpha2,ChEMBL,ChEMBL,Ki,nM,False,False,Homo sapiens,Homo sapiens,13.0,17.0,3,chembl:24,chembl:253
diazepam,alpha1/beta2/gamma2,alpha2/beta3/gamma2,ChEMBL,ChEMBL,GABA current,%,False,False,Rattus norvegicus,Homo sapiens,300.0,6.6,4,chembl:32,chembl:40
diazepam,alpha1/beta2/gamma2,alpha2/beta3/gamma2,ChEMBL,ChEMBL,GABA current,%,False,False,Rattus norvegicus,Homo sapiens,300.0,20.0,4,chembl:32,chembl:64
diazepam,alpha1/beta2/gamma2,alpha2/beta3/gamma2,ChEMBL,ChEMBL,GABA current,%,False,False,Rattus norvegicus,Homo sapiens,300.0,20.0,4,chembl:32,chembl:69
diazepam,alpha1/beta2/gamma2,alpha2/beta3/gamma2,ChEMBL,ChEMBL,GABA current,%,False,False,Rattus norvegicus,Homo sapiens,300.0,26.2,4,chembl:32,chembl:76
diazepam,alpha1/beta2/gamma2,alpha2/beta3/gamma2,ChEMBL,ChEMBL,GABA current,%,False,False,Rattus norvegicus,Homo sapiens,300.0,89.0,4,chembl:32,chembl:77
diazepam,alpha1/beta2/gamma2,alpha2/beta2/gamma2,ChEMBL,ChEMBL,GABA current,%,True,False,Rattus norvegicus,Rattus norvegicus,300.0,20.0,4,chembl:32,chembl:98
diazepam,alpha1/beta2/gamma2,alpha2/beta3/gamma2,ChEMBL,ChEMBL,GABA current,%,False,False,Rattus norvegicus,Homo sapiens,300.0,6.6,4,chembl:32,chembl:157
diazepam,alpha1/beta2/gamma2,alpha2/beta3/gamma2,ChEMBL,ChEMBL,GABA current,%,False,False,Rattus norvegicus,Homo sapiens,300.0,138.0,4,chembl:32,chembl:161
diazepam,alpha1/beta2/gamma2,alpha2/beta3/gamma2,ChEMBL,ChEMBL,GABA current,%,False,False,Rattus norvegicus,Homo sapiens,300.0,6.6,4,chembl:32,chembl:167
diazepam,alpha1/beta2/gamma2,alpha2/beta3/gamma2,ChEMBL,ChEMBL,GABA current,%,False,False,Rattus norvegicus,Homo sapiens,300.0,33.0,4,chembl:32,chembl:174
diazepam,alpha1/beta2/gamma2,alpha2/beta3/gamma2,ChEMBL,ChEMBL,GABA current,%,False,False,Rattus norvegicus,Homo sapiens,300.0,20.0,4,chembl:32,chembl:182
diazepam,alpha1/beta2/gamma2,alpha2/beta3/gamma2,ChEMBL,ChEMBL,GABA current,%,False,False,Rattus norvegicus,Homo sapiens,300.0,115.0,4,chembl:32,chembl:185
diazepam,alpha1/beta2/gamma2,alpha2/beta3/gamma2,ChEMBL,ChEMBL,GABA current,%,False,False,Rattus norvegicus,Homo sapiens,300.0,508.0,4,chembl:32,chembl:191
diazepam,alpha1/beta2/gamma2,alpha2/beta3/gamma2,ChEMBL,ChEMBL,GABA current,%,False,False,Rattus norvegicus,Homo sapiens,300.0,35.0,4,chembl:32,chembl:195
diazepam,alpha1/beta2/gamma2,alpha2/beta3/gamma2,ChEMBL,ChEMBL,GABA current,%,False,False,Rattus norvegicus,Homo sapiens,300.0,177.0,4,chembl:32,chembl:200
diazepam,alpha1/beta2/gamma2,alpha2/beta3/gamma2,ChEMBL,ChEMBL,GABA current,%,False,False,Rattus norvegicus,Homo sapiens,300.0,22.0,4,chembl:32,chembl:214
diazepam,alpha1/beta2/gamma2,alpha2/beta3/gamma2,ChEMBL,ChEMBL,GABA current,%,False,False,Rattus norvegicus,Homo sapiens,300.0,212.67,4,chembl:32,chembl:217
diazepam,alpha1/beta2/gamma2,alpha2/beta2/gamma2,ChEMBL,ChEMBL,GABA current,%,True,False,Rattus norvegicus,Homo sapiens,300.0,20.0,4,chembl:32,chembl:230
diazepam,alpha1/beta2/gamma2,alpha2,ChEMBL,ChEMBL,GABA current,%,False,False,Rattus norvegicus,Rattus norvegicus,300.0,7.0,4,chembl:32,chembl:231
diazepam,alpha1/beta2/gamma2,alpha2,ChEMBL,ChEMBL,GABA current,%,False,False,Rattus norvegicus,Rattus norvegicus,300.0,39.0,4,chembl:32,chembl:232
diazepam,alpha1/beta2/gamma2,alpha2,ChEMBL,ChEMBL,GABA current,%,False,False,Rattus norvegicus,Rattus norvegicus,300.0,15.0,4,chembl:32,chembl:233
diazepam,alpha1/beta2/gamma2,alpha2,ChEMBL,ChEMBL,GABA current,%,False,False,Rattus norvegicus,Rattus norvegicus,300.0,81.0,4,chembl:32,chembl:234
diazepam,alpha1/beta2/gamma2,alpha2,ChEMBL,ChEMBL,GABA current,%,False,False,Rattus norvegicus,Rattus norvegicus,300.0,20.0,4,chembl:32,chembl:236
diazepam,alpha1/beta2/gamma2,alpha2,ChEMBL,ChEMBL,GABA current,%,False,False,Rattus norvegicus,Homo sapiens,300.0,17.0,4,chembl:32,chembl:253
diazepam,alpha1/beta2/gamma2,alpha2/beta3/gamma2,ChEMBL,ChEMBL,Ki,nM,False,True,Homo sapiens,Homo sapiens,12.0,6.6,3,chembl:39,chembl:40
diazepam,alpha1/beta2/gamma2,alpha2/beta3/gamma2,ChEMBL,ChEMBL,Ki,nM,False,False,Homo sapiens,Homo sapiens,12.0,20.0,3,chembl:39,chembl:64
diazepam,alpha1/beta2/gamma2,alpha2/beta3/gamma2,ChEMBL,ChEMBL,Ki,nM,False,False,Homo sapiens,Homo sapiens,12.0,20.0,3,chembl:39,chembl:69
diazepam,alpha1/beta2/gamma2,alpha2/beta3/gamma2,ChEMBL,ChEMBL,Ki,nM,False,False,Homo sapiens,Homo sapiens,12.0,26.2,3,chembl:39,chembl:76
diazepam,alpha1/beta2/gamma2,alpha2/beta3/gamma2,ChEMBL,ChEMBL,Ki,nM,False,False,Homo sapiens,Homo sapiens,12.0,89.0,4,chembl:39,chembl:77
diazepam,alpha1/beta2/gamma2,alpha2/beta2/gamma2,ChEMBL,ChEMBL,Ki,nM,True,False,Homo sapiens,Rattus norvegicus,12.0,20.0,4,chembl:39,chembl:98
diazepam,alpha1/beta2/gamma2,alpha2/beta3/gamma2,ChEMBL,ChEMBL,Ki,nM,False,False,Homo sapiens,Homo sapiens,12.0,6.6,3,chembl:39,chembl:157
diazepam,alpha1/beta2/gamma2,alpha2/beta3/gamma2,ChEMBL,ChEMBL,Ki,nM,False,False,Homo sapiens,Homo sapiens,12.0,138.0,4,chembl:39,chembl:161
diazepam,alpha1/beta2/gamma2,alpha2/beta3/gamma2,ChEMBL,ChEMBL,Ki,nM,False,False,Homo sapiens,Homo sapiens,12.0,6.6,3,chembl:39,chembl:167
diazepam,alpha1/beta2/gamma2,alpha2/beta3/gamma2,ChEMBL,ChEMBL,Ki,nM,False,False,Homo sapiens,Homo sapiens,12.0,33.0,3,chembl:39,chembl:174
diazepam,alpha1/beta2/gamma2,alpha2/beta3/gamma2,ChEMBL,ChEMBL,Ki,nM,False,False,Homo sapiens,Homo sapiens,12.0,20.0,3,chembl:39,chembl:182
diazepam,alpha1/beta2/gamma2,alpha2/beta3/gamma2,ChEMBL,ChEMBL,Ki,nM,False,False,Homo sapiens,Homo sapiens,12.0,115.0,4,chembl:39,chembl:185
diazepam,alpha1/beta2/gamma2,alpha2/beta3/gamma2,ChEMBL,ChEMBL,Ki,nM,False,False,Homo sapiens,Homo sapiens,12.0,508.0,4,chembl:39,chembl:191
diazepam,alpha1/beta2/gamma2,alpha2/beta3/gamma2,ChEMBL,ChEMBL,Ki,nM,False,False,Homo sapiens,Homo sapiens,12.0,35.0,4,chembl:39,chembl:195
diazepam,alpha1/beta2/gamma2,alpha2/beta3/gamma2,ChEMBL,ChEMBL,Ki,nM,False,False,Homo sapiens,Homo sapiens,12.0,177.0,4,chembl:39,chembl:200
diazepam,alpha1/beta2/gamma2,alpha2/beta3/gamma2,ChEMBL,ChEMBL,Ki,nM,False,False,Homo sapiens,Homo sapiens,12.0,22.0,3,chembl:39,chembl:214
diazepam,alpha1/beta2/gamma2,alpha2/beta3/gamma2,ChEMBL,ChEMBL,Ki,nM,False,False,Homo sapiens,Homo sapiens,12.0,212.67,4,chembl:39,chembl:217
diazepam,alpha1/beta2/gamma2,alpha2/beta2/gamma2,ChEMBL,ChEMBL,Ki,nM,True,False,Homo sapiens,Homo sapiens,12.0,20.0,2,chembl:39,chembl:230
diazepam,alpha1/beta2/gamma2,alpha2,ChEMBL,ChEMBL,Ki,nM,False,False,Homo sapiens,Rattus norvegicus,12.0,7.0,4,chembl:39,chembl:231
diazepam,alpha1/beta2/gamma2,alpha2,ChEMBL,ChEMBL,Ki,nM,False,False,Homo sapiens,Rattus norvegicus,12.0,39.0,4,chembl:39,chembl:232
diazepam,alpha1/beta2/gamma2,alpha2,ChEMBL,ChEMBL,Ki,nM,False,False,Homo sapiens,Rattus norvegicus,12.0,15.0,4,chembl:39,chembl:233
diazepam,alpha1/beta2/gamma2,alpha2,ChEMBL,ChEMBL,Ki,nM,False,False,Homo sapiens,Rattus norvegicus,12.0,81.0,4,chembl:39,chembl:234
diazepam,alpha1/beta2/gamma2,alpha2,ChEMBL,ChEMBL,Ki,nM,False,False,Homo sapiens,Rattus norvegicus,12.0,20.0,4,chembl:39,chembl:236
diazepam,alpha1/beta2/gamma2,alpha2,ChEMBL,ChEMBL,Ki,nM,False,False,Homo sapiens,Homo sapiens,12.0,17.0,3,chembl:39,chembl:253
diazepam,alpha1/beta2/gamma2,alpha2/beta3/gamma2,ChEMBL,ChEMBL,Efficacy,%,False,True,Homo sapiens,Homo sapiens,157.0,6.6,4,chembl:42,chembl:40
diazepam,alpha1/beta2/gamma2,alpha2/beta3/gamma2,ChEMBL,ChEMBL,Efficacy,%,False,False,Homo sapiens,Homo sapiens,157.0,20.0,4,chembl:42,chembl:64
diazepam,alpha1/beta2/gamma2,alpha2/beta3/gamma2,ChEMBL,ChEMBL,Efficacy,%,False,False,Homo sapiens,Homo sapiens,157.0,20.0,4,chembl:42,chembl:69
diazepam,alpha1/beta2/gamma2,alpha2/beta3/gamma2,ChEMBL,ChEMBL,Efficacy,%,False,False,Homo sapiens,Homo sapiens,157.0,26.2,4,chembl:42,chembl:76
diazepam,alpha1/beta2/gamma2,alpha2/beta3/gamma2,ChEMBL,ChEMBL,Efficacy,%,False,False,Homo sapiens,Homo sapiens,157.0,89.0,3,chembl:42,chembl:77
diazepam,alpha1/beta2/gamma2,alpha2/beta2/gamma2,ChEMBL,ChEMBL,Efficacy,%,True,False,Homo sapiens,Rattus norvegicus,157.0,20.0,4,chembl:42,chembl:98
diazepam,alpha1/beta2/gamma2,alpha2/beta3/gamma2,ChEMBL,ChEMBL,Efficacy,%,False,False,Homo sapiens,Homo sapiens,157.0,6.6,4,chembl:42,chembl:157
diazepam,alpha1/beta2/gamma2,alpha2/beta3/gamma2,ChEMBL,ChEMBL,Efficacy,%,False,False,Homo sapiens,Homo sapiens,157.0,138.0,3,chembl:42,chembl:161
diazepam,alpha1/beta2/gamma2,alpha2/beta3/gamma2,ChEMBL,ChEMBL,Efficacy,%,False,False,Homo sapiens,Homo sapiens,157.0,6.6,4,chembl:42,chembl:167
diazepam,alpha1/beta2/gamma2,alpha2/beta3/gamma2,ChEMBL,ChEMBL,Efficacy,%,False,False,Homo sapiens,Homo sapiens,157.0,33.0,4,chembl:42,chembl:174
diazepam,alpha1/beta2/gamma2,alpha2/beta3/gamma2,ChEMBL,ChEMBL,Efficacy,%,False,False,Homo sapiens,Homo sapiens,157.0,20.0,4,chembl:42,chembl:182
diazepam,alpha1/beta2/gamma2,alpha2/beta3/gamma2,ChEMBL,ChEMBL,Efficacy,%,False,False,Homo sapiens,Homo sapiens,157.0,115.0,3,chembl:42,chembl:185
diazepam,alpha1/beta2/gamma2,alpha2/beta3/gamma2,ChEMBL,ChEMBL,Efficacy,%,False,False,Homo sapiens,Homo sapiens,157.0,508.0,4,chembl:42,chembl:191
diazepam,alpha1/beta2/gamma2,alpha2/beta3/gamma2,ChEMBL,ChEMBL,Efficacy,%,False,False,Homo sapiens,Homo sapiens,157.0,35.0,4,chembl:42,chembl:195
diazepam,alpha1/beta2/gamma2,alpha2/beta3/gamma2,ChEMBL,ChEMBL,Efficacy,%,False,False,Homo sapiens,Homo sapiens,157.0,177.0,4,chembl:42,chembl:200
diazepam,alpha1/beta2/gamma2,alpha2/beta3/gamma2,ChEMBL,ChEMBL,Efficacy,%,False,False,Homo sapiens,Homo sapiens,157.0,22.0,4,chembl:42,chembl:214
diazepam,alpha1/beta2/gamma2,alpha2/beta3/gamma2,ChEMBL,ChEMBL,Efficacy,%,False,False,Homo sapiens,Homo sapiens,157.0,212.67,4,chembl:42,chembl:217
diazepam,alpha1/beta2/gamma2,alpha2/beta2/gamma2,ChEMBL,ChEMBL,Efficacy,%,True,False,Homo sapiens,Homo sapiens,157.0,20.0,4,chembl:42,chembl:230
diazepam,alpha1/beta2/gamma2,alpha2,ChEMBL,ChEMBL,Efficacy,%,False,False,Homo sapiens,Rattus norvegicus,157.0,7.0,4,chembl:42,chembl:231
diazepam,alpha1/beta2/gamma2,alpha2,ChEMBL,ChEMBL,Efficacy,%,False,False,Homo sapiens,Rattus norvegicus,157.0,39.0,4,chembl:42,chembl:232
diazepam,alpha1/beta2/gamma2,alpha2,ChEMBL,ChEMBL,Efficacy,%,False,False,Homo sapiens,Rattus norvegicus,157.0,15.0,4,chembl:42,chembl:233
diazepam,alpha1/beta2/gamma2,alpha2,ChEMBL,ChEMBL,Efficacy,%,False,False,Homo sapiens,Rattus norvegicus,157.0,81.0,4,chembl:42,chembl:234
diazepam,alpha1/beta2/gamma2,alpha2,ChEMBL,ChEMBL,Efficacy,%,False,False,Homo sapiens,Rattus norvegicus,157.0,20.0,4,chembl:42,chembl:236
diazepam,alpha1/beta2/gamma2,alpha2,ChEMBL,ChEMBL,Efficacy,%,False,False,Homo sapiens,Homo sapiens,157.0,17.0,4,chembl:42,chembl:253
diazepam,alpha1/beta3/gamma2,alpha2/beta3/gamma2,ChEMBL,ChEMBL,Ki,nM,True,False,Homo sapiens,Homo sapiens,14.0,6.6,2,chembl:63,chembl:40
diazepam,alpha1/beta3/gamma2,alpha2/beta3/gamma2,ChEMBL,ChEMBL,Ki,nM,True,True,Homo sapiens,Homo sapiens,14.0,20.0,1,chembl:63,chembl:64
diazepam,alpha1/beta3/gamma2,alpha2/beta3/gamma2,ChEMBL,ChEMBL,Ki,nM,True,False,Homo sapiens,Homo sapiens,14.0,20.0,2,chembl:63,chembl:69
diazepam,alpha1/beta3/gamma2,alpha2/beta3/gamma2,ChEMBL,ChEMBL,Ki,nM,True,False,Homo sapiens,Homo sapiens,14.0,26.2,2,chembl:63,chembl:76
diazepam,alpha1/beta3/gamma2,alpha2/beta3/gamma2,ChEMBL,ChEMBL,Ki,nM,True,False,Homo sapiens,Homo sapiens,14.0,89.0,4,chembl:63,chembl:77
diazepam,alpha1/beta3/gamma2,alpha2/beta2/gamma2,ChEMBL,ChEMBL,Ki,nM,False,False,Homo sapiens,Rattus norvegicus,14.0,20.0,4,chembl:63,chembl:98
diazepam,alpha1/beta3/gamma2,alpha2/beta3/gamma2,ChEMBL,ChEMBL,Ki,nM,True,False,Homo sapiens,Homo sapiens,14.0,6.6,2,chembl:63,chembl:157
diazepam,alpha1/beta3/gamma2,alpha2/beta3/gamma2,ChEMBL,ChEMBL,Ki,nM,True,False,Homo sapiens,Homo sapiens,14.0,138.0,4,chembl:63,chembl:161
diazepam,alpha1/beta3/gamma2,alpha2/beta3/gamma2,ChEMBL,ChEMBL,Ki,nM,True,False,Homo sapiens,Homo sapiens,14.0,6.6,2,chembl:63,chembl:167
diazepam,alpha1/beta3/gamma2,alpha2/beta3/gamma2,ChEMBL,ChEMBL,Ki,nM,True,False,Homo sapiens,Homo sapiens,14.0,33.0,2,chembl:63,chembl:174
diazepam,alpha1/beta3/gamma2,alpha2/beta3/gamma2,ChEMBL,ChEMBL,Ki,nM,True,False,Homo sapiens,Homo sapiens,14.0,20.0,2,chembl:63,chembl:182
diazepam,alpha1/beta3/gamma2,alpha2/beta3/gamma2,ChEMBL,ChEMBL,Ki,nM,True,False,Homo sapiens,Homo sapiens,14.0,115.0,4,chembl:63,chembl:185
diazepam,alpha1/beta3/gamma2,alpha2/beta3/gamma2,ChEMBL,ChEMBL,Ki,nM,True,False,Homo sapiens,Homo sapiens,14.0,508.0,4,chembl:63,chembl:191
diazepam,alpha1/beta3/gamma2,alpha2/beta3/gamma2,ChEMBL,ChEMBL,Ki,nM,True,False,Homo sapiens,Homo sapiens,14.0,35.0,4,chembl:63,chembl:195
diazepam,alpha1/beta3/gamma2,alpha2/beta3/gamma2,ChEMBL,ChEMBL,Ki,nM,True,False,Homo sapiens,Homo sapiens,14.0,177.0,4,chembl:63,chembl:200
diazepam,alpha1/beta3/gamma2,alpha2/beta3/gamma2,ChEMBL,ChEMBL,Ki,nM,True,False,Homo sapiens,Homo sapiens,14.0,22.0,2,chembl:63,chembl:214
diazepam,alpha1/beta3/gamma2,alpha2/beta3/gamma2,ChEMBL,ChEMBL,Ki,nM,True,False,Homo sapiens,Homo sapiens,14.0,212.67,4,chembl:63,chembl:217
diazepam,alpha1/beta3/gamma2,alpha2/beta2/gamma2,ChEMBL,ChEMBL,Ki,nM,False,False,Homo sapiens,Homo sapiens,14.0,20.0,3,chembl:63,chembl:230
diazepam,alpha1/beta3/gamma2,alpha2,ChEMBL,ChEMBL,Ki,nM,False,False,Homo sapiens,Rattus norvegicus,14.0,7.0,4,chembl:63,chembl:231
diazepam,alpha1/beta3/gamma2,alpha2,ChEMBL,ChEMBL,Ki,nM,False,False,Homo sapiens,Rattus norvegicus,14.0,39.0,4,chembl:63,chembl:232
diazepam,alpha1/beta3/gamma2,alpha2,ChEMBL,ChEMBL,Ki,nM,False,False,Homo sapiens,Rattus norvegicus,14.0,15.0,4,chembl:63,chembl:233
diazepam,alpha1/beta3/gamma2,alpha2,ChEMBL,ChEMBL,Ki,nM,False,False,Homo sapiens,Rattus norvegicus,14.0,81.0,4,chembl:63,chembl:234
diazepam,alpha1/beta3/gamma2,alpha2,ChEMBL,ChEMBL,Ki,nM,False,False,Homo sapiens,Rattus norvegicus,14.0,20.0,4,chembl:63,chembl:236
diazepam,alpha1/beta3/gamma2,alpha2,ChEMBL,ChEMBL,Ki,nM,False,False,Homo sapiens,Homo sapiens,14.0,17.0,3,chembl:63,chembl:253
diazepam,alpha1/beta3/gamma2,alpha2/beta3/gamma2,ChEMBL,ChEMBL,Ki,nM,True,False,Homo sapiens,Homo sapiens,14.0,6.6,2,chembl:68,chembl:40
diazepam,alpha1/beta3/gamma2,alpha2/beta3/gamma2,ChEMBL,ChEMBL,Ki,nM,True,False,Homo sapiens,Homo sapiens,14.0,20.0,2,chembl:68,chembl:64
diazepam,alpha1/beta3/gamma2,alpha2/beta3/gamma2,ChEMBL,ChEMBL,Ki,nM,True,True,Homo sapiens,Homo sapiens,14.0,20.0,1,chembl:68,chembl:69
diazepam,alpha1/beta3/gamma2,alpha2/beta3/gamma2,ChEMBL,ChEMBL,Ki,nM,True,False,Homo sapiens,Homo sapiens,14.0,26.2,2,chembl:68,chembl:76
diazepam,alpha1/beta3/gamma2,alpha2/beta3/gamma2,ChEMBL,ChEMBL,Ki,nM,True,False,Homo sapiens,Homo sapiens,14.0,89.0,4,chembl:68,chembl:77
diazepam,alpha1/beta3/gamma2,alpha2/beta2/gamma2,ChEMBL,ChEMBL,Ki,nM,False,False,Homo sapiens,Rattus norvegicus,14.0,20.0,4,chembl:68,chembl:98
diazepam,alpha1/beta3/gamma2,alpha2/beta3/gamma2,ChEMBL,ChEMBL,Ki,nM,True,False,Homo sapiens,Homo sapiens,14.0,6.6,2,chembl:68,chembl:157
diazepam,alpha1/beta3/gamma2,alpha2/beta3/gamma2,ChEMBL,ChEMBL,Ki,nM,True,False,Homo sapiens,Homo sapiens,14.0,138.0,4,chembl:68,chembl:161
diazepam,alpha1/beta3/gamma2,alpha2/beta3/gamma2,ChEMBL,ChEMBL,Ki,nM,True,False,Homo sapiens,Homo sapiens,14.0,6.6,2,chembl:68,chembl:167
diazepam,alpha1/beta3/gamma2,alpha2/beta3/gamma2,ChEMBL,ChEMBL,Ki,nM,True,False,Homo sapiens,Homo sapiens,14.0,33.0,2,chembl:68,chembl:174
diazepam,alpha1/beta3/gamma2,alpha2/beta3/gamma2,ChEMBL,ChEMBL,Ki,nM,True,False,Homo sapiens,Homo sapiens,14.0,20.0,2,chembl:68,chembl:182
diazepam,alpha1/beta3/gamma2,alpha2/beta3/gamma2,ChEMBL,ChEMBL,Ki,nM,True,False,Homo sapiens,Homo sapiens,14.0,115.0,4,chembl:68,chembl:185
diazepam,alpha1/beta3/gamma2,alpha2/beta3/gamma2,ChEMBL,ChEMBL,Ki,nM,True,False,Homo sapiens,Homo sapiens,14.0,508.0,4,chembl:68,chembl:191
diazepam,alpha1/beta3/gamma2,alpha2/beta3/gamma2,ChEMBL,ChEMBL,Ki,nM,True,False,Homo sapiens,Homo sapiens,14.0,35.0,4,chembl:68,chembl:195
diazepam,alpha1/beta3/gamma2,alpha2/beta3/gamma2,ChEMBL,ChEMBL,Ki,nM,True,False,Homo sapiens,Homo sapiens,14.0,177.0,4,chembl:68,chembl:200
diazepam,alpha1/beta3/gamma2,alpha2/beta3/gamma2,ChEMBL,ChEMBL,Ki,nM,True,False,Homo sapiens,Homo sapiens,14.0,22.0,2,chembl:68,chembl:214
diazepam,alpha1/beta3/gamma2,alpha2/beta3/gamma2,ChEMBL,ChEMBL,Ki,nM,True,False,Homo sapiens,Homo sapiens,14.0,212.67,4,chembl:68,chembl:217
diazepam,alpha1/beta3/gamma2,alpha2/beta2/gamma2,ChEMBL,ChEMBL,Ki,nM,False,False,Homo sapiens,Homo sapiens,14.0,20.0,3,chembl:68,chembl:230
diazepam,alpha1/beta3/gamma2,alpha2,ChEMBL,ChEMBL,Ki,nM,False,False,Homo sapiens,Rattus norvegicus,14.0,7.0,4,chembl:68,chembl:231
diazepam,alpha1/beta3/gamma2,alpha2,ChEMBL,ChEMBL,Ki,nM,False,False,Homo sapiens,Rattus norvegicus,14.0,39.0,4,chembl:68,chembl:232
diazepam,alpha1/beta3/gamma2,alpha2,ChEMBL,ChEMBL,Ki,nM,False,False,Homo sapiens,Rattus norvegicus,14.0,15.0,4,chembl:68,chembl:233
diazepam,alpha1/beta3/gamma2,alpha2,ChEMBL,ChEMBL,Ki,nM,False,False,Homo sapiens,Rattus norvegicus,14.0,81.0,4,chembl:68,chembl:234
diazepam,alpha1/beta3/gamma2,alpha2,ChEMBL,ChEMBL,Ki,nM,False,False,Homo sapiens,Rattus norvegicus,14.0,20.0,4,chembl:68,chembl:236
diazepam,alpha1/beta3/gamma2,alpha2,ChEMBL,ChEMBL,Ki,nM,False,False,Homo sapiens,Homo sapiens,14.0,17.0,3,chembl:68,chembl:253
diazepam,alpha1/beta3/gamma2,alpha2/beta3/gamma2,ChEMBL,ChEMBL,Ki,nM,True,False,Homo sapiens,Homo sapiens,14.3,6.6,2,chembl:74,chembl:40
diazepam,alpha1/beta3/gamma2,alpha2/beta3/gamma2,ChEMBL,ChEMBL,Ki,nM,True,False,Homo sapiens,Homo sapiens,14.3,20.0,2,chembl:74,chembl:64
diazepam,alpha1/beta3/gamma2,alpha2/beta3/gamma2,ChEMBL,ChEMBL,Ki,nM,True,False,Homo sapiens,Homo sapiens,14.3,20.0,2,chembl:74,chembl:69
diazepam,alpha1/beta3/gamma2,alpha2/beta3/gamma2,ChEMBL,ChEMBL,Ki,nM,True,True,Homo sapiens,Homo sapiens,14.3,26.2,1,chembl:74,chembl:76
diazepam,alpha1/beta3/gamma2,alpha2/beta3/gamma2,ChEMBL,ChEMBL,Ki,nM,True,True,Homo sapiens,Homo sapiens,14.3,89.0,4,chembl:74,chembl:77
diazepam,alpha1/beta3/gamma2,alpha2/beta2/gamma2,ChEMBL,ChEMBL,Ki,nM,False,False,Homo sapiens,Rattus norvegicus,14.3,20.0,4,chembl:74,chembl:98
diazepam,alpha1/beta3/gamma2,alpha2/beta3/gamma2,ChEMBL,ChEMBL,Ki,nM,True,False,Homo sapiens,Homo sapiens,14.3,6.6,2,chembl:74,chembl:157
diazepam,alpha1/beta3/gamma2,alpha2/beta3/gamma2,ChEMBL,ChEMBL,Ki,nM,True,False,Homo sapiens,Homo sapiens,14.3,138.0,4,chembl:74,chembl:161
diazepam,alpha1/beta3/gamma2,alpha2/beta3/gamma2,ChEMBL,ChEMBL,Ki,nM,True,False,Homo sapiens,Homo sapiens,14.3,6.6,2,chembl:74,chembl:167
diazepam,alpha1/beta3/gamma2,alpha2/beta3/gamma2,ChEMBL,ChEMBL,Ki,nM,True,False,Homo sapiens,Homo sapiens,14.3,33.0,2,chembl:74,chembl:174
diazepam,alpha1/beta3/gamma2,alpha2/beta3/gamma2,ChEMBL,ChEMBL,Ki,nM,True,False,Homo sapiens,Homo sapiens,14.3,20.0,2,chembl:74,chembl:182
diazepam,alpha1/beta3/gamma2,alpha2/beta3/gamma2,ChEMBL,ChEMBL,Ki,nM,True,False,Homo sapiens,Homo sapiens,14.3,115.0,4,chembl:74,chembl:185
diazepam,alpha1/beta3/gamma2,alpha2/beta3/gamma2,ChEMBL,ChEMBL,Ki,nM,True,False,Homo sapiens,Homo sapiens,14.3,508.0,4,chembl:74,chembl:191
diazepam,alpha1/beta3/gamma2,alpha2/beta3/gamma2,ChEMBL,ChEMBL,Ki,nM,True,False,Homo sapiens,Homo sapiens,14.3,35.0,4,chembl:74,chembl:195
diazepam,alpha1/beta3/gamma2,alpha2/beta3/gamma2,ChEMBL,ChEMBL,Ki,nM,True,False,Homo sapiens,Homo sapiens,14.3,177.0,4,chembl:74,chembl:200
diazepam,alpha1/beta3/gamma2,alpha2/beta3/gamma2,ChEMBL,ChEMBL,Ki,nM,True,False,Homo sapiens,Homo sapiens,14.3,22.0,2,chembl:74,chembl:214
diazepam,alpha1/beta3/gamma2,alpha2/beta3/gamma2,ChEMBL,ChEMBL,Ki,nM,True,False,Homo sapiens,Homo sapiens,14.3,212.67,4,chembl:74,chembl:217
diazepam,alpha1/beta3/gamma2,alpha2/beta2/gamma2,ChEMBL,ChEMBL,Ki,nM,False,False,Homo sapiens,Homo sapiens,14.3,20.0,3,chembl:74,chembl:230
diazepam,alpha1/beta3/gamma2,alpha2,ChEMBL,ChEMBL,Ki,nM,False,False,Homo sapiens,Rattus norvegicus,14.3,7.0,4,chembl:74,chembl:231
diazepam,alpha1/beta3/gamma2,alpha2,ChEMBL,ChEMBL,Ki,nM,False,False,Homo sapiens,Rattus norvegicus,14.3,39.0,4,chembl:74,chembl:232
diazepam,alpha1/beta3/gamma2,alpha2,ChEMBL,ChEMBL,Ki,nM,False,False,Homo sapiens,Rattus norvegicus,14.3,15.0,4,chembl:74,chembl:233
diazepam,alpha1/beta3/gamma2,alpha2,ChEMBL,ChEMBL,Ki,nM,False,False,Homo sapiens,Rattus norvegicus,14.3,81.0,4,chembl:74,chembl:234
diazepam,alpha1/beta3/gamma2,alpha2,ChEMBL,ChEMBL,Ki,nM,False,False,Homo sapiens,Rattus norvegicus,14.3,20.0,4,chembl:74,chembl:236
diazepam,alpha1/beta3/gamma2,alpha2,ChEMBL,ChEMBL,Ki,nM,False,False,Homo sapiens,Homo sapiens,14.3,17.0,3,chembl:74,chembl:253
diazepam,alpha1/beta3/gamma2,alpha2/beta3/gamma2,ChEMBL,ChEMBL,Efficacy,%,True,False,Homo sapiens,Homo sapiens,156.0,6.6,4,chembl:75,chembl:40
diazepam,alpha1/beta3/gamma2,alpha2/beta3/gamma2,ChEMBL,ChEMBL,Efficacy,%,True,False,Homo sapiens,Homo sapiens,156.0,20.0,4,chembl:75,chembl:64
diazepam,alpha1/beta3/gamma2,alpha2/beta3/gamma2,ChEMBL,ChEMBL,Efficacy,%,True,False,Homo sapiens,Homo sapiens,156.0,20.0,4,chembl:75,chembl:69
diazepam,alpha1/beta3/gamma2,alpha2/beta3/gamma2,ChEMBL,ChEMBL,Efficacy,%,True,True,Homo sapiens,Homo sapiens,156.0,26.2,4,chembl:75,chembl:76
diazepam,alpha1/beta3/gamma2,alpha2/beta3/gamma2,ChEMBL,ChEMBL,Efficacy,%,True,True,Homo sapiens,Homo sapiens,156.0,89.0,1,chembl:75,chembl:77
diazepam,alpha1/beta3/gamma2,alpha2/beta2/gamma2,ChEMBL,ChEMBL,Efficacy,%,False,False,Homo sapiens,Rattus norvegicus,156.0,20.0,4,chembl:75,chembl:98
diazepam,alpha1/beta3/gamma2,alpha2/beta3/gamma2,ChEMBL,ChEMBL,Efficacy,%,True,False,Homo sapiens,Homo sapiens,156.0,6.6,4,chembl:75,chembl:157
diazepam,alpha1/beta3/gamma2,alpha2/beta3/gamma2,ChEMBL,ChEMBL,Efficacy,%,True,False,Homo sapiens,Homo sapiens,156.0,138.0,2,chembl:75,chembl:161
diazepam,alpha1/beta3/gamma2,alpha2/beta3/gamma2,ChEMBL,ChEMBL,Efficacy,%,True,False,Homo sapiens,Homo sapiens,156.0,6.6,4,chembl:75,chembl:167
diazepam,alpha1/beta3/gamma2,alpha2/beta3/gamma2,ChEMBL,ChEMBL,Efficacy,%,True,False,Homo sapiens,Homo sapiens,156.0,33.0,4,chembl:75,chembl:174
diazepam,alpha1/beta3/gamma2,alpha2/beta3/gamma2,ChEMBL,ChEMBL,Efficacy,%,True,False,Homo sapiens,Homo sapiens,156.0,20.0,4,chembl:75,chembl:182
diazepam,alpha1/beta3/gamma2,alpha2/beta3/gamma2,ChEMBL,ChEMBL,Efficacy,%,True,False,Homo sapiens,Homo sapiens,156.0,115.0,2,chembl:75,chembl:185
diazepam,alpha1/beta3/gamma2,alpha2/beta3/gamma2,ChEMBL,ChEMBL,Efficacy,%,True,False,Homo sapiens,Homo sapiens,156.0,508.0,4,chembl:75,chembl:191
diazepam,alpha1/beta3/gamma2,alpha2/beta3/gamma2,ChEMBL,ChEMBL,Efficacy,%,True,False,Homo sapiens,Homo sapiens,156.0,35.0,4,chembl:75,chembl:195
diazepam,alpha1/beta3/gamma2,alpha2/beta3/gamma2,ChEMBL,ChEMBL,Efficacy,%,True,False,Homo sapiens,Homo sapiens,156.0,177.0,4,chembl:75,chembl:200
diazepam,alpha1/beta3/gamma2,alpha2/beta3/gamma2,ChEMBL,ChEMBL,Efficacy,%,True,False,Homo sapiens,Homo sapiens,156.0,22.0,4,chembl:75,chembl:214
diazepam,alpha1/beta3/gamma2,alpha2/beta3/gamma2,ChEMBL,ChEMBL,Efficacy,%,True,False,Homo sapiens,Homo sapiens,156.0,212.67,4,chembl:75,chembl:217
diazepam,alpha1/beta3/gamma2,alpha2/beta2/gamma2,ChEMBL,ChEMBL,Efficacy,%,False,False,Homo sapiens,Homo sapiens,156.0,20.0,4,chembl:75,chembl:230
diazepam,alpha1/beta3/gamma2,alpha2,ChEMBL,ChEMBL,Efficacy,%,False,False,Homo sapiens,Rattus norvegicus,156.0,7.0,4,chembl:75,chembl:231
diazepam,alpha1/beta3/gamma2,alpha2,ChEMBL,ChEMBL,Efficacy,%,False,False,Homo sapiens,Rattus norvegicus,156.0,39.0,4,chembl:75,chembl:232
diazepam,alpha1/beta3/gamma2,alpha2,ChEMBL,ChEMBL,Efficacy,%,False,False,Homo sapiens,Rattus norvegicus,156.0,15.0,4,chembl:75,chembl:233
diazepam,alpha1/beta3/gamma2,alpha2,ChEMBL,ChEMBL,Efficacy,%,False,False,Homo sapiens,Rattus norvegicus,156.0,81.0,4,chembl:75,chembl:234
diazepam,alpha1/beta3/gamma2,alpha2,ChEMBL,ChEMBL,Efficacy,%,False,False,Homo sapiens,Rattus norvegicus,156.0,20.0,4,chembl:75,chembl:236
diazepam,alpha1/beta3/gamma2,alpha2,ChEMBL,ChEMBL,Efficacy,%,False,False,Homo sapiens,Homo sapiens,156.0,17.0,4,chembl:75,chembl:253
diazepam,alpha1/beta2/gamma2,alpha2/beta3/gamma2,ChEMBL,ChEMBL,Activity,,False,False,Homo sapiens,Homo sapiens,1.0,6.6,4,chembl:82,chembl:40
diazepam,alpha1/beta2/gamma2,alpha2/beta3/gamma2,ChEMBL,ChEMBL,Activity,,False,False,Homo sapiens,Homo sapiens,1.0,20.0,4,chembl:82,chembl:64
diazepam,alpha1/beta2/gamma2,alpha2/beta3/gamma2,ChEMBL,ChEMBL,Activity,,False,False,Homo sapiens,Homo sapiens,1.0,20.0,4,chembl:82,chembl:69
diazepam,alpha1/beta2/gamma2,alpha2/beta3/gamma2,ChEMBL,ChEMBL,Activity,,False,False,Homo sapiens,Homo sapiens,1.0,26.2,4,chembl:82,chembl:76
diazepam,alpha1/beta2/gamma2,alpha2/beta3/gamma2,ChEMBL,ChEMBL,Activity,,False,False,Homo sapiens,Homo sapiens,1.0,89.0,4,chembl:82,chembl:77
diazepam,alpha1/beta2/gamma2,alpha2/beta2/gamma2,ChEMBL,ChEMBL,Activity,,True,False,Homo sapiens,Rattus norvegicus,1.0,20.0,4,chembl:82,chembl:98
diazepam,alpha1/beta2/gamma2,alpha2/beta3/gamma2,ChEMBL,ChEMBL,Activity,,False,False,Homo sapiens,Homo sapiens,1.0,6.6,4,chembl:82,chembl:157
diazepam,alpha1/beta2/gamma2,alpha2/beta3/gamma2,ChEMBL,ChEMBL,Activity,,False,False,Homo sapiens,Homo sapiens,1.0,138.0,4,chembl:82,chembl:161
diazepam,alpha1/beta2/gamma2,alpha2/beta3/gamma2,ChEMBL,ChEMBL,Activity,,False,False,Homo sapiens,Homo sapiens,1.0,6.6,4,chembl:82,chembl:167
diazepam,alpha1/beta2/gamma2,alpha2/beta3/gamma2,ChEMBL,ChEMBL,Activity,,False,False,Homo sapiens,Homo sapiens,1.0,33.0,4,chembl:82,chembl:174
diazepam,alpha1/beta2/gamma2,alpha2/beta3/gamma2,ChEMBL,ChEMBL,Activity,,False,False,Homo sapiens,Homo sapiens,1.0,20.0,4,chembl:82,chembl:182
diazepam,alpha1/beta2/gamma2,alpha2/beta3/gamma2,ChEMBL,ChEMBL,Activity,,False,False,Homo sapiens,Homo sapiens,1.0,115.0,4,chembl:82,chembl:185
diazepam,alpha1/beta2/gamma2,alpha2/beta3/gamma2,ChEMBL,ChEMBL,Activity,,False,False,Homo sapiens,Homo sapiens,1.0,508.0,4,chembl:82,chembl:191
diazepam,alpha1/beta2/gamma2,alpha2/beta3/gamma2,ChEMBL,ChEMBL,Activity,,False,False,Homo sapiens,Homo sapiens,1.0,35.0,4,chembl:82,chembl:195
diazepam,alpha1/beta2/gamma2,alpha2/beta3/gamma2,ChEMBL,ChEMBL,Activity,,False,False,Homo sapiens,Homo sapiens,1.0,177.0,4,chembl:82,chembl:200
diazepam,alpha1/beta2/gamma2,alpha2/beta3/gamma2,ChEMBL,ChEMBL,Activity,,False,False,Homo sapiens,Homo sapiens,1.0,22.0,4,chembl:82,chembl:214
diazepam,alpha1/beta2/gamma2,alpha2/beta3/gamma2,ChEMBL,ChEMBL,Activity,,False,False,Homo sapiens,Homo sapiens,1.0,212.67,4,chembl:82,chembl:217
diazepam,alpha1/beta2/gamma2,alpha2/beta2/gamma2,ChEMBL,ChEMBL,Activity,,True,False,Homo sapiens,Homo sapiens,1.0,20.0,4,chembl:82,chembl:230
diazepam,alpha1/beta2/gamma2,alpha2,ChEMBL,ChEMBL,Activity,,False,False,Homo sapiens,Rattus norvegicus,1.0,7.0,4,chembl:82,chembl:231
diazepam,alpha1/beta2/gamma2,alpha2,ChEMBL,ChEMBL,Activity,,False,False,Homo sapiens,Rattus norvegicus,1.0,39.0,4,chembl:82,chembl:232
diazepam,alpha1/beta2/gamma2,alpha2,ChEMBL,ChEMBL,Activity,,False,False,Homo sapiens,Rattus norvegicus,1.0,15.0,4,chembl:82,chembl:233
diazepam,alpha1/beta2/gamma2,alpha2,ChEMBL,ChEMBL,Activity,,False,False,Homo sapiens,Rattus norvegicus,1.0,81.0,4,chembl:82,chembl:234
diazepam,alpha1/beta2/gamma2,alpha2,ChEMBL,ChEMBL,Activity,,False,False,Homo sapiens,Rattus norvegicus,1.0,20.0,4,chembl:82,chembl:236
diazepam,alpha1/beta2/gamma2,alpha2,ChEMBL,ChEMBL,Activity,,False,False,Homo sapiens,Homo sapiens,1.0,17.0,4,chembl:82,chembl:253
diazepam,alpha1/beta2/gamma2,alpha2/beta3/gamma2,ChEMBL,ChEMBL,Ki,nM,False,False,Rattus norvegicus,Homo sapiens,14.0,6.6,4,chembl:97,chembl:40
diazepam,alpha1/beta2/gamma2,alpha2/beta3/gamma2,ChEMBL,ChEMBL,Ki,nM,False,False,Rattus norvegicus,Homo sapiens,14.0,20.0,4,chembl:97,chembl:64
diazepam,alpha1/beta2/gamma2,alpha2/beta3/gamma2,ChEMBL,ChEMBL,Ki,nM,False,False,Rattus norvegicus,Homo sapiens,14.0,20.0,4,chembl:97,chembl:69
diazepam,alpha1/beta2/gamma2,alpha2/beta3/gamma2,ChEMBL,ChEMBL,Ki,nM,False,False,Rattus norvegicus,Homo sapiens,14.0,26.2,4,chembl:97,chembl:76
diazepam,alpha1/beta2/gamma2,alpha2/beta3/gamma2,ChEMBL,ChEMBL,Ki,nM,False,False,Rattus norvegicus,Homo sapiens,14.0,89.0,4,chembl:97,chembl:77
diazepam,alpha1/beta2/gamma2,alpha2/beta2/gamma2,ChEMBL,ChEMBL,Ki,nM,True,True,Rattus norvegicus,Rattus norvegicus,14.0,20.0,4,chembl:97,chembl:98
diazepam,alpha1/beta2/gamma2,alpha2/beta3/gamma2,ChEMBL,ChEMBL,Ki,nM,False,False,Rattus norvegicus,Homo sapiens,14.0,6.6,4,chembl:97,chembl:157
diazepam,alpha1/beta2/gamma2,alpha2/beta3/gamma2,ChEMBL,ChEMBL,Ki,nM,False,False,Rattus norvegicus,Homo sapiens,14.0,138.0,4,chembl:97,chembl:161
diazepam,alpha1/beta2/gamma2,alpha2/beta3/gamma2,ChEMBL,ChEMBL,Ki,nM,False,False,Rattus norvegicus,Homo sapiens,14.0,6.6,4,chembl:97,chembl:167
diazepam,alpha1/beta2/gamma2,alpha2/beta3/gamma2,ChEMBL,ChEMBL,Ki,nM,False,False,Rattus norvegicus,Homo sapiens,14.0,33.0,4,chembl:97,chembl:174
diazepam,alpha1/beta2/gamma2,alpha2/beta3/gamma2,ChEMBL,ChEMBL,Ki,nM,False,False,Rattus norvegicus,Homo sapiens,14.0,20.0,4,chembl:97,chembl:182
diazepam,alpha1/beta2/gamma2,alpha2/beta3/gamma2,ChEMBL,ChEMBL,Ki,nM,False,False,Rattus norvegicus,Homo sapiens,14.0,115.0,4,chembl:97,chembl:185
diazepam,alpha1/beta2/gamma2,alpha2/beta3/gamma2,ChEMBL,ChEMBL,Ki,nM,False,False,Rattus norvegicus,Homo sapiens,14.0,508.0,4,chembl:97,chembl:191
diazepam,alpha1/beta2/gamma2,alpha2/beta3/gamma2,ChEMBL,ChEMBL,Ki,nM,False,False,Rattus norvegicus,Homo sapiens,14.0,35.0,4,chembl:97,chembl:195
diazepam,alpha1/beta2/gamma2,alpha2/beta3/gamma2,ChEMBL,ChEMBL,Ki,nM,False,False,Rattus norvegicus,Homo sapiens,14.0,177.0,4,chembl:97,chembl:200
diazepam,alpha1/beta2/gamma2,alpha2/beta3/gamma2,ChEMBL,ChEMBL,Ki,nM,False,False,Rattus norvegicus,Homo sapiens,14.0,22.0,4,chembl:97,chembl:214
diazepam,alpha1/beta2/gamma2,alpha2/beta3/gamma2,ChEMBL,ChEMBL,Ki,nM,False,False,Rattus norvegicus,Homo sapiens,14.0,212.67,4,chembl:97,chembl:217
diazepam,alpha1/beta2/gamma2,alpha2/beta2/gamma2,ChEMBL,ChEMBL,Ki,nM,True,False,Rattus norvegicus,Homo sapiens,14.0,20.0,4,chembl:97,chembl:230
diazepam,alpha1/beta2/gamma2,alpha2,ChEMBL,ChEMBL,Ki,nM,False,False,Rattus norvegicus,Rattus norvegicus,14.0,7.0,4,chembl:97,chembl:231
diazepam,alpha1/beta2/gamma2,alpha2,ChEMBL,ChEMBL,Ki,nM,False,False,Rattus norvegicus,Rattus norvegicus,14.0,39.0,4,chembl:97,chembl:232
diazepam,alpha1/beta2/gamma2,alpha2,ChEMBL,ChEMBL,Ki,nM,False,False,Rattus norvegicus,Rattus norvegicus,14.0,15.0,4,chembl:97,chembl:233
diazepam,alpha1/beta2/gamma2,alpha2,ChEMBL,ChEMBL,Ki,nM,False,False,Rattus norvegicus,Rattus norvegicus,14.0,81.0,4,chembl:97,chembl:234
diazepam,alpha1/beta2/gamma2,alpha2,ChEMBL,ChEMBL,Ki,nM,False,False,Rattus norvegicus,Rattus norvegicus,14.0,20.0,4,chembl:97,chembl:236
diazepam,alpha1/beta2/gamma2,alpha2,ChEMBL,ChEMBL,Ki,nM,False,False,Rattus norvegicus,Homo sapiens,14.0,17.0,4,chembl:97,chembl:253
diazepam,alpha1/beta2/gamma2,alpha2/beta3/gamma2,ChEMBL,ChEMBL,Ki,nM,False,False,Rattus norvegicus,Homo sapiens,14.0,6.6,4,chembl:102,chembl:40
diazepam,alpha1/beta2/gamma2,alpha2/beta3/gamma2,ChEMBL,ChEMBL,Ki,nM,False,False,Rattus norvegicus,Homo sapiens,14.0,20.0,4,chembl:102,chembl:64
diazepam,alpha1/beta2/gamma2,alpha2/beta3/gamma2,ChEMBL,ChEMBL,Ki,nM,False,False,Rattus norvegicus,Homo sapiens,14.0,20.0,4,chembl:102,chembl:69
diazepam,alpha1/beta2/gamma2,alpha2/beta3/gamma2,ChEMBL,ChEMBL,Ki,nM,False,False,Rattus norvegicus,Homo sapiens,14.0,26.2,4,chembl:102,chembl:76
diazepam,alpha1/beta2/gamma2,alpha2/beta3/gamma2,ChEMBL,ChEMBL,Ki,nM,False,False,Rattus norvegicus,Homo sapiens,14.0,89.0,4,chembl:102,chembl:77
diazepam,alpha1/beta2/gamma2,alpha2/beta2/gamma2,ChEMBL,ChEMBL,Ki,nM,True,False,Rattus norvegicus,Rattus norvegicus,14.0,20.0,4,chembl:102,chembl:98
diazepam,alpha1/beta2/gamma2,alpha2/beta3/gamma2,ChEMBL,ChEMBL,Ki,nM,False,False,Rattus norvegicus,Homo sapiens,14.0,6.6,4,chembl:102,chembl:157
diazepam,alpha1/beta2/gamma2,alpha2/beta3/gamma2,ChEMBL,ChEMBL,Ki,nM,False,False,Rattus norvegicus,Homo sapiens,14.0,138.0,4,chembl:102,chembl:161
diazepam,alpha1/beta2/gamma2,alpha2/beta3/gamma2,ChEMBL,ChEMBL,Ki,nM,False,False,Rattus norvegicus,Homo sapiens,14.0,6.6,4,chembl:102,chembl:167
diazepam,alpha1/beta2/gamma2,alpha2/beta3/gamma2,ChEMBL,ChEMBL,Ki,nM,False,False,Rattus norvegicus,Homo sapiens,14.0,33.0,4,chembl:102,chembl:174
diazepam,alpha1/beta2/gamma2,alpha2/beta3/gamma2,ChEMBL,ChEMBL,Ki,nM,False,False,Rattus norvegicus,Homo sapiens,14.0,20.0,4,chembl:102,chembl:182
diazepam,alpha1/beta2/gamma2,alpha2/beta3/gamma2,ChEMBL,ChEMBL,Ki,nM,False,False,Rattus norvegicus,Homo sapiens,14.0,115.0,4,chembl:102,chembl:185
diazepam,alpha1/beta2/gamma2,alpha2/beta3/gamma2,ChEMBL,ChEMBL,Ki,nM,False,False,Rattus norvegicus,Homo sapiens,14.0,508.0,4,chembl:102,chembl:191
diazepam,alpha1/beta2/gamma2,alpha2/beta3/gamma2,ChEMBL,ChEMBL,Ki,nM,False,False,Rattus norvegicus,Homo sapiens,14.0,35.0,4,chembl:102,chembl:195
diazepam,alpha1/beta2/gamma2,alpha2/beta3/gamma2,ChEMBL,ChEMBL,Ki,nM,False,False,Rattus norvegicus,Homo sapiens,14.0,177.0,4,chembl:102,chembl:200
diazepam,alpha1/beta2/gamma2,alpha2/beta3/gamma2,ChEMBL,ChEMBL,Ki,nM,False,False,Rattus norvegicus,Homo sapiens,14.0,22.0,4,chembl:102,chembl:214
diazepam,alpha1/beta2/gamma2,alpha2/beta3/gamma2,ChEMBL,ChEMBL,Ki,nM,False,False,Rattus norvegicus,Homo sapiens,14.0,212.67,4,chembl:102,chembl:217
diazepam,alpha1/beta2/gamma2,alpha2/beta2/gamma2,ChEMBL,ChEMBL,Ki,nM,True,False,Rattus norvegicus,Homo sapiens,14.0,20.0,4,chembl:102,chembl:230
diazepam,alpha1/beta2/gamma2,alpha2,ChEMBL,ChEMBL,Ki,nM,False,False,Rattus norvegicus,Rattus norvegicus,14.0,7.0,4,chembl:102,chembl:231
diazepam,alpha1/beta2/gamma2,alpha2,ChEMBL,ChEMBL,Ki,nM,False,False,Rattus norvegicus,Rattus norvegicus,14.0,39.0,4,chembl:102,chembl:232
diazepam,alpha1/beta2/gamma2,alpha2,ChEMBL,ChEMBL,Ki,nM,False,False,Rattus norvegicus,Rattus norvegicus,14.0,15.0,4,chembl:102,chembl:233
diazepam,alpha1/beta2/gamma2,alpha2,ChEMBL,ChEMBL,Ki,nM,False,False,Rattus norvegicus,Rattus norvegicus,14.0,81.0,4,chembl:102,chembl:234
diazepam,alpha1/beta2/gamma2,alpha2,ChEMBL,ChEMBL,Ki,nM,False,False,Rattus norvegicus,Rattus norvegicus,14.0,20.0,4,chembl:102,chembl:236
diazepam,alpha1/beta2/gamma2,alpha2,ChEMBL,ChEMBL,Ki,nM,False,False,Rattus norvegicus,Homo sapiens,14.0,17.0,4,chembl:102,chembl:253
diazepam,alpha1/beta2/gamma2,alpha2/beta3/gamma2,ChEMBL,ChEMBL,Change in Cl- current,,False,False,Homo sapiens,Homo sapiens,1.0,6.6,4,chembl:143,chembl:40
diazepam,alpha1/beta2/gamma2,alpha2/beta3/gamma2,ChEMBL,ChEMBL,Change in Cl- current,,False,False,Homo sapiens,Homo sapiens,1.0,20.0,4,chembl:143,chembl:64
diazepam,alpha1/beta2/gamma2,alpha2/beta3/gamma2,ChEMBL,ChEMBL,Change in Cl- current,,False,False,Homo sapiens,Homo sapiens,1.0,20.0,4,chembl:143,chembl:69
diazepam,alpha1/beta2/gamma2,alpha2/beta3/gamma2,ChEMBL,ChEMBL,Change in Cl- current,,False,False,Homo sapiens,Homo sapiens,1.0,26.2,4,chembl:143,chembl:76
diazepam,alpha1/beta2/gamma2,alpha2/beta3/gamma2,ChEMBL,ChEMBL,Change in Cl- current,,False,False,Homo sapiens,Homo sapiens,1.0,89.0,4,chembl:143,chembl:77
diazepam,alpha1/beta2/gamma2,alpha2/beta2/gamma2,ChEMBL,ChEMBL,Change in Cl- current,,True,False,Homo sapiens,Rattus norvegicus,1.0,20.0,4,chembl:143,chembl:98
diazepam,alpha1/beta2/gamma2,alpha2/beta3/gamma2,ChEMBL,ChEMBL,Change in Cl- current,,False,False,Homo sapiens,Homo sapiens,1.0,6.6,4,chembl:143,chembl:157
diazepam,alpha1/beta2/gamma2,alpha2/beta3/gamma2,ChEMBL,ChEMBL,Change in Cl- current,,False,False,Homo sapiens,Homo sapiens,1.0,138.0,4,chembl:143,chembl:161
diazepam,alpha1/beta2/gamma2,alpha2/beta3/gamma2,ChEMBL,ChEMBL,Change in Cl- current,,False,False,Homo sapiens,Homo sapiens,1.0,6.6,4,chembl:143,chembl:167
diazepam,alpha1/beta2/gamma2,alpha2/beta3/gamma2,ChEMBL,ChEMBL,Change in Cl- current,,False,False,Homo sapiens,Homo sapiens,1.0,33.0,4,chembl:143,chembl:174
diazepam,alpha1/beta2/gamma2,alpha2/beta3/gamma2,ChEMBL,ChEMBL,Change in Cl- current,,False,False,Homo sapiens,Homo sapiens,1.0,20.0,4,chembl:143,chembl:182
diazepam,alpha1/beta2/gamma2,alpha2/beta3/gamma2,ChEMBL,ChEMBL,Change in Cl- current,,False,False,Homo sapiens,Homo sapiens,1.0,115.0,4,chembl:143,chembl:185
diazepam,alpha1/beta2/gamma2,alpha2/beta3/gamma2,ChEMBL,ChEMBL,Change in Cl- current,,False,False,Homo sapiens,Homo sapiens,1.0,508.0,4,chembl:143,chembl:191
diazepam,alpha1/beta2/gamma2,alpha2/beta3/gamma2,ChEMBL,ChEMBL,Change in Cl- current,,False,False,Homo sapiens,Homo sapiens,1.0,35.0,4,chembl:143,chembl:195
diazepam,alpha1/beta2/gamma2,alpha2/beta3/gamma2,ChEMBL,ChEMBL,Change in Cl- current,,False,False,Homo sapiens,Homo sapiens,1.0,177.0,4,chembl:143,chembl:200
diazepam,alpha1/beta2/gamma2,alpha2/beta3/gamma2,ChEMBL,ChEMBL,Change in Cl- current,,False,False,Homo sapiens,Homo sapiens,1.0,22.0,4,chembl:143,chembl:214
diazepam,alpha1/beta2/gamma2,alpha2/beta3/gamma2,ChEMBL,ChEMBL,Change in Cl- current,,False,False,Homo sapiens,Homo sapiens,1.0,212.67,4,chembl:143,chembl:217
diazepam,alpha1/beta2/gamma2,alpha2/beta2/gamma2,ChEMBL,ChEMBL,Change in Cl- current,,True,False,Homo sapiens,Homo sapiens,1.0,20.0,4,chembl:143,chembl:230
diazepam,alpha1/beta2/gamma2,alpha2,ChEMBL,ChEMBL,Change in Cl- current,,False,False,Homo sapiens,Rattus norvegicus,1.0,7.0,4,chembl:143,chembl:231
diazepam,alpha1/beta2/gamma2,alpha2,ChEMBL,ChEMBL,Change in Cl- current,,False,False,Homo sapiens,Rattus norvegicus,1.0,39.0,4,chembl:143,chembl:232
diazepam,alpha1/beta2/gamma2,alpha2,ChEMBL,ChEMBL,Change in Cl- current,,False,False,Homo sapiens,Rattus norvegicus,1.0,15.0,4,chembl:143,chembl:233
diazepam,alpha1/beta2/gamma2,alpha2,ChEMBL,ChEMBL,Change in Cl- current,,False,False,Homo sapiens,Rattus norvegicus,1.0,81.0,4,chembl:143,chembl:234
diazepam,alpha1/beta2/gamma2,alpha2,ChEMBL,ChEMBL,Change in Cl- current,,False,False,Homo sapiens,Rattus norvegicus,1.0,20.0,4,chembl:143,chembl:236
diazepam,alpha1/beta2/gamma2,alpha2,ChEMBL,ChEMBL,Change in Cl- current,,False,False,Homo sapiens,Homo sapiens,1.0,17.0,4,chembl:143,chembl:253
diazepam,alpha1/beta2/gamma2,alpha2/beta3/gamma2,ChEMBL,ChEMBL,Cl - current change,,False,False,Rattus norvegicus,Homo sapiens,1.0,6.6,4,chembl:148,chembl:40
diazepam,alpha1/beta2/gamma2,alpha2/beta3/gamma2,ChEMBL,ChEMBL,Cl - current change,,False,False,Rattus norvegicus,Homo sapiens,1.0,20.0,4,chembl:148,chembl:64
diazepam,alpha1/beta2/gamma2,alpha2/beta3/gamma2,ChEMBL,ChEMBL,Cl - current change,,False,False,Rattus norvegicus,Homo sapiens,1.0,20.0,4,chembl:148,chembl:69
diazepam,alpha1/beta2/gamma2,alpha2/beta3/gamma2,ChEMBL,ChEMBL,Cl - current change,,False,False,Rattus norvegicus,Homo sapiens,1.0,26.2,4,chembl:148,chembl:76
diazepam,alpha1/beta2/gamma2,alpha2/beta3/gamma2,ChEMBL,ChEMBL,Cl - current change,,False,False,Rattus norvegicus,Homo sapiens,1.0,89.0,4,chembl:148,chembl:77
diazepam,alpha1/beta2/gamma2,alpha2/beta2/gamma2,ChEMBL,ChEMBL,Cl - current change,,True,False,Rattus norvegicus,Rattus norvegicus,1.0,20.0,4,chembl:148,chembl:98
diazepam,alpha1/beta2/gamma2,alpha2/beta3/gamma2,ChEMBL,ChEMBL,Cl - current change,,False,False,Rattus norvegicus,Homo sapiens,1.0,6.6,4,chembl:148,chembl:157
diazepam,alpha1/beta2/gamma2,alpha2/beta3/gamma2,ChEMBL,ChEMBL,Cl - current change,,False,False,Rattus norvegicus,Homo sapiens,1.0,138.0,4,chembl:148,chembl:161
diazepam,alpha1/beta2/gamma2,alpha2/beta3/gamma2,ChEMBL,ChEMBL,Cl - current change,,False,False,Rattus norvegicus,Homo sapiens,1.0,6.6,4,chembl:148,chembl:167
diazepam,alpha1/beta2/gamma2,alpha2/beta3/gamma2,ChEMBL,ChEMBL,Cl - current change,,False,False,Rattus norvegicus,Homo sapiens,1.0,33.0,4,chembl:148,chembl:174
diazepam,alpha1/beta2/gamma2,alpha2/beta3/gamma2,ChEMBL,ChEMBL,Cl - current change,,False,False,Rattus norvegicus,Homo sapiens,1.0,20.0,4,chembl:148,chembl:182
diazepam,alpha1/beta2/gamma2,alpha2/beta3/gamma2,ChEMBL,ChEMBL,Cl - current change,,False,False,Rattus norvegicus,Homo sapiens,1.0,115.0,4,chembl:148,chembl:185
diazepam,alpha1/beta2/gamma2,alpha2/beta3/gamma2,ChEMBL,ChEMBL,Cl - current change,,False,False,Rattus norvegicus,Homo sapiens,1.0,508.0,4,chembl:148,chembl:191
diazepam,alpha1/beta2/gamma2,alpha2/beta3/gamma2,ChEMBL,ChEMBL,Cl - current change,,False,False,Rattus norvegicus,Homo sapiens,1.0,35.0,4,chembl:148,chembl:195
diazepam,alpha1/beta2/gamma2,alpha2/beta3/gamma2,ChEMBL,ChEMBL,Cl - current change,,False,False,Rattus norvegicus,Homo sapiens,1.0,177.0,4,chembl:148,chembl:200
diazepam,alpha1/beta2/gamma2,alpha2/beta3/gamma2,ChEMBL,ChEMBL,Cl - current change,,False,False,Rattus norvegicus,Homo sapiens,1.0,22.0,4,chembl:148,chembl:214
diazepam,alpha1/beta2/gamma2,alpha2/beta3/gamma2,ChEMBL,ChEMBL,Cl - current change,,False,False,Rattus norvegicus,Homo sapiens,1.0,212.67,4,chembl:148,chembl:217
diazepam,alpha1/beta2/gamma2,alpha2/beta2/gamma2,ChEMBL,ChEMBL,Cl - current change,,True,False,Rattus norvegicus,Homo sapiens,1.0,20.0,4,chembl:148,chembl:230
diazepam,alpha1/beta2/gamma2,alpha2,ChEMBL,ChEMBL,Cl - current change,,False,False,Rattus norvegicus,Rattus norvegicus,1.0,7.0,4,chembl:148,chembl:231
diazepam,alpha1/beta2/gamma2,alpha2,ChEMBL,ChEMBL,Cl - current change,,False,False,Rattus norvegicus,Rattus norvegicus,1.0,39.0,4,chembl:148,chembl:232
diazepam,alpha1/beta2/gamma2,alpha2,ChEMBL,ChEMBL,Cl - current change,,False,False,Rattus norvegicus,Rattus norvegicus,1.0,15.0,4,chembl:148,chembl:233
diazepam,alpha1/beta2/gamma2,alpha2,ChEMBL,ChEMBL,Cl - current change,,False,False,Rattus norvegicus,Rattus norvegicus,1.0,81.0,4,chembl:148,chembl:234
diazepam,alpha1/beta2/gamma2,alpha2,ChEMBL,ChEMBL,Cl - current change,,False,False,Rattus norvegicus,Rattus norvegicus,1.0,20.0,4,chembl:148,chembl:236
diazepam,alpha1/beta2/gamma2,alpha2,ChEMBL,ChEMBL,Cl - current change,,False,False,Rattus norvegicus,Homo sapiens,1.0,17.0,4,chembl:148,chembl:253
diazepam,alpha1/beta3/gamma2,alpha2/beta3/gamma2,ChEMBL,ChEMBL,Ki,nM,True,False,Homo sapiens,Homo sapiens,13.0,6.6,2,chembl:156,chembl:40
diazepam,alpha1/beta3/gamma2,alpha2/beta3/gamma2,ChEMBL,ChEMBL,Ki,nM,True,False,Homo sapiens,Homo sapiens,13.0,20.0,2,chembl:156,chembl:64
diazepam,alpha1/beta3/gamma2,alpha2/beta3/gamma2,ChEMBL,ChEMBL,Ki,nM,True,False,Homo sapiens,Homo sapiens,13.0,20.0,2,chembl:156,chembl:69
diazepam,alpha1/beta3/gamma2,alpha2/beta3/gamma2,ChEMBL,ChEMBL,Ki,nM,True,False,Homo sapiens,Homo sapiens,13.0,26.2,2,chembl:156,chembl:76
diazepam,alpha1/beta3/gamma2,alpha2/beta3/gamma2,ChEMBL,ChEMBL,Ki,nM,True,False,Homo sapiens,Homo sapiens,13.0,89.0,4,chembl:156,chembl:77
diazepam,alpha1/beta3/gamma2,alpha2/beta2/gamma2,ChEMBL,ChEMBL,Ki,nM,False,False,Homo sapiens,Rattus norvegicus,13.0,20.0,4,chembl:156,chembl:98
diazepam,alpha1/beta3/gamma2,alpha2/beta3/gamma2,ChEMBL,ChEMBL,Ki,nM,True,True,Homo sapiens,Homo sapiens,13.0,6.6,1,chembl:156,chembl:157
diazepam,alpha1/beta3/gamma2,alpha2/beta3/gamma2,ChEMBL,ChEMBL,Ki,nM,True,True,Homo sapiens,Homo sapiens,13.0,138.0,4,chembl:156,chembl:161
diazepam,alpha1/beta3/gamma2,alpha2/beta3/gamma2,ChEMBL,ChEMBL,Ki,nM,True,False,Homo sapiens,Homo sapiens,13.0,6.6,2,chembl:156,chembl:167
diazepam,alpha1/beta3/gamma2,alpha2/beta3/gamma2,ChEMBL,ChEMBL,Ki,nM,True,False,Homo sapiens,Homo sapiens,13.0,33.0,2,chembl:156,chembl:174
diazepam,alpha1/beta3/gamma2,alpha2/beta3/gamma2,ChEMBL,ChEMBL,Ki,nM,True,False,Homo sapiens,Homo sapiens,13.0,20.0,2,chembl:156,chembl:182
diazepam,alpha1/beta3/gamma2,alpha2/beta3/gamma2,ChEMBL,ChEMBL,Ki,nM,True,False,Homo sapiens,Homo sapiens,13.0,115.0,4,chembl:156,chembl:185
diazepam,alpha1/beta3/gamma2,alpha2/beta3/gamma2,ChEMBL,ChEMBL,Ki,nM,True,False,Homo sapiens,Homo sapiens,13.0,508.0,4,chembl:156,chembl:191
diazepam,alpha1/beta3/gamma2,alpha2/beta3/gamma2,ChEMBL,ChEMBL,Ki,nM,True,False,Homo sapiens,Homo sapiens,13.0,35.0,4,chembl:156,chembl:195
diazepam,alpha1/beta3/gamma2,alpha2/beta3/gamma2,ChEMBL,ChEMBL,Ki,nM,True,False,Homo sapiens,Homo sapiens,13.0,177.0,4,chembl:156,chembl:200
diazepam,alpha1/beta3/gamma2,alpha2/beta3/gamma2,ChEMBL,ChEMBL,Ki,nM,True,False,Homo sapiens,Homo sapiens,13.0,22.0,2,chembl:156,chembl:214
diazepam,alpha1/beta3/gamma2,alpha2/beta3/gamma2,ChEMBL,ChEMBL,Ki,nM,True,False,Homo sapiens,Homo sapiens,13.0,212.67,4,chembl:156,chembl:217
diazepam,alpha1/beta3/gamma2,alpha2/beta2/gamma2,ChEMBL,ChEMBL,Ki,nM,False,False,Homo sapiens,Homo sapiens,13.0,20.0,3,chembl:156,chembl:230
diazepam,alpha1/beta3/gamma2,alpha2,ChEMBL,ChEMBL,Ki,nM,False,False,Homo sapiens,Rattus norvegicus,13.0,7.0,4,chembl:156,chembl:231
diazepam,alpha1/beta3/gamma2,alpha2,ChEMBL,ChEMBL,Ki,nM,False,False,Homo sapiens,Rattus norvegicus,13.0,39.0,4,chembl:156,chembl:232
diazepam,alpha1/beta3/gamma2,alpha2,ChEMBL,ChEMBL,Ki,nM,False,False,Homo sapiens,Rattus norvegicus,13.0,15.0,4,chembl:156,chembl:233
diazepam,alpha1/beta3/gamma2,alpha2,ChEMBL,ChEMBL,Ki,nM,False,False,Homo sapiens,Rattus norvegicus,13.0,81.0,4,chembl:156,chembl:234
diazepam,alpha1/beta3/gamma2,alpha2,ChEMBL,ChEMBL,Ki,nM,False,False,Homo sapiens,Rattus norvegicus,13.0,20.0,4,chembl:156,chembl:236
diazepam,alpha1/beta3/gamma2,alpha2,ChEMBL,ChEMBL,Ki,nM,False,False,Homo sapiens,Homo sapiens,13.0,17.0,3,chembl:156,chembl:253
diazepam,alpha1/beta3/gamma2,alpha2/beta3/gamma2,ChEMBL,ChEMBL,Efficacy,%,True,False,Homo sapiens,Homo sapiens,103.0,6.6,4,chembl:160,chembl:40
diazepam,alpha1/beta3/gamma2,alpha2/beta3/gamma2,ChEMBL,ChEMBL,Efficacy,%,True,False,Homo sapiens,Homo sapiens,103.0,20.0,4,chembl:160,chembl:64
diazepam,alpha1/beta3/gamma2,alpha2/beta3/gamma2,ChEMBL,ChEMBL,Efficacy,%,True,False,Homo sapiens,Homo sapiens,103.0,20.0,4,chembl:160,chembl:69
diazepam,alpha1/beta3/gamma2,alpha2/beta3/gamma2,ChEMBL,ChEMBL,Efficacy,%,True,False,Homo sapiens,Homo sapiens,103.0,26.2,4,chembl:160,chembl:76
diazepam,alpha1/beta3/gamma2,alpha2/beta3/gamma2,ChEMBL,ChEMBL,Efficacy,%,True,False,Homo sapiens,Homo sapiens,103.0,89.0,2,chembl:160,chembl:77
diazepam,alpha1/beta3/gamma2,alpha2/beta2/gamma2,ChEMBL,ChEMBL,Efficacy,%,False,False,Homo sapiens,Rattus norvegicus,103.0,20.0,4,chembl:160,chembl:98
diazepam,alpha1/beta3/gamma2,alpha2/beta3/gamma2,ChEMBL,ChEMBL,Efficacy,%,True,True,Homo sapiens,Homo sapiens,103.0,6.6,4,chembl:160,chembl:157
diazepam,alpha1/beta3/gamma2,alpha2/beta3/gamma2,ChEMBL,ChEMBL,Efficacy,%,True,True,Homo sapiens,Homo sapiens,103.0,138.0,1,chembl:160,chembl:161
diazepam,alpha1/beta3/gamma2,alpha2/beta3/gamma2,ChEMBL,ChEMBL,Efficacy,%,True,False,Homo sapiens,Homo sapiens,103.0,6.6,4,chembl:160,chembl:167
diazepam,alpha1/beta3/gamma2,alpha2/beta3/gamma2,ChEMBL,ChEMBL,Efficacy,%,True,False,Homo sapiens,Homo sapiens,103.0,33.0,4,chembl:160,chembl:174
diazepam,alpha1/beta3/gamma2,alpha2/beta3/gamma2,ChEMBL,ChEMBL,Efficacy,%,True,False,Homo sapiens,Homo sapiens,103.0,20.0,4,chembl:160,chembl:182
diazepam,alpha1/beta3/gamma2,alpha2/beta3/gamma2,ChEMBL,ChEMBL,Efficacy,%,True,False,Homo sapiens,Homo sapiens,103.0,115.0,2,chembl:160,chembl:185
diazepam,alpha1/beta3/gamma2,alpha2/beta3/gamma2,ChEMBL,ChEMBL,Efficacy,%,True,False,Homo sapiens,Homo sapiens,103.0,508.0,4,chembl:160,chembl:191
diazepam,alpha1/beta3/gamma2,alpha2/beta3/gamma2,ChEMBL,ChEMBL,Efficacy,%,True,False,Homo sapiens,Homo sapiens,103.0,35.0,4,chembl:160,chembl:195
diazepam,alpha1/beta3/gamma2,alpha2/beta3/gamma2,ChEMBL,ChEMBL,Efficacy,%,True,False,Homo sapiens,Homo sapiens,103.0,177.0,4,chembl:160,chembl:200
diazepam,alpha1/beta3/gamma2,alpha2/beta3/gamma2,ChEMBL,ChEMBL,Efficacy,%,True,False,Homo sapiens,Homo sapiens,103.0,22.0,4,chembl:160,chembl:214
diazepam,alpha1/beta3/gamma2,alpha2/beta3/gamma2,ChEMBL,ChEMBL,Efficacy,%,True,False,Homo sapiens,Homo sapiens,103.0,212.67,4,chembl:160,chembl:217
diazepam,alpha1/beta3/gamma2,alpha2/beta2/gamma2,ChEMBL,ChEMBL,Efficacy,%,False,False,Homo sapiens,Homo sapiens,103.0,20.0,4,chembl:160,chembl:230
diazepam,alpha1/beta3/gamma2,alpha2,ChEMBL,ChEMBL,Efficacy,%,False,False,Homo sapiens,Rattus norvegicus,103.0,7.0,4,chembl:160,chembl:231
diazepam,alpha1/beta3/gamma2,alpha2,ChEMBL,ChEMBL,Efficacy,%,False,False,Homo sapiens,Rattus norvegicus,103.0,39.0,4,chembl:160,chembl:232
diazepam,alpha1/beta3/gamma2,alpha2,ChEMBL,ChEMBL,Efficacy,%,False,False,Homo sapiens,Rattus norvegicus,103.0,15.0,4,chembl:160,chembl:233
diazepam,alpha1/beta3/gamma2,alpha2,ChEMBL,ChEMBL,Efficacy,%,False,False,Homo sapiens,Rattus norvegicus,103.0,81.0,4,chembl:160,chembl:234
diazepam,alpha1/beta3/gamma2,alpha2,ChEMBL,ChEMBL,Efficacy,%,False,False,Homo sapiens,Rattus norvegicus,103.0,20.0,4,chembl:160,chembl:236
diazepam,alpha1/beta3/gamma2,alpha2,ChEMBL,ChEMBL,Efficacy,%,False,False,Homo sapiens,Homo sapiens,103.0,17.0,4,chembl:160,chembl:253
diazepam,alpha1/beta3/gamma2,alpha2/beta3/gamma2,ChEMBL,ChEMBL,Ki,nM,True,False,Homo sapiens,Homo sapiens,13.0,6.6,2,chembl:166,chembl:40
diazepam,alpha1/beta3/gamma2,alpha2/beta3/gamma2,ChEMBL,ChEMBL,Ki,nM,True,False,Homo sapiens,Homo sapiens,13.0,20.0,2,chembl:166,chembl:64
diazepam,alpha1/beta3/gamma2,alpha2/beta3/gamma2,ChEMBL,ChEMBL,Ki,nM,True,False,Homo sapiens,Homo sapiens,13.0,20.0,2,chembl:166,chembl:69
diazepam,alpha1/beta3/gamma2,alpha2/beta3/gamma2,ChEMBL,ChEMBL,Ki,nM,True,False,Homo sapiens,Homo sapiens,13.0,26.2,2,chembl:166,chembl:76
diazepam,alpha1/beta3/gamma2,alpha2/beta3/gamma2,ChEMBL,ChEMBL,Ki,nM,True,False,Homo sapiens,Homo sapiens,13.0,89.0,4,chembl:166,chembl:77
diazepam,alpha1/beta3/gamma2,alpha2/beta2/gamma2,ChEMBL,ChEMBL,Ki,nM,False,False,Homo sapiens,Rattus norvegicus,13.0,20.0,4,chembl:166,chembl:98
diazepam,alpha1/beta3/gamma2,alpha2/beta3/gamma2,ChEMBL,ChEMBL,Ki,nM,True,False,Homo sapiens,Homo sapiens,13.0,6.6,2,chembl:166,chembl:157
diazepam,alpha1/beta3/gamma2,alpha2/beta3/gamma2,ChEMBL,ChEMBL,Ki,nM,True,False,Homo sapiens,Homo sapiens,13.0,138.0,4,chembl:166,chembl:161
diazepam,alpha1/beta3/gamma2,alpha2/beta3/gamma2,ChEMBL,ChEMBL,Ki,nM,True,True,Homo sapiens,Homo sapiens,13.0,6.6,1,chembl:166,chembl:167
diazepam,alpha1/beta3/gamma2,alpha2/beta3/gamma2,ChEMBL,ChEMBL,Ki,nM,True,False,Homo sapiens,Homo sapiens,13.0,33.0,2,chembl:166,chembl:174
diazepam,alpha1/beta3/gamma2,alpha2/beta3/gamma2,ChEMBL,ChEMBL,Ki,nM,True,False,Homo sapiens,Homo sapiens,13.0,20.0,2,chembl:166,chembl:182
diazepam,alpha1/beta3/gamma2,alpha2/beta3/gamma2,ChEMBL,ChEMBL,Ki,nM,True,False,Homo sapiens,Homo sapiens,13.0,115.0,4,chembl:166,chembl:185
diazepam,alpha1/beta3/gamma2,alpha2/beta3/gamma2,ChEMBL,ChEMBL,Ki,nM,True,False,Homo sapiens,Homo sapiens,13.0,508.0,4,chembl:166,chembl:191
diazepam,alpha1/beta3/gamma2,alpha2/beta3/gamma2,ChEMBL,ChEMBL,Ki,nM,True,False,Homo sapiens,Homo sapiens,13.0,35.0,4,chembl:166,chembl:195
diazepam,alpha1/beta3/gamma2,alpha2/beta3/gamma2,ChEMBL,ChEMBL,Ki,nM,True,False,Homo sapiens,Homo sapiens,13.0,177.0,4,chembl:166,chembl:200
diazepam,alpha1/beta3/gamma2,alpha2/beta3/gamma2,ChEMBL,ChEMBL,Ki,nM,True,False,Homo sapiens,Homo sapiens,13.0,22.0,2,chembl:166,chembl:214
diazepam,alpha1/beta3/gamma2,alpha2/beta3/gamma2,ChEMBL,ChEMBL,Ki,nM,True,False,Homo sapiens,Homo sapiens,13.0,212.67,4,chembl:166,chembl:217
diazepam,alpha1/beta3/gamma2,alpha2/beta2/gamma2,ChEMBL,ChEMBL,Ki,nM,False,False,Homo sapiens,Homo sapiens,13.0,20.0,3,chembl:166,chembl:230
diazepam,alpha1/beta3/gamma2,alpha2,ChEMBL,ChEMBL,Ki,nM,False,False,Homo sapiens,Rattus norvegicus,13.0,7.0,4,chembl:166,chembl:231
diazepam,alpha1/beta3/gamma2,alpha2,ChEMBL,ChEMBL,Ki,nM,False,False,Homo sapiens,Rattus norvegicus,13.0,39.0,4,chembl:166,chembl:232
diazepam,alpha1/beta3/gamma2,alpha2,ChEMBL,ChEMBL,Ki,nM,False,False,Homo sapiens,Rattus norvegicus,13.0,15.0,4,chembl:166,chembl:233
diazepam,alpha1/beta3/gamma2,alpha2,ChEMBL,ChEMBL,Ki,nM,False,False,Homo sapiens,Rattus norvegicus,13.0,81.0,4,chembl:166,chembl:234
diazepam,alpha1/beta3/gamma2,alpha2,ChEMBL,ChEMBL,Ki,nM,False,False,Homo sapiens,Rattus norvegicus,13.0,20.0,4,chembl:166,chembl:236
diazepam,alpha1/beta3/gamma2,alpha2,ChEMBL,ChEMBL,Ki,nM,False,False,Homo sapiens,Homo sapiens,13.0,17.0,3,chembl:166,chembl:253
diazepam,alpha1/beta3/gamma2,alpha2/beta3/gamma2,ChEMBL,ChEMBL,Efficacy,%,True,False,Homo sapiens,Homo sapiens,103.0,6.6,4,chembl:170,chembl:40
diazepam,alpha1/beta3/gamma2,alpha2/beta3/gamma2,ChEMBL,ChEMBL,Efficacy,%,True,False,Homo sapiens,Homo sapiens,103.0,20.0,4,chembl:170,chembl:64
diazepam,alpha1/beta3/gamma2,alpha2/beta3/gamma2,ChEMBL,ChEMBL,Efficacy,%,True,False,Homo sapiens,Homo sapiens,103.0,20.0,4,chembl:170,chembl:69
diazepam,alpha1/beta3/gamma2,alpha2/beta3/gamma2,ChEMBL,ChEMBL,Efficacy,%,True,False,Homo sapiens,Homo sapiens,103.0,26.2,4,chembl:170,chembl:76
diazepam,alpha1/beta3/gamma2,alpha2/beta3/gamma2,ChEMBL,ChEMBL,Efficacy,%,True,False,Homo sapiens,Homo sapiens,103.0,89.0,2,chembl:170,chembl:77
diazepam,alpha1/beta3/gamma2,alpha2/beta2/gamma2,ChEMBL,ChEMBL,Efficacy,%,False,False,Homo sapiens,Rattus norvegicus,103.0,20.0,4,chembl:170,chembl:98
diazepam,alpha1/beta3/gamma2,alpha2/beta3/gamma2,ChEMBL,ChEMBL,Efficacy,%,True,False,Homo sapiens,Homo sapiens,103.0,6.6,4,chembl:170,chembl:157
diazepam,alpha1/beta3/gamma2,alpha2/beta3/gamma2,ChEMBL,ChEMBL,Efficacy,%,True,False,Homo sapiens,Homo sapiens,103.0,138.0,2,chembl:170,chembl:161
diazepam,alpha1/beta3/gamma2,alpha2/beta3/gamma2,ChEMBL,ChEMBL,Efficacy,%,True,True,Homo sapiens,Homo sapiens,103.0,6.6,4,chembl:170,chembl:167
diazepam,alpha1/beta3/gamma2,alpha2/beta3/gamma2,ChEMBL,ChEMBL,Efficacy,%,True,False,Homo sapiens,Homo sapiens,103.0,33.0,4,chembl:170,chembl:174
diazepam,alpha1/beta3/gamma2,alpha2/beta3/gamma2,ChEMBL,ChEMBL,Efficacy,%,True,False,Homo sapiens,Homo sapiens,103.0,20.0,4,chembl:170,chembl:182
diazepam,alpha1/beta3/gamma2,alpha2/beta3/gamma2,ChEMBL,ChEMBL,Efficacy,%,True,False,Homo sapiens,Homo sapiens,103.0,115.0,2,chembl:170,chembl:185
diazepam,alpha1/beta3/gamma2,alpha2/beta3/gamma2,ChEMBL,ChEMBL,Efficacy,%,True,False,Homo sapiens,Homo sapiens,103.0,508.0,4,chembl:170,chembl:191
diazepam,alpha1/beta3/gamma2,alpha2/beta3/gamma2,ChEMBL,ChEMBL,Efficacy,%,True,False,Homo sapiens,Homo sapiens,103.0,35.0,4,chembl:170,chembl:195
diazepam,alpha1/beta3/gamma2,alpha2/beta3/gamma2,ChEMBL,ChEMBL,Efficacy,%,True,False,Homo sapiens,Homo sapiens,103.0,177.0,4,chembl:170,chembl:200
diazepam,alpha1/beta3/gamma2,alpha2/beta3/gamma2,ChEMBL,ChEMBL,Efficacy,%,True,False,Homo sapiens,Homo sapiens,103.0,22.0,4,chembl:170,chembl:214
diazepam,alpha1/beta3/gamma2,alpha2/beta3/gamma2,ChEMBL,ChEMBL,Efficacy,%,True,False,Homo sapiens,Homo sapiens,103.0,212.67,4,chembl:170,chembl:217
diazepam,alpha1/beta3/gamma2,alpha2/beta2/gamma2,ChEMBL,ChEMBL,Efficacy,%,False,False,Homo sapiens,Homo sapiens,103.0,20.0,4,chembl:170,chembl:230
diazepam,alpha1/beta3/gamma2,alpha2,ChEMBL,ChEMBL,Efficacy,%,False,False,Homo sapiens,Rattus norvegicus,103.0,7.0,4,chembl:170,chembl:231
diazepam,alpha1/beta3/gamma2,alpha2,ChEMBL,ChEMBL,Efficacy,%,False,False,Homo sapiens,Rattus norvegicus,103.0,39.0,4,chembl:170,chembl:232
diazepam,alpha1/beta3/gamma2,alpha2,ChEMBL,ChEMBL,Efficacy,%,False,False,Homo sapiens,Rattus norvegicus,103.0,15.0,4,chembl:170,chembl:233
diazepam,alpha1/beta3/gamma2,alpha2,ChEMBL,ChEMBL,Efficacy,%,False,False,Homo sapiens,Rattus norvegicus,103.0,81.0,4,chembl:170,chembl:234
diazepam,alpha1/beta3/gamma2,alpha2,ChEMBL,ChEMBL,Efficacy,%,False,False,Homo sapiens,Rattus norvegicus,103.0,20.0,4,chembl:170,chembl:236
diazepam,alpha1/beta3/gamma2,alpha2,ChEMBL,ChEMBL,Efficacy,%,False,False,Homo sapiens,Homo sapiens,103.0,17.0,4,chembl:170,chembl:253
diazepam,alpha1/beta3/gamma2,alpha2/beta3/gamma2,ChEMBL,ChEMBL,Ki,nM,True,False,Homo sapiens,Homo sapiens,13.0,6.6,2,chembl:173,chembl:40
diazepam,alpha1/beta3/gamma2,alpha2/beta3/gamma2,ChEMBL,ChEMBL,Ki,nM,True,False,Homo sapiens,Homo sapiens,13.0,20.0,2,chembl:173,chembl:64
diazepam,alpha1/beta3/gamma2,alpha2/beta3/gamma2,ChEMBL,ChEMBL,Ki,nM,True,False,Homo sapiens,Homo sapiens,13.0,20.0,2,chembl:173,chembl:69
diazepam,alpha1/beta3/gamma2,alpha2/beta3/gamma2,ChEMBL,ChEMBL,Ki,nM,True,False,Homo sapiens,Homo sapiens,13.0,26.2,2,chembl:173,chembl:76
diazepam,alpha1/beta3/gamma2,alpha2/beta3/gamma2,ChEMBL,ChEMBL,Ki,nM,True,False,Homo sapiens,Homo sapiens,13.0,89.0,4,chembl:173,chembl:77
diazepam,alpha1/beta3/gamma2,alpha2/beta2/gamma2,ChEMBL,ChEMBL,Ki,nM,False,False,Homo sapiens,Rattus norvegicus,13.0,20.0,4,chembl:173,chembl:98
diazepam,alpha1/beta3/gamma2,alpha2/beta3/gamma2,ChEMBL,ChEMBL,Ki,nM,True,False,Homo sapiens,Homo sapiens,13.0,6.6,2,chembl:173,chembl:157
diazepam,alpha1/beta3/gamma2,alpha2/beta3/gamma2,ChEMBL,ChEMBL,Ki,nM,True,False,Homo sapiens,Homo sapiens,13.0,138.0,4,chembl:173,chembl:161
diazepam,alpha1/beta3/gamma2,alpha2/beta3/gamma2,ChEMBL,ChEMBL,Ki,nM,True,False,Homo sapiens,Homo sapiens,13.0,6.6,2,chembl:173,chembl:167
diazepam,alpha1/beta3/gamma2,alpha2/beta3/gamma2,ChEMBL,ChEMBL,Ki,nM,True,True,Homo sapiens,Homo sapiens,13.0,33.0,1,chembl:173,chembl:174
diazepam,alpha1/beta3/gamma2,alpha2/beta3/gamma2,ChEMBL,ChEMBL,Ki,nM,True,False,Homo sapiens,Homo sapiens,13.0,20.0,2,chembl:173,chembl:182
diazepam,alpha1/beta3/gamma2,alpha2/beta3/gamma2,ChEMBL,ChEMBL,Ki,nM,True,False,Homo sapiens,Homo sapiens,13.0,115.0,4,chembl:173,chembl:185
diazepam,alpha1/beta3/gamma2,alpha2/beta3/gamma2,ChEMBL,ChEMBL,Ki,nM,True,False,Homo sapiens,Homo sapiens,13.0,508.0,4,chembl:173,chembl:191
diazepam,alpha1/beta3/gamma2,alpha2/beta3/gamma2,ChEMBL,ChEMBL,Ki,nM,True,False,Homo sapiens,Homo sapiens,13.0,35.0,4,chembl:173,chembl:195
diazepam,alpha1/beta3/gamma2,alpha2/beta3/gamma2,ChEMBL,ChEMBL,Ki,nM,True,False,Homo sapiens,Homo sapiens,13.0,177.0,4,chembl:173,chembl:200
diazepam,alpha1/beta3/gamma2,alpha2/beta3/gamma2,ChEMBL,ChEMBL,Ki,nM,True,False,Homo sapiens,Homo sapiens,13.0,22.0,2,chembl:173,chembl:214
diazepam,alpha1/beta3/gamma2,alpha2/beta3/gamma2,ChEMBL,ChEMBL,Ki,nM,True,False,Homo sapiens,Homo sapiens,13.0,212.67,4,chembl:173,chembl:217
diazepam,alpha1/beta3/gamma2,alpha2/beta2/gamma2,ChEMBL,ChEMBL,Ki,nM,False,False,Homo sapiens,Homo sapiens,13.0,20.0,3,chembl:173,chembl:230
diazepam,alpha1/beta3/gamma2,alpha2,ChEMBL,ChEMBL,Ki,nM,False,False,Homo sapiens,Rattus norvegicus,13.0,7.0,4,chembl:173,chembl:231
diazepam,alpha1/beta3/gamma2,alpha2,ChEMBL,ChEMBL,Ki,nM,False,False,Homo sapiens,Rattus norvegicus,13.0,39.0,4,chembl:173,chembl:232
diazepam,alpha1/beta3/gamma2,alpha2,ChEMBL,ChEMBL,Ki,nM,False,False,Homo sapiens,Rattus norvegicus,13.0,15.0,4,chembl:173,chembl:233
diazepam,alpha1/beta3/gamma2,alpha2,ChEMBL,ChEMBL,Ki,nM,False,False,Homo sapiens,Rattus norvegicus,13.0,81.0,4,chembl:173,chembl:234
diazepam,alpha1/beta3/gamma2,alpha2,ChEMBL,ChEMBL,Ki,nM,False,False,Homo sapiens,Rattus norvegicus,13.0,20.0,4,chembl:173,chembl:236
diazepam,alpha1/beta3/gamma2,alpha2,ChEMBL,ChEMBL,Ki,nM,False,False,Homo sapiens,Homo sapiens,13.0,17.0,3,chembl:173,chembl:253
diazepam,alpha1/beta3/gamma2,alpha2/beta3/gamma2,ChEMBL,ChEMBL,Efficacy,%,True,False,Homo sapiens,Homo sapiens,0.93,6.6,4,chembl:176,chembl:40
diazepam,alpha1/beta3/gamma2,alpha2/beta3/gamma2,ChEMBL,ChEMBL,Efficacy,%,True,False,Homo sapiens,Homo sapiens,0.93,20.0,4,chembl:176,chembl:64
diazepam,alpha1/beta3/gamma2,alpha2/beta3/gamma2,ChEMBL,ChEMBL,Efficacy,%,True,False,Homo sapiens,Homo sapiens,0.93,20.0,4,chembl:176,chembl:69
diazepam,alpha1/beta3/gamma2,alpha2/beta3/gamma2,ChEMBL,ChEMBL,Efficacy,%,True,False,Homo sapiens,Homo sapiens,0.93,26.2,4,chembl:176,chembl:76
diazepam,alpha1/beta3/gamma2,alpha2/beta3/gamma2,ChEMBL,ChEMBL,Efficacy,%,True,False,Homo sapiens,Homo sapiens,0.93,89.0,2,chembl:176,chembl:77
diazepam,alpha1/beta3/gamma2,alpha2/beta2/gamma2,ChEMBL,ChEMBL,Efficacy,%,False,False,Homo sapiens,Rattus norvegicus,0.93,20.0,4,chembl:176,chembl:98
diazepam,alpha1/beta3/gamma2,alpha2/beta3/gamma2,ChEMBL,ChEMBL,Efficacy,%,True,False,Homo sapiens,Homo sapiens,0.93,6.6,4,chembl:176,chembl:157
diazepam,alpha1/beta3/gamma2,alpha2/beta3/gamma2,ChEMBL,ChEMBL,Efficacy,%,True,False,Homo sapiens,Homo sapiens,0.93,138.0,2,chembl:176,chembl:161
diazepam,alpha1/beta3/gamma2,alpha2/beta3/gamma2,ChEMBL,ChEMBL,Efficacy,%,True,False,Homo sapiens,Homo sapiens,0.93,6.6,4,chembl:176,chembl:167
diazepam,alpha1/beta3/gamma2,alpha2/beta3/gamma2,ChEMBL,ChEMBL,Efficacy,%,True,True,Homo sapiens,Homo sapiens,0.93,33.0,4,chembl:176,chembl:174
diazepam,alpha1/beta3/gamma2,alpha2/beta3/gamma2,ChEMBL,ChEMBL,Efficacy,%,True,False,Homo sapiens,Homo sapiens,0.93,20.0,4,chembl:176,chembl:182
diazepam,alpha1/beta3/gamma2,alpha2/beta3/gamma2,ChEMBL,ChEMBL,Efficacy,%,True,False,Homo sapiens,Homo sapiens,0.93,115.0,2,chembl:176,chembl:185
diazepam,alpha1/beta3/gamma2,alpha2/beta3/gamma2,ChEMBL,ChEMBL,Efficacy,%,True,False,Homo sapiens,Homo sapiens,0.93,508.0,4,chembl:176,chembl:191
diazepam,alpha1/beta3/gamma2,alpha2/beta3/gamma2,ChEMBL,ChEMBL,Efficacy,%,True,False,Homo sapiens,Homo sapiens,0.93,35.0,4,chembl:176,chembl:195
diazepam,alpha1/beta3/gamma2,alpha2/beta3/gamma2,ChEMBL,ChEMBL,Efficacy,%,True,False,Homo sapiens,Homo sapiens,0.93,177.0,4,chembl:176,chembl:200
diazepam,alpha1/beta3/gamma2,alpha2/beta3/gamma2,ChEMBL,ChEMBL,Efficacy,%,True,False,Homo sapiens,Homo sapiens,0.93,22.0,4,chembl:176,chembl:214
diazepam,alpha1/beta3/gamma2,alpha2/beta3/gamma2,ChEMBL,ChEMBL,Efficacy,%,True,False,Homo sapiens,Homo sapiens,0.93,212.67,4,chembl:176,chembl:217
diazepam,alpha1/beta3/gamma2,alpha2/beta2/gamma2,ChEMBL,ChEMBL,Efficacy,%,False,False,Homo sapiens,Homo sapiens,0.93,20.0,4,chembl:176,chembl:230
diazepam,alpha1/beta3/gamma2,alpha2,ChEMBL,ChEMBL,Efficacy,%,False,False,Homo sapiens,Rattus norvegicus,0.93,7.0,4,chembl:176,chembl:231
diazepam,alpha1/beta3/gamma2,alpha2,ChEMBL,ChEMBL,Efficacy,%,False,False,Homo sapiens,Rattus norvegicus,0.93,39.0,4,chembl:176,chembl:232
diazepam,alpha1/beta3/gamma2,alpha2,ChEMBL,ChEMBL,Efficacy,%,False,False,Homo sapiens,Rattus norvegicus,0.93,15.0,4,chembl:176,chembl:233
diazepam,alpha1/beta3/gamma2,alpha2,ChEMBL,ChEMBL,Efficacy,%,False,False,Homo sapiens,Rattus norvegicus,0.93,81.0,4,chembl:176,chembl:234
diazepam,alpha1/beta3/gamma2,alpha2,ChEMBL,ChEMBL,Efficacy,%,False,False,Homo sapiens,Rattus norvegicus,0.93,20.0,4,chembl:176,chembl:236
diazepam,alpha1/beta3/gamma2,alpha2,ChEMBL,ChEMBL,Efficacy,%,False,False,Homo sapiens,Homo sapiens,0.93,17.0,4,chembl:176,chembl:253
diazepam,alpha1/beta2/gamma2,alpha2/beta3/gamma2,ChEMBL,ChEMBL,Activity,%,False,False,Rattus norvegicus,Homo sapiens,72.0,6.6,4,chembl:180,chembl:40
diazepam,alpha1/beta2/gamma2,alpha2/beta3/gamma2,ChEMBL,ChEMBL,Activity,%,False,False,Rattus norvegicus,Homo sapiens,72.0,20.0,4,chembl:180,chembl:64
diazepam,alpha1/beta2/gamma2,alpha2/beta3/gamma2,ChEMBL,ChEMBL,Activity,%,False,False,Rattus norvegicus,Homo sapiens,72.0,20.0,4,chembl:180,chembl:69
diazepam,alpha1/beta2/gamma2,alpha2/beta3/gamma2,ChEMBL,ChEMBL,Activity,%,False,False,Rattus norvegicus,Homo sapiens,72.0,26.2,4,chembl:180,chembl:76
diazepam,alpha1/beta2/gamma2,alpha2/beta3/gamma2,ChEMBL,ChEMBL,Activity,%,False,False,Rattus norvegicus,Homo sapiens,72.0,89.0,4,chembl:180,chembl:77
diazepam,alpha1/beta2/gamma2,alpha2/beta2/gamma2,ChEMBL,ChEMBL,Activity,%,True,False,Rattus norvegicus,Rattus norvegicus,72.0,20.0,4,chembl:180,chembl:98
diazepam,alpha1/beta2/gamma2,alpha2/beta3/gamma2,ChEMBL,ChEMBL,Activity,%,False,False,Rattus norvegicus,Homo sapiens,72.0,6.6,4,chembl:180,chembl:157
diazepam,alpha1/beta2/gamma2,alpha2/beta3/gamma2,ChEMBL,ChEMBL,Activity,%,False,False,Rattus norvegicus,Homo sapiens,72.0,138.0,4,chembl:180,chembl:161
diazepam,alpha1/beta2/gamma2,alpha2/beta3/gamma2,ChEMBL,ChEMBL,Activity,%,False,False,Rattus norvegicus,Homo sapiens,72.0,6.6,4,chembl:180,chembl:167
diazepam,alpha1/beta2/gamma2,alpha2/beta3/gamma2,ChEMBL,ChEMBL,Activity,%,False,False,Rattus norvegicus,Homo sapiens,72.0,33.0,4,chembl:180,chembl:174
diazepam,alpha1/beta2/gamma2,alpha2/beta3/gamma2,ChEMBL,ChEMBL,Activity,%,False,False,Rattus norvegicus,Homo sapiens,72.0,20.0,4,chembl:180,chembl:182
diazepam,alpha1/beta2/gamma2,alpha2/beta3/gamma2,ChEMBL,ChEMBL,Activity,%,False,False,Rattus norvegicus,Homo sapiens,72.0,115.0,4,chembl:180,chembl:185
diazepam,alpha1/beta2/gamma2,alpha2/beta3/gamma2,ChEMBL,ChEMBL,Activity,%,False,False,Rattus norvegicus,Homo sapiens,72.0,508.0,4,chembl:180,chembl:191
diazepam,alpha1/beta2/gamma2,alpha2/beta3/gamma2,ChEMBL,ChEMBL,Activity,%,False,False,Rattus norvegicus,Homo sapiens,72.0,35.0,4,chembl:180,chembl:195
diazepam,alpha1/beta2/gamma2,alpha2/beta3/gamma2,ChEMBL,ChEMBL,Activity,%,False,False,Rattus norvegicus,Homo sapiens,72.0,177.0,4,chembl:180,chembl:200
diazepam,alpha1/beta2/gamma2,alpha2/beta3/gamma2,ChEMBL,ChEMBL,Activity,%,False,False,Rattus norvegicus,Homo sapiens,72.0,22.0,4,chembl:180,chembl:214
diazepam,alpha1/beta2/gamma2,alpha2/beta3/gamma2,ChEMBL,ChEMBL,Activity,%,False,False,Rattus norvegicus,Homo sapiens,72.0,212.67,4,chembl:180,chembl:217
diazepam,alpha1/beta2/gamma2,alpha2/beta2/gamma2,ChEMBL,ChEMBL,Activity,%,True,False,Rattus norvegicus,Homo sapiens,72.0,20.0,4,chembl:180,chembl:230
diazepam,alpha1/beta2/gamma2,alpha2,ChEMBL,ChEMBL,Activity,%,False,False,Rattus norvegicus,Rattus norvegicus,72.0,7.0,4,chembl:180,chembl:231
diazepam,alpha1/beta2/gamma2,alpha2,ChEMBL,ChEMBL,Activity,%,False,False,Rattus norvegicus,Rattus norvegicus,72.0,39.0,4,chembl:180,chembl:232
diazepam,alpha1/beta2/gamma2,alpha2,ChEMBL,ChEMBL,Activity,%,False,False,Rattus norvegicus,Rattus norvegicus,72.0,15.0,4,chembl:180,chembl:233
diazepam,alpha1/beta2/gamma2,alpha2,ChEMBL,ChEMBL,Activity,%,False,False,Rattus norvegicus,Rattus norvegicus,72.0,81.0,4,chembl:180,chembl:234
diazepam,alpha1/beta2/gamma2,alpha2,ChEMBL,ChEMBL,Activity,%,False,False,Rattus norvegicus,Rattus norvegicus,72.0,20.0,4,chembl:180,chembl:236
diazepam,alpha1/beta2/gamma2,alpha2,ChEMBL,ChEMBL,Activity,%,False,False,Rattus norvegicus,Homo sapiens,72.0,17.0,4,chembl:180,chembl:253
diazepam,alpha1/beta3/gamma2,alpha2/beta3/gamma2,ChEMBL,ChEMBL,Ki,nM,True,False,Homo sapiens,Homo sapiens,14.0,6.6,2,chembl:181,chembl:40
diazepam,alpha1/beta3/gamma2,alpha2/beta3/gamma2,ChEMBL,ChEMBL,Ki,nM,True,False,Homo sapiens,Homo sapiens,14.0,20.0,2,chembl:181,chembl:64
diazepam,alpha1/beta3/gamma2,alpha2/beta3/gamma2,ChEMBL,ChEMBL,Ki,nM,True,False,Homo sapiens,Homo sapiens,14.0,20.0,2,chembl:181,chembl:69
diazepam,alpha1/beta3/gamma2,alpha2/beta3/gamma2,ChEMBL,ChEMBL,Ki,nM,True,False,Homo sapiens,Homo sapiens,14.0,26.2,2,chembl:181,chembl:76
diazepam,alpha1/beta3/gamma2,alpha2/beta3/gamma2,ChEMBL,ChEMBL,Ki,nM,True,False,Homo sapiens,Homo sapiens,14.0,89.0,4,chembl:181,chembl:77
diazepam,alpha1/beta3/gamma2,alpha2/beta2/gamma2,ChEMBL,ChEMBL,Ki,nM,False,False,Homo sapiens,Rattus norvegicus,14.0,20.0,4,chembl:181,chembl:98
diazepam,alpha1/beta3/gamma2,alpha2/beta3/gamma2,ChEMBL,ChEMBL,Ki,nM,True,False,Homo sapiens,Homo sapiens,14.0,6.6,2,chembl:181,chembl:157
diazepam,alpha1/beta3/gamma2,alpha2/beta3/gamma2,ChEMBL,ChEMBL,Ki,nM,True,False,Homo sapiens,Homo sapiens,14.0,138.0,4,chembl:181,chembl:161
diazepam,alpha1/beta3/gamma2,alpha2/beta3/gamma2,ChEMBL,ChEMBL,Ki,nM,True,False,Homo sapiens,Homo sapiens,14.0,6.6,2,chembl:181,chembl:167
diazepam,alpha1/beta3/gamma2,alpha2/beta3/gamma2,ChEMBL,ChEMBL,Ki,nM,True,False,Homo sapiens,Homo sapiens,14.0,33.0,2,chembl:181,chembl:174
diazepam,alpha1/beta3/gamma2,alpha2/beta3/gamma2,ChEMBL,ChEMBL,Ki,nM,True,True,Homo sapiens,Homo sapiens,14.0,20.0,1,chembl:181,chembl:182
diazepam,alpha1/beta3/gamma2,alpha2/beta3/gamma2,ChEMBL,ChEMBL,Ki,nM,True,True,Homo sapiens,Homo sapiens,14.0,115.0,4,chembl:181,chembl:185
diazepam,alpha1/beta3/gamma2,alpha2/beta3/gamma2,ChEMBL,ChEMBL,Ki,nM,True,False,Homo sapiens,Homo sapiens,14.0,508.0,4,chembl:181,chembl:191
diazepam,alpha1/beta3/gamma2,alpha2/beta3/gamma2,ChEMBL,ChEMBL,Ki,nM,True,False,Homo sapiens,Homo sapiens,14.0,35.0,4,chembl:181,chembl:195
diazepam,alpha1/beta3/gamma2,alpha2/beta3/gamma2,ChEMBL,ChEMBL,Ki,nM,True,False,Homo sapiens,Homo sapiens,14.0,177.0,4,chembl:181,chembl:200
diazepam,alpha1/beta3/gamma2,alpha2/beta3/gamma2,ChEMBL,ChEMBL,Ki,nM,True,False,Homo sapiens,Homo sapiens,14.0,22.0,2,chembl:181,chembl:214
diazepam,alpha1/beta3/gamma2,alpha2/beta3/gamma2,ChEMBL,ChEMBL,Ki,nM,True,False,Homo sapiens,Homo sapiens,14.0,212.67,4,chembl:181,chembl:217
diazepam,alpha1/beta3/gamma2,alpha2/beta2/gamma2,ChEMBL,ChEMBL,Ki,nM,False,False,Homo sapiens,Homo sapiens,14.0,20.0,3,chembl:181,chembl:230
diazepam,alpha1/beta3/gamma2,alpha2,ChEMBL,ChEMBL,Ki,nM,False,False,Homo sapiens,Rattus norvegicus,14.0,7.0,4,chembl:181,chembl:231
diazepam,alpha1/beta3/gamma2,alpha2,ChEMBL,ChEMBL,Ki,nM,False,False,Homo sapiens,Rattus norvegicus,14.0,39.0,4,chembl:181,chembl:232
diazepam,alpha1/beta3/gamma2,alpha2,ChEMBL,ChEMBL,Ki,nM,False,False,Homo sapiens,Rattus norvegicus,14.0,15.0,4,chembl:181,chembl:233
diazepam,alpha1/beta3/gamma2,alpha2,ChEMBL,ChEMBL,Ki,nM,False,False,Homo sapiens,Rattus norvegicus,14.0,81.0,4,chembl:181,chembl:234
diazepam,alpha1/beta3/gamma2,alpha2,ChEMBL,ChEMBL,Ki,nM,False,False,Homo sapiens,Rattus norvegicus,14.0,20.0,4,chembl:181,chembl:236
diazepam,alpha1/beta3/gamma2,alpha2,ChEMBL,ChEMBL,Ki,nM,False,False,Homo sapiens,Homo sapiens,14.0,17.0,3,chembl:181,chembl:253
diazepam,alpha1/beta3/gamma2,alpha2/beta3/gamma2,ChEMBL,ChEMBL,Efficacy,%,True,False,Homo sapiens,Homo sapiens,157.0,6.6,4,chembl:184,chembl:40
diazepam,alpha1/beta3/gamma2,alpha2/beta3/gamma2,ChEMBL,ChEMBL,Efficacy,%,True,False,Homo sapiens,Homo sapiens,157.0,20.0,4,chembl:184,chembl:64
diazepam,alpha1/beta3/gamma2,alpha2/beta3/gamma2,ChEMBL,ChEMBL,Efficacy,%,True,False,Homo sapiens,Homo sapiens,157.0,20.0,4,chembl:184,chembl:69
diazepam,alpha1/beta3/gamma2,alpha2/beta3/gamma2,ChEMBL,ChEMBL,Efficacy,%,True,False,Homo sapiens,Homo sapiens,157.0,26.2,4,chembl:184,chembl:76
diazepam,alpha1/beta3/gamma2,alpha2/beta3/gamma2,ChEMBL,ChEMBL,Efficacy,%,True,False,Homo sapiens,Homo sapiens,157.0,89.0,2,chembl:184,chembl:77
diazepam,alpha1/beta3/gamma2,alpha2/beta2/gamma2,ChEMBL,ChEMBL,Efficacy,%,False,False,Homo sapiens,Rattus norvegicus,157.0,20.0,4,chembl:184,chembl:98
diazepam,alpha1/beta3/gamma2,alpha2/beta3/gamma2,ChEMBL,ChEMBL,Efficacy,%,True,False,Homo sapiens,Homo sapiens,157.0,6.6,4,chembl:184,chembl:157
diazepam,alpha1/beta3/gamma2,alpha2/beta3/gamma2,ChEMBL,ChEMBL,Efficacy,%,True,False,Homo sapiens,Homo sapiens,157.0,138.0,2,chembl:184,chembl:161
diazepam,alpha1/beta3/gamma2,alpha2/beta3/gamma2,ChEMBL,ChEMBL,Efficacy,%,True,False,Homo sapiens,Homo sapiens,157.0,6.6,4,chembl:184,chembl:167
diazepam,alpha1/beta3/gamma2,alpha2/beta3/gamma2,ChEMBL,ChEMBL,Efficacy,%,True,False,Homo sapiens,Homo sapiens,157.0,33.0,4,chembl:184,chembl:174
diazepam,alpha1/beta3/gamma2,alpha2/beta3/gamma2,ChEMBL,ChEMBL,Efficacy,%,True,True,Homo sapiens,Homo sapiens,157.0,20.0,4,chembl:184,chembl:182
diazepam,alpha1/beta3/gamma2,alpha2/beta3/gamma2,ChEMBL,ChEMBL,Efficacy,%,True,True,Homo sapiens,Homo sapiens,157.0,115.0,1,chembl:184,chembl:185
diazepam,alpha1/beta3/gamma2,alpha2/beta3/gamma2,ChEMBL,ChEMBL,Efficacy,%,True,False,Homo sapiens,Homo sapiens,157.0,508.0,4,chembl:184,chembl:191
diazepam,alpha1/beta3/gamma2,alpha2/beta3/gamma2,ChEMBL,ChEMBL,Efficacy,%,True,False,Homo sapiens,Homo sapiens,157.0,35.0,4,chembl:184,chembl:195
diazepam,alpha1/beta3/gamma2,alpha2/beta3/gamma2,ChEMBL,ChEMBL,Efficacy,%,True,False,Homo sapiens,Homo sapiens,157.0,177.0,4,chembl:184,chembl:200
diazepam,alpha1/beta3/gamma2,alpha2/beta3/gamma2,ChEMBL,ChEMBL,Efficacy,%,True,False,Homo sapiens,Homo sapiens,157.0,22.0,4,chembl:184,chembl:214
diazepam,alpha1/beta3/gamma2,alpha2/beta3/gamma2,ChEMBL,ChEMBL,Efficacy,%,True,False,Homo sapiens,Homo sapiens,157.0,212.67,4,chembl:184,chembl:217
diazepam,alpha1/beta3/gamma2,alpha2/beta2/gamma2,ChEMBL,ChEMBL,Efficacy,%,False,False,Homo sapiens,Homo sapiens,157.0,20.0,4,chembl:184,chembl:230
diazepam,alpha1/beta3/gamma2,alpha2,ChEMBL,ChEMBL,Efficacy,%,False,False,Homo sapiens,Rattus norvegicus,157.0,7.0,4,chembl:184,chembl:231
diazepam,alpha1/beta3/gamma2,alpha2,ChEMBL,ChEMBL,Efficacy,%,False,False,Homo sapiens,Rattus norvegicus,157.0,39.0,4,chembl:184,chembl:232
diazepam,alpha1/beta3/gamma2,alpha2,ChEMBL,ChEMBL,Efficacy,%,False,False,Homo sapiens,Rattus norvegicus,157.0,15.0,4,chembl:184,chembl:233
diazepam,alpha1/beta3/gamma2,alpha2,ChEMBL,ChEMBL,Efficacy,%,False,False,Homo sapiens,Rattus norvegicus,157.0,81.0,4,chembl:184,chembl:234
diazepam,alpha1/beta3/gamma2,alpha2,ChEMBL,ChEMBL,Efficacy,%,False,False,Homo sapiens,Rattus norvegicus,157.0,20.0,4,chembl:184,chembl:236
diazepam,alpha1/beta3/gamma2,alpha2,ChEMBL,ChEMBL,Efficacy,%,False,False,Homo sapiens,Homo sapiens,157.0,17.0,4,chembl:184,chembl:253
diazepam,alpha1/beta2/gamma2,alpha2/beta3/gamma2,ChEMBL,ChEMBL,Ki,nM,False,False,Rattus norvegicus,Homo sapiens,12.0,6.6,4,chembl:187,chembl:40
diazepam,alpha1/beta2/gamma2,alpha2/beta3/gamma2,ChEMBL,ChEMBL,Ki,nM,False,False,Rattus norvegicus,Homo sapiens,12.0,20.0,4,chembl:187,chembl:64
diazepam,alpha1/beta2/gamma2,alpha2/beta3/gamma2,ChEMBL,ChEMBL,Ki,nM,False,False,Rattus norvegicus,Homo sapiens,12.0,20.0,4,chembl:187,chembl:69
diazepam,alpha1/beta2/gamma2,alpha2/beta3/gamma2,ChEMBL,ChEMBL,Ki,nM,False,False,Rattus norvegicus,Homo sapiens,12.0,26.2,4,chembl:187,chembl:76
diazepam,alpha1/beta2/gamma2,alpha2/beta3/gamma2,ChEMBL,ChEMBL,Ki,nM,False,False,Rattus norvegicus,Homo sapiens,12.0,89.0,4,chembl:187,chembl:77
diazepam,alpha1/beta2/gamma2,alpha2/beta2/gamma2,ChEMBL,ChEMBL,Ki,nM,True,False,Rattus norvegicus,Rattus norvegicus,12.0,20.0,4,chembl:187,chembl:98
diazepam,alpha1/beta2/gamma2,alpha2/beta3/gamma2,ChEMBL,ChEMBL,Ki,nM,False,False,Rattus norvegicus,Homo sapiens,12.0,6.6,4,chembl:187,chembl:157
diazepam,alpha1/beta2/gamma2,alpha2/beta3/gamma2,ChEMBL,ChEMBL,Ki,nM,False,False,Rattus norvegicus,Homo sapiens,12.0,138.0,4,chembl:187,chembl:161
diazepam,alpha1/beta2/gamma2,alpha2/beta3/gamma2,ChEMBL,ChEMBL,Ki,nM,False,False,Rattus norvegicus,Homo sapiens,12.0,6.6,4,chembl:187,chembl:167
diazepam,alpha1/beta2/gamma2,alpha2/beta3/gamma2,ChEMBL,ChEMBL,Ki,nM,False,False,Rattus norvegicus,Homo sapiens,12.0,33.0,4,chembl:187,chembl:174
diazepam,alpha1/beta2/gamma2,alpha2/beta3/gamma2,ChEMBL,ChEMBL,Ki,nM,False,False,Rattus norvegicus,Homo sapiens,12.0,20.0,4,chembl:187,chembl:182
diazepam,alpha1/beta2/gamma2,alpha2/beta3/gamma2,ChEMBL,ChEMBL,Ki,nM,False,False,Rattus norvegicus,Homo sapiens,12.0,115.0,4,chembl:187,chembl:185
diazepam,alpha1/beta2/gamma2,alpha2/beta3/gamma2,ChEMBL,ChEMBL,Ki,nM,False,False,Rattus norvegicus,Homo sapiens,12.0,508.0,4,chembl:187,chembl:191
diazepam,alpha1/beta2/gamma2,alpha2/beta3/gamma2,ChEMBL,ChEMBL,Ki,nM,False,False,Rattus norvegicus,Homo sapiens,12.0,35.0,4,chembl:187,chembl:195
diazepam,alpha1/beta2/gamma2,alpha2/beta3/gamma2,ChEMBL,ChEMBL,Ki,nM,False,False,Rattus norvegicus,Homo sapiens,12.0,177.0,4,chembl:187,chembl:200
diazepam,alpha1/beta2/gamma2,alpha2/beta3/gamma2,ChEMBL,ChEMBL,Ki,nM,False,False,Rattus norvegicus,Homo sapiens,12.0,22.0,4,chembl:187,chembl:214
diazepam,alpha1/beta2/gamma2,alpha2/beta3/gamma2,ChEMBL,ChEMBL,Ki,nM,False,False,Rattus norvegicus,Homo sapiens,12.0,212.67,4,chembl:187,chembl:217
diazepam,alpha1/beta2/gamma2,alpha2/beta2/gamma2,ChEMBL,ChEMBL,Ki,nM,True,False,Rattus norvegicus,Homo sapiens,12.0,20.0,4,chembl:187,chembl:230
diazepam,alpha1/beta2/gamma2,alpha2,ChEMBL,ChEMBL,Ki,nM,False,False,Rattus norvegicus,Rattus norvegicus,12.0,7.0,4,chembl:187,chembl:231
diazepam,alpha1/beta2/gamma2,alpha2,ChEMBL,ChEMBL,Ki,nM,False,False,Rattus norvegicus,Rattus norvegicus,12.0,39.0,4,chembl:187,chembl:232
diazepam,alpha1/beta2/gamma2,alpha2,ChEMBL,ChEMBL,Ki,nM,False,False,Rattus norvegicus,Rattus norvegicus,12.0,15.0,4,chembl:187,chembl:233
diazepam,alpha1/beta2/gamma2,alpha2,ChEMBL,ChEMBL,Ki,nM,False,False,Rattus norvegicus,Rattus norvegicus,12.0,81.0,4,chembl:187,chembl:234
diazepam,alpha1/beta2/gamma2,alpha2,ChEMBL,ChEMBL,Ki,nM,False,False,Rattus norvegicus,Rattus norvegicus,12.0,20.0,4,chembl:187,chembl:236
diazepam,alpha1/beta2/gamma2,alpha2,ChEMBL,ChEMBL,Ki,nM,False,False,Rattus norvegicus,Homo sapiens,12.0,17.0,4,chembl:187,chembl:253
diazepam,alpha1/beta2/gamma2,alpha2/beta3/gamma2,ChEMBL,ChEMBL,Ki,nM,False,False,Rattus norvegicus,Homo sapiens,9.8,6.6,4,chembl:189,chembl:40
diazepam,alpha1/beta2/gamma2,alpha2/beta3/gamma2,ChEMBL,ChEMBL,Ki,nM,False,False,Rattus norvegicus,Homo sapiens,9.8,20.0,4,chembl:189,chembl:64
diazepam,alpha1/beta2/gamma2,alpha2/beta3/gamma2,ChEMBL,ChEMBL,Ki,nM,False,False,Rattus norvegicus,Homo sapiens,9.8,20.0,4,chembl:189,chembl:69
diazepam,alpha1/beta2/gamma2,alpha2/beta3/gamma2,ChEMBL,ChEMBL,Ki,nM,False,False,Rattus norvegicus,Homo sapiens,9.8,26.2,4,chembl:189,chembl:76
diazepam,alpha1/beta2/gamma2,alpha2/beta3/gamma2,ChEMBL,ChEMBL,Ki,nM,False,False,Rattus norvegicus,Homo sapiens,9.8,89.0,4,chembl:189,chembl:77
diazepam,alpha1/beta2/gamma2,alpha2/beta2/gamma2,ChEMBL,ChEMBL,Ki,nM,True,False,Rattus norvegicus,Rattus norvegicus,9.8,20.0,4,chembl:189,chembl:98
diazepam,alpha1/beta2/gamma2,alpha2/beta3/gamma2,ChEMBL,ChEMBL,Ki,nM,False,False,Rattus norvegicus,Homo sapiens,9.8,6.6,4,chembl:189,chembl:157
diazepam,alpha1/beta2/gamma2,alpha2/beta3/gamma2,ChEMBL,ChEMBL,Ki,nM,False,False,Rattus norvegicus,Homo sapiens,9.8,138.0,4,chembl:189,chembl:161
diazepam,alpha1/beta2/gamma2,alpha2/beta3/gamma2,ChEMBL,ChEMBL,Ki,nM,False,False,Rattus norvegicus,Homo sapiens,9.8,6.6,4,chembl:189,chembl:167
diazepam,alpha1/beta2/gamma2,alpha2/beta3/gamma2,ChEMBL,ChEMBL,Ki,nM,False,False,Rattus norvegicus,Homo sapiens,9.8,33.0,4,chembl:189,chembl:174
diazepam,alpha1/beta2/gamma2,alpha2/beta3/gamma2,ChEMBL,ChEMBL,Ki,nM,False,False,Rattus norvegicus,Homo sapiens,9.8,20.0,4,chembl:189,chembl:182
diazepam,alpha1/beta2/gamma2,alpha2/beta3/gamma2,ChEMBL,ChEMBL,Ki,nM,False,False,Rattus norvegicus,Homo sapiens,9.8,115.0,4,chembl:189,chembl:185
diazepam,alpha1/beta2/gamma2,alpha2/beta3/gamma2,ChEMBL,ChEMBL,Ki,nM,False,False,Rattus norvegicus,Homo sapiens,9.8,508.0,4,chembl:189,chembl:191
diazepam,alpha1/beta2/gamma2,alpha2/beta3/gamma2,ChEMBL,ChEMBL,Ki,nM,False,False,Rattus norvegicus,Homo sapiens,9.8,35.0,4,chembl:189,chembl:195
diazepam,alpha1/beta2/gamma2,alpha2/beta3/gamma2,ChEMBL,ChEMBL,Ki,nM,False,False,Rattus norvegicus,Homo sapiens,9.8,177.0,4,chembl:189,chembl:200
diazepam,alpha1/beta2/gamma2,alpha2/beta3/gamma2,ChEMBL,ChEMBL,Ki,nM,False,False,Rattus norvegicus,Homo sapiens,9.8,22.0,4,chembl:189,chembl:214
diazepam,alpha1/beta2/gamma2,alpha2/beta3/gamma2,ChEMBL,ChEMBL,Ki,nM,False,False,Rattus norvegicus,Homo sapiens,9.8,212.67,4,chembl:189,chembl:217
diazepam,alpha1/beta2/gamma2,alpha2/beta2/gamma2,ChEMBL,ChEMBL,Ki,nM,True,False,Rattus norvegicus,Homo sapiens,9.8,20.0,4,chembl:189,chembl:230
diazepam,alpha1/beta2/gamma2,alpha2,ChEMBL,ChEMBL,Ki,nM,False,False,Rattus norvegicus,Rattus norvegicus,9.8,7.0,4,chembl:189,chembl:231
diazepam,alpha1/beta2/gamma2,alpha2,ChEMBL,ChEMBL,Ki,nM,False,False,Rattus norvegicus,Rattus norvegicus,9.8,39.0,4,chembl:189,chembl:232
diazepam,alpha1/beta2/gamma2,alpha2,ChEMBL,ChEMBL,Ki,nM,False,False,Rattus norvegicus,Rattus norvegicus,9.8,15.0,4,chembl:189,chembl:233
diazepam,alpha1/beta2/gamma2,alpha2,ChEMBL,ChEMBL,Ki,nM,False,False,Rattus norvegicus,Rattus norvegicus,9.8,81.0,4,chembl:189,chembl:234
diazepam,alpha1/beta2/gamma2,alpha2,ChEMBL,ChEMBL,Ki,nM,False,False,Rattus norvegicus,Rattus norvegicus,9.8,20.0,4,chembl:189,chembl:236
diazepam,alpha1/beta2/gamma2,alpha2,ChEMBL,ChEMBL,Ki,nM,False,False,Rattus norvegicus,Homo sapiens,9.8,17.0,4,chembl:189,chembl:253
diazepam,alpha1/beta3/gamma2,alpha2/beta3/gamma2,ChEMBL,ChEMBL,Activity,%,True,False,Homo sapiens,Homo sapiens,345.0,6.6,4,chembl:190,chembl:40
diazepam,alpha1/beta3/gamma2,alpha2/beta3/gamma2,ChEMBL,ChEMBL,Activity,%,True,False,Homo sapiens,Homo sapiens,345.0,20.0,4,chembl:190,chembl:64
diazepam,alpha1/beta3/gamma2,alpha2/beta3/gamma2,ChEMBL,ChEMBL,Activity,%,True,False,Homo sapiens,Homo sapiens,345.0,20.0,4,chembl:190,chembl:69
diazepam,alpha1/beta3/gamma2,alpha2/beta3/gamma2,ChEMBL,ChEMBL,Activity,%,True,False,Homo sapiens,Homo sapiens,345.0,26.2,4,chembl:190,chembl:76
diazepam,alpha1/beta3/gamma2,alpha2/beta3/gamma2,ChEMBL,ChEMBL,Activity,%,True,False,Homo sapiens,Homo sapiens,345.0,89.0,4,chembl:190,chembl:77
diazepam,alpha1/beta3/gamma2,alpha2/beta2/gamma2,ChEMBL,ChEMBL,Activity,%,False,False,Homo sapiens,Rattus norvegicus,345.0,20.0,4,chembl:190,chembl:98
diazepam,alpha1/beta3/gamma2,alpha2/beta3/gamma2,ChEMBL,ChEMBL,Activity,%,True,False,Homo sapiens,Homo sapiens,345.0,6.6,4,chembl:190,chembl:157
diazepam,alpha1/beta3/gamma2,alpha2/beta3/gamma2,ChEMBL,ChEMBL,Activity,%,True,False,Homo sapiens,Homo sapiens,345.0,138.0,4,chembl:190,chembl:161
diazepam,alpha1/beta3/gamma2,alpha2/beta3/gamma2,ChEMBL,ChEMBL,Activity,%,True,False,Homo sapiens,Homo sapiens,345.0,6.6,4,chembl:190,chembl:167
diazepam,alpha1/beta3/gamma2,alpha2/beta3/gamma2,ChEMBL,ChEMBL,Activity,%,True,False,Homo sapiens,Homo sapiens,345.0,33.0,4,chembl:190,chembl:174
diazepam,alpha1/beta3/gamma2,alpha2/beta3/gamma2,ChEMBL,ChEMBL,Activity,%,True,False,Homo sapiens,Homo sapiens,345.0,20.0,4,chembl:190,chembl:182
diazepam,alpha1/beta3/gamma2,alpha2/beta3/gamma2,ChEMBL,ChEMBL,Activity,%,True,False,Homo sapiens,Homo sapiens,345.0,115.0,4,chembl:190,chembl:185
diazepam,alpha1/beta3/gamma2,alpha2/beta3/gamma2,ChEMBL,ChEMBL,Activity,%,True,True,Homo sapiens,Homo sapiens,345.0,508.0,1,chembl:190,chembl:191
diazepam,alpha1/beta3/gamma2,alpha2/beta3/gamma2,ChEMBL,ChEMBL,Activity,%,True,False,Homo sapiens,Homo sapiens,345.0,35.0,4,chembl:190,chembl:195
diazepam,alpha1/beta3/gamma2,alpha2/beta3/gamma2,ChEMBL,ChEMBL,Activity,%,True,False,Homo sapiens,Homo sapiens,345.0,177.0,2,chembl:190,chembl:200
diazepam,alpha1/beta3/gamma2,alpha2/beta3/gamma2,ChEMBL,ChEMBL,Activity,%,True,False,Homo sapiens,Homo sapiens,345.0,22.0,4,chembl:190,chembl:214
diazepam,alpha1/beta3/gamma2,alpha2/beta3/gamma2,ChEMBL,ChEMBL,Activity,%,True,False,Homo sapiens,Homo sapiens,345.0,212.67,2,chembl:190,chembl:217
diazepam,alpha1/beta3/gamma2,alpha2/beta2/gamma2,ChEMBL,ChEMBL,Activity,%,False,False,Homo sapiens,Homo sapiens,345.0,20.0,4,chembl:190,chembl:230
diazepam,alpha1/beta3/gamma2,alpha2,ChEMBL,ChEMBL,Activity,%,False,False,Homo sapiens,Rattus norvegicus,345.0,7.0,4,chembl:190,chembl:231
diazepam,alpha1/beta3/gamma2,alpha2,ChEMBL,ChEMBL,Activity,%,False,False,Homo sapiens,Rattus norvegicus,345.0,39.0,4,chembl:190,chembl:232
diazepam,alpha1/beta3/gamma2,alpha2,ChEMBL,ChEMBL,Activity,%,False,False,Homo sapiens,Rattus norvegicus,345.0,15.0,4,chembl:190,chembl:233
diazepam,alpha1/beta3/gamma2,alpha2,ChEMBL,ChEMBL,Activity,%,False,False,Homo sapiens,Rattus norvegicus,345.0,81.0,4,chembl:190,chembl:234
diazepam,alpha1/beta3/gamma2,alpha2,ChEMBL,ChEMBL,Activity,%,False,False,Homo sapiens,Rattus norvegicus,345.0,20.0,4,chembl:190,chembl:236
diazepam,alpha1/beta3/gamma2,alpha2,ChEMBL,ChEMBL,Activity,%,False,False,Homo sapiens,Homo sapiens,345.0,17.0,4,chembl:190,chembl:253
diazepam,alpha1/beta2/gamma2,alpha2/beta3/gamma2,ChEMBL,ChEMBL,Ki,nM,False,False,Rattus norvegicus,Homo sapiens,11.0,6.6,4,chembl:193,chembl:40
diazepam,alpha1/beta2/gamma2,alpha2/beta3/gamma2,ChEMBL,ChEMBL,Ki,nM,False,False,Rattus norvegicus,Homo sapiens,11.0,20.0,4,chembl:193,chembl:64
diazepam,alpha1/beta2/gamma2,alpha2/beta3/gamma2,ChEMBL,ChEMBL,Ki,nM,False,False,Rattus norvegicus,Homo sapiens,11.0,20.0,4,chembl:193,chembl:69
diazepam,alpha1/beta2/gamma2,alpha2/beta3/gamma2,ChEMBL,ChEMBL,Ki,nM,False,False,Rattus norvegicus,Homo sapiens,11.0,26.2,4,chembl:193,chembl:76
diazepam,alpha1/beta2/gamma2,alpha2/beta3/gamma2,ChEMBL,ChEMBL,Ki,nM,False,False,Rattus norvegicus,Homo sapiens,11.0,89.0,4,chembl:193,chembl:77
diazepam,alpha1/beta2/gamma2,alpha2/beta2/gamma2,ChEMBL,ChEMBL,Ki,nM,True,False,Rattus norvegicus,Rattus norvegicus,11.0,20.0,4,chembl:193,chembl:98
diazepam,alpha1/beta2/gamma2,alpha2/beta3/gamma2,ChEMBL,ChEMBL,Ki,nM,False,False,Rattus norvegicus,Homo sapiens,11.0,6.6,4,chembl:193,chembl:157
diazepam,alpha1/beta2/gamma2,alpha2/beta3/gamma2,ChEMBL,ChEMBL,Ki,nM,False,False,Rattus norvegicus,Homo sapiens,11.0,138.0,4,chembl:193,chembl:161
diazepam,alpha1/beta2/gamma2,alpha2/beta3/gamma2,ChEMBL,ChEMBL,Ki,nM,False,False,Rattus norvegicus,Homo sapiens,11.0,6.6,4,chembl:193,chembl:167
diazepam,alpha1/beta2/gamma2,alpha2/beta3/gamma2,ChEMBL,ChEMBL,Ki,nM,False,False,Rattus norvegicus,Homo sapiens,11.0,33.0,4,chembl:193,chembl:174
diazepam,alpha1/beta2/gamma2,alpha2/beta3/gamma2,ChEMBL,ChEMBL,Ki,nM,False,False,Rattus norvegicus,Homo sapiens,11.0,20.0,4,chembl:193,chembl:182
diazepam,alpha1/beta2/gamma2,alpha2/beta3/gamma2,ChEMBL,ChEMBL,Ki,nM,False,False,Rattus norvegicus,Homo sapiens,11.0,115.0,4,chembl:193,chembl:185
diazepam,alpha1/beta2/gamma2,alpha2/beta3/gamma2,ChEMBL,ChEMBL,Ki,nM,False,False,Rattus norvegicus,Homo sapiens,11.0,508.0,4,chembl:193,chembl:191
diazepam,alpha1/beta2/gamma2,alpha2/beta3/gamma2,ChEMBL,ChEMBL,Ki,nM,False,False,Rattus norvegicus,Homo sapiens,11.0,35.0,4,chembl:193,chembl:195
diazepam,alpha1/beta2/gamma2,alpha2/beta3/gamma2,ChEMBL,ChEMBL,Ki,nM,False,False,Rattus norvegicus,Homo sapiens,11.0,177.0,4,chembl:193,chembl:200
diazepam,alpha1/beta2/gamma2,alpha2/beta3/gamma2,ChEMBL,ChEMBL,Ki,nM,False,False,Rattus norvegicus,Homo sapiens,11.0,22.0,4,chembl:193,chembl:214
diazepam,alpha1/beta2/gamma2,alpha2/beta3/gamma2,ChEMBL,ChEMBL,Ki,nM,False,False,Rattus norvegicus,Homo sapiens,11.0,212.67,4,chembl:193,chembl:217
diazepam,alpha1/beta2/gamma2,alpha2/beta2/gamma2,ChEMBL,ChEMBL,Ki,nM,True,False,Rattus norvegicus,Homo sapiens,11.0,20.0,4,chembl:193,chembl:230
diazepam,alpha1/beta2/gamma2,alpha2,ChEMBL,ChEMBL,Ki,nM,False,False,Rattus norvegicus,Rattus norvegicus,11.0,7.0,4,chembl:193,chembl:231
diazepam,alpha1/beta2/gamma2,alpha2,ChEMBL,ChEMBL,Ki,nM,False,False,Rattus norvegicus,Rattus norvegicus,11.0,39.0,4,chembl:193,chembl:232
diazepam,alpha1/beta2/gamma2,alpha2,ChEMBL,ChEMBL,Ki,nM,False,True,Rattus norvegicus,Rattus norvegicus,11.0,15.0,4,chembl:193,chembl:233
diazepam,alpha1/beta2/gamma2,alpha2,ChEMBL,ChEMBL,Ki,nM,False,True,Rattus norvegicus,Rattus norvegicus,11.0,81.0,4,chembl:193,chembl:234
diazepam,alpha1/beta2/gamma2,alpha2,ChEMBL,ChEMBL,Ki,nM,False,False,Rattus norvegicus,Rattus norvegicus,11.0,20.0,4,chembl:193,chembl:236
diazepam,alpha1/beta2/gamma2,alpha2,ChEMBL,ChEMBL,Ki,nM,False,False,Rattus norvegicus,Homo sapiens,11.0,17.0,4,chembl:193,chembl:253
diazepam,alpha1/beta2/gamma2,alpha2/beta3/gamma2,ChEMBL,ChEMBL,Activity,%,False,False,Rattus norvegicus,Homo sapiens,71.0,6.6,4,chembl:194,chembl:40
diazepam,alpha1/beta2/gamma2,alpha2/beta3/gamma2,ChEMBL,ChEMBL,Activity,%,False,False,Rattus norvegicus,Homo sapiens,71.0,20.0,4,chembl:194,chembl:64
diazepam,alpha1/beta2/gamma2,alpha2/beta3/gamma2,ChEMBL,ChEMBL,Activity,%,False,False,Rattus norvegicus,Homo sapiens,71.0,20.0,4,chembl:194,chembl:69
diazepam,alpha1/beta2/gamma2,alpha2/beta3/gamma2,ChEMBL,ChEMBL,Activity,%,False,False,Rattus norvegicus,Homo sapiens,71.0,26.2,4,chembl:194,chembl:76
diazepam,alpha1/beta2/gamma2,alpha2/beta3/gamma2,ChEMBL,ChEMBL,Activity,%,False,False,Rattus norvegicus,Homo sapiens,71.0,89.0,4,chembl:194,chembl:77
diazepam,alpha1/beta2/gamma2,alpha2/beta2/gamma2,ChEMBL,ChEMBL,Activity,%,True,False,Rattus norvegicus,Rattus norvegicus,71.0,20.0,4,chembl:194,chembl:98
diazepam,alpha1/beta2/gamma2,alpha2/beta3/gamma2,ChEMBL,ChEMBL,Activity,%,False,False,Rattus norvegicus,Homo sapiens,71.0,6.6,4,chembl:194,chembl:157
diazepam,alpha1/beta2/gamma2,alpha2/beta3/gamma2,ChEMBL,ChEMBL,Activity,%,False,False,Rattus norvegicus,Homo sapiens,71.0,138.0,4,chembl:194,chembl:161
diazepam,alpha1/beta2/gamma2,alpha2/beta3/gamma2,ChEMBL,ChEMBL,Activity,%,False,False,Rattus norvegicus,Homo sapiens,71.0,6.6,4,chembl:194,chembl:167
diazepam,alpha1/beta2/gamma2,alpha2/beta3/gamma2,ChEMBL,ChEMBL,Activity,%,False,False,Rattus norvegicus,Homo sapiens,71.0,33.0,4,chembl:194,chembl:174
diazepam,alpha1/beta2/gamma2,alpha2/beta3/gamma2,ChEMBL,ChEMBL,Activity,%,False,False,Rattus norvegicus,Homo sapiens,71.0,20.0,4,chembl:194,chembl:182
diazepam,alpha1/beta2/gamma2,alpha2/beta3/gamma2,ChEMBL,ChEMBL,Activity,%,False,False,Rattus norvegicus,Homo sapiens,71.0,115.0,4,chembl:194,chembl:185
diazepam,alpha1/beta2/gamma2,alpha2/beta3/gamma2,ChEMBL,ChEMBL,Activity,%,False,False,Rattus norvegicus,Homo sapiens,71.0,508.0,4,chembl:194,chembl:191
diazepam,alpha1/beta2/gamma2,alpha2/beta3/gamma2,ChEMBL,ChEMBL,Activity,%,False,False,Rattus norvegicus,Homo sapiens,71.0,35.0,4,chembl:194,chembl:195
diazepam,alpha1/beta2/gamma2,alpha2/beta3/gamma2,ChEMBL,ChEMBL,Activity,%,False,False,Rattus norvegicus,Homo sapiens,71.0,177.0,4,chembl:194,chembl:200
diazepam,alpha1/beta2/gamma2,alpha2/beta3/gamma2,ChEMBL,ChEMBL,Activity,%,False,False,Rattus norvegicus,Homo sapiens,71.0,22.0,4,chembl:194,chembl:214
diazepam,alpha1/beta2/gamma2,alpha2/beta3/gamma2,ChEMBL,ChEMBL,Activity,%,False,False,Rattus norvegicus,Homo sapiens,71.0,212.67,4,chembl:194,chembl:217
diazepam,alpha1/beta2/gamma2,alpha2/beta2/gamma2,ChEMBL,ChEMBL,Activity,%,True,False,Rattus norvegicus,Homo sapiens,71.0,20.0,4,chembl:194,chembl:230
diazepam,alpha1/beta2/gamma2,alpha2,ChEMBL,ChEMBL,Activity,%,False,False,Rattus norvegicus,Rattus norvegicus,71.0,7.0,4,chembl:194,chembl:231
diazepam,alpha1/beta2/gamma2,alpha2,ChEMBL,ChEMBL,Activity,%,False,False,Rattus norvegicus,Rattus norvegicus,71.0,39.0,4,chembl:194,chembl:232
diazepam,alpha1/beta2/gamma2,alpha2,ChEMBL,ChEMBL,Activity,%,False,True,Rattus norvegicus,Rattus norvegicus,71.0,15.0,4,chembl:194,chembl:233
diazepam,alpha1/beta2/gamma2,alpha2,ChEMBL,ChEMBL,Activity,%,False,True,Rattus norvegicus,Rattus norvegicus,71.0,81.0,4,chembl:194,chembl:234
diazepam,alpha1/beta2/gamma2,alpha2,ChEMBL,ChEMBL,Activity,%,False,False,Rattus norvegicus,Rattus norvegicus,71.0,20.0,4,chembl:194,chembl:236
diazepam,alpha1/beta2/gamma2,alpha2,ChEMBL,ChEMBL,Activity,%,False,False,Rattus norvegicus,Homo sapiens,71.0,17.0,4,chembl:194,chembl:253
diazepam,alpha1/beta2/gamma2,alpha2/beta3/gamma2,ChEMBL,ChEMBL,EC50,nM,False,False,Homo sapiens,Homo sapiens,85.0,6.6,4,chembl:196,chembl:40
diazepam,alpha1/beta2/gamma2,alpha2/beta3/gamma2,ChEMBL,ChEMBL,EC50,nM,False,False,Homo sapiens,Homo sapiens,85.0,20.0,4,chembl:196,chembl:64
diazepam,alpha1/beta2/gamma2,alpha2/beta3/gamma2,ChEMBL,ChEMBL,EC50,nM,False,False,Homo sapiens,Homo sapiens,85.0,20.0,4,chembl:196,chembl:69
diazepam,alpha1/beta2/gamma2,alpha2/beta3/gamma2,ChEMBL,ChEMBL,EC50,nM,False,False,Homo sapiens,Homo sapiens,85.0,26.2,4,chembl:196,chembl:76
diazepam,alpha1/beta2/gamma2,alpha2/beta3/gamma2,ChEMBL,ChEMBL,EC50,nM,False,False,Homo sapiens,Homo sapiens,85.0,89.0,4,chembl:196,chembl:77
diazepam,alpha1/beta2/gamma2,alpha2/beta2/gamma2,ChEMBL,ChEMBL,EC50,nM,True,False,Homo sapiens,Rattus norvegicus,85.0,20.0,4,chembl:196,chembl:98
diazepam,alpha1/beta2/gamma2,alpha2/beta3/gamma2,ChEMBL,ChEMBL,EC50,nM,False,False,Homo sapiens,Homo sapiens,85.0,6.6,4,chembl:196,chembl:157
diazepam,alpha1/beta2/gamma2,alpha2/beta3/gamma2,ChEMBL,ChEMBL,EC50,nM,False,False,Homo sapiens,Homo sapiens,85.0,138.0,4,chembl:196,chembl:161
diazepam,alpha1/beta2/gamma2,alpha2/beta3/gamma2,ChEMBL,ChEMBL,EC50,nM,False,False,Homo sapiens,Homo sapiens,85.0,6.6,4,chembl:196,chembl:167
diazepam,alpha1/beta2/gamma2,alpha2/beta3/gamma2,ChEMBL,ChEMBL,EC50,nM,False,False,Homo sapiens,Homo sapiens,85.0,33.0,4,chembl:196,chembl:174
diazepam,alpha1/beta2/gamma2,alpha2/beta3/gamma2,ChEMBL,ChEMBL,EC50,nM,False,False,Homo sapiens,Homo sapiens,85.0,20.0,4,chembl:196,chembl:182
diazepam,alpha1/beta2/gamma2,alpha2/beta3/gamma2,ChEMBL,ChEMBL,EC50,nM,False,False,Homo sapiens,Homo sapiens,85.0,115.0,4,chembl:196,chembl:185
diazepam,alpha1/beta2/gamma2,alpha2/beta3/gamma2,ChEMBL,ChEMBL,EC50,nM,False,False,Homo sapiens,Homo sapiens,85.0,508.0,4,chembl:196,chembl:191
diazepam,alpha1/beta2/gamma2,alpha2/beta3/gamma2,ChEMBL,ChEMBL,EC50,nM,False,True,Homo sapiens,Homo sapiens,85.0,35.0,3,chembl:196,chembl:195
diazepam,alpha1/beta2/gamma2,alpha2/beta3/gamma2,ChEMBL,ChEMBL,EC50,nM,False,True,Homo sapiens,Homo sapiens,85.0,177.0,4,chembl:196,chembl:200
diazepam,alpha1/beta2/gamma2,alpha2/beta3/gamma2,ChEMBL,ChEMBL,EC50,nM,False,False,Homo sapiens,Homo sapiens,85.0,22.0,4,chembl:196,chembl:214
diazepam,alpha1/beta2/gamma2,alpha2/beta3/gamma2,ChEMBL,ChEMBL,EC50,nM,False,False,Homo sapiens,Homo sapiens,85.0,212.67,4,chembl:196,chembl:217
diazepam,alpha1/beta2/gamma2,alpha2/beta2/gamma2,ChEMBL,ChEMBL,EC50,nM,True,False,Homo sapiens,Homo sapiens,85.0,20.0,4,chembl:196,chembl:230
diazepam,alpha1/beta2/gamma2,alpha2,ChEMBL,ChEMBL,EC50,nM,False,False,Homo sapiens,Rattus norvegicus,85.0,7.0,4,chembl:196,chembl:231
diazepam,alpha1/beta2/gamma2,alpha2,ChEMBL,ChEMBL,EC50,nM,False,False,Homo sapiens,Rattus norvegicus,85.0,39.0,4,chembl:196,chembl:232
diazepam,alpha1/beta2/gamma2,alpha2,ChEMBL,ChEMBL,EC50,nM,False,False,Homo sapiens,Rattus norvegicus,85.0,15.0,4,chembl:196,chembl:233
diazepam,alpha1/beta2/gamma2,alpha2,ChEMBL,ChEMBL,EC50,nM,False,False,Homo sapiens,Rattus norvegicus,85.0,81.0,4,chembl:196,chembl:234
diazepam,alpha1/beta2/gamma2,alpha2,ChEMBL,ChEMBL,EC50,nM,False,False,Homo sapiens,Rattus norvegicus,85.0,20.0,4,chembl:196,chembl:236
diazepam,alpha1/beta2/gamma2,alpha2,ChEMBL,ChEMBL,EC50,nM,False,False,Homo sapiens,Homo sapiens,85.0,17.0,4,chembl:196,chembl:253
diazepam,alpha1/beta2/gamma2,alpha2/beta3/gamma2,ChEMBL,ChEMBL,Activity,%,False,False,Homo sapiens,Homo sapiens,192.0,6.6,4,chembl:198,chembl:40
diazepam,alpha1/beta2/gamma2,alpha2/beta3/gamma2,ChEMBL,ChEMBL,Activity,%,False,False,Homo sapiens,Homo sapiens,192.0,20.0,4,chembl:198,chembl:64
diazepam,alpha1/beta2/gamma2,alpha2/beta3/gamma2,ChEMBL,ChEMBL,Activity,%,False,False,Homo sapiens,Homo sapiens,192.0,20.0,4,chembl:198,chembl:69
diazepam,alpha1/beta2/gamma2,alpha2/beta3/gamma2,ChEMBL,ChEMBL,Activity,%,False,False,Homo sapiens,Homo sapiens,192.0,26.2,4,chembl:198,chembl:76
diazepam,alpha1/beta2/gamma2,alpha2/beta3/gamma2,ChEMBL,ChEMBL,Activity,%,False,False,Homo sapiens,Homo sapiens,192.0,89.0,4,chembl:198,chembl:77
diazepam,alpha1/beta2/gamma2,alpha2/beta2/gamma2,ChEMBL,ChEMBL,Activity,%,True,False,Homo sapiens,Rattus norvegicus,192.0,20.0,4,chembl:198,chembl:98
diazepam,alpha1/beta2/gamma2,alpha2/beta3/gamma2,ChEMBL,ChEMBL,Activity,%,False,False,Homo sapiens,Homo sapiens,192.0,6.6,4,chembl:198,chembl:157
diazepam,alpha1/beta2/gamma2,alpha2/beta3/gamma2,ChEMBL,ChEMBL,Activity,%,False,False,Homo sapiens,Homo sapiens,192.0,138.0,4,chembl:198,chembl:161
diazepam,alpha1/beta2/gamma2,alpha2/beta3/gamma2,ChEMBL,ChEMBL,Activity,%,False,False,Homo sapiens,Homo sapiens,192.0,6.6,4,chembl:198,chembl:167
diazepam,alpha1/beta2/gamma2,alpha2/beta3/gamma2,ChEMBL,ChEMBL,Activity,%,False,False,Homo sapiens,Homo sapiens,192.0,33.0,4,chembl:198,chembl:174
diazepam,alpha1/beta2/gamma2,alpha2/beta3/gamma2,ChEMBL,ChEMBL,Activity,%,False,False,Homo sapiens,Homo sapiens,192.0,20.0,4,chembl:198,chembl:182
diazepam,alpha1/beta2/gamma2,alpha2/beta3/gamma2,ChEMBL,ChEMBL,Activity,%,False,False,Homo sapiens,Homo sapiens,192.0,115.0,4,chembl:198,chembl:185
diazepam,alpha1/beta2/gamma2,alpha2/beta3/gamma2,ChEMBL,ChEMBL,Activity,%,False,False,Homo sapiens,Homo sapiens,192.0,508.0,3,chembl:198,chembl:191
diazepam,alpha1/beta2/gamma2,alpha2/beta3/gamma2,ChEMBL,ChEMBL,Activity,%,False,True,Homo sapiens,Homo sapiens,192.0,35.0,4,chembl:198,chembl:195
diazepam,alpha1/beta2/gamma2,alpha2/beta3/gamma2,ChEMBL,ChEMBL,Activity,%,False,True,Homo sapiens,Homo sapiens,192.0,177.0,3,chembl:198,chembl:200
diazepam,alpha1/beta2/gamma2,alpha2/beta3/gamma2,ChEMBL,ChEMBL,Activity,%,False,False,Homo sapiens,Homo sapiens,192.0,22.0,4,chembl:198,chembl:214
diazepam,alpha1/beta2/gamma2,alpha2/beta3/gamma2,ChEMBL,ChEMBL,Activity,%,False,False,Homo sapiens,Homo sapiens,192.0,212.67,3,chembl:198,chembl:217
diazepam,alpha1/beta2/gamma2,alpha2/beta2/gamma2,ChEMBL,ChEMBL,Activity,%,True,False,Homo sapiens,Homo sapiens,192.0,20.0,4,chembl:198,chembl:230
diazepam,alpha1/beta2/gamma2,alpha2,ChEMBL,ChEMBL,Activity,%,False,False,Homo sapiens,Rattus norvegicus,192.0,7.0,4,chembl:198,chembl:231
diazepam,alpha1/beta2/gamma2,alpha2,ChEMBL,ChEMBL,Activity,%,False,False,Homo sapiens,Rattus norvegicus,192.0,39.0,4,chembl:198,chembl:232
diazepam,alpha1/beta2/gamma2,alpha2,ChEMBL,ChEMBL,Activity,%,False,False,Homo sapiens,Rattus norvegicus,192.0,15.0,4,chembl:198,chembl:233
diazepam,alpha1/beta2/gamma2,alpha2,ChEMBL,ChEMBL,Activity,%,False,False,Homo sapiens,Rattus norvegicus,192.0,81.0,4,chembl:198,chembl:234
diazepam,alpha1/beta2/gamma2,alpha2,ChEMBL,ChEMBL,Activity,%,False,False,Homo sapiens,Rattus norvegicus,192.0,20.0,4,chembl:198,chembl:236
diazepam,alpha1/beta2/gamma2,alpha2,ChEMBL,ChEMBL,Activity,%,False,False,Homo sapiens,Homo sapiens,192.0,17.0,4,chembl:198,chembl:253
diazepam,alpha1/beta3/gamma2,alpha2/beta3/gamma2,ChEMBL,ChEMBL,Activity,%,True,False,Homo sapiens,Homo sapiens,216.0,6.6,4,chembl:205,chembl:40
diazepam,alpha1/beta3/gamma2,alpha2/beta3/gamma2,ChEMBL,ChEMBL,Activity,%,True,False,Homo sapiens,Homo sapiens,216.0,20.0,4,chembl:205,chembl:64
diazepam,alpha1/beta3/gamma2,alpha2/beta3/gamma2,ChEMBL,ChEMBL,Activity,%,True,False,Homo sapiens,Homo sapiens,216.0,20.0,4,chembl:205,chembl:69
diazepam,alpha1/beta3/gamma2,alpha2/beta3/gamma2,ChEMBL,ChEMBL,Activity,%,True,False,Homo sapiens,Homo sapiens,216.0,26.2,4,chembl:205,chembl:76
diazepam,alpha1/beta3/gamma2,alpha2/beta3/gamma2,ChEMBL,ChEMBL,Activity,%,True,False,Homo sapiens,Homo sapiens,216.0,89.0,4,chembl:205,chembl:77
diazepam,alpha1/beta3/gamma2,alpha2/beta2/gamma2,ChEMBL,ChEMBL,Activity,%,False,False,Homo sapiens,Rattus norvegicus,216.0,20.0,4,chembl:205,chembl:98
diazepam,alpha1/beta3/gamma2,alpha2/beta3/gamma2,ChEMBL,ChEMBL,Activity,%,True,False,Homo sapiens,Homo sapiens,216.0,6.6,4,chembl:205,chembl:157
diazepam,alpha1/beta3/gamma2,alpha2/beta3/gamma2,ChEMBL,ChEMBL,Activity,%,True,False,Homo sapiens,Homo sapiens,216.0,138.0,4,chembl:205,chembl:161
diazepam,alpha1/beta3/gamma2,alpha2/beta3/gamma2,ChEMBL,ChEMBL,Activity,%,True,False,Homo sapiens,Homo sapiens,216.0,6.6,4,chembl:205,chembl:167
diazepam,alpha1/beta3/gamma2,alpha2/beta3/gamma2,ChEMBL,ChEMBL,Activity,%,True,False,Homo sapiens,Homo sapiens,216.0,33.0,4,chembl:205,chembl:174
diazepam,alpha1/beta3/gamma2,alpha2/beta3/gamma2,ChEMBL,ChEMBL,Activity,%,True,False,Homo sapiens,Homo sapiens,216.0,20.0,4,chembl:205,chembl:182
diazepam,alpha1/beta3/gamma2,alpha2/beta3/gamma2,ChEMBL,ChEMBL,Activity,%,True,False,Homo sapiens,Homo sapiens,216.0,115.0,4,chembl:205,chembl:185
diazepam,alpha1/beta3/gamma2,alpha2/beta3/gamma2,ChEMBL,ChEMBL,Activity,%,True,False,Homo sapiens,Homo sapiens,216.0,508.0,2,chembl:205,chembl:191
diazepam,alpha1/beta3/gamma2,alpha2/beta3/gamma2,ChEMBL,ChEMBL,Activity,%,True,False,Homo sapiens,Homo sapiens,216.0,35.0,4,chembl:205,chembl:195
diazepam,alpha1/beta3/gamma2,alpha2/beta3/gamma2,ChEMBL,ChEMBL,Activity,%,True,False,Homo sapiens,Homo sapiens,216.0,177.0,2,chembl:205,chembl:200
diazepam,alpha1/beta3/gamma2,alpha2/beta3/gamma2,ChEMBL,ChEMBL,Activity,%,True,False,Homo sapiens,Homo sapiens,216.0,22.0,4,chembl:205,chembl:214
diazepam,alpha1/beta3/gamma2,alpha2/beta3/gamma2,ChEMBL,ChEMBL,Activity,%,True,False,Homo sapiens,Homo sapiens,216.0,212.67,2,chembl:205,chembl:217
diazepam,alpha1/beta3/gamma2,alpha2/beta2/gamma2,ChEMBL,ChEMBL,Activity,%,False,False,Homo sapiens,Homo sapiens,216.0,20.0,4,chembl:205,chembl:230
diazepam,alpha1/beta3/gamma2,alpha2,ChEMBL,ChEMBL,Activity,%,False,False,Homo sapiens,Rattus norvegicus,216.0,7.0,4,chembl:205,chembl:231
diazepam,alpha1/beta3/gamma2,alpha2,ChEMBL,ChEMBL,Activity,%,False,False,Homo sapiens,Rattus norvegicus,216.0,39.0,4,chembl:205,chembl:232
diazepam,alpha1/beta3/gamma2,alpha2,ChEMBL,ChEMBL,Activity,%,False,False,Homo sapiens,Rattus norvegicus,216.0,15.0,4,chembl:205,chembl:233
diazepam,alpha1/beta3/gamma2,alpha2,ChEMBL,ChEMBL,Activity,%,False,False,Homo sapiens,Rattus norvegicus,216.0,81.0,4,chembl:205,chembl:234
diazepam,alpha1/beta3/gamma2,alpha2,ChEMBL,ChEMBL,Activity,%,False,False,Homo sapiens,Rattus norvegicus,216.0,20.0,4,chembl:205,chembl:236
diazepam,alpha1/beta3/gamma2,alpha2,ChEMBL,ChEMBL,Activity,%,False,False,Homo sapiens,Homo sapiens,216.0,17.0,4,chembl:205,chembl:253
diazepam,alpha1/beta2/gamma2,alpha2/beta3/gamma2,ChEMBL,ChEMBL,Activity,%,False,False,Homo sapiens,Homo sapiens,200.0,6.6,4,chembl:206,chembl:40
diazepam,alpha1/beta2/gamma2,alpha2/beta3/gamma2,ChEMBL,ChEMBL,Activity,%,False,False,Homo sapiens,Homo sapiens,200.0,20.0,4,chembl:206,chembl:64
diazepam,alpha1/beta2/gamma2,alpha2/beta3/gamma2,ChEMBL,ChEMBL,Activity,%,False,False,Homo sapiens,Homo sapiens,200.0,20.0,4,chembl:206,chembl:69
diazepam,alpha1/beta2/gamma2,alpha2/beta3/gamma2,ChEMBL,ChEMBL,Activity,%,False,False,Homo sapiens,Homo sapiens,200.0,26.2,4,chembl:206,chembl:76
diazepam,alpha1/beta2/gamma2,alpha2/beta3/gamma2,ChEMBL,ChEMBL,Activity,%,False,False,Homo sapiens,Homo sapiens,200.0,89.0,4,chembl:206,chembl:77
diazepam,alpha1/beta2/gamma2,alpha2/beta2/gamma2,ChEMBL,ChEMBL,Activity,%,True,False,Homo sapiens,Rattus norvegicus,200.0,20.0,4,chembl:206,chembl:98
diazepam,alpha1/beta2/gamma2,alpha2/beta3/gamma2,ChEMBL,ChEMBL,Activity,%,False,False,Homo sapiens,Homo sapiens,200.0,6.6,4,chembl:206,chembl:157
diazepam,alpha1/beta2/gamma2,alpha2/beta3/gamma2,ChEMBL,ChEMBL,Activity,%,False,False,Homo sapiens,Homo sapiens,200.0,138.0,4,chembl:206,chembl:161
diazepam,alpha1/beta2/gamma2,alpha2/beta3/gamma2,ChEMBL,ChEMBL,Activity,%,False,False,Homo sapiens,Homo sapiens,200.0,6.6,4,chembl:206,chembl:167
diazepam,alpha1/beta2/gamma2,alpha2/beta3/gamma2,ChEMBL,ChEMBL,Activity,%,False,False,Homo sapiens,Homo sapiens,200.0,33.0,4,chembl:206,chembl:174
diazepam,alpha1/beta2/gamma2,alpha2/beta3/gamma2,ChEMBL,ChEMBL,Activity,%,False,False,Homo sapiens,Homo sapiens,200.0,20.0,4,chembl:206,chembl:182
diazepam,alpha1/beta2/gamma2,alpha2/beta3/gamma2,ChEMBL,ChEMBL,Activity,%,False,False,Homo sapiens,Homo sapiens,200.0,115.0,4,chembl:206,chembl:185
diazepam,alpha1/beta2/gamma2,alpha2/beta3/gamma2,ChEMBL,ChEMBL,Activity,%,False,False,Homo sapiens,Homo sapiens,200.0,508.0,3,chembl:206,chembl:191
diazepam,alpha1/beta2/gamma2,alpha2/beta3/gamma2,ChEMBL,ChEMBL,Activity,%,False,False,Homo sapiens,Homo sapiens,200.0,35.0,4,chembl:206,chembl:195
diazepam,alpha1/beta2/gamma2,alpha2/beta3/gamma2,ChEMBL,ChEMBL,Activity,%,False,False,Homo sapiens,Homo sapiens,200.0,177.0,3,chembl:206,chembl:200
diazepam,alpha1/beta2/gamma2,alpha2/beta3/gamma2,ChEMBL,ChEMBL,Activity,%,False,False,Homo sapiens,Homo sapiens,200.0,22.0,4,chembl:206,chembl:214
diazepam,alpha1/beta2/gamma2,alpha2/beta3/gamma2,ChEMBL,ChEMBL,Activity,%,False,False,Homo sapiens,Homo sapiens,200.0,212.67,3,chembl:206,chembl:217
diazepam,alpha1/beta2/gamma2,alpha2/beta2/gamma2,ChEMBL,ChEMBL,Activity,%,True,False,Homo sapiens,Homo sapiens,200.0,20.0,4,chembl:206,chembl:230
diazepam,alpha1/beta2/gamma2,alpha2,ChEMBL,ChEMBL,Activity,%,False,False,Homo sapiens,Rattus norvegicus,200.0,7.0,4,chembl:206,chembl:231
diazepam,alpha1/beta2/gamma2,alpha2,ChEMBL,ChEMBL,Activity,%,False,False,Homo sapiens,Rattus norvegicus,200.0,39.0,4,chembl:206,chembl:232
diazepam,alpha1/beta2/gamma2,alpha2,ChEMBL,ChEMBL,Activity,%,False,False,Homo sapiens,Rattus norvegicus,200.0,15.0,4,chembl:206,chembl:233
diazepam,alpha1/beta2/gamma2,alpha2,ChEMBL,ChEMBL,Activity,%,False,False,Homo sapiens,Rattus norvegicus,200.0,81.0,4,chembl:206,chembl:234
diazepam,alpha1/beta2/gamma2,alpha2,ChEMBL,ChEMBL,Activity,%,False,False,Homo sapiens,Rattus norvegicus,200.0,20.0,4,chembl:206,chembl:236
diazepam,alpha1/beta2/gamma2,alpha2,ChEMBL,ChEMBL,Activity,%,False,False,Homo sapiens,Homo sapiens,200.0,17.0,4,chembl:206,chembl:253
diazepam,alpha1/beta2/gamma2,alpha2/beta3/gamma2,ChEMBL,ChEMBL,EC50,nM,False,False,Homo sapiens,Homo sapiens,100.0,6.6,4,chembl:207,chembl:40
diazepam,alpha1/beta2/gamma2,alpha2/beta3/gamma2,ChEMBL,ChEMBL,EC50,nM,False,False,Homo sapiens,Homo sapiens,100.0,20.0,4,chembl:207,chembl:64
diazepam,alpha1/beta2/gamma2,alpha2/beta3/gamma2,ChEMBL,ChEMBL,EC50,nM,False,False,Homo sapiens,Homo sapiens,100.0,20.0,4,chembl:207,chembl:69
diazepam,alpha1/beta2/gamma2,alpha2/beta3/gamma2,ChEMBL,ChEMBL,EC50,nM,False,False,Homo sapiens,Homo sapiens,100.0,26.2,4,chembl:207,chembl:76
diazepam,alpha1/beta2/gamma2,alpha2/beta3/gamma2,ChEMBL,ChEMBL,EC50,nM,False,False,Homo sapiens,Homo sapiens,100.0,89.0,4,chembl:207,chembl:77
diazepam,alpha1/beta2/gamma2,alpha2/beta2/gamma2,ChEMBL,ChEMBL,EC50,nM,True,False,Homo sapiens,Rattus norvegicus,100.0,20.0,4,chembl:207,chembl:98
diazepam,alpha1/beta2/gamma2,alpha2/beta3/gamma2,ChEMBL,ChEMBL,EC50,nM,False,False,Homo sapiens,Homo sapiens,100.0,6.6,4,chembl:207,chembl:157
diazepam,alpha1/beta2/gamma2,alpha2/beta3/gamma2,ChEMBL,ChEMBL,EC50,nM,False,False,Homo sapiens,Homo sapiens,100.0,138.0,4,chembl:207,chembl:161
diazepam,alpha1/beta2/gamma2,alpha2/beta3/gamma2,ChEMBL,ChEMBL,EC50,nM,False,False,Homo sapiens,Homo sapiens,100.0,6.6,4,chembl:207,chembl:167
diazepam,alpha1/beta2/gamma2,alpha2/beta3/gamma2,ChEMBL,ChEMBL,EC50,nM,False,False,Homo sapiens,Homo sapiens,100.0,33.0,4,chembl:207,chembl:174
diazepam,alpha1/beta2/gamma2,alpha2/beta3/gamma2,ChEMBL,ChEMBL,EC50,nM,False,False,Homo sapiens,Homo sapiens,100.0,20.0,4,chembl:207,chembl:182
diazepam,alpha1/beta2/gamma2,alpha2/beta3/gamma2,ChEMBL,ChEMBL,EC50,nM,False,False,Homo sapiens,Homo sapiens,100.0,115.0,4,chembl:207,chembl:185
diazepam,alpha1/beta2/gamma2,alpha2/beta3/gamma2,ChEMBL,ChEMBL,EC50,nM,False,False,Homo sapiens,Homo sapiens,100.0,508.0,4,chembl:207,chembl:191
diazepam,alpha1/beta2/gamma2,alpha2/beta3/gamma2,ChEMBL,ChEMBL,EC50,nM,False,False,Homo sapiens,Homo sapiens,100.0,35.0,3,chembl:207,chembl:195
diazepam,alpha1/beta2/gamma2,alpha2/beta3/gamma2,ChEMBL,ChEMBL,EC50,nM,False,False,Homo sapiens,Homo sapiens,100.0,177.0,4,chembl:207,chembl:200
diazepam,alpha1/beta2/gamma2,alpha2/beta3/gamma2,ChEMBL,ChEMBL,EC50,nM,False,False,Homo sapiens,Homo sapiens,100.0,22.0,4,chembl:207,chembl:214
diazepam,alpha1/beta2/gamma2,alpha2/beta3/gamma2,ChEMBL,ChEMBL,EC50,nM,False,False,Homo sapiens,Homo sapiens,100.0,212.67,4,chembl:207,chembl:217
diazepam,alpha1/beta2/gamma2,alpha2/beta2/gamma2,ChEMBL,ChEMBL,EC50,nM,True,False,Homo sapiens,Homo sapiens,100.0,20.0,4,chembl:207,chembl:230
diazepam,alpha1/beta2/gamma2,alpha2,ChEMBL,ChEMBL,EC50,nM,False,False,Homo sapiens,Rattus norvegicus,100.0,7.0,4,chembl:207,chembl:231
diazepam,alpha1/beta2/gamma2,alpha2,ChEMBL,ChEMBL,EC50,nM,False,False,Homo sapiens,Rattus norvegicus,100.0,39.0,4,chembl:207,chembl:232
diazepam,alpha1/beta2/gamma2,alpha2,ChEMBL,ChEMBL,EC50,nM,False,False,Homo sapiens,Rattus norvegicus,100.0,15.0,4,chembl:207,chembl:233
diazepam,alpha1/beta2/gamma2,alpha2,ChEMBL,ChEMBL,EC50,nM,False,False,Homo sapiens,Rattus norvegicus,100.0,81.0,4,chembl:207,chembl:234
diazepam,alpha1/beta2/gamma2,alpha2,ChEMBL,ChEMBL,EC50,nM,False,False,Homo sapiens,Rattus norvegicus,100.0,20.0,4,chembl:207,chembl:236
diazepam,alpha1/beta2/gamma2,alpha2,ChEMBL,ChEMBL,EC50,nM,False,False,Homo sapiens,Homo sapiens,100.0,17.0,4,chembl:207,chembl:253
diazepam,alpha1/beta2/gamma2,alpha2/beta3/gamma2,ChEMBL,ChEMBL,Ki,nM,False,False,Homo sapiens,Homo sapiens,14.0,6.6,3,chembl:209,chembl:40
diazepam,alpha1/beta2/gamma2,alpha2/beta3/gamma2,ChEMBL,ChEMBL,Ki,nM,False,False,Homo sapiens,Homo sapiens,14.0,20.0,3,chembl:209,chembl:64
diazepam,alpha1/beta2/gamma2,alpha2/beta3/gamma2,ChEMBL,ChEMBL,Ki,nM,False,False,Homo sapiens,Homo sapiens,14.0,20.0,3,chembl:209,chembl:69
diazepam,alpha1/beta2/gamma2,alpha2/beta3/gamma2,ChEMBL,ChEMBL,Ki,nM,False,False,Homo sapiens,Homo sapiens,14.0,26.2,3,chembl:209,chembl:76
diazepam,alpha1/beta2/gamma2,alpha2/beta3/gamma2,ChEMBL,ChEMBL,Ki,nM,False,False,Homo sapiens,Homo sapiens,14.0,89.0,4,chembl:209,chembl:77
diazepam,alpha1/beta2/gamma2,alpha2/beta2/gamma2,ChEMBL,ChEMBL,Ki,nM,True,False,Homo sapiens,Rattus norvegicus,14.0,20.0,4,chembl:209,chembl:98
diazepam,alpha1/beta2/gamma2,alpha2/beta3/gamma2,ChEMBL,ChEMBL,Ki,nM,False,False,Homo sapiens,Homo sapiens,14.0,6.6,3,chembl:209,chembl:157
diazepam,alpha1/beta2/gamma2,alpha2/beta3/gamma2,ChEMBL,ChEMBL,Ki,nM,False,False,Homo sapiens,Homo sapiens,14.0,138.0,4,chembl:209,chembl:161
diazepam,alpha1/beta2/gamma2,alpha2/beta3/gamma2,ChEMBL,ChEMBL,Ki,nM,False,False,Homo sapiens,Homo sapiens,14.0,6.6,3,chembl:209,chembl:167
diazepam,alpha1/beta2/gamma2,alpha2/beta3/gamma2,ChEMBL,ChEMBL,Ki,nM,False,False,Homo sapiens,Homo sapiens,14.0,33.0,3,chembl:209,chembl:174
diazepam,alpha1/beta2/gamma2,alpha2/beta3/gamma2,ChEMBL,ChEMBL,Ki,nM,False,False,Homo sapiens,Homo sapiens,14.0,20.0,3,chembl:209,chembl:182
diazepam,alpha1/beta2/gamma2,alpha2/beta3/gamma2,ChEMBL,ChEMBL,Ki,nM,False,False,Homo sapiens,Homo sapiens,14.0,115.0,4,chembl:209,chembl:185
diazepam,alpha1/beta2/gamma2,alpha2/beta3/gamma2,ChEMBL,ChEMBL,Ki,nM,False,False,Homo sapiens,Homo sapiens,14.0,508.0,4,chembl:209,chembl:191
diazepam,alpha1/beta2/gamma2,alpha2/beta3/gamma2,ChEMBL,ChEMBL,Ki,nM,False,False,Homo sapiens,Homo sapiens,14.0,35.0,4,chembl:209,chembl:195
diazepam,alpha1/beta2/gamma2,alpha2/beta3/gamma2,ChEMBL,ChEMBL,Ki,nM,False,False,Homo sapiens,Homo sapiens,14.0,177.0,4,chembl:209,chembl:200
diazepam,alpha1/beta2/gamma2,alpha2/beta3/gamma2,ChEMBL,ChEMBL,Ki,nM,False,False,Homo sapiens,Homo sapiens,14.0,22.0,3,chembl:209,chembl:214
diazepam,alpha1/beta2/gamma2,alpha2/beta3/gamma2,ChEMBL,ChEMBL,Ki,nM,False,False,Homo sapiens,Homo sapiens,14.0,212.67,4,chembl:209,chembl:217
diazepam,alpha1/beta2/gamma2,alpha2/beta2/gamma2,ChEMBL,ChEMBL,Ki,nM,True,True,Homo sapiens,Homo sapiens,14.0,20.0,1,chembl:209,chembl:230
diazepam,alpha1/beta2/gamma2,alpha2,ChEMBL,ChEMBL,Ki,nM,False,False,Homo sapiens,Rattus norvegicus,14.0,7.0,4,chembl:209,chembl:231
diazepam,alpha1/beta2/gamma2,alpha2,ChEMBL,ChEMBL,Ki,nM,False,False,Homo sapiens,Rattus norvegicus,14.0,39.0,4,chembl:209,chembl:232
diazepam,alpha1/beta2/gamma2,alpha2,ChEMBL,ChEMBL,Ki,nM,False,False,Homo sapiens,Rattus norvegicus,14.0,15.0,4,chembl:209,chembl:233
diazepam,alpha1/beta2/gamma2,alpha2,ChEMBL,ChEMBL,Ki,nM,False,False,Homo sapiens,Rattus norvegicus,14.0,81.0,4,chembl:209,chembl:234
diazepam,alpha1/beta2/gamma2,alpha2,ChEMBL,ChEMBL,Ki,nM,False,False,Homo sapiens,Rattus norvegicus,14.0,20.0,4,chembl:209,chembl:236
diazepam,alpha1/beta2/gamma2,alpha2,ChEMBL,ChEMBL,Ki,nM,False,False,Homo sapiens,Homo sapiens,14.0,17.0,3,chembl:209,chembl:253
diazepam,alpha1/beta3/gamma2,alpha2/beta3/gamma2,ChEMBL,ChEMBL,Ki,nM,True,False,Homo sapiens,Homo sapiens,31.0,6.6,2,chembl:213,chembl:40
diazepam,alpha1/beta3/gamma2,alpha2/beta3/gamma2,ChEMBL,ChEMBL,Ki,nM,True,False,Homo sapiens,Homo sapiens,31.0,20.0,2,chembl:213,chembl:64
diazepam,alpha1/beta3/gamma2,alpha2/beta3/gamma2,ChEMBL,ChEMBL,Ki,nM,True,False,Homo sapiens,Homo sapiens,31.0,20.0,2,chembl:213,chembl:69
diazepam,alpha1/beta3/gamma2,alpha2/beta3/gamma2,ChEMBL,ChEMBL,Ki,nM,True,False,Homo sapiens,Homo sapiens,31.0,26.2,2,chembl:213,chembl:76
diazepam,alpha1/beta3/gamma2,alpha2/beta3/gamma2,ChEMBL,ChEMBL,Ki,nM,True,False,Homo sapiens,Homo sapiens,31.0,89.0,4,chembl:213,chembl:77
diazepam,alpha1/beta3/gamma2,alpha2/beta2/gamma2,ChEMBL,ChEMBL,Ki,nM,False,False,Homo sapiens,Rattus norvegicus,31.0,20.0,4,chembl:213,chembl:98
diazepam,alpha1/beta3/gamma2,alpha2/beta3/gamma2,ChEMBL,ChEMBL,Ki,nM,True,False,Homo sapiens,Homo sapiens,31.0,6.6,2,chembl:213,chembl:157
diazepam,alpha1/beta3/gamma2,alpha2/beta3/gamma2,ChEMBL,ChEMBL,Ki,nM,True,False,Homo sapiens,Homo sapiens,31.0,138.0,4,chembl:213,chembl:161
diazepam,alpha1/beta3/gamma2,alpha2/beta3/gamma2,ChEMBL,ChEMBL,Ki,nM,True,False,Homo sapiens,Homo sapiens,31.0,6.6,2,chembl:213,chembl:167
diazepam,alpha1/beta3/gamma2,alpha2/beta3/gamma2,ChEMBL,ChEMBL,Ki,nM,True,False,Homo sapiens,Homo sapiens,31.0,33.0,2,chembl:213,chembl:174
diazepam,alpha1/beta3/gamma2,alpha2/beta3/gamma2,ChEMBL,ChEMBL,Ki,nM,True,False,Homo sapiens,Homo sapiens,31.0,20.0,2,chembl:213,chembl:182
diazepam,alpha1/beta3/gamma2,alpha2/beta3/gamma2,ChEMBL,ChEMBL,Ki,nM,True,False,Homo sapiens,Homo sapiens,31.0,115.0,4,chembl:213,chembl:185
diazepam,alpha1/beta3/gamma2,alpha2/beta3/gamma2,ChEMBL,ChEMBL,Ki,nM,True,False,Homo sapiens,Homo sapiens,31.0,508.0,4,chembl:213,chembl:191
diazepam,alpha1/beta3/gamma2,alpha2/beta3/gamma2,ChEMBL,ChEMBL,Ki,nM,True,False,Homo sapiens,Homo sapiens,31.0,35.0,4,chembl:213,chembl:195
diazepam,alpha1/beta3/gamma2,alpha2/beta3/gamma2,ChEMBL,ChEMBL,Ki,nM,True,False,Homo sapiens,Homo sapiens,31.0,177.0,4,chembl:213,chembl:200
diazepam,alpha1/beta3/gamma2,alpha2/beta3/gamma2,ChEMBL,ChEMBL,Ki,nM,True,True,Homo sapiens,Homo sapiens,31.0,22.0,1,chembl:213,chembl:214
diazepam,alpha1/beta3/gamma2,alpha2/beta3/gamma2,ChEMBL,ChEMBL,Ki,nM,True,False,Homo sapiens,Homo sapiens,31.0,212.67,4,chembl:213,chembl:217
diazepam,alpha1/beta3/gamma2,alpha2/beta2/gamma2,ChEMBL,ChEMBL,Ki,nM,False,False,Homo sapiens,Homo sapiens,31.0,20.0,3,chembl:213,chembl:230
diazepam,alpha1/beta3/gamma2,alpha2,ChEMBL,ChEMBL,Ki,nM,False,False,Homo sapiens,Rattus norvegicus,31.0,7.0,4,chembl:213,chembl:231
diazepam,alpha1/beta3/gamma2,alpha2,ChEMBL,ChEMBL,Ki,nM,False,False,Homo sapiens,Rattus norvegicus,31.0,39.0,4,chembl:213,chembl:232
diazepam,alpha1/beta3/gamma2,alpha2,ChEMBL,ChEMBL,Ki,nM,False,False,Homo sapiens,Rattus norvegicus,31.0,15.0,4,chembl:213,chembl:233
diazepam,alpha1/beta3/gamma2,alpha2,ChEMBL,ChEMBL,Ki,nM,False,False,Homo sapiens,Rattus norvegicus,31.0,81.0,4,chembl:213,chembl:234
diazepam,alpha1/beta3/gamma2,alpha2,ChEMBL,ChEMBL,Ki,nM,False,False,Homo sapiens,Rattus norvegicus,31.0,20.0,4,chembl:213,chembl:236
diazepam,alpha1/beta3/gamma2,alpha2,ChEMBL,ChEMBL,Ki,nM,False,False,Homo sapiens,Homo sapiens,31.0,17.0,3,chembl:213,chembl:253
diazepam,alpha1/beta2/gamma2,alpha2/beta3/gamma2,ChEMBL,ChEMBL,Activity,%,False,False,Homo sapiens,Homo sapiens,230.0,6.6,4,chembl:216,chembl:40
diazepam,alpha1/beta2/gamma2,alpha2/beta3/gamma2,ChEMBL,ChEMBL,Activity,%,False,False,Homo sapiens,Homo sapiens,230.0,20.0,4,chembl:216,chembl:64
diazepam,alpha1/beta2/gamma2,alpha2/beta3/gamma2,ChEMBL,ChEMBL,Activity,%,False,False,Homo sapiens,Homo sapiens,230.0,20.0,4,chembl:216,chembl:69
diazepam,alpha1/beta2/gamma2,alpha2/beta3/gamma2,ChEMBL,ChEMBL,Activity,%,False,False,Homo sapiens,Homo sapiens,230.0,26.2,4,chembl:216,chembl:76
diazepam,alpha1/beta2/gamma2,alpha2/beta3/gamma2,ChEMBL,ChEMBL,Activity,%,False,False,Homo sapiens,Homo sapiens,230.0,89.0,4,chembl:216,chembl:77
diazepam,alpha1/beta2/gamma2,alpha2/beta2/gamma2,ChEMBL,ChEMBL,Activity,%,True,False,Homo sapiens,Rattus norvegicus,230.0,20.0,4,chembl:216,chembl:98
diazepam,alpha1/beta2/gamma2,alpha2/beta3/gamma2,ChEMBL,ChEMBL,Activity,%,False,False,Homo sapiens,Homo sapiens,230.0,6.6,4,chembl:216,chembl:157
diazepam,alpha1/beta2/gamma2,alpha2/beta3/gamma2,ChEMBL,ChEMBL,Activity,%,False,False,Homo sapiens,Homo sapiens,230.0,138.0,4,chembl:216,chembl:161
diazepam,alpha1/beta2/gamma2,alpha2/beta3/gamma2,ChEMBL,ChEMBL,Activity,%,False,False,Homo sapiens,Homo sapiens,230.0,6.6,4,chembl:216,chembl:167
diazepam,alpha1/beta2/gamma2,alpha2/beta3/gamma2,ChEMBL,ChEMBL,Activity,%,False,False,Homo sapiens,Homo sapiens,230.0,33.0,4,chembl:216,chembl:174
diazepam,alpha1/beta2/gamma2,alpha2/beta3/gamma2,ChEMBL,ChEMBL,Activity,%,False,False,Homo sapiens,Homo sapiens,230.0,20.0,4,chembl:216,chembl:182
diazepam,alpha1/beta2/gamma2,alpha2/beta3/gamma2,ChEMBL,ChEMBL,Activity,%,False,False,Homo sapiens,Homo sapiens,230.0,115.0,4,chembl:216,chembl:185
diazepam,alpha1/beta2/gamma2,alpha2/beta3/gamma2,ChEMBL,ChEMBL,Activity,%,False,False,Homo sapiens,Homo sapiens,230.0,508.0,3,chembl:216,chembl:191
diazepam,alpha1/beta2/gamma2,alpha2/beta3/gamma2,ChEMBL,ChEMBL,Activity,%,False,False,Homo sapiens,Homo sapiens,230.0,35.0,4,chembl:216,chembl:195
diazepam,alpha1/beta2/gamma2,alpha2/beta3/gamma2,ChEMBL,ChEMBL,Activity,%,False,False,Homo sapiens,Homo sapiens,230.0,177.0,3,chembl:216,chembl:200
diazepam,alpha1/beta2/gamma2,alpha2/beta3/gamma2,ChEMBL,ChEMBL,Activity,%,False,False,Homo sapiens,Homo sapiens,230.0,22.0,4,chembl:216,chembl:214
diazepam,alpha1/beta2/gamma2,alpha2/beta3/gamma2,ChEMBL,ChEMBL,Activity,%,False,True,Homo sapiens,Homo sapiens,230.0,212.67,3,chembl:216,chembl:217
diazepam,alpha1/beta2/gamma2,alpha2/beta2/gamma2,ChEMBL,ChEMBL,Activity,%,True,False,Homo sapiens,Homo sapiens,230.0,20.0,4,chembl:216,chembl:230
diazepam,alpha1/beta2/gamma2,alpha2,ChEMBL,ChEMBL,Activity,%,False,False,Homo sapiens,Rattus norvegicus,230.0,7.0,4,chembl:216,chembl:231
diazepam,alpha1/beta2/gamma2,alpha2,ChEMBL,ChEMBL,Activity,%,False,False,Homo sapiens,Rattus norvegicus,230.0,39.0,4,chembl:216,chembl:232
diazepam,alpha1/beta2/gamma2,alpha2,ChEMBL,ChEMBL,Activity,%,False,False,Homo sapiens,Rattus norvegicus,230.0,15.0,4,chembl:216,chembl:233
diazepam,alpha1/beta2/gamma2,alpha2,ChEMBL,ChEMBL,Activity,%,False,False,Homo sapiens,Rattus norvegicus,230.0,81.0,4,chembl:216,chembl:234
diazepam,alpha1/beta2/gamma2,alpha2,ChEMBL,ChEMBL,Activity,%,False,False,Homo sapiens,Rattus norvegicus,230.0,20.0,4,chembl:216,chembl:236
diazepam,alpha1/beta2/gamma2,alpha2,ChEMBL,ChEMBL,Activity,%,False,False,Homo sapiens,Homo sapiens,230.0,17.0,4,chembl:216,chembl:253
diazepam,alpha1/beta1/gamma2,alpha2/beta3/gamma2,ChEMBL,ChEMBL,Ki,nM,False,False,Homo sapiens,Homo sapiens,12.0,6.6,3,chembl:222,chembl:40
diazepam,alpha1/beta1/gamma2,alpha2/beta3/gamma2,ChEMBL,ChEMBL,Ki,nM,False,False,Homo sapiens,Homo sapiens,12.0,20.0,3,chembl:222,chembl:64
diazepam,alpha1/beta1/gamma2,alpha2/beta3/gamma2,ChEMBL,ChEMBL,Ki,nM,False,False,Homo sapiens,Homo sapiens,12.0,20.0,3,chembl:222,chembl:69
diazepam,alpha1/beta1/gamma2,alpha2/beta3/gamma2,ChEMBL,ChEMBL,Ki,nM,False,False,Homo sapiens,Homo sapiens,12.0,26.2,3,chembl:222,chembl:76
diazepam,alpha1/beta1/gamma2,alpha2/beta3/gamma2,ChEMBL,ChEMBL,Ki,nM,False,False,Homo sapiens,Homo sapiens,12.0,89.0,4,chembl:222,chembl:77
diazepam,alpha1/beta1/gamma2,alpha2/beta2/gamma2,ChEMBL,ChEMBL,Ki,nM,False,False,Homo sapiens,Rattus norvegicus,12.0,20.0,4,chembl:222,chembl:98
diazepam,alpha1/beta1/gamma2,alpha2/beta3/gamma2,ChEMBL,ChEMBL,Ki,nM,False,False,Homo sapiens,Homo sapiens,12.0,6.6,3,chembl:222,chembl:157
diazepam,alpha1/beta1/gamma2,alpha2/beta3/gamma2,ChEMBL,ChEMBL,Ki,nM,False,False,Homo sapiens,Homo sapiens,12.0,138.0,4,chembl:222,chembl:161
diazepam,alpha1/beta1/gamma2,alpha2/beta3/gamma2,ChEMBL,ChEMBL,Ki,nM,False,False,Homo sapiens,Homo sapiens,12.0,6.6,3,chembl:222,chembl:167
diazepam,alpha1/beta1/gamma2,alpha2/beta3/gamma2,ChEMBL,ChEMBL,Ki,nM,False,False,Homo sapiens,Homo sapiens,12.0,33.0,3,chembl:222,chembl:174
diazepam,alpha1/beta1/gamma2,alpha2/beta3/gamma2,ChEMBL,ChEMBL,Ki,nM,False,False,Homo sapiens,Homo sapiens,12.0,20.0,3,chembl:222,chembl:182
diazepam,alpha1/beta1/gamma2,alpha2/beta3/gamma2,ChEMBL,ChEMBL,Ki,nM,False,False,Homo sapiens,Homo sapiens,12.0,115.0,4,chembl:222,chembl:185
diazepam,alpha1/beta1/gamma2,alpha2/beta3/gamma2,ChEMBL,ChEMBL,Ki,nM,False,False,Homo sapiens,Homo sapiens,12.0,508.0,4,chembl:222,chembl:191
diazepam,alpha1/beta1/gamma2,alpha2/beta3/gamma2,ChEMBL,ChEMBL,Ki,nM,False,False,Homo sapiens,Homo sapiens,12.0,35.0,4,chembl:222,chembl:195
diazepam,alpha1/beta1/gamma2,alpha2/beta3/gamma2,ChEMBL,ChEMBL,Ki,nM,False,False,Homo sapiens,Homo sapiens,12.0,177.0,4,chembl:222,chembl:200
diazepam,alpha1/beta1/gamma2,alpha2/beta3/gamma2,ChEMBL,ChEMBL,Ki,nM,False,False,Homo sapiens,Homo sapiens,12.0,22.0,3,chembl:222,chembl:214
diazepam,alpha1/beta1/gamma2,alpha2/beta3/gamma2,ChEMBL,ChEMBL,Ki,nM,False,False,Homo sapiens,Homo sapiens,12.0,212.67,4,chembl:222,chembl:217
diazepam,alpha1/beta1/gamma2,alpha2/beta2/gamma2,ChEMBL,ChEMBL,Ki,nM,False,False,Homo sapiens,Homo sapiens,12.0,20.0,3,chembl:222,chembl:230
diazepam,alpha1/beta1/gamma2,alpha2,ChEMBL,ChEMBL,Ki,nM,False,False,Homo sapiens,Rattus norvegicus,12.0,7.0,4,chembl:222,chembl:231
diazepam,alpha1/beta1/gamma2,alpha2,ChEMBL,ChEMBL,Ki,nM,False,False,Homo sapiens,Rattus norvegicus,12.0,39.0,4,chembl:222,chembl:232
diazepam,alpha1/beta1/gamma2,alpha2,ChEMBL,ChEMBL,Ki,nM,False,False,Homo sapiens,Rattus norvegicus,12.0,15.0,4,chembl:222,chembl:233
diazepam,alpha1/beta1/gamma2,alpha2,ChEMBL,ChEMBL,Ki,nM,False,False,Homo sapiens,Rattus norvegicus,12.0,81.0,4,chembl:222,chembl:234
diazepam,alpha1/beta1/gamma2,alpha2,ChEMBL,ChEMBL,Ki,nM,False,False,Homo sapiens,Rattus norvegicus,12.0,20.0,4,chembl:222,chembl:236
diazepam,alpha1/beta1/gamma2,alpha2,ChEMBL,ChEMBL,Ki,nM,False,False,Homo sapiens,Homo sapiens,12.0,17.0,3,chembl:222,chembl:253
diazepam,alpha1,alpha2/beta3/gamma2,ChEMBL,ChEMBL,Kd,nM,False,False,Homo sapiens,Homo sapiens,36.0,6.6,4,chembl:224,chembl:40
diazepam,alpha1,alpha2/beta3/gamma2,ChEMBL,ChEMBL,Kd,nM,False,False,Homo sapiens,Homo sapiens,36.0,20.0,4,chembl:224,chembl:64
diazepam,alpha1,alpha2/beta3/gamma2,ChEMBL,ChEMBL,Kd,nM,False,False,Homo sapiens,Homo sapiens,36.0,20.0,4,chembl:224,chembl:69
diazepam,alpha1,alpha2/beta3/gamma2,ChEMBL,ChEMBL,Kd,nM,False,False,Homo sapiens,Homo sapiens,36.0,26.2,4,chembl:224,chembl:76
diazepam,alpha1,alpha2/beta3/gamma2,ChEMBL,ChEMBL,Kd,nM,False,False,Homo sapiens,Homo sapiens,36.0,89.0,4,chembl:224,chembl:77
diazepam,alpha1,alpha2/beta2/gamma2,ChEMBL,ChEMBL,Kd,nM,False,False,Homo sapiens,Rattus norvegicus,36.0,20.0,4,chembl:224,chembl:98
diazepam,alpha1,alpha2/beta3/gamma2,ChEMBL,ChEMBL,Kd,nM,False,False,Homo sapiens,Homo sapiens,36.0,6.6,4,chembl:224,chembl:157
diazepam,alpha1,alpha2/beta3/gamma2,ChEMBL,ChEMBL,Kd,nM,False,False,Homo sapiens,Homo sapiens,36.0,138.0,4,chembl:224,chembl:161
diazepam,alpha1,alpha2/beta3/gamma2,ChEMBL,ChEMBL,Kd,nM,False,False,Homo sapiens,Homo sapiens,36.0,6.6,4,chembl:224,chembl:167
diazepam,alpha1,alpha2/beta3/gamma2,ChEMBL,ChEMBL,Kd,nM,False,False,Homo sapiens,Homo sapiens,36.0,33.0,4,chembl:224,chembl:174
diazepam,alpha1,alpha2/beta3/gamma2,ChEMBL,ChEMBL,Kd,nM,False,False,Homo sapiens,Homo sapiens,36.0,20.0,4,chembl:224,chembl:182
diazepam,alpha1,alpha2/beta3/gamma2,ChEMBL,ChEMBL,Kd,nM,False,False,Homo sapiens,Homo sapiens,36.0,115.0,4,chembl:224,chembl:185
diazepam,alpha1,alpha2/beta3/gamma2,ChEMBL,ChEMBL,Kd,nM,False,False,Homo sapiens,Homo sapiens,36.0,508.0,4,chembl:224,chembl:191
diazepam,alpha1,alpha2/beta3/gamma2,ChEMBL,ChEMBL,Kd,nM,False,False,Homo sapiens,Homo sapiens,36.0,35.0,4,chembl:224,chembl:195
diazepam,alpha1,alpha2/beta3/gamma2,ChEMBL,ChEMBL,Kd,nM,False,False,Homo sapiens,Homo sapiens,36.0,177.0,4,chembl:224,chembl:200
diazepam,alpha1,alpha2/beta3/gamma2,ChEMBL,ChEMBL,Kd,nM,False,False,Homo sapiens,Homo sapiens,36.0,22.0,4,chembl:224,chembl:214
diazepam,alpha1,alpha2/beta3/gamma2,ChEMBL,ChEMBL,Kd,nM,False,False,Homo sapiens,Homo sapiens,36.0,212.67,4,chembl:224,chembl:217
diazepam,alpha1,alpha2/beta2/gamma2,ChEMBL,ChEMBL,Kd,nM,False,False,Homo sapiens,Homo sapiens,36.0,20.0,4,chembl:224,chembl:230
diazepam,alpha1,alpha2,ChEMBL,ChEMBL,Kd,nM,False,False,Homo sapiens,Rattus norvegicus,36.0,7.0,4,chembl:224,chembl:231
diazepam,alpha1,alpha2,ChEMBL,ChEMBL,Kd,nM,False,False,Homo sapiens,Rattus norvegicus,36.0,39.0,4,chembl:224,chembl:232
diazepam,alpha1,alpha2,ChEMBL,ChEMBL,Kd,nM,False,False,Homo sapiens,Rattus norvegicus,36.0,15.0,4,chembl:224,chembl:233
diazepam,alpha1,alpha2,ChEMBL,ChEMBL,Kd,nM,False,False,Homo sapiens,Rattus norvegicus,36.0,81.0,4,chembl:224,chembl:234
diazepam,alpha1,alpha2,ChEMBL,ChEMBL,Kd,nM,False,False,Homo sapiens,Rattus norvegicus,36.0,20.0,4,chembl:224,chembl:236
diazepam,alpha1,alpha2,ChEMBL,ChEMBL,Kd,nM,False,False,Homo sapiens,Homo sapiens,36.0,17.0,4,chembl:224,chembl:253
diazepam,alpha1,alpha2/beta3/gamma2,ChEMBL,ChEMBL,Ki,nM,False,False,Homo sapiens,Homo sapiens,16.0,6.6,3,chembl:228,chembl:40
diazepam,alpha1,alpha2/beta3/gamma2,ChEMBL,ChEMBL,Ki,nM,False,False,Homo sapiens,Homo sapiens,16.0,20.0,3,chembl:228,chembl:64
diazepam,alpha1,alpha2/beta3/gamma2,ChEMBL,ChEMBL,Ki,nM,False,False,Homo sapiens,Homo sapiens,16.0,20.0,3,chembl:228,chembl:69
diazepam,alpha1,alpha2/beta3/gamma2,ChEMBL,ChEMBL,Ki,nM,False,False,Homo sapiens,Homo sapiens,16.0,26.2,3,chembl:228,chembl:76
diazepam,alpha1,alpha2/beta3/gamma2,ChEMBL,ChEMBL,Ki,nM,False,False,Homo sapiens,Homo sapiens,16.0,89.0,4,chembl:228,chembl:77
diazepam,alpha1,alpha2/beta2/gamma2,ChEMBL,ChEMBL,Ki,nM,False,False,Homo sapiens,Rattus norvegicus,16.0,20.0,4,chembl:228,chembl:98
diazepam,alpha1,alpha2/beta3/gamma2,ChEMBL,ChEMBL,Ki,nM,False,False,Homo sapiens,Homo sapiens,16.0,6.6,3,chembl:228,chembl:157
diazepam,alpha1,alpha2/beta3/gamma2,ChEMBL,ChEMBL,Ki,nM,False,False,Homo sapiens,Homo sapiens,16.0,138.0,4,chembl:228,chembl:161
diazepam,alpha1,alpha2/beta3/gamma2,ChEMBL,ChEMBL,Ki,nM,False,False,Homo sapiens,Homo sapiens,16.0,6.6,3,chembl:228,chembl:167
diazepam,alpha1,alpha2/beta3/gamma2,ChEMBL,ChEMBL,Ki,nM,False,False,Homo sapiens,Homo sapiens,16.0,33.0,3,chembl:228,chembl:174
diazepam,alpha1,alpha2/beta3/gamma2,ChEMBL,ChEMBL,Ki,nM,False,False,Homo sapiens,Homo sapiens,16.0,20.0,3,chembl:228,chembl:182
diazepam,alpha1,alpha2/beta3/gamma2,ChEMBL,ChEMBL,Ki,nM,False,False,Homo sapiens,Homo sapiens,16.0,115.0,4,chembl:228,chembl:185
diazepam,alpha1,alpha2/beta3/gamma2,ChEMBL,ChEMBL,Ki,nM,False,False,Homo sapiens,Homo sapiens,16.0,508.0,4,chembl:228,chembl:191
diazepam,alpha1,alpha2/beta3/gamma2,ChEMBL,ChEMBL,Ki,nM,False,False,Homo sapiens,Homo sapiens,16.0,35.0,4,chembl:228,chembl:195
diazepam,alpha1,alpha2/beta3/gamma2,ChEMBL,ChEMBL,Ki,nM,False,False,Homo sapiens,Homo sapiens,16.0,177.0,4,chembl:228,chembl:200
diazepam,alpha1,alpha2/beta3/gamma2,ChEMBL,ChEMBL,Ki,nM,False,False,Homo sapiens,Homo sapiens,16.0,22.0,3,chembl:228,chembl:214
diazepam,alpha1,alpha2/beta3/gamma2,ChEMBL,ChEMBL,Ki,nM,False,False,Homo sapiens,Homo sapiens,16.0,212.67,4,chembl:228,chembl:217
diazepam,alpha1,alpha2/beta2/gamma2,ChEMBL,ChEMBL,Ki,nM,False,False,Homo sapiens,Homo sapiens,16.0,20.0,3,chembl:228,chembl:230
diazepam,alpha1,alpha2,ChEMBL,ChEMBL,Ki,nM,False,False,Homo sapiens,Rattus norvegicus,16.0,7.0,4,chembl:228,chembl:231
diazepam,alpha1,alpha2,ChEMBL,ChEMBL,Ki,nM,False,False,Homo sapiens,Rattus norvegicus,16.0,39.0,4,chembl:228,chembl:232
diazepam,alpha1,alpha2,ChEMBL,ChEMBL,Ki,nM,False,False,Homo sapiens,Rattus norvegicus,16.0,15.0,4,chembl:228,chembl:233
diazepam,alpha1,alpha2,ChEMBL,ChEMBL,Ki,nM,False,False,Homo sapiens,Rattus norvegicus,16.0,81.0,4,chembl:228,chembl:234
diazepam,alpha1,alpha2,ChEMBL,ChEMBL,Ki,nM,False,False,Homo sapiens,Rattus norvegicus,16.0,20.0,4,chembl:228,chembl:236
diazepam,alpha1,alpha2,ChEMBL,ChEMBL,Ki,nM,False,True,Homo sapiens,Homo sapiens,16.0,17.0,3,chembl:228,chembl:253
diazepam,alpha1,alpha2/beta3/gamma2,ChEMBL,ChEMBL,Ki,nM,False,False,Rattus norvegicus,Homo sapiens,14.0,6.6,4,chembl:235,chembl:40
diazepam,alpha1,alpha2/beta3/gamma2,ChEMBL,ChEMBL,Ki,nM,False,False,Rattus norvegicus,Homo sapiens,14.0,20.0,4,chembl:235,chembl:64
diazepam,alpha1,alpha2/beta3/gamma2,ChEMBL,ChEMBL,Ki,nM,False,False,Rattus norvegicus,Homo sapiens,14.0,20.0,4,chembl:235,chembl:69
diazepam,alpha1,alpha2/beta3/gamma2,ChEMBL,ChEMBL,Ki,nM,False,False,Rattus norvegicus,Homo sapiens,14.0,26.2,4,chembl:235,chembl:76
diazepam,alpha1,alpha2/beta3/gamma2,ChEMBL,ChEMBL,Ki,nM,False,False,Rattus norvegicus,Homo sapiens,14.0,89.0,4,chembl:235,chembl:77
diazepam,alpha1,alpha2/beta2/gamma2,ChEMBL,ChEMBL,Ki,nM,False,False,Rattus norvegicus,Rattus norvegicus,14.0,20.0,4,chembl:235,chembl:98
diazepam,alpha1,alpha2/beta3/gamma2,ChEMBL,ChEMBL,Ki,nM,False,False,Rattus norvegicus,Homo sapiens,14.0,6.6,4,chembl:235,chembl:157
diazepam,alpha1,alpha2/beta3/gamma2,ChEMBL,ChEMBL,Ki,nM,False,False,Rattus norvegicus,Homo sapiens,14.0,138.0,4,chembl:235,chembl:161
diazepam,alpha1,alpha2/beta3/gamma2,ChEMBL,ChEMBL,Ki,nM,False,False,Rattus norvegicus,Homo sapiens,14.0,6.6,4,chembl:235,chembl:167
diazepam,alpha1,alpha2/beta3/gamma2,ChEMBL,ChEMBL,Ki,nM,False,False,Rattus norvegicus,Homo sapiens,14.0,33.0,4,chembl:235,chembl:174
diazepam,alpha1,alpha2/beta3/gamma2,ChEMBL,ChEMBL,Ki,nM,False,False,Rattus norvegicus,Homo sapiens,14.0,20.0,4,chembl:235,chembl:182
diazepam,alpha1,alpha2/beta3/gamma2,ChEMBL,ChEMBL,Ki,nM,False,False,Rattus norvegicus,Homo sapiens,14.0,115.0,4,chembl:235,chembl:185
diazepam,alpha1,alpha2/beta3/gamma2,ChEMBL,ChEMBL,Ki,nM,False,False,Rattus norvegicus,Homo sapiens,14.0,508.0,4,chembl:235,chembl:191
diazepam,alpha1,alpha2/beta3/gamma2,ChEMBL,ChEMBL,Ki,nM,False,False,Rattus norvegicus,Homo sapiens,14.0,35.0,4,chembl:235,chembl:195
diazepam,alpha1,alpha2/beta3/gamma2,ChEMBL,ChEMBL,Ki,nM,False,False,Rattus norvegicus,Homo sapiens,14.0,177.0,4,chembl:235,chembl:200
diazepam,alpha1,alpha2/beta3/gamma2,ChEMBL,ChEMBL,Ki,nM,False,False,Rattus norvegicus,Homo sapiens,14.0,22.0,4,chembl:235,chembl:214
diazepam,alpha1,alpha2/beta3/gamma2,ChEMBL,ChEMBL,Ki,nM,False,False,Rattus norvegicus,Homo sapiens,14.0,212.67,4,chembl:235,chembl:217
diazepam,alpha1,alpha2/beta2/gamma2,ChEMBL,ChEMBL,Ki,nM,False,False,Rattus norvegicus,Homo sapiens,14.0,20.0,4,chembl:235,chembl:230
diazepam,alpha1,alpha2,ChEMBL,ChEMBL,Ki,nM,False,False,Rattus norvegicus,Rattus norvegicus,14.0,7.0,4,chembl:235,chembl:231
diazepam,alpha1,alpha2,ChEMBL,ChEMBL,Ki,nM,False,False,Rattus norvegicus,Rattus norvegicus,14.0,39.0,4,chembl:235,chembl:232
diazepam,alpha1,alpha2,ChEMBL,ChEMBL,Ki,nM,False,False,Rattus norvegicus,Rattus norvegicus,14.0,15.0,4,chembl:235,chembl:233
diazepam,alpha1,alpha2,ChEMBL,ChEMBL,Ki,nM,False,False,Rattus norvegicus,Rattus norvegicus,14.0,81.0,4,chembl:235,chembl:234
diazepam,alpha1,alpha2,ChEMBL,ChEMBL,Ki,nM,False,True,Rattus norvegicus,Rattus norvegicus,14.0,20.0,4,chembl:235,chembl:236
diazepam,alpha1,alpha2,ChEMBL,ChEMBL,Ki,nM,False,False,Rattus norvegicus,Homo sapiens,14.0,17.0,4,chembl:235,chembl:253
diazepam,alpha1,alpha2/beta3/gamma2,ChEMBL,ChEMBL,AC50,nM,False,False,Rattus norvegicus,Homo sapiens,10000.0,6.6,4,chembl:237,chembl:40
diazepam,alpha1,alpha2/beta3/gamma2,ChEMBL,ChEMBL,AC50,nM,False,False,Rattus norvegicus,Homo sapiens,10000.0,20.0,4,chembl:237,chembl:64
diazepam,alpha1,alpha2/beta3/gamma2,ChEMBL,ChEMBL,AC50,nM,False,False,Rattus norvegicus,Homo sapiens,10000.0,20.0,4,chembl:237,chembl:69
diazepam,alpha1,alpha2/beta3/gamma2,ChEMBL,ChEMBL,AC50,nM,False,False,Rattus norvegicus,Homo sapiens,10000.0,26.2,4,chembl:237,chembl:76
diazepam,alpha1,alpha2/beta3/gamma2,ChEMBL,ChEMBL,AC50,nM,False,False,Rattus norvegicus,Homo sapiens,10000.0,89.0,4,chembl:237,chembl:77
diazepam,alpha1,alpha2/beta2/gamma2,ChEMBL,ChEMBL,AC50,nM,False,False,Rattus norvegicus,Rattus norvegicus,10000.0,20.0,4,chembl:237,chembl:98
diazepam,alpha1,alpha2/beta3/gamma2,ChEMBL,ChEMBL,AC50,nM,False,False,Rattus norvegicus,Homo sapiens,10000.0,6.6,4,chembl:237,chembl:157
diazepam,alpha1,alpha2/beta3/gamma2,ChEMBL,ChEMBL,AC50,nM,False,False,Rattus norvegicus,Homo sapiens,10000.0,138.0,4,chembl:237,chembl:161
diazepam,alpha1,alpha2/beta3/gamma2,ChEMBL,ChEMBL,AC50,nM,False,False,Rattus norvegicus,Homo sapiens,10000.0,6.6,4,chembl:237,chembl:167
diazepam,alpha1,alpha2/beta3/gamma2,ChEMBL,ChEMBL,AC50,nM,False,False,Rattus norvegicus,Homo sapiens,10000.0,33.0,4,chembl:237,chembl:174
diazepam,alpha1,alpha2/beta3/gamma2,ChEMBL,ChEMBL,AC50,nM,False,False,Rattus norvegicus,Homo sapiens,10000.0,20.0,4,chembl:237,chembl:182
diazepam,alpha1,alpha2/beta3/gamma2,ChEMBL,ChEMBL,AC50,nM,False,False,Rattus norvegicus,Homo sapiens,10000.0,115.0,4,chembl:237,chembl:185
diazepam,alpha1,alpha2/beta3/gamma2,ChEMBL,ChEMBL,AC50,nM,False,False,Rattus norvegicus,Homo sapiens,10000.0,508.0,4,chembl:237,chembl:191
diazepam,alpha1,alpha2/beta3/gamma2,ChEMBL,ChEMBL,AC50,nM,False,False,Rattus norvegicus,Homo sapiens,10000.0,35.0,4,chembl:237,chembl:195
diazepam,alpha1,alpha2/beta3/gamma2,ChEMBL,ChEMBL,AC50,nM,False,False,Rattus norvegicus,Homo sapiens,10000.0,177.0,4,chembl:237,chembl:200
diazepam,alpha1,alpha2/beta3/gamma2,ChEMBL,ChEMBL,AC50,nM,False,False,Rattus norvegicus,Homo sapiens,10000.0,22.0,4,chembl:237,chembl:214
diazepam,alpha1,alpha2/beta3/gamma2,ChEMBL,ChEMBL,AC50,nM,False,False,Rattus norvegicus,Homo sapiens,10000.0,212.67,4,chembl:237,chembl:217
diazepam,alpha1,alpha2/beta2/gamma2,ChEMBL,ChEMBL,AC50,nM,False,False,Rattus norvegicus,Homo sapiens,10000.0,20.0,4,chembl:237,chembl:230
diazepam,alpha1,alpha2,ChEMBL,ChEMBL,AC50,nM,False,False,Rattus norvegicus,Rattus norvegicus,10000.0,7.0,4,chembl:237,chembl:231
diazepam,alpha1,alpha2,ChEMBL,ChEMBL,AC50,nM,False,False,Rattus norvegicus,Rattus norvegicus,10000.0,39.0,4,chembl:237,chembl:232
diazepam,alpha1,alpha2,ChEMBL,ChEMBL,AC50,nM,False,False,Rattus norvegicus,Rattus norvegicus,10000.0,15.0,4,chembl:237,chembl:233
diazepam,alpha1,alpha2,ChEMBL,ChEMBL,AC50,nM,False,False,Rattus norvegicus,Rattus norvegicus,10000.0,81.0,4,chembl:237,chembl:234
diazepam,alpha1,alpha2,ChEMBL,ChEMBL,AC50,nM,False,False,Rattus norvegicus,Rattus norvegicus,10000.0,20.0,4,chembl:237,chembl:236
diazepam,alpha1,alpha2,ChEMBL,ChEMBL,AC50,nM,False,False,Rattus norvegicus,Homo sapiens,10000.0,17.0,4,chembl:237,chembl:253
diazepam,alpha1,alpha2/beta3/gamma2,ChEMBL,ChEMBL,AC50,nM,False,False,Rattus norvegicus,Homo sapiens,10.6,6.6,4,chembl:238,chembl:40
diazepam,alpha1,alpha2/beta3/gamma2,ChEMBL,ChEMBL,AC50,nM,False,False,Rattus norvegicus,Homo sapiens,10.6,20.0,4,chembl:238,chembl:64
diazepam,alpha1,alpha2/beta3/gamma2,ChEMBL,ChEMBL,AC50,nM,False,False,Rattus norvegicus,Homo sapiens,10.6,20.0,4,chembl:238,chembl:69
diazepam,alpha1,alpha2/beta3/gamma2,ChEMBL,ChEMBL,AC50,nM,False,False,Rattus norvegicus,Homo sapiens,10.6,26.2,4,chembl:238,chembl:76
diazepam,alpha1,alpha2/beta3/gamma2,ChEMBL,ChEMBL,AC50,nM,False,False,Rattus norvegicus,Homo sapiens,10.6,89.0,4,chembl:238,chembl:77
diazepam,alpha1,alpha2/beta2/gamma2,ChEMBL,ChEMBL,AC50,nM,False,False,Rattus norvegicus,Rattus norvegicus,10.6,20.0,4,chembl:238,chembl:98
diazepam,alpha1,alpha2/beta3/gamma2,ChEMBL,ChEMBL,AC50,nM,False,False,Rattus norvegicus,Homo sapiens,10.6,6.6,4,chembl:238,chembl:157
diazepam,alpha1,alpha2/beta3/gamma2,ChEMBL,ChEMBL,AC50,nM,False,False,Rattus norvegicus,Homo sapiens,10.6,138.0,4,chembl:238,chembl:161
diazepam,alpha1,alpha2/beta3/gamma2,ChEMBL,ChEMBL,AC50,nM,False,False,Rattus norvegicus,Homo sapiens,10.6,6.6,4,chembl:238,chembl:167
diazepam,alpha1,alpha2/beta3/gamma2,ChEMBL,ChEMBL,AC50,nM,False,False,Rattus norvegicus,Homo sapiens,10.6,33.0,4,chembl:238,chembl:174
diazepam,alpha1,alpha2/beta3/gamma2,ChEMBL,ChEMBL,AC50,nM,False,False,Rattus norvegicus,Homo sapiens,10.6,20.0,4,chembl:238,chembl:182
diazepam,alpha1,alpha2/beta3/gamma2,ChEMBL,ChEMBL,AC50,nM,False,False,Rattus norvegicus,Homo sapiens,10.6,115.0,4,chembl:238,chembl:185
diazepam,alpha1,alpha2/beta3/gamma2,ChEMBL,ChEMBL,AC50,nM,False,False,Rattus norvegicus,Homo sapiens,10.6,508.0,4,chembl:238,chembl:191
diazepam,alpha1,alpha2/beta3/gamma2,ChEMBL,ChEMBL,AC50,nM,False,False,Rattus norvegicus,Homo sapiens,10.6,35.0,4,chembl:238,chembl:195
diazepam,alpha1,alpha2/beta3/gamma2,ChEMBL,ChEMBL,AC50,nM,False,False,Rattus norvegicus,Homo sapiens,10.6,177.0,4,chembl:238,chembl:200
diazepam,alpha1,alpha2/beta3/gamma2,ChEMBL,ChEMBL,AC50,nM,False,False,Rattus norvegicus,Homo sapiens,10.6,22.0,4,chembl:238,chembl:214
diazepam,alpha1,alpha2/beta3/gamma2,ChEMBL,ChEMBL,AC50,nM,False,False,Rattus norvegicus,Homo sapiens,10.6,212.67,4,chembl:238,chembl:217
diazepam,alpha1,alpha2/beta2/gamma2,ChEMBL,ChEMBL,AC50,nM,False,False,Rattus norvegicus,Homo sapiens,10.6,20.0,4,chembl:238,chembl:230
diazepam,alpha1,alpha2,ChEMBL,ChEMBL,AC50,nM,False,False,Rattus norvegicus,Rattus norvegicus,10.6,7.0,4,chembl:238,chembl:231
diazepam,alpha1,alpha2,ChEMBL,ChEMBL,AC50,nM,False,False,Rattus norvegicus,Rattus norvegicus,10.6,39.0,4,chembl:238,chembl:232
diazepam,alpha1,alpha2,ChEMBL,ChEMBL,AC50,nM,False,False,Rattus norvegicus,Rattus norvegicus,10.6,15.0,4,chembl:238,chembl:233
diazepam,alpha1,alpha2,ChEMBL,ChEMBL,AC50,nM,False,False,Rattus norvegicus,Rattus norvegicus,10.6,81.0,4,chembl:238,chembl:234
diazepam,alpha1,alpha2,ChEMBL,ChEMBL,AC50,nM,False,False,Rattus norvegicus,Rattus norvegicus,10.6,20.0,4,chembl:238,chembl:236
diazepam,alpha1,alpha2,ChEMBL,ChEMBL,AC50,nM,False,False,Rattus norvegicus,Homo sapiens,10.6,17.0,4,chembl:238,chembl:253
diazepam,alpha1/beta3/gamma2,alpha2/beta3/gamma2,ChEMBL,ChEMBL,EC50,nM,True,False,Rattus norvegicus,Homo sapiens,98000.0,6.6,4,chembl:239,chembl:40
diazepam,alpha1/beta3/gamma2,alpha2/beta3/gamma2,ChEMBL,ChEMBL,EC50,nM,True,False,Rattus norvegicus,Homo sapiens,98000.0,20.0,4,chembl:239,chembl:64
diazepam,alpha1/beta3/gamma2,alpha2/beta3/gamma2,ChEMBL,ChEMBL,EC50,nM,True,False,Rattus norvegicus,Homo sapiens,98000.0,20.0,4,chembl:239,chembl:69
diazepam,alpha1/beta3/gamma2,alpha2/beta3/gamma2,ChEMBL,ChEMBL,EC50,nM,True,False,Rattus norvegicus,Homo sapiens,98000.0,26.2,4,chembl:239,chembl:76
diazepam,alpha1/beta3/gamma2,alpha2/beta3/gamma2,ChEMBL,ChEMBL,EC50,nM,True,False,Rattus norvegicus,Homo sapiens,98000.0,89.0,4,chembl:239,chembl:77
diazepam,alpha1/beta3/gamma2,alpha2/beta2/gamma2,ChEMBL,ChEMBL,EC50,nM,False,False,Rattus norvegicus,Rattus norvegicus,98000.0,20.0,4,chembl:239,chembl:98
diazepam,alpha1/beta3/gamma2,alpha2/beta3/gamma2,ChEMBL,ChEMBL,EC50,nM,True,False,Rattus norvegicus,Homo sapiens,98000.0,6.6,4,chembl:239,chembl:157
diazepam,alpha1/beta3/gamma2,alpha2/beta3/gamma2,ChEMBL,ChEMBL,EC50,nM,True,False,Rattus norvegicus,Homo sapiens,98000.0,138.0,4,chembl:239,chembl:161
diazepam,alpha1/beta3/gamma2,alpha2/beta3/gamma2,ChEMBL,ChEMBL,EC50,nM,True,False,Rattus norvegicus,Homo sapiens,98000.0,6.6,4,chembl:239,chembl:167
diazepam,alpha1/beta3/gamma2,alpha2/beta3/gamma2,ChEMBL,ChEMBL,EC50,nM,True,False,Rattus norvegicus,Homo sapiens,98000.0,33.0,4,chembl:239,chembl:174
diazepam,alpha1/beta3/gamma2,alpha2/beta3/gamma2,ChEMBL,ChEMBL,EC50,nM,True,False,Rattus norvegicus,Homo sapiens,98000.0,20.0,4,chembl:239,chembl:182
diazepam,alpha1/beta3/gamma2,alpha2/beta3/gamma2,ChEMBL,ChEMBL,EC50,nM,True,False,Rattus norvegicus,Homo sapiens,98000.0,115.0,4,chembl:239,chembl:185
diazepam,alpha1/beta3/gamma2,alpha2/beta3/gamma2,ChEMBL,ChEMBL,EC50,nM,True,False,Rattus norvegicus,Homo sapiens,98000.0,508.0,4,chembl:239,chembl:191
diazepam,alpha1/beta3/gamma2,alpha2/beta3/gamma2,ChEMBL,ChEMBL,EC50,nM,True,False,Rattus norvegicus,Homo sapiens,98000.0,35.0,4,chembl:239,chembl:195
diazepam,alpha1/beta3/gamma2,alpha2/beta3/gamma2,ChEMBL,ChEMBL,EC50,nM,True,False,Rattus norvegicus,Homo sapiens,98000.0,177.0,4,chembl:239,chembl:200
diazepam,alpha1/beta3/gamma2,alpha2/beta3/gamma2,ChEMBL,ChEMBL,EC50,nM,True,False,Rattus norvegicus,Homo sapiens,98000.0,22.0,4,chembl:239,chembl:214
diazepam,alpha1/beta3/gamma2,alpha2/beta3/gamma2,ChEMBL,ChEMBL,EC50,nM,True,False,Rattus norvegicus,Homo sapiens,98000.0,212.67,4,chembl:239,chembl:217
diazepam,alpha1/beta3/gamma2,alpha2/beta2/gamma2,ChEMBL,ChEMBL,EC50,nM,False,False,Rattus norvegicus,Homo sapiens,98000.0,20.0,4,chembl:239,chembl:230
diazepam,alpha1/beta3/gamma2,alpha2,ChEMBL,ChEMBL,EC50,nM,False,False,Rattus norvegicus,Rattus norvegicus,98000.0,7.0,4,chembl:239,chembl:231
diazepam,alpha1/beta3/gamma2,alpha2,ChEMBL,ChEMBL,EC50,nM,False,False,Rattus norvegicus,Rattus norvegicus,98000.0,39.0,4,chembl:239,chembl:232
diazepam,alpha1/beta3/gamma2,alpha2,ChEMBL,ChEMBL,EC50,nM,False,False,Rattus norvegicus,Rattus norvegicus,98000.0,15.0,4,chembl:239,chembl:233
diazepam,alpha1/beta3/gamma2,alpha2,ChEMBL,ChEMBL,EC50,nM,False,False,Rattus norvegicus,Rattus norvegicus,98000.0,81.0,4,chembl:239,chembl:234
diazepam,alpha1/beta3/gamma2,alpha2,ChEMBL,ChEMBL,EC50,nM,False,False,Rattus norvegicus,Rattus norvegicus,98000.0,20.0,4,chembl:239,chembl:236
diazepam,alpha1/beta3/gamma2,alpha2,ChEMBL,ChEMBL,EC50,nM,False,False,Rattus norvegicus,Homo sapiens,98000.0,17.0,4,chembl:239,chembl:253
diazepam,alpha1/beta3/gamma2,alpha2/beta3/gamma2,ChEMBL,ChEMBL,EC50,nM,True,False,Rattus norvegicus,Homo sapiens,160000.0,6.6,4,chembl:241,chembl:40
diazepam,alpha1/beta3/gamma2,alpha2/beta3/gamma2,ChEMBL,ChEMBL,EC50,nM,True,False,Rattus norvegicus,Homo sapiens,160000.0,20.0,4,chembl:241,chembl:64
diazepam,alpha1/beta3/gamma2,alpha2/beta3/gamma2,ChEMBL,ChEMBL,EC50,nM,True,False,Rattus norvegicus,Homo sapiens,160000.0,20.0,4,chembl:241,chembl:69
diazepam,alpha1/beta3/gamma2,alpha2/beta3/gamma2,ChEMBL,ChEMBL,EC50,nM,True,False,Rattus norvegicus,Homo sapiens,160000.0,26.2,4,chembl:241,chembl:76
diazepam,alpha1/beta3/gamma2,alpha2/beta3/gamma2,ChEMBL,ChEMBL,EC50,nM,True,False,Rattus norvegicus,Homo sapiens,160000.0,89.0,4,chembl:241,chembl:77
diazepam,alpha1/beta3/gamma2,alpha2/beta2/gamma2,ChEMBL,ChEMBL,EC50,nM,False,False,Rattus norvegicus,Rattus norvegicus,160000.0,20.0,4,chembl:241,chembl:98
diazepam,alpha1/beta3/gamma2,alpha2/beta3/gamma2,ChEMBL,ChEMBL,EC50,nM,True,False,Rattus norvegicus,Homo sapiens,160000.0,6.6,4,chembl:241,chembl:157
diazepam,alpha1/beta3/gamma2,alpha2/beta3/gamma2,ChEMBL,ChEMBL,EC50,nM,True,False,Rattus norvegicus,Homo sapiens,160000.0,138.0,4,chembl:241,chembl:161
diazepam,alpha1/beta3/gamma2,alpha2/beta3/gamma2,ChEMBL,ChEMBL,EC50,nM,True,False,Rattus norvegicus,Homo sapiens,160000.0,6.6,4,chembl:241,chembl:167
diazepam,alpha1/beta3/gamma2,alpha2/beta3/gamma2,ChEMBL,ChEMBL,EC50,nM,True,False,Rattus norvegicus,Homo sapiens,160000.0,33.0,4,chembl:241,chembl:174
diazepam,alpha1/beta3/gamma2,alpha2/beta3/gamma2,ChEMBL,ChEMBL,EC50,nM,True,False,Rattus norvegicus,Homo sapiens,160000.0,20.0,4,chembl:241,chembl:182
diazepam,alpha1/beta3/gamma2,alpha2/beta3/gamma2,ChEMBL,ChEMBL,EC50,nM,True,False,Rattus norvegicus,Homo sapiens,160000.0,115.0,4,chembl:241,chembl:185
diazepam,alpha1/beta3/gamma2,alpha2/beta3/gamma2,ChEMBL,ChEMBL,EC50,nM,True,False,Rattus norvegicus,Homo sapiens,160000.0,508.0,4,chembl:241,chembl:191
diazepam,alpha1/beta3/gamma2,alpha2/beta3/gamma2,ChEMBL,ChEMBL,EC50,nM,True,False,Rattus norvegicus,Homo sapiens,160000.0,35.0,4,chembl:241,chembl:195
diazepam,alpha1/beta3/gamma2,alpha2/beta3/gamma2,ChEMBL,ChEMBL,EC50,nM,True,False,Rattus norvegicus,Homo sapiens,160000.0,177.0,4,chembl:241,chembl:200
diazepam,alpha1/beta3/gamma2,alpha2/beta3/gamma2,ChEMBL,ChEMBL,EC50,nM,True,False,Rattus norvegicus,Homo sapiens,160000.0,22.0,4,chembl:241,chembl:214
diazepam,alpha1/beta3/gamma2,alpha2/beta3/gamma2,ChEMBL,ChEMBL,EC50,nM,True,False,Rattus norvegicus,Homo sapiens,160000.0,212.67,4,chembl:241,chembl:217
diazepam,alpha1/beta3/gamma2,alpha2/beta2/gamma2,ChEMBL,ChEMBL,EC50,nM,False,False,Rattus norvegicus,Homo sapiens,160000.0,20.0,4,chembl:241,chembl:230
diazepam,alpha1/beta3/gamma2,alpha2,ChEMBL,ChEMBL,EC50,nM,False,False,Rattus norvegicus,Rattus norvegicus,160000.0,7.0,4,chembl:241,chembl:231
diazepam,alpha1/beta3/gamma2,alpha2,ChEMBL,ChEMBL,EC50,nM,False,False,Rattus norvegicus,Rattus norvegicus,160000.0,39.0,4,chembl:241,chembl:232
diazepam,alpha1/beta3/gamma2,alpha2,ChEMBL,ChEMBL,EC50,nM,False,False,Rattus norvegicus,Rattus norvegicus,160000.0,15.0,4,chembl:241,chembl:233
diazepam,alpha1/beta3/gamma2,alpha2,ChEMBL,ChEMBL,EC50,nM,False,False,Rattus norvegicus,Rattus norvegicus,160000.0,81.0,4,chembl:241,chembl:234
diazepam,alpha1/beta3/gamma2,alpha2,ChEMBL,ChEMBL,EC50,nM,False,False,Rattus norvegicus,Rattus norvegicus,160000.0,20.0,4,chembl:241,chembl:236
diazepam,alpha1/beta3/gamma2,alpha2,ChEMBL,ChEMBL,EC50,nM,False,False,Rattus norvegicus,Homo sapiens,160000.0,17.0,4,chembl:241,chembl:253
diazepam,alpha1/beta3/gamma2,alpha2/beta3/gamma2,ChEMBL,ChEMBL,Activity,%,True,False,Rattus norvegicus,Homo sapiens,160.0,6.6,4,chembl:243,chembl:40
diazepam,alpha1/beta3/gamma2,alpha2/beta3/gamma2,ChEMBL,ChEMBL,Activity,%,True,False,Rattus norvegicus,Homo sapiens,160.0,20.0,4,chembl:243,chembl:64
diazepam,alpha1/beta3/gamma2,alpha2/beta3/gamma2,ChEMBL,ChEMBL,Activity,%,True,False,Rattus norvegicus,Homo sapiens,160.0,20.0,4,chembl:243,chembl:69
diazepam,alpha1/beta3/gamma2,alpha2/beta3/gamma2,ChEMBL,ChEMBL,Activity,%,True,False,Rattus norvegicus,Homo sapiens,160.0,26.2,4,chembl:243,chembl:76
diazepam,alpha1/beta3/gamma2,alpha2/beta3/gamma2,ChEMBL,ChEMBL,Activity,%,True,False,Rattus norvegicus,Homo sapiens,160.0,89.0,4,chembl:243,chembl:77
diazepam,alpha1/beta3/gamma2,alpha2/beta2/gamma2,ChEMBL,ChEMBL,Activity,%,False,False,Rattus norvegicus,Rattus norvegicus,160.0,20.0,4,chembl:243,chembl:98
diazepam,alpha1/beta3/gamma2,alpha2/beta3/gamma2,ChEMBL,ChEMBL,Activity,%,True,False,Rattus norvegicus,Homo sapiens,160.0,6.6,4,chembl:243,chembl:157
diazepam,alpha1/beta3/gamma2,alpha2/beta3/gamma2,ChEMBL,ChEMBL,Activity,%,True,False,Rattus norvegicus,Homo sapiens,160.0,138.0,4,chembl:243,chembl:161
diazepam,alpha1/beta3/gamma2,alpha2/beta3/gamma2,ChEMBL,ChEMBL,Activity,%,True,False,Rattus norvegicus,Homo sapiens,160.0,6.6,4,chembl:243,chembl:167
diazepam,alpha1/beta3/gamma2,alpha2/beta3/gamma2,ChEMBL,ChEMBL,Activity,%,True,False,Rattus norvegicus,Homo sapiens,160.0,33.0,4,chembl:243,chembl:174
diazepam,alpha1/beta3/gamma2,alpha2/beta3/gamma2,ChEMBL,ChEMBL,Activity,%,True,False,Rattus norvegicus,Homo sapiens,160.0,20.0,4,chembl:243,chembl:182
diazepam,alpha1/beta3/gamma2,alpha2/beta3/gamma2,ChEMBL,ChEMBL,Activity,%,True,False,Rattus norvegicus,Homo sapiens,160.0,115.0,4,chembl:243,chembl:185
diazepam,alpha1/beta3/gamma2,alpha2/beta3/gamma2,ChEMBL,ChEMBL,Activity,%,True,False,Rattus norvegicus,Homo sapiens,160.0,508.0,4,chembl:243,chembl:191
diazepam,alpha1/beta3/gamma2,alpha2/beta3/gamma2,ChEMBL,ChEMBL,Activity,%,True,False,Rattus norvegicus,Homo sapiens,160.0,35.0,4,chembl:243,chembl:195
diazepam,alpha1/beta3/gamma2,alpha2/beta3/gamma2,ChEMBL,ChEMBL,Activity,%,True,False,Rattus norvegicus,Homo sapiens,160.0,177.0,4,chembl:243,chembl:200
diazepam,alpha1/beta3/gamma2,alpha2/beta3/gamma2,ChEMBL,ChEMBL,Activity,%,True,False,Rattus norvegicus,Homo sapiens,160.0,22.0,4,chembl:243,chembl:214
diazepam,alpha1/beta3/gamma2,alpha2/beta3/gamma2,ChEMBL,ChEMBL,Activity,%,True,False,Rattus norvegicus,Homo sapiens,160.0,212.67,4,chembl:243,chembl:217
diazepam,alpha1/beta3/gamma2,alpha2/beta2/gamma2,ChEMBL,ChEMBL,Activity,%,False,False,Rattus norvegicus,Homo sapiens,160.0,20.0,4,chembl:243,chembl:230
diazepam,alpha1/beta3/gamma2,alpha2,ChEMBL,ChEMBL,Activity,%,False,False,Rattus norvegicus,Rattus norvegicus,160.0,7.0,4,chembl:243,chembl:231
diazepam,alpha1/beta3/gamma2,alpha2,ChEMBL,ChEMBL,Activity,%,False,False,Rattus norvegicus,Rattus norvegicus,160.0,39.0,4,chembl:243,chembl:232
diazepam,alpha1/beta3/gamma2,alpha2,ChEMBL,ChEMBL,Activity,%,False,False,Rattus norvegicus,Rattus norvegicus,160.0,15.0,4,chembl:243,chembl:233
diazepam,alpha1/beta3/gamma2,alpha2,ChEMBL,ChEMBL,Activity,%,False,False,Rattus norvegicus,Rattus norvegicus,160.0,81.0,4,chembl:243,chembl:234
diazepam,alpha1/beta3/gamma2,alpha2,ChEMBL,ChEMBL,Activity,%,False,False,Rattus norvegicus,Rattus norvegicus,160.0,20.0,4,chembl:243,chembl:236
diazepam,alpha1/beta3/gamma2,alpha2,ChEMBL,ChEMBL,Activity,%,False,False,Rattus norvegicus,Homo sapiens,160.0,17.0,4,chembl:243,chembl:253
diazepam,alpha1/beta3/gamma2,alpha2/beta3/gamma2,ChEMBL,ChEMBL,Activity,%,True,False,Rattus norvegicus,Homo sapiens,150.0,6.6,4,chembl:244,chembl:40
diazepam,alpha1/beta3/gamma2,alpha2/beta3/gamma2,ChEMBL,ChEMBL,Activity,%,True,False,Rattus norvegicus,Homo sapiens,150.0,20.0,4,chembl:244,chembl:64
diazepam,alpha1/beta3/gamma2,alpha2/beta3/gamma2,ChEMBL,ChEMBL,Activity,%,True,False,Rattus norvegicus,Homo sapiens,150.0,20.0,4,chembl:244,chembl:69
diazepam,alpha1/beta3/gamma2,alpha2/beta3/gamma2,ChEMBL,ChEMBL,Activity,%,True,False,Rattus norvegicus,Homo sapiens,150.0,26.2,4,chembl:244,chembl:76
diazepam,alpha1/beta3/gamma2,alpha2/beta3/gamma2,ChEMBL,ChEMBL,Activity,%,True,False,Rattus norvegicus,Homo sapiens,150.0,89.0,4,chembl:244,chembl:77
diazepam,alpha1/beta3/gamma2,alpha2/beta2/gamma2,ChEMBL,ChEMBL,Activity,%,False,False,Rattus norvegicus,Rattus norvegicus,150.0,20.0,4,chembl:244,chembl:98
diazepam,alpha1/beta3/gamma2,alpha2/beta3/gamma2,ChEMBL,ChEMBL,Activity,%,True,False,Rattus norvegicus,Homo sapiens,150.0,6.6,4,chembl:244,chembl:157
diazepam,alpha1/beta3/gamma2,alpha2/beta3/gamma2,ChEMBL,ChEMBL,Activity,%,True,False,Rattus norvegicus,Homo sapiens,150.0,138.0,4,chembl:244,chembl:161
diazepam,alpha1/beta3/gamma2,alpha2/beta3/gamma2,ChEMBL,ChEMBL,Activity,%,True,False,Rattus norvegicus,Homo sapiens,150.0,6.6,4,chembl:244,chembl:167
diazepam,alpha1/beta3/gamma2,alpha2/beta3/gamma2,ChEMBL,ChEMBL,Activity,%,True,False,Rattus norvegicus,Homo sapiens,150.0,33.0,4,chembl:244,chembl:174
diazepam,alpha1/beta3/gamma2,alpha2/beta3/gamma2,ChEMBL,ChEMBL,Activity,%,True,False,Rattus norvegicus,Homo sapiens,150.0,20.0,4,chembl:244,chembl:182
diazepam,alpha1/beta3/gamma2,alpha2/beta3/gamma2,ChEMBL,ChEMBL,Activity,%,True,False,Rattus norvegicus,Homo sapiens,150.0,115.0,4,chembl:244,chembl:185
diazepam,alpha1/beta3/gamma2,alpha2/beta3/gamma2,ChEMBL,ChEMBL,Activity,%,True,False,Rattus norvegicus,Homo sapiens,150.0,508.0,4,chembl:244,chembl:191
diazepam,alpha1/beta3/gamma2,alpha2/beta3/gamma2,ChEMBL,ChEMBL,Activity,%,True,False,Rattus norvegicus,Homo sapiens,150.0,35.0,4,chembl:244,chembl:195
diazepam,alpha1/beta3/gamma2,alpha2/beta3/gamma2,ChEMBL,ChEMBL,Activity,%,True,False,Rattus norvegicus,Homo sapiens,150.0,177.0,4,chembl:244,chembl:200
diazepam,alpha1/beta3/gamma2,alpha2/beta3/gamma2,ChEMBL,ChEMBL,Activity,%,True,False,Rattus norvegicus,Homo sapiens,150.0,22.0,4,chembl:244,chembl:214
diazepam,alpha1/beta3/gamma2,alpha2/beta3/gamma2,ChEMBL,ChEMBL,Activity,%,True,False,Rattus norvegicus,Homo sapiens,150.0,212.67,4,chembl:244,chembl:217
diazepam,alpha1/beta3/gamma2,alpha2/beta2/gamma2,ChEMBL,ChEMBL,Activity,%,False,False,Rattus norvegicus,Homo sapiens,150.0,20.0,4,chembl:244,chembl:230
diazepam,alpha1/beta3/gamma2,alpha2,ChEMBL,ChEMBL,Activity,%,False,False,Rattus norvegicus,Rattus norvegicus,150.0,7.0,4,chembl:244,chembl:231
diazepam,alpha1/beta3/gamma2,alpha2,ChEMBL,ChEMBL,Activity,%,False,False,Rattus norvegicus,Rattus norvegicus,150.0,39.0,4,chembl:244,chembl:232
diazepam,alpha1/beta3/gamma2,alpha2,ChEMBL,ChEMBL,Activity,%,False,False,Rattus norvegicus,Rattus norvegicus,150.0,15.0,4,chembl:244,chembl:233
diazepam,alpha1/beta3/gamma2,alpha2,ChEMBL,ChEMBL,Activity,%,False,False,Rattus norvegicus,Rattus norvegicus,150.0,81.0,4,chembl:244,chembl:234
diazepam,alpha1/beta3/gamma2,alpha2,ChEMBL,ChEMBL,Activity,%,False,False,Rattus norvegicus,Rattus norvegicus,150.0,20.0,4,chembl:244,chembl:236
diazepam,alpha1/beta3/gamma2,alpha2,ChEMBL,ChEMBL,Activity,%,False,False,Rattus norvegicus,Homo sapiens,150.0,17.0,4,chembl:244,chembl:253
diazepam,alpha1/beta3/gamma2,alpha2/beta3/gamma2,ChEMBL,ChEMBL,Activity,nanoampere,True,False,Rattus norvegicus,Homo sapiens,8050.0,6.6,4,chembl:245,chembl:40
diazepam,alpha1/beta3/gamma2,alpha2/beta3/gamma2,ChEMBL,ChEMBL,Activity,nanoampere,True,False,Rattus norvegicus,Homo sapiens,8050.0,20.0,4,chembl:245,chembl:64
diazepam,alpha1/beta3/gamma2,alpha2/beta3/gamma2,ChEMBL,ChEMBL,Activity,nanoampere,True,False,Rattus norvegicus,Homo sapiens,8050.0,20.0,4,chembl:245,chembl:69
diazepam,alpha1/beta3/gamma2,alpha2/beta3/gamma2,ChEMBL,ChEMBL,Activity,nanoampere,True,False,Rattus norvegicus,Homo sapiens,8050.0,26.2,4,chembl:245,chembl:76
diazepam,alpha1/beta3/gamma2,alpha2/beta3/gamma2,ChEMBL,ChEMBL,Activity,nanoampere,True,False,Rattus norvegicus,Homo sapiens,8050.0,89.0,4,chembl:245,chembl:77
diazepam,alpha1/beta3/gamma2,alpha2/beta2/gamma2,ChEMBL,ChEMBL,Activity,nanoampere,False,False,Rattus norvegicus,Rattus norvegicus,8050.0,20.0,4,chembl:245,chembl:98
diazepam,alpha1/beta3/gamma2,alpha2/beta3/gamma2,ChEMBL,ChEMBL,Activity,nanoampere,True,False,Rattus norvegicus,Homo sapiens,8050.0,6.6,4,chembl:245,chembl:157
diazepam,alpha1/beta3/gamma2,alpha2/beta3/gamma2,ChEMBL,ChEMBL,Activity,nanoampere,True,False,Rattus norvegicus,Homo sapiens,8050.0,138.0,4,chembl:245,chembl:161
diazepam,alpha1/beta3/gamma2,alpha2/beta3/gamma2,ChEMBL,ChEMBL,Activity,nanoampere,True,False,Rattus norvegicus,Homo sapiens,8050.0,6.6,4,chembl:245,chembl:167
diazepam,alpha1/beta3/gamma2,alpha2/beta3/gamma2,ChEMBL,ChEMBL,Activity,nanoampere,True,False,Rattus norvegicus,Homo sapiens,8050.0,33.0,4,chembl:245,chembl:174
diazepam,alpha1/beta3/gamma2,alpha2/beta3/gamma2,ChEMBL,ChEMBL,Activity,nanoampere,True,False,Rattus norvegicus,Homo sapiens,8050.0,20.0,4,chembl:245,chembl:182
diazepam,alpha1/beta3/gamma2,alpha2/beta3/gamma2,ChEMBL,ChEMBL,Activity,nanoampere,True,False,Rattus norvegicus,Homo sapiens,8050.0,115.0,4,chembl:245,chembl:185
diazepam,alpha1/beta3/gamma2,alpha2/beta3/gamma2,ChEMBL,ChEMBL,Activity,nanoampere,True,False,Rattus norvegicus,Homo sapiens,8050.0,508.0,4,chembl:245,chembl:191
diazepam,alpha1/beta3/gamma2,alpha2/beta3/gamma2,ChEMBL,ChEMBL,Activity,nanoampere,True,False,Rattus norvegicus,Homo sapiens,8050.0,35.0,4,chembl:245,chembl:195
diazepam,alpha1/beta3/gamma2,alpha2/beta3/gamma2,ChEMBL,ChEMBL,Activity,nanoampere,True,False,Rattus norvegicus,Homo sapiens,8050.0,177.0,4,chembl:245,chembl:200
diazepam,alpha1/beta3/gamma2,alpha2/beta3/gamma2,ChEMBL,ChEMBL,Activity,nanoampere,True,False,Rattus norvegicus,Homo sapiens,8050.0,22.0,4,chembl:245,chembl:214
diazepam,alpha1/beta3/gamma2,alpha2/beta3/gamma2,ChEMBL,ChEMBL,Activity,nanoampere,True,False,Rattus norvegicus,Homo sapiens,8050.0,212.67,4,chembl:245,chembl:217
diazepam,alpha1/beta3/gamma2,alpha2/beta2/gamma2,ChEMBL,ChEMBL,Activity,nanoampere,False,False,Rattus norvegicus,Homo sapiens,8050.0,20.0,4,chembl:245,chembl:230
diazepam,alpha1/beta3/gamma2,alpha2,ChEMBL,ChEMBL,Activity,nanoampere,False,False,Rattus norvegicus,Rattus norvegicus,8050.0,7.0,4,chembl:245,chembl:231
diazepam,alpha1/beta3/gamma2,alpha2,ChEMBL,ChEMBL,Activity,nanoampere,False,False,Rattus norvegicus,Rattus norvegicus,8050.0,39.0,4,chembl:245,chembl:232
diazepam,alpha1/beta3/gamma2,alpha2,ChEMBL,ChEMBL,Activity,nanoampere,False,False,Rattus norvegicus,Rattus norvegicus,8050.0,15.0,4,chembl:245,chembl:233
diazepam,alpha1/beta3/gamma2,alpha2,ChEMBL,ChEMBL,Activity,nanoampere,False,False,Rattus norvegicus,Rattus norvegicus,8050.0,81.0,4,chembl:245,chembl:234
diazepam,alpha1/beta3/gamma2,alpha2,ChEMBL,ChEMBL,Activity,nanoampere,False,False,Rattus norvegicus,Rattus norvegicus,8050.0,20.0,4,chembl:245,chembl:236
diazepam,alpha1/beta3/gamma2,alpha2,ChEMBL,ChEMBL,Activity,nanoampere,False,False,Rattus norvegicus,Homo sapiens,8050.0,17.0,4,chembl:245,chembl:253
diazepam,alpha1/beta3/gamma2,alpha2/beta3/gamma2,ChEMBL,ChEMBL,Activity,nanoampere,True,False,Rattus norvegicus,Homo sapiens,69.0,6.6,4,chembl:248,chembl:40
diazepam,alpha1/beta3/gamma2,alpha2/beta3/gamma2,ChEMBL,ChEMBL,Activity,nanoampere,True,False,Rattus norvegicus,Homo sapiens,69.0,20.0,4,chembl:248,chembl:64
diazepam,alpha1/beta3/gamma2,alpha2/beta3/gamma2,ChEMBL,ChEMBL,Activity,nanoampere,True,False,Rattus norvegicus,Homo sapiens,69.0,20.0,4,chembl:248,chembl:69
diazepam,alpha1/beta3/gamma2,alpha2/beta3/gamma2,ChEMBL,ChEMBL,Activity,nanoampere,True,False,Rattus norvegicus,Homo sapiens,69.0,26.2,4,chembl:248,chembl:76
diazepam,alpha1/beta3/gamma2,alpha2/beta3/gamma2,ChEMBL,ChEMBL,Activity,nanoampere,True,False,Rattus norvegicus,Homo sapiens,69.0,89.0,4,chembl:248,chembl:77
diazepam,alpha1/beta3/gamma2,alpha2/beta2/gamma2,ChEMBL,ChEMBL,Activity,nanoampere,False,False,Rattus norvegicus,Rattus norvegicus,69.0,20.0,4,chembl:248,chembl:98
diazepam,alpha1/beta3/gamma2,alpha2/beta3/gamma2,ChEMBL,ChEMBL,Activity,nanoampere,True,False,Rattus norvegicus,Homo sapiens,69.0,6.6,4,chembl:248,chembl:157
diazepam,alpha1/beta3/gamma2,alpha2/beta3/gamma2,ChEMBL,ChEMBL,Activity,nanoampere,True,False,Rattus norvegicus,Homo sapiens,69.0,138.0,4,chembl:248,chembl:161
diazepam,alpha1/beta3/gamma2,alpha2/beta3/gamma2,ChEMBL,ChEMBL,Activity,nanoampere,True,False,Rattus norvegicus,Homo sapiens,69.0,6.6,4,chembl:248,chembl:167
diazepam,alpha1/beta3/gamma2,alpha2/beta3/gamma2,ChEMBL,ChEMBL,Activity,nanoampere,True,False,Rattus norvegicus,Homo sapiens,69.0,33.0,4,chembl:248,chembl:174
diazepam,alpha1/beta3/gamma2,alpha2/beta3/gamma2,ChEMBL,ChEMBL,Activity,nanoampere,True,False,Rattus norvegicus,Homo sapiens,69.0,20.0,4,chembl:248,chembl:182
diazepam,alpha1/beta3/gamma2,alpha2/beta3/gamma2,ChEMBL,ChEMBL,Activity,nanoampere,True,False,Rattus norvegicus,Homo sapiens,69.0,115.0,4,chembl:248,chembl:185
diazepam,alpha1/beta3/gamma2,alpha2/beta3/gamma2,ChEMBL,ChEMBL,Activity,nanoampere,True,False,Rattus norvegicus,Homo sapiens,69.0,508.0,4,chembl:248,chembl:191
diazepam,alpha1/beta3/gamma2,alpha2/beta3/gamma2,ChEMBL,ChEMBL,Activity,nanoampere,True,False,Rattus norvegicus,Homo sapiens,69.0,35.0,4,chembl:248,chembl:195
diazepam,alpha1/beta3/gamma2,alpha2/beta3/gamma2,ChEMBL,ChEMBL,Activity,nanoampere,True,False,Rattus norvegicus,Homo sapiens,69.0,177.0,4,chembl:248,chembl:200
diazepam,alpha1/beta3/gamma2,alpha2/beta3/gamma2,ChEMBL,ChEMBL,Activity,nanoampere,True,False,Rattus norvegicus,Homo sapiens,69.0,22.0,4,chembl:248,chembl:214
diazepam,alpha1/beta3/gamma2,alpha2/beta3/gamma2,ChEMBL,ChEMBL,Activity,nanoampere,True,False,Rattus norvegicus,Homo sapiens,69.0,212.67,4,chembl:248,chembl:217
diazepam,alpha1/beta3/gamma2,alpha2/beta2/gamma2,ChEMBL,ChEMBL,Activity,nanoampere,False,False,Rattus norvegicus,Homo sapiens,69.0,20.0,4,chembl:248,chembl:230
diazepam,alpha1/beta3/gamma2,alpha2,ChEMBL,ChEMBL,Activity,nanoampere,False,False,Rattus norvegicus,Rattus norvegicus,69.0,7.0,4,chembl:248,chembl:231
diazepam,alpha1/beta3/gamma2,alpha2,ChEMBL,ChEMBL,Activity,nanoampere,False,False,Rattus norvegicus,Rattus norvegicus,69.0,39.0,4,chembl:248,chembl:232
diazepam,alpha1/beta3/gamma2,alpha2,ChEMBL,ChEMBL,Activity,nanoampere,False,False,Rattus norvegicus,Rattus norvegicus,69.0,15.0,4,chembl:248,chembl:233
diazepam,alpha1/beta3/gamma2,alpha2,ChEMBL,ChEMBL,Activity,nanoampere,False,False,Rattus norvegicus,Rattus norvegicus,69.0,81.0,4,chembl:248,chembl:234
diazepam,alpha1/beta3/gamma2,alpha2,ChEMBL,ChEMBL,Activity,nanoampere,False,False,Rattus norvegicus,Rattus norvegicus,69.0,20.0,4,chembl:248,chembl:236
diazepam,alpha1/beta3/gamma2,alpha2,ChEMBL,ChEMBL,Activity,nanoampere,False,False,Rattus norvegicus,Homo sapiens,69.0,17.0,4,chembl:248,chembl:253
diazepam,alpha1/beta3/gamma2,alpha2/beta3/gamma2,ChEMBL,ChEMBL,Activity,nanoampere,True,False,Rattus norvegicus,Homo sapiens,13530.0,6.6,4,chembl:250,chembl:40
diazepam,alpha1/beta3/gamma2,alpha2/beta3/gamma2,ChEMBL,ChEMBL,Activity,nanoampere,True,False,Rattus norvegicus,Homo sapiens,13530.0,20.0,4,chembl:250,chembl:64
diazepam,alpha1/beta3/gamma2,alpha2/beta3/gamma2,ChEMBL,ChEMBL,Activity,nanoampere,True,False,Rattus norvegicus,Homo sapiens,13530.0,20.0,4,chembl:250,chembl:69
diazepam,alpha1/beta3/gamma2,alpha2/beta3/gamma2,ChEMBL,ChEMBL,Activity,nanoampere,True,False,Rattus norvegicus,Homo sapiens,13530.0,26.2,4,chembl:250,chembl:76
diazepam,alpha1/beta3/gamma2,alpha2/beta3/gamma2,ChEMBL,ChEMBL,Activity,nanoampere,True,False,Rattus norvegicus,Homo sapiens,13530.0,89.0,4,chembl:250,chembl:77
diazepam,alpha1/beta3/gamma2,alpha2/beta2/gamma2,ChEMBL,ChEMBL,Activity,nanoampere,False,False,Rattus norvegicus,Rattus norvegicus,13530.0,20.0,4,chembl:250,chembl:98
diazepam,alpha1/beta3/gamma2,alpha2/beta3/gamma2,ChEMBL,ChEMBL,Activity,nanoampere,True,False,Rattus norvegicus,Homo sapiens,13530.0,6.6,4,chembl:250,chembl:157
diazepam,alpha1/beta3/gamma2,alpha2/beta3/gamma2,ChEMBL,ChEMBL,Activity,nanoampere,True,False,Rattus norvegicus,Homo sapiens,13530.0,138.0,4,chembl:250,chembl:161
diazepam,alpha1/beta3/gamma2,alpha2/beta3/gamma2,ChEMBL,ChEMBL,Activity,nanoampere,True,False,Rattus norvegicus,Homo sapiens,13530.0,6.6,4,chembl:250,chembl:167
diazepam,alpha1/beta3/gamma2,alpha2/beta3/gamma2,ChEMBL,ChEMBL,Activity,nanoampere,True,False,Rattus norvegicus,Homo sapiens,13530.0,33.0,4,chembl:250,chembl:174
diazepam,alpha1/beta3/gamma2,alpha2/beta3/gamma2,ChEMBL,ChEMBL,Activity,nanoampere,True,False,Rattus norvegicus,Homo sapiens,13530.0,20.0,4,chembl:250,chembl:182
diazepam,alpha1/beta3/gamma2,alpha2/beta3/gamma2,ChEMBL,ChEMBL,Activity,nanoampere,True,False,Rattus norvegicus,Homo sapiens,13530.0,115.0,4,chembl:250,chembl:185
diazepam,alpha1/beta3/gamma2,alpha2/beta3/gamma2,ChEMBL,ChEMBL,Activity,nanoampere,True,False,Rattus norvegicus,Homo sapiens,13530.0,508.0,4,chembl:250,chembl:191
diazepam,alpha1/beta3/gamma2,alpha2/beta3/gamma2,ChEMBL,ChEMBL,Activity,nanoampere,True,False,Rattus norvegicus,Homo sapiens,13530.0,35.0,4,chembl:250,chembl:195
diazepam,alpha1/beta3/gamma2,alpha2/beta3/gamma2,ChEMBL,ChEMBL,Activity,nanoampere,True,False,Rattus norvegicus,Homo sapiens,13530.0,177.0,4,chembl:250,chembl:200
diazepam,alpha1/beta3/gamma2,alpha2/beta3/gamma2,ChEMBL,ChEMBL,Activity,nanoampere,True,False,Rattus norvegicus,Homo sapiens,13530.0,22.0,4,chembl:250,chembl:214
diazepam,alpha1/beta3/gamma2,alpha2/beta3/gamma2,ChEMBL,ChEMBL,Activity,nanoampere,True,False,Rattus norvegicus,Homo sapiens,13530.0,212.67,4,chembl:250,chembl:217
diazepam,alpha1/beta3/gamma2,alpha2/beta2/gamma2,ChEMBL,ChEMBL,Activity,nanoampere,False,False,Rattus norvegicus,Homo sapiens,13530.0,20.0,4,chembl:250,chembl:230
diazepam,alpha1/beta3/gamma2,alpha2,ChEMBL,ChEMBL,Activity,nanoampere,False,False,Rattus norvegicus,Rattus norvegicus,13530.0,7.0,4,chembl:250,chembl:231
diazepam,alpha1/beta3/gamma2,alpha2,ChEMBL,ChEMBL,Activity,nanoampere,False,False,Rattus norvegicus,Rattus norvegicus,13530.0,39.0,4,chembl:250,chembl:232
diazepam,alpha1/beta3/gamma2,alpha2,ChEMBL,ChEMBL,Activity,nanoampere,False,False,Rattus norvegicus,Rattus norvegicus,13530.0,15.0,4,chembl:250,chembl:233
diazepam,alpha1/beta3/gamma2,alpha2,ChEMBL,ChEMBL,Activity,nanoampere,False,False,Rattus norvegicus,Rattus norvegicus,13530.0,81.0,4,chembl:250,chembl:234
diazepam,alpha1/beta3/gamma2,alpha2,ChEMBL,ChEMBL,Activity,nanoampere,False,False,Rattus norvegicus,Rattus norvegicus,13530.0,20.0,4,chembl:250,chembl:236
diazepam,alpha1/beta3/gamma2,alpha2,ChEMBL,ChEMBL,Activity,nanoampere,False,False,Rattus norvegicus,Homo sapiens,13530.0,17.0,4,chembl:250,chembl:253
diazepam,alpha1/alpha6/beta3/gamma2,alpha2/beta3/gamma2,ChEMBL,ChEMBL,EC50,nM,True,False,Rattus norvegicus,Homo sapiens,360000.0,6.6,4,chembl:256,chembl:40
diazepam,alpha1/alpha6/beta3/gamma2,alpha2/beta3/gamma2,ChEMBL,ChEMBL,EC50,nM,True,False,Rattus norvegicus,Homo sapiens,360000.0,20.0,4,chembl:256,chembl:64
diazepam,alpha1/alpha6/beta3/gamma2,alpha2/beta3/gamma2,ChEMBL,ChEMBL,EC50,nM,True,False,Rattus norvegicus,Homo sapiens,360000.0,20.0,4,chembl:256,chembl:69
diazepam,alpha1/alpha6/beta3/gamma2,alpha2/beta3/gamma2,ChEMBL,ChEMBL,EC50,nM,True,False,Rattus norvegicus,Homo sapiens,360000.0,26.2,4,chembl:256,chembl:76
diazepam,alpha1/alpha6/beta3/gamma2,alpha2/beta3/gamma2,ChEMBL,ChEMBL,EC50,nM,True,False,Rattus norvegicus,Homo sapiens,360000.0,89.0,4,chembl:256,chembl:77
diazepam,alpha1/alpha6/beta3/gamma2,alpha2/beta2/gamma2,ChEMBL,ChEMBL,EC50,nM,False,False,Rattus norvegicus,Rattus norvegicus,360000.0,20.0,4,chembl:256,chembl:98
diazepam,alpha1/alpha6/beta3/gamma2,alpha2/beta3/gamma2,ChEMBL,ChEMBL,EC50,nM,True,False,Rattus norvegicus,Homo sapiens,360000.0,6.6,4,chembl:256,chembl:157
diazepam,alpha1/alpha6/beta3/gamma2,alpha2/beta3/gamma2,ChEMBL,ChEMBL,EC50,nM,True,False,Rattus norvegicus,Homo sapiens,360000.0,138.0,4,chembl:256,chembl:161
diazepam,alpha1/alpha6/beta3/gamma2,alpha2/beta3/gamma2,ChEMBL,ChEMBL,EC50,nM,True,False,Rattus norvegicus,Homo sapiens,360000.0,6.6,4,chembl:256,chembl:167
diazepam,alpha1/alpha6/beta3/gamma2,alpha2/beta3/gamma2,ChEMBL,ChEMBL,EC50,nM,True,False,Rattus norvegicus,Homo sapiens,360000.0,33.0,4,chembl:256,chembl:174
diazepam,alpha1/alpha6/beta3/gamma2,alpha2/beta3/gamma2,ChEMBL,ChEMBL,EC50,nM,True,False,Rattus norvegicus,Homo sapiens,360000.0,20.0,4,chembl:256,chembl:182
diazepam,alpha1/alpha6/beta3/gamma2,alpha2/beta3/gamma2,ChEMBL,ChEMBL,EC50,nM,True,False,Rattus norvegicus,Homo sapiens,360000.0,115.0,4,chembl:256,chembl:185
diazepam,alpha1/alpha6/beta3/gamma2,alpha2/beta3/gamma2,ChEMBL,ChEMBL,EC50,nM,True,False,Rattus norvegicus,Homo sapiens,360000.0,508.0,4,chembl:256,chembl:191
diazepam,alpha1/alpha6/beta3/gamma2,alpha2/beta3/gamma2,ChEMBL,ChEMBL,EC50,nM,True,False,Rattus norvegicus,Homo sapiens,360000.0,35.0,4,chembl:256,chembl:195
diazepam,alpha1/alpha6/beta3/gamma2,alpha2/beta3/gamma2,ChEMBL,ChEMBL,EC50,nM,True,False,Rattus norvegicus,Homo sapiens,360000.0,177.0,4,chembl:256,chembl:200
diazepam,alpha1/alpha6/beta3/gamma2,alpha2/beta3/gamma2,ChEMBL,ChEMBL,EC50,nM,True,False,Rattus norvegicus,Homo sapiens,360000.0,22.0,4,chembl:256,chembl:214
diazepam,alpha1/alpha6/beta3/gamma2,alpha2/beta3/gamma2,ChEMBL,ChEMBL,EC50,nM,True,False,Rattus norvegicus,Homo sapiens,360000.0,212.67,4,chembl:256,chembl:217
diazepam,alpha1/alpha6/beta3/gamma2,alpha2/beta2/gamma2,ChEMBL,ChEMBL,EC50,nM,False,False,Rattus norvegicus,Homo sapiens,360000.0,20.0,4,chembl:256,chembl:230
diazepam,alpha1/alpha6/beta3/gamma2,alpha2,ChEMBL,ChEMBL,EC50,nM,False,False,Rattus norvegicus,Rattus norvegicus,360000.0,7.0,4,chembl:256,chembl:231
diazepam,alpha1/alpha6/beta3/gamma2,alpha2,ChEMBL,ChEMBL,EC50,nM,False,False,Rattus norvegicus,Rattus norvegicus,360000.0,39.0,4,chembl:256,chembl:232
diazepam,alpha1/alpha6/beta3/gamma2,alpha2,ChEMBL,ChEMBL,EC50,nM,False,False,Rattus norvegicus,Rattus norvegicus,360000.0,15.0,4,chembl:256,chembl:233
diazepam,alpha1/alpha6/beta3/gamma2,alpha2,ChEMBL,ChEMBL,EC50,nM,False,False,Rattus norvegicus,Rattus norvegicus,360000.0,81.0,4,chembl:256,chembl:234
diazepam,alpha1/alpha6/beta3/gamma2,alpha2,ChEMBL,ChEMBL,EC50,nM,False,False,Rattus norvegicus,Rattus norvegicus,360000.0,20.0,4,chembl:256,chembl:236
diazepam,alpha1/alpha6/beta3/gamma2,alpha2,ChEMBL,ChEMBL,EC50,nM,False,False,Rattus norvegicus,Homo sapiens,360000.0,17.0,4,chembl:256,chembl:253
diazepam,alpha1/alpha6/beta3/gamma2,alpha2/beta3/gamma2,ChEMBL,ChEMBL,EC50,nM,True,False,Rattus norvegicus,Homo sapiens,18000.0,6.6,4,chembl:257,chembl:40
diazepam,alpha1/alpha6/beta3/gamma2,alpha2/beta3/gamma2,ChEMBL,ChEMBL,EC50,nM,True,False,Rattus norvegicus,Homo sapiens,18000.0,20.0,4,chembl:257,chembl:64
diazepam,alpha1/alpha6/beta3/gamma2,alpha2/beta3/gamma2,ChEMBL,ChEMBL,EC50,nM,True,False,Rattus norvegicus,Homo sapiens,18000.0,20.0,4,chembl:257,chembl:69
diazepam,alpha1/alpha6/beta3/gamma2,alpha2/beta3/gamma2,ChEMBL,ChEMBL,EC50,nM,True,False,Rattus norvegicus,Homo sapiens,18000.0,26.2,4,chembl:257,chembl:76
diazepam,alpha1/alpha6/beta3/gamma2,alpha2/beta3/gamma2,ChEMBL,ChEMBL,EC50,nM,True,False,Rattus norvegicus,Homo sapiens,18000.0,89.0,4,chembl:257,chembl:77
diazepam,alpha1/alpha6/beta3/gamma2,alpha2/beta2/gamma2,ChEMBL,ChEMBL,EC50,nM,False,False,Rattus norvegicus,Rattus norvegicus,18000.0,20.0,4,chembl:257,chembl:98
diazepam,alpha1/alpha6/beta3/gamma2,alpha2/beta3/gamma2,ChEMBL,ChEMBL,EC50,nM,True,False,Rattus norvegicus,Homo sapiens,18000.0,6.6,4,chembl:257,chembl:157
diazepam,alpha1/alpha6/beta3/gamma2,alpha2/beta3/gamma2,ChEMBL,ChEMBL,EC50,nM,True,False,Rattus norvegicus,Homo sapiens,18000.0,138.0,4,chembl:257,chembl:161
diazepam,alpha1/alpha6/beta3/gamma2,alpha2/beta3/gamma2,ChEMBL,ChEMBL,EC50,nM,True,False,Rattus norvegicus,Homo sapiens,18000.0,6.6,4,chembl:257,chembl:167
diazepam,alpha1/alpha6/beta3/gamma2,alpha2/beta3/gamma2,ChEMBL,ChEMBL,EC50,nM,True,False,Rattus norvegicus,Homo sapiens,18000.0,33.0,4,chembl:257,chembl:174
diazepam,alpha1/alpha6/beta3/gamma2,alpha2/beta3/gamma2,ChEMBL,ChEMBL,EC50,nM,True,False,Rattus norvegicus,Homo sapiens,18000.0,20.0,4,chembl:257,chembl:182
diazepam,alpha1/alpha6/beta3/gamma2,alpha2/beta3/gamma2,ChEMBL,ChEMBL,EC50,nM,True,False,Rattus norvegicus,Homo sapiens,18000.0,115.0,4,chembl:257,chembl:185
diazepam,alpha1/alpha6/beta3/gamma2,alpha2/beta3/gamma2,ChEMBL,ChEMBL,EC50,nM,True,False,Rattus norvegicus,Homo sapiens,18000.0,508.0,4,chembl:257,chembl:191
diazepam,alpha1/alpha6/beta3/gamma2,alpha2/beta3/gamma2,ChEMBL,ChEMBL,EC50,nM,True,False,Rattus norvegicus,Homo sapiens,18000.0,35.0,4,chembl:257,chembl:195
diazepam,alpha1/alpha6/beta3/gamma2,alpha2/beta3/gamma2,ChEMBL,ChEMBL,EC50,nM,True,False,Rattus norvegicus,Homo sapiens,18000.0,177.0,4,chembl:257,chembl:200
diazepam,alpha1/alpha6/beta3/gamma2,alpha2/beta3/gamma2,ChEMBL,ChEMBL,EC50,nM,True,False,Rattus norvegicus,Homo sapiens,18000.0,22.0,4,chembl:257,chembl:214
diazepam,alpha1/alpha6/beta3/gamma2,alpha2/beta3/gamma2,ChEMBL,ChEMBL,EC50,nM,True,False,Rattus norvegicus,Homo sapiens,18000.0,212.67,4,chembl:257,chembl:217
diazepam,alpha1/alpha6/beta3/gamma2,alpha2/beta2/gamma2,ChEMBL,ChEMBL,EC50,nM,False,False,Rattus norvegicus,Homo sapiens,18000.0,20.0,4,chembl:257,chembl:230
diazepam,alpha1/alpha6/beta3/gamma2,alpha2,ChEMBL,ChEMBL,EC50,nM,False,False,Rattus norvegicus,Rattus norvegicus,18000.0,7.0,4,chembl:257,chembl:231
diazepam,alpha1/alpha6/beta3/gamma2,alpha2,ChEMBL,ChEMBL,EC50,nM,False,False,Rattus norvegicus,Rattus norvegicus,18000.0,39.0,4,chembl:257,chembl:232
diazepam,alpha1/alpha6/beta3/gamma2,alpha2,ChEMBL,ChEMBL,EC50,nM,False,False,Rattus norvegicus,Rattus norvegicus,18000.0,15.0,4,chembl:257,chembl:233
diazepam,alpha1/alpha6/beta3/gamma2,alpha2,ChEMBL,ChEMBL,EC50,nM,False,False,Rattus norvegicus,Rattus norvegicus,18000.0,81.0,4,chembl:257,chembl:234
diazepam,alpha1/alpha6/beta3/gamma2,alpha2,ChEMBL,ChEMBL,EC50,nM,False,False,Rattus norvegicus,Rattus norvegicus,18000.0,20.0,4,chembl:257,chembl:236
diazepam,alpha1/alpha6/beta3/gamma2,alpha2,ChEMBL,ChEMBL,EC50,nM,False,False,Rattus norvegicus,Homo sapiens,18000.0,17.0,4,chembl:257,chembl:253
diazepam,alpha1/alpha6/beta3/gamma2,alpha2/beta3/gamma2,ChEMBL,ChEMBL,Activity,%,True,False,Rattus norvegicus,Homo sapiens,250.0,6.6,4,chembl:258,chembl:40
diazepam,alpha1/alpha6/beta3/gamma2,alpha2/beta3/gamma2,ChEMBL,ChEMBL,Activity,%,True,False,Rattus norvegicus,Homo sapiens,250.0,20.0,4,chembl:258,chembl:64
diazepam,alpha1/alpha6/beta3/gamma2,alpha2/beta3/gamma2,ChEMBL,ChEMBL,Activity,%,True,False,Rattus norvegicus,Homo sapiens,250.0,20.0,4,chembl:258,chembl:69
diazepam,alpha1/alpha6/beta3/gamma2,alpha2/beta3/gamma2,ChEMBL,ChEMBL,Activity,%,True,False,Rattus norvegicus,Homo sapiens,250.0,26.2,4,chembl:258,chembl:76
diazepam,alpha1/alpha6/beta3/gamma2,alpha2/beta3/gamma2,ChEMBL,ChEMBL,Activity,%,True,False,Rattus norvegicus,Homo sapiens,250.0,89.0,4,chembl:258,chembl:77
diazepam,alpha1/alpha6/beta3/gamma2,alpha2/beta2/gamma2,ChEMBL,ChEMBL,Activity,%,False,False,Rattus norvegicus,Rattus norvegicus,250.0,20.0,4,chembl:258,chembl:98
diazepam,alpha1/alpha6/beta3/gamma2,alpha2/beta3/gamma2,ChEMBL,ChEMBL,Activity,%,True,False,Rattus norvegicus,Homo sapiens,250.0,6.6,4,chembl:258,chembl:157
diazepam,alpha1/alpha6/beta3/gamma2,alpha2/beta3/gamma2,ChEMBL,ChEMBL,Activity,%,True,False,Rattus norvegicus,Homo sapiens,250.0,138.0,4,chembl:258,chembl:161
diazepam,alpha1/alpha6/beta3/gamma2,alpha2/beta3/gamma2,ChEMBL,ChEMBL,Activity,%,True,False,Rattus norvegicus,Homo sapiens,250.0,6.6,4,chembl:258,chembl:167
diazepam,alpha1/alpha6/beta3/gamma2,alpha2/beta3/gamma2,ChEMBL,ChEMBL,Activity,%,True,False,Rattus norvegicus,Homo sapiens,250.0,33.0,4,chembl:258,chembl:174
diazepam,alpha1/alpha6/beta3/gamma2,alpha2/beta3/gamma2,ChEMBL,ChEMBL,Activity,%,True,False,Rattus norvegicus,Homo sapiens,250.0,20.0,4,chembl:258,chembl:182
diazepam,alpha1/alpha6/beta3/gamma2,alpha2/beta3/gamma2,ChEMBL,ChEMBL,Activity,%,True,False,Rattus norvegicus,Homo sapiens,250.0,115.0,4,chembl:258,chembl:185
diazepam,alpha1/alpha6/beta3/gamma2,alpha2/beta3/gamma2,ChEMBL,ChEMBL,Activity,%,True,False,Rattus norvegicus,Homo sapiens,250.0,508.0,4,chembl:258,chembl:191
diazepam,alpha1/alpha6/beta3/gamma2,alpha2/beta3/gamma2,ChEMBL,ChEMBL,Activity,%,True,False,Rattus norvegicus,Homo sapiens,250.0,35.0,4,chembl:258,chembl:195
diazepam,alpha1/alpha6/beta3/gamma2,alpha2/beta3/gamma2,ChEMBL,ChEMBL,Activity,%,True,False,Rattus norvegicus,Homo sapiens,250.0,177.0,4,chembl:258,chembl:200
diazepam,alpha1/alpha6/beta3/gamma2,alpha2/beta3/gamma2,ChEMBL,ChEMBL,Activity,%,True,False,Rattus norvegicus,Homo sapiens,250.0,22.0,4,chembl:258,chembl:214
diazepam,alpha1/alpha6/beta3/gamma2,alpha2/beta3/gamma2,ChEMBL,ChEMBL,Activity,%,True,False,Rattus norvegicus,Homo sapiens,250.0,212.67,4,chembl:258,chembl:217
diazepam,alpha1/alpha6/beta3/gamma2,alpha2/beta2/gamma2,ChEMBL,ChEMBL,Activity,%,False,False,Rattus norvegicus,Homo sapiens,250.0,20.0,4,chembl:258,chembl:230
diazepam,alpha1/alpha6/beta3/gamma2,alpha2,ChEMBL,ChEMBL,Activity,%,False,False,Rattus norvegicus,Rattus norvegicus,250.0,7.0,4,chembl:258,chembl:231
diazepam,alpha1/alpha6/beta3/gamma2,alpha2,ChEMBL,ChEMBL,Activity,%,False,False,Rattus norvegicus,Rattus norvegicus,250.0,39.0,4,chembl:258,chembl:232
diazepam,alpha1/alpha6/beta3/gamma2,alpha2,ChEMBL,ChEMBL,Activity,%,False,False,Rattus norvegicus,Rattus norvegicus,250.0,15.0,4,chembl:258,chembl:233
diazepam,alpha1/alpha6/beta3/gamma2,alpha2,ChEMBL,ChEMBL,Activity,%,False,False,Rattus norvegicus,Rattus norvegicus,250.0,81.0,4,chembl:258,chembl:234
diazepam,alpha1/alpha6/beta3/gamma2,alpha2,ChEMBL,ChEMBL,Activity,%,False,False,Rattus norvegicus,Rattus norvegicus,250.0,20.0,4,chembl:258,chembl:236
diazepam,alpha1/alpha6/beta3/gamma2,alpha2,ChEMBL,ChEMBL,Activity,%,False,False,Rattus norvegicus,Homo sapiens,250.0,17.0,4,chembl:258,chembl:253
diazepam,alpha1/alpha6/beta3/gamma2,alpha2/beta3/gamma2,ChEMBL,ChEMBL,Activity,nanoampere,True,False,Rattus norvegicus,Homo sapiens,9350.0,6.6,4,chembl:259,chembl:40
diazepam,alpha1/alpha6/beta3/gamma2,alpha2/beta3/gamma2,ChEMBL,ChEMBL,Activity,nanoampere,True,False,Rattus norvegicus,Homo sapiens,9350.0,20.0,4,chembl:259,chembl:64
diazepam,alpha1/alpha6/beta3/gamma2,alpha2/beta3/gamma2,ChEMBL,ChEMBL,Activity,nanoampere,True,False,Rattus norvegicus,Homo sapiens,9350.0,20.0,4,chembl:259,chembl:69
diazepam,alpha1/alpha6/beta3/gamma2,alpha2/beta3/gamma2,ChEMBL,ChEMBL,Activity,nanoampere,True,False,Rattus norvegicus,Homo sapiens,9350.0,26.2,4,chembl:259,chembl:76
diazepam,alpha1/alpha6/beta3/gamma2,alpha2/beta3/gamma2,ChEMBL,ChEMBL,Activity,nanoampere,True,False,Rattus norvegicus,Homo sapiens,9350.0,89.0,4,chembl:259,chembl:77
diazepam,alpha1/alpha6/beta3/gamma2,alpha2/beta2/gamma2,ChEMBL,ChEMBL,Activity,nanoampere,False,False,Rattus norvegicus,Rattus norvegicus,9350.0,20.0,4,chembl:259,chembl:98
diazepam,alpha1/alpha6/beta3/gamma2,alpha2/beta3/gamma2,ChEMBL,ChEMBL,Activity,nanoampere,True,False,Rattus norvegicus,Homo sapiens,9350.0,6.6,4,chembl:259,chembl:157
diazepam,alpha1/alpha6/beta3/gamma2,alpha2/beta3/gamma2,ChEMBL,ChEMBL,Activity,nanoampere,True,False,Rattus norvegicus,Homo sapiens,9350.0,138.0,4,chembl:259,chembl:161
diazepam,alpha1/alpha6/beta3/gamma2,alpha2/beta3/gamma2,ChEMBL,ChEMBL,Activity,nanoampere,True,False,Rattus norvegicus,Homo sapiens,9350.0,6.6,4,chembl:259,chembl:167
diazepam,alpha1/alpha6/beta3/gamma2,alpha2/beta3/gamma2,ChEMBL,ChEMBL,Activity,nanoampere,True,False,Rattus norvegicus,Homo sapiens,9350.0,33.0,4,chembl:259,chembl:174
diazepam,alpha1/alpha6/beta3/gamma2,alpha2/beta3/gamma2,ChEMBL,ChEMBL,Activity,nanoampere,True,False,Rattus norvegicus,Homo sapiens,9350.0,20.0,4,chembl:259,chembl:182
diazepam,alpha1/alpha6/beta3/gamma2,alpha2/beta3/gamma2,ChEMBL,ChEMBL,Activity,nanoampere,True,False,Rattus norvegicus,Homo sapiens,9350.0,115.0,4,chembl:259,chembl:185
diazepam,alpha1/alpha6/beta3/gamma2,alpha2/beta3/gamma2,ChEMBL,ChEMBL,Activity,nanoampere,True,False,Rattus norvegicus,Homo sapiens,9350.0,508.0,4,chembl:259,chembl:191
diazepam,alpha1/alpha6/beta3/gamma2,alpha2/beta3/gamma2,ChEMBL,ChEMBL,Activity,nanoampere,True,False,Rattus norvegicus,Homo sapiens,9350.0,35.0,4,chembl:259,chembl:195
diazepam,alpha1/alpha6/beta3/gamma2,alpha2/beta3/gamma2,ChEMBL,ChEMBL,Activity,nanoampere,True,False,Rattus norvegicus,Homo sapiens,9350.0,177.0,4,chembl:259,chembl:200
diazepam,alpha1/alpha6/beta3/gamma2,alpha2/beta3/gamma2,ChEMBL,ChEMBL,Activity,nanoampere,True,False,Rattus norvegicus,Homo sapiens,9350.0,22.0,4,chembl:259,chembl:214
diazepam,alpha1/alpha6/beta3/gamma2,alpha2/beta3/gamma2,ChEMBL,ChEMBL,Activity,nanoampere,True,False,Rattus norvegicus,Homo sapiens,9350.0,212.67,4,chembl:259,chembl:217
diazepam,alpha1/alpha6/beta3/gamma2,alpha2/beta2/gamma2,ChEMBL,ChEMBL,Activity,nanoampere,False,False,Rattus norvegicus,Homo sapiens,9350.0,20.0,4,chembl:259,chembl:230
diazepam,alpha1/alpha6/beta3/gamma2,alpha2,ChEMBL,ChEMBL,Activity,nanoampere,False,False,Rattus norvegicus,Rattus norvegicus,9350.0,7.0,4,chembl:259,chembl:231
diazepam,alpha1/alpha6/beta3/gamma2,alpha2,ChEMBL,ChEMBL,Activity,nanoampere,False,False,Rattus norvegicus,Rattus norvegicus,9350.0,39.0,4,chembl:259,chembl:232
diazepam,alpha1/alpha6/beta3/gamma2,alpha2,ChEMBL,ChEMBL,Activity,nanoampere,False,False,Rattus norvegicus,Rattus norvegicus,9350.0,15.0,4,chembl:259,chembl:233
diazepam,alpha1/alpha6/beta3/gamma2,alpha2,ChEMBL,ChEMBL,Activity,nanoampere,False,False,Rattus norvegicus,Rattus norvegicus,9350.0,81.0,4,chembl:259,chembl:234
diazepam,alpha1/alpha6/beta3/gamma2,alpha2,ChEMBL,ChEMBL,Activity,nanoampere,False,False,Rattus norvegicus,Rattus norvegicus,9350.0,20.0,4,chembl:259,chembl:236
diazepam,alpha1/alpha6/beta3/gamma2,alpha2,ChEMBL,ChEMBL,Activity,nanoampere,False,False,Rattus norvegicus,Homo sapiens,9350.0,17.0,4,chembl:259,chembl:253
diazepam,alpha1/alpha6/beta3/gamma2,alpha2/beta3/gamma2,ChEMBL,ChEMBL,Activity,nanoampere,True,False,Rattus norvegicus,Homo sapiens,810.0,6.6,4,chembl:260,chembl:40
diazepam,alpha1/alpha6/beta3/gamma2,alpha2/beta3/gamma2,ChEMBL,ChEMBL,Activity,nanoampere,True,False,Rattus norvegicus,Homo sapiens,810.0,20.0,4,chembl:260,chembl:64
diazepam,alpha1/alpha6/beta3/gamma2,alpha2/beta3/gamma2,ChEMBL,ChEMBL,Activity,nanoampere,True,False,Rattus norvegicus,Homo sapiens,810.0,20.0,4,chembl:260,chembl:69
diazepam,alpha1/alpha6/beta3/gamma2,alpha2/beta3/gamma2,ChEMBL,ChEMBL,Activity,nanoampere,True,False,Rattus norvegicus,Homo sapiens,810.0,26.2,4,chembl:260,chembl:76
diazepam,alpha1/alpha6/beta3/gamma2,alpha2/beta3/gamma2,ChEMBL,ChEMBL,Activity,nanoampere,True,False,Rattus norvegicus,Homo sapiens,810.0,89.0,4,chembl:260,chembl:77
diazepam,alpha1/alpha6/beta3/gamma2,alpha2/beta2/gamma2,ChEMBL,ChEMBL,Activity,nanoampere,False,False,Rattus norvegicus,Rattus norvegicus,810.0,20.0,4,chembl:260,chembl:98
diazepam,alpha1/alpha6/beta3/gamma2,alpha2/beta3/gamma2,ChEMBL,ChEMBL,Activity,nanoampere,True,False,Rattus norvegicus,Homo sapiens,810.0,6.6,4,chembl:260,chembl:157
diazepam,alpha1/alpha6/beta3/gamma2,alpha2/beta3/gamma2,ChEMBL,ChEMBL,Activity,nanoampere,True,False,Rattus norvegicus,Homo sapiens,810.0,138.0,4,chembl:260,chembl:161
diazepam,alpha1/alpha6/beta3/gamma2,alpha2/beta3/gamma2,ChEMBL,ChEMBL,Activity,nanoampere,True,False,Rattus norvegicus,Homo sapiens,810.0,6.6,4,chembl:260,chembl:167
diazepam,alpha1/alpha6/beta3/gamma2,alpha2/beta3/gamma2,ChEMBL,ChEMBL,Activity,nanoampere,True,False,Rattus norvegicus,Homo sapiens,810.0,33.0,4,chembl:260,chembl:174
diazepam,alpha1/alpha6/beta3/gamma2,alpha2/beta3/gamma2,ChEMBL,ChEMBL,Activity,nanoampere,True,False,Rattus norvegicus,Homo sapiens,810.0,20.0,4,chembl:260,chembl:182
diazepam,alpha1/alpha6/beta3/gamma2,alpha2/beta3/gamma2,ChEMBL,ChEMBL,Activity,nanoampere,True,False,Rattus norvegicus,Homo sapiens,810.0,115.0,4,chembl:260,chembl:185
diazepam,alpha1/alpha6/beta3/gamma2,alpha2/beta3/gamma2,ChEMBL,ChEMBL,Activity,nanoampere,True,False,Rattus norvegicus,Homo sapiens,810.0,508.0,4,chembl:260,chembl:191
diazepam,alpha1/alpha6/beta3/gamma2,alpha2/beta3/gamma2,ChEMBL,ChEMBL,Activity,nanoampere,True,False,Rattus norvegicus,Homo sapiens,810.0,35.0,4,chembl:260,chembl:195
diazepam,alpha1/alpha6/beta3/gamma2,alpha2/beta3/gamma2,ChEMBL,ChEMBL,Activity,nanoampere,True,False,Rattus norvegicus,Homo sapiens,810.0,177.0,4,chembl:260,chembl:200
diazepam,alpha1/alpha6/beta3/gamma2,alpha2/beta3/gamma2,ChEMBL,ChEMBL,Activity,nanoampere,True,False,Rattus norvegicus,Homo sapiens,810.0,22.0,4,chembl:260,chembl:214
diazepam,alpha1/alpha6/beta3/gamma2,alpha2/beta3/gamma2,ChEMBL,ChEMBL,Activity,nanoampere,True,False,Rattus norvegicus,Homo sapiens,810.0,212.67,4,chembl:260,chembl:217
diazepam,alpha1/alpha6/beta3/gamma2,alpha2/beta2/gamma2,ChEMBL,ChEMBL,Activity,nanoampere,False,False,Rattus norvegicus,Homo sapiens,810.0,20.0,4,chembl:260,chembl:230
diazepam,alpha1/alpha6/beta3/gamma2,alpha2,ChEMBL,ChEMBL,Activity,nanoampere,False,False,Rattus norvegicus,Rattus norvegicus,810.0,7.0,4,chembl:260,chembl:231
diazepam,alpha1/alpha6/beta3/gamma2,alpha2,ChEMBL,ChEMBL,Activity,nanoampere,False,False,Rattus norvegicus,Rattus norvegicus,810.0,39.0,4,chembl:260,chembl:232
diazepam,alpha1/alpha6/beta3/gamma2,alpha2,ChEMBL,ChEMBL,Activity,nanoampere,False,False,Rattus norvegicus,Rattus norvegicus,810.0,15.0,4,chembl:260,chembl:233
diazepam,alpha1/alpha6/beta3/gamma2,alpha2,ChEMBL,ChEMBL,Activity,nanoampere,False,False,Rattus norvegicus,Rattus norvegicus,810.0,81.0,4,chembl:260,chembl:234
diazepam,alpha1/alpha6/beta3/gamma2,alpha2,ChEMBL,ChEMBL,Activity,nanoampere,False,False,Rattus norvegicus,Rattus norvegicus,810.0,20.0,4,chembl:260,chembl:236
diazepam,alpha1/alpha6/beta3/gamma2,alpha2,ChEMBL,ChEMBL,Activity,nanoampere,False,False,Rattus norvegicus,Homo sapiens,810.0,17.0,4,chembl:260,chembl:253
diazepam,alpha6/beta3/alpha1,alpha2/beta3/gamma2,ChEMBL,ChEMBL,Activity,nanoampere,False,False,Rattus norvegicus,Homo sapiens,51.0,6.6,4,chembl:261,chembl:40
diazepam,alpha6/beta3/alpha1,alpha2/beta3/gamma2,ChEMBL,ChEMBL,Activity,nanoampere,False,False,Rattus norvegicus,Homo sapiens,51.0,20.0,4,chembl:261,chembl:64
diazepam,alpha6/beta3/alpha1,alpha2/beta3/gamma2,ChEMBL,ChEMBL,Activity,nanoampere,False,False,Rattus norvegicus,Homo sapiens,51.0,20.0,4,chembl:261,chembl:69
diazepam,alpha6/beta3/alpha1,alpha2/beta3/gamma2,ChEMBL,ChEMBL,Activity,nanoampere,False,False,Rattus norvegicus,Homo sapiens,51.0,26.2,4,chembl:261,chembl:76
diazepam,alpha6/beta3/alpha1,alpha2/beta3/gamma2,ChEMBL,ChEMBL,Activity,nanoampere,False,False,Rattus norvegicus,Homo sapiens,51.0,89.0,4,chembl:261,chembl:77
diazepam,alpha6/beta3/alpha1,alpha2/beta2/gamma2,ChEMBL,ChEMBL,Activity,nanoampere,False,False,Rattus norvegicus,Rattus norvegicus,51.0,20.0,4,chembl:261,chembl:98
diazepam,alpha6/beta3/alpha1,alpha2/beta3/gamma2,ChEMBL,ChEMBL,Activity,nanoampere,False,False,Rattus norvegicus,Homo sapiens,51.0,6.6,4,chembl:261,chembl:157
diazepam,alpha6/beta3/alpha1,alpha2/beta3/gamma2,ChEMBL,ChEMBL,Activity,nanoampere,False,False,Rattus norvegicus,Homo sapiens,51.0,138.0,4,chembl:261,chembl:161
diazepam,alpha6/beta3/alpha1,alpha2/beta3/gamma2,ChEMBL,ChEMBL,Activity,nanoampere,False,False,Rattus norvegicus,Homo sapiens,51.0,6.6,4,chembl:261,chembl:167
diazepam,alpha6/beta3/alpha1,alpha2/beta3/gamma2,ChEMBL,ChEMBL,Activity,nanoampere,False,False,Rattus norvegicus,Homo sapiens,51.0,33.0,4,chembl:261,chembl:174
diazepam,alpha6/beta3/alpha1,alpha2/beta3/gamma2,ChEMBL,ChEMBL,Activity,nanoampere,False,False,Rattus norvegicus,Homo sapiens,51.0,20.0,4,chembl:261,chembl:182
diazepam,alpha6/beta3/alpha1,alpha2/beta3/gamma2,ChEMBL,ChEMBL,Activity,nanoampere,False,False,Rattus norvegicus,Homo sapiens,51.0,115.0,4,chembl:261,chembl:185
diazepam,alpha6/beta3/alpha1,alpha2/beta3/gamma2,ChEMBL,ChEMBL,Activity,nanoampere,False,False,Rattus norvegicus,Homo sapiens,51.0,508.0,4,chembl:261,chembl:191
diazepam,alpha6/beta3/alpha1,alpha2/beta3/gamma2,ChEMBL,ChEMBL,Activity,nanoampere,False,False,Rattus norvegicus,Homo sapiens,51.0,35.0,4,chembl:261,chembl:195
diazepam,alpha6/beta3/alpha1,alpha2/beta3/gamma2,ChEMBL,ChEMBL,Activity,nanoampere,False,False,Rattus norvegicus,Homo sapiens,51.0,177.0,4,chembl:261,chembl:200
diazepam,alpha6/beta3/alpha1,alpha2/beta3/gamma2,ChEMBL,ChEMBL,Activity,nanoampere,False,False,Rattus norvegicus,Homo sapiens,51.0,22.0,4,chembl:261,chembl:214
diazepam,alpha6/beta3/alpha1,alpha2/beta3/gamma2,ChEMBL,ChEMBL,Activity,nanoampere,False,False,Rattus norvegicus,Homo sapiens,51.0,212.67,4,chembl:261,chembl:217
diazepam,alpha6/beta3/alpha1,alpha2/beta2/gamma2,ChEMBL,ChEMBL,Activity,nanoampere,False,False,Rattus norvegicus,Homo sapiens,51.0,20.0,4,chembl:261,chembl:230
diazepam,alpha6/beta3/alpha1,alpha2,ChEMBL,ChEMBL,Activity,nanoampere,False,False,Rattus norvegicus,Rattus norvegicus,51.0,7.0,4,chembl:261,chembl:231
diazepam,alpha6/beta3/alpha1,alpha2,ChEMBL,ChEMBL,Activity,nanoampere,False,False,Rattus norvegicus,Rattus norvegicus,51.0,39.0,4,chembl:261,chembl:232
diazepam,alpha6/beta3/alpha1,alpha2,ChEMBL,ChEMBL,Activity,nanoampere,False,False,Rattus norvegicus,Rattus norvegicus,51.0,15.0,4,chembl:261,chembl:233
diazepam,alpha6/beta3/alpha1,alpha2,ChEMBL,ChEMBL,Activity,nanoampere,False,False,Rattus norvegicus,Rattus norvegicus,51.0,81.0,4,chembl:261,chembl:234
diazepam,alpha6/beta3/alpha1,alpha2,ChEMBL,ChEMBL,Activity,nanoampere,False,False,Rattus norvegicus,Rattus norvegicus,51.0,20.0,4,chembl:261,chembl:236
diazepam,alpha6/beta3/alpha1,alpha2,ChEMBL,ChEMBL,Activity,nanoampere,False,False,Rattus norvegicus,Homo sapiens,51.0,17.0,4,chembl:261,chembl:253
triazolam,alpha1/beta3/gamma2,alpha2/beta3/gamma2,ChEMBL,ChEMBL,Ki,nM,True,True,Homo sapiens,Homo sapiens,0.8,0.59,1,chembl:303,chembl:304
triazolam,alpha1,alpha2/beta3/gamma2,ChEMBL,ChEMBL,Kd,nM,False,False,Homo sapiens,Homo sapiens,1.0,0.59,4,chembl:311,chembl:304
triazolam,alpha1,alpha2/beta3/gamma2,ChEMBL,ChEMBL,AC50,nM,False,False,Rattus norvegicus,Homo sapiens,10000.0,0.59,4,chembl:312,chembl:304
triazolam,alpha1,alpha2/beta3/gamma2,ChEMBL,ChEMBL,AC50,nM,False,False,Rattus norvegicus,Homo sapiens,1.1,0.59,4,chembl:313,chembl:304
zaleplon,alpha1/beta2/gamma2,alpha2/beta3/gamma2,ChEMBL,ChEMBL,EC50,nM,False,True,Homo sapiens,Homo sapiens,290.0,1630.0,3,chembl:429,chembl:428
zaleplon,alpha1,alpha2/beta3/gamma2,ChEMBL,ChEMBL,AC50,nM,False,False,Rattus norvegicus,Homo sapiens,10000.0,1630.0,4,chembl:432,chembl:428
zaleplon,alpha1,alpha2/beta3/gamma2,ChEMBL,ChEMBL,AC50,nM,False,False,Rattus norvegicus,Homo sapiens,590.0,1630.0,4,chembl:433,chembl:428
zolpidem,alpha1/beta2/gamma2,alpha2/beta3/gamma2,ChEMBL,ChEMBL,Ki,nM,False,False,Rattus norvegicus,Homo sapiens,19.0,160.0,4,chembl:315,chembl:327
zolpidem,alpha1/beta2/gamma2,alpha2/beta3/gamma2,ChEMBL,ChEMBL,Ki,nM,False,False,Rattus norvegicus,Homo sapiens,19.0,156.0,4,chembl:315,chembl:331
zolpidem,alpha1/beta2/gamma2,alpha2/beta3/gamma2,ChEMBL,ChEMBL,Ki,nM,False,False,Rattus norvegicus,Homo sapiens,19.0,255.1,4,chembl:315,chembl:338
zolpidem,alpha1/beta2/gamma2,alpha2/beta3/gamma2,ChEMBL,ChEMBL,Ki,nM,False,False,Rattus norvegicus,Homo sapiens,19.0,187.0,4,chembl:315,chembl:339
zolpidem,alpha1/beta2/gamma2,alpha2/beta2/gamma2,ChEMBL,ChEMBL,Ki,nM,True,False,Rattus norvegicus,Rattus norvegicus,19.0,156.0,4,chembl:315,chembl:345
zolpidem,alpha1/beta2/gamma2,alpha2/beta3/gamma2,ChEMBL,ChEMBL,Ki,nM,False,False,Rattus norvegicus,Homo sapiens,19.0,156.0,4,chembl:315,chembl:348
zolpidem,alpha1/beta2/gamma2,alpha2/beta3/gamma2,ChEMBL,ChEMBL,Ki,nM,False,False,Rattus norvegicus,Homo sapiens,19.0,103.0,4,chembl:315,chembl:357
zolpidem,alpha1/beta2/gamma2,alpha2/beta2/gamma2,ChEMBL,ChEMBL,Ki,nM,True,False,Rattus norvegicus,Rattus norvegicus,19.0,765.0,4,chembl:315,chembl:361
zolpidem,alpha1/beta2/gamma2,alpha2/beta2/gamma2,ChEMBL,ChEMBL,Ki,nM,True,False,Rattus norvegicus,Rattus norvegicus,19.0,765.0,4,chembl:315,chembl:363
zolpidem,alpha1/beta2/gamma2,alpha2/beta2/gamma2,ChEMBL,ChEMBL,Ki,nM,True,False,Rattus norvegicus,Rattus norvegicus,19.0,765.0,4,chembl:315,chembl:365
zolpidem,alpha1/beta2/gamma2,alpha2/beta3/gamma2,ChEMBL,ChEMBL,Ki,nM,False,False,Rattus norvegicus,Homo sapiens,19.0,160.0,4,chembl:315,chembl:368
zolpidem,alpha1/beta2/gamma2,alpha2/beta3/gamma2,ChEMBL,ChEMBL,Ki,nM,False,False,Rattus norvegicus,Homo sapiens,19.0,123.0,4,chembl:315,chembl:371
zolpidem,alpha1/beta2/gamma2,alpha2/beta3/gamma2,ChEMBL,ChEMBL,Ki,nM,False,False,Rattus norvegicus,Homo sapiens,19.0,156.0,4,chembl:315,chembl:377
zolpidem,alpha1/beta2/gamma2,alpha2/beta2/gamma2,ChEMBL,ChEMBL,Ki,nM,True,False,Rattus norvegicus,Homo sapiens,19.0,150.0,4,chembl:315,chembl:394
zolpidem,alpha1/beta2/gamma2,alpha2/beta2/gamma2,ChEMBL,ChEMBL,Ki,nM,True,False,Rattus norvegicus,Homo sapiens,19.0,180.0,4,chembl:315,chembl:395
zolpidem,alpha1/beta2/gamma2,alpha2/beta2/gamma2,ChEMBL,ChEMBL,Ki,nM,True,False,Rattus norvegicus,Homo sapiens,19.0,408.0,4,chembl:315,chembl:403
zolpidem,alpha1/beta2/gamma2,alpha2,ChEMBL,ChEMBL,Ki,nM,False,False,Rattus norvegicus,Rattus norvegicus,19.0,765.0,4,chembl:315,chembl:412
zolpidem,alpha1/beta2/gamma2,alpha2,ChEMBL,ChEMBL,Ki,nM,False,False,Rattus norvegicus,Rattus norvegicus,19.0,156.0,4,chembl:315,chembl:414
zolpidem,alpha1/beta2/gamma2,alpha2,ChEMBL,ChEMBL,Ki,nM,False,False,Rattus norvegicus,Homo sapiens,19.0,291.0,4,chembl:315,chembl:418
zolpidem,alpha1/beta2/gamma2,alpha2,ChEMBL,ChEMBL,Ki,nM,False,False,Rattus norvegicus,Homo sapiens,19.0,737.0,4,chembl:315,chembl:419
zolpidem,alpha1/beta2/gamma2,alpha2,ChEMBL,ChEMBL,Ki,nM,False,False,Rattus norvegicus,Homo sapiens,19.0,74.1,4,chembl:315,chembl:423
zolpidem,alpha1/beta2/gamma2,alpha2/beta3/gamma2,ChEMBL,ChEMBL,Ki,nM,False,False,Rattus norvegicus,Homo sapiens,10000.0,160.0,4,chembl:318,chembl:327
zolpidem,alpha1/beta2/gamma2,alpha2/beta3/gamma2,ChEMBL,ChEMBL,Ki,nM,False,False,Rattus norvegicus,Homo sapiens,10000.0,156.0,4,chembl:318,chembl:331
zolpidem,alpha1/beta2/gamma2,alpha2/beta3/gamma2,ChEMBL,ChEMBL,Ki,nM,False,False,Rattus norvegicus,Homo sapiens,10000.0,255.1,4,chembl:318,chembl:338
zolpidem,alpha1/beta2/gamma2,alpha2/beta3/gamma2,ChEMBL,ChEMBL,Ki,nM,False,False,Rattus norvegicus,Homo sapiens,10000.0,187.0,4,chembl:318,chembl:339
zolpidem,alpha1/beta2/gamma2,alpha2/beta2/gamma2,ChEMBL,ChEMBL,Ki,nM,True,False,Rattus norvegicus,Rattus norvegicus,10000.0,156.0,4,chembl:318,chembl:345
zolpidem,alpha1/beta2/gamma2,alpha2/beta3/gamma2,ChEMBL,ChEMBL,Ki,nM,False,False,Rattus norvegicus,Homo sapiens,10000.0,156.0,4,chembl:318,chembl:348
zolpidem,alpha1/beta2/gamma2,alpha2/beta3/gamma2,ChEMBL,ChEMBL,Ki,nM,False,False,Rattus norvegicus,Homo sapiens,10000.0,103.0,4,chembl:318,chembl:357
zolpidem,alpha1/beta2/gamma2,alpha2/beta2/gamma2,ChEMBL,ChEMBL,Ki,nM,True,False,Rattus norvegicus,Rattus norvegicus,10000.0,765.0,4,chembl:318,chembl:361
zolpidem,alpha1/beta2/gamma2,alpha2/beta2/gamma2,ChEMBL,ChEMBL,Ki,nM,True,False,Rattus norvegicus,Rattus norvegicus,10000.0,765.0,4,chembl:318,chembl:363
zolpidem,alpha1/beta2/gamma2,alpha2/beta2/gamma2,ChEMBL,ChEMBL,Ki,nM,True,False,Rattus norvegicus,Rattus norvegicus,10000.0,765.0,4,chembl:318,chembl:365
zolpidem,alpha1/beta2/gamma2,alpha2/beta3/gamma2,ChEMBL,ChEMBL,Ki,nM,False,False,Rattus norvegicus,Homo sapiens,10000.0,160.0,4,chembl:318,chembl:368
zolpidem,alpha1/beta2/gamma2,alpha2/beta3/gamma2,ChEMBL,ChEMBL,Ki,nM,False,False,Rattus norvegicus,Homo sapiens,10000.0,123.0,4,chembl:318,chembl:371
zolpidem,alpha1/beta2/gamma2,alpha2/beta3/gamma2,ChEMBL,ChEMBL,Ki,nM,False,False,Rattus norvegicus,Homo sapiens,10000.0,156.0,4,chembl:318,chembl:377
zolpidem,alpha1/beta2/gamma2,alpha2/beta2/gamma2,ChEMBL,ChEMBL,Ki,nM,True,False,Rattus norvegicus,Homo sapiens,10000.0,150.0,4,chembl:318,chembl:394
zolpidem,alpha1/beta2/gamma2,alpha2/beta2/gamma2,ChEMBL,ChEMBL,Ki,nM,True,False,Rattus norvegicus,Homo sapiens,10000.0,180.0,4,chembl:318,chembl:395
zolpidem,alpha1/beta2/gamma2,alpha2/beta2/gamma2,ChEMBL,ChEMBL,Ki,nM,True,False,Rattus norvegicus,Homo sapiens,10000.0,408.0,4,chembl:318,chembl:403
zolpidem,alpha1/beta2/gamma2,alpha2,ChEMBL,ChEMBL,Ki,nM,False,False,Rattus norvegicus,Rattus norvegicus,10000.0,765.0,4,chembl:318,chembl:412
zolpidem,alpha1/beta2/gamma2,alpha2,ChEMBL,ChEMBL,Ki,nM,False,False,Rattus norvegicus,Rattus norvegicus,10000.0,156.0,4,chembl:318,chembl:414
zolpidem,alpha1/beta2/gamma2,alpha2,ChEMBL,ChEMBL,Ki,nM,False,False,Rattus norvegicus,Homo sapiens,10000.0,291.0,4,chembl:318,chembl:418
zolpidem,alpha1/beta2/gamma2,alpha2,ChEMBL,ChEMBL,Ki,nM,False,False,Rattus norvegicus,Homo sapiens,10000.0,737.0,4,chembl:318,chembl:419
zolpidem,alpha1/beta2/gamma2,alpha2,ChEMBL,ChEMBL,Ki,nM,False,False,Rattus norvegicus,Homo sapiens,10000.0,74.1,4,chembl:318,chembl:423
zolpidem,alpha1/beta2/gamma2,alpha2/beta3/gamma2,ChEMBL,ChEMBL,IC50,nM,False,False,Homo sapiens,Homo sapiens,46.3,160.0,4,chembl:324,chembl:327
zolpidem,alpha1/beta2/gamma2,alpha2/beta3/gamma2,ChEMBL,ChEMBL,IC50,nM,False,False,Homo sapiens,Homo sapiens,46.3,156.0,4,chembl:324,chembl:331
zolpidem,alpha1/beta2/gamma2,alpha2/beta3/gamma2,ChEMBL,ChEMBL,IC50,nM,False,False,Homo sapiens,Homo sapiens,46.3,255.1,4,chembl:324,chembl:338
zolpidem,alpha1/beta2/gamma2,alpha2/beta3/gamma2,ChEMBL,ChEMBL,IC50,nM,False,False,Homo sapiens,Homo sapiens,46.3,187.0,4,chembl:324,chembl:339
zolpidem,alpha1/beta2/gamma2,alpha2/beta2/gamma2,ChEMBL,ChEMBL,IC50,nM,True,False,Homo sapiens,Rattus norvegicus,46.3,156.0,4,chembl:324,chembl:345
zolpidem,alpha1/beta2/gamma2,alpha2/beta3/gamma2,ChEMBL,ChEMBL,IC50,nM,False,False,Homo sapiens,Homo sapiens,46.3,156.0,4,chembl:324,chembl:348
zolpidem,alpha1/beta2/gamma2,alpha2/beta3/gamma2,ChEMBL,ChEMBL,IC50,nM,False,False,Homo sapiens,Homo sapiens,46.3,103.0,4,chembl:324,chembl:357
zolpidem,alpha1/beta2/gamma2,alpha2/beta2/gamma2,ChEMBL,ChEMBL,IC50,nM,True,False,Homo sapiens,Rattus norvegicus,46.3,765.0,4,chembl:324,chembl:361
zolpidem,alpha1/beta2/gamma2,alpha2/beta2/gamma2,ChEMBL,ChEMBL,IC50,nM,True,False,Homo sapiens,Rattus norvegicus,46.3,765.0,4,chembl:324,chembl:363
zolpidem,alpha1/beta2/gamma2,alpha2/beta2/gamma2,ChEMBL,ChEMBL,IC50,nM,True,False,Homo sapiens,Rattus norvegicus,46.3,765.0,4,chembl:324,chembl:365
zolpidem,alpha1/beta2/gamma2,alpha2/beta3/gamma2,ChEMBL,ChEMBL,IC50,nM,False,False,Homo sapiens,Homo sapiens,46.3,160.0,4,chembl:324,chembl:368
zolpidem,alpha1/beta2/gamma2,alpha2/beta3/gamma2,ChEMBL,ChEMBL,IC50,nM,False,False,Homo sapiens,Homo sapiens,46.3,123.0,4,chembl:324,chembl:371
zolpidem,alpha1/beta2/gamma2,alpha2/beta3/gamma2,ChEMBL,ChEMBL,IC50,nM,False,False,Homo sapiens,Homo sapiens,46.3,156.0,4,chembl:324,chembl:377
zolpidem,alpha1/beta2/gamma2,alpha2/beta2/gamma2,ChEMBL,ChEMBL,IC50,nM,True,False,Homo sapiens,Homo sapiens,46.3,150.0,4,chembl:324,chembl:394
zolpidem,alpha1/beta2/gamma2,alpha2/beta2/gamma2,ChEMBL,ChEMBL,IC50,nM,True,False,Homo sapiens,Homo sapiens,46.3,180.0,4,chembl:324,chembl:395
zolpidem,alpha1/beta2/gamma2,alpha2/beta2/gamma2,ChEMBL,ChEMBL,IC50,nM,True,False,Homo sapiens,Homo sapiens,46.3,408.0,4,chembl:324,chembl:403
zolpidem,alpha1/beta2/gamma2,alpha2,ChEMBL,ChEMBL,IC50,nM,False,False,Homo sapiens,Rattus norvegicus,46.3,765.0,4,chembl:324,chembl:412
zolpidem,alpha1/beta2/gamma2,alpha2,ChEMBL,ChEMBL,IC50,nM,False,False,Homo sapiens,Rattus norvegicus,46.3,156.0,4,chembl:324,chembl:414
zolpidem,alpha1/beta2/gamma2,alpha2,ChEMBL,ChEMBL,IC50,nM,False,False,Homo sapiens,Homo sapiens,46.3,291.0,4,chembl:324,chembl:418
zolpidem,alpha1/beta2/gamma2,alpha2,ChEMBL,ChEMBL,IC50,nM,False,False,Homo sapiens,Homo sapiens,46.3,737.0,4,chembl:324,chembl:419
zolpidem,alpha1/beta2/gamma2,alpha2,ChEMBL,ChEMBL,IC50,nM,False,False,Homo sapiens,Homo sapiens,46.3,74.1,4,chembl:324,chembl:423
zolpidem,alpha1/beta2/gamma2,alpha2/beta3/gamma2,ChEMBL,ChEMBL,IC50,nM,False,False,Homo sapiens,Homo sapiens,10000.0,160.0,4,chembl:325,chembl:327
zolpidem,alpha1/beta2/gamma2,alpha2/beta3/gamma2,ChEMBL,ChEMBL,IC50,nM,False,False,Homo sapiens,Homo sapiens,10000.0,156.0,4,chembl:325,chembl:331
zolpidem,alpha1/beta2/gamma2,alpha2/beta3/gamma2,ChEMBL,ChEMBL,IC50,nM,False,False,Homo sapiens,Homo sapiens,10000.0,255.1,4,chembl:325,chembl:338
zolpidem,alpha1/beta2/gamma2,alpha2/beta3/gamma2,ChEMBL,ChEMBL,IC50,nM,False,False,Homo sapiens,Homo sapiens,10000.0,187.0,4,chembl:325,chembl:339
zolpidem,alpha1/beta2/gamma2,alpha2/beta2/gamma2,ChEMBL,ChEMBL,IC50,nM,True,False,Homo sapiens,Rattus norvegicus,10000.0,156.0,4,chembl:325,chembl:345
zolpidem,alpha1/beta2/gamma2,alpha2/beta3/gamma2,ChEMBL,ChEMBL,IC50,nM,False,False,Homo sapiens,Homo sapiens,10000.0,156.0,4,chembl:325,chembl:348
zolpidem,alpha1/beta2/gamma2,alpha2/beta3/gamma2,ChEMBL,ChEMBL,IC50,nM,False,False,Homo sapiens,Homo sapiens,10000.0,103.0,4,chembl:325,chembl:357
zolpidem,alpha1/beta2/gamma2,alpha2/beta2/gamma2,ChEMBL,ChEMBL,IC50,nM,True,False,Homo sapiens,Rattus norvegicus,10000.0,765.0,4,chembl:325,chembl:361
zolpidem,alpha1/beta2/gamma2,alpha2/beta2/gamma2,ChEMBL,ChEMBL,IC50,nM,True,False,Homo sapiens,Rattus norvegicus,10000.0,765.0,4,chembl:325,chembl:363
zolpidem,alpha1/beta2/gamma2,alpha2/beta2/gamma2,ChEMBL,ChEMBL,IC50,nM,True,False,Homo sapiens,Rattus norvegicus,10000.0,765.0,4,chembl:325,chembl:365
zolpidem,alpha1/beta2/gamma2,alpha2/beta3/gamma2,ChEMBL,ChEMBL,IC50,nM,False,False,Homo sapiens,Homo sapiens,10000.0,160.0,4,chembl:325,chembl:368
zolpidem,alpha1/beta2/gamma2,alpha2/beta3/gamma2,ChEMBL,ChEMBL,IC50,nM,False,False,Homo sapiens,Homo sapiens,10000.0,123.0,4,chembl:325,chembl:371
zolpidem,alpha1/beta2/gamma2,alpha2/beta3/gamma2,ChEMBL,ChEMBL,IC50,nM,False,False,Homo sapiens,Homo sapiens,10000.0,156.0,4,chembl:325,chembl:377
zolpidem,alpha1/beta2/gamma2,alpha2/beta2/gamma2,ChEMBL,ChEMBL,IC50,nM,True,False,Homo sapiens,Homo sapiens,10000.0,150.0,4,chembl:325,chembl:394
zolpidem,alpha1/beta2/gamma2,alpha2/beta2/gamma2,ChEMBL,ChEMBL,IC50,nM,True,False,Homo sapiens,Homo sapiens,10000.0,180.0,4,chembl:325,chembl:395
zolpidem,alpha1/beta2/gamma2,alpha2/beta2/gamma2,ChEMBL,ChEMBL,IC50,nM,True,False,Homo sapiens,Homo sapiens,10000.0,408.0,4,chembl:325,chembl:403
zolpidem,alpha1/beta2/gamma2,alpha2,ChEMBL,ChEMBL,IC50,nM,False,False,Homo sapiens,Rattus norvegicus,10000.0,765.0,4,chembl:325,chembl:412
zolpidem,alpha1/beta2/gamma2,alpha2,ChEMBL,ChEMBL,IC50,nM,False,False,Homo sapiens,Rattus norvegicus,10000.0,156.0,4,chembl:325,chembl:414
zolpidem,alpha1/beta2/gamma2,alpha2,ChEMBL,ChEMBL,IC50,nM,False,False,Homo sapiens,Homo sapiens,10000.0,291.0,4,chembl:325,chembl:418
zolpidem,alpha1/beta2/gamma2,alpha2,ChEMBL,ChEMBL,IC50,nM,False,False,Homo sapiens,Homo sapiens,10000.0,737.0,4,chembl:325,chembl:419
zolpidem,alpha1/beta2/gamma2,alpha2,ChEMBL,ChEMBL,IC50,nM,False,False,Homo sapiens,Homo sapiens,10000.0,74.1,4,chembl:325,chembl:423
zolpidem,alpha1/beta3/gamma2,alpha2/beta3/gamma2,ChEMBL,ChEMBL,Ki,nM,True,True,Homo sapiens,Homo sapiens,27.0,160.0,1,chembl:326,chembl:327
zolpidem,alpha1/beta3/gamma2,alpha2/beta3/gamma2,ChEMBL,ChEMBL,Ki,nM,True,False,Homo sapiens,Homo sapiens,27.0,156.0,2,chembl:326,chembl:331
zolpidem,alpha1/beta3/gamma2,alpha2/beta3/gamma2,ChEMBL,ChEMBL,Ki,nM,True,False,Homo sapiens,Homo sapiens,27.0,255.1,2,chembl:326,chembl:338
zolpidem,alpha1/beta3/gamma2,alpha2/beta3/gamma2,ChEMBL,ChEMBL,Ki,nM,True,False,Homo sapiens,Homo sapiens,27.0,187.0,4,chembl:326,chembl:339
zolpidem,alpha1/beta3/gamma2,alpha2/beta2/gamma2,ChEMBL,ChEMBL,Ki,nM,False,False,Homo sapiens,Rattus norvegicus,27.0,156.0,4,chembl:326,chembl:345
zolpidem,alpha1/beta3/gamma2,alpha2/beta3/gamma2,ChEMBL,ChEMBL,Ki,nM,True,False,Homo sapiens,Homo sapiens,27.0,156.0,2,chembl:326,chembl:348
zolpidem,alpha1/beta3/gamma2,alpha2/beta3/gamma2,ChEMBL,ChEMBL,Ki,nM,True,False,Homo sapiens,Homo sapiens,27.0,103.0,2,chembl:326,chembl:357
zolpidem,alpha1/beta3/gamma2,alpha2/beta2/gamma2,ChEMBL,ChEMBL,Ki,nM,False,False,Homo sapiens,Rattus norvegicus,27.0,765.0,4,chembl:326,chembl:361
zolpidem,alpha1/beta3/gamma2,alpha2/beta2/gamma2,ChEMBL,ChEMBL,Ki,nM,False,False,Homo sapiens,Rattus norvegicus,27.0,765.0,4,chembl:326,chembl:363
zolpidem,alpha1/beta3/gamma2,alpha2/beta2/gamma2,ChEMBL,ChEMBL,Ki,nM,False,False,Homo sapiens,Rattus norvegicus,27.0,765.0,4,chembl:326,chembl:365
zolpidem,alpha1/beta3/gamma2,alpha2/beta3/gamma2,ChEMBL,ChEMBL,Ki,nM,True,False,Homo sapiens,Homo sapiens,27.0,160.0,2,chembl:326,chembl:368
zolpidem,alpha1/beta3/gamma2,alpha2/beta3/gamma2,ChEMBL,ChEMBL,Ki,nM,True,False,Homo sapiens,Homo sapiens,27.0,123.0,4,chembl:326,chembl:371
zolpidem,alpha1/beta3/gamma2,alpha2/beta3/gamma2,ChEMBL,ChEMBL,Ki,nM,True,False,Homo sapiens,Homo sapiens,27.0,156.0,2,chembl:326,chembl:377
zolpidem,alpha1/beta3/gamma2,alpha2/beta2/gamma2,ChEMBL,ChEMBL,Ki,nM,False,False,Homo sapiens,Homo sapiens,27.0,150.0,4,chembl:326,chembl:394
zolpidem,alpha1/beta3/gamma2,alpha2/beta2/gamma2,ChEMBL,ChEMBL,Ki,nM,False,False,Homo sapiens,Homo sapiens,27.0,180.0,4,chembl:326,chembl:395
zolpidem,alpha1/beta3/gamma2,alpha2/beta2/gamma2,ChEMBL,ChEMBL,Ki,nM,False,False,Homo sapiens,Homo sapiens,27.0,408.0,3,chembl:326,chembl:403
zolpidem,alpha1/beta3/gamma2,alpha2,ChEMBL,ChEMBL,Ki,nM,False,False,Homo sapiens,Rattus norvegicus,27.0,765.0,4,chembl:326,chembl:412
zolpidem,alpha1/beta3/gamma2,alpha2,ChEMBL,ChEMBL,Ki,nM,False,False,Homo sapiens,Rattus norvegicus,27.0,156.0,4,chembl:326,chembl:414
zolpidem,alpha1/beta3/gamma2,alpha2,ChEMBL,ChEMBL,Ki,nM,False,False,Homo sapiens,Homo sapiens,27.0,291.0,4,chembl:326,chembl:418
zolpidem,alpha1/beta3/gamma2,alpha2,ChEMBL,ChEMBL,Ki,nM,False,False,Homo sapiens,Homo sapiens,27.0,737.0,4,chembl:326,chembl:419
zolpidem,alpha1/beta3/gamma2,alpha2,ChEMBL,ChEMBL,Ki,nM,False,False,Homo sapiens,Homo sapiens,27.0,74.1,4,chembl:326,chembl:423
zolpidem,alpha1/beta3/gamma2,alpha2/beta3/gamma2,ChEMBL,ChEMBL,Ki,nM,True,False,Homo sapiens,Homo sapiens,26.7,160.0,2,chembl:330,chembl:327
zolpidem,alpha1/beta3/gamma2,alpha2/beta3/gamma2,ChEMBL,ChEMBL,Ki,nM,True,True,Homo sapiens,Homo sapiens,26.7,156.0,1,chembl:330,chembl:331
zolpidem,alpha1/beta3/gamma2,alpha2/beta3/gamma2,ChEMBL,ChEMBL,Ki,nM,True,False,Homo sapiens,Homo sapiens,26.7,255.1,2,chembl:330,chembl:338
zolpidem,alpha1/beta3/gamma2,alpha2/beta3/gamma2,ChEMBL,ChEMBL,Ki,nM,True,False,Homo sapiens,Homo sapiens,26.7,187.0,4,chembl:330,chembl:339
zolpidem,alpha1/beta3/gamma2,alpha2/beta2/gamma2,ChEMBL,ChEMBL,Ki,nM,False,False,Homo sapiens,Rattus norvegicus,26.7,156.0,4,chembl:330,chembl:345
zolpidem,alpha1/beta3/gamma2,alpha2/beta3/gamma2,ChEMBL,ChEMBL,Ki,nM,True,False,Homo sapiens,Homo sapiens,26.7,156.0,2,chembl:330,chembl:348
zolpidem,alpha1/beta3/gamma2,alpha2/beta3/gamma2,ChEMBL,ChEMBL,Ki,nM,True,False,Homo sapiens,Homo sapiens,26.7,103.0,2,chembl:330,chembl:357
zolpidem,alpha1/beta3/gamma2,alpha2/beta2/gamma2,ChEMBL,ChEMBL,Ki,nM,False,False,Homo sapiens,Rattus norvegicus,26.7,765.0,4,chembl:330,chembl:361
zolpidem,alpha1/beta3/gamma2,alpha2/beta2/gamma2,ChEMBL,ChEMBL,Ki,nM,False,False,Homo sapiens,Rattus norvegicus,26.7,765.0,4,chembl:330,chembl:363
zolpidem,alpha1/beta3/gamma2,alpha2/beta2/gamma2,ChEMBL,ChEMBL,Ki,nM,False,False,Homo sapiens,Rattus norvegicus,26.7,765.0,4,chembl:330,chembl:365
zolpidem,alpha1/beta3/gamma2,alpha2/beta3/gamma2,ChEMBL,ChEMBL,Ki,nM,True,False,Homo sapiens,Homo sapiens,26.7,160.0,2,chembl:330,chembl:368
zolpidem,alpha1/beta3/gamma2,alpha2/beta3/gamma2,ChEMBL,ChEMBL,Ki,nM,True,False,Homo sapiens,Homo sapiens,26.7,123.0,4,chembl:330,chembl:371
zolpidem,alpha1/beta3/gamma2,alpha2/beta3/gamma2,ChEMBL,ChEMBL,Ki,nM,True,False,Homo sapiens,Homo sapiens,26.7,156.0,2,chembl:330,chembl:377
zolpidem,alpha1/beta3/gamma2,alpha2/beta2/gamma2,ChEMBL,ChEMBL,Ki,nM,False,False,Homo sapiens,Homo sapiens,26.7,150.0,4,chembl:330,chembl:394
zolpidem,alpha1/beta3/gamma2,alpha2/beta2/gamma2,ChEMBL,ChEMBL,Ki,nM,False,False,Homo sapiens,Homo sapiens,26.7,180.0,4,chembl:330,chembl:395
zolpidem,alpha1/beta3/gamma2,alpha2/beta2/gamma2,ChEMBL,ChEMBL,Ki,nM,False,False,Homo sapiens,Homo sapiens,26.7,408.0,3,chembl:330,chembl:403
zolpidem,alpha1/beta3/gamma2,alpha2,ChEMBL,ChEMBL,Ki,nM,False,False,Homo sapiens,Rattus norvegicus,26.7,765.0,4,chembl:330,chembl:412
zolpidem,alpha1/beta3/gamma2,alpha2,ChEMBL,ChEMBL,Ki,nM,False,False,Homo sapiens,Rattus norvegicus,26.7,156.0,4,chembl:330,chembl:414
zolpidem,alpha1/beta3/gamma2,alpha2,ChEMBL,ChEMBL,Ki,nM,False,False,Homo sapiens,Homo sapiens,26.7,291.0,4,chembl:330,chembl:418
zolpidem,alpha1/beta3/gamma2,alpha2,ChEMBL,ChEMBL,Ki,nM,False,False,Homo sapiens,Homo sapiens,26.7,737.0,4,chembl:330,chembl:419
zolpidem,alpha1/beta3/gamma2,alpha2,ChEMBL,ChEMBL,Ki,nM,False,False,Homo sapiens,Homo sapiens,26.7,74.1,4,chembl:330,chembl:423
zolpidem,alpha1/beta3/gamma2,alpha2/beta3/gamma2,ChEMBL,ChEMBL,Ki,nM,True,False,Homo sapiens,Homo sapiens,52.1,160.0,2,chembl:336,chembl:327
zolpidem,alpha1/beta3/gamma2,alpha2/beta3/gamma2,ChEMBL,ChEMBL,Ki,nM,True,False,Homo sapiens,Homo sapiens,52.1,156.0,2,chembl:336,chembl:331
zolpidem,alpha1/beta3/gamma2,alpha2/beta3/gamma2,ChEMBL,ChEMBL,Ki,nM,True,True,Homo sapiens,Homo sapiens,52.1,255.1,1,chembl:336,chembl:338
zolpidem,alpha1/beta3/gamma2,alpha2/beta3/gamma2,ChEMBL,ChEMBL,Ki,nM,True,True,Homo sapiens,Homo sapiens,52.1,187.0,4,chembl:336,chembl:339
zolpidem,alpha1/beta3/gamma2,alpha2/beta2/gamma2,ChEMBL,ChEMBL,Ki,nM,False,False,Homo sapiens,Rattus norvegicus,52.1,156.0,4,chembl:336,chembl:345
zolpidem,alpha1/beta3/gamma2,alpha2/beta3/gamma2,ChEMBL,ChEMBL,Ki,nM,True,False,Homo sapiens,Homo sapiens,52.1,156.0,2,chembl:336,chembl:348
zolpidem,alpha1/beta3/gamma2,alpha2/beta3/gamma2,ChEMBL,ChEMBL,Ki,nM,True,False,Homo sapiens,Homo sapiens,52.1,103.0,2,chembl:336,chembl:357
zolpidem,alpha1/beta3/gamma2,alpha2/beta2/gamma2,ChEMBL,ChEMBL,Ki,nM,False,False,Homo sapiens,Rattus norvegicus,52.1,765.0,4,chembl:336,chembl:361
zolpidem,alpha1/beta3/gamma2,alpha2/beta2/gamma2,ChEMBL,ChEMBL,Ki,nM,False,False,Homo sapiens,Rattus norvegicus,52.1,765.0,4,chembl:336,chembl:363
zolpidem,alpha1/beta3/gamma2,alpha2/beta2/gamma2,ChEMBL,ChEMBL,Ki,nM,False,False,Homo sapiens,Rattus norvegicus,52.1,765.0,4,chembl:336,chembl:365
zolpidem,alpha1/beta3/gamma2,alpha2/beta3/gamma2,ChEMBL,ChEMBL,Ki,nM,True,False,Homo sapiens,Homo sapiens,52.1,160.0,2,chembl:336,chembl:368
zolpidem,alpha1/beta3/gamma2,alpha2/beta3/gamma2,ChEMBL,ChEMBL,Ki,nM,True,False,Homo sapiens,Homo sapiens,52.1,123.0,4,chembl:336,chembl:371
zolpidem,alpha1/beta3/gamma2,alpha2/beta3/gamma2,ChEMBL,ChEMBL,Ki,nM,True,False,Homo sapiens,Homo sapiens,52.1,156.0,2,chembl:336,chembl:377
zolpidem,alpha1/beta3/gamma2,alpha2/beta2/gamma2,ChEMBL,ChEMBL,Ki,nM,False,False,Homo sapiens,Homo sapiens,52.1,150.0,4,chembl:336,chembl:394
zolpidem,alpha1/beta3/gamma2,alpha2/beta2/gamma2,ChEMBL,ChEMBL,Ki,nM,False,False,Homo sapiens,Homo sapiens,52.1,180.0,4,chembl:336,chembl:395
zolpidem,alpha1/beta3/gamma2,alpha2/beta2/gamma2,ChEMBL,ChEMBL,Ki,nM,False,False,Homo sapiens,Homo sapiens,52.1,408.0,3,chembl:336,chembl:403
zolpidem,alpha1/beta3/gamma2,alpha2,ChEMBL,ChEMBL,Ki,nM,False,False,Homo sapiens,Rattus norvegicus,52.1,765.0,4,chembl:336,chembl:412
zolpidem,alpha1/beta3/gamma2,alpha2,ChEMBL,ChEMBL,Ki,nM,False,False,Homo sapiens,Rattus norvegicus,52.1,156.0,4,chembl:336,chembl:414
zolpidem,alpha1/beta3/gamma2,alpha2,ChEMBL,ChEMBL,Ki,nM,False,False,Homo sapiens,Homo sapiens,52.1,291.0,4,chembl:336,chembl:418
zolpidem,alpha1/beta3/gamma2,alpha2,ChEMBL,ChEMBL,Ki,nM,False,False,Homo sapiens,Homo sapiens,52.1,737.0,4,chembl:336,chembl:419
zolpidem,alpha1/beta3/gamma2,alpha2,ChEMBL,ChEMBL,Ki,nM,False,False,Homo sapiens,Homo sapiens,52.1,74.1,4,chembl:336,chembl:423
zolpidem,alpha1/beta3/gamma2,alpha2/beta3/gamma2,ChEMBL,ChEMBL,Efficacy,%,True,False,Homo sapiens,Homo sapiens,133.0,160.0,4,chembl:337,chembl:327
zolpidem,alpha1/beta3/gamma2,alpha2/beta3/gamma2,ChEMBL,ChEMBL,Efficacy,%,True,False,Homo sapiens,Homo sapiens,133.0,156.0,4,chembl:337,chembl:331
zolpidem,alpha1/beta3/gamma2,alpha2/beta3/gamma2,ChEMBL,ChEMBL,Efficacy,%,True,True,Homo sapiens,Homo sapiens,133.0,255.1,4,chembl:337,chembl:338
zolpidem,alpha1/beta3/gamma2,alpha2/beta3/gamma2,ChEMBL,ChEMBL,Efficacy,%,True,True,Homo sapiens,Homo sapiens,133.0,187.0,1,chembl:337,chembl:339
zolpidem,alpha1/beta3/gamma2,alpha2/beta2/gamma2,ChEMBL,ChEMBL,Efficacy,%,False,False,Homo sapiens,Rattus norvegicus,133.0,156.0,4,chembl:337,chembl:345
zolpidem,alpha1/beta3/gamma2,alpha2/beta3/gamma2,ChEMBL,ChEMBL,Efficacy,%,True,False,Homo sapiens,Homo sapiens,133.0,156.0,4,chembl:337,chembl:348
zolpidem,alpha1/beta3/gamma2,alpha2/beta3/gamma2,ChEMBL,ChEMBL,Efficacy,%,True,False,Homo sapiens,Homo sapiens,133.0,103.0,4,chembl:337,chembl:357
zolpidem,alpha1/beta3/gamma2,alpha2/beta2/gamma2,ChEMBL,ChEMBL,Efficacy,%,False,False,Homo sapiens,Rattus norvegicus,133.0,765.0,4,chembl:337,chembl:361
zolpidem,alpha1/beta3/gamma2,alpha2/beta2/gamma2,ChEMBL,ChEMBL,Efficacy,%,False,False,Homo sapiens,Rattus norvegicus,133.0,765.0,4,chembl:337,chembl:363
zolpidem,alpha1/beta3/gamma2,alpha2/beta2/gamma2,ChEMBL,ChEMBL,Efficacy,%,False,False,Homo sapiens,Rattus norvegicus,133.0,765.0,4,chembl:337,chembl:365
zolpidem,alpha1/beta3/gamma2,alpha2/beta3/gamma2,ChEMBL,ChEMBL,Efficacy,%,True,False,Homo sapiens,Homo sapiens,133.0,160.0,4,chembl:337,chembl:368
zolpidem,alpha1/beta3/gamma2,alpha2/beta3/gamma2,ChEMBL,ChEMBL,Efficacy,%,True,False,Homo sapiens,Homo sapiens,133.0,123.0,2,chembl:337,chembl:371
zolpidem,alpha1/beta3/gamma2,alpha2/beta3/gamma2,ChEMBL,ChEMBL,Efficacy,%,True,False,Homo sapiens,Homo sapiens,133.0,156.0,4,chembl:337,chembl:377
zolpidem,alpha1/beta3/gamma2,alpha2/beta2/gamma2,ChEMBL,ChEMBL,Efficacy,%,False,False,Homo sapiens,Homo sapiens,133.0,150.0,3,chembl:337,chembl:394
zolpidem,alpha1/beta3/gamma2,alpha2/beta2/gamma2,ChEMBL,ChEMBL,Efficacy,%,False,False,Homo sapiens,Homo sapiens,133.0,180.0,4,chembl:337,chembl:395
zolpidem,alpha1/beta3/gamma2,alpha2/beta2/gamma2,ChEMBL,ChEMBL,Efficacy,%,False,False,Homo sapiens,Homo sapiens,133.0,408.0,4,chembl:337,chembl:403
zolpidem,alpha1/beta3/gamma2,alpha2,ChEMBL,ChEMBL,Efficacy,%,False,False,Homo sapiens,Rattus norvegicus,133.0,765.0,4,chembl:337,chembl:412
zolpidem,alpha1/beta3/gamma2,alpha2,ChEMBL,ChEMBL,Efficacy,%,False,False,Homo sapiens,Rattus norvegicus,133.0,156.0,4,chembl:337,chembl:414
zolpidem,alpha1/beta3/gamma2,alpha2,ChEMBL,ChEMBL,Efficacy,%,False,False,Homo sapiens,Homo sapiens,133.0,291.0,4,chembl:337,chembl:418
zolpidem,alpha1/beta3/gamma2,alpha2,ChEMBL,ChEMBL,Efficacy,%,False,False,Homo sapiens,Homo sapiens,133.0,737.0,4,chembl:337,chembl:419
zolpidem,alpha1/beta3/gamma2,alpha2,ChEMBL,ChEMBL,Efficacy,%,False,False,Homo sapiens,Homo sapiens,133.0,74.1,4,chembl:337,chembl:423
zolpidem,alpha1/beta2/gamma2,alpha2/beta3/gamma2,ChEMBL,ChEMBL,Ki,nM,False,False,Rattus norvegicus,Homo sapiens,26.7,160.0,4,chembl:342,chembl:327
zolpidem,alpha1/beta2/gamma2,alpha2/beta3/gamma2,ChEMBL,ChEMBL,Ki,nM,False,False,Rattus norvegicus,Homo sapiens,26.7,156.0,4,chembl:342,chembl:331
zolpidem,alpha1/beta2/gamma2,alpha2/beta3/gamma2,ChEMBL,ChEMBL,Ki,nM,False,False,Rattus norvegicus,Homo sapiens,26.7,255.1,4,chembl:342,chembl:338
zolpidem,alpha1/beta2/gamma2,alpha2/beta3/gamma2,ChEMBL,ChEMBL,Ki,nM,False,False,Rattus norvegicus,Homo sapiens,26.7,187.0,4,chembl:342,chembl:339
zolpidem,alpha1/beta2/gamma2,alpha2/beta2/gamma2,ChEMBL,ChEMBL,Ki,nM,True,False,Rattus norvegicus,Rattus norvegicus,26.7,156.0,4,chembl:342,chembl:345
zolpidem,alpha1/beta2/gamma2,alpha2/beta3/gamma2,ChEMBL,ChEMBL,Ki,nM,False,False,Rattus norvegicus,Homo sapiens,26.7,156.0,4,chembl:342,chembl:348
zolpidem,alpha1/beta2/gamma2,alpha2/beta3/gamma2,ChEMBL,ChEMBL,Ki,nM,False,False,Rattus norvegicus,Homo sapiens,26.7,103.0,4,chembl:342,chembl:357
zolpidem,alpha1/beta2/gamma2,alpha2/beta2/gamma2,ChEMBL,ChEMBL,Ki,nM,True,False,Rattus norvegicus,Rattus norvegicus,26.7,765.0,4,chembl:342,chembl:361
zolpidem,alpha1/beta2/gamma2,alpha2/beta2/gamma2,ChEMBL,ChEMBL,Ki,nM,True,False,Rattus norvegicus,Rattus norvegicus,26.7,765.0,4,chembl:342,chembl:363
zolpidem,alpha1/beta2/gamma2,alpha2/beta2/gamma2,ChEMBL,ChEMBL,Ki,nM,True,False,Rattus norvegicus,Rattus norvegicus,26.7,765.0,4,chembl:342,chembl:365
zolpidem,alpha1/beta2/gamma2,alpha2/beta3/gamma2,ChEMBL,ChEMBL,Ki,nM,False,False,Rattus norvegicus,Homo sapiens,26.7,160.0,4,chembl:342,chembl:368
zolpidem,alpha1/beta2/gamma2,alpha2/beta3/gamma2,ChEMBL,ChEMBL,Ki,nM,False,False,Rattus norvegicus,Homo sapiens,26.7,123.0,4,chembl:342,chembl:371
zolpidem,alpha1/beta2/gamma2,alpha2/beta3/gamma2,ChEMBL,ChEMBL,Ki,nM,False,False,Rattus norvegicus,Homo sapiens,26.7,156.0,4,chembl:342,chembl:377
zolpidem,alpha1/beta2/gamma2,alpha2/beta2/gamma2,ChEMBL,ChEMBL,Ki,nM,True,False,Rattus norvegicus,Homo sapiens,26.7,150.0,4,chembl:342,chembl:394
zolpidem,alpha1/beta2/gamma2,alpha2/beta2/gamma2,ChEMBL,ChEMBL,Ki,nM,True,False,Rattus norvegicus,Homo sapiens,26.7,180.0,4,chembl:342,chembl:395
zolpidem,alpha1/beta2/gamma2,alpha2/beta2/gamma2,ChEMBL,ChEMBL,Ki,nM,True,False,Rattus norvegicus,Homo sapiens,26.7,408.0,4,chembl:342,chembl:403
zolpidem,alpha1/beta2/gamma2,alpha2,ChEMBL,ChEMBL,Ki,nM,False,False,Rattus norvegicus,Rattus norvegicus,26.7,765.0,4,chembl:342,chembl:412
zolpidem,alpha1/beta2/gamma2,alpha2,ChEMBL,ChEMBL,Ki,nM,False,False,Rattus norvegicus,Rattus norvegicus,26.7,156.0,4,chembl:342,chembl:414
zolpidem,alpha1/beta2/gamma2,alpha2,ChEMBL,ChEMBL,Ki,nM,False,False,Rattus norvegicus,Homo sapiens,26.7,291.0,4,chembl:342,chembl:418
zolpidem,alpha1/beta2/gamma2,alpha2,ChEMBL,ChEMBL,Ki,nM,False,False,Rattus norvegicus,Homo sapiens,26.7,737.0,4,chembl:342,chembl:419
zolpidem,alpha1/beta2/gamma2,alpha2,ChEMBL,ChEMBL,Ki,nM,False,False,Rattus norvegicus,Homo sapiens,26.7,74.1,4,chembl:342,chembl:423
zolpidem,alpha1/beta2/gamma2,alpha2/beta3/gamma2,ChEMBL,ChEMBL,Ki,nM,False,False,Rattus norvegicus,Homo sapiens,26.7,160.0,4,chembl:344,chembl:327
zolpidem,alpha1/beta2/gamma2,alpha2/beta3/gamma2,ChEMBL,ChEMBL,Ki,nM,False,False,Rattus norvegicus,Homo sapiens,26.7,156.0,4,chembl:344,chembl:331
zolpidem,alpha1/beta2/gamma2,alpha2/beta3/gamma2,ChEMBL,ChEMBL,Ki,nM,False,False,Rattus norvegicus,Homo sapiens,26.7,255.1,4,chembl:344,chembl:338
zolpidem,alpha1/beta2/gamma2,alpha2/beta3/gamma2,ChEMBL,ChEMBL,Ki,nM,False,False,Rattus norvegicus,Homo sapiens,26.7,187.0,4,chembl:344,chembl:339
zolpidem,alpha1/beta2/gamma2,alpha2/beta2/gamma2,ChEMBL,ChEMBL,Ki,nM,True,True,Rattus norvegicus,Rattus norvegicus,26.7,156.0,4,chembl:344,chembl:345
zolpidem,alpha1/beta2/gamma2,alpha2/beta3/gamma2,ChEMBL,ChEMBL,Ki,nM,False,False,Rattus norvegicus,Homo sapiens,26.7,156.0,4,chembl:344,chembl:348
zolpidem,alpha1/beta2/gamma2,alpha2/beta3/gamma2,ChEMBL,ChEMBL,Ki,nM,False,False,Rattus norvegicus,Homo sapiens,26.7,103.0,4,chembl:344,chembl:357
zolpidem,alpha1/beta2/gamma2,alpha2/beta2/gamma2,ChEMBL,ChEMBL,Ki,nM,True,False,Rattus norvegicus,Rattus norvegicus,26.7,765.0,4,chembl:344,chembl:361
zolpidem,alpha1/beta2/gamma2,alpha2/beta2/gamma2,ChEMBL,ChEMBL,Ki,nM,True,False,Rattus norvegicus,Rattus norvegicus,26.7,765.0,4,chembl:344,chembl:363
zolpidem,alpha1/beta2/gamma2,alpha2/beta2/gamma2,ChEMBL,ChEMBL,Ki,nM,True,False,Rattus norvegicus,Rattus norvegicus,26.7,765.0,4,chembl:344,chembl:365
zolpidem,alpha1/beta2/gamma2,alpha2/beta3/gamma2,ChEMBL,ChEMBL,Ki,nM,False,False,Rattus norvegicus,Homo sapiens,26.7,160.0,4,chembl:344,chembl:368
zolpidem,alpha1/beta2/gamma2,alpha2/beta3/gamma2,ChEMBL,ChEMBL,Ki,nM,False,False,Rattus norvegicus,Homo sapiens,26.7,123.0,4,chembl:344,chembl:371
zolpidem,alpha1/beta2/gamma2,alpha2/beta3/gamma2,ChEMBL,ChEMBL,Ki,nM,False,False,Rattus norvegicus,Homo sapiens,26.7,156.0,4,chembl:344,chembl:377
zolpidem,alpha1/beta2/gamma2,alpha2/beta2/gamma2,ChEMBL,ChEMBL,Ki,nM,True,False,Rattus norvegicus,Homo sapiens,26.7,150.0,4,chembl:344,chembl:394
zolpidem,alpha1/beta2/gamma2,alpha2/beta2/gamma2,ChEMBL,ChEMBL,Ki,nM,True,False,Rattus norvegicus,Homo sapiens,26.7,180.0,4,chembl:344,chembl:395
zolpidem,alpha1/beta2/gamma2,alpha2/beta2/gamma2,ChEMBL,ChEMBL,Ki,nM,True,False,Rattus norvegicus,Homo sapiens,26.7,408.0,4,chembl:344,chembl:403
zolpidem,alpha1/beta2/gamma2,alpha2,ChEMBL,ChEMBL,Ki,nM,False,False,Rattus norvegicus,Rattus norvegicus,26.7,765.0,4,chembl:344,chembl:412
zolpidem,alpha1/beta2/gamma2,alpha2,ChEMBL,ChEMBL,Ki,nM,False,False,Rattus norvegicus,Rattus norvegicus,26.7,156.0,4,chembl:344,chembl:414
zolpidem,alpha1/beta2/gamma2,alpha2,ChEMBL,ChEMBL,Ki,nM,False,False,Rattus norvegicus,Homo sapiens,26.7,291.0,4,chembl:344,chembl:418
zolpidem,alpha1/beta2/gamma2,alpha2,ChEMBL,ChEMBL,Ki,nM,False,False,Rattus norvegicus,Homo sapiens,26.7,737.0,4,chembl:344,chembl:419
zolpidem,alpha1/beta2/gamma2,alpha2,ChEMBL,ChEMBL,Ki,nM,False,False,Rattus norvegicus,Homo sapiens,26.7,74.1,4,chembl:344,chembl:423
zolpidem,alpha1/beta3/gamma2,alpha2/beta3/gamma2,ChEMBL,ChEMBL,Ki,nM,True,False,Homo sapiens,Homo sapiens,26.7,160.0,2,chembl:347,chembl:327
zolpidem,alpha1/beta3/gamma2,alpha2/beta3/gamma2,ChEMBL,ChEMBL,Ki,nM,True,False,Homo sapiens,Homo sapiens,26.7,156.0,2,chembl:347,chembl:331
zolpidem,alpha1/beta3/gamma2,alpha2/beta3/gamma2,ChEMBL,ChEMBL,Ki,nM,True,False,Homo sapiens,Homo sapiens,26.7,255.1,2,chembl:347,chembl:338
zolpidem,alpha1/beta3/gamma2,alpha2/beta3/gamma2,ChEMBL,ChEMBL,Ki,nM,True,False,Homo sapiens,Homo sapiens,26.7,187.0,4,chembl:347,chembl:339
zolpidem,alpha1/beta3/gamma2,alpha2/beta2/gamma2,ChEMBL,ChEMBL,Ki,nM,False,False,Homo sapiens,Rattus norvegicus,26.7,156.0,4,chembl:347,chembl:345
zolpidem,alpha1/beta3/gamma2,alpha2/beta3/gamma2,ChEMBL,ChEMBL,Ki,nM,True,True,Homo sapiens,Homo sapiens,26.7,156.0,1,chembl:347,chembl:348
zolpidem,alpha1/beta3/gamma2,alpha2/beta3/gamma2,ChEMBL,ChEMBL,Ki,nM,True,False,Homo sapiens,Homo sapiens,26.7,103.0,2,chembl:347,chembl:357
zolpidem,alpha1/beta3/gamma2,alpha2/beta2/gamma2,ChEMBL,ChEMBL,Ki,nM,False,False,Homo sapiens,Rattus norvegicus,26.7,765.0,4,chembl:347,chembl:361
zolpidem,alpha1/beta3/gamma2,alpha2/beta2/gamma2,ChEMBL,ChEMBL,Ki,nM,False,False,Homo sapiens,Rattus norvegicus,26.7,765.0,4,chembl:347,chembl:363
zolpidem,alpha1/beta3/gamma2,alpha2/beta2/gamma2,ChEMBL,ChEMBL,Ki,nM,False,False,Homo sapiens,Rattus norvegicus,26.7,765.0,4,chembl:347,chembl:365
zolpidem,alpha1/beta3/gamma2,alpha2/beta3/gamma2,ChEMBL,ChEMBL,Ki,nM,True,False,Homo sapiens,Homo sapiens,26.7,160.0,2,chembl:347,chembl:368
zolpidem,alpha1/beta3/gamma2,alpha2/beta3/gamma2,ChEMBL,ChEMBL,Ki,nM,True,False,Homo sapiens,Homo sapiens,26.7,123.0,4,chembl:347,chembl:371
zolpidem,alpha1/beta3/gamma2,alpha2/beta3/gamma2,ChEMBL,ChEMBL,Ki,nM,True,False,Homo sapiens,Homo sapiens,26.7,156.0,2,chembl:347,chembl:377
zolpidem,alpha1/beta3/gamma2,alpha2/beta2/gamma2,ChEMBL,ChEMBL,Ki,nM,False,False,Homo sapiens,Homo sapiens,26.7,150.0,4,chembl:347,chembl:394
zolpidem,alpha1/beta3/gamma2,alpha2/beta2/gamma2,ChEMBL,ChEMBL,Ki,nM,False,False,Homo sapiens,Homo sapiens,26.7,180.0,4,chembl:347,chembl:395
zolpidem,alpha1/beta3/gamma2,alpha2/beta2/gamma2,ChEMBL,ChEMBL,Ki,nM,False,False,Homo sapiens,Homo sapiens,26.7,408.0,3,chembl:347,chembl:403
zolpidem,alpha1/beta3/gamma2,alpha2,ChEMBL,ChEMBL,Ki,nM,False,False,Homo sapiens,Rattus norvegicus,26.7,765.0,4,chembl:347,chembl:412
zolpidem,alpha1/beta3/gamma2,alpha2,ChEMBL,ChEMBL,Ki,nM,False,False,Homo sapiens,Rattus norvegicus,26.7,156.0,4,chembl:347,chembl:414
zolpidem,alpha1/beta3/gamma2,alpha2,ChEMBL,ChEMBL,Ki,nM,False,False,Homo sapiens,Homo sapiens,26.7,291.0,4,chembl:347,chembl:418
zolpidem,alpha1/beta3/gamma2,alpha2,ChEMBL,ChEMBL,Ki,nM,False,False,Homo sapiens,Homo sapiens,26.7,737.0,4,chembl:347,chembl:419
zolpidem,alpha1/beta3/gamma2,alpha2,ChEMBL,ChEMBL,Ki,nM,False,False,Homo sapiens,Homo sapiens,26.7,74.1,4,chembl:347,chembl:423
zolpidem,alpha1/beta2/gamma2,alpha2/beta3/gamma2,ChEMBL,ChEMBL,Ki,nM,False,False,Rattus norvegicus,Homo sapiens,50.0,160.0,4,chembl:352,chembl:327
zolpidem,alpha1/beta2/gamma2,alpha2/beta3/gamma2,ChEMBL,ChEMBL,Ki,nM,False,False,Rattus norvegicus,Homo sapiens,50.0,156.0,4,chembl:352,chembl:331
zolpidem,alpha1/beta2/gamma2,alpha2/beta3/gamma2,ChEMBL,ChEMBL,Ki,nM,False,False,Rattus norvegicus,Homo sapiens,50.0,255.1,4,chembl:352,chembl:338
zolpidem,alpha1/beta2/gamma2,alpha2/beta3/gamma2,ChEMBL,ChEMBL,Ki,nM,False,False,Rattus norvegicus,Homo sapiens,50.0,187.0,4,chembl:352,chembl:339
zolpidem,alpha1/beta2/gamma2,alpha2/beta2/gamma2,ChEMBL,ChEMBL,Ki,nM,True,False,Rattus norvegicus,Rattus norvegicus,50.0,156.0,4,chembl:352,chembl:345
zolpidem,alpha1/beta2/gamma2,alpha2/beta3/gamma2,ChEMBL,ChEMBL,Ki,nM,False,False,Rattus norvegicus,Homo sapiens,50.0,156.0,4,chembl:352,chembl:348
zolpidem,alpha1/beta2/gamma2,alpha2/beta3/gamma2,ChEMBL,ChEMBL,Ki,nM,False,False,Rattus norvegicus,Homo sapiens,50.0,103.0,4,chembl:352,chembl:357
zolpidem,alpha1/beta2/gamma2,alpha2/beta2/gamma2,ChEMBL,ChEMBL,Ki,nM,True,False,Rattus norvegicus,Rattus norvegicus,50.0,765.0,4,chembl:352,chembl:361
zolpidem,alpha1/beta2/gamma2,alpha2/beta2/gamma2,ChEMBL,ChEMBL,Ki,nM,True,False,Rattus norvegicus,Rattus norvegicus,50.0,765.0,4,chembl:352,chembl:363
zolpidem,alpha1/beta2/gamma2,alpha2/beta2/gamma2,ChEMBL,ChEMBL,Ki,nM,True,False,Rattus norvegicus,Rattus norvegicus,50.0,765.0,4,chembl:352,chembl:365
zolpidem,alpha1/beta2/gamma2,alpha2/beta3/gamma2,ChEMBL,ChEMBL,Ki,nM,False,False,Rattus norvegicus,Homo sapiens,50.0,160.0,4,chembl:352,chembl:368
zolpidem,alpha1/beta2/gamma2,alpha2/beta3/gamma2,ChEMBL,ChEMBL,Ki,nM,False,False,Rattus norvegicus,Homo sapiens,50.0,123.0,4,chembl:352,chembl:371
zolpidem,alpha1/beta2/gamma2,alpha2/beta3/gamma2,ChEMBL,ChEMBL,Ki,nM,False,False,Rattus norvegicus,Homo sapiens,50.0,156.0,4,chembl:352,chembl:377
zolpidem,alpha1/beta2/gamma2,alpha2/beta2/gamma2,ChEMBL,ChEMBL,Ki,nM,True,False,Rattus norvegicus,Homo sapiens,50.0,150.0,4,chembl:352,chembl:394
zolpidem,alpha1/beta2/gamma2,alpha2/beta2/gamma2,ChEMBL,ChEMBL,Ki,nM,True,False,Rattus norvegicus,Homo sapiens,50.0,180.0,4,chembl:352,chembl:395
zolpidem,alpha1/beta2/gamma2,alpha2/beta2/gamma2,ChEMBL,ChEMBL,Ki,nM,True,False,Rattus norvegicus,Homo sapiens,50.0,408.0,4,chembl:352,chembl:403
zolpidem,alpha1/beta2/gamma2,alpha2,ChEMBL,ChEMBL,Ki,nM,False,False,Rattus norvegicus,Rattus norvegicus,50.0,765.0,4,chembl:352,chembl:412
zolpidem,alpha1/beta2/gamma2,alpha2,ChEMBL,ChEMBL,Ki,nM,False,False,Rattus norvegicus,Rattus norvegicus,50.0,156.0,4,chembl:352,chembl:414
zolpidem,alpha1/beta2/gamma2,alpha2,ChEMBL,ChEMBL,Ki,nM,False,False,Rattus norvegicus,Homo sapiens,50.0,291.0,4,chembl:352,chembl:418
zolpidem,alpha1/beta2/gamma2,alpha2,ChEMBL,ChEMBL,Ki,nM,False,False,Rattus norvegicus,Homo sapiens,50.0,737.0,4,chembl:352,chembl:419
zolpidem,alpha1/beta2/gamma2,alpha2,ChEMBL,ChEMBL,Ki,nM,False,False,Rattus norvegicus,Homo sapiens,50.0,74.1,4,chembl:352,chembl:423
zolpidem,alpha1/beta3/gamma2,alpha2/beta3/gamma2,ChEMBL,ChEMBL,Ki,nM,True,False,Homo sapiens,Homo sapiens,27.0,160.0,2,chembl:356,chembl:327
zolpidem,alpha1/beta3/gamma2,alpha2/beta3/gamma2,ChEMBL,ChEMBL,Ki,nM,True,False,Homo sapiens,Homo sapiens,27.0,156.0,2,chembl:356,chembl:331
zolpidem,alpha1/beta3/gamma2,alpha2/beta3/gamma2,ChEMBL,ChEMBL,Ki,nM,True,False,Homo sapiens,Homo sapiens,27.0,255.1,2,chembl:356,chembl:338
zolpidem,alpha1/beta3/gamma2,alpha2/beta3/gamma2,ChEMBL,ChEMBL,Ki,nM,True,False,Homo sapiens,Homo sapiens,27.0,187.0,4,chembl:356,chembl:339
zolpidem,alpha1/beta3/gamma2,alpha2/beta2/gamma2,ChEMBL,ChEMBL,Ki,nM,False,False,Homo sapiens,Rattus norvegicus,27.0,156.0,4,chembl:356,chembl:345
zolpidem,alpha1/beta3/gamma2,alpha2/beta3/gamma2,ChEMBL,ChEMBL,Ki,nM,True,False,Homo sapiens,Homo sapiens,27.0,156.0,2,chembl:356,chembl:348
zolpidem,alpha1/beta3/gamma2,alpha2/beta3/gamma2,ChEMBL,ChEMBL,Ki,nM,True,True,Homo sapiens,Homo sapiens,27.0,103.0,1,chembl:356,chembl:357
zolpidem,alpha1/beta3/gamma2,alpha2/beta2/gamma2,ChEMBL,ChEMBL,Ki,nM,False,False,Homo sapiens,Rattus norvegicus,27.0,765.0,4,chembl:356,chembl:361
zolpidem,alpha1/beta3/gamma2,alpha2/beta2/gamma2,ChEMBL,ChEMBL,Ki,nM,False,False,Homo sapiens,Rattus norvegicus,27.0,765.0,4,chembl:356,chembl:363
zolpidem,alpha1/beta3/gamma2,alpha2/beta2/gamma2,ChEMBL,ChEMBL,Ki,nM,False,False,Homo sapiens,Rattus norvegicus,27.0,765.0,4,chembl:356,chembl:365
zolpidem,alpha1/beta3/gamma2,alpha2/beta3/gamma2,ChEMBL,ChEMBL,Ki,nM,True,False,Homo sapiens,Homo sapiens,27.0,160.0,2,chembl:356,chembl:368
zolpidem,alpha1/beta3/gamma2,alpha2/beta3/gamma2,ChEMBL,ChEMBL,Ki,nM,True,False,Homo sapiens,Homo sapiens,27.0,123.0,4,chembl:356,chembl:371
zolpidem,alpha1/beta3/gamma2,alpha2/beta3/gamma2,ChEMBL,ChEMBL,Ki,nM,True,False,Homo sapiens,Homo sapiens,27.0,156.0,2,chembl:356,chembl:377
zolpidem,alpha1/beta3/gamma2,alpha2/beta2/gamma2,ChEMBL,ChEMBL,Ki,nM,False,False,Homo sapiens,Homo sapiens,27.0,150.0,4,chembl:356,chembl:394
zolpidem,alpha1/beta3/gamma2,alpha2/beta2/gamma2,ChEMBL,ChEMBL,Ki,nM,False,False,Homo sapiens,Homo sapiens,27.0,180.0,4,chembl:356,chembl:395
zolpidem,alpha1/beta3/gamma2,alpha2/beta2/gamma2,ChEMBL,ChEMBL,Ki,nM,False,False,Homo sapiens,Homo sapiens,27.0,408.0,3,chembl:356,chembl:403
zolpidem,alpha1/beta3/gamma2,alpha2,ChEMBL,ChEMBL,Ki,nM,False,False,Homo sapiens,Rattus norvegicus,27.0,765.0,4,chembl:356,chembl:412
zolpidem,alpha1/beta3/gamma2,alpha2,ChEMBL,ChEMBL,Ki,nM,False,False,Homo sapiens,Rattus norvegicus,27.0,156.0,4,chembl:356,chembl:414
zolpidem,alpha1/beta3/gamma2,alpha2,ChEMBL,ChEMBL,Ki,nM,False,False,Homo sapiens,Homo sapiens,27.0,291.0,4,chembl:356,chembl:418
zolpidem,alpha1/beta3/gamma2,alpha2,ChEMBL,ChEMBL,Ki,nM,False,False,Homo sapiens,Homo sapiens,27.0,737.0,4,chembl:356,chembl:419
zolpidem,alpha1/beta3/gamma2,alpha2,ChEMBL,ChEMBL,Ki,nM,False,False,Homo sapiens,Homo sapiens,27.0,74.1,4,chembl:356,chembl:423
zolpidem,alpha1/beta2/gamma2,alpha2/beta3/gamma2,ChEMBL,ChEMBL,Ki,nM,False,False,Rattus norvegicus,Homo sapiens,50.0,160.0,4,chembl:360,chembl:327
zolpidem,alpha1/beta2/gamma2,alpha2/beta3/gamma2,ChEMBL,ChEMBL,Ki,nM,False,False,Rattus norvegicus,Homo sapiens,50.0,156.0,4,chembl:360,chembl:331
zolpidem,alpha1/beta2/gamma2,alpha2/beta3/gamma2,ChEMBL,ChEMBL,Ki,nM,False,False,Rattus norvegicus,Homo sapiens,50.0,255.1,4,chembl:360,chembl:338
zolpidem,alpha1/beta2/gamma2,alpha2/beta3/gamma2,ChEMBL,ChEMBL,Ki,nM,False,False,Rattus norvegicus,Homo sapiens,50.0,187.0,4,chembl:360,chembl:339
zolpidem,alpha1/beta2/gamma2,alpha2/beta2/gamma2,ChEMBL,ChEMBL,Ki,nM,True,False,Rattus norvegicus,Rattus norvegicus,50.0,156.0,4,chembl:360,chembl:345
zolpidem,alpha1/beta2/gamma2,alpha2/beta3/gamma2,ChEMBL,ChEMBL,Ki,nM,False,False,Rattus norvegicus,Homo sapiens,50.0,156.0,4,chembl:360,chembl:348
zolpidem,alpha1/beta2/gamma2,alpha2/beta3/gamma2,ChEMBL,ChEMBL,Ki,nM,False,False,Rattus norvegicus,Homo sapiens,50.0,103.0,4,chembl:360,chembl:357
zolpidem,alpha1/beta2/gamma2,alpha2/beta2/gamma2,ChEMBL,ChEMBL,Ki,nM,True,True,Rattus norvegicus,Rattus norvegicus,50.0,765.0,4,chembl:360,chembl:361
zolpidem,alpha1/beta2/gamma2,alpha2/beta2/gamma2,ChEMBL,ChEMBL,Ki,nM,True,False,Rattus norvegicus,Rattus norvegicus,50.0,765.0,4,chembl:360,chembl:363
zolpidem,alpha1/beta2/gamma2,alpha2/beta2/gamma2,ChEMBL,ChEMBL,Ki,nM,True,False,Rattus norvegicus,Rattus norvegicus,50.0,765.0,4,chembl:360,chembl:365
zolpidem,alpha1/beta2/gamma2,alpha2/beta3/gamma2,ChEMBL,ChEMBL,Ki,nM,False,False,Rattus norvegicus,Homo sapiens,50.0,160.0,4,chembl:360,chembl:368
zolpidem,alpha1/beta2/gamma2,alpha2/beta3/gamma2,ChEMBL,ChEMBL,Ki,nM,False,False,Rattus norvegicus,Homo sapiens,50.0,123.0,4,chembl:360,chembl:371
zolpidem,alpha1/beta2/gamma2,alpha2/beta3/gamma2,ChEMBL,ChEMBL,Ki,nM,False,False,Rattus norvegicus,Homo sapiens,50.0,156.0,4,chembl:360,chembl:377
zolpidem,alpha1/beta2/gamma2,alpha2/beta2/gamma2,ChEMBL,ChEMBL,Ki,nM,True,False,Rattus norvegicus,Homo sapiens,50.0,150.0,4,chembl:360,chembl:394
zolpidem,alpha1/beta2/gamma2,alpha2/beta2/gamma2,ChEMBL,ChEMBL,Ki,nM,True,False,Rattus norvegicus,Homo sapiens,50.0,180.0,4,chembl:360,chembl:395
zolpidem,alpha1/beta2/gamma2,alpha2/beta2/gamma2,ChEMBL,ChEMBL,Ki,nM,True,False,Rattus norvegicus,Homo sapiens,50.0,408.0,4,chembl:360,chembl:403
zolpidem,alpha1/beta2/gamma2,alpha2,ChEMBL,ChEMBL,Ki,nM,False,False,Rattus norvegicus,Rattus norvegicus,50.0,765.0,4,chembl:360,chembl:412
zolpidem,alpha1/beta2/gamma2,alpha2,ChEMBL,ChEMBL,Ki,nM,False,False,Rattus norvegicus,Rattus norvegicus,50.0,156.0,4,chembl:360,chembl:414
zolpidem,alpha1/beta2/gamma2,alpha2,ChEMBL,ChEMBL,Ki,nM,False,False,Rattus norvegicus,Homo sapiens,50.0,291.0,4,chembl:360,chembl:418
zolpidem,alpha1/beta2/gamma2,alpha2,ChEMBL,ChEMBL,Ki,nM,False,False,Rattus norvegicus,Homo sapiens,50.0,737.0,4,chembl:360,chembl:419
zolpidem,alpha1/beta2/gamma2,alpha2,ChEMBL,ChEMBL,Ki,nM,False,False,Rattus norvegicus,Homo sapiens,50.0,74.1,4,chembl:360,chembl:423
zolpidem,alpha1/beta2/gamma2,alpha2/beta3/gamma2,ChEMBL,ChEMBL,Ki,nM,False,False,Rattus norvegicus,Homo sapiens,50.0,160.0,4,chembl:362,chembl:327
zolpidem,alpha1/beta2/gamma2,alpha2/beta3/gamma2,ChEMBL,ChEMBL,Ki,nM,False,False,Rattus norvegicus,Homo sapiens,50.0,156.0,4,chembl:362,chembl:331
zolpidem,alpha1/beta2/gamma2,alpha2/beta3/gamma2,ChEMBL,ChEMBL,Ki,nM,False,False,Rattus norvegicus,Homo sapiens,50.0,255.1,4,chembl:362,chembl:338
zolpidem,alpha1/beta2/gamma2,alpha2/beta3/gamma2,ChEMBL,ChEMBL,Ki,nM,False,False,Rattus norvegicus,Homo sapiens,50.0,187.0,4,chembl:362,chembl:339
zolpidem,alpha1/beta2/gamma2,alpha2/beta2/gamma2,ChEMBL,ChEMBL,Ki,nM,True,False,Rattus norvegicus,Rattus norvegicus,50.0,156.0,4,chembl:362,chembl:345
zolpidem,alpha1/beta2/gamma2,alpha2/beta3/gamma2,ChEMBL,ChEMBL,Ki,nM,False,False,Rattus norvegicus,Homo sapiens,50.0,156.0,4,chembl:362,chembl:348
zolpidem,alpha1/beta2/gamma2,alpha2/beta3/gamma2,ChEMBL,ChEMBL,Ki,nM,False,False,Rattus norvegicus,Homo sapiens,50.0,103.0,4,chembl:362,chembl:357
zolpidem,alpha1/beta2/gamma2,alpha2/beta2/gamma2,ChEMBL,ChEMBL,Ki,nM,True,False,Rattus norvegicus,Rattus norvegicus,50.0,765.0,4,chembl:362,chembl:361
zolpidem,alpha1/beta2/gamma2,alpha2/beta2/gamma2,ChEMBL,ChEMBL,Ki,nM,True,True,Rattus norvegicus,Rattus norvegicus,50.0,765.0,4,chembl:362,chembl:363
zolpidem,alpha1/beta2/gamma2,alpha2/beta2/gamma2,ChEMBL,ChEMBL,Ki,nM,True,False,Rattus norvegicus,Rattus norvegicus,50.0,765.0,4,chembl:362,chembl:365
zolpidem,alpha1/beta2/gamma2,alpha2/beta3/gamma2,ChEMBL,ChEMBL,Ki,nM,False,False,Rattus norvegicus,Homo sapiens,50.0,160.0,4,chembl:362,chembl:368
zolpidem,alpha1/beta2/gamma2,alpha2/beta3/gamma2,ChEMBL,ChEMBL,Ki,nM,False,False,Rattus norvegicus,Homo sapiens,50.0,123.0,4,chembl:362,chembl:371
zolpidem,alpha1/beta2/gamma2,alpha2/beta3/gamma2,ChEMBL,ChEMBL,Ki,nM,False,False,Rattus norvegicus,Homo sapiens,50.0,156.0,4,chembl:362,chembl:377
zolpidem,alpha1/beta2/gamma2,alpha2/beta2/gamma2,ChEMBL,ChEMBL,Ki,nM,True,False,Rattus norvegicus,Homo sapiens,50.0,150.0,4,chembl:362,chembl:394
zolpidem,alpha1/beta2/gamma2,alpha2/beta2/gamma2,ChEMBL,ChEMBL,Ki,nM,True,False,Rattus norvegicus,Homo sapiens,50.0,180.0,4,chembl:362,chembl:395
zolpidem,alpha1/beta2/gamma2,alpha2/beta2/gamma2,ChEMBL,ChEMBL,Ki,nM,True,False,Rattus norvegicus,Homo sapiens,50.0,408.0,4,chembl:362,chembl:403
zolpidem,alpha1/beta2/gamma2,alpha2,ChEMBL,ChEMBL,Ki,nM,False,False,Rattus norvegicus,Rattus norvegicus,50.0,765.0,4,chembl:362,chembl:412
zolpidem,alpha1/beta2/gamma2,alpha2,ChEMBL,ChEMBL,Ki,nM,False,False,Rattus norvegicus,Rattus norvegicus,50.0,156.0,4,chembl:362,chembl:414
zolpidem,alpha1/beta2/gamma2,alpha2,ChEMBL,ChEMBL,Ki,nM,False,False,Rattus norvegicus,Homo sapiens,50.0,291.0,4,chembl:362,chembl:418
zolpidem,alpha1/beta2/gamma2,alpha2,ChEMBL,ChEMBL,Ki,nM,False,False,Rattus norvegicus,Homo sapiens,50.0,737.0,4,chembl:362,chembl:419
zolpidem,alpha1/beta2/gamma2,alpha2,ChEMBL,ChEMBL,Ki,nM,False,False,Rattus norvegicus,Homo sapiens,50.0,74.1,4,chembl:362,chembl:423
zolpidem,alpha1/beta2/gamma2,alpha2/beta3/gamma2,ChEMBL,ChEMBL,Ki,nM,False,False,Rattus norvegicus,Homo sapiens,50.0,160.0,4,chembl:366,chembl:327
zolpidem,alpha1/beta2/gamma2,alpha2/beta3/gamma2,ChEMBL,ChEMBL,Ki,nM,False,False,Rattus norvegicus,Homo sapiens,50.0,156.0,4,chembl:366,chembl:331
zolpidem,alpha1/beta2/gamma2,alpha2/beta3/gamma2,ChEMBL,ChEMBL,Ki,nM,False,False,Rattus norvegicus,Homo sapiens,50.0,255.1,4,chembl:366,chembl:338
zolpidem,alpha1/beta2/gamma2,alpha2/beta3/gamma2,ChEMBL,ChEMBL,Ki,nM,False,False,Rattus norvegicus,Homo sapiens,50.0,187.0,4,chembl:366,chembl:339
zolpidem,alpha1/beta2/gamma2,alpha2/beta2/gamma2,ChEMBL,ChEMBL,Ki,nM,True,False,Rattus norvegicus,Rattus norvegicus,50.0,156.0,4,chembl:366,chembl:345
zolpidem,alpha1/beta2/gamma2,alpha2/beta3/gamma2,ChEMBL,ChEMBL,Ki,nM,False,False,Rattus norvegicus,Homo sapiens,50.0,156.0,4,chembl:366,chembl:348
zolpidem,alpha1/beta2/gamma2,alpha2/beta3/gamma2,ChEMBL,ChEMBL,Ki,nM,False,False,Rattus norvegicus,Homo sapiens,50.0,103.0,4,chembl:366,chembl:357
zolpidem,alpha1/beta2/gamma2,alpha2/beta2/gamma2,ChEMBL,ChEMBL,Ki,nM,True,False,Rattus norvegicus,Rattus norvegicus,50.0,765.0,4,chembl:366,chembl:361
zolpidem,alpha1/beta2/gamma2,alpha2/beta2/gamma2,ChEMBL,ChEMBL,Ki,nM,True,False,Rattus norvegicus,Rattus norvegicus,50.0,765.0,4,chembl:366,chembl:363
zolpidem,alpha1/beta2/gamma2,alpha2/beta2/gamma2,ChEMBL,ChEMBL,Ki,nM,True,True,Rattus norvegicus,Rattus norvegicus,50.0,765.0,4,chembl:366,chembl:365
zolpidem,alpha1/beta2/gamma2,alpha2/beta3/gamma2,ChEMBL,ChEMBL,Ki,nM,False,False,Rattus norvegicus,Homo sapiens,50.0,160.0,4,chembl:366,chembl:368
zolpidem,alpha1/beta2/gamma2,alpha2/beta3/gamma2,ChEMBL,ChEMBL,Ki,nM,False,False,Rattus norvegicus,Homo sapiens,50.0,123.0,4,chembl:366,chembl:371
zolpidem,alpha1/beta2/gamma2,alpha2/beta3/gamma2,ChEMBL,ChEMBL,Ki,nM,False,False,Rattus norvegicus,Homo sapiens,50.0,156.0,4,chembl:366,chembl:377
zolpidem,alpha1/beta2/gamma2,alpha2/beta2/gamma2,ChEMBL,ChEMBL,Ki,nM,True,False,Rattus norvegicus,Homo sapiens,50.0,150.0,4,chembl:366,chembl:394
zolpidem,alpha1/beta2/gamma2,alpha2/beta2/gamma2,ChEMBL,ChEMBL,Ki,nM,True,False,Rattus norvegicus,Homo sapiens,50.0,180.0,4,chembl:366,chembl:395
zolpidem,alpha1/beta2/gamma2,alpha2/beta2/gamma2,ChEMBL,ChEMBL,Ki,nM,True,False,Rattus norvegicus,Homo sapiens,50.0,408.0,4,chembl:366,chembl:403
zolpidem,alpha1/beta2/gamma2,alpha2,ChEMBL,ChEMBL,Ki,nM,False,False,Rattus norvegicus,Rattus norvegicus,50.0,765.0,4,chembl:366,chembl:412
zolpidem,alpha1/beta2/gamma2,alpha2,ChEMBL,ChEMBL,Ki,nM,False,False,Rattus norvegicus,Rattus norvegicus,50.0,156.0,4,chembl:366,chembl:414
zolpidem,alpha1/beta2/gamma2,alpha2,ChEMBL,ChEMBL,Ki,nM,False,False,Rattus norvegicus,Homo sapiens,50.0,291.0,4,chembl:366,chembl:418
zolpidem,alpha1/beta2/gamma2,alpha2,ChEMBL,ChEMBL,Ki,nM,False,False,Rattus norvegicus,Homo sapiens,50.0,737.0,4,chembl:366,chembl:419
zolpidem,alpha1/beta2/gamma2,alpha2,ChEMBL,ChEMBL,Ki,nM,False,False,Rattus norvegicus,Homo sapiens,50.0,74.1,4,chembl:366,chembl:423
zolpidem,alpha1/beta3/gamma2,alpha2/beta3/gamma2,ChEMBL,ChEMBL,Ki,nM,True,False,Homo sapiens,Homo sapiens,27.0,160.0,2,chembl:367,chembl:327
zolpidem,alpha1/beta3/gamma2,alpha2/beta3/gamma2,ChEMBL,ChEMBL,Ki,nM,True,False,Homo sapiens,Homo sapiens,27.0,156.0,2,chembl:367,chembl:331
zolpidem,alpha1/beta3/gamma2,alpha2/beta3/gamma2,ChEMBL,ChEMBL,Ki,nM,True,False,Homo sapiens,Homo sapiens,27.0,255.1,2,chembl:367,chembl:338
zolpidem,alpha1/beta3/gamma2,alpha2/beta3/gamma2,ChEMBL,ChEMBL,Ki,nM,True,False,Homo sapiens,Homo sapiens,27.0,187.0,4,chembl:367,chembl:339
zolpidem,alpha1/beta3/gamma2,alpha2/beta2/gamma2,ChEMBL,ChEMBL,Ki,nM,False,False,Homo sapiens,Rattus norvegicus,27.0,156.0,4,chembl:367,chembl:345
zolpidem,alpha1/beta3/gamma2,alpha2/beta3/gamma2,ChEMBL,ChEMBL,Ki,nM,True,False,Homo sapiens,Homo sapiens,27.0,156.0,2,chembl:367,chembl:348
zolpidem,alpha1/beta3/gamma2,alpha2/beta3/gamma2,ChEMBL,ChEMBL,Ki,nM,True,False,Homo sapiens,Homo sapiens,27.0,103.0,2,chembl:367,chembl:357
zolpidem,alpha1/beta3/gamma2,alpha2/beta2/gamma2,ChEMBL,ChEMBL,Ki,nM,False,False,Homo sapiens,Rattus norvegicus,27.0,765.0,4,chembl:367,chembl:361
zolpidem,alpha1/beta3/gamma2,alpha2/beta2/gamma2,ChEMBL,ChEMBL,Ki,nM,False,False,Homo sapiens,Rattus norvegicus,27.0,765.0,4,chembl:367,chembl:363
zolpidem,alpha1/beta3/gamma2,alpha2/beta2/gamma2,ChEMBL,ChEMBL,Ki,nM,False,False,Homo sapiens,Rattus norvegicus,27.0,765.0,4,chembl:367,chembl:365
zolpidem,alpha1/beta3/gamma2,alpha2/beta3/gamma2,ChEMBL,ChEMBL,Ki,nM,True,True,Homo sapiens,Homo sapiens,27.0,160.0,1,chembl:367,chembl:368
zolpidem,alpha1/beta3/gamma2,alpha2/beta3/gamma2,ChEMBL,ChEMBL,Ki,nM,True,True,Homo sapiens,Homo sapiens,27.0,123.0,4,chembl:367,chembl:371
zolpidem,alpha1/beta3/gamma2,alpha2/beta3/gamma2,ChEMBL,ChEMBL,Ki,nM,True,False,Homo sapiens,Homo sapiens,27.0,156.0,2,chembl:367,chembl:377
zolpidem,alpha1/beta3/gamma2,alpha2/beta2/gamma2,ChEMBL,ChEMBL,Ki,nM,False,False,Homo sapiens,Homo sapiens,27.0,150.0,4,chembl:367,chembl:394
zolpidem,alpha1/beta3/gamma2,alpha2/beta2/gamma2,ChEMBL,ChEMBL,Ki,nM,False,False,Homo sapiens,Homo sapiens,27.0,180.0,4,chembl:367,chembl:395
zolpidem,alpha1/beta3/gamma2,alpha2/beta2/gamma2,ChEMBL,ChEMBL,Ki,nM,False,False,Homo sapiens,Homo sapiens,27.0,408.0,3,chembl:367,chembl:403
zolpidem,alpha1/beta3/gamma2,alpha2,ChEMBL,ChEMBL,Ki,nM,False,False,Homo sapiens,Rattus norvegicus,27.0,765.0,4,chembl:367,chembl:412
zolpidem,alpha1/beta3/gamma2,alpha2,ChEMBL,ChEMBL,Ki,nM,False,False,Homo sapiens,Rattus norvegicus,27.0,156.0,4,chembl:367,chembl:414
zolpidem,alpha1/beta3/gamma2,alpha2,ChEMBL,ChEMBL,Ki,nM,False,False,Homo sapiens,Homo sapiens,27.0,291.0,4,chembl:367,chembl:418
zolpidem,alpha1/beta3/gamma2,alpha2,ChEMBL,ChEMBL,Ki,nM,False,False,Homo sapiens,Homo sapiens,27.0,737.0,4,chembl:367,chembl:419
zolpidem,alpha1/beta3/gamma2,alpha2,ChEMBL,ChEMBL,Ki,nM,False,False,Homo sapiens,Homo sapiens,27.0,74.1,4,chembl:367,chembl:423
zolpidem,alpha1/beta3/gamma2,alpha2/beta3/gamma2,ChEMBL,ChEMBL,Efficacy,%,True,False,Homo sapiens,Homo sapiens,160.0,160.0,4,chembl:369,chembl:327
zolpidem,alpha1/beta3/gamma2,alpha2/beta3/gamma2,ChEMBL,ChEMBL,Efficacy,%,True,False,Homo sapiens,Homo sapiens,160.0,156.0,4,chembl:369,chembl:331
zolpidem,alpha1/beta3/gamma2,alpha2/beta3/gamma2,ChEMBL,ChEMBL,Efficacy,%,True,False,Homo sapiens,Homo sapiens,160.0,255.1,4,chembl:369,chembl:338
zolpidem,alpha1/beta3/gamma2,alpha2/beta3/gamma2,ChEMBL,ChEMBL,Efficacy,%,True,False,Homo sapiens,Homo sapiens,160.0,187.0,2,chembl:369,chembl:339
zolpidem,alpha1/beta3/gamma2,alpha2/beta2/gamma2,ChEMBL,ChEMBL,Efficacy,%,False,False,Homo sapiens,Rattus norvegicus,160.0,156.0,4,chembl:369,chembl:345
zolpidem,alpha1/beta3/gamma2,alpha2/beta3/gamma2,ChEMBL,ChEMBL,Efficacy,%,True,False,Homo sapiens,Homo sapiens,160.0,156.0,4,chembl:369,chembl:348
zolpidem,alpha1/beta3/gamma2,alpha2/beta3/gamma2,ChEMBL,ChEMBL,Efficacy,%,True,False,Homo sapiens,Homo sapiens,160.0,103.0,4,chembl:369,chembl:357
zolpidem,alpha1/beta3/gamma2,alpha2/beta2/gamma2,ChEMBL,ChEMBL,Efficacy,%,False,False,Homo sapiens,Rattus norvegicus,160.0,765.0,4,chembl:369,chembl:361
zolpidem,alpha1/beta3/gamma2,alpha2/beta2/gamma2,ChEMBL,ChEMBL,Efficacy,%,False,False,Homo sapiens,Rattus norvegicus,160.0,765.0,4,chembl:369,chembl:363
zolpidem,alpha1/beta3/gamma2,alpha2/beta2/gamma2,ChEMBL,ChEMBL,Efficacy,%,False,False,Homo sapiens,Rattus norvegicus,160.0,765.0,4,chembl:369,chembl:365
zolpidem,alpha1/beta3/gamma2,alpha2/beta3/gamma2,ChEMBL,ChEMBL,Efficacy,%,True,True,Homo sapiens,Homo sapiens,160.0,160.0,4,chembl:369,chembl:368
zolpidem,alpha1/beta3/gamma2,alpha2/beta3/gamma2,ChEMBL,ChEMBL,Efficacy,%,True,True,Homo sapiens,Homo sapiens,160.0,123.0,1,chembl:369,chembl:371
zolpidem,alpha1/beta3/gamma2,alpha2/beta3/gamma2,ChEMBL,ChEMBL,Efficacy,%,True,False,Homo sapiens,Homo sapiens,160.0,156.0,4,chembl:369,chembl:377
zolpidem,alpha1/beta3/gamma2,alpha2/beta2/gamma2,ChEMBL,ChEMBL,Efficacy,%,False,False,Homo sapiens,Homo sapiens,160.0,150.0,3,chembl:369,chembl:394
zolpidem,alpha1/beta3/gamma2,alpha2/beta2/gamma2,ChEMBL,ChEMBL,Efficacy,%,False,False,Homo sapiens,Homo sapiens,160.0,180.0,4,chembl:369,chembl:395
zolpidem,alpha1/beta3/gamma2,alpha2/beta2/gamma2,ChEMBL,ChEMBL,Efficacy,%,False,False,Homo sapiens,Homo sapiens,160.0,408.0,4,chembl:369,chembl:403
zolpidem,alpha1/beta3/gamma2,alpha2,ChEMBL,ChEMBL,Efficacy,%,False,False,Homo sapiens,Rattus norvegicus,160.0,765.0,4,chembl:369,chembl:412
zolpidem,alpha1/beta3/gamma2,alpha2,ChEMBL,ChEMBL,Efficacy,%,False,False,Homo sapiens,Rattus norvegicus,160.0,156.0,4,chembl:369,chembl:414
zolpidem,alpha1/beta3/gamma2,alpha2,ChEMBL,ChEMBL,Efficacy,%,False,False,Homo sapiens,Homo sapiens,160.0,291.0,4,chembl:369,chembl:418
zolpidem,alpha1/beta3/gamma2,alpha2,ChEMBL,ChEMBL,Efficacy,%,False,False,Homo sapiens,Homo sapiens,160.0,737.0,4,chembl:369,chembl:419
zolpidem,alpha1/beta3/gamma2,alpha2,ChEMBL,ChEMBL,Efficacy,%,False,False,Homo sapiens,Homo sapiens,160.0,74.1,4,chembl:369,chembl:423
zolpidem,alpha1/beta2/gamma2,alpha2/beta3/gamma2,ChEMBL,ChEMBL,Ki,nM,False,False,Rattus norvegicus,Homo sapiens,50.0,160.0,4,chembl:375,chembl:327
zolpidem,alpha1/beta2/gamma2,alpha2/beta3/gamma2,ChEMBL,ChEMBL,Ki,nM,False,False,Rattus norvegicus,Homo sapiens,50.0,156.0,4,chembl:375,chembl:331
zolpidem,alpha1/beta2/gamma2,alpha2/beta3/gamma2,ChEMBL,ChEMBL,Ki,nM,False,False,Rattus norvegicus,Homo sapiens,50.0,255.1,4,chembl:375,chembl:338
zolpidem,alpha1/beta2/gamma2,alpha2/beta3/gamma2,ChEMBL,ChEMBL,Ki,nM,False,False,Rattus norvegicus,Homo sapiens,50.0,187.0,4,chembl:375,chembl:339
zolpidem,alpha1/beta2/gamma2,alpha2/beta2/gamma2,ChEMBL,ChEMBL,Ki,nM,True,False,Rattus norvegicus,Rattus norvegicus,50.0,156.0,4,chembl:375,chembl:345
zolpidem,alpha1/beta2/gamma2,alpha2/beta3/gamma2,ChEMBL,ChEMBL,Ki,nM,False,False,Rattus norvegicus,Homo sapiens,50.0,156.0,4,chembl:375,chembl:348
zolpidem,alpha1/beta2/gamma2,alpha2/beta3/gamma2,ChEMBL,ChEMBL,Ki,nM,False,False,Rattus norvegicus,Homo sapiens,50.0,103.0,4,chembl:375,chembl:357
zolpidem,alpha1/beta2/gamma2,alpha2/beta2/gamma2,ChEMBL,ChEMBL,Ki,nM,True,False,Rattus norvegicus,Rattus norvegicus,50.0,765.0,4,chembl:375,chembl:361
zolpidem,alpha1/beta2/gamma2,alpha2/beta2/gamma2,ChEMBL,ChEMBL,Ki,nM,True,False,Rattus norvegicus,Rattus norvegicus,50.0,765.0,4,chembl:375,chembl:363
zolpidem,alpha1/beta2/gamma2,alpha2/beta2/gamma2,ChEMBL,ChEMBL,Ki,nM,True,False,Rattus norvegicus,Rattus norvegicus,50.0,765.0,4,chembl:375,chembl:365
zolpidem,alpha1/beta2/gamma2,alpha2/beta3/gamma2,ChEMBL,ChEMBL,Ki,nM,False,False,Rattus norvegicus,Homo sapiens,50.0,160.0,4,chembl:375,chembl:368
zolpidem,alpha1/beta2/gamma2,alpha2/beta3/gamma2,ChEMBL,ChEMBL,Ki,nM,False,False,Rattus norvegicus,Homo sapiens,50.0,123.0,4,chembl:375,chembl:371
zolpidem,alpha1/beta2/gamma2,alpha2/beta3/gamma2,ChEMBL,ChEMBL,Ki,nM,False,False,Rattus norvegicus,Homo sapiens,50.0,156.0,4,chembl:375,chembl:377
zolpidem,alpha1/beta2/gamma2,alpha2/beta2/gamma2,ChEMBL,ChEMBL,Ki,nM,True,False,Rattus norvegicus,Homo sapiens,50.0,150.0,4,chembl:375,chembl:394
zolpidem,alpha1/beta2/gamma2,alpha2/beta2/gamma2,ChEMBL,ChEMBL,Ki,nM,True,False,Rattus norvegicus,Homo sapiens,50.0,180.0,4,chembl:375,chembl:395
zolpidem,alpha1/beta2/gamma2,alpha2/beta2/gamma2,ChEMBL,ChEMBL,Ki,nM,True,False,Rattus norvegicus,Homo sapiens,50.0,408.0,4,chembl:375,chembl:403
zolpidem,alpha1/beta2/gamma2,alpha2,ChEMBL,ChEMBL,Ki,nM,False,True,Rattus norvegicus,Rattus norvegicus,50.0,765.0,4,chembl:375,chembl:412
zolpidem,alpha1/beta2/gamma2,alpha2,ChEMBL,ChEMBL,Ki,nM,False,False,Rattus norvegicus,Rattus norvegicus,50.0,156.0,4,chembl:375,chembl:414
zolpidem,alpha1/beta2/gamma2,alpha2,ChEMBL,ChEMBL,Ki,nM,False,False,Rattus norvegicus,Homo sapiens,50.0,291.0,4,chembl:375,chembl:418
zolpidem,alpha1/beta2/gamma2,alpha2,ChEMBL,ChEMBL,Ki,nM,False,False,Rattus norvegicus,Homo sapiens,50.0,737.0,4,chembl:375,chembl:419
zolpidem,alpha1/beta2/gamma2,alpha2,ChEMBL,ChEMBL,Ki,nM,False,False,Rattus norvegicus,Homo sapiens,50.0,74.1,4,chembl:375,chembl:423
zolpidem,alpha1/beta3/gamma2,alpha2/beta3/gamma2,ChEMBL,ChEMBL,Ki,nM,True,False,Homo sapiens,Homo sapiens,26.7,160.0,2,chembl:376,chembl:327
zolpidem,alpha1/beta3/gamma2,alpha2/beta3/gamma2,ChEMBL,ChEMBL,Ki,nM,True,False,Homo sapiens,Homo sapiens,26.7,156.0,2,chembl:376,chembl:331
zolpidem,alpha1/beta3/gamma2,alpha2/beta3/gamma2,ChEMBL,ChEMBL,Ki,nM,True,False,Homo sapiens,Homo sapiens,26.7,255.1,2,chembl:376,chembl:338
zolpidem,alpha1/beta3/gamma2,alpha2/beta3/gamma2,ChEMBL,ChEMBL,Ki,nM,True,False,Homo sapiens,Homo sapiens,26.7,187.0,4,chembl:376,chembl:339
zolpidem,alpha1/beta3/gamma2,alpha2/beta2/gamma2,ChEMBL,ChEMBL,Ki,nM,False,False,Homo sapiens,Rattus norvegicus,26.7,156.0,4,chembl:376,chembl:345
zolpidem,alpha1/beta3/gamma2,alpha2/beta3/gamma2,ChEMBL,ChEMBL,Ki,nM,True,False,Homo sapiens,Homo sapiens,26.7,156.0,2,chembl:376,chembl:348
zolpidem,alpha1/beta3/gamma2,alpha2/beta3/gamma2,ChEMBL,ChEMBL,Ki,nM,True,False,Homo sapiens,Homo sapiens,26.7,103.0,2,chembl:376,chembl:357
zolpidem,alpha1/beta3/gamma2,alpha2/beta2/gamma2,ChEMBL,ChEMBL,Ki,nM,False,False,Homo sapiens,Rattus norvegicus,26.7,765.0,4,chembl:376,chembl:361
zolpidem,alpha1/beta3/gamma2,alpha2/beta2/gamma2,ChEMBL,ChEMBL,Ki,nM,False,False,Homo sapiens,Rattus norvegicus,26.7,765.0,4,chembl:376,chembl:363
zolpidem,alpha1/beta3/gamma2,alpha2/beta2/gamma2,ChEMBL,ChEMBL,Ki,nM,False,False,Homo sapiens,Rattus norvegicus,26.7,765.0,4,chembl:376,chembl:365
zolpidem,alpha1/beta3/gamma2,alpha2/beta3/gamma2,ChEMBL,ChEMBL,Ki,nM,True,False,Homo sapiens,Homo sapiens,26.7,160.0,2,chembl:376,chembl:368
zolpidem,alpha1/beta3/gamma2,alpha2/beta3/gamma2,ChEMBL,ChEMBL,Ki,nM,True,False,Homo sapiens,Homo sapiens,26.7,123.0,4,chembl:376,chembl:371
zolpidem,alpha1/beta3/gamma2,alpha2/beta3/gamma2,ChEMBL,ChEMBL,Ki,nM,True,True,Homo sapiens,Homo sapiens,26.7,156.0,1,chembl:376,chembl:377
zolpidem,alpha1/beta3/gamma2,alpha2/beta2/gamma2,ChEMBL,ChEMBL,Ki,nM,False,False,Homo sapiens,Homo sapiens,26.7,150.0,4,chembl:376,chembl:394
zolpidem,alpha1/beta3/gamma2,alpha2/beta2/gamma2,ChEMBL,ChEMBL,Ki,nM,False,False,Homo sapiens,Homo sapiens,26.7,180.0,4,chembl:376,chembl:395
zolpidem,alpha1/beta3/gamma2,alpha2/beta2/gamma2,ChEMBL,ChEMBL,Ki,nM,False,False,Homo sapiens,Homo sapiens,26.7,408.0,3,chembl:376,chembl:403
zolpidem,alpha1/beta3/gamma2,alpha2,ChEMBL,ChEMBL,Ki,nM,False,False,Homo sapiens,Rattus norvegicus,26.7,765.0,4,chembl:376,chembl:412
zolpidem,alpha1/beta3/gamma2,alpha2,ChEMBL,ChEMBL,Ki,nM,False,False,Homo sapiens,Rattus norvegicus,26.7,156.0,4,chembl:376,chembl:414
zolpidem,alpha1/beta3/gamma2,alpha2,ChEMBL,ChEMBL,Ki,nM,False,False,Homo sapiens,Homo sapiens,26.7,291.0,4,chembl:376,chembl:418
zolpidem,alpha1/beta3/gamma2,alpha2,ChEMBL,ChEMBL,Ki,nM,False,False,Homo sapiens,Homo sapiens,26.7,737.0,4,chembl:376,chembl:419
zolpidem,alpha1/beta3/gamma2,alpha2,ChEMBL,ChEMBL,Ki,nM,False,False,Homo sapiens,Homo sapiens,26.7,74.1,4,chembl:376,chembl:423
zolpidem,alpha1/beta2/gamma2,alpha2/beta3/gamma2,ChEMBL,ChEMBL,EC50,nM,False,False,Homo sapiens,Homo sapiens,240.0,160.0,4,chembl:382,chembl:327
zolpidem,alpha1/beta2/gamma2,alpha2/beta3/gamma2,ChEMBL,ChEMBL,EC50,nM,False,False,Homo sapiens,Homo sapiens,240.0,156.0,4,chembl:382,chembl:331
zolpidem,alpha1/beta2/gamma2,alpha2/beta3/gamma2,ChEMBL,ChEMBL,EC50,nM,False,False,Homo sapiens,Homo sapiens,240.0,255.1,4,chembl:382,chembl:338
zolpidem,alpha1/beta2/gamma2,alpha2/beta3/gamma2,ChEMBL,ChEMBL,EC50,nM,False,False,Homo sapiens,Homo sapiens,240.0,187.0,4,chembl:382,chembl:339
zolpidem,alpha1/beta2/gamma2,alpha2/beta2/gamma2,ChEMBL,ChEMBL,EC50,nM,True,False,Homo sapiens,Rattus norvegicus,240.0,156.0,4,chembl:382,chembl:345
zolpidem,alpha1/beta2/gamma2,alpha2/beta3/gamma2,ChEMBL,ChEMBL,EC50,nM,False,False,Homo sapiens,Homo sapiens,240.0,156.0,4,chembl:382,chembl:348
zolpidem,alpha1/beta2/gamma2,alpha2/beta3/gamma2,ChEMBL,ChEMBL,EC50,nM,False,False,Homo sapiens,Homo sapiens,240.0,103.0,4,chembl:382,chembl:357
zolpidem,alpha1/beta2/gamma2,alpha2/beta2/gamma2,ChEMBL,ChEMBL,EC50,nM,True,False,Homo sapiens,Rattus norvegicus,240.0,765.0,4,chembl:382,chembl:361
zolpidem,alpha1/beta2/gamma2,alpha2/beta2/gamma2,ChEMBL,ChEMBL,EC50,nM,True,False,Homo sapiens,Rattus norvegicus,240.0,765.0,4,chembl:382,chembl:363
zolpidem,alpha1/beta2/gamma2,alpha2/beta2/gamma2,ChEMBL,ChEMBL,EC50,nM,True,False,Homo sapiens,Rattus norvegicus,240.0,765.0,4,chembl:382,chembl:365
zolpidem,alpha1/beta2/gamma2,alpha2/beta3/gamma2,ChEMBL,ChEMBL,EC50,nM,False,False,Homo sapiens,Homo sapiens,240.0,160.0,4,chembl:382,chembl:368
zolpidem,alpha1/beta2/gamma2,alpha2/beta3/gamma2,ChEMBL,ChEMBL,EC50,nM,False,False,Homo sapiens,Homo sapiens,240.0,123.0,4,chembl:382,chembl:371
zolpidem,alpha1/beta2/gamma2,alpha2/beta3/gamma2,ChEMBL,ChEMBL,EC50,nM,False,False,Homo sapiens,Homo sapiens,240.0,156.0,4,chembl:382,chembl:377
zolpidem,alpha1/beta2/gamma2,alpha2/beta2/gamma2,ChEMBL,ChEMBL,EC50,nM,True,False,Homo sapiens,Homo sapiens,240.0,150.0,4,chembl:382,chembl:394
zolpidem,alpha1/beta2/gamma2,alpha2/beta2/gamma2,ChEMBL,ChEMBL,EC50,nM,True,False,Homo sapiens,Homo sapiens,240.0,180.0,2,chembl:382,chembl:395
zolpidem,alpha1/beta2/gamma2,alpha2/beta2/gamma2,ChEMBL,ChEMBL,EC50,nM,True,False,Homo sapiens,Homo sapiens,240.0,408.0,4,chembl:382,chembl:403
zolpidem,alpha1/beta2/gamma2,alpha2,ChEMBL,ChEMBL,EC50,nM,False,False,Homo sapiens,Rattus norvegicus,240.0,765.0,4,chembl:382,chembl:412
zolpidem,alpha1/beta2/gamma2,alpha2,ChEMBL,ChEMBL,EC50,nM,False,False,Homo sapiens,Rattus norvegicus,240.0,156.0,4,chembl:382,chembl:414
zolpidem,alpha1/beta2/gamma2,alpha2,ChEMBL,ChEMBL,EC50,nM,False,False,Homo sapiens,Homo sapiens,240.0,291.0,4,chembl:382,chembl:418
zolpidem,alpha1/beta2/gamma2,alpha2,ChEMBL,ChEMBL,EC50,nM,False,False,Homo sapiens,Homo sapiens,240.0,737.0,3,chembl:382,chembl:419
zolpidem,alpha1/beta2/gamma2,alpha2,ChEMBL,ChEMBL,EC50,nM,False,False,Homo sapiens,Homo sapiens,240.0,74.1,4,chembl:382,chembl:423
zolpidem,alpha1/beta2/gamma2,alpha2/beta3/gamma2,ChEMBL,ChEMBL,FC,,False,False,Homo sapiens,Homo sapiens,2.5,160.0,4,chembl:383,chembl:327
zolpidem,alpha1/beta2/gamma2,alpha2/beta3/gamma2,ChEMBL,ChEMBL,FC,,False,False,Homo sapiens,Homo sapiens,2.5,156.0,4,chembl:383,chembl:331
zolpidem,alpha1/beta2/gamma2,alpha2/beta3/gamma2,ChEMBL,ChEMBL,FC,,False,False,Homo sapiens,Homo sapiens,2.5,255.1,4,chembl:383,chembl:338
zolpidem,alpha1/beta2/gamma2,alpha2/beta3/gamma2,ChEMBL,ChEMBL,FC,,False,False,Homo sapiens,Homo sapiens,2.5,187.0,4,chembl:383,chembl:339
zolpidem,alpha1/beta2/gamma2,alpha2/beta2/gamma2,ChEMBL,ChEMBL,FC,,True,False,Homo sapiens,Rattus norvegicus,2.5,156.0,4,chembl:383,chembl:345
zolpidem,alpha1/beta2/gamma2,alpha2/beta3/gamma2,ChEMBL,ChEMBL,FC,,False,False,Homo sapiens,Homo sapiens,2.5,156.0,4,chembl:383,chembl:348
zolpidem,alpha1/beta2/gamma2,alpha2/beta3/gamma2,ChEMBL,ChEMBL,FC,,False,False,Homo sapiens,Homo sapiens,2.5,103.0,4,chembl:383,chembl:357
zolpidem,alpha1/beta2/gamma2,alpha2/beta2/gamma2,ChEMBL,ChEMBL,FC,,True,False,Homo sapiens,Rattus norvegicus,2.5,765.0,4,chembl:383,chembl:361
zolpidem,alpha1/beta2/gamma2,alpha2/beta2/gamma2,ChEMBL,ChEMBL,FC,,True,False,Homo sapiens,Rattus norvegicus,2.5,765.0,4,chembl:383,chembl:363
zolpidem,alpha1/beta2/gamma2,alpha2/beta2/gamma2,ChEMBL,ChEMBL,FC,,True,False,Homo sapiens,Rattus norvegicus,2.5,765.0,4,chembl:383,chembl:365
zolpidem,alpha1/beta2/gamma2,alpha2/beta3/gamma2,ChEMBL,ChEMBL,FC,,False,False,Homo sapiens,Homo sapiens,2.5,160.0,4,chembl:383,chembl:368
zolpidem,alpha1/beta2/gamma2,alpha2/beta3/gamma2,ChEMBL,ChEMBL,FC,,False,False,Homo sapiens,Homo sapiens,2.5,123.0,4,chembl:383,chembl:371
zolpidem,alpha1/beta2/gamma2,alpha2/beta3/gamma2,ChEMBL,ChEMBL,FC,,False,False,Homo sapiens,Homo sapiens,2.5,156.0,4,chembl:383,chembl:377
zolpidem,alpha1/beta2/gamma2,alpha2/beta2/gamma2,ChEMBL,ChEMBL,FC,,True,False,Homo sapiens,Homo sapiens,2.5,150.0,4,chembl:383,chembl:394
zolpidem,alpha1/beta2/gamma2,alpha2/beta2/gamma2,ChEMBL,ChEMBL,FC,,True,False,Homo sapiens,Homo sapiens,2.5,180.0,4,chembl:383,chembl:395
zolpidem,alpha1/beta2/gamma2,alpha2/beta2/gamma2,ChEMBL,ChEMBL,FC,,True,False,Homo sapiens,Homo sapiens,2.5,408.0,4,chembl:383,chembl:403
zolpidem,alpha1/beta2/gamma2,alpha2,ChEMBL,ChEMBL,FC,,False,False,Homo sapiens,Rattus norvegicus,2.5,765.0,4,chembl:383,chembl:412
zolpidem,alpha1/beta2/gamma2,alpha2,ChEMBL,ChEMBL,FC,,False,False,Homo sapiens,Rattus norvegicus,2.5,156.0,4,chembl:383,chembl:414
zolpidem,alpha1/beta2/gamma2,alpha2,ChEMBL,ChEMBL,FC,,False,False,Homo sapiens,Homo sapiens,2.5,291.0,4,chembl:383,chembl:418
zolpidem,alpha1/beta2/gamma2,alpha2,ChEMBL,ChEMBL,FC,,False,False,Homo sapiens,Homo sapiens,2.5,737.0,4,chembl:383,chembl:419
zolpidem,alpha1/beta2/gamma2,alpha2,ChEMBL,ChEMBL,FC,,False,False,Homo sapiens,Homo sapiens,2.5,74.1,4,chembl:383,chembl:423
zolpidem,alpha1/beta2/gamma2,alpha2/beta3/gamma2,ChEMBL,ChEMBL,Activity,%,False,False,Rattus norvegicus,Homo sapiens,180.0,160.0,4,chembl:385,chembl:327
zolpidem,alpha1/beta2/gamma2,alpha2/beta3/gamma2,ChEMBL,ChEMBL,Activity,%,False,False,Rattus norvegicus,Homo sapiens,180.0,156.0,4,chembl:385,chembl:331
zolpidem,alpha1/beta2/gamma2,alpha2/beta3/gamma2,ChEMBL,ChEMBL,Activity,%,False,False,Rattus norvegicus,Homo sapiens,180.0,255.1,4,chembl:385,chembl:338
zolpidem,alpha1/beta2/gamma2,alpha2/beta3/gamma2,ChEMBL,ChEMBL,Activity,%,False,False,Rattus norvegicus,Homo sapiens,180.0,187.0,4,chembl:385,chembl:339
zolpidem,alpha1/beta2/gamma2,alpha2/beta2/gamma2,ChEMBL,ChEMBL,Activity,%,True,False,Rattus norvegicus,Rattus norvegicus,180.0,156.0,4,chembl:385,chembl:345
zolpidem,alpha1/beta2/gamma2,alpha2/beta3/gamma2,ChEMBL,ChEMBL,Activity,%,False,False,Rattus norvegicus,Homo sapiens,180.0,156.0,4,chembl:385,chembl:348
zolpidem,alpha1/beta2/gamma2,alpha2/beta3/gamma2,ChEMBL,ChEMBL,Activity,%,False,False,Rattus norvegicus,Homo sapiens,180.0,103.0,4,chembl:385,chembl:357
zolpidem,alpha1/beta2/gamma2,alpha2/beta2/gamma2,ChEMBL,ChEMBL,Activity,%,True,False,Rattus norvegicus,Rattus norvegicus,180.0,765.0,4,chembl:385,chembl:361
zolpidem,alpha1/beta2/gamma2,alpha2/beta2/gamma2,ChEMBL,ChEMBL,Activity,%,True,False,Rattus norvegicus,Rattus norvegicus,180.0,765.0,4,chembl:385,chembl:363
zolpidem,alpha1/beta2/gamma2,alpha2/beta2/gamma2,ChEMBL,ChEMBL,Activity,%,True,False,Rattus norvegicus,Rattus norvegicus,180.0,765.0,4,chembl:385,chembl:365
zolpidem,alpha1/beta2/gamma2,alpha2/beta3/gamma2,ChEMBL,ChEMBL,Activity,%,False,False,Rattus norvegicus,Homo sapiens,180.0,160.0,4,chembl:385,chembl:368
zolpidem,alpha1/beta2/gamma2,alpha2/beta3/gamma2,ChEMBL,ChEMBL,Activity,%,False,False,Rattus norvegicus,Homo sapiens,180.0,123.0,4,chembl:385,chembl:371
zolpidem,alpha1/beta2/gamma2,alpha2/beta3/gamma2,ChEMBL,ChEMBL,Activity,%,False,False,Rattus norvegicus,Homo sapiens,180.0,156.0,4,chembl:385,chembl:377
zolpidem,alpha1/beta2/gamma2,alpha2/beta2/gamma2,ChEMBL,ChEMBL,Activity,%,True,False,Rattus norvegicus,Homo sapiens,180.0,150.0,4,chembl:385,chembl:394
zolpidem,alpha1/beta2/gamma2,alpha2/beta2/gamma2,ChEMBL,ChEMBL,Activity,%,True,False,Rattus norvegicus,Homo sapiens,180.0,180.0,4,chembl:385,chembl:395
zolpidem,alpha1/beta2/gamma2,alpha2/beta2/gamma2,ChEMBL,ChEMBL,Activity,%,True,False,Rattus norvegicus,Homo sapiens,180.0,408.0,4,chembl:385,chembl:403
zolpidem,alpha1/beta2/gamma2,alpha2,ChEMBL,ChEMBL,Activity,%,False,False,Rattus norvegicus,Rattus norvegicus,180.0,765.0,4,chembl:385,chembl:412
zolpidem,alpha1/beta2/gamma2,alpha2,ChEMBL,ChEMBL,Activity,%,False,False,Rattus norvegicus,Rattus norvegicus,180.0,156.0,4,chembl:385,chembl:414
zolpidem,alpha1/beta2/gamma2,alpha2,ChEMBL,ChEMBL,Activity,%,False,False,Rattus norvegicus,Homo sapiens,180.0,291.0,4,chembl:385,chembl:418
zolpidem,alpha1/beta2/gamma2,alpha2,ChEMBL,ChEMBL,Activity,%,False,False,Rattus norvegicus,Homo sapiens,180.0,737.0,4,chembl:385,chembl:419
zolpidem,alpha1/beta2/gamma2,alpha2,ChEMBL,ChEMBL,Activity,%,False,False,Rattus norvegicus,Homo sapiens,180.0,74.1,4,chembl:385,chembl:423
zolpidem,alpha1,alpha2/beta3/gamma2,ChEMBL,ChEMBL,Activity,%,False,False,Homo sapiens,Homo sapiens,322.0,160.0,4,chembl:386,chembl:327
zolpidem,alpha1,alpha2/beta3/gamma2,ChEMBL,ChEMBL,Activity,%,False,False,Homo sapiens,Homo sapiens,322.0,156.0,4,chembl:386,chembl:331
zolpidem,alpha1,alpha2/beta3/gamma2,ChEMBL,ChEMBL,Activity,%,False,False,Homo sapiens,Homo sapiens,322.0,255.1,4,chembl:386,chembl:338
zolpidem,alpha1,alpha2/beta3/gamma2,ChEMBL,ChEMBL,Activity,%,False,False,Homo sapiens,Homo sapiens,322.0,187.0,4,chembl:386,chembl:339
zolpidem,alpha1,alpha2/beta2/gamma2,ChEMBL,ChEMBL,Activity,%,False,False,Homo sapiens,Rattus norvegicus,322.0,156.0,4,chembl:386,chembl:345
zolpidem,alpha1,alpha2/beta3/gamma2,ChEMBL,ChEMBL,Activity,%,False,False,Homo sapiens,Homo sapiens,322.0,156.0,4,chembl:386,chembl:348
zolpidem,alpha1,alpha2/beta3/gamma2,ChEMBL,ChEMBL,Activity,%,False,False,Homo sapiens,Homo sapiens,322.0,103.0,4,chembl:386,chembl:357
zolpidem,alpha1,alpha2/beta2/gamma2,ChEMBL,ChEMBL,Activity,%,False,False,Homo sapiens,Rattus norvegicus,322.0,765.0,4,chembl:386,chembl:361
zolpidem,alpha1,alpha2/beta2/gamma2,ChEMBL,ChEMBL,Activity,%,False,False,Homo sapiens,Rattus norvegicus,322.0,765.0,4,chembl:386,chembl:363
zolpidem,alpha1,alpha2/beta2/gamma2,ChEMBL,ChEMBL,Activity,%,False,False,Homo sapiens,Rattus norvegicus,322.0,765.0,4,chembl:386,chembl:365
zolpidem,alpha1,alpha2/beta3/gamma2,ChEMBL,ChEMBL,Activity,%,False,False,Homo sapiens,Homo sapiens,322.0,160.0,4,chembl:386,chembl:368
zolpidem,alpha1,alpha2/beta3/gamma2,ChEMBL,ChEMBL,Activity,%,False,False,Homo sapiens,Homo sapiens,322.0,123.0,4,chembl:386,chembl:371
zolpidem,alpha1,alpha2/beta3/gamma2,ChEMBL,ChEMBL,Activity,%,False,False,Homo sapiens,Homo sapiens,322.0,156.0,4,chembl:386,chembl:377
zolpidem,alpha1,alpha2/beta2/gamma2,ChEMBL,ChEMBL,Activity,%,False,False,Homo sapiens,Homo sapiens,322.0,150.0,4,chembl:386,chembl:394
zolpidem,alpha1,alpha2/beta2/gamma2,ChEMBL,ChEMBL,Activity,%,False,False,Homo sapiens,Homo sapiens,322.0,180.0,4,chembl:386,chembl:395
zolpidem,alpha1,alpha2/beta2/gamma2,ChEMBL,ChEMBL,Activity,%,False,False,Homo sapiens,Homo sapiens,322.0,408.0,4,chembl:386,chembl:403
zolpidem,alpha1,alpha2,ChEMBL,ChEMBL,Activity,%,False,False,Homo sapiens,Rattus norvegicus,322.0,765.0,4,chembl:386,chembl:412
zolpidem,alpha1,alpha2,ChEMBL,ChEMBL,Activity,%,False,False,Homo sapiens,Rattus norvegicus,322.0,156.0,4,chembl:386,chembl:414
zolpidem,alpha1,alpha2,ChEMBL,ChEMBL,Activity,%,False,True,Homo sapiens,Homo sapiens,322.0,291.0,3,chembl:386,chembl:418
zolpidem,alpha1,alpha2,ChEMBL,ChEMBL,Activity,%,False,True,Homo sapiens,Homo sapiens,322.0,737.0,4,chembl:386,chembl:419
zolpidem,alpha1,alpha2,ChEMBL,ChEMBL,Activity,%,False,False,Homo sapiens,Homo sapiens,322.0,74.1,4,chembl:386,chembl:423
zolpidem,alpha1,alpha2/beta3/gamma2,ChEMBL,ChEMBL,EC50,nM,False,False,Homo sapiens,Homo sapiens,198.0,160.0,4,chembl:387,chembl:327
zolpidem,alpha1,alpha2/beta3/gamma2,ChEMBL,ChEMBL,EC50,nM,False,False,Homo sapiens,Homo sapiens,198.0,156.0,4,chembl:387,chembl:331
zolpidem,alpha1,alpha2/beta3/gamma2,ChEMBL,ChEMBL,EC50,nM,False,False,Homo sapiens,Homo sapiens,198.0,255.1,4,chembl:387,chembl:338
zolpidem,alpha1,alpha2/beta3/gamma2,ChEMBL,ChEMBL,EC50,nM,False,False,Homo sapiens,Homo sapiens,198.0,187.0,4,chembl:387,chembl:339
zolpidem,alpha1,alpha2/beta2/gamma2,ChEMBL,ChEMBL,EC50,nM,False,False,Homo sapiens,Rattus norvegicus,198.0,156.0,4,chembl:387,chembl:345
zolpidem,alpha1,alpha2/beta3/gamma2,ChEMBL,ChEMBL,EC50,nM,False,False,Homo sapiens,Homo sapiens,198.0,156.0,4,chembl:387,chembl:348
zolpidem,alpha1,alpha2/beta3/gamma2,ChEMBL,ChEMBL,EC50,nM,False,False,Homo sapiens,Homo sapiens,198.0,103.0,4,chembl:387,chembl:357
zolpidem,alpha1,alpha2/beta2/gamma2,ChEMBL,ChEMBL,EC50,nM,False,False,Homo sapiens,Rattus norvegicus,198.0,765.0,4,chembl:387,chembl:361
zolpidem,alpha1,alpha2/beta2/gamma2,ChEMBL,ChEMBL,EC50,nM,False,False,Homo sapiens,Rattus norvegicus,198.0,765.0,4,chembl:387,chembl:363
zolpidem,alpha1,alpha2/beta2/gamma2,ChEMBL,ChEMBL,EC50,nM,False,False,Homo sapiens,Rattus norvegicus,198.0,765.0,4,chembl:387,chembl:365
zolpidem,alpha1,alpha2/beta3/gamma2,ChEMBL,ChEMBL,EC50,nM,False,False,Homo sapiens,Homo sapiens,198.0,160.0,4,chembl:387,chembl:368
zolpidem,alpha1,alpha2/beta3/gamma2,ChEMBL,ChEMBL,EC50,nM,False,False,Homo sapiens,Homo sapiens,198.0,123.0,4,chembl:387,chembl:371
zolpidem,alpha1,alpha2/beta3/gamma2,ChEMBL,ChEMBL,EC50,nM,False,False,Homo sapiens,Homo sapiens,198.0,156.0,4,chembl:387,chembl:377
zolpidem,alpha1,alpha2/beta2/gamma2,ChEMBL,ChEMBL,EC50,nM,False,False,Homo sapiens,Homo sapiens,198.0,150.0,4,chembl:387,chembl:394
zolpidem,alpha1,alpha2/beta2/gamma2,ChEMBL,ChEMBL,EC50,nM,False,False,Homo sapiens,Homo sapiens,198.0,180.0,3,chembl:387,chembl:395
zolpidem,alpha1,alpha2/beta2/gamma2,ChEMBL,ChEMBL,EC50,nM,False,False,Homo sapiens,Homo sapiens,198.0,408.0,4,chembl:387,chembl:403
zolpidem,alpha1,alpha2,ChEMBL,ChEMBL,EC50,nM,False,False,Homo sapiens,Rattus norvegicus,198.0,765.0,4,chembl:387,chembl:412
zolpidem,alpha1,alpha2,ChEMBL,ChEMBL,EC50,nM,False,False,Homo sapiens,Rattus norvegicus,198.0,156.0,4,chembl:387,chembl:414
zolpidem,alpha1,alpha2,ChEMBL,ChEMBL,EC50,nM,False,True,Homo sapiens,Homo sapiens,198.0,291.0,4,chembl:387,chembl:418
zolpidem,alpha1,alpha2,ChEMBL,ChEMBL,EC50,nM,False,True,Homo sapiens,Homo sapiens,198.0,737.0,3,chembl:387,chembl:419
zolpidem,alpha1,alpha2,ChEMBL,ChEMBL,EC50,nM,False,False,Homo sapiens,Homo sapiens,198.0,74.1,4,chembl:387,chembl:423
zolpidem,alpha1,alpha2/beta3/gamma2,ChEMBL,ChEMBL,IC50,nM,False,False,Homo sapiens,Homo sapiens,14.0,160.0,4,chembl:390,chembl:327
zolpidem,alpha1,alpha2/beta3/gamma2,ChEMBL,ChEMBL,IC50,nM,False,False,Homo sapiens,Homo sapiens,14.0,156.0,4,chembl:390,chembl:331
zolpidem,alpha1,alpha2/beta3/gamma2,ChEMBL,ChEMBL,IC50,nM,False,False,Homo sapiens,Homo sapiens,14.0,255.1,4,chembl:390,chembl:338
zolpidem,alpha1,alpha2/beta3/gamma2,ChEMBL,ChEMBL,IC50,nM,False,False,Homo sapiens,Homo sapiens,14.0,187.0,4,chembl:390,chembl:339
zolpidem,alpha1,alpha2/beta2/gamma2,ChEMBL,ChEMBL,IC50,nM,False,False,Homo sapiens,Rattus norvegicus,14.0,156.0,4,chembl:390,chembl:345
zolpidem,alpha1,alpha2/beta3/gamma2,ChEMBL,ChEMBL,IC50,nM,False,False,Homo sapiens,Homo sapiens,14.0,156.0,4,chembl:390,chembl:348
zolpidem,alpha1,alpha2/beta3/gamma2,ChEMBL,ChEMBL,IC50,nM,False,False,Homo sapiens,Homo sapiens,14.0,103.0,4,chembl:390,chembl:357
zolpidem,alpha1,alpha2/beta2/gamma2,ChEMBL,ChEMBL,IC50,nM,False,False,Homo sapiens,Rattus norvegicus,14.0,765.0,4,chembl:390,chembl:361
zolpidem,alpha1,alpha2/beta2/gamma2,ChEMBL,ChEMBL,IC50,nM,False,False,Homo sapiens,Rattus norvegicus,14.0,765.0,4,chembl:390,chembl:363
zolpidem,alpha1,alpha2/beta2/gamma2,ChEMBL,ChEMBL,IC50,nM,False,False,Homo sapiens,Rattus norvegicus,14.0,765.0,4,chembl:390,chembl:365
zolpidem,alpha1,alpha2/beta3/gamma2,ChEMBL,ChEMBL,IC50,nM,False,False,Homo sapiens,Homo sapiens,14.0,160.0,4,chembl:390,chembl:368
zolpidem,alpha1,alpha2/beta3/gamma2,ChEMBL,ChEMBL,IC50,nM,False,False,Homo sapiens,Homo sapiens,14.0,123.0,4,chembl:390,chembl:371
zolpidem,alpha1,alpha2/beta3/gamma2,ChEMBL,ChEMBL,IC50,nM,False,False,Homo sapiens,Homo sapiens,14.0,156.0,4,chembl:390,chembl:377
zolpidem,alpha1,alpha2/beta2/gamma2,ChEMBL,ChEMBL,IC50,nM,False,False,Homo sapiens,Homo sapiens,14.0,150.0,4,chembl:390,chembl:394
zolpidem,alpha1,alpha2/beta2/gamma2,ChEMBL,ChEMBL,IC50,nM,False,False,Homo sapiens,Homo sapiens,14.0,180.0,4,chembl:390,chembl:395
zolpidem,alpha1,alpha2/beta2/gamma2,ChEMBL,ChEMBL,IC50,nM,False,False,Homo sapiens,Homo sapiens,14.0,408.0,4,chembl:390,chembl:403
zolpidem,alpha1,alpha2,ChEMBL,ChEMBL,IC50,nM,False,False,Homo sapiens,Rattus norvegicus,14.0,765.0,4,chembl:390,chembl:412
zolpidem,alpha1,alpha2,ChEMBL,ChEMBL,IC50,nM,False,False,Homo sapiens,Rattus norvegicus,14.0,156.0,4,chembl:390,chembl:414
zolpidem,alpha1,alpha2,ChEMBL,ChEMBL,IC50,nM,False,False,Homo sapiens,Homo sapiens,14.0,291.0,4,chembl:390,chembl:418
zolpidem,alpha1,alpha2,ChEMBL,ChEMBL,IC50,nM,False,False,Homo sapiens,Homo sapiens,14.0,737.0,4,chembl:390,chembl:419
zolpidem,alpha1,alpha2,ChEMBL,ChEMBL,IC50,nM,False,False,Homo sapiens,Homo sapiens,14.0,74.1,4,chembl:390,chembl:423
zolpidem,alpha1,alpha2/beta3/gamma2,ChEMBL,ChEMBL,IC50,nM,False,False,Homo sapiens,Homo sapiens,130.0,160.0,4,chembl:391,chembl:327
zolpidem,alpha1,alpha2/beta3/gamma2,ChEMBL,ChEMBL,IC50,nM,False,False,Homo sapiens,Homo sapiens,130.0,156.0,4,chembl:391,chembl:331
zolpidem,alpha1,alpha2/beta3/gamma2,ChEMBL,ChEMBL,IC50,nM,False,False,Homo sapiens,Homo sapiens,130.0,255.1,4,chembl:391,chembl:338
zolpidem,alpha1,alpha2/beta3/gamma2,ChEMBL,ChEMBL,IC50,nM,False,False,Homo sapiens,Homo sapiens,130.0,187.0,4,chembl:391,chembl:339
zolpidem,alpha1,alpha2/beta2/gamma2,ChEMBL,ChEMBL,IC50,nM,False,False,Homo sapiens,Rattus norvegicus,130.0,156.0,4,chembl:391,chembl:345
zolpidem,alpha1,alpha2/beta3/gamma2,ChEMBL,ChEMBL,IC50,nM,False,False,Homo sapiens,Homo sapiens,130.0,156.0,4,chembl:391,chembl:348
zolpidem,alpha1,alpha2/beta3/gamma2,ChEMBL,ChEMBL,IC50,nM,False,False,Homo sapiens,Homo sapiens,130.0,103.0,4,chembl:391,chembl:357
zolpidem,alpha1,alpha2/beta2/gamma2,ChEMBL,ChEMBL,IC50,nM,False,False,Homo sapiens,Rattus norvegicus,130.0,765.0,4,chembl:391,chembl:361
zolpidem,alpha1,alpha2/beta2/gamma2,ChEMBL,ChEMBL,IC50,nM,False,False,Homo sapiens,Rattus norvegicus,130.0,765.0,4,chembl:391,chembl:363
zolpidem,alpha1,alpha2/beta2/gamma2,ChEMBL,ChEMBL,IC50,nM,False,False,Homo sapiens,Rattus norvegicus,130.0,765.0,4,chembl:391,chembl:365
zolpidem,alpha1,alpha2/beta3/gamma2,ChEMBL,ChEMBL,IC50,nM,False,False,Homo sapiens,Homo sapiens,130.0,160.0,4,chembl:391,chembl:368
zolpidem,alpha1,alpha2/beta3/gamma2,ChEMBL,ChEMBL,IC50,nM,False,False,Homo sapiens,Homo sapiens,130.0,123.0,4,chembl:391,chembl:371
zolpidem,alpha1,alpha2/beta3/gamma2,ChEMBL,ChEMBL,IC50,nM,False,False,Homo sapiens,Homo sapiens,130.0,156.0,4,chembl:391,chembl:377
zolpidem,alpha1,alpha2/beta2/gamma2,ChEMBL,ChEMBL,IC50,nM,False,False,Homo sapiens,Homo sapiens,130.0,150.0,4,chembl:391,chembl:394
zolpidem,alpha1,alpha2/beta2/gamma2,ChEMBL,ChEMBL,IC50,nM,False,False,Homo sapiens,Homo sapiens,130.0,180.0,4,chembl:391,chembl:395
zolpidem,alpha1,alpha2/beta2/gamma2,ChEMBL,ChEMBL,IC50,nM,False,False,Homo sapiens,Homo sapiens,130.0,408.0,4,chembl:391,chembl:403
zolpidem,alpha1,alpha2,ChEMBL,ChEMBL,IC50,nM,False,False,Homo sapiens,Rattus norvegicus,130.0,765.0,4,chembl:391,chembl:412
zolpidem,alpha1,alpha2,ChEMBL,ChEMBL,IC50,nM,False,False,Homo sapiens,Rattus norvegicus,130.0,156.0,4,chembl:391,chembl:414
zolpidem,alpha1,alpha2,ChEMBL,ChEMBL,IC50,nM,False,False,Homo sapiens,Homo sapiens,130.0,291.0,4,chembl:391,chembl:418
zolpidem,alpha1,alpha2,ChEMBL,ChEMBL,IC50,nM,False,False,Homo sapiens,Homo sapiens,130.0,737.0,4,chembl:391,chembl:419
zolpidem,alpha1,alpha2,ChEMBL,ChEMBL,IC50,nM,False,False,Homo sapiens,Homo sapiens,130.0,74.1,4,chembl:391,chembl:423
zolpidem,alpha1/beta1/gamma2,alpha2/beta3/gamma2,ChEMBL,ChEMBL,Ki,nM,False,False,Homo sapiens,Homo sapiens,53.0,160.0,3,chembl:398,chembl:327
zolpidem,alpha1/beta1/gamma2,alpha2/beta3/gamma2,ChEMBL,ChEMBL,Ki,nM,False,False,Homo sapiens,Homo sapiens,53.0,156.0,3,chembl:398,chembl:331
zolpidem,alpha1/beta1/gamma2,alpha2/beta3/gamma2,ChEMBL,ChEMBL,Ki,nM,False,False,Homo sapiens,Homo sapiens,53.0,255.1,3,chembl:398,chembl:338
zolpidem,alpha1/beta1/gamma2,alpha2/beta3/gamma2,ChEMBL,ChEMBL,Ki,nM,False,False,Homo sapiens,Homo sapiens,53.0,187.0,4,chembl:398,chembl:339
zolpidem,alpha1/beta1/gamma2,alpha2/beta2/gamma2,ChEMBL,ChEMBL,Ki,nM,False,False,Homo sapiens,Rattus norvegicus,53.0,156.0,4,chembl:398,chembl:345
zolpidem,alpha1/beta1/gamma2,alpha2/beta3/gamma2,ChEMBL,ChEMBL,Ki,nM,False,False,Homo sapiens,Homo sapiens,53.0,156.0,3,chembl:398,chembl:348
zolpidem,alpha1/beta1/gamma2,alpha2/beta3/gamma2,ChEMBL,ChEMBL,Ki,nM,False,False,Homo sapiens,Homo sapiens,53.0,103.0,3,chembl:398,chembl:357
zolpidem,alpha1/beta1/gamma2,alpha2/beta2/gamma2,ChEMBL,ChEMBL,Ki,nM,False,False,Homo sapiens,Rattus norvegicus,53.0,765.0,4,chembl:398,chembl:361
zolpidem,alpha1/beta1/gamma2,alpha2/beta2/gamma2,ChEMBL,ChEMBL,Ki,nM,False,False,Homo sapiens,Rattus norvegicus,53.0,765.0,4,chembl:398,chembl:363
zolpidem,alpha1/beta1/gamma2,alpha2/beta2/gamma2,ChEMBL,ChEMBL,Ki,nM,False,False,Homo sapiens,Rattus norvegicus,53.0,765.0,4,chembl:398,chembl:365
zolpidem,alpha1/beta1/gamma2,alpha2/beta3/gamma2,ChEMBL,ChEMBL,Ki,nM,False,False,Homo sapiens,Homo sapiens,53.0,160.0,3,chembl:398,chembl:368
zolpidem,alpha1/beta1/gamma2,alpha2/beta3/gamma2,ChEMBL,ChEMBL,Ki,nM,False,False,Homo sapiens,Homo sapiens,53.0,123.0,4,chembl:398,chembl:371
zolpidem,alpha1/beta1/gamma2,alpha2/beta3/gamma2,ChEMBL,ChEMBL,Ki,nM,False,False,Homo sapiens,Homo sapiens,53.0,156.0,3,chembl:398,chembl:377
zolpidem,alpha1/beta1/gamma2,alpha2/beta2/gamma2,ChEMBL,ChEMBL,Ki,nM,False,False,Homo sapiens,Homo sapiens,53.0,150.0,4,chembl:398,chembl:394
zolpidem,alpha1/beta1/gamma2,alpha2/beta2/gamma2,ChEMBL,ChEMBL,Ki,nM,False,False,Homo sapiens,Homo sapiens,53.0,180.0,4,chembl:398,chembl:395
zolpidem,alpha1/beta1/gamma2,alpha2/beta2/gamma2,ChEMBL,ChEMBL,Ki,nM,False,False,Homo sapiens,Homo sapiens,53.0,408.0,3,chembl:398,chembl:403
zolpidem,alpha1/beta1/gamma2,alpha2,ChEMBL,ChEMBL,Ki,nM,False,False,Homo sapiens,Rattus norvegicus,53.0,765.0,4,chembl:398,chembl:412
zolpidem,alpha1/beta1/gamma2,alpha2,ChEMBL,ChEMBL,Ki,nM,False,False,Homo sapiens,Rattus norvegicus,53.0,156.0,4,chembl:398,chembl:414
zolpidem,alpha1/beta1/gamma2,alpha2,ChEMBL,ChEMBL,Ki,nM,False,False,Homo sapiens,Homo sapiens,53.0,291.0,4,chembl:398,chembl:418
zolpidem,alpha1/beta1/gamma2,alpha2,ChEMBL,ChEMBL,Ki,nM,False,False,Homo sapiens,Homo sapiens,53.0,737.0,4,chembl:398,chembl:419
zolpidem,alpha1/beta1/gamma2,alpha2,ChEMBL,ChEMBL,Ki,nM,False,False,Homo sapiens,Homo sapiens,53.0,74.1,4,chembl:398,chembl:423
zolpidem,alpha1,alpha2/beta3/gamma2,ChEMBL,ChEMBL,EC50,nM,False,False,Homo sapiens,Homo sapiens,191.0,160.0,4,chembl:400,chembl:327
zolpidem,alpha1,alpha2/beta3/gamma2,ChEMBL,ChEMBL,EC50,nM,False,False,Homo sapiens,Homo sapiens,191.0,156.0,4,chembl:400,chembl:331
zolpidem,alpha1,alpha2/beta3/gamma2,ChEMBL,ChEMBL,EC50,nM,False,False,Homo sapiens,Homo sapiens,191.0,255.1,4,chembl:400,chembl:338
zolpidem,alpha1,alpha2/beta3/gamma2,ChEMBL,ChEMBL,EC50,nM,False,False,Homo sapiens,Homo sapiens,191.0,187.0,4,chembl:400,chembl:339
zolpidem,alpha1,alpha2/beta2/gamma2,ChEMBL,ChEMBL,EC50,nM,False,False,Homo sapiens,Rattus norvegicus,191.0,156.0,4,chembl:400,chembl:345
zolpidem,alpha1,alpha2/beta3/gamma2,ChEMBL,ChEMBL,EC50,nM,False,False,Homo sapiens,Homo sapiens,191.0,156.0,4,chembl:400,chembl:348
zolpidem,alpha1,alpha2/beta3/gamma2,ChEMBL,ChEMBL,EC50,nM,False,False,Homo sapiens,Homo sapiens,191.0,103.0,4,chembl:400,chembl:357
zolpidem,alpha1,alpha2/beta2/gamma2,ChEMBL,ChEMBL,EC50,nM,False,False,Homo sapiens,Rattus norvegicus,191.0,765.0,4,chembl:400,chembl:361
zolpidem,alpha1,alpha2/beta2/gamma2,ChEMBL,ChEMBL,EC50,nM,False,False,Homo sapiens,Rattus norvegicus,191.0,765.0,4,chembl:400,chembl:363
zolpidem,alpha1,alpha2/beta2/gamma2,ChEMBL,ChEMBL,EC50,nM,False,False,Homo sapiens,Rattus norvegicus,191.0,765.0,4,chembl:400,chembl:365
zolpidem,alpha1,alpha2/beta3/gamma2,ChEMBL,ChEMBL,EC50,nM,False,False,Homo sapiens,Homo sapiens,191.0,160.0,4,chembl:400,chembl:368
zolpidem,alpha1,alpha2/beta3/gamma2,ChEMBL,ChEMBL,EC50,nM,False,False,Homo sapiens,Homo sapiens,191.0,123.0,4,chembl:400,chembl:371
zolpidem,alpha1,alpha2/beta3/gamma2,ChEMBL,ChEMBL,EC50,nM,False,False,Homo sapiens,Homo sapiens,191.0,156.0,4,chembl:400,chembl:377
zolpidem,alpha1,alpha2/beta2/gamma2,ChEMBL,ChEMBL,EC50,nM,False,False,Homo sapiens,Homo sapiens,191.0,150.0,4,chembl:400,chembl:394
zolpidem,alpha1,alpha2/beta2/gamma2,ChEMBL,ChEMBL,EC50,nM,False,False,Homo sapiens,Homo sapiens,191.0,180.0,3,chembl:400,chembl:395
zolpidem,alpha1,alpha2/beta2/gamma2,ChEMBL,ChEMBL,EC50,nM,False,False,Homo sapiens,Homo sapiens,191.0,408.0,4,chembl:400,chembl:403
zolpidem,alpha1,alpha2,ChEMBL,ChEMBL,EC50,nM,False,False,Homo sapiens,Rattus norvegicus,191.0,765.0,4,chembl:400,chembl:412
zolpidem,alpha1,alpha2,ChEMBL,ChEMBL,EC50,nM,False,False,Homo sapiens,Rattus norvegicus,191.0,156.0,4,chembl:400,chembl:414
zolpidem,alpha1,alpha2,ChEMBL,ChEMBL,EC50,nM,False,False,Homo sapiens,Homo sapiens,191.0,291.0,4,chembl:400,chembl:418
zolpidem,alpha1,alpha2,ChEMBL,ChEMBL,EC50,nM,False,False,Homo sapiens,Homo sapiens,191.0,737.0,3,chembl:400,chembl:419
zolpidem,alpha1,alpha2,ChEMBL,ChEMBL,EC50,nM,False,False,Homo sapiens,Homo sapiens,191.0,74.1,4,chembl:400,chembl:423
zolpidem,alpha1,alpha2/beta3/gamma2,ChEMBL,ChEMBL,max activation,%,False,False,Homo sapiens,Homo sapiens,429.0,160.0,4,chembl:401,chembl:327
zolpidem,alpha1,alpha2/beta3/gamma2,ChEMBL,ChEMBL,max activation,%,False,False,Homo sapiens,Homo sapiens,429.0,156.0,4,chembl:401,chembl:331
zolpidem,alpha1,alpha2/beta3/gamma2,ChEMBL,ChEMBL,max activation,%,False,False,Homo sapiens,Homo sapiens,429.0,255.1,4,chembl:401,chembl:338
zolpidem,alpha1,alpha2/beta3/gamma2,ChEMBL,ChEMBL,max activation,%,False,False,Homo sapiens,Homo sapiens,429.0,187.0,4,chembl:401,chembl:339
zolpidem,alpha1,alpha2/beta2/gamma2,ChEMBL,ChEMBL,max activation,%,False,False,Homo sapiens,Rattus norvegicus,429.0,156.0,4,chembl:401,chembl:345
zolpidem,alpha1,alpha2/beta3/gamma2,ChEMBL,ChEMBL,max activation,%,False,False,Homo sapiens,Homo sapiens,429.0,156.0,4,chembl:401,chembl:348
zolpidem,alpha1,alpha2/beta3/gamma2,ChEMBL,ChEMBL,max activation,%,False,False,Homo sapiens,Homo sapiens,429.0,103.0,4,chembl:401,chembl:357
zolpidem,alpha1,alpha2/beta2/gamma2,ChEMBL,ChEMBL,max activation,%,False,False,Homo sapiens,Rattus norvegicus,429.0,765.0,4,chembl:401,chembl:361
zolpidem,alpha1,alpha2/beta2/gamma2,ChEMBL,ChEMBL,max activation,%,False,False,Homo sapiens,Rattus norvegicus,429.0,765.0,4,chembl:401,chembl:363
zolpidem,alpha1,alpha2/beta2/gamma2,ChEMBL,ChEMBL,max activation,%,False,False,Homo sapiens,Rattus norvegicus,429.0,765.0,4,chembl:401,chembl:365
zolpidem,alpha1,alpha2/beta3/gamma2,ChEMBL,ChEMBL,max activation,%,False,False,Homo sapiens,Homo sapiens,429.0,160.0,4,chembl:401,chembl:368
zolpidem,alpha1,alpha2/beta3/gamma2,ChEMBL,ChEMBL,max activation,%,False,False,Homo sapiens,Homo sapiens,429.0,123.0,4,chembl:401,chembl:371
zolpidem,alpha1,alpha2/beta3/gamma2,ChEMBL,ChEMBL,max activation,%,False,False,Homo sapiens,Homo sapiens,429.0,156.0,4,chembl:401,chembl:377
zolpidem,alpha1,alpha2/beta2/gamma2,ChEMBL,ChEMBL,max activation,%,False,False,Homo sapiens,Homo sapiens,429.0,150.0,4,chembl:401,chembl:394
zolpidem,alpha1,alpha2/beta2/gamma2,ChEMBL,ChEMBL,max activation,%,False,False,Homo sapiens,Homo sapiens,429.0,180.0,4,chembl:401,chembl:395
zolpidem,alpha1,alpha2/beta2/gamma2,ChEMBL,ChEMBL,max activation,%,False,False,Homo sapiens,Homo sapiens,429.0,408.0,4,chembl:401,chembl:403
zolpidem,alpha1,alpha2,ChEMBL,ChEMBL,max activation,%,False,False,Homo sapiens,Rattus norvegicus,429.0,765.0,4,chembl:401,chembl:412
zolpidem,alpha1,alpha2,ChEMBL,ChEMBL,max activation,%,False,False,Homo sapiens,Rattus norvegicus,429.0,156.0,4,chembl:401,chembl:414
zolpidem,alpha1,alpha2,ChEMBL,ChEMBL,max activation,%,False,False,Homo sapiens,Homo sapiens,429.0,291.0,4,chembl:401,chembl:418
zolpidem,alpha1,alpha2,ChEMBL,ChEMBL,max activation,%,False,False,Homo sapiens,Homo sapiens,429.0,737.0,4,chembl:401,chembl:419
zolpidem,alpha1,alpha2,ChEMBL,ChEMBL,max activation,%,False,False,Homo sapiens,Homo sapiens,429.0,74.1,4,chembl:401,chembl:423
zolpidem,alpha1,alpha2/beta3/gamma2,ChEMBL,ChEMBL,Ki,nM,False,False,Homo sapiens,Homo sapiens,61.9,160.0,3,chembl:402,chembl:327
zolpidem,alpha1,alpha2/beta3/gamma2,ChEMBL,ChEMBL,Ki,nM,False,False,Homo sapiens,Homo sapiens,61.9,156.0,3,chembl:402,chembl:331
zolpidem,alpha1,alpha2/beta3/gamma2,ChEMBL,ChEMBL,Ki,nM,False,False,Homo sapiens,Homo sapiens,61.9,255.1,3,chembl:402,chembl:338
zolpidem,alpha1,alpha2/beta3/gamma2,ChEMBL,ChEMBL,Ki,nM,False,False,Homo sapiens,Homo sapiens,61.9,187.0,4,chembl:402,chembl:339
zolpidem,alpha1,alpha2/beta2/gamma2,ChEMBL,ChEMBL,Ki,nM,False,False,Homo sapiens,Rattus norvegicus,61.9,156.0,4,chembl:402,chembl:345
zolpidem,alpha1,alpha2/beta3/gamma2,ChEMBL,ChEMBL,Ki,nM,False,False,Homo sapiens,Homo sapiens,61.9,156.0,3,chembl:402,chembl:348
zolpidem,alpha1,alpha2/beta3/gamma2,ChEMBL,ChEMBL,Ki,nM,False,False,Homo sapiens,Homo sapiens,61.9,103.0,3,chembl:402,chembl:357
zolpidem,alpha1,alpha2/beta2/gamma2,ChEMBL,ChEMBL,Ki,nM,False,False,Homo sapiens,Rattus norvegicus,61.9,765.0,4,chembl:402,chembl:361
zolpidem,alpha1,alpha2/beta2/gamma2,ChEMBL,ChEMBL,Ki,nM,False,False,Homo sapiens,Rattus norvegicus,61.9,765.0,4,chembl:402,chembl:363
zolpidem,alpha1,alpha2/beta2/gamma2,ChEMBL,ChEMBL,Ki,nM,False,False,Homo sapiens,Rattus norvegicus,61.9,765.0,4,chembl:402,chembl:365
zolpidem,alpha1,alpha2/beta3/gamma2,ChEMBL,ChEMBL,Ki,nM,False,False,Homo sapiens,Homo sapiens,61.9,160.0,3,chembl:402,chembl:368
zolpidem,alpha1,alpha2/beta3/gamma2,ChEMBL,ChEMBL,Ki,nM,False,False,Homo sapiens,Homo sapiens,61.9,123.0,4,chembl:402,chembl:371
zolpidem,alpha1,alpha2/beta3/gamma2,ChEMBL,ChEMBL,Ki,nM,False,False,Homo sapiens,Homo sapiens,61.9,156.0,3,chembl:402,chembl:377
zolpidem,alpha1,alpha2/beta2/gamma2,ChEMBL,ChEMBL,Ki,nM,False,False,Homo sapiens,Homo sapiens,61.9,150.0,4,chembl:402,chembl:394
zolpidem,alpha1,alpha2/beta2/gamma2,ChEMBL,ChEMBL,Ki,nM,False,False,Homo sapiens,Homo sapiens,61.9,180.0,4,chembl:402,chembl:395
zolpidem,alpha1,alpha2/beta2/gamma2,ChEMBL,ChEMBL,Ki,nM,False,True,Homo sapiens,Homo sapiens,61.9,408.0,3,chembl:402,chembl:403
zolpidem,alpha1,alpha2,ChEMBL,ChEMBL,Ki,nM,False,False,Homo sapiens,Rattus norvegicus,61.9,765.0,4,chembl:402,chembl:412
zolpidem,alpha1,alpha2,ChEMBL,ChEMBL,Ki,nM,False,False,Homo sapiens,Rattus norvegicus,61.9,156.0,4,chembl:402,chembl:414
zolpidem,alpha1,alpha2,ChEMBL,ChEMBL,Ki,nM,False,False,Homo sapiens,Homo sapiens,61.9,291.0,4,chembl:402,chembl:418
zolpidem,alpha1,alpha2,ChEMBL,ChEMBL,Ki,nM,False,False,Homo sapiens,Homo sapiens,61.9,737.0,4,chembl:402,chembl:419
zolpidem,alpha1,alpha2,ChEMBL,ChEMBL,Ki,nM,False,False,Homo sapiens,Homo sapiens,61.9,74.1,4,chembl:402,chembl:423
zolpidem,alpha1,alpha2/beta3/gamma2,ChEMBL,ChEMBL,Ki,nM,False,False,Homo sapiens,Homo sapiens,20.0,160.0,3,chembl:408,chembl:327
zolpidem,alpha1,alpha2/beta3/gamma2,ChEMBL,ChEMBL,Ki,nM,False,False,Homo sapiens,Homo sapiens,20.0,156.0,3,chembl:408,chembl:331
zolpidem,alpha1,alpha2/beta3/gamma2,ChEMBL,ChEMBL,Ki,nM,False,False,Homo sapiens,Homo sapiens,20.0,255.1,3,chembl:408,chembl:338
zolpidem,alpha1,alpha2/beta3/gamma2,ChEMBL,ChEMBL,Ki,nM,False,False,Homo sapiens,Homo sapiens,20.0,187.0,4,chembl:408,chembl:339
zolpidem,alpha1,alpha2/beta2/gamma2,ChEMBL,ChEMBL,Ki,nM,False,False,Homo sapiens,Rattus norvegicus,20.0,156.0,4,chembl:408,chembl:345
zolpidem,alpha1,alpha2/beta3/gamma2,ChEMBL,ChEMBL,Ki,nM,False,False,Homo sapiens,Homo sapiens,20.0,156.0,3,chembl:408,chembl:348
zolpidem,alpha1,alpha2/beta3/gamma2,ChEMBL,ChEMBL,Ki,nM,False,False,Homo sapiens,Homo sapiens,20.0,103.0,3,chembl:408,chembl:357
zolpidem,alpha1,alpha2/beta2/gamma2,ChEMBL,ChEMBL,Ki,nM,False,False,Homo sapiens,Rattus norvegicus,20.0,765.0,4,chembl:408,chembl:361
zolpidem,alpha1,alpha2/beta2/gamma2,ChEMBL,ChEMBL,Ki,nM,False,False,Homo sapiens,Rattus norvegicus,20.0,765.0,4,chembl:408,chembl:363
zolpidem,alpha1,alpha2/beta2/gamma2,ChEMBL,ChEMBL,Ki,nM,False,False,Homo sapiens,Rattus norvegicus,20.0,765.0,4,chembl:408,chembl:365
zolpidem,alpha1,alpha2/beta3/gamma2,ChEMBL,ChEMBL,Ki,nM,False,False,Homo sapiens,Homo sapiens,20.0,160.0,3,chembl:408,chembl:368
zolpidem,alpha1,alpha2/beta3/gamma2,ChEMBL,ChEMBL,Ki,nM,False,False,Homo sapiens,Homo sapiens,20.0,123.0,4,chembl:408,chembl:371
zolpidem,alpha1,alpha2/beta3/gamma2,ChEMBL,ChEMBL,Ki,nM,False,False,Homo sapiens,Homo sapiens,20.0,156.0,3,chembl:408,chembl:377
zolpidem,alpha1,alpha2/beta2/gamma2,ChEMBL,ChEMBL,Ki,nM,False,False,Homo sapiens,Homo sapiens,20.0,150.0,4,chembl:408,chembl:394
zolpidem,alpha1,alpha2/beta2/gamma2,ChEMBL,ChEMBL,Ki,nM,False,False,Homo sapiens,Homo sapiens,20.0,180.0,4,chembl:408,chembl:395
zolpidem,alpha1,alpha2/beta2/gamma2,ChEMBL,ChEMBL,Ki,nM,False,False,Homo sapiens,Homo sapiens,20.0,408.0,3,chembl:408,chembl:403
zolpidem,alpha1,alpha2,ChEMBL,ChEMBL,Ki,nM,False,False,Homo sapiens,Rattus norvegicus,20.0,765.0,4,chembl:408,chembl:412
zolpidem,alpha1,alpha2,ChEMBL,ChEMBL,Ki,nM,False,False,Homo sapiens,Rattus norvegicus,20.0,156.0,4,chembl:408,chembl:414
zolpidem,alpha1,alpha2,ChEMBL,ChEMBL,Ki,nM,False,False,Homo sapiens,Homo sapiens,20.0,291.0,4,chembl:408,chembl:418
zolpidem,alpha1,alpha2,ChEMBL,ChEMBL,Ki,nM,False,False,Homo sapiens,Homo sapiens,20.0,737.0,4,chembl:408,chembl:419
zolpidem,alpha1,alpha2,ChEMBL,ChEMBL,Ki,nM,False,False,Homo sapiens,Homo sapiens,20.0,74.1,4,chembl:408,chembl:423
zolpidem,alpha1,alpha2/beta3/gamma2,ChEMBL,ChEMBL,Inhibition,%,False,False,Homo sapiens,Homo sapiens,99.4,160.0,4,chembl:410,chembl:327
zolpidem,alpha1,alpha2/beta3/gamma2,ChEMBL,ChEMBL,Inhibition,%,False,False,Homo sapiens,Homo sapiens,99.4,156.0,4,chembl:410,chembl:331
zolpidem,alpha1,alpha2/beta3/gamma2,ChEMBL,ChEMBL,Inhibition,%,False,False,Homo sapiens,Homo sapiens,99.4,255.1,4,chembl:410,chembl:338
zolpidem,alpha1,alpha2/beta3/gamma2,ChEMBL,ChEMBL,Inhibition,%,False,False,Homo sapiens,Homo sapiens,99.4,187.0,4,chembl:410,chembl:339
zolpidem,alpha1,alpha2/beta2/gamma2,ChEMBL,ChEMBL,Inhibition,%,False,False,Homo sapiens,Rattus norvegicus,99.4,156.0,4,chembl:410,chembl:345
zolpidem,alpha1,alpha2/beta3/gamma2,ChEMBL,ChEMBL,Inhibition,%,False,False,Homo sapiens,Homo sapiens,99.4,156.0,4,chembl:410,chembl:348
zolpidem,alpha1,alpha2/beta3/gamma2,ChEMBL,ChEMBL,Inhibition,%,False,False,Homo sapiens,Homo sapiens,99.4,103.0,4,chembl:410,chembl:357
zolpidem,alpha1,alpha2/beta2/gamma2,ChEMBL,ChEMBL,Inhibition,%,False,False,Homo sapiens,Rattus norvegicus,99.4,765.0,4,chembl:410,chembl:361
zolpidem,alpha1,alpha2/beta2/gamma2,ChEMBL,ChEMBL,Inhibition,%,False,False,Homo sapiens,Rattus norvegicus,99.4,765.0,4,chembl:410,chembl:363
zolpidem,alpha1,alpha2/beta2/gamma2,ChEMBL,ChEMBL,Inhibition,%,False,False,Homo sapiens,Rattus norvegicus,99.4,765.0,4,chembl:410,chembl:365
zolpidem,alpha1,alpha2/beta3/gamma2,ChEMBL,ChEMBL,Inhibition,%,False,False,Homo sapiens,Homo sapiens,99.4,160.0,4,chembl:410,chembl:368
zolpidem,alpha1,alpha2/beta3/gamma2,ChEMBL,ChEMBL,Inhibition,%,False,False,Homo sapiens,Homo sapiens,99.4,123.0,4,chembl:410,chembl:371
zolpidem,alpha1,alpha2/beta3/gamma2,ChEMBL,ChEMBL,Inhibition,%,False,False,Homo sapiens,Homo sapiens,99.4,156.0,4,chembl:410,chembl:377
zolpidem,alpha1,alpha2/beta2/gamma2,ChEMBL,ChEMBL,Inhibition,%,False,False,Homo sapiens,Homo sapiens,99.4,150.0,4,chembl:410,chembl:394
zolpidem,alpha1,alpha2/beta2/gamma2,ChEMBL,ChEMBL,Inhibition,%,False,False,Homo sapiens,Homo sapiens,99.4,180.0,4,chembl:410,chembl:395
zolpidem,alpha1,alpha2/beta2/gamma2,ChEMBL,ChEMBL,Inhibition,%,False,False,Homo sapiens,Homo sapiens,99.4,408.0,4,chembl:410,chembl:403
zolpidem,alpha1,alpha2,ChEMBL,ChEMBL,Inhibition,%,False,False,Homo sapiens,Rattus norvegicus,99.4,765.0,4,chembl:410,chembl:412
zolpidem,alpha1,alpha2,ChEMBL,ChEMBL,Inhibition,%,False,False,Homo sapiens,Rattus norvegicus,99.4,156.0,4,chembl:410,chembl:414
zolpidem,alpha1,alpha2,ChEMBL,ChEMBL,Inhibition,%,False,False,Homo sapiens,Homo sapiens,99.4,291.0,4,chembl:410,chembl:418
zolpidem,alpha1,alpha2,ChEMBL,ChEMBL,Inhibition,%,False,False,Homo sapiens,Homo sapiens,99.4,737.0,4,chembl:410,chembl:419
zolpidem,alpha1,alpha2,ChEMBL,ChEMBL,Inhibition,%,False,True,Homo sapiens,Homo sapiens,99.4,74.1,3,chembl:410,chembl:423
zolpidem,alpha1,alpha2/beta3/gamma2,ChEMBL,ChEMBL,Ki,nM,False,False,Rattus norvegicus,Homo sapiens,26.7,160.0,4,chembl:413,chembl:327
zolpidem,alpha1,alpha2/beta3/gamma2,ChEMBL,ChEMBL,Ki,nM,False,False,Rattus norvegicus,Homo sapiens,26.7,156.0,4,chembl:413,chembl:331
zolpidem,alpha1,alpha2/beta3/gamma2,ChEMBL,ChEMBL,Ki,nM,False,False,Rattus norvegicus,Homo sapiens,26.7,255.1,4,chembl:413,chembl:338
zolpidem,alpha1,alpha2/beta3/gamma2,ChEMBL,ChEMBL,Ki,nM,False,False,Rattus norvegicus,Homo sapiens,26.7,187.0,4,chembl:413,chembl:339
zolpidem,alpha1,alpha2/beta2/gamma2,ChEMBL,ChEMBL,Ki,nM,False,False,Rattus norvegicus,Rattus norvegicus,26.7,156.0,4,chembl:413,chembl:345
zolpidem,alpha1,alpha2/beta3/gamma2,ChEMBL,ChEMBL,Ki,nM,False,False,Rattus norvegicus,Homo sapiens,26.7,156.0,4,chembl:413,chembl:348
zolpidem,alpha1,alpha2/beta3/gamma2,ChEMBL,ChEMBL,Ki,nM,False,False,Rattus norvegicus,Homo sapiens,26.7,103.0,4,chembl:413,chembl:357
zolpidem,alpha1,alpha2/beta2/gamma2,ChEMBL,ChEMBL,Ki,nM,False,False,Rattus norvegicus,Rattus norvegicus,26.7,765.0,4,chembl:413,chembl:361
zolpidem,alpha1,alpha2/beta2/gamma2,ChEMBL,ChEMBL,Ki,nM,False,False,Rattus norvegicus,Rattus norvegicus,26.7,765.0,4,chembl:413,chembl:363
zolpidem,alpha1,alpha2/beta2/gamma2,ChEMBL,ChEMBL,Ki,nM,False,False,Rattus norvegicus,Rattus norvegicus,26.7,765.0,4,chembl:413,chembl:365
zolpidem,alpha1,alpha2/beta3/gamma2,ChEMBL,ChEMBL,Ki,nM,False,False,Rattus norvegicus,Homo sapiens,26.7,160.0,4,chembl:413,chembl:368
zolpidem,alpha1,alpha2/beta3/gamma2,ChEMBL,ChEMBL,Ki,nM,False,False,Rattus norvegicus,Homo sapiens,26.7,123.0,4,chembl:413,chembl:371
zolpidem,alpha1,alpha2/beta3/gamma2,ChEMBL,ChEMBL,Ki,nM,False,False,Rattus norvegicus,Homo sapiens,26.7,156.0,4,chembl:413,chembl:377
zolpidem,alpha1,alpha2/beta2/gamma2,ChEMBL,ChEMBL,Ki,nM,False,False,Rattus norvegicus,Homo sapiens,26.7,150.0,4,chembl:413,chembl:394
zolpidem,alpha1,alpha2/beta2/gamma2,ChEMBL,ChEMBL,Ki,nM,False,False,Rattus norvegicus,Homo sapiens,26.7,180.0,4,chembl:413,chembl:395
zolpidem,alpha1,alpha2/beta2/gamma2,ChEMBL,ChEMBL,Ki,nM,False,False,Rattus norvegicus,Homo sapiens,26.7,408.0,4,chembl:413,chembl:403
zolpidem,alpha1,alpha2,ChEMBL,ChEMBL,Ki,nM,False,False,Rattus norvegicus,Rattus norvegicus,26.7,765.0,4,chembl:413,chembl:412
zolpidem,alpha1,alpha2,ChEMBL,ChEMBL,Ki,nM,False,True,Rattus norvegicus,Rattus norvegicus,26.7,156.0,4,chembl:413,chembl:414
zolpidem,alpha1,alpha2,ChEMBL,ChEMBL,Ki,nM,False,False,Rattus norvegicus,Homo sapiens,26.7,291.0,4,chembl:413,chembl:418
zolpidem,alpha1,alpha2,ChEMBL,ChEMBL,Ki,nM,False,False,Rattus norvegicus,Homo sapiens,26.7,737.0,4,chembl:413,chembl:419
zolpidem,alpha1,alpha2,ChEMBL,ChEMBL,Ki,nM,False,False,Rattus norvegicus,Homo sapiens,26.7,74.1,4,chembl:413,chembl:423
zolpidem,alpha1,alpha2/beta3/gamma2,ChEMBL,ChEMBL,AC50,nM,False,False,Rattus norvegicus,Homo sapiens,30000.0,160.0,4,chembl:415,chembl:327
zolpidem,alpha1,alpha2/beta3/gamma2,ChEMBL,ChEMBL,AC50,nM,False,False,Rattus norvegicus,Homo sapiens,30000.0,156.0,4,chembl:415,chembl:331
zolpidem,alpha1,alpha2/beta3/gamma2,ChEMBL,ChEMBL,AC50,nM,False,False,Rattus norvegicus,Homo sapiens,30000.0,255.1,4,chembl:415,chembl:338
zolpidem,alpha1,alpha2/beta3/gamma2,ChEMBL,ChEMBL,AC50,nM,False,False,Rattus norvegicus,Homo sapiens,30000.0,187.0,4,chembl:415,chembl:339
zolpidem,alpha1,alpha2/beta2/gamma2,ChEMBL,ChEMBL,AC50,nM,False,False,Rattus norvegicus,Rattus norvegicus,30000.0,156.0,4,chembl:415,chembl:345
zolpidem,alpha1,alpha2/beta3/gamma2,ChEMBL,ChEMBL,AC50,nM,False,False,Rattus norvegicus,Homo sapiens,30000.0,156.0,4,chembl:415,chembl:348
zolpidem,alpha1,alpha2/beta3/gamma2,ChEMBL,ChEMBL,AC50,nM,False,False,Rattus norvegicus,Homo sapiens,30000.0,103.0,4,chembl:415,chembl:357
zolpidem,alpha1,alpha2/beta2/gamma2,ChEMBL,ChEMBL,AC50,nM,False,False,Rattus norvegicus,Rattus norvegicus,30000.0,765.0,4,chembl:415,chembl:361
zolpidem,alpha1,alpha2/beta2/gamma2,ChEMBL,ChEMBL,AC50,nM,False,False,Rattus norvegicus,Rattus norvegicus,30000.0,765.0,4,chembl:415,chembl:363
zolpidem,alpha1,alpha2/beta2/gamma2,ChEMBL,ChEMBL,AC50,nM,False,False,Rattus norvegicus,Rattus norvegicus,30000.0,765.0,4,chembl:415,chembl:365
zolpidem,alpha1,alpha2/beta3/gamma2,ChEMBL,ChEMBL,AC50,nM,False,False,Rattus norvegicus,Homo sapiens,30000.0,160.0,4,chembl:415,chembl:368
zolpidem,alpha1,alpha2/beta3/gamma2,ChEMBL,ChEMBL,AC50,nM,False,False,Rattus norvegicus,Homo sapiens,30000.0,123.0,4,chembl:415,chembl:371
zolpidem,alpha1,alpha2/beta3/gamma2,ChEMBL,ChEMBL,AC50,nM,False,False,Rattus norvegicus,Homo sapiens,30000.0,156.0,4,chembl:415,chembl:377
zolpidem,alpha1,alpha2/beta2/gamma2,ChEMBL,ChEMBL,AC50,nM,False,False,Rattus norvegicus,Homo sapiens,30000.0,150.0,4,chembl:415,chembl:394
zolpidem,alpha1,alpha2/beta2/gamma2,ChEMBL,ChEMBL,AC50,nM,False,False,Rattus norvegicus,Homo sapiens,30000.0,180.0,4,chembl:415,chembl:395
zolpidem,alpha1,alpha2/beta2/gamma2,ChEMBL,ChEMBL,AC50,nM,False,False,Rattus norvegicus,Homo sapiens,30000.0,408.0,4,chembl:415,chembl:403
zolpidem,alpha1,alpha2,ChEMBL,ChEMBL,AC50,nM,False,False,Rattus norvegicus,Rattus norvegicus,30000.0,765.0,4,chembl:415,chembl:412
zolpidem,alpha1,alpha2,ChEMBL,ChEMBL,AC50,nM,False,False,Rattus norvegicus,Rattus norvegicus,30000.0,156.0,4,chembl:415,chembl:414
zolpidem,alpha1,alpha2,ChEMBL,ChEMBL,AC50,nM,False,False,Rattus norvegicus,Homo sapiens,30000.0,291.0,4,chembl:415,chembl:418
zolpidem,alpha1,alpha2,ChEMBL,ChEMBL,AC50,nM,False,False,Rattus norvegicus,Homo sapiens,30000.0,737.0,4,chembl:415,chembl:419
zolpidem,alpha1,alpha2,ChEMBL,ChEMBL,AC50,nM,False,False,Rattus norvegicus,Homo sapiens,30000.0,74.1,4,chembl:415,chembl:423
zolpidem,alpha1,alpha2/beta3/gamma2,ChEMBL,ChEMBL,AC50,nM,False,False,Rattus norvegicus,Homo sapiens,46.3,160.0,4,chembl:416,chembl:327
zolpidem,alpha1,alpha2/beta3/gamma2,ChEMBL,ChEMBL,AC50,nM,False,False,Rattus norvegicus,Homo sapiens,46.3,156.0,4,chembl:416,chembl:331
zolpidem,alpha1,alpha2/beta3/gamma2,ChEMBL,ChEMBL,AC50,nM,False,False,Rattus norvegicus,Homo sapiens,46.3,255.1,4,chembl:416,chembl:338
zolpidem,alpha1,alpha2/beta3/gamma2,ChEMBL,ChEMBL,AC50,nM,False,False,Rattus norvegicus,Homo sapiens,46.3,187.0,4,chembl:416,chembl:339
zolpidem,alpha1,alpha2/beta2/gamma2,ChEMBL,ChEMBL,AC50,nM,False,False,Rattus norvegicus,Rattus norvegicus,46.3,156.0,4,chembl:416,chembl:345
zolpidem,alpha1,alpha2/beta3/gamma2,ChEMBL,ChEMBL,AC50,nM,False,False,Rattus norvegicus,Homo sapiens,46.3,156.0,4,chembl:416,chembl:348
zolpidem,alpha1,alpha2/beta3/gamma2,ChEMBL,ChEMBL,AC50,nM,False,False,Rattus norvegicus,Homo sapiens,46.3,103.0,4,chembl:416,chembl:357
zolpidem,alpha1,alpha2/beta2/gamma2,ChEMBL,ChEMBL,AC50,nM,False,False,Rattus norvegicus,Rattus norvegicus,46.3,765.0,4,chembl:416,chembl:361
zolpidem,alpha1,alpha2/beta2/gamma2,ChEMBL,ChEMBL,AC50,nM,False,False,Rattus norvegicus,Rattus norvegicus,46.3,765.0,4,chembl:416,chembl:363
zolpidem,alpha1,alpha2/beta2/gamma2,ChEMBL,ChEMBL,AC50,nM,False,False,Rattus norvegicus,Rattus norvegicus,46.3,765.0,4,chembl:416,chembl:365
zolpidem,alpha1,alpha2/beta3/gamma2,ChEMBL,ChEMBL,AC50,nM,False,False,Rattus norvegicus,Homo sapiens,46.3,160.0,4,chembl:416,chembl:368
zolpidem,alpha1,alpha2/beta3/gamma2,ChEMBL,ChEMBL,AC50,nM,False,False,Rattus norvegicus,Homo sapiens,46.3,123.0,4,chembl:416,chembl:371
zolpidem,alpha1,alpha2/beta3/gamma2,ChEMBL,ChEMBL,AC50,nM,False,False,Rattus norvegicus,Homo sapiens,46.3,156.0,4,chembl:416,chembl:377
zolpidem,alpha1,alpha2/beta2/gamma2,ChEMBL,ChEMBL,AC50,nM,False,False,Rattus norvegicus,Homo sapiens,46.3,150.0,4,chembl:416,chembl:394
zolpidem,alpha1,alpha2/beta2/gamma2,ChEMBL,ChEMBL,AC50,nM,False,False,Rattus norvegicus,Homo sapiens,46.3,180.0,4,chembl:416,chembl:395
zolpidem,alpha1,alpha2/beta2/gamma2,ChEMBL,ChEMBL,AC50,nM,False,False,Rattus norvegicus,Homo sapiens,46.3,408.0,4,chembl:416,chembl:403
zolpidem,alpha1,alpha2,ChEMBL,ChEMBL,AC50,nM,False,False,Rattus norvegicus,Rattus norvegicus,46.3,765.0,4,chembl:416,chembl:412
zolpidem,alpha1,alpha2,ChEMBL,ChEMBL,AC50,nM,False,False,Rattus norvegicus,Rattus norvegicus,46.3,156.0,4,chembl:416,chembl:414
zolpidem,alpha1,alpha2,ChEMBL,ChEMBL,AC50,nM,False,False,Rattus norvegicus,Homo sapiens,46.3,291.0,4,chembl:416,chembl:418
zolpidem,alpha1,alpha2,ChEMBL,ChEMBL,AC50,nM,False,False,Rattus norvegicus,Homo sapiens,46.3,737.0,4,chembl:416,chembl:419
zolpidem,alpha1,alpha2,ChEMBL,ChEMBL,AC50,nM,False,False,Rattus norvegicus,Homo sapiens,46.3,74.1,4,chembl:416,chembl:423
