drug_id,input_drug_name,molecule_chembl_id,preferred_name,canonical_smiles,standard_inchikey,target_chembl_id,target_name,target_type,target_class,receptor_subtype,assay_chembl_id,assay_type,standard_type,standard_relation,standard_value,standard_units,pchembl_value,organism,document_chembl_id,reference,source,src_id,activity_id,record_id,api_retrieved_at,chembl_version
diazepam,Diazepam,CHEMBL12,DIAZEPAM,CN1C(=O)CN=C(c2ccccc2)c2cc(Cl)ccc21,AAOVKJBEBIDNHE-UHFFFAOYSA-N,CHEMBL1907607,GABA-A receptor; anion channel,PROTEIN COMPLEX GROUP,generic_gabaa_target,,CHEMBL680686,B,IC50,=,12.0,nM,7.92,Rattus norvegicus,CHEMBL1124980,CHEMBL1124980 J Med Chem 1990,LITERATURE,1,90762,172969,2026-09-17T02:17:48.329450+00:00,ChEMBL_37
diazepam,Diazepam,CHEMBL12,DIAZEPAM,CN1C(=O)CN=C(c2ccccc2)c2cc(Cl)ccc21,AAOVKJBEBIDNHE-UHFFFAOYSA-N,CHEMBL1907607,GABA-A receptor; anion channel,PROTEIN COMPLEX GROUP,generic_gabaa_target,,CHEMBL652369,B,IC50,=,6.0,nM,8.22,Rattus norvegicus,CHEMBL1125882,CHEMBL1125882 J Med Chem 1991,LITERATURE,1,116266,82318,2026-09-17T02:17:48.329450+00:00,ChEMBL_37
diazepam,Diazepam,CHEMBL12,DIAZEPAM,CN1C(=O)CN=C(c2ccccc2)c2cc(Cl)ccc21,AAOVKJBEBIDNHE-UHFFFAOYSA-N,CHEMBL2094107,GABA-A receptor; anion channel,PROTEIN COMPLEX GROUP,generic_gabaa_target,,CHEMBL654242,B,IC50,=,25.0,nM,7.6,Bos taurus,CHEMBL1124214,CHEMBL1124214 J Med Chem 1988,LITERATURE,1,119027,189552,2026-09-17T02:17:48.329450+00:00,ChEMBL_37
diazepam,Diazepam,CHEMBL12,DIAZEPAM,CN1C(=O)CN=C(c2ccccc2)c2cc(Cl)ccc21,AAOVKJBEBIDNHE-UHFFFAOYSA-N,CHEMBL1907607,GABA-A receptor; anion channel,PROTEIN COMPLEX GROUP,generic_gabaa_target,,CHEMBL650280,B,Ki,=,5.02,nM,8.3,Rattus norvegicus,CHEMBL1124689,CHEMBL1124689 J Med Chem 1989,LITERATURE,1,139849,25089,2026-09-17T02:17:48.329450+00:00,ChEMBL_37
diazepam,Diazepam,CHEMBL12,DIAZEPAM,CN1C(=O)CN=C(c2ccccc2)c2cc(Cl)ccc21,AAOVKJBEBIDNHE-UHFFFAOYSA-N,CHEMBL2093872,GABA-A receptor; anion channel,PROTEIN COMPLEX GROUP,generic_gabaa_target,,CHEMBL678606,B,IC50,=,74000.0,nM,4.13,Homo sapiens,CHEMBL1153654,CHEMBL1153654 Bioorg Med Chem Lett 1993,LITERATURE,1,177698,100581,2026-09-17T02:17:48.329450+00:00,ChEMBL_37
diazepam,Diazepam,CHEMBL12,DIAZEPAM,CN1C(=O)CN=C(c2ccccc2)c2cc(Cl)ccc21,AAOVKJBEBIDNHE-UHFFFAOYSA-N,CHEMBL2094133,GABA-A receptor; anion channel,PROTEIN COMPLEX GROUP,generic_gabaa_target,,CHEMBL650542,B,IC50,=,12.0,nM,7.92,Mus musculus,CHEMBL1153654,CHEMBL1153654 Bioorg Med Chem Lett 1993,LITERATURE,1,177699,100581,2026-09-17T02:17:48.329450+00:00,ChEMBL_37
diazepam,Diazepam,CHEMBL12,DIAZEPAM,CN1C(=O)CN=C(c2ccccc2)c2cc(Cl)ccc21,AAOVKJBEBIDNHE-UHFFFAOYSA-N,CHEMBL1907607,GABA-A receptor; anion channel,PROTEIN COMPLEX GROUP,generic_gabaa_target,,CHEMBL680646,B,IC50,=,28.0,nM,7.55,Rattus norvegicus,CHEMBL1128598,CHEMBL1128598 J Med Chem 1995,LITERATURE,1,215667,105126,2026-09-17T02:17:48.329450+00:00,ChEMBL_37
diazepam,Diazepam,CHEMBL12,DIAZEPAM,CN1C(=O)CN=C(c2ccccc2)c2cc(Cl)ccc21,AAOVKJBEBIDNHE-UHFFFAOYSA-N,CHEMBL1907607,GABA-A receptor; anion channel,PROTEIN COMPLEX GROUP,generic_gabaa_target,,CHEMBL680647,B,IC50,=,13.0,nM,7.89,Rattus norvegicus,CHEMBL1128598,CHEMBL1128598 J Med Chem 1995,LITERATURE,1,215668,105126,2026-09-17T02:17:48.329450+00:00,ChEMBL_37
diazepam,Diazepam,CHEMBL12,DIAZEPAM,CN1C(=O)CN=C(c2ccccc2)c2cc(Cl)ccc21,AAOVKJBEBIDNHE-UHFFFAOYSA-N,CHEMBL1907607,GABA-A receptor; anion channel,PROTEIN COMPLEX GROUP,generic_gabaa_target,,CHEMBL842879,B,GS,=,2.2,,,Rattus norvegicus,CHEMBL1128598,CHEMBL1128598 J Med Chem 1995,LITERATURE,1,215671,105126,2026-09-17T02:17:48.329450+00:00,ChEMBL_37
diazepam,Diazepam,CHEMBL12,DIAZEPAM,CN1C(=O)CN=C(c2ccccc2)c2cc(Cl)ccc21,AAOVKJBEBIDNHE-UHFFFAOYSA-N,CHEMBL1907607,GABA-A receptor; anion channel,PROTEIN COMPLEX GROUP,generic_gabaa_target,,CHEMBL652733,B,Ki,=,14.0,nM,7.85,Rattus norvegicus,CHEMBL1125084,CHEMBL1125084 J Med Chem 1990,LITERATURE,1,217244,161992,2026-09-17T02:17:48.329450+00:00,ChEMBL_37
diazepam,Diazepam,CHEMBL12,DIAZEPAM,CN1C(=O)CN=C(c2ccccc2)c2cc(Cl)ccc21,AAOVKJBEBIDNHE-UHFFFAOYSA-N,CHEMBL1907607,GABA-A receptor; anion channel,PROTEIN COMPLEX GROUP,generic_gabaa_target,,CHEMBL651108,B,IC50,>,1000.0,nM,,Rattus norvegicus,CHEMBL1127014,CHEMBL1127014 J Med Chem 1993,LITERATURE,1,234637,739,2026-09-17T02:17:48.329450+00:00,ChEMBL_37
diazepam,Diazepam,CHEMBL12,DIAZEPAM,CN1C(=O)CN=C(c2ccccc2)c2cc(Cl)ccc21,AAOVKJBEBIDNHE-UHFFFAOYSA-N,CHEMBL1907607,GABA-A receptor; anion channel,PROTEIN COMPLEX GROUP,generic_gabaa_target,,CHEMBL647210,B,Ki,=,6.6,nM,8.18,Rattus norvegicus,CHEMBL1127014,CHEMBL1127014 J Med Chem 1993,LITERATURE,1,234638,739,2026-09-17T02:17:48.329450+00:00,ChEMBL_37
diazepam,Diazepam,CHEMBL12,DIAZEPAM,CN1C(=O)CN=C(c2ccccc2)c2cc(Cl)ccc21,AAOVKJBEBIDNHE-UHFFFAOYSA-N,CHEMBL1907607,GABA-A receptor; anion channel,PROTEIN COMPLEX GROUP,generic_gabaa_target,,CHEMBL841639,B,GABA shift,=,2.24,,,Rattus norvegicus,CHEMBL1127014,CHEMBL1127014 J Med Chem 1993,LITERATURE,1,234639,739,2026-09-17T02:17:48.329450+00:00,ChEMBL_37
diazepam,Diazepam,CHEMBL12,DIAZEPAM,CN1C(=O)CN=C(c2ccccc2)c2cc(Cl)ccc21,AAOVKJBEBIDNHE-UHFFFAOYSA-N,CHEMBL2093872,GABA-A receptor; anion channel,PROTEIN COMPLEX GROUP,generic_gabaa_target,,CHEMBL650082,B,IC50,=,123594743.34,nM,,Homo sapiens,CHEMBL1128247,CHEMBL1128247 J Med Chem 1995,LITERATURE,1,286330,318713,2026-09-17T02:17:48.329450+00:00,ChEMBL_37
diazepam,Diazepam,CHEMBL12,DIAZEPAM,CN1C(=O)CN=C(c2ccccc2)c2cc(Cl)ccc21,AAOVKJBEBIDNHE-UHFFFAOYSA-N,CHEMBL2095167,GABA-A receptor; alpha-1/beta-2/gamma-2,PROTEIN COMPLEX,composite_target,alpha1/beta2/gamma2,CHEMBL822941,B,Ki,=,16.0,nM,7.8,Rattus norvegicus,CHEMBL1127312,CHEMBL1127312 J Med Chem 1994,LITERATURE,1,320285,273080,2026-09-17T02:17:48.329450+00:00,ChEMBL_37
diazepam,Diazepam,CHEMBL12,DIAZEPAM,CN1C(=O)CN=C(c2ccccc2)c2cc(Cl)ccc21,AAOVKJBEBIDNHE-UHFFFAOYSA-N,CHEMBL2111343,GABA A receptor alpha-3/beta-2/gamma-2,PROTEIN COMPLEX,composite_target,alpha3/beta2/gamma2,CHEMBL823756,B,Ki,=,17.0,nM,7.77,Rattus norvegicus,CHEMBL1127312,CHEMBL1127312 J Med Chem 1994,LITERATURE,1,320286,273080,2026-09-17T02:17:48.329450+00:00,ChEMBL_37
diazepam,Diazepam,CHEMBL12,DIAZEPAM,CN1C(=O)CN=C(c2ccccc2)c2cc(Cl)ccc21,AAOVKJBEBIDNHE-UHFFFAOYSA-N,CHEMBL2111365,GABA A receptor alpha-6/beta-2/gamma-2,PROTEIN COMPLEX,composite_target,alpha6/beta2/gamma2,CHEMBL824042,B,Ki,>,10000.0,nM,,Rattus norvegicus,CHEMBL1127312,CHEMBL1127312 J Med Chem 1994,LITERATURE,1,320289,273080,2026-09-17T02:17:48.329450+00:00,ChEMBL_37
diazepam,Diazepam,CHEMBL12,DIAZEPAM,CN1C(=O)CN=C(c2ccccc2)c2cc(Cl)ccc21,AAOVKJBEBIDNHE-UHFFFAOYSA-N,CHEMBL2095167,GABA-A receptor; alpha-1/beta-2/gamma-2,PROTEIN COMPLEX,composite_target,alpha1/beta2/gamma2,CHEMBL822942,B,Ki,>,10000.0,nM,,Rattus norvegicus,CHEMBL1127312,CHEMBL1127312 J Med Chem 1994,LITERATURE,1,320290,273080,2026-09-17T02:17:48.329450+00:00,ChEMBL_37
diazepam,Diazepam,CHEMBL12,DIAZEPAM,CN1C(=O)CN=C(c2ccccc2)c2cc(Cl)ccc21,AAOVKJBEBIDNHE-UHFFFAOYSA-N,CHEMBL2111365,GABA A receptor alpha-6/beta-2/gamma-2,PROTEIN COMPLEX,composite_target,alpha6/beta2/gamma2,CHEMBL824044,B,Ki,=,98.0,nM,7.01,Rattus norvegicus,CHEMBL1127312,CHEMBL1127312 J Med Chem 1994,LITERATURE,1,320292,273080,2026-09-17T02:17:48.329450+00:00,ChEMBL_37
diazepam,Diazepam,CHEMBL12,DIAZEPAM,CN1C(=O)CN=C(c2ccccc2)c2cc(Cl)ccc21,AAOVKJBEBIDNHE-UHFFFAOYSA-N,CHEMBL2111365,GABA A receptor alpha-6/beta-2/gamma-2,PROTEIN COMPLEX,composite_target,alpha6/beta2/gamma2,CHEMBL824046,B,Ki,=,20.0,nM,7.7,Rattus norvegicus,CHEMBL1127312,CHEMBL1127312 J Med Chem 1994,LITERATURE,1,320293,273080,2026-09-17T02:17:48.329450+00:00,ChEMBL_37
diazepam,Diazepam,CHEMBL12,DIAZEPAM,CN1C(=O)CN=C(c2ccccc2)c2cc(Cl)ccc21,AAOVKJBEBIDNHE-UHFFFAOYSA-N,CHEMBL2111365,GABA A receptor alpha-6/beta-2/gamma-2,PROTEIN COMPLEX,composite_target,alpha6/beta2/gamma2,CHEMBL824047,B,Ki,=,9.0,nM,8.05,Rattus norvegicus,CHEMBL1127312,CHEMBL1127312 J Med Chem 1994,LITERATURE,1,320294,273080,2026-09-17T02:17:48.329450+00:00,ChEMBL_37
diazepam,Diazepam,CHEMBL12,DIAZEPAM,CN1C(=O)CN=C(c2ccccc2)c2cc(Cl)ccc21,AAOVKJBEBIDNHE-UHFFFAOYSA-N,CHEMBL2111365,GABA A receptor alpha-6/beta-2/gamma-2,PROTEIN COMPLEX,composite_target,alpha6/beta2/gamma2,CHEMBL824049,B,Ki,=,2.1,nM,8.68,Rattus norvegicus,CHEMBL1127312,CHEMBL1127312 J Med Chem 1994,LITERATURE,1,320295,273080,2026-09-17T02:17:48.329450+00:00,ChEMBL_37
diazepam,Diazepam,CHEMBL12,DIAZEPAM,CN1C(=O)CN=C(c2ccccc2)c2cc(Cl)ccc21,AAOVKJBEBIDNHE-UHFFFAOYSA-N,CHEMBL1907607,GABA-A receptor; anion channel,PROTEIN COMPLEX GROUP,generic_gabaa_target,,CHEMBL680658,B,Ki,=,4.9,nM,8.31,Rattus norvegicus,CHEMBL1129282,CHEMBL1129282 J Med Chem 1996,LITERATURE,1,351488,81572,2026-09-17T02:17:48.329450+00:00,ChEMBL_37
diazepam,Diazepam,CHEMBL12,DIAZEPAM,CN1C(=O)CN=C(c2ccccc2)c2cc(Cl)ccc21,AAOVKJBEBIDNHE-UHFFFAOYSA-N,CHEMBL1907607,GABA-A receptor; anion channel,PROTEIN COMPLEX GROUP,generic_gabaa_target,,CHEMBL685373,B,[35S] TBPS shift,=,1.0,,,Rattus norvegicus,CHEMBL1129282,CHEMBL1129282 J Med Chem 1996,LITERATURE,1,351489,81572,2026-09-17T02:17:48.329450+00:00,ChEMBL_37
diazepam,Diazepam,CHEMBL12,DIAZEPAM,CN1C(=O)CN=C(c2ccccc2)c2cc(Cl)ccc21,AAOVKJBEBIDNHE-UHFFFAOYSA-N,CHEMBL2095172,GABA-A receptor; alpha-1/beta-2/gamma-2,PROTEIN COMPLEX,composite_target,alpha1/beta2/gamma2,CHEMBL677024,B,Ki,=,13.0,nM,7.89,Homo sapiens,CHEMBL1129282,CHEMBL1129282 J Med Chem 1996,LITERATURE,1,351492,81572,2026-09-17T02:17:48.329450+00:00,ChEMBL_37
diazepam,Diazepam,CHEMBL12,DIAZEPAM,CN1C(=O)CN=C(c2ccccc2)c2cc(Cl)ccc21,AAOVKJBEBIDNHE-UHFFFAOYSA-N,CHEMBL2111339,GABA A receptor alpha-3/beta-2/gamma-2,PROTEIN COMPLEX,composite_target,alpha3/beta2/gamma2,CHEMBL683022,B,Ki,=,10.0,nM,8.0,Homo sapiens,CHEMBL1129282,CHEMBL1129282 J Med Chem 1996,LITERATURE,1,351493,81572,2026-09-17T02:17:48.329450+00:00,ChEMBL_37
diazepam,Diazepam,CHEMBL12,DIAZEPAM,CN1C(=O)CN=C(c2ccccc2)c2cc(Cl)ccc21,AAOVKJBEBIDNHE-UHFFFAOYSA-N,CHEMBL2111370,GABA A receptor alpha-6/beta-2/gamma-2,PROTEIN COMPLEX,composite_target,alpha6/beta2/gamma2,CHEMBL685347,B,Ki,>,7000.0,nM,,Homo sapiens,CHEMBL1129282,CHEMBL1129282 J Med Chem 1996,LITERATURE,1,351494,81572,2026-09-17T02:17:48.329450+00:00,ChEMBL_37
diazepam,Diazepam,CHEMBL12,DIAZEPAM,CN1C(=O)CN=C(c2ccccc2)c2cc(Cl)ccc21,AAOVKJBEBIDNHE-UHFFFAOYSA-N,CHEMBL1907607,GABA-A receptor; anion channel,PROTEIN COMPLEX GROUP,generic_gabaa_target,,CHEMBL652732,B,IC50,=,6.0,nM,8.22,Rattus norvegicus,CHEMBL1125133,CHEMBL1125133 J Med Chem 1990,LITERATURE,1,357786,97260,2026-09-17T02:17:48.329450+00:00,ChEMBL_37
diazepam,Diazepam,CHEMBL12,DIAZEPAM,CN1C(=O)CN=C(c2ccccc2)c2cc(Cl)ccc21,AAOVKJBEBIDNHE-UHFFFAOYSA-N,CHEMBL1907607,GABA-A receptor; anion channel,PROTEIN COMPLEX GROUP,generic_gabaa_target,,CHEMBL650874,B,IC50,=,5.4,nM,8.27,Rattus norvegicus,CHEMBL1122390,CHEMBL1122390 J Med Chem 1983,LITERATURE,1,372154,66045,2026-09-17T02:17:48.329450+00:00,ChEMBL_37
diazepam,Diazepam,CHEMBL12,DIAZEPAM,CN1C(=O)CN=C(c2ccccc2)c2cc(Cl)ccc21,AAOVKJBEBIDNHE-UHFFFAOYSA-N,CHEMBL1907607,GABA-A receptor; anion channel,PROTEIN COMPLEX GROUP,generic_gabaa_target,,CHEMBL681560,B,Displacement,=,33.0,%,,Rattus norvegicus,CHEMBL1132818,CHEMBL1132818 Bioorg Med Chem Lett 2000,LITERATURE,1,389956,156747,2026-09-17T02:17:48.329450+00:00,ChEMBL_37
diazepam,Diazepam,CHEMBL12,DIAZEPAM,CN1C(=O)CN=C(c2ccccc2)c2cc(Cl)ccc21,AAOVKJBEBIDNHE-UHFFFAOYSA-N,CHEMBL1907607,GABA-A receptor; anion channel,PROTEIN COMPLEX GROUP,generic_gabaa_target,,CHEMBL681003,B,Displacement,=,25.0,%,,Rattus norvegicus,CHEMBL1132818,CHEMBL1132818 Bioorg Med Chem Lett 2000,LITERATURE,1,389957,156747,2026-09-17T02:17:48.329450+00:00,ChEMBL_37
diazepam,Diazepam,CHEMBL12,DIAZEPAM,CN1C(=O)CN=C(c2ccccc2)c2cc(Cl)ccc21,AAOVKJBEBIDNHE-UHFFFAOYSA-N,CHEMBL1907607,GABA-A receptor; anion channel,PROTEIN COMPLEX GROUP,generic_gabaa_target,,CHEMBL681564,B,Displacement,=,-13.0,%,,Rattus norvegicus,CHEMBL1132818,CHEMBL1132818 Bioorg Med Chem Lett 2000,LITERATURE,1,389958,156747,2026-09-17T02:17:48.329450+00:00,ChEMBL_37
diazepam,Diazepam,CHEMBL12,DIAZEPAM,CN1C(=O)CN=C(c2ccccc2)c2cc(Cl)ccc21,AAOVKJBEBIDNHE-UHFFFAOYSA-N,CHEMBL2095167,GABA-A receptor; alpha-1/beta-2/gamma-2,PROTEIN COMPLEX,composite_target,alpha1/beta2/gamma2,CHEMBL681621,F,GABA current,=,300.0,%,,Rattus norvegicus,CHEMBL1132818,CHEMBL1132818 Bioorg Med Chem Lett 2000,LITERATURE,1,389959,156747,2026-09-17T02:17:48.329450+00:00,ChEMBL_37
diazepam,Diazepam,CHEMBL12,DIAZEPAM,CN1C(=O)CN=C(c2ccccc2)c2cc(Cl)ccc21,AAOVKJBEBIDNHE-UHFFFAOYSA-N,CHEMBL1907607,GABA-A receptor; anion channel,PROTEIN COMPLEX GROUP,generic_gabaa_target,,CHEMBL681276,B,IC50,=,20.0,nM,7.7,Rattus norvegicus,CHEMBL1132818,CHEMBL1132818 Bioorg Med Chem Lett 2000,LITERATURE,1,389960,156747,2026-09-17T02:17:48.329450+00:00,ChEMBL_37
diazepam,Diazepam,CHEMBL12,DIAZEPAM,CN1C(=O)CN=C(c2ccccc2)c2cc(Cl)ccc21,AAOVKJBEBIDNHE-UHFFFAOYSA-N,CHEMBL1907607,GABA-A receptor; anion channel,PROTEIN COMPLEX GROUP,generic_gabaa_target,,CHEMBL681277,B,IC50,=,20.0,nM,7.7,Rattus norvegicus,CHEMBL1132818,CHEMBL1132818 Bioorg Med Chem Lett 2000,LITERATURE,1,389961,156747,2026-09-17T02:17:48.329450+00:00,ChEMBL_37
diazepam,Diazepam,CHEMBL12,DIAZEPAM,CN1C(=O)CN=C(c2ccccc2)c2cc(Cl)ccc21,AAOVKJBEBIDNHE-UHFFFAOYSA-N,CHEMBL1907607,GABA-A receptor; anion channel,PROTEIN COMPLEX GROUP,generic_gabaa_target,,CHEMBL650875,B,IC50,=,5.4,nM,8.27,Rattus norvegicus,CHEMBL1122391,CHEMBL1122391 J Med Chem 1983,LITERATURE,1,422598,66776,2026-09-17T02:17:48.329450+00:00,ChEMBL_37
diazepam,Diazepam,CHEMBL12,DIAZEPAM,CN1C(=O)CN=C(c2ccccc2)c2cc(Cl)ccc21,AAOVKJBEBIDNHE-UHFFFAOYSA-N,CHEMBL2094107,GABA-A receptor; anion channel,PROTEIN COMPLEX GROUP,generic_gabaa_target,,CHEMBL650821,B,Ki,=,10.0,nM,8.0,Bos taurus,CHEMBL1132244,CHEMBL1132244 J Med Chem 1999,LITERATURE,1,434675,125908,2026-09-17T02:17:48.329450+00:00,ChEMBL_37
diazepam,Diazepam,CHEMBL12,DIAZEPAM,CN1C(=O)CN=C(c2ccccc2)c2cc(Cl)ccc21,AAOVKJBEBIDNHE-UHFFFAOYSA-N,CHEMBL2094107,GABA-A receptor; anion channel,PROTEIN COMPLEX GROUP,generic_gabaa_target,,CHEMBL842877,B,GR,=,1.5,,,Bos taurus,CHEMBL1132244,CHEMBL1132244 J Med Chem 1999,LITERATURE,1,434676,125908,2026-09-17T02:17:48.329450+00:00,ChEMBL_37
diazepam,Diazepam,CHEMBL12,DIAZEPAM,CN1C(=O)CN=C(c2ccccc2)c2cc(Cl)ccc21,AAOVKJBEBIDNHE-UHFFFAOYSA-N,CHEMBL1907607,GABA-A receptor; anion channel,PROTEIN COMPLEX GROUP,generic_gabaa_target,,CHEMBL652730,B,IC50,=,6.0,nM,8.22,Rattus norvegicus,CHEMBL1124933,CHEMBL1124933 J Med Chem 1990,LITERATURE,1,441406,106863,2026-09-17T02:17:48.329450+00:00,ChEMBL_37
diazepam,Diazepam,CHEMBL12,DIAZEPAM,CN1C(=O)CN=C(c2ccccc2)c2cc(Cl)ccc21,AAOVKJBEBIDNHE-UHFFFAOYSA-N,CHEMBL2095172,GABA-A receptor; alpha-1/beta-2/gamma-2,PROTEIN COMPLEX,composite_target,alpha1/beta2/gamma2,CHEMBL677847,B,Ki,=,12.0,nM,7.92,Homo sapiens,CHEMBL1133060,CHEMBL1133060 Bioorg Med Chem Lett 2000,LITERATURE,1,442386,43833,2026-09-17T02:17:48.329450+00:00,ChEMBL_37
diazepam,Diazepam,CHEMBL12,DIAZEPAM,CN1C(=O)CN=C(c2ccccc2)c2cc(Cl)ccc21,AAOVKJBEBIDNHE-UHFFFAOYSA-N,CHEMBL2094130,GABA-A receptor; alpha-2/beta-3/gamma-2,PROTEIN COMPLEX,composite_target,alpha2/beta3/gamma2,CHEMBL682708,B,Ki,=,6.6,nM,8.18,Homo sapiens,CHEMBL1133060,CHEMBL1133060 Bioorg Med Chem Lett 2000,LITERATURE,1,442387,43833,2026-09-17T02:17:48.329450+00:00,ChEMBL_37
diazepam,Diazepam,CHEMBL12,DIAZEPAM,CN1C(=O)CN=C(c2ccccc2)c2cc(Cl)ccc21,AAOVKJBEBIDNHE-UHFFFAOYSA-N,CHEMBL2094120,GABA-A receptor; alpha-3/beta-3/gamma-2,PROTEIN COMPLEX,composite_target,alpha3/beta3/gamma2,CHEMBL680431,B,Ki,=,33.0,nM,7.48,Homo sapiens,CHEMBL1133060,CHEMBL1133060 Bioorg Med Chem Lett 2000,LITERATURE,1,442388,43833,2026-09-17T02:17:48.329450+00:00,ChEMBL_37
diazepam,Diazepam,CHEMBL12,DIAZEPAM,CN1C(=O)CN=C(c2ccccc2)c2cc(Cl)ccc21,AAOVKJBEBIDNHE-UHFFFAOYSA-N,CHEMBL2095172,GABA-A receptor; alpha-1/beta-2/gamma-2,PROTEIN COMPLEX,composite_target,alpha1/beta2/gamma2,CHEMBL679559,F,Efficacy,=,157.0,%,,Homo sapiens,CHEMBL1133060,CHEMBL1133060 Bioorg Med Chem Lett 2000,LITERATURE,1,442389,43833,2026-09-17T02:17:48.329450+00:00,ChEMBL_37
diazepam,Diazepam,CHEMBL12,DIAZEPAM,CN1C(=O)CN=C(c2ccccc2)c2cc(Cl)ccc21,AAOVKJBEBIDNHE-UHFFFAOYSA-N,CHEMBL1907607,GABA-A receptor; anion channel,PROTEIN COMPLEX GROUP,generic_gabaa_target,,CHEMBL653111,B,Ki,=,10.5,nM,7.98,Rattus norvegicus,CHEMBL1129075,CHEMBL1129075 J Med Chem 1996,LITERATURE,1,454337,184141,2026-09-17T02:17:48.329450+00:00,ChEMBL_37
diazepam,Diazepam,CHEMBL12,DIAZEPAM,CN1C(=O)CN=C(c2ccccc2)c2cc(Cl)ccc21,AAOVKJBEBIDNHE-UHFFFAOYSA-N,CHEMBL1907607,GABA-A receptor; anion channel,PROTEIN COMPLEX GROUP,generic_gabaa_target,,CHEMBL656130,B,GABA ratio,=,1.5,,,Rattus norvegicus,CHEMBL1129075,CHEMBL1129075 J Med Chem 1996,LITERATURE,1,454338,184141,2026-09-17T02:17:48.329450+00:00,ChEMBL_37
diazepam,Diazepam,CHEMBL12,DIAZEPAM,CN1C(=O)CN=C(c2ccccc2)c2cc(Cl)ccc21,AAOVKJBEBIDNHE-UHFFFAOYSA-N,CHEMBL1907607,GABA-A receptor; anion channel,PROTEIN COMPLEX GROUP,generic_gabaa_target,,CHEMBL652562,B,Ki,=,5.0,nM,8.3,Rattus norvegicus,CHEMBL1122149,CHEMBL1122149 J Med Chem 1982,LITERATURE,1,457807,10127,2026-09-17T02:17:48.329450+00:00,ChEMBL_37
diazepam,Diazepam,CHEMBL12,DIAZEPAM,CN1C(=O)CN=C(c2ccccc2)c2cc(Cl)ccc21,AAOVKJBEBIDNHE-UHFFFAOYSA-N,CHEMBL1907607,GABA-A receptor; anion channel,PROTEIN COMPLEX GROUP,generic_gabaa_target,,CHEMBL653129,B,Ki,=,2.9,nM,8.54,Rattus norvegicus,CHEMBL1123044,CHEMBL1123044 J Med Chem 1985,LITERATURE,1,466921,36433,2026-09-17T02:17:48.329450+00:00,ChEMBL_37
diazepam,Diazepam,CHEMBL12,DIAZEPAM,CN1C(=O)CN=C(c2ccccc2)c2cc(Cl)ccc21,AAOVKJBEBIDNHE-UHFFFAOYSA-N,CHEMBL1907607,GABA-A receptor; anion channel,PROTEIN COMPLEX GROUP,generic_gabaa_target,,CHEMBL842707,B,GABA ratio,=,2.3,,,Rattus norvegicus,CHEMBL1123044,CHEMBL1123044 J Med Chem 1985,LITERATURE,1,466922,36433,2026-09-17T02:17:48.329450+00:00,ChEMBL_37
diazepam,Diazepam,CHEMBL12,DIAZEPAM,CN1C(=O)CN=C(c2ccccc2)c2cc(Cl)ccc21,AAOVKJBEBIDNHE-UHFFFAOYSA-N,CHEMBL1907607,GABA-A receptor; anion channel,PROTEIN COMPLEX GROUP,generic_gabaa_target,,CHEMBL651408,B,Ki,~,7.0,nM,,Rattus norvegicus,CHEMBL1151600,CHEMBL1151600 Bioorg Med Chem Lett 1997,LITERATURE,1,485896,236425,2026-09-17T02:17:48.329450+00:00,ChEMBL_37
diazepam,Diazepam,CHEMBL12,DIAZEPAM,CN1C(=O)CN=C(c2ccccc2)c2cc(Cl)ccc21,AAOVKJBEBIDNHE-UHFFFAOYSA-N,CHEMBL1907607,GABA-A receptor; anion channel,PROTEIN COMPLEX GROUP,generic_gabaa_target,,CHEMBL656131,B,GABA shift,=,2.0,,,Rattus norvegicus,CHEMBL1151600,CHEMBL1151600 Bioorg Med Chem Lett 1997,LITERATURE,1,485897,236425,2026-09-17T02:17:48.329450+00:00,ChEMBL_37
diazepam,Diazepam,CHEMBL12,DIAZEPAM,CN1C(=O)CN=C(c2ccccc2)c2cc(Cl)ccc21,AAOVKJBEBIDNHE-UHFFFAOYSA-N,CHEMBL1907607,GABA-A receptor; anion channel,PROTEIN COMPLEX GROUP,generic_gabaa_target,,CHEMBL650464,B,Ki,=,5.02,nM,8.3,Rattus norvegicus,CHEMBL1123687,CHEMBL1123687 J Med Chem 1987,LITERATURE,1,501148,271344,2026-09-17T02:17:48.329450+00:00,ChEMBL_37
diazepam,Diazepam,CHEMBL12,DIAZEPAM,CN1C(=O)CN=C(c2ccccc2)c2cc(Cl)ccc21,AAOVKJBEBIDNHE-UHFFFAOYSA-N,CHEMBL1907607,GABA-A receptor; anion channel,PROTEIN COMPLEX GROUP,generic_gabaa_target,,CHEMBL652372,B,IC50,=,77.0,nM,7.11,Rattus norvegicus,CHEMBL1124349,CHEMBL1124349 J Med Chem 1989,LITERATURE,1,505655,132212,2026-09-17T02:17:48.329450+00:00,ChEMBL_37
diazepam,Diazepam,CHEMBL12,DIAZEPAM,CN1C(=O)CN=C(c2ccccc2)c2cc(Cl)ccc21,AAOVKJBEBIDNHE-UHFFFAOYSA-N,CHEMBL1907607,GABA-A receptor; anion channel,PROTEIN COMPLEX GROUP,generic_gabaa_target,,CHEMBL841641,B,GABA shift,=,3.07,,,Rattus norvegicus,CHEMBL1124349,CHEMBL1124349 J Med Chem 1989,LITERATURE,1,505656,132212,2026-09-17T02:17:48.329450+00:00,ChEMBL_37
diazepam,Diazepam,CHEMBL12,DIAZEPAM,CN1C(=O)CN=C(c2ccccc2)c2cc(Cl)ccc21,AAOVKJBEBIDNHE-UHFFFAOYSA-N,CHEMBL1907607,GABA-A receptor; anion channel,PROTEIN COMPLEX GROUP,generic_gabaa_target,,CHEMBL650084,B,IC50,=,5.0,nM,8.3,Rattus norvegicus,CHEMBL1122030,CHEMBL1122030 J Med Chem 1982,LITERATURE,1,507139,215735,2026-09-17T02:17:48.329450+00:00,ChEMBL_37
diazepam,Diazepam,CHEMBL12,DIAZEPAM,CN1C(=O)CN=C(c2ccccc2)c2cc(Cl)ccc21,AAOVKJBEBIDNHE-UHFFFAOYSA-N,CHEMBL1907607,GABA-A receptor; anion channel,PROTEIN COMPLEX GROUP,generic_gabaa_target,,CHEMBL650085,B,ID50,=,0.91,mg.kg-1,,Rattus norvegicus,CHEMBL1122030,CHEMBL1122030 J Med Chem 1982,LITERATURE,1,507140,215735,2026-09-17T02:17:48.329450+00:00,ChEMBL_37
diazepam,Diazepam,CHEMBL12,DIAZEPAM,CN1C(=O)CN=C(c2ccccc2)c2cc(Cl)ccc21,AAOVKJBEBIDNHE-UHFFFAOYSA-N,CHEMBL1907607,GABA-A receptor; anion channel,PROTEIN COMPLEX GROUP,generic_gabaa_target,,CHEMBL650087,B,ID50,=,5.0,mg.kg-1,,Rattus norvegicus,CHEMBL1122030,CHEMBL1122030 J Med Chem 1982,LITERATURE,1,507141,215735,2026-09-17T02:17:48.329450+00:00,ChEMBL_37
diazepam,Diazepam,CHEMBL12,DIAZEPAM,CN1C(=O)CN=C(c2ccccc2)c2cc(Cl)ccc21,AAOVKJBEBIDNHE-UHFFFAOYSA-N,CHEMBL1907607,GABA-A receptor; anion channel,PROTEIN COMPLEX GROUP,generic_gabaa_target,,CHEMBL653110,B,Ki,=,5.0,nM,8.3,Rattus norvegicus,CHEMBL1129239,CHEMBL1129239 J Med Chem 1996,LITERATURE,1,534900,179010,2026-09-17T02:17:48.329450+00:00,ChEMBL_37
diazepam,Diazepam,CHEMBL12,DIAZEPAM,CN1C(=O)CN=C(c2ccccc2)c2cc(Cl)ccc21,AAOVKJBEBIDNHE-UHFFFAOYSA-N,CHEMBL1907607,GABA-A receptor; anion channel,PROTEIN COMPLEX GROUP,generic_gabaa_target,,CHEMBL681237,B,IC50,=,28.0,nM,7.55,Rattus norvegicus,CHEMBL1149939,CHEMBL1149939 Bioorg Med Chem Lett 1996,LITERATURE,1,548914,215102,2026-09-17T02:17:48.329450+00:00,ChEMBL_37
diazepam,Diazepam,CHEMBL12,DIAZEPAM,CN1C(=O)CN=C(c2ccccc2)c2cc(Cl)ccc21,AAOVKJBEBIDNHE-UHFFFAOYSA-N,CHEMBL1907607,GABA-A receptor; anion channel,PROTEIN COMPLEX GROUP,generic_gabaa_target,,CHEMBL681238,B,IC50,=,13.0,nM,7.89,Rattus norvegicus,CHEMBL1149939,CHEMBL1149939 Bioorg Med Chem Lett 1996,LITERATURE,1,548915,215102,2026-09-17T02:17:48.329450+00:00,ChEMBL_37
diazepam,Diazepam,CHEMBL12,DIAZEPAM,CN1C(=O)CN=C(c2ccccc2)c2cc(Cl)ccc21,AAOVKJBEBIDNHE-UHFFFAOYSA-N,CHEMBL1907607,GABA-A receptor; anion channel,PROTEIN COMPLEX GROUP,generic_gabaa_target,,CHEMBL845316,B,GABA shift,=,2.2,,,Rattus norvegicus,CHEMBL1149939,CHEMBL1149939 Bioorg Med Chem Lett 1996,LITERATURE,1,548924,215102,2026-09-17T02:17:48.329450+00:00,ChEMBL_37
diazepam,Diazepam,CHEMBL12,DIAZEPAM,CN1C(=O)CN=C(c2ccccc2)c2cc(Cl)ccc21,AAOVKJBEBIDNHE-UHFFFAOYSA-N,CHEMBL1907607,GABA-A receptor; anion channel,PROTEIN COMPLEX GROUP,generic_gabaa_target,,CHEMBL648647,B,Ki,=,14.0,nM,7.85,Rattus norvegicus,CHEMBL1134955,CHEMBL1134955 Bioorg Med Chem Lett 2002,LITERATURE,1,551295,205593,2026-09-17T02:17:48.329450+00:00,ChEMBL_37
diazepam,Diazepam,CHEMBL12,DIAZEPAM,CN1C(=O)CN=C(c2ccccc2)c2cc(Cl)ccc21,AAOVKJBEBIDNHE-UHFFFAOYSA-N,CHEMBL1907607,GABA-A receptor; anion channel,PROTEIN COMPLEX GROUP,generic_gabaa_target,,CHEMBL652736,B,IC50,=,20.6,nM,7.69,Rattus norvegicus,CHEMBL1126709,CHEMBL1126709 J Med Chem 1993,LITERATURE,1,582658,74245,2026-09-17T02:17:48.329450+00:00,ChEMBL_37
diazepam,Diazepam,CHEMBL12,DIAZEPAM,CN1C(=O)CN=C(c2ccccc2)c2cc(Cl)ccc21,AAOVKJBEBIDNHE-UHFFFAOYSA-N,CHEMBL1907607,GABA-A receptor; anion channel,PROTEIN COMPLEX GROUP,generic_gabaa_target,,CHEMBL848812,B,Ratio,=,1.78,,,Rattus norvegicus,CHEMBL1126709,CHEMBL1126709 J Med Chem 1993,LITERATURE,1,582659,74245,2026-09-17T02:17:48.329450+00:00,ChEMBL_37
diazepam,Diazepam,CHEMBL12,DIAZEPAM,CN1C(=O)CN=C(c2ccccc2)c2cc(Cl)ccc21,AAOVKJBEBIDNHE-UHFFFAOYSA-N,CHEMBL2094121,GABA-A receptor; alpha-1/beta-3/gamma-2,PROTEIN COMPLEX,composite_target,alpha1/beta3/gamma2,CHEMBL678329,B,Ki,=,14.0,nM,7.85,Homo sapiens,CHEMBL1132940,CHEMBL1132940 J Med Chem 2000,LITERATURE,1,599580,343985,2026-09-17T02:17:48.329450+00:00,ChEMBL_37
diazepam,Diazepam,CHEMBL12,DIAZEPAM,CN1C(=O)CN=C(c2ccccc2)c2cc(Cl)ccc21,AAOVKJBEBIDNHE-UHFFFAOYSA-N,CHEMBL2094130,GABA-A receptor; alpha-2/beta-3/gamma-2,PROTEIN COMPLEX,composite_target,alpha2/beta3/gamma2,CHEMBL681248,B,Ki,=,20.0,nM,7.7,Homo sapiens,CHEMBL1132940,CHEMBL1132940 J Med Chem 2000,LITERATURE,1,599581,343985,2026-09-17T02:17:48.329450+00:00,ChEMBL_37
diazepam,Diazepam,CHEMBL12,DIAZEPAM,CN1C(=O)CN=C(c2ccccc2)c2cc(Cl)ccc21,AAOVKJBEBIDNHE-UHFFFAOYSA-N,CHEMBL2094120,GABA-A receptor; alpha-3/beta-3/gamma-2,PROTEIN COMPLEX,composite_target,alpha3/beta3/gamma2,CHEMBL682251,B,Ki,=,15.0,nM,7.82,Homo sapiens,CHEMBL1132940,CHEMBL1132940 J Med Chem 2000,LITERATURE,1,599582,343985,2026-09-17T02:17:48.329450+00:00,ChEMBL_37
diazepam,Diazepam,CHEMBL12,DIAZEPAM,CN1C(=O)CN=C(c2ccccc2)c2cc(Cl)ccc21,AAOVKJBEBIDNHE-UHFFFAOYSA-N,CHEMBL2094122,GABA-A receptor; alpha-5/beta-3/gamma-2,PROTEIN COMPLEX,composite_target,alpha5/beta3/gamma2,CHEMBL681480,B,Ki,=,11.0,nM,7.96,Homo sapiens,CHEMBL1132940,CHEMBL1132940 J Med Chem 2000,LITERATURE,1,599583,343985,2026-09-17T02:17:48.329450+00:00,ChEMBL_37
diazepam,Diazepam,CHEMBL12,DIAZEPAM,CN1C(=O)CN=C(c2ccccc2)c2cc(Cl)ccc21,AAOVKJBEBIDNHE-UHFFFAOYSA-N,CHEMBL2095190,GABA-A receptor; alpha-6/beta-3/gamma-2,PROTEIN COMPLEX,composite_target,alpha6/beta3/gamma2,CHEMBL683045,B,Ki,>,3000.0,nM,,Homo sapiens,CHEMBL1132940,CHEMBL1132940 J Med Chem 2000,LITERATURE,1,599584,343985,2026-09-17T02:17:48.329450+00:00,ChEMBL_37
diazepam,Diazepam,CHEMBL12,DIAZEPAM,CN1C(=O)CN=C(c2ccccc2)c2cc(Cl)ccc21,AAOVKJBEBIDNHE-UHFFFAOYSA-N,CHEMBL2094121,GABA-A receptor; alpha-1/beta-3/gamma-2,PROTEIN COMPLEX,composite_target,alpha1/beta3/gamma2,CHEMBL676826,B,Ki,=,14.0,nM,7.85,Homo sapiens,CHEMBL1149126,CHEMBL1149126 J Med Chem 2004,LITERATURE,1,604850,88525,2026-09-17T02:17:48.329450+00:00,ChEMBL_37
diazepam,Diazepam,CHEMBL12,DIAZEPAM,CN1C(=O)CN=C(c2ccccc2)c2cc(Cl)ccc21,AAOVKJBEBIDNHE-UHFFFAOYSA-N,CHEMBL2094130,GABA-A receptor; alpha-2/beta-3/gamma-2,PROTEIN COMPLEX,composite_target,alpha2/beta3/gamma2,CHEMBL681841,B,Ki,=,20.0,nM,7.7,Homo sapiens,CHEMBL1149126,CHEMBL1149126 J Med Chem 2004,LITERATURE,1,604851,88525,2026-09-17T02:17:48.329450+00:00,ChEMBL_37
diazepam,Diazepam,CHEMBL12,DIAZEPAM,CN1C(=O)CN=C(c2ccccc2)c2cc(Cl)ccc21,AAOVKJBEBIDNHE-UHFFFAOYSA-N,CHEMBL2094120,GABA-A receptor; alpha-3/beta-3/gamma-2,PROTEIN COMPLEX,composite_target,alpha3/beta3/gamma2,CHEMBL678741,B,Ki,=,15.0,nM,7.82,Homo sapiens,CHEMBL1149126,CHEMBL1149126 J Med Chem 2004,LITERATURE,1,604852,88525,2026-09-17T02:17:48.329450+00:00,ChEMBL_37
diazepam,Diazepam,CHEMBL12,DIAZEPAM,CN1C(=O)CN=C(c2ccccc2)c2cc(Cl)ccc21,AAOVKJBEBIDNHE-UHFFFAOYSA-N,CHEMBL2094122,GABA-A receptor; alpha-5/beta-3/gamma-2,PROTEIN COMPLEX,composite_target,alpha5/beta3/gamma2,CHEMBL678745,B,Ki,=,11.0,nM,7.96,Homo sapiens,CHEMBL1149126,CHEMBL1149126 J Med Chem 2004,LITERATURE,1,604853,88525,2026-09-17T02:17:48.329450+00:00,ChEMBL_37
diazepam,Diazepam,CHEMBL12,DIAZEPAM,CN1C(=O)CN=C(c2ccccc2)c2cc(Cl)ccc21,AAOVKJBEBIDNHE-UHFFFAOYSA-N,CHEMBL2094122,GABA-A receptor; alpha-5/beta-3/gamma-2,PROTEIN COMPLEX,composite_target,alpha5/beta3/gamma2,CHEMBL680669,B,Ki,=,11.2,nM,7.95,Homo sapiens,CHEMBL1148356,CHEMBL1148356 J Med Chem 2004,LITERATURE,1,667542,230415,2026-09-17T02:17:48.329450+00:00,ChEMBL_37
diazepam,Diazepam,CHEMBL12,DIAZEPAM,CN1C(=O)CN=C(c2ccccc2)c2cc(Cl)ccc21,AAOVKJBEBIDNHE-UHFFFAOYSA-N,CHEMBL2094122,GABA-A receptor; alpha-5/beta-3/gamma-2,PROTEIN COMPLEX,composite_target,alpha5/beta3/gamma2,CHEMBL680667,F,Efficacy,=,73.0,%,,Homo sapiens,CHEMBL1148356,CHEMBL1148356 J Med Chem 2004,LITERATURE,1,667543,230415,2026-09-17T02:17:48.329450+00:00,ChEMBL_37
diazepam,Diazepam,CHEMBL12,DIAZEPAM,CN1C(=O)CN=C(c2ccccc2)c2cc(Cl)ccc21,AAOVKJBEBIDNHE-UHFFFAOYSA-N,CHEMBL2094121,GABA-A receptor; alpha-1/beta-3/gamma-2,PROTEIN COMPLEX,composite_target,alpha1/beta3/gamma2,CHEMBL677034,B,Ki,=,14.3,nM,7.84,Homo sapiens,CHEMBL1148356,CHEMBL1148356 J Med Chem 2004,LITERATURE,1,667544,230415,2026-09-17T02:17:48.329450+00:00,ChEMBL_37
diazepam,Diazepam,CHEMBL12,DIAZEPAM,CN1C(=O)CN=C(c2ccccc2)c2cc(Cl)ccc21,AAOVKJBEBIDNHE-UHFFFAOYSA-N,CHEMBL2094121,GABA-A receptor; alpha-1/beta-3/gamma-2,PROTEIN COMPLEX,composite_target,alpha1/beta3/gamma2,CHEMBL677030,F,Efficacy,=,156.0,%,,Homo sapiens,CHEMBL1148356,CHEMBL1148356 J Med Chem 2004,LITERATURE,1,667545,230415,2026-09-17T02:17:48.329450+00:00,ChEMBL_37
diazepam,Diazepam,CHEMBL12,DIAZEPAM,CN1C(=O)CN=C(c2ccccc2)c2cc(Cl)ccc21,AAOVKJBEBIDNHE-UHFFFAOYSA-N,CHEMBL2094130,GABA-A receptor; alpha-2/beta-3/gamma-2,PROTEIN COMPLEX,composite_target,alpha2/beta3/gamma2,CHEMBL682709,B,Ki,=,26.2,nM,7.58,Homo sapiens,CHEMBL1148356,CHEMBL1148356 J Med Chem 2004,LITERATURE,1,667546,230415,2026-09-17T02:17:48.329450+00:00,ChEMBL_37
diazepam,Diazepam,CHEMBL12,DIAZEPAM,CN1C(=O)CN=C(c2ccccc2)c2cc(Cl)ccc21,AAOVKJBEBIDNHE-UHFFFAOYSA-N,CHEMBL2094130,GABA-A receptor; alpha-2/beta-3/gamma-2,PROTEIN COMPLEX,composite_target,alpha2/beta3/gamma2,CHEMBL680445,F,Efficacy,=,89.0,%,,Homo sapiens,CHEMBL1148356,CHEMBL1148356 J Med Chem 2004,LITERATURE,1,667547,230415,2026-09-17T02:17:48.329450+00:00,ChEMBL_37
diazepam,Diazepam,CHEMBL12,DIAZEPAM,CN1C(=O)CN=C(c2ccccc2)c2cc(Cl)ccc21,AAOVKJBEBIDNHE-UHFFFAOYSA-N,CHEMBL2094120,GABA-A receptor; alpha-3/beta-3/gamma-2,PROTEIN COMPLEX,composite_target,alpha3/beta3/gamma2,CHEMBL680432,B,Ki,=,23.7,nM,7.62,Homo sapiens,CHEMBL1148356,CHEMBL1148356 J Med Chem 2004,LITERATURE,1,667548,230415,2026-09-17T02:17:48.329450+00:00,ChEMBL_37
diazepam,Diazepam,CHEMBL12,DIAZEPAM,CN1C(=O)CN=C(c2ccccc2)c2cc(Cl)ccc21,AAOVKJBEBIDNHE-UHFFFAOYSA-N,CHEMBL2094120,GABA-A receptor; alpha-3/beta-3/gamma-2,PROTEIN COMPLEX,composite_target,alpha3/beta3/gamma2,CHEMBL680428,F,Efficacy,=,211.0,%,,Homo sapiens,CHEMBL1148356,CHEMBL1148356 J Med Chem 2004,LITERATURE,1,667549,230415,2026-09-17T02:17:48.329450+00:00,ChEMBL_37
diazepam,Diazepam,CHEMBL12,DIAZEPAM,CN1C(=O)CN=C(c2ccccc2)c2cc(Cl)ccc21,AAOVKJBEBIDNHE-UHFFFAOYSA-N,CHEMBL1907607,GABA-A receptor; anion channel,PROTEIN COMPLEX GROUP,generic_gabaa_target,,CHEMBL652451,B,Ki,=,4.9,nM,8.31,Rattus norvegicus,CHEMBL1129735,CHEMBL1129735 J Med Chem 1996,LITERATURE,1,701710,275620,2026-09-17T02:17:48.329450+00:00,ChEMBL_37
diazepam,Diazepam,CHEMBL12,DIAZEPAM,CN1C(=O)CN=C(c2ccccc2)c2cc(Cl)ccc21,AAOVKJBEBIDNHE-UHFFFAOYSA-N,CHEMBL1907607,GABA-A receptor; anion channel,PROTEIN COMPLEX GROUP,generic_gabaa_target,,CHEMBL678604,F,Ratio,=,1.0,,,Rattus norvegicus,CHEMBL1129735,CHEMBL1129735 J Med Chem 1996,LITERATURE,1,701711,275620,2026-09-17T02:17:48.329450+00:00,ChEMBL_37
diazepam,Diazepam,CHEMBL12,DIAZEPAM,CN1C(=O)CN=C(c2ccccc2)c2cc(Cl)ccc21,AAOVKJBEBIDNHE-UHFFFAOYSA-N,CHEMBL2095172,GABA-A receptor; alpha-1/beta-2/gamma-2,PROTEIN COMPLEX,composite_target,alpha1/beta2/gamma2,CHEMBL677789,F,Activity,=,1.0,,,Homo sapiens,CHEMBL1129735,CHEMBL1129735 J Med Chem 1996,LITERATURE,1,701712,275620,2026-09-17T02:17:48.329450+00:00,ChEMBL_37
diazepam,Diazepam,CHEMBL12,DIAZEPAM,CN1C(=O)CN=C(c2ccccc2)c2cc(Cl)ccc21,AAOVKJBEBIDNHE-UHFFFAOYSA-N,CHEMBL2111365,GABA A receptor alpha-6/beta-2/gamma-2,PROTEIN COMPLEX,composite_target,alpha6/beta2/gamma2,CHEMBL680443,B,Ki,>,7000.0,nM,,Rattus norvegicus,CHEMBL1129735,CHEMBL1129735 J Med Chem 1996,LITERATURE,1,701714,275620,2026-09-17T02:17:48.329450+00:00,ChEMBL_37
diazepam,Diazepam,CHEMBL12,DIAZEPAM,CN1C(=O)CN=C(c2ccccc2)c2cc(Cl)ccc21,AAOVKJBEBIDNHE-UHFFFAOYSA-N,CHEMBL2093872,GABA-A receptor; anion channel,PROTEIN COMPLEX GROUP,generic_gabaa_target,,CHEMBL883287,B,IC50,=,8.1,nM,8.09,Homo sapiens,CHEMBL1122128,CHEMBL1122128 J Med Chem 1982,LITERATURE,1,706337,6079,2026-09-17T02:17:48.329450+00:00,ChEMBL_37
diazepam,Diazepam,CHEMBL12,DIAZEPAM,CN1C(=O)CN=C(c2ccccc2)c2cc(Cl)ccc21,AAOVKJBEBIDNHE-UHFFFAOYSA-N,CHEMBL1907607,GABA-A receptor; anion channel,PROTEIN COMPLEX GROUP,generic_gabaa_target,,CHEMBL883336,B,IC50,=,30.0,nM,7.52,Rattus norvegicus,CHEMBL1123003,CHEMBL1123003 J Med Chem 1985,LITERATURE,1,706569,314393,2026-09-17T02:17:48.329450+00:00,ChEMBL_37
diazepam,Diazepam,CHEMBL12,DIAZEPAM,CN1C(=O)CN=C(c2ccccc2)c2cc(Cl)ccc21,AAOVKJBEBIDNHE-UHFFFAOYSA-N,CHEMBL1907607,GABA-A receptor; anion channel,PROTEIN COMPLEX GROUP,generic_gabaa_target,,CHEMBL652361,B,IC50,=,7.0,nM,8.15,Rattus norvegicus,CHEMBL1125815,CHEMBL1125815 J Med Chem 1991,LITERATURE,1,708685,190221,2026-09-17T02:17:48.329450+00:00,ChEMBL_37
diazepam,Diazepam,CHEMBL12,DIAZEPAM,CN1C(=O)CN=C(c2ccccc2)c2cc(Cl)ccc21,AAOVKJBEBIDNHE-UHFFFAOYSA-N,CHEMBL1907607,GABA-A receptor; anion channel,PROTEIN COMPLEX GROUP,generic_gabaa_target,,CHEMBL651177,B,Ki,=,8.5,nM,8.07,Rattus norvegicus,CHEMBL1132447,CHEMBL1132447 J Med Chem 1999,LITERATURE,1,709826,263088,2026-09-17T02:17:48.329450+00:00,ChEMBL_37
diazepam,Diazepam,CHEMBL12,DIAZEPAM,CN1C(=O)CN=C(c2ccccc2)c2cc(Cl)ccc21,AAOVKJBEBIDNHE-UHFFFAOYSA-N,CHEMBL1907607,GABA-A receptor; anion channel,PROTEIN COMPLEX GROUP,generic_gabaa_target,,CHEMBL841633,B,GABA ratio,=,2.13,,,Rattus norvegicus,CHEMBL1132447,CHEMBL1132447 J Med Chem 1999,LITERATURE,1,709827,263088,2026-09-17T02:17:48.329450+00:00,ChEMBL_37
diazepam,Diazepam,CHEMBL12,DIAZEPAM,CN1C(=O)CN=C(c2ccccc2)c2cc(Cl)ccc21,AAOVKJBEBIDNHE-UHFFFAOYSA-N,CHEMBL1907607,GABA-A receptor; anion channel,PROTEIN COMPLEX GROUP,generic_gabaa_target,,CHEMBL652731,B,IC50,=,15.4,nM,7.81,Rattus norvegicus,CHEMBL1125017,CHEMBL1125017 J Med Chem 1990,LITERATURE,1,718805,197762,2026-09-17T02:17:48.329450+00:00,ChEMBL_37
diazepam,Diazepam,CHEMBL12,DIAZEPAM,CN1C(=O)CN=C(c2ccccc2)c2cc(Cl)ccc21,AAOVKJBEBIDNHE-UHFFFAOYSA-N,CHEMBL2094133,GABA-A receptor; anion channel,PROTEIN COMPLEX GROUP,generic_gabaa_target,,CHEMBL652190,B,IC50,=,,nM,,Mus musculus,CHEMBL1122670,CHEMBL1122670 J Med Chem 1984,LITERATURE,1,755415,324814,2026-09-17T02:17:48.329450+00:00,ChEMBL_37
diazepam,Diazepam,CHEMBL12,DIAZEPAM,CN1C(=O)CN=C(c2ccccc2)c2cc(Cl)ccc21,AAOVKJBEBIDNHE-UHFFFAOYSA-N,CHEMBL2094133,GABA-A receptor; anion channel,PROTEIN COMPLEX GROUP,generic_gabaa_target,,CHEMBL652196,B,Ki,=,85000.0,nM,4.07,Mus musculus,CHEMBL1122670,CHEMBL1122670 J Med Chem 1984,LITERATURE,1,755416,324814,2026-09-17T02:17:48.329450+00:00,ChEMBL_37
diazepam,Diazepam,CHEMBL12,DIAZEPAM,CN1C(=O)CN=C(c2ccccc2)c2cc(Cl)ccc21,AAOVKJBEBIDNHE-UHFFFAOYSA-N,CHEMBL1907607,GABA-A receptor; anion channel,PROTEIN COMPLEX GROUP,generic_gabaa_target,,CHEMBL650178,B,IC50,=,6.0,nM,8.22,Rattus norvegicus,CHEMBL1124212,CHEMBL1124212 J Med Chem 1988,LITERATURE,1,759911,92016,2026-09-17T02:17:48.329450+00:00,ChEMBL_37
diazepam,Diazepam,CHEMBL12,DIAZEPAM,CN1C(=O)CN=C(c2ccccc2)c2cc(Cl)ccc21,AAOVKJBEBIDNHE-UHFFFAOYSA-N,CHEMBL2094107,GABA-A receptor; anion channel,PROTEIN COMPLEX GROUP,generic_gabaa_target,,CHEMBL654240,B,IC50,=,41.0,nM,7.39,Bos taurus,CHEMBL1122981,CHEMBL1122981 J Med Chem 1985,LITERATURE,1,761200,288319,2026-09-17T02:17:48.329450+00:00,ChEMBL_37
diazepam,Diazepam,CHEMBL12,DIAZEPAM,CN1C(=O)CN=C(c2ccccc2)c2cc(Cl)ccc21,AAOVKJBEBIDNHE-UHFFFAOYSA-N,CHEMBL2093872,GABA-A receptor; anion channel,PROTEIN COMPLEX GROUP,generic_gabaa_target,,CHEMBL654255,B,IC50,=,14.0,nM,7.85,Homo sapiens,CHEMBL1128049,CHEMBL1128049 Bioorg Med Chem Lett 1995,LITERATURE,1,788043,140814,2026-09-17T02:17:48.329450+00:00,ChEMBL_37
diazepam,Diazepam,CHEMBL12,DIAZEPAM,CN1C(=O)CN=C(c2ccccc2)c2cc(Cl)ccc21,AAOVKJBEBIDNHE-UHFFFAOYSA-N,CHEMBL2094107,GABA-A receptor; anion channel,PROTEIN COMPLEX GROUP,generic_gabaa_target,,CHEMBL650681,B,Ki,=,10.0,nM,8.0,Bos taurus,CHEMBL1145105,CHEMBL1145105 J Med Chem 2003,LITERATURE,1,792162,198723,2026-09-17T02:17:48.329450+00:00,ChEMBL_37
diazepam,Diazepam,CHEMBL12,DIAZEPAM,CN1C(=O)CN=C(c2ccccc2)c2cc(Cl)ccc21,AAOVKJBEBIDNHE-UHFFFAOYSA-N,CHEMBL2094107,GABA-A receptor; anion channel,PROTEIN COMPLEX GROUP,generic_gabaa_target,,CHEMBL838367,B,Ratio,=,1.5,,,Bos taurus,CHEMBL1145105,CHEMBL1145105 J Med Chem 2003,LITERATURE,1,792163,198723,2026-09-17T02:17:48.329450+00:00,ChEMBL_37
diazepam,Diazepam,CHEMBL12,DIAZEPAM,CN1C(=O)CN=C(c2ccccc2)c2cc(Cl)ccc21,AAOVKJBEBIDNHE-UHFFFAOYSA-N,CHEMBL2095167,GABA-A receptor; alpha-1/beta-2/gamma-2,PROTEIN COMPLEX,composite_target,alpha1/beta2/gamma2,CHEMBL679468,B,Ki,=,14.0,nM,7.85,Rattus norvegicus,CHEMBL1145105,CHEMBL1145105 J Med Chem 2003,LITERATURE,1,792164,198723,2026-09-17T02:17:48.329450+00:00,ChEMBL_37
diazepam,Diazepam,CHEMBL12,DIAZEPAM,CN1C(=O)CN=C(c2ccccc2)c2cc(Cl)ccc21,AAOVKJBEBIDNHE-UHFFFAOYSA-N,CHEMBL2111327,GABA A receptor alpha-2/beta-2/gamma-2,PROTEIN COMPLEX,composite_target,alpha2/beta2/gamma2,CHEMBL680297,B,Ki,=,20.0,nM,7.7,Rattus norvegicus,CHEMBL1145105,CHEMBL1145105 J Med Chem 2003,LITERATURE,1,792165,198723,2026-09-17T02:17:48.329450+00:00,ChEMBL_37
diazepam,Diazepam,CHEMBL12,DIAZEPAM,CN1C(=O)CN=C(c2ccccc2)c2cc(Cl)ccc21,AAOVKJBEBIDNHE-UHFFFAOYSA-N,CHEMBL2111343,GABA A receptor alpha-3/beta-2/gamma-2,PROTEIN COMPLEX,composite_target,alpha3/beta2/gamma2,CHEMBL683018,B,Ki,=,15.0,nM,7.82,Rattus norvegicus,CHEMBL1145105,CHEMBL1145105 J Med Chem 2003,LITERATURE,1,792166,198723,2026-09-17T02:17:48.329450+00:00,ChEMBL_37
diazepam,Diazepam,CHEMBL12,DIAZEPAM,CN1C(=O)CN=C(c2ccccc2)c2cc(Cl)ccc21,AAOVKJBEBIDNHE-UHFFFAOYSA-N,CHEMBL2093872,GABA-A receptor; anion channel,PROTEIN COMPLEX GROUP,generic_gabaa_target,,CHEMBL650829,B,Ki,=,10.0,nM,8.0,Homo sapiens,CHEMBL1135690,CHEMBL1135690 J Med Chem 2002,LITERATURE,1,807849,300705,2026-09-17T02:17:48.329450+00:00,ChEMBL_37
diazepam,Diazepam,CHEMBL12,DIAZEPAM,CN1C(=O)CN=C(c2ccccc2)c2cc(Cl)ccc21,AAOVKJBEBIDNHE-UHFFFAOYSA-N,CHEMBL2093872,GABA-A receptor; anion channel,PROTEIN COMPLEX GROUP,generic_gabaa_target,,CHEMBL851285,B,Ratio,=,1.5,,,Homo sapiens,CHEMBL1135690,CHEMBL1135690 J Med Chem 2002,LITERATURE,1,807850,300705,2026-09-17T02:17:48.329450+00:00,ChEMBL_37
diazepam,Diazepam,CHEMBL12,DIAZEPAM,CN1C(=O)CN=C(c2ccccc2)c2cc(Cl)ccc21,AAOVKJBEBIDNHE-UHFFFAOYSA-N,CHEMBL2095167,GABA-A receptor; alpha-1/beta-2/gamma-2,PROTEIN COMPLEX,composite_target,alpha1/beta2/gamma2,CHEMBL679467,B,Ki,=,14.0,nM,7.85,Rattus norvegicus,CHEMBL1135690,CHEMBL1135690 J Med Chem 2002,LITERATURE,1,807851,300705,2026-09-17T02:17:48.329450+00:00,ChEMBL_37
diazepam,Diazepam,CHEMBL12,DIAZEPAM,CN1C(=O)CN=C(c2ccccc2)c2cc(Cl)ccc21,AAOVKJBEBIDNHE-UHFFFAOYSA-N,CHEMBL2111343,GABA A receptor alpha-3/beta-2/gamma-2,PROTEIN COMPLEX,composite_target,alpha3/beta2/gamma2,CHEMBL680328,B,Ki,=,13.9,nM,7.86,Rattus norvegicus,CHEMBL1135690,CHEMBL1135690 J Med Chem 2002,LITERATURE,1,807853,300705,2026-09-17T02:17:48.329450+00:00,ChEMBL_37
diazepam,Diazepam,CHEMBL12,DIAZEPAM,CN1C(=O)CN=C(c2ccccc2)c2cc(Cl)ccc21,AAOVKJBEBIDNHE-UHFFFAOYSA-N,CHEMBL1907607,GABA-A receptor; anion channel,PROTEIN COMPLEX GROUP,generic_gabaa_target,,CHEMBL652364,B,IC50,=,6.0,nM,8.22,Rattus norvegicus,CHEMBL1124612,CHEMBL1124612 J Med Chem 1989,LITERATURE,1,863588,155979,2026-09-17T02:17:48.329450+00:00,ChEMBL_37
diazepam,Diazepam,CHEMBL12,DIAZEPAM,CN1C(=O)CN=C(c2ccccc2)c2cc(Cl)ccc21,AAOVKJBEBIDNHE-UHFFFAOYSA-N,CHEMBL1907607,GABA-A receptor; anion channel,PROTEIN COMPLEX GROUP,generic_gabaa_target,,CHEMBL653047,B,IC50,=,7.3,nM,8.14,Rattus norvegicus,CHEMBL1124612,CHEMBL1124612 J Med Chem 1989,LITERATURE,1,863591,155979,2026-09-17T02:17:48.329450+00:00,ChEMBL_37
diazepam,Diazepam,CHEMBL12,DIAZEPAM,CN1C(=O)CN=C(c2ccccc2)c2cc(Cl)ccc21,AAOVKJBEBIDNHE-UHFFFAOYSA-N,CHEMBL1907607,GABA-A receptor; anion channel,PROTEIN COMPLEX GROUP,generic_gabaa_target,,CHEMBL653045,B,IC50,=,9.3,nM,8.03,Rattus norvegicus,CHEMBL1124612,CHEMBL1124612 J Med Chem 1989,LITERATURE,1,863592,155979,2026-09-17T02:17:48.329450+00:00,ChEMBL_37
diazepam,Diazepam,CHEMBL12,DIAZEPAM,CN1C(=O)CN=C(c2ccccc2)c2cc(Cl)ccc21,AAOVKJBEBIDNHE-UHFFFAOYSA-N,CHEMBL1907607,GABA-A receptor; anion channel,PROTEIN COMPLEX GROUP,generic_gabaa_target,,CHEMBL652363,B,IC50,=,6.0,nM,8.22,Rattus norvegicus,CHEMBL1124455,CHEMBL1124455 J Med Chem 1989,LITERATURE,1,866191,2636,2026-09-17T02:17:48.329450+00:00,ChEMBL_37
diazepam,Diazepam,CHEMBL12,DIAZEPAM,CN1C(=O)CN=C(c2ccccc2)c2cc(Cl)ccc21,AAOVKJBEBIDNHE-UHFFFAOYSA-N,CHEMBL1907607,GABA-A receptor; anion channel,PROTEIN COMPLEX GROUP,generic_gabaa_target,,CHEMBL682140,B,Inhibition,<,50.0,%,,Rattus norvegicus,CHEMBL1127987,CHEMBL1127987 Bioorg Med Chem Lett 1994,LITERATURE,1,870546,178069,2026-09-17T02:17:48.329450+00:00,ChEMBL_37
diazepam,Diazepam,CHEMBL12,DIAZEPAM,CN1C(=O)CN=C(c2ccccc2)c2cc(Cl)ccc21,AAOVKJBEBIDNHE-UHFFFAOYSA-N,CHEMBL1907607,GABA-A receptor; anion channel,PROTEIN COMPLEX GROUP,generic_gabaa_target,,CHEMBL652437,B,Inhibition,=,100.0,%,,Rattus norvegicus,CHEMBL1127987,CHEMBL1127987 Bioorg Med Chem Lett 1994,LITERATURE,1,870547,178069,2026-09-17T02:17:48.329450+00:00,ChEMBL_37
diazepam,Diazepam,CHEMBL12,DIAZEPAM,CN1C(=O)CN=C(c2ccccc2)c2cc(Cl)ccc21,AAOVKJBEBIDNHE-UHFFFAOYSA-N,CHEMBL1907607,GABA-A receptor; anion channel,PROTEIN COMPLEX GROUP,generic_gabaa_target,,CHEMBL650466,B,Ki,=,2.9,nM,8.54,Rattus norvegicus,CHEMBL1124125,CHEMBL1124125 J Med Chem 1988,LITERATURE,1,874022,13876,2026-09-17T02:17:48.329450+00:00,ChEMBL_37
diazepam,Diazepam,CHEMBL12,DIAZEPAM,CN1C(=O)CN=C(c2ccccc2)c2cc(Cl)ccc21,AAOVKJBEBIDNHE-UHFFFAOYSA-N,CHEMBL1907607,GABA-A receptor; anion channel,PROTEIN COMPLEX GROUP,generic_gabaa_target,,CHEMBL847310,B,Ratio,=,1.98,,,Rattus norvegicus,CHEMBL1124125,CHEMBL1124125 J Med Chem 1988,LITERATURE,1,874023,13876,2026-09-17T02:17:48.329450+00:00,ChEMBL_37
diazepam,Diazepam,CHEMBL12,DIAZEPAM,CN1C(=O)CN=C(c2ccccc2)c2cc(Cl)ccc21,AAOVKJBEBIDNHE-UHFFFAOYSA-N,CHEMBL1907607,GABA-A receptor; anion channel,PROTEIN COMPLEX GROUP,generic_gabaa_target,,CHEMBL847310,B,Ratio,=,0.9,,,Rattus norvegicus,CHEMBL1124125,CHEMBL1124125 J Med Chem 1988,LITERATURE,1,874027,13876,2026-09-17T02:17:48.329450+00:00,ChEMBL_37
diazepam,Diazepam,CHEMBL12,DIAZEPAM,CN1C(=O)CN=C(c2ccccc2)c2cc(Cl)ccc21,AAOVKJBEBIDNHE-UHFFFAOYSA-N,CHEMBL1907607,GABA-A receptor; anion channel,PROTEIN COMPLEX GROUP,generic_gabaa_target,,CHEMBL650466,B,Ki,=,144.0,nM,6.84,Rattus norvegicus,CHEMBL1124125,CHEMBL1124125 J Med Chem 1988,LITERATURE,1,874030,13876,2026-09-17T02:17:48.329450+00:00,ChEMBL_37
diazepam,Diazepam,CHEMBL12,DIAZEPAM,CN1C(=O)CN=C(c2ccccc2)c2cc(Cl)ccc21,AAOVKJBEBIDNHE-UHFFFAOYSA-N,CHEMBL1907607,GABA-A receptor; anion channel,PROTEIN COMPLEX GROUP,generic_gabaa_target,,CHEMBL847310,B,Ratio,=,1.93,,,Rattus norvegicus,CHEMBL1124125,CHEMBL1124125 J Med Chem 1988,LITERATURE,1,874031,13876,2026-09-17T02:17:48.329450+00:00,ChEMBL_37
diazepam,Diazepam,CHEMBL12,DIAZEPAM,CN1C(=O)CN=C(c2ccccc2)c2cc(Cl)ccc21,AAOVKJBEBIDNHE-UHFFFAOYSA-N,CHEMBL1907607,GABA-A receptor; anion channel,PROTEIN COMPLEX GROUP,generic_gabaa_target,,CHEMBL650466,B,Ki,=,323.0,nM,6.49,Rattus norvegicus,CHEMBL1124125,CHEMBL1124125 J Med Chem 1988,LITERATURE,1,874034,13876,2026-09-17T02:17:48.329450+00:00,ChEMBL_37
diazepam,Diazepam,CHEMBL12,DIAZEPAM,CN1C(=O)CN=C(c2ccccc2)c2cc(Cl)ccc21,AAOVKJBEBIDNHE-UHFFFAOYSA-N,CHEMBL1907607,GABA-A receptor; anion channel,PROTEIN COMPLEX GROUP,generic_gabaa_target,,CHEMBL847311,F,Ratio,=,1.17,,,Rattus norvegicus,CHEMBL1124125,CHEMBL1124125 J Med Chem 1988,LITERATURE,1,874035,13876,2026-09-17T02:17:48.329450+00:00,ChEMBL_37
diazepam,Diazepam,CHEMBL12,DIAZEPAM,CN1C(=O)CN=C(c2ccccc2)c2cc(Cl)ccc21,AAOVKJBEBIDNHE-UHFFFAOYSA-N,CHEMBL2094107,GABA-A receptor; anion channel,PROTEIN COMPLEX GROUP,generic_gabaa_target,,CHEMBL652650,B,IC50,=,13.0,nM,7.89,Bos taurus,CHEMBL1125055,CHEMBL1125055 J Med Chem 1990,LITERATURE,1,904042,162435,2026-09-17T02:17:48.329450+00:00,ChEMBL_37
diazepam,Diazepam,CHEMBL12,DIAZEPAM,CN1C(=O)CN=C(c2ccccc2)c2cc(Cl)ccc21,AAOVKJBEBIDNHE-UHFFFAOYSA-N,CHEMBL2094107,GABA-A receptor; anion channel,PROTEIN COMPLEX GROUP,generic_gabaa_target,,CHEMBL841632,B,GABA ratio,=,1.5,,,Bos taurus,CHEMBL1125055,CHEMBL1125055 J Med Chem 1990,LITERATURE,1,904043,162435,2026-09-17T02:17:48.329450+00:00,ChEMBL_37
diazepam,Diazepam,CHEMBL12,DIAZEPAM,CN1C(=O)CN=C(c2ccccc2)c2cc(Cl)ccc21,AAOVKJBEBIDNHE-UHFFFAOYSA-N,CHEMBL1907607,GABA-A receptor; anion channel,PROTEIN COMPLEX GROUP,generic_gabaa_target,,CHEMBL650177,B,IC50,=,5.4,nM,8.27,Rattus norvegicus,CHEMBL1122343,CHEMBL1122343 J Med Chem 1983,LITERATURE,1,922098,233475,2026-09-17T02:17:48.329450+00:00,ChEMBL_37
diazepam,Diazepam,CHEMBL12,DIAZEPAM,CN1C(=O)CN=C(c2ccccc2)c2cc(Cl)ccc21,AAOVKJBEBIDNHE-UHFFFAOYSA-N,CHEMBL1907607,GABA-A receptor; anion channel,PROTEIN COMPLEX GROUP,generic_gabaa_target,,CHEMBL649963,B,IC50,=,6.0,nM,8.22,Rattus norvegicus,CHEMBL1127667,CHEMBL1127667 J Med Chem 1994,LITERATURE,1,922778,322810,2026-09-17T02:17:48.329450+00:00,ChEMBL_37
diazepam,Diazepam,CHEMBL12,DIAZEPAM,CN1C(=O)CN=C(c2ccccc2)c2cc(Cl)ccc21,AAOVKJBEBIDNHE-UHFFFAOYSA-N,CHEMBL1907607,GABA-A receptor; anion channel,PROTEIN COMPLEX GROUP,generic_gabaa_target,,CHEMBL650465,B,Ki,=,5.02,nM,8.3,Rattus norvegicus,CHEMBL1124199,CHEMBL1124199 J Med Chem 1988,LITERATURE,1,927815,81088,2026-09-17T02:17:48.329450+00:00,ChEMBL_37
diazepam,Diazepam,CHEMBL12,DIAZEPAM,CN1C(=O)CN=C(c2ccccc2)c2cc(Cl)ccc21,AAOVKJBEBIDNHE-UHFFFAOYSA-N,CHEMBL1907607,GABA-A receptor; anion channel,PROTEIN COMPLEX GROUP,generic_gabaa_target,,CHEMBL650176,B,IC50,=,5.0,nM,8.3,Rattus norvegicus,CHEMBL1122302,CHEMBL1122302 J Med Chem 1983,LITERATURE,1,930272,3229,2026-09-17T02:17:48.329450+00:00,ChEMBL_37
diazepam,Diazepam,CHEMBL12,DIAZEPAM,CN1C(=O)CN=C(c2ccccc2)c2cc(Cl)ccc21,AAOVKJBEBIDNHE-UHFFFAOYSA-N,CHEMBL1907607,GABA-A receptor; anion channel,PROTEIN COMPLEX GROUP,generic_gabaa_target,,CHEMBL649963,B,IC50,=,8.1,nM,8.09,Rattus norvegicus,CHEMBL1127667,CHEMBL1127667 J Med Chem 1994,LITERATURE,1,936624,322830,2026-09-17T02:17:48.329450+00:00,ChEMBL_37
diazepam,Diazepam,CHEMBL12,DIAZEPAM,CN1C(=O)CN=C(c2ccccc2)c2cc(Cl)ccc21,AAOVKJBEBIDNHE-UHFFFAOYSA-N,CHEMBL2094133,GABA-A receptor; anion channel,PROTEIN COMPLEX GROUP,generic_gabaa_target,,CHEMBL716147,F,Activity,=,1.39,,,Mus musculus,CHEMBL1127667,CHEMBL1127667 J Med Chem 1994,LITERATURE,1,936625,322830,2026-09-17T02:17:48.329450+00:00,ChEMBL_37
diazepam,Diazepam,CHEMBL12,DIAZEPAM,CN1C(=O)CN=C(c2ccccc2)c2cc(Cl)ccc21,AAOVKJBEBIDNHE-UHFFFAOYSA-N,CHEMBL1907607,GABA-A receptor; anion channel,PROTEIN COMPLEX GROUP,generic_gabaa_target,,CHEMBL682656,B,Binding affinity,=,29.3,spec bound mg-1,,Rattus norvegicus,CHEMBL1123198,CHEMBL1123198 J Med Chem 1986,LITERATURE,1,968598,327394,2026-09-17T02:17:48.329450+00:00,ChEMBL_37
diazepam,Diazepam,CHEMBL12,DIAZEPAM,CN1C(=O)CN=C(c2ccccc2)c2cc(Cl)ccc21,AAOVKJBEBIDNHE-UHFFFAOYSA-N,CHEMBL1907607,GABA-A receptor; anion channel,PROTEIN COMPLEX GROUP,generic_gabaa_target,,CHEMBL677943,B,IC50,=,4.9,nM,8.31,Rattus norvegicus,CHEMBL1135951,CHEMBL1135951 Bioorg Med Chem Lett 2002,LITERATURE,1,988889,139888,2026-09-17T02:17:48.329450+00:00,ChEMBL_37
diazepam,Diazepam,CHEMBL12,DIAZEPAM,CN1C(=O)CN=C(c2ccccc2)c2cc(Cl)ccc21,AAOVKJBEBIDNHE-UHFFFAOYSA-N,CHEMBL1907607,GABA-A receptor; anion channel,PROTEIN COMPLEX GROUP,generic_gabaa_target,,CHEMBL841642,B,GABA shift,=,2.2,,,Rattus norvegicus,CHEMBL1135951,CHEMBL1135951 Bioorg Med Chem Lett 2002,LITERATURE,1,988890,139888,2026-09-17T02:17:48.329450+00:00,ChEMBL_37
diazepam,Diazepam,CHEMBL12,DIAZEPAM,CN1C(=O)CN=C(c2ccccc2)c2cc(Cl)ccc21,AAOVKJBEBIDNHE-UHFFFAOYSA-N,CHEMBL1907607,GABA-A receptor; anion channel,PROTEIN COMPLEX GROUP,generic_gabaa_target,,CHEMBL653040,B,IC50,=,5.6,nM,8.25,Rattus norvegicus,CHEMBL1129025,CHEMBL1129025 J Med Chem 1996,LITERATURE,1,992373,260427,2026-09-17T02:17:48.329450+00:00,ChEMBL_37
diazepam,Diazepam,CHEMBL12,DIAZEPAM,CN1C(=O)CN=C(c2ccccc2)c2cc(Cl)ccc21,AAOVKJBEBIDNHE-UHFFFAOYSA-N,CHEMBL2094107,GABA-A receptor; anion channel,PROTEIN COMPLEX GROUP,generic_gabaa_target,,CHEMBL652657,B,Ki,=,10.0,nM,8.0,Bos taurus,CHEMBL1126078,CHEMBL1126078 J Med Chem 1992,LITERATURE,1,997961,125542,2026-09-17T02:17:48.329450+00:00,ChEMBL_37
diazepam,Diazepam,CHEMBL12,DIAZEPAM,CN1C(=O)CN=C(c2ccccc2)c2cc(Cl)ccc21,AAOVKJBEBIDNHE-UHFFFAOYSA-N,CHEMBL2094107,GABA-A receptor; anion channel,PROTEIN COMPLEX GROUP,generic_gabaa_target,,CHEMBL650678,B,Ratio,=,1.7,,,Bos taurus,CHEMBL1126078,CHEMBL1126078 J Med Chem 1992,LITERATURE,1,997962,125542,2026-09-17T02:17:48.329450+00:00,ChEMBL_37
diazepam,Diazepam,CHEMBL12,DIAZEPAM,CN1C(=O)CN=C(c2ccccc2)c2cc(Cl)ccc21,AAOVKJBEBIDNHE-UHFFFAOYSA-N,CHEMBL1907607,GABA-A receptor; anion channel,PROTEIN COMPLEX GROUP,generic_gabaa_target,,CHEMBL650878,B,IC50,=,7.0,nM,8.15,Rattus norvegicus,CHEMBL1124015,CHEMBL1124015 J Med Chem 1988,LITERATURE,1,998107,128090,2026-09-17T02:17:48.329450+00:00,ChEMBL_37
diazepam,Diazepam,CHEMBL12,DIAZEPAM,CN1C(=O)CN=C(c2ccccc2)c2cc(Cl)ccc21,AAOVKJBEBIDNHE-UHFFFAOYSA-N,CHEMBL1907607,GABA-A receptor; anion channel,PROTEIN COMPLEX GROUP,generic_gabaa_target,,CHEMBL685962,B,IC50,=,4.9,nM,8.31,Rattus norvegicus,CHEMBL1131732,CHEMBL1131732 Bioorg Med Chem Lett 1999,LITERATURE,1,1001855,62223,2026-09-17T02:17:48.329450+00:00,ChEMBL_37
diazepam,Diazepam,CHEMBL12,DIAZEPAM,CN1C(=O)CN=C(c2ccccc2)c2cc(Cl)ccc21,AAOVKJBEBIDNHE-UHFFFAOYSA-N,CHEMBL1907607,GABA-A receptor; anion channel,PROTEIN COMPLEX GROUP,generic_gabaa_target,,CHEMBL842880,B,GS,=,2.2,,,Rattus norvegicus,CHEMBL1131732,CHEMBL1131732 Bioorg Med Chem Lett 1999,LITERATURE,1,1001856,62223,2026-09-17T02:17:48.329450+00:00,ChEMBL_37
diazepam,Diazepam,CHEMBL12,DIAZEPAM,CN1C(=O)CN=C(c2ccccc2)c2cc(Cl)ccc21,AAOVKJBEBIDNHE-UHFFFAOYSA-N,CHEMBL1907607,GABA-A receptor; anion channel,PROTEIN COMPLEX GROUP,generic_gabaa_target,,CHEMBL650869,B,IC50,=,7.0,nM,8.15,Rattus norvegicus,CHEMBL1123786,CHEMBL1123786 J Med Chem 1987,LITERATURE,1,1004279,27714,2026-09-17T02:17:48.329450+00:00,ChEMBL_37
diazepam,Diazepam,CHEMBL12,DIAZEPAM,CN1C(=O)CN=C(c2ccccc2)c2cc(Cl)ccc21,AAOVKJBEBIDNHE-UHFFFAOYSA-N,CHEMBL1907607,GABA-A receptor; anion channel,PROTEIN COMPLEX GROUP,generic_gabaa_target,,CHEMBL650833,B,IC50,=,20.6,nM,7.69,Rattus norvegicus,CHEMBL1128271,CHEMBL1128271 J Med Chem 1995,LITERATURE,1,1020226,345258,2026-09-17T02:17:48.329450+00:00,ChEMBL_37
diazepam,Diazepam,CHEMBL12,DIAZEPAM,CN1C(=O)CN=C(c2ccccc2)c2cc(Cl)ccc21,AAOVKJBEBIDNHE-UHFFFAOYSA-N,CHEMBL1907607,GABA-A receptor; anion channel,PROTEIN COMPLEX GROUP,generic_gabaa_target,,CHEMBL648135,B,Ki,=,6.0,nM,8.22,Rattus norvegicus,CHEMBL1127668,CHEMBL1127668 J Med Chem 1994,LITERATURE,1,1039765,323742,2026-09-17T02:17:48.329450+00:00,ChEMBL_37
diazepam,Diazepam,CHEMBL12,DIAZEPAM,CN1C(=O)CN=C(c2ccccc2)c2cc(Cl)ccc21,AAOVKJBEBIDNHE-UHFFFAOYSA-N,CHEMBL1907607,GABA-A receptor; anion channel,PROTEIN COMPLEX GROUP,generic_gabaa_target,,CHEMBL681940,B,TBPS shift,=,1.0,,,Rattus norvegicus,CHEMBL1127668,CHEMBL1127668 J Med Chem 1994,LITERATURE,1,1039766,323742,2026-09-17T02:17:48.329450+00:00,ChEMBL_37
diazepam,Diazepam,CHEMBL12,DIAZEPAM,CN1C(=O)CN=C(c2ccccc2)c2cc(Cl)ccc21,AAOVKJBEBIDNHE-UHFFFAOYSA-N,CHEMBL2111370,GABA A receptor alpha-6/beta-2/gamma-2,PROTEIN COMPLEX,composite_target,alpha6/beta2/gamma2,CHEMBL642035,B,Ki,>,7000.0,nM,,Homo sapiens,CHEMBL1127668,CHEMBL1127668 J Med Chem 1994,LITERATURE,1,1039770,323742,2026-09-17T02:17:48.329450+00:00,ChEMBL_37
diazepam,Diazepam,CHEMBL12,DIAZEPAM,CN1C(=O)CN=C(c2ccccc2)c2cc(Cl)ccc21,AAOVKJBEBIDNHE-UHFFFAOYSA-N,CHEMBL1907607,GABA-A receptor; anion channel,PROTEIN COMPLEX GROUP,generic_gabaa_target,,CHEMBL650288,B,IC50,=,4.4,nM,8.36,Rattus norvegicus,CHEMBL1125833,CHEMBL1125833 J Med Chem 1991,LITERATURE,1,1106447,183078,2026-09-17T02:17:48.329450+00:00,ChEMBL_37
diazepam,Diazepam,CHEMBL12,DIAZEPAM,CN1C(=O)CN=C(c2ccccc2)c2cc(Cl)ccc21,AAOVKJBEBIDNHE-UHFFFAOYSA-N,CHEMBL1907607,GABA-A receptor; anion channel,PROTEIN COMPLEX GROUP,generic_gabaa_target,,CHEMBL842710,B,GABA ratio,,,,,Rattus norvegicus,CHEMBL1125833,CHEMBL1125833 J Med Chem 1991,LITERATURE,1,1106448,183078,2026-09-17T02:17:48.329450+00:00,ChEMBL_37
diazepam,Diazepam,CHEMBL12,DIAZEPAM,CN1C(=O)CN=C(c2ccccc2)c2cc(Cl)ccc21,AAOVKJBEBIDNHE-UHFFFAOYSA-N,CHEMBL1907607,GABA-A receptor; anion channel,PROTEIN COMPLEX GROUP,generic_gabaa_target,,CHEMBL651178,B,Ki,=,4.9,nM,8.31,Rattus norvegicus,CHEMBL1132620,CHEMBL1132620 J Med Chem 1999,LITERATURE,1,1145117,15634,2026-09-17T02:17:48.329450+00:00,ChEMBL_37
diazepam,Diazepam,CHEMBL12,DIAZEPAM,CN1C(=O)CN=C(c2ccccc2)c2cc(Cl)ccc21,AAOVKJBEBIDNHE-UHFFFAOYSA-N,CHEMBL1907607,GABA-A receptor; anion channel,PROTEIN COMPLEX GROUP,generic_gabaa_target,,CHEMBL679555,B,Shift,=,1.0,,,Rattus norvegicus,CHEMBL1132620,CHEMBL1132620 J Med Chem 1999,LITERATURE,1,1145122,15634,2026-09-17T02:17:48.329450+00:00,ChEMBL_37
diazepam,Diazepam,CHEMBL12,DIAZEPAM,CN1C(=O)CN=C(c2ccccc2)c2cc(Cl)ccc21,AAOVKJBEBIDNHE-UHFFFAOYSA-N,CHEMBL2095172,GABA-A receptor; alpha-1/beta-2/gamma-2,PROTEIN COMPLEX,composite_target,alpha1/beta2/gamma2,CHEMBL681630,F,Change in Cl- current,=,1.0,,,Homo sapiens,CHEMBL1132620,CHEMBL1132620 J Med Chem 1999,LITERATURE,1,1145123,15634,2026-09-17T02:17:48.329450+00:00,ChEMBL_37
diazepam,Diazepam,CHEMBL12,DIAZEPAM,CN1C(=O)CN=C(c2ccccc2)c2cc(Cl)ccc21,AAOVKJBEBIDNHE-UHFFFAOYSA-N,CHEMBL2111339,GABA A receptor alpha-3/beta-2/gamma-2,PROTEIN COMPLEX,composite_target,alpha3/beta2/gamma2,CHEMBL681631,F,Change in Cl- current,=,1.0,,,Homo sapiens,CHEMBL1132620,CHEMBL1132620 J Med Chem 1999,LITERATURE,1,1145124,15634,2026-09-17T02:17:48.329450+00:00,ChEMBL_37
diazepam,Diazepam,CHEMBL12,DIAZEPAM,CN1C(=O)CN=C(c2ccccc2)c2cc(Cl)ccc21,AAOVKJBEBIDNHE-UHFFFAOYSA-N,CHEMBL1907607,GABA-A receptor; anion channel,PROTEIN COMPLEX GROUP,generic_gabaa_target,,CHEMBL680071,B,IC50,=,91.0,nM,7.04,Rattus norvegicus,CHEMBL1130321,CHEMBL1130321 J Med Chem 1997,LITERATURE,1,1161034,318200,2026-09-17T02:17:48.329450+00:00,ChEMBL_37
diazepam,Diazepam,CHEMBL12,DIAZEPAM,CN1C(=O)CN=C(c2ccccc2)c2cc(Cl)ccc21,AAOVKJBEBIDNHE-UHFFFAOYSA-N,CHEMBL1907607,GABA-A receptor; anion channel,PROTEIN COMPLEX GROUP,generic_gabaa_target,,CHEMBL652450,B,Ki,=,4.9,nM,8.31,Rattus norvegicus,CHEMBL1129651,CHEMBL1129651 J Med Chem 1996,LITERATURE,1,1161711,239431,2026-09-17T02:17:48.329450+00:00,ChEMBL_37
diazepam,Diazepam,CHEMBL12,DIAZEPAM,CN1C(=O)CN=C(c2ccccc2)c2cc(Cl)ccc21,AAOVKJBEBIDNHE-UHFFFAOYSA-N,CHEMBL1907607,GABA-A receptor; anion channel,PROTEIN COMPLEX GROUP,generic_gabaa_target,,CHEMBL678605,B,TBPS shift,=,1.0,,,Rattus norvegicus,CHEMBL1129651,CHEMBL1129651 J Med Chem 1996,LITERATURE,1,1161712,239431,2026-09-17T02:17:48.329450+00:00,ChEMBL_37
diazepam,Diazepam,CHEMBL12,DIAZEPAM,CN1C(=O)CN=C(c2ccccc2)c2cc(Cl)ccc21,AAOVKJBEBIDNHE-UHFFFAOYSA-N,CHEMBL2095167,GABA-A receptor; alpha-1/beta-2/gamma-2,PROTEIN COMPLEX,composite_target,alpha1/beta2/gamma2,CHEMBL641402,F,Cl - current change,=,1.0,,,Rattus norvegicus,CHEMBL1129651,CHEMBL1129651 J Med Chem 1996,LITERATURE,1,1161713,239431,2026-09-17T02:17:48.329450+00:00,ChEMBL_37
diazepam,Diazepam,CHEMBL12,DIAZEPAM,CN1C(=O)CN=C(c2ccccc2)c2cc(Cl)ccc21,AAOVKJBEBIDNHE-UHFFFAOYSA-N,CHEMBL2111343,GABA A receptor alpha-3/beta-2/gamma-2,PROTEIN COMPLEX,composite_target,alpha3/beta2/gamma2,CHEMBL881126,F,Cl - current change,=,1.0,,,Rattus norvegicus,CHEMBL1129651,CHEMBL1129651 J Med Chem 1996,LITERATURE,1,1161714,239431,2026-09-17T02:17:48.329450+00:00,ChEMBL_37
diazepam,Diazepam,CHEMBL12,DIAZEPAM,CN1C(=O)CN=C(c2ccccc2)c2cc(Cl)ccc21,AAOVKJBEBIDNHE-UHFFFAOYSA-N,CHEMBL2093872,GABA-A receptor; anion channel,PROTEIN COMPLEX GROUP,generic_gabaa_target,,CHEMBL654251,B,IC50,=,14.1,nM,7.85,Homo sapiens,CHEMBL1128050,CHEMBL1128050 Bioorg Med Chem Lett 1995,LITERATURE,1,1176073,141497,2026-09-17T02:17:48.329450+00:00,ChEMBL_37
diazepam,Diazepam,CHEMBL12,DIAZEPAM,CN1C(=O)CN=C(c2ccccc2)c2cc(Cl)ccc21,AAOVKJBEBIDNHE-UHFFFAOYSA-N,CHEMBL2093872,GABA-A receptor; anion channel,PROTEIN COMPLEX GROUP,generic_gabaa_target,,CHEMBL654259,B,Log IC50,=,-7.85,nM,,Homo sapiens,CHEMBL1128050,CHEMBL1128050 Bioorg Med Chem Lett 1995,LITERATURE,1,1176074,141497,2026-09-17T02:17:48.329450+00:00,ChEMBL_37
diazepam,Diazepam,CHEMBL12,DIAZEPAM,CN1C(=O)CN=C(c2ccccc2)c2cc(Cl)ccc21,AAOVKJBEBIDNHE-UHFFFAOYSA-N,CHEMBL1907607,GABA-A receptor; anion channel,PROTEIN COMPLEX GROUP,generic_gabaa_target,,CHEMBL731153,F,ED50,=,0.7,mg.kg-1,,Rattus norvegicus,CHEMBL1124397,CHEMBL1124397 J Med Chem 1989,LITERATURE,1,1279107,266861,2026-09-17T02:17:48.329450+00:00,ChEMBL_37
diazepam,Diazepam,CHEMBL12,DIAZEPAM,CN1C(=O)CN=C(c2ccccc2)c2cc(Cl)ccc21,AAOVKJBEBIDNHE-UHFFFAOYSA-N,CHEMBL1907607,GABA-A receptor; anion channel,PROTEIN COMPLEX GROUP,generic_gabaa_target,,CHEMBL652557,B,IC50,=,6.0,nM,8.22,Rattus norvegicus,CHEMBL1121835,CHEMBL1121835 J Med Chem 1981,LITERATURE,1,1296375,304714,2026-09-17T02:17:48.329450+00:00,ChEMBL_37
diazepam,Diazepam,CHEMBL12,DIAZEPAM,CN1C(=O)CN=C(c2ccccc2)c2cc(Cl)ccc21,AAOVKJBEBIDNHE-UHFFFAOYSA-N,CHEMBL1907607,GABA-A receptor; anion channel,PROTEIN COMPLEX GROUP,generic_gabaa_target,,CHEMBL652560,B,Inhibition,,,%,,Rattus norvegicus,CHEMBL1121835,CHEMBL1121835 J Med Chem 1981,LITERATURE,1,1296376,304714,2026-09-17T02:17:48.329450+00:00,ChEMBL_37
diazepam,Diazepam,CHEMBL12,DIAZEPAM,CN1C(=O)CN=C(c2ccccc2)c2cc(Cl)ccc21,AAOVKJBEBIDNHE-UHFFFAOYSA-N,CHEMBL1907607,GABA-A receptor; anion channel,PROTEIN COMPLEX GROUP,generic_gabaa_target,,CHEMBL653042,B,IC50,=,4.0,nM,8.4,Rattus norvegicus,CHEMBL1125732,CHEMBL1125732 J Med Chem 1991,LITERATURE,1,1302881,182609,2026-09-17T02:17:48.329450+00:00,ChEMBL_37
diazepam,Diazepam,CHEMBL12,DIAZEPAM,CN1C(=O)CN=C(c2ccccc2)c2cc(Cl)ccc21,AAOVKJBEBIDNHE-UHFFFAOYSA-N,CHEMBL2094121,GABA-A receptor; alpha-1/beta-3/gamma-2,PROTEIN COMPLEX,composite_target,alpha1/beta3/gamma2,CHEMBL829006,B,Ki,=,13.0,nM,7.89,Homo sapiens,CHEMBL1142695,CHEMBL1142695 J Med Chem 2005,LITERATURE,1,1412501,363168,2026-09-17T02:17:48.329450+00:00,ChEMBL_37
diazepam,Diazepam,CHEMBL12,DIAZEPAM,CN1C(=O)CN=C(c2ccccc2)c2cc(Cl)ccc21,AAOVKJBEBIDNHE-UHFFFAOYSA-N,CHEMBL2094130,GABA-A receptor; alpha-2/beta-3/gamma-2,PROTEIN COMPLEX,composite_target,alpha2/beta3/gamma2,CHEMBL829005,B,Ki,=,6.6,nM,8.18,Homo sapiens,CHEMBL1142695,CHEMBL1142695 J Med Chem 2005,LITERATURE,1,1412502,363168,2026-09-17T02:17:48.329450+00:00,ChEMBL_37
diazepam,Diazepam,CHEMBL12,DIAZEPAM,CN1C(=O)CN=C(c2ccccc2)c2cc(Cl)ccc21,AAOVKJBEBIDNHE-UHFFFAOYSA-N,CHEMBL2094120,GABA-A receptor; alpha-3/beta-3/gamma-2,PROTEIN COMPLEX,composite_target,alpha3/beta3/gamma2,CHEMBL830420,B,Ki,=,33.0,nM,7.48,Homo sapiens,CHEMBL1142695,CHEMBL1142695 J Med Chem 2005,LITERATURE,1,1412503,363168,2026-09-17T02:17:48.329450+00:00,ChEMBL_37
diazepam,Diazepam,CHEMBL12,DIAZEPAM,CN1C(=O)CN=C(c2ccccc2)c2cc(Cl)ccc21,AAOVKJBEBIDNHE-UHFFFAOYSA-N,CHEMBL2094122,GABA-A receptor; alpha-5/beta-3/gamma-2,PROTEIN COMPLEX,composite_target,alpha5/beta3/gamma2,CHEMBL830421,B,Ki,=,11.0,nM,7.96,Homo sapiens,CHEMBL1142695,CHEMBL1142695 J Med Chem 2005,LITERATURE,1,1412504,363168,2026-09-17T02:17:48.329450+00:00,ChEMBL_37
diazepam,Diazepam,CHEMBL12,DIAZEPAM,CN1C(=O)CN=C(c2ccccc2)c2cc(Cl)ccc21,AAOVKJBEBIDNHE-UHFFFAOYSA-N,CHEMBL2094121,GABA-A receptor; alpha-1/beta-3/gamma-2,PROTEIN COMPLEX,composite_target,alpha1/beta3/gamma2,CHEMBL836221,B,Efficacy,=,103.0,%,,Homo sapiens,CHEMBL1142695,CHEMBL1142695 J Med Chem 2005,LITERATURE,1,1412505,363168,2026-09-17T02:17:48.329450+00:00,ChEMBL_37
diazepam,Diazepam,CHEMBL12,DIAZEPAM,CN1C(=O)CN=C(c2ccccc2)c2cc(Cl)ccc21,AAOVKJBEBIDNHE-UHFFFAOYSA-N,CHEMBL2094130,GABA-A receptor; alpha-2/beta-3/gamma-2,PROTEIN COMPLEX,composite_target,alpha2/beta3/gamma2,CHEMBL836222,B,Efficacy,=,138.0,%,,Homo sapiens,CHEMBL1142695,CHEMBL1142695 J Med Chem 2005,LITERATURE,1,1412506,363168,2026-09-17T02:17:48.329450+00:00,ChEMBL_37
diazepam,Diazepam,CHEMBL12,DIAZEPAM,CN1C(=O)CN=C(c2ccccc2)c2cc(Cl)ccc21,AAOVKJBEBIDNHE-UHFFFAOYSA-N,CHEMBL2094120,GABA-A receptor; alpha-3/beta-3/gamma-2,PROTEIN COMPLEX,composite_target,alpha3/beta3/gamma2,CHEMBL836223,B,Efficacy,=,118.0,%,,Homo sapiens,CHEMBL1142695,CHEMBL1142695 J Med Chem 2005,LITERATURE,1,1412598,363168,2026-09-17T02:17:48.329450+00:00,ChEMBL_37
diazepam,Diazepam,CHEMBL12,DIAZEPAM,CN1C(=O)CN=C(c2ccccc2)c2cc(Cl)ccc21,AAOVKJBEBIDNHE-UHFFFAOYSA-N,CHEMBL2094122,GABA-A receptor; alpha-5/beta-3/gamma-2,PROTEIN COMPLEX,composite_target,alpha5/beta3/gamma2,CHEMBL836224,B,Efficacy,=,106.0,%,,Homo sapiens,CHEMBL1142695,CHEMBL1142695 J Med Chem 2005,LITERATURE,1,1412599,363168,2026-09-17T02:17:48.329450+00:00,ChEMBL_37
diazepam,Diazepam,CHEMBL12,DIAZEPAM,CN1C(=O)CN=C(c2ccccc2)c2cc(Cl)ccc21,AAOVKJBEBIDNHE-UHFFFAOYSA-N,CHEMBL2093872,GABA-A receptor; anion channel,PROTEIN COMPLEX GROUP,generic_gabaa_target,,CHEMBL839964,B,Ki,=,10.0,nM,8.0,Homo sapiens,CHEMBL1144412,CHEMBL1144412 J Med Chem 2005,LITERATURE,1,1505239,389639,2026-09-17T02:17:48.329450+00:00,ChEMBL_37
diazepam,Diazepam,CHEMBL12,DIAZEPAM,CN1C(=O)CN=C(c2ccccc2)c2cc(Cl)ccc21,AAOVKJBEBIDNHE-UHFFFAOYSA-N,CHEMBL2093872,GABA-A receptor; anion channel,PROTEIN COMPLEX GROUP,generic_gabaa_target,,CHEMBL857664,B,IC50,=,12.0,nM,7.92,Homo sapiens,CHEMBL1140374,CHEMBL1140374 J Med Chem 2005,LITERATURE,1,1611107,403321,2026-09-17T02:17:48.329450+00:00,ChEMBL_37
diazepam,Diazepam,CHEMBL12,DIAZEPAM,CN1C(=O)CN=C(c2ccccc2)c2cc(Cl)ccc21,AAOVKJBEBIDNHE-UHFFFAOYSA-N,CHEMBL2094121,GABA-A receptor; alpha-1/beta-3/gamma-2,PROTEIN COMPLEX,composite_target,alpha1/beta3/gamma2,CHEMBL864002,B,Ki,=,13.0,nM,7.89,Homo sapiens,CHEMBL1148587,CHEMBL1148587 J Med Chem 2006,LITERATURE,1,1667045,417849,2026-09-17T02:17:48.329450+00:00,ChEMBL_37
diazepam,Diazepam,CHEMBL12,DIAZEPAM,CN1C(=O)CN=C(c2ccccc2)c2cc(Cl)ccc21,AAOVKJBEBIDNHE-UHFFFAOYSA-N,CHEMBL2094130,GABA-A receptor; alpha-2/beta-3/gamma-2,PROTEIN COMPLEX,composite_target,alpha2/beta3/gamma2,CHEMBL864003,B,Ki,=,6.6,nM,8.18,Homo sapiens,CHEMBL1148587,CHEMBL1148587 J Med Chem 2006,LITERATURE,1,1667046,417849,2026-09-17T02:17:48.329450+00:00,ChEMBL_37
diazepam,Diazepam,CHEMBL12,DIAZEPAM,CN1C(=O)CN=C(c2ccccc2)c2cc(Cl)ccc21,AAOVKJBEBIDNHE-UHFFFAOYSA-N,CHEMBL2094120,GABA-A receptor; alpha-3/beta-3/gamma-2,PROTEIN COMPLEX,composite_target,alpha3/beta3/gamma2,CHEMBL864004,B,Ki,=,33.0,nM,7.48,Homo sapiens,CHEMBL1148587,CHEMBL1148587 J Med Chem 2006,LITERATURE,1,1667047,417849,2026-09-17T02:17:48.329450+00:00,ChEMBL_37
diazepam,Diazepam,CHEMBL12,DIAZEPAM,CN1C(=O)CN=C(c2ccccc2)c2cc(Cl)ccc21,AAOVKJBEBIDNHE-UHFFFAOYSA-N,CHEMBL2094122,GABA-A receptor; alpha-5/beta-3/gamma-2,PROTEIN COMPLEX,composite_target,alpha5/beta3/gamma2,CHEMBL864005,B,Ki,=,11.0,nM,7.96,Homo sapiens,CHEMBL1148587,CHEMBL1148587 J Med Chem 2006,LITERATURE,1,1667048,417849,2026-09-17T02:17:48.329450+00:00,ChEMBL_37
diazepam,Diazepam,CHEMBL12,DIAZEPAM,CN1C(=O)CN=C(c2ccccc2)c2cc(Cl)ccc21,AAOVKJBEBIDNHE-UHFFFAOYSA-N,CHEMBL2094121,GABA-A receptor; alpha-1/beta-3/gamma-2,PROTEIN COMPLEX,composite_target,alpha1/beta3/gamma2,CHEMBL864006,F,Efficacy,=,103.0,%,,Homo sapiens,CHEMBL1148587,CHEMBL1148587 J Med Chem 2006,LITERATURE,1,1667049,417849,2026-09-17T02:17:48.329450+00:00,ChEMBL_37
diazepam,Diazepam,CHEMBL12,DIAZEPAM,CN1C(=O)CN=C(c2ccccc2)c2cc(Cl)ccc21,AAOVKJBEBIDNHE-UHFFFAOYSA-N,CHEMBL2094120,GABA-A receptor; alpha-3/beta-3/gamma-2,PROTEIN COMPLEX,composite_target,alpha3/beta3/gamma2,CHEMBL864007,F,Efficacy,=,118.0,%,,Homo sapiens,CHEMBL1148587,CHEMBL1148587 J Med Chem 2006,LITERATURE,1,1667050,417849,2026-09-17T02:17:48.329450+00:00,ChEMBL_37
diazepam,Diazepam,CHEMBL12,DIAZEPAM,CN1C(=O)CN=C(c2ccccc2)c2cc(Cl)ccc21,AAOVKJBEBIDNHE-UHFFFAOYSA-N,CHEMBL2094122,GABA-A receptor; alpha-5/beta-3/gamma-2,PROTEIN COMPLEX,composite_target,alpha5/beta3/gamma2,CHEMBL864008,F,Efficacy,=,106.0,%,,Homo sapiens,CHEMBL1148587,CHEMBL1148587 J Med Chem 2006,LITERATURE,1,1667051,417849,2026-09-17T02:17:48.329450+00:00,ChEMBL_37
diazepam,Diazepam,CHEMBL12,DIAZEPAM,CN1C(=O)CN=C(c2ccccc2)c2cc(Cl)ccc21,AAOVKJBEBIDNHE-UHFFFAOYSA-N,CHEMBL2094121,GABA-A receptor; alpha-1/beta-3/gamma-2,PROTEIN COMPLEX,composite_target,alpha1/beta3/gamma2,CHEMBL853068,B,Ki,=,13.0,nM,7.89,Homo sapiens,CHEMBL1149444,CHEMBL1149444 J Med Chem 2006,LITERATURE,1,1679889,426607,2026-09-17T02:17:48.329450+00:00,ChEMBL_37
diazepam,Diazepam,CHEMBL12,DIAZEPAM,CN1C(=O)CN=C(c2ccccc2)c2cc(Cl)ccc21,AAOVKJBEBIDNHE-UHFFFAOYSA-N,CHEMBL2094130,GABA-A receptor; alpha-2/beta-3/gamma-2,PROTEIN COMPLEX,composite_target,alpha2/beta3/gamma2,CHEMBL853070,B,Ki,=,33.0,nM,7.48,Homo sapiens,CHEMBL1149444,CHEMBL1149444 J Med Chem 2006,LITERATURE,1,1679890,426607,2026-09-17T02:17:48.329450+00:00,ChEMBL_37
diazepam,Diazepam,CHEMBL12,DIAZEPAM,CN1C(=O)CN=C(c2ccccc2)c2cc(Cl)ccc21,AAOVKJBEBIDNHE-UHFFFAOYSA-N,CHEMBL2094120,GABA-A receptor; alpha-3/beta-3/gamma-2,PROTEIN COMPLEX,composite_target,alpha3/beta3/gamma2,CHEMBL853073,F,Efficacy,=,0.8,%,,Homo sapiens,CHEMBL1149444,CHEMBL1149444 J Med Chem 2006,LITERATURE,1,1679913,426607,2026-09-17T02:17:48.329450+00:00,ChEMBL_37
diazepam,Diazepam,CHEMBL12,DIAZEPAM,CN1C(=O)CN=C(c2ccccc2)c2cc(Cl)ccc21,AAOVKJBEBIDNHE-UHFFFAOYSA-N,CHEMBL2094121,GABA-A receptor; alpha-1/beta-3/gamma-2,PROTEIN COMPLEX,composite_target,alpha1/beta3/gamma2,CHEMBL859118,F,Efficacy,=,0.93,%,,Homo sapiens,CHEMBL1149444,CHEMBL1149444 J Med Chem 2006,LITERATURE,1,1681580,426607,2026-09-17T02:17:48.329450+00:00,ChEMBL_37
diazepam,Diazepam,CHEMBL12,DIAZEPAM,CN1C(=O)CN=C(c2ccccc2)c2cc(Cl)ccc21,AAOVKJBEBIDNHE-UHFFFAOYSA-N,CHEMBL1907607,GABA-A receptor; anion channel,PROTEIN COMPLEX GROUP,generic_gabaa_target,,CHEMBL862013,B,Ki,=,6.8,nM,8.17,Rattus norvegicus,CHEMBL1138158,CHEMBL1138158 J Med Chem 2006,LITERATURE,1,1689389,431122,2026-09-17T02:17:48.329450+00:00,ChEMBL_37
diazepam,Diazepam,CHEMBL12,DIAZEPAM,CN1C(=O)CN=C(c2ccccc2)c2cc(Cl)ccc21,AAOVKJBEBIDNHE-UHFFFAOYSA-N,CHEMBL2094107,GABA-A receptor; anion channel,PROTEIN COMPLEX GROUP,generic_gabaa_target,,CHEMBL859938,B,Ki,=,10.0,nM,8.0,Bos taurus,CHEMBL1146100,CHEMBL1146100 J Med Chem 2006,LITERATURE,1,1700854,449763,2026-09-17T02:17:48.329450+00:00,ChEMBL_37
diazepam,Diazepam,CHEMBL12,DIAZEPAM,CN1C(=O)CN=C(c2ccccc2)c2cc(Cl)ccc21,AAOVKJBEBIDNHE-UHFFFAOYSA-N,CHEMBL2111339,GABA A receptor alpha-3/beta-2/gamma-2,PROTEIN COMPLEX,composite_target,alpha3/beta2/gamma2,CHEMBL861816,B,Ki,=,14.0,nM,7.85,Homo sapiens,CHEMBL1146066,CHEMBL1146066 J Med Chem 2006,LITERATURE,1,1701383,444333,2026-09-17T02:17:48.329450+00:00,ChEMBL_37
diazepam,Diazepam,CHEMBL12,DIAZEPAM,CN1C(=O)CN=C(c2ccccc2)c2cc(Cl)ccc21,AAOVKJBEBIDNHE-UHFFFAOYSA-N,CHEMBL2095167,GABA-A receptor; alpha-1/beta-2/gamma-2,PROTEIN COMPLEX,composite_target,alpha1/beta2/gamma2,CHEMBL917148,F,Activity,=,72.0,%,,Rattus norvegicus,CHEMBL1142972,CHEMBL1142972 J Med Chem 2007,LITERATURE,1,1825792,627636,2026-09-17T02:17:48.329450+00:00,ChEMBL_37
diazepam,Diazepam,CHEMBL12,DIAZEPAM,CN1C(=O)CN=C(c2ccccc2)c2cc(Cl)ccc21,AAOVKJBEBIDNHE-UHFFFAOYSA-N,CHEMBL2094121,GABA-A receptor; alpha-1/beta-3/gamma-2,PROTEIN COMPLEX,composite_target,alpha1/beta3/gamma2,CHEMBL919087,B,Ki,=,14.0,nM,7.85,Homo sapiens,CHEMBL1139460,CHEMBL1139460 J Med Chem 2005,LITERATURE,1,1844027,630949,2026-09-17T02:17:48.329450+00:00,ChEMBL_37
diazepam,Diazepam,CHEMBL12,DIAZEPAM,CN1C(=O)CN=C(c2ccccc2)c2cc(Cl)ccc21,AAOVKJBEBIDNHE-UHFFFAOYSA-N,CHEMBL2094130,GABA-A receptor; alpha-2/beta-3/gamma-2,PROTEIN COMPLEX,composite_target,alpha2/beta3/gamma2,CHEMBL919088,B,Ki,=,20.0,nM,7.7,Homo sapiens,CHEMBL1139460,CHEMBL1139460 J Med Chem 2005,LITERATURE,1,1844028,630949,2026-09-17T02:17:48.329450+00:00,ChEMBL_37
diazepam,Diazepam,CHEMBL12,DIAZEPAM,CN1C(=O)CN=C(c2ccccc2)c2cc(Cl)ccc21,AAOVKJBEBIDNHE-UHFFFAOYSA-N,CHEMBL2094120,GABA-A receptor; alpha-3/beta-3/gamma-2,PROTEIN COMPLEX,composite_target,alpha3/beta3/gamma2,CHEMBL919089,B,Ki,=,15.0,nM,7.82,Homo sapiens,CHEMBL1139460,CHEMBL1139460 J Med Chem 2005,LITERATURE,1,1844029,630949,2026-09-17T02:17:48.329450+00:00,ChEMBL_37
diazepam,Diazepam,CHEMBL12,DIAZEPAM,CN1C(=O)CN=C(c2ccccc2)c2cc(Cl)ccc21,AAOVKJBEBIDNHE-UHFFFAOYSA-N,CHEMBL2094121,GABA-A receptor; alpha-1/beta-3/gamma-2,PROTEIN COMPLEX,composite_target,alpha1/beta3/gamma2,CHEMBL919090,B,Efficacy,=,157.0,%,,Homo sapiens,CHEMBL1139460,CHEMBL1139460 J Med Chem 2005,LITERATURE,1,1844030,630949,2026-09-17T02:17:48.329450+00:00,ChEMBL_37
diazepam,Diazepam,CHEMBL12,DIAZEPAM,CN1C(=O)CN=C(c2ccccc2)c2cc(Cl)ccc21,AAOVKJBEBIDNHE-UHFFFAOYSA-N,CHEMBL2094130,GABA-A receptor; alpha-2/beta-3/gamma-2,PROTEIN COMPLEX,composite_target,alpha2/beta3/gamma2,CHEMBL919091,B,Efficacy,=,115.0,%,,Homo sapiens,CHEMBL1139460,CHEMBL1139460 J Med Chem 2005,LITERATURE,1,1844031,630949,2026-09-17T02:17:48.329450+00:00,ChEMBL_37
diazepam,Diazepam,CHEMBL12,DIAZEPAM,CN1C(=O)CN=C(c2ccccc2)c2cc(Cl)ccc21,AAOVKJBEBIDNHE-UHFFFAOYSA-N,CHEMBL2094120,GABA-A receptor; alpha-3/beta-3/gamma-2,PROTEIN COMPLEX,composite_target,alpha3/beta3/gamma2,CHEMBL919092,B,Efficacy,=,211.0,%,,Homo sapiens,CHEMBL1139460,CHEMBL1139460 J Med Chem 2005,LITERATURE,1,1844032,630949,2026-09-17T02:17:48.329450+00:00,ChEMBL_37
diazepam,Diazepam,CHEMBL12,DIAZEPAM,CN1C(=O)CN=C(c2ccccc2)c2cc(Cl)ccc21,AAOVKJBEBIDNHE-UHFFFAOYSA-N,CHEMBL2095167,GABA-A receptor; alpha-1/beta-2/gamma-2,PROTEIN COMPLEX,composite_target,alpha1/beta2/gamma2,CHEMBL904137,B,Ki,=,12.0,nM,7.92,Rattus norvegicus,CHEMBL1142927,CHEMBL1142927 Bioorg Med Chem 2007,LITERATURE,1,1876208,637353,2026-09-17T02:17:48.329450+00:00,ChEMBL_37
diazepam,Diazepam,CHEMBL12,DIAZEPAM,CN1C(=O)CN=C(c2ccccc2)c2cc(Cl)ccc21,AAOVKJBEBIDNHE-UHFFFAOYSA-N,CHEMBL2111343,GABA A receptor alpha-3/beta-2/gamma-2,PROTEIN COMPLEX,composite_target,alpha3/beta2/gamma2,CHEMBL904138,B,Ki,=,14.0,nM,7.85,Rattus norvegicus,CHEMBL1142927,CHEMBL1142927 Bioorg Med Chem 2007,LITERATURE,1,1876211,637353,2026-09-17T02:17:48.329450+00:00,ChEMBL_37
diazepam,Diazepam,CHEMBL12,DIAZEPAM,CN1C(=O)CN=C(c2ccccc2)c2cc(Cl)ccc21,AAOVKJBEBIDNHE-UHFFFAOYSA-N,CHEMBL2095167,GABA-A receptor; alpha-1/beta-2/gamma-2,PROTEIN COMPLEX,composite_target,alpha1/beta2/gamma2,CHEMBL904139,B,Ki,=,9.8,nM,8.01,Rattus norvegicus,CHEMBL1142927,CHEMBL1142927 Bioorg Med Chem 2007,LITERATURE,1,1876214,637353,2026-09-17T02:17:48.329450+00:00,ChEMBL_37
diazepam,Diazepam,CHEMBL12,DIAZEPAM,CN1C(=O)CN=C(c2ccccc2)c2cc(Cl)ccc21,AAOVKJBEBIDNHE-UHFFFAOYSA-N,CHEMBL2094121,GABA-A receptor; alpha-1/beta-3/gamma-2,PROTEIN COMPLEX,composite_target,alpha1/beta3/gamma2,CHEMBL960055,B,Activity,=,345.0,%,,Homo sapiens,CHEMBL1153371,CHEMBL1153371 J Med Chem 2009,LITERATURE,1,2278236,753846,2026-09-17T02:17:48.329450+00:00,ChEMBL_37
diazepam,Diazepam,CHEMBL12,DIAZEPAM,CN1C(=O)CN=C(c2ccccc2)c2cc(Cl)ccc21,AAOVKJBEBIDNHE-UHFFFAOYSA-N,CHEMBL2094130,GABA-A receptor; alpha-2/beta-3/gamma-2,PROTEIN COMPLEX,composite_target,alpha2/beta3/gamma2,CHEMBL960056,B,Activity,=,508.0,%,,Homo sapiens,CHEMBL1153371,CHEMBL1153371 J Med Chem 2009,LITERATURE,1,2278237,753846,2026-09-17T02:17:48.329450+00:00,ChEMBL_37
diazepam,Diazepam,CHEMBL12,DIAZEPAM,CN1C(=O)CN=C(c2ccccc2)c2cc(Cl)ccc21,AAOVKJBEBIDNHE-UHFFFAOYSA-N,CHEMBL2094122,GABA-A receptor; alpha-5/beta-3/gamma-2,PROTEIN COMPLEX,composite_target,alpha5/beta3/gamma2,CHEMBL960058,B,Activity,=,420.0,%,,Homo sapiens,CHEMBL1153371,CHEMBL1153371 J Med Chem 2009,LITERATURE,1,2278239,753846,2026-09-17T02:17:48.329450+00:00,ChEMBL_37
diazepam,Diazepam,CHEMBL12,DIAZEPAM,CN1C(=O)CN=C(c2ccccc2)c2cc(Cl)ccc21,AAOVKJBEBIDNHE-UHFFFAOYSA-N,CHEMBL2095167,GABA-A receptor; alpha-1/beta-2/gamma-2,PROTEIN COMPLEX,composite_target,alpha1/beta2/gamma2,CHEMBL954625,B,Ki,=,11.0,nM,7.96,Rattus norvegicus,CHEMBL1136986,CHEMBL1136986 J Med Chem 2009,LITERATURE,1,2633954,785536,2026-09-17T02:17:48.329450+00:00,ChEMBL_37
diazepam,Diazepam,CHEMBL12,DIAZEPAM,CN1C(=O)CN=C(c2ccccc2)c2cc(Cl)ccc21,AAOVKJBEBIDNHE-UHFFFAOYSA-N,CHEMBL2095167,GABA-A receptor; alpha-1/beta-2/gamma-2,PROTEIN COMPLEX,composite_target,alpha1/beta2/gamma2,CHEMBL954630,F,Activity,=,71.0,%,,Rattus norvegicus,CHEMBL1136986,CHEMBL1136986 J Med Chem 2009,LITERATURE,1,2633999,785536,2026-09-17T02:17:48.329450+00:00,ChEMBL_37
diazepam,Diazepam,CHEMBL12,DIAZEPAM,CN1C(=O)CN=C(c2ccccc2)c2cc(Cl)ccc21,AAOVKJBEBIDNHE-UHFFFAOYSA-N,CHEMBL2094130,GABA-A receptor; alpha-2/beta-3/gamma-2,PROTEIN COMPLEX,composite_target,alpha2/beta3/gamma2,CHEMBL1638614,B,EC50,=,35.0,nM,7.46,Homo sapiens,CHEMBL1629416,CHEMBL1629416 Bioorg Med Chem 2010,LITERATURE,1,5118861,1314947,2026-09-17T02:17:48.329450+00:00,ChEMBL_37
diazepam,Diazepam,CHEMBL12,DIAZEPAM,CN1C(=O)CN=C(c2ccccc2)c2cc(Cl)ccc21,AAOVKJBEBIDNHE-UHFFFAOYSA-N,CHEMBL2095172,GABA-A receptor; alpha-1/beta-2/gamma-2,PROTEIN COMPLEX,composite_target,alpha1/beta2/gamma2,CHEMBL1638613,B,EC50,=,85.0,nM,7.07,Homo sapiens,CHEMBL1629416,CHEMBL1629416 Bioorg Med Chem 2010,LITERATURE,1,5118869,1314947,2026-09-17T02:17:48.329450+00:00,ChEMBL_37
diazepam,Diazepam,CHEMBL12,DIAZEPAM,CN1C(=O)CN=C(c2ccccc2)c2cc(Cl)ccc21,AAOVKJBEBIDNHE-UHFFFAOYSA-N,CHEMBL2094120,GABA-A receptor; alpha-3/beta-3/gamma-2,PROTEIN COMPLEX,composite_target,alpha3/beta3/gamma2,CHEMBL1638610,B,Activity,=,207.0,%,,Homo sapiens,CHEMBL1629416,CHEMBL1629416 Bioorg Med Chem 2010,LITERATURE,1,5118875,1314947,2026-09-17T02:17:48.329450+00:00,ChEMBL_37
diazepam,Diazepam,CHEMBL12,DIAZEPAM,CN1C(=O)CN=C(c2ccccc2)c2cc(Cl)ccc21,AAOVKJBEBIDNHE-UHFFFAOYSA-N,CHEMBL2095172,GABA-A receptor; alpha-1/beta-2/gamma-2,PROTEIN COMPLEX,composite_target,alpha1/beta2/gamma2,CHEMBL1638608,B,Activity,=,192.0,%,,Homo sapiens,CHEMBL1629416,CHEMBL1629416 Bioorg Med Chem 2010,LITERATURE,1,5118876,1314947,2026-09-17T02:17:48.329450+00:00,ChEMBL_37
diazepam,Diazepam,CHEMBL12,DIAZEPAM,CN1C(=O)CN=C(c2ccccc2)c2cc(Cl)ccc21,AAOVKJBEBIDNHE-UHFFFAOYSA-N,CHEMBL2094122,GABA-A receptor; alpha-5/beta-3/gamma-2,PROTEIN COMPLEX,composite_target,alpha5/beta3/gamma2,CHEMBL1638611,B,Activity,=,153.0,%,,Homo sapiens,CHEMBL1629416,CHEMBL1629416 Bioorg Med Chem 2010,LITERATURE,1,5118878,1314947,2026-09-17T02:17:48.329450+00:00,ChEMBL_37
diazepam,Diazepam,CHEMBL12,DIAZEPAM,CN1C(=O)CN=C(c2ccccc2)c2cc(Cl)ccc21,AAOVKJBEBIDNHE-UHFFFAOYSA-N,CHEMBL2094130,GABA-A receptor; alpha-2/beta-3/gamma-2,PROTEIN COMPLEX,composite_target,alpha2/beta3/gamma2,CHEMBL1638609,B,Activity,=,177.0,%,,Homo sapiens,CHEMBL1629416,CHEMBL1629416 Bioorg Med Chem 2010,LITERATURE,1,5118880,1314947,2026-09-17T02:17:48.329450+00:00,ChEMBL_37
diazepam,Diazepam,CHEMBL12,DIAZEPAM,CN1C(=O)CN=C(c2ccccc2)c2cc(Cl)ccc21,AAOVKJBEBIDNHE-UHFFFAOYSA-N,CHEMBL2094122,GABA-A receptor; alpha-5/beta-3/gamma-2,PROTEIN COMPLEX,composite_target,alpha5/beta3/gamma2,CHEMBL1638616,B,EC50,=,45.0,nM,7.35,Homo sapiens,CHEMBL1629416,CHEMBL1629416 Bioorg Med Chem 2010,LITERATURE,1,5118919,1314947,2026-09-17T02:17:48.329450+00:00,ChEMBL_37
diazepam,Diazepam,CHEMBL12,DIAZEPAM,CN1C(=O)CN=C(c2ccccc2)c2cc(Cl)ccc21,AAOVKJBEBIDNHE-UHFFFAOYSA-N,CHEMBL2094120,GABA-A receptor; alpha-3/beta-3/gamma-2,PROTEIN COMPLEX,composite_target,alpha3/beta3/gamma2,CHEMBL1638615,B,EC50,=,131.0,nM,6.88,Homo sapiens,CHEMBL1629416,CHEMBL1629416 Bioorg Med Chem 2010,LITERATURE,1,5118923,1314947,2026-09-17T02:17:48.329450+00:00,ChEMBL_37
diazepam,Diazepam,CHEMBL12,DIAZEPAM,CN1C(=O)CN=C(c2ccccc2)c2cc(Cl)ccc21,AAOVKJBEBIDNHE-UHFFFAOYSA-N,CHEMBL2094122,GABA-A receptor; alpha-5/beta-3/gamma-2,PROTEIN COMPLEX,composite_target,alpha5/beta3/gamma2,CHEMBL2327962,B,IC50,=,17.0,nM,7.77,Homo sapiens,CHEMBL2321869,CHEMBL2321869 J Med Chem 2013,LITERATURE,1,12662656,1850405,2026-09-17T02:17:48.329450+00:00,ChEMBL_37
diazepam,Diazepam,CHEMBL12,DIAZEPAM,CN1C(=O)CN=C(c2ccccc2)c2cc(Cl)ccc21,AAOVKJBEBIDNHE-UHFFFAOYSA-N,CHEMBL2093872,GABA-A receptor; anion channel,PROTEIN COMPLEX GROUP,generic_gabaa_target,,CHEMBL3375235,B,Activity,,,,,Homo sapiens,CHEMBL3351688,CHEMBL3351688 Eur J Med Chem 2014,LITERATURE,1,15133382,2253769,2026-09-17T02:17:48.329450+00:00,ChEMBL_37
diazepam,Diazepam,CHEMBL12,DIAZEPAM,CN1C(=O)CN=C(c2ccccc2)c2cc(Cl)ccc21,AAOVKJBEBIDNHE-UHFFFAOYSA-N,CHEMBL2094121,GABA-A receptor; alpha-1/beta-3/gamma-2,PROTEIN COMPLEX,composite_target,alpha1/beta3/gamma2,CHEMBL4351505,A,Activity,=,216.0,%,,Homo sapiens,CHEMBL4350959,CHEMBL4350959 J Med Chem 2019,LITERATURE,1,19039236,3176269,2026-09-17T02:17:48.329450+00:00,ChEMBL_37
diazepam,Diazepam,CHEMBL12,DIAZEPAM,CN1C(=O)CN=C(c2ccccc2)c2cc(Cl)ccc21,AAOVKJBEBIDNHE-UHFFFAOYSA-N,CHEMBL2095172,GABA-A receptor; alpha-1/beta-2/gamma-2,PROTEIN COMPLEX,composite_target,alpha1/beta2/gamma2,CHEMBL4716913,B,Activity,>,200.0,%,,Homo sapiens,CHEMBL4715701,CHEMBL4715701 Bioorg Med Chem 2016,LITERATURE,1,22823128,3544766,2026-09-17T02:17:48.329450+00:00,ChEMBL_37
diazepam,Diazepam,CHEMBL12,DIAZEPAM,CN1C(=O)CN=C(c2ccccc2)c2cc(Cl)ccc21,AAOVKJBEBIDNHE-UHFFFAOYSA-N,CHEMBL2095172,GABA-A receptor; alpha-1/beta-2/gamma-2,PROTEIN COMPLEX,composite_target,alpha1/beta2/gamma2,CHEMBL4716928,B,EC50,=,100.0,nM,7.0,Homo sapiens,CHEMBL4715701,CHEMBL4715701 Bioorg Med Chem 2016,LITERATURE,1,22823144,3544766,2026-09-17T02:17:48.329450+00:00,ChEMBL_37
diazepam,Diazepam,CHEMBL12,DIAZEPAM,CN1C(=O)CN=C(c2ccccc2)c2cc(Cl)ccc21,AAOVKJBEBIDNHE-UHFFFAOYSA-N,CHEMBL1907607,GABA-A receptor; anion channel,PROTEIN COMPLEX GROUP,generic_gabaa_target,,CHEMBL5123262,B,IC50,=,16.0,nM,7.8,Rattus norvegicus,CHEMBL5120840,CHEMBL5120840 Bioorg Med Chem 2022,LITERATURE,1,24758855,3862844,2026-09-17T02:17:48.329450+00:00,ChEMBL_37
diazepam,Diazepam,CHEMBL12,DIAZEPAM,CN1C(=O)CN=C(c2ccccc2)c2cc(Cl)ccc21,AAOVKJBEBIDNHE-UHFFFAOYSA-N,CHEMBL2095172,GABA-A receptor; alpha-1/beta-2/gamma-2,PROTEIN COMPLEX,composite_target,alpha1/beta2/gamma2,CHEMBL5146040,B,Ki,=,14.0,nM,7.85,Homo sapiens,CHEMBL5143601,CHEMBL5143601 Bioorg Med Chem Lett 2022,LITERATURE,1,24843214,3880480,2026-09-17T02:17:48.329450+00:00,ChEMBL_37
diazepam,Diazepam,CHEMBL12,DIAZEPAM,CN1C(=O)CN=C(c2ccccc2)c2cc(Cl)ccc21,AAOVKJBEBIDNHE-UHFFFAOYSA-N,CHEMBL2111339,GABA A receptor alpha-3/beta-2/gamma-2,PROTEIN COMPLEX,composite_target,alpha3/beta2/gamma2,CHEMBL5146042,B,Ki,=,15.0,nM,7.82,Homo sapiens,CHEMBL5143601,CHEMBL5143601 Bioorg Med Chem Lett 2022,LITERATURE,1,24843256,3880480,2026-09-17T02:17:48.329450+00:00,ChEMBL_37
diazepam,Diazepam,CHEMBL12,DIAZEPAM,CN1C(=O)CN=C(c2ccccc2)c2cc(Cl)ccc21,AAOVKJBEBIDNHE-UHFFFAOYSA-N,CHEMBL2095172,GABA-A receptor; alpha-1/beta-2/gamma-2,PROTEIN COMPLEX,composite_target,alpha1/beta2/gamma2,CHEMBL5147905,B,Activity,,,,,Homo sapiens,CHEMBL5143681,CHEMBL5143681 J Nat Prod 2022,LITERATURE,1,24851231,3882147,2026-09-17T02:17:48.329450+00:00,ChEMBL_37
diazepam,Diazepam,CHEMBL12,DIAZEPAM,CN1C(=O)CN=C(c2ccccc2)c2cc(Cl)ccc21,AAOVKJBEBIDNHE-UHFFFAOYSA-N,CHEMBL2093872,GABA-A receptor; anion channel,PROTEIN COMPLEX GROUP,generic_gabaa_target,,CHEMBL5237499,B,IC50,=,4.2,nM,8.38,Homo sapiens,CHEMBL5236558,CHEMBL5236558 Eur J Med Chem 2021,LITERATURE,1,25013383,3915131,2026-09-17T02:17:48.329450+00:00,ChEMBL_37
diazepam,Diazepam,CHEMBL12,DIAZEPAM,CN1C(=O)CN=C(c2ccccc2)c2cc(Cl)ccc21,AAOVKJBEBIDNHE-UHFFFAOYSA-N,CHEMBL2094121,GABA-A receptor; alpha-1/beta-3/gamma-2,PROTEIN COMPLEX,composite_target,alpha1/beta3/gamma2,CHEMBL6080337,B,Ki,=,31.0,nM,7.51,Homo sapiens,CHEMBL6078658,CHEMBL6078658 Bioorg Med Chem 2025,LITERATURE,1,29082441,4664399,2026-09-17T02:17:48.329450+00:00,ChEMBL_37
diazepam,Diazepam,CHEMBL12,DIAZEPAM,CN1C(=O)CN=C(c2ccccc2)c2cc(Cl)ccc21,AAOVKJBEBIDNHE-UHFFFAOYSA-N,CHEMBL2094130,GABA-A receptor; alpha-2/beta-3/gamma-2,PROTEIN COMPLEX,composite_target,alpha2/beta3/gamma2,CHEMBL6080338,B,Ki,=,22.0,nM,7.66,Homo sapiens,CHEMBL6078658,CHEMBL6078658 Bioorg Med Chem 2025,LITERATURE,1,29082452,4664399,2026-09-17T02:17:48.329450+00:00,ChEMBL_37
diazepam,Diazepam,CHEMBL12,DIAZEPAM,CN1C(=O)CN=C(c2ccccc2)c2cc(Cl)ccc21,AAOVKJBEBIDNHE-UHFFFAOYSA-N,CHEMBL1907607,GABA-A receptor; anion channel,PROTEIN COMPLEX GROUP,generic_gabaa_target,,CHEMBL6081993,B,Ki,=,5.623,nM,8.25,Rattus norvegicus,CHEMBL6078707,CHEMBL6078707 J Med Chem 2024,LITERATURE,1,29089169,4665695,2026-09-17T02:17:48.329450+00:00,ChEMBL_37
diazepam,Diazepam,CHEMBL12,DIAZEPAM,CN1C(=O)CN=C(c2ccccc2)c2cc(Cl)ccc21,AAOVKJBEBIDNHE-UHFFFAOYSA-N,CHEMBL2095172,GABA-A receptor; alpha-1/beta-2/gamma-2,PROTEIN COMPLEX,composite_target,alpha1/beta2/gamma2,CHEMBL6081996,B,Activity,=,230.0,%,,Homo sapiens,CHEMBL6078707,CHEMBL6078707 J Med Chem 2024,LITERATURE,1,29089227,4665695,2026-09-17T02:17:48.329450+00:00,ChEMBL_37
diazepam,Diazepam,CHEMBL12,DIAZEPAM,CN1C(=O)CN=C(c2ccccc2)c2cc(Cl)ccc21,AAOVKJBEBIDNHE-UHFFFAOYSA-N,CHEMBL2094130,GABA-A receptor; alpha-2/beta-3/gamma-2,PROTEIN COMPLEX,composite_target,alpha2/beta3/gamma2,CHEMBL6081998,B,Activity,=,212.67,%,,Homo sapiens,CHEMBL6078707,CHEMBL6078707 J Med Chem 2024,LITERATURE,1,29089238,4665695,2026-09-17T02:17:48.329450+00:00,ChEMBL_37
diazepam,Diazepam,CHEMBL12,DIAZEPAM,CN1C(=O)CN=C(c2ccccc2)c2cc(Cl)ccc21,AAOVKJBEBIDNHE-UHFFFAOYSA-N,CHEMBL2094120,GABA-A receptor; alpha-3/beta-3/gamma-2,PROTEIN COMPLEX,composite_target,alpha3/beta3/gamma2,CHEMBL6082000,B,Activity,=,287.57,%,,Homo sapiens,CHEMBL6078707,CHEMBL6078707 J Med Chem 2024,LITERATURE,1,29089249,4665695,2026-09-17T02:17:48.329450+00:00,ChEMBL_37
diazepam,Diazepam,CHEMBL12,DIAZEPAM,CN1C(=O)CN=C(c2ccccc2)c2cc(Cl)ccc21,AAOVKJBEBIDNHE-UHFFFAOYSA-N,CHEMBL2094122,GABA-A receptor; alpha-5/beta-3/gamma-2,PROTEIN COMPLEX,composite_target,alpha5/beta3/gamma2,CHEMBL6082002,B,Activity,=,226.56,%,,Homo sapiens,CHEMBL6078707,CHEMBL6078707 J Med Chem 2024,LITERATURE,1,29089260,4665695,2026-09-17T02:17:48.329450+00:00,ChEMBL_37
diazepam,Diazepam,CHEMBL12,DIAZEPAM,CN1C(=O)CN=C(c2ccccc2)c2cc(Cl)ccc21,AAOVKJBEBIDNHE-UHFFFAOYSA-N,CHEMBL296,Gamma-aminobutyric acid receptor subunit gamma-1,SINGLE PROTEIN,subunit_specific,gamma1,CHEMBL784462,F,IC50,=,5.0,nM,8.3,Rattus norvegicus,CHEMBL1121601,CHEMBL1121601 J Med Chem 1980,LITERATURE,1,694101,345113,2026-09-17T02:17:48.329450+00:00,ChEMBL_37
diazepam,Diazepam,CHEMBL12,DIAZEPAM,CN1C(=O)CN=C(c2ccccc2)c2cc(Cl)ccc21,AAOVKJBEBIDNHE-UHFFFAOYSA-N,CHEMBL2111374,GABA A receptor alpha-5/beta-3/gamma-2,PROTEIN COMPLEX,composite_target,alpha5/beta3/gamma2,CHEMBL685342,B,Ki,=,11.0,nM,7.96,Rattus norvegicus,CHEMBL1145105,CHEMBL1145105 J Med Chem 2003,LITERATURE,1,792167,198723,2026-09-17T02:17:48.329450+00:00,ChEMBL_37
diazepam,Diazepam,CHEMBL12,DIAZEPAM,CN1C(=O)CN=C(c2ccccc2)c2cc(Cl)ccc21,AAOVKJBEBIDNHE-UHFFFAOYSA-N,CHEMBL2111392,GABA A receptor alpha-1/beta-1/gamma-2,PROTEIN COMPLEX,composite_target,alpha1/beta1/gamma2,CHEMBL861815,B,Ki,=,12.0,nM,7.92,Homo sapiens,CHEMBL1146066,CHEMBL1146066 J Med Chem 2006,LITERATURE,1,1701379,444333,2026-09-17T02:17:48.329450+00:00,ChEMBL_37
diazepam,Diazepam,CHEMBL12,DIAZEPAM,CN1C(=O)CN=C(c2ccccc2)c2cc(Cl)ccc21,AAOVKJBEBIDNHE-UHFFFAOYSA-N,CHEMBL3026,Gamma-aminobutyric acid receptor subunit alpha-3,SINGLE PROTEIN,subunit_specific,alpha3,CHEMBL960057,B,Activity,=,776.0,%,,Homo sapiens,CHEMBL1153371,CHEMBL1153371 J Med Chem 2009,LITERATURE,1,2278238,753846,2026-09-17T02:17:48.329450+00:00,ChEMBL_37
diazepam,Diazepam,CHEMBL12,DIAZEPAM,CN1C(=O)CN=C(c2ccccc2)c2cc(Cl)ccc21,AAOVKJBEBIDNHE-UHFFFAOYSA-N,CHEMBL1962,Gamma-aminobutyric acid receptor subunit alpha-1,SINGLE PROTEIN,subunit_specific,alpha1,CHEMBL991886,B,Kd,=,36.0,nM,7.44,Homo sapiens,CHEMBL1157475,CHEMBL1157475 J Med Chem 2008,LITERATURE,1,2461331,721051,2026-09-17T02:17:48.329450+00:00,ChEMBL_37
diazepam,Diazepam,CHEMBL12,DIAZEPAM,CN1C(=O)CN=C(c2ccccc2)c2cc(Cl)ccc21,AAOVKJBEBIDNHE-UHFFFAOYSA-N,CHEMBL2111374,GABA A receptor alpha-5/beta-3/gamma-2,PROTEIN COMPLEX,composite_target,alpha5/beta3/gamma2,CHEMBL954628,B,Ki,=,9.8,nM,8.01,Rattus norvegicus,CHEMBL1136986,CHEMBL1136986 J Med Chem 2009,LITERATURE,1,2633991,785536,2026-09-17T02:17:48.329450+00:00,ChEMBL_37
diazepam,Diazepam,CHEMBL12,DIAZEPAM,CN1C(=O)CN=C(c2ccccc2)c2cc(Cl)ccc21,AAOVKJBEBIDNHE-UHFFFAOYSA-N,CHEMBL328,Gamma-aminobutyric acid receptor subunit alpha-3,SINGLE PROTEIN,subunit_specific,alpha3,CHEMBL3995202,B,Ki,=,15.0,nM,7.82,Rattus norvegicus,CHEMBL3994587,CHEMBL3994587 Eur J Med Chem 2017,LITERATURE,1,17966222,2977000,2026-09-17T02:17:48.329450+00:00,ChEMBL_37
diazepam,Diazepam,CHEMBL12,DIAZEPAM,CN1C(=O)CN=C(c2ccccc2)c2cc(Cl)ccc21,AAOVKJBEBIDNHE-UHFFFAOYSA-N,CHEMBL300,Gamma-aminobutyric acid receptor subunit alpha-5,SINGLE PROTEIN,subunit_specific,alpha5,CHEMBL3995203,B,Ki,=,11.0,nM,7.96,Rattus norvegicus,CHEMBL3994587,CHEMBL3994587 Eur J Med Chem 2017,LITERATURE,1,17966225,2977000,2026-09-17T02:17:48.329450+00:00,ChEMBL_37
diazepam,Diazepam,CHEMBL12,DIAZEPAM,CN1C(=O)CN=C(c2ccccc2)c2cc(Cl)ccc21,AAOVKJBEBIDNHE-UHFFFAOYSA-N,CHEMBL1962,Gamma-aminobutyric acid receptor subunit alpha-1,SINGLE PROTEIN,subunit_specific,alpha1,CHEMBL4403718,B,Ki,=,16.0,nM,7.8,Homo sapiens,CHEMBL4402545,CHEMBL4402545 J Med Chem 2020,LITERATURE,1,19259362,3215700,2026-09-17T02:17:48.329450+00:00,ChEMBL_37
diazepam,Diazepam,CHEMBL12,DIAZEPAM,CN1C(=O)CN=C(c2ccccc2)c2cc(Cl)ccc21,AAOVKJBEBIDNHE-UHFFFAOYSA-N,CHEMBL3026,Gamma-aminobutyric acid receptor subunit alpha-3,SINGLE PROTEIN,subunit_specific,alpha3,CHEMBL4403719,B,Ki,=,17.0,nM,7.77,Homo sapiens,CHEMBL4402545,CHEMBL4402545 J Med Chem 2020,LITERATURE,1,19259408,3215700,2026-09-17T02:17:48.329450+00:00,ChEMBL_37
diazepam,Diazepam,CHEMBL12,DIAZEPAM,CN1C(=O)CN=C(c2ccccc2)c2cc(Cl)ccc21,AAOVKJBEBIDNHE-UHFFFAOYSA-N,CHEMBL2111413,GABA A receptor alpha-2/beta-2/gamma-2,PROTEIN COMPLEX,composite_target,alpha2/beta2/gamma2,CHEMBL5146041,B,Ki,=,20.0,nM,7.7,Homo sapiens,CHEMBL5143601,CHEMBL5143601 Bioorg Med Chem Lett 2022,LITERATURE,1,24843235,3880480,2026-09-17T02:17:48.329450+00:00,ChEMBL_37
diazepam,Diazepam,CHEMBL12,DIAZEPAM,CN1C(=O)CN=C(c2ccccc2)c2cc(Cl)ccc21,AAOVKJBEBIDNHE-UHFFFAOYSA-N,CHEMBL341,Gamma-aminobutyric acid receptor subunit alpha-2,SINGLE PROTEIN,subunit_specific,alpha2,CHEMBL713900,F,Control,=,7.0,%,,Rattus norvegicus,CHEMBL1124397,CHEMBL1124397 J Med Chem 1989,LITERATURE,1,1279110,266861,2026-09-17T02:17:48.329450+00:00,ChEMBL_37
diazepam,Diazepam,CHEMBL12,DIAZEPAM,CN1C(=O)CN=C(c2ccccc2)c2cc(Cl)ccc21,AAOVKJBEBIDNHE-UHFFFAOYSA-N,CHEMBL341,Gamma-aminobutyric acid receptor subunit alpha-2,SINGLE PROTEIN,subunit_specific,alpha2,CHEMBL681936,B,Control,=,39.0,%,,Rattus norvegicus,CHEMBL1124397,CHEMBL1124397 J Med Chem 1989,LITERATURE,1,1279111,266861,2026-09-17T02:17:48.329450+00:00,ChEMBL_37
diazepam,Diazepam,CHEMBL12,DIAZEPAM,CN1C(=O)CN=C(c2ccccc2)c2cc(Cl)ccc21,AAOVKJBEBIDNHE-UHFFFAOYSA-N,CHEMBL341,Gamma-aminobutyric acid receptor subunit alpha-2,SINGLE PROTEIN,subunit_specific,alpha2,CHEMBL954626,B,Ki,=,15.0,nM,7.82,Rattus norvegicus,CHEMBL1136986,CHEMBL1136986 J Med Chem 2009,LITERATURE,1,2633973,785536,2026-09-17T02:17:48.329450+00:00,ChEMBL_37
diazepam,Diazepam,CHEMBL12,DIAZEPAM,CN1C(=O)CN=C(c2ccccc2)c2cc(Cl)ccc21,AAOVKJBEBIDNHE-UHFFFAOYSA-N,CHEMBL341,Gamma-aminobutyric acid receptor subunit alpha-2,SINGLE PROTEIN,subunit_specific,alpha2,CHEMBL954631,F,Activity,=,81.0,%,,Rattus norvegicus,CHEMBL1136986,CHEMBL1136986 J Med Chem 2009,LITERATURE,1,2634003,785536,2026-09-17T02:17:48.329450+00:00,ChEMBL_37
diazepam,Diazepam,CHEMBL12,DIAZEPAM,CN1C(=O)CN=C(c2ccccc2)c2cc(Cl)ccc21,AAOVKJBEBIDNHE-UHFFFAOYSA-N,CHEMBL343,Gamma-aminobutyric acid receptor subunit alpha-1,SINGLE PROTEIN,subunit_specific,alpha1,CHEMBL3995200,B,Ki,=,14.0,nM,7.85,Rattus norvegicus,CHEMBL3994587,CHEMBL3994587 Eur J Med Chem 2017,LITERATURE,1,17966217,2977000,2026-09-17T02:17:48.329450+00:00,ChEMBL_37
diazepam,Diazepam,CHEMBL12,DIAZEPAM,CN1C(=O)CN=C(c2ccccc2)c2cc(Cl)ccc21,AAOVKJBEBIDNHE-UHFFFAOYSA-N,CHEMBL341,Gamma-aminobutyric acid receptor subunit alpha-2,SINGLE PROTEIN,subunit_specific,alpha2,CHEMBL3995201,B,Ki,=,20.0,nM,7.7,Rattus norvegicus,CHEMBL3994587,CHEMBL3994587 Eur J Med Chem 2017,LITERATURE,1,17966220,2977000,2026-09-17T02:17:48.329450+00:00,ChEMBL_37
diazepam,Diazepam,CHEMBL12,DIAZEPAM,CN1C(=O)CN=C(c2ccccc2)c2cc(Cl)ccc21,AAOVKJBEBIDNHE-UHFFFAOYSA-N,CHEMBL343,Gamma-aminobutyric acid receptor subunit alpha-1,SINGLE PROTEIN,subunit_specific,alpha1,CHEMBL5291798,B,AC50,>,10000.0,nM,,Rattus norvegicus,CHEMBL5291721,CHEMBL5291721 Nat Commun 2023,LITERATURE,1,25128225,3940205,2026-09-17T02:17:48.329450+00:00,ChEMBL_37
diazepam,Diazepam,CHEMBL12,DIAZEPAM,CN1C(=O)CN=C(c2ccccc2)c2cc(Cl)ccc21,AAOVKJBEBIDNHE-UHFFFAOYSA-N,CHEMBL343,Gamma-aminobutyric acid receptor subunit alpha-1,SINGLE PROTEIN,subunit_specific,alpha1,CHEMBL5291801,F,AC50,=,10.6,nM,7.97,Rattus norvegicus,CHEMBL5291721,CHEMBL5291721 Nat Commun 2023,LITERATURE,1,25130809,3940205,2026-09-17T02:17:48.329450+00:00,ChEMBL_37
diazepam,Diazepam,CHEMBL12,DIAZEPAM,CN1C(=O)CN=C(c2ccccc2)c2cc(Cl)ccc21,AAOVKJBEBIDNHE-UHFFFAOYSA-N,CHEMBL4296062,Gamma-aminobutyric acid receptor subunit alpha-1/beta-3/gamma-2,PROTEIN COMPLEX,composite_target,alpha1/beta3/gamma2,CHEMBL5254701,B,EC50,=,98000.0,nM,4.01,Rattus norvegicus,CHEMBL5252552,CHEMBL5252552 Bioorg Med Chem 2019,LITERATURE,1,25076504,3930758,2026-09-17T02:17:48.329450+00:00,ChEMBL_37
diazepam,Diazepam,CHEMBL12,DIAZEPAM,CN1C(=O)CN=C(c2ccccc2)c2cc(Cl)ccc21,AAOVKJBEBIDNHE-UHFFFAOYSA-N,CHEMBL4296054,Gamma-aminobutyric acid receptor subunit alpha-6/beta-3/gamma-2,PROTEIN COMPLEX,composite_target,alpha6/beta3/gamma2,CHEMBL5254704,B,EC50,=,700.0,nM,6.16,Rattus norvegicus,CHEMBL5252552,CHEMBL5252552 Bioorg Med Chem 2019,LITERATURE,1,25076507,3930758,2026-09-17T02:17:48.329450+00:00,ChEMBL_37
diazepam,Diazepam,CHEMBL12,DIAZEPAM,CN1C(=O)CN=C(c2ccccc2)c2cc(Cl)ccc21,AAOVKJBEBIDNHE-UHFFFAOYSA-N,CHEMBL4296062,Gamma-aminobutyric acid receptor subunit alpha-1/beta-3/gamma-2,PROTEIN COMPLEX,composite_target,alpha1/beta3/gamma2,CHEMBL5254705,B,EC50,=,160000.0,nM,,Rattus norvegicus,CHEMBL5252552,CHEMBL5252552 Bioorg Med Chem 2019,LITERATURE,1,25076511,3930758,2026-09-17T02:17:48.329450+00:00,ChEMBL_37
diazepam,Diazepam,CHEMBL12,DIAZEPAM,CN1C(=O)CN=C(c2ccccc2)c2cc(Cl)ccc21,AAOVKJBEBIDNHE-UHFFFAOYSA-N,CHEMBL4296054,Gamma-aminobutyric acid receptor subunit alpha-6/beta-3/gamma-2,PROTEIN COMPLEX,composite_target,alpha6/beta3/gamma2,CHEMBL5254706,B,EC50,=,400.0,nM,6.4,Rattus norvegicus,CHEMBL5252552,CHEMBL5252552 Bioorg Med Chem 2019,LITERATURE,1,25076512,3930758,2026-09-17T02:17:48.329450+00:00,ChEMBL_37
diazepam,Diazepam,CHEMBL12,DIAZEPAM,CN1C(=O)CN=C(c2ccccc2)c2cc(Cl)ccc21,AAOVKJBEBIDNHE-UHFFFAOYSA-N,CHEMBL4296062,Gamma-aminobutyric acid receptor subunit alpha-1/beta-3/gamma-2,PROTEIN COMPLEX,composite_target,alpha1/beta3/gamma2,CHEMBL5254707,B,Activity,=,160.0,%,,Rattus norvegicus,CHEMBL5252552,CHEMBL5252552 Bioorg Med Chem 2019,LITERATURE,1,25076513,3930758,2026-09-17T02:17:48.329450+00:00,ChEMBL_37
diazepam,Diazepam,CHEMBL12,DIAZEPAM,CN1C(=O)CN=C(c2ccccc2)c2cc(Cl)ccc21,AAOVKJBEBIDNHE-UHFFFAOYSA-N,CHEMBL4296062,Gamma-aminobutyric acid receptor subunit alpha-1/beta-3/gamma-2,PROTEIN COMPLEX,composite_target,alpha1/beta3/gamma2,CHEMBL5254709,B,Activity,=,150.0,%,,Rattus norvegicus,CHEMBL5252552,CHEMBL5252552 Bioorg Med Chem 2019,LITERATURE,1,25076515,3930758,2026-09-17T02:17:48.329450+00:00,ChEMBL_37
diazepam,Diazepam,CHEMBL12,DIAZEPAM,CN1C(=O)CN=C(c2ccccc2)c2cc(Cl)ccc21,AAOVKJBEBIDNHE-UHFFFAOYSA-N,CHEMBL4296062,Gamma-aminobutyric acid receptor subunit alpha-1/beta-3/gamma-2,PROTEIN COMPLEX,composite_target,alpha1/beta3/gamma2,CHEMBL5254710,B,Activity,=,8050.0,nanoampere,,Rattus norvegicus,CHEMBL5252552,CHEMBL5252552 Bioorg Med Chem 2019,LITERATURE,1,25076516,3930758,2026-09-17T02:17:48.329450+00:00,ChEMBL_37
diazepam,Diazepam,CHEMBL12,DIAZEPAM,CN1C(=O)CN=C(c2ccccc2)c2cc(Cl)ccc21,AAOVKJBEBIDNHE-UHFFFAOYSA-N,CHEMBL4296054,Gamma-aminobutyric acid receptor subunit alpha-6/beta-3/gamma-2,PROTEIN COMPLEX,composite_target,alpha6/beta3/gamma2,CHEMBL5254711,B,Activity,=,2370.0,nanoampere,,Rattus norvegicus,CHEMBL5252552,CHEMBL5252552 Bioorg Med Chem 2019,LITERATURE,1,25076517,3930758,2026-09-17T02:17:48.329450+00:00,ChEMBL_37
diazepam,Diazepam,CHEMBL12,DIAZEPAM,CN1C(=O)CN=C(c2ccccc2)c2cc(Cl)ccc21,AAOVKJBEBIDNHE-UHFFFAOYSA-N,CHEMBL4296052,Gamma-aminobutyric acid receptor subunit alpha-6/beta-3,PROTEIN COMPLEX,composite_target,alpha6/beta3,CHEMBL5254715,B,Activity,=,36.0,nanoampere,,Rattus norvegicus,CHEMBL5252552,CHEMBL5252552 Bioorg Med Chem 2019,LITERATURE,1,25076521,3930758,2026-09-17T02:17:48.329450+00:00,ChEMBL_37
diazepam,Diazepam,CHEMBL12,DIAZEPAM,CN1C(=O)CN=C(c2ccccc2)c2cc(Cl)ccc21,AAOVKJBEBIDNHE-UHFFFAOYSA-N,CHEMBL4296062,Gamma-aminobutyric acid receptor subunit alpha-1/beta-3/gamma-2,PROTEIN COMPLEX,composite_target,alpha1/beta3/gamma2,CHEMBL5254717,B,Activity,=,69.0,nanoampere,,Rattus norvegicus,CHEMBL5252552,CHEMBL5252552 Bioorg Med Chem 2019,LITERATURE,1,25076523,3930758,2026-09-17T02:17:48.329450+00:00,ChEMBL_37
diazepam,Diazepam,CHEMBL12,DIAZEPAM,CN1C(=O)CN=C(c2ccccc2)c2cc(Cl)ccc21,AAOVKJBEBIDNHE-UHFFFAOYSA-N,CHEMBL4296052,Gamma-aminobutyric acid receptor subunit alpha-6/beta-3,PROTEIN COMPLEX,composite_target,alpha6/beta3,CHEMBL5254718,B,Activity,=,0.5,nanoampere,,Rattus norvegicus,CHEMBL5252552,CHEMBL5252552 Bioorg Med Chem 2019,LITERATURE,1,25076524,3930758,2026-09-17T02:17:48.329450+00:00,ChEMBL_37
diazepam,Diazepam,CHEMBL12,DIAZEPAM,CN1C(=O)CN=C(c2ccccc2)c2cc(Cl)ccc21,AAOVKJBEBIDNHE-UHFFFAOYSA-N,CHEMBL4296062,Gamma-aminobutyric acid receptor subunit alpha-1/beta-3/gamma-2,PROTEIN COMPLEX,composite_target,alpha1/beta3/gamma2,CHEMBL5254720,B,Activity,=,13530.0,nanoampere,,Rattus norvegicus,CHEMBL5252552,CHEMBL5252552 Bioorg Med Chem 2019,LITERATURE,1,25076526,3930758,2026-09-17T02:17:48.329450+00:00,ChEMBL_37
diazepam,Diazepam,CHEMBL12,DIAZEPAM,CN1C(=O)CN=C(c2ccccc2)c2cc(Cl)ccc21,AAOVKJBEBIDNHE-UHFFFAOYSA-N,CHEMBL4296054,Gamma-aminobutyric acid receptor subunit alpha-6/beta-3/gamma-2,PROTEIN COMPLEX,composite_target,alpha6/beta3/gamma2,CHEMBL5254721,B,Activity,=,2650.0,nanoampere,,Rattus norvegicus,CHEMBL5252552,CHEMBL5252552 Bioorg Med Chem 2019,LITERATURE,1,25076527,3930758,2026-09-17T02:17:48.329450+00:00,ChEMBL_37
diazepam,Diazepam,CHEMBL12,DIAZEPAM,CN1C(=O)CN=C(c2ccccc2)c2cc(Cl)ccc21,AAOVKJBEBIDNHE-UHFFFAOYSA-N,CHEMBL5112,Gamma-aminobutyric acid receptor subunit alpha-5,SINGLE PROTEIN,subunit_specific,alpha5,CHEMBL991887,B,Kd,=,23.0,nM,7.64,Homo sapiens,CHEMBL1157475,CHEMBL1157475 J Med Chem 2008,LITERATURE,1,2461352,721051,2026-09-17T02:17:48.329450+00:00,ChEMBL_37
diazepam,Diazepam,CHEMBL12,DIAZEPAM,CN1C(=O)CN=C(c2ccccc2)c2cc(Cl)ccc21,AAOVKJBEBIDNHE-UHFFFAOYSA-N,CHEMBL4956,Gamma-aminobutyric acid receptor subunit alpha-2,SINGLE PROTEIN,subunit_specific,alpha2,CHEMBL4403717,B,Ki,=,17.0,nM,7.77,Homo sapiens,CHEMBL4402545,CHEMBL4402545 J Med Chem 2020,LITERATURE,1,19259380,3215700,2026-09-17T02:17:48.329450+00:00,ChEMBL_37
diazepam,Diazepam,CHEMBL12,DIAZEPAM,CN1C(=O)CN=C(c2ccccc2)c2cc(Cl)ccc21,AAOVKJBEBIDNHE-UHFFFAOYSA-N,CHEMBL5112,Gamma-aminobutyric acid receptor subunit alpha-5,SINGLE PROTEIN,subunit_specific,alpha5,CHEMBL4403720,B,Ki,=,15.0,nM,7.82,Homo sapiens,CHEMBL4402545,CHEMBL4402545 J Med Chem 2020,LITERATURE,1,19259426,3215700,2026-09-17T02:17:48.329450+00:00,ChEMBL_37
diazepam,Diazepam,CHEMBL12,DIAZEPAM,CN1C(=O)CN=C(c2ccccc2)c2cc(Cl)ccc21,AAOVKJBEBIDNHE-UHFFFAOYSA-N,CHEMBL4523641,Gamma-aminobutyric acid receptor subunit alpha-5/beta-2/gamma-2,PROTEIN COMPLEX,composite_target,alpha5/beta2/gamma2,CHEMBL5146043,B,Ki,=,11.0,nM,7.96,Homo sapiens,CHEMBL5143601,CHEMBL5143601 Bioorg Med Chem Lett 2022,LITERATURE,1,24843277,3880480,2026-09-17T02:17:48.329450+00:00,ChEMBL_37
diazepam,Diazepam,CHEMBL12,DIAZEPAM,CN1C(=O)CN=C(c2ccccc2)c2cc(Cl)ccc21,AAOVKJBEBIDNHE-UHFFFAOYSA-N,CHEMBL5291947,Gamma-aminobutyric acid receptor subunit alpha-1/alpha-6/beta-3/gamma-2,PROTEIN COMPLEX,composite_target,alpha1/alpha6/beta3/gamma2,CHEMBL5254702,B,EC50,=,360000.0,nM,,Rattus norvegicus,CHEMBL5252552,CHEMBL5252552 Bioorg Med Chem 2019,LITERATURE,1,25076505,3930758,2026-09-17T02:17:48.329450+00:00,ChEMBL_37
diazepam,Diazepam,CHEMBL12,DIAZEPAM,CN1C(=O)CN=C(c2ccccc2)c2cc(Cl)ccc21,AAOVKJBEBIDNHE-UHFFFAOYSA-N,CHEMBL5291947,Gamma-aminobutyric acid receptor subunit alpha-1/alpha-6/beta-3/gamma-2,PROTEIN COMPLEX,composite_target,alpha1/alpha6/beta3/gamma2,CHEMBL5254703,B,EC50,=,18000.0,nM,4.75,Rattus norvegicus,CHEMBL5252552,CHEMBL5252552 Bioorg Med Chem 2019,LITERATURE,1,25076506,3930758,2026-09-17T02:17:48.329450+00:00,ChEMBL_37
diazepam,Diazepam,CHEMBL12,DIAZEPAM,CN1C(=O)CN=C(c2ccccc2)c2cc(Cl)ccc21,AAOVKJBEBIDNHE-UHFFFAOYSA-N,CHEMBL5291947,Gamma-aminobutyric acid receptor subunit alpha-1/alpha-6/beta-3/gamma-2,PROTEIN COMPLEX,composite_target,alpha1/alpha6/beta3/gamma2,CHEMBL5254708,B,Activity,=,250.0,%,,Rattus norvegicus,CHEMBL5252552,CHEMBL5252552 Bioorg Med Chem 2019,LITERATURE,1,25076514,3930758,2026-09-17T02:17:48.329450+00:00,ChEMBL_37
diazepam,Diazepam,CHEMBL12,DIAZEPAM,CN1C(=O)CN=C(c2ccccc2)c2cc(Cl)ccc21,AAOVKJBEBIDNHE-UHFFFAOYSA-N,CHEMBL5291947,Gamma-aminobutyric acid receptor subunit alpha-1/alpha-6/beta-3/gamma-2,PROTEIN COMPLEX,composite_target,alpha1/alpha6/beta3/gamma2,CHEMBL5254712,B,Activity,=,9350.0,nanoampere,,Rattus norvegicus,CHEMBL5252552,CHEMBL5252552 Bioorg Med Chem 2019,LITERATURE,1,25076518,3930758,2026-09-17T02:17:48.329450+00:00,ChEMBL_37
diazepam,Diazepam,CHEMBL12,DIAZEPAM,CN1C(=O)CN=C(c2ccccc2)c2cc(Cl)ccc21,AAOVKJBEBIDNHE-UHFFFAOYSA-N,CHEMBL5291947,Gamma-aminobutyric acid receptor subunit alpha-1/alpha-6/beta-3/gamma-2,PROTEIN COMPLEX,composite_target,alpha1/alpha6/beta3/gamma2,CHEMBL5254713,B,Activity,=,810.0,nanoampere,,Rattus norvegicus,CHEMBL5252552,CHEMBL5252552 Bioorg Med Chem 2019,LITERATURE,1,25076519,3930758,2026-09-17T02:17:48.329450+00:00,ChEMBL_37
diazepam,Diazepam,CHEMBL12,DIAZEPAM,CN1C(=O)CN=C(c2ccccc2)c2cc(Cl)ccc21,AAOVKJBEBIDNHE-UHFFFAOYSA-N,CHEMBL5291948,Gamma-aminobutyric acid receptor subunit alpha-6/beta-3/alpha-1,PROTEIN COMPLEX,composite_target,alpha6/beta3/alpha1,CHEMBL5254716,B,Activity,=,51.0,nanoampere,,Rattus norvegicus,CHEMBL5252552,CHEMBL5252552 Bioorg Med Chem 2019,LITERATURE,1,25076522,3930758,2026-09-17T02:17:48.329450+00:00,ChEMBL_37
diazepam,Diazepam,CHEMBL12,DIAZEPAM,CN1C(=O)CN=C(c2ccccc2)c2cc(Cl)ccc21,AAOVKJBEBIDNHE-UHFFFAOYSA-N,CHEMBL5291950,Gamma-aminobutyric acid receptor subunit gamma-2/beta-3,PROTEIN COMPLEX,composite_target,gamma2/beta3,CHEMBL5254719,B,Activity,=,69.0,nanoampere,,Rattus norvegicus,CHEMBL5252552,CHEMBL5252552 Bioorg Med Chem 2019,LITERATURE,1,25076525,3930758,2026-09-17T02:17:48.329450+00:00,ChEMBL_37
lorazepam,Lorazepam,CHEMBL580,LORAZEPAM,O=C1Nc2ccc(Cl)cc2C(c2ccccc2Cl)=NC1O,DIWRORZWFLOCLC-UHFFFAOYSA-N,CHEMBL343,Gamma-aminobutyric acid receptor subunit alpha-1,SINGLE PROTEIN,subunit_specific,alpha1,CHEMBL5291798,B,AC50,>,10000.0,nM,,Rattus norvegicus,CHEMBL5291721,CHEMBL5291721 Nat Commun 2023,LITERATURE,1,25128178,3940594,2026-09-17T02:17:48.329450+00:00,ChEMBL_37
lorazepam,Lorazepam,CHEMBL580,LORAZEPAM,O=C1Nc2ccc(Cl)cc2C(c2ccccc2Cl)=NC1O,DIWRORZWFLOCLC-UHFFFAOYSA-N,CHEMBL343,Gamma-aminobutyric acid receptor subunit alpha-1,SINGLE PROTEIN,subunit_specific,alpha1,CHEMBL5291801,F,AC50,=,7.4,nM,8.13,Rattus norvegicus,CHEMBL5291721,CHEMBL5291721 Nat Commun 2023,LITERATURE,1,25130756,3940594,2026-09-17T02:17:48.329450+00:00,ChEMBL_37
clonazepam,Clonazepam,CHEMBL452,CLONAZEPAM,O=C1CN=C(c2ccccc2Cl)c2cc([N+](=O)[O-])ccc2N1,DGBIGWXXNGSACT-UHFFFAOYSA-N,CHEMBL2094107,GABA-A receptor; anion channel,PROTEIN COMPLEX GROUP,generic_gabaa_target,,CHEMBL685380,B,GABA ratio,=,1.97,,,Bos taurus,CHEMBL1129605,CHEMBL1129605 J Med Chem 1996,LITERATURE,1,141810,288378,2026-09-17T02:17:48.329450+00:00,ChEMBL_37
clonazepam,Clonazepam,CHEMBL452,CLONAZEPAM,O=C1CN=C(c2ccccc2Cl)c2cc([N+](=O)[O-])ccc2N1,DGBIGWXXNGSACT-UHFFFAOYSA-N,CHEMBL2094107,GABA-A receptor; anion channel,PROTEIN COMPLEX GROUP,generic_gabaa_target,,CHEMBL678602,B,Activity,=,100.0,%,,Bos taurus,CHEMBL1129605,CHEMBL1129605 J Med Chem 1996,LITERATURE,1,141811,288378,2026-09-17T02:17:48.329450+00:00,ChEMBL_37
clonazepam,Clonazepam,CHEMBL452,CLONAZEPAM,O=C1CN=C(c2ccccc2Cl)c2cc([N+](=O)[O-])ccc2N1,DGBIGWXXNGSACT-UHFFFAOYSA-N,CHEMBL2093872,GABA-A receptor; anion channel,PROTEIN COMPLEX GROUP,generic_gabaa_target,,CHEMBL650082,B,IC50,=,555904257.27,nM,,Homo sapiens,CHEMBL1128247,CHEMBL1128247 J Med Chem 1995,LITERATURE,1,275567,318748,2026-09-17T02:17:48.329450+00:00,ChEMBL_37
clonazepam,Clonazepam,CHEMBL452,CLONAZEPAM,O=C1CN=C(c2ccccc2Cl)c2cc([N+](=O)[O-])ccc2N1,DGBIGWXXNGSACT-UHFFFAOYSA-N,CHEMBL2094107,GABA-A receptor; anion channel,PROTEIN COMPLEX GROUP,generic_gabaa_target,,CHEMBL650822,B,Ki,=,0.85,nM,9.07,Bos taurus,CHEMBL1131119,CHEMBL1131119 J Med Chem 1998,LITERATURE,1,878696,239241,2026-09-17T02:17:48.329450+00:00,ChEMBL_37
clonazepam,Clonazepam,CHEMBL452,CLONAZEPAM,O=C1CN=C(c2ccccc2Cl)c2cc([N+](=O)[O-])ccc2N1,DGBIGWXXNGSACT-UHFFFAOYSA-N,CHEMBL2094107,GABA-A receptor; anion channel,PROTEIN COMPLEX GROUP,generic_gabaa_target,,CHEMBL841636,B,GABA ratio,=,1.97,,,Bos taurus,CHEMBL1131119,CHEMBL1131119 J Med Chem 1998,LITERATURE,1,878697,239241,2026-09-17T02:17:48.329450+00:00,ChEMBL_37
clonazepam,Clonazepam,CHEMBL452,CLONAZEPAM,O=C1CN=C(c2ccccc2Cl)c2cc([N+](=O)[O-])ccc2N1,DGBIGWXXNGSACT-UHFFFAOYSA-N,CHEMBL2094107,GABA-A receptor; anion channel,PROTEIN COMPLEX GROUP,generic_gabaa_target,,CHEMBL681818,B,Clonazepam,=,100.0,%,,Bos taurus,CHEMBL1131119,CHEMBL1131119 J Med Chem 1998,LITERATURE,1,878698,239241,2026-09-17T02:17:48.329450+00:00,ChEMBL_37
clonazepam,Clonazepam,CHEMBL452,CLONAZEPAM,O=C1CN=C(c2ccccc2Cl)c2cc([N+](=O)[O-])ccc2N1,DGBIGWXXNGSACT-UHFFFAOYSA-N,CHEMBL2094107,GABA-A receptor; anion channel,PROTEIN COMPLEX GROUP,generic_gabaa_target,,CHEMBL652658,B,Ki,=,0.85,nM,9.07,Bos taurus,CHEMBL1134525,CHEMBL1134525 J Med Chem 2001,LITERATURE,1,942060,132600,2026-09-17T02:17:48.329450+00:00,ChEMBL_37
clonazepam,Clonazepam,CHEMBL452,CLONAZEPAM,O=C1CN=C(c2ccccc2Cl)c2cc([N+](=O)[O-])ccc2N1,DGBIGWXXNGSACT-UHFFFAOYSA-N,CHEMBL2094107,GABA-A receptor; anion channel,PROTEIN COMPLEX GROUP,generic_gabaa_target,,CHEMBL652660,B,Ratio,=,1.97,,,Bos taurus,CHEMBL1134525,CHEMBL1134525 J Med Chem 2001,LITERATURE,1,942061,132600,2026-09-17T02:17:48.329450+00:00,ChEMBL_37
clonazepam,Clonazepam,CHEMBL452,CLONAZEPAM,O=C1CN=C(c2ccccc2Cl)c2cc([N+](=O)[O-])ccc2N1,DGBIGWXXNGSACT-UHFFFAOYSA-N,CHEMBL2094107,GABA-A receptor; anion channel,PROTEIN COMPLEX GROUP,generic_gabaa_target,,CHEMBL651481,B,Ki,=,0.85,nM,9.07,Bos taurus,CHEMBL1133176,CHEMBL1133176 J Med Chem 2000,LITERATURE,1,960283,2266,2026-09-17T02:17:48.329450+00:00,ChEMBL_37
clonazepam,Clonazepam,CHEMBL452,CLONAZEPAM,O=C1CN=C(c2ccccc2Cl)c2cc([N+](=O)[O-])ccc2N1,DGBIGWXXNGSACT-UHFFFAOYSA-N,CHEMBL2094107,GABA-A receptor; anion channel,PROTEIN COMPLEX GROUP,generic_gabaa_target,,CHEMBL648646,B,Inhibition,=,100.0,%,,Bos taurus,CHEMBL1133176,CHEMBL1133176 J Med Chem 2000,LITERATURE,1,960284,2266,2026-09-17T02:17:48.329450+00:00,ChEMBL_37
clonazepam,Clonazepam,CHEMBL452,CLONAZEPAM,O=C1CN=C(c2ccccc2Cl)c2cc([N+](=O)[O-])ccc2N1,DGBIGWXXNGSACT-UHFFFAOYSA-N,CHEMBL2094107,GABA-A receptor; anion channel,PROTEIN COMPLEX GROUP,generic_gabaa_target,,CHEMBL842708,B,GABA ratio,=,1.97,,,Bos taurus,CHEMBL1133176,CHEMBL1133176 J Med Chem 2000,LITERATURE,1,960285,2266,2026-09-17T02:17:48.329450+00:00,ChEMBL_37
clonazepam,Clonazepam,CHEMBL452,CLONAZEPAM,O=C1CN=C(c2ccccc2Cl)c2cc([N+](=O)[O-])ccc2N1,DGBIGWXXNGSACT-UHFFFAOYSA-N,CHEMBL1907607,GABA-A receptor; anion channel,PROTEIN COMPLEX GROUP,generic_gabaa_target,,CHEMBL650869,B,IC50,=,1.7,nM,8.77,Rattus norvegicus,CHEMBL1123786,CHEMBL1123786 J Med Chem 1987,LITERATURE,1,995663,27693,2026-09-17T02:17:48.329450+00:00,ChEMBL_37
clonazepam,Clonazepam,CHEMBL452,CLONAZEPAM,O=C1CN=C(c2ccccc2Cl)c2cc([N+](=O)[O-])ccc2N1,DGBIGWXXNGSACT-UHFFFAOYSA-N,CHEMBL1907607,GABA-A receptor; anion channel,PROTEIN COMPLEX GROUP,generic_gabaa_target,,CHEMBL650878,B,IC50,=,1.7,nM,8.77,Rattus norvegicus,CHEMBL1124015,CHEMBL1124015 J Med Chem 1988,LITERATURE,1,1016962,128089,2026-09-17T02:17:48.329450+00:00,ChEMBL_37
clonazepam,Clonazepam,CHEMBL452,CLONAZEPAM,O=C1CN=C(c2ccccc2Cl)c2cc([N+](=O)[O-])ccc2N1,DGBIGWXXNGSACT-UHFFFAOYSA-N,CHEMBL2093872,GABA-A receptor; anion channel,PROTEIN COMPLEX GROUP,generic_gabaa_target,,CHEMBL839964,B,Ki,=,0.85,nM,9.07,Homo sapiens,CHEMBL1144412,CHEMBL1144412 J Med Chem 2005,LITERATURE,1,1505241,389217,2026-09-17T02:17:48.329450+00:00,ChEMBL_37
clonazepam,Clonazepam,CHEMBL452,CLONAZEPAM,O=C1CN=C(c2ccccc2Cl)c2cc([N+](=O)[O-])ccc2N1,DGBIGWXXNGSACT-UHFFFAOYSA-N,CHEMBL343,Gamma-aminobutyric acid receptor subunit alpha-1,SINGLE PROTEIN,subunit_specific,alpha1,CHEMBL5291798,B,AC50,>,10000.0,nM,,Rattus norvegicus,CHEMBL5291721,CHEMBL5291721 Nat Commun 2023,LITERATURE,1,25128433,3940133,2026-09-17T02:17:48.329450+00:00,ChEMBL_37
clonazepam,Clonazepam,CHEMBL452,CLONAZEPAM,O=C1CN=C(c2ccccc2Cl)c2cc([N+](=O)[O-])ccc2N1,DGBIGWXXNGSACT-UHFFFAOYSA-N,CHEMBL343,Gamma-aminobutyric acid receptor subunit alpha-1,SINGLE PROTEIN,subunit_specific,alpha1,CHEMBL5291801,F,AC50,=,2.5,nM,8.6,Rattus norvegicus,CHEMBL5291721,CHEMBL5291721 Nat Commun 2023,LITERATURE,1,25131041,3940133,2026-09-17T02:17:48.329450+00:00,ChEMBL_37
alprazolam,Alprazolam,CHEMBL661,ALPRAZOLAM,Cc1nnc2n1-c1ccc(Cl)cc1C(c1ccccc1)=NC2,VREFGVBLTWBCJP-UHFFFAOYSA-N,CHEMBL1907607,GABA-A receptor; anion channel,PROTEIN COMPLEX GROUP,generic_gabaa_target,,CHEMBL789194,F,Ki,=,3.3,nM,8.48,Rattus norvegicus,CHEMBL1135642,CHEMBL1135642 J Med Chem 2002,LITERATURE,1,350409,287305,2026-09-17T02:17:48.329450+00:00,ChEMBL_37
alprazolam,Alprazolam,CHEMBL661,ALPRAZOLAM,Cc1nnc2n1-c1ccc(Cl)cc1C(c1ccccc1)=NC2,VREFGVBLTWBCJP-UHFFFAOYSA-N,CHEMBL2094133,GABA-A receptor; anion channel,PROTEIN COMPLEX GROUP,generic_gabaa_target,,CHEMBL878039,F,ED50,=,2.9,umol.kg-1,,Mus musculus,CHEMBL1123326,CHEMBL1123326 J Med Chem 1986,LITERATURE,1,679541,39973,2026-09-17T02:17:48.329450+00:00,ChEMBL_37
alprazolam,Alprazolam,CHEMBL661,ALPRAZOLAM,Cc1nnc2n1-c1ccc(Cl)cc1C(c1ccccc1)=NC2,VREFGVBLTWBCJP-UHFFFAOYSA-N,CHEMBL2095172,GABA-A receptor; alpha-1/beta-2/gamma-2,PROTEIN COMPLEX,composite_target,alpha1/beta2/gamma2,CHEMBL5146040,B,Ki,=,0.8,nM,9.1,Homo sapiens,CHEMBL5143601,CHEMBL5143601 Bioorg Med Chem Lett 2022,LITERATURE,1,24843226,3880492,2026-09-17T02:17:48.329450+00:00,ChEMBL_37
alprazolam,Alprazolam,CHEMBL661,ALPRAZOLAM,Cc1nnc2n1-c1ccc(Cl)cc1C(c1ccccc1)=NC2,VREFGVBLTWBCJP-UHFFFAOYSA-N,CHEMBL2111339,GABA A receptor alpha-3/beta-2/gamma-2,PROTEIN COMPLEX,composite_target,alpha3/beta2/gamma2,CHEMBL5146042,B,Ki,=,1.4,nM,8.85,Homo sapiens,CHEMBL5143601,CHEMBL5143601 Bioorg Med Chem Lett 2022,LITERATURE,1,24843268,3880492,2026-09-17T02:17:48.329450+00:00,ChEMBL_37
alprazolam,Alprazolam,CHEMBL661,ALPRAZOLAM,Cc1nnc2n1-c1ccc(Cl)cc1C(c1ccccc1)=NC2,VREFGVBLTWBCJP-UHFFFAOYSA-N,CHEMBL1962,Gamma-aminobutyric acid receptor subunit alpha-1,SINGLE PROTEIN,subunit_specific,alpha1,CHEMBL881716,B,Activity,=,327.0,%,,Homo sapiens,CHEMBL1135642,CHEMBL1135642 J Med Chem 2002,LITERATURE,1,350410,287305,2026-09-17T02:17:48.329450+00:00,ChEMBL_37
alprazolam,Alprazolam,CHEMBL661,ALPRAZOLAM,Cc1nnc2n1-c1ccc(Cl)cc1C(c1ccccc1)=NC2,VREFGVBLTWBCJP-UHFFFAOYSA-N,CHEMBL1962,Gamma-aminobutyric acid receptor subunit alpha-1,SINGLE PROTEIN,subunit_specific,alpha1,CHEMBL823141,B,EC50,=,37.0,nM,7.43,Homo sapiens,CHEMBL1135642,CHEMBL1135642 J Med Chem 2002,LITERATURE,1,350411,287305,2026-09-17T02:17:48.329450+00:00,ChEMBL_37
alprazolam,Alprazolam,CHEMBL661,ALPRAZOLAM,Cc1nnc2n1-c1ccc(Cl)cc1C(c1ccccc1)=NC2,VREFGVBLTWBCJP-UHFFFAOYSA-N,CHEMBL3026,Gamma-aminobutyric acid receptor subunit alpha-3,SINGLE PROTEIN,subunit_specific,alpha3,CHEMBL678893,B,Activity,=,774.0,%,,Homo sapiens,CHEMBL1135642,CHEMBL1135642 J Med Chem 2002,LITERATURE,1,350414,287305,2026-09-17T02:17:48.329450+00:00,ChEMBL_37
alprazolam,Alprazolam,CHEMBL661,ALPRAZOLAM,Cc1nnc2n1-c1ccc(Cl)cc1C(c1ccccc1)=NC2,VREFGVBLTWBCJP-UHFFFAOYSA-N,CHEMBL3026,Gamma-aminobutyric acid receptor subunit alpha-3,SINGLE PROTEIN,subunit_specific,alpha3,CHEMBL678894,B,EC50,=,69.0,nM,7.16,Homo sapiens,CHEMBL1135642,CHEMBL1135642 J Med Chem 2002,LITERATURE,1,350415,287305,2026-09-17T02:17:48.329450+00:00,ChEMBL_37
alprazolam,Alprazolam,CHEMBL661,ALPRAZOLAM,Cc1nnc2n1-c1ccc(Cl)cc1C(c1ccccc1)=NC2,VREFGVBLTWBCJP-UHFFFAOYSA-N,CHEMBL2111413,GABA A receptor alpha-2/beta-2/gamma-2,PROTEIN COMPLEX,composite_target,alpha2/beta2/gamma2,CHEMBL5146041,B,Ki,=,0.6,nM,9.22,Homo sapiens,CHEMBL5143601,CHEMBL5143601 Bioorg Med Chem Lett 2022,LITERATURE,1,24843247,3880492,2026-09-17T02:17:48.329450+00:00,ChEMBL_37
alprazolam,Alprazolam,CHEMBL661,ALPRAZOLAM,Cc1nnc2n1-c1ccc(Cl)cc1C(c1ccccc1)=NC2,VREFGVBLTWBCJP-UHFFFAOYSA-N,CHEMBL343,Gamma-aminobutyric acid receptor subunit alpha-1,SINGLE PROTEIN,subunit_specific,alpha1,CHEMBL5291798,B,AC50,>,10000.0,nM,,Rattus norvegicus,CHEMBL5291721,CHEMBL5291721 Nat Commun 2023,LITERATURE,1,25128552,3939811,2026-09-17T02:17:48.329450+00:00,ChEMBL_37
alprazolam,Alprazolam,CHEMBL661,ALPRAZOLAM,Cc1nnc2n1-c1ccc(Cl)cc1C(c1ccccc1)=NC2,VREFGVBLTWBCJP-UHFFFAOYSA-N,CHEMBL343,Gamma-aminobutyric acid receptor subunit alpha-1,SINGLE PROTEIN,subunit_specific,alpha1,CHEMBL5291801,F,AC50,=,4.2,nM,8.38,Rattus norvegicus,CHEMBL5291721,CHEMBL5291721 Nat Commun 2023,LITERATURE,1,25131170,3939811,2026-09-17T02:17:48.329450+00:00,ChEMBL_37
alprazolam,Alprazolam,CHEMBL661,ALPRAZOLAM,Cc1nnc2n1-c1ccc(Cl)cc1C(c1ccccc1)=NC2,VREFGVBLTWBCJP-UHFFFAOYSA-N,CHEMBL4956,Gamma-aminobutyric acid receptor subunit alpha-2,SINGLE PROTEIN,subunit_specific,alpha2,CHEMBL678888,B,Activity,=,333.0,%,,Homo sapiens,CHEMBL1135642,CHEMBL1135642 J Med Chem 2002,LITERATURE,1,350412,287305,2026-09-17T02:17:48.329450+00:00,ChEMBL_37
alprazolam,Alprazolam,CHEMBL661,ALPRAZOLAM,Cc1nnc2n1-c1ccc(Cl)cc1C(c1ccccc1)=NC2,VREFGVBLTWBCJP-UHFFFAOYSA-N,CHEMBL4956,Gamma-aminobutyric acid receptor subunit alpha-2,SINGLE PROTEIN,subunit_specific,alpha2,CHEMBL678889,B,EC50,=,12.0,nM,7.92,Homo sapiens,CHEMBL1135642,CHEMBL1135642 J Med Chem 2002,LITERATURE,1,350413,287305,2026-09-17T02:17:48.329450+00:00,ChEMBL_37
alprazolam,Alprazolam,CHEMBL661,ALPRAZOLAM,Cc1nnc2n1-c1ccc(Cl)cc1C(c1ccccc1)=NC2,VREFGVBLTWBCJP-UHFFFAOYSA-N,CHEMBL5112,Gamma-aminobutyric acid receptor subunit alpha-5,SINGLE PROTEIN,subunit_specific,alpha5,CHEMBL680329,B,Activity,=,206.0,%,,Homo sapiens,CHEMBL1135642,CHEMBL1135642 J Med Chem 2002,LITERATURE,1,350416,287305,2026-09-17T02:17:48.329450+00:00,ChEMBL_37
alprazolam,Alprazolam,CHEMBL661,ALPRAZOLAM,Cc1nnc2n1-c1ccc(Cl)cc1C(c1ccccc1)=NC2,VREFGVBLTWBCJP-UHFFFAOYSA-N,CHEMBL5112,Gamma-aminobutyric acid receptor subunit alpha-5,SINGLE PROTEIN,subunit_specific,alpha5,CHEMBL680330,B,EC50,=,10.0,nM,8.0,Homo sapiens,CHEMBL1135642,CHEMBL1135642 J Med Chem 2002,LITERATURE,1,350417,287305,2026-09-17T02:17:48.329450+00:00,ChEMBL_37
alprazolam,Alprazolam,CHEMBL661,ALPRAZOLAM,Cc1nnc2n1-c1ccc(Cl)cc1C(c1ccccc1)=NC2,VREFGVBLTWBCJP-UHFFFAOYSA-N,CHEMBL4523641,Gamma-aminobutyric acid receptor subunit alpha-5/beta-2/gamma-2,PROTEIN COMPLEX,composite_target,alpha5/beta2/gamma2,CHEMBL5146043,B,Ki,=,1.5,nM,8.82,Homo sapiens,CHEMBL5143601,CHEMBL5143601 Bioorg Med Chem Lett 2022,LITERATURE,1,24843289,3880492,2026-09-17T02:17:48.329450+00:00,ChEMBL_37
midazolam,Midazolam,CHEMBL655,MIDAZOLAM,Cc1ncc2n1-c1ccc(Cl)cc1C(c1ccccc1F)=NC2,DDLIGBOFAVUZHB-UHFFFAOYSA-N,CHEMBL1907607,GABA-A receptor; anion channel,PROTEIN COMPLEX GROUP,generic_gabaa_target,,CHEMBL648647,B,Ki,=,2.0,nM,8.7,Rattus norvegicus,CHEMBL1134955,CHEMBL1134955 Bioorg Med Chem Lett 2002,LITERATURE,1,520131,205567,2026-09-17T02:17:48.329450+00:00,ChEMBL_37
midazolam,Midazolam,CHEMBL655,MIDAZOLAM,Cc1ncc2n1-c1ccc(Cl)cc1C(c1ccccc1F)=NC2,DDLIGBOFAVUZHB-UHFFFAOYSA-N,CHEMBL343,Gamma-aminobutyric acid receptor subunit alpha-1,SINGLE PROTEIN,subunit_specific,alpha1,CHEMBL5291798,B,AC50,>,10000.0,nM,,Rattus norvegicus,CHEMBL5291721,CHEMBL5291721 Nat Commun 2023,LITERATURE,1,25128550,3940707,2026-09-17T02:17:48.329450+00:00,ChEMBL_37
midazolam,Midazolam,CHEMBL655,MIDAZOLAM,Cc1ncc2n1-c1ccc(Cl)cc1C(c1ccccc1F)=NC2,DDLIGBOFAVUZHB-UHFFFAOYSA-N,CHEMBL343,Gamma-aminobutyric acid receptor subunit alpha-1,SINGLE PROTEIN,subunit_specific,alpha1,CHEMBL5291801,F,AC50,=,2.5,nM,8.6,Rattus norvegicus,CHEMBL5291721,CHEMBL5291721 Nat Commun 2023,LITERATURE,1,25131168,3940707,2026-09-17T02:17:48.329450+00:00,ChEMBL_37
temazepam,Temazepam,CHEMBL967,TEMAZEPAM,CN1C(=O)C(O)N=C(c2ccccc2)c2cc(Cl)ccc21,SEQDDYPDSLOBDC-UHFFFAOYSA-N,CHEMBL2093872,GABA-A receptor; anion channel,PROTEIN COMPLEX GROUP,generic_gabaa_target,,CHEMBL650082,B,IC50,=,62517269.28,nM,,Homo sapiens,CHEMBL1128247,CHEMBL1128247 J Med Chem 1995,LITERATURE,1,292495,318716,2026-09-17T02:17:48.329450+00:00,ChEMBL_37
temazepam,Temazepam,CHEMBL967,TEMAZEPAM,CN1C(=O)C(O)N=C(c2ccccc2)c2cc(Cl)ccc21,SEQDDYPDSLOBDC-UHFFFAOYSA-N,CHEMBL343,Gamma-aminobutyric acid receptor subunit alpha-1,SINGLE PROTEIN,subunit_specific,alpha1,CHEMBL5291798,B,AC50,>,10000.0,nM,,Rattus norvegicus,CHEMBL5291721,CHEMBL5291721 Nat Commun 2023,LITERATURE,1,25128227,3941138,2026-09-17T02:17:48.329450+00:00,ChEMBL_37
temazepam,Temazepam,CHEMBL967,TEMAZEPAM,CN1C(=O)C(O)N=C(c2ccccc2)c2cc(Cl)ccc21,SEQDDYPDSLOBDC-UHFFFAOYSA-N,CHEMBL343,Gamma-aminobutyric acid receptor subunit alpha-1,SINGLE PROTEIN,subunit_specific,alpha1,CHEMBL5291801,F,AC50,=,44.0,nM,7.36,Rattus norvegicus,CHEMBL5291721,CHEMBL5291721 Nat Commun 2023,LITERATURE,1,25130811,3941138,2026-09-17T02:17:48.329450+00:00,ChEMBL_37
triazolam,Triazolam,CHEMBL646,TRIAZOLAM,Cc1nnc2n1-c1ccc(Cl)cc1C(c1ccccc1Cl)=NC2,JOFWLTCLBGQGBO-UHFFFAOYSA-N,CHEMBL2094121,GABA-A receptor; alpha-1/beta-3/gamma-2,PROTEIN COMPLEX,composite_target,alpha1/beta3/gamma2,CHEMBL678329,B,Ki,=,0.8,nM,9.1,Homo sapiens,CHEMBL1132940,CHEMBL1132940 J Med Chem 2000,LITERATURE,1,599586,343980,2026-09-17T02:17:48.329450+00:00,ChEMBL_37
triazolam,Triazolam,CHEMBL646,TRIAZOLAM,Cc1nnc2n1-c1ccc(Cl)cc1C(c1ccccc1Cl)=NC2,JOFWLTCLBGQGBO-UHFFFAOYSA-N,CHEMBL2094130,GABA-A receptor; alpha-2/beta-3/gamma-2,PROTEIN COMPLEX,composite_target,alpha2/beta3/gamma2,CHEMBL681248,B,Ki,=,0.59,nM,9.23,Homo sapiens,CHEMBL1132940,CHEMBL1132940 J Med Chem 2000,LITERATURE,1,599587,343980,2026-09-17T02:17:48.329450+00:00,ChEMBL_37
triazolam,Triazolam,CHEMBL646,TRIAZOLAM,Cc1nnc2n1-c1ccc(Cl)cc1C(c1ccccc1Cl)=NC2,JOFWLTCLBGQGBO-UHFFFAOYSA-N,CHEMBL2094120,GABA-A receptor; alpha-3/beta-3/gamma-2,PROTEIN COMPLEX,composite_target,alpha3/beta3/gamma2,CHEMBL682251,B,Ki,=,1.43,nM,8.85,Homo sapiens,CHEMBL1132940,CHEMBL1132940 J Med Chem 2000,LITERATURE,1,599588,343980,2026-09-17T02:17:48.329450+00:00,ChEMBL_37
triazolam,Triazolam,CHEMBL646,TRIAZOLAM,Cc1nnc2n1-c1ccc(Cl)cc1C(c1ccccc1Cl)=NC2,JOFWLTCLBGQGBO-UHFFFAOYSA-N,CHEMBL2094122,GABA-A receptor; alpha-5/beta-3/gamma-2,PROTEIN COMPLEX,composite_target,alpha5/beta3/gamma2,CHEMBL681480,B,Ki,=,1.54,nM,8.81,Homo sapiens,CHEMBL1132940,CHEMBL1132940 J Med Chem 2000,LITERATURE,1,599589,343980,2026-09-17T02:17:48.329450+00:00,ChEMBL_37
triazolam,Triazolam,CHEMBL646,TRIAZOLAM,Cc1nnc2n1-c1ccc(Cl)cc1C(c1ccccc1Cl)=NC2,JOFWLTCLBGQGBO-UHFFFAOYSA-N,CHEMBL2095190,GABA-A receptor; alpha-6/beta-3/gamma-2,PROTEIN COMPLEX,composite_target,alpha6/beta3/gamma2,CHEMBL683045,B,Ki,>,10000.0,nM,,Homo sapiens,CHEMBL1132940,CHEMBL1132940 J Med Chem 2000,LITERATURE,1,599590,343980,2026-09-17T02:17:48.329450+00:00,ChEMBL_37
triazolam,Triazolam,CHEMBL646,TRIAZOLAM,Cc1nnc2n1-c1ccc(Cl)cc1C(c1ccccc1Cl)=NC2,JOFWLTCLBGQGBO-UHFFFAOYSA-N,CHEMBL1907607,GABA-A receptor; anion channel,PROTEIN COMPLEX GROUP,generic_gabaa_target,,CHEMBL648139,B,Ki,=,0.8,nM,9.1,Rattus norvegicus,CHEMBL1127024,CHEMBL1127024 J Med Chem 1993,LITERATURE,1,684273,89608,2026-09-17T02:17:48.329450+00:00,ChEMBL_37
triazolam,Triazolam,CHEMBL646,TRIAZOLAM,Cc1nnc2n1-c1ccc(Cl)cc1C(c1ccccc1Cl)=NC2,JOFWLTCLBGQGBO-UHFFFAOYSA-N,CHEMBL1907607,GABA-A receptor; anion channel,PROTEIN COMPLEX GROUP,generic_gabaa_target,,CHEMBL648138,B,Ki,=,2086.0,nM,5.68,Rattus norvegicus,CHEMBL1127024,CHEMBL1127024 J Med Chem 1993,LITERATURE,1,684274,89608,2026-09-17T02:17:48.329450+00:00,ChEMBL_37
triazolam,Triazolam,CHEMBL646,TRIAZOLAM,Cc1nnc2n1-c1ccc(Cl)cc1C(c1ccccc1Cl)=NC2,JOFWLTCLBGQGBO-UHFFFAOYSA-N,CHEMBL1907607,GABA-A receptor; anion channel,PROTEIN COMPLEX GROUP,generic_gabaa_target,,CHEMBL851452,B,Ratio,=,2608.0,,,Rattus norvegicus,CHEMBL1127024,CHEMBL1127024 J Med Chem 1993,LITERATURE,1,684275,89608,2026-09-17T02:17:48.329450+00:00,ChEMBL_37
triazolam,Triazolam,CHEMBL646,TRIAZOLAM,Cc1nnc2n1-c1ccc(Cl)cc1C(c1ccccc1Cl)=NC2,JOFWLTCLBGQGBO-UHFFFAOYSA-N,CHEMBL1962,Gamma-aminobutyric acid receptor subunit alpha-1,SINGLE PROTEIN,subunit_specific,alpha1,CHEMBL991886,B,Kd,=,1.0,nM,9.0,Homo sapiens,CHEMBL1157475,CHEMBL1157475 J Med Chem 2008,LITERATURE,1,2461330,721052,2026-09-17T02:17:48.329450+00:00,ChEMBL_37
triazolam,Triazolam,CHEMBL646,TRIAZOLAM,Cc1nnc2n1-c1ccc(Cl)cc1C(c1ccccc1Cl)=NC2,JOFWLTCLBGQGBO-UHFFFAOYSA-N,CHEMBL343,Gamma-aminobutyric acid receptor subunit alpha-1,SINGLE PROTEIN,subunit_specific,alpha1,CHEMBL5291798,B,AC50,>,10000.0,nM,,Rattus norvegicus,CHEMBL5291721,CHEMBL5291721 Nat Commun 2023,LITERATURE,1,25128553,3941216,2026-09-17T02:17:48.329450+00:00,ChEMBL_37
triazolam,Triazolam,CHEMBL646,TRIAZOLAM,Cc1nnc2n1-c1ccc(Cl)cc1C(c1ccccc1Cl)=NC2,JOFWLTCLBGQGBO-UHFFFAOYSA-N,CHEMBL343,Gamma-aminobutyric acid receptor subunit alpha-1,SINGLE PROTEIN,subunit_specific,alpha1,CHEMBL5291801,F,AC50,=,1.1,nM,8.96,Rattus norvegicus,CHEMBL5291721,CHEMBL5291721 Nat Commun 2023,LITERATURE,1,25131171,3941216,2026-09-17T02:17:48.329450+00:00,ChEMBL_37
triazolam,Triazolam,CHEMBL646,TRIAZOLAM,Cc1nnc2n1-c1ccc(Cl)cc1C(c1ccccc1Cl)=NC2,JOFWLTCLBGQGBO-UHFFFAOYSA-N,CHEMBL5112,Gamma-aminobutyric acid receptor subunit alpha-5,SINGLE PROTEIN,subunit_specific,alpha5,CHEMBL991887,B,Kd,=,4.0,nM,8.4,Homo sapiens,CHEMBL1157475,CHEMBL1157475 J Med Chem 2008,LITERATURE,1,2461351,721052,2026-09-17T02:17:48.329450+00:00,ChEMBL_37
zolpidem,Zolpidem,CHEMBL911,ZOLPIDEM,Cc1ccc(-c2nc3ccc(C)cn3c2CC(=O)N(C)C)cc1,ZAFYATHCZYHLPB-UHFFFAOYSA-N,CHEMBL2095167,GABA-A receptor; alpha-1/beta-2/gamma-2,PROTEIN COMPLEX,composite_target,alpha1/beta2/gamma2,CHEMBL822941,B,Ki,=,19.0,nM,7.72,Rattus norvegicus,CHEMBL1127312,CHEMBL1127312 J Med Chem 1994,LITERATURE,1,331765,273081,2026-09-17T02:17:48.329450+00:00,ChEMBL_37
zolpidem,Zolpidem,CHEMBL911,ZOLPIDEM,Cc1ccc(-c2nc3ccc(C)cn3c2CC(=O)N(C)C)cc1,ZAFYATHCZYHLPB-UHFFFAOYSA-N,CHEMBL2111343,GABA A receptor alpha-3/beta-2/gamma-2,PROTEIN COMPLEX,composite_target,alpha3/beta2/gamma2,CHEMBL823756,B,Ki,=,400.0,nM,6.4,Rattus norvegicus,CHEMBL1127312,CHEMBL1127312 J Med Chem 1994,LITERATURE,1,331766,273081,2026-09-17T02:17:48.329450+00:00,ChEMBL_37
zolpidem,Zolpidem,CHEMBL911,ZOLPIDEM,Cc1ccc(-c2nc3ccc(C)cn3c2CC(=O)N(C)C)cc1,ZAFYATHCZYHLPB-UHFFFAOYSA-N,CHEMBL2111365,GABA A receptor alpha-6/beta-2/gamma-2,PROTEIN COMPLEX,composite_target,alpha6/beta2/gamma2,CHEMBL824042,B,Ki,>,10000.0,nM,,Rattus norvegicus,CHEMBL1127312,CHEMBL1127312 J Med Chem 1994,LITERATURE,1,331769,273081,2026-09-17T02:17:48.329450+00:00,ChEMBL_37
zolpidem,Zolpidem,CHEMBL911,ZOLPIDEM,Cc1ccc(-c2nc3ccc(C)cn3c2CC(=O)N(C)C)cc1,ZAFYATHCZYHLPB-UHFFFAOYSA-N,CHEMBL2095167,GABA-A receptor; alpha-1/beta-2/gamma-2,PROTEIN COMPLEX,composite_target,alpha1/beta2/gamma2,CHEMBL822943,B,Ki,>,10000.0,nM,,Rattus norvegicus,CHEMBL1127312,CHEMBL1127312 J Med Chem 1994,LITERATURE,1,331770,273081,2026-09-17T02:17:48.329450+00:00,ChEMBL_37
zolpidem,Zolpidem,CHEMBL911,ZOLPIDEM,Cc1ccc(-c2nc3ccc(C)cn3c2CC(=O)N(C)C)cc1,ZAFYATHCZYHLPB-UHFFFAOYSA-N,CHEMBL2111365,GABA A receptor alpha-6/beta-2/gamma-2,PROTEIN COMPLEX,composite_target,alpha6/beta2/gamma2,CHEMBL824044,B,Ki,>,10000.0,nM,,Rattus norvegicus,CHEMBL1127312,CHEMBL1127312 J Med Chem 1994,LITERATURE,1,331772,273081,2026-09-17T02:17:48.329450+00:00,ChEMBL_37
zolpidem,Zolpidem,CHEMBL911,ZOLPIDEM,Cc1ccc(-c2nc3ccc(C)cn3c2CC(=O)N(C)C)cc1,ZAFYATHCZYHLPB-UHFFFAOYSA-N,CHEMBL2111365,GABA A receptor alpha-6/beta-2/gamma-2,PROTEIN COMPLEX,composite_target,alpha6/beta2/gamma2,CHEMBL824046,B,Ki,>,10000.0,nM,,Rattus norvegicus,CHEMBL1127312,CHEMBL1127312 J Med Chem 1994,LITERATURE,1,331773,273081,2026-09-17T02:17:48.329450+00:00,ChEMBL_37
zolpidem,Zolpidem,CHEMBL911,ZOLPIDEM,Cc1ccc(-c2nc3ccc(C)cn3c2CC(=O)N(C)C)cc1,ZAFYATHCZYHLPB-UHFFFAOYSA-N,CHEMBL2111365,GABA A receptor alpha-6/beta-2/gamma-2,PROTEIN COMPLEX,composite_target,alpha6/beta2/gamma2,CHEMBL824047,B,Ki,=,980.0,nM,6.01,Rattus norvegicus,CHEMBL1127312,CHEMBL1127312 J Med Chem 1994,LITERATURE,1,331774,273081,2026-09-17T02:17:48.329450+00:00,ChEMBL_37
zolpidem,Zolpidem,CHEMBL911,ZOLPIDEM,Cc1ccc(-c2nc3ccc(C)cn3c2CC(=O)N(C)C)cc1,ZAFYATHCZYHLPB-UHFFFAOYSA-N,CHEMBL2111365,GABA A receptor alpha-6/beta-2/gamma-2,PROTEIN COMPLEX,composite_target,alpha6/beta2/gamma2,CHEMBL824049,B,Ki,=,1400.0,nM,5.85,Rattus norvegicus,CHEMBL1127312,CHEMBL1127312 J Med Chem 1994,LITERATURE,1,331775,273081,2026-09-17T02:17:48.329450+00:00,ChEMBL_37
zolpidem,Zolpidem,CHEMBL911,ZOLPIDEM,Cc1ccc(-c2nc3ccc(C)cn3c2CC(=O)N(C)C)cc1,ZAFYATHCZYHLPB-UHFFFAOYSA-N,CHEMBL1907607,GABA-A receptor; anion channel,PROTEIN COMPLEX GROUP,generic_gabaa_target,,CHEMBL789194,F,Ki,=,48.0,nM,7.32,Rattus norvegicus,CHEMBL1135642,CHEMBL1135642 J Med Chem 2002,LITERATURE,1,346463,287306,2026-09-17T02:17:48.329450+00:00,ChEMBL_37
zolpidem,Zolpidem,CHEMBL911,ZOLPIDEM,Cc1ccc(-c2nc3ccc(C)cn3c2CC(=O)N(C)C)cc1,ZAFYATHCZYHLPB-UHFFFAOYSA-N,CHEMBL2095172,GABA-A receptor; alpha-1/beta-2/gamma-2,PROTEIN COMPLEX,composite_target,alpha1/beta2/gamma2,CHEMBL678631,B,IC50,=,46.3,nM,7.33,Homo sapiens,CHEMBL1130521,CHEMBL1130521 Bioorg Med Chem Lett 1997,LITERATURE,1,574083,131355,2026-09-17T02:17:48.329450+00:00,ChEMBL_37
zolpidem,Zolpidem,CHEMBL911,ZOLPIDEM,Cc1ccc(-c2nc3ccc(C)cn3c2CC(=O)N(C)C)cc1,ZAFYATHCZYHLPB-UHFFFAOYSA-N,CHEMBL2095172,GABA-A receptor; alpha-1/beta-2/gamma-2,PROTEIN COMPLEX,composite_target,alpha1/beta2/gamma2,CHEMBL678631,B,IC50,>=,10000.0,nM,,Homo sapiens,CHEMBL1130521,CHEMBL1130521 Bioorg Med Chem Lett 1997,LITERATURE,1,574084,131355,2026-09-17T02:17:48.329450+00:00,ChEMBL_37
zolpidem,Zolpidem,CHEMBL911,ZOLPIDEM,Cc1ccc(-c2nc3ccc(C)cn3c2CC(=O)N(C)C)cc1,ZAFYATHCZYHLPB-UHFFFAOYSA-N,CHEMBL2094121,GABA-A receptor; alpha-1/beta-3/gamma-2,PROTEIN COMPLEX,composite_target,alpha1/beta3/gamma2,CHEMBL676826,B,Ki,=,27.0,nM,7.57,Homo sapiens,CHEMBL1149126,CHEMBL1149126 J Med Chem 2004,LITERATURE,1,595754,88527,2026-09-17T02:17:48.329450+00:00,ChEMBL_37
zolpidem,Zolpidem,CHEMBL911,ZOLPIDEM,Cc1ccc(-c2nc3ccc(C)cn3c2CC(=O)N(C)C)cc1,ZAFYATHCZYHLPB-UHFFFAOYSA-N,CHEMBL2094130,GABA-A receptor; alpha-2/beta-3/gamma-2,PROTEIN COMPLEX,composite_target,alpha2/beta3/gamma2,CHEMBL681841,B,Ki,=,160.0,nM,6.8,Homo sapiens,CHEMBL1149126,CHEMBL1149126 J Med Chem 2004,LITERATURE,1,595755,88527,2026-09-17T02:17:48.329450+00:00,ChEMBL_37
zolpidem,Zolpidem,CHEMBL911,ZOLPIDEM,Cc1ccc(-c2nc3ccc(C)cn3c2CC(=O)N(C)C)cc1,ZAFYATHCZYHLPB-UHFFFAOYSA-N,CHEMBL2094120,GABA-A receptor; alpha-3/beta-3/gamma-2,PROTEIN COMPLEX,composite_target,alpha3/beta3/gamma2,CHEMBL678741,B,Ki,=,380.0,nM,6.42,Homo sapiens,CHEMBL1149126,CHEMBL1149126 J Med Chem 2004,LITERATURE,1,595756,88527,2026-09-17T02:17:48.329450+00:00,ChEMBL_37
zolpidem,Zolpidem,CHEMBL911,ZOLPIDEM,Cc1ccc(-c2nc3ccc(C)cn3c2CC(=O)N(C)C)cc1,ZAFYATHCZYHLPB-UHFFFAOYSA-N,CHEMBL2094122,GABA-A receptor; alpha-5/beta-3/gamma-2,PROTEIN COMPLEX,composite_target,alpha5/beta3/gamma2,CHEMBL678745,B,Ki,>,15000.0,nM,,Homo sapiens,CHEMBL1149126,CHEMBL1149126 J Med Chem 2004,LITERATURE,1,595757,88527,2026-09-17T02:17:48.329450+00:00,ChEMBL_37
zolpidem,Zolpidem,CHEMBL911,ZOLPIDEM,Cc1ccc(-c2nc3ccc(C)cn3c2CC(=O)N(C)C)cc1,ZAFYATHCZYHLPB-UHFFFAOYSA-N,CHEMBL2094121,GABA-A receptor; alpha-1/beta-3/gamma-2,PROTEIN COMPLEX,composite_target,alpha1/beta3/gamma2,CHEMBL678329,B,Ki,=,26.7,nM,7.57,Homo sapiens,CHEMBL1132940,CHEMBL1132940 J Med Chem 2000,LITERATURE,1,618407,343983,2026-09-17T02:17:48.329450+00:00,ChEMBL_37
zolpidem,Zolpidem,CHEMBL911,ZOLPIDEM,Cc1ccc(-c2nc3ccc(C)cn3c2CC(=O)N(C)C)cc1,ZAFYATHCZYHLPB-UHFFFAOYSA-N,CHEMBL2094130,GABA-A receptor; alpha-2/beta-3/gamma-2,PROTEIN COMPLEX,composite_target,alpha2/beta3/gamma2,CHEMBL681248,B,Ki,=,156.0,nM,6.81,Homo sapiens,CHEMBL1132940,CHEMBL1132940 J Med Chem 2000,LITERATURE,1,618408,343983,2026-09-17T02:17:48.329450+00:00,ChEMBL_37
zolpidem,Zolpidem,CHEMBL911,ZOLPIDEM,Cc1ccc(-c2nc3ccc(C)cn3c2CC(=O)N(C)C)cc1,ZAFYATHCZYHLPB-UHFFFAOYSA-N,CHEMBL2094120,GABA-A receptor; alpha-3/beta-3/gamma-2,PROTEIN COMPLEX,composite_target,alpha3/beta3/gamma2,CHEMBL682251,B,Ki,=,383.0,nM,6.42,Homo sapiens,CHEMBL1132940,CHEMBL1132940 J Med Chem 2000,LITERATURE,1,618409,343983,2026-09-17T02:17:48.329450+00:00,ChEMBL_37
zolpidem,Zolpidem,CHEMBL911,ZOLPIDEM,Cc1ccc(-c2nc3ccc(C)cn3c2CC(=O)N(C)C)cc1,ZAFYATHCZYHLPB-UHFFFAOYSA-N,CHEMBL2094122,GABA-A receptor; alpha-5/beta-3/gamma-2,PROTEIN COMPLEX,composite_target,alpha5/beta3/gamma2,CHEMBL681480,B,Ki,>,10000.0,nM,,Homo sapiens,CHEMBL1132940,CHEMBL1132940 J Med Chem 2000,LITERATURE,1,618410,343983,2026-09-17T02:17:48.329450+00:00,ChEMBL_37
zolpidem,Zolpidem,CHEMBL911,ZOLPIDEM,Cc1ccc(-c2nc3ccc(C)cn3c2CC(=O)N(C)C)cc1,ZAFYATHCZYHLPB-UHFFFAOYSA-N,CHEMBL2095190,GABA-A receptor; alpha-6/beta-3/gamma-2,PROTEIN COMPLEX,composite_target,alpha6/beta3/gamma2,CHEMBL683045,B,Ki,>,10000.0,nM,,Homo sapiens,CHEMBL1132940,CHEMBL1132940 J Med Chem 2000,LITERATURE,1,618411,343983,2026-09-17T02:17:48.329450+00:00,ChEMBL_37
zolpidem,Zolpidem,CHEMBL911,ZOLPIDEM,Cc1ccc(-c2nc3ccc(C)cn3c2CC(=O)N(C)C)cc1,ZAFYATHCZYHLPB-UHFFFAOYSA-N,CHEMBL2094122,GABA-A receptor; alpha-5/beta-3/gamma-2,PROTEIN COMPLEX,composite_target,alpha5/beta3/gamma2,CHEMBL680669,B,Ki,>,10000.0,nM,,Homo sapiens,CHEMBL1148356,CHEMBL1148356 J Med Chem 2004,LITERATURE,1,662349,230416,2026-09-17T02:17:48.329450+00:00,ChEMBL_37
zolpidem,Zolpidem,CHEMBL911,ZOLPIDEM,Cc1ccc(-c2nc3ccc(C)cn3c2CC(=O)N(C)C)cc1,ZAFYATHCZYHLPB-UHFFFAOYSA-N,CHEMBL2094121,GABA-A receptor; alpha-1/beta-3/gamma-2,PROTEIN COMPLEX,composite_target,alpha1/beta3/gamma2,CHEMBL677034,B,Ki,=,52.1,nM,7.28,Homo sapiens,CHEMBL1148356,CHEMBL1148356 J Med Chem 2004,LITERATURE,1,662350,230416,2026-09-17T02:17:48.329450+00:00,ChEMBL_37
zolpidem,Zolpidem,CHEMBL911,ZOLPIDEM,Cc1ccc(-c2nc3ccc(C)cn3c2CC(=O)N(C)C)cc1,ZAFYATHCZYHLPB-UHFFFAOYSA-N,CHEMBL2094121,GABA-A receptor; alpha-1/beta-3/gamma-2,PROTEIN COMPLEX,composite_target,alpha1/beta3/gamma2,CHEMBL677029,F,Efficacy,=,133.0,%,,Homo sapiens,CHEMBL1148356,CHEMBL1148356 J Med Chem 2004,LITERATURE,1,662351,230416,2026-09-17T02:17:48.329450+00:00,ChEMBL_37
zolpidem,Zolpidem,CHEMBL911,ZOLPIDEM,Cc1ccc(-c2nc3ccc(C)cn3c2CC(=O)N(C)C)cc1,ZAFYATHCZYHLPB-UHFFFAOYSA-N,CHEMBL2094130,GABA-A receptor; alpha-2/beta-3/gamma-2,PROTEIN COMPLEX,composite_target,alpha2/beta3/gamma2,CHEMBL682709,B,Ki,=,255.1,nM,6.59,Homo sapiens,CHEMBL1148356,CHEMBL1148356 J Med Chem 2004,LITERATURE,1,662352,230416,2026-09-17T02:17:48.329450+00:00,ChEMBL_37
zolpidem,Zolpidem,CHEMBL911,ZOLPIDEM,Cc1ccc(-c2nc3ccc(C)cn3c2CC(=O)N(C)C)cc1,ZAFYATHCZYHLPB-UHFFFAOYSA-N,CHEMBL2094130,GABA-A receptor; alpha-2/beta-3/gamma-2,PROTEIN COMPLEX,composite_target,alpha2/beta3/gamma2,CHEMBL877823,F,Efficacy,=,187.0,%,,Homo sapiens,CHEMBL1148356,CHEMBL1148356 J Med Chem 2004,LITERATURE,1,662353,230416,2026-09-17T02:17:48.329450+00:00,ChEMBL_37
zolpidem,Zolpidem,CHEMBL911,ZOLPIDEM,Cc1ccc(-c2nc3ccc(C)cn3c2CC(=O)N(C)C)cc1,ZAFYATHCZYHLPB-UHFFFAOYSA-N,CHEMBL2094120,GABA-A receptor; alpha-3/beta-3/gamma-2,PROTEIN COMPLEX,composite_target,alpha3/beta3/gamma2,CHEMBL680432,B,Ki,=,608.5,nM,6.22,Homo sapiens,CHEMBL1148356,CHEMBL1148356 J Med Chem 2004,LITERATURE,1,662354,230416,2026-09-17T02:17:48.329450+00:00,ChEMBL_37
zolpidem,Zolpidem,CHEMBL911,ZOLPIDEM,Cc1ccc(-c2nc3ccc(C)cn3c2CC(=O)N(C)C)cc1,ZAFYATHCZYHLPB-UHFFFAOYSA-N,CHEMBL2094120,GABA-A receptor; alpha-3/beta-3/gamma-2,PROTEIN COMPLEX,composite_target,alpha3/beta3/gamma2,CHEMBL683026,F,Efficacy,=,142.0,%,,Homo sapiens,CHEMBL1148356,CHEMBL1148356 J Med Chem 2004,LITERATURE,1,662355,230416,2026-09-17T02:17:48.329450+00:00,ChEMBL_37
zolpidem,Zolpidem,CHEMBL911,ZOLPIDEM,Cc1ccc(-c2nc3ccc(C)cn3c2CC(=O)N(C)C)cc1,ZAFYATHCZYHLPB-UHFFFAOYSA-N,CHEMBL2095167,GABA-A receptor; alpha-1/beta-2/gamma-2,PROTEIN COMPLEX,composite_target,alpha1/beta2/gamma2,CHEMBL679467,B,Ki,=,26.7,nM,7.57,Rattus norvegicus,CHEMBL1135690,CHEMBL1135690 J Med Chem 2002,LITERATURE,1,793338,300704,2026-09-17T02:17:48.329450+00:00,ChEMBL_37
zolpidem,Zolpidem,CHEMBL911,ZOLPIDEM,Cc1ccc(-c2nc3ccc(C)cn3c2CC(=O)N(C)C)cc1,ZAFYATHCZYHLPB-UHFFFAOYSA-N,CHEMBL2111343,GABA A receptor alpha-3/beta-2/gamma-2,PROTEIN COMPLEX,composite_target,alpha3/beta2/gamma2,CHEMBL680328,B,Ki,=,383.0,nM,6.42,Rattus norvegicus,CHEMBL1135690,CHEMBL1135690 J Med Chem 2002,LITERATURE,1,793340,300704,2026-09-17T02:17:48.329450+00:00,ChEMBL_37
zolpidem,Zolpidem,CHEMBL911,ZOLPIDEM,Cc1ccc(-c2nc3ccc(C)cn3c2CC(=O)N(C)C)cc1,ZAFYATHCZYHLPB-UHFFFAOYSA-N,CHEMBL2095167,GABA-A receptor; alpha-1/beta-2/gamma-2,PROTEIN COMPLEX,composite_target,alpha1/beta2/gamma2,CHEMBL679468,B,Ki,=,26.7,nM,7.57,Rattus norvegicus,CHEMBL1145105,CHEMBL1145105 J Med Chem 2003,LITERATURE,1,810275,198720,2026-09-17T02:17:48.329450+00:00,ChEMBL_37
zolpidem,Zolpidem,CHEMBL911,ZOLPIDEM,Cc1ccc(-c2nc3ccc(C)cn3c2CC(=O)N(C)C)cc1,ZAFYATHCZYHLPB-UHFFFAOYSA-N,CHEMBL2111327,GABA A receptor alpha-2/beta-2/gamma-2,PROTEIN COMPLEX,composite_target,alpha2/beta2/gamma2,CHEMBL680297,B,Ki,=,156.0,nM,6.81,Rattus norvegicus,CHEMBL1145105,CHEMBL1145105 J Med Chem 2003,LITERATURE,1,810276,198720,2026-09-17T02:17:48.329450+00:00,ChEMBL_37
zolpidem,Zolpidem,CHEMBL911,ZOLPIDEM,Cc1ccc(-c2nc3ccc(C)cn3c2CC(=O)N(C)C)cc1,ZAFYATHCZYHLPB-UHFFFAOYSA-N,CHEMBL2111343,GABA A receptor alpha-3/beta-2/gamma-2,PROTEIN COMPLEX,composite_target,alpha3/beta2/gamma2,CHEMBL683018,B,Ki,=,383.0,nM,6.42,Rattus norvegicus,CHEMBL1145105,CHEMBL1145105 J Med Chem 2003,LITERATURE,1,810277,198720,2026-09-17T02:17:48.329450+00:00,ChEMBL_37
zolpidem,Zolpidem,CHEMBL911,ZOLPIDEM,Cc1ccc(-c2nc3ccc(C)cn3c2CC(=O)N(C)C)cc1,ZAFYATHCZYHLPB-UHFFFAOYSA-N,CHEMBL2094121,GABA-A receptor; alpha-1/beta-3/gamma-2,PROTEIN COMPLEX,composite_target,alpha1/beta3/gamma2,CHEMBL822162,B,Ki,=,26.7,nM,7.57,Homo sapiens,CHEMBL1131013,CHEMBL1131013 J Med Chem 1998,LITERATURE,1,886261,154146,2026-09-17T02:17:48.329450+00:00,ChEMBL_37
zolpidem,Zolpidem,CHEMBL911,ZOLPIDEM,Cc1ccc(-c2nc3ccc(C)cn3c2CC(=O)N(C)C)cc1,ZAFYATHCZYHLPB-UHFFFAOYSA-N,CHEMBL2094130,GABA-A receptor; alpha-2/beta-3/gamma-2,PROTEIN COMPLEX,composite_target,alpha2/beta3/gamma2,CHEMBL824294,B,Ki,=,156.0,nM,6.81,Homo sapiens,CHEMBL1131013,CHEMBL1131013 J Med Chem 1998,LITERATURE,1,886262,154146,2026-09-17T02:17:48.329450+00:00,ChEMBL_37
zolpidem,Zolpidem,CHEMBL911,ZOLPIDEM,Cc1ccc(-c2nc3ccc(C)cn3c2CC(=O)N(C)C)cc1,ZAFYATHCZYHLPB-UHFFFAOYSA-N,CHEMBL2094120,GABA-A receptor; alpha-3/beta-3/gamma-2,PROTEIN COMPLEX,composite_target,alpha3/beta3/gamma2,CHEMBL823761,B,Ki,=,383.0,nM,6.42,Homo sapiens,CHEMBL1131013,CHEMBL1131013 J Med Chem 1998,LITERATURE,1,886263,154146,2026-09-17T02:17:48.329450+00:00,ChEMBL_37
zolpidem,Zolpidem,CHEMBL911,ZOLPIDEM,Cc1ccc(-c2nc3ccc(C)cn3c2CC(=O)N(C)C)cc1,ZAFYATHCZYHLPB-UHFFFAOYSA-N,CHEMBL2094122,GABA-A receptor; alpha-5/beta-3/gamma-2,PROTEIN COMPLEX,composite_target,alpha5/beta3/gamma2,CHEMBL685337,B,Ki,>,10000.0,nM,,Homo sapiens,CHEMBL1131013,CHEMBL1131013 J Med Chem 1998,LITERATURE,1,886264,154146,2026-09-17T02:17:48.329450+00:00,ChEMBL_37
zolpidem,Zolpidem,CHEMBL911,ZOLPIDEM,Cc1ccc(-c2nc3ccc(C)cn3c2CC(=O)N(C)C)cc1,ZAFYATHCZYHLPB-UHFFFAOYSA-N,CHEMBL2095190,GABA-A receptor; alpha-6/beta-3/gamma-2,PROTEIN COMPLEX,composite_target,alpha6/beta3/gamma2,CHEMBL683046,B,Ki,>,10000.0,nM,,Homo sapiens,CHEMBL1131013,CHEMBL1131013 J Med Chem 1998,LITERATURE,1,886265,154146,2026-09-17T02:17:48.329450+00:00,ChEMBL_37
zolpidem,Zolpidem,CHEMBL911,ZOLPIDEM,Cc1ccc(-c2nc3ccc(C)cn3c2CC(=O)N(C)C)cc1,ZAFYATHCZYHLPB-UHFFFAOYSA-N,CHEMBL2095167,GABA-A receptor; alpha-1/beta-2/gamma-2,PROTEIN COMPLEX,composite_target,alpha1/beta2/gamma2,CHEMBL682784,B,Ki,=,50.0,nM,7.3,Rattus norvegicus,CHEMBL1134525,CHEMBL1134525 J Med Chem 2001,LITERATURE,1,908901,132601,2026-09-17T02:17:48.329450+00:00,ChEMBL_37
zolpidem,Zolpidem,CHEMBL911,ZOLPIDEM,Cc1ccc(-c2nc3ccc(C)cn3c2CC(=O)N(C)C)cc1,ZAFYATHCZYHLPB-UHFFFAOYSA-N,CHEMBL2111343,GABA A receptor alpha-3/beta-2/gamma-2,PROTEIN COMPLEX,composite_target,alpha3/beta2/gamma2,CHEMBL683020,B,Ki,=,765.0,nM,6.12,Rattus norvegicus,CHEMBL1134525,CHEMBL1134525 J Med Chem 2001,LITERATURE,1,908902,132601,2026-09-17T02:17:48.329450+00:00,ChEMBL_37
zolpidem,Zolpidem,CHEMBL911,ZOLPIDEM,Cc1ccc(-c2nc3ccc(C)cn3c2CC(=O)N(C)C)cc1,ZAFYATHCZYHLPB-UHFFFAOYSA-N,CHEMBL1907607,GABA-A receptor; anion channel,PROTEIN COMPLEX GROUP,generic_gabaa_target,,CHEMBL648134,B,Ki,=,25.0,nM,7.6,Rattus norvegicus,CHEMBL1127668,CHEMBL1127668 J Med Chem 1994,LITERATURE,1,1038572,323741,2026-09-17T02:17:48.329450+00:00,ChEMBL_37
zolpidem,Zolpidem,CHEMBL911,ZOLPIDEM,Cc1ccc(-c2nc3ccc(C)cn3c2CC(=O)N(C)C)cc1,ZAFYATHCZYHLPB-UHFFFAOYSA-N,CHEMBL1907607,GABA-A receptor; anion channel,PROTEIN COMPLEX GROUP,generic_gabaa_target,,CHEMBL653027,B,IC50,=,48.0,nM,7.32,Rattus norvegicus,CHEMBL1130157,CHEMBL1130157 J Med Chem 1997,LITERATURE,1,1106753,197828,2026-09-17T02:17:48.329450+00:00,ChEMBL_37
zolpidem,Zolpidem,CHEMBL911,ZOLPIDEM,Cc1ccc(-c2nc3ccc(C)cn3c2CC(=O)N(C)C)cc1,ZAFYATHCZYHLPB-UHFFFAOYSA-N,CHEMBL2094121,GABA-A receptor; alpha-1/beta-3/gamma-2,PROTEIN COMPLEX,composite_target,alpha1/beta3/gamma2,CHEMBL829006,B,Ki,=,27.0,nM,7.57,Homo sapiens,CHEMBL1142695,CHEMBL1142695 J Med Chem 2005,LITERATURE,1,1412600,363169,2026-09-17T02:17:48.329450+00:00,ChEMBL_37
zolpidem,Zolpidem,CHEMBL911,ZOLPIDEM,Cc1ccc(-c2nc3ccc(C)cn3c2CC(=O)N(C)C)cc1,ZAFYATHCZYHLPB-UHFFFAOYSA-N,CHEMBL2094130,GABA-A receptor; alpha-2/beta-3/gamma-2,PROTEIN COMPLEX,composite_target,alpha2/beta3/gamma2,CHEMBL829005,B,Ki,=,103.0,nM,6.99,Homo sapiens,CHEMBL1142695,CHEMBL1142695 J Med Chem 2005,LITERATURE,1,1412601,363169,2026-09-17T02:17:48.329450+00:00,ChEMBL_37
zolpidem,Zolpidem,CHEMBL911,ZOLPIDEM,Cc1ccc(-c2nc3ccc(C)cn3c2CC(=O)N(C)C)cc1,ZAFYATHCZYHLPB-UHFFFAOYSA-N,CHEMBL2094120,GABA-A receptor; alpha-3/beta-3/gamma-2,PROTEIN COMPLEX,composite_target,alpha3/beta3/gamma2,CHEMBL830420,B,Ki,=,246.0,nM,6.61,Homo sapiens,CHEMBL1142695,CHEMBL1142695 J Med Chem 2005,LITERATURE,1,1412602,363169,2026-09-17T02:17:48.329450+00:00,ChEMBL_37
zolpidem,Zolpidem,CHEMBL911,ZOLPIDEM,Cc1ccc(-c2nc3ccc(C)cn3c2CC(=O)N(C)C)cc1,ZAFYATHCZYHLPB-UHFFFAOYSA-N,CHEMBL2094122,GABA-A receptor; alpha-5/beta-3/gamma-2,PROTEIN COMPLEX,composite_target,alpha5/beta3/gamma2,CHEMBL830421,B,Ki,>,3333.0,nM,,Homo sapiens,CHEMBL1142695,CHEMBL1142695 J Med Chem 2005,LITERATURE,1,1412603,363169,2026-09-17T02:17:48.329450+00:00,ChEMBL_37
zolpidem,Zolpidem,CHEMBL911,ZOLPIDEM,Cc1ccc(-c2nc3ccc(C)cn3c2CC(=O)N(C)C)cc1,ZAFYATHCZYHLPB-UHFFFAOYSA-N,CHEMBL2095167,GABA-A receptor; alpha-1/beta-2/gamma-2,PROTEIN COMPLEX,composite_target,alpha1/beta2/gamma2,CHEMBL829785,B,Ki,=,50.0,nM,7.3,Rattus norvegicus,CHEMBL1144412,CHEMBL1144412 J Med Chem 2005,LITERATURE,1,1505242,389243,2026-09-17T02:17:48.329450+00:00,ChEMBL_37
zolpidem,Zolpidem,CHEMBL911,ZOLPIDEM,Cc1ccc(-c2nc3ccc(C)cn3c2CC(=O)N(C)C)cc1,ZAFYATHCZYHLPB-UHFFFAOYSA-N,CHEMBL2111327,GABA A receptor alpha-2/beta-2/gamma-2,PROTEIN COMPLEX,composite_target,alpha2/beta2/gamma2,CHEMBL829786,B,Ki,=,765.0,nM,6.12,Rattus norvegicus,CHEMBL1144412,CHEMBL1144412 J Med Chem 2005,LITERATURE,1,1505243,389243,2026-09-17T02:17:48.329450+00:00,ChEMBL_37
zolpidem,Zolpidem,CHEMBL911,ZOLPIDEM,Cc1ccc(-c2nc3ccc(C)cn3c2CC(=O)N(C)C)cc1,ZAFYATHCZYHLPB-UHFFFAOYSA-N,CHEMBL2095167,GABA-A receptor; alpha-1/beta-2/gamma-2,PROTEIN COMPLEX,composite_target,alpha1/beta2/gamma2,CHEMBL861092,B,Ki,=,50.0,nM,7.3,Rattus norvegicus,CHEMBL1146100,CHEMBL1146100 J Med Chem 2006,LITERATURE,1,1700832,449765,2026-09-17T02:17:48.329450+00:00,ChEMBL_37
zolpidem,Zolpidem,CHEMBL911,ZOLPIDEM,Cc1ccc(-c2nc3ccc(C)cn3c2CC(=O)N(C)C)cc1,ZAFYATHCZYHLPB-UHFFFAOYSA-N,CHEMBL2111327,GABA A receptor alpha-2/beta-2/gamma-2,PROTEIN COMPLEX,composite_target,alpha2/beta2/gamma2,CHEMBL861093,B,Ki,=,765.0,nM,6.12,Rattus norvegicus,CHEMBL1146100,CHEMBL1146100 J Med Chem 2006,LITERATURE,1,1700838,449765,2026-09-17T02:17:48.329450+00:00,ChEMBL_37
zolpidem,Zolpidem,CHEMBL911,ZOLPIDEM,Cc1ccc(-c2nc3ccc(C)cn3c2CC(=O)N(C)C)cc1,ZAFYATHCZYHLPB-UHFFFAOYSA-N,CHEMBL2111339,GABA A receptor alpha-3/beta-2/gamma-2,PROTEIN COMPLEX,composite_target,alpha3/beta2/gamma2,CHEMBL861816,B,Ki,=,1850.0,nM,5.73,Homo sapiens,CHEMBL1146066,CHEMBL1146066 J Med Chem 2006,LITERATURE,1,1701382,444334,2026-09-17T02:17:48.329450+00:00,ChEMBL_37
zolpidem,Zolpidem,CHEMBL911,ZOLPIDEM,Cc1ccc(-c2nc3ccc(C)cn3c2CC(=O)N(C)C)cc1,ZAFYATHCZYHLPB-UHFFFAOYSA-N,CHEMBL2111327,GABA A receptor alpha-2/beta-2/gamma-2,PROTEIN COMPLEX,composite_target,alpha2/beta2/gamma2,CHEMBL917144,B,Ki,=,765.0,nM,6.12,Rattus norvegicus,CHEMBL1142972,CHEMBL1142972 J Med Chem 2007,LITERATURE,1,1825758,627639,2026-09-17T02:17:48.329450+00:00,ChEMBL_37
zolpidem,Zolpidem,CHEMBL911,ZOLPIDEM,Cc1ccc(-c2nc3ccc(C)cn3c2CC(=O)N(C)C)cc1,ZAFYATHCZYHLPB-UHFFFAOYSA-N,CHEMBL2095167,GABA-A receptor; alpha-1/beta-2/gamma-2,PROTEIN COMPLEX,composite_target,alpha1/beta2/gamma2,CHEMBL917143,B,Ki,=,50.0,nM,7.3,Rattus norvegicus,CHEMBL1142972,CHEMBL1142972 J Med Chem 2007,LITERATURE,1,1825760,627639,2026-09-17T02:17:48.329450+00:00,ChEMBL_37
zolpidem,Zolpidem,CHEMBL911,ZOLPIDEM,Cc1ccc(-c2nc3ccc(C)cn3c2CC(=O)N(C)C)cc1,ZAFYATHCZYHLPB-UHFFFAOYSA-N,CHEMBL2094121,GABA-A receptor; alpha-1/beta-3/gamma-2,PROTEIN COMPLEX,composite_target,alpha1/beta3/gamma2,CHEMBL919087,B,Ki,=,27.0,nM,7.57,Homo sapiens,CHEMBL1139460,CHEMBL1139460 J Med Chem 2005,LITERATURE,1,1844041,630950,2026-09-17T02:17:48.329450+00:00,ChEMBL_37
zolpidem,Zolpidem,CHEMBL911,ZOLPIDEM,Cc1ccc(-c2nc3ccc(C)cn3c2CC(=O)N(C)C)cc1,ZAFYATHCZYHLPB-UHFFFAOYSA-N,CHEMBL2094130,GABA-A receptor; alpha-2/beta-3/gamma-2,PROTEIN COMPLEX,composite_target,alpha2/beta3/gamma2,CHEMBL919088,B,Ki,=,160.0,nM,6.8,Homo sapiens,CHEMBL1139460,CHEMBL1139460 J Med Chem 2005,LITERATURE,1,1844050,630950,2026-09-17T02:17:48.329450+00:00,ChEMBL_37
zolpidem,Zolpidem,CHEMBL911,ZOLPIDEM,Cc1ccc(-c2nc3ccc(C)cn3c2CC(=O)N(C)C)cc1,ZAFYATHCZYHLPB-UHFFFAOYSA-N,CHEMBL2094121,GABA-A receptor; alpha-1/beta-3/gamma-2,PROTEIN COMPLEX,composite_target,alpha1/beta3/gamma2,CHEMBL919090,B,Efficacy,=,160.0,%,,Homo sapiens,CHEMBL1139460,CHEMBL1139460 J Med Chem 2005,LITERATURE,1,1844059,630950,2026-09-17T02:17:48.329450+00:00,ChEMBL_37
zolpidem,Zolpidem,CHEMBL911,ZOLPIDEM,Cc1ccc(-c2nc3ccc(C)cn3c2CC(=O)N(C)C)cc1,ZAFYATHCZYHLPB-UHFFFAOYSA-N,CHEMBL2094120,GABA-A receptor; alpha-3/beta-3/gamma-2,PROTEIN COMPLEX,composite_target,alpha3/beta3/gamma2,CHEMBL919089,B,Ki,=,380.0,nM,6.42,Homo sapiens,CHEMBL1139460,CHEMBL1139460 J Med Chem 2005,LITERATURE,1,1844068,630950,2026-09-17T02:17:48.329450+00:00,ChEMBL_37
zolpidem,Zolpidem,CHEMBL911,ZOLPIDEM,Cc1ccc(-c2nc3ccc(C)cn3c2CC(=O)N(C)C)cc1,ZAFYATHCZYHLPB-UHFFFAOYSA-N,CHEMBL2094130,GABA-A receptor; alpha-2/beta-3/gamma-2,PROTEIN COMPLEX,composite_target,alpha2/beta3/gamma2,CHEMBL919091,B,Efficacy,=,123.0,%,,Homo sapiens,CHEMBL1139460,CHEMBL1139460 J Med Chem 2005,LITERATURE,1,1844073,630950,2026-09-17T02:17:48.329450+00:00,ChEMBL_37
zolpidem,Zolpidem,CHEMBL911,ZOLPIDEM,Cc1ccc(-c2nc3ccc(C)cn3c2CC(=O)N(C)C)cc1,ZAFYATHCZYHLPB-UHFFFAOYSA-N,CHEMBL2094120,GABA-A receptor; alpha-3/beta-3/gamma-2,PROTEIN COMPLEX,composite_target,alpha3/beta3/gamma2,CHEMBL919092,B,Efficacy,=,143.0,%,,Homo sapiens,CHEMBL1139460,CHEMBL1139460 J Med Chem 2005,LITERATURE,1,1844078,630950,2026-09-17T02:17:48.329450+00:00,ChEMBL_37
zolpidem,Zolpidem,CHEMBL911,ZOLPIDEM,Cc1ccc(-c2nc3ccc(C)cn3c2CC(=O)N(C)C)cc1,ZAFYATHCZYHLPB-UHFFFAOYSA-N,CHEMBL2111339,GABA A receptor alpha-3/beta-2/gamma-2,PROTEIN COMPLEX,composite_target,alpha3/beta2/gamma2,CHEMBL941237,B,Ki,=,975.0,nM,6.01,Homo sapiens,CHEMBL1152298,CHEMBL1152298 J Med Chem 2008,LITERATURE,1,2401381,803082,2026-09-17T02:17:48.329450+00:00,ChEMBL_37
zolpidem,Zolpidem,CHEMBL911,ZOLPIDEM,Cc1ccc(-c2nc3ccc(C)cn3c2CC(=O)N(C)C)cc1,ZAFYATHCZYHLPB-UHFFFAOYSA-N,CHEMBL2111370,GABA A receptor alpha-6/beta-2/gamma-2,PROTEIN COMPLEX,composite_target,alpha6/beta2/gamma2,CHEMBL942245,B,Ki,>,15000.0,nM,,Homo sapiens,CHEMBL1152298,CHEMBL1152298 J Med Chem 2008,LITERATURE,1,2401384,803082,2026-09-17T02:17:48.329450+00:00,ChEMBL_37
zolpidem,Zolpidem,CHEMBL911,ZOLPIDEM,Cc1ccc(-c2nc3ccc(C)cn3c2CC(=O)N(C)C)cc1,ZAFYATHCZYHLPB-UHFFFAOYSA-N,CHEMBL2095167,GABA-A receptor; alpha-1/beta-2/gamma-2,PROTEIN COMPLEX,composite_target,alpha1/beta2/gamma2,CHEMBL954625,B,Ki,=,50.0,nM,7.3,Rattus norvegicus,CHEMBL1136986,CHEMBL1136986 J Med Chem 2009,LITERATURE,1,2633955,785612,2026-09-17T02:17:48.329450+00:00,ChEMBL_37
zolpidem,Zolpidem,CHEMBL911,ZOLPIDEM,Cc1ccc(-c2nc3ccc(C)cn3c2CC(=O)N(C)C)cc1,ZAFYATHCZYHLPB-UHFFFAOYSA-N,CHEMBL2094121,GABA-A receptor; alpha-1/beta-3/gamma-2,PROTEIN COMPLEX,composite_target,alpha1/beta3/gamma2,CHEMBL1273615,B,Ki,=,26.7,nM,7.57,Homo sapiens,CHEMBL1268934,CHEMBL1268934 Bioorg Med Chem 2010,LITERATURE,1,3519533,965419,2026-09-17T02:17:48.329450+00:00,ChEMBL_37
zolpidem,Zolpidem,CHEMBL911,ZOLPIDEM,Cc1ccc(-c2nc3ccc(C)cn3c2CC(=O)N(C)C)cc1,ZAFYATHCZYHLPB-UHFFFAOYSA-N,CHEMBL2094130,GABA-A receptor; alpha-2/beta-3/gamma-2,PROTEIN COMPLEX,composite_target,alpha2/beta3/gamma2,CHEMBL1273616,B,Ki,=,156.0,nM,6.81,Homo sapiens,CHEMBL1268934,CHEMBL1268934 Bioorg Med Chem 2010,LITERATURE,1,3519534,965419,2026-09-17T02:17:48.329450+00:00,ChEMBL_37
zolpidem,Zolpidem,CHEMBL911,ZOLPIDEM,Cc1ccc(-c2nc3ccc(C)cn3c2CC(=O)N(C)C)cc1,ZAFYATHCZYHLPB-UHFFFAOYSA-N,CHEMBL2094120,GABA-A receptor; alpha-3/beta-3/gamma-2,PROTEIN COMPLEX,composite_target,alpha3/beta3/gamma2,CHEMBL1273617,B,Ki,=,383.0,nM,6.42,Homo sapiens,CHEMBL1268934,CHEMBL1268934 Bioorg Med Chem 2010,LITERATURE,1,3519535,965419,2026-09-17T02:17:48.329450+00:00,ChEMBL_37
zolpidem,Zolpidem,CHEMBL911,ZOLPIDEM,Cc1ccc(-c2nc3ccc(C)cn3c2CC(=O)N(C)C)cc1,ZAFYATHCZYHLPB-UHFFFAOYSA-N,CHEMBL2094122,GABA-A receptor; alpha-5/beta-3/gamma-2,PROTEIN COMPLEX,composite_target,alpha5/beta3/gamma2,CHEMBL1273619,B,Ki,>,10000.0,nM,,Homo sapiens,CHEMBL1268934,CHEMBL1268934 Bioorg Med Chem 2010,LITERATURE,1,3519536,965419,2026-09-17T02:17:48.329450+00:00,ChEMBL_37
zolpidem,Zolpidem,CHEMBL911,ZOLPIDEM,Cc1ccc(-c2nc3ccc(C)cn3c2CC(=O)N(C)C)cc1,ZAFYATHCZYHLPB-UHFFFAOYSA-N,CHEMBL2095190,GABA-A receptor; alpha-6/beta-3/gamma-2,PROTEIN COMPLEX,composite_target,alpha6/beta3/gamma2,CHEMBL1273620,B,Ki,>,10000.0,nM,,Homo sapiens,CHEMBL1268934,CHEMBL1268934 Bioorg Med Chem 2010,LITERATURE,1,3519537,965419,2026-09-17T02:17:48.329450+00:00,ChEMBL_37
zolpidem,Zolpidem,CHEMBL911,ZOLPIDEM,Cc1ccc(-c2nc3ccc(C)cn3c2CC(=O)N(C)C)cc1,ZAFYATHCZYHLPB-UHFFFAOYSA-N,CHEMBL2093872,GABA-A receptor; anion channel,PROTEIN COMPLEX GROUP,generic_gabaa_target,,CHEMBL3375235,B,Activity,,,,,Homo sapiens,CHEMBL3351688,CHEMBL3351688 Eur J Med Chem 2014,LITERATURE,1,15133383,2253770,2026-09-17T02:17:48.329450+00:00,ChEMBL_37
zolpidem,Zolpidem,CHEMBL911,ZOLPIDEM,Cc1ccc(-c2nc3ccc(C)cn3c2CC(=O)N(C)C)cc1,ZAFYATHCZYHLPB-UHFFFAOYSA-N,CHEMBL2095172,GABA-A receptor; alpha-1/beta-2/gamma-2,PROTEIN COMPLEX,composite_target,alpha1/beta2/gamma2,CHEMBL3873362,B,EC50,=,240.0,nM,6.62,Homo sapiens,CHEMBL3872231,CHEMBL3872231 Eur J Med Chem 2016,LITERATURE,1,16823503,2813268,2026-09-17T02:17:48.329450+00:00,ChEMBL_37
zolpidem,Zolpidem,CHEMBL911,ZOLPIDEM,Cc1ccc(-c2nc3ccc(C)cn3c2CC(=O)N(C)C)cc1,ZAFYATHCZYHLPB-UHFFFAOYSA-N,CHEMBL2095172,GABA-A receptor; alpha-1/beta-2/gamma-2,PROTEIN COMPLEX,composite_target,alpha1/beta2/gamma2,CHEMBL3873363,B,FC,=,2.5,,,Homo sapiens,CHEMBL3872231,CHEMBL3872231 Eur J Med Chem 2016,LITERATURE,1,16823507,2813268,2026-09-17T02:17:48.329450+00:00,ChEMBL_37
zolpidem,Zolpidem,CHEMBL911,ZOLPIDEM,Cc1ccc(-c2nc3ccc(C)cn3c2CC(=O)N(C)C)cc1,ZAFYATHCZYHLPB-UHFFFAOYSA-N,CHEMBL1907607,GABA-A receptor; anion channel,PROTEIN COMPLEX GROUP,generic_gabaa_target,,CHEMBL6081993,B,Ki,=,66.07,nM,7.18,Rattus norvegicus,CHEMBL6078707,CHEMBL6078707 J Med Chem 2024,LITERATURE,1,29089182,4665700,2026-09-17T02:17:48.329450+00:00,ChEMBL_37
zolpidem,Zolpidem,CHEMBL911,ZOLPIDEM,Cc1ccc(-c2nc3ccc(C)cn3c2CC(=O)N(C)C)cc1,ZAFYATHCZYHLPB-UHFFFAOYSA-N,CHEMBL2095167,GABA-A receptor; alpha-1/beta-2/gamma-2,PROTEIN COMPLEX,composite_target,alpha1/beta2/gamma2,CHEMBL6082003,B,Activity,=,180.0,%,,Rattus norvegicus,CHEMBL6078707,CHEMBL6078707 J Med Chem 2024,LITERATURE,1,29089261,4665700,2026-09-17T02:17:48.329450+00:00,ChEMBL_37
zolpidem,Zolpidem,CHEMBL911,ZOLPIDEM,Cc1ccc(-c2nc3ccc(C)cn3c2CC(=O)N(C)C)cc1,ZAFYATHCZYHLPB-UHFFFAOYSA-N,CHEMBL1962,Gamma-aminobutyric acid receptor subunit alpha-1,SINGLE PROTEIN,subunit_specific,alpha1,CHEMBL881716,B,Activity,=,322.0,%,,Homo sapiens,CHEMBL1135642,CHEMBL1135642 J Med Chem 2002,LITERATURE,1,346464,287306,2026-09-17T02:17:48.329450+00:00,ChEMBL_37
zolpidem,Zolpidem,CHEMBL911,ZOLPIDEM,Cc1ccc(-c2nc3ccc(C)cn3c2CC(=O)N(C)C)cc1,ZAFYATHCZYHLPB-UHFFFAOYSA-N,CHEMBL1962,Gamma-aminobutyric acid receptor subunit alpha-1,SINGLE PROTEIN,subunit_specific,alpha1,CHEMBL823141,B,EC50,=,198.0,nM,6.7,Homo sapiens,CHEMBL1135642,CHEMBL1135642 J Med Chem 2002,LITERATURE,1,346465,287306,2026-09-17T02:17:48.329450+00:00,ChEMBL_37
zolpidem,Zolpidem,CHEMBL911,ZOLPIDEM,Cc1ccc(-c2nc3ccc(C)cn3c2CC(=O)N(C)C)cc1,ZAFYATHCZYHLPB-UHFFFAOYSA-N,CHEMBL3026,Gamma-aminobutyric acid receptor subunit alpha-3,SINGLE PROTEIN,subunit_specific,alpha3,CHEMBL678893,B,Activity,=,700.0,%,,Homo sapiens,CHEMBL1135642,CHEMBL1135642 J Med Chem 2002,LITERATURE,1,346468,287306,2026-09-17T02:17:48.329450+00:00,ChEMBL_37
zolpidem,Zolpidem,CHEMBL911,ZOLPIDEM,Cc1ccc(-c2nc3ccc(C)cn3c2CC(=O)N(C)C)cc1,ZAFYATHCZYHLPB-UHFFFAOYSA-N,CHEMBL3026,Gamma-aminobutyric acid receptor subunit alpha-3,SINGLE PROTEIN,subunit_specific,alpha3,CHEMBL678894,B,EC50,>,3000.0,nM,,Homo sapiens,CHEMBL1135642,CHEMBL1135642 J Med Chem 2002,LITERATURE,1,346469,287306,2026-09-17T02:17:48.329450+00:00,ChEMBL_37
zolpidem,Zolpidem,CHEMBL911,ZOLPIDEM,Cc1ccc(-c2nc3ccc(C)cn3c2CC(=O)N(C)C)cc1,ZAFYATHCZYHLPB-UHFFFAOYSA-N,CHEMBL1962,Gamma-aminobutyric acid receptor subunit alpha-1,SINGLE PROTEIN,subunit_specific,alpha1,CHEMBL676828,B,IC50,=,14.0,nM,7.85,Homo sapiens,CHEMBL1130521,CHEMBL1130521 Bioorg Med Chem Lett 1997,LITERATURE,1,574081,131355,2026-09-17T02:17:48.329450+00:00,ChEMBL_37
zolpidem,Zolpidem,CHEMBL911,ZOLPIDEM,Cc1ccc(-c2nc3ccc(C)cn3c2CC(=O)N(C)C)cc1,ZAFYATHCZYHLPB-UHFFFAOYSA-N,CHEMBL1962,Gamma-aminobutyric acid receptor subunit alpha-1,SINGLE PROTEIN,subunit_specific,alpha1,CHEMBL676829,B,IC50,=,130.0,nM,6.89,Homo sapiens,CHEMBL1130521,CHEMBL1130521 Bioorg Med Chem Lett 1997,LITERATURE,1,574082,131355,2026-09-17T02:17:48.329450+00:00,ChEMBL_37
zolpidem,Zolpidem,CHEMBL911,ZOLPIDEM,Cc1ccc(-c2nc3ccc(C)cn3c2CC(=O)N(C)C)cc1,ZAFYATHCZYHLPB-UHFFFAOYSA-N,CHEMBL2111374,GABA A receptor alpha-5/beta-3/gamma-2,PROTEIN COMPLEX,composite_target,alpha5/beta3/gamma2,CHEMBL685342,B,Ki,>,10000.0,nM,,Rattus norvegicus,CHEMBL1145105,CHEMBL1145105 J Med Chem 2003,LITERATURE,1,810278,198720,2026-09-17T02:17:48.329450+00:00,ChEMBL_37
zolpidem,Zolpidem,CHEMBL911,ZOLPIDEM,Cc1ccc(-c2nc3ccc(C)cn3c2CC(=O)N(C)C)cc1,ZAFYATHCZYHLPB-UHFFFAOYSA-N,CHEMBL2111374,GABA A receptor alpha-5/beta-3/gamma-2,PROTEIN COMPLEX,composite_target,alpha5/beta3/gamma2,CHEMBL685343,B,Inhibition,=,35.0,%,,Rattus norvegicus,CHEMBL1134525,CHEMBL1134525 J Med Chem 2001,LITERATURE,1,908903,132601,2026-09-17T02:17:48.329450+00:00,ChEMBL_37
zolpidem,Zolpidem,CHEMBL911,ZOLPIDEM,Cc1ccc(-c2nc3ccc(C)cn3c2CC(=O)N(C)C)cc1,ZAFYATHCZYHLPB-UHFFFAOYSA-N,CHEMBL2111413,GABA A receptor alpha-2/beta-2/gamma-2,PROTEIN COMPLEX,composite_target,alpha2/beta2/gamma2,CHEMBL824293,F,Efficacy,=,150.0,%,,Homo sapiens,CHEMBL1130157,CHEMBL1130157 J Med Chem 1997,LITERATURE,1,1106755,197828,2026-09-17T02:17:48.329450+00:00,ChEMBL_37
zolpidem,Zolpidem,CHEMBL911,ZOLPIDEM,Cc1ccc(-c2nc3ccc(C)cn3c2CC(=O)N(C)C)cc1,ZAFYATHCZYHLPB-UHFFFAOYSA-N,CHEMBL2111413,GABA A receptor alpha-2/beta-2/gamma-2,PROTEIN COMPLEX,composite_target,alpha2/beta2/gamma2,CHEMBL824292,F,EC50,=,180.0,nM,6.75,Homo sapiens,CHEMBL1130157,CHEMBL1130157 J Med Chem 1997,LITERATURE,1,1106756,197828,2026-09-17T02:17:48.329450+00:00,ChEMBL_37
zolpidem,Zolpidem,CHEMBL911,ZOLPIDEM,Cc1ccc(-c2nc3ccc(C)cn3c2CC(=O)N(C)C)cc1,ZAFYATHCZYHLPB-UHFFFAOYSA-N,CHEMBL2111374,GABA A receptor alpha-5/beta-3/gamma-2,PROTEIN COMPLEX,composite_target,alpha5/beta3/gamma2,CHEMBL835570,B,Inhibition,=,35.0,%,,Rattus norvegicus,CHEMBL1144412,CHEMBL1144412 J Med Chem 2005,LITERATURE,1,1505244,389243,2026-09-17T02:17:48.329450+00:00,ChEMBL_37
zolpidem,Zolpidem,CHEMBL911,ZOLPIDEM,Cc1ccc(-c2nc3ccc(C)cn3c2CC(=O)N(C)C)cc1,ZAFYATHCZYHLPB-UHFFFAOYSA-N,CHEMBL2111374,GABA A receptor alpha-5/beta-3/gamma-2,PROTEIN COMPLEX,composite_target,alpha5/beta3/gamma2,CHEMBL859940,B,Inhibition,=,35.0,%,,Rattus norvegicus,CHEMBL1146100,CHEMBL1146100 J Med Chem 2006,LITERATURE,1,1700850,449765,2026-09-17T02:17:48.329450+00:00,ChEMBL_37
zolpidem,Zolpidem,CHEMBL911,ZOLPIDEM,Cc1ccc(-c2nc3ccc(C)cn3c2CC(=O)N(C)C)cc1,ZAFYATHCZYHLPB-UHFFFAOYSA-N,CHEMBL2111392,GABA A receptor alpha-1/beta-1/gamma-2,PROTEIN COMPLEX,composite_target,alpha1/beta1/gamma2,CHEMBL861815,B,Ki,=,53.0,nM,7.28,Homo sapiens,CHEMBL1146066,CHEMBL1146066 J Med Chem 2006,LITERATURE,1,1701378,444334,2026-09-17T02:17:48.329450+00:00,ChEMBL_37
zolpidem,Zolpidem,CHEMBL911,ZOLPIDEM,Cc1ccc(-c2nc3ccc(C)cn3c2CC(=O)N(C)C)cc1,ZAFYATHCZYHLPB-UHFFFAOYSA-N,CHEMBL2111374,GABA A receptor alpha-5/beta-3/gamma-2,PROTEIN COMPLEX,composite_target,alpha5/beta3/gamma2,CHEMBL917147,B,Inhibition,=,35.0,%,,Rattus norvegicus,CHEMBL1142972,CHEMBL1142972 J Med Chem 2007,LITERATURE,1,1825759,627639,2026-09-17T02:17:48.329450+00:00,ChEMBL_37
zolpidem,Zolpidem,CHEMBL911,ZOLPIDEM,Cc1ccc(-c2nc3ccc(C)cn3c2CC(=O)N(C)C)cc1,ZAFYATHCZYHLPB-UHFFFAOYSA-N,CHEMBL1962,Gamma-aminobutyric acid receptor subunit alpha-1,SINGLE PROTEIN,subunit_specific,alpha1,CHEMBL952530,B,EC50,=,191.0,nM,6.72,Homo sapiens,CHEMBL1156487,CHEMBL1156487 J Biol Chem 2007,LITERATURE,1,2185137,717917,2026-09-17T02:17:48.329450+00:00,ChEMBL_37
zolpidem,Zolpidem,CHEMBL911,ZOLPIDEM,Cc1ccc(-c2nc3ccc(C)cn3c2CC(=O)N(C)C)cc1,ZAFYATHCZYHLPB-UHFFFAOYSA-N,CHEMBL1962,Gamma-aminobutyric acid receptor subunit alpha-1,SINGLE PROTEIN,subunit_specific,alpha1,CHEMBL952530,B,max activation,=,429.0,%,,Homo sapiens,CHEMBL1156487,CHEMBL1156487 J Biol Chem 2007,LITERATURE,1,2185138,717917,2026-09-17T02:17:48.329450+00:00,ChEMBL_37
zolpidem,Zolpidem,CHEMBL911,ZOLPIDEM,Cc1ccc(-c2nc3ccc(C)cn3c2CC(=O)N(C)C)cc1,ZAFYATHCZYHLPB-UHFFFAOYSA-N,CHEMBL1962,Gamma-aminobutyric acid receptor subunit alpha-1,SINGLE PROTEIN,subunit_specific,alpha1,CHEMBL942240,B,Ki,=,61.9,nM,7.21,Homo sapiens,CHEMBL1152298,CHEMBL1152298 J Med Chem 2008,LITERATURE,1,2401379,803082,2026-09-17T02:17:48.329450+00:00,ChEMBL_37
zolpidem,Zolpidem,CHEMBL911,ZOLPIDEM,Cc1ccc(-c2nc3ccc(C)cn3c2CC(=O)N(C)C)cc1,ZAFYATHCZYHLPB-UHFFFAOYSA-N,CHEMBL2111413,GABA A receptor alpha-2/beta-2/gamma-2,PROTEIN COMPLEX,composite_target,alpha2/beta2/gamma2,CHEMBL942241,B,Ki,=,408.0,nM,6.39,Homo sapiens,CHEMBL1152298,CHEMBL1152298 J Med Chem 2008,LITERATURE,1,2401380,803082,2026-09-17T02:17:48.329450+00:00,ChEMBL_37
zolpidem,Zolpidem,CHEMBL911,ZOLPIDEM,Cc1ccc(-c2nc3ccc(C)cn3c2CC(=O)N(C)C)cc1,ZAFYATHCZYHLPB-UHFFFAOYSA-N,CHEMBL2472,Gamma-aminobutyric acid receptor subunit alpha-4,SINGLE PROTEIN,subunit_specific,alpha4,CHEMBL942243,B,Ki,>,15000.0,nM,,Homo sapiens,CHEMBL1152298,CHEMBL1152298 J Med Chem 2008,LITERATURE,1,2401382,803082,2026-09-17T02:17:48.329450+00:00,ChEMBL_37
zolpidem,Zolpidem,CHEMBL911,ZOLPIDEM,Cc1ccc(-c2nc3ccc(C)cn3c2CC(=O)N(C)C)cc1,ZAFYATHCZYHLPB-UHFFFAOYSA-N,CHEMBL2111374,GABA A receptor alpha-5/beta-3/gamma-2,PROTEIN COMPLEX,composite_target,alpha5/beta3/gamma2,CHEMBL954628,B,Ki,=,35.0,nM,7.46,Rattus norvegicus,CHEMBL1136986,CHEMBL1136986 J Med Chem 2009,LITERATURE,1,2633992,785612,2026-09-17T02:17:48.329450+00:00,ChEMBL_37
zolpidem,Zolpidem,CHEMBL911,ZOLPIDEM,Cc1ccc(-c2nc3ccc(C)cn3c2CC(=O)N(C)C)cc1,ZAFYATHCZYHLPB-UHFFFAOYSA-N,CHEMBL328,Gamma-aminobutyric acid receptor subunit alpha-3,SINGLE PROTEIN,subunit_specific,alpha3,CHEMBL3995202,B,Ki,=,383.0,nM,6.42,Rattus norvegicus,CHEMBL3994587,CHEMBL3994587 Eur J Med Chem 2017,LITERATURE,1,17966223,2977001,2026-09-17T02:17:48.329450+00:00,ChEMBL_37
zolpidem,Zolpidem,CHEMBL911,ZOLPIDEM,Cc1ccc(-c2nc3ccc(C)cn3c2CC(=O)N(C)C)cc1,ZAFYATHCZYHLPB-UHFFFAOYSA-N,CHEMBL300,Gamma-aminobutyric acid receptor subunit alpha-5,SINGLE PROTEIN,subunit_specific,alpha5,CHEMBL3995203,B,Ki,>,10000.0,nM,,Rattus norvegicus,CHEMBL3994587,CHEMBL3994587 Eur J Med Chem 2017,LITERATURE,1,17966226,2977001,2026-09-17T02:17:48.329450+00:00,ChEMBL_37
zolpidem,Zolpidem,CHEMBL911,ZOLPIDEM,Cc1ccc(-c2nc3ccc(C)cn3c2CC(=O)N(C)C)cc1,ZAFYATHCZYHLPB-UHFFFAOYSA-N,CHEMBL1962,Gamma-aminobutyric acid receptor subunit alpha-1,SINGLE PROTEIN,subunit_specific,alpha1,CHEMBL4415148,B,Ki,=,20.0,nM,7.7,Homo sapiens,CHEMBL4414553,CHEMBL4414553 Eur J Med Chem 2019,LITERATURE,1,19306676,3223728,2026-09-17T02:17:48.329450+00:00,ChEMBL_37
zolpidem,Zolpidem,CHEMBL911,ZOLPIDEM,Cc1ccc(-c2nc3ccc(C)cn3c2CC(=O)N(C)C)cc1,ZAFYATHCZYHLPB-UHFFFAOYSA-N,CHEMBL3026,Gamma-aminobutyric acid receptor subunit alpha-3,SINGLE PROTEIN,subunit_specific,alpha3,CHEMBL4415149,B,Ki,=,400.0,nM,6.4,Homo sapiens,CHEMBL4414553,CHEMBL4414553 Eur J Med Chem 2019,LITERATURE,1,19306677,3223728,2026-09-17T02:17:48.329450+00:00,ChEMBL_37
zolpidem,Zolpidem,CHEMBL911,ZOLPIDEM,Cc1ccc(-c2nc3ccc(C)cn3c2CC(=O)N(C)C)cc1,ZAFYATHCZYHLPB-UHFFFAOYSA-N,CHEMBL1962,Gamma-aminobutyric acid receptor subunit alpha-1,SINGLE PROTEIN,subunit_specific,alpha1,CHEMBL5237500,B,Inhibition,=,99.4,%,,Homo sapiens,CHEMBL5236558,CHEMBL5236558 Eur J Med Chem 2021,LITERATURE,1,25013385,3915133,2026-09-17T02:17:48.329450+00:00,ChEMBL_37
zolpidem,Zolpidem,CHEMBL911,ZOLPIDEM,Cc1ccc(-c2nc3ccc(C)cn3c2CC(=O)N(C)C)cc1,ZAFYATHCZYHLPB-UHFFFAOYSA-N,CHEMBL2111374,GABA A receptor alpha-5/beta-3/gamma-2,PROTEIN COMPLEX,composite_target,alpha5/beta3/gamma2,CHEMBL6082006,B,Activity,=,102.0,%,,Rattus norvegicus,CHEMBL6078707,CHEMBL6078707 J Med Chem 2024,LITERATURE,1,29089264,4665700,2026-09-17T02:17:48.329450+00:00,ChEMBL_37
zolpidem,Zolpidem,CHEMBL911,ZOLPIDEM,Cc1ccc(-c2nc3ccc(C)cn3c2CC(=O)N(C)C)cc1,ZAFYATHCZYHLPB-UHFFFAOYSA-N,CHEMBL341,Gamma-aminobutyric acid receptor subunit alpha-2,SINGLE PROTEIN,subunit_specific,alpha2,CHEMBL954626,B,Ki,=,765.0,nM,6.12,Rattus norvegicus,CHEMBL1136986,CHEMBL1136986 J Med Chem 2009,LITERATURE,1,2633974,785612,2026-09-17T02:17:48.329450+00:00,ChEMBL_37
zolpidem,Zolpidem,CHEMBL911,ZOLPIDEM,Cc1ccc(-c2nc3ccc(C)cn3c2CC(=O)N(C)C)cc1,ZAFYATHCZYHLPB-UHFFFAOYSA-N,CHEMBL343,Gamma-aminobutyric acid receptor subunit alpha-1,SINGLE PROTEIN,subunit_specific,alpha1,CHEMBL3995200,B,Ki,=,26.7,nM,7.57,Rattus norvegicus,CHEMBL3994587,CHEMBL3994587 Eur J Med Chem 2017,LITERATURE,1,17966218,2977001,2026-09-17T02:17:48.329450+00:00,ChEMBL_37
zolpidem,Zolpidem,CHEMBL911,ZOLPIDEM,Cc1ccc(-c2nc3ccc(C)cn3c2CC(=O)N(C)C)cc1,ZAFYATHCZYHLPB-UHFFFAOYSA-N,CHEMBL341,Gamma-aminobutyric acid receptor subunit alpha-2,SINGLE PROTEIN,subunit_specific,alpha2,CHEMBL3995201,B,Ki,=,156.0,nM,6.81,Rattus norvegicus,CHEMBL3994587,CHEMBL3994587 Eur J Med Chem 2017,LITERATURE,1,17966221,2977001,2026-09-17T02:17:48.329450+00:00,ChEMBL_37
zolpidem,Zolpidem,CHEMBL911,ZOLPIDEM,Cc1ccc(-c2nc3ccc(C)cn3c2CC(=O)N(C)C)cc1,ZAFYATHCZYHLPB-UHFFFAOYSA-N,CHEMBL343,Gamma-aminobutyric acid receptor subunit alpha-1,SINGLE PROTEIN,subunit_specific,alpha1,CHEMBL5291798,B,AC50,>,30000.0,nM,,Rattus norvegicus,CHEMBL5291721,CHEMBL5291721 Nat Commun 2023,LITERATURE,1,25128411,3941302,2026-09-17T02:17:48.329450+00:00,ChEMBL_37
zolpidem,Zolpidem,CHEMBL911,ZOLPIDEM,Cc1ccc(-c2nc3ccc(C)cn3c2CC(=O)N(C)C)cc1,ZAFYATHCZYHLPB-UHFFFAOYSA-N,CHEMBL343,Gamma-aminobutyric acid receptor subunit alpha-1,SINGLE PROTEIN,subunit_specific,alpha1,CHEMBL5291801,F,AC50,=,46.3,nM,7.33,Rattus norvegicus,CHEMBL5291721,CHEMBL5291721 Nat Commun 2023,LITERATURE,1,25131017,3941302,2026-09-17T02:17:48.329450+00:00,ChEMBL_37
zolpidem,Zolpidem,CHEMBL911,ZOLPIDEM,Cc1ccc(-c2nc3ccc(C)cn3c2CC(=O)N(C)C)cc1,ZAFYATHCZYHLPB-UHFFFAOYSA-N,CHEMBL4296047,Gamma-aminobutyric acid receptor subunit alpha-3/beta-3/gamma-2,PROTEIN COMPLEX,composite_target,alpha3/beta3/gamma2,CHEMBL6082005,B,Activity,=,121.0,%,,Rattus norvegicus,CHEMBL6078707,CHEMBL6078707 J Med Chem 2024,LITERATURE,1,29089263,4665700,2026-09-17T02:17:48.329450+00:00,ChEMBL_37
zolpidem,Zolpidem,CHEMBL911,ZOLPIDEM,Cc1ccc(-c2nc3ccc(C)cn3c2CC(=O)N(C)C)cc1,ZAFYATHCZYHLPB-UHFFFAOYSA-N,CHEMBL4956,Gamma-aminobutyric acid receptor subunit alpha-2,SINGLE PROTEIN,subunit_specific,alpha2,CHEMBL678888,B,Activity,=,291.0,%,,Homo sapiens,CHEMBL1135642,CHEMBL1135642 J Med Chem 2002,LITERATURE,1,346466,287306,2026-09-17T02:17:48.329450+00:00,ChEMBL_37
zolpidem,Zolpidem,CHEMBL911,ZOLPIDEM,Cc1ccc(-c2nc3ccc(C)cn3c2CC(=O)N(C)C)cc1,ZAFYATHCZYHLPB-UHFFFAOYSA-N,CHEMBL4956,Gamma-aminobutyric acid receptor subunit alpha-2,SINGLE PROTEIN,subunit_specific,alpha2,CHEMBL678889,B,EC50,=,737.0,nM,6.13,Homo sapiens,CHEMBL1135642,CHEMBL1135642 J Med Chem 2002,LITERATURE,1,346467,287306,2026-09-17T02:17:48.329450+00:00,ChEMBL_37
zolpidem,Zolpidem,CHEMBL911,ZOLPIDEM,Cc1ccc(-c2nc3ccc(C)cn3c2CC(=O)N(C)C)cc1,ZAFYATHCZYHLPB-UHFFFAOYSA-N,CHEMBL5112,Gamma-aminobutyric acid receptor subunit alpha-5,SINGLE PROTEIN,subunit_specific,alpha5,CHEMBL680329,B,Activity,<,20.0,%,,Homo sapiens,CHEMBL1135642,CHEMBL1135642 J Med Chem 2002,LITERATURE,1,346470,287306,2026-09-17T02:17:48.329450+00:00,ChEMBL_37
zolpidem,Zolpidem,CHEMBL911,ZOLPIDEM,Cc1ccc(-c2nc3ccc(C)cn3c2CC(=O)N(C)C)cc1,ZAFYATHCZYHLPB-UHFFFAOYSA-N,CHEMBL5112,Gamma-aminobutyric acid receptor subunit alpha-5,SINGLE PROTEIN,subunit_specific,alpha5,CHEMBL680330,B,EC50,>,3000.0,nM,,Homo sapiens,CHEMBL1135642,CHEMBL1135642 J Med Chem 2002,LITERATURE,1,346471,287306,2026-09-17T02:17:48.329450+00:00,ChEMBL_37
zolpidem,Zolpidem,CHEMBL911,ZOLPIDEM,Cc1ccc(-c2nc3ccc(C)cn3c2CC(=O)N(C)C)cc1,ZAFYATHCZYHLPB-UHFFFAOYSA-N,CHEMBL5112,Gamma-aminobutyric acid receptor subunit alpha-5,SINGLE PROTEIN,subunit_specific,alpha5,CHEMBL942244,B,Ki,>,15000.0,nM,,Homo sapiens,CHEMBL1152298,CHEMBL1152298 J Med Chem 2008,LITERATURE,1,2401383,803082,2026-09-17T02:17:48.329450+00:00,ChEMBL_37
zolpidem,Zolpidem,CHEMBL911,ZOLPIDEM,Cc1ccc(-c2nc3ccc(C)cn3c2CC(=O)N(C)C)cc1,ZAFYATHCZYHLPB-UHFFFAOYSA-N,CHEMBL4956,Gamma-aminobutyric acid receptor subunit alpha-2,SINGLE PROTEIN,subunit_specific,alpha2,CHEMBL5237501,B,Inhibition,=,74.1,%,,Homo sapiens,CHEMBL5236558,CHEMBL5236558 Eur J Med Chem 2021,LITERATURE,1,25013387,3915133,2026-09-17T02:17:48.329450+00:00,ChEMBL_37
zopiclone,Zopiclone,CHEMBL135400,ZOPICLONE,CN1CCN(C(=O)OC2c3nccnc3C(=O)N2c2ccc(Cl)cn2)CC1,GBBSUAFBMRNDJC-UHFFFAOYSA-N,CHEMBL1907607,GABA-A receptor; anion channel,PROTEIN COMPLEX GROUP,generic_gabaa_target,,CHEMBL653040,B,IC50,=,29.0,nM,7.54,Rattus norvegicus,CHEMBL1129025,CHEMBL1129025 J Med Chem 1996,LITERATURE,1,994803,260424,2026-09-17T02:17:48.329450+00:00,ChEMBL_37
zopiclone,Zopiclone,CHEMBL135400,ZOPICLONE,CN1CCN(C(=O)OC2c3nccnc3C(=O)N2c2ccc(Cl)cn2)CC1,GBBSUAFBMRNDJC-UHFFFAOYSA-N,CHEMBL3883322,Gamma-aminobutyric acid receptor subunit alpha-1/beta-2/beta-3/gamma-2,PROTEIN COMPLEX,composite_target,alpha1/beta2/beta3/gamma2,CHEMBL3864480,B,Efficacy,=,58.0,%,,Rattus norvegicus,CHEMBL3864135,CHEMBL3864135 Bioorg Med Chem Lett 2016,LITERATURE,1,16774819,2804518,2026-09-17T02:17:48.329450+00:00,ChEMBL_37
zopiclone,Zopiclone,CHEMBL135400,ZOPICLONE,CN1CCN(C(=O)OC2c3nccnc3C(=O)N2c2ccc(Cl)cn2)CC1,GBBSUAFBMRNDJC-UHFFFAOYSA-N,CHEMBL343,Gamma-aminobutyric acid receptor subunit alpha-1,SINGLE PROTEIN,subunit_specific,alpha1,CHEMBL5291798,B,AC50,>,10000.0,nM,,Rattus norvegicus,CHEMBL5291721,CHEMBL5291721 Nat Commun 2023,LITERATURE,1,25128071,3941305,2026-09-17T02:17:48.329450+00:00,ChEMBL_37
zopiclone,Zopiclone,CHEMBL135400,ZOPICLONE,CN1CCN(C(=O)OC2c3nccnc3C(=O)N2c2ccc(Cl)cn2)CC1,GBBSUAFBMRNDJC-UHFFFAOYSA-N,CHEMBL343,Gamma-aminobutyric acid receptor subunit alpha-1,SINGLE PROTEIN,subunit_specific,alpha1,CHEMBL5291801,F,AC50,=,93.0,nM,7.03,Rattus norvegicus,CHEMBL5291721,CHEMBL5291721 Nat Commun 2023,LITERATURE,1,25130641,3941305,2026-09-17T02:17:48.329450+00:00,ChEMBL_37
zaleplon,Zaleplon,CHEMBL1521,ZALEPLON,CCN(C(C)=O)c1cccc(-c2ccnc3c(C#N)cnn23)c1,HUNXMJYCHXQEGX-UHFFFAOYSA-N,CHEMBL2094130,GABA-A receptor; alpha-2/beta-3/gamma-2,PROTEIN COMPLEX,composite_target,alpha2/beta3/gamma2,CHEMBL2327958,B,EC50,=,1630.0,nM,5.79,Homo sapiens,CHEMBL2321869,CHEMBL2321869 J Med Chem 2013,LITERATURE,1,12662653,1850407,2026-09-17T02:17:48.329450+00:00,ChEMBL_37
zaleplon,Zaleplon,CHEMBL1521,ZALEPLON,CCN(C(C)=O)c1cccc(-c2ccnc3c(C#N)cnn23)c1,HUNXMJYCHXQEGX-UHFFFAOYSA-N,CHEMBL2095172,GABA-A receptor; alpha-1/beta-2/gamma-2,PROTEIN COMPLEX,composite_target,alpha1/beta2/gamma2,CHEMBL2327959,B,EC50,=,290.0,nM,6.54,Homo sapiens,CHEMBL2321869,CHEMBL2321869 J Med Chem 2013,LITERATURE,1,12662654,1850407,2026-09-17T02:17:48.329450+00:00,ChEMBL_37
zaleplon,Zaleplon,CHEMBL1521,ZALEPLON,CCN(C(C)=O)c1cccc(-c2ccnc3c(C#N)cnn23)c1,HUNXMJYCHXQEGX-UHFFFAOYSA-N,CHEMBL2094120,GABA-A receptor; alpha-3/beta-3/gamma-2,PROTEIN COMPLEX,composite_target,alpha3/beta3/gamma2,CHEMBL2327957,B,EC50,>,1000.0,nM,,Homo sapiens,CHEMBL2321869,CHEMBL2321869 J Med Chem 2013,LITERATURE,1,12662683,1850407,2026-09-17T02:17:48.329450+00:00,ChEMBL_37
zaleplon,Zaleplon,CHEMBL1521,ZALEPLON,CCN(C(C)=O)c1cccc(-c2ccnc3c(C#N)cnn23)c1,HUNXMJYCHXQEGX-UHFFFAOYSA-N,CHEMBL3885577,Gamma-aminobutyric acid receptor subunit alpha-5/beta-3/gamma-3,PROTEIN COMPLEX,composite_target,alpha5/beta3/gamma3,CHEMBL2327961,B,EC50,>,1000.0,nM,,Homo sapiens,CHEMBL2321869,CHEMBL2321869 J Med Chem 2013,LITERATURE,1,12662684,1850407,2026-09-17T02:17:48.329450+00:00,ChEMBL_37
zaleplon,Zaleplon,CHEMBL1521,ZALEPLON,CCN(C(C)=O)c1cccc(-c2ccnc3c(C#N)cnn23)c1,HUNXMJYCHXQEGX-UHFFFAOYSA-N,CHEMBL343,Gamma-aminobutyric acid receptor subunit alpha-1,SINGLE PROTEIN,subunit_specific,alpha1,CHEMBL5291798,B,AC50,>,10000.0,nM,,Rattus norvegicus,CHEMBL5291721,CHEMBL5291721 Nat Commun 2023,LITERATURE,1,25128316,3941293,2026-09-17T02:17:48.329450+00:00,ChEMBL_37
zaleplon,Zaleplon,CHEMBL1521,ZALEPLON,CCN(C(C)=O)c1cccc(-c2ccnc3c(C#N)cnn23)c1,HUNXMJYCHXQEGX-UHFFFAOYSA-N,CHEMBL343,Gamma-aminobutyric acid receptor subunit alpha-1,SINGLE PROTEIN,subunit_specific,alpha1,CHEMBL5291801,F,AC50,=,590.0,nM,6.23,Rattus norvegicus,CHEMBL5291721,CHEMBL5291721 Nat Commun 2023,LITERATURE,1,25130910,3941293,2026-09-17T02:17:48.329450+00:00,ChEMBL_37
