source_row_id,drug_id,receptor_id,residue_chain,residue_number,common_position,mapping_status,mapping_method,qc_required,raw_attributes
0,diazepam,alpha1_beta3_gamma2,C,58,BZD_GAMMA2_058,mapped_gamma2_sequence_alignment,global sequence alignment (Biopython PairwiseAligner) + PDB residue lookup,False,"{""dist"": ""3.32"", ""id"": ""1"", ""ligcarbonidx"": ""13802"", ""protcarbonidx"": ""5801"", ""reschain"": ""C"", ""reschain_lig"": ""Z"", ""resnr"": ""58"", ""resnr_lig"": ""1"", ""restype"": ""TYR"", ""restype_lig"": ""LIG""}"
1,diazepam,alpha1_beta3_gamma2,C,77,BZD_GAMMA2_077,mapped_gamma2_sequence_alignment,global sequence alignment (Biopython PairwiseAligner) + PDB residue lookup,False,"{""dist"": ""3.57"", ""id"": ""2"", ""ligcarbonidx"": ""13793"", ""protcarbonidx"": ""5953"", ""reschain"": ""C"", ""reschain_lig"": ""Z"", ""resnr"": ""77"", ""resnr_lig"": ""1"", ""restype"": ""PHE"", ""restype_lig"": ""LIG""}"
2,diazepam,alpha1_beta3_gamma2,C,77,BZD_GAMMA2_077,mapped_gamma2_sequence_alignment,global sequence alignment (Biopython PairwiseAligner) + PDB residue lookup,False,"{""dist"": ""3.52"", ""id"": ""3"", ""ligcarbonidx"": ""13799"", ""protcarbonidx"": ""5950"", ""reschain"": ""C"", ""reschain_lig"": ""Z"", ""resnr"": ""77"", ""resnr_lig"": ""1"", ""restype"": ""PHE"", ""restype_lig"": ""LIG""}"
3,diazepam,alpha1_beta3_gamma2,D,100,BZD_SITE_100,mapped_global_sequence_alignment,global sequence alignment (Biopython PairwiseAligner) + PDB residue lookup,False,"{""dist"": ""2.92"", ""id"": ""4"", ""ligcarbonidx"": ""13794"", ""protcarbonidx"": ""8994"", ""reschain"": ""D"", ""reschain_lig"": ""Z"", ""resnr"": ""100"", ""resnr_lig"": ""1"", ""restype"": ""PHE"", ""restype_lig"": ""LIG""}"
4,diazepam,alpha1_beta3_gamma2,D,160,BZD_SITE_160,mapped_global_sequence_alignment,global sequence alignment (Biopython PairwiseAligner) + PDB residue lookup,False,"{""dist"": ""3.36"", ""id"": ""5"", ""ligcarbonidx"": ""13794"", ""protcarbonidx"": ""9467"", ""reschain"": ""D"", ""reschain_lig"": ""Z"", ""resnr"": ""160"", ""resnr_lig"": ""1"", ""restype"": ""TYR"", ""restype_lig"": ""LIG""}"
5,diazepam,alpha1_beta3_gamma2,C,58,BZD_GAMMA2_058,mapped_gamma2_sequence_alignment,global sequence alignment (Biopython PairwiseAligner) + PDB residue lookup,False,"{""angle"": ""22.39"", ""centdist"": ""4.07"", ""id"": ""1"", ""offset"": ""1.82"", ""reschain"": ""C"", ""reschain_lig"": ""Z"", ""resnr"": ""58"", ""resnr_lig"": ""1"", ""restype"": ""TYR"", ""restype_lig"": ""LIG"", ""type"": ""P""}"
6,diazepam,alpha1_beta3_gamma2,D,210,BZD_SITE_210,mapped_global_sequence_alignment,global sequence alignment (Biopython PairwiseAligner) + PDB residue lookup,False,"{""angle"": ""63.89"", ""centdist"": ""4.58"", ""id"": ""2"", ""offset"": ""1.19"", ""reschain"": ""D"", ""reschain_lig"": ""Z"", ""resnr"": ""210"", ""resnr_lig"": ""1"", ""restype"": ""TYR"", ""restype_lig"": ""LIG"", ""type"": ""T""}"
7,diazepam,alpha1_beta3_gamma2,C,58,BZD_GAMMA2_058,mapped_gamma2_sequence_alignment,global sequence alignment (Biopython PairwiseAligner) + PDB residue lookup,False,"{""dist"": ""3.95"", ""id"": ""1"", ""ligcarbonidx"": ""13799"", ""protcarbonidx"": ""5806"", ""reschain"": ""C"", ""reschain_lig"": ""Z"", ""resnr"": ""58"", ""resnr_lig"": ""1"", ""restype"": ""TYR"", ""restype_lig"": ""LIG""}"
8,diazepam,alpha1_beta3_gamma2,C,77,BZD_GAMMA2_077,mapped_gamma2_sequence_alignment,global sequence alignment (Biopython PairwiseAligner) + PDB residue lookup,False,"{""dist"": ""3.37"", ""id"": ""2"", ""ligcarbonidx"": ""13793"", ""protcarbonidx"": ""5953"", ""reschain"": ""C"", ""reschain_lig"": ""Z"", ""resnr"": ""77"", ""resnr_lig"": ""1"", ""restype"": ""PHE"", ""restype_lig"": ""LIG""}"
9,diazepam,alpha1_beta3_gamma2,D,100,BZD_SITE_100,mapped_global_sequence_alignment,global sequence alignment (Biopython PairwiseAligner) + PDB residue lookup,False,"{""dist"": ""3.30"", ""id"": ""3"", ""ligcarbonidx"": ""13794"", ""protcarbonidx"": ""8994"", ""reschain"": ""D"", ""reschain_lig"": ""Z"", ""resnr"": ""100"", ""resnr_lig"": ""1"", ""restype"": ""PHE"", ""restype_lig"": ""LIG""}"
10,diazepam,alpha1_beta3_gamma2,D,160,BZD_SITE_160,mapped_global_sequence_alignment,global sequence alignment (Biopython PairwiseAligner) + PDB residue lookup,False,"{""dist"": ""3.97"", ""id"": ""4"", ""ligcarbonidx"": ""13794"", ""protcarbonidx"": ""9467"", ""reschain"": ""D"", ""reschain_lig"": ""Z"", ""resnr"": ""160"", ""resnr_lig"": ""1"", ""restype"": ""TYR"", ""restype_lig"": ""LIG""}"
11,diazepam,alpha1_beta3_gamma2,D,203,BZD_SITE_203,mapped_global_sequence_alignment,global sequence alignment (Biopython PairwiseAligner) + PDB residue lookup,False,"{""dist"": ""3.67"", ""id"": ""5"", ""ligcarbonidx"": ""13803"", ""protcarbonidx"": ""9810"", ""reschain"": ""D"", ""reschain_lig"": ""Z"", ""resnr"": ""203"", ""resnr_lig"": ""1"", ""restype"": ""VAL"", ""restype_lig"": ""LIG""}"
12,diazepam,alpha1_beta3_gamma2,D,203,BZD_SITE_203,mapped_global_sequence_alignment,global sequence alignment (Biopython PairwiseAligner) + PDB residue lookup,False,"{""dist"": ""3.74"", ""id"": ""6"", ""ligcarbonidx"": ""13798"", ""protcarbonidx"": ""9810"", ""reschain"": ""D"", ""reschain_lig"": ""Z"", ""resnr"": ""203"", ""resnr_lig"": ""1"", ""restype"": ""VAL"", ""restype_lig"": ""LIG""}"
13,diazepam,alpha1_beta3_gamma2,D,210,BZD_SITE_210,mapped_global_sequence_alignment,global sequence alignment (Biopython PairwiseAligner) + PDB residue lookup,False,"{""dist"": ""3.40"", ""id"": ""7"", ""ligcarbonidx"": ""13796"", ""protcarbonidx"": ""9860"", ""reschain"": ""D"", ""reschain_lig"": ""Z"", ""resnr"": ""210"", ""resnr_lig"": ""1"", ""restype"": ""TYR"", ""restype_lig"": ""LIG""}"
14,diazepam,alpha1_beta3_gamma2,D,102,BZD_SITE_102,mapped_global_sequence_alignment,global sequence alignment (Biopython PairwiseAligner) + PDB residue lookup,False,"{""angle"": ""75.69"", ""centdist"": ""4.81"", ""id"": ""1"", ""offset"": ""1.34"", ""reschain"": ""D"", ""reschain_lig"": ""Z"", ""resnr"": ""102"", ""resnr_lig"": ""1"", ""restype"": ""HIS"", ""restype_lig"": ""LIG"", ""type"": ""T""}"
15,diazepam,alpha1_beta3_gamma2,C,77,BZD_GAMMA2_077,mapped_gamma2_sequence_alignment,global sequence alignment (Biopython PairwiseAligner) + PDB residue lookup,False,"{""dist"": ""3.30"", ""id"": ""1"", ""ligcarbonidx"": ""13793"", ""protcarbonidx"": ""5953"", ""reschain"": ""C"", ""reschain_lig"": ""Z"", ""resnr"": ""77"", ""resnr_lig"": ""1"", ""restype"": ""PHE"", ""restype_lig"": ""LIG""}"
16,diazepam,alpha1_beta3_gamma2,D,100,BZD_SITE_100,mapped_global_sequence_alignment,global sequence alignment (Biopython PairwiseAligner) + PDB residue lookup,False,"{""dist"": ""3.85"", ""id"": ""2"", ""ligcarbonidx"": ""13794"", ""protcarbonidx"": ""8994"", ""reschain"": ""D"", ""reschain_lig"": ""Z"", ""resnr"": ""100"", ""resnr_lig"": ""1"", ""restype"": ""PHE"", ""restype_lig"": ""LIG""}"
17,diazepam,alpha1_beta3_gamma2,D,210,BZD_SITE_210,mapped_global_sequence_alignment,global sequence alignment (Biopython PairwiseAligner) + PDB residue lookup,False,"{""dist"": ""3.29"", ""id"": ""3"", ""ligcarbonidx"": ""13796"", ""protcarbonidx"": ""9860"", ""reschain"": ""D"", ""reschain_lig"": ""Z"", ""resnr"": ""210"", ""resnr_lig"": ""1"", ""restype"": ""TYR"", ""restype_lig"": ""LIG""}"
18,diazepam,alpha1_beta3_gamma2,D,210,BZD_SITE_210,mapped_global_sequence_alignment,global sequence alignment (Biopython PairwiseAligner) + PDB residue lookup,False,"{""dist"": ""3.99"", ""id"": ""4"", ""ligcarbonidx"": ""13795"", ""protcarbonidx"": ""9862"", ""reschain"": ""D"", ""reschain_lig"": ""Z"", ""resnr"": ""210"", ""resnr_lig"": ""1"", ""restype"": ""TYR"", ""restype_lig"": ""LIG""}"
19,diazepam,alpha1_beta3_gamma2,C,58,BZD_GAMMA2_058,mapped_gamma2_sequence_alignment,global sequence alignment (Biopython PairwiseAligner) + PDB residue lookup,False,"{""angle"": ""12.92"", ""centdist"": ""3.94"", ""id"": ""1"", ""offset"": ""1.55"", ""reschain"": ""C"", ""reschain_lig"": ""Z"", ""resnr"": ""58"", ""resnr_lig"": ""1"", ""restype"": ""TYR"", ""restype_lig"": ""LIG"", ""type"": ""P""}"
20,diazepam,alpha1_beta3_gamma2,C,58,BZD_GAMMA2_058,mapped_gamma2_sequence_alignment,global sequence alignment (Biopython PairwiseAligner) + PDB residue lookup,False,"{""dist"": ""3.17"", ""id"": ""1"", ""ligcarbonidx"": ""13796"", ""protcarbonidx"": ""5801"", ""reschain"": ""C"", ""reschain_lig"": ""Z"", ""resnr"": ""58"", ""resnr_lig"": ""1"", ""restype"": ""TYR"", ""restype_lig"": ""LIG""}"
21,diazepam,alpha1_beta3_gamma2,C,77,BZD_GAMMA2_077,mapped_gamma2_sequence_alignment,global sequence alignment (Biopython PairwiseAligner) + PDB residue lookup,False,"{""dist"": ""3.72"", ""id"": ""2"", ""ligcarbonidx"": ""13803"", ""protcarbonidx"": ""5955"", ""reschain"": ""C"", ""reschain_lig"": ""Z"", ""resnr"": ""77"", ""resnr_lig"": ""1"", ""restype"": ""PHE"", ""restype_lig"": ""LIG""}"
22,diazepam,alpha1_beta3_gamma2,C,77,BZD_GAMMA2_077,mapped_gamma2_sequence_alignment,global sequence alignment (Biopython PairwiseAligner) + PDB residue lookup,False,"{""dist"": ""3.41"", ""id"": ""3"", ""ligcarbonidx"": ""13796"", ""protcarbonidx"": ""5949"", ""reschain"": ""C"", ""reschain_lig"": ""Z"", ""resnr"": ""77"", ""resnr_lig"": ""1"", ""restype"": ""PHE"", ""restype_lig"": ""LIG""}"
23,diazepam,alpha1_beta3_gamma2,D,100,BZD_SITE_100,mapped_global_sequence_alignment,global sequence alignment (Biopython PairwiseAligner) + PDB residue lookup,False,"{""dist"": ""3.72"", ""id"": ""4"", ""ligcarbonidx"": ""13802"", ""protcarbonidx"": ""8994"", ""reschain"": ""D"", ""reschain_lig"": ""Z"", ""resnr"": ""100"", ""resnr_lig"": ""1"", ""restype"": ""PHE"", ""restype_lig"": ""LIG""}"
24,diazepam,alpha1_beta3_gamma2,C,58,BZD_GAMMA2_058,mapped_gamma2_sequence_alignment,global sequence alignment (Biopython PairwiseAligner) + PDB residue lookup,False,"{""angle"": ""13.43"", ""centdist"": ""4.13"", ""id"": ""1"", ""offset"": ""1.69"", ""reschain"": ""C"", ""reschain_lig"": ""Z"", ""resnr"": ""58"", ""resnr_lig"": ""1"", ""restype"": ""TYR"", ""restype_lig"": ""LIG"", ""type"": ""P""}"
25,diazepam,alpha1_beta3_gamma2,C,58,BZD_GAMMA2_058,mapped_gamma2_sequence_alignment,global sequence alignment (Biopython PairwiseAligner) + PDB residue lookup,False,"{""dist"": ""3.50"", ""id"": ""1"", ""ligcarbonidx"": ""13796"", ""protcarbonidx"": ""5803"", ""reschain"": ""C"", ""reschain_lig"": ""Z"", ""resnr"": ""58"", ""resnr_lig"": ""1"", ""restype"": ""TYR"", ""restype_lig"": ""LIG""}"
26,diazepam,alpha1_beta3_gamma2,C,58,BZD_GAMMA2_058,mapped_gamma2_sequence_alignment,global sequence alignment (Biopython PairwiseAligner) + PDB residue lookup,False,"{""dist"": ""3.21"", ""id"": ""2"", ""ligcarbonidx"": ""13795"", ""protcarbonidx"": ""5801"", ""reschain"": ""C"", ""reschain_lig"": ""Z"", ""resnr"": ""58"", ""resnr_lig"": ""1"", ""restype"": ""TYR"", ""restype_lig"": ""LIG""}"
27,diazepam,alpha1_beta3_gamma2,C,77,BZD_GAMMA2_077,mapped_gamma2_sequence_alignment,global sequence alignment (Biopython PairwiseAligner) + PDB residue lookup,False,"{""dist"": ""3.85"", ""id"": ""3"", ""ligcarbonidx"": ""13798"", ""protcarbonidx"": ""5955"", ""reschain"": ""C"", ""reschain_lig"": ""Z"", ""resnr"": ""77"", ""resnr_lig"": ""1"", ""restype"": ""PHE"", ""restype_lig"": ""LIG""}"
28,diazepam,alpha1_beta3_gamma2,C,77,BZD_GAMMA2_077,mapped_gamma2_sequence_alignment,global sequence alignment (Biopython PairwiseAligner) + PDB residue lookup,False,"{""dist"": ""3.24"", ""id"": ""4"", ""ligcarbonidx"": ""13799"", ""protcarbonidx"": ""5954"", ""reschain"": ""C"", ""reschain_lig"": ""Z"", ""resnr"": ""77"", ""resnr_lig"": ""1"", ""restype"": ""PHE"", ""restype_lig"": ""LIG""}"
29,diazepam,alpha1_beta3_gamma2,C,77,BZD_GAMMA2_077,mapped_gamma2_sequence_alignment,global sequence alignment (Biopython PairwiseAligner) + PDB residue lookup,False,"{""dist"": ""3.41"", ""id"": ""5"", ""ligcarbonidx"": ""13793"", ""protcarbonidx"": ""5949"", ""reschain"": ""C"", ""reschain_lig"": ""Z"", ""resnr"": ""77"", ""resnr_lig"": ""1"", ""restype"": ""PHE"", ""restype_lig"": ""LIG""}"
30,diazepam,alpha1_beta3_gamma2,D,203,BZD_SITE_203,mapped_global_sequence_alignment,global sequence alignment (Biopython PairwiseAligner) + PDB residue lookup,False,"{""dist"": ""3.44"", ""id"": ""6"", ""ligcarbonidx"": ""13803"", ""protcarbonidx"": ""9810"", ""reschain"": ""D"", ""reschain_lig"": ""Z"", ""resnr"": ""203"", ""resnr_lig"": ""1"", ""restype"": ""VAL"", ""restype_lig"": ""LIG""}"
31,diazepam,alpha1_beta3_gamma2,C,58,BZD_GAMMA2_058,mapped_gamma2_sequence_alignment,global sequence alignment (Biopython PairwiseAligner) + PDB residue lookup,False,"{""dist"": ""3.34"", ""id"": ""1"", ""ligcarbonidx"": ""13799"", ""protcarbonidx"": ""5806"", ""reschain"": ""C"", ""reschain_lig"": ""Z"", ""resnr"": ""58"", ""resnr_lig"": ""1"", ""restype"": ""TYR"", ""restype_lig"": ""LIG""}"
32,diazepam,alpha1_beta3_gamma2,C,58,BZD_GAMMA2_058,mapped_gamma2_sequence_alignment,global sequence alignment (Biopython PairwiseAligner) + PDB residue lookup,False,"{""dist"": ""3.89"", ""id"": ""2"", ""ligcarbonidx"": ""13793"", ""protcarbonidx"": ""5801"", ""reschain"": ""C"", ""reschain_lig"": ""Z"", ""resnr"": ""58"", ""resnr_lig"": ""1"", ""restype"": ""TYR"", ""restype_lig"": ""LIG""}"
33,diazepam,alpha1_beta3_gamma2,D,203,BZD_SITE_203,mapped_global_sequence_alignment,global sequence alignment (Biopython PairwiseAligner) + PDB residue lookup,False,"{""dist"": ""3.87"", ""id"": ""3"", ""ligcarbonidx"": ""13803"", ""protcarbonidx"": ""9810"", ""reschain"": ""D"", ""reschain_lig"": ""Z"", ""resnr"": ""203"", ""resnr_lig"": ""1"", ""restype"": ""VAL"", ""restype_lig"": ""LIG""}"
34,diazepam,alpha1_beta3_gamma2,D,205,BZD_SITE_205,mapped_global_sequence_alignment,global sequence alignment (Biopython PairwiseAligner) + PDB residue lookup,False,"{""acceptoridx"": ""13790"", ""acceptortype"": ""N2"", ""dist_d-a"": ""3.25"", ""dist_h-a"": ""2.75"", ""don_angle"": ""112.56"", ""donoridx"": ""9826"", ""donortype"": ""O3"", ""id"": ""1"", ""protisdon"": ""True"", ""reschain"": ""D"", ""reschain_lig"": ""Z"", ""resnr"": ""205"", ""resnr_lig"": ""1"", ""restype"": ""SER"", ""restype_lig"": ""LIG"", ""sidechain"": ""True""}"
35,diazepam,alpha1_beta3_gamma2,C,58,BZD_GAMMA2_058,mapped_gamma2_sequence_alignment,global sequence alignment (Biopython PairwiseAligner) + PDB residue lookup,False,"{""angle"": ""26.01"", ""centdist"": ""3.73"", ""id"": ""1"", ""offset"": ""1.09"", ""reschain"": ""C"", ""reschain_lig"": ""Z"", ""resnr"": ""58"", ""resnr_lig"": ""1"", ""restype"": ""TYR"", ""restype_lig"": ""LIG"", ""type"": ""P""}"
36,diazepam,alpha1_beta3_gamma2,C,77,BZD_GAMMA2_077,mapped_gamma2_sequence_alignment,global sequence alignment (Biopython PairwiseAligner) + PDB residue lookup,False,"{""angle"": ""16.90"", ""centdist"": ""4.73"", ""id"": ""2"", ""offset"": ""1.71"", ""reschain"": ""C"", ""reschain_lig"": ""Z"", ""resnr"": ""77"", ""resnr_lig"": ""1"", ""restype"": ""PHE"", ""restype_lig"": ""LIG"", ""type"": ""P""}"
37,diazepam,alpha1_beta3_gamma2,C,60,BZD_GAMMA2_060,mapped_gamma2_sequence_alignment,global sequence alignment (Biopython PairwiseAligner) + PDB residue lookup,False,"{""acc_angle"": ""101.99"", ""acc_idx"": ""5822"", ""acceptortype"": ""O2"", ""dist"": ""3.15"", ""don_angle"": ""137.67"", ""don_idx"": ""13801"", ""donortype"": ""Cl"", ""id"": ""1"", ""reschain"": ""C"", ""reschain_lig"": ""Z"", ""resnr"": ""60"", ""resnr_lig"": ""1"", ""restype"": ""ASN"", ""restype_lig"": ""LIG"", ""sidechain"": ""True""}"
38,diazepam,alpha1_beta3_gamma2,C,58,BZD_GAMMA2_058,mapped_gamma2_sequence_alignment,global sequence alignment (Biopython PairwiseAligner) + PDB residue lookup,False,"{""dist"": ""3.49"", ""id"": ""1"", ""ligcarbonidx"": ""13796"", ""protcarbonidx"": ""5806"", ""reschain"": ""C"", ""reschain_lig"": ""Z"", ""resnr"": ""58"", ""resnr_lig"": ""1"", ""restype"": ""TYR"", ""restype_lig"": ""LIG""}"
39,diazepam,alpha1_beta3_gamma2,C,77,BZD_GAMMA2_077,mapped_gamma2_sequence_alignment,global sequence alignment (Biopython PairwiseAligner) + PDB residue lookup,False,"{""dist"": ""3.81"", ""id"": ""2"", ""ligcarbonidx"": ""13793"", ""protcarbonidx"": ""5954"", ""reschain"": ""C"", ""reschain_lig"": ""Z"", ""resnr"": ""77"", ""resnr_lig"": ""1"", ""restype"": ""PHE"", ""restype_lig"": ""LIG""}"
40,diazepam,alpha1_beta3_gamma2,D,203,BZD_SITE_203,mapped_global_sequence_alignment,global sequence alignment (Biopython PairwiseAligner) + PDB residue lookup,False,"{""dist"": ""3.91"", ""id"": ""3"", ""ligcarbonidx"": ""13797"", ""protcarbonidx"": ""9810"", ""reschain"": ""D"", ""reschain_lig"": ""Z"", ""resnr"": ""203"", ""resnr_lig"": ""1"", ""restype"": ""VAL"", ""restype_lig"": ""LIG""}"
41,diazepam,alpha1_beta3_gamma2,D,156,BZD_SITE_156,mapped_global_sequence_alignment,global sequence alignment (Biopython PairwiseAligner) + PDB residue lookup,False,"{""acceptoridx"": ""13788"", ""acceptortype"": ""O2"", ""dist_d-a"": ""3.68"", ""dist_h-a"": ""2.86"", ""don_angle"": ""137.26"", ""donoridx"": ""9439"", ""donortype"": ""N3"", ""id"": ""1"", ""protisdon"": ""True"", ""reschain"": ""D"", ""reschain_lig"": ""Z"", ""resnr"": ""156"", ""resnr_lig"": ""1"", ""restype"": ""LYS"", ""restype_lig"": ""LIG"", ""sidechain"": ""True""}"
42,diazepam,alpha1_beta3_gamma2,C,77,BZD_GAMMA2_077,mapped_gamma2_sequence_alignment,global sequence alignment (Biopython PairwiseAligner) + PDB residue lookup,False,"{""dist"": ""3.21"", ""id"": ""1"", ""ligcarbonidx"": ""13797"", ""protcarbonidx"": ""5955"", ""reschain"": ""C"", ""reschain_lig"": ""Z"", ""resnr"": ""77"", ""resnr_lig"": ""1"", ""restype"": ""PHE"", ""restype_lig"": ""LIG""}"
43,diazepam,alpha1_beta3_gamma2,C,77,BZD_GAMMA2_077,mapped_gamma2_sequence_alignment,global sequence alignment (Biopython PairwiseAligner) + PDB residue lookup,False,"{""dist"": ""3.47"", ""id"": ""2"", ""ligcarbonidx"": ""13796"", ""protcarbonidx"": ""5954"", ""reschain"": ""C"", ""reschain_lig"": ""Z"", ""resnr"": ""77"", ""resnr_lig"": ""1"", ""restype"": ""PHE"", ""restype_lig"": ""LIG""}"
44,diazepam,alpha1_beta3_gamma2,D,203,BZD_SITE_203,mapped_global_sequence_alignment,global sequence alignment (Biopython PairwiseAligner) + PDB residue lookup,False,"{""dist"": ""3.45"", ""id"": ""3"", ""ligcarbonidx"": ""13793"", ""protcarbonidx"": ""9810"", ""reschain"": ""D"", ""reschain_lig"": ""Z"", ""resnr"": ""203"", ""resnr_lig"": ""1"", ""restype"": ""VAL"", ""restype_lig"": ""LIG""}"
45,diazepam,alpha1_beta3_gamma2,C,77,BZD_GAMMA2_077,mapped_gamma2_sequence_alignment,global sequence alignment (Biopython PairwiseAligner) + PDB residue lookup,False,"{""angle"": ""17.47"", ""centdist"": ""4.32"", ""id"": ""1"", ""offset"": ""1.09"", ""reschain"": ""C"", ""reschain_lig"": ""Z"", ""resnr"": ""77"", ""resnr_lig"": ""1"", ""restype"": ""PHE"", ""restype_lig"": ""LIG"", ""type"": ""P""}"
46,diazepam,alpha1_beta3_gamma2,C,58,BZD_GAMMA2_058,mapped_gamma2_sequence_alignment,global sequence alignment (Biopython PairwiseAligner) + PDB residue lookup,False,"{""dist"": ""3.63"", ""id"": ""1"", ""ligcarbonidx"": ""13793"", ""protcarbonidx"": ""5805"", ""reschain"": ""C"", ""reschain_lig"": ""Z"", ""resnr"": ""58"", ""resnr_lig"": ""1"", ""restype"": ""TYR"", ""restype_lig"": ""LIG""}"
47,diazepam,alpha1_beta3_gamma2,C,58,BZD_GAMMA2_058,mapped_gamma2_sequence_alignment,global sequence alignment (Biopython PairwiseAligner) + PDB residue lookup,False,"{""dist"": ""3.66"", ""id"": ""2"", ""ligcarbonidx"": ""13799"", ""protcarbonidx"": ""5806"", ""reschain"": ""C"", ""reschain_lig"": ""Z"", ""resnr"": ""58"", ""resnr_lig"": ""1"", ""restype"": ""TYR"", ""restype_lig"": ""LIG""}"
48,diazepam,alpha1_beta3_gamma2,D,203,BZD_SITE_203,mapped_global_sequence_alignment,global sequence alignment (Biopython PairwiseAligner) + PDB residue lookup,False,"{""dist"": ""3.08"", ""id"": ""3"", ""ligcarbonidx"": ""13797"", ""protcarbonidx"": ""9810"", ""reschain"": ""D"", ""reschain_lig"": ""Z"", ""resnr"": ""203"", ""resnr_lig"": ""1"", ""restype"": ""VAL"", ""restype_lig"": ""LIG""}"
49,diazepam,alpha1_beta3_gamma2,D,205,BZD_SITE_205,mapped_global_sequence_alignment,global sequence alignment (Biopython PairwiseAligner) + PDB residue lookup,False,"{""acceptoridx"": ""13788"", ""acceptortype"": ""O2"", ""dist_d-a"": ""3.30"", ""dist_h-a"": ""2.80"", ""don_angle"": ""112.96"", ""donoridx"": ""9826"", ""donortype"": ""O3"", ""id"": ""1"", ""protisdon"": ""True"", ""reschain"": ""D"", ""reschain_lig"": ""Z"", ""resnr"": ""205"", ""resnr_lig"": ""1"", ""restype"": ""SER"", ""restype_lig"": ""LIG"", ""sidechain"": ""True""}"
50,triazolam,alpha1_beta3_gamma2,C,58,BZD_GAMMA2_058,mapped_gamma2_sequence_alignment,global sequence alignment (Biopython PairwiseAligner) + PDB residue lookup,False,"{""dist"": ""3.80"", ""id"": ""1"", ""ligcarbonidx"": ""13797"", ""protcarbonidx"": ""5806"", ""reschain"": ""C"", ""reschain_lig"": ""Z"", ""resnr"": ""58"", ""resnr_lig"": ""1"", ""restype"": ""TYR"", ""restype_lig"": ""LIG""}"
51,triazolam,alpha1_beta3_gamma2,D,203,BZD_SITE_203,mapped_global_sequence_alignment,global sequence alignment (Biopython PairwiseAligner) + PDB residue lookup,False,"{""dist"": ""3.61"", ""id"": ""2"", ""ligcarbonidx"": ""13785"", ""protcarbonidx"": ""9811"", ""reschain"": ""D"", ""reschain_lig"": ""Z"", ""resnr"": ""203"", ""resnr_lig"": ""1"", ""restype"": ""VAL"", ""restype_lig"": ""LIG""}"
52,triazolam,alpha1_beta3_gamma2,D,203,BZD_SITE_203,mapped_global_sequence_alignment,global sequence alignment (Biopython PairwiseAligner) + PDB residue lookup,False,"{""dist"": ""3.16"", ""id"": ""3"", ""ligcarbonidx"": ""13800"", ""protcarbonidx"": ""9810"", ""reschain"": ""D"", ""reschain_lig"": ""Z"", ""resnr"": ""203"", ""resnr_lig"": ""1"", ""restype"": ""VAL"", ""restype_lig"": ""LIG""}"
53,triazolam,alpha1_beta3_gamma2,D,210,BZD_SITE_210,mapped_global_sequence_alignment,global sequence alignment (Biopython PairwiseAligner) + PDB residue lookup,False,"{""dist"": ""3.58"", ""id"": ""4"", ""ligcarbonidx"": ""13801"", ""protcarbonidx"": ""9860"", ""reschain"": ""D"", ""reschain_lig"": ""Z"", ""resnr"": ""210"", ""resnr_lig"": ""1"", ""restype"": ""TYR"", ""restype_lig"": ""LIG""}"
54,triazolam,alpha1_beta3_gamma2,D,210,BZD_SITE_210,mapped_global_sequence_alignment,global sequence alignment (Biopython PairwiseAligner) + PDB residue lookup,False,"{""dist"": ""3.60"", ""id"": ""5"", ""ligcarbonidx"": ""13802"", ""protcarbonidx"": ""9862"", ""reschain"": ""D"", ""reschain_lig"": ""Z"", ""resnr"": ""210"", ""resnr_lig"": ""1"", ""restype"": ""TYR"", ""restype_lig"": ""LIG""}"
55,triazolam,alpha1_beta3_gamma2,C,60,BZD_GAMMA2_060,mapped_gamma2_sequence_alignment,global sequence alignment (Biopython PairwiseAligner) + PDB residue lookup,False,"{""acceptoridx"": ""13788"", ""acceptortype"": ""Nar"", ""dist_d-a"": ""3.90"", ""dist_h-a"": ""3.28"", ""don_angle"": ""122.81"", ""donoridx"": ""5823"", ""donortype"": ""Nam"", ""id"": ""1"", ""protisdon"": ""True"", ""reschain"": ""C"", ""reschain_lig"": ""Z"", ""resnr"": ""60"", ""resnr_lig"": ""1"", ""restype"": ""ASN"", ""restype_lig"": ""LIG"", ""sidechain"": ""True""}"
56,triazolam,alpha1_beta3_gamma2,D,156,BZD_SITE_156,mapped_global_sequence_alignment,global sequence alignment (Biopython PairwiseAligner) + PDB residue lookup,False,"{""acceptoridx"": ""13787"", ""acceptortype"": ""Nar"", ""dist_d-a"": ""3.61"", ""dist_h-a"": ""3.05"", ""don_angle"": ""115.64"", ""donoridx"": ""9439"", ""donortype"": ""N3"", ""id"": ""2"", ""protisdon"": ""True"", ""reschain"": ""D"", ""reschain_lig"": ""Z"", ""resnr"": ""156"", ""resnr_lig"": ""1"", ""restype"": ""LYS"", ""restype_lig"": ""LIG"", ""sidechain"": ""True""}"
57,triazolam,alpha1_beta3_gamma2,C,58,BZD_GAMMA2_058,mapped_gamma2_sequence_alignment,global sequence alignment (Biopython PairwiseAligner) + PDB residue lookup,False,"{""dist"": ""3.68"", ""id"": ""1"", ""ligcarbonidx"": ""13800"", ""protcarbonidx"": ""5806"", ""reschain"": ""C"", ""reschain_lig"": ""Z"", ""resnr"": ""58"", ""resnr_lig"": ""1"", ""restype"": ""TYR"", ""restype_lig"": ""LIG""}"
58,triazolam,alpha1_beta3_gamma2,C,58,BZD_GAMMA2_058,mapped_gamma2_sequence_alignment,global sequence alignment (Biopython PairwiseAligner) + PDB residue lookup,False,"{""dist"": ""3.57"", ""id"": ""2"", ""ligcarbonidx"": ""13785"", ""protcarbonidx"": ""5804"", ""reschain"": ""C"", ""reschain_lig"": ""Z"", ""resnr"": ""58"", ""resnr_lig"": ""1"", ""restype"": ""TYR"", ""restype_lig"": ""LIG""}"
59,triazolam,alpha1_beta3_gamma2,C,77,BZD_GAMMA2_077,mapped_gamma2_sequence_alignment,global sequence alignment (Biopython PairwiseAligner) + PDB residue lookup,False,"{""dist"": ""3.54"", ""id"": ""3"", ""ligcarbonidx"": ""13785"", ""protcarbonidx"": ""5950"", ""reschain"": ""C"", ""reschain_lig"": ""Z"", ""resnr"": ""77"", ""resnr_lig"": ""1"", ""restype"": ""PHE"", ""restype_lig"": ""LIG""}"
60,triazolam,alpha1_beta3_gamma2,D,203,BZD_SITE_203,mapped_global_sequence_alignment,global sequence alignment (Biopython PairwiseAligner) + PDB residue lookup,False,"{""dist"": ""3.49"", ""id"": ""4"", ""ligcarbonidx"": ""13797"", ""protcarbonidx"": ""9810"", ""reschain"": ""D"", ""reschain_lig"": ""Z"", ""resnr"": ""203"", ""resnr_lig"": ""1"", ""restype"": ""VAL"", ""restype_lig"": ""LIG""}"
61,triazolam,alpha1_beta3_gamma2,C,58,BZD_GAMMA2_058,mapped_gamma2_sequence_alignment,global sequence alignment (Biopython PairwiseAligner) + PDB residue lookup,False,"{""angle"": ""17.65"", ""centdist"": ""4.34"", ""id"": ""1"", ""offset"": ""1.35"", ""reschain"": ""C"", ""reschain_lig"": ""Z"", ""resnr"": ""58"", ""resnr_lig"": ""1"", ""restype"": ""TYR"", ""restype_lig"": ""LIG"", ""type"": ""P""}"
62,triazolam,alpha1_beta3_gamma2,C,58,BZD_GAMMA2_058,mapped_gamma2_sequence_alignment,global sequence alignment (Biopython PairwiseAligner) + PDB residue lookup,False,"{""dist"": ""3.49"", ""id"": ""1"", ""ligcarbonidx"": ""13785"", ""protcarbonidx"": ""5801"", ""reschain"": ""C"", ""reschain_lig"": ""Z"", ""resnr"": ""58"", ""resnr_lig"": ""1"", ""restype"": ""TYR"", ""restype_lig"": ""LIG""}"
63,triazolam,alpha1_beta3_gamma2,C,77,BZD_GAMMA2_077,mapped_gamma2_sequence_alignment,global sequence alignment (Biopython PairwiseAligner) + PDB residue lookup,False,"{""dist"": ""3.86"", ""id"": ""2"", ""ligcarbonidx"": ""13800"", ""protcarbonidx"": ""5954"", ""reschain"": ""C"", ""reschain_lig"": ""Z"", ""resnr"": ""77"", ""resnr_lig"": ""1"", ""restype"": ""PHE"", ""restype_lig"": ""LIG""}"
64,triazolam,alpha1_beta3_gamma2,C,77,BZD_GAMMA2_077,mapped_gamma2_sequence_alignment,global sequence alignment (Biopython PairwiseAligner) + PDB residue lookup,False,"{""dist"": ""3.59"", ""id"": ""3"", ""ligcarbonidx"": ""13785"", ""protcarbonidx"": ""5949"", ""reschain"": ""C"", ""reschain_lig"": ""Z"", ""resnr"": ""77"", ""resnr_lig"": ""1"", ""restype"": ""PHE"", ""restype_lig"": ""LIG""}"
65,triazolam,alpha1_beta3_gamma2,D,102,BZD_SITE_102,mapped_global_sequence_alignment,global sequence alignment (Biopython PairwiseAligner) + PDB residue lookup,False,"{""dist"": ""3.51"", ""id"": ""4"", ""ligcarbonidx"": ""13803"", ""protcarbonidx"": ""9010"", ""reschain"": ""D"", ""reschain_lig"": ""Z"", ""resnr"": ""102"", ""resnr_lig"": ""1"", ""restype"": ""HIS"", ""restype_lig"": ""LIG""}"
66,triazolam,alpha1_beta3_gamma2,D,203,BZD_SITE_203,mapped_global_sequence_alignment,global sequence alignment (Biopython PairwiseAligner) + PDB residue lookup,False,"{""dist"": ""3.08"", ""id"": ""5"", ""ligcarbonidx"": ""13796"", ""protcarbonidx"": ""9810"", ""reschain"": ""D"", ""reschain_lig"": ""Z"", ""resnr"": ""203"", ""resnr_lig"": ""1"", ""restype"": ""VAL"", ""restype_lig"": ""LIG""}"
67,triazolam,alpha1_beta3_gamma2,C,58,BZD_GAMMA2_058,mapped_gamma2_sequence_alignment,global sequence alignment (Biopython PairwiseAligner) + PDB residue lookup,False,"{""angle"": ""21.85"", ""centdist"": ""4.38"", ""id"": ""1"", ""offset"": ""1.93"", ""reschain"": ""C"", ""reschain_lig"": ""Z"", ""resnr"": ""58"", ""resnr_lig"": ""1"", ""restype"": ""TYR"", ""restype_lig"": ""LIG"", ""type"": ""P""}"
68,triazolam,alpha1_beta3_gamma2,C,77,BZD_GAMMA2_077,mapped_gamma2_sequence_alignment,global sequence alignment (Biopython PairwiseAligner) + PDB residue lookup,False,"{""angle"": ""29.78"", ""centdist"": ""4.19"", ""id"": ""2"", ""offset"": ""1.33"", ""reschain"": ""C"", ""reschain_lig"": ""Z"", ""resnr"": ""77"", ""resnr_lig"": ""1"", ""restype"": ""PHE"", ""restype_lig"": ""LIG"", ""type"": ""P""}"
69,triazolam,alpha1_beta3_gamma2,C,58,BZD_GAMMA2_058,mapped_gamma2_sequence_alignment,global sequence alignment (Biopython PairwiseAligner) + PDB residue lookup,False,"{""dist"": ""3.75"", ""id"": ""1"", ""ligcarbonidx"": ""13785"", ""protcarbonidx"": ""5805"", ""reschain"": ""C"", ""reschain_lig"": ""Z"", ""resnr"": ""58"", ""resnr_lig"": ""1"", ""restype"": ""TYR"", ""restype_lig"": ""LIG""}"
70,triazolam,alpha1_beta3_gamma2,D,203,BZD_SITE_203,mapped_global_sequence_alignment,global sequence alignment (Biopython PairwiseAligner) + PDB residue lookup,False,"{""dist"": ""3.83"", ""id"": ""2"", ""ligcarbonidx"": ""13796"", ""protcarbonidx"": ""9811"", ""reschain"": ""D"", ""reschain_lig"": ""Z"", ""resnr"": ""203"", ""resnr_lig"": ""1"", ""restype"": ""VAL"", ""restype_lig"": ""LIG""}"
71,triazolam,alpha1_beta3_gamma2,D,203,BZD_SITE_203,mapped_global_sequence_alignment,global sequence alignment (Biopython PairwiseAligner) + PDB residue lookup,False,"{""dist"": ""3.50"", ""id"": ""3"", ""ligcarbonidx"": ""13792"", ""protcarbonidx"": ""9810"", ""reschain"": ""D"", ""reschain_lig"": ""Z"", ""resnr"": ""203"", ""resnr_lig"": ""1"", ""restype"": ""VAL"", ""restype_lig"": ""LIG""}"
72,triazolam,alpha1_beta3_gamma2,C,58,BZD_GAMMA2_058,mapped_gamma2_sequence_alignment,global sequence alignment (Biopython PairwiseAligner) + PDB residue lookup,False,"{""angle"": ""11.68"", ""centdist"": ""3.87"", ""id"": ""1"", ""offset"": ""1.64"", ""reschain"": ""C"", ""reschain_lig"": ""Z"", ""resnr"": ""58"", ""resnr_lig"": ""1"", ""restype"": ""TYR"", ""restype_lig"": ""LIG"", ""type"": ""P""}"
73,triazolam,alpha1_beta3_gamma2,C,58,BZD_GAMMA2_058,mapped_gamma2_sequence_alignment,global sequence alignment (Biopython PairwiseAligner) + PDB residue lookup,False,"{""dist"": ""3.75"", ""id"": ""1"", ""ligcarbonidx"": ""13800"", ""protcarbonidx"": ""5805"", ""reschain"": ""C"", ""reschain_lig"": ""Z"", ""resnr"": ""58"", ""resnr_lig"": ""1"", ""restype"": ""TYR"", ""restype_lig"": ""LIG""}"
74,triazolam,alpha1_beta3_gamma2,C,58,BZD_GAMMA2_058,mapped_gamma2_sequence_alignment,global sequence alignment (Biopython PairwiseAligner) + PDB residue lookup,False,"{""angle"": ""9.71"", ""centdist"": ""3.92"", ""id"": ""1"", ""offset"": ""1.55"", ""reschain"": ""C"", ""reschain_lig"": ""Z"", ""resnr"": ""58"", ""resnr_lig"": ""1"", ""restype"": ""TYR"", ""restype_lig"": ""LIG"", ""type"": ""P""}"
75,triazolam,alpha1_beta3_gamma2,C,58,BZD_GAMMA2_058,mapped_gamma2_sequence_alignment,global sequence alignment (Biopython PairwiseAligner) + PDB residue lookup,False,"{""dist"": ""3.68"", ""id"": ""1"", ""ligcarbonidx"": ""13802"", ""protcarbonidx"": ""5806"", ""reschain"": ""C"", ""reschain_lig"": ""Z"", ""resnr"": ""58"", ""resnr_lig"": ""1"", ""restype"": ""TYR"", ""restype_lig"": ""LIG""}"
76,triazolam,alpha1_beta3_gamma2,C,77,BZD_GAMMA2_077,mapped_gamma2_sequence_alignment,global sequence alignment (Biopython PairwiseAligner) + PDB residue lookup,False,"{""dist"": ""3.49"", ""id"": ""2"", ""ligcarbonidx"": ""13803"", ""protcarbonidx"": ""5954"", ""reschain"": ""C"", ""reschain_lig"": ""Z"", ""resnr"": ""77"", ""resnr_lig"": ""1"", ""restype"": ""PHE"", ""restype_lig"": ""LIG""}"
77,triazolam,alpha1_beta3_gamma2,D,203,BZD_SITE_203,mapped_global_sequence_alignment,global sequence alignment (Biopython PairwiseAligner) + PDB residue lookup,False,"{""dist"": ""3.49"", ""id"": ""3"", ""ligcarbonidx"": ""13800"", ""protcarbonidx"": ""9810"", ""reschain"": ""D"", ""reschain_lig"": ""Z"", ""resnr"": ""203"", ""resnr_lig"": ""1"", ""restype"": ""VAL"", ""restype_lig"": ""LIG""}"
78,triazolam,alpha1_beta3_gamma2,D,156,BZD_SITE_156,mapped_global_sequence_alignment,global sequence alignment (Biopython PairwiseAligner) + PDB residue lookup,False,"{""acceptoridx"": ""13788"", ""acceptortype"": ""Nar"", ""dist_d-a"": ""3.54"", ""dist_h-a"": ""2.57"", ""don_angle"": ""157.71"", ""donoridx"": ""9439"", ""donortype"": ""N3"", ""id"": ""1"", ""protisdon"": ""True"", ""reschain"": ""D"", ""reschain_lig"": ""Z"", ""resnr"": ""156"", ""resnr_lig"": ""1"", ""restype"": ""LYS"", ""restype_lig"": ""LIG"", ""sidechain"": ""True""}"
79,triazolam,alpha1_beta3_gamma2,C,60,BZD_GAMMA2_060,mapped_gamma2_sequence_alignment,global sequence alignment (Biopython PairwiseAligner) + PDB residue lookup,False,"{""acc_angle"": ""120.92"", ""acc_idx"": ""5819"", ""acceptortype"": ""O2"", ""dist"": ""3.21"", ""don_angle"": ""143.14"", ""don_idx"": ""13795"", ""donortype"": ""Cl"", ""id"": ""1"", ""reschain"": ""C"", ""reschain_lig"": ""Z"", ""resnr"": ""60"", ""resnr_lig"": ""1"", ""restype"": ""ASN"", ""restype_lig"": ""LIG"", ""sidechain"": ""False""}"
80,triazolam,alpha1_beta3_gamma2,D,203,BZD_SITE_203,mapped_global_sequence_alignment,global sequence alignment (Biopython PairwiseAligner) + PDB residue lookup,False,"{""dist"": ""3.49"", ""id"": ""1"", ""ligcarbonidx"": ""13802"", ""protcarbonidx"": ""9811"", ""reschain"": ""D"", ""reschain_lig"": ""Z"", ""resnr"": ""203"", ""resnr_lig"": ""1"", ""restype"": ""VAL"", ""restype_lig"": ""LIG""}"
81,triazolam,alpha1_beta3_gamma2,C,189,BZD_GAMMA2_189,mapped_gamma2_sequence_alignment,global sequence alignment (Biopython PairwiseAligner) + PDB residue lookup,False,"{""acceptoridx"": ""13788"", ""acceptortype"": ""Nar"", ""dist_d-a"": ""3.95"", ""dist_h-a"": ""3.25"", ""don_angle"": ""133.09"", ""donoridx"": ""6910"", ""donortype"": ""O3"", ""id"": ""1"", ""protisdon"": ""True"", ""reschain"": ""C"", ""reschain_lig"": ""Z"", ""resnr"": ""189"", ""resnr_lig"": ""1"", ""restype"": ""GLU"", ""restype_lig"": ""LIG"", ""sidechain"": ""True""}"
82,triazolam,alpha1_beta3_gamma2,C,58,BZD_GAMMA2_058,mapped_gamma2_sequence_alignment,global sequence alignment (Biopython PairwiseAligner) + PDB residue lookup,False,"{""angle"": ""15.51"", ""centdist"": ""4.20"", ""id"": ""1"", ""offset"": ""1.60"", ""reschain"": ""C"", ""reschain_lig"": ""Z"", ""resnr"": ""58"", ""resnr_lig"": ""1"", ""restype"": ""TYR"", ""restype_lig"": ""LIG"", ""type"": ""P""}"
83,triazolam,alpha1_beta3_gamma2,C,58,BZD_GAMMA2_058,mapped_gamma2_sequence_alignment,global sequence alignment (Biopython PairwiseAligner) + PDB residue lookup,False,"{""dist"": ""3.91"", ""id"": ""1"", ""ligcarbonidx"": ""13792"", ""protcarbonidx"": ""5806"", ""reschain"": ""C"", ""reschain_lig"": ""Z"", ""resnr"": ""58"", ""resnr_lig"": ""1"", ""restype"": ""TYR"", ""restype_lig"": ""LIG""}"
84,triazolam,alpha1_beta3_gamma2,D,203,BZD_SITE_203,mapped_global_sequence_alignment,global sequence alignment (Biopython PairwiseAligner) + PDB residue lookup,False,"{""dist"": ""3.85"", ""id"": ""2"", ""ligcarbonidx"": ""13801"", ""protcarbonidx"": ""9811"", ""reschain"": ""D"", ""reschain_lig"": ""Z"", ""resnr"": ""203"", ""resnr_lig"": ""1"", ""restype"": ""VAL"", ""restype_lig"": ""LIG""}"
85,triazolam,alpha1_beta3_gamma2,D,203,BZD_SITE_203,mapped_global_sequence_alignment,global sequence alignment (Biopython PairwiseAligner) + PDB residue lookup,False,"{""dist"": ""3.49"", ""id"": ""3"", ""ligcarbonidx"": ""13800"", ""protcarbonidx"": ""9810"", ""reschain"": ""D"", ""reschain_lig"": ""Z"", ""resnr"": ""203"", ""resnr_lig"": ""1"", ""restype"": ""VAL"", ""restype_lig"": ""LIG""}"
86,triazolam,alpha1_beta3_gamma2,C,58,BZD_GAMMA2_058,mapped_gamma2_sequence_alignment,global sequence alignment (Biopython PairwiseAligner) + PDB residue lookup,False,"{""dist"": ""3.82"", ""id"": ""1"", ""ligcarbonidx"": ""13803"", ""protcarbonidx"": ""5806"", ""reschain"": ""C"", ""reschain_lig"": ""Z"", ""resnr"": ""58"", ""resnr_lig"": ""1"", ""restype"": ""TYR"", ""restype_lig"": ""LIG""}"
87,triazolam,alpha1_beta3_gamma2,C,77,BZD_GAMMA2_077,mapped_gamma2_sequence_alignment,global sequence alignment (Biopython PairwiseAligner) + PDB residue lookup,False,"{""dist"": ""3.81"", ""id"": ""2"", ""ligcarbonidx"": ""13802"", ""protcarbonidx"": ""5955"", ""reschain"": ""C"", ""reschain_lig"": ""Z"", ""resnr"": ""77"", ""resnr_lig"": ""1"", ""restype"": ""PHE"", ""restype_lig"": ""LIG""}"
88,triazolam,alpha1_beta3_gamma2,C,77,BZD_GAMMA2_077,mapped_gamma2_sequence_alignment,global sequence alignment (Biopython PairwiseAligner) + PDB residue lookup,False,"{""dist"": ""3.87"", ""id"": ""3"", ""ligcarbonidx"": ""13803"", ""protcarbonidx"": ""5954"", ""reschain"": ""C"", ""reschain_lig"": ""Z"", ""resnr"": ""77"", ""resnr_lig"": ""1"", ""restype"": ""PHE"", ""restype_lig"": ""LIG""}"
89,triazolam,alpha1_beta3_gamma2,D,203,BZD_SITE_203,mapped_global_sequence_alignment,global sequence alignment (Biopython PairwiseAligner) + PDB residue lookup,False,"{""dist"": ""3.59"", ""id"": ""4"", ""ligcarbonidx"": ""13785"", ""protcarbonidx"": ""9811"", ""reschain"": ""D"", ""reschain_lig"": ""Z"", ""resnr"": ""203"", ""resnr_lig"": ""1"", ""restype"": ""VAL"", ""restype_lig"": ""LIG""}"
90,triazolam,alpha1_beta3_gamma2,D,203,BZD_SITE_203,mapped_global_sequence_alignment,global sequence alignment (Biopython PairwiseAligner) + PDB residue lookup,False,"{""dist"": ""3.30"", ""id"": ""5"", ""ligcarbonidx"": ""13800"", ""protcarbonidx"": ""9810"", ""reschain"": ""D"", ""reschain_lig"": ""Z"", ""resnr"": ""203"", ""resnr_lig"": ""1"", ""restype"": ""VAL"", ""restype_lig"": ""LIG""}"
91,triazolam,alpha1_beta3_gamma2,D,156,BZD_SITE_156,mapped_global_sequence_alignment,global sequence alignment (Biopython PairwiseAligner) + PDB residue lookup,False,"{""acceptoridx"": ""13806"", ""acceptortype"": ""N2"", ""dist_d-a"": ""3.88"", ""dist_h-a"": ""3.18"", ""don_angle"": ""126.45"", ""donoridx"": ""9439"", ""donortype"": ""N3"", ""id"": ""1"", ""protisdon"": ""True"", ""reschain"": ""D"", ""reschain_lig"": ""Z"", ""resnr"": ""156"", ""resnr_lig"": ""1"", ""restype"": ""LYS"", ""restype_lig"": ""LIG"", ""sidechain"": ""True""}"
92,zolpidem,alpha1_beta3_gamma2,C,58,BZD_GAMMA2_058,mapped_gamma2_sequence_alignment,global sequence alignment (Biopython PairwiseAligner) + PDB residue lookup,False,"{""dist"": ""3.74"", ""id"": ""1"", ""ligcarbonidx"": ""13795"", ""protcarbonidx"": ""5806"", ""reschain"": ""C"", ""reschain_lig"": ""Z"", ""resnr"": ""58"", ""resnr_lig"": ""1"", ""restype"": ""TYR"", ""restype_lig"": ""LIG""}"
93,zolpidem,alpha1_beta3_gamma2,C,77,BZD_GAMMA2_077,mapped_gamma2_sequence_alignment,global sequence alignment (Biopython PairwiseAligner) + PDB residue lookup,False,"{""dist"": ""3.63"", ""id"": ""2"", ""ligcarbonidx"": ""13793"", ""protcarbonidx"": ""5954"", ""reschain"": ""C"", ""reschain_lig"": ""Z"", ""resnr"": ""77"", ""resnr_lig"": ""1"", ""restype"": ""PHE"", ""restype_lig"": ""LIG""}"
94,zolpidem,alpha1_beta3_gamma2,D,102,BZD_SITE_102,mapped_global_sequence_alignment,global sequence alignment (Biopython PairwiseAligner) + PDB residue lookup,False,"{""dist"": ""3.93"", ""id"": ""3"", ""ligcarbonidx"": ""13806"", ""protcarbonidx"": ""9010"", ""reschain"": ""D"", ""reschain_lig"": ""Z"", ""resnr"": ""102"", ""resnr_lig"": ""1"", ""restype"": ""HIS"", ""restype_lig"": ""LIG""}"
95,zolpidem,alpha1_beta3_gamma2,D,103,BZD_SITE_103,mapped_global_sequence_alignment,global sequence alignment (Biopython PairwiseAligner) + PDB residue lookup,False,"{""dist"": ""3.48"", ""id"": ""4"", ""ligcarbonidx"": ""13807"", ""protcarbonidx"": ""9020"", ""reschain"": ""D"", ""reschain_lig"": ""Z"", ""resnr"": ""103"", ""resnr_lig"": ""1"", ""restype"": ""ASN"", ""restype_lig"": ""LIG""}"
96,zolpidem,alpha1_beta3_gamma2,D,156,BZD_SITE_156,mapped_global_sequence_alignment,global sequence alignment (Biopython PairwiseAligner) + PDB residue lookup,False,"{""dist"": ""3.54"", ""id"": ""5"", ""ligcarbonidx"": ""13807"", ""protcarbonidx"": ""9437"", ""reschain"": ""D"", ""reschain_lig"": ""Z"", ""resnr"": ""156"", ""resnr_lig"": ""1"", ""restype"": ""LYS"", ""restype_lig"": ""LIG""}"
97,zolpidem,alpha1_beta3_gamma2,D,203,BZD_SITE_203,mapped_global_sequence_alignment,global sequence alignment (Biopython PairwiseAligner) + PDB residue lookup,False,"{""dist"": ""3.84"", ""id"": ""6"", ""ligcarbonidx"": ""13795"", ""protcarbonidx"": ""9810"", ""reschain"": ""D"", ""reschain_lig"": ""Z"", ""resnr"": ""203"", ""resnr_lig"": ""1"", ""restype"": ""VAL"", ""restype_lig"": ""LIG""}"
98,zolpidem,alpha1_beta3_gamma2,C,60,BZD_GAMMA2_060,mapped_gamma2_sequence_alignment,global sequence alignment (Biopython PairwiseAligner) + PDB residue lookup,False,"{""acceptoridx"": ""13791"", ""acceptortype"": ""Nar"", ""dist_d-a"": ""3.35"", ""dist_h-a"": ""2.91"", ""don_angle"": ""107.92"", ""donoridx"": ""5823"", ""donortype"": ""Nam"", ""id"": ""1"", ""protisdon"": ""True"", ""reschain"": ""C"", ""reschain_lig"": ""Z"", ""resnr"": ""60"", ""resnr_lig"": ""1"", ""restype"": ""ASN"", ""restype_lig"": ""LIG"", ""sidechain"": ""True""}"
99,zolpidem,alpha1_beta3_gamma2,C,58,BZD_GAMMA2_058,mapped_gamma2_sequence_alignment,global sequence alignment (Biopython PairwiseAligner) + PDB residue lookup,False,"{""dist"": ""3.78"", ""id"": ""1"", ""ligcarbonidx"": ""13788"", ""protcarbonidx"": ""5804"", ""reschain"": ""C"", ""reschain_lig"": ""Z"", ""resnr"": ""58"", ""resnr_lig"": ""1"", ""restype"": ""TYR"", ""restype_lig"": ""LIG""}"
100,zolpidem,alpha1_beta3_gamma2,C,77,BZD_GAMMA2_077,mapped_gamma2_sequence_alignment,global sequence alignment (Biopython PairwiseAligner) + PDB residue lookup,False,"{""dist"": ""3.78"", ""id"": ""2"", ""ligcarbonidx"": ""13785"", ""protcarbonidx"": ""5951"", ""reschain"": ""C"", ""reschain_lig"": ""Z"", ""resnr"": ""77"", ""resnr_lig"": ""1"", ""restype"": ""PHE"", ""restype_lig"": ""LIG""}"
101,zolpidem,alpha1_beta3_gamma2,D,160,BZD_SITE_160,mapped_global_sequence_alignment,global sequence alignment (Biopython PairwiseAligner) + PDB residue lookup,False,"{""dist"": ""3.97"", ""id"": ""3"", ""ligcarbonidx"": ""13785"", ""protcarbonidx"": ""9469"", ""reschain"": ""D"", ""reschain_lig"": ""Z"", ""resnr"": ""160"", ""resnr_lig"": ""1"", ""restype"": ""TYR"", ""restype_lig"": ""LIG""}"
102,zolpidem,alpha1_beta3_gamma2,D,203,BZD_SITE_203,mapped_global_sequence_alignment,global sequence alignment (Biopython PairwiseAligner) + PDB residue lookup,False,"{""dist"": ""3.26"", ""id"": ""4"", ""ligcarbonidx"": ""13806"", ""protcarbonidx"": ""9810"", ""reschain"": ""D"", ""reschain_lig"": ""Z"", ""resnr"": ""203"", ""resnr_lig"": ""1"", ""restype"": ""VAL"", ""restype_lig"": ""LIG""}"
103,zolpidem,alpha1_beta3_gamma2,C,77,BZD_GAMMA2_077,mapped_gamma2_sequence_alignment,global sequence alignment (Biopython PairwiseAligner) + PDB residue lookup,False,"{""angle"": ""70.60"", ""centdist"": ""4.70"", ""id"": ""1"", ""offset"": ""0.47"", ""reschain"": ""C"", ""reschain_lig"": ""Z"", ""resnr"": ""77"", ""resnr_lig"": ""1"", ""restype"": ""PHE"", ""restype_lig"": ""LIG"", ""type"": ""T""}"
104,zolpidem,alpha1_beta3_gamma2,C,77,BZD_GAMMA2_077,mapped_gamma2_sequence_alignment,global sequence alignment (Biopython PairwiseAligner) + PDB residue lookup,False,"{""dist"": ""3.41"", ""id"": ""1"", ""ligcarbonidx"": ""13807"", ""protcarbonidx"": ""5954"", ""reschain"": ""C"", ""reschain_lig"": ""Z"", ""resnr"": ""77"", ""resnr_lig"": ""1"", ""restype"": ""PHE"", ""restype_lig"": ""LIG""}"
105,zolpidem,alpha1_beta3_gamma2,D,103,BZD_SITE_103,mapped_global_sequence_alignment,global sequence alignment (Biopython PairwiseAligner) + PDB residue lookup,False,"{""dist"": ""3.58"", ""id"": ""2"", ""ligcarbonidx"": ""13794"", ""protcarbonidx"": ""9020"", ""reschain"": ""D"", ""reschain_lig"": ""Z"", ""resnr"": ""103"", ""resnr_lig"": ""1"", ""restype"": ""ASN"", ""restype_lig"": ""LIG""}"
106,zolpidem,alpha1_beta3_gamma2,D,203,BZD_SITE_203,mapped_global_sequence_alignment,global sequence alignment (Biopython PairwiseAligner) + PDB residue lookup,False,"{""dist"": ""3.03"", ""id"": ""3"", ""ligcarbonidx"": ""13787"", ""protcarbonidx"": ""9810"", ""reschain"": ""D"", ""reschain_lig"": ""Z"", ""resnr"": ""203"", ""resnr_lig"": ""1"", ""restype"": ""VAL"", ""restype_lig"": ""LIG""}"
107,zolpidem,alpha1_beta3_gamma2,C,60,BZD_GAMMA2_060,mapped_gamma2_sequence_alignment,global sequence alignment (Biopython PairwiseAligner) + PDB residue lookup,False,"{""acceptoridx"": ""13791"", ""acceptortype"": ""Nar"", ""dist_d-a"": ""2.99"", ""dist_h-a"": ""2.18"", ""don_angle"": ""138.65"", ""donoridx"": ""5823"", ""donortype"": ""Nam"", ""id"": ""1"", ""protisdon"": ""True"", ""reschain"": ""C"", ""reschain_lig"": ""Z"", ""resnr"": ""60"", ""resnr_lig"": ""1"", ""restype"": ""ASN"", ""restype_lig"": ""LIG"", ""sidechain"": ""True""}"
108,zolpidem,alpha1_beta3_gamma2,C,77,BZD_GAMMA2_077,mapped_gamma2_sequence_alignment,global sequence alignment (Biopython PairwiseAligner) + PDB residue lookup,False,"{""dist"": ""3.42"", ""id"": ""1"", ""ligcarbonidx"": ""13796"", ""protcarbonidx"": ""5951"", ""reschain"": ""C"", ""reschain_lig"": ""Z"", ""resnr"": ""77"", ""resnr_lig"": ""1"", ""restype"": ""PHE"", ""restype_lig"": ""LIG""}"
109,zolpidem,alpha1_beta3_gamma2,C,58,BZD_GAMMA2_058,mapped_gamma2_sequence_alignment,global sequence alignment (Biopython PairwiseAligner) + PDB residue lookup,False,"{""angle"": ""17.03"", ""centdist"": ""4.03"", ""id"": ""1"", ""offset"": ""1.25"", ""reschain"": ""C"", ""reschain_lig"": ""Z"", ""resnr"": ""58"", ""resnr_lig"": ""1"", ""restype"": ""TYR"", ""restype_lig"": ""LIG"", ""type"": ""P""}"
110,zolpidem,alpha1_beta3_gamma2,C,77,BZD_GAMMA2_077,mapped_gamma2_sequence_alignment,global sequence alignment (Biopython PairwiseAligner) + PDB residue lookup,False,"{""dist"": ""3.52"", ""id"": ""1"", ""ligcarbonidx"": ""13796"", ""protcarbonidx"": ""5955"", ""reschain"": ""C"", ""reschain_lig"": ""Z"", ""resnr"": ""77"", ""resnr_lig"": ""1"", ""restype"": ""PHE"", ""restype_lig"": ""LIG""}"
111,zolpidem,alpha1_beta3_gamma2,D,203,BZD_SITE_203,mapped_global_sequence_alignment,global sequence alignment (Biopython PairwiseAligner) + PDB residue lookup,False,"{""dist"": ""3.50"", ""id"": ""2"", ""ligcarbonidx"": ""13800"", ""protcarbonidx"": ""9810"", ""reschain"": ""D"", ""reschain_lig"": ""Z"", ""resnr"": ""203"", ""resnr_lig"": ""1"", ""restype"": ""VAL"", ""restype_lig"": ""LIG""}"
112,zolpidem,alpha1_beta3_gamma2,C,58,BZD_GAMMA2_058,mapped_gamma2_sequence_alignment,global sequence alignment (Biopython PairwiseAligner) + PDB residue lookup,False,"{""angle"": ""13.03"", ""centdist"": ""3.89"", ""id"": ""1"", ""offset"": ""1.16"", ""reschain"": ""C"", ""reschain_lig"": ""Z"", ""resnr"": ""58"", ""resnr_lig"": ""1"", ""restype"": ""TYR"", ""restype_lig"": ""LIG"", ""type"": ""P""}"
113,zolpidem,alpha1_beta3_gamma2,C,58,BZD_GAMMA2_058,mapped_gamma2_sequence_alignment,global sequence alignment (Biopython PairwiseAligner) + PDB residue lookup,False,"{""dist"": ""3.59"", ""id"": ""1"", ""ligcarbonidx"": ""13806"", ""protcarbonidx"": ""5806"", ""reschain"": ""C"", ""reschain_lig"": ""Z"", ""resnr"": ""58"", ""resnr_lig"": ""1"", ""restype"": ""TYR"", ""restype_lig"": ""LIG""}"
114,zolpidem,alpha1_beta3_gamma2,C,77,BZD_GAMMA2_077,mapped_gamma2_sequence_alignment,global sequence alignment (Biopython PairwiseAligner) + PDB residue lookup,False,"{""dist"": ""3.27"", ""id"": ""2"", ""ligcarbonidx"": ""13807"", ""protcarbonidx"": ""5954"", ""reschain"": ""C"", ""reschain_lig"": ""Z"", ""resnr"": ""77"", ""resnr_lig"": ""1"", ""restype"": ""PHE"", ""restype_lig"": ""LIG""}"
115,zolpidem,alpha1_beta3_gamma2,D,203,BZD_SITE_203,mapped_global_sequence_alignment,global sequence alignment (Biopython PairwiseAligner) + PDB residue lookup,False,"{""dist"": ""3.42"", ""id"": ""3"", ""ligcarbonidx"": ""13788"", ""protcarbonidx"": ""9810"", ""reschain"": ""D"", ""reschain_lig"": ""Z"", ""resnr"": ""203"", ""resnr_lig"": ""1"", ""restype"": ""VAL"", ""restype_lig"": ""LIG""}"
116,zolpidem,alpha1_beta3_gamma2,C,60,BZD_GAMMA2_060,mapped_gamma2_sequence_alignment,global sequence alignment (Biopython PairwiseAligner) + PDB residue lookup,False,"{""acceptoridx"": ""13791"", ""acceptortype"": ""Nar"", ""dist_d-a"": ""3.56"", ""dist_h-a"": ""3.01"", ""don_angle"": ""116.29"", ""donoridx"": ""5823"", ""donortype"": ""Nam"", ""id"": ""1"", ""protisdon"": ""True"", ""reschain"": ""C"", ""reschain_lig"": ""Z"", ""resnr"": ""60"", ""resnr_lig"": ""1"", ""restype"": ""ASN"", ""restype_lig"": ""LIG"", ""sidechain"": ""True""}"
117,zolpidem,alpha1_beta3_gamma2,C,58,BZD_GAMMA2_058,mapped_gamma2_sequence_alignment,global sequence alignment (Biopython PairwiseAligner) + PDB residue lookup,False,"{""dist"": ""3.96"", ""id"": ""1"", ""ligcarbonidx"": ""13795"", ""protcarbonidx"": ""5806"", ""reschain"": ""C"", ""reschain_lig"": ""Z"", ""resnr"": ""58"", ""resnr_lig"": ""1"", ""restype"": ""TYR"", ""restype_lig"": ""LIG""}"
118,zolpidem,alpha1_beta3_gamma2,C,58,BZD_GAMMA2_058,mapped_gamma2_sequence_alignment,global sequence alignment (Biopython PairwiseAligner) + PDB residue lookup,False,"{""dist"": ""3.71"", ""id"": ""2"", ""ligcarbonidx"": ""13796"", ""protcarbonidx"": ""5804"", ""reschain"": ""C"", ""reschain_lig"": ""Z"", ""resnr"": ""58"", ""resnr_lig"": ""1"", ""restype"": ""TYR"", ""restype_lig"": ""LIG""}"
119,zolpidem,alpha1_beta3_gamma2,C,77,BZD_GAMMA2_077,mapped_gamma2_sequence_alignment,global sequence alignment (Biopython PairwiseAligner) + PDB residue lookup,False,"{""dist"": ""3.88"", ""id"": ""3"", ""ligcarbonidx"": ""13794"", ""protcarbonidx"": ""5955"", ""reschain"": ""C"", ""reschain_lig"": ""Z"", ""resnr"": ""77"", ""resnr_lig"": ""1"", ""restype"": ""PHE"", ""restype_lig"": ""LIG""}"
120,zolpidem,alpha1_beta3_gamma2,C,77,BZD_GAMMA2_077,mapped_gamma2_sequence_alignment,global sequence alignment (Biopython PairwiseAligner) + PDB residue lookup,False,"{""dist"": ""3.71"", ""id"": ""4"", ""ligcarbonidx"": ""13796"", ""protcarbonidx"": ""5952"", ""reschain"": ""C"", ""reschain_lig"": ""Z"", ""resnr"": ""77"", ""resnr_lig"": ""1"", ""restype"": ""PHE"", ""restype_lig"": ""LIG""}"
121,zolpidem,alpha1_beta3_gamma2,D,203,BZD_SITE_203,mapped_global_sequence_alignment,global sequence alignment (Biopython PairwiseAligner) + PDB residue lookup,False,"{""dist"": ""3.64"", ""id"": ""5"", ""ligcarbonidx"": ""13806"", ""protcarbonidx"": ""9811"", ""reschain"": ""D"", ""reschain_lig"": ""Z"", ""resnr"": ""203"", ""resnr_lig"": ""1"", ""restype"": ""VAL"", ""restype_lig"": ""LIG""}"
122,zolpidem,alpha1_beta3_gamma2,C,58,BZD_GAMMA2_058,mapped_gamma2_sequence_alignment,global sequence alignment (Biopython PairwiseAligner) + PDB residue lookup,False,"{""dist"": ""3.42"", ""id"": ""1"", ""ligcarbonidx"": ""13793"", ""protcarbonidx"": ""5806"", ""reschain"": ""C"", ""reschain_lig"": ""Z"", ""resnr"": ""58"", ""resnr_lig"": ""1"", ""restype"": ""TYR"", ""restype_lig"": ""LIG""}"
123,zolpidem,alpha1_beta3_gamma2,C,77,BZD_GAMMA2_077,mapped_gamma2_sequence_alignment,global sequence alignment (Biopython PairwiseAligner) + PDB residue lookup,False,"{""dist"": ""3.48"", ""id"": ""2"", ""ligcarbonidx"": ""13796"", ""protcarbonidx"": ""5955"", ""reschain"": ""C"", ""reschain_lig"": ""Z"", ""resnr"": ""77"", ""resnr_lig"": ""1"", ""restype"": ""PHE"", ""restype_lig"": ""LIG""}"
124,zolpidem,alpha1_beta3_gamma2,C,77,BZD_GAMMA2_077,mapped_gamma2_sequence_alignment,global sequence alignment (Biopython PairwiseAligner) + PDB residue lookup,False,"{""dist"": ""3.52"", ""id"": ""3"", ""ligcarbonidx"": ""13794"", ""protcarbonidx"": ""5954"", ""reschain"": ""C"", ""reschain_lig"": ""Z"", ""resnr"": ""77"", ""resnr_lig"": ""1"", ""restype"": ""PHE"", ""restype_lig"": ""LIG""}"
125,zolpidem,alpha1_beta3_gamma2,D,203,BZD_SITE_203,mapped_global_sequence_alignment,global sequence alignment (Biopython PairwiseAligner) + PDB residue lookup,False,"{""dist"": ""3.88"", ""id"": ""4"", ""ligcarbonidx"": ""13788"", ""protcarbonidx"": ""9810"", ""reschain"": ""D"", ""reschain_lig"": ""Z"", ""resnr"": ""203"", ""resnr_lig"": ""1"", ""restype"": ""VAL"", ""restype_lig"": ""LIG""}"
126,zolpidem,alpha1_beta3_gamma2,D,203,BZD_SITE_203,mapped_global_sequence_alignment,global sequence alignment (Biopython PairwiseAligner) + PDB residue lookup,False,"{""dist"": ""3.77"", ""id"": ""5"", ""ligcarbonidx"": ""13800"", ""protcarbonidx"": ""9811"", ""reschain"": ""D"", ""reschain_lig"": ""Z"", ""resnr"": ""203"", ""resnr_lig"": ""1"", ""restype"": ""VAL"", ""restype_lig"": ""LIG""}"
127,zolpidem,alpha1_beta3_gamma2,C,58,BZD_GAMMA2_058,mapped_gamma2_sequence_alignment,global sequence alignment (Biopython PairwiseAligner) + PDB residue lookup,False,"{""dist"": ""3.94"", ""id"": ""1"", ""ligcarbonidx"": ""13793"", ""protcarbonidx"": ""5806"", ""reschain"": ""C"", ""reschain_lig"": ""Z"", ""resnr"": ""58"", ""resnr_lig"": ""1"", ""restype"": ""TYR"", ""restype_lig"": ""LIG""}"
128,zolpidem,alpha1_beta3_gamma2,D,103,BZD_SITE_103,mapped_global_sequence_alignment,global sequence alignment (Biopython PairwiseAligner) + PDB residue lookup,False,"{""dist"": ""3.47"", ""id"": ""2"", ""ligcarbonidx"": ""13785"", ""protcarbonidx"": ""9020"", ""reschain"": ""D"", ""reschain_lig"": ""Z"", ""resnr"": ""103"", ""resnr_lig"": ""1"", ""restype"": ""ASN"", ""restype_lig"": ""LIG""}"
129,zolpidem,alpha1_beta3_gamma2,D,156,BZD_SITE_156,mapped_global_sequence_alignment,global sequence alignment (Biopython PairwiseAligner) + PDB residue lookup,False,"{""dist"": ""3.91"", ""id"": ""3"", ""ligcarbonidx"": ""13807"", ""protcarbonidx"": ""9437"", ""reschain"": ""D"", ""reschain_lig"": ""Z"", ""resnr"": ""156"", ""resnr_lig"": ""1"", ""restype"": ""LYS"", ""restype_lig"": ""LIG""}"
130,zolpidem,alpha1_beta3_gamma2,D,203,BZD_SITE_203,mapped_global_sequence_alignment,global sequence alignment (Biopython PairwiseAligner) + PDB residue lookup,False,"{""dist"": ""3.76"", ""id"": ""4"", ""ligcarbonidx"": ""13794"", ""protcarbonidx"": ""9810"", ""reschain"": ""D"", ""reschain_lig"": ""Z"", ""resnr"": ""203"", ""resnr_lig"": ""1"", ""restype"": ""VAL"", ""restype_lig"": ""LIG""}"
131,zolpidem,alpha1_beta3_gamma2,D,156,BZD_SITE_156,mapped_global_sequence_alignment,global sequence alignment (Biopython PairwiseAligner) + PDB residue lookup,False,"{""acceptoridx"": ""13802"", ""acceptortype"": ""O2"", ""dist_d-a"": ""4.08"", ""dist_h-a"": ""3.22"", ""don_angle"": ""143.53"", ""donoridx"": ""9439"", ""donortype"": ""N3"", ""id"": ""1"", ""protisdon"": ""True"", ""reschain"": ""D"", ""reschain_lig"": ""Z"", ""resnr"": ""156"", ""resnr_lig"": ""1"", ""restype"": ""LYS"", ""restype_lig"": ""LIG"", ""sidechain"": ""True""}"
132,diazepam,alpha2_beta3_gamma2_local_9CTJ,E,58,BZD_GAMMA2_058,mapped_gamma2_sequence_alignment,global sequence alignment (Biopython PairwiseAligner) + PDB residue lookup,False,"{""dist"": ""3.68"", ""id"": ""1"", ""ligcarbonidx"": ""7110"", ""protcarbonidx"": ""5639"", ""reschain"": ""E"", ""reschain_lig"": ""Z"", ""resnr"": ""58"", ""resnr_lig"": ""1"", ""restype"": ""TYR"", ""restype_lig"": ""LIG""}"
133,diazepam,alpha2_beta3_gamma2_local_9CTJ,E,77,BZD_GAMMA2_077,mapped_gamma2_sequence_alignment,global sequence alignment (Biopython PairwiseAligner) + PDB residue lookup,False,"{""dist"": ""3.66"", ""id"": ""2"", ""ligcarbonidx"": ""7112"", ""protcarbonidx"": ""5787"", ""reschain"": ""E"", ""reschain_lig"": ""Z"", ""resnr"": ""77"", ""resnr_lig"": ""1"", ""restype"": ""PHE"", ""restype_lig"": ""LIG""}"
134,diazepam,alpha2_beta3_gamma2_local_9CTJ,E,77,BZD_GAMMA2_077,mapped_gamma2_sequence_alignment,global sequence alignment (Biopython PairwiseAligner) + PDB residue lookup,False,"{""dist"": ""3.47"", ""id"": ""3"", ""ligcarbonidx"": ""7116"", ""protcarbonidx"": ""5785"", ""reschain"": ""E"", ""reschain_lig"": ""Z"", ""resnr"": ""77"", ""resnr_lig"": ""1"", ""restype"": ""PHE"", ""restype_lig"": ""LIG""}"
135,diazepam,alpha2_beta3_gamma2_local_9CTJ,D,202,BZD_SITE_203,mapped_global_sequence_alignment,global sequence alignment (Biopython PairwiseAligner) + PDB residue lookup,False,"{""dist"": ""3.75"", ""id"": ""4"", ""ligcarbonidx"": ""7107"", ""protcarbonidx"": ""4260"", ""reschain"": ""D"", ""reschain_lig"": ""Z"", ""resnr"": ""202"", ""resnr_lig"": ""1"", ""restype"": ""ILE"", ""restype_lig"": ""LIG""}"
136,diazepam,alpha2_beta3_gamma2_local_9CTJ,E,58,BZD_GAMMA2_058,mapped_gamma2_sequence_alignment,global sequence alignment (Biopython PairwiseAligner) + PDB residue lookup,False,"{""dist"": ""3.88"", ""id"": ""1"", ""ligcarbonidx"": ""7113"", ""protcarbonidx"": ""5639"", ""reschain"": ""E"", ""reschain_lig"": ""Z"", ""resnr"": ""58"", ""resnr_lig"": ""1"", ""restype"": ""TYR"", ""restype_lig"": ""LIG""}"
137,diazepam,alpha2_beta3_gamma2_local_9CTJ,E,77,BZD_GAMMA2_077,mapped_gamma2_sequence_alignment,global sequence alignment (Biopython PairwiseAligner) + PDB residue lookup,False,"{""dist"": ""3.90"", ""id"": ""2"", ""ligcarbonidx"": ""7108"", ""protcarbonidx"": ""5788"", ""reschain"": ""E"", ""reschain_lig"": ""Z"", ""resnr"": ""77"", ""resnr_lig"": ""1"", ""restype"": ""PHE"", ""restype_lig"": ""LIG""}"
138,diazepam,alpha2_beta3_gamma2_local_9CTJ,E,77,BZD_GAMMA2_077,mapped_gamma2_sequence_alignment,global sequence alignment (Biopython PairwiseAligner) + PDB residue lookup,False,"{""dist"": ""3.16"", ""id"": ""3"", ""ligcarbonidx"": ""7107"", ""protcarbonidx"": ""5787"", ""reschain"": ""E"", ""reschain_lig"": ""Z"", ""resnr"": ""77"", ""resnr_lig"": ""1"", ""restype"": ""PHE"", ""restype_lig"": ""LIG""}"
139,diazepam,alpha2_beta3_gamma2_local_9CTJ,D,99,BZD_SITE_100,mapped_global_sequence_alignment,global sequence alignment (Biopython PairwiseAligner) + PDB residue lookup,False,"{""dist"": ""3.53"", ""id"": ""4"", ""ligcarbonidx"": ""7108"", ""protcarbonidx"": ""3448"", ""reschain"": ""D"", ""reschain_lig"": ""Z"", ""resnr"": ""99"", ""resnr_lig"": ""1"", ""restype"": ""PHE"", ""restype_lig"": ""LIG""}"
140,diazepam,alpha2_beta3_gamma2_local_9CTJ,D,209,BZD_SITE_210,mapped_global_sequence_alignment,global sequence alignment (Biopython PairwiseAligner) + PDB residue lookup,False,"{""dist"": ""3.27"", ""id"": ""5"", ""ligcarbonidx"": ""7110"", ""protcarbonidx"": ""4310"", ""reschain"": ""D"", ""reschain_lig"": ""Z"", ""resnr"": ""209"", ""resnr_lig"": ""1"", ""restype"": ""TYR"", ""restype_lig"": ""LIG""}"
141,diazepam,alpha2_beta3_gamma2_local_9CTJ,D,101,BZD_SITE_102,mapped_global_sequence_alignment,global sequence alignment (Biopython PairwiseAligner) + PDB residue lookup,False,"{""angle"": ""63.61"", ""centdist"": ""4.40"", ""id"": ""1"", ""offset"": ""1.42"", ""reschain"": ""D"", ""reschain_lig"": ""Z"", ""resnr"": ""101"", ""resnr_lig"": ""1"", ""restype"": ""HIS"", ""restype_lig"": ""LIG"", ""type"": ""T""}"
142,diazepam,alpha2_beta3_gamma2_local_9CTJ,E,60,BZD_GAMMA2_060,mapped_gamma2_sequence_alignment,global sequence alignment (Biopython PairwiseAligner) + PDB residue lookup,False,"{""dist"": ""3.66"", ""id"": ""1"", ""ligcarbonidx"": ""7116"", ""protcarbonidx"": ""5653"", ""reschain"": ""E"", ""reschain_lig"": ""Z"", ""resnr"": ""60"", ""resnr_lig"": ""1"", ""restype"": ""ASN"", ""restype_lig"": ""LIG""}"
143,diazepam,alpha2_beta3_gamma2_local_9CTJ,D,102,BZD_SITE_103,mapped_global_sequence_alignment,global sequence alignment (Biopython PairwiseAligner) + PDB residue lookup,False,"{""dist"": ""3.94"", ""id"": ""2"", ""ligcarbonidx"": ""7111"", ""protcarbonidx"": ""3474"", ""reschain"": ""D"", ""reschain_lig"": ""Z"", ""resnr"": ""102"", ""resnr_lig"": ""1"", ""restype"": ""ASN"", ""restype_lig"": ""LIG""}"
144,diazepam,alpha2_beta3_gamma2_local_9CTJ,D,153,BZD_SITE_154,mapped_global_sequence_alignment,global sequence alignment (Biopython PairwiseAligner) + PDB residue lookup,False,"{""dist"": ""3.61"", ""id"": ""3"", ""ligcarbonidx"": ""7109"", ""protcarbonidx"": ""3875"", ""reschain"": ""D"", ""reschain_lig"": ""Z"", ""resnr"": ""153"", ""resnr_lig"": ""1"", ""restype"": ""PRO"", ""restype_lig"": ""LIG""}"
145,diazepam,alpha2_beta3_gamma2_local_9CTJ,D,155,BZD_SITE_156,mapped_global_sequence_alignment,global sequence alignment (Biopython PairwiseAligner) + PDB residue lookup,False,"{""dist"": ""3.68"", ""id"": ""4"", ""ligcarbonidx"": ""7110"", ""protcarbonidx"": ""3891"", ""reschain"": ""D"", ""reschain_lig"": ""Z"", ""resnr"": ""155"", ""resnr_lig"": ""1"", ""restype"": ""LYS"", ""restype_lig"": ""LIG""}"
146,diazepam,alpha2_beta3_gamma2_local_9CTJ,E,195,BZD_GAMMA2_195,mapped_gamma2_sequence_alignment,global sequence alignment (Biopython PairwiseAligner) + PDB residue lookup,False,"{""acc_angle"": ""107.59"", ""acc_idx"": ""6784"", ""acceptortype"": ""O2"", ""dist"": ""3.81"", ""don_angle"": ""153.72"", ""don_idx"": ""7115"", ""donortype"": ""Cl"", ""id"": ""1"", ""reschain"": ""E"", ""reschain_lig"": ""Z"", ""resnr"": ""195"", ""resnr_lig"": ""1"", ""restype"": ""SER"", ""restype_lig"": ""LIG"", ""sidechain"": ""False""}"
147,diazepam,alpha2_beta3_gamma2_local_9CTJ,E,58,BZD_GAMMA2_058,mapped_gamma2_sequence_alignment,global sequence alignment (Biopython PairwiseAligner) + PDB residue lookup,False,"{""dist"": ""3.51"", ""id"": ""1"", ""ligcarbonidx"": ""7107"", ""protcarbonidx"": ""5639"", ""reschain"": ""E"", ""reschain_lig"": ""Z"", ""resnr"": ""58"", ""resnr_lig"": ""1"", ""restype"": ""TYR"", ""restype_lig"": ""LIG""}"
148,diazepam,alpha2_beta3_gamma2_local_9CTJ,E,77,BZD_GAMMA2_077,mapped_gamma2_sequence_alignment,global sequence alignment (Biopython PairwiseAligner) + PDB residue lookup,False,"{""dist"": ""3.57"", ""id"": ""2"", ""ligcarbonidx"": ""7107"", ""protcarbonidx"": ""5787"", ""reschain"": ""E"", ""reschain_lig"": ""Z"", ""resnr"": ""77"", ""resnr_lig"": ""1"", ""restype"": ""PHE"", ""restype_lig"": ""LIG""}"
149,diazepam,alpha2_beta3_gamma2_local_9CTJ,D,202,BZD_SITE_203,mapped_global_sequence_alignment,global sequence alignment (Biopython PairwiseAligner) + PDB residue lookup,False,"{""dist"": ""3.54"", ""id"": ""3"", ""ligcarbonidx"": ""7110"", ""protcarbonidx"": ""4260"", ""reschain"": ""D"", ""reschain_lig"": ""Z"", ""resnr"": ""202"", ""resnr_lig"": ""1"", ""restype"": ""ILE"", ""restype_lig"": ""LIG""}"
150,diazepam,alpha2_beta3_gamma2_local_9CTJ,D,202,BZD_SITE_203,mapped_global_sequence_alignment,global sequence alignment (Biopython PairwiseAligner) + PDB residue lookup,False,"{""dist"": ""3.80"", ""id"": ""4"", ""ligcarbonidx"": ""7116"", ""protcarbonidx"": ""4261"", ""reschain"": ""D"", ""reschain_lig"": ""Z"", ""resnr"": ""202"", ""resnr_lig"": ""1"", ""restype"": ""ILE"", ""restype_lig"": ""LIG""}"
151,diazepam,alpha2_beta3_gamma2_local_9CTJ,E,77,BZD_GAMMA2_077,mapped_gamma2_sequence_alignment,global sequence alignment (Biopython PairwiseAligner) + PDB residue lookup,False,"{""dist"": ""3.57"", ""id"": ""1"", ""ligcarbonidx"": ""7108"", ""protcarbonidx"": ""5787"", ""reschain"": ""E"", ""reschain_lig"": ""Z"", ""resnr"": ""77"", ""resnr_lig"": ""1"", ""restype"": ""PHE"", ""restype_lig"": ""LIG""}"
152,diazepam,alpha2_beta3_gamma2_local_9CTJ,D,202,BZD_SITE_203,mapped_global_sequence_alignment,global sequence alignment (Biopython PairwiseAligner) + PDB residue lookup,False,"{""dist"": ""3.72"", ""id"": ""2"", ""ligcarbonidx"": ""7110"", ""protcarbonidx"": ""4260"", ""reschain"": ""D"", ""reschain_lig"": ""Z"", ""resnr"": ""202"", ""resnr_lig"": ""1"", ""restype"": ""ILE"", ""restype_lig"": ""LIG""}"
153,diazepam,alpha2_beta3_gamma2_local_9CTJ,E,77,BZD_GAMMA2_077,mapped_gamma2_sequence_alignment,global sequence alignment (Biopython PairwiseAligner) + PDB residue lookup,False,"{""dist"": ""3.87"", ""id"": ""1"", ""ligcarbonidx"": ""7116"", ""protcarbonidx"": ""5787"", ""reschain"": ""E"", ""reschain_lig"": ""Z"", ""resnr"": ""77"", ""resnr_lig"": ""1"", ""restype"": ""PHE"", ""restype_lig"": ""LIG""}"
154,diazepam,alpha2_beta3_gamma2_local_9CTJ,D,102,BZD_SITE_103,mapped_global_sequence_alignment,global sequence alignment (Biopython PairwiseAligner) + PDB residue lookup,False,"{""dist"": ""3.46"", ""id"": ""2"", ""ligcarbonidx"": ""7109"", ""protcarbonidx"": ""3474"", ""reschain"": ""D"", ""reschain_lig"": ""Z"", ""resnr"": ""102"", ""resnr_lig"": ""1"", ""restype"": ""ASN"", ""restype_lig"": ""LIG""}"
155,diazepam,alpha2_beta3_gamma2_local_9CTJ,D,155,BZD_SITE_156,mapped_global_sequence_alignment,global sequence alignment (Biopython PairwiseAligner) + PDB residue lookup,False,"{""dist"": ""3.76"", ""id"": ""3"", ""ligcarbonidx"": ""7110"", ""protcarbonidx"": ""3891"", ""reschain"": ""D"", ""reschain_lig"": ""Z"", ""resnr"": ""155"", ""resnr_lig"": ""1"", ""restype"": ""LYS"", ""restype_lig"": ""LIG""}"
156,diazepam,alpha2_beta3_gamma2_local_9CTJ,E,77,BZD_GAMMA2_077,mapped_gamma2_sequence_alignment,global sequence alignment (Biopython PairwiseAligner) + PDB residue lookup,False,"{""dist"": ""3.42"", ""id"": ""1"", ""ligcarbonidx"": ""7116"", ""protcarbonidx"": ""5787"", ""reschain"": ""E"", ""reschain_lig"": ""Z"", ""resnr"": ""77"", ""resnr_lig"": ""1"", ""restype"": ""PHE"", ""restype_lig"": ""LIG""}"
157,diazepam,alpha2_beta3_gamma2_local_9CTJ,D,202,BZD_SITE_203,mapped_global_sequence_alignment,global sequence alignment (Biopython PairwiseAligner) + PDB residue lookup,False,"{""dist"": ""3.76"", ""id"": ""2"", ""ligcarbonidx"": ""7113"", ""protcarbonidx"": ""4260"", ""reschain"": ""D"", ""reschain_lig"": ""Z"", ""resnr"": ""202"", ""resnr_lig"": ""1"", ""restype"": ""ILE"", ""restype_lig"": ""LIG""}"
158,diazepam,alpha2_beta3_gamma2_local_9CTJ,D,202,BZD_SITE_203,mapped_global_sequence_alignment,global sequence alignment (Biopython PairwiseAligner) + PDB residue lookup,False,"{""dist"": ""3.59"", ""id"": ""3"", ""ligcarbonidx"": ""7107"", ""protcarbonidx"": ""4261"", ""reschain"": ""D"", ""reschain_lig"": ""Z"", ""resnr"": ""202"", ""resnr_lig"": ""1"", ""restype"": ""ILE"", ""restype_lig"": ""LIG""}"
159,diazepam,alpha2_beta3_gamma2_local_9CTJ,D,101,BZD_SITE_102,mapped_global_sequence_alignment,global sequence alignment (Biopython PairwiseAligner) + PDB residue lookup,False,"{""angle"": ""63.45"", ""centdist"": ""4.38"", ""id"": ""1"", ""offset"": ""0.80"", ""reschain"": ""D"", ""reschain_lig"": ""Z"", ""resnr"": ""101"", ""resnr_lig"": ""1"", ""restype"": ""HIS"", ""restype_lig"": ""LIG"", ""type"": ""T""}"
160,diazepam,alpha2_beta3_gamma2_local_9CTJ,E,60,BZD_GAMMA2_060,mapped_gamma2_sequence_alignment,global sequence alignment (Biopython PairwiseAligner) + PDB residue lookup,False,"{""dist"": ""3.56"", ""id"": ""1"", ""ligcarbonidx"": ""7116"", ""protcarbonidx"": ""5653"", ""reschain"": ""E"", ""reschain_lig"": ""Z"", ""resnr"": ""60"", ""resnr_lig"": ""1"", ""restype"": ""ASN"", ""restype_lig"": ""LIG""}"
161,diazepam,alpha2_beta3_gamma2_local_9CTJ,D,202,BZD_SITE_203,mapped_global_sequence_alignment,global sequence alignment (Biopython PairwiseAligner) + PDB residue lookup,False,"{""dist"": ""3.73"", ""id"": ""2"", ""ligcarbonidx"": ""7108"", ""protcarbonidx"": ""4261"", ""reschain"": ""D"", ""reschain_lig"": ""Z"", ""resnr"": ""202"", ""resnr_lig"": ""1"", ""restype"": ""ILE"", ""restype_lig"": ""LIG""}"
162,diazepam,alpha2_beta3_gamma2_local_9CTJ,E,195,BZD_GAMMA2_195,mapped_gamma2_sequence_alignment,global sequence alignment (Biopython PairwiseAligner) + PDB residue lookup,False,"{""acc_angle"": ""136.02"", ""acc_idx"": ""6786"", ""acceptortype"": ""O3"", ""dist"": ""3.48"", ""don_angle"": ""149.77"", ""don_idx"": ""7115"", ""donortype"": ""Cl"", ""id"": ""1"", ""reschain"": ""E"", ""reschain_lig"": ""Z"", ""resnr"": ""195"", ""resnr_lig"": ""1"", ""restype"": ""SER"", ""restype_lig"": ""LIG"", ""sidechain"": ""True""}"
163,diazepam,alpha2_beta3_gamma2_local_9CTJ,E,60,BZD_GAMMA2_060,mapped_gamma2_sequence_alignment,global sequence alignment (Biopython PairwiseAligner) + PDB residue lookup,False,"{""dist"": ""3.48"", ""id"": ""1"", ""ligcarbonidx"": ""7109"", ""protcarbonidx"": ""5653"", ""reschain"": ""E"", ""reschain_lig"": ""Z"", ""resnr"": ""60"", ""resnr_lig"": ""1"", ""restype"": ""ASN"", ""restype_lig"": ""LIG""}"
164,diazepam,alpha2_beta3_gamma2_local_9CTJ,D,202,BZD_SITE_203,mapped_global_sequence_alignment,global sequence alignment (Biopython PairwiseAligner) + PDB residue lookup,False,"{""dist"": ""3.42"", ""id"": ""2"", ""ligcarbonidx"": ""7117"", ""protcarbonidx"": ""4260"", ""reschain"": ""D"", ""reschain_lig"": ""Z"", ""resnr"": ""202"", ""resnr_lig"": ""1"", ""restype"": ""ILE"", ""restype_lig"": ""LIG""}"
165,diazepam,alpha2_beta3_gamma2_local_9CTJ,D,204,BZD_SITE_205,mapped_global_sequence_alignment,global sequence alignment (Biopython PairwiseAligner) + PDB residue lookup,False,"{""acceptoridx"": ""7102"", ""acceptortype"": ""O2"", ""dist_d-a"": ""3.89"", ""dist_h-a"": ""3.33"", ""don_angle"": ""118.23"", ""donoridx"": ""4276"", ""donortype"": ""O3"", ""id"": ""1"", ""protisdon"": ""True"", ""reschain"": ""D"", ""reschain_lig"": ""Z"", ""resnr"": ""204"", ""resnr_lig"": ""1"", ""restype"": ""SER"", ""restype_lig"": ""LIG"", ""sidechain"": ""True""}"
166,triazolam,alpha2_beta3_gamma2_local_9CTJ,E,77,BZD_GAMMA2_077,mapped_gamma2_sequence_alignment,global sequence alignment (Biopython PairwiseAligner) + PDB residue lookup,False,"{""dist"": ""3.50"", ""id"": ""1"", ""ligcarbonidx"": ""7117"", ""protcarbonidx"": ""5787"", ""reschain"": ""E"", ""reschain_lig"": ""Z"", ""resnr"": ""77"", ""resnr_lig"": ""1"", ""restype"": ""PHE"", ""restype_lig"": ""LIG""}"
167,triazolam,alpha2_beta3_gamma2_local_9CTJ,D,202,BZD_SITE_203,mapped_global_sequence_alignment,global sequence alignment (Biopython PairwiseAligner) + PDB residue lookup,False,"{""dist"": ""3.47"", ""id"": ""2"", ""ligcarbonidx"": ""7115"", ""protcarbonidx"": ""4260"", ""reschain"": ""D"", ""reschain_lig"": ""Z"", ""resnr"": ""202"", ""resnr_lig"": ""1"", ""restype"": ""ILE"", ""restype_lig"": ""LIG""}"
168,triazolam,alpha2_beta3_gamma2_local_9CTJ,E,59,BZD_GAMMA2_059,mapped_gamma2_sequence_alignment,global sequence alignment (Biopython PairwiseAligner) + PDB residue lookup,False,"{""acc_angle"": ""118.01"", ""acc_idx"": ""5645"", ""acceptortype"": ""O2"", ""dist"": ""3.15"", ""don_angle"": ""151.69"", ""don_idx"": ""7109"", ""donortype"": ""Cl"", ""id"": ""1"", ""reschain"": ""E"", ""reschain_lig"": ""Z"", ""resnr"": ""59"", ""resnr_lig"": ""1"", ""restype"": ""VAL"", ""restype_lig"": ""LIG"", ""sidechain"": ""False""}"
169,triazolam,alpha2_beta3_gamma2_local_9CTJ,D,102,BZD_SITE_103,mapped_global_sequence_alignment,global sequence alignment (Biopython PairwiseAligner) + PDB residue lookup,False,"{""dist"": ""3.45"", ""id"": ""1"", ""ligcarbonidx"": ""7116"", ""protcarbonidx"": ""3474"", ""reschain"": ""D"", ""reschain_lig"": ""Z"", ""resnr"": ""102"", ""resnr_lig"": ""1"", ""restype"": ""ASN"", ""restype_lig"": ""LIG""}"
170,triazolam,alpha2_beta3_gamma2_local_9CTJ,D,155,BZD_SITE_156,mapped_global_sequence_alignment,global sequence alignment (Biopython PairwiseAligner) + PDB residue lookup,False,"{""dist"": ""3.86"", ""id"": ""2"", ""ligcarbonidx"": ""7115"", ""protcarbonidx"": ""3891"", ""reschain"": ""D"", ""reschain_lig"": ""Z"", ""resnr"": ""155"", ""resnr_lig"": ""1"", ""restype"": ""LYS"", ""restype_lig"": ""LIG""}"
171,triazolam,alpha2_beta3_gamma2_local_9CTJ,D,202,BZD_SITE_203,mapped_global_sequence_alignment,global sequence alignment (Biopython PairwiseAligner) + PDB residue lookup,False,"{""dist"": ""3.60"", ""id"": ""3"", ""ligcarbonidx"": ""7099"", ""protcarbonidx"": ""4260"", ""reschain"": ""D"", ""reschain_lig"": ""Z"", ""resnr"": ""202"", ""resnr_lig"": ""1"", ""restype"": ""ILE"", ""restype_lig"": ""LIG""}"
172,triazolam,alpha2_beta3_gamma2_local_9CTJ,E,195,BZD_GAMMA2_195,mapped_gamma2_sequence_alignment,global sequence alignment (Biopython PairwiseAligner) + PDB residue lookup,False,"{""acceptoridx"": ""7120"", ""acceptortype"": ""N2"", ""dist_d-a"": ""3.95"", ""dist_h-a"": ""3.23"", ""don_angle"": ""132.85"", ""donoridx"": ""6786"", ""donortype"": ""O3"", ""id"": ""1"", ""protisdon"": ""True"", ""reschain"": ""E"", ""reschain_lig"": ""Z"", ""resnr"": ""195"", ""resnr_lig"": ""1"", ""restype"": ""SER"", ""restype_lig"": ""LIG"", ""sidechain"": ""True""}"
173,triazolam,alpha2_beta3_gamma2_local_9CTJ,E,60,BZD_GAMMA2_060,mapped_gamma2_sequence_alignment,global sequence alignment (Biopython PairwiseAligner) + PDB residue lookup,False,"{""acc_angle"": ""110.66"", ""acc_idx"": ""5652"", ""acceptortype"": ""O2"", ""dist"": ""3.58"", ""don_angle"": ""142.10"", ""don_idx"": ""7119"", ""donortype"": ""Cl"", ""id"": ""1"", ""reschain"": ""E"", ""reschain_lig"": ""Z"", ""resnr"": ""60"", ""resnr_lig"": ""1"", ""restype"": ""ASN"", ""restype_lig"": ""LIG"", ""sidechain"": ""False""}"
174,triazolam,alpha2_beta3_gamma2_local_9CTJ,E,58,BZD_GAMMA2_058,mapped_gamma2_sequence_alignment,global sequence alignment (Biopython PairwiseAligner) + PDB residue lookup,False,"{""dist"": ""3.81"", ""id"": ""1"", ""ligcarbonidx"": ""7117"", ""protcarbonidx"": ""5639"", ""reschain"": ""E"", ""reschain_lig"": ""Z"", ""resnr"": ""58"", ""resnr_lig"": ""1"", ""restype"": ""TYR"", ""restype_lig"": ""LIG""}"
175,triazolam,alpha2_beta3_gamma2_local_9CTJ,E,77,BZD_GAMMA2_077,mapped_gamma2_sequence_alignment,global sequence alignment (Biopython PairwiseAligner) + PDB residue lookup,False,"{""dist"": ""3.60"", ""id"": ""2"", ""ligcarbonidx"": ""7116"", ""protcarbonidx"": ""5787"", ""reschain"": ""E"", ""reschain_lig"": ""Z"", ""resnr"": ""77"", ""resnr_lig"": ""1"", ""restype"": ""PHE"", ""restype_lig"": ""LIG""}"
176,triazolam,alpha2_beta3_gamma2_local_9CTJ,D,101,BZD_SITE_102,mapped_global_sequence_alignment,global sequence alignment (Biopython PairwiseAligner) + PDB residue lookup,False,"{""dist"": ""3.67"", ""id"": ""3"", ""ligcarbonidx"": ""7115"", ""protcarbonidx"": ""3464"", ""reschain"": ""D"", ""reschain_lig"": ""Z"", ""resnr"": ""101"", ""resnr_lig"": ""1"", ""restype"": ""HIS"", ""restype_lig"": ""LIG""}"
177,triazolam,alpha2_beta3_gamma2_local_9CTJ,D,102,BZD_SITE_103,mapped_global_sequence_alignment,global sequence alignment (Biopython PairwiseAligner) + PDB residue lookup,False,"{""dist"": ""3.92"", ""id"": ""4"", ""ligcarbonidx"": ""7099"", ""protcarbonidx"": ""3474"", ""reschain"": ""D"", ""reschain_lig"": ""Z"", ""resnr"": ""102"", ""resnr_lig"": ""1"", ""restype"": ""ASN"", ""restype_lig"": ""LIG""}"
178,triazolam,alpha2_beta3_gamma2_local_9CTJ,E,195,BZD_GAMMA2_195,mapped_gamma2_sequence_alignment,global sequence alignment (Biopython PairwiseAligner) + PDB residue lookup,False,"{""acceptoridx"": ""7102"", ""acceptortype"": ""Nar"", ""dist_d-a"": ""4.09"", ""dist_h-a"": ""3.63"", ""don_angle"": ""111.76"", ""donoridx"": ""6786"", ""donortype"": ""O3"", ""id"": ""1"", ""protisdon"": ""True"", ""reschain"": ""E"", ""reschain_lig"": ""Z"", ""resnr"": ""195"", ""resnr_lig"": ""1"", ""restype"": ""SER"", ""restype_lig"": ""LIG"", ""sidechain"": ""True""}"
179,triazolam,alpha2_beta3_gamma2_local_9CTJ,E,58,BZD_GAMMA2_058,mapped_gamma2_sequence_alignment,global sequence alignment (Biopython PairwiseAligner) + PDB residue lookup,False,"{""dist"": ""3.91"", ""id"": ""1"", ""ligcarbonidx"": ""7110"", ""protcarbonidx"": ""5639"", ""reschain"": ""E"", ""reschain_lig"": ""Z"", ""resnr"": ""58"", ""resnr_lig"": ""1"", ""restype"": ""TYR"", ""restype_lig"": ""LIG""}"
180,triazolam,alpha2_beta3_gamma2_local_9CTJ,D,101,BZD_SITE_102,mapped_global_sequence_alignment,global sequence alignment (Biopython PairwiseAligner) + PDB residue lookup,False,"{""dist"": ""3.65"", ""id"": ""2"", ""ligcarbonidx"": ""7116"", ""protcarbonidx"": ""3464"", ""reschain"": ""D"", ""reschain_lig"": ""Z"", ""resnr"": ""101"", ""resnr_lig"": ""1"", ""restype"": ""HIS"", ""restype_lig"": ""LIG""}"
181,triazolam,alpha2_beta3_gamma2_local_9CTJ,D,155,BZD_SITE_156,mapped_global_sequence_alignment,global sequence alignment (Biopython PairwiseAligner) + PDB residue lookup,False,"{""dist"": ""3.95"", ""id"": ""3"", ""ligcarbonidx"": ""7115"", ""protcarbonidx"": ""3891"", ""reschain"": ""D"", ""reschain_lig"": ""Z"", ""resnr"": ""155"", ""resnr_lig"": ""1"", ""restype"": ""LYS"", ""restype_lig"": ""LIG""}"
182,triazolam,alpha2_beta3_gamma2_local_9CTJ,D,202,BZD_SITE_203,mapped_global_sequence_alignment,global sequence alignment (Biopython PairwiseAligner) + PDB residue lookup,False,"{""dist"": ""3.65"", ""id"": ""4"", ""ligcarbonidx"": ""7107"", ""protcarbonidx"": ""4260"", ""reschain"": ""D"", ""reschain_lig"": ""Z"", ""resnr"": ""202"", ""resnr_lig"": ""1"", ""restype"": ""ILE"", ""restype_lig"": ""LIG""}"
183,triazolam,alpha2_beta3_gamma2_local_9CTJ,E,60,BZD_GAMMA2_060,mapped_gamma2_sequence_alignment,global sequence alignment (Biopython PairwiseAligner) + PDB residue lookup,False,"{""acc_angle"": ""102.02"", ""acc_idx"": ""5652"", ""acceptortype"": ""O2"", ""dist"": ""3.41"", ""don_angle"": ""157.48"", ""don_idx"": ""7119"", ""donortype"": ""Cl"", ""id"": ""1"", ""reschain"": ""E"", ""reschain_lig"": ""Z"", ""resnr"": ""60"", ""resnr_lig"": ""1"", ""restype"": ""ASN"", ""restype_lig"": ""LIG"", ""sidechain"": ""False""}"
184,triazolam,alpha2_beta3_gamma2_local_9CTJ,E,60,BZD_GAMMA2_060,mapped_gamma2_sequence_alignment,global sequence alignment (Biopython PairwiseAligner) + PDB residue lookup,False,"{""dist"": ""3.47"", ""id"": ""1"", ""ligcarbonidx"": ""7099"", ""protcarbonidx"": ""5653"", ""reschain"": ""E"", ""reschain_lig"": ""Z"", ""resnr"": ""60"", ""resnr_lig"": ""1"", ""restype"": ""ASN"", ""restype_lig"": ""LIG""}"
185,triazolam,alpha2_beta3_gamma2_local_9CTJ,E,77,BZD_GAMMA2_077,mapped_gamma2_sequence_alignment,global sequence alignment (Biopython PairwiseAligner) + PDB residue lookup,False,"{""dist"": ""3.89"", ""id"": ""2"", ""ligcarbonidx"": ""7107"", ""protcarbonidx"": ""5787"", ""reschain"": ""E"", ""reschain_lig"": ""Z"", ""resnr"": ""77"", ""resnr_lig"": ""1"", ""restype"": ""PHE"", ""restype_lig"": ""LIG""}"
186,triazolam,alpha2_beta3_gamma2_local_9CTJ,E,192,BZD_GAMMA2_192,mapped_gamma2_sequence_alignment,global sequence alignment (Biopython PairwiseAligner) + PDB residue lookup,False,"{""dist"": ""3.87"", ""id"": ""3"", ""ligcarbonidx"": ""7115"", ""protcarbonidx"": ""6759"", ""reschain"": ""E"", ""reschain_lig"": ""Z"", ""resnr"": ""192"", ""resnr_lig"": ""1"", ""restype"": ""ASP"", ""restype_lig"": ""LIG""}"
187,triazolam,alpha2_beta3_gamma2_local_9CTJ,E,60,BZD_GAMMA2_060,mapped_gamma2_sequence_alignment,global sequence alignment (Biopython PairwiseAligner) + PDB residue lookup,False,"{""dist"": ""3.56"", ""id"": ""1"", ""ligcarbonidx"": ""7117"", ""protcarbonidx"": ""5653"", ""reschain"": ""E"", ""reschain_lig"": ""Z"", ""resnr"": ""60"", ""resnr_lig"": ""1"", ""restype"": ""ASN"", ""restype_lig"": ""LIG""}"
188,triazolam,alpha2_beta3_gamma2_local_9CTJ,D,101,BZD_SITE_102,mapped_global_sequence_alignment,global sequence alignment (Biopython PairwiseAligner) + PDB residue lookup,False,"{""dist"": ""3.60"", ""id"": ""2"", ""ligcarbonidx"": ""7115"", ""protcarbonidx"": ""3464"", ""reschain"": ""D"", ""reschain_lig"": ""Z"", ""resnr"": ""101"", ""resnr_lig"": ""1"", ""restype"": ""HIS"", ""restype_lig"": ""LIG""}"
189,triazolam,alpha2_beta3_gamma2_local_9CTJ,D,155,BZD_SITE_156,mapped_global_sequence_alignment,global sequence alignment (Biopython PairwiseAligner) + PDB residue lookup,False,"{""dist"": ""3.96"", ""id"": ""3"", ""ligcarbonidx"": ""7099"", ""protcarbonidx"": ""3891"", ""reschain"": ""D"", ""reschain_lig"": ""Z"", ""resnr"": ""155"", ""resnr_lig"": ""1"", ""restype"": ""LYS"", ""restype_lig"": ""LIG""}"
190,triazolam,alpha2_beta3_gamma2_local_9CTJ,E,60,BZD_GAMMA2_060,mapped_gamma2_sequence_alignment,global sequence alignment (Biopython PairwiseAligner) + PDB residue lookup,False,"{""dist"": ""3.43"", ""id"": ""1"", ""ligcarbonidx"": ""7107"", ""protcarbonidx"": ""5653"", ""reschain"": ""E"", ""reschain_lig"": ""Z"", ""resnr"": ""60"", ""resnr_lig"": ""1"", ""restype"": ""ASN"", ""restype_lig"": ""LIG""}"
191,triazolam,alpha2_beta3_gamma2_local_9CTJ,E,77,BZD_GAMMA2_077,mapped_gamma2_sequence_alignment,global sequence alignment (Biopython PairwiseAligner) + PDB residue lookup,False,"{""dist"": ""4.00"", ""id"": ""2"", ""ligcarbonidx"": ""7099"", ""protcarbonidx"": ""5788"", ""reschain"": ""E"", ""reschain_lig"": ""Z"", ""resnr"": ""77"", ""resnr_lig"": ""1"", ""restype"": ""PHE"", ""restype_lig"": ""LIG""}"
192,triazolam,alpha2_beta3_gamma2_local_9CTJ,D,102,BZD_SITE_103,mapped_global_sequence_alignment,global sequence alignment (Biopython PairwiseAligner) + PDB residue lookup,False,"{""dist"": ""3.64"", ""id"": ""3"", ""ligcarbonidx"": ""7115"", ""protcarbonidx"": ""3474"", ""reschain"": ""D"", ""reschain_lig"": ""Z"", ""resnr"": ""102"", ""resnr_lig"": ""1"", ""restype"": ""ASN"", ""restype_lig"": ""LIG""}"
193,triazolam,alpha2_beta3_gamma2_local_9CTJ,D,153,BZD_SITE_154,mapped_global_sequence_alignment,global sequence alignment (Biopython PairwiseAligner) + PDB residue lookup,False,"{""dist"": ""3.59"", ""id"": ""4"", ""ligcarbonidx"": ""7116"", ""protcarbonidx"": ""3875"", ""reschain"": ""D"", ""reschain_lig"": ""Z"", ""resnr"": ""153"", ""resnr_lig"": ""1"", ""restype"": ""PRO"", ""restype_lig"": ""LIG""}"
194,triazolam,alpha2_beta3_gamma2_local_9CTJ,D,155,BZD_SITE_156,mapped_global_sequence_alignment,global sequence alignment (Biopython PairwiseAligner) + PDB residue lookup,False,"{""dist"": ""3.11"", ""id"": ""5"", ""ligcarbonidx"": ""7115"", ""protcarbonidx"": ""3891"", ""reschain"": ""D"", ""reschain_lig"": ""Z"", ""resnr"": ""155"", ""resnr_lig"": ""1"", ""restype"": ""LYS"", ""restype_lig"": ""LIG""}"
195,triazolam,alpha2_beta3_gamma2_local_9CTJ,E,195,BZD_GAMMA2_195,mapped_gamma2_sequence_alignment,global sequence alignment (Biopython PairwiseAligner) + PDB residue lookup,False,"{""acc_angle"": ""105.87"", ""acc_idx"": ""6784"", ""acceptortype"": ""O2"", ""dist"": ""3.80"", ""don_angle"": ""154.02"", ""don_idx"": ""7109"", ""donortype"": ""Cl"", ""id"": ""1"", ""reschain"": ""E"", ""reschain_lig"": ""Z"", ""resnr"": ""195"", ""resnr_lig"": ""1"", ""restype"": ""SER"", ""restype_lig"": ""LIG"", ""sidechain"": ""False""}"
196,triazolam,alpha2_beta3_gamma2_local_9CTJ,E,60,BZD_GAMMA2_060,mapped_gamma2_sequence_alignment,global sequence alignment (Biopython PairwiseAligner) + PDB residue lookup,False,"{""dist"": ""3.74"", ""id"": ""1"", ""ligcarbonidx"": ""7107"", ""protcarbonidx"": ""5653"", ""reschain"": ""E"", ""reschain_lig"": ""Z"", ""resnr"": ""60"", ""resnr_lig"": ""1"", ""restype"": ""ASN"", ""restype_lig"": ""LIG""}"
197,triazolam,alpha2_beta3_gamma2_local_9CTJ,D,101,BZD_SITE_102,mapped_global_sequence_alignment,global sequence alignment (Biopython PairwiseAligner) + PDB residue lookup,False,"{""dist"": ""3.85"", ""id"": ""2"", ""ligcarbonidx"": ""7099"", ""protcarbonidx"": ""3464"", ""reschain"": ""D"", ""reschain_lig"": ""Z"", ""resnr"": ""101"", ""resnr_lig"": ""1"", ""restype"": ""HIS"", ""restype_lig"": ""LIG""}"
198,triazolam,alpha2_beta3_gamma2_local_9CTJ,D,202,BZD_SITE_203,mapped_global_sequence_alignment,global sequence alignment (Biopython PairwiseAligner) + PDB residue lookup,False,"{""dist"": ""3.37"", ""id"": ""3"", ""ligcarbonidx"": ""7114"", ""protcarbonidx"": ""4261"", ""reschain"": ""D"", ""reschain_lig"": ""Z"", ""resnr"": ""202"", ""resnr_lig"": ""1"", ""restype"": ""ILE"", ""restype_lig"": ""LIG""}"
199,triazolam,alpha2_beta3_gamma2_local_9CTJ,E,58,BZD_GAMMA2_058,mapped_gamma2_sequence_alignment,global sequence alignment (Biopython PairwiseAligner) + PDB residue lookup,False,"{""angle"": ""88.08"", ""centdist"": ""5.39"", ""id"": ""1"", ""offset"": ""1.11"", ""reschain"": ""E"", ""reschain_lig"": ""Z"", ""resnr"": ""58"", ""resnr_lig"": ""1"", ""restype"": ""TYR"", ""restype_lig"": ""LIG"", ""type"": ""T""}"
200,triazolam,alpha2_beta3_gamma2_local_9CTJ,E,192,BZD_GAMMA2_192,mapped_gamma2_sequence_alignment,global sequence alignment (Biopython PairwiseAligner) + PDB residue lookup,False,"{""acc_angle"": ""110.99"", ""acc_idx"": ""6761"", ""acceptortype"": ""O3"", ""dist"": ""3.02"", ""don_angle"": ""162.23"", ""don_idx"": ""7109"", ""donortype"": ""Cl"", ""id"": ""1"", ""reschain"": ""E"", ""reschain_lig"": ""Z"", ""resnr"": ""192"", ""resnr_lig"": ""1"", ""restype"": ""ASP"", ""restype_lig"": ""LIG"", ""sidechain"": ""True""}"
201,triazolam,alpha2_beta3_gamma2_local_9CTJ,E,60,BZD_GAMMA2_060,mapped_gamma2_sequence_alignment,global sequence alignment (Biopython PairwiseAligner) + PDB residue lookup,False,"{""dist"": ""3.57"", ""id"": ""1"", ""ligcarbonidx"": ""7106"", ""protcarbonidx"": ""5653"", ""reschain"": ""E"", ""reschain_lig"": ""Z"", ""resnr"": ""60"", ""resnr_lig"": ""1"", ""restype"": ""ASN"", ""restype_lig"": ""LIG""}"
202,triazolam,alpha2_beta3_gamma2_local_9CTJ,D,101,BZD_SITE_102,mapped_global_sequence_alignment,global sequence alignment (Biopython PairwiseAligner) + PDB residue lookup,False,"{""dist"": ""3.74"", ""id"": ""2"", ""ligcarbonidx"": ""7099"", ""protcarbonidx"": ""3464"", ""reschain"": ""D"", ""reschain_lig"": ""Z"", ""resnr"": ""101"", ""resnr_lig"": ""1"", ""restype"": ""HIS"", ""restype_lig"": ""LIG""}"
203,triazolam,alpha2_beta3_gamma2_local_9CTJ,D,155,BZD_SITE_156,mapped_global_sequence_alignment,global sequence alignment (Biopython PairwiseAligner) + PDB residue lookup,False,"{""dist"": ""3.71"", ""id"": ""3"", ""ligcarbonidx"": ""7115"", ""protcarbonidx"": ""3891"", ""reschain"": ""D"", ""reschain_lig"": ""Z"", ""resnr"": ""155"", ""resnr_lig"": ""1"", ""restype"": ""LYS"", ""restype_lig"": ""LIG""}"
204,zolpidem,alpha2_beta3_gamma2_local_9CTJ,E,60,BZD_GAMMA2_060,mapped_gamma2_sequence_alignment,global sequence alignment (Biopython PairwiseAligner) + PDB residue lookup,False,"{""dist"": ""3.89"", ""id"": ""1"", ""ligcarbonidx"": ""7102"", ""protcarbonidx"": ""5653"", ""reschain"": ""E"", ""reschain_lig"": ""Z"", ""resnr"": ""60"", ""resnr_lig"": ""1"", ""restype"": ""ASN"", ""restype_lig"": ""LIG""}"
205,zolpidem,alpha2_beta3_gamma2_local_9CTJ,E,77,BZD_GAMMA2_077,mapped_gamma2_sequence_alignment,global sequence alignment (Biopython PairwiseAligner) + PDB residue lookup,False,"{""dist"": ""3.58"", ""id"": ""2"", ""ligcarbonidx"": ""7107"", ""protcarbonidx"": ""5788"", ""reschain"": ""E"", ""reschain_lig"": ""Z"", ""resnr"": ""77"", ""resnr_lig"": ""1"", ""restype"": ""PHE"", ""restype_lig"": ""LIG""}"
206,zolpidem,alpha2_beta3_gamma2_local_9CTJ,E,77,BZD_GAMMA2_077,mapped_gamma2_sequence_alignment,global sequence alignment (Biopython PairwiseAligner) + PDB residue lookup,False,"{""dist"": ""3.36"", ""id"": ""3"", ""ligcarbonidx"": ""7108"", ""protcarbonidx"": ""5787"", ""reschain"": ""E"", ""reschain_lig"": ""Z"", ""resnr"": ""77"", ""resnr_lig"": ""1"", ""restype"": ""PHE"", ""restype_lig"": ""LIG""}"
207,zolpidem,alpha2_beta3_gamma2_local_9CTJ,D,99,BZD_SITE_100,mapped_global_sequence_alignment,global sequence alignment (Biopython PairwiseAligner) + PDB residue lookup,False,"{""dist"": ""3.73"", ""id"": ""4"", ""ligcarbonidx"": ""7107"", ""protcarbonidx"": ""3448"", ""reschain"": ""D"", ""reschain_lig"": ""Z"", ""resnr"": ""99"", ""resnr_lig"": ""1"", ""restype"": ""PHE"", ""restype_lig"": ""LIG""}"
208,zolpidem,alpha2_beta3_gamma2_local_9CTJ,E,58,BZD_GAMMA2_058,mapped_gamma2_sequence_alignment,global sequence alignment (Biopython PairwiseAligner) + PDB residue lookup,False,"{""dist"": ""3.95"", ""id"": ""1"", ""ligcarbonidx"": ""7114"", ""protcarbonidx"": ""5639"", ""reschain"": ""E"", ""reschain_lig"": ""Z"", ""resnr"": ""58"", ""resnr_lig"": ""1"", ""restype"": ""TYR"", ""restype_lig"": ""LIG""}"
209,zolpidem,alpha2_beta3_gamma2_local_9CTJ,E,77,BZD_GAMMA2_077,mapped_gamma2_sequence_alignment,global sequence alignment (Biopython PairwiseAligner) + PDB residue lookup,False,"{""dist"": ""3.11"", ""id"": ""2"", ""ligcarbonidx"": ""7101"", ""protcarbonidx"": ""5787"", ""reschain"": ""E"", ""reschain_lig"": ""Z"", ""resnr"": ""77"", ""resnr_lig"": ""1"", ""restype"": ""PHE"", ""restype_lig"": ""LIG""}"
210,zolpidem,alpha2_beta3_gamma2_local_9CTJ,D,202,BZD_SITE_203,mapped_global_sequence_alignment,global sequence alignment (Biopython PairwiseAligner) + PDB residue lookup,False,"{""dist"": ""3.30"", ""id"": ""3"", ""ligcarbonidx"": ""7120"", ""protcarbonidx"": ""4260"", ""reschain"": ""D"", ""reschain_lig"": ""Z"", ""resnr"": ""202"", ""resnr_lig"": ""1"", ""restype"": ""ILE"", ""restype_lig"": ""LIG""}"
211,zolpidem,alpha2_beta3_gamma2_local_9CTJ,D,209,BZD_SITE_210,mapped_global_sequence_alignment,global sequence alignment (Biopython PairwiseAligner) + PDB residue lookup,False,"{""dist"": ""3.55"", ""id"": ""4"", ""ligcarbonidx"": ""7121"", ""protcarbonidx"": ""4310"", ""reschain"": ""D"", ""reschain_lig"": ""Z"", ""resnr"": ""209"", ""resnr_lig"": ""1"", ""restype"": ""TYR"", ""restype_lig"": ""LIG""}"
212,zolpidem,alpha2_beta3_gamma2_local_9CTJ,E,58,BZD_GAMMA2_058,mapped_gamma2_sequence_alignment,global sequence alignment (Biopython PairwiseAligner) + PDB residue lookup,False,"{""angle"": ""77.53"", ""centdist"": ""5.35"", ""id"": ""1"", ""offset"": ""1.53"", ""reschain"": ""E"", ""reschain_lig"": ""Z"", ""resnr"": ""58"", ""resnr_lig"": ""1"", ""restype"": ""TYR"", ""restype_lig"": ""LIG"", ""type"": ""T""}"
213,zolpidem,alpha2_beta3_gamma2_local_9CTJ,E,58,BZD_GAMMA2_058,mapped_gamma2_sequence_alignment,global sequence alignment (Biopython PairwiseAligner) + PDB residue lookup,False,"{""dist"": ""3.56"", ""id"": ""1"", ""ligcarbonidx"": ""7120"", ""protcarbonidx"": ""5639"", ""reschain"": ""E"", ""reschain_lig"": ""Z"", ""resnr"": ""58"", ""resnr_lig"": ""1"", ""restype"": ""TYR"", ""restype_lig"": ""LIG""}"
214,zolpidem,alpha2_beta3_gamma2_local_9CTJ,E,60,BZD_GAMMA2_060,mapped_gamma2_sequence_alignment,global sequence alignment (Biopython PairwiseAligner) + PDB residue lookup,False,"{""dist"": ""3.54"", ""id"": ""2"", ""ligcarbonidx"": ""7107"", ""protcarbonidx"": ""5653"", ""reschain"": ""E"", ""reschain_lig"": ""Z"", ""resnr"": ""60"", ""resnr_lig"": ""1"", ""restype"": ""ASN"", ""restype_lig"": ""LIG""}"
215,zolpidem,alpha2_beta3_gamma2_local_9CTJ,E,77,BZD_GAMMA2_077,mapped_gamma2_sequence_alignment,global sequence alignment (Biopython PairwiseAligner) + PDB residue lookup,False,"{""dist"": ""3.59"", ""id"": ""3"", ""ligcarbonidx"": ""7121"", ""protcarbonidx"": ""5787"", ""reschain"": ""E"", ""reschain_lig"": ""Z"", ""resnr"": ""77"", ""resnr_lig"": ""1"", ""restype"": ""PHE"", ""restype_lig"": ""LIG""}"
216,zolpidem,alpha2_beta3_gamma2_local_9CTJ,D,202,BZD_SITE_203,mapped_global_sequence_alignment,global sequence alignment (Biopython PairwiseAligner) + PDB residue lookup,False,"{""dist"": ""3.63"", ""id"": ""4"", ""ligcarbonidx"": ""7101"", ""protcarbonidx"": ""4260"", ""reschain"": ""D"", ""reschain_lig"": ""Z"", ""resnr"": ""202"", ""resnr_lig"": ""1"", ""restype"": ""ILE"", ""restype_lig"": ""LIG""}"
217,zolpidem,alpha2_beta3_gamma2_local_9CTJ,E,58,BZD_GAMMA2_058,mapped_gamma2_sequence_alignment,global sequence alignment (Biopython PairwiseAligner) + PDB residue lookup,False,"{""dist"": ""3.58"", ""id"": ""1"", ""ligcarbonidx"": ""7121"", ""protcarbonidx"": ""5639"", ""reschain"": ""E"", ""reschain_lig"": ""Z"", ""resnr"": ""58"", ""resnr_lig"": ""1"", ""restype"": ""TYR"", ""restype_lig"": ""LIG""}"
218,zolpidem,alpha2_beta3_gamma2_local_9CTJ,E,77,BZD_GAMMA2_077,mapped_gamma2_sequence_alignment,global sequence alignment (Biopython PairwiseAligner) + PDB residue lookup,False,"{""dist"": ""3.39"", ""id"": ""2"", ""ligcarbonidx"": ""7121"", ""protcarbonidx"": ""5787"", ""reschain"": ""E"", ""reschain_lig"": ""Z"", ""resnr"": ""77"", ""resnr_lig"": ""1"", ""restype"": ""PHE"", ""restype_lig"": ""LIG""}"
219,zolpidem,alpha2_beta3_gamma2_local_9CTJ,D,102,BZD_SITE_103,mapped_global_sequence_alignment,global sequence alignment (Biopython PairwiseAligner) + PDB residue lookup,False,"{""dist"": ""3.40"", ""id"": ""3"", ""ligcarbonidx"": ""7107"", ""protcarbonidx"": ""3474"", ""reschain"": ""D"", ""reschain_lig"": ""Z"", ""resnr"": ""102"", ""resnr_lig"": ""1"", ""restype"": ""ASN"", ""restype_lig"": ""LIG""}"
220,zolpidem,alpha2_beta3_gamma2_local_9CTJ,D,155,BZD_SITE_156,mapped_global_sequence_alignment,global sequence alignment (Biopython PairwiseAligner) + PDB residue lookup,False,"{""dist"": ""3.59"", ""id"": ""4"", ""ligcarbonidx"": ""7108"", ""protcarbonidx"": ""3891"", ""reschain"": ""D"", ""reschain_lig"": ""Z"", ""resnr"": ""155"", ""resnr_lig"": ""1"", ""restype"": ""LYS"", ""restype_lig"": ""LIG""}"
221,zolpidem,alpha2_beta3_gamma2_local_9CTJ,D,202,BZD_SITE_203,mapped_global_sequence_alignment,global sequence alignment (Biopython PairwiseAligner) + PDB residue lookup,False,"{""dist"": ""3.61"", ""id"": ""5"", ""ligcarbonidx"": ""7101"", ""protcarbonidx"": ""4260"", ""reschain"": ""D"", ""reschain_lig"": ""Z"", ""resnr"": ""202"", ""resnr_lig"": ""1"", ""restype"": ""ILE"", ""restype_lig"": ""LIG""}"
222,zolpidem,alpha2_beta3_gamma2_local_9CTJ,E,77,BZD_GAMMA2_077,mapped_gamma2_sequence_alignment,global sequence alignment (Biopython PairwiseAligner) + PDB residue lookup,False,"{""dist"": ""3.54"", ""id"": ""1"", ""ligcarbonidx"": ""7110"", ""protcarbonidx"": ""5787"", ""reschain"": ""E"", ""reschain_lig"": ""Z"", ""resnr"": ""77"", ""resnr_lig"": ""1"", ""restype"": ""PHE"", ""restype_lig"": ""LIG""}"
223,zolpidem,alpha2_beta3_gamma2_local_9CTJ,D,99,BZD_SITE_100,mapped_global_sequence_alignment,global sequence alignment (Biopython PairwiseAligner) + PDB residue lookup,False,"{""dist"": ""3.58"", ""id"": ""2"", ""ligcarbonidx"": ""7110"", ""protcarbonidx"": ""3448"", ""reschain"": ""D"", ""reschain_lig"": ""Z"", ""resnr"": ""99"", ""resnr_lig"": ""1"", ""restype"": ""PHE"", ""restype_lig"": ""LIG""}"
224,zolpidem,alpha2_beta3_gamma2_local_9CTJ,E,192,BZD_GAMMA2_192,mapped_gamma2_sequence_alignment,global sequence alignment (Biopython PairwiseAligner) + PDB residue lookup,False,"{""dist"": ""3.71"", ""id"": ""3"", ""ligcarbonidx"": ""7099"", ""protcarbonidx"": ""6759"", ""reschain"": ""E"", ""reschain_lig"": ""Z"", ""resnr"": ""192"", ""resnr_lig"": ""1"", ""restype"": ""ASP"", ""restype_lig"": ""LIG""}"
225,zolpidem,alpha2_beta3_gamma2_local_9CTJ,E,77,BZD_GAMMA2_077,mapped_gamma2_sequence_alignment,global sequence alignment (Biopython PairwiseAligner) + PDB residue lookup,False,"{""dist"": ""3.39"", ""id"": ""1"", ""ligcarbonidx"": ""7110"", ""protcarbonidx"": ""5788"", ""reschain"": ""E"", ""reschain_lig"": ""Z"", ""resnr"": ""77"", ""resnr_lig"": ""1"", ""restype"": ""PHE"", ""restype_lig"": ""LIG""}"
226,zolpidem,alpha2_beta3_gamma2_local_9CTJ,E,77,BZD_GAMMA2_077,mapped_gamma2_sequence_alignment,global sequence alignment (Biopython PairwiseAligner) + PDB residue lookup,False,"{""dist"": ""3.42"", ""id"": ""2"", ""ligcarbonidx"": ""7108"", ""protcarbonidx"": ""5787"", ""reschain"": ""E"", ""reschain_lig"": ""Z"", ""resnr"": ""77"", ""resnr_lig"": ""1"", ""restype"": ""PHE"", ""restype_lig"": ""LIG""}"
227,zolpidem,alpha2_beta3_gamma2_local_9CTJ,D,99,BZD_SITE_100,mapped_global_sequence_alignment,global sequence alignment (Biopython PairwiseAligner) + PDB residue lookup,False,"{""dist"": ""3.60"", ""id"": ""3"", ""ligcarbonidx"": ""7110"", ""protcarbonidx"": ""3447"", ""reschain"": ""D"", ""reschain_lig"": ""Z"", ""resnr"": ""99"", ""resnr_lig"": ""1"", ""restype"": ""PHE"", ""restype_lig"": ""LIG""}"
228,zolpidem,alpha2_beta3_gamma2_local_9CTJ,D,101,BZD_SITE_102,mapped_global_sequence_alignment,global sequence alignment (Biopython PairwiseAligner) + PDB residue lookup,False,"{""dist"": ""3.89"", ""id"": ""4"", ""ligcarbonidx"": ""7110"", ""protcarbonidx"": ""3464"", ""reschain"": ""D"", ""reschain_lig"": ""Z"", ""resnr"": ""101"", ""resnr_lig"": ""1"", ""restype"": ""HIS"", ""restype_lig"": ""LIG""}"
229,zolpidem,alpha2_beta3_gamma2_local_9CTJ,E,192,BZD_GAMMA2_192,mapped_gamma2_sequence_alignment,global sequence alignment (Biopython PairwiseAligner) + PDB residue lookup,False,"{""dist"": ""3.63"", ""id"": ""5"", ""ligcarbonidx"": ""7099"", ""protcarbonidx"": ""6759"", ""reschain"": ""E"", ""reschain_lig"": ""Z"", ""resnr"": ""192"", ""resnr_lig"": ""1"", ""restype"": ""ASP"", ""restype_lig"": ""LIG""}"
230,zolpidem,alpha2_beta3_gamma2_local_9CTJ,E,58,BZD_GAMMA2_058,mapped_gamma2_sequence_alignment,global sequence alignment (Biopython PairwiseAligner) + PDB residue lookup,False,"{""dist"": ""3.76"", ""id"": ""1"", ""ligcarbonidx"": ""7114"", ""protcarbonidx"": ""5639"", ""reschain"": ""E"", ""reschain_lig"": ""Z"", ""resnr"": ""58"", ""resnr_lig"": ""1"", ""restype"": ""TYR"", ""restype_lig"": ""LIG""}"
231,zolpidem,alpha2_beta3_gamma2_local_9CTJ,E,60,BZD_GAMMA2_060,mapped_gamma2_sequence_alignment,global sequence alignment (Biopython PairwiseAligner) + PDB residue lookup,False,"{""dist"": ""3.54"", ""id"": ""2"", ""ligcarbonidx"": ""7110"", ""protcarbonidx"": ""5653"", ""reschain"": ""E"", ""reschain_lig"": ""Z"", ""resnr"": ""60"", ""resnr_lig"": ""1"", ""restype"": ""ASN"", ""restype_lig"": ""LIG""}"
232,zolpidem,alpha2_beta3_gamma2_local_9CTJ,D,202,BZD_SITE_203,mapped_global_sequence_alignment,global sequence alignment (Biopython PairwiseAligner) + PDB residue lookup,False,"{""dist"": ""3.54"", ""id"": ""3"", ""ligcarbonidx"": ""7120"", ""protcarbonidx"": ""4261"", ""reschain"": ""D"", ""reschain_lig"": ""Z"", ""resnr"": ""202"", ""resnr_lig"": ""1"", ""restype"": ""ILE"", ""restype_lig"": ""LIG""}"
233,zolpidem,alpha2_beta3_gamma2_local_9CTJ,D,101,BZD_SITE_102,mapped_global_sequence_alignment,global sequence alignment (Biopython PairwiseAligner) + PDB residue lookup,False,"{""dist"": ""3.75"", ""id"": ""1"", ""ligcarbonidx"": ""7110"", ""protcarbonidx"": ""3464"", ""reschain"": ""D"", ""reschain_lig"": ""Z"", ""resnr"": ""101"", ""resnr_lig"": ""1"", ""restype"": ""HIS"", ""restype_lig"": ""LIG""}"
234,zolpidem,alpha2_beta3_gamma2_local_9CTJ,D,102,BZD_SITE_103,mapped_global_sequence_alignment,global sequence alignment (Biopython PairwiseAligner) + PDB residue lookup,False,"{""dist"": ""3.88"", ""id"": ""2"", ""ligcarbonidx"": ""7110"", ""protcarbonidx"": ""3474"", ""reschain"": ""D"", ""reschain_lig"": ""Z"", ""resnr"": ""102"", ""resnr_lig"": ""1"", ""restype"": ""ASN"", ""restype_lig"": ""LIG""}"
235,zolpidem,alpha2_beta3_gamma2_local_9CTJ,D,155,BZD_SITE_156,mapped_global_sequence_alignment,global sequence alignment (Biopython PairwiseAligner) + PDB residue lookup,False,"{""dist"": ""3.75"", ""id"": ""3"", ""ligcarbonidx"": ""7108"", ""protcarbonidx"": ""3891"", ""reschain"": ""D"", ""reschain_lig"": ""Z"", ""resnr"": ""155"", ""resnr_lig"": ""1"", ""restype"": ""LYS"", ""restype_lig"": ""LIG""}"
236,zolpidem,alpha2_beta3_gamma2_local_9CTJ,D,202,BZD_SITE_203,mapped_global_sequence_alignment,global sequence alignment (Biopython PairwiseAligner) + PDB residue lookup,False,"{""dist"": ""3.45"", ""id"": ""4"", ""ligcarbonidx"": ""7120"", ""protcarbonidx"": ""4260"", ""reschain"": ""D"", ""reschain_lig"": ""Z"", ""resnr"": ""202"", ""resnr_lig"": ""1"", ""restype"": ""ILE"", ""restype_lig"": ""LIG""}"
237,zolpidem,alpha2_beta3_gamma2_local_9CTJ,D,202,BZD_SITE_203,mapped_global_sequence_alignment,global sequence alignment (Biopython PairwiseAligner) + PDB residue lookup,False,"{""dist"": ""3.98"", ""id"": ""1"", ""ligcarbonidx"": ""7114"", ""protcarbonidx"": ""4261"", ""reschain"": ""D"", ""reschain_lig"": ""Z"", ""resnr"": ""202"", ""resnr_lig"": ""1"", ""restype"": ""ILE"", ""restype_lig"": ""LIG""}"
238,alprazolam,alpha1_beta3_gamma2,C,58,BZD_GAMMA2_058,mapped_gamma2_sequence_alignment,global sequence alignment (Biopython PairwiseAligner) + PDB residue lookup,False,"{""dist"": ""3.85"", ""id"": ""1"", ""ligcarbonidx"": ""13794"", ""protcarbonidx"": ""5806"", ""reschain"": ""C"", ""reschain_lig"": ""Z"", ""resnr"": ""58"", ""resnr_lig"": ""1"", ""restype"": ""TYR"", ""restype_lig"": ""LIG""}"
239,alprazolam,alpha1_beta3_gamma2,C,58,BZD_GAMMA2_058,mapped_gamma2_sequence_alignment,global sequence alignment (Biopython PairwiseAligner) + PDB residue lookup,False,"{""dist"": ""3.74"", ""id"": ""2"", ""ligcarbonidx"": ""13795"", ""protcarbonidx"": ""5805"", ""reschain"": ""C"", ""reschain_lig"": ""Z"", ""resnr"": ""58"", ""resnr_lig"": ""1"", ""restype"": ""TYR"", ""restype_lig"": ""LIG""}"
240,alprazolam,alpha1_beta3_gamma2,C,77,BZD_GAMMA2_077,mapped_gamma2_sequence_alignment,global sequence alignment (Biopython PairwiseAligner) + PDB residue lookup,False,"{""dist"": ""3.46"", ""id"": ""3"", ""ligcarbonidx"": ""13800"", ""protcarbonidx"": ""5953"", ""reschain"": ""C"", ""reschain_lig"": ""Z"", ""resnr"": ""77"", ""resnr_lig"": ""1"", ""restype"": ""PHE"", ""restype_lig"": ""LIG""}"
241,alprazolam,alpha1_beta3_gamma2,D,100,BZD_SITE_100,mapped_global_sequence_alignment,global sequence alignment (Biopython PairwiseAligner) + PDB residue lookup,False,"{""dist"": ""3.35"", ""id"": ""4"", ""ligcarbonidx"": ""13801"", ""protcarbonidx"": ""8994"", ""reschain"": ""D"", ""reschain_lig"": ""Z"", ""resnr"": ""100"", ""resnr_lig"": ""1"", ""restype"": ""PHE"", ""restype_lig"": ""LIG""}"
242,alprazolam,alpha1_beta3_gamma2,D,160,BZD_SITE_160,mapped_global_sequence_alignment,global sequence alignment (Biopython PairwiseAligner) + PDB residue lookup,False,"{""dist"": ""3.94"", ""id"": ""5"", ""ligcarbonidx"": ""13801"", ""protcarbonidx"": ""9467"", ""reschain"": ""D"", ""reschain_lig"": ""Z"", ""resnr"": ""160"", ""resnr_lig"": ""1"", ""restype"": ""TYR"", ""restype_lig"": ""LIG""}"
243,alprazolam,alpha1_beta3_gamma2,D,203,BZD_SITE_203,mapped_global_sequence_alignment,global sequence alignment (Biopython PairwiseAligner) + PDB residue lookup,False,"{""dist"": ""3.56"", ""id"": ""6"", ""ligcarbonidx"": ""13785"", ""protcarbonidx"": ""9811"", ""reschain"": ""D"", ""reschain_lig"": ""Z"", ""resnr"": ""203"", ""resnr_lig"": ""1"", ""restype"": ""VAL"", ""restype_lig"": ""LIG""}"
244,alprazolam,alpha1_beta3_gamma2,D,203,BZD_SITE_203,mapped_global_sequence_alignment,global sequence alignment (Biopython PairwiseAligner) + PDB residue lookup,False,"{""dist"": ""3.80"", ""id"": ""7"", ""ligcarbonidx"": ""13792"", ""protcarbonidx"": ""9810"", ""reschain"": ""D"", ""reschain_lig"": ""Z"", ""resnr"": ""203"", ""resnr_lig"": ""1"", ""restype"": ""VAL"", ""restype_lig"": ""LIG""}"
245,alprazolam,alpha1_beta3_gamma2,D,203,BZD_SITE_203,mapped_global_sequence_alignment,global sequence alignment (Biopython PairwiseAligner) + PDB residue lookup,False,"{""dist"": ""3.80"", ""id"": ""8"", ""ligcarbonidx"": ""13797"", ""protcarbonidx"": ""9810"", ""reschain"": ""D"", ""reschain_lig"": ""Z"", ""resnr"": ""203"", ""resnr_lig"": ""1"", ""restype"": ""VAL"", ""restype_lig"": ""LIG""}"
246,alprazolam,alpha1_beta3_gamma2,D,210,BZD_SITE_210,mapped_global_sequence_alignment,global sequence alignment (Biopython PairwiseAligner) + PDB residue lookup,False,"{""dist"": ""3.32"", ""id"": ""9"", ""ligcarbonidx"": ""13803"", ""protcarbonidx"": ""9860"", ""reschain"": ""D"", ""reschain_lig"": ""Z"", ""resnr"": ""210"", ""resnr_lig"": ""1"", ""restype"": ""TYR"", ""restype_lig"": ""LIG""}"
247,alprazolam,alpha1_beta3_gamma2,D,156,BZD_SITE_156,mapped_global_sequence_alignment,global sequence alignment (Biopython PairwiseAligner) + PDB residue lookup,False,"{""acceptoridx"": ""13787"", ""acceptortype"": ""Nar"", ""dist_d-a"": ""3.31"", ""dist_h-a"": ""2.79"", ""don_angle"": ""112.27"", ""donoridx"": ""9439"", ""donortype"": ""N3"", ""id"": ""1"", ""protisdon"": ""True"", ""reschain"": ""D"", ""reschain_lig"": ""Z"", ""resnr"": ""156"", ""resnr_lig"": ""1"", ""restype"": ""LYS"", ""restype_lig"": ""LIG"", ""sidechain"": ""True""}"
248,alprazolam,alpha1_beta3_gamma2,D,102,BZD_SITE_102,mapped_global_sequence_alignment,global sequence alignment (Biopython PairwiseAligner) + PDB residue lookup,False,"{""angle"": ""60.12"", ""centdist"": ""5.21"", ""id"": ""1"", ""offset"": ""1.43"", ""reschain"": ""D"", ""reschain_lig"": ""Z"", ""resnr"": ""102"", ""resnr_lig"": ""1"", ""restype"": ""HIS"", ""restype_lig"": ""LIG"", ""type"": ""T""}"
249,alprazolam,alpha1_beta3_gamma2,D,102,BZD_SITE_102,mapped_global_sequence_alignment,global sequence alignment (Biopython PairwiseAligner) + PDB residue lookup,False,"{""angle"": ""73.52"", ""centdist"": ""4.79"", ""id"": ""2"", ""offset"": ""1.45"", ""reschain"": ""D"", ""reschain_lig"": ""Z"", ""resnr"": ""102"", ""resnr_lig"": ""1"", ""restype"": ""HIS"", ""restype_lig"": ""LIG"", ""type"": ""T""}"
250,alprazolam,alpha1_beta3_gamma2,C,58,BZD_GAMMA2_058,mapped_gamma2_sequence_alignment,global sequence alignment (Biopython PairwiseAligner) + PDB residue lookup,False,"{""dist"": ""3.58"", ""id"": ""1"", ""ligcarbonidx"": ""13795"", ""protcarbonidx"": ""5803"", ""reschain"": ""C"", ""reschain_lig"": ""Z"", ""resnr"": ""58"", ""resnr_lig"": ""1"", ""restype"": ""TYR"", ""restype_lig"": ""LIG""}"
251,alprazolam,alpha1_beta3_gamma2,D,210,BZD_SITE_210,mapped_global_sequence_alignment,global sequence alignment (Biopython PairwiseAligner) + PDB residue lookup,False,"{""dist"": ""3.45"", ""id"": ""2"", ""ligcarbonidx"": ""13803"", ""protcarbonidx"": ""9860"", ""reschain"": ""D"", ""reschain_lig"": ""Z"", ""resnr"": ""210"", ""resnr_lig"": ""1"", ""restype"": ""TYR"", ""restype_lig"": ""LIG""}"
252,alprazolam,alpha1_beta3_gamma2,C,58,BZD_GAMMA2_058,mapped_gamma2_sequence_alignment,global sequence alignment (Biopython PairwiseAligner) + PDB residue lookup,False,"{""angle"": ""9.52"", ""centdist"": ""3.93"", ""id"": ""1"", ""offset"": ""1.56"", ""reschain"": ""C"", ""reschain_lig"": ""Z"", ""resnr"": ""58"", ""resnr_lig"": ""1"", ""restype"": ""TYR"", ""restype_lig"": ""LIG"", ""type"": ""P""}"
253,alprazolam,alpha1_beta3_gamma2,C,77,BZD_GAMMA2_077,mapped_gamma2_sequence_alignment,global sequence alignment (Biopython PairwiseAligner) + PDB residue lookup,False,"{""angle"": ""83.64"", ""centdist"": ""4.92"", ""id"": ""2"", ""offset"": ""1.96"", ""reschain"": ""C"", ""reschain_lig"": ""Z"", ""resnr"": ""77"", ""resnr_lig"": ""1"", ""restype"": ""PHE"", ""restype_lig"": ""LIG"", ""type"": ""T""}"
254,alprazolam,alpha1_beta3_gamma2,C,58,BZD_GAMMA2_058,mapped_gamma2_sequence_alignment,global sequence alignment (Biopython PairwiseAligner) + PDB residue lookup,False,"{""dist"": ""3.06"", ""id"": ""1"", ""ligcarbonidx"": ""13801"", ""protcarbonidx"": ""5805"", ""reschain"": ""C"", ""reschain_lig"": ""Z"", ""resnr"": ""58"", ""resnr_lig"": ""1"", ""restype"": ""TYR"", ""restype_lig"": ""LIG""}"
255,alprazolam,alpha1_beta3_gamma2,C,58,BZD_GAMMA2_058,mapped_gamma2_sequence_alignment,global sequence alignment (Biopython PairwiseAligner) + PDB residue lookup,False,"{""dist"": ""3.77"", ""id"": ""2"", ""ligcarbonidx"": ""13796"", ""protcarbonidx"": ""5806"", ""reschain"": ""C"", ""reschain_lig"": ""Z"", ""resnr"": ""58"", ""resnr_lig"": ""1"", ""restype"": ""TYR"", ""restype_lig"": ""LIG""}"
256,alprazolam,alpha1_beta3_gamma2,C,58,BZD_GAMMA2_058,mapped_gamma2_sequence_alignment,global sequence alignment (Biopython PairwiseAligner) + PDB residue lookup,False,"{""dist"": ""3.24"", ""id"": ""3"", ""ligcarbonidx"": ""13800"", ""protcarbonidx"": ""5803"", ""reschain"": ""C"", ""reschain_lig"": ""Z"", ""resnr"": ""58"", ""resnr_lig"": ""1"", ""restype"": ""TYR"", ""restype_lig"": ""LIG""}"
257,alprazolam,alpha1_beta3_gamma2,C,77,BZD_GAMMA2_077,mapped_gamma2_sequence_alignment,global sequence alignment (Biopython PairwiseAligner) + PDB residue lookup,False,"{""dist"": ""3.92"", ""id"": ""4"", ""ligcarbonidx"": ""13795"", ""protcarbonidx"": ""5954"", ""reschain"": ""C"", ""reschain_lig"": ""Z"", ""resnr"": ""77"", ""resnr_lig"": ""1"", ""restype"": ""PHE"", ""restype_lig"": ""LIG""}"
258,alprazolam,alpha1_beta3_gamma2,D,203,BZD_SITE_203,mapped_global_sequence_alignment,global sequence alignment (Biopython PairwiseAligner) + PDB residue lookup,False,"{""dist"": ""3.84"", ""id"": ""5"", ""ligcarbonidx"": ""13804"", ""protcarbonidx"": ""9810"", ""reschain"": ""D"", ""reschain_lig"": ""Z"", ""resnr"": ""203"", ""resnr_lig"": ""1"", ""restype"": ""VAL"", ""restype_lig"": ""LIG""}"
259,alprazolam,alpha1_beta3_gamma2,D,210,BZD_SITE_210,mapped_global_sequence_alignment,global sequence alignment (Biopython PairwiseAligner) + PDB residue lookup,False,"{""dist"": ""3.76"", ""id"": ""6"", ""ligcarbonidx"": ""13785"", ""protcarbonidx"": ""9858"", ""reschain"": ""D"", ""reschain_lig"": ""Z"", ""resnr"": ""210"", ""resnr_lig"": ""1"", ""restype"": ""TYR"", ""restype_lig"": ""LIG""}"
260,alprazolam,alpha1_beta3_gamma2,D,205,BZD_SITE_205,mapped_global_sequence_alignment,global sequence alignment (Biopython PairwiseAligner) + PDB residue lookup,False,"{""acceptoridx"": ""13805"", ""acceptortype"": ""N2"", ""dist_d-a"": ""3.00"", ""dist_h-a"": ""2.47"", ""don_angle"": ""113.82"", ""donoridx"": ""9826"", ""donortype"": ""O3"", ""id"": ""1"", ""protisdon"": ""True"", ""reschain"": ""D"", ""reschain_lig"": ""Z"", ""resnr"": ""205"", ""resnr_lig"": ""1"", ""restype"": ""SER"", ""restype_lig"": ""LIG"", ""sidechain"": ""True""}"
261,alprazolam,alpha1_beta3_gamma2,C,77,BZD_GAMMA2_077,mapped_gamma2_sequence_alignment,global sequence alignment (Biopython PairwiseAligner) + PDB residue lookup,False,"{""angle"": ""21.49"", ""centdist"": ""3.87"", ""id"": ""1"", ""offset"": ""0.61"", ""reschain"": ""C"", ""reschain_lig"": ""Z"", ""resnr"": ""77"", ""resnr_lig"": ""1"", ""restype"": ""PHE"", ""restype_lig"": ""LIG"", ""type"": ""P""}"
262,alprazolam,alpha1_beta3_gamma2,C,58,BZD_GAMMA2_058,mapped_gamma2_sequence_alignment,global sequence alignment (Biopython PairwiseAligner) + PDB residue lookup,False,"{""dist"": ""3.13"", ""id"": ""1"", ""ligcarbonidx"": ""13803"", ""protcarbonidx"": ""5801"", ""reschain"": ""C"", ""reschain_lig"": ""Z"", ""resnr"": ""58"", ""resnr_lig"": ""1"", ""restype"": ""TYR"", ""restype_lig"": ""LIG""}"
263,alprazolam,alpha1_beta3_gamma2,C,77,BZD_GAMMA2_077,mapped_gamma2_sequence_alignment,global sequence alignment (Biopython PairwiseAligner) + PDB residue lookup,False,"{""dist"": ""3.37"", ""id"": ""2"", ""ligcarbonidx"": ""13785"", ""protcarbonidx"": ""5955"", ""reschain"": ""C"", ""reschain_lig"": ""Z"", ""resnr"": ""77"", ""resnr_lig"": ""1"", ""restype"": ""PHE"", ""restype_lig"": ""LIG""}"
264,alprazolam,alpha1_beta3_gamma2,C,77,BZD_GAMMA2_077,mapped_gamma2_sequence_alignment,global sequence alignment (Biopython PairwiseAligner) + PDB residue lookup,False,"{""dist"": ""3.24"", ""id"": ""3"", ""ligcarbonidx"": ""13803"", ""protcarbonidx"": ""5949"", ""reschain"": ""C"", ""reschain_lig"": ""Z"", ""resnr"": ""77"", ""resnr_lig"": ""1"", ""restype"": ""PHE"", ""restype_lig"": ""LIG""}"
265,alprazolam,alpha1_beta3_gamma2,D,100,BZD_SITE_100,mapped_global_sequence_alignment,global sequence alignment (Biopython PairwiseAligner) + PDB residue lookup,False,"{""dist"": ""3.91"", ""id"": ""4"", ""ligcarbonidx"": ""13793"", ""protcarbonidx"": ""8994"", ""reschain"": ""D"", ""reschain_lig"": ""Z"", ""resnr"": ""100"", ""resnr_lig"": ""1"", ""restype"": ""PHE"", ""restype_lig"": ""LIG""}"
266,alprazolam,alpha1_beta3_gamma2,D,210,BZD_SITE_210,mapped_global_sequence_alignment,global sequence alignment (Biopython PairwiseAligner) + PDB residue lookup,False,"{""dist"": ""3.38"", ""id"": ""5"", ""ligcarbonidx"": ""13795"", ""protcarbonidx"": ""9862"", ""reschain"": ""D"", ""reschain_lig"": ""Z"", ""resnr"": ""210"", ""resnr_lig"": ""1"", ""restype"": ""TYR"", ""restype_lig"": ""LIG""}"
267,alprazolam,alpha1_beta3_gamma2,C,58,BZD_GAMMA2_058,mapped_gamma2_sequence_alignment,global sequence alignment (Biopython PairwiseAligner) + PDB residue lookup,False,"{""angle"": ""14.48"", ""centdist"": ""4.15"", ""id"": ""1"", ""offset"": ""1.70"", ""reschain"": ""C"", ""reschain_lig"": ""Z"", ""resnr"": ""58"", ""resnr_lig"": ""1"", ""restype"": ""TYR"", ""restype_lig"": ""LIG"", ""type"": ""P""}"
268,alprazolam,alpha1_beta3_gamma2,C,77,BZD_GAMMA2_077,mapped_gamma2_sequence_alignment,global sequence alignment (Biopython PairwiseAligner) + PDB residue lookup,False,"{""angle"": ""25.47"", ""centdist"": ""4.72"", ""id"": ""2"", ""offset"": ""1.18"", ""reschain"": ""C"", ""reschain_lig"": ""Z"", ""resnr"": ""77"", ""resnr_lig"": ""1"", ""restype"": ""PHE"", ""restype_lig"": ""LIG"", ""type"": ""P""}"
269,alprazolam,alpha1_beta3_gamma2,C,58,BZD_GAMMA2_058,mapped_gamma2_sequence_alignment,global sequence alignment (Biopython PairwiseAligner) + PDB residue lookup,False,"{""dist"": ""3.81"", ""id"": ""1"", ""ligcarbonidx"": ""13804"", ""protcarbonidx"": ""5806"", ""reschain"": ""C"", ""reschain_lig"": ""Z"", ""resnr"": ""58"", ""resnr_lig"": ""1"", ""restype"": ""TYR"", ""restype_lig"": ""LIG""}"
270,alprazolam,alpha1_beta3_gamma2,C,58,BZD_GAMMA2_058,mapped_gamma2_sequence_alignment,global sequence alignment (Biopython PairwiseAligner) + PDB residue lookup,False,"{""dist"": ""3.38"", ""id"": ""2"", ""ligcarbonidx"": ""13785"", ""protcarbonidx"": ""5801"", ""reschain"": ""C"", ""reschain_lig"": ""Z"", ""resnr"": ""58"", ""resnr_lig"": ""1"", ""restype"": ""TYR"", ""restype_lig"": ""LIG""}"
271,alprazolam,alpha1_beta3_gamma2,C,77,BZD_GAMMA2_077,mapped_gamma2_sequence_alignment,global sequence alignment (Biopython PairwiseAligner) + PDB residue lookup,False,"{""dist"": ""3.29"", ""id"": ""3"", ""ligcarbonidx"": ""13785"", ""protcarbonidx"": ""5949"", ""reschain"": ""C"", ""reschain_lig"": ""Z"", ""resnr"": ""77"", ""resnr_lig"": ""1"", ""restype"": ""PHE"", ""restype_lig"": ""LIG""}"
272,alprazolam,alpha1_beta3_gamma2,D,102,BZD_SITE_102,mapped_global_sequence_alignment,global sequence alignment (Biopython PairwiseAligner) + PDB residue lookup,False,"{""dist"": ""3.73"", ""id"": ""4"", ""ligcarbonidx"": ""13801"", ""protcarbonidx"": ""9010"", ""reschain"": ""D"", ""reschain_lig"": ""Z"", ""resnr"": ""102"", ""resnr_lig"": ""1"", ""restype"": ""HIS"", ""restype_lig"": ""LIG""}"
273,alprazolam,alpha1_beta3_gamma2,D,203,BZD_SITE_203,mapped_global_sequence_alignment,global sequence alignment (Biopython PairwiseAligner) + PDB residue lookup,False,"{""dist"": ""3.40"", ""id"": ""5"", ""ligcarbonidx"": ""13796"", ""protcarbonidx"": ""9810"", ""reschain"": ""D"", ""reschain_lig"": ""Z"", ""resnr"": ""203"", ""resnr_lig"": ""1"", ""restype"": ""VAL"", ""restype_lig"": ""LIG""}"
274,alprazolam,alpha1_beta3_gamma2,C,58,BZD_GAMMA2_058,mapped_gamma2_sequence_alignment,global sequence alignment (Biopython PairwiseAligner) + PDB residue lookup,False,"{""angle"": ""21.92"", ""centdist"": ""4.03"", ""id"": ""1"", ""offset"": ""1.12"", ""reschain"": ""C"", ""reschain_lig"": ""Z"", ""resnr"": ""58"", ""resnr_lig"": ""1"", ""restype"": ""TYR"", ""restype_lig"": ""LIG"", ""type"": ""P""}"
275,alprazolam,alpha1_beta3_gamma2,C,58,BZD_GAMMA2_058,mapped_gamma2_sequence_alignment,global sequence alignment (Biopython PairwiseAligner) + PDB residue lookup,False,"{""dist"": ""3.85"", ""id"": ""1"", ""ligcarbonidx"": ""13804"", ""protcarbonidx"": ""5806"", ""reschain"": ""C"", ""reschain_lig"": ""Z"", ""resnr"": ""58"", ""resnr_lig"": ""1"", ""restype"": ""TYR"", ""restype_lig"": ""LIG""}"
276,alprazolam,alpha1_beta3_gamma2,C,58,BZD_GAMMA2_058,mapped_gamma2_sequence_alignment,global sequence alignment (Biopython PairwiseAligner) + PDB residue lookup,False,"{""dist"": ""3.52"", ""id"": ""2"", ""ligcarbonidx"": ""13785"", ""protcarbonidx"": ""5804"", ""reschain"": ""C"", ""reschain_lig"": ""Z"", ""resnr"": ""58"", ""resnr_lig"": ""1"", ""restype"": ""TYR"", ""restype_lig"": ""LIG""}"
277,alprazolam,alpha1_beta3_gamma2,C,77,BZD_GAMMA2_077,mapped_gamma2_sequence_alignment,global sequence alignment (Biopython PairwiseAligner) + PDB residue lookup,False,"{""dist"": ""3.76"", ""id"": ""3"", ""ligcarbonidx"": ""13785"", ""protcarbonidx"": ""5952"", ""reschain"": ""C"", ""reschain_lig"": ""Z"", ""resnr"": ""77"", ""resnr_lig"": ""1"", ""restype"": ""PHE"", ""restype_lig"": ""LIG""}"
278,alprazolam,alpha1_beta3_gamma2,C,58,BZD_GAMMA2_058,mapped_gamma2_sequence_alignment,global sequence alignment (Biopython PairwiseAligner) + PDB residue lookup,False,"{""angle"": ""20.17"", ""centdist"": ""4.60"", ""id"": ""1"", ""offset"": ""1.75"", ""reschain"": ""C"", ""reschain_lig"": ""Z"", ""resnr"": ""58"", ""resnr_lig"": ""1"", ""restype"": ""TYR"", ""restype_lig"": ""LIG"", ""type"": ""P""}"
279,alprazolam,alpha1_beta3_gamma2,C,58,BZD_GAMMA2_058,mapped_gamma2_sequence_alignment,global sequence alignment (Biopython PairwiseAligner) + PDB residue lookup,False,"{""dist"": ""3.10"", ""id"": ""1"", ""ligcarbonidx"": ""13800"", ""protcarbonidx"": ""5805"", ""reschain"": ""C"", ""reschain_lig"": ""Z"", ""resnr"": ""58"", ""resnr_lig"": ""1"", ""restype"": ""TYR"", ""restype_lig"": ""LIG""}"
280,alprazolam,alpha1_beta3_gamma2,C,58,BZD_GAMMA2_058,mapped_gamma2_sequence_alignment,global sequence alignment (Biopython PairwiseAligner) + PDB residue lookup,False,"{""dist"": ""3.43"", ""id"": ""2"", ""ligcarbonidx"": ""13796"", ""protcarbonidx"": ""5806"", ""reschain"": ""C"", ""reschain_lig"": ""Z"", ""resnr"": ""58"", ""resnr_lig"": ""1"", ""restype"": ""TYR"", ""restype_lig"": ""LIG""}"
281,alprazolam,alpha1_beta3_gamma2,C,77,BZD_GAMMA2_077,mapped_gamma2_sequence_alignment,global sequence alignment (Biopython PairwiseAligner) + PDB residue lookup,False,"{""dist"": ""3.59"", ""id"": ""3"", ""ligcarbonidx"": ""13792"", ""protcarbonidx"": ""5955"", ""reschain"": ""C"", ""reschain_lig"": ""Z"", ""resnr"": ""77"", ""resnr_lig"": ""1"", ""restype"": ""PHE"", ""restype_lig"": ""LIG""}"
282,alprazolam,alpha1_beta3_gamma2,D,100,BZD_SITE_100,mapped_global_sequence_alignment,global sequence alignment (Biopython PairwiseAligner) + PDB residue lookup,False,"{""dist"": ""3.97"", ""id"": ""4"", ""ligcarbonidx"": ""13785"", ""protcarbonidx"": ""8994"", ""reschain"": ""D"", ""reschain_lig"": ""Z"", ""resnr"": ""100"", ""resnr_lig"": ""1"", ""restype"": ""PHE"", ""restype_lig"": ""LIG""}"
283,alprazolam,alpha1_beta3_gamma2,D,203,BZD_SITE_203,mapped_global_sequence_alignment,global sequence alignment (Biopython PairwiseAligner) + PDB residue lookup,False,"{""dist"": ""3.04"", ""id"": ""5"", ""ligcarbonidx"": ""13804"", ""protcarbonidx"": ""9810"", ""reschain"": ""D"", ""reschain_lig"": ""Z"", ""resnr"": ""203"", ""resnr_lig"": ""1"", ""restype"": ""VAL"", ""restype_lig"": ""LIG""}"
284,alprazolam,alpha1_beta3_gamma2,D,205,BZD_SITE_205,mapped_global_sequence_alignment,global sequence alignment (Biopython PairwiseAligner) + PDB residue lookup,False,"{""acceptoridx"": ""13788"", ""acceptortype"": ""Nar"", ""dist_d-a"": ""3.25"", ""dist_h-a"": ""2.50"", ""don_angle"": ""134.04"", ""donoridx"": ""9826"", ""donortype"": ""O3"", ""id"": ""1"", ""protisdon"": ""True"", ""reschain"": ""D"", ""reschain_lig"": ""Z"", ""resnr"": ""205"", ""resnr_lig"": ""1"", ""restype"": ""SER"", ""restype_lig"": ""LIG"", ""sidechain"": ""True""}"
285,alprazolam,alpha1_beta3_gamma2,C,77,BZD_GAMMA2_077,mapped_gamma2_sequence_alignment,global sequence alignment (Biopython PairwiseAligner) + PDB residue lookup,False,"{""angle"": ""7.22"", ""centdist"": ""4.77"", ""id"": ""1"", ""offset"": ""1.71"", ""reschain"": ""C"", ""reschain_lig"": ""Z"", ""resnr"": ""77"", ""resnr_lig"": ""1"", ""restype"": ""PHE"", ""restype_lig"": ""LIG"", ""type"": ""P""}"
286,alprazolam,alpha1_beta3_gamma2,C,58,BZD_GAMMA2_058,mapped_gamma2_sequence_alignment,global sequence alignment (Biopython PairwiseAligner) + PDB residue lookup,False,"{""dist"": ""3.57"", ""id"": ""1"", ""ligcarbonidx"": ""13794"", ""protcarbonidx"": ""5806"", ""reschain"": ""C"", ""reschain_lig"": ""Z"", ""resnr"": ""58"", ""resnr_lig"": ""1"", ""restype"": ""TYR"", ""restype_lig"": ""LIG""}"
287,alprazolam,alpha1_beta3_gamma2,C,77,BZD_GAMMA2_077,mapped_gamma2_sequence_alignment,global sequence alignment (Biopython PairwiseAligner) + PDB residue lookup,False,"{""dist"": ""3.39"", ""id"": ""2"", ""ligcarbonidx"": ""13795"", ""protcarbonidx"": ""5954"", ""reschain"": ""C"", ""reschain_lig"": ""Z"", ""resnr"": ""77"", ""resnr_lig"": ""1"", ""restype"": ""PHE"", ""restype_lig"": ""LIG""}"
288,alprazolam,alpha1_beta3_gamma2,D,102,BZD_SITE_102,mapped_global_sequence_alignment,global sequence alignment (Biopython PairwiseAligner) + PDB residue lookup,False,"{""dist"": ""3.25"", ""id"": ""3"", ""ligcarbonidx"": ""13803"", ""protcarbonidx"": ""9010"", ""reschain"": ""D"", ""reschain_lig"": ""Z"", ""resnr"": ""102"", ""resnr_lig"": ""1"", ""restype"": ""HIS"", ""restype_lig"": ""LIG""}"
289,alprazolam,alpha1_beta3_gamma2,D,103,BZD_SITE_103,mapped_global_sequence_alignment,global sequence alignment (Biopython PairwiseAligner) + PDB residue lookup,False,"{""dist"": ""3.80"", ""id"": ""4"", ""ligcarbonidx"": ""13802"", ""protcarbonidx"": ""9020"", ""reschain"": ""D"", ""reschain_lig"": ""Z"", ""resnr"": ""103"", ""resnr_lig"": ""1"", ""restype"": ""ASN"", ""restype_lig"": ""LIG""}"
290,alprazolam,alpha1_beta3_gamma2,D,156,BZD_SITE_156,mapped_global_sequence_alignment,global sequence alignment (Biopython PairwiseAligner) + PDB residue lookup,False,"{""dist"": ""3.43"", ""id"": ""5"", ""ligcarbonidx"": ""13803"", ""protcarbonidx"": ""9437"", ""reschain"": ""D"", ""reschain_lig"": ""Z"", ""resnr"": ""156"", ""resnr_lig"": ""1"", ""restype"": ""LYS"", ""restype_lig"": ""LIG""}"
291,alprazolam,alpha1_beta3_gamma2,D,203,BZD_SITE_203,mapped_global_sequence_alignment,global sequence alignment (Biopython PairwiseAligner) + PDB residue lookup,False,"{""dist"": ""3.56"", ""id"": ""6"", ""ligcarbonidx"": ""13793"", ""protcarbonidx"": ""9810"", ""reschain"": ""D"", ""reschain_lig"": ""Z"", ""resnr"": ""203"", ""resnr_lig"": ""1"", ""restype"": ""VAL"", ""restype_lig"": ""LIG""}"
292,alprazolam,alpha1_beta3_gamma2,C,58,BZD_GAMMA2_058,mapped_gamma2_sequence_alignment,global sequence alignment (Biopython PairwiseAligner) + PDB residue lookup,False,"{""dist"": ""3.85"", ""id"": ""1"", ""ligcarbonidx"": ""13792"", ""protcarbonidx"": ""5806"", ""reschain"": ""C"", ""reschain_lig"": ""Z"", ""resnr"": ""58"", ""resnr_lig"": ""1"", ""restype"": ""TYR"", ""restype_lig"": ""LIG""}"
293,alprazolam,alpha1_beta3_gamma2,D,203,BZD_SITE_203,mapped_global_sequence_alignment,global sequence alignment (Biopython PairwiseAligner) + PDB residue lookup,False,"{""dist"": ""3.50"", ""id"": ""2"", ""ligcarbonidx"": ""13804"", ""protcarbonidx"": ""9811"", ""reschain"": ""D"", ""reschain_lig"": ""Z"", ""resnr"": ""203"", ""resnr_lig"": ""1"", ""restype"": ""VAL"", ""restype_lig"": ""LIG""}"
294,alprazolam,alpha1_beta3_gamma2,D,203,BZD_SITE_203,mapped_global_sequence_alignment,global sequence alignment (Biopython PairwiseAligner) + PDB residue lookup,False,"{""dist"": ""3.84"", ""id"": ""3"", ""ligcarbonidx"": ""13799"", ""protcarbonidx"": ""9810"", ""reschain"": ""D"", ""reschain_lig"": ""Z"", ""resnr"": ""203"", ""resnr_lig"": ""1"", ""restype"": ""VAL"", ""restype_lig"": ""LIG""}"
295,alprazolam,alpha2_beta3_gamma2_local_9CTJ,E,58,BZD_GAMMA2_058,mapped_gamma2_sequence_alignment,global sequence alignment (Biopython PairwiseAligner) + PDB residue lookup,False,"{""dist"": ""3.90"", ""id"": ""1"", ""ligcarbonidx"": ""7110"", ""protcarbonidx"": ""5639"", ""reschain"": ""E"", ""reschain_lig"": ""Z"", ""resnr"": ""58"", ""resnr_lig"": ""1"", ""restype"": ""TYR"", ""restype_lig"": ""LIG""}"
296,alprazolam,alpha2_beta3_gamma2_local_9CTJ,E,77,BZD_GAMMA2_077,mapped_gamma2_sequence_alignment,global sequence alignment (Biopython PairwiseAligner) + PDB residue lookup,False,"{""dist"": ""3.19"", ""id"": ""2"", ""ligcarbonidx"": ""7114"", ""protcarbonidx"": ""5787"", ""reschain"": ""E"", ""reschain_lig"": ""Z"", ""resnr"": ""77"", ""resnr_lig"": ""1"", ""restype"": ""PHE"", ""restype_lig"": ""LIG""}"
297,alprazolam,alpha2_beta3_gamma2_local_9CTJ,D,99,BZD_SITE_100,mapped_global_sequence_alignment,global sequence alignment (Biopython PairwiseAligner) + PDB residue lookup,False,"{""dist"": ""3.77"", ""id"": ""3"", ""ligcarbonidx"": ""7115"", ""protcarbonidx"": ""3448"", ""reschain"": ""D"", ""reschain_lig"": ""Z"", ""resnr"": ""99"", ""resnr_lig"": ""1"", ""restype"": ""PHE"", ""restype_lig"": ""LIG""}"
298,alprazolam,alpha2_beta3_gamma2_local_9CTJ,D,202,BZD_SITE_203,mapped_global_sequence_alignment,global sequence alignment (Biopython PairwiseAligner) + PDB residue lookup,False,"{""dist"": ""3.60"", ""id"": ""4"", ""ligcarbonidx"": ""7099"", ""protcarbonidx"": ""4261"", ""reschain"": ""D"", ""reschain_lig"": ""Z"", ""resnr"": ""202"", ""resnr_lig"": ""1"", ""restype"": ""ILE"", ""restype_lig"": ""LIG""}"
299,alprazolam,alpha2_beta3_gamma2_local_9CTJ,D,209,BZD_SITE_210,mapped_global_sequence_alignment,global sequence alignment (Biopython PairwiseAligner) + PDB residue lookup,False,"{""dist"": ""3.26"", ""id"": ""5"", ""ligcarbonidx"": ""7116"", ""protcarbonidx"": ""4310"", ""reschain"": ""D"", ""reschain_lig"": ""Z"", ""resnr"": ""209"", ""resnr_lig"": ""1"", ""restype"": ""TYR"", ""restype_lig"": ""LIG""}"
300,alprazolam,alpha2_beta3_gamma2_local_9CTJ,D,101,BZD_SITE_102,mapped_global_sequence_alignment,global sequence alignment (Biopython PairwiseAligner) + PDB residue lookup,False,"{""angle"": ""79.29"", ""centdist"": ""5.39"", ""id"": ""1"", ""offset"": ""1.01"", ""reschain"": ""D"", ""reschain_lig"": ""Z"", ""resnr"": ""101"", ""resnr_lig"": ""1"", ""restype"": ""HIS"", ""restype_lig"": ""LIG"", ""type"": ""T""}"
301,alprazolam,alpha2_beta3_gamma2_local_9CTJ,D,101,BZD_SITE_102,mapped_global_sequence_alignment,global sequence alignment (Biopython PairwiseAligner) + PDB residue lookup,False,"{""angle"": ""67.40"", ""centdist"": ""4.36"", ""id"": ""2"", ""offset"": ""1.24"", ""reschain"": ""D"", ""reschain_lig"": ""Z"", ""resnr"": ""101"", ""resnr_lig"": ""1"", ""restype"": ""HIS"", ""restype_lig"": ""LIG"", ""type"": ""T""}"
302,alprazolam,alpha2_beta3_gamma2_local_9CTJ,E,58,BZD_GAMMA2_058,mapped_gamma2_sequence_alignment,global sequence alignment (Biopython PairwiseAligner) + PDB residue lookup,False,"{""dist"": ""3.39"", ""id"": ""1"", ""ligcarbonidx"": ""7114"", ""protcarbonidx"": ""5639"", ""reschain"": ""E"", ""reschain_lig"": ""Z"", ""resnr"": ""58"", ""resnr_lig"": ""1"", ""restype"": ""TYR"", ""restype_lig"": ""LIG""}"
303,alprazolam,alpha2_beta3_gamma2_local_9CTJ,E,77,BZD_GAMMA2_077,mapped_gamma2_sequence_alignment,global sequence alignment (Biopython PairwiseAligner) + PDB residue lookup,False,"{""dist"": ""3.61"", ""id"": ""2"", ""ligcarbonidx"": ""7114"", ""protcarbonidx"": ""5787"", ""reschain"": ""E"", ""reschain_lig"": ""Z"", ""resnr"": ""77"", ""resnr_lig"": ""1"", ""restype"": ""PHE"", ""restype_lig"": ""LIG""}"
304,alprazolam,alpha2_beta3_gamma2_local_9CTJ,D,101,BZD_SITE_102,mapped_global_sequence_alignment,global sequence alignment (Biopython PairwiseAligner) + PDB residue lookup,False,"{""dist"": ""3.98"", ""id"": ""3"", ""ligcarbonidx"": ""7099"", ""protcarbonidx"": ""3464"", ""reschain"": ""D"", ""reschain_lig"": ""Z"", ""resnr"": ""101"", ""resnr_lig"": ""1"", ""restype"": ""HIS"", ""restype_lig"": ""LIG""}"
305,alprazolam,alpha2_beta3_gamma2_local_9CTJ,D,102,BZD_SITE_103,mapped_global_sequence_alignment,global sequence alignment (Biopython PairwiseAligner) + PDB residue lookup,False,"{""dist"": ""3.86"", ""id"": ""4"", ""ligcarbonidx"": ""7099"", ""protcarbonidx"": ""3474"", ""reschain"": ""D"", ""reschain_lig"": ""Z"", ""resnr"": ""102"", ""resnr_lig"": ""1"", ""restype"": ""ASN"", ""restype_lig"": ""LIG""}"
306,alprazolam,alpha2_beta3_gamma2_local_9CTJ,D,155,BZD_SITE_156,mapped_global_sequence_alignment,global sequence alignment (Biopython PairwiseAligner) + PDB residue lookup,False,"{""dist"": ""3.57"", ""id"": ""5"", ""ligcarbonidx"": ""7099"", ""protcarbonidx"": ""3891"", ""reschain"": ""D"", ""reschain_lig"": ""Z"", ""resnr"": ""155"", ""resnr_lig"": ""1"", ""restype"": ""LYS"", ""restype_lig"": ""LIG""}"
307,alprazolam,alpha2_beta3_gamma2_local_9CTJ,D,202,BZD_SITE_203,mapped_global_sequence_alignment,global sequence alignment (Biopython PairwiseAligner) + PDB residue lookup,False,"{""dist"": ""3.47"", ""id"": ""6"", ""ligcarbonidx"": ""7117"", ""protcarbonidx"": ""4260"", ""reschain"": ""D"", ""reschain_lig"": ""Z"", ""resnr"": ""202"", ""resnr_lig"": ""1"", ""restype"": ""ILE"", ""restype_lig"": ""LIG""}"
308,alprazolam,alpha2_beta3_gamma2_local_9CTJ,D,202,BZD_SITE_203,mapped_global_sequence_alignment,global sequence alignment (Biopython PairwiseAligner) + PDB residue lookup,False,"{""dist"": ""3.51"", ""id"": ""7"", ""ligcarbonidx"": ""7109"", ""protcarbonidx"": ""4261"", ""reschain"": ""D"", ""reschain_lig"": ""Z"", ""resnr"": ""202"", ""resnr_lig"": ""1"", ""restype"": ""ILE"", ""restype_lig"": ""LIG""}"
309,alprazolam,alpha2_beta3_gamma2_local_9CTJ,E,60,BZD_GAMMA2_060,mapped_gamma2_sequence_alignment,global sequence alignment (Biopython PairwiseAligner) + PDB residue lookup,False,"{""dist"": ""3.54"", ""id"": ""1"", ""ligcarbonidx"": ""7107"", ""protcarbonidx"": ""5653"", ""reschain"": ""E"", ""reschain_lig"": ""Z"", ""resnr"": ""60"", ""resnr_lig"": ""1"", ""restype"": ""ASN"", ""restype_lig"": ""LIG""}"
310,alprazolam,alpha2_beta3_gamma2_local_9CTJ,D,102,BZD_SITE_103,mapped_global_sequence_alignment,global sequence alignment (Biopython PairwiseAligner) + PDB residue lookup,False,"{""dist"": ""3.92"", ""id"": ""2"", ""ligcarbonidx"": ""7117"", ""protcarbonidx"": ""3474"", ""reschain"": ""D"", ""reschain_lig"": ""Z"", ""resnr"": ""102"", ""resnr_lig"": ""1"", ""restype"": ""ASN"", ""restype_lig"": ""LIG""}"
311,alprazolam,alpha2_beta3_gamma2_local_9CTJ,D,153,BZD_SITE_154,mapped_global_sequence_alignment,global sequence alignment (Biopython PairwiseAligner) + PDB residue lookup,False,"{""dist"": ""3.71"", ""id"": ""3"", ""ligcarbonidx"": ""7116"", ""protcarbonidx"": ""3875"", ""reschain"": ""D"", ""reschain_lig"": ""Z"", ""resnr"": ""153"", ""resnr_lig"": ""1"", ""restype"": ""PRO"", ""restype_lig"": ""LIG""}"
312,alprazolam,alpha2_beta3_gamma2_local_9CTJ,D,155,BZD_SITE_156,mapped_global_sequence_alignment,global sequence alignment (Biopython PairwiseAligner) + PDB residue lookup,False,"{""dist"": ""3.60"", ""id"": ""4"", ""ligcarbonidx"": ""7117"", ""protcarbonidx"": ""3891"", ""reschain"": ""D"", ""reschain_lig"": ""Z"", ""resnr"": ""155"", ""resnr_lig"": ""1"", ""restype"": ""LYS"", ""restype_lig"": ""LIG""}"
313,alprazolam,alpha2_beta3_gamma2_local_9CTJ,E,77,BZD_GAMMA2_077,mapped_gamma2_sequence_alignment,global sequence alignment (Biopython PairwiseAligner) + PDB residue lookup,False,"{""dist"": ""3.49"", ""id"": ""1"", ""ligcarbonidx"": ""7115"", ""protcarbonidx"": ""5787"", ""reschain"": ""E"", ""reschain_lig"": ""Z"", ""resnr"": ""77"", ""resnr_lig"": ""1"", ""restype"": ""PHE"", ""restype_lig"": ""LIG""}"
314,alprazolam,alpha2_beta3_gamma2_local_9CTJ,D,202,BZD_SITE_203,mapped_global_sequence_alignment,global sequence alignment (Biopython PairwiseAligner) + PDB residue lookup,False,"{""dist"": ""3.44"", ""id"": ""2"", ""ligcarbonidx"": ""7117"", ""protcarbonidx"": ""4260"", ""reschain"": ""D"", ""reschain_lig"": ""Z"", ""resnr"": ""202"", ""resnr_lig"": ""1"", ""restype"": ""ILE"", ""restype_lig"": ""LIG""}"
315,alprazolam,alpha2_beta3_gamma2_local_9CTJ,D,101,BZD_SITE_102,mapped_global_sequence_alignment,global sequence alignment (Biopython PairwiseAligner) + PDB residue lookup,False,"{""angle"": ""80.24"", ""centdist"": ""4.79"", ""id"": ""1"", ""offset"": ""1.79"", ""reschain"": ""D"", ""reschain_lig"": ""Z"", ""resnr"": ""101"", ""resnr_lig"": ""1"", ""restype"": ""HIS"", ""restype_lig"": ""LIG"", ""type"": ""T""}"
316,alprazolam,alpha2_beta3_gamma2_local_9CTJ,E,58,BZD_GAMMA2_058,mapped_gamma2_sequence_alignment,global sequence alignment (Biopython PairwiseAligner) + PDB residue lookup,False,"{""dist"": ""3.99"", ""id"": ""1"", ""ligcarbonidx"": ""7106"", ""protcarbonidx"": ""5639"", ""reschain"": ""E"", ""reschain_lig"": ""Z"", ""resnr"": ""58"", ""resnr_lig"": ""1"", ""restype"": ""TYR"", ""restype_lig"": ""LIG""}"
317,alprazolam,alpha2_beta3_gamma2_local_9CTJ,E,77,BZD_GAMMA2_077,mapped_gamma2_sequence_alignment,global sequence alignment (Biopython PairwiseAligner) + PDB residue lookup,False,"{""dist"": ""3.63"", ""id"": ""2"", ""ligcarbonidx"": ""7109"", ""protcarbonidx"": ""5788"", ""reschain"": ""E"", ""reschain_lig"": ""Z"", ""resnr"": ""77"", ""resnr_lig"": ""1"", ""restype"": ""PHE"", ""restype_lig"": ""LIG""}"
318,alprazolam,alpha2_beta3_gamma2_local_9CTJ,E,77,BZD_GAMMA2_077,mapped_gamma2_sequence_alignment,global sequence alignment (Biopython PairwiseAligner) + PDB residue lookup,False,"{""dist"": ""3.96"", ""id"": ""3"", ""ligcarbonidx"": ""7107"", ""protcarbonidx"": ""5787"", ""reschain"": ""E"", ""reschain_lig"": ""Z"", ""resnr"": ""77"", ""resnr_lig"": ""1"", ""restype"": ""PHE"", ""restype_lig"": ""LIG""}"
319,alprazolam,alpha2_beta3_gamma2_local_9CTJ,D,102,BZD_SITE_103,mapped_global_sequence_alignment,global sequence alignment (Biopython PairwiseAligner) + PDB residue lookup,False,"{""dist"": ""3.43"", ""id"": ""4"", ""ligcarbonidx"": ""7116"", ""protcarbonidx"": ""3474"", ""reschain"": ""D"", ""reschain_lig"": ""Z"", ""resnr"": ""102"", ""resnr_lig"": ""1"", ""restype"": ""ASN"", ""restype_lig"": ""LIG""}"
320,alprazolam,alpha2_beta3_gamma2_local_9CTJ,D,155,BZD_SITE_156,mapped_global_sequence_alignment,global sequence alignment (Biopython PairwiseAligner) + PDB residue lookup,False,"{""dist"": ""3.71"", ""id"": ""5"", ""ligcarbonidx"": ""7117"", ""protcarbonidx"": ""3891"", ""reschain"": ""D"", ""reschain_lig"": ""Z"", ""resnr"": ""155"", ""resnr_lig"": ""1"", ""restype"": ""LYS"", ""restype_lig"": ""LIG""}"
321,alprazolam,alpha2_beta3_gamma2_local_9CTJ,D,202,BZD_SITE_203,mapped_global_sequence_alignment,global sequence alignment (Biopython PairwiseAligner) + PDB residue lookup,False,"{""dist"": ""3.77"", ""id"": ""6"", ""ligcarbonidx"": ""7099"", ""protcarbonidx"": ""4260"", ""reschain"": ""D"", ""reschain_lig"": ""Z"", ""resnr"": ""202"", ""resnr_lig"": ""1"", ""restype"": ""ILE"", ""restype_lig"": ""LIG""}"
322,alprazolam,alpha2_beta3_gamma2_local_9CTJ,E,195,BZD_GAMMA2_195,mapped_gamma2_sequence_alignment,global sequence alignment (Biopython PairwiseAligner) + PDB residue lookup,False,"{""acceptoridx"": ""7119"", ""acceptortype"": ""N2"", ""dist_d-a"": ""3.83"", ""dist_h-a"": ""3.09"", ""don_angle"": ""133.54"", ""donoridx"": ""6786"", ""donortype"": ""O3"", ""id"": ""1"", ""protisdon"": ""True"", ""reschain"": ""E"", ""reschain_lig"": ""Z"", ""resnr"": ""195"", ""resnr_lig"": ""1"", ""restype"": ""SER"", ""restype_lig"": ""LIG"", ""sidechain"": ""True""}"
323,alprazolam,alpha2_beta3_gamma2_local_9CTJ,E,60,BZD_GAMMA2_060,mapped_gamma2_sequence_alignment,global sequence alignment (Biopython PairwiseAligner) + PDB residue lookup,False,"{""dist"": ""3.25"", ""id"": ""1"", ""ligcarbonidx"": ""7099"", ""protcarbonidx"": ""5653"", ""reschain"": ""E"", ""reschain_lig"": ""Z"", ""resnr"": ""60"", ""resnr_lig"": ""1"", ""restype"": ""ASN"", ""restype_lig"": ""LIG""}"
324,alprazolam,alpha2_beta3_gamma2_local_9CTJ,E,77,BZD_GAMMA2_077,mapped_gamma2_sequence_alignment,global sequence alignment (Biopython PairwiseAligner) + PDB residue lookup,False,"{""dist"": ""3.48"", ""id"": ""2"", ""ligcarbonidx"": ""7109"", ""protcarbonidx"": ""5787"", ""reschain"": ""E"", ""reschain_lig"": ""Z"", ""resnr"": ""77"", ""resnr_lig"": ""1"", ""restype"": ""PHE"", ""restype_lig"": ""LIG""}"
325,alprazolam,alpha2_beta3_gamma2_local_9CTJ,D,202,BZD_SITE_203,mapped_global_sequence_alignment,global sequence alignment (Biopython PairwiseAligner) + PDB residue lookup,False,"{""dist"": ""3.59"", ""id"": ""3"", ""ligcarbonidx"": ""7114"", ""protcarbonidx"": ""4261"", ""reschain"": ""D"", ""reschain_lig"": ""Z"", ""resnr"": ""202"", ""resnr_lig"": ""1"", ""restype"": ""ILE"", ""restype_lig"": ""LIG""}"
326,alprazolam,alpha2_beta3_gamma2_local_9CTJ,D,101,BZD_SITE_102,mapped_global_sequence_alignment,global sequence alignment (Biopython PairwiseAligner) + PDB residue lookup,False,"{""angle"": ""65.29"", ""centdist"": ""4.81"", ""id"": ""1"", ""offset"": ""1.84"", ""reschain"": ""D"", ""reschain_lig"": ""Z"", ""resnr"": ""101"", ""resnr_lig"": ""1"", ""restype"": ""HIS"", ""restype_lig"": ""LIG"", ""type"": ""T""}"
327,alprazolam,alpha2_beta3_gamma2_local_9CTJ,E,58,BZD_GAMMA2_058,mapped_gamma2_sequence_alignment,global sequence alignment (Biopython PairwiseAligner) + PDB residue lookup,False,"{""dist"": ""3.69"", ""id"": ""1"", ""ligcarbonidx"": ""7110"", ""protcarbonidx"": ""5639"", ""reschain"": ""E"", ""reschain_lig"": ""Z"", ""resnr"": ""58"", ""resnr_lig"": ""1"", ""restype"": ""TYR"", ""restype_lig"": ""LIG""}"
328,alprazolam,alpha2_beta3_gamma2_local_9CTJ,E,77,BZD_GAMMA2_077,mapped_gamma2_sequence_alignment,global sequence alignment (Biopython PairwiseAligner) + PDB residue lookup,False,"{""dist"": ""3.47"", ""id"": ""2"", ""ligcarbonidx"": ""7114"", ""protcarbonidx"": ""5787"", ""reschain"": ""E"", ""reschain_lig"": ""Z"", ""resnr"": ""77"", ""resnr_lig"": ""1"", ""restype"": ""PHE"", ""restype_lig"": ""LIG""}"
329,alprazolam,alpha2_beta3_gamma2_local_9CTJ,D,99,BZD_SITE_100,mapped_global_sequence_alignment,global sequence alignment (Biopython PairwiseAligner) + PDB residue lookup,False,"{""dist"": ""3.67"", ""id"": ""3"", ""ligcarbonidx"": ""7115"", ""protcarbonidx"": ""3448"", ""reschain"": ""D"", ""reschain_lig"": ""Z"", ""resnr"": ""99"", ""resnr_lig"": ""1"", ""restype"": ""PHE"", ""restype_lig"": ""LIG""}"
330,alprazolam,alpha2_beta3_gamma2_local_9CTJ,D,202,BZD_SITE_203,mapped_global_sequence_alignment,global sequence alignment (Biopython PairwiseAligner) + PDB residue lookup,False,"{""dist"": ""3.18"", ""id"": ""4"", ""ligcarbonidx"": ""7118"", ""protcarbonidx"": ""4260"", ""reschain"": ""D"", ""reschain_lig"": ""Z"", ""resnr"": ""202"", ""resnr_lig"": ""1"", ""restype"": ""ILE"", ""restype_lig"": ""LIG""}"
331,alprazolam,alpha2_beta3_gamma2_local_9CTJ,D,202,BZD_SITE_203,mapped_global_sequence_alignment,global sequence alignment (Biopython PairwiseAligner) + PDB residue lookup,False,"{""dist"": ""3.34"", ""id"": ""5"", ""ligcarbonidx"": ""7099"", ""protcarbonidx"": ""4261"", ""reschain"": ""D"", ""reschain_lig"": ""Z"", ""resnr"": ""202"", ""resnr_lig"": ""1"", ""restype"": ""ILE"", ""restype_lig"": ""LIG""}"
332,alprazolam,alpha2_beta3_gamma2_local_9CTJ,D,209,BZD_SITE_210,mapped_global_sequence_alignment,global sequence alignment (Biopython PairwiseAligner) + PDB residue lookup,False,"{""dist"": ""3.39"", ""id"": ""6"", ""ligcarbonidx"": ""7117"", ""protcarbonidx"": ""4310"", ""reschain"": ""D"", ""reschain_lig"": ""Z"", ""resnr"": ""209"", ""resnr_lig"": ""1"", ""restype"": ""TYR"", ""restype_lig"": ""LIG""}"
333,alprazolam,alpha2_beta3_gamma2_local_9CTJ,E,60,BZD_GAMMA2_060,mapped_gamma2_sequence_alignment,global sequence alignment (Biopython PairwiseAligner) + PDB residue lookup,False,"{""dist"": ""3.99"", ""id"": ""1"", ""ligcarbonidx"": ""7114"", ""protcarbonidx"": ""5653"", ""reschain"": ""E"", ""reschain_lig"": ""Z"", ""resnr"": ""60"", ""resnr_lig"": ""1"", ""restype"": ""ASN"", ""restype_lig"": ""LIG""}"
334,alprazolam,alpha2_beta3_gamma2_local_9CTJ,D,155,BZD_SITE_156,mapped_global_sequence_alignment,global sequence alignment (Biopython PairwiseAligner) + PDB residue lookup,False,"{""dist"": ""3.47"", ""id"": ""2"", ""ligcarbonidx"": ""7109"", ""protcarbonidx"": ""3891"", ""reschain"": ""D"", ""reschain_lig"": ""Z"", ""resnr"": ""155"", ""resnr_lig"": ""1"", ""restype"": ""LYS"", ""restype_lig"": ""LIG""}"
335,alprazolam,alpha2_beta3_gamma2_local_9CTJ,D,202,BZD_SITE_203,mapped_global_sequence_alignment,global sequence alignment (Biopython PairwiseAligner) + PDB residue lookup,False,"{""dist"": ""3.57"", ""id"": ""3"", ""ligcarbonidx"": ""7106"", ""protcarbonidx"": ""4261"", ""reschain"": ""D"", ""reschain_lig"": ""Z"", ""resnr"": ""202"", ""resnr_lig"": ""1"", ""restype"": ""ILE"", ""restype_lig"": ""LIG""}"
336,alprazolam,alpha2_beta3_gamma2_local_9CTJ,E,60,BZD_GAMMA2_060,mapped_gamma2_sequence_alignment,global sequence alignment (Biopython PairwiseAligner) + PDB residue lookup,False,"{""dist"": ""3.58"", ""id"": ""1"", ""ligcarbonidx"": ""7115"", ""protcarbonidx"": ""5653"", ""reschain"": ""E"", ""reschain_lig"": ""Z"", ""resnr"": ""60"", ""resnr_lig"": ""1"", ""restype"": ""ASN"", ""restype_lig"": ""LIG""}"
337,alprazolam,alpha2_beta3_gamma2_local_9CTJ,D,153,BZD_SITE_154,mapped_global_sequence_alignment,global sequence alignment (Biopython PairwiseAligner) + PDB residue lookup,False,"{""dist"": ""3.82"", ""id"": ""2"", ""ligcarbonidx"": ""7109"", ""protcarbonidx"": ""3875"", ""reschain"": ""D"", ""reschain_lig"": ""Z"", ""resnr"": ""153"", ""resnr_lig"": ""1"", ""restype"": ""PRO"", ""restype_lig"": ""LIG""}"
338,alprazolam,alpha2_beta3_gamma2_local_9CTJ,D,155,BZD_SITE_156,mapped_global_sequence_alignment,global sequence alignment (Biopython PairwiseAligner) + PDB residue lookup,False,"{""dist"": ""3.65"", ""id"": ""3"", ""ligcarbonidx"": ""7108"", ""protcarbonidx"": ""3891"", ""reschain"": ""D"", ""reschain_lig"": ""Z"", ""resnr"": ""155"", ""resnr_lig"": ""1"", ""restype"": ""LYS"", ""restype_lig"": ""LIG""}"
