drug,adverse_event_term,phenotype_axis,report_count,total_drug_reports,background_event_reports,background_total,generic_only_total,role_cod,suspect_status,sex,age,country,report_date_quarter,seriousness,source_dataset,query,retrieval_date,a,b,c,d,ROR,logROR,CI95_low,CI95_high,zero_cell_corrected,unstable_signal,estimable
diazepam,Ataxia,C1,375,118049,11464,20018532,118049,NA,all roles; target-specific suspect not inferred,ALL; marginal table only,ALL; marginal table only,ALL; marginal table only,2004-01-01 through 2025-12-31 receivedate,ALL; marginal table only,openFDA FAERS report documents,https://api.fda.gov/drug/event.json?search=receivedate%3A%5B20040101+TO+20251231%5D+AND+%28patient.drug.openfda.generic_name.exact%3A%22DIAZEPAM%22+OR+patient.drug.medicinalproduct.exact%3A%22DIAZEPAM%22%29+AND+patient.reaction.reactionmeddrapt.exact%3A%22ATAXIA%22&limit=1,2026-09-20T01:52:43.274976+00:00,375,117674,11089,19889394,5.715838099407628,1.7432409355600527,5.15604792689991,6.336404479134317,False,False,True
diazepam,Balance disorder,C1,1355,118049,83538,20018532,118049,NA,all roles; target-specific suspect not inferred,ALL; marginal table only,ALL; marginal table only,ALL; marginal table only,2004-01-01 through 2025-12-31 receivedate,ALL; marginal table only,openFDA FAERS report documents,https://api.fda.gov/drug/event.json?search=receivedate%3A%5B20040101+TO+20251231%5D+AND+%28patient.drug.openfda.generic_name.exact%3A%22DIAZEPAM%22+OR+patient.drug.medicinalproduct.exact%3A%22DIAZEPAM%22%29+AND+patient.reaction.reactionmeddrapt.exact%3A%22BALANCE+DISORDER%22&limit=1,2026-09-20T01:52:44.226411+00:00,1355,116694,82183,19818300,2.800110538616071,1.0296588944790876,2.6529394934901203,2.9554458545731555,False,False,True
diazepam,Coordination abnormal,C1,335,118049,13648,20018532,118049,NA,all roles; target-specific suspect not inferred,ALL; marginal table only,ALL; marginal table only,ALL; marginal table only,2004-01-01 through 2025-12-31 receivedate,ALL; marginal table only,openFDA FAERS report documents,https://api.fda.gov/drug/event.json?search=receivedate%3A%5B20040101+TO+20251231%5D+AND+%28patient.drug.openfda.generic_name.exact%3A%22DIAZEPAM%22+OR+patient.drug.medicinalproduct.exact%3A%22DIAZEPAM%22%29+AND+patient.reaction.reactionmeddrapt.exact%3A%22COORDINATION+ABNORMAL%22&limit=1,2026-09-20T01:52:45.248484+00:00,335,117714,13313,19887170,4.251221599865744,1.4472063768972525,3.813814623653388,4.738794848359042,False,False,True
diazepam,Gait disturbance,C1,2287,118049,185496,20018532,118049,NA,all roles; target-specific suspect not inferred,ALL; marginal table only,ALL; marginal table only,ALL; marginal table only,2004-01-01 through 2025-12-31 receivedate,ALL; marginal table only,openFDA FAERS report documents,https://api.fda.gov/drug/event.json?search=receivedate%3A%5B20040101+TO+20251231%5D+AND+%28patient.drug.openfda.generic_name.exact%3A%22DIAZEPAM%22+OR+patient.drug.medicinalproduct.exact%3A%22DIAZEPAM%22%29+AND+patient.reaction.reactionmeddrapt.exact%3A%22GAIT+DISTURBANCE%22&limit=1,2026-09-20T01:52:47.578638+00:00,2287,115762,183209,19717274,2.1261808908749114,0.7543273613777952,2.0394594363880656,2.2165898963540114,False,False,True
diazepam,Fall,C2,4226,118049,319310,20018532,118049,NA,all roles; target-specific suspect not inferred,ALL; marginal table only,ALL; marginal table only,ALL; marginal table only,2004-01-01 through 2025-12-31 receivedate,ALL; marginal table only,openFDA FAERS report documents,https://api.fda.gov/drug/event.json?search=receivedate%3A%5B20040101+TO+20251231%5D+AND+%28patient.drug.openfda.generic_name.exact%3A%22DIAZEPAM%22+OR+patient.drug.medicinalproduct.exact%3A%22DIAZEPAM%22%29+AND+patient.reaction.reactionmeddrapt.exact%3A%22FALL%22&limit=1,2026-09-20T01:52:50.701964+00:00,4226,113823,315084,19585399,2.3078391587709666,0.8363116576433871,2.2376041048536757,2.3802787862265635,False,False,True
diazepam,Somnolence,C3,4917,118049,193065,20018532,118049,NA,all roles; target-specific suspect not inferred,ALL; marginal table only,ALL; marginal table only,ALL; marginal table only,2004-01-01 through 2025-12-31 receivedate,ALL; marginal table only,openFDA FAERS report documents,https://api.fda.gov/drug/event.json?search=receivedate%3A%5B20040101+TO+20251231%5D+AND+%28patient.drug.openfda.generic_name.exact%3A%22DIAZEPAM%22+OR+patient.drug.medicinalproduct.exact%3A%22DIAZEPAM%22%29+AND+patient.reaction.reactionmeddrapt.exact%3A%22SOMNOLENCE%22&limit=1,2026-09-20T01:52:51.578077+00:00,4917,113132,188148,19712335,4.553582490094797,1.5159142836176152,4.423817701079594,4.68715369736816,False,False,True
diazepam,Sedation,C3,1087,118049,24810,20018532,118049,NA,all roles; target-specific suspect not inferred,ALL; marginal table only,ALL; marginal table only,ALL; marginal table only,2004-01-01 through 2025-12-31 receivedate,ALL; marginal table only,openFDA FAERS report documents,https://api.fda.gov/drug/event.json?search=receivedate%3A%5B20040101+TO+20251231%5D+AND+%28patient.drug.openfda.generic_name.exact%3A%22DIAZEPAM%22+OR+patient.drug.medicinalproduct.exact%3A%22DIAZEPAM%22%29+AND+patient.reaction.reactionmeddrapt.exact%3A%22SEDATION%22&limit=1,2026-09-20T01:52:59.918841+00:00,1087,116962,23723,19876760,7.786830893165661,2.0524339598014016,7.325545082545854,8.277163634311654,False,False,True
diazepam,Dizziness,C4,4490,118049,477766,20018532,118049,NA,all roles; target-specific suspect not inferred,ALL; marginal table only,ALL; marginal table only,ALL; marginal table only,2004-01-01 through 2025-12-31 receivedate,ALL; marginal table only,openFDA FAERS report documents,https://api.fda.gov/drug/event.json?search=receivedate%3A%5B20040101+TO+20251231%5D+AND+%28patient.drug.openfda.generic_name.exact%3A%22DIAZEPAM%22+OR+patient.drug.medicinalproduct.exact%3A%22DIAZEPAM%22%29+AND+patient.reaction.reactionmeddrapt.exact%3A%22DIZZINESS%22&limit=1,2026-09-20T01:53:00.949704+00:00,4490,113559,473276,19427207,1.6230080257527257,0.48428123353114927,1.5751004096889418,1.672372780461638,False,False,True
diazepam,Vertigo,C4,791,118049,58684,20018532,118049,NA,all roles; target-specific suspect not inferred,ALL; marginal table only,ALL; marginal table only,ALL; marginal table only,2004-01-01 through 2025-12-31 receivedate,ALL; marginal table only,openFDA FAERS report documents,https://api.fda.gov/drug/event.json?search=receivedate%3A%5B20040101+TO+20251231%5D+AND+%28patient.drug.openfda.generic_name.exact%3A%22DIAZEPAM%22+OR+patient.drug.medicinalproduct.exact%3A%22DIAZEPAM%22%29+AND+patient.reaction.reactionmeddrapt.exact%3A%22VERTIGO%22&limit=1,2026-09-20T01:53:03.080371+00:00,791,117258,57893,19842590,2.312098355041129,0.8381554910130387,2.154927295150467,2.480732791038608,False,False,True
diazepam,Muscular weakness,C5,1185,118049,109349,20018532,118049,NA,all roles; target-specific suspect not inferred,ALL; marginal table only,ALL; marginal table only,ALL; marginal table only,2004-01-01 through 2025-12-31 receivedate,ALL; marginal table only,openFDA FAERS report documents,https://api.fda.gov/drug/event.json?search=receivedate%3A%5B20040101+TO+20251231%5D+AND+%28patient.drug.openfda.generic_name.exact%3A%22DIAZEPAM%22+OR+patient.drug.medicinalproduct.exact%3A%22DIAZEPAM%22%29+AND+patient.reaction.reactionmeddrapt.exact%3A%22MUSCULAR+WEAKNESS%22&limit=1,2026-09-20T01:53:07.482013+00:00,1185,116864,108164,19792319,1.8554597839622686,0.618132527320963,1.7517164024439178,1.965347247475768,False,False,True
diazepam,Hypotonia,C5,290,118049,9684,20018532,118049,NA,all roles; target-specific suspect not inferred,ALL; marginal table only,ALL; marginal table only,ALL; marginal table only,2004-01-01 through 2025-12-31 receivedate,ALL; marginal table only,openFDA FAERS report documents,https://api.fda.gov/drug/event.json?search=receivedate%3A%5B20040101+TO+20251231%5D+AND+%28patient.drug.openfda.generic_name.exact%3A%22DIAZEPAM%22+OR+patient.drug.medicinalproduct.exact%3A%22DIAZEPAM%22%29+AND+patient.reaction.reactionmeddrapt.exact%3A%22HYPOTONIA%22&limit=1,2026-09-20T01:53:08.529670+00:00,290,117759,9394,19891089,5.21449065665797,1.6514414147773468,4.638740534686626,5.861701598753069,False,False,True
diazepam,Amnesia,C6,1203,118049,63053,20018532,118049,NA,all roles; target-specific suspect not inferred,ALL; marginal table only,ALL; marginal table only,ALL; marginal table only,2004-01-01 through 2025-12-31 receivedate,ALL; marginal table only,openFDA FAERS report documents,https://api.fda.gov/drug/event.json?search=receivedate%3A%5B20040101+TO+20251231%5D+AND+%28patient.drug.openfda.generic_name.exact%3A%22DIAZEPAM%22+OR+patient.drug.medicinalproduct.exact%3A%22DIAZEPAM%22%29+AND+patient.reaction.reactionmeddrapt.exact%3A%22AMNESIA%22&limit=1,2026-09-20T01:53:12.036589+00:00,1203,116846,61850,19838633,3.30235545114477,1.1946359869317575,3.1183070988071453,3.4972666835403445,False,False,True
diazepam,Memory impairment,C6,1812,118049,132715,20018532,118049,NA,all roles; target-specific suspect not inferred,ALL; marginal table only,ALL; marginal table only,ALL; marginal table only,2004-01-01 through 2025-12-31 receivedate,ALL; marginal table only,openFDA FAERS report documents,https://api.fda.gov/drug/event.json?search=receivedate%3A%5B20040101+TO+20251231%5D+AND+%28patient.drug.openfda.generic_name.exact%3A%22DIAZEPAM%22+OR+patient.drug.medicinalproduct.exact%3A%22DIAZEPAM%22%29+AND+patient.reaction.reactionmeddrapt.exact%3A%22MEMORY+IMPAIRMENT%22&limit=1,2026-09-20T01:53:16.919365+00:00,1812,116237,130903,19769580,2.354299140004372,0.856243078081512,2.2468380687580014,2.4668998258914185,False,False,True
diazepam,Cognitive disorder,C6,787,118049,44588,20018532,118049,NA,all roles; target-specific suspect not inferred,ALL; marginal table only,ALL; marginal table only,ALL; marginal table only,2004-01-01 through 2025-12-31 receivedate,ALL; marginal table only,openFDA FAERS report documents,https://api.fda.gov/drug/event.json?search=receivedate%3A%5B20040101+TO+20251231%5D+AND+%28patient.drug.openfda.generic_name.exact%3A%22DIAZEPAM%22+OR+patient.drug.medicinalproduct.exact%3A%22DIAZEPAM%22%29+AND+patient.reaction.reactionmeddrapt.exact%3A%22COGNITIVE+DISORDER%22&limit=1,2026-09-20T01:53:24.615872+00:00,787,117262,43801,19856682,3.0425665768155925,1.1127014279131284,2.83481517109421,3.2655431891110425,False,False,True
alprazolam,Ataxia,C1,272,200932,11464,20018532,200932,NA,all roles; target-specific suspect not inferred,ALL; marginal table only,ALL; marginal table only,ALL; marginal table only,2004-01-01 through 2025-12-31 receivedate,ALL; marginal table only,openFDA FAERS report documents,https://api.fda.gov/drug/event.json?search=receivedate%3A%5B20040101+TO+20251231%5D+AND+%28patient.drug.openfda.generic_name.exact%3A%22ALPRAZOLAM%22+OR+patient.drug.medicinalproduct.exact%3A%22ALPRAZOLAM%22%29+AND+patient.reaction.reactionmeddrapt.exact%3A%22ATAXIA%22&limit=1,2026-09-20T01:52:46.268620+00:00,272,200660,11192,19806408,2.3988666991494125,0.8749964171405225,2.126841778470235,2.7056838447226,False,False,True
alprazolam,Balance disorder,C1,1833,200932,83538,20018532,200932,NA,all roles; target-specific suspect not inferred,ALL; marginal table only,ALL; marginal table only,ALL; marginal table only,2004-01-01 through 2025-12-31 receivedate,ALL; marginal table only,openFDA FAERS report documents,https://api.fda.gov/drug/event.json?search=receivedate%3A%5B20040101+TO+20251231%5D+AND+%28patient.drug.openfda.generic_name.exact%3A%22ALPRAZOLAM%22+OR+patient.drug.medicinalproduct.exact%3A%22ALPRAZOLAM%22%29+AND+patient.reaction.reactionmeddrapt.exact%3A%22BALANCE+DISORDER%22&limit=1,2026-09-20T01:52:47.560973+00:00,1833,199099,81705,19735895,2.223829964970707,0.7992309188660318,2.1227879781595704,2.3296814208403567,False,False,True
alprazolam,Coordination abnormal,C1,293,200932,13648,20018532,200932,NA,all roles; target-specific suspect not inferred,ALL; marginal table only,ALL; marginal table only,ALL; marginal table only,2004-01-01 through 2025-12-31 receivedate,ALL; marginal table only,openFDA FAERS report documents,https://api.fda.gov/drug/event.json?search=receivedate%3A%5B20040101+TO+20251231%5D+AND+%28patient.drug.openfda.generic_name.exact%3A%22ALPRAZOLAM%22+OR+patient.drug.medicinalproduct.exact%3A%22ALPRAZOLAM%22%29+AND+patient.reaction.reactionmeddrapt.exact%3A%22COORDINATION+ABNORMAL%22&limit=1,2026-09-20T01:52:48.433367+00:00,293,200639,13355,19804245,2.1655422624452823,0.7726707977348326,1.9286756986846878,2.4314991336463727,False,False,True
alprazolam,Gait disturbance,C1,3327,200932,185496,20018532,200932,NA,all roles; target-specific suspect not inferred,ALL; marginal table only,ALL; marginal table only,ALL; marginal table only,2004-01-01 through 2025-12-31 receivedate,ALL; marginal table only,openFDA FAERS report documents,https://api.fda.gov/drug/event.json?search=receivedate%3A%5B20040101+TO+20251231%5D+AND+%28patient.drug.openfda.generic_name.exact%3A%22ALPRAZOLAM%22+OR+patient.drug.medicinalproduct.exact%3A%22ALPRAZOLAM%22%29+AND+patient.reaction.reactionmeddrapt.exact%3A%22GAIT+DISTURBANCE%22&limit=1,2026-09-20T01:52:49.698351+00:00,3327,197605,182169,19635431,1.8147668426570709,0.5959569981189823,1.7530944149304541,1.8786088559515282,False,False,True
alprazolam,Fall,C2,6934,200932,319310,20018532,200932,NA,all roles; target-specific suspect not inferred,ALL; marginal table only,ALL; marginal table only,ALL; marginal table only,2004-01-01 through 2025-12-31 receivedate,ALL; marginal table only,openFDA FAERS report documents,https://api.fda.gov/drug/event.json?search=receivedate%3A%5B20040101+TO+20251231%5D+AND+%28patient.drug.openfda.generic_name.exact%3A%22ALPRAZOLAM%22+OR+patient.drug.medicinalproduct.exact%3A%22ALPRAZOLAM%22%29+AND+patient.reaction.reactionmeddrapt.exact%3A%22FALL%22&limit=1,2026-09-20T01:52:51.949858+00:00,6934,193998,312376,19505224,2.2318236090887114,0.8028190132101116,2.1784311238106757,2.2865247230642556,False,False,True
alprazolam,Somnolence,C3,5867,200932,193065,20018532,200932,NA,all roles; target-specific suspect not inferred,ALL; marginal table only,ALL; marginal table only,ALL; marginal table only,2004-01-01 through 2025-12-31 receivedate,ALL; marginal table only,openFDA FAERS report documents,https://api.fda.gov/drug/event.json?search=receivedate%3A%5B20040101+TO+20251231%5D+AND+%28patient.drug.openfda.generic_name.exact%3A%22ALPRAZOLAM%22+OR+patient.drug.medicinalproduct.exact%3A%22ALPRAZOLAM%22%29+AND+patient.reaction.reactionmeddrapt.exact%3A%22SOMNOLENCE%22&limit=1,2026-09-20T01:52:56.381524+00:00,5867,195065,187198,19630402,3.154022048880424,1.1486784792838254,3.07194828679244,3.2382885895552858,False,False,True
alprazolam,Sedation,C3,929,200932,24810,20018532,200932,NA,all roles; target-specific suspect not inferred,ALL; marginal table only,ALL; marginal table only,ALL; marginal table only,2004-01-01 through 2025-12-31 receivedate,ALL; marginal table only,openFDA FAERS report documents,https://api.fda.gov/drug/event.json?search=receivedate%3A%5B20040101+TO+20251231%5D+AND+%28patient.drug.openfda.generic_name.exact%3A%22ALPRAZOLAM%22+OR+patient.drug.medicinalproduct.exact%3A%22ALPRAZOLAM%22%29+AND+patient.reaction.reactionmeddrapt.exact%3A%22SEDATION%22&limit=1,2026-09-20T01:52:57.361706+00:00,929,200003,23881,19793719,3.8499411937655617,1.3480578738364315,3.6051582720328383,4.1113443785355095,False,False,True
alprazolam,Dizziness,C4,7879,200932,477766,20018532,200932,NA,all roles; target-specific suspect not inferred,ALL; marginal table only,ALL; marginal table only,ALL; marginal table only,2004-01-01 through 2025-12-31 receivedate,ALL; marginal table only,openFDA FAERS report documents,https://api.fda.gov/drug/event.json?search=receivedate%3A%5B20040101+TO+20251231%5D+AND+%28patient.drug.openfda.generic_name.exact%3A%22ALPRAZOLAM%22+OR+patient.drug.medicinalproduct.exact%3A%22ALPRAZOLAM%22%29+AND+patient.reaction.reactionmeddrapt.exact%3A%22DIZZINESS%22&limit=1,2026-09-20T01:53:00.952840+00:00,7879,193053,469887,19347713,1.6804699553963471,0.5190734896514968,1.642732812951972,1.7190740020071449,False,False,True
alprazolam,Vertigo,C4,1262,200932,58684,20018532,200932,NA,all roles; target-specific suspect not inferred,ALL; marginal table only,ALL; marginal table only,ALL; marginal table only,2004-01-01 through 2025-12-31 receivedate,ALL; marginal table only,openFDA FAERS report documents,https://api.fda.gov/drug/event.json?search=receivedate%3A%5B20040101+TO+20251231%5D+AND+%28patient.drug.openfda.generic_name.exact%3A%22ALPRAZOLAM%22+OR+patient.drug.medicinalproduct.exact%3A%22ALPRAZOLAM%22%29+AND+patient.reaction.reactionmeddrapt.exact%3A%22VERTIGO%22&limit=1,2026-09-20T01:53:03.450492+00:00,1262,199670,57422,19760178,2.1749990647118675,0.7770282345230228,2.0566497518084104,2.3001587544684594,False,False,True
alprazolam,Muscular weakness,C5,1746,200932,109349,20018532,200932,NA,all roles; target-specific suspect not inferred,ALL; marginal table only,ALL; marginal table only,ALL; marginal table only,2004-01-01 through 2025-12-31 receivedate,ALL; marginal table only,openFDA FAERS report documents,https://api.fda.gov/drug/event.json?search=receivedate%3A%5B20040101+TO+20251231%5D+AND+%28patient.drug.openfda.generic_name.exact%3A%22ALPRAZOLAM%22+OR+patient.drug.medicinalproduct.exact%3A%22ALPRAZOLAM%22%29+AND+patient.reaction.reactionmeddrapt.exact%3A%22MUSCULAR+WEAKNESS%22&limit=1,2026-09-20T01:53:05.909738+00:00,1746,199186,107603,19709997,1.6056378876635322,0.4735211154210912,1.5311666117521672,1.6837312193938394,False,False,True
alprazolam,Hypotonia,C5,201,200932,9684,20018532,200932,NA,all roles; target-specific suspect not inferred,ALL; marginal table only,ALL; marginal table only,ALL; marginal table only,2004-01-01 through 2025-12-31 receivedate,ALL; marginal table only,openFDA FAERS report documents,https://api.fda.gov/drug/event.json?search=receivedate%3A%5B20040101+TO+20251231%5D+AND+%28patient.drug.openfda.generic_name.exact%3A%22ALPRAZOLAM%22+OR+patient.drug.medicinalproduct.exact%3A%22ALPRAZOLAM%22%29+AND+patient.reaction.reactionmeddrapt.exact%3A%22HYPOTONIA%22&limit=1,2026-09-20T01:53:10.109897+00:00,201,200731,9483,19808117,2.091602013684591,0.7379302860797932,1.8187617621404184,2.405372201415173,False,False,True
alprazolam,Amnesia,C6,1824,200932,63053,20018532,200932,NA,all roles; target-specific suspect not inferred,ALL; marginal table only,ALL; marginal table only,ALL; marginal table only,2004-01-01 through 2025-12-31 receivedate,ALL; marginal table only,openFDA FAERS report documents,https://api.fda.gov/drug/event.json?search=receivedate%3A%5B20040101+TO+20251231%5D+AND+%28patient.drug.openfda.generic_name.exact%3A%22ALPRAZOLAM%22+OR+patient.drug.medicinalproduct.exact%3A%22ALPRAZOLAM%22%29+AND+patient.reaction.reactionmeddrapt.exact%3A%22AMNESIA%22&limit=1,2026-09-20T01:53:11.671970+00:00,1824,199108,61229,19756371,2.955875450339731,1.0837948676717932,2.8207839610774266,3.0974366695504916,False,False,True
alprazolam,Memory impairment,C6,3044,200932,132715,20018532,200932,NA,all roles; target-specific suspect not inferred,ALL; marginal table only,ALL; marginal table only,ALL; marginal table only,2004-01-01 through 2025-12-31 receivedate,ALL; marginal table only,openFDA FAERS report documents,https://api.fda.gov/drug/event.json?search=receivedate%3A%5B20040101+TO+20251231%5D+AND+%28patient.drug.openfda.generic_name.exact%3A%22ALPRAZOLAM%22+OR+patient.drug.medicinalproduct.exact%3A%22ALPRAZOLAM%22%29+AND+patient.reaction.reactionmeddrapt.exact%3A%22MEMORY+IMPAIRMENT%22&limit=1,2026-09-20T01:53:15.345966+00:00,3044,197888,129671,19687929,2.3355133996106456,0.8482317383062927,2.2524543598481865,2.421635233545204,False,False,True
alprazolam,Cognitive disorder,C6,1011,200932,44588,20018532,200932,NA,all roles; target-specific suspect not inferred,ALL; marginal table only,ALL; marginal table only,ALL; marginal table only,2004-01-01 through 2025-12-31 receivedate,ALL; marginal table only,openFDA FAERS report documents,https://api.fda.gov/drug/event.json?search=receivedate%3A%5B20040101+TO+20251231%5D+AND+%28patient.drug.openfda.generic_name.exact%3A%22ALPRAZOLAM%22+OR+patient.drug.medicinalproduct.exact%3A%22ALPRAZOLAM%22%29+AND+patient.reaction.reactionmeddrapt.exact%3A%22COGNITIVE+DISORDER%22&limit=1,2026-09-20T01:53:17.965981+00:00,1011,199921,43577,19774023,2.294723940453344,0.830612548893237,2.155674355158891,2.442742778048956,False,False,True
triazolam,Ataxia,C1,12,3893,11464,20018532,3893,NA,all roles; target-specific suspect not inferred,ALL; marginal table only,ALL; marginal table only,ALL; marginal table only,2004-01-01 through 2025-12-31 receivedate,ALL; marginal table only,openFDA FAERS report documents,https://api.fda.gov/drug/event.json?search=receivedate%3A%5B20040101+TO+20251231%5D+AND+%28patient.drug.openfda.generic_name.exact%3A%22TRIAZOLAM%22+OR+patient.drug.medicinalproduct.exact%3A%22TRIAZOLAM%22%29+AND+patient.reaction.reactionmeddrapt.exact%3A%22ATAXIA%22&limit=1,2026-09-20T01:52:51.027472+00:00,12,3881,11452,20003187,5.400767218750141,1.6865410210244924,3.0635293399252994,9.521138306394473,False,False,True
triazolam,Balance disorder,C1,29,3893,83538,20018532,3893,NA,all roles; target-specific suspect not inferred,ALL; marginal table only,ALL; marginal table only,ALL; marginal table only,2004-01-01 through 2025-12-31 receivedate,ALL; marginal table only,openFDA FAERS report documents,https://api.fda.gov/drug/event.json?search=receivedate%3A%5B20040101+TO+20251231%5D+AND+%28patient.drug.openfda.generic_name.exact%3A%22TRIAZOLAM%22+OR+patient.drug.medicinalproduct.exact%3A%22TRIAZOLAM%22%29+AND+patient.reaction.reactionmeddrapt.exact%3A%22BALANCE+DISORDER%22&limit=1,2026-09-20T01:52:51.883879+00:00,29,3864,83509,19931130,1.7912636745591237,0.5829213342185433,1.2430052087354704,2.5813452182225705,False,False,True
triazolam,Coordination abnormal,C1,4,3893,13648,20018532,3893,NA,all roles; target-specific suspect not inferred,ALL; marginal table only,ALL; marginal table only,ALL; marginal table only,2004-01-01 through 2025-12-31 receivedate,ALL; marginal table only,openFDA FAERS report documents,https://api.fda.gov/drug/event.json?search=receivedate%3A%5B20040101+TO+20251231%5D+AND+%28patient.drug.openfda.generic_name.exact%3A%22TRIAZOLAM%22+OR+patient.drug.medicinalproduct.exact%3A%22TRIAZOLAM%22%29+AND+patient.reaction.reactionmeddrapt.exact%3A%22COORDINATION+ABNORMAL%22&limit=1,2026-09-20T01:52:55.148155+00:00,4,3889,13644,20000995,1.5077590319884568,0.41062446370638206,0.5655123984803909,4.019960136420592,False,True,True
triazolam,Gait disturbance,C1,62,3893,185496,20018532,3893,NA,all roles; target-specific suspect not inferred,ALL; marginal table only,ALL; marginal table only,ALL; marginal table only,2004-01-01 through 2025-12-31 receivedate,ALL; marginal table only,openFDA FAERS report documents,https://api.fda.gov/drug/event.json?search=receivedate%3A%5B20040101+TO+20251231%5D+AND+%28patient.drug.openfda.generic_name.exact%3A%22TRIAZOLAM%22+OR+patient.drug.medicinalproduct.exact%3A%22TRIAZOLAM%22%29+AND+patient.reaction.reactionmeddrapt.exact%3A%22GAIT+DISTURBANCE%22&limit=1,2026-09-20T01:53:04.861128+00:00,62,3831,185434,19829205,1.7305951153943435,0.5484653466939395,1.3464847202504646,2.2242803118253414,False,False,True
triazolam,Fall,C2,141,3893,319310,20018532,3893,NA,all roles; target-specific suspect not inferred,ALL; marginal table only,ALL; marginal table only,ALL; marginal table only,2004-01-01 through 2025-12-31 receivedate,ALL; marginal table only,openFDA FAERS report documents,https://api.fda.gov/drug/event.json?search=receivedate%3A%5B20040101+TO+20251231%5D+AND+%28patient.drug.openfda.generic_name.exact%3A%22TRIAZOLAM%22+OR+patient.drug.medicinalproduct.exact%3A%22TRIAZOLAM%22%29+AND+patient.reaction.reactionmeddrapt.exact%3A%22FALL%22&limit=1,2026-09-20T01:53:30.730768+00:00,141,3752,319169,19695470,2.3190063029551493,0.8411387762322491,1.9600455768770333,2.7437067263069537,False,False,True
triazolam,Somnolence,C3,114,3893,193065,20018532,3893,NA,all roles; target-specific suspect not inferred,ALL; marginal table only,ALL; marginal table only,ALL; marginal table only,2004-01-01 through 2025-12-31 receivedate,ALL; marginal table only,openFDA FAERS report documents,https://api.fda.gov/drug/event.json?search=receivedate%3A%5B20040101+TO+20251231%5D+AND+%28patient.drug.openfda.generic_name.exact%3A%22TRIAZOLAM%22+OR+patient.drug.medicinalproduct.exact%3A%22TRIAZOLAM%22%29+AND+patient.reaction.reactionmeddrapt.exact%3A%22SOMNOLENCE%22&limit=1,2026-09-20T01:53:31.600542+00:00,114,3779,192951,19821688,3.0989998956733698,1.1310794451409993,2.572058094803578,3.7338971358331525,False,False,True
triazolam,Sedation,C3,13,3893,24810,20018532,3893,NA,all roles; target-specific suspect not inferred,ALL; marginal table only,ALL; marginal table only,ALL; marginal table only,2004-01-01 through 2025-12-31 receivedate,ALL; marginal table only,openFDA FAERS report documents,https://api.fda.gov/drug/event.json?search=receivedate%3A%5B20040101+TO+20251231%5D+AND+%28patient.drug.openfda.generic_name.exact%3A%22TRIAZOLAM%22+OR+patient.drug.medicinalproduct.exact%3A%22TRIAZOLAM%22%29+AND+patient.reaction.reactionmeddrapt.exact%3A%22SEDATION%22&limit=1,2026-09-20T01:53:34.748492+00:00,13,3880,24797,19989842,2.7009829714186426,0.9936157702436379,1.5666776718539832,4.656547510031414,False,False,True
triazolam,Dizziness,C4,131,3893,477766,20018532,3893,NA,all roles; target-specific suspect not inferred,ALL; marginal table only,ALL; marginal table only,ALL; marginal table only,2004-01-01 through 2025-12-31 receivedate,ALL; marginal table only,openFDA FAERS report documents,https://api.fda.gov/drug/event.json?search=receivedate%3A%5B20040101+TO+20251231%5D+AND+%28patient.drug.openfda.generic_name.exact%3A%22TRIAZOLAM%22+OR+patient.drug.medicinalproduct.exact%3A%22TRIAZOLAM%22%29+AND+patient.reaction.reactionmeddrapt.exact%3A%22DIZZINESS%22&limit=1,2026-09-20T01:53:41.187815+00:00,131,3762,477635,19537004,1.4243421502721598,0.3537100581961212,1.196600204618022,1.6954288936374842,False,False,True
triazolam,Vertigo,C4,20,3893,58684,20018532,3893,NA,all roles; target-specific suspect not inferred,ALL; marginal table only,ALL; marginal table only,ALL; marginal table only,2004-01-01 through 2025-12-31 receivedate,ALL; marginal table only,openFDA FAERS report documents,https://api.fda.gov/drug/event.json?search=receivedate%3A%5B20040101+TO+20251231%5D+AND+%28patient.drug.openfda.generic_name.exact%3A%22TRIAZOLAM%22+OR+patient.drug.medicinalproduct.exact%3A%22TRIAZOLAM%22%29+AND+patient.reaction.reactionmeddrapt.exact%3A%22VERTIGO%22&limit=1,2026-09-20T01:53:46.399138+00:00,20,3873,58664,19955975,1.7566440858923618,0.5634052194718198,1.1319377899589294,2.726120173629484,False,False,True
triazolam,Muscular weakness,C5,35,3893,109349,20018532,3893,NA,all roles; target-specific suspect not inferred,ALL; marginal table only,ALL; marginal table only,ALL; marginal table only,2004-01-01 through 2025-12-31 receivedate,ALL; marginal table only,openFDA FAERS report documents,https://api.fda.gov/drug/event.json?search=receivedate%3A%5B20040101+TO+20251231%5D+AND+%28patient.drug.openfda.generic_name.exact%3A%22TRIAZOLAM%22+OR+patient.drug.medicinalproduct.exact%3A%22TRIAZOLAM%22%29+AND+patient.reaction.reactionmeddrapt.exact%3A%22MUSCULAR+WEAKNESS%22&limit=1,2026-09-20T01:53:48.678243+00:00,35,3858,109314,19905325,1.6519591646677547,0.5019619560691542,1.1842492247985736,2.30438747569706,False,False,True
triazolam,Hypotonia,C5,2,3893,9684,20018532,3893,NA,all roles; target-specific suspect not inferred,ALL; marginal table only,ALL; marginal table only,ALL; marginal table only,2004-01-01 through 2025-12-31 receivedate,ALL; marginal table only,openFDA FAERS report documents,https://api.fda.gov/drug/event.json?search=receivedate%3A%5B20040101+TO+20251231%5D+AND+%28patient.drug.openfda.generic_name.exact%3A%22TRIAZOLAM%22+OR+patient.drug.medicinalproduct.exact%3A%22TRIAZOLAM%22%29+AND+patient.reaction.reactionmeddrapt.exact%3A%22HYPOTONIA%22&limit=1,2026-09-20T01:53:49.818127+00:00,2,3891,9682,20004957,1.062041063092383,0.06019258788428061,0.2654746253405958,4.248734575846178,False,True,True
triazolam,Amnesia,C6,32,3893,63053,20018532,3893,NA,all roles; target-specific suspect not inferred,ALL; marginal table only,ALL; marginal table only,ALL; marginal table only,2004-01-01 through 2025-12-31 receivedate,ALL; marginal table only,openFDA FAERS report documents,https://api.fda.gov/drug/event.json?search=receivedate%3A%5B20040101+TO+20251231%5D+AND+%28patient.drug.openfda.generic_name.exact%3A%22TRIAZOLAM%22+OR+patient.drug.medicinalproduct.exact%3A%22TRIAZOLAM%22%29+AND+patient.reaction.reactionmeddrapt.exact%3A%22AMNESIA%22&limit=1,2026-09-20T01:53:50.622162+00:00,32,3861,63021,19951618,2.623874190240954,0.964651924140087,1.8527089593915145,3.7160265951721696,False,False,True
triazolam,Memory impairment,C6,32,3893,132715,20018532,3893,NA,all roles; target-specific suspect not inferred,ALL; marginal table only,ALL; marginal table only,ALL; marginal table only,2004-01-01 through 2025-12-31 receivedate,ALL; marginal table only,openFDA FAERS report documents,https://api.fda.gov/drug/event.json?search=receivedate%3A%5B20040101+TO+20251231%5D+AND+%28patient.drug.openfda.generic_name.exact%3A%22TRIAZOLAM%22+OR+patient.drug.medicinalproduct.exact%3A%22TRIAZOLAM%22%29+AND+patient.reaction.reactionmeddrapt.exact%3A%22MEMORY+IMPAIRMENT%22&limit=1,2026-09-20T01:54:00.279057+00:00,32,3861,132683,19881956,1.2419210909447025,0.21665944763197764,0.8769567345251862,1.758773193033713,False,False,True
triazolam,Cognitive disorder,C6,19,3893,44588,20018532,3893,NA,all roles; target-specific suspect not inferred,ALL; marginal table only,ALL; marginal table only,ALL; marginal table only,2004-01-01 through 2025-12-31 receivedate,ALL; marginal table only,openFDA FAERS report documents,https://api.fda.gov/drug/event.json?search=receivedate%3A%5B20040101+TO+20251231%5D+AND+%28patient.drug.openfda.generic_name.exact%3A%22TRIAZOLAM%22+OR+patient.drug.medicinalproduct.exact%3A%22TRIAZOLAM%22%29+AND+patient.reaction.reactionmeddrapt.exact%3A%22COGNITIVE+DISORDER%22&limit=1,2026-09-20T01:54:02.099625+00:00,19,3874,44569,19970070,2.1975596985215584,0.7873475167709021,1.400032637399201,3.4493971780096153,False,False,True
zolpidem,Ataxia,C1,101,49105,11464,20018532,0,NA,all roles; target-specific suspect not inferred,ALL; marginal table only,ALL; marginal table only,ALL; marginal table only,2004-01-01 through 2025-12-31 receivedate,ALL; marginal table only,openFDA FAERS report documents,https://api.fda.gov/drug/event.json?search=receivedate%3A%5B20040101+TO+20251231%5D+AND+%28patient.drug.openfda.generic_name.exact%3A%22ZOLPIDEM%22+OR+patient.drug.medicinalproduct.exact%3A%22ZOLPIDEM%22%29+AND+patient.reaction.reactionmeddrapt.exact%3A%22ATAXIA%22&limit=1,2026-09-20T01:53:35.270146+00:00,101,49004,11363,19958064,3.620055650061147,1.2864893986645853,2.9754544825367595,4.404302934712338,False,False,True
zolpidem,Balance disorder,C1,392,49105,83538,20018532,0,NA,all roles; target-specific suspect not inferred,ALL; marginal table only,ALL; marginal table only,ALL; marginal table only,2004-01-01 through 2025-12-31 receivedate,ALL; marginal table only,openFDA FAERS report documents,https://api.fda.gov/drug/event.json?search=receivedate%3A%5B20040101+TO+20251231%5D+AND+%28patient.drug.openfda.generic_name.exact%3A%22ZOLPIDEM%22+OR+patient.drug.medicinalproduct.exact%3A%22ZOLPIDEM%22%29+AND+patient.reaction.reactionmeddrapt.exact%3A%22BALANCE+DISORDER%22&limit=1,2026-09-20T01:53:37.145933+00:00,392,48713,83146,19886281,1.9246572563264137,0.6547479032255996,1.7421540605271748,2.1262789774223516,False,False,True
zolpidem,Coordination abnormal,C1,232,49105,13648,20018532,0,NA,all roles; target-specific suspect not inferred,ALL; marginal table only,ALL; marginal table only,ALL; marginal table only,2004-01-01 through 2025-12-31 receivedate,ALL; marginal table only,openFDA FAERS report documents,https://api.fda.gov/drug/event.json?search=receivedate%3A%5B20040101+TO+20251231%5D+AND+%28patient.drug.openfda.generic_name.exact%3A%22ZOLPIDEM%22+OR+patient.drug.medicinalproduct.exact%3A%22ZOLPIDEM%22%29+AND+patient.reaction.reactionmeddrapt.exact%3A%22COORDINATION+ABNORMAL%22&limit=1,2026-09-20T01:53:40.859386+00:00,232,48873,13416,19956011,7.061056255707869,1.9545946516045642,6.199714812428589,8.04206595863405,False,False,True
zolpidem,Gait disturbance,C1,695,49105,185496,20018532,0,NA,all roles; target-specific suspect not inferred,ALL; marginal table only,ALL; marginal table only,ALL; marginal table only,2004-01-01 through 2025-12-31 receivedate,ALL; marginal table only,openFDA FAERS report documents,https://api.fda.gov/drug/event.json?search=receivedate%3A%5B20040101+TO+20251231%5D+AND+%28patient.drug.openfda.generic_name.exact%3A%22ZOLPIDEM%22+OR+patient.drug.medicinalproduct.exact%3A%22ZOLPIDEM%22%29+AND+patient.reaction.reactionmeddrapt.exact%3A%22GAIT+DISTURBANCE%22&limit=1,2026-09-20T01:53:42.110223+00:00,695,48410,184801,19784626,1.5369978144760759,0.4298310426140528,1.4259129119890046,1.6567367206241066,False,False,True
zolpidem,Fall,C2,2056,49105,319310,20018532,0,NA,all roles; target-specific suspect not inferred,ALL; marginal table only,ALL; marginal table only,ALL; marginal table only,2004-01-01 through 2025-12-31 receivedate,ALL; marginal table only,openFDA FAERS report documents,https://api.fda.gov/drug/event.json?search=receivedate%3A%5B20040101+TO+20251231%5D+AND+%28patient.drug.openfda.generic_name.exact%3A%22ZOLPIDEM%22+OR+patient.drug.medicinalproduct.exact%3A%22ZOLPIDEM%22%29+AND+patient.reaction.reactionmeddrapt.exact%3A%22FALL%22&limit=1,2026-09-20T01:53:45.759108+00:00,2056,47049,317254,19652173,2.706924764575248,0.9958132173295127,2.5896268839862504,2.829535685770887,False,False,True
zolpidem,Somnolence,C3,1456,49105,193065,20018532,0,NA,all roles; target-specific suspect not inferred,ALL; marginal table only,ALL; marginal table only,ALL; marginal table only,2004-01-01 through 2025-12-31 receivedate,ALL; marginal table only,openFDA FAERS report documents,https://api.fda.gov/drug/event.json?search=receivedate%3A%5B20040101+TO+20251231%5D+AND+%28patient.drug.openfda.generic_name.exact%3A%22ZOLPIDEM%22+OR+patient.drug.medicinalproduct.exact%3A%22ZOLPIDEM%22%29+AND+patient.reaction.reactionmeddrapt.exact%3A%22SOMNOLENCE%22&limit=1,2026-09-20T01:53:48.739874+00:00,1456,47649,191609,19777818,3.154060765746881,1.1486907546034733,2.9932272893134995,3.323536221101809,False,False,True
zolpidem,Sedation,C3,278,49105,24810,20018532,0,NA,all roles; target-specific suspect not inferred,ALL; marginal table only,ALL; marginal table only,ALL; marginal table only,2004-01-01 through 2025-12-31 receivedate,ALL; marginal table only,openFDA FAERS report documents,https://api.fda.gov/drug/event.json?search=receivedate%3A%5B20040101+TO+20251231%5D+AND+%28patient.drug.openfda.generic_name.exact%3A%22ZOLPIDEM%22+OR+patient.drug.medicinalproduct.exact%3A%22ZOLPIDEM%22%29+AND+patient.reaction.reactionmeddrapt.exact%3A%22SEDATION%22&limit=1,2026-09-20T01:53:49.751758+00:00,278,48827,24532,19944895,4.6289613304146595,1.5323325082476948,4.111476541313171,5.21157856141642,False,False,True
zolpidem,Dizziness,C4,1545,49105,477766,20018532,0,NA,all roles; target-specific suspect not inferred,ALL; marginal table only,ALL; marginal table only,ALL; marginal table only,2004-01-01 through 2025-12-31 receivedate,ALL; marginal table only,openFDA FAERS report documents,https://api.fda.gov/drug/event.json?search=receivedate%3A%5B20040101+TO+20251231%5D+AND+%28patient.drug.openfda.generic_name.exact%3A%22ZOLPIDEM%22+OR+patient.drug.medicinalproduct.exact%3A%22ZOLPIDEM%22%29+AND+patient.reaction.reactionmeddrapt.exact%3A%22DIZZINESS%22&limit=1,2026-09-20T01:53:52.227009+00:00,1545,47560,476221,19493206,1.3297235718468847,0.28497107991515946,1.2639245411725752,1.3989480541970216,False,False,True
zolpidem,Vertigo,C4,270,49105,58684,20018532,0,NA,all roles; target-specific suspect not inferred,ALL; marginal table only,ALL; marginal table only,ALL; marginal table only,2004-01-01 through 2025-12-31 receivedate,ALL; marginal table only,openFDA FAERS report documents,https://api.fda.gov/drug/event.json?search=receivedate%3A%5B20040101+TO+20251231%5D+AND+%28patient.drug.openfda.generic_name.exact%3A%22ZOLPIDEM%22+OR+patient.drug.medicinalproduct.exact%3A%22ZOLPIDEM%22%29+AND+patient.reaction.reactionmeddrapt.exact%3A%22VERTIGO%22&limit=1,2026-09-20T01:53:54.333166+00:00,270,48835,58414,19911013,1.8845557160267468,0.6336920987041612,1.6716407120080286,2.1245894654855877,False,False,True
zolpidem,Muscular weakness,C5,545,49105,109349,20018532,0,NA,all roles; target-specific suspect not inferred,ALL; marginal table only,ALL; marginal table only,ALL; marginal table only,2004-01-01 through 2025-12-31 receivedate,ALL; marginal table only,openFDA FAERS report documents,https://api.fda.gov/drug/event.json?search=receivedate%3A%5B20040101+TO+20251231%5D+AND+%28patient.drug.openfda.generic_name.exact%3A%22ZOLPIDEM%22+OR+patient.drug.medicinalproduct.exact%3A%22ZOLPIDEM%22%29+AND+patient.reaction.reactionmeddrapt.exact%3A%22MUSCULAR+WEAKNESS%22&limit=1,2026-09-20T01:53:58.192914+00:00,545,48560,108804,19860623,2.048640857997033,0.7171765771722036,1.882385010580394,2.2295807401062895,False,False,True
zolpidem,Hypotonia,C5,72,49105,9684,20018532,0,NA,all roles; target-specific suspect not inferred,ALL; marginal table only,ALL; marginal table only,ALL; marginal table only,2004-01-01 through 2025-12-31 receivedate,ALL; marginal table only,openFDA FAERS report documents,https://api.fda.gov/drug/event.json?search=receivedate%3A%5B20040101+TO+20251231%5D+AND+%28patient.drug.openfda.generic_name.exact%3A%22ZOLPIDEM%22+OR+patient.drug.medicinalproduct.exact%3A%22ZOLPIDEM%22%29+AND+patient.reaction.reactionmeddrapt.exact%3A%22HYPOTONIA%22&limit=1,2026-09-20T01:53:59.452391+00:00,72,49033,9612,19959815,3.0492061029600963,1.1148812626254845,2.417805290796442,3.845494876581391,False,False,True
zolpidem,Amnesia,C6,684,49105,63053,20018532,0,NA,all roles; target-specific suspect not inferred,ALL; marginal table only,ALL; marginal table only,ALL; marginal table only,2004-01-01 through 2025-12-31 receivedate,ALL; marginal table only,openFDA FAERS report documents,https://api.fda.gov/drug/event.json?search=receivedate%3A%5B20040101+TO+20251231%5D+AND+%28patient.drug.openfda.generic_name.exact%3A%22ZOLPIDEM%22+OR+patient.drug.medicinalproduct.exact%3A%22ZOLPIDEM%22%29+AND+patient.reaction.reactionmeddrapt.exact%3A%22AMNESIA%22&limit=1,2026-09-20T01:54:01.833068+00:00,684,48421,62369,19907058,4.508796646068223,1.506030298858441,4.179334865468549,4.864230278259104,False,False,True
zolpidem,Memory impairment,C6,618,49105,132715,20018532,0,NA,all roles; target-specific suspect not inferred,ALL; marginal table only,ALL; marginal table only,ALL; marginal table only,2004-01-01 through 2025-12-31 receivedate,ALL; marginal table only,openFDA FAERS report documents,https://api.fda.gov/drug/event.json?search=receivedate%3A%5B20040101+TO+20251231%5D+AND+%28patient.drug.openfda.generic_name.exact%3A%22ZOLPIDEM%22+OR+patient.drug.medicinalproduct.exact%3A%22ZOLPIDEM%22%29+AND+patient.reaction.reactionmeddrapt.exact%3A%22MEMORY+IMPAIRMENT%22&limit=1,2026-09-20T01:54:05.392335+00:00,618,48487,132097,19837330,1.9140506424980885,0.6492217516661469,1.7677257917237157,2.072487644407205,False,False,True
zolpidem,Cognitive disorder,C6,307,49105,44588,20018532,0,NA,all roles; target-specific suspect not inferred,ALL; marginal table only,ALL; marginal table only,ALL; marginal table only,2004-01-01 through 2025-12-31 receivedate,ALL; marginal table only,openFDA FAERS report documents,https://api.fda.gov/drug/event.json?search=receivedate%3A%5B20040101+TO+20251231%5D+AND+%28patient.drug.openfda.generic_name.exact%3A%22ZOLPIDEM%22+OR+patient.drug.medicinalproduct.exact%3A%22ZOLPIDEM%22%29+AND+patient.reaction.reactionmeddrapt.exact%3A%22COGNITIVE+DISORDER%22&limit=1,2026-09-20T01:54:08.823666+00:00,307,48798,44281,19925146,2.830873383603722,1.0405852801573783,2.529404988431021,3.168272439822671,False,False,True
lorazepam,Ataxia,C1,501,174733,11464,20018532,174733,NA,all roles; target-specific suspect not inferred,ALL; marginal table only,ALL; marginal table only,ALL; marginal table only,2004-01-01 through 2025-12-31 receivedate,ALL; marginal table only,openFDA FAERS report documents,https://api.fda.gov/drug/event.json?search=receivedate%3A%5B20040101+TO+20251231%5D+AND+%28patient.drug.openfda.generic_name.exact%3A%22LORAZEPAM%22+OR+patient.drug.medicinalproduct.exact%3A%22LORAZEPAM%22%29+AND+patient.reaction.reactionmeddrapt.exact%3A%22ATAXIA%22&limit=1,2026-09-20T01:53:34.221641+00:00,501,174232,10963,19832836,5.201938465159558,1.6490313378829775,4.755787899130456,5.689943363591601,False,False,True
lorazepam,Balance disorder,C1,1754,174733,83538,20018532,174733,NA,all roles; target-specific suspect not inferred,ALL; marginal table only,ALL; marginal table only,ALL; marginal table only,2004-01-01 through 2025-12-31 receivedate,ALL; marginal table only,openFDA FAERS report documents,https://api.fda.gov/drug/event.json?search=receivedate%3A%5B20040101+TO+20251231%5D+AND+%28patient.drug.openfda.generic_name.exact%3A%22LORAZEPAM%22+OR+patient.drug.medicinalproduct.exact%3A%22LORAZEPAM%22%29+AND+patient.reaction.reactionmeddrapt.exact%3A%22BALANCE+DISORDER%22&limit=1,2026-09-20T01:53:36.110159+00:00,1754,172979,81784,19762015,2.4501861675769097,0.8961640084358731,2.3364415856798453,2.569468157295438,False,False,True
lorazepam,Coordination abnormal,C1,358,174733,13648,20018532,174733,NA,all roles; target-specific suspect not inferred,ALL; marginal table only,ALL; marginal table only,ALL; marginal table only,2004-01-01 through 2025-12-31 receivedate,ALL; marginal table only,openFDA FAERS report documents,https://api.fda.gov/drug/event.json?search=receivedate%3A%5B20040101+TO+20251231%5D+AND+%28patient.drug.openfda.generic_name.exact%3A%22LORAZEPAM%22+OR+patient.drug.medicinalproduct.exact%3A%22LORAZEPAM%22%29+AND+patient.reaction.reactionmeddrapt.exact%3A%22COORDINATION+ABNORMAL%22&limit=1,2026-09-20T01:53:39.989979+00:00,358,174375,13290,19830509,3.063428064650979,1.1195345714817257,2.757856099146536,3.4028575712110065,False,False,True
lorazepam,Gait disturbance,C1,3565,174733,185496,20018532,174733,NA,all roles; target-specific suspect not inferred,ALL; marginal table only,ALL; marginal table only,ALL; marginal table only,2004-01-01 through 2025-12-31 receivedate,ALL; marginal table only,openFDA FAERS report documents,https://api.fda.gov/drug/event.json?search=receivedate%3A%5B20040101+TO+20251231%5D+AND+%28patient.drug.openfda.generic_name.exact%3A%22LORAZEPAM%22+OR+patient.drug.medicinalproduct.exact%3A%22LORAZEPAM%22%29+AND+patient.reaction.reactionmeddrapt.exact%3A%22GAIT+DISTURBANCE%22&limit=1,2026-09-20T01:53:43.666593+00:00,3565,171168,181931,19661868,2.2508939167562247,0.8113274336511367,2.1767675166530163,2.327544575031344,False,False,True
lorazepam,Fall,C2,6437,174733,319310,20018532,174733,NA,all roles; target-specific suspect not inferred,ALL; marginal table only,ALL; marginal table only,ALL; marginal table only,2004-01-01 through 2025-12-31 receivedate,ALL; marginal table only,openFDA FAERS report documents,https://api.fda.gov/drug/event.json?search=receivedate%3A%5B20040101+TO+20251231%5D+AND+%28patient.drug.openfda.generic_name.exact%3A%22LORAZEPAM%22+OR+patient.drug.medicinalproduct.exact%3A%22LORAZEPAM%22%29+AND+patient.reaction.reactionmeddrapt.exact%3A%22FALL%22&limit=1,2026-09-20T01:53:44.773973+00:00,6437,168296,312873,19530926,2.387615905063045,0.8702953388176642,2.3283356821144396,2.448405422766626,False,False,True
lorazepam,Somnolence,C3,5356,174733,193065,20018532,174733,NA,all roles; target-specific suspect not inferred,ALL; marginal table only,ALL; marginal table only,ALL; marginal table only,2004-01-01 through 2025-12-31 receivedate,ALL; marginal table only,openFDA FAERS report documents,https://api.fda.gov/drug/event.json?search=receivedate%3A%5B20040101+TO+20251231%5D+AND+%28patient.drug.openfda.generic_name.exact%3A%22LORAZEPAM%22+OR+patient.drug.medicinalproduct.exact%3A%22LORAZEPAM%22%29+AND+patient.reaction.reactionmeddrapt.exact%3A%22SOMNOLENCE%22&limit=1,2026-09-20T01:53:46.965877+00:00,5356,169377,187709,19656090,3.3112972458813767,1.1973400297941978,3.2212232160829704,3.4038899868338617,False,False,True
lorazepam,Sedation,C3,1387,174733,24810,20018532,174733,NA,all roles; target-specific suspect not inferred,ALL; marginal table only,ALL; marginal table only,ALL; marginal table only,2004-01-01 through 2025-12-31 receivedate,ALL; marginal table only,openFDA FAERS report documents,https://api.fda.gov/drug/event.json?search=receivedate%3A%5B20040101+TO+20251231%5D+AND+%28patient.drug.openfda.generic_name.exact%3A%22LORAZEPAM%22+OR+patient.drug.medicinalproduct.exact%3A%22LORAZEPAM%22%29+AND+patient.reaction.reactionmeddrapt.exact%3A%22SEDATION%22&limit=1,2026-09-20T01:53:49.073442+00:00,1387,173346,23423,19820376,6.77067561253688,1.9126008770021343,6.412383208291965,7.148987632386426,False,False,True
lorazepam,Dizziness,C4,8149,174733,477766,20018532,174733,NA,all roles; target-specific suspect not inferred,ALL; marginal table only,ALL; marginal table only,ALL; marginal table only,2004-01-01 through 2025-12-31 receivedate,ALL; marginal table only,openFDA FAERS report documents,https://api.fda.gov/drug/event.json?search=receivedate%3A%5B20040101+TO+20251231%5D+AND+%28patient.drug.openfda.generic_name.exact%3A%22LORAZEPAM%22+OR+patient.drug.medicinalproduct.exact%3A%22LORAZEPAM%22%29+AND+patient.reaction.reactionmeddrapt.exact%3A%22DIZZINESS%22&limit=1,2026-09-20T01:53:49.955773+00:00,8149,166584,469617,19374182,2.0181367782093185,0.7021746987273421,1.9733846633250378,2.0639037746946554,False,False,True
lorazepam,Vertigo,C4,859,174733,58684,20018532,174733,NA,all roles; target-specific suspect not inferred,ALL; marginal table only,ALL; marginal table only,ALL; marginal table only,2004-01-01 through 2025-12-31 receivedate,ALL; marginal table only,openFDA FAERS report documents,https://api.fda.gov/drug/event.json?search=receivedate%3A%5B20040101+TO+20251231%5D+AND+%28patient.drug.openfda.generic_name.exact%3A%22LORAZEPAM%22+OR+patient.drug.medicinalproduct.exact%3A%22LORAZEPAM%22%29+AND+patient.reaction.reactionmeddrapt.exact%3A%22VERTIGO%22&limit=1,2026-09-20T01:53:52.044808+00:00,859,173874,57825,19785974,1.6904421429035361,0.5249901177374916,1.5800487177620783,1.8085484367543356,False,False,True
lorazepam,Muscular weakness,C5,2107,174733,109349,20018532,174733,NA,all roles; target-specific suspect not inferred,ALL; marginal table only,ALL; marginal table only,ALL; marginal table only,2004-01-01 through 2025-12-31 receivedate,ALL; marginal table only,openFDA FAERS report documents,https://api.fda.gov/drug/event.json?search=receivedate%3A%5B20040101+TO+20251231%5D+AND+%28patient.drug.openfda.generic_name.exact%3A%22LORAZEPAM%22+OR+patient.drug.medicinalproduct.exact%3A%22LORAZEPAM%22%29+AND+patient.reaction.reactionmeddrapt.exact%3A%22MUSCULAR+WEAKNESS%22&limit=1,2026-09-20T01:53:55.391470+00:00,2107,172626,107242,19736557,2.2462847912835406,0.8092776476027144,2.1509316751767997,2.3458650136513484,False,False,True
lorazepam,Hypotonia,C5,196,174733,9684,20018532,174733,NA,all roles; target-specific suspect not inferred,ALL; marginal table only,ALL; marginal table only,ALL; marginal table only,2004-01-01 through 2025-12-31 receivedate,ALL; marginal table only,openFDA FAERS report documents,https://api.fda.gov/drug/event.json?search=receivedate%3A%5B20040101+TO+20251231%5D+AND+%28patient.drug.openfda.generic_name.exact%3A%22LORAZEPAM%22+OR+patient.drug.medicinalproduct.exact%3A%22LORAZEPAM%22%29+AND+patient.reaction.reactionmeddrapt.exact%3A%22HYPOTONIA%22&limit=1,2026-09-20T01:53:59.390526+00:00,196,174537,9488,19834311,2.3475292221218647,0.8533633802110305,2.0377500113453566,2.7044011375456707,False,False,True
lorazepam,Amnesia,C6,1898,174733,63053,20018532,174733,NA,all roles; target-specific suspect not inferred,ALL; marginal table only,ALL; marginal table only,ALL; marginal table only,2004-01-01 through 2025-12-31 receivedate,ALL; marginal table only,openFDA FAERS report documents,https://api.fda.gov/drug/event.json?search=receivedate%3A%5B20040101+TO+20251231%5D+AND+%28patient.drug.openfda.generic_name.exact%3A%22LORAZEPAM%22+OR+patient.drug.medicinalproduct.exact%3A%22LORAZEPAM%22%29+AND+patient.reaction.reactionmeddrapt.exact%3A%22AMNESIA%22&limit=1,2026-09-20T01:54:22.278197+00:00,1898,172835,61155,19782644,3.5523592481929853,1.2676119597096207,3.392900759085217,3.719311917518211,False,False,True
lorazepam,Memory impairment,C6,2840,174733,132715,20018532,174733,NA,all roles; target-specific suspect not inferred,ALL; marginal table only,ALL; marginal table only,ALL; marginal table only,2004-01-01 through 2025-12-31 receivedate,ALL; marginal table only,openFDA FAERS report documents,https://api.fda.gov/drug/event.json?search=receivedate%3A%5B20040101+TO+20251231%5D+AND+%28patient.drug.openfda.generic_name.exact%3A%22LORAZEPAM%22+OR+patient.drug.medicinalproduct.exact%3A%22LORAZEPAM%22%29+AND+patient.reaction.reactionmeddrapt.exact%3A%22MEMORY+IMPAIRMENT%22&limit=1,2026-09-20T01:54:23.157735+00:00,2840,171893,129875,19713924,2.5078852788353254,0.9194398796332948,2.41562784935358,2.6036661953048768,False,False,True
lorazepam,Cognitive disorder,C6,1109,174733,44588,20018532,174733,NA,all roles; target-specific suspect not inferred,ALL; marginal table only,ALL; marginal table only,ALL; marginal table only,2004-01-01 through 2025-12-31 receivedate,ALL; marginal table only,openFDA FAERS report documents,https://api.fda.gov/drug/event.json?search=receivedate%3A%5B20040101+TO+20251231%5D+AND+%28patient.drug.openfda.generic_name.exact%3A%22LORAZEPAM%22+OR+patient.drug.medicinalproduct.exact%3A%22LORAZEPAM%22%29+AND+patient.reaction.reactionmeddrapt.exact%3A%22COGNITIVE+DISORDER%22&limit=1,2026-09-20T01:54:25.267233+00:00,1109,173624,43479,19800320,2.908803947559077,1.0677419821092453,2.7399871013439476,3.0880219841856658,False,False,True
clonazepam,Ataxia,C1,491,155429,11464,20018532,155429,NA,all roles; target-specific suspect not inferred,ALL; marginal table only,ALL; marginal table only,ALL; marginal table only,2004-01-01 through 2025-12-31 receivedate,ALL; marginal table only,openFDA FAERS report documents,https://api.fda.gov/drug/event.json?search=receivedate%3A%5B20040101+TO+20251231%5D+AND+%28patient.drug.openfda.generic_name.exact%3A%22CLONAZEPAM%22+OR+patient.drug.medicinalproduct.exact%3A%22CLONAZEPAM%22%29+AND+patient.reaction.reactionmeddrapt.exact%3A%22ATAXIA%22&limit=1,2026-09-20T01:54:08.623837+00:00,491,154938,10973,19852130,5.733308060276649,1.7462926870502997,5.236973293245304,6.276683013913831,False,False,True
clonazepam,Balance disorder,C1,2286,155429,83538,20018532,155429,NA,all roles; target-specific suspect not inferred,ALL; marginal table only,ALL; marginal table only,ALL; marginal table only,2004-01-01 through 2025-12-31 receivedate,ALL; marginal table only,openFDA FAERS report documents,https://api.fda.gov/drug/event.json?search=receivedate%3A%5B20040101+TO+20251231%5D+AND+%28patient.drug.openfda.generic_name.exact%3A%22CLONAZEPAM%22+OR+patient.drug.medicinalproduct.exact%3A%22CLONAZEPAM%22%29+AND+patient.reaction.reactionmeddrapt.exact%3A%22BALANCE+DISORDER%22&limit=1,2026-09-20T01:54:10.600719+00:00,2286,153143,81252,19781851,3.6342260922286935,1.2903961838418194,3.485204605459357,3.7896194871161812,False,False,True
clonazepam,Coordination abnormal,C1,494,155429,13648,20018532,155429,NA,all roles; target-specific suspect not inferred,ALL; marginal table only,ALL; marginal table only,ALL; marginal table only,2004-01-01 through 2025-12-31 receivedate,ALL; marginal table only,openFDA FAERS report documents,https://api.fda.gov/drug/event.json?search=receivedate%3A%5B20040101+TO+20251231%5D+AND+%28patient.drug.openfda.generic_name.exact%3A%22CLONAZEPAM%22+OR+patient.drug.medicinalproduct.exact%3A%22CLONAZEPAM%22%29+AND+patient.reaction.reactionmeddrapt.exact%3A%22COORDINATION+ABNORMAL%22&limit=1,2026-09-20T01:54:14.065623+00:00,494,154935,13154,19849949,4.8114831608770485,1.571005386042435,4.397521999432017,5.264412596547213,False,False,True
clonazepam,Gait disturbance,C1,3699,155429,185496,20018532,155429,NA,all roles; target-specific suspect not inferred,ALL; marginal table only,ALL; marginal table only,ALL; marginal table only,2004-01-01 through 2025-12-31 receivedate,ALL; marginal table only,openFDA FAERS report documents,https://api.fda.gov/drug/event.json?search=receivedate%3A%5B20040101+TO+20251231%5D+AND+%28patient.drug.openfda.generic_name.exact%3A%22CLONAZEPAM%22+OR+patient.drug.medicinalproduct.exact%3A%22CLONAZEPAM%22%29+AND+patient.reaction.reactionmeddrapt.exact%3A%22GAIT+DISTURBANCE%22&limit=1,2026-09-20T01:54:17.120087+00:00,3699,151730,181797,19681306,2.6392472331739487,0.9704937375491234,2.553720775363796,2.7276380507277813,False,False,True
clonazepam,Fall,C2,6664,155429,319310,20018532,155429,NA,all roles; target-specific suspect not inferred,ALL; marginal table only,ALL; marginal table only,ALL; marginal table only,2004-01-01 through 2025-12-31 receivedate,ALL; marginal table only,openFDA FAERS report documents,https://api.fda.gov/drug/event.json?search=receivedate%3A%5B20040101+TO+20251231%5D+AND+%28patient.drug.openfda.generic_name.exact%3A%22CLONAZEPAM%22+OR+patient.drug.medicinalproduct.exact%3A%22CLONAZEPAM%22%29+AND+patient.reaction.reactionmeddrapt.exact%3A%22FALL%22&limit=1,2026-09-20T01:54:20.074183+00:00,6664,148765,312646,19550457,2.801162210426369,1.0300344062135718,2.7325621737080863,2.87148442755212,False,False,True
clonazepam,Somnolence,C3,5617,155429,193065,20018532,155429,NA,all roles; target-specific suspect not inferred,ALL; marginal table only,ALL; marginal table only,ALL; marginal table only,2004-01-01 through 2025-12-31 receivedate,ALL; marginal table only,openFDA FAERS report documents,https://api.fda.gov/drug/event.json?search=receivedate%3A%5B20040101+TO+20251231%5D+AND+%28patient.drug.openfda.generic_name.exact%3A%22CLONAZEPAM%22+OR+patient.drug.medicinalproduct.exact%3A%22CLONAZEPAM%22%29+AND+patient.reaction.reactionmeddrapt.exact%3A%22SOMNOLENCE%22&limit=1,2026-09-20T01:54:21.029602+00:00,5617,149812,187448,19675655,3.935557027236169,1.370052428963218,3.8306296087316665,4.043358585054199,False,False,True
clonazepam,Sedation,C3,1253,155429,24810,20018532,155429,NA,all roles; target-specific suspect not inferred,ALL; marginal table only,ALL; marginal table only,ALL; marginal table only,2004-01-01 through 2025-12-31 receivedate,ALL; marginal table only,openFDA FAERS report documents,https://api.fda.gov/drug/event.json?search=receivedate%3A%5B20040101+TO+20251231%5D+AND+%28patient.drug.openfda.generic_name.exact%3A%22CLONAZEPAM%22+OR+patient.drug.medicinalproduct.exact%3A%22CLONAZEPAM%22%29+AND+patient.reaction.reactionmeddrapt.exact%3A%22SEDATION%22&limit=1,2026-09-20T01:54:23.311503+00:00,1253,154176,23557,19839546,6.844568035832739,1.9234553502235805,6.465048734225199,7.246366349743802,False,False,True
clonazepam,Dizziness,C4,7283,155429,477766,20018532,155429,NA,all roles; target-specific suspect not inferred,ALL; marginal table only,ALL; marginal table only,ALL; marginal table only,2004-01-01 through 2025-12-31 receivedate,ALL; marginal table only,openFDA FAERS report documents,https://api.fda.gov/drug/event.json?search=receivedate%3A%5B20040101+TO+20251231%5D+AND+%28patient.drug.openfda.generic_name.exact%3A%22CLONAZEPAM%22+OR+patient.drug.medicinalproduct.exact%3A%22CLONAZEPAM%22%29+AND+patient.reaction.reactionmeddrapt.exact%3A%22DIZZINESS%22&limit=1,2026-09-20T01:54:25.430399+00:00,7283,148146,470483,19392620,2.026342866954023,0.7062326249503901,1.97887984361415,2.074944281081912,False,False,True
clonazepam,Vertigo,C4,984,155429,58684,20018532,155429,NA,all roles; target-specific suspect not inferred,ALL; marginal table only,ALL; marginal table only,ALL; marginal table only,2004-01-01 through 2025-12-31 receivedate,ALL; marginal table only,openFDA FAERS report documents,https://api.fda.gov/drug/event.json?search=receivedate%3A%5B20040101+TO+20251231%5D+AND+%28patient.drug.openfda.generic_name.exact%3A%22CLONAZEPAM%22+OR+patient.drug.medicinalproduct.exact%3A%22CLONAZEPAM%22%29+AND+patient.reaction.reactionmeddrapt.exact%3A%22VERTIGO%22&limit=1,2026-09-20T01:54:28.801195+00:00,984,154445,57700,19805403,2.1869009643912602,0.7824854568975752,2.0529418573267715,2.329601206671766,False,False,True
clonazepam,Muscular weakness,C5,1833,155429,109349,20018532,155429,NA,all roles; target-specific suspect not inferred,ALL; marginal table only,ALL; marginal table only,ALL; marginal table only,2004-01-01 through 2025-12-31 receivedate,ALL; marginal table only,openFDA FAERS report documents,https://api.fda.gov/drug/event.json?search=receivedate%3A%5B20040101+TO+20251231%5D+AND+%28patient.drug.openfda.generic_name.exact%3A%22CLONAZEPAM%22+OR+patient.drug.medicinalproduct.exact%3A%22CLONAZEPAM%22%29+AND+patient.reaction.reactionmeddrapt.exact%3A%22MUSCULAR+WEAKNESS%22&limit=1,2026-09-20T01:54:32.131366+00:00,1833,153596,107516,19755587,2.1928019008118396,0.7851801328483834,2.093295187309519,2.297038757531448,False,False,True
clonazepam,Hypotonia,C5,238,155429,9684,20018532,155429,NA,all roles; target-specific suspect not inferred,ALL; marginal table only,ALL; marginal table only,ALL; marginal table only,2004-01-01 through 2025-12-31 receivedate,ALL; marginal table only,openFDA FAERS report documents,https://api.fda.gov/drug/event.json?search=receivedate%3A%5B20040101+TO+20251231%5D+AND+%28patient.drug.openfda.generic_name.exact%3A%22CLONAZEPAM%22+OR+patient.drug.medicinalproduct.exact%3A%22CLONAZEPAM%22%29+AND+patient.reaction.reactionmeddrapt.exact%3A%22HYPOTONIA%22&limit=1,2026-09-20T01:54:33.082249+00:00,238,155191,9446,19853657,3.2233168522341815,1.1704109077232712,2.8339612370005782,3.6661657168230177,False,False,True
clonazepam,Amnesia,C6,1776,155429,63053,20018532,155429,NA,all roles; target-specific suspect not inferred,ALL; marginal table only,ALL; marginal table only,ALL; marginal table only,2004-01-01 through 2025-12-31 receivedate,ALL; marginal table only,openFDA FAERS report documents,https://api.fda.gov/drug/event.json?search=receivedate%3A%5B20040101+TO+20251231%5D+AND+%28patient.drug.openfda.generic_name.exact%3A%22CLONAZEPAM%22+OR+patient.drug.medicinalproduct.exact%3A%22CLONAZEPAM%22%29+AND+patient.reaction.reactionmeddrapt.exact%3A%22AMNESIA%22&limit=1,2026-09-20T01:54:35.394393+00:00,1776,153653,61277,19801826,3.7351638906795204,1.3177916973221002,3.5620901976777444,3.916646832618564,False,False,True
clonazepam,Memory impairment,C6,2975,155429,132715,20018532,155429,NA,all roles; target-specific suspect not inferred,ALL; marginal table only,ALL; marginal table only,ALL; marginal table only,2004-01-01 through 2025-12-31 receivedate,ALL; marginal table only,openFDA FAERS report documents,https://api.fda.gov/drug/event.json?search=receivedate%3A%5B20040101+TO+20251231%5D+AND+%28patient.drug.openfda.generic_name.exact%3A%22CLONAZEPAM%22+OR+patient.drug.medicinalproduct.exact%3A%22CLONAZEPAM%22%29+AND+patient.reaction.reactionmeddrapt.exact%3A%22MEMORY+IMPAIRMENT%22&limit=1,2026-09-20T01:54:39.493450+00:00,2975,152454,129740,19733363,2.9680783274079587,1.087914715593012,2.861147570382673,3.079005448310579,False,False,True
clonazepam,Cognitive disorder,C6,1186,155429,44588,20018532,155429,NA,all roles; target-specific suspect not inferred,ALL; marginal table only,ALL; marginal table only,ALL; marginal table only,2004-01-01 through 2025-12-31 receivedate,ALL; marginal table only,openFDA FAERS report documents,https://api.fda.gov/drug/event.json?search=receivedate%3A%5B20040101+TO+20251231%5D+AND+%28patient.drug.openfda.generic_name.exact%3A%22CLONAZEPAM%22+OR+patient.drug.medicinalproduct.exact%3A%22CLONAZEPAM%22%29+AND+patient.reaction.reactionmeddrapt.exact%3A%22COGNITIVE+DISORDER%22&limit=1,2026-09-20T01:54:41.383077+00:00,1186,154243,43402,19819701,3.511289042729361,1.2559832186993418,3.31374977605068,3.720604021069185,False,False,True
midazolam,Ataxia,C1,44,24085,11464,20018532,24085,NA,all roles; target-specific suspect not inferred,ALL; marginal table only,ALL; marginal table only,ALL; marginal table only,2004-01-01 through 2025-12-31 receivedate,ALL; marginal table only,openFDA FAERS report documents,https://api.fda.gov/drug/event.json?search=receivedate%3A%5B20040101+TO+20251231%5D+AND+%28patient.drug.openfda.generic_name.exact%3A%22MIDAZOLAM%22+OR+patient.drug.medicinalproduct.exact%3A%22MIDAZOLAM%22%29+AND+patient.reaction.reactionmeddrapt.exact%3A%22ATAXIA%22&limit=1,2026-09-20T01:54:34.519552+00:00,44,24041,11420,19983027,3.202545578332283,1.1639459867974793,2.3812513109596303,4.307104476579765,False,False,True
midazolam,Balance disorder,C1,82,24085,83538,20018532,24085,NA,all roles; target-specific suspect not inferred,ALL; marginal table only,ALL; marginal table only,ALL; marginal table only,2004-01-01 through 2025-12-31 receivedate,ALL; marginal table only,openFDA FAERS report documents,https://api.fda.gov/drug/event.json?search=receivedate%3A%5B20040101+TO+20251231%5D+AND+%28patient.drug.openfda.generic_name.exact%3A%22MIDAZOLAM%22+OR+patient.drug.medicinalproduct.exact%3A%22MIDAZOLAM%22%29+AND+patient.reaction.reactionmeddrapt.exact%3A%22BALANCE+DISORDER%22&limit=1,2026-09-20T01:54:41.330730+00:00,82,24003,83456,19910991,0.8150488480207236,-0.2045072313156311,0.656108573775674,1.0124919124849554,False,False,True
midazolam,Coordination abnormal,C1,40,24085,13648,20018532,24085,NA,all roles; target-specific suspect not inferred,ALL; marginal table only,ALL; marginal table only,ALL; marginal table only,2004-01-01 through 2025-12-31 receivedate,ALL; marginal table only,openFDA FAERS report documents,https://api.fda.gov/drug/event.json?search=receivedate%3A%5B20040101+TO+20251231%5D+AND+%28patient.drug.openfda.generic_name.exact%3A%22MIDAZOLAM%22+OR+patient.drug.medicinalproduct.exact%3A%22MIDAZOLAM%22%29+AND+patient.reaction.reactionmeddrapt.exact%3A%22COORDINATION+ABNORMAL%22&limit=1,2026-09-20T01:54:44.044636+00:00,40,24045,13608,19980839,2.442612806259681,0.8930682886215138,1.790423789721769,3.3323715622830075,False,False,True
midazolam,Gait disturbance,C1,170,24085,185496,20018532,24085,NA,all roles; target-specific suspect not inferred,ALL; marginal table only,ALL; marginal table only,ALL; marginal table only,2004-01-01 through 2025-12-31 receivedate,ALL; marginal table only,openFDA FAERS report documents,https://api.fda.gov/drug/event.json?search=receivedate%3A%5B20040101+TO+20251231%5D+AND+%28patient.drug.openfda.generic_name.exact%3A%22MIDAZOLAM%22+OR+patient.drug.medicinalproduct.exact%3A%22MIDAZOLAM%22%29+AND+patient.reaction.reactionmeddrapt.exact%3A%22GAIT+DISTURBANCE%22&limit=1,2026-09-20T01:54:47.103914+00:00,170,23915,185326,19809121,0.7598141703176451,-0.2746813883398147,0.6533716274444518,0.8835975563762503,False,False,True
midazolam,Fall,C2,227,24085,319310,20018532,24085,NA,all roles; target-specific suspect not inferred,ALL; marginal table only,ALL; marginal table only,ALL; marginal table only,2004-01-01 through 2025-12-31 receivedate,ALL; marginal table only,openFDA FAERS report documents,https://api.fda.gov/drug/event.json?search=receivedate%3A%5B20040101+TO+20251231%5D+AND+%28patient.drug.openfda.generic_name.exact%3A%22MIDAZOLAM%22+OR+patient.drug.medicinalproduct.exact%3A%22MIDAZOLAM%22%29+AND+patient.reaction.reactionmeddrapt.exact%3A%22FALL%22&limit=1,2026-09-20T01:54:48.175231+00:00,227,23858,319083,19675364,0.586693034392832,-0.533253535640263,0.514784191780609,0.6686466330958428,False,False,True
midazolam,Somnolence,C3,488,24085,193065,20018532,24085,NA,all roles; target-specific suspect not inferred,ALL; marginal table only,ALL; marginal table only,ALL; marginal table only,2004-01-01 through 2025-12-31 receivedate,ALL; marginal table only,openFDA FAERS report documents,https://api.fda.gov/drug/event.json?search=receivedate%3A%5B20040101+TO+20251231%5D+AND+%28patient.drug.openfda.generic_name.exact%3A%22MIDAZOLAM%22+OR+patient.drug.medicinalproduct.exact%3A%22MIDAZOLAM%22%29+AND+patient.reaction.reactionmeddrapt.exact%3A%22SOMNOLENCE%22&limit=1,2026-09-20T01:54:49.053263+00:00,488,23597,192577,19801870,2.126497211672369,0.7544761244820855,1.943957922559056,2.32617709404818,False,False,True
midazolam,Sedation,C3,168,24085,24810,20018532,24085,NA,all roles; target-specific suspect not inferred,ALL; marginal table only,ALL; marginal table only,ALL; marginal table only,2004-01-01 through 2025-12-31 receivedate,ALL; marginal table only,openFDA FAERS report documents,https://api.fda.gov/drug/event.json?search=receivedate%3A%5B20040101+TO+20251231%5D+AND+%28patient.drug.openfda.generic_name.exact%3A%22MIDAZOLAM%22+OR+patient.drug.medicinalproduct.exact%3A%22MIDAZOLAM%22%29+AND+patient.reaction.reactionmeddrapt.exact%3A%22SEDATION%22&limit=1,2026-09-20T01:54:52.052120+00:00,168,23917,24642,19969805,5.692466049014424,1.739143554777133,4.888486117122196,6.628671728387337,False,False,True
midazolam,Dizziness,C4,237,24085,477766,20018532,24085,NA,all roles; target-specific suspect not inferred,ALL; marginal table only,ALL; marginal table only,ALL; marginal table only,2004-01-01 through 2025-12-31 receivedate,ALL; marginal table only,openFDA FAERS report documents,https://api.fda.gov/drug/event.json?search=receivedate%3A%5B20040101+TO+20251231%5D+AND+%28patient.drug.openfda.generic_name.exact%3A%22MIDAZOLAM%22+OR+patient.drug.medicinalproduct.exact%3A%22MIDAZOLAM%22%29+AND+patient.reaction.reactionmeddrapt.exact%3A%22DIZZINESS%22&limit=1,2026-09-20T01:54:54.776076+00:00,237,23848,477529,19516918,0.40617002464652485,-0.9009834271266914,0.35737759207862235,0.4616240429675979,False,False,True
midazolam,Vertigo,C4,19,24085,58684,20018532,24085,NA,all roles; target-specific suspect not inferred,ALL; marginal table only,ALL; marginal table only,ALL; marginal table only,2004-01-01 through 2025-12-31 receivedate,ALL; marginal table only,openFDA FAERS report documents,https://api.fda.gov/drug/event.json?search=receivedate%3A%5B20040101+TO+20251231%5D+AND+%28patient.drug.openfda.generic_name.exact%3A%22MIDAZOLAM%22+OR+patient.drug.medicinalproduct.exact%3A%22MIDAZOLAM%22%29+AND+patient.reaction.reactionmeddrapt.exact%3A%22VERTIGO%22&limit=1,2026-09-20T01:54:56.024998+00:00,19,24066,58665,19935782,0.26828963184844895,-1.315688166171837,0.17108522328953157,0.4207220540348125,False,False,True
midazolam,Muscular weakness,C5,99,24085,109349,20018532,24085,NA,all roles; target-specific suspect not inferred,ALL; marginal table only,ALL; marginal table only,ALL; marginal table only,2004-01-01 through 2025-12-31 receivedate,ALL; marginal table only,openFDA FAERS report documents,https://api.fda.gov/drug/event.json?search=receivedate%3A%5B20040101+TO+20251231%5D+AND+%28patient.drug.openfda.generic_name.exact%3A%22MIDAZOLAM%22+OR+patient.drug.medicinalproduct.exact%3A%22MIDAZOLAM%22%29+AND+patient.reaction.reactionmeddrapt.exact%3A%22MUSCULAR+WEAKNESS%22&limit=1,2026-09-20T01:54:58.637347+00:00,99,23986,109250,19885197,0.75125230488189,-0.2860137250750103,0.6166234209480382,0.9152750388926785,False,False,True
midazolam,Hypotonia,C5,82,24085,9684,20018532,24085,NA,all roles; target-specific suspect not inferred,ALL; marginal table only,ALL; marginal table only,ALL; marginal table only,2004-01-01 through 2025-12-31 receivedate,ALL; marginal table only,openFDA FAERS report documents,https://api.fda.gov/drug/event.json?search=receivedate%3A%5B20040101+TO+20251231%5D+AND+%28patient.drug.openfda.generic_name.exact%3A%22MIDAZOLAM%22+OR+patient.drug.medicinalproduct.exact%3A%22MIDAZOLAM%22%29+AND+patient.reaction.reactionmeddrapt.exact%3A%22HYPOTONIA%22&limit=1,2026-09-20T01:55:06.278932+00:00,82,24003,9602,19984845,7.110291566605615,1.9615432509357547,5.719074184002283,8.839935369882369,False,False,True
midazolam,Amnesia,C6,105,24085,63053,20018532,24085,NA,all roles; target-specific suspect not inferred,ALL; marginal table only,ALL; marginal table only,ALL; marginal table only,2004-01-01 through 2025-12-31 receivedate,ALL; marginal table only,openFDA FAERS report documents,https://api.fda.gov/drug/event.json?search=receivedate%3A%5B20040101+TO+20251231%5D+AND+%28patient.drug.openfda.generic_name.exact%3A%22MIDAZOLAM%22+OR+patient.drug.medicinalproduct.exact%3A%22MIDAZOLAM%22%29+AND+patient.reaction.reactionmeddrapt.exact%3A%22AMNESIA%22&limit=1,2026-09-20T01:55:12.785185+00:00,105,23980,62948,19931499,1.3864306356788485,0.3267325564622272,1.1443974072577736,1.6796524488419133,False,False,True
midazolam,Memory impairment,C6,160,24085,132715,20018532,24085,NA,all roles; target-specific suspect not inferred,ALL; marginal table only,ALL; marginal table only,ALL; marginal table only,2004-01-01 through 2025-12-31 receivedate,ALL; marginal table only,openFDA FAERS report documents,https://api.fda.gov/drug/event.json?search=receivedate%3A%5B20040101+TO+20251231%5D+AND+%28patient.drug.openfda.generic_name.exact%3A%22MIDAZOLAM%22+OR+patient.drug.medicinalproduct.exact%3A%22MIDAZOLAM%22%29+AND+patient.reaction.reactionmeddrapt.exact%3A%22MEMORY+IMPAIRMENT%22&limit=1,2026-09-20T01:55:14.732618+00:00,160,23925,132555,19861892,1.0020572584625762,0.002055145204234776,0.8576943136769568,1.1707186735713013,False,False,True
midazolam,Cognitive disorder,C6,174,24085,44588,20018532,24085,NA,all roles; target-specific suspect not inferred,ALL; marginal table only,ALL; marginal table only,ALL; marginal table only,2004-01-01 through 2025-12-31 receivedate,ALL; marginal table only,openFDA FAERS report documents,https://api.fda.gov/drug/event.json?search=receivedate%3A%5B20040101+TO+20251231%5D+AND+%28patient.drug.openfda.generic_name.exact%3A%22MIDAZOLAM%22+OR+patient.drug.medicinalproduct.exact%3A%22MIDAZOLAM%22%29+AND+patient.reaction.reactionmeddrapt.exact%3A%22COGNITIVE+DISORDER%22&limit=1,2026-09-20T01:55:16.123175+00:00,174,23911,44414,19950033,3.2687013244279757,1.184392757531839,2.815037319701152,3.795476626026213,False,False,True
temazepam,Ataxia,C1,73,36961,11464,20018532,36961,NA,all roles; target-specific suspect not inferred,ALL; marginal table only,ALL; marginal table only,ALL; marginal table only,2004-01-01 through 2025-12-31 receivedate,ALL; marginal table only,openFDA FAERS report documents,https://api.fda.gov/drug/event.json?search=receivedate%3A%5B20040101+TO+20251231%5D+AND+%28patient.drug.openfda.generic_name.exact%3A%22TEMAZEPAM%22+OR+patient.drug.medicinalproduct.exact%3A%22TEMAZEPAM%22%29+AND+patient.reaction.reactionmeddrapt.exact%3A%22ATAXIA%22&limit=1,2026-09-20T01:55:21.535469+00:00,73,36888,11391,19970180,3.469427994314429,1.2439897372335924,2.7555818758436557,4.368199222549824,False,False,True
temazepam,Balance disorder,C1,417,36961,83538,20018532,36961,NA,all roles; target-specific suspect not inferred,ALL; marginal table only,ALL; marginal table only,ALL; marginal table only,2004-01-01 through 2025-12-31 receivedate,ALL; marginal table only,openFDA FAERS report documents,https://api.fda.gov/drug/event.json?search=receivedate%3A%5B20040101+TO+20251231%5D+AND+%28patient.drug.openfda.generic_name.exact%3A%22TEMAZEPAM%22+OR+patient.drug.medicinalproduct.exact%3A%22TEMAZEPAM%22%29+AND+patient.reaction.reactionmeddrapt.exact%3A%22BALANCE+DISORDER%22&limit=1,2026-09-20T01:55:22.560698+00:00,417,36544,83121,19898450,2.7316714360783148,1.0049136694974763,2.4797206002604133,3.009221617105782,False,False,True
temazepam,Coordination abnormal,C1,118,36961,13648,20018532,36961,NA,all roles; target-specific suspect not inferred,ALL; marginal table only,ALL; marginal table only,ALL; marginal table only,2004-01-01 through 2025-12-31 receivedate,ALL; marginal table only,openFDA FAERS report documents,https://api.fda.gov/drug/event.json?search=receivedate%3A%5B20040101+TO+20251231%5D+AND+%28patient.drug.openfda.generic_name.exact%3A%22TEMAZEPAM%22+OR+patient.drug.medicinalproduct.exact%3A%22TEMAZEPAM%22%29+AND+patient.reaction.reactionmeddrapt.exact%3A%22COORDINATION+ABNORMAL%22&limit=1,2026-09-20T01:55:23.399737+00:00,118,36843,13530,19968041,4.726772327853127,1.5532425864567792,3.942191817020231,5.667501145656052,False,False,True
temazepam,Gait disturbance,C1,805,36961,185496,20018532,36961,NA,all roles; target-specific suspect not inferred,ALL; marginal table only,ALL; marginal table only,ALL; marginal table only,2004-01-01 through 2025-12-31 receivedate,ALL; marginal table only,openFDA FAERS report documents,https://api.fda.gov/drug/event.json?search=receivedate%3A%5B20040101+TO+20251231%5D+AND+%28patient.drug.openfda.generic_name.exact%3A%22TEMAZEPAM%22+OR+patient.drug.medicinalproduct.exact%3A%22TEMAZEPAM%22%29+AND+patient.reaction.reactionmeddrapt.exact%3A%22GAIT+DISTURBANCE%22&limit=1,2026-09-20T01:55:26.322105+00:00,805,36156,184691,19796880,2.386527925062045,0.869839558657473,2.2251931263054616,2.5595600982991265,False,False,True
temazepam,Fall,C2,1636,36961,319310,20018532,36961,NA,all roles; target-specific suspect not inferred,ALL; marginal table only,ALL; marginal table only,ALL; marginal table only,2004-01-01 through 2025-12-31 receivedate,ALL; marginal table only,openFDA FAERS report documents,https://api.fda.gov/drug/event.json?search=receivedate%3A%5B20040101+TO+20251231%5D+AND+%28patient.drug.openfda.generic_name.exact%3A%22TEMAZEPAM%22+OR+patient.drug.medicinalproduct.exact%3A%22TEMAZEPAM%22%29+AND+patient.reaction.reactionmeddrapt.exact%3A%22FALL%22&limit=1,2026-09-20T01:55:29.037421+00:00,1636,35325,317674,19663897,2.8667448964815065,1.0531772036892946,2.7277745972646743,3.0127952323273854,False,False,True
temazepam,Somnolence,C3,943,36961,193065,20018532,36961,NA,all roles; target-specific suspect not inferred,ALL; marginal table only,ALL; marginal table only,ALL; marginal table only,2004-01-01 through 2025-12-31 receivedate,ALL; marginal table only,openFDA FAERS report documents,https://api.fda.gov/drug/event.json?search=receivedate%3A%5B20040101+TO+20251231%5D+AND+%28patient.drug.openfda.generic_name.exact%3A%22TEMAZEPAM%22+OR+patient.drug.medicinalproduct.exact%3A%22TEMAZEPAM%22%29+AND+patient.reaction.reactionmeddrapt.exact%3A%22SOMNOLENCE%22&limit=1,2026-09-20T01:55:30.658932+00:00,943,36018,192122,19789449,2.6967997685538374,0.9920657991151938,2.527557300557738,2.8773745268078437,False,False,True
temazepam,Sedation,C3,202,36961,24810,20018532,36961,NA,all roles; target-specific suspect not inferred,ALL; marginal table only,ALL; marginal table only,ALL; marginal table only,2004-01-01 through 2025-12-31 receivedate,ALL; marginal table only,openFDA FAERS report documents,https://api.fda.gov/drug/event.json?search=receivedate%3A%5B20040101+TO+20251231%5D+AND+%28patient.drug.openfda.generic_name.exact%3A%22TEMAZEPAM%22+OR+patient.drug.medicinalproduct.exact%3A%22TEMAZEPAM%22%29+AND+patient.reaction.reactionmeddrapt.exact%3A%22SEDATION%22&limit=1,2026-09-20T01:55:33.632246+00:00,202,36759,24608,19956963,4.456622158136065,1.4943911154406138,3.8788689185507286,5.1204311043875785,False,False,True
temazepam,Dizziness,C4,1658,36961,477766,20018532,36961,NA,all roles; target-specific suspect not inferred,ALL; marginal table only,ALL; marginal table only,ALL; marginal table only,2004-01-01 through 2025-12-31 receivedate,ALL; marginal table only,openFDA FAERS report documents,https://api.fda.gov/drug/event.json?search=receivedate%3A%5B20040101+TO+20251231%5D+AND+%28patient.drug.openfda.generic_name.exact%3A%22TEMAZEPAM%22+OR+patient.drug.medicinalproduct.exact%3A%22TEMAZEPAM%22%29+AND+patient.reaction.reactionmeddrapt.exact%3A%22DIZZINESS%22&limit=1,2026-09-20T01:55:37.020543+00:00,1658,35303,476108,19505463,1.924082537938048,0.6544492504595727,1.831458660408613,2.021390759632081,False,False,True
temazepam,Vertigo,C4,210,36961,58684,20018532,36961,NA,all roles; target-specific suspect not inferred,ALL; marginal table only,ALL; marginal table only,ALL; marginal table only,2004-01-01 through 2025-12-31 receivedate,ALL; marginal table only,openFDA FAERS report documents,https://api.fda.gov/drug/event.json?search=receivedate%3A%5B20040101+TO+20251231%5D+AND+%28patient.drug.openfda.generic_name.exact%3A%22TEMAZEPAM%22+OR+patient.drug.medicinalproduct.exact%3A%22TEMAZEPAM%22%29+AND+patient.reaction.reactionmeddrapt.exact%3A%22VERTIGO%22&limit=1,2026-09-20T01:55:37.951200+00:00,210,36751,58474,19923097,1.9469023976138713,0.6662395955053189,1.6995409715859788,2.2302662949616834,False,False,True
temazepam,Muscular weakness,C5,438,36961,109349,20018532,36961,NA,all roles; target-specific suspect not inferred,ALL; marginal table only,ALL; marginal table only,ALL; marginal table only,2004-01-01 through 2025-12-31 receivedate,ALL; marginal table only,openFDA FAERS report documents,https://api.fda.gov/drug/event.json?search=receivedate%3A%5B20040101+TO+20251231%5D+AND+%28patient.drug.openfda.generic_name.exact%3A%22TEMAZEPAM%22+OR+patient.drug.medicinalproduct.exact%3A%22TEMAZEPAM%22%29+AND+patient.reaction.reactionmeddrapt.exact%3A%22MUSCULAR+WEAKNESS%22&limit=1,2026-09-20T01:55:39.000969+00:00,438,36523,108911,19872660,2.1882247399624775,0.7830905940758264,1.9911059685941095,2.404858198463851,False,False,True
temazepam,Hypotonia,C5,18,36961,9684,20018532,36961,NA,all roles; target-specific suspect not inferred,ALL; marginal table only,ALL; marginal table only,ALL; marginal table only,2004-01-01 through 2025-12-31 receivedate,ALL; marginal table only,openFDA FAERS report documents,https://api.fda.gov/drug/event.json?search=receivedate%3A%5B20040101+TO+20251231%5D+AND+%28patient.drug.openfda.generic_name.exact%3A%22TEMAZEPAM%22+OR+patient.drug.medicinalproduct.exact%3A%22TEMAZEPAM%22%29+AND+patient.reaction.reactionmeddrapt.exact%3A%22HYPOTONIA%22&limit=1,2026-09-20T01:55:40.129048+00:00,18,36943,9666,19971905,1.0067300820918381,0.0067075361900066355,0.6339333378492905,1.5987571526481026,False,False,True
temazepam,Amnesia,C6,376,36961,63053,20018532,36961,NA,all roles; target-specific suspect not inferred,ALL; marginal table only,ALL; marginal table only,ALL; marginal table only,2004-01-01 through 2025-12-31 receivedate,ALL; marginal table only,openFDA FAERS report documents,https://api.fda.gov/drug/event.json?search=receivedate%3A%5B20040101+TO+20251231%5D+AND+%28patient.drug.openfda.generic_name.exact%3A%22TEMAZEPAM%22+OR+patient.drug.medicinalproduct.exact%3A%22TEMAZEPAM%22%29+AND+patient.reaction.reactionmeddrapt.exact%3A%22AMNESIA%22&limit=1,2026-09-20T01:55:42.433643+00:00,376,36585,62677,19918894,3.2661927089831586,1.1836249973951887,2.9497649329940154,3.616564388873759,False,False,True
temazepam,Memory impairment,C6,585,36961,132715,20018532,36961,NA,all roles; target-specific suspect not inferred,ALL; marginal table only,ALL; marginal table only,ALL; marginal table only,2004-01-01 through 2025-12-31 receivedate,ALL; marginal table only,openFDA FAERS report documents,https://api.fda.gov/drug/event.json?search=receivedate%3A%5B20040101+TO+20251231%5D+AND+%28patient.drug.openfda.generic_name.exact%3A%22TEMAZEPAM%22+OR+patient.drug.medicinalproduct.exact%3A%22TEMAZEPAM%22%29+AND+patient.reaction.reactionmeddrapt.exact%3A%22MEMORY+IMPAIRMENT%22&limit=1,2026-09-20T01:55:44.608366+00:00,585,36376,132130,19849441,2.4159490464644433,0.8820921898106189,2.226048843929732,2.6220492919681413,False,False,True
temazepam,Cognitive disorder,C6,209,36961,44588,20018532,36961,NA,all roles; target-specific suspect not inferred,ALL; marginal table only,ALL; marginal table only,ALL; marginal table only,2004-01-01 through 2025-12-31 receivedate,ALL; marginal table only,openFDA FAERS report documents,https://api.fda.gov/drug/event.json?search=receivedate%3A%5B20040101+TO+20251231%5D+AND+%28patient.drug.openfda.generic_name.exact%3A%22TEMAZEPAM%22+OR+patient.drug.medicinalproduct.exact%3A%22TEMAZEPAM%22%29+AND+patient.reaction.reactionmeddrapt.exact%3A%22COGNITIVE+DISORDER%22&limit=1,2026-09-20T01:55:48.322565+00:00,209,36752,44379,19937192,2.554769881345104,0.9379621535897371,2.229288544272142,2.92777225424584,False,False,True
zopiclone,Ataxia,C1,127,42339,11464,20018532,0,NA,all roles; target-specific suspect not inferred,ALL; marginal table only,ALL; marginal table only,ALL; marginal table only,2004-01-01 through 2025-12-31 receivedate,ALL; marginal table only,openFDA FAERS report documents,https://api.fda.gov/drug/event.json?search=receivedate%3A%5B20040101+TO+20251231%5D+AND+%28patient.drug.openfda.generic_name.exact%3A%22ZOPICLONE%22+OR+patient.drug.medicinalproduct.exact%3A%22ZOPICLONE%22%29+AND+patient.reaction.reactionmeddrapt.exact%3A%22ATAXIA%22&limit=1,2026-09-20T01:55:11.739426+00:00,127,42212,11337,19964856,5.298291237112157,1.6673843604813676,4.447003520970321,6.3125405457592905,False,False,True
zopiclone,Balance disorder,C1,518,42339,83538,20018532,0,NA,all roles; target-specific suspect not inferred,ALL; marginal table only,ALL; marginal table only,ALL; marginal table only,2004-01-01 through 2025-12-31 receivedate,ALL; marginal table only,openFDA FAERS report documents,https://api.fda.gov/drug/event.json?search=receivedate%3A%5B20040101+TO+20251231%5D+AND+%28patient.drug.openfda.generic_name.exact%3A%22ZOPICLONE%22+OR+patient.drug.medicinalproduct.exact%3A%22ZOPICLONE%22%29+AND+patient.reaction.reactionmeddrapt.exact%3A%22BALANCE+DISORDER%22&limit=1,2026-09-20T01:55:13.631336+00:00,518,41821,83020,19893173,2.9679506608365847,1.0878717014596084,2.720878594322929,3.2374583502327523,False,False,True
zopiclone,Coordination abnormal,C1,163,42339,13648,20018532,0,NA,all roles; target-specific suspect not inferred,ALL; marginal table only,ALL; marginal table only,ALL; marginal table only,2004-01-01 through 2025-12-31 receivedate,ALL; marginal table only,openFDA FAERS report documents,https://api.fda.gov/drug/event.json?search=receivedate%3A%5B20040101+TO+20251231%5D+AND+%28patient.drug.openfda.generic_name.exact%3A%22ZOPICLONE%22+OR+patient.drug.medicinalproduct.exact%3A%22ZOPICLONE%22%29+AND+patient.reaction.reactionmeddrapt.exact%3A%22COORDINATION+ABNORMAL%22&limit=1,2026-09-20T01:55:19.263079+00:00,163,42176,13485,19962708,5.721247284539722,1.7441868383585053,4.901040478315151,6.678718658962346,False,False,True
zopiclone,Gait disturbance,C1,950,42339,185496,20018532,0,NA,all roles; target-specific suspect not inferred,ALL; marginal table only,ALL; marginal table only,ALL; marginal table only,2004-01-01 through 2025-12-31 receivedate,ALL; marginal table only,openFDA FAERS report documents,https://api.fda.gov/drug/event.json?search=receivedate%3A%5B20040101+TO+20251231%5D+AND+%28patient.drug.openfda.generic_name.exact%3A%22ZOPICLONE%22+OR+patient.drug.medicinalproduct.exact%3A%22ZOPICLONE%22%29+AND+patient.reaction.reactionmeddrapt.exact%3A%22GAIT+DISTURBANCE%22&limit=1,2026-09-20T01:55:20.729996+00:00,950,41389,184546,19791647,2.4615914327341852,0.9008080646549104,2.307877979514313,2.6255427867055303,False,False,True
zopiclone,Fall,C2,1719,42339,319310,20018532,0,NA,all roles; target-specific suspect not inferred,ALL; marginal table only,ALL; marginal table only,ALL; marginal table only,2004-01-01 through 2025-12-31 receivedate,ALL; marginal table only,openFDA FAERS report documents,https://api.fda.gov/drug/event.json?search=receivedate%3A%5B20040101+TO+20251231%5D+AND+%28patient.drug.openfda.generic_name.exact%3A%22ZOPICLONE%22+OR+patient.drug.medicinalproduct.exact%3A%22ZOPICLONE%22%29+AND+patient.reaction.reactionmeddrapt.exact%3A%22FALL%22&limit=1,2026-09-20T01:55:21.853526+00:00,1719,40620,317591,19658602,2.6195120530406233,0.9629880611308419,2.495770325735795,2.7493889663112783,False,False,True
zopiclone,Somnolence,C3,1832,42339,193065,20018532,0,NA,all roles; target-specific suspect not inferred,ALL; marginal table only,ALL; marginal table only,ALL; marginal table only,2004-01-01 through 2025-12-31 receivedate,ALL; marginal table only,openFDA FAERS report documents,https://api.fda.gov/drug/event.json?search=receivedate%3A%5B20040101+TO+20251231%5D+AND+%28patient.drug.openfda.generic_name.exact%3A%22ZOPICLONE%22+OR+patient.drug.medicinalproduct.exact%3A%22ZOPICLONE%22%29+AND+patient.reaction.reactionmeddrapt.exact%3A%22SOMNOLENCE%22&limit=1,2026-09-20T01:55:23.501070+00:00,1832,40507,191233,19784960,4.679158189843552,1.5431182197852404,4.464180399234934,4.904488485575592,False,False,True
zopiclone,Sedation,C3,232,42339,24810,20018532,0,NA,all roles; target-specific suspect not inferred,ALL; marginal table only,ALL; marginal table only,ALL; marginal table only,2004-01-01 through 2025-12-31 receivedate,ALL; marginal table only,openFDA FAERS report documents,https://api.fda.gov/drug/event.json?search=receivedate%3A%5B20040101+TO+20251231%5D+AND+%28patient.drug.openfda.generic_name.exact%3A%22ZOPICLONE%22+OR+patient.drug.medicinalproduct.exact%3A%22ZOPICLONE%22%29+AND+patient.reaction.reactionmeddrapt.exact%3A%22SEDATION%22&limit=1,2026-09-20T01:55:27.466182+00:00,232,42107,24578,19951615,4.472652945087329,1.4979817325935318,3.9288329631401226,5.091747232544508,False,False,True
zopiclone,Dizziness,C4,1834,42339,477766,20018532,0,NA,all roles; target-specific suspect not inferred,ALL; marginal table only,ALL; marginal table only,ALL; marginal table only,2004-01-01 through 2025-12-31 receivedate,ALL; marginal table only,openFDA FAERS report documents,https://api.fda.gov/drug/event.json?search=receivedate%3A%5B20040101+TO+20251231%5D+AND+%28patient.drug.openfda.generic_name.exact%3A%22ZOPICLONE%22+OR+patient.drug.medicinalproduct.exact%3A%22ZOPICLONE%22%29+AND+patient.reaction.reactionmeddrapt.exact%3A%22DIZZINESS%22&limit=1,2026-09-20T01:55:29.565672+00:00,1834,40505,475932,19500261,1.855180679652225,0.6179820927459581,1.7702162885567845,1.9442230739842667,False,False,True
zopiclone,Vertigo,C4,221,42339,58684,20018532,0,NA,all roles; target-specific suspect not inferred,ALL; marginal table only,ALL; marginal table only,ALL; marginal table only,2004-01-01 through 2025-12-31 receivedate,ALL; marginal table only,openFDA FAERS report documents,https://api.fda.gov/drug/event.json?search=receivedate%3A%5B20040101+TO+20251231%5D+AND+%28patient.drug.openfda.generic_name.exact%3A%22ZOPICLONE%22+OR+patient.drug.medicinalproduct.exact%3A%22ZOPICLONE%22%29+AND+patient.reaction.reactionmeddrapt.exact%3A%22VERTIGO%22&limit=1,2026-09-20T01:55:30.617597+00:00,221,42118,58463,19917730,1.7876532266116563,0.5809037130935213,1.5659072291587586,2.0408003738075027,False,False,True
zopiclone,Muscular weakness,C5,682,42339,109349,20018532,0,NA,all roles; target-specific suspect not inferred,ALL; marginal table only,ALL; marginal table only,ALL; marginal table only,2004-01-01 through 2025-12-31 receivedate,ALL; marginal table only,openFDA FAERS report documents,https://api.fda.gov/drug/event.json?search=receivedate%3A%5B20040101+TO+20251231%5D+AND+%28patient.drug.openfda.generic_name.exact%3A%22ZOPICLONE%22+OR+patient.drug.medicinalproduct.exact%3A%22ZOPICLONE%22%29+AND+patient.reaction.reactionmeddrapt.exact%3A%22MUSCULAR+WEAKNESS%22&limit=1,2026-09-20T01:55:33.854814+00:00,682,41657,108667,19867526,2.993246593184581,1.096358615448155,2.77447054528304,3.22927384572291,False,False,True
zopiclone,Hypotonia,C5,60,42339,9684,20018532,0,NA,all roles; target-specific suspect not inferred,ALL; marginal table only,ALL; marginal table only,ALL; marginal table only,2004-01-01 through 2025-12-31 receivedate,ALL; marginal table only,openFDA FAERS report documents,https://api.fda.gov/drug/event.json?search=receivedate%3A%5B20040101+TO+20251231%5D+AND+%28patient.drug.openfda.generic_name.exact%3A%22ZOPICLONE%22+OR+patient.drug.medicinalproduct.exact%3A%22ZOPICLONE%22%29+AND+patient.reaction.reactionmeddrapt.exact%3A%22HYPOTONIA%22&limit=1,2026-09-20T01:55:36.161946+00:00,60,42279,9624,19966569,2.944247891588709,1.079853399627762,2.283824947520825,3.795648023082782,False,False,True
zopiclone,Amnesia,C6,622,42339,63053,20018532,0,NA,all roles; target-specific suspect not inferred,ALL; marginal table only,ALL; marginal table only,ALL; marginal table only,2004-01-01 through 2025-12-31 receivedate,ALL; marginal table only,openFDA FAERS report documents,https://api.fda.gov/drug/event.json?search=receivedate%3A%5B20040101+TO+20251231%5D+AND+%28patient.drug.openfda.generic_name.exact%3A%22ZOPICLONE%22+OR+patient.drug.medicinalproduct.exact%3A%22ZOPICLONE%22%29+AND+patient.reaction.reactionmeddrapt.exact%3A%22AMNESIA%22&limit=1,2026-09-20T01:55:38.669591+00:00,622,41717,62431,19913762,4.7558739578700875,1.5593804767679575,4.392150883484578,5.149717690299904,False,False,True
zopiclone,Memory impairment,C6,800,42339,132715,20018532,0,NA,all roles; target-specific suspect not inferred,ALL; marginal table only,ALL; marginal table only,ALL; marginal table only,2004-01-01 through 2025-12-31 receivedate,ALL; marginal table only,openFDA FAERS report documents,https://api.fda.gov/drug/event.json?search=receivedate%3A%5B20040101+TO+20251231%5D+AND+%28patient.drug.openfda.generic_name.exact%3A%22ZOPICLONE%22+OR+patient.drug.medicinalproduct.exact%3A%22ZOPICLONE%22%29+AND+patient.reaction.reactionmeddrapt.exact%3A%22MEMORY+IMPAIRMENT%22&limit=1,2026-09-20T01:55:39.733634+00:00,800,41539,131915,19844278,2.8971772779050453,1.0637369105307855,2.7008516167223027,3.107773906437566,False,False,True
zopiclone,Cognitive disorder,C6,319,42339,44588,20018532,0,NA,all roles; target-specific suspect not inferred,ALL; marginal table only,ALL; marginal table only,ALL; marginal table only,2004-01-01 through 2025-12-31 receivedate,ALL; marginal table only,openFDA FAERS report documents,https://api.fda.gov/drug/event.json?search=receivedate%3A%5B20040101+TO+20251231%5D+AND+%28patient.drug.openfda.generic_name.exact%3A%22ZOPICLONE%22+OR+patient.drug.medicinalproduct.exact%3A%22ZOPICLONE%22%29+AND+patient.reaction.reactionmeddrapt.exact%3A%22COGNITIVE+DISORDER%22&limit=1,2026-09-20T01:55:40.574286+00:00,319,42020,44269,19931924,3.418095132104665,1.229083416987372,3.060366438914944,3.8176390198096533,False,False,True
zaleplon,Ataxia,C1,1,1544,11464,20018532,1544,NA,all roles; target-specific suspect not inferred,ALL; marginal table only,ALL; marginal table only,ALL; marginal table only,2004-01-01 through 2025-12-31 receivedate,ALL; marginal table only,openFDA FAERS report documents,https://api.fda.gov/drug/event.json?search=receivedate%3A%5B20040101+TO+20251231%5D+AND+%28patient.drug.openfda.generic_name.exact%3A%22ZALEPLON%22+OR+patient.drug.medicinalproduct.exact%3A%22ZALEPLON%22%29+AND+patient.reaction.reactionmeddrapt.exact%3A%22ATAXIA%22&limit=1,2026-09-20T01:55:41.333094+00:00,1,1543,11463,20005525,1.1310602361261615,0.12315545489008883,0.1592046049402814,8.035554362423373,False,True,True
zaleplon,Balance disorder,C1,16,1544,83538,20018532,1544,NA,all roles; target-specific suspect not inferred,ALL; marginal table only,ALL; marginal table only,ALL; marginal table only,2004-01-01 through 2025-12-31 receivedate,ALL; marginal table only,openFDA FAERS report documents,https://api.fda.gov/drug/event.json?search=receivedate%3A%5B20040101+TO+20251231%5D+AND+%28patient.drug.openfda.generic_name.exact%3A%22ZALEPLON%22+OR+patient.drug.medicinalproduct.exact%3A%22ZALEPLON%22%29+AND+patient.reaction.reactionmeddrapt.exact%3A%22BALANCE+DISORDER%22&limit=1,2026-09-20T01:55:49.127443+00:00,16,1528,83522,19933466,2.499070815715103,0.9159189890724022,1.5270126976248868,4.089916836757786,False,False,True
zaleplon,Coordination abnormal,C1,2,1544,13648,20018532,1544,NA,all roles; target-specific suspect not inferred,ALL; marginal table only,ALL; marginal table only,ALL; marginal table only,2004-01-01 through 2025-12-31 receivedate,ALL; marginal table only,openFDA FAERS report documents,https://api.fda.gov/drug/event.json?search=receivedate%3A%5B20040101+TO+20251231%5D+AND+%28patient.drug.openfda.generic_name.exact%3A%22ZALEPLON%22+OR+patient.drug.medicinalproduct.exact%3A%22ZALEPLON%22%29+AND+patient.reaction.reactionmeddrapt.exact%3A%22COORDINATION+ABNORMAL%22&limit=1,2026-09-20T01:55:51.612604+00:00,2,1542,13646,20003342,1.9012657082466753,0.6425198266199175,0.47501470247255123,7.609893492851652,False,True,True
zaleplon,Gait disturbance,C1,27,1544,185496,20018532,1544,NA,all roles; target-specific suspect not inferred,ALL; marginal table only,ALL; marginal table only,ALL; marginal table only,2004-01-01 through 2025-12-31 receivedate,ALL; marginal table only,openFDA FAERS report documents,https://api.fda.gov/drug/event.json?search=receivedate%3A%5B20040101+TO+20251231%5D+AND+%28patient.drug.openfda.generic_name.exact%3A%22ZALEPLON%22+OR+patient.drug.medicinalproduct.exact%3A%22ZALEPLON%22%29+AND+patient.reaction.reactionmeddrapt.exact%3A%22GAIT+DISTURBANCE%22&limit=1,2026-09-20T01:55:52.814757+00:00,27,1517,185469,19831519,1.903105364133564,0.6434869541662476,1.300716593756334,2.7844728393404554,False,False,True
zaleplon,Fall,C2,79,1544,319310,20018532,1544,NA,all roles; target-specific suspect not inferred,ALL; marginal table only,ALL; marginal table only,ALL; marginal table only,2004-01-01 through 2025-12-31 receivedate,ALL; marginal table only,openFDA FAERS report documents,https://api.fda.gov/drug/event.json?search=receivedate%3A%5B20040101+TO+20251231%5D+AND+%28patient.drug.openfda.generic_name.exact%3A%22ZALEPLON%22+OR+patient.drug.medicinalproduct.exact%3A%22ZALEPLON%22%29+AND+patient.reaction.reactionmeddrapt.exact%3A%22FALL%22&limit=1,2026-09-20T01:55:55.552363+00:00,79,1465,319231,19697757,3.327370667413287,1.2021824027371029,2.653210840214817,4.172829158750893,False,False,True
zaleplon,Somnolence,C3,46,1544,193065,20018532,1544,NA,all roles; target-specific suspect not inferred,ALL; marginal table only,ALL; marginal table only,ALL; marginal table only,2004-01-01 through 2025-12-31 receivedate,ALL; marginal table only,openFDA FAERS report documents,https://api.fda.gov/drug/event.json?search=receivedate%3A%5B20040101+TO+20251231%5D+AND+%28patient.drug.openfda.generic_name.exact%3A%22ZALEPLON%22+OR+patient.drug.medicinalproduct.exact%3A%22ZALEPLON%22%29+AND+patient.reaction.reactionmeddrapt.exact%3A%22SOMNOLENCE%22&limit=1,2026-09-20T01:55:57.710907+00:00,46,1498,193019,19823969,3.153817560009576,1.1486136428632445,2.3518204156728486,4.229304727325056,False,False,True
zaleplon,Sedation,C3,13,1544,24810,20018532,1544,NA,all roles; target-specific suspect not inferred,ALL; marginal table only,ALL; marginal table only,ALL; marginal table only,2004-01-01 through 2025-12-31 receivedate,ALL; marginal table only,openFDA FAERS report documents,https://api.fda.gov/drug/event.json?search=receivedate%3A%5B20040101+TO+20251231%5D+AND+%28patient.drug.openfda.generic_name.exact%3A%22ZALEPLON%22+OR+patient.drug.medicinalproduct.exact%3A%22ZALEPLON%22%29+AND+patient.reaction.reactionmeddrapt.exact%3A%22SEDATION%22&limit=1,2026-09-20T01:56:00.860580+00:00,13,1531,24797,19992191,6.845882043578578,1.9236473099827194,3.965357502554753,11.818884154681456,False,False,True
zaleplon,Dizziness,C4,59,1544,477766,20018532,1544,NA,all roles; target-specific suspect not inferred,ALL; marginal table only,ALL; marginal table only,ALL; marginal table only,2004-01-01 through 2025-12-31 receivedate,ALL; marginal table only,openFDA FAERS report documents,https://api.fda.gov/drug/event.json?search=receivedate%3A%5B20040101+TO+20251231%5D+AND+%28patient.drug.openfda.generic_name.exact%3A%22ZALEPLON%22+OR+patient.drug.medicinalproduct.exact%3A%22ZALEPLON%22%29+AND+patient.reaction.reactionmeddrapt.exact%3A%22DIZZINESS%22&limit=1,2026-09-20T01:56:02.938938+00:00,59,1485,477707,19539281,1.6250717155217187,0.485551947436635,1.252756326613033,2.1080381112331374,False,False,True
zaleplon,Vertigo,C4,10,1544,58684,20018532,1544,NA,all roles; target-specific suspect not inferred,ALL; marginal table only,ALL; marginal table only,ALL; marginal table only,2004-01-01 through 2025-12-31 receivedate,ALL; marginal table only,openFDA FAERS report documents,https://api.fda.gov/drug/event.json?search=receivedate%3A%5B20040101+TO+20251231%5D+AND+%28patient.drug.openfda.generic_name.exact%3A%22ZALEPLON%22+OR+patient.drug.medicinalproduct.exact%3A%22ZALEPLON%22%29+AND+patient.reaction.reactionmeddrapt.exact%3A%22VERTIGO%22&limit=1,2026-09-20T01:56:04.972282+00:00,10,1534,58674,19958314,2.2174446844138584,0.7963554898685299,1.1906261219523546,4.12981106140391,False,False,True
zaleplon,Muscular weakness,C5,11,1544,109349,20018532,1544,NA,all roles; target-specific suspect not inferred,ALL; marginal table only,ALL; marginal table only,ALL; marginal table only,2004-01-01 through 2025-12-31 receivedate,ALL; marginal table only,openFDA FAERS report documents,https://api.fda.gov/drug/event.json?search=receivedate%3A%5B20040101+TO+20251231%5D+AND+%28patient.drug.openfda.generic_name.exact%3A%22ZALEPLON%22+OR+patient.drug.medicinalproduct.exact%3A%22ZALEPLON%22%29+AND+patient.reaction.reactionmeddrapt.exact%3A%22MUSCULAR+WEAKNESS%22&limit=1,2026-09-20T01:56:09.056761+00:00,11,1533,109338,19907650,1.3064698792091325,0.26732875114647214,0.721964222925141,2.364194084805372,False,False,True
zaleplon,Hypotonia,C5,0,1544,9684,20018532,1544,NA,all roles; target-specific suspect not inferred,ALL; marginal table only,ALL; marginal table only,ALL; marginal table only,2004-01-01 through 2025-12-31 receivedate,ALL; marginal table only,openFDA FAERS report documents,https://api.fda.gov/drug/event.json?search=receivedate%3A%5B20040101+TO+20251231%5D+AND+%28patient.drug.openfda.generic_name.exact%3A%22ZALEPLON%22+OR+patient.drug.medicinalproduct.exact%3A%22ZALEPLON%22%29+AND+patient.reaction.reactionmeddrapt.exact%3A%22HYPOTONIA%22&limit=1,2026-09-20T01:56:10.979538+00:00,0,1544,9684,20007304,0.6687956968547388,-0.4022766513610243,0.04180850716639123,10.698484936361913,True,True,True
zaleplon,Amnesia,C6,7,1544,63053,20018532,1544,NA,all roles; target-specific suspect not inferred,ALL; marginal table only,ALL; marginal table only,ALL; marginal table only,2004-01-01 through 2025-12-31 receivedate,ALL; marginal table only,openFDA FAERS report documents,https://api.fda.gov/drug/event.json?search=receivedate%3A%5B20040101+TO+20251231%5D+AND+%28patient.drug.openfda.generic_name.exact%3A%22ZALEPLON%22+OR+patient.drug.medicinalproduct.exact%3A%22ZALEPLON%22%29+AND+patient.reaction.reactionmeddrapt.exact%3A%22AMNESIA%22&limit=1,2026-09-20T01:56:14.654062+00:00,7,1537,63046,19953942,1.4414359202896112,0.3656397836150749,0.685986881526405,3.0288298045553543,False,False,True
zaleplon,Memory impairment,C6,22,1544,132715,20018532,1544,NA,all roles; target-specific suspect not inferred,ALL; marginal table only,ALL; marginal table only,ALL; marginal table only,2004-01-01 through 2025-12-31 receivedate,ALL; marginal table only,openFDA FAERS report documents,https://api.fda.gov/drug/event.json?search=receivedate%3A%5B20040101+TO+20251231%5D+AND+%28patient.drug.openfda.generic_name.exact%3A%22ZALEPLON%22+OR+patient.drug.medicinalproduct.exact%3A%22ZALEPLON%22%29+AND+patient.reaction.reactionmeddrapt.exact%3A%22MEMORY+IMPAIRMENT%22&limit=1,2026-09-20T01:56:16.748222+00:00,22,1522,132693,19884295,2.166058656355493,0.772909228708663,1.4218970472618615,3.2996834136532978,False,False,True
zaleplon,Cognitive disorder,C6,1,1544,44588,20018532,1544,NA,all roles; target-specific suspect not inferred,ALL; marginal table only,ALL; marginal table only,ALL; marginal table only,2004-01-01 through 2025-12-31 receivedate,ALL; marginal table only,openFDA FAERS report documents,https://api.fda.gov/drug/event.json?search=receivedate%3A%5B20040101+TO+20251231%5D+AND+%28patient.drug.openfda.generic_name.exact%3A%22ZALEPLON%22+OR+patient.drug.medicinalproduct.exact%3A%22ZALEPLON%22%29+AND+patient.reaction.reactionmeddrapt.exact%3A%22COGNITIVE+DISORDER%22&limit=1,2026-09-20T01:56:21.655676+00:00,1,1543,44587,19972401,0.2903060581596716,-1.2368195395517603,0.04086519384956167,2.062332255524358,False,True,True
