drug_id,receptor,seed,pose_rank,pose_id,interaction_type,residue_chain,residue_number,residue_name,raw_attributes,xml_relative,xml_sha256
brotizolam,alpha1,2026091901,1,2026091901:1,hydrophobic_interaction,C,77,PHE,"{""dist"": ""3.58"", ""id"": ""1"", ""ligcarbonidx"": ""27543"", ""ligcoo"": """", ""protcarbonidx"": ""5955"", ""protcoo"": """", ""reschain"": ""C"", ""reschain_lig"": ""Z"", ""resnr"": ""77"", ""resnr_lig"": ""1"", ""restype"": ""PHE"", ""restype_lig"": ""LIG""}",brotizolam/alpha1/2026091901/pose_01/report.xml,7d6729629d11db76432fcbe9e32fb4bdbb1d1d474f730940599194d6698ac531
brotizolam,alpha1,2026091901,1,2026091901:1,hydrophobic_interaction,D,100,PHE,"{""dist"": ""3.81"", ""id"": ""2"", ""ligcarbonidx"": ""27549"", ""ligcoo"": """", ""protcarbonidx"": ""8992"", ""protcoo"": """", ""reschain"": ""D"", ""reschain_lig"": ""Z"", ""resnr"": ""100"", ""resnr_lig"": ""1"", ""restype"": ""PHE"", ""restype_lig"": ""LIG""}",brotizolam/alpha1/2026091901/pose_01/report.xml,7d6729629d11db76432fcbe9e32fb4bdbb1d1d474f730940599194d6698ac531
brotizolam,alpha1,2026091901,1,2026091901:1,hydrophobic_interaction,D,160,TYR,"{""dist"": ""3.42"", ""id"": ""3"", ""ligcarbonidx"": ""27550"", ""ligcoo"": """", ""protcarbonidx"": ""9467"", ""protcoo"": """", ""reschain"": ""D"", ""reschain_lig"": ""Z"", ""resnr"": ""160"", ""resnr_lig"": ""1"", ""restype"": ""TYR"", ""restype_lig"": ""LIG""}",brotizolam/alpha1/2026091901/pose_01/report.xml,7d6729629d11db76432fcbe9e32fb4bdbb1d1d474f730940599194d6698ac531
brotizolam,alpha1,2026091901,1,2026091901:1,hydrophobic_interaction,D,210,TYR,"{""dist"": ""4.00"", ""id"": ""4"", ""ligcarbonidx"": ""27548"", ""ligcoo"": """", ""protcarbonidx"": ""9857"", ""protcoo"": """", ""reschain"": ""D"", ""reschain_lig"": ""Z"", ""resnr"": ""210"", ""resnr_lig"": ""1"", ""restype"": ""TYR"", ""restype_lig"": ""LIG""}",brotizolam/alpha1/2026091901/pose_01/report.xml,7d6729629d11db76432fcbe9e32fb4bdbb1d1d474f730940599194d6698ac531
brotizolam,alpha1,2026091901,1,2026091901:1,hydrogen_bond,D,205,SER,"{""acceptoridx"": ""27536"", ""acceptortype"": ""Nar"", ""dist_d-a"": ""3.31"", ""dist_h-a"": ""2.39"", ""don_angle"": ""157.91"", ""donoridx"": ""9826"", ""donortype"": ""O3"", ""id"": ""1"", ""ligcoo"": """", ""protcoo"": """", ""protisdon"": ""True"", ""reschain"": ""D"", ""reschain_lig"": ""Z"", ""resnr"": ""205"", ""resnr_lig"": ""1"", ""restype"": ""SER"", ""restype_lig"": ""LIG"", ""sidechain"": ""True""}",brotizolam/alpha1/2026091901/pose_01/report.xml,7d6729629d11db76432fcbe9e32fb4bdbb1d1d474f730940599194d6698ac531
brotizolam,alpha1,2026091901,1,2026091901:1,hydrogen_bond,D,206,SER,"{""acceptoridx"": ""27536"", ""acceptortype"": ""Nar"", ""dist_d-a"": ""4.09"", ""dist_h-a"": ""3.35"", ""don_angle"": ""133.91"", ""donoridx"": ""9827"", ""donortype"": ""Nam"", ""id"": ""2"", ""ligcoo"": """", ""protcoo"": """", ""protisdon"": ""True"", ""reschain"": ""D"", ""reschain_lig"": ""Z"", ""resnr"": ""206"", ""resnr_lig"": ""1"", ""restype"": ""SER"", ""restype_lig"": ""LIG"", ""sidechain"": ""False""}",brotizolam/alpha1/2026091901/pose_01/report.xml,7d6729629d11db76432fcbe9e32fb4bdbb1d1d474f730940599194d6698ac531
brotizolam,alpha1,2026091901,1,2026091901:1,pi_stack,C,58,TYR,"{""angle"": ""9.44"", ""centdist"": ""3.68"", ""id"": ""1"", ""lig_idx_list"": """", ""ligcoo"": """", ""offset"": ""0.72"", ""prot_idx_list"": """", ""protcoo"": """", ""reschain"": ""C"", ""reschain_lig"": ""Z"", ""resnr"": ""58"", ""resnr_lig"": ""1"", ""restype"": ""TYR"", ""restype_lig"": ""LIG"", ""type"": ""P""}",brotizolam/alpha1/2026091901/pose_01/report.xml,7d6729629d11db76432fcbe9e32fb4bdbb1d1d474f730940599194d6698ac531
brotizolam,alpha1,2026091901,1,2026091901:1,pi_stack,D,210,TYR,"{""angle"": ""20.29"", ""centdist"": ""4.24"", ""id"": ""2"", ""lig_idx_list"": """", ""ligcoo"": """", ""offset"": ""1.07"", ""prot_idx_list"": """", ""protcoo"": """", ""reschain"": ""D"", ""reschain_lig"": ""Z"", ""resnr"": ""210"", ""resnr_lig"": ""1"", ""restype"": ""TYR"", ""restype_lig"": ""LIG"", ""type"": ""P""}",brotizolam/alpha1/2026091901/pose_01/report.xml,7d6729629d11db76432fcbe9e32fb4bdbb1d1d474f730940599194d6698ac531
brotizolam,alpha1,2026091901,2,2026091901:2,hydrophobic_interaction,C,77,PHE,"{""dist"": ""3.22"", ""id"": ""1"", ""ligcarbonidx"": ""27543"", ""ligcoo"": """", ""protcarbonidx"": ""5955"", ""protcoo"": """", ""reschain"": ""C"", ""reschain_lig"": ""Z"", ""resnr"": ""77"", ""resnr_lig"": ""1"", ""restype"": ""PHE"", ""restype_lig"": ""LIG""}",brotizolam/alpha1/2026091901/pose_02/report.xml,5ddc56f37b5c01a40b7aec6870cc8c4989a711f9a466a8c0d5fe5369be6eaef2
brotizolam,alpha1,2026091901,2,2026091901:2,hydrophobic_interaction,C,77,PHE,"{""dist"": ""3.80"", ""id"": ""2"", ""ligcarbonidx"": ""27547"", ""ligcoo"": """", ""protcarbonidx"": ""5951"", ""protcoo"": """", ""reschain"": ""C"", ""reschain_lig"": ""Z"", ""resnr"": ""77"", ""resnr_lig"": ""1"", ""restype"": ""PHE"", ""restype_lig"": ""LIG""}",brotizolam/alpha1/2026091901/pose_02/report.xml,5ddc56f37b5c01a40b7aec6870cc8c4989a711f9a466a8c0d5fe5369be6eaef2
brotizolam,alpha1,2026091901,2,2026091901:2,hydrophobic_interaction,D,160,TYR,"{""dist"": ""3.70"", ""id"": ""3"", ""ligcarbonidx"": ""27549"", ""ligcoo"": """", ""protcarbonidx"": ""9467"", ""protcoo"": """", ""reschain"": ""D"", ""reschain_lig"": ""Z"", ""resnr"": ""160"", ""resnr_lig"": ""1"", ""restype"": ""TYR"", ""restype_lig"": ""LIG""}",brotizolam/alpha1/2026091901/pose_02/report.xml,5ddc56f37b5c01a40b7aec6870cc8c4989a711f9a466a8c0d5fe5369be6eaef2
brotizolam,alpha1,2026091901,2,2026091901:2,hydrophobic_interaction,D,160,TYR,"{""dist"": ""3.49"", ""id"": ""4"", ""ligcarbonidx"": ""27548"", ""ligcoo"": """", ""protcarbonidx"": ""9469"", ""protcoo"": """", ""reschain"": ""D"", ""reschain_lig"": ""Z"", ""resnr"": ""160"", ""resnr_lig"": ""1"", ""restype"": ""TYR"", ""restype_lig"": ""LIG""}",brotizolam/alpha1/2026091901/pose_02/report.xml,5ddc56f37b5c01a40b7aec6870cc8c4989a711f9a466a8c0d5fe5369be6eaef2
brotizolam,alpha1,2026091901,2,2026091901:2,hydrophobic_interaction,D,203,VAL,"{""dist"": ""3.48"", ""id"": ""5"", ""ligcarbonidx"": ""27533"", ""ligcoo"": """", ""protcarbonidx"": ""9810"", ""protcoo"": """", ""reschain"": ""D"", ""reschain_lig"": ""Z"", ""resnr"": ""203"", ""resnr_lig"": ""1"", ""restype"": ""VAL"", ""restype_lig"": ""LIG""}",brotizolam/alpha1/2026091901/pose_02/report.xml,5ddc56f37b5c01a40b7aec6870cc8c4989a711f9a466a8c0d5fe5369be6eaef2
brotizolam,alpha1,2026091901,2,2026091901:2,hydrogen_bond,D,205,SER,"{""acceptoridx"": ""27553"", ""acceptortype"": ""N2"", ""dist_d-a"": ""3.06"", ""dist_h-a"": ""2.59"", ""don_angle"": ""110.12"", ""donoridx"": ""9826"", ""donortype"": ""O3"", ""id"": ""1"", ""ligcoo"": """", ""protcoo"": """", ""protisdon"": ""True"", ""reschain"": ""D"", ""reschain_lig"": ""Z"", ""resnr"": ""205"", ""resnr_lig"": ""1"", ""restype"": ""SER"", ""restype_lig"": ""LIG"", ""sidechain"": ""True""}",brotizolam/alpha1/2026091901/pose_02/report.xml,5ddc56f37b5c01a40b7aec6870cc8c4989a711f9a466a8c0d5fe5369be6eaef2
brotizolam,alpha1,2026091901,2,2026091901:2,pi_stack,D,210,TYR,"{""angle"": ""29.24"", ""centdist"": ""4.59"", ""id"": ""1"", ""lig_idx_list"": """", ""ligcoo"": """", ""offset"": ""1.72"", ""prot_idx_list"": """", ""protcoo"": """", ""reschain"": ""D"", ""reschain_lig"": ""Z"", ""resnr"": ""210"", ""resnr_lig"": ""1"", ""restype"": ""TYR"", ""restype_lig"": ""LIG"", ""type"": ""P""}",brotizolam/alpha1/2026091901/pose_02/report.xml,5ddc56f37b5c01a40b7aec6870cc8c4989a711f9a466a8c0d5fe5369be6eaef2
brotizolam,alpha1,2026091901,2,2026091901:2,halogen_bond,D,102,HIS,"{""acc_angle"": ""100.48"", ""acc_idx"": ""9009"", ""acceptortype"": ""O2"", ""dist"": ""3.51"", ""don_angle"": ""171.26"", ""don_idx"": ""27542"", ""donortype"": ""Br"", ""id"": ""1"", ""ligcoo"": """", ""protcoo"": """", ""reschain"": ""D"", ""reschain_lig"": ""Z"", ""resnr"": ""102"", ""resnr_lig"": ""1"", ""restype"": ""HIS"", ""restype_lig"": ""LIG"", ""sidechain"": ""False""}",brotizolam/alpha1/2026091901/pose_02/report.xml,5ddc56f37b5c01a40b7aec6870cc8c4989a711f9a466a8c0d5fe5369be6eaef2
brotizolam,alpha1,2026091901,3,2026091901:3,hydrophobic_interaction,C,77,PHE,"{""dist"": ""3.28"", ""id"": ""1"", ""ligcarbonidx"": ""27547"", ""ligcoo"": """", ""protcarbonidx"": ""5955"", ""protcoo"": """", ""reschain"": ""C"", ""reschain_lig"": ""Z"", ""resnr"": ""77"", ""resnr_lig"": ""1"", ""restype"": ""PHE"", ""restype_lig"": ""LIG""}",brotizolam/alpha1/2026091901/pose_03/report.xml,29b95881bb064ac5d0083aa397dbee02943edcdbf5d848335668e68b6fb9c758
brotizolam,alpha1,2026091901,3,2026091901:3,hydrophobic_interaction,C,77,PHE,"{""dist"": ""3.66"", ""id"": ""2"", ""ligcarbonidx"": ""27533"", ""ligcoo"": """", ""protcarbonidx"": ""5951"", ""protcoo"": """", ""reschain"": ""C"", ""reschain_lig"": ""Z"", ""resnr"": ""77"", ""resnr_lig"": ""1"", ""restype"": ""PHE"", ""restype_lig"": ""LIG""}",brotizolam/alpha1/2026091901/pose_03/report.xml,29b95881bb064ac5d0083aa397dbee02943edcdbf5d848335668e68b6fb9c758
brotizolam,alpha1,2026091901,3,2026091901:3,hydrophobic_interaction,D,102,HIS,"{""dist"": ""3.79"", ""id"": ""3"", ""ligcarbonidx"": ""27548"", ""ligcoo"": """", ""protcarbonidx"": ""9010"", ""protcoo"": """", ""reschain"": ""D"", ""reschain_lig"": ""Z"", ""resnr"": ""102"", ""resnr_lig"": ""1"", ""restype"": ""HIS"", ""restype_lig"": ""LIG""}",brotizolam/alpha1/2026091901/pose_03/report.xml,29b95881bb064ac5d0083aa397dbee02943edcdbf5d848335668e68b6fb9c758
brotizolam,alpha1,2026091901,3,2026091901:3,hydrophobic_interaction,C,142,THR,"{""dist"": ""3.79"", ""id"": ""4"", ""ligcarbonidx"": ""27533"", ""ligcoo"": """", ""protcarbonidx"": ""6514"", ""protcoo"": """", ""reschain"": ""C"", ""reschain_lig"": ""Z"", ""resnr"": ""142"", ""resnr_lig"": ""1"", ""restype"": ""THR"", ""restype_lig"": ""LIG""}",brotizolam/alpha1/2026091901/pose_03/report.xml,29b95881bb064ac5d0083aa397dbee02943edcdbf5d848335668e68b6fb9c758
brotizolam,alpha1,2026091901,3,2026091901:3,hydrophobic_interaction,D,203,VAL,"{""dist"": ""3.73"", ""id"": ""5"", ""ligcarbonidx"": ""27543"", ""ligcoo"": """", ""protcarbonidx"": ""9810"", ""protcoo"": """", ""reschain"": ""D"", ""reschain_lig"": ""Z"", ""resnr"": ""203"", ""resnr_lig"": ""1"", ""restype"": ""VAL"", ""restype_lig"": ""LIG""}",brotizolam/alpha1/2026091901/pose_03/report.xml,29b95881bb064ac5d0083aa397dbee02943edcdbf5d848335668e68b6fb9c758
brotizolam,alpha1,2026091901,3,2026091901:3,hydrogen_bond,D,205,SER,"{""acceptoridx"": ""27536"", ""acceptortype"": ""Nar"", ""dist_d-a"": ""3.28"", ""dist_h-a"": ""2.65"", ""don_angle"": ""122.99"", ""donoridx"": ""9826"", ""donortype"": ""O3"", ""id"": ""1"", ""ligcoo"": """", ""protcoo"": """", ""protisdon"": ""True"", ""reschain"": ""D"", ""reschain_lig"": ""Z"", ""resnr"": ""205"", ""resnr_lig"": ""1"", ""restype"": ""SER"", ""restype_lig"": ""LIG"", ""sidechain"": ""True""}",brotizolam/alpha1/2026091901/pose_03/report.xml,29b95881bb064ac5d0083aa397dbee02943edcdbf5d848335668e68b6fb9c758
brotizolam,alpha1,2026091901,3,2026091901:3,pi_stack,C,77,PHE,"{""angle"": ""28.49"", ""centdist"": ""4.59"", ""id"": ""1"", ""lig_idx_list"": """", ""ligcoo"": """", ""offset"": ""1.68"", ""prot_idx_list"": """", ""protcoo"": """", ""reschain"": ""C"", ""reschain_lig"": ""Z"", ""resnr"": ""77"", ""resnr_lig"": ""1"", ""restype"": ""PHE"", ""restype_lig"": ""LIG"", ""type"": ""P""}",brotizolam/alpha1/2026091901/pose_03/report.xml,29b95881bb064ac5d0083aa397dbee02943edcdbf5d848335668e68b6fb9c758
brotizolam,alpha1,2026091901,4,2026091901:4,hydrophobic_interaction,C,58,TYR,"{""dist"": ""3.79"", ""id"": ""1"", ""ligcarbonidx"": ""27533"", ""ligcoo"": """", ""protcarbonidx"": ""5806"", ""protcoo"": """", ""reschain"": ""C"", ""reschain_lig"": ""Z"", ""resnr"": ""58"", ""resnr_lig"": ""1"", ""restype"": ""TYR"", ""restype_lig"": ""LIG""}",brotizolam/alpha1/2026091901/pose_04/report.xml,07d1fbfd59d5bbdab171ff1e6fe45b354770644cad437b586ba635e29e6c2416
brotizolam,alpha1,2026091901,4,2026091901:4,hydrophobic_interaction,C,58,TYR,"{""dist"": ""3.38"", ""id"": ""2"", ""ligcarbonidx"": ""27548"", ""ligcoo"": """", ""protcarbonidx"": ""5801"", ""protcoo"": """", ""reschain"": ""C"", ""reschain_lig"": ""Z"", ""resnr"": ""58"", ""resnr_lig"": ""1"", ""restype"": ""TYR"", ""restype_lig"": ""LIG""}",brotizolam/alpha1/2026091901/pose_04/report.xml,07d1fbfd59d5bbdab171ff1e6fe45b354770644cad437b586ba635e29e6c2416
brotizolam,alpha1,2026091901,4,2026091901:4,hydrophobic_interaction,C,77,PHE,"{""dist"": ""3.62"", ""id"": ""3"", ""ligcarbonidx"": ""27547"", ""ligcoo"": """", ""protcarbonidx"": ""5950"", ""protcoo"": """", ""reschain"": ""C"", ""reschain_lig"": ""Z"", ""resnr"": ""77"", ""resnr_lig"": ""1"", ""restype"": ""PHE"", ""restype_lig"": ""LIG""}",brotizolam/alpha1/2026091901/pose_04/report.xml,07d1fbfd59d5bbdab171ff1e6fe45b354770644cad437b586ba635e29e6c2416
brotizolam,alpha1,2026091901,4,2026091901:4,hydrophobic_interaction,C,77,PHE,"{""dist"": ""3.41"", ""id"": ""4"", ""ligcarbonidx"": ""27548"", ""ligcoo"": """", ""protcarbonidx"": ""5949"", ""protcoo"": """", ""reschain"": ""C"", ""reschain_lig"": ""Z"", ""resnr"": ""77"", ""resnr_lig"": ""1"", ""restype"": ""PHE"", ""restype_lig"": ""LIG""}",brotizolam/alpha1/2026091901/pose_04/report.xml,07d1fbfd59d5bbdab171ff1e6fe45b354770644cad437b586ba635e29e6c2416
brotizolam,alpha1,2026091901,4,2026091901:4,hydrogen_bond,C,60,ASN,"{""acceptoridx"": ""27535"", ""acceptortype"": ""Nar"", ""dist_d-a"": ""3.36"", ""dist_h-a"": ""2.95"", ""don_angle"": ""106.54"", ""donoridx"": ""5823"", ""donortype"": ""Nam"", ""id"": ""1"", ""ligcoo"": """", ""protcoo"": """", ""protisdon"": ""True"", ""reschain"": ""C"", ""reschain_lig"": ""Z"", ""resnr"": ""60"", ""resnr_lig"": ""1"", ""restype"": ""ASN"", ""restype_lig"": ""LIG"", ""sidechain"": ""True""}",brotizolam/alpha1/2026091901/pose_04/report.xml,07d1fbfd59d5bbdab171ff1e6fe45b354770644cad437b586ba635e29e6c2416
brotizolam,alpha1,2026091901,5,2026091901:5,hydrophobic_interaction,C,58,TYR,"{""dist"": ""3.48"", ""id"": ""1"", ""ligcarbonidx"": ""27547"", ""ligcoo"": """", ""protcarbonidx"": ""5804"", ""protcoo"": """", ""reschain"": ""C"", ""reschain_lig"": ""Z"", ""resnr"": ""58"", ""resnr_lig"": ""1"", ""restype"": ""TYR"", ""restype_lig"": ""LIG""}",brotizolam/alpha1/2026091901/pose_05/report.xml,7473f9b4a55a5a524850d3840d4137e6b6f0abb4c2695660538a1b7b7bf20a51
brotizolam,alpha1,2026091901,5,2026091901:5,hydrophobic_interaction,C,77,PHE,"{""dist"": ""4.00"", ""id"": ""2"", ""ligcarbonidx"": ""27548"", ""ligcoo"": """", ""protcarbonidx"": ""5949"", ""protcoo"": """", ""reschain"": ""C"", ""reschain_lig"": ""Z"", ""resnr"": ""77"", ""resnr_lig"": ""1"", ""restype"": ""PHE"", ""restype_lig"": ""LIG""}",brotizolam/alpha1/2026091901/pose_05/report.xml,7473f9b4a55a5a524850d3840d4137e6b6f0abb4c2695660538a1b7b7bf20a51
brotizolam,alpha1,2026091901,5,2026091901:5,hydrophobic_interaction,D,203,VAL,"{""dist"": ""3.27"", ""id"": ""3"", ""ligcarbonidx"": ""27543"", ""ligcoo"": """", ""protcarbonidx"": ""9810"", ""protcoo"": """", ""reschain"": ""D"", ""reschain_lig"": ""Z"", ""resnr"": ""203"", ""resnr_lig"": ""1"", ""restype"": ""VAL"", ""restype_lig"": ""LIG""}",brotizolam/alpha1/2026091901/pose_05/report.xml,7473f9b4a55a5a524850d3840d4137e6b6f0abb4c2695660538a1b7b7bf20a51
brotizolam,alpha1,2026091901,5,2026091901:5,hydrogen_bond,D,156,LYS,"{""acceptoridx"": ""27535"", ""acceptortype"": ""Nar"", ""dist_d-a"": ""3.94"", ""dist_h-a"": ""3.24"", ""don_angle"": ""127.24"", ""donoridx"": ""9439"", ""donortype"": ""N3"", ""id"": ""1"", ""ligcoo"": """", ""protcoo"": """", ""protisdon"": ""True"", ""reschain"": ""D"", ""reschain_lig"": ""Z"", ""resnr"": ""156"", ""resnr_lig"": ""1"", ""restype"": ""LYS"", ""restype_lig"": ""LIG"", ""sidechain"": ""True""}",brotizolam/alpha1/2026091901/pose_05/report.xml,7473f9b4a55a5a524850d3840d4137e6b6f0abb4c2695660538a1b7b7bf20a51
brotizolam,alpha1,2026091901,5,2026091901:5,pi_stack,C,77,PHE,"{""angle"": ""26.72"", ""centdist"": ""4.10"", ""id"": ""1"", ""lig_idx_list"": """", ""ligcoo"": """", ""offset"": ""0.10"", ""prot_idx_list"": """", ""protcoo"": """", ""reschain"": ""C"", ""reschain_lig"": ""Z"", ""resnr"": ""77"", ""resnr_lig"": ""1"", ""restype"": ""PHE"", ""restype_lig"": ""LIG"", ""type"": ""P""}",brotizolam/alpha1/2026091901/pose_05/report.xml,7473f9b4a55a5a524850d3840d4137e6b6f0abb4c2695660538a1b7b7bf20a51
brotizolam,alpha1,2026091901,6,2026091901:6,hydrophobic_interaction,D,203,VAL,"{""dist"": ""3.68"", ""id"": ""1"", ""ligcarbonidx"": ""27550"", ""ligcoo"": """", ""protcarbonidx"": ""9810"", ""protcoo"": """", ""reschain"": ""D"", ""reschain_lig"": ""Z"", ""resnr"": ""203"", ""resnr_lig"": ""1"", ""restype"": ""VAL"", ""restype_lig"": ""LIG""}",brotizolam/alpha1/2026091901/pose_06/report.xml,de78e39b639966381751c1af0ab7af7e74612369245579ddaf4f251de56cd73e
brotizolam,alpha1,2026091901,7,2026091901:7,hydrophobic_interaction,D,203,VAL,"{""dist"": ""3.43"", ""id"": ""1"", ""ligcarbonidx"": ""27548"", ""ligcoo"": """", ""protcarbonidx"": ""9811"", ""protcoo"": """", ""reschain"": ""D"", ""reschain_lig"": ""Z"", ""resnr"": ""203"", ""resnr_lig"": ""1"", ""restype"": ""VAL"", ""restype_lig"": ""LIG""}",brotizolam/alpha1/2026091901/pose_07/report.xml,bbb390ca62d46b83ac7104129fe083c6f72862a7153f806ea4588470605fa061
brotizolam,alpha1,2026091901,7,2026091901:7,hydrophobic_interaction,D,203,VAL,"{""dist"": ""3.72"", ""id"": ""2"", ""ligcarbonidx"": ""27550"", ""ligcoo"": """", ""protcarbonidx"": ""9810"", ""protcoo"": """", ""reschain"": ""D"", ""reschain_lig"": ""Z"", ""resnr"": ""203"", ""resnr_lig"": ""1"", ""restype"": ""VAL"", ""restype_lig"": ""LIG""}",brotizolam/alpha1/2026091901/pose_07/report.xml,bbb390ca62d46b83ac7104129fe083c6f72862a7153f806ea4588470605fa061
brotizolam,alpha1,2026091901,7,2026091901:7,pi_cation_interaction,D,156,LYS,"{""dist"": ""4.50"", ""id"": ""1"", ""lig_group"": ""Aromatic"", ""lig_idx_list"": """", ""ligcoo"": """", ""offset"": ""1.90"", ""prot_idx_list"": """", ""protcharged"": ""True"", ""protcoo"": """", ""reschain"": ""D"", ""reschain_lig"": ""Z"", ""resnr"": ""156"", ""resnr_lig"": ""1"", ""restype"": ""LYS"", ""restype_lig"": ""LIG""}",brotizolam/alpha1/2026091901/pose_07/report.xml,bbb390ca62d46b83ac7104129fe083c6f72862a7153f806ea4588470605fa061
brotizolam,alpha1,2026091901,8,2026091901:8,hydrophobic_interaction,C,77,PHE,"{""dist"": ""3.47"", ""id"": ""1"", ""ligcarbonidx"": ""27550"", ""ligcoo"": """", ""protcarbonidx"": ""5954"", ""protcoo"": """", ""reschain"": ""C"", ""reschain_lig"": ""Z"", ""resnr"": ""77"", ""resnr_lig"": ""1"", ""restype"": ""PHE"", ""restype_lig"": ""LIG""}",brotizolam/alpha1/2026091901/pose_08/report.xml,8b54577b5fe75722794a7200d41a338a40be2bec252cd7324c47c9e985a032d6
brotizolam,alpha1,2026091901,8,2026091901:8,hydrophobic_interaction,D,203,VAL,"{""dist"": ""3.46"", ""id"": ""2"", ""ligcarbonidx"": ""27543"", ""ligcoo"": """", ""protcarbonidx"": ""9810"", ""protcoo"": """", ""reschain"": ""D"", ""reschain_lig"": ""Z"", ""resnr"": ""203"", ""resnr_lig"": ""1"", ""restype"": ""VAL"", ""restype_lig"": ""LIG""}",brotizolam/alpha1/2026091901/pose_08/report.xml,8b54577b5fe75722794a7200d41a338a40be2bec252cd7324c47c9e985a032d6
brotizolam,alpha1,2026091901,8,2026091901:8,hydrophobic_interaction,D,203,VAL,"{""dist"": ""3.12"", ""id"": ""3"", ""ligcarbonidx"": ""27547"", ""ligcoo"": """", ""protcarbonidx"": ""9810"", ""protcoo"": """", ""reschain"": ""D"", ""reschain_lig"": ""Z"", ""resnr"": ""203"", ""resnr_lig"": ""1"", ""restype"": ""VAL"", ""restype_lig"": ""LIG""}",brotizolam/alpha1/2026091901/pose_08/report.xml,8b54577b5fe75722794a7200d41a338a40be2bec252cd7324c47c9e985a032d6
brotizolam,alpha1,2026091901,8,2026091901:8,hydrogen_bond,D,156,LYS,"{""acceptoridx"": ""27535"", ""acceptortype"": ""Nar"", ""dist_d-a"": ""3.44"", ""dist_h-a"": ""2.52"", ""don_angle"": ""150.05"", ""donoridx"": ""9439"", ""donortype"": ""N3"", ""id"": ""1"", ""ligcoo"": """", ""protcoo"": """", ""protisdon"": ""True"", ""reschain"": ""D"", ""reschain_lig"": ""Z"", ""resnr"": ""156"", ""resnr_lig"": ""1"", ""restype"": ""LYS"", ""restype_lig"": ""LIG"", ""sidechain"": ""True""}",brotizolam/alpha1/2026091901/pose_08/report.xml,8b54577b5fe75722794a7200d41a338a40be2bec252cd7324c47c9e985a032d6
brotizolam,alpha1,2026091901,8,2026091901:8,pi_cation_interaction,D,156,LYS,"{""dist"": ""3.35"", ""id"": ""1"", ""lig_group"": ""Aromatic"", ""lig_idx_list"": """", ""ligcoo"": """", ""offset"": ""1.17"", ""prot_idx_list"": """", ""protcharged"": ""True"", ""protcoo"": """", ""reschain"": ""D"", ""reschain_lig"": ""Z"", ""resnr"": ""156"", ""resnr_lig"": ""1"", ""restype"": ""LYS"", ""restype_lig"": ""LIG""}",brotizolam/alpha1/2026091901/pose_08/report.xml,8b54577b5fe75722794a7200d41a338a40be2bec252cd7324c47c9e985a032d6
brotizolam,alpha1,2026091901,9,2026091901:9,hydrophobic_interaction,D,102,HIS,"{""dist"": ""3.71"", ""id"": ""1"", ""ligcarbonidx"": ""27533"", ""ligcoo"": """", ""protcarbonidx"": ""9010"", ""protcoo"": """", ""reschain"": ""D"", ""reschain_lig"": ""Z"", ""resnr"": ""102"", ""resnr_lig"": ""1"", ""restype"": ""HIS"", ""restype_lig"": ""LIG""}",brotizolam/alpha1/2026091901/pose_09/report.xml,8b70b3d356cd792b3112b81b8a56e3e496a784239b7e0cb9cf540d9078b01efa
brotizolam,alpha1,2026091901,9,2026091901:9,hydrophobic_interaction,D,203,VAL,"{""dist"": ""3.59"", ""id"": ""2"", ""ligcarbonidx"": ""27547"", ""ligcoo"": """", ""protcarbonidx"": ""9810"", ""protcoo"": """", ""reschain"": ""D"", ""reschain_lig"": ""Z"", ""resnr"": ""203"", ""resnr_lig"": ""1"", ""restype"": ""VAL"", ""restype_lig"": ""LIG""}",brotizolam/alpha1/2026091901/pose_09/report.xml,8b70b3d356cd792b3112b81b8a56e3e496a784239b7e0cb9cf540d9078b01efa
brotizolam,alpha1,2026091901,9,2026091901:9,hydrogen_bond,D,156,LYS,"{""acceptoridx"": ""27535"", ""acceptortype"": ""Nar"", ""dist_d-a"": ""3.97"", ""dist_h-a"": ""3.17"", ""don_angle"": ""135.75"", ""donoridx"": ""9439"", ""donortype"": ""N3"", ""id"": ""1"", ""ligcoo"": """", ""protcoo"": """", ""protisdon"": ""True"", ""reschain"": ""D"", ""reschain_lig"": ""Z"", ""resnr"": ""156"", ""resnr_lig"": ""1"", ""restype"": ""LYS"", ""restype_lig"": ""LIG"", ""sidechain"": ""True""}",brotizolam/alpha1/2026091901/pose_09/report.xml,8b70b3d356cd792b3112b81b8a56e3e496a784239b7e0cb9cf540d9078b01efa
brotizolam,alpha1,2026091901,9,2026091901:9,pi_stack,C,58,TYR,"{""angle"": ""28.82"", ""centdist"": ""4.71"", ""id"": ""1"", ""lig_idx_list"": """", ""ligcoo"": """", ""offset"": ""1.87"", ""prot_idx_list"": """", ""protcoo"": """", ""reschain"": ""C"", ""reschain_lig"": ""Z"", ""resnr"": ""58"", ""resnr_lig"": ""1"", ""restype"": ""TYR"", ""restype_lig"": ""LIG"", ""type"": ""P""}",brotizolam/alpha1/2026091901/pose_09/report.xml,8b70b3d356cd792b3112b81b8a56e3e496a784239b7e0cb9cf540d9078b01efa
brotizolam,alpha1,2026091902,1,2026091902:1,hydrophobic_interaction,C,77,PHE,"{""dist"": ""3.60"", ""id"": ""1"", ""ligcarbonidx"": ""27543"", ""ligcoo"": """", ""protcarbonidx"": ""5955"", ""protcoo"": """", ""reschain"": ""C"", ""reschain_lig"": ""Z"", ""resnr"": ""77"", ""resnr_lig"": ""1"", ""restype"": ""PHE"", ""restype_lig"": ""LIG""}",brotizolam/alpha1/2026091902/pose_01/report.xml,af7e4186ac3c439e22d9f4873e21b0caba1d3b2d6159e85c502cfedf318bedd6
brotizolam,alpha1,2026091902,1,2026091902:1,hydrophobic_interaction,D,100,PHE,"{""dist"": ""3.78"", ""id"": ""2"", ""ligcarbonidx"": ""27549"", ""ligcoo"": """", ""protcarbonidx"": ""8994"", ""protcoo"": """", ""reschain"": ""D"", ""reschain_lig"": ""Z"", ""resnr"": ""100"", ""resnr_lig"": ""1"", ""restype"": ""PHE"", ""restype_lig"": ""LIG""}",brotizolam/alpha1/2026091902/pose_01/report.xml,af7e4186ac3c439e22d9f4873e21b0caba1d3b2d6159e85c502cfedf318bedd6
brotizolam,alpha1,2026091902,1,2026091902:1,hydrophobic_interaction,D,160,TYR,"{""dist"": ""3.42"", ""id"": ""3"", ""ligcarbonidx"": ""27550"", ""ligcoo"": """", ""protcarbonidx"": ""9467"", ""protcoo"": """", ""reschain"": ""D"", ""reschain_lig"": ""Z"", ""resnr"": ""160"", ""resnr_lig"": ""1"", ""restype"": ""TYR"", ""restype_lig"": ""LIG""}",brotizolam/alpha1/2026091902/pose_01/report.xml,af7e4186ac3c439e22d9f4873e21b0caba1d3b2d6159e85c502cfedf318bedd6
brotizolam,alpha1,2026091902,1,2026091902:1,hydrophobic_interaction,D,210,TYR,"{""dist"": ""3.97"", ""id"": ""4"", ""ligcarbonidx"": ""27548"", ""ligcoo"": """", ""protcarbonidx"": ""9857"", ""protcoo"": """", ""reschain"": ""D"", ""reschain_lig"": ""Z"", ""resnr"": ""210"", ""resnr_lig"": ""1"", ""restype"": ""TYR"", ""restype_lig"": ""LIG""}",brotizolam/alpha1/2026091902/pose_01/report.xml,af7e4186ac3c439e22d9f4873e21b0caba1d3b2d6159e85c502cfedf318bedd6
brotizolam,alpha1,2026091902,1,2026091902:1,hydrogen_bond,D,205,SER,"{""acceptoridx"": ""27536"", ""acceptortype"": ""Nar"", ""dist_d-a"": ""3.30"", ""dist_h-a"": ""2.38"", ""don_angle"": ""157.25"", ""donoridx"": ""9826"", ""donortype"": ""O3"", ""id"": ""1"", ""ligcoo"": """", ""protcoo"": """", ""protisdon"": ""True"", ""reschain"": ""D"", ""reschain_lig"": ""Z"", ""resnr"": ""205"", ""resnr_lig"": ""1"", ""restype"": ""SER"", ""restype_lig"": ""LIG"", ""sidechain"": ""True""}",brotizolam/alpha1/2026091902/pose_01/report.xml,af7e4186ac3c439e22d9f4873e21b0caba1d3b2d6159e85c502cfedf318bedd6
brotizolam,alpha1,2026091902,1,2026091902:1,hydrogen_bond,D,206,SER,"{""acceptoridx"": ""27536"", ""acceptortype"": ""Nar"", ""dist_d-a"": ""4.08"", ""dist_h-a"": ""3.34"", ""don_angle"": ""133.44"", ""donoridx"": ""9827"", ""donortype"": ""Nam"", ""id"": ""2"", ""ligcoo"": """", ""protcoo"": """", ""protisdon"": ""True"", ""reschain"": ""D"", ""reschain_lig"": ""Z"", ""resnr"": ""206"", ""resnr_lig"": ""1"", ""restype"": ""SER"", ""restype_lig"": ""LIG"", ""sidechain"": ""False""}",brotizolam/alpha1/2026091902/pose_01/report.xml,af7e4186ac3c439e22d9f4873e21b0caba1d3b2d6159e85c502cfedf318bedd6
brotizolam,alpha1,2026091902,1,2026091902:1,pi_stack,C,58,TYR,"{""angle"": ""9.32"", ""centdist"": ""3.70"", ""id"": ""1"", ""lig_idx_list"": """", ""ligcoo"": """", ""offset"": ""0.73"", ""prot_idx_list"": """", ""protcoo"": """", ""reschain"": ""C"", ""reschain_lig"": ""Z"", ""resnr"": ""58"", ""resnr_lig"": ""1"", ""restype"": ""TYR"", ""restype_lig"": ""LIG"", ""type"": ""P""}",brotizolam/alpha1/2026091902/pose_01/report.xml,af7e4186ac3c439e22d9f4873e21b0caba1d3b2d6159e85c502cfedf318bedd6
brotizolam,alpha1,2026091902,1,2026091902:1,pi_stack,D,210,TYR,"{""angle"": ""21.06"", ""centdist"": ""4.25"", ""id"": ""2"", ""lig_idx_list"": """", ""ligcoo"": """", ""offset"": ""1.08"", ""prot_idx_list"": """", ""protcoo"": """", ""reschain"": ""D"", ""reschain_lig"": ""Z"", ""resnr"": ""210"", ""resnr_lig"": ""1"", ""restype"": ""TYR"", ""restype_lig"": ""LIG"", ""type"": ""P""}",brotizolam/alpha1/2026091902/pose_01/report.xml,af7e4186ac3c439e22d9f4873e21b0caba1d3b2d6159e85c502cfedf318bedd6
brotizolam,alpha1,2026091902,2,2026091902:2,hydrophobic_interaction,C,58,TYR,"{""dist"": ""3.43"", ""id"": ""1"", ""ligcarbonidx"": ""27543"", ""ligcoo"": """", ""protcarbonidx"": ""5801"", ""protcoo"": """", ""reschain"": ""C"", ""reschain_lig"": ""Z"", ""resnr"": ""58"", ""resnr_lig"": ""1"", ""restype"": ""TYR"", ""restype_lig"": ""LIG""}",brotizolam/alpha1/2026091902/pose_02/report.xml,9fffc9225dfa8f67d927c2b8738b00c7e3a23abfe79e39d8f5bec032dede7481
brotizolam,alpha1,2026091902,2,2026091902:2,hydrophobic_interaction,D,160,TYR,"{""dist"": ""3.98"", ""id"": ""2"", ""ligcarbonidx"": ""27533"", ""ligcoo"": """", ""protcarbonidx"": ""9469"", ""protcoo"": """", ""reschain"": ""D"", ""reschain_lig"": ""Z"", ""resnr"": ""160"", ""resnr_lig"": ""1"", ""restype"": ""TYR"", ""restype_lig"": ""LIG""}",brotizolam/alpha1/2026091902/pose_02/report.xml,9fffc9225dfa8f67d927c2b8738b00c7e3a23abfe79e39d8f5bec032dede7481
brotizolam,alpha1,2026091902,2,2026091902:2,hydrophobic_interaction,D,210,TYR,"{""dist"": ""3.85"", ""id"": ""3"", ""ligcarbonidx"": ""27533"", ""ligcoo"": """", ""protcarbonidx"": ""9862"", ""protcoo"": """", ""reschain"": ""D"", ""reschain_lig"": ""Z"", ""resnr"": ""210"", ""resnr_lig"": ""1"", ""restype"": ""TYR"", ""restype_lig"": ""LIG""}",brotizolam/alpha1/2026091902/pose_02/report.xml,9fffc9225dfa8f67d927c2b8738b00c7e3a23abfe79e39d8f5bec032dede7481
brotizolam,alpha1,2026091902,2,2026091902:2,pi_stack,C,58,TYR,"{""angle"": ""13.50"", ""centdist"": ""3.81"", ""id"": ""1"", ""lig_idx_list"": """", ""ligcoo"": """", ""offset"": ""1.02"", ""prot_idx_list"": """", ""protcoo"": """", ""reschain"": ""C"", ""reschain_lig"": ""Z"", ""resnr"": ""58"", ""resnr_lig"": ""1"", ""restype"": ""TYR"", ""restype_lig"": ""LIG"", ""type"": ""P""}",brotizolam/alpha1/2026091902/pose_02/report.xml,9fffc9225dfa8f67d927c2b8738b00c7e3a23abfe79e39d8f5bec032dede7481
brotizolam,alpha1,2026091902,2,2026091902:2,pi_stack,C,77,PHE,"{""angle"": ""22.20"", ""centdist"": ""4.41"", ""id"": ""2"", ""lig_idx_list"": """", ""ligcoo"": """", ""offset"": ""1.27"", ""prot_idx_list"": """", ""protcoo"": """", ""reschain"": ""C"", ""reschain_lig"": ""Z"", ""resnr"": ""77"", ""resnr_lig"": ""1"", ""restype"": ""PHE"", ""restype_lig"": ""LIG"", ""type"": ""P""}",brotizolam/alpha1/2026091902/pose_02/report.xml,9fffc9225dfa8f67d927c2b8738b00c7e3a23abfe79e39d8f5bec032dede7481
brotizolam,alpha1,2026091902,2,2026091902:2,pi_stack,D,210,TYR,"{""angle"": ""26.07"", ""centdist"": ""5.14"", ""id"": ""3"", ""lig_idx_list"": """", ""ligcoo"": """", ""offset"": ""1.80"", ""prot_idx_list"": """", ""protcoo"": """", ""reschain"": ""D"", ""reschain_lig"": ""Z"", ""resnr"": ""210"", ""resnr_lig"": ""1"", ""restype"": ""TYR"", ""restype_lig"": ""LIG"", ""type"": ""P""}",brotizolam/alpha1/2026091902/pose_02/report.xml,9fffc9225dfa8f67d927c2b8738b00c7e3a23abfe79e39d8f5bec032dede7481
brotizolam,alpha1,2026091902,3,2026091902:3,hydrophobic_interaction,C,58,TYR,"{""dist"": ""3.79"", ""id"": ""1"", ""ligcarbonidx"": ""27533"", ""ligcoo"": """", ""protcarbonidx"": ""5806"", ""protcoo"": """", ""reschain"": ""C"", ""reschain_lig"": ""Z"", ""resnr"": ""58"", ""resnr_lig"": ""1"", ""restype"": ""TYR"", ""restype_lig"": ""LIG""}",brotizolam/alpha1/2026091902/pose_03/report.xml,8d97e2f6ab68763add3438edf44d86fa5449889d464cfb5363104d4106675a6b
brotizolam,alpha1,2026091902,3,2026091902:3,hydrophobic_interaction,C,58,TYR,"{""dist"": ""3.38"", ""id"": ""2"", ""ligcarbonidx"": ""27548"", ""ligcoo"": """", ""protcarbonidx"": ""5801"", ""protcoo"": """", ""reschain"": ""C"", ""reschain_lig"": ""Z"", ""resnr"": ""58"", ""resnr_lig"": ""1"", ""restype"": ""TYR"", ""restype_lig"": ""LIG""}",brotizolam/alpha1/2026091902/pose_03/report.xml,8d97e2f6ab68763add3438edf44d86fa5449889d464cfb5363104d4106675a6b
brotizolam,alpha1,2026091902,3,2026091902:3,hydrophobic_interaction,C,77,PHE,"{""dist"": ""3.62"", ""id"": ""3"", ""ligcarbonidx"": ""27547"", ""ligcoo"": """", ""protcarbonidx"": ""5950"", ""protcoo"": """", ""reschain"": ""C"", ""reschain_lig"": ""Z"", ""resnr"": ""77"", ""resnr_lig"": ""1"", ""restype"": ""PHE"", ""restype_lig"": ""LIG""}",brotizolam/alpha1/2026091902/pose_03/report.xml,8d97e2f6ab68763add3438edf44d86fa5449889d464cfb5363104d4106675a6b
brotizolam,alpha1,2026091902,3,2026091902:3,hydrophobic_interaction,C,77,PHE,"{""dist"": ""3.41"", ""id"": ""4"", ""ligcarbonidx"": ""27548"", ""ligcoo"": """", ""protcarbonidx"": ""5949"", ""protcoo"": """", ""reschain"": ""C"", ""reschain_lig"": ""Z"", ""resnr"": ""77"", ""resnr_lig"": ""1"", ""restype"": ""PHE"", ""restype_lig"": ""LIG""}",brotizolam/alpha1/2026091902/pose_03/report.xml,8d97e2f6ab68763add3438edf44d86fa5449889d464cfb5363104d4106675a6b
brotizolam,alpha1,2026091902,3,2026091902:3,hydrogen_bond,C,60,ASN,"{""acceptoridx"": ""27535"", ""acceptortype"": ""Nar"", ""dist_d-a"": ""3.38"", ""dist_h-a"": ""2.96"", ""don_angle"": ""106.82"", ""donoridx"": ""5823"", ""donortype"": ""Nam"", ""id"": ""1"", ""ligcoo"": """", ""protcoo"": """", ""protisdon"": ""True"", ""reschain"": ""C"", ""reschain_lig"": ""Z"", ""resnr"": ""60"", ""resnr_lig"": ""1"", ""restype"": ""ASN"", ""restype_lig"": ""LIG"", ""sidechain"": ""True""}",brotizolam/alpha1/2026091902/pose_03/report.xml,8d97e2f6ab68763add3438edf44d86fa5449889d464cfb5363104d4106675a6b
brotizolam,alpha1,2026091902,4,2026091902:4,hydrophobic_interaction,C,58,TYR,"{""dist"": ""3.54"", ""id"": ""1"", ""ligcarbonidx"": ""27550"", ""ligcoo"": """", ""protcarbonidx"": ""5803"", ""protcoo"": """", ""reschain"": ""C"", ""reschain_lig"": ""Z"", ""resnr"": ""58"", ""resnr_lig"": ""1"", ""restype"": ""TYR"", ""restype_lig"": ""LIG""}",brotizolam/alpha1/2026091902/pose_04/report.xml,93c5b460e7facfb70175b6ae9f852b038d76d98e9b2d7244cac61c8a6bd0c16a
brotizolam,alpha1,2026091902,4,2026091902:4,hydrophobic_interaction,C,58,TYR,"{""dist"": ""3.55"", ""id"": ""2"", ""ligcarbonidx"": ""27547"", ""ligcoo"": """", ""protcarbonidx"": ""5801"", ""protcoo"": """", ""reschain"": ""C"", ""reschain_lig"": ""Z"", ""resnr"": ""58"", ""resnr_lig"": ""1"", ""restype"": ""TYR"", ""restype_lig"": ""LIG""}",brotizolam/alpha1/2026091902/pose_04/report.xml,93c5b460e7facfb70175b6ae9f852b038d76d98e9b2d7244cac61c8a6bd0c16a
brotizolam,alpha1,2026091902,4,2026091902:4,hydrophobic_interaction,C,77,PHE,"{""dist"": ""3.89"", ""id"": ""3"", ""ligcarbonidx"": ""27544"", ""ligcoo"": """", ""protcarbonidx"": ""5951"", ""protcoo"": """", ""reschain"": ""C"", ""reschain_lig"": ""Z"", ""resnr"": ""77"", ""resnr_lig"": ""1"", ""restype"": ""PHE"", ""restype_lig"": ""LIG""}",brotizolam/alpha1/2026091902/pose_04/report.xml,93c5b460e7facfb70175b6ae9f852b038d76d98e9b2d7244cac61c8a6bd0c16a
brotizolam,alpha1,2026091902,4,2026091902:4,hydrophobic_interaction,C,77,PHE,"{""dist"": ""3.64"", ""id"": ""4"", ""ligcarbonidx"": ""27547"", ""ligcoo"": """", ""protcarbonidx"": ""5949"", ""protcoo"": """", ""reschain"": ""C"", ""reschain_lig"": ""Z"", ""resnr"": ""77"", ""resnr_lig"": ""1"", ""restype"": ""PHE"", ""restype_lig"": ""LIG""}",brotizolam/alpha1/2026091902/pose_04/report.xml,93c5b460e7facfb70175b6ae9f852b038d76d98e9b2d7244cac61c8a6bd0c16a
brotizolam,alpha1,2026091902,4,2026091902:4,hydrophobic_interaction,D,203,VAL,"{""dist"": ""3.88"", ""id"": ""5"", ""ligcarbonidx"": ""27533"", ""ligcoo"": """", ""protcarbonidx"": ""9810"", ""protcoo"": """", ""reschain"": ""D"", ""reschain_lig"": ""Z"", ""resnr"": ""203"", ""resnr_lig"": ""1"", ""restype"": ""VAL"", ""restype_lig"": ""LIG""}",brotizolam/alpha1/2026091902/pose_04/report.xml,93c5b460e7facfb70175b6ae9f852b038d76d98e9b2d7244cac61c8a6bd0c16a
brotizolam,alpha1,2026091902,4,2026091902:4,hydrophobic_interaction,D,210,TYR,"{""dist"": ""3.25"", ""id"": ""6"", ""ligcarbonidx"": ""27533"", ""ligcoo"": """", ""protcarbonidx"": ""9860"", ""protcoo"": """", ""reschain"": ""D"", ""reschain_lig"": ""Z"", ""resnr"": ""210"", ""resnr_lig"": ""1"", ""restype"": ""TYR"", ""restype_lig"": ""LIG""}",brotizolam/alpha1/2026091902/pose_04/report.xml,93c5b460e7facfb70175b6ae9f852b038d76d98e9b2d7244cac61c8a6bd0c16a
brotizolam,alpha1,2026091902,5,2026091902:5,hydrophobic_interaction,D,203,VAL,"{""dist"": ""3.68"", ""id"": ""1"", ""ligcarbonidx"": ""27550"", ""ligcoo"": """", ""protcarbonidx"": ""9810"", ""protcoo"": """", ""reschain"": ""D"", ""reschain_lig"": ""Z"", ""resnr"": ""203"", ""resnr_lig"": ""1"", ""restype"": ""VAL"", ""restype_lig"": ""LIG""}",brotizolam/alpha1/2026091902/pose_05/report.xml,fa0a24f60717ffdac24f0d83d4ee0d0fe3c20a1d2a2c357d02f3c49d7d2a3c78
brotizolam,alpha1,2026091902,6,2026091902:6,hydrophobic_interaction,C,77,PHE,"{""dist"": ""3.59"", ""id"": ""1"", ""ligcarbonidx"": ""27550"", ""ligcoo"": """", ""protcarbonidx"": ""5953"", ""protcoo"": """", ""reschain"": ""C"", ""reschain_lig"": ""Z"", ""resnr"": ""77"", ""resnr_lig"": ""1"", ""restype"": ""PHE"", ""restype_lig"": ""LIG""}",brotizolam/alpha1/2026091902/pose_06/report.xml,83157a2d48a4748209f92a3a1378f05657d8c675569bd85db25902e0734cbac2
brotizolam,alpha1,2026091902,6,2026091902:6,hydrophobic_interaction,D,203,VAL,"{""dist"": ""3.54"", ""id"": ""2"", ""ligcarbonidx"": ""27533"", ""ligcoo"": """", ""protcarbonidx"": ""9811"", ""protcoo"": """", ""reschain"": ""D"", ""reschain_lig"": ""Z"", ""resnr"": ""203"", ""resnr_lig"": ""1"", ""restype"": ""VAL"", ""restype_lig"": ""LIG""}",brotizolam/alpha1/2026091902/pose_06/report.xml,83157a2d48a4748209f92a3a1378f05657d8c675569bd85db25902e0734cbac2
brotizolam,alpha1,2026091902,6,2026091902:6,hydrophobic_interaction,D,203,VAL,"{""dist"": ""3.52"", ""id"": ""3"", ""ligcarbonidx"": ""27547"", ""ligcoo"": """", ""protcarbonidx"": ""9810"", ""protcoo"": """", ""reschain"": ""D"", ""reschain_lig"": ""Z"", ""resnr"": ""203"", ""resnr_lig"": ""1"", ""restype"": ""VAL"", ""restype_lig"": ""LIG""}",brotizolam/alpha1/2026091902/pose_06/report.xml,83157a2d48a4748209f92a3a1378f05657d8c675569bd85db25902e0734cbac2
brotizolam,alpha1,2026091902,6,2026091902:6,halogen_bond,D,102,HIS,"{""acc_angle"": ""94.29"", ""acc_idx"": ""9009"", ""acceptortype"": ""O2"", ""dist"": ""3.91"", ""don_angle"": ""141.52"", ""don_idx"": ""27542"", ""donortype"": ""Br"", ""id"": ""1"", ""ligcoo"": """", ""protcoo"": """", ""reschain"": ""D"", ""reschain_lig"": ""Z"", ""resnr"": ""102"", ""resnr_lig"": ""1"", ""restype"": ""HIS"", ""restype_lig"": ""LIG"", ""sidechain"": ""False""}",brotizolam/alpha1/2026091902/pose_06/report.xml,83157a2d48a4748209f92a3a1378f05657d8c675569bd85db25902e0734cbac2
brotizolam,alpha1,2026091902,7,2026091902:7,hydrophobic_interaction,C,58,TYR,"{""dist"": ""3.83"", ""id"": ""1"", ""ligcarbonidx"": ""27533"", ""ligcoo"": """", ""protcarbonidx"": ""5805"", ""protcoo"": """", ""reschain"": ""C"", ""reschain_lig"": ""Z"", ""resnr"": ""58"", ""resnr_lig"": ""1"", ""restype"": ""TYR"", ""restype_lig"": ""LIG""}",brotizolam/alpha1/2026091902/pose_07/report.xml,ec3037328f60dcbbb96564d62216890f012dcd8ac4a2d8c937594b164e6301d2
brotizolam,alpha1,2026091902,7,2026091902:7,hydrophobic_interaction,D,203,VAL,"{""dist"": ""3.53"", ""id"": ""2"", ""ligcarbonidx"": ""27544"", ""ligcoo"": """", ""protcarbonidx"": ""9810"", ""protcoo"": """", ""reschain"": ""D"", ""reschain_lig"": ""Z"", ""resnr"": ""203"", ""resnr_lig"": ""1"", ""restype"": ""VAL"", ""restype_lig"": ""LIG""}",brotizolam/alpha1/2026091902/pose_07/report.xml,ec3037328f60dcbbb96564d62216890f012dcd8ac4a2d8c937594b164e6301d2
brotizolam,alpha1,2026091902,7,2026091902:7,pi_cation_interaction,D,156,LYS,"{""dist"": ""3.96"", ""id"": ""1"", ""lig_group"": ""Aromatic"", ""lig_idx_list"": """", ""ligcoo"": """", ""offset"": ""1.49"", ""prot_idx_list"": """", ""protcharged"": ""True"", ""protcoo"": """", ""reschain"": ""D"", ""reschain_lig"": ""Z"", ""resnr"": ""156"", ""resnr_lig"": ""1"", ""restype"": ""LYS"", ""restype_lig"": ""LIG""}",brotizolam/alpha1/2026091902/pose_07/report.xml,ec3037328f60dcbbb96564d62216890f012dcd8ac4a2d8c937594b164e6301d2
brotizolam,alpha1,2026091902,8,2026091902:8,hydrophobic_interaction,C,77,PHE,"{""dist"": ""3.61"", ""id"": ""1"", ""ligcarbonidx"": ""27549"", ""ligcoo"": """", ""protcarbonidx"": ""5955"", ""protcoo"": """", ""reschain"": ""C"", ""reschain_lig"": ""Z"", ""resnr"": ""77"", ""resnr_lig"": ""1"", ""restype"": ""PHE"", ""restype_lig"": ""LIG""}",brotizolam/alpha1/2026091902/pose_08/report.xml,047d403424deeb3c51df44180f0cb14ffd6651fb33087d455441c18b4b5c8066
brotizolam,alpha1,2026091902,8,2026091902:8,hydrophobic_interaction,D,102,HIS,"{""dist"": ""3.97"", ""id"": ""2"", ""ligcarbonidx"": ""27550"", ""ligcoo"": """", ""protcarbonidx"": ""9010"", ""protcoo"": """", ""reschain"": ""D"", ""reschain_lig"": ""Z"", ""resnr"": ""102"", ""resnr_lig"": ""1"", ""restype"": ""HIS"", ""restype_lig"": ""LIG""}",brotizolam/alpha1/2026091902/pose_08/report.xml,047d403424deeb3c51df44180f0cb14ffd6651fb33087d455441c18b4b5c8066
brotizolam,alpha1,2026091902,8,2026091902:8,hydrophobic_interaction,D,203,VAL,"{""dist"": ""3.85"", ""id"": ""3"", ""ligcarbonidx"": ""27543"", ""ligcoo"": """", ""protcarbonidx"": ""9811"", ""protcoo"": """", ""reschain"": ""D"", ""reschain_lig"": ""Z"", ""resnr"": ""203"", ""resnr_lig"": ""1"", ""restype"": ""VAL"", ""restype_lig"": ""LIG""}",brotizolam/alpha1/2026091902/pose_08/report.xml,047d403424deeb3c51df44180f0cb14ffd6651fb33087d455441c18b4b5c8066
brotizolam,alpha1,2026091902,8,2026091902:8,hydrophobic_interaction,D,203,VAL,"{""dist"": ""3.92"", ""id"": ""4"", ""ligcarbonidx"": ""27547"", ""ligcoo"": """", ""protcarbonidx"": ""9810"", ""protcoo"": """", ""reschain"": ""D"", ""reschain_lig"": ""Z"", ""resnr"": ""203"", ""resnr_lig"": ""1"", ""restype"": ""VAL"", ""restype_lig"": ""LIG""}",brotizolam/alpha1/2026091902/pose_08/report.xml,047d403424deeb3c51df44180f0cb14ffd6651fb33087d455441c18b4b5c8066
brotizolam,alpha1,2026091902,8,2026091902:8,hydrogen_bond,C,58,TYR,"{""acceptoridx"": ""27535"", ""acceptortype"": ""Nar"", ""dist_d-a"": ""4.05"", ""dist_h-a"": ""3.43"", ""don_angle"": ""125.60"", ""donoridx"": ""5808"", ""donortype"": ""O2"", ""id"": ""1"", ""ligcoo"": """", ""protcoo"": """", ""protisdon"": ""True"", ""reschain"": ""C"", ""reschain_lig"": ""Z"", ""resnr"": ""58"", ""resnr_lig"": ""1"", ""restype"": ""TYR"", ""restype_lig"": ""LIG"", ""sidechain"": ""True""}",brotizolam/alpha1/2026091902/pose_08/report.xml,047d403424deeb3c51df44180f0cb14ffd6651fb33087d455441c18b4b5c8066
brotizolam,alpha1,2026091902,9,2026091902:9,hydrophobic_interaction,D,102,HIS,"{""dist"": ""3.62"", ""id"": ""1"", ""ligcarbonidx"": ""27548"", ""ligcoo"": """", ""protcarbonidx"": ""9010"", ""protcoo"": """", ""reschain"": ""D"", ""reschain_lig"": ""Z"", ""resnr"": ""102"", ""resnr_lig"": ""1"", ""restype"": ""HIS"", ""restype_lig"": ""LIG""}",brotizolam/alpha1/2026091902/pose_09/report.xml,4d337d51ad3eaffab7f0f7e13eaaece65188b06f132e55896715adfe05529d1e
brotizolam,alpha1,2026091902,9,2026091902:9,hydrophobic_interaction,D,156,LYS,"{""dist"": ""3.69"", ""id"": ""2"", ""ligcarbonidx"": ""27547"", ""ligcoo"": """", ""protcarbonidx"": ""9437"", ""protcoo"": """", ""reschain"": ""D"", ""reschain_lig"": ""Z"", ""resnr"": ""156"", ""resnr_lig"": ""1"", ""restype"": ""LYS"", ""restype_lig"": ""LIG""}",brotizolam/alpha1/2026091902/pose_09/report.xml,4d337d51ad3eaffab7f0f7e13eaaece65188b06f132e55896715adfe05529d1e
brotizolam,alpha1,2026091902,9,2026091902:9,pi_cation_interaction,D,156,LYS,"{""dist"": ""3.82"", ""id"": ""1"", ""lig_group"": ""Aromatic"", ""lig_idx_list"": """", ""ligcoo"": """", ""offset"": ""1.68"", ""prot_idx_list"": """", ""protcharged"": ""True"", ""protcoo"": """", ""reschain"": ""D"", ""reschain_lig"": ""Z"", ""resnr"": ""156"", ""resnr_lig"": ""1"", ""restype"": ""LYS"", ""restype_lig"": ""LIG""}",brotizolam/alpha1/2026091902/pose_09/report.xml,4d337d51ad3eaffab7f0f7e13eaaece65188b06f132e55896715adfe05529d1e
brotizolam,alpha1,2026091902,9,2026091902:9,halogen_bond,C,192,ASP,"{""acc_angle"": ""97.02"", ""acc_idx"": ""6928"", ""acceptortype"": ""O2"", ""dist"": ""3.76"", ""don_angle"": ""160.19"", ""don_idx"": ""27552"", ""donortype"": ""Cl"", ""id"": ""1"", ""ligcoo"": """", ""protcoo"": """", ""reschain"": ""C"", ""reschain_lig"": ""Z"", ""resnr"": ""192"", ""resnr_lig"": ""1"", ""restype"": ""ASP"", ""restype_lig"": ""LIG"", ""sidechain"": ""True""}",brotizolam/alpha1/2026091902/pose_09/report.xml,4d337d51ad3eaffab7f0f7e13eaaece65188b06f132e55896715adfe05529d1e
brotizolam,alpha1,2026091903,1,2026091903:1,hydrophobic_interaction,C,77,PHE,"{""dist"": ""3.59"", ""id"": ""1"", ""ligcarbonidx"": ""27543"", ""ligcoo"": """", ""protcarbonidx"": ""5955"", ""protcoo"": """", ""reschain"": ""C"", ""reschain_lig"": ""Z"", ""resnr"": ""77"", ""resnr_lig"": ""1"", ""restype"": ""PHE"", ""restype_lig"": ""LIG""}",brotizolam/alpha1/2026091903/pose_01/report.xml,b81f8c221e5ec8c25d1ca7b174e9ac24261c60d912a2e771e4099e388f84d8e9
brotizolam,alpha1,2026091903,1,2026091903:1,hydrophobic_interaction,D,100,PHE,"{""dist"": ""3.80"", ""id"": ""2"", ""ligcarbonidx"": ""27549"", ""ligcoo"": """", ""protcarbonidx"": ""8994"", ""protcoo"": """", ""reschain"": ""D"", ""reschain_lig"": ""Z"", ""resnr"": ""100"", ""resnr_lig"": ""1"", ""restype"": ""PHE"", ""restype_lig"": ""LIG""}",brotizolam/alpha1/2026091903/pose_01/report.xml,b81f8c221e5ec8c25d1ca7b174e9ac24261c60d912a2e771e4099e388f84d8e9
brotizolam,alpha1,2026091903,1,2026091903:1,hydrophobic_interaction,D,160,TYR,"{""dist"": ""3.44"", ""id"": ""3"", ""ligcarbonidx"": ""27550"", ""ligcoo"": """", ""protcarbonidx"": ""9467"", ""protcoo"": """", ""reschain"": ""D"", ""reschain_lig"": ""Z"", ""resnr"": ""160"", ""resnr_lig"": ""1"", ""restype"": ""TYR"", ""restype_lig"": ""LIG""}",brotizolam/alpha1/2026091903/pose_01/report.xml,b81f8c221e5ec8c25d1ca7b174e9ac24261c60d912a2e771e4099e388f84d8e9
brotizolam,alpha1,2026091903,1,2026091903:1,hydrophobic_interaction,D,210,TYR,"{""dist"": ""4.00"", ""id"": ""4"", ""ligcarbonidx"": ""27548"", ""ligcoo"": """", ""protcarbonidx"": ""9857"", ""protcoo"": """", ""reschain"": ""D"", ""reschain_lig"": ""Z"", ""resnr"": ""210"", ""resnr_lig"": ""1"", ""restype"": ""TYR"", ""restype_lig"": ""LIG""}",brotizolam/alpha1/2026091903/pose_01/report.xml,b81f8c221e5ec8c25d1ca7b174e9ac24261c60d912a2e771e4099e388f84d8e9
brotizolam,alpha1,2026091903,1,2026091903:1,hydrogen_bond,D,205,SER,"{""acceptoridx"": ""27536"", ""acceptortype"": ""Nar"", ""dist_d-a"": ""3.30"", ""dist_h-a"": ""2.39"", ""don_angle"": ""156.99"", ""donoridx"": ""9826"", ""donortype"": ""O3"", ""id"": ""1"", ""ligcoo"": """", ""protcoo"": """", ""protisdon"": ""True"", ""reschain"": ""D"", ""reschain_lig"": ""Z"", ""resnr"": ""205"", ""resnr_lig"": ""1"", ""restype"": ""SER"", ""restype_lig"": ""LIG"", ""sidechain"": ""True""}",brotizolam/alpha1/2026091903/pose_01/report.xml,b81f8c221e5ec8c25d1ca7b174e9ac24261c60d912a2e771e4099e388f84d8e9
brotizolam,alpha1,2026091903,1,2026091903:1,hydrogen_bond,D,206,SER,"{""acceptoridx"": ""27536"", ""acceptortype"": ""Nar"", ""dist_d-a"": ""4.06"", ""dist_h-a"": ""3.32"", ""don_angle"": ""133.08"", ""donoridx"": ""9827"", ""donortype"": ""Nam"", ""id"": ""2"", ""ligcoo"": """", ""protcoo"": """", ""protisdon"": ""True"", ""reschain"": ""D"", ""reschain_lig"": ""Z"", ""resnr"": ""206"", ""resnr_lig"": ""1"", ""restype"": ""SER"", ""restype_lig"": ""LIG"", ""sidechain"": ""False""}",brotizolam/alpha1/2026091903/pose_01/report.xml,b81f8c221e5ec8c25d1ca7b174e9ac24261c60d912a2e771e4099e388f84d8e9
brotizolam,alpha1,2026091903,1,2026091903:1,pi_stack,C,58,TYR,"{""angle"": ""9.14"", ""centdist"": ""3.71"", ""id"": ""1"", ""lig_idx_list"": """", ""ligcoo"": """", ""offset"": ""0.75"", ""prot_idx_list"": """", ""protcoo"": """", ""reschain"": ""C"", ""reschain_lig"": ""Z"", ""resnr"": ""58"", ""resnr_lig"": ""1"", ""restype"": ""TYR"", ""restype_lig"": ""LIG"", ""type"": ""P""}",brotizolam/alpha1/2026091903/pose_01/report.xml,b81f8c221e5ec8c25d1ca7b174e9ac24261c60d912a2e771e4099e388f84d8e9
brotizolam,alpha1,2026091903,1,2026091903:1,pi_stack,D,210,TYR,"{""angle"": ""20.21"", ""centdist"": ""4.25"", ""id"": ""2"", ""lig_idx_list"": """", ""ligcoo"": """", ""offset"": ""1.10"", ""prot_idx_list"": """", ""protcoo"": """", ""reschain"": ""D"", ""reschain_lig"": ""Z"", ""resnr"": ""210"", ""resnr_lig"": ""1"", ""restype"": ""TYR"", ""restype_lig"": ""LIG"", ""type"": ""P""}",brotizolam/alpha1/2026091903/pose_01/report.xml,b81f8c221e5ec8c25d1ca7b174e9ac24261c60d912a2e771e4099e388f84d8e9
brotizolam,alpha1,2026091903,2,2026091903:2,hydrophobic_interaction,C,77,PHE,"{""dist"": ""3.58"", ""id"": ""1"", ""ligcarbonidx"": ""27543"", ""ligcoo"": """", ""protcarbonidx"": ""5955"", ""protcoo"": """", ""reschain"": ""C"", ""reschain_lig"": ""Z"", ""resnr"": ""77"", ""resnr_lig"": ""1"", ""restype"": ""PHE"", ""restype_lig"": ""LIG""}",brotizolam/alpha1/2026091903/pose_02/report.xml,320c32bf70117a2bc9cd2a04be979f67c00c4a807ee24d09fc7bcb6eae56f70d
brotizolam,alpha1,2026091903,2,2026091903:2,hydrophobic_interaction,C,77,PHE,"{""dist"": ""3.60"", ""id"": ""2"", ""ligcarbonidx"": ""27547"", ""ligcoo"": """", ""protcarbonidx"": ""5951"", ""protcoo"": """", ""reschain"": ""C"", ""reschain_lig"": ""Z"", ""resnr"": ""77"", ""resnr_lig"": ""1"", ""restype"": ""PHE"", ""restype_lig"": ""LIG""}",brotizolam/alpha1/2026091903/pose_02/report.xml,320c32bf70117a2bc9cd2a04be979f67c00c4a807ee24d09fc7bcb6eae56f70d
brotizolam,alpha1,2026091903,2,2026091903:2,hydrophobic_interaction,D,100,PHE,"{""dist"": ""3.93"", ""id"": ""3"", ""ligcarbonidx"": ""27549"", ""ligcoo"": """", ""protcarbonidx"": ""8994"", ""protcoo"": """", ""reschain"": ""D"", ""reschain_lig"": ""Z"", ""resnr"": ""100"", ""resnr_lig"": ""1"", ""restype"": ""PHE"", ""restype_lig"": ""LIG""}",brotizolam/alpha1/2026091903/pose_02/report.xml,320c32bf70117a2bc9cd2a04be979f67c00c4a807ee24d09fc7bcb6eae56f70d
brotizolam,alpha1,2026091903,2,2026091903:2,hydrophobic_interaction,D,160,TYR,"{""dist"": ""3.56"", ""id"": ""4"", ""ligcarbonidx"": ""27549"", ""ligcoo"": """", ""protcarbonidx"": ""9467"", ""protcoo"": """", ""reschain"": ""D"", ""reschain_lig"": ""Z"", ""resnr"": ""160"", ""resnr_lig"": ""1"", ""restype"": ""TYR"", ""restype_lig"": ""LIG""}",brotizolam/alpha1/2026091903/pose_02/report.xml,320c32bf70117a2bc9cd2a04be979f67c00c4a807ee24d09fc7bcb6eae56f70d
brotizolam,alpha1,2026091903,2,2026091903:2,hydrophobic_interaction,D,160,TYR,"{""dist"": ""3.12"", ""id"": ""5"", ""ligcarbonidx"": ""27548"", ""ligcoo"": """", ""protcarbonidx"": ""9469"", ""protcoo"": """", ""reschain"": ""D"", ""reschain_lig"": ""Z"", ""resnr"": ""160"", ""resnr_lig"": ""1"", ""restype"": ""TYR"", ""restype_lig"": ""LIG""}",brotizolam/alpha1/2026091903/pose_02/report.xml,320c32bf70117a2bc9cd2a04be979f67c00c4a807ee24d09fc7bcb6eae56f70d
brotizolam,alpha1,2026091903,2,2026091903:2,hydrophobic_interaction,D,203,VAL,"{""dist"": ""3.87"", ""id"": ""6"", ""ligcarbonidx"": ""27533"", ""ligcoo"": """", ""protcarbonidx"": ""9810"", ""protcoo"": """", ""reschain"": ""D"", ""reschain_lig"": ""Z"", ""resnr"": ""203"", ""resnr_lig"": ""1"", ""restype"": ""VAL"", ""restype_lig"": ""LIG""}",brotizolam/alpha1/2026091903/pose_02/report.xml,320c32bf70117a2bc9cd2a04be979f67c00c4a807ee24d09fc7bcb6eae56f70d
brotizolam,alpha1,2026091903,2,2026091903:2,hydrophobic_interaction,D,210,TYR,"{""dist"": ""3.55"", ""id"": ""7"", ""ligcarbonidx"": ""27550"", ""ligcoo"": """", ""protcarbonidx"": ""9860"", ""protcoo"": """", ""reschain"": ""D"", ""reschain_lig"": ""Z"", ""resnr"": ""210"", ""resnr_lig"": ""1"", ""restype"": ""TYR"", ""restype_lig"": ""LIG""}",brotizolam/alpha1/2026091903/pose_02/report.xml,320c32bf70117a2bc9cd2a04be979f67c00c4a807ee24d09fc7bcb6eae56f70d
brotizolam,alpha1,2026091903,2,2026091903:2,hydrogen_bond,D,205,SER,"{""acceptoridx"": ""27536"", ""acceptortype"": ""Nar"", ""dist_d-a"": ""3.69"", ""dist_h-a"": ""2.82"", ""don_angle"": ""150.18"", ""donoridx"": ""9826"", ""donortype"": ""O3"", ""id"": ""1"", ""ligcoo"": """", ""protcoo"": """", ""protisdon"": ""True"", ""reschain"": ""D"", ""reschain_lig"": ""Z"", ""resnr"": ""205"", ""resnr_lig"": ""1"", ""restype"": ""SER"", ""restype_lig"": ""LIG"", ""sidechain"": ""True""}",brotizolam/alpha1/2026091903/pose_02/report.xml,320c32bf70117a2bc9cd2a04be979f67c00c4a807ee24d09fc7bcb6eae56f70d
brotizolam,alpha1,2026091903,2,2026091903:2,pi_stack,C,58,TYR,"{""angle"": ""4.95"", ""centdist"": ""3.85"", ""id"": ""1"", ""lig_idx_list"": """", ""ligcoo"": """", ""offset"": ""1.52"", ""prot_idx_list"": """", ""protcoo"": """", ""reschain"": ""C"", ""reschain_lig"": ""Z"", ""resnr"": ""58"", ""resnr_lig"": ""1"", ""restype"": ""TYR"", ""restype_lig"": ""LIG"", ""type"": ""P""}",brotizolam/alpha1/2026091903/pose_02/report.xml,320c32bf70117a2bc9cd2a04be979f67c00c4a807ee24d09fc7bcb6eae56f70d
brotizolam,alpha1,2026091903,2,2026091903:2,halogen_bond,D,203,VAL,"{""acc_angle"": ""99.55"", ""acc_idx"": ""9808"", ""acceptortype"": ""O2"", ""dist"": ""3.91"", ""don_angle"": ""149.43"", ""don_idx"": ""27552"", ""donortype"": ""Cl"", ""id"": ""1"", ""ligcoo"": """", ""protcoo"": """", ""reschain"": ""D"", ""reschain_lig"": ""Z"", ""resnr"": ""203"", ""resnr_lig"": ""1"", ""restype"": ""VAL"", ""restype_lig"": ""LIG"", ""sidechain"": ""False""}",brotizolam/alpha1/2026091903/pose_02/report.xml,320c32bf70117a2bc9cd2a04be979f67c00c4a807ee24d09fc7bcb6eae56f70d
brotizolam,alpha1,2026091903,3,2026091903:3,hydrophobic_interaction,C,77,PHE,"{""dist"": ""3.39"", ""id"": ""1"", ""ligcarbonidx"": ""27543"", ""ligcoo"": """", ""protcarbonidx"": ""5955"", ""protcoo"": """", ""reschain"": ""C"", ""reschain_lig"": ""Z"", ""resnr"": ""77"", ""resnr_lig"": ""1"", ""restype"": ""PHE"", ""restype_lig"": ""LIG""}",brotizolam/alpha1/2026091903/pose_03/report.xml,af533b82a045eb051ec4740c63a6e8ae36b8355ee7303e3609f1ffecfe71c50c
brotizolam,alpha1,2026091903,3,2026091903:3,hydrophobic_interaction,D,210,TYR,"{""dist"": ""3.87"", ""id"": ""2"", ""ligcarbonidx"": ""27548"", ""ligcoo"": """", ""protcarbonidx"": ""9857"", ""protcoo"": """", ""reschain"": ""D"", ""reschain_lig"": ""Z"", ""resnr"": ""210"", ""resnr_lig"": ""1"", ""restype"": ""TYR"", ""restype_lig"": ""LIG""}",brotizolam/alpha1/2026091903/pose_03/report.xml,af533b82a045eb051ec4740c63a6e8ae36b8355ee7303e3609f1ffecfe71c50c
brotizolam,alpha1,2026091903,3,2026091903:3,hydrogen_bond,D,205,SER,"{""acceptoridx"": ""27553"", ""acceptortype"": ""N2"", ""dist_d-a"": ""3.34"", ""dist_h-a"": ""2.88"", ""don_angle"": ""109.64"", ""donoridx"": ""9826"", ""donortype"": ""O3"", ""id"": ""1"", ""ligcoo"": """", ""protcoo"": """", ""protisdon"": ""True"", ""reschain"": ""D"", ""reschain_lig"": ""Z"", ""resnr"": ""205"", ""resnr_lig"": ""1"", ""restype"": ""SER"", ""restype_lig"": ""LIG"", ""sidechain"": ""True""}",brotizolam/alpha1/2026091903/pose_03/report.xml,af533b82a045eb051ec4740c63a6e8ae36b8355ee7303e3609f1ffecfe71c50c
brotizolam,alpha1,2026091903,3,2026091903:3,pi_stack,D,210,TYR,"{""angle"": ""20.21"", ""centdist"": ""4.31"", ""id"": ""1"", ""lig_idx_list"": """", ""ligcoo"": """", ""offset"": ""1.75"", ""prot_idx_list"": """", ""protcoo"": """", ""reschain"": ""D"", ""reschain_lig"": ""Z"", ""resnr"": ""210"", ""resnr_lig"": ""1"", ""restype"": ""TYR"", ""restype_lig"": ""LIG"", ""type"": ""P""}",brotizolam/alpha1/2026091903/pose_03/report.xml,af533b82a045eb051ec4740c63a6e8ae36b8355ee7303e3609f1ffecfe71c50c
brotizolam,alpha1,2026091903,3,2026091903:3,halogen_bond,D,102,HIS,"{""acc_angle"": ""102.94"", ""acc_idx"": ""9009"", ""acceptortype"": ""O2"", ""dist"": ""3.33"", ""don_angle"": ""170.34"", ""don_idx"": ""27542"", ""donortype"": ""Br"", ""id"": ""1"", ""ligcoo"": """", ""protcoo"": """", ""reschain"": ""D"", ""reschain_lig"": ""Z"", ""resnr"": ""102"", ""resnr_lig"": ""1"", ""restype"": ""HIS"", ""restype_lig"": ""LIG"", ""sidechain"": ""False""}",brotizolam/alpha1/2026091903/pose_03/report.xml,af533b82a045eb051ec4740c63a6e8ae36b8355ee7303e3609f1ffecfe71c50c
brotizolam,alpha1,2026091903,4,2026091903:4,hydrophobic_interaction,C,58,TYR,"{""dist"": ""3.49"", ""id"": ""1"", ""ligcarbonidx"": ""27547"", ""ligcoo"": """", ""protcarbonidx"": ""5806"", ""protcoo"": """", ""reschain"": ""C"", ""reschain_lig"": ""Z"", ""resnr"": ""58"", ""resnr_lig"": ""1"", ""restype"": ""TYR"", ""restype_lig"": ""LIG""}",brotizolam/alpha1/2026091903/pose_04/report.xml,0b80dece960e95bfe95bda6fe1fc0d478a41473fb6069093bb820120c44fbb5b
brotizolam,alpha1,2026091903,4,2026091903:4,hydrophobic_interaction,C,58,TYR,"{""dist"": ""3.50"", ""id"": ""2"", ""ligcarbonidx"": ""27548"", ""ligcoo"": """", ""protcarbonidx"": ""5804"", ""protcoo"": """", ""reschain"": ""C"", ""reschain_lig"": ""Z"", ""resnr"": ""58"", ""resnr_lig"": ""1"", ""restype"": ""TYR"", ""restype_lig"": ""LIG""}",brotizolam/alpha1/2026091903/pose_04/report.xml,0b80dece960e95bfe95bda6fe1fc0d478a41473fb6069093bb820120c44fbb5b
brotizolam,alpha1,2026091903,4,2026091903:4,hydrophobic_interaction,D,203,VAL,"{""dist"": ""3.23"", ""id"": ""3"", ""ligcarbonidx"": ""27543"", ""ligcoo"": """", ""protcarbonidx"": ""9810"", ""protcoo"": """", ""reschain"": ""D"", ""reschain_lig"": ""Z"", ""resnr"": ""203"", ""resnr_lig"": ""1"", ""restype"": ""VAL"", ""restype_lig"": ""LIG""}",brotizolam/alpha1/2026091903/pose_04/report.xml,0b80dece960e95bfe95bda6fe1fc0d478a41473fb6069093bb820120c44fbb5b
brotizolam,alpha1,2026091903,4,2026091903:4,hydrogen_bond,D,156,LYS,"{""acceptoridx"": ""27535"", ""acceptortype"": ""Nar"", ""dist_d-a"": ""3.98"", ""dist_h-a"": ""3.24"", ""don_angle"": ""130.91"", ""donoridx"": ""9439"", ""donortype"": ""N3"", ""id"": ""1"", ""ligcoo"": """", ""protcoo"": """", ""protisdon"": ""True"", ""reschain"": ""D"", ""reschain_lig"": ""Z"", ""resnr"": ""156"", ""resnr_lig"": ""1"", ""restype"": ""LYS"", ""restype_lig"": ""LIG"", ""sidechain"": ""True""}",brotizolam/alpha1/2026091903/pose_04/report.xml,0b80dece960e95bfe95bda6fe1fc0d478a41473fb6069093bb820120c44fbb5b
brotizolam,alpha1,2026091903,4,2026091903:4,pi_stack,C,77,PHE,"{""angle"": ""24.49"", ""centdist"": ""4.07"", ""id"": ""1"", ""lig_idx_list"": """", ""ligcoo"": """", ""offset"": ""0.23"", ""prot_idx_list"": """", ""protcoo"": """", ""reschain"": ""C"", ""reschain_lig"": ""Z"", ""resnr"": ""77"", ""resnr_lig"": ""1"", ""restype"": ""PHE"", ""restype_lig"": ""LIG"", ""type"": ""P""}",brotizolam/alpha1/2026091903/pose_04/report.xml,0b80dece960e95bfe95bda6fe1fc0d478a41473fb6069093bb820120c44fbb5b
brotizolam,alpha1,2026091903,4,2026091903:4,pi_cation_interaction,D,156,LYS,"{""dist"": ""4.28"", ""id"": ""1"", ""lig_group"": ""Aromatic"", ""lig_idx_list"": """", ""ligcoo"": """", ""offset"": ""1.94"", ""prot_idx_list"": """", ""protcharged"": ""True"", ""protcoo"": """", ""reschain"": ""D"", ""reschain_lig"": ""Z"", ""resnr"": ""156"", ""resnr_lig"": ""1"", ""restype"": ""LYS"", ""restype_lig"": ""LIG""}",brotizolam/alpha1/2026091903/pose_04/report.xml,0b80dece960e95bfe95bda6fe1fc0d478a41473fb6069093bb820120c44fbb5b
brotizolam,alpha1,2026091903,5,2026091903:5,hydrophobic_interaction,D,203,VAL,"{""dist"": ""3.68"", ""id"": ""1"", ""ligcarbonidx"": ""27550"", ""ligcoo"": """", ""protcarbonidx"": ""9810"", ""protcoo"": """", ""reschain"": ""D"", ""reschain_lig"": ""Z"", ""resnr"": ""203"", ""resnr_lig"": ""1"", ""restype"": ""VAL"", ""restype_lig"": ""LIG""}",brotizolam/alpha1/2026091903/pose_05/report.xml,4231b7580854507afccf9e5f746f16154912d5d02d665448557bfc7f002bbd08
brotizolam,alpha1,2026091903,6,2026091903:6,hydrophobic_interaction,C,58,TYR,"{""dist"": ""3.85"", ""id"": ""1"", ""ligcarbonidx"": ""27533"", ""ligcoo"": """", ""protcarbonidx"": ""5805"", ""protcoo"": """", ""reschain"": ""C"", ""reschain_lig"": ""Z"", ""resnr"": ""58"", ""resnr_lig"": ""1"", ""restype"": ""TYR"", ""restype_lig"": ""LIG""}",brotizolam/alpha1/2026091903/pose_06/report.xml,71a0d52472d8e9b8bc5437315344374c411d1037c650d4af791c3baf7cac8de2
brotizolam,alpha1,2026091903,6,2026091903:6,hydrophobic_interaction,D,156,LYS,"{""dist"": ""3.98"", ""id"": ""2"", ""ligcarbonidx"": ""27550"", ""ligcoo"": """", ""protcarbonidx"": ""9437"", ""protcoo"": """", ""reschain"": ""D"", ""reschain_lig"": ""Z"", ""resnr"": ""156"", ""resnr_lig"": ""1"", ""restype"": ""LYS"", ""restype_lig"": ""LIG""}",brotizolam/alpha1/2026091903/pose_06/report.xml,71a0d52472d8e9b8bc5437315344374c411d1037c650d4af791c3baf7cac8de2
brotizolam,alpha1,2026091903,6,2026091903:6,hydrophobic_interaction,D,203,VAL,"{""dist"": ""3.50"", ""id"": ""3"", ""ligcarbonidx"": ""27544"", ""ligcoo"": """", ""protcarbonidx"": ""9810"", ""protcoo"": """", ""reschain"": ""D"", ""reschain_lig"": ""Z"", ""resnr"": ""203"", ""resnr_lig"": ""1"", ""restype"": ""VAL"", ""restype_lig"": ""LIG""}",brotizolam/alpha1/2026091903/pose_06/report.xml,71a0d52472d8e9b8bc5437315344374c411d1037c650d4af791c3baf7cac8de2
brotizolam,alpha1,2026091903,6,2026091903:6,pi_cation_interaction,D,156,LYS,"{""dist"": ""3.93"", ""id"": ""1"", ""lig_group"": ""Aromatic"", ""lig_idx_list"": """", ""ligcoo"": """", ""offset"": ""1.48"", ""prot_idx_list"": """", ""protcharged"": ""True"", ""protcoo"": """", ""reschain"": ""D"", ""reschain_lig"": ""Z"", ""resnr"": ""156"", ""resnr_lig"": ""1"", ""restype"": ""LYS"", ""restype_lig"": ""LIG""}",brotizolam/alpha1/2026091903/pose_06/report.xml,71a0d52472d8e9b8bc5437315344374c411d1037c650d4af791c3baf7cac8de2
brotizolam,alpha1,2026091903,7,2026091903:7,hydrophobic_interaction,D,102,HIS,"{""dist"": ""3.87"", ""id"": ""1"", ""ligcarbonidx"": ""27533"", ""ligcoo"": """", ""protcarbonidx"": ""9010"", ""protcoo"": """", ""reschain"": ""D"", ""reschain_lig"": ""Z"", ""resnr"": ""102"", ""resnr_lig"": ""1"", ""restype"": ""HIS"", ""restype_lig"": ""LIG""}",brotizolam/alpha1/2026091903/pose_07/report.xml,2895d84c9169e6056ad6868568b7ac14c6f6ecbe4bcde7a83e282f0138e82ec3
brotizolam,alpha1,2026091903,7,2026091903:7,hydrophobic_interaction,D,203,VAL,"{""dist"": ""3.86"", ""id"": ""2"", ""ligcarbonidx"": ""27544"", ""ligcoo"": """", ""protcarbonidx"": ""9810"", ""protcoo"": """", ""reschain"": ""D"", ""reschain_lig"": ""Z"", ""resnr"": ""203"", ""resnr_lig"": ""1"", ""restype"": ""VAL"", ""restype_lig"": ""LIG""}",brotizolam/alpha1/2026091903/pose_07/report.xml,2895d84c9169e6056ad6868568b7ac14c6f6ecbe4bcde7a83e282f0138e82ec3
brotizolam,alpha1,2026091903,7,2026091903:7,hydrophobic_interaction,D,204,GLN,"{""dist"": ""3.70"", ""id"": ""3"", ""ligcarbonidx"": ""27549"", ""ligcoo"": """", ""protcarbonidx"": ""9816"", ""protcoo"": """", ""reschain"": ""D"", ""reschain_lig"": ""Z"", ""resnr"": ""204"", ""resnr_lig"": ""1"", ""restype"": ""GLN"", ""restype_lig"": ""LIG""}",brotizolam/alpha1/2026091903/pose_07/report.xml,2895d84c9169e6056ad6868568b7ac14c6f6ecbe4bcde7a83e282f0138e82ec3
brotizolam,alpha1,2026091903,8,2026091903:8,hydrophobic_interaction,C,77,PHE,"{""dist"": ""3.59"", ""id"": ""1"", ""ligcarbonidx"": ""27549"", ""ligcoo"": """", ""protcarbonidx"": ""5955"", ""protcoo"": """", ""reschain"": ""C"", ""reschain_lig"": ""Z"", ""resnr"": ""77"", ""resnr_lig"": ""1"", ""restype"": ""PHE"", ""restype_lig"": ""LIG""}",brotizolam/alpha1/2026091903/pose_08/report.xml,164979dfd79bdb52623b27b0883a8ea91e636f00e771272dd0e1b720f25a2c9a
brotizolam,alpha1,2026091903,8,2026091903:8,hydrophobic_interaction,D,102,HIS,"{""dist"": ""3.93"", ""id"": ""2"", ""ligcarbonidx"": ""27550"", ""ligcoo"": """", ""protcarbonidx"": ""9010"", ""protcoo"": """", ""reschain"": ""D"", ""reschain_lig"": ""Z"", ""resnr"": ""102"", ""resnr_lig"": ""1"", ""restype"": ""HIS"", ""restype_lig"": ""LIG""}",brotizolam/alpha1/2026091903/pose_08/report.xml,164979dfd79bdb52623b27b0883a8ea91e636f00e771272dd0e1b720f25a2c9a
brotizolam,alpha1,2026091903,8,2026091903:8,hydrogen_bond,C,58,TYR,"{""acceptoridx"": ""27535"", ""acceptortype"": ""Nar"", ""dist_d-a"": ""3.98"", ""dist_h-a"": ""3.28"", ""don_angle"": ""132.61"", ""donoridx"": ""5808"", ""donortype"": ""O2"", ""id"": ""1"", ""ligcoo"": """", ""protcoo"": """", ""protisdon"": ""True"", ""reschain"": ""C"", ""reschain_lig"": ""Z"", ""resnr"": ""58"", ""resnr_lig"": ""1"", ""restype"": ""TYR"", ""restype_lig"": ""LIG"", ""sidechain"": ""True""}",brotizolam/alpha1/2026091903/pose_08/report.xml,164979dfd79bdb52623b27b0883a8ea91e636f00e771272dd0e1b720f25a2c9a
brotizolam,alpha1,2026091903,9,2026091903:9,hydrophobic_interaction,D,102,HIS,"{""dist"": ""3.63"", ""id"": ""1"", ""ligcarbonidx"": ""27548"", ""ligcoo"": """", ""protcarbonidx"": ""9010"", ""protcoo"": """", ""reschain"": ""D"", ""reschain_lig"": ""Z"", ""resnr"": ""102"", ""resnr_lig"": ""1"", ""restype"": ""HIS"", ""restype_lig"": ""LIG""}",brotizolam/alpha1/2026091903/pose_09/report.xml,ed4977d3ba74b77f9b28ae248f82cd568c94c6102d1d27190c2ba251fb8a414b
brotizolam,alpha1,2026091903,9,2026091903:9,hydrophobic_interaction,D,156,LYS,"{""dist"": ""3.68"", ""id"": ""2"", ""ligcarbonidx"": ""27547"", ""ligcoo"": """", ""protcarbonidx"": ""9437"", ""protcoo"": """", ""reschain"": ""D"", ""reschain_lig"": ""Z"", ""resnr"": ""156"", ""resnr_lig"": ""1"", ""restype"": ""LYS"", ""restype_lig"": ""LIG""}",brotizolam/alpha1/2026091903/pose_09/report.xml,ed4977d3ba74b77f9b28ae248f82cd568c94c6102d1d27190c2ba251fb8a414b
brotizolam,alpha1,2026091903,9,2026091903:9,pi_cation_interaction,D,156,LYS,"{""dist"": ""3.84"", ""id"": ""1"", ""lig_group"": ""Aromatic"", ""lig_idx_list"": """", ""ligcoo"": """", ""offset"": ""1.65"", ""prot_idx_list"": """", ""protcharged"": ""True"", ""protcoo"": """", ""reschain"": ""D"", ""reschain_lig"": ""Z"", ""resnr"": ""156"", ""resnr_lig"": ""1"", ""restype"": ""LYS"", ""restype_lig"": ""LIG""}",brotizolam/alpha1/2026091903/pose_09/report.xml,ed4977d3ba74b77f9b28ae248f82cd568c94c6102d1d27190c2ba251fb8a414b
brotizolam,alpha1,2026091903,9,2026091903:9,halogen_bond,C,192,ASP,"{""acc_angle"": ""96.24"", ""acc_idx"": ""6928"", ""acceptortype"": ""O2"", ""dist"": ""3.83"", ""don_angle"": ""156.02"", ""don_idx"": ""27552"", ""donortype"": ""Cl"", ""id"": ""1"", ""ligcoo"": """", ""protcoo"": """", ""reschain"": ""C"", ""reschain_lig"": ""Z"", ""resnr"": ""192"", ""resnr_lig"": ""1"", ""restype"": ""ASP"", ""restype_lig"": ""LIG"", ""sidechain"": ""True""}",brotizolam/alpha1/2026091903/pose_09/report.xml,ed4977d3ba74b77f9b28ae248f82cd568c94c6102d1d27190c2ba251fb8a414b
brotizolam,alpha1,2026091904,1,2026091904:1,hydrophobic_interaction,C,77,PHE,"{""dist"": ""3.58"", ""id"": ""1"", ""ligcarbonidx"": ""27543"", ""ligcoo"": """", ""protcarbonidx"": ""5955"", ""protcoo"": """", ""reschain"": ""C"", ""reschain_lig"": ""Z"", ""resnr"": ""77"", ""resnr_lig"": ""1"", ""restype"": ""PHE"", ""restype_lig"": ""LIG""}",brotizolam/alpha1/2026091904/pose_01/report.xml,b408aba113a98561a7cfeff0f1fe323e3c9060dc6df64d1c448a640d033ee82a
brotizolam,alpha1,2026091904,1,2026091904:1,hydrophobic_interaction,D,100,PHE,"{""dist"": ""3.80"", ""id"": ""2"", ""ligcarbonidx"": ""27549"", ""ligcoo"": """", ""protcarbonidx"": ""8992"", ""protcoo"": """", ""reschain"": ""D"", ""reschain_lig"": ""Z"", ""resnr"": ""100"", ""resnr_lig"": ""1"", ""restype"": ""PHE"", ""restype_lig"": ""LIG""}",brotizolam/alpha1/2026091904/pose_01/report.xml,b408aba113a98561a7cfeff0f1fe323e3c9060dc6df64d1c448a640d033ee82a
brotizolam,alpha1,2026091904,1,2026091904:1,hydrophobic_interaction,D,160,TYR,"{""dist"": ""3.42"", ""id"": ""3"", ""ligcarbonidx"": ""27550"", ""ligcoo"": """", ""protcarbonidx"": ""9467"", ""protcoo"": """", ""reschain"": ""D"", ""reschain_lig"": ""Z"", ""resnr"": ""160"", ""resnr_lig"": ""1"", ""restype"": ""TYR"", ""restype_lig"": ""LIG""}",brotizolam/alpha1/2026091904/pose_01/report.xml,b408aba113a98561a7cfeff0f1fe323e3c9060dc6df64d1c448a640d033ee82a
brotizolam,alpha1,2026091904,1,2026091904:1,hydrophobic_interaction,D,210,TYR,"{""dist"": ""4.00"", ""id"": ""4"", ""ligcarbonidx"": ""27548"", ""ligcoo"": """", ""protcarbonidx"": ""9857"", ""protcoo"": """", ""reschain"": ""D"", ""reschain_lig"": ""Z"", ""resnr"": ""210"", ""resnr_lig"": ""1"", ""restype"": ""TYR"", ""restype_lig"": ""LIG""}",brotizolam/alpha1/2026091904/pose_01/report.xml,b408aba113a98561a7cfeff0f1fe323e3c9060dc6df64d1c448a640d033ee82a
brotizolam,alpha1,2026091904,1,2026091904:1,hydrogen_bond,D,205,SER,"{""acceptoridx"": ""27536"", ""acceptortype"": ""Nar"", ""dist_d-a"": ""3.31"", ""dist_h-a"": ""2.39"", ""don_angle"": ""157.85"", ""donoridx"": ""9826"", ""donortype"": ""O3"", ""id"": ""1"", ""ligcoo"": """", ""protcoo"": """", ""protisdon"": ""True"", ""reschain"": ""D"", ""reschain_lig"": ""Z"", ""resnr"": ""205"", ""resnr_lig"": ""1"", ""restype"": ""SER"", ""restype_lig"": ""LIG"", ""sidechain"": ""True""}",brotizolam/alpha1/2026091904/pose_01/report.xml,b408aba113a98561a7cfeff0f1fe323e3c9060dc6df64d1c448a640d033ee82a
brotizolam,alpha1,2026091904,1,2026091904:1,hydrogen_bond,D,206,SER,"{""acceptoridx"": ""27536"", ""acceptortype"": ""Nar"", ""dist_d-a"": ""4.09"", ""dist_h-a"": ""3.35"", ""don_angle"": ""133.85"", ""donoridx"": ""9827"", ""donortype"": ""Nam"", ""id"": ""2"", ""ligcoo"": """", ""protcoo"": """", ""protisdon"": ""True"", ""reschain"": ""D"", ""reschain_lig"": ""Z"", ""resnr"": ""206"", ""resnr_lig"": ""1"", ""restype"": ""SER"", ""restype_lig"": ""LIG"", ""sidechain"": ""False""}",brotizolam/alpha1/2026091904/pose_01/report.xml,b408aba113a98561a7cfeff0f1fe323e3c9060dc6df64d1c448a640d033ee82a
brotizolam,alpha1,2026091904,1,2026091904:1,pi_stack,C,58,TYR,"{""angle"": ""9.42"", ""centdist"": ""3.68"", ""id"": ""1"", ""lig_idx_list"": """", ""ligcoo"": """", ""offset"": ""0.72"", ""prot_idx_list"": """", ""protcoo"": """", ""reschain"": ""C"", ""reschain_lig"": ""Z"", ""resnr"": ""58"", ""resnr_lig"": ""1"", ""restype"": ""TYR"", ""restype_lig"": ""LIG"", ""type"": ""P""}",brotizolam/alpha1/2026091904/pose_01/report.xml,b408aba113a98561a7cfeff0f1fe323e3c9060dc6df64d1c448a640d033ee82a
brotizolam,alpha1,2026091904,1,2026091904:1,pi_stack,D,210,TYR,"{""angle"": ""20.34"", ""centdist"": ""4.25"", ""id"": ""2"", ""lig_idx_list"": """", ""ligcoo"": """", ""offset"": ""1.08"", ""prot_idx_list"": """", ""protcoo"": """", ""reschain"": ""D"", ""reschain_lig"": ""Z"", ""resnr"": ""210"", ""resnr_lig"": ""1"", ""restype"": ""TYR"", ""restype_lig"": ""LIG"", ""type"": ""P""}",brotizolam/alpha1/2026091904/pose_01/report.xml,b408aba113a98561a7cfeff0f1fe323e3c9060dc6df64d1c448a640d033ee82a
brotizolam,alpha1,2026091904,2,2026091904:2,hydrophobic_interaction,C,77,PHE,"{""dist"": ""3.26"", ""id"": ""1"", ""ligcarbonidx"": ""27543"", ""ligcoo"": """", ""protcarbonidx"": ""5955"", ""protcoo"": """", ""reschain"": ""C"", ""reschain_lig"": ""Z"", ""resnr"": ""77"", ""resnr_lig"": ""1"", ""restype"": ""PHE"", ""restype_lig"": ""LIG""}",brotizolam/alpha1/2026091904/pose_02/report.xml,0ec3cd5f78721bc18f4a3d7405cb813895d13191a0543a36d01a6fc0784a2ec9
brotizolam,alpha1,2026091904,2,2026091904:2,hydrophobic_interaction,D,100,PHE,"{""dist"": ""3.93"", ""id"": ""2"", ""ligcarbonidx"": ""27550"", ""ligcoo"": """", ""protcarbonidx"": ""8994"", ""protcoo"": """", ""reschain"": ""D"", ""reschain_lig"": ""Z"", ""resnr"": ""100"", ""resnr_lig"": ""1"", ""restype"": ""PHE"", ""restype_lig"": ""LIG""}",brotizolam/alpha1/2026091904/pose_02/report.xml,0ec3cd5f78721bc18f4a3d7405cb813895d13191a0543a36d01a6fc0784a2ec9
brotizolam,alpha1,2026091904,2,2026091904:2,hydrophobic_interaction,D,100,PHE,"{""dist"": ""3.96"", ""id"": ""3"", ""ligcarbonidx"": ""27549"", ""ligcoo"": """", ""protcarbonidx"": ""8992"", ""protcoo"": """", ""reschain"": ""D"", ""reschain_lig"": ""Z"", ""resnr"": ""100"", ""resnr_lig"": ""1"", ""restype"": ""PHE"", ""restype_lig"": ""LIG""}",brotizolam/alpha1/2026091904/pose_02/report.xml,0ec3cd5f78721bc18f4a3d7405cb813895d13191a0543a36d01a6fc0784a2ec9
brotizolam,alpha1,2026091904,2,2026091904:2,hydrophobic_interaction,D,160,TYR,"{""dist"": ""3.66"", ""id"": ""4"", ""ligcarbonidx"": ""27549"", ""ligcoo"": """", ""protcarbonidx"": ""9467"", ""protcoo"": """", ""reschain"": ""D"", ""reschain_lig"": ""Z"", ""resnr"": ""160"", ""resnr_lig"": ""1"", ""restype"": ""TYR"", ""restype_lig"": ""LIG""}",brotizolam/alpha1/2026091904/pose_02/report.xml,0ec3cd5f78721bc18f4a3d7405cb813895d13191a0543a36d01a6fc0784a2ec9
brotizolam,alpha1,2026091904,2,2026091904:2,hydrophobic_interaction,D,160,TYR,"{""dist"": ""3.39"", ""id"": ""5"", ""ligcarbonidx"": ""27548"", ""ligcoo"": """", ""protcarbonidx"": ""9469"", ""protcoo"": """", ""reschain"": ""D"", ""reschain_lig"": ""Z"", ""resnr"": ""160"", ""resnr_lig"": ""1"", ""restype"": ""TYR"", ""restype_lig"": ""LIG""}",brotizolam/alpha1/2026091904/pose_02/report.xml,0ec3cd5f78721bc18f4a3d7405cb813895d13191a0543a36d01a6fc0784a2ec9
brotizolam,alpha1,2026091904,2,2026091904:2,hydrophobic_interaction,D,203,VAL,"{""dist"": ""3.77"", ""id"": ""6"", ""ligcarbonidx"": ""27533"", ""ligcoo"": """", ""protcarbonidx"": ""9810"", ""protcoo"": """", ""reschain"": ""D"", ""reschain_lig"": ""Z"", ""resnr"": ""203"", ""resnr_lig"": ""1"", ""restype"": ""VAL"", ""restype_lig"": ""LIG""}",brotizolam/alpha1/2026091904/pose_02/report.xml,0ec3cd5f78721bc18f4a3d7405cb813895d13191a0543a36d01a6fc0784a2ec9
brotizolam,alpha1,2026091904,2,2026091904:2,hydrogen_bond,D,205,SER,"{""acceptoridx"": ""27536"", ""acceptortype"": ""Nar"", ""dist_d-a"": ""3.67"", ""dist_h-a"": ""2.81"", ""don_angle"": ""148.29"", ""donoridx"": ""9826"", ""donortype"": ""O3"", ""id"": ""1"", ""ligcoo"": """", ""protcoo"": """", ""protisdon"": ""True"", ""reschain"": ""D"", ""reschain_lig"": ""Z"", ""resnr"": ""205"", ""resnr_lig"": ""1"", ""restype"": ""SER"", ""restype_lig"": ""LIG"", ""sidechain"": ""True""}",brotizolam/alpha1/2026091904/pose_02/report.xml,0ec3cd5f78721bc18f4a3d7405cb813895d13191a0543a36d01a6fc0784a2ec9
brotizolam,alpha1,2026091904,2,2026091904:2,pi_stack,C,58,TYR,"{""angle"": ""9.70"", ""centdist"": ""3.80"", ""id"": ""1"", ""lig_idx_list"": """", ""ligcoo"": """", ""offset"": ""0.98"", ""prot_idx_list"": """", ""protcoo"": """", ""reschain"": ""C"", ""reschain_lig"": ""Z"", ""resnr"": ""58"", ""resnr_lig"": ""1"", ""restype"": ""TYR"", ""restype_lig"": ""LIG"", ""type"": ""P""}",brotizolam/alpha1/2026091904/pose_02/report.xml,0ec3cd5f78721bc18f4a3d7405cb813895d13191a0543a36d01a6fc0784a2ec9
brotizolam,alpha1,2026091904,2,2026091904:2,pi_stack,D,210,TYR,"{""angle"": ""19.07"", ""centdist"": ""4.25"", ""id"": ""2"", ""lig_idx_list"": """", ""ligcoo"": """", ""offset"": ""1.06"", ""prot_idx_list"": """", ""protcoo"": """", ""reschain"": ""D"", ""reschain_lig"": ""Z"", ""resnr"": ""210"", ""resnr_lig"": ""1"", ""restype"": ""TYR"", ""restype_lig"": ""LIG"", ""type"": ""P""}",brotizolam/alpha1/2026091904/pose_02/report.xml,0ec3cd5f78721bc18f4a3d7405cb813895d13191a0543a36d01a6fc0784a2ec9
brotizolam,alpha1,2026091904,2,2026091904:2,halogen_bond,D,102,HIS,"{""acc_angle"": ""95.97"", ""acc_idx"": ""9009"", ""acceptortype"": ""O2"", ""dist"": ""3.82"", ""don_angle"": ""158.29"", ""don_idx"": ""27542"", ""donortype"": ""Br"", ""id"": ""1"", ""ligcoo"": """", ""protcoo"": """", ""reschain"": ""D"", ""reschain_lig"": ""Z"", ""resnr"": ""102"", ""resnr_lig"": ""1"", ""restype"": ""HIS"", ""restype_lig"": ""LIG"", ""sidechain"": ""False""}",brotizolam/alpha1/2026091904/pose_02/report.xml,0ec3cd5f78721bc18f4a3d7405cb813895d13191a0543a36d01a6fc0784a2ec9
brotizolam,alpha1,2026091904,3,2026091904:3,hydrophobic_interaction,C,77,PHE,"{""dist"": ""3.28"", ""id"": ""1"", ""ligcarbonidx"": ""27547"", ""ligcoo"": """", ""protcarbonidx"": ""5955"", ""protcoo"": """", ""reschain"": ""C"", ""reschain_lig"": ""Z"", ""resnr"": ""77"", ""resnr_lig"": ""1"", ""restype"": ""PHE"", ""restype_lig"": ""LIG""}",brotizolam/alpha1/2026091904/pose_03/report.xml,402b35a9dd6d6e2a3c9e17ccad3f2e4a4a9f364c598cff56c4574fd89897eaaa
brotizolam,alpha1,2026091904,3,2026091904:3,hydrophobic_interaction,C,77,PHE,"{""dist"": ""3.66"", ""id"": ""2"", ""ligcarbonidx"": ""27533"", ""ligcoo"": """", ""protcarbonidx"": ""5951"", ""protcoo"": """", ""reschain"": ""C"", ""reschain_lig"": ""Z"", ""resnr"": ""77"", ""resnr_lig"": ""1"", ""restype"": ""PHE"", ""restype_lig"": ""LIG""}",brotizolam/alpha1/2026091904/pose_03/report.xml,402b35a9dd6d6e2a3c9e17ccad3f2e4a4a9f364c598cff56c4574fd89897eaaa
brotizolam,alpha1,2026091904,3,2026091904:3,hydrophobic_interaction,D,102,HIS,"{""dist"": ""3.80"", ""id"": ""3"", ""ligcarbonidx"": ""27548"", ""ligcoo"": """", ""protcarbonidx"": ""9010"", ""protcoo"": """", ""reschain"": ""D"", ""reschain_lig"": ""Z"", ""resnr"": ""102"", ""resnr_lig"": ""1"", ""restype"": ""HIS"", ""restype_lig"": ""LIG""}",brotizolam/alpha1/2026091904/pose_03/report.xml,402b35a9dd6d6e2a3c9e17ccad3f2e4a4a9f364c598cff56c4574fd89897eaaa
brotizolam,alpha1,2026091904,3,2026091904:3,hydrophobic_interaction,C,142,THR,"{""dist"": ""3.81"", ""id"": ""4"", ""ligcarbonidx"": ""27533"", ""ligcoo"": """", ""protcarbonidx"": ""6514"", ""protcoo"": """", ""reschain"": ""C"", ""reschain_lig"": ""Z"", ""resnr"": ""142"", ""resnr_lig"": ""1"", ""restype"": ""THR"", ""restype_lig"": ""LIG""}",brotizolam/alpha1/2026091904/pose_03/report.xml,402b35a9dd6d6e2a3c9e17ccad3f2e4a4a9f364c598cff56c4574fd89897eaaa
brotizolam,alpha1,2026091904,3,2026091904:3,hydrophobic_interaction,D,203,VAL,"{""dist"": ""3.71"", ""id"": ""5"", ""ligcarbonidx"": ""27543"", ""ligcoo"": """", ""protcarbonidx"": ""9810"", ""protcoo"": """", ""reschain"": ""D"", ""reschain_lig"": ""Z"", ""resnr"": ""203"", ""resnr_lig"": ""1"", ""restype"": ""VAL"", ""restype_lig"": ""LIG""}",brotizolam/alpha1/2026091904/pose_03/report.xml,402b35a9dd6d6e2a3c9e17ccad3f2e4a4a9f364c598cff56c4574fd89897eaaa
brotizolam,alpha1,2026091904,3,2026091904:3,hydrogen_bond,D,205,SER,"{""acceptoridx"": ""27536"", ""acceptortype"": ""Nar"", ""dist_d-a"": ""3.29"", ""dist_h-a"": ""2.66"", ""don_angle"": ""122.63"", ""donoridx"": ""9826"", ""donortype"": ""O3"", ""id"": ""1"", ""ligcoo"": """", ""protcoo"": """", ""protisdon"": ""True"", ""reschain"": ""D"", ""reschain_lig"": ""Z"", ""resnr"": ""205"", ""resnr_lig"": ""1"", ""restype"": ""SER"", ""restype_lig"": ""LIG"", ""sidechain"": ""True""}",brotizolam/alpha1/2026091904/pose_03/report.xml,402b35a9dd6d6e2a3c9e17ccad3f2e4a4a9f364c598cff56c4574fd89897eaaa
brotizolam,alpha1,2026091904,3,2026091904:3,pi_stack,C,77,PHE,"{""angle"": ""28.21"", ""centdist"": ""4.58"", ""id"": ""1"", ""lig_idx_list"": """", ""ligcoo"": """", ""offset"": ""1.66"", ""prot_idx_list"": """", ""protcoo"": """", ""reschain"": ""C"", ""reschain_lig"": ""Z"", ""resnr"": ""77"", ""resnr_lig"": ""1"", ""restype"": ""PHE"", ""restype_lig"": ""LIG"", ""type"": ""P""}",brotizolam/alpha1/2026091904/pose_03/report.xml,402b35a9dd6d6e2a3c9e17ccad3f2e4a4a9f364c598cff56c4574fd89897eaaa
brotizolam,alpha1,2026091904,4,2026091904:4,hydrophobic_interaction,D,203,VAL,"{""dist"": ""3.83"", ""id"": ""1"", ""ligcarbonidx"": ""27533"", ""ligcoo"": """", ""protcarbonidx"": ""9811"", ""protcoo"": """", ""reschain"": ""D"", ""reschain_lig"": ""Z"", ""resnr"": ""203"", ""resnr_lig"": ""1"", ""restype"": ""VAL"", ""restype_lig"": ""LIG""}",brotizolam/alpha1/2026091904/pose_04/report.xml,468caecc81f3aa1b127b364f41e0d2f938a7f30fcd22c02ad7544d3c51a9224f
brotizolam,alpha1,2026091904,4,2026091904:4,hydrophobic_interaction,D,210,TYR,"{""dist"": ""3.53"", ""id"": ""2"", ""ligcarbonidx"": ""27548"", ""ligcoo"": """", ""protcarbonidx"": ""9860"", ""protcoo"": """", ""reschain"": ""D"", ""reschain_lig"": ""Z"", ""resnr"": ""210"", ""resnr_lig"": ""1"", ""restype"": ""TYR"", ""restype_lig"": ""LIG""}",brotizolam/alpha1/2026091904/pose_04/report.xml,468caecc81f3aa1b127b364f41e0d2f938a7f30fcd22c02ad7544d3c51a9224f
brotizolam,alpha1,2026091904,4,2026091904:4,hydrophobic_interaction,D,210,TYR,"{""dist"": ""3.89"", ""id"": ""3"", ""ligcarbonidx"": ""27549"", ""ligcoo"": """", ""protcarbonidx"": ""9862"", ""protcoo"": """", ""reschain"": ""D"", ""reschain_lig"": ""Z"", ""resnr"": ""210"", ""resnr_lig"": ""1"", ""restype"": ""TYR"", ""restype_lig"": ""LIG""}",brotizolam/alpha1/2026091904/pose_04/report.xml,468caecc81f3aa1b127b364f41e0d2f938a7f30fcd22c02ad7544d3c51a9224f
brotizolam,alpha1,2026091904,4,2026091904:4,hydrogen_bond,D,205,SER,"{""acceptoridx"": ""27553"", ""acceptortype"": ""N2"", ""dist_d-a"": ""3.78"", ""dist_h-a"": ""3.12"", ""don_angle"": ""126.59"", ""donoridx"": ""9826"", ""donortype"": ""O3"", ""id"": ""1"", ""ligcoo"": """", ""protcoo"": """", ""protisdon"": ""True"", ""reschain"": ""D"", ""reschain_lig"": ""Z"", ""resnr"": ""205"", ""resnr_lig"": ""1"", ""restype"": ""SER"", ""restype_lig"": ""LIG"", ""sidechain"": ""True""}",brotizolam/alpha1/2026091904/pose_04/report.xml,468caecc81f3aa1b127b364f41e0d2f938a7f30fcd22c02ad7544d3c51a9224f
brotizolam,alpha1,2026091904,5,2026091904:5,hydrophobic_interaction,C,58,TYR,"{""dist"": ""3.55"", ""id"": ""1"", ""ligcarbonidx"": ""27550"", ""ligcoo"": """", ""protcarbonidx"": ""5803"", ""protcoo"": """", ""reschain"": ""C"", ""reschain_lig"": ""Z"", ""resnr"": ""58"", ""resnr_lig"": ""1"", ""restype"": ""TYR"", ""restype_lig"": ""LIG""}",brotizolam/alpha1/2026091904/pose_05/report.xml,c4f0c6fc511acff4722fc07f21bc24a4e01263992984e7691b98b6655ab81215
brotizolam,alpha1,2026091904,5,2026091904:5,hydrophobic_interaction,C,58,TYR,"{""dist"": ""3.55"", ""id"": ""2"", ""ligcarbonidx"": ""27547"", ""ligcoo"": """", ""protcarbonidx"": ""5801"", ""protcoo"": """", ""reschain"": ""C"", ""reschain_lig"": ""Z"", ""resnr"": ""58"", ""resnr_lig"": ""1"", ""restype"": ""TYR"", ""restype_lig"": ""LIG""}",brotizolam/alpha1/2026091904/pose_05/report.xml,c4f0c6fc511acff4722fc07f21bc24a4e01263992984e7691b98b6655ab81215
brotizolam,alpha1,2026091904,5,2026091904:5,hydrophobic_interaction,C,77,PHE,"{""dist"": ""3.92"", ""id"": ""3"", ""ligcarbonidx"": ""27544"", ""ligcoo"": """", ""protcarbonidx"": ""5951"", ""protcoo"": """", ""reschain"": ""C"", ""reschain_lig"": ""Z"", ""resnr"": ""77"", ""resnr_lig"": ""1"", ""restype"": ""PHE"", ""restype_lig"": ""LIG""}",brotizolam/alpha1/2026091904/pose_05/report.xml,c4f0c6fc511acff4722fc07f21bc24a4e01263992984e7691b98b6655ab81215
brotizolam,alpha1,2026091904,5,2026091904:5,hydrophobic_interaction,C,77,PHE,"{""dist"": ""3.70"", ""id"": ""4"", ""ligcarbonidx"": ""27547"", ""ligcoo"": """", ""protcarbonidx"": ""5949"", ""protcoo"": """", ""reschain"": ""C"", ""reschain_lig"": ""Z"", ""resnr"": ""77"", ""resnr_lig"": ""1"", ""restype"": ""PHE"", ""restype_lig"": ""LIG""}",brotizolam/alpha1/2026091904/pose_05/report.xml,c4f0c6fc511acff4722fc07f21bc24a4e01263992984e7691b98b6655ab81215
brotizolam,alpha1,2026091904,5,2026091904:5,hydrophobic_interaction,D,203,VAL,"{""dist"": ""3.88"", ""id"": ""5"", ""ligcarbonidx"": ""27533"", ""ligcoo"": """", ""protcarbonidx"": ""9810"", ""protcoo"": """", ""reschain"": ""D"", ""reschain_lig"": ""Z"", ""resnr"": ""203"", ""resnr_lig"": ""1"", ""restype"": ""VAL"", ""restype_lig"": ""LIG""}",brotizolam/alpha1/2026091904/pose_05/report.xml,c4f0c6fc511acff4722fc07f21bc24a4e01263992984e7691b98b6655ab81215
brotizolam,alpha1,2026091904,5,2026091904:5,hydrophobic_interaction,D,210,TYR,"{""dist"": ""3.27"", ""id"": ""6"", ""ligcarbonidx"": ""27533"", ""ligcoo"": """", ""protcarbonidx"": ""9860"", ""protcoo"": """", ""reschain"": ""D"", ""reschain_lig"": ""Z"", ""resnr"": ""210"", ""resnr_lig"": ""1"", ""restype"": ""TYR"", ""restype_lig"": ""LIG""}",brotizolam/alpha1/2026091904/pose_05/report.xml,c4f0c6fc511acff4722fc07f21bc24a4e01263992984e7691b98b6655ab81215
brotizolam,alpha1,2026091904,6,2026091904:6,hydrophobic_interaction,D,203,VAL,"{""dist"": ""3.67"", ""id"": ""1"", ""ligcarbonidx"": ""27550"", ""ligcoo"": """", ""protcarbonidx"": ""9810"", ""protcoo"": """", ""reschain"": ""D"", ""reschain_lig"": ""Z"", ""resnr"": ""203"", ""resnr_lig"": ""1"", ""restype"": ""VAL"", ""restype_lig"": ""LIG""}",brotizolam/alpha1/2026091904/pose_06/report.xml,04c469c5a96193f1cf4623dadb0a7dc1f801b4e58133ed186c15a381e8490503
brotizolam,alpha1,2026091904,7,2026091904:7,hydrophobic_interaction,C,58,TYR,"{""dist"": ""3.85"", ""id"": ""1"", ""ligcarbonidx"": ""27533"", ""ligcoo"": """", ""protcarbonidx"": ""5805"", ""protcoo"": """", ""reschain"": ""C"", ""reschain_lig"": ""Z"", ""resnr"": ""58"", ""resnr_lig"": ""1"", ""restype"": ""TYR"", ""restype_lig"": ""LIG""}",brotizolam/alpha1/2026091904/pose_07/report.xml,0045354232c2e1b2ecec9452f023ebe3b4d92507f0d61b41b4facf9c82131ec0
brotizolam,alpha1,2026091904,7,2026091904:7,hydrophobic_interaction,D,156,LYS,"{""dist"": ""4.00"", ""id"": ""2"", ""ligcarbonidx"": ""27550"", ""ligcoo"": """", ""protcarbonidx"": ""9437"", ""protcoo"": """", ""reschain"": ""D"", ""reschain_lig"": ""Z"", ""resnr"": ""156"", ""resnr_lig"": ""1"", ""restype"": ""LYS"", ""restype_lig"": ""LIG""}",brotizolam/alpha1/2026091904/pose_07/report.xml,0045354232c2e1b2ecec9452f023ebe3b4d92507f0d61b41b4facf9c82131ec0
brotizolam,alpha1,2026091904,7,2026091904:7,hydrophobic_interaction,D,203,VAL,"{""dist"": ""3.53"", ""id"": ""3"", ""ligcarbonidx"": ""27544"", ""ligcoo"": """", ""protcarbonidx"": ""9810"", ""protcoo"": """", ""reschain"": ""D"", ""reschain_lig"": ""Z"", ""resnr"": ""203"", ""resnr_lig"": ""1"", ""restype"": ""VAL"", ""restype_lig"": ""LIG""}",brotizolam/alpha1/2026091904/pose_07/report.xml,0045354232c2e1b2ecec9452f023ebe3b4d92507f0d61b41b4facf9c82131ec0
brotizolam,alpha1,2026091904,7,2026091904:7,pi_cation_interaction,D,156,LYS,"{""dist"": ""3.92"", ""id"": ""1"", ""lig_group"": ""Aromatic"", ""lig_idx_list"": """", ""ligcoo"": """", ""offset"": ""1.44"", ""prot_idx_list"": """", ""protcharged"": ""True"", ""protcoo"": """", ""reschain"": ""D"", ""reschain_lig"": ""Z"", ""resnr"": ""156"", ""resnr_lig"": ""1"", ""restype"": ""LYS"", ""restype_lig"": ""LIG""}",brotizolam/alpha1/2026091904/pose_07/report.xml,0045354232c2e1b2ecec9452f023ebe3b4d92507f0d61b41b4facf9c82131ec0
brotizolam,alpha1,2026091904,8,2026091904:8,hydrophobic_interaction,C,77,PHE,"{""dist"": ""3.64"", ""id"": ""1"", ""ligcarbonidx"": ""27533"", ""ligcoo"": """", ""protcarbonidx"": ""5955"", ""protcoo"": """", ""reschain"": ""C"", ""reschain_lig"": ""Z"", ""resnr"": ""77"", ""resnr_lig"": ""1"", ""restype"": ""PHE"", ""restype_lig"": ""LIG""}",brotizolam/alpha1/2026091904/pose_08/report.xml,37dbbd5ea6bf7c768b31cd210c089b358927f291df4aeab9c8a7973987c25e27
brotizolam,alpha1,2026091904,8,2026091904:8,hydrophobic_interaction,D,102,HIS,"{""dist"": ""3.91"", ""id"": ""2"", ""ligcarbonidx"": ""27533"", ""ligcoo"": """", ""protcarbonidx"": ""9010"", ""protcoo"": """", ""reschain"": ""D"", ""reschain_lig"": ""Z"", ""resnr"": ""102"", ""resnr_lig"": ""1"", ""restype"": ""HIS"", ""restype_lig"": ""LIG""}",brotizolam/alpha1/2026091904/pose_08/report.xml,37dbbd5ea6bf7c768b31cd210c089b358927f291df4aeab9c8a7973987c25e27
brotizolam,alpha1,2026091904,8,2026091904:8,hydrophobic_interaction,D,203,VAL,"{""dist"": ""3.53"", ""id"": ""3"", ""ligcarbonidx"": ""27547"", ""ligcoo"": """", ""protcarbonidx"": ""9811"", ""protcoo"": """", ""reschain"": ""D"", ""reschain_lig"": ""Z"", ""resnr"": ""203"", ""resnr_lig"": ""1"", ""restype"": ""VAL"", ""restype_lig"": ""LIG""}",brotizolam/alpha1/2026091904/pose_08/report.xml,37dbbd5ea6bf7c768b31cd210c089b358927f291df4aeab9c8a7973987c25e27
brotizolam,alpha1,2026091904,8,2026091904:8,hydrogen_bond,C,60,ASN,"{""acceptoridx"": ""27536"", ""acceptortype"": ""Nar"", ""dist_d-a"": ""3.30"", ""dist_h-a"": ""2.41"", ""don_angle"": ""149.50"", ""donoridx"": ""5823"", ""donortype"": ""Nam"", ""id"": ""1"", ""ligcoo"": """", ""protcoo"": """", ""protisdon"": ""True"", ""reschain"": ""C"", ""reschain_lig"": ""Z"", ""resnr"": ""60"", ""resnr_lig"": ""1"", ""restype"": ""ASN"", ""restype_lig"": ""LIG"", ""sidechain"": ""True""}",brotizolam/alpha1/2026091904/pose_08/report.xml,37dbbd5ea6bf7c768b31cd210c089b358927f291df4aeab9c8a7973987c25e27
brotizolam,alpha1,2026091904,9,2026091904:9,hydrophobic_interaction,C,77,PHE,"{""dist"": ""3.63"", ""id"": ""1"", ""ligcarbonidx"": ""27549"", ""ligcoo"": """", ""protcarbonidx"": ""5955"", ""protcoo"": """", ""reschain"": ""C"", ""reschain_lig"": ""Z"", ""resnr"": ""77"", ""resnr_lig"": ""1"", ""restype"": ""PHE"", ""restype_lig"": ""LIG""}",brotizolam/alpha1/2026091904/pose_09/report.xml,a1b6cc0056ee267114496d893438f473c507be0a3a942ea7bd4ec43523cbd694
brotizolam,alpha1,2026091904,9,2026091904:9,hydrophobic_interaction,D,102,HIS,"{""dist"": ""3.93"", ""id"": ""2"", ""ligcarbonidx"": ""27550"", ""ligcoo"": """", ""protcarbonidx"": ""9010"", ""protcoo"": """", ""reschain"": ""D"", ""reschain_lig"": ""Z"", ""resnr"": ""102"", ""resnr_lig"": ""1"", ""restype"": ""HIS"", ""restype_lig"": ""LIG""}",brotizolam/alpha1/2026091904/pose_09/report.xml,a1b6cc0056ee267114496d893438f473c507be0a3a942ea7bd4ec43523cbd694
brotizolam,alpha1,2026091904,9,2026091904:9,hydrogen_bond,C,58,TYR,"{""acceptoridx"": ""27535"", ""acceptortype"": ""Nar"", ""dist_d-a"": ""3.97"", ""dist_h-a"": ""3.27"", ""don_angle"": ""133.47"", ""donoridx"": ""5808"", ""donortype"": ""O2"", ""id"": ""1"", ""ligcoo"": """", ""protcoo"": """", ""protisdon"": ""True"", ""reschain"": ""C"", ""reschain_lig"": ""Z"", ""resnr"": ""58"", ""resnr_lig"": ""1"", ""restype"": ""TYR"", ""restype_lig"": ""LIG"", ""sidechain"": ""True""}",brotizolam/alpha1/2026091904/pose_09/report.xml,a1b6cc0056ee267114496d893438f473c507be0a3a942ea7bd4ec43523cbd694
brotizolam,alpha1,2026091905,1,2026091905:1,hydrophobic_interaction,C,77,PHE,"{""dist"": ""3.58"", ""id"": ""1"", ""ligcarbonidx"": ""27543"", ""ligcoo"": """", ""protcarbonidx"": ""5955"", ""protcoo"": """", ""reschain"": ""C"", ""reschain_lig"": ""Z"", ""resnr"": ""77"", ""resnr_lig"": ""1"", ""restype"": ""PHE"", ""restype_lig"": ""LIG""}",brotizolam/alpha1/2026091905/pose_01/report.xml,b102fd86f407d0fc107befce55748497b2caed8f492d5411a8126e5caba6b28b
brotizolam,alpha1,2026091905,1,2026091905:1,hydrophobic_interaction,D,100,PHE,"{""dist"": ""3.86"", ""id"": ""2"", ""ligcarbonidx"": ""27549"", ""ligcoo"": """", ""protcarbonidx"": ""8994"", ""protcoo"": """", ""reschain"": ""D"", ""reschain_lig"": ""Z"", ""resnr"": ""100"", ""resnr_lig"": ""1"", ""restype"": ""PHE"", ""restype_lig"": ""LIG""}",brotizolam/alpha1/2026091905/pose_01/report.xml,b102fd86f407d0fc107befce55748497b2caed8f492d5411a8126e5caba6b28b
brotizolam,alpha1,2026091905,1,2026091905:1,hydrophobic_interaction,D,160,TYR,"{""dist"": ""3.45"", ""id"": ""3"", ""ligcarbonidx"": ""27550"", ""ligcoo"": """", ""protcarbonidx"": ""9467"", ""protcoo"": """", ""reschain"": ""D"", ""reschain_lig"": ""Z"", ""resnr"": ""160"", ""resnr_lig"": ""1"", ""restype"": ""TYR"", ""restype_lig"": ""LIG""}",brotizolam/alpha1/2026091905/pose_01/report.xml,b102fd86f407d0fc107befce55748497b2caed8f492d5411a8126e5caba6b28b
brotizolam,alpha1,2026091905,1,2026091905:1,hydrogen_bond,D,205,SER,"{""acceptoridx"": ""27536"", ""acceptortype"": ""Nar"", ""dist_d-a"": ""3.32"", ""dist_h-a"": ""2.40"", ""don_angle"": ""156.97"", ""donoridx"": ""9826"", ""donortype"": ""O3"", ""id"": ""1"", ""ligcoo"": """", ""protcoo"": """", ""protisdon"": ""True"", ""reschain"": ""D"", ""reschain_lig"": ""Z"", ""resnr"": ""205"", ""resnr_lig"": ""1"", ""restype"": ""SER"", ""restype_lig"": ""LIG"", ""sidechain"": ""True""}",brotizolam/alpha1/2026091905/pose_01/report.xml,b102fd86f407d0fc107befce55748497b2caed8f492d5411a8126e5caba6b28b
brotizolam,alpha1,2026091905,1,2026091905:1,hydrogen_bond,D,206,SER,"{""acceptoridx"": ""27536"", ""acceptortype"": ""Nar"", ""dist_d-a"": ""4.05"", ""dist_h-a"": ""3.32"", ""don_angle"": ""132.85"", ""donoridx"": ""9827"", ""donortype"": ""Nam"", ""id"": ""2"", ""ligcoo"": """", ""protcoo"": """", ""protisdon"": ""True"", ""reschain"": ""D"", ""reschain_lig"": ""Z"", ""resnr"": ""206"", ""resnr_lig"": ""1"", ""restype"": ""SER"", ""restype_lig"": ""LIG"", ""sidechain"": ""False""}",brotizolam/alpha1/2026091905/pose_01/report.xml,b102fd86f407d0fc107befce55748497b2caed8f492d5411a8126e5caba6b28b
brotizolam,alpha1,2026091905,1,2026091905:1,pi_stack,C,58,TYR,"{""angle"": ""9.07"", ""centdist"": ""3.71"", ""id"": ""1"", ""lig_idx_list"": """", ""ligcoo"": """", ""offset"": ""0.78"", ""prot_idx_list"": """", ""protcoo"": """", ""reschain"": ""C"", ""reschain_lig"": ""Z"", ""resnr"": ""58"", ""resnr_lig"": ""1"", ""restype"": ""TYR"", ""restype_lig"": ""LIG"", ""type"": ""P""}",brotizolam/alpha1/2026091905/pose_01/report.xml,b102fd86f407d0fc107befce55748497b2caed8f492d5411a8126e5caba6b28b
brotizolam,alpha1,2026091905,1,2026091905:1,pi_stack,D,210,TYR,"{""angle"": ""20.39"", ""centdist"": ""4.24"", ""id"": ""2"", ""lig_idx_list"": """", ""ligcoo"": """", ""offset"": ""1.12"", ""prot_idx_list"": """", ""protcoo"": """", ""reschain"": ""D"", ""reschain_lig"": ""Z"", ""resnr"": ""210"", ""resnr_lig"": ""1"", ""restype"": ""TYR"", ""restype_lig"": ""LIG"", ""type"": ""P""}",brotizolam/alpha1/2026091905/pose_01/report.xml,b102fd86f407d0fc107befce55748497b2caed8f492d5411a8126e5caba6b28b
brotizolam,alpha1,2026091905,2,2026091905:2,hydrophobic_interaction,C,77,PHE,"{""dist"": ""3.36"", ""id"": ""1"", ""ligcarbonidx"": ""27543"", ""ligcoo"": """", ""protcarbonidx"": ""5955"", ""protcoo"": """", ""reschain"": ""C"", ""reschain_lig"": ""Z"", ""resnr"": ""77"", ""resnr_lig"": ""1"", ""restype"": ""PHE"", ""restype_lig"": ""LIG""}",brotizolam/alpha1/2026091905/pose_02/report.xml,2ffcfd25fff25ae7dfe57e8693a7078e5160108b22741c2db261c3fce73cbaba
brotizolam,alpha1,2026091905,2,2026091905:2,hydrophobic_interaction,D,210,TYR,"{""dist"": ""3.84"", ""id"": ""2"", ""ligcarbonidx"": ""27548"", ""ligcoo"": """", ""protcarbonidx"": ""9857"", ""protcoo"": """", ""reschain"": ""D"", ""reschain_lig"": ""Z"", ""resnr"": ""210"", ""resnr_lig"": ""1"", ""restype"": ""TYR"", ""restype_lig"": ""LIG""}",brotizolam/alpha1/2026091905/pose_02/report.xml,2ffcfd25fff25ae7dfe57e8693a7078e5160108b22741c2db261c3fce73cbaba
brotizolam,alpha1,2026091905,2,2026091905:2,hydrogen_bond,D,205,SER,"{""acceptoridx"": ""27553"", ""acceptortype"": ""N2"", ""dist_d-a"": ""3.20"", ""dist_h-a"": ""2.77"", ""don_angle"": ""107.53"", ""donoridx"": ""9826"", ""donortype"": ""O3"", ""id"": ""1"", ""ligcoo"": """", ""protcoo"": """", ""protisdon"": ""True"", ""reschain"": ""D"", ""reschain_lig"": ""Z"", ""resnr"": ""205"", ""resnr_lig"": ""1"", ""restype"": ""SER"", ""restype_lig"": ""LIG"", ""sidechain"": ""True""}",brotizolam/alpha1/2026091905/pose_02/report.xml,2ffcfd25fff25ae7dfe57e8693a7078e5160108b22741c2db261c3fce73cbaba
brotizolam,alpha1,2026091905,2,2026091905:2,pi_stack,D,210,TYR,"{""angle"": ""19.59"", ""centdist"": ""4.22"", ""id"": ""1"", ""lig_idx_list"": """", ""ligcoo"": """", ""offset"": ""1.63"", ""prot_idx_list"": """", ""protcoo"": """", ""reschain"": ""D"", ""reschain_lig"": ""Z"", ""resnr"": ""210"", ""resnr_lig"": ""1"", ""restype"": ""TYR"", ""restype_lig"": ""LIG"", ""type"": ""P""}",brotizolam/alpha1/2026091905/pose_02/report.xml,2ffcfd25fff25ae7dfe57e8693a7078e5160108b22741c2db261c3fce73cbaba
brotizolam,alpha1,2026091905,2,2026091905:2,halogen_bond,D,102,HIS,"{""acc_angle"": ""102.12"", ""acc_idx"": ""9009"", ""acceptortype"": ""O2"", ""dist"": ""3.38"", ""don_angle"": ""172.33"", ""don_idx"": ""27542"", ""donortype"": ""Br"", ""id"": ""1"", ""ligcoo"": """", ""protcoo"": """", ""reschain"": ""D"", ""reschain_lig"": ""Z"", ""resnr"": ""102"", ""resnr_lig"": ""1"", ""restype"": ""HIS"", ""restype_lig"": ""LIG"", ""sidechain"": ""False""}",brotizolam/alpha1/2026091905/pose_02/report.xml,2ffcfd25fff25ae7dfe57e8693a7078e5160108b22741c2db261c3fce73cbaba
brotizolam,alpha1,2026091905,3,2026091905:3,hydrophobic_interaction,C,77,PHE,"{""dist"": ""3.28"", ""id"": ""1"", ""ligcarbonidx"": ""27547"", ""ligcoo"": """", ""protcarbonidx"": ""5955"", ""protcoo"": """", ""reschain"": ""C"", ""reschain_lig"": ""Z"", ""resnr"": ""77"", ""resnr_lig"": ""1"", ""restype"": ""PHE"", ""restype_lig"": ""LIG""}",brotizolam/alpha1/2026091905/pose_03/report.xml,251bc2ef24e7850e065d917dc46f676f6dd3f88512be1ba121eba558fa719815
brotizolam,alpha1,2026091905,3,2026091905:3,hydrophobic_interaction,C,77,PHE,"{""dist"": ""3.65"", ""id"": ""2"", ""ligcarbonidx"": ""27533"", ""ligcoo"": """", ""protcarbonidx"": ""5951"", ""protcoo"": """", ""reschain"": ""C"", ""reschain_lig"": ""Z"", ""resnr"": ""77"", ""resnr_lig"": ""1"", ""restype"": ""PHE"", ""restype_lig"": ""LIG""}",brotizolam/alpha1/2026091905/pose_03/report.xml,251bc2ef24e7850e065d917dc46f676f6dd3f88512be1ba121eba558fa719815
brotizolam,alpha1,2026091905,3,2026091905:3,hydrophobic_interaction,D,102,HIS,"{""dist"": ""3.74"", ""id"": ""3"", ""ligcarbonidx"": ""27548"", ""ligcoo"": """", ""protcarbonidx"": ""9010"", ""protcoo"": """", ""reschain"": ""D"", ""reschain_lig"": ""Z"", ""resnr"": ""102"", ""resnr_lig"": ""1"", ""restype"": ""HIS"", ""restype_lig"": ""LIG""}",brotizolam/alpha1/2026091905/pose_03/report.xml,251bc2ef24e7850e065d917dc46f676f6dd3f88512be1ba121eba558fa719815
brotizolam,alpha1,2026091905,3,2026091905:3,hydrophobic_interaction,C,142,THR,"{""dist"": ""3.80"", ""id"": ""4"", ""ligcarbonidx"": ""27533"", ""ligcoo"": """", ""protcarbonidx"": ""6514"", ""protcoo"": """", ""reschain"": ""C"", ""reschain_lig"": ""Z"", ""resnr"": ""142"", ""resnr_lig"": ""1"", ""restype"": ""THR"", ""restype_lig"": ""LIG""}",brotizolam/alpha1/2026091905/pose_03/report.xml,251bc2ef24e7850e065d917dc46f676f6dd3f88512be1ba121eba558fa719815
brotizolam,alpha1,2026091905,3,2026091905:3,hydrophobic_interaction,D,203,VAL,"{""dist"": ""3.75"", ""id"": ""5"", ""ligcarbonidx"": ""27543"", ""ligcoo"": """", ""protcarbonidx"": ""9810"", ""protcoo"": """", ""reschain"": ""D"", ""reschain_lig"": ""Z"", ""resnr"": ""203"", ""resnr_lig"": ""1"", ""restype"": ""VAL"", ""restype_lig"": ""LIG""}",brotizolam/alpha1/2026091905/pose_03/report.xml,251bc2ef24e7850e065d917dc46f676f6dd3f88512be1ba121eba558fa719815
brotizolam,alpha1,2026091905,3,2026091905:3,hydrogen_bond,D,205,SER,"{""acceptoridx"": ""27536"", ""acceptortype"": ""Nar"", ""dist_d-a"": ""3.26"", ""dist_h-a"": ""2.63"", ""don_angle"": ""122.84"", ""donoridx"": ""9826"", ""donortype"": ""O3"", ""id"": ""1"", ""ligcoo"": """", ""protcoo"": """", ""protisdon"": ""True"", ""reschain"": ""D"", ""reschain_lig"": ""Z"", ""resnr"": ""205"", ""resnr_lig"": ""1"", ""restype"": ""SER"", ""restype_lig"": ""LIG"", ""sidechain"": ""True""}",brotizolam/alpha1/2026091905/pose_03/report.xml,251bc2ef24e7850e065d917dc46f676f6dd3f88512be1ba121eba558fa719815
brotizolam,alpha1,2026091905,3,2026091905:3,pi_stack,C,77,PHE,"{""angle"": ""28.49"", ""centdist"": ""4.58"", ""id"": ""1"", ""lig_idx_list"": """", ""ligcoo"": """", ""offset"": ""1.66"", ""prot_idx_list"": """", ""protcoo"": """", ""reschain"": ""C"", ""reschain_lig"": ""Z"", ""resnr"": ""77"", ""resnr_lig"": ""1"", ""restype"": ""PHE"", ""restype_lig"": ""LIG"", ""type"": ""P""}",brotizolam/alpha1/2026091905/pose_03/report.xml,251bc2ef24e7850e065d917dc46f676f6dd3f88512be1ba121eba558fa719815
brotizolam,alpha1,2026091905,3,2026091905:3,halogen_bond,D,159,SER,"{""acc_angle"": ""149.96"", ""acc_idx"": ""9458"", ""acceptortype"": ""O2"", ""dist"": ""3.29"", ""don_angle"": ""143.57"", ""don_idx"": ""27542"", ""donortype"": ""Br"", ""id"": ""1"", ""ligcoo"": """", ""protcoo"": """", ""reschain"": ""D"", ""reschain_lig"": ""Z"", ""resnr"": ""159"", ""resnr_lig"": ""1"", ""restype"": ""SER"", ""restype_lig"": ""LIG"", ""sidechain"": ""False""}",brotizolam/alpha1/2026091905/pose_03/report.xml,251bc2ef24e7850e065d917dc46f676f6dd3f88512be1ba121eba558fa719815
brotizolam,alpha1,2026091905,4,2026091905:4,hydrophobic_interaction,C,58,TYR,"{""dist"": ""3.66"", ""id"": ""1"", ""ligcarbonidx"": ""27533"", ""ligcoo"": """", ""protcarbonidx"": ""5806"", ""protcoo"": """", ""reschain"": ""C"", ""reschain_lig"": ""Z"", ""resnr"": ""58"", ""resnr_lig"": ""1"", ""restype"": ""TYR"", ""restype_lig"": ""LIG""}",brotizolam/alpha1/2026091905/pose_04/report.xml,bd77c5b16afe3e761c746d7c0b0b9bea3837a78f32d76fe1d723be9eb410e635
brotizolam,alpha1,2026091905,4,2026091905:4,hydrophobic_interaction,C,58,TYR,"{""dist"": ""3.33"", ""id"": ""2"", ""ligcarbonidx"": ""27548"", ""ligcoo"": """", ""protcarbonidx"": ""5801"", ""protcoo"": """", ""reschain"": ""C"", ""reschain_lig"": ""Z"", ""resnr"": ""58"", ""resnr_lig"": ""1"", ""restype"": ""TYR"", ""restype_lig"": ""LIG""}",brotizolam/alpha1/2026091905/pose_04/report.xml,bd77c5b16afe3e761c746d7c0b0b9bea3837a78f32d76fe1d723be9eb410e635
brotizolam,alpha1,2026091905,4,2026091905:4,hydrophobic_interaction,C,77,PHE,"{""dist"": ""3.66"", ""id"": ""3"", ""ligcarbonidx"": ""27547"", ""ligcoo"": """", ""protcarbonidx"": ""5950"", ""protcoo"": """", ""reschain"": ""C"", ""reschain_lig"": ""Z"", ""resnr"": ""77"", ""resnr_lig"": ""1"", ""restype"": ""PHE"", ""restype_lig"": ""LIG""}",brotizolam/alpha1/2026091905/pose_04/report.xml,bd77c5b16afe3e761c746d7c0b0b9bea3837a78f32d76fe1d723be9eb410e635
brotizolam,alpha1,2026091905,4,2026091905:4,hydrophobic_interaction,C,77,PHE,"{""dist"": ""3.44"", ""id"": ""4"", ""ligcarbonidx"": ""27548"", ""ligcoo"": """", ""protcarbonidx"": ""5949"", ""protcoo"": """", ""reschain"": ""C"", ""reschain_lig"": ""Z"", ""resnr"": ""77"", ""resnr_lig"": ""1"", ""restype"": ""PHE"", ""restype_lig"": ""LIG""}",brotizolam/alpha1/2026091905/pose_04/report.xml,bd77c5b16afe3e761c746d7c0b0b9bea3837a78f32d76fe1d723be9eb410e635
brotizolam,alpha1,2026091905,4,2026091905:4,hydrogen_bond,C,60,ASN,"{""acceptoridx"": ""27535"", ""acceptortype"": ""Nar"", ""dist_d-a"": ""3.36"", ""dist_h-a"": ""2.97"", ""don_angle"": ""105.34"", ""donoridx"": ""5823"", ""donortype"": ""Nam"", ""id"": ""1"", ""ligcoo"": """", ""protcoo"": """", ""protisdon"": ""True"", ""reschain"": ""C"", ""reschain_lig"": ""Z"", ""resnr"": ""60"", ""resnr_lig"": ""1"", ""restype"": ""ASN"", ""restype_lig"": ""LIG"", ""sidechain"": ""True""}",brotizolam/alpha1/2026091905/pose_04/report.xml,bd77c5b16afe3e761c746d7c0b0b9bea3837a78f32d76fe1d723be9eb410e635
brotizolam,alpha1,2026091905,5,2026091905:5,hydrophobic_interaction,C,58,TYR,"{""dist"": ""3.50"", ""id"": ""1"", ""ligcarbonidx"": ""27547"", ""ligcoo"": """", ""protcarbonidx"": ""5806"", ""protcoo"": """", ""reschain"": ""C"", ""reschain_lig"": ""Z"", ""resnr"": ""58"", ""resnr_lig"": ""1"", ""restype"": ""TYR"", ""restype_lig"": ""LIG""}",brotizolam/alpha1/2026091905/pose_05/report.xml,d8ee46fb021e16039b5b5c55488c7f1807f6008c8ee9f702aa1aa747cb8214c6
brotizolam,alpha1,2026091905,5,2026091905:5,hydrophobic_interaction,C,58,TYR,"{""dist"": ""3.47"", ""id"": ""2"", ""ligcarbonidx"": ""27548"", ""ligcoo"": """", ""protcarbonidx"": ""5804"", ""protcoo"": """", ""reschain"": ""C"", ""reschain_lig"": ""Z"", ""resnr"": ""58"", ""resnr_lig"": ""1"", ""restype"": ""TYR"", ""restype_lig"": ""LIG""}",brotizolam/alpha1/2026091905/pose_05/report.xml,d8ee46fb021e16039b5b5c55488c7f1807f6008c8ee9f702aa1aa747cb8214c6
brotizolam,alpha1,2026091905,5,2026091905:5,hydrophobic_interaction,D,203,VAL,"{""dist"": ""3.27"", ""id"": ""3"", ""ligcarbonidx"": ""27543"", ""ligcoo"": """", ""protcarbonidx"": ""9810"", ""protcoo"": """", ""reschain"": ""D"", ""reschain_lig"": ""Z"", ""resnr"": ""203"", ""resnr_lig"": ""1"", ""restype"": ""VAL"", ""restype_lig"": ""LIG""}",brotizolam/alpha1/2026091905/pose_05/report.xml,d8ee46fb021e16039b5b5c55488c7f1807f6008c8ee9f702aa1aa747cb8214c6
brotizolam,alpha1,2026091905,5,2026091905:5,hydrogen_bond,D,156,LYS,"{""acceptoridx"": ""27535"", ""acceptortype"": ""Nar"", ""dist_d-a"": ""3.33"", ""dist_h-a"": ""2.58"", ""don_angle"": ""129.41"", ""donoridx"": ""9439"", ""donortype"": ""N3"", ""id"": ""1"", ""ligcoo"": """", ""protcoo"": """", ""protisdon"": ""True"", ""reschain"": ""D"", ""reschain_lig"": ""Z"", ""resnr"": ""156"", ""resnr_lig"": ""1"", ""restype"": ""LYS"", ""restype_lig"": ""LIG"", ""sidechain"": ""True""}",brotizolam/alpha1/2026091905/pose_05/report.xml,d8ee46fb021e16039b5b5c55488c7f1807f6008c8ee9f702aa1aa747cb8214c6
brotizolam,alpha1,2026091905,5,2026091905:5,pi_stack,C,77,PHE,"{""angle"": ""24.85"", ""centdist"": ""4.12"", ""id"": ""1"", ""lig_idx_list"": """", ""ligcoo"": """", ""offset"": ""0.65"", ""prot_idx_list"": """", ""protcoo"": """", ""reschain"": ""C"", ""reschain_lig"": ""Z"", ""resnr"": ""77"", ""resnr_lig"": ""1"", ""restype"": ""PHE"", ""restype_lig"": ""LIG"", ""type"": ""P""}",brotizolam/alpha1/2026091905/pose_05/report.xml,d8ee46fb021e16039b5b5c55488c7f1807f6008c8ee9f702aa1aa747cb8214c6
brotizolam,alpha1,2026091905,5,2026091905:5,pi_cation_interaction,D,156,LYS,"{""dist"": ""3.69"", ""id"": ""1"", ""lig_group"": ""Aromatic"", ""lig_idx_list"": """", ""ligcoo"": """", ""offset"": ""2.00"", ""prot_idx_list"": """", ""protcharged"": ""True"", ""protcoo"": """", ""reschain"": ""D"", ""reschain_lig"": ""Z"", ""resnr"": ""156"", ""resnr_lig"": ""1"", ""restype"": ""LYS"", ""restype_lig"": ""LIG""}",brotizolam/alpha1/2026091905/pose_05/report.xml,d8ee46fb021e16039b5b5c55488c7f1807f6008c8ee9f702aa1aa747cb8214c6
brotizolam,alpha1,2026091905,6,2026091905:6,hydrophobic_interaction,D,203,VAL,"{""dist"": ""3.71"", ""id"": ""1"", ""ligcarbonidx"": ""27550"", ""ligcoo"": """", ""protcarbonidx"": ""9810"", ""protcoo"": """", ""reschain"": ""D"", ""reschain_lig"": ""Z"", ""resnr"": ""203"", ""resnr_lig"": ""1"", ""restype"": ""VAL"", ""restype_lig"": ""LIG""}",brotizolam/alpha1/2026091905/pose_06/report.xml,40ebe3faa3cc304b7eeeae06967fe779e024b34349066aa9cb9bfdf707e255c7
brotizolam,alpha1,2026091905,7,2026091905:7,hydrophobic_interaction,C,58,TYR,"{""dist"": ""3.86"", ""id"": ""1"", ""ligcarbonidx"": ""27533"", ""ligcoo"": """", ""protcarbonidx"": ""5805"", ""protcoo"": """", ""reschain"": ""C"", ""reschain_lig"": ""Z"", ""resnr"": ""58"", ""resnr_lig"": ""1"", ""restype"": ""TYR"", ""restype_lig"": ""LIG""}",brotizolam/alpha1/2026091905/pose_07/report.xml,7cd05cc748c30b63c6d8e1a94a39c4954fcf59d4ec5a676007bacced6d180679
brotizolam,alpha1,2026091905,7,2026091905:7,hydrophobic_interaction,D,203,VAL,"{""dist"": ""3.62"", ""id"": ""2"", ""ligcarbonidx"": ""27544"", ""ligcoo"": """", ""protcarbonidx"": ""9810"", ""protcoo"": """", ""reschain"": ""D"", ""reschain_lig"": ""Z"", ""resnr"": ""203"", ""resnr_lig"": ""1"", ""restype"": ""VAL"", ""restype_lig"": ""LIG""}",brotizolam/alpha1/2026091905/pose_07/report.xml,7cd05cc748c30b63c6d8e1a94a39c4954fcf59d4ec5a676007bacced6d180679
brotizolam,alpha1,2026091905,7,2026091905:7,pi_cation_interaction,D,156,LYS,"{""dist"": ""3.99"", ""id"": ""1"", ""lig_group"": ""Aromatic"", ""lig_idx_list"": """", ""ligcoo"": """", ""offset"": ""1.98"", ""prot_idx_list"": """", ""protcharged"": ""True"", ""protcoo"": """", ""reschain"": ""D"", ""reschain_lig"": ""Z"", ""resnr"": ""156"", ""resnr_lig"": ""1"", ""restype"": ""LYS"", ""restype_lig"": ""LIG""}",brotizolam/alpha1/2026091905/pose_07/report.xml,7cd05cc748c30b63c6d8e1a94a39c4954fcf59d4ec5a676007bacced6d180679
brotizolam,alpha1,2026091905,8,2026091905:8,hydrophobic_interaction,C,58,TYR,"{""dist"": ""3.88"", ""id"": ""1"", ""ligcarbonidx"": ""27550"", ""ligcoo"": """", ""protcarbonidx"": ""5806"", ""protcoo"": """", ""reschain"": ""C"", ""reschain_lig"": ""Z"", ""resnr"": ""58"", ""resnr_lig"": ""1"", ""restype"": ""TYR"", ""restype_lig"": ""LIG""}",brotizolam/alpha1/2026091905/pose_08/report.xml,9b63c54ecb5696f39e668fe7e9e665e20d7e13a64357563cca05663235faf378
brotizolam,alpha1,2026091905,8,2026091905:8,hydrophobic_interaction,C,77,PHE,"{""dist"": ""3.54"", ""id"": ""2"", ""ligcarbonidx"": ""27550"", ""ligcoo"": """", ""protcarbonidx"": ""5954"", ""protcoo"": """", ""reschain"": ""C"", ""reschain_lig"": ""Z"", ""resnr"": ""77"", ""resnr_lig"": ""1"", ""restype"": ""PHE"", ""restype_lig"": ""LIG""}",brotizolam/alpha1/2026091905/pose_08/report.xml,9b63c54ecb5696f39e668fe7e9e665e20d7e13a64357563cca05663235faf378
brotizolam,alpha1,2026091905,8,2026091905:8,hydrophobic_interaction,D,203,VAL,"{""dist"": ""3.64"", ""id"": ""3"", ""ligcarbonidx"": ""27547"", ""ligcoo"": """", ""protcarbonidx"": ""9810"", ""protcoo"": """", ""reschain"": ""D"", ""reschain_lig"": ""Z"", ""resnr"": ""203"", ""resnr_lig"": ""1"", ""restype"": ""VAL"", ""restype_lig"": ""LIG""}",brotizolam/alpha1/2026091905/pose_08/report.xml,9b63c54ecb5696f39e668fe7e9e665e20d7e13a64357563cca05663235faf378
brotizolam,alpha1,2026091905,8,2026091905:8,hydrogen_bond,C,60,ASN,"{""acceptoridx"": ""27536"", ""acceptortype"": ""Nar"", ""dist_d-a"": ""4.00"", ""dist_h-a"": ""3.13"", ""don_angle"": ""148.24"", ""donoridx"": ""5823"", ""donortype"": ""Nam"", ""id"": ""1"", ""ligcoo"": """", ""protcoo"": """", ""protisdon"": ""True"", ""reschain"": ""C"", ""reschain_lig"": ""Z"", ""resnr"": ""60"", ""resnr_lig"": ""1"", ""restype"": ""ASN"", ""restype_lig"": ""LIG"", ""sidechain"": ""True""}",brotizolam/alpha1/2026091905/pose_08/report.xml,9b63c54ecb5696f39e668fe7e9e665e20d7e13a64357563cca05663235faf378
brotizolam,alpha1,2026091905,8,2026091905:8,pi_cation_interaction,D,156,LYS,"{""dist"": ""3.86"", ""id"": ""1"", ""lig_group"": ""Aromatic"", ""lig_idx_list"": """", ""ligcoo"": """", ""offset"": ""1.28"", ""prot_idx_list"": """", ""protcharged"": ""True"", ""protcoo"": """", ""reschain"": ""D"", ""reschain_lig"": ""Z"", ""resnr"": ""156"", ""resnr_lig"": ""1"", ""restype"": ""LYS"", ""restype_lig"": ""LIG""}",brotizolam/alpha1/2026091905/pose_08/report.xml,9b63c54ecb5696f39e668fe7e9e665e20d7e13a64357563cca05663235faf378
brotizolam,alpha1,2026091905,9,2026091905:9,hydrophobic_interaction,D,102,HIS,"{""dist"": ""3.56"", ""id"": ""1"", ""ligcarbonidx"": ""27533"", ""ligcoo"": """", ""protcarbonidx"": ""9010"", ""protcoo"": """", ""reschain"": ""D"", ""reschain_lig"": ""Z"", ""resnr"": ""102"", ""resnr_lig"": ""1"", ""restype"": ""HIS"", ""restype_lig"": ""LIG""}",brotizolam/alpha1/2026091905/pose_09/report.xml,04bd7b5e928f766bf5344bf32a424d0e0aaf86743076d783699c4ddada093a00
brotizolam,alpha1,2026091905,9,2026091905:9,hydrophobic_interaction,D,203,VAL,"{""dist"": ""3.61"", ""id"": ""2"", ""ligcarbonidx"": ""27547"", ""ligcoo"": """", ""protcarbonidx"": ""9811"", ""protcoo"": """", ""reschain"": ""D"", ""reschain_lig"": ""Z"", ""resnr"": ""203"", ""resnr_lig"": ""1"", ""restype"": ""VAL"", ""restype_lig"": ""LIG""}",brotizolam/alpha1/2026091905/pose_09/report.xml,04bd7b5e928f766bf5344bf32a424d0e0aaf86743076d783699c4ddada093a00
brotizolam,alpha1,2026091905,9,2026091905:9,hydrogen_bond,C,60,ASN,"{""acceptoridx"": ""27535"", ""acceptortype"": ""Nar"", ""dist_d-a"": ""3.07"", ""dist_h-a"": ""2.14"", ""don_angle"": ""155.84"", ""donoridx"": ""5823"", ""donortype"": ""Nam"", ""id"": ""1"", ""ligcoo"": """", ""protcoo"": """", ""protisdon"": ""True"", ""reschain"": ""C"", ""reschain_lig"": ""Z"", ""resnr"": ""60"", ""resnr_lig"": ""1"", ""restype"": ""ASN"", ""restype_lig"": ""LIG"", ""sidechain"": ""True""}",brotizolam/alpha1/2026091905/pose_09/report.xml,04bd7b5e928f766bf5344bf32a424d0e0aaf86743076d783699c4ddada093a00
brotizolam,alpha2,2026091901,1,2026091901:1,hydrophobic_interaction,D,102,ASN,"{""dist"": ""3.63"", ""id"": ""1"", ""ligcarbonidx"": ""14172"", ""ligcoo"": """", ""protcarbonidx"": ""3474"", ""protcoo"": """", ""reschain"": ""D"", ""reschain_lig"": ""Z"", ""resnr"": ""102"", ""resnr_lig"": ""1"", ""restype"": ""ASN"", ""restype_lig"": ""LIG""}",brotizolam/alpha2/2026091901/pose_01/report.xml,fb883f2d41928d60df6153646b428c37238ab93ad7cd1d2c95e7ca8d8fb84b0e
brotizolam,alpha2,2026091901,1,2026091901:1,hydrophobic_interaction,D,155,LYS,"{""dist"": ""3.63"", ""id"": ""2"", ""ligcarbonidx"": ""14172"", ""ligcoo"": """", ""protcarbonidx"": ""3891"", ""protcoo"": """", ""reschain"": ""D"", ""reschain_lig"": ""Z"", ""resnr"": ""155"", ""resnr_lig"": ""1"", ""restype"": ""LYS"", ""restype_lig"": ""LIG""}",brotizolam/alpha2/2026091901/pose_01/report.xml,fb883f2d41928d60df6153646b428c37238ab93ad7cd1d2c95e7ca8d8fb84b0e
brotizolam,alpha2,2026091901,1,2026091901:1,hydrophobic_interaction,D,202,ILE,"{""dist"": ""3.96"", ""id"": ""3"", ""ligcarbonidx"": ""14157"", ""ligcoo"": """", ""protcarbonidx"": ""4260"", ""protcoo"": """", ""reschain"": ""D"", ""reschain_lig"": ""Z"", ""resnr"": ""202"", ""resnr_lig"": ""1"", ""restype"": ""ILE"", ""restype_lig"": ""LIG""}",brotizolam/alpha2/2026091901/pose_01/report.xml,fb883f2d41928d60df6153646b428c37238ab93ad7cd1d2c95e7ca8d8fb84b0e
brotizolam,alpha2,2026091901,2,2026091901:2,hydrophobic_interaction,D,102,ASN,"{""dist"": ""3.53"", ""id"": ""1"", ""ligcarbonidx"": ""14174"", ""ligcoo"": """", ""protcarbonidx"": ""3474"", ""protcoo"": """", ""reschain"": ""D"", ""reschain_lig"": ""Z"", ""resnr"": ""102"", ""resnr_lig"": ""1"", ""restype"": ""ASN"", ""restype_lig"": ""LIG""}",brotizolam/alpha2/2026091901/pose_02/report.xml,72b5f29a4204b2ec352e194e1c9d614243e66bb0bf9f2d78f266d62942074d39
brotizolam,alpha2,2026091901,2,2026091901:2,hydrophobic_interaction,D,202,ILE,"{""dist"": ""3.75"", ""id"": ""2"", ""ligcarbonidx"": ""14157"", ""ligcoo"": """", ""protcarbonidx"": ""4260"", ""protcoo"": """", ""reschain"": ""D"", ""reschain_lig"": ""Z"", ""resnr"": ""202"", ""resnr_lig"": ""1"", ""restype"": ""ILE"", ""restype_lig"": ""LIG""}",brotizolam/alpha2/2026091901/pose_02/report.xml,72b5f29a4204b2ec352e194e1c9d614243e66bb0bf9f2d78f266d62942074d39
brotizolam,alpha2,2026091901,3,2026091901:3,hydrophobic_interaction,E,58,TYR,"{""dist"": ""3.22"", ""id"": ""1"", ""ligcarbonidx"": ""14174"", ""ligcoo"": """", ""protcarbonidx"": ""5639"", ""protcoo"": """", ""reschain"": ""E"", ""reschain_lig"": ""Z"", ""resnr"": ""58"", ""resnr_lig"": ""1"", ""restype"": ""TYR"", ""restype_lig"": ""LIG""}",brotizolam/alpha2/2026091901/pose_03/report.xml,c89f06de362ec27d12379e74cd884154f62108580f1b41ad08aaece857f65f8f
brotizolam,alpha2,2026091901,3,2026091901:3,hydrophobic_interaction,E,60,ASN,"{""dist"": ""3.97"", ""id"": ""2"", ""ligcarbonidx"": ""14167"", ""ligcoo"": """", ""protcarbonidx"": ""5653"", ""protcoo"": """", ""reschain"": ""E"", ""reschain_lig"": ""Z"", ""resnr"": ""60"", ""resnr_lig"": ""1"", ""restype"": ""ASN"", ""restype_lig"": ""LIG""}",brotizolam/alpha2/2026091901/pose_03/report.xml,c89f06de362ec27d12379e74cd884154f62108580f1b41ad08aaece857f65f8f
brotizolam,alpha2,2026091901,3,2026091901:3,hydrophobic_interaction,E,77,PHE,"{""dist"": ""3.93"", ""id"": ""3"", ""ligcarbonidx"": ""14173"", ""ligcoo"": """", ""protcarbonidx"": ""5787"", ""protcoo"": """", ""reschain"": ""E"", ""reschain_lig"": ""Z"", ""resnr"": ""77"", ""resnr_lig"": ""1"", ""restype"": ""PHE"", ""restype_lig"": ""LIG""}",brotizolam/alpha2/2026091901/pose_03/report.xml,c89f06de362ec27d12379e74cd884154f62108580f1b41ad08aaece857f65f8f
brotizolam,alpha2,2026091901,3,2026091901:3,hydrophobic_interaction,D,102,ASN,"{""dist"": ""3.63"", ""id"": ""4"", ""ligcarbonidx"": ""14157"", ""ligcoo"": """", ""protcarbonidx"": ""3474"", ""protcoo"": """", ""reschain"": ""D"", ""reschain_lig"": ""Z"", ""resnr"": ""102"", ""resnr_lig"": ""1"", ""restype"": ""ASN"", ""restype_lig"": ""LIG""}",brotizolam/alpha2/2026091901/pose_03/report.xml,c89f06de362ec27d12379e74cd884154f62108580f1b41ad08aaece857f65f8f
brotizolam,alpha2,2026091901,3,2026091901:3,halogen_bond,E,75,ASP,"{""acc_angle"": ""133.53"", ""acc_idx"": ""5769"", ""acceptortype"": ""O2"", ""dist"": ""3.80"", ""don_angle"": ""154.38"", ""don_idx"": ""14166"", ""donortype"": ""Br"", ""id"": ""1"", ""ligcoo"": """", ""protcoo"": """", ""reschain"": ""E"", ""reschain_lig"": ""Z"", ""resnr"": ""75"", ""resnr_lig"": ""1"", ""restype"": ""ASP"", ""restype_lig"": ""LIG"", ""sidechain"": ""True""}",brotizolam/alpha2/2026091901/pose_03/report.xml,c89f06de362ec27d12379e74cd884154f62108580f1b41ad08aaece857f65f8f
brotizolam,alpha2,2026091901,4,2026091901:4,hydrophobic_interaction,D,202,ILE,"{""dist"": ""3.74"", ""id"": ""1"", ""ligcarbonidx"": ""14174"", ""ligcoo"": """", ""protcarbonidx"": ""4260"", ""protcoo"": """", ""reschain"": ""D"", ""reschain_lig"": ""Z"", ""resnr"": ""202"", ""resnr_lig"": ""1"", ""restype"": ""ILE"", ""restype_lig"": ""LIG""}",brotizolam/alpha2/2026091901/pose_04/report.xml,f25253a7fd355aa551c1d42a695a628ec3e2235b4e43e9157d60654fe2a4262e
brotizolam,alpha2,2026091901,5,2026091901:5,hydrophobic_interaction,D,101,HIS,"{""dist"": ""3.91"", ""id"": ""1"", ""ligcarbonidx"": ""14167"", ""ligcoo"": """", ""protcarbonidx"": ""3464"", ""protcoo"": """", ""reschain"": ""D"", ""reschain_lig"": ""Z"", ""resnr"": ""101"", ""resnr_lig"": ""1"", ""restype"": ""HIS"", ""restype_lig"": ""LIG""}",brotizolam/alpha2/2026091901/pose_05/report.xml,d616bdc82436f02245c2c9a875ee5015ec82da0cfb3baf6e3e14273c8262e7c0
brotizolam,alpha2,2026091901,5,2026091901:5,hydrophobic_interaction,D,202,ILE,"{""dist"": ""3.79"", ""id"": ""2"", ""ligcarbonidx"": ""14157"", ""ligcoo"": """", ""protcarbonidx"": ""4260"", ""protcoo"": """", ""reschain"": ""D"", ""reschain_lig"": ""Z"", ""resnr"": ""202"", ""resnr_lig"": ""1"", ""restype"": ""ILE"", ""restype_lig"": ""LIG""}",brotizolam/alpha2/2026091901/pose_05/report.xml,d616bdc82436f02245c2c9a875ee5015ec82da0cfb3baf6e3e14273c8262e7c0
brotizolam,alpha2,2026091901,6,2026091901:6,hydrophobic_interaction,E,58,TYR,"{""dist"": ""3.93"", ""id"": ""1"", ""ligcarbonidx"": ""14174"", ""ligcoo"": """", ""protcarbonidx"": ""5639"", ""protcoo"": """", ""reschain"": ""E"", ""reschain_lig"": ""Z"", ""resnr"": ""58"", ""resnr_lig"": ""1"", ""restype"": ""TYR"", ""restype_lig"": ""LIG""}",brotizolam/alpha2/2026091901/pose_06/report.xml,9904c9f0b5a61aa46d69ea4d1890a166ae65d4da65758b696f5934efa22994ba
brotizolam,alpha2,2026091901,6,2026091901:6,hydrophobic_interaction,E,77,PHE,"{""dist"": ""3.68"", ""id"": ""2"", ""ligcarbonidx"": ""14173"", ""ligcoo"": """", ""protcarbonidx"": ""5787"", ""protcoo"": """", ""reschain"": ""E"", ""reschain_lig"": ""Z"", ""resnr"": ""77"", ""resnr_lig"": ""1"", ""restype"": ""PHE"", ""restype_lig"": ""LIG""}",brotizolam/alpha2/2026091901/pose_06/report.xml,9904c9f0b5a61aa46d69ea4d1890a166ae65d4da65758b696f5934efa22994ba
brotizolam,alpha2,2026091901,6,2026091901:6,hydrophobic_interaction,D,101,HIS,"{""dist"": ""3.67"", ""id"": ""3"", ""ligcarbonidx"": ""14172"", ""ligcoo"": """", ""protcarbonidx"": ""3464"", ""protcoo"": """", ""reschain"": ""D"", ""reschain_lig"": ""Z"", ""resnr"": ""101"", ""resnr_lig"": ""1"", ""restype"": ""HIS"", ""restype_lig"": ""LIG""}",brotizolam/alpha2/2026091901/pose_06/report.xml,9904c9f0b5a61aa46d69ea4d1890a166ae65d4da65758b696f5934efa22994ba
brotizolam,alpha2,2026091901,6,2026091901:6,hydrophobic_interaction,D,153,PRO,"{""dist"": ""3.85"", ""id"": ""4"", ""ligcarbonidx"": ""14157"", ""ligcoo"": """", ""protcarbonidx"": ""3875"", ""protcoo"": """", ""reschain"": ""D"", ""reschain_lig"": ""Z"", ""resnr"": ""153"", ""resnr_lig"": ""1"", ""restype"": ""PRO"", ""restype_lig"": ""LIG""}",brotizolam/alpha2/2026091901/pose_06/report.xml,9904c9f0b5a61aa46d69ea4d1890a166ae65d4da65758b696f5934efa22994ba
brotizolam,alpha2,2026091901,7,2026091901:7,hydrophobic_interaction,E,58,TYR,"{""dist"": ""3.74"", ""id"": ""1"", ""ligcarbonidx"": ""14167"", ""ligcoo"": """", ""protcarbonidx"": ""5639"", ""protcoo"": """", ""reschain"": ""E"", ""reschain_lig"": ""Z"", ""resnr"": ""58"", ""resnr_lig"": ""1"", ""restype"": ""TYR"", ""restype_lig"": ""LIG""}",brotizolam/alpha2/2026091901/pose_07/report.xml,fd08563aa2735f105eded6791219fbde42c67daa6f84cdd462c0bc0fdc84ff91
brotizolam,alpha2,2026091901,7,2026091901:7,hydrophobic_interaction,E,77,PHE,"{""dist"": ""3.22"", ""id"": ""2"", ""ligcarbonidx"": ""14172"", ""ligcoo"": """", ""protcarbonidx"": ""5787"", ""protcoo"": """", ""reschain"": ""E"", ""reschain_lig"": ""Z"", ""resnr"": ""77"", ""resnr_lig"": ""1"", ""restype"": ""PHE"", ""restype_lig"": ""LIG""}",brotizolam/alpha2/2026091901/pose_07/report.xml,fd08563aa2735f105eded6791219fbde42c67daa6f84cdd462c0bc0fdc84ff91
brotizolam,alpha2,2026091901,7,2026091901:7,hydrophobic_interaction,D,202,ILE,"{""dist"": ""3.52"", ""id"": ""3"", ""ligcarbonidx"": ""14157"", ""ligcoo"": """", ""protcarbonidx"": ""4261"", ""protcoo"": """", ""reschain"": ""D"", ""reschain_lig"": ""Z"", ""resnr"": ""202"", ""resnr_lig"": ""1"", ""restype"": ""ILE"", ""restype_lig"": ""LIG""}",brotizolam/alpha2/2026091901/pose_07/report.xml,fd08563aa2735f105eded6791219fbde42c67daa6f84cdd462c0bc0fdc84ff91
brotizolam,alpha2,2026091901,8,2026091901:8,hydrophobic_interaction,D,202,ILE,"{""dist"": ""3.89"", ""id"": ""1"", ""ligcarbonidx"": ""14172"", ""ligcoo"": """", ""protcarbonidx"": ""4260"", ""protcoo"": """", ""reschain"": ""D"", ""reschain_lig"": ""Z"", ""resnr"": ""202"", ""resnr_lig"": ""1"", ""restype"": ""ILE"", ""restype_lig"": ""LIG""}",brotizolam/alpha2/2026091901/pose_08/report.xml,2cd2c3251456aedb67e4b683e638c7888e3b61413d3148fb08d3b88def343505
brotizolam,alpha2,2026091901,9,2026091901:9,hydrophobic_interaction,E,60,ASN,"{""dist"": ""3.89"", ""id"": ""1"", ""ligcarbonidx"": ""14157"", ""ligcoo"": """", ""protcarbonidx"": ""5653"", ""protcoo"": """", ""reschain"": ""E"", ""reschain_lig"": ""Z"", ""resnr"": ""60"", ""resnr_lig"": ""1"", ""restype"": ""ASN"", ""restype_lig"": ""LIG""}",brotizolam/alpha2/2026091901/pose_09/report.xml,89af93a3559bdb96d7f29ab04dd5d791d9b5d5e2094fc8e3051fa6774f76754a
brotizolam,alpha2,2026091901,9,2026091901:9,hydrophobic_interaction,D,202,ILE,"{""dist"": ""3.75"", ""id"": ""2"", ""ligcarbonidx"": ""14171"", ""ligcoo"": """", ""protcarbonidx"": ""4261"", ""protcoo"": """", ""reschain"": ""D"", ""reschain_lig"": ""Z"", ""resnr"": ""202"", ""resnr_lig"": ""1"", ""restype"": ""ILE"", ""restype_lig"": ""LIG""}",brotizolam/alpha2/2026091901/pose_09/report.xml,89af93a3559bdb96d7f29ab04dd5d791d9b5d5e2094fc8e3051fa6774f76754a
brotizolam,alpha2,2026091902,1,2026091902:1,hydrophobic_interaction,D,102,ASN,"{""dist"": ""3.62"", ""id"": ""1"", ""ligcarbonidx"": ""14172"", ""ligcoo"": """", ""protcarbonidx"": ""3474"", ""protcoo"": """", ""reschain"": ""D"", ""reschain_lig"": ""Z"", ""resnr"": ""102"", ""resnr_lig"": ""1"", ""restype"": ""ASN"", ""restype_lig"": ""LIG""}",brotizolam/alpha2/2026091902/pose_01/report.xml,11118096700014a32dce7950cb2e078d05ebc7bb9594feb6feb3260689568b1c
brotizolam,alpha2,2026091902,1,2026091902:1,hydrophobic_interaction,D,155,LYS,"{""dist"": ""3.65"", ""id"": ""2"", ""ligcarbonidx"": ""14172"", ""ligcoo"": """", ""protcarbonidx"": ""3891"", ""protcoo"": """", ""reschain"": ""D"", ""reschain_lig"": ""Z"", ""resnr"": ""155"", ""resnr_lig"": ""1"", ""restype"": ""LYS"", ""restype_lig"": ""LIG""}",brotizolam/alpha2/2026091902/pose_01/report.xml,11118096700014a32dce7950cb2e078d05ebc7bb9594feb6feb3260689568b1c
brotizolam,alpha2,2026091902,1,2026091902:1,hydrophobic_interaction,D,202,ILE,"{""dist"": ""3.96"", ""id"": ""3"", ""ligcarbonidx"": ""14157"", ""ligcoo"": """", ""protcarbonidx"": ""4260"", ""protcoo"": """", ""reschain"": ""D"", ""reschain_lig"": ""Z"", ""resnr"": ""202"", ""resnr_lig"": ""1"", ""restype"": ""ILE"", ""restype_lig"": ""LIG""}",brotizolam/alpha2/2026091902/pose_01/report.xml,11118096700014a32dce7950cb2e078d05ebc7bb9594feb6feb3260689568b1c
brotizolam,alpha2,2026091902,2,2026091902:2,hydrophobic_interaction,E,58,TYR,"{""dist"": ""3.38"", ""id"": ""1"", ""ligcarbonidx"": ""14170"", ""ligcoo"": """", ""protcarbonidx"": ""5639"", ""protcoo"": """", ""reschain"": ""E"", ""reschain_lig"": ""Z"", ""resnr"": ""58"", ""resnr_lig"": ""1"", ""restype"": ""TYR"", ""restype_lig"": ""LIG""}",brotizolam/alpha2/2026091902/pose_02/report.xml,926b64115d7bfa51ee03446cd91c5a62bd1d13143bb658f98ebf005f73383531
brotizolam,alpha2,2026091902,2,2026091902:2,hydrophobic_interaction,E,77,PHE,"{""dist"": ""2.89"", ""id"": ""2"", ""ligcarbonidx"": ""14171"", ""ligcoo"": """", ""protcarbonidx"": ""5787"", ""protcoo"": """", ""reschain"": ""E"", ""reschain_lig"": ""Z"", ""resnr"": ""77"", ""resnr_lig"": ""1"", ""restype"": ""PHE"", ""restype_lig"": ""LIG""}",brotizolam/alpha2/2026091902/pose_02/report.xml,926b64115d7bfa51ee03446cd91c5a62bd1d13143bb658f98ebf005f73383531
brotizolam,alpha2,2026091902,2,2026091902:2,hydrophobic_interaction,E,77,PHE,"{""dist"": ""3.67"", ""id"": ""3"", ""ligcarbonidx"": ""14157"", ""ligcoo"": """", ""protcarbonidx"": ""5783"", ""protcoo"": """", ""reschain"": ""E"", ""reschain_lig"": ""Z"", ""resnr"": ""77"", ""resnr_lig"": ""1"", ""restype"": ""PHE"", ""restype_lig"": ""LIG""}",brotizolam/alpha2/2026091902/pose_02/report.xml,926b64115d7bfa51ee03446cd91c5a62bd1d13143bb658f98ebf005f73383531
brotizolam,alpha2,2026091902,2,2026091902:2,hydrophobic_interaction,E,142,THR,"{""dist"": ""3.49"", ""id"": ""4"", ""ligcarbonidx"": ""14157"", ""ligcoo"": """", ""protcarbonidx"": ""6347"", ""protcoo"": """", ""reschain"": ""E"", ""reschain_lig"": ""Z"", ""resnr"": ""142"", ""resnr_lig"": ""1"", ""restype"": ""THR"", ""restype_lig"": ""LIG""}",brotizolam/alpha2/2026091902/pose_02/report.xml,926b64115d7bfa51ee03446cd91c5a62bd1d13143bb658f98ebf005f73383531
brotizolam,alpha2,2026091902,2,2026091902:2,hydrophobic_interaction,D,159,TYR,"{""dist"": ""3.86"", ""id"": ""5"", ""ligcarbonidx"": ""14157"", ""ligcoo"": """", ""protcarbonidx"": ""3923"", ""protcoo"": """", ""reschain"": ""D"", ""reschain_lig"": ""Z"", ""resnr"": ""159"", ""resnr_lig"": ""1"", ""restype"": ""TYR"", ""restype_lig"": ""LIG""}",brotizolam/alpha2/2026091902/pose_02/report.xml,926b64115d7bfa51ee03446cd91c5a62bd1d13143bb658f98ebf005f73383531
brotizolam,alpha2,2026091902,2,2026091902:2,pi_cation_interaction,D,101,HIS,"{""dist"": ""5.96"", ""id"": ""1"", ""lig_group"": ""Aromatic"", ""lig_idx_list"": """", ""ligcoo"": """", ""offset"": ""1.75"", ""prot_idx_list"": """", ""protcharged"": ""True"", ""protcoo"": """", ""reschain"": ""D"", ""reschain_lig"": ""Z"", ""resnr"": ""101"", ""resnr_lig"": ""1"", ""restype"": ""HIS"", ""restype_lig"": ""LIG""}",brotizolam/alpha2/2026091902/pose_02/report.xml,926b64115d7bfa51ee03446cd91c5a62bd1d13143bb658f98ebf005f73383531
brotizolam,alpha2,2026091902,2,2026091902:2,halogen_bond,D,203,LYS,"{""acc_angle"": ""120.79"", ""acc_idx"": ""4265"", ""acceptortype"": ""O2"", ""dist"": ""3.53"", ""don_angle"": ""164.52"", ""don_idx"": ""14176"", ""donortype"": ""Cl"", ""id"": ""1"", ""ligcoo"": """", ""protcoo"": """", ""reschain"": ""D"", ""reschain_lig"": ""Z"", ""resnr"": ""203"", ""resnr_lig"": ""1"", ""restype"": ""LYS"", ""restype_lig"": ""LIG"", ""sidechain"": ""False""}",brotizolam/alpha2/2026091902/pose_02/report.xml,926b64115d7bfa51ee03446cd91c5a62bd1d13143bb658f98ebf005f73383531
brotizolam,alpha2,2026091902,3,2026091902:3,hydrophobic_interaction,D,202,ILE,"{""dist"": ""3.62"", ""id"": ""1"", ""ligcarbonidx"": ""14174"", ""ligcoo"": """", ""protcarbonidx"": ""4261"", ""protcoo"": """", ""reschain"": ""D"", ""reschain_lig"": ""Z"", ""resnr"": ""202"", ""resnr_lig"": ""1"", ""restype"": ""ILE"", ""restype_lig"": ""LIG""}",brotizolam/alpha2/2026091902/pose_03/report.xml,57192aac0200b11ae5813221b92bca6bc30371adc746208e0071aeed916c3b6e
brotizolam,alpha2,2026091902,3,2026091902:3,hydrophobic_interaction,D,202,ILE,"{""dist"": ""3.95"", ""id"": ""2"", ""ligcarbonidx"": ""14173"", ""ligcoo"": """", ""protcarbonidx"": ""4260"", ""protcoo"": """", ""reschain"": ""D"", ""reschain_lig"": ""Z"", ""resnr"": ""202"", ""resnr_lig"": ""1"", ""restype"": ""ILE"", ""restype_lig"": ""LIG""}",brotizolam/alpha2/2026091902/pose_03/report.xml,57192aac0200b11ae5813221b92bca6bc30371adc746208e0071aeed916c3b6e
brotizolam,alpha2,2026091902,4,2026091902:4,hydrophobic_interaction,E,60,ASN,"{""dist"": ""3.48"", ""id"": ""1"", ""ligcarbonidx"": ""14174"", ""ligcoo"": """", ""protcarbonidx"": ""5653"", ""protcoo"": """", ""reschain"": ""E"", ""reschain_lig"": ""Z"", ""resnr"": ""60"", ""resnr_lig"": ""1"", ""restype"": ""ASN"", ""restype_lig"": ""LIG""}",brotizolam/alpha2/2026091902/pose_04/report.xml,d8201d0c3e6c4089464331b64ba35e98feb14c617471e444957b23743e18d124
brotizolam,alpha2,2026091902,4,2026091902:4,hydrogen_bond,E,58,TYR,"{""acceptoridx"": ""14159"", ""acceptortype"": ""Nar"", ""dist_d-a"": ""3.42"", ""dist_h-a"": ""3.09"", ""don_angle"": ""102.33"", ""donoridx"": ""5641"", ""donortype"": ""O2"", ""id"": ""1"", ""ligcoo"": """", ""protcoo"": """", ""protisdon"": ""True"", ""reschain"": ""E"", ""reschain_lig"": ""Z"", ""resnr"": ""58"", ""resnr_lig"": ""1"", ""restype"": ""TYR"", ""restype_lig"": ""LIG"", ""sidechain"": ""True""}",brotizolam/alpha2/2026091902/pose_04/report.xml,d8201d0c3e6c4089464331b64ba35e98feb14c617471e444957b23743e18d124
brotizolam,alpha2,2026091902,4,2026091902:4,halogen_bond,E,58,TYR,"{""acc_angle"": ""99.25"", ""acc_idx"": ""5641"", ""acceptortype"": ""O2"", ""dist"": ""3.55"", ""don_angle"": ""144.65"", ""don_idx"": ""14176"", ""donortype"": ""Cl"", ""id"": ""1"", ""ligcoo"": """", ""protcoo"": """", ""reschain"": ""E"", ""reschain_lig"": ""Z"", ""resnr"": ""58"", ""resnr_lig"": ""1"", ""restype"": ""TYR"", ""restype_lig"": ""LIG"", ""sidechain"": ""True""}",brotizolam/alpha2/2026091902/pose_04/report.xml,d8201d0c3e6c4089464331b64ba35e98feb14c617471e444957b23743e18d124
brotizolam,alpha2,2026091902,5,2026091902:5,hydrophobic_interaction,D,101,HIS,"{""dist"": ""3.95"", ""id"": ""1"", ""ligcarbonidx"": ""14167"", ""ligcoo"": """", ""protcarbonidx"": ""3464"", ""protcoo"": """", ""reschain"": ""D"", ""reschain_lig"": ""Z"", ""resnr"": ""101"", ""resnr_lig"": ""1"", ""restype"": ""HIS"", ""restype_lig"": ""LIG""}",brotizolam/alpha2/2026091902/pose_05/report.xml,0a5746cdf1bc5f0c0ff0ad16d0383cacf14e28d1035acaf9c559b546e1438690
brotizolam,alpha2,2026091902,5,2026091902:5,hydrophobic_interaction,D,202,ILE,"{""dist"": ""3.73"", ""id"": ""2"", ""ligcarbonidx"": ""14157"", ""ligcoo"": """", ""protcarbonidx"": ""4260"", ""protcoo"": """", ""reschain"": ""D"", ""reschain_lig"": ""Z"", ""resnr"": ""202"", ""resnr_lig"": ""1"", ""restype"": ""ILE"", ""restype_lig"": ""LIG""}",brotizolam/alpha2/2026091902/pose_05/report.xml,0a5746cdf1bc5f0c0ff0ad16d0383cacf14e28d1035acaf9c559b546e1438690
brotizolam,alpha2,2026091902,6,2026091902:6,hydrophobic_interaction,E,58,TYR,"{""dist"": ""3.37"", ""id"": ""1"", ""ligcarbonidx"": ""14171"", ""ligcoo"": """", ""protcarbonidx"": ""5639"", ""protcoo"": """", ""reschain"": ""E"", ""reschain_lig"": ""Z"", ""resnr"": ""58"", ""resnr_lig"": ""1"", ""restype"": ""TYR"", ""restype_lig"": ""LIG""}",brotizolam/alpha2/2026091902/pose_06/report.xml,edb99c0d794db9a5ca0fe613074360961b1aa9734111dc11d239f4ea635589ce
brotizolam,alpha2,2026091902,6,2026091902:6,hydrophobic_interaction,E,60,ASN,"{""dist"": ""3.53"", ""id"": ""2"", ""ligcarbonidx"": ""14167"", ""ligcoo"": """", ""protcarbonidx"": ""5653"", ""protcoo"": """", ""reschain"": ""E"", ""reschain_lig"": ""Z"", ""resnr"": ""60"", ""resnr_lig"": ""1"", ""restype"": ""ASN"", ""restype_lig"": ""LIG""}",brotizolam/alpha2/2026091902/pose_06/report.xml,edb99c0d794db9a5ca0fe613074360961b1aa9734111dc11d239f4ea635589ce
brotizolam,alpha2,2026091902,6,2026091902:6,hydrophobic_interaction,E,77,PHE,"{""dist"": ""3.47"", ""id"": ""3"", ""ligcarbonidx"": ""14172"", ""ligcoo"": """", ""protcarbonidx"": ""5787"", ""protcoo"": """", ""reschain"": ""E"", ""reschain_lig"": ""Z"", ""resnr"": ""77"", ""resnr_lig"": ""1"", ""restype"": ""PHE"", ""restype_lig"": ""LIG""}",brotizolam/alpha2/2026091902/pose_06/report.xml,edb99c0d794db9a5ca0fe613074360961b1aa9734111dc11d239f4ea635589ce
brotizolam,alpha2,2026091902,6,2026091902:6,halogen_bond,E,75,ASP,"{""acc_angle"": ""128.97"", ""acc_idx"": ""5769"", ""acceptortype"": ""O2"", ""dist"": ""3.64"", ""don_angle"": ""153.98"", ""don_idx"": ""14166"", ""donortype"": ""Br"", ""id"": ""1"", ""ligcoo"": """", ""protcoo"": """", ""reschain"": ""E"", ""reschain_lig"": ""Z"", ""resnr"": ""75"", ""resnr_lig"": ""1"", ""restype"": ""ASP"", ""restype_lig"": ""LIG"", ""sidechain"": ""True""}",brotizolam/alpha2/2026091902/pose_06/report.xml,edb99c0d794db9a5ca0fe613074360961b1aa9734111dc11d239f4ea635589ce
brotizolam,alpha2,2026091902,7,2026091902:7,hydrophobic_interaction,D,202,ILE,"{""dist"": ""3.76"", ""id"": ""1"", ""ligcarbonidx"": ""14172"", ""ligcoo"": """", ""protcarbonidx"": ""4260"", ""protcoo"": """", ""reschain"": ""D"", ""reschain_lig"": ""Z"", ""resnr"": ""202"", ""resnr_lig"": ""1"", ""restype"": ""ILE"", ""restype_lig"": ""LIG""}",brotizolam/alpha2/2026091902/pose_07/report.xml,c126ddacea306b0eb6d3c2581d977d344a6b62457eeb0e721716734e9446cacb
brotizolam,alpha2,2026091902,8,2026091902:8,hydrophobic_interaction,E,77,PHE,"{""dist"": ""3.69"", ""id"": ""1"", ""ligcarbonidx"": ""14157"", ""ligcoo"": """", ""protcarbonidx"": ""5787"", ""protcoo"": """", ""reschain"": ""E"", ""reschain_lig"": ""Z"", ""resnr"": ""77"", ""resnr_lig"": ""1"", ""restype"": ""PHE"", ""restype_lig"": ""LIG""}",brotizolam/alpha2/2026091902/pose_08/report.xml,5c8efa7c1f5b77c6616409c694f30ed3354429c7b4b6e2d446a8f5122b7b0623
brotizolam,alpha2,2026091902,8,2026091902:8,hydrophobic_interaction,D,155,LYS,"{""dist"": ""3.88"", ""id"": ""2"", ""ligcarbonidx"": ""14174"", ""ligcoo"": """", ""protcarbonidx"": ""3891"", ""protcoo"": """", ""reschain"": ""D"", ""reschain_lig"": ""Z"", ""resnr"": ""155"", ""resnr_lig"": ""1"", ""restype"": ""LYS"", ""restype_lig"": ""LIG""}",brotizolam/alpha2/2026091902/pose_08/report.xml,5c8efa7c1f5b77c6616409c694f30ed3354429c7b4b6e2d446a8f5122b7b0623
brotizolam,alpha2,2026091903,1,2026091903:1,hydrophobic_interaction,D,102,ASN,"{""dist"": ""3.62"", ""id"": ""1"", ""ligcarbonidx"": ""14172"", ""ligcoo"": """", ""protcarbonidx"": ""3474"", ""protcoo"": """", ""reschain"": ""D"", ""reschain_lig"": ""Z"", ""resnr"": ""102"", ""resnr_lig"": ""1"", ""restype"": ""ASN"", ""restype_lig"": ""LIG""}",brotizolam/alpha2/2026091903/pose_01/report.xml,98ba1eb7bbf0112731d9d7115e95e52ae98ff687dc1f5d59e6d8df7b1fb9c47e
brotizolam,alpha2,2026091903,1,2026091903:1,hydrophobic_interaction,D,155,LYS,"{""dist"": ""3.62"", ""id"": ""2"", ""ligcarbonidx"": ""14172"", ""ligcoo"": """", ""protcarbonidx"": ""3891"", ""protcoo"": """", ""reschain"": ""D"", ""reschain_lig"": ""Z"", ""resnr"": ""155"", ""resnr_lig"": ""1"", ""restype"": ""LYS"", ""restype_lig"": ""LIG""}",brotizolam/alpha2/2026091903/pose_01/report.xml,98ba1eb7bbf0112731d9d7115e95e52ae98ff687dc1f5d59e6d8df7b1fb9c47e
brotizolam,alpha2,2026091903,1,2026091903:1,hydrophobic_interaction,D,202,ILE,"{""dist"": ""3.97"", ""id"": ""3"", ""ligcarbonidx"": ""14157"", ""ligcoo"": """", ""protcarbonidx"": ""4260"", ""protcoo"": """", ""reschain"": ""D"", ""reschain_lig"": ""Z"", ""resnr"": ""202"", ""resnr_lig"": ""1"", ""restype"": ""ILE"", ""restype_lig"": ""LIG""}",brotizolam/alpha2/2026091903/pose_01/report.xml,98ba1eb7bbf0112731d9d7115e95e52ae98ff687dc1f5d59e6d8df7b1fb9c47e
brotizolam,alpha2,2026091903,2,2026091903:2,hydrophobic_interaction,D,202,ILE,"{""dist"": ""3.58"", ""id"": ""1"", ""ligcarbonidx"": ""14174"", ""ligcoo"": """", ""protcarbonidx"": ""4261"", ""protcoo"": """", ""reschain"": ""D"", ""reschain_lig"": ""Z"", ""resnr"": ""202"", ""resnr_lig"": ""1"", ""restype"": ""ILE"", ""restype_lig"": ""LIG""}",brotizolam/alpha2/2026091903/pose_02/report.xml,2a3f407de7025f86c186f184af2881aea59cb3409c759675d30aaf8a5a3f9287
brotizolam,alpha2,2026091903,2,2026091903:2,hydrophobic_interaction,D,202,ILE,"{""dist"": ""3.81"", ""id"": ""2"", ""ligcarbonidx"": ""14173"", ""ligcoo"": """", ""protcarbonidx"": ""4260"", ""protcoo"": """", ""reschain"": ""D"", ""reschain_lig"": ""Z"", ""resnr"": ""202"", ""resnr_lig"": ""1"", ""restype"": ""ILE"", ""restype_lig"": ""LIG""}",brotizolam/alpha2/2026091903/pose_02/report.xml,2a3f407de7025f86c186f184af2881aea59cb3409c759675d30aaf8a5a3f9287
brotizolam,alpha2,2026091903,3,2026091903:3,hydrophobic_interaction,D,101,HIS,"{""dist"": ""3.96"", ""id"": ""1"", ""ligcarbonidx"": ""14167"", ""ligcoo"": """", ""protcarbonidx"": ""3464"", ""protcoo"": """", ""reschain"": ""D"", ""reschain_lig"": ""Z"", ""resnr"": ""101"", ""resnr_lig"": ""1"", ""restype"": ""HIS"", ""restype_lig"": ""LIG""}",brotizolam/alpha2/2026091903/pose_03/report.xml,8d2ee63eb6050549a81d906c0c3aecce7f0c364aff87bff61b310d0e4751f355
brotizolam,alpha2,2026091903,3,2026091903:3,hydrophobic_interaction,D,202,ILE,"{""dist"": ""3.74"", ""id"": ""2"", ""ligcarbonidx"": ""14157"", ""ligcoo"": """", ""protcarbonidx"": ""4260"", ""protcoo"": """", ""reschain"": ""D"", ""reschain_lig"": ""Z"", ""resnr"": ""202"", ""resnr_lig"": ""1"", ""restype"": ""ILE"", ""restype_lig"": ""LIG""}",brotizolam/alpha2/2026091903/pose_03/report.xml,8d2ee63eb6050549a81d906c0c3aecce7f0c364aff87bff61b310d0e4751f355
brotizolam,alpha2,2026091903,4,2026091903:4,hydrophobic_interaction,E,60,ASN,"{""dist"": ""3.50"", ""id"": ""1"", ""ligcarbonidx"": ""14174"", ""ligcoo"": """", ""protcarbonidx"": ""5653"", ""protcoo"": """", ""reschain"": ""E"", ""reschain_lig"": ""Z"", ""resnr"": ""60"", ""resnr_lig"": ""1"", ""restype"": ""ASN"", ""restype_lig"": ""LIG""}",brotizolam/alpha2/2026091903/pose_04/report.xml,15e36878b4ec033526f98324fc29499d1052bfe392a0ccaa7adfb60bc61ecd0f
brotizolam,alpha2,2026091903,4,2026091903:4,hydrogen_bond,E,58,TYR,"{""acceptoridx"": ""14159"", ""acceptortype"": ""Nar"", ""dist_d-a"": ""3.52"", ""dist_h-a"": ""3.20"", ""don_angle"": ""102.74"", ""donoridx"": ""5641"", ""donortype"": ""O2"", ""id"": ""1"", ""ligcoo"": """", ""protcoo"": """", ""protisdon"": ""True"", ""reschain"": ""E"", ""reschain_lig"": ""Z"", ""resnr"": ""58"", ""resnr_lig"": ""1"", ""restype"": ""TYR"", ""restype_lig"": ""LIG"", ""sidechain"": ""True""}",brotizolam/alpha2/2026091903/pose_04/report.xml,15e36878b4ec033526f98324fc29499d1052bfe392a0ccaa7adfb60bc61ecd0f
brotizolam,alpha2,2026091903,4,2026091903:4,halogen_bond,E,58,TYR,"{""acc_angle"": ""99.58"", ""acc_idx"": ""5641"", ""acceptortype"": ""O2"", ""dist"": ""3.53"", ""don_angle"": ""146.31"", ""don_idx"": ""14176"", ""donortype"": ""Cl"", ""id"": ""1"", ""ligcoo"": """", ""protcoo"": """", ""reschain"": ""E"", ""reschain_lig"": ""Z"", ""resnr"": ""58"", ""resnr_lig"": ""1"", ""restype"": ""TYR"", ""restype_lig"": ""LIG"", ""sidechain"": ""True""}",brotizolam/alpha2/2026091903/pose_04/report.xml,15e36878b4ec033526f98324fc29499d1052bfe392a0ccaa7adfb60bc61ecd0f
brotizolam,alpha2,2026091903,5,2026091903:5,hydrophobic_interaction,E,77,PHE,"{""dist"": ""3.68"", ""id"": ""1"", ""ligcarbonidx"": ""14157"", ""ligcoo"": """", ""protcarbonidx"": ""5788"", ""protcoo"": """", ""reschain"": ""E"", ""reschain_lig"": ""Z"", ""resnr"": ""77"", ""resnr_lig"": ""1"", ""restype"": ""PHE"", ""restype_lig"": ""LIG""}",brotizolam/alpha2/2026091903/pose_05/report.xml,778f400064448f4328a77552367c307d3aa5339ec83e48bb519864342e6daf78
brotizolam,alpha2,2026091903,5,2026091903:5,hydrophobic_interaction,D,202,ILE,"{""dist"": ""3.79"", ""id"": ""2"", ""ligcarbonidx"": ""14172"", ""ligcoo"": """", ""protcarbonidx"": ""4261"", ""protcoo"": """", ""reschain"": ""D"", ""reschain_lig"": ""Z"", ""resnr"": ""202"", ""resnr_lig"": ""1"", ""restype"": ""ILE"", ""restype_lig"": ""LIG""}",brotizolam/alpha2/2026091903/pose_05/report.xml,778f400064448f4328a77552367c307d3aa5339ec83e48bb519864342e6daf78
brotizolam,alpha2,2026091903,5,2026091903:5,halogen_bond,D,203,LYS,"{""acc_angle"": ""115.82"", ""acc_idx"": ""4265"", ""acceptortype"": ""O2"", ""dist"": ""3.89"", ""don_angle"": ""149.70"", ""don_idx"": ""14166"", ""donortype"": ""Br"", ""id"": ""1"", ""ligcoo"": """", ""protcoo"": """", ""reschain"": ""D"", ""reschain_lig"": ""Z"", ""resnr"": ""203"", ""resnr_lig"": ""1"", ""restype"": ""LYS"", ""restype_lig"": ""LIG"", ""sidechain"": ""False""}",brotizolam/alpha2/2026091903/pose_05/report.xml,778f400064448f4328a77552367c307d3aa5339ec83e48bb519864342e6daf78
brotizolam,alpha2,2026091903,6,2026091903:6,hydrophobic_interaction,E,60,ASN,"{""dist"": ""3.53"", ""id"": ""1"", ""ligcarbonidx"": ""14174"", ""ligcoo"": """", ""protcarbonidx"": ""5653"", ""protcoo"": """", ""reschain"": ""E"", ""reschain_lig"": ""Z"", ""resnr"": ""60"", ""resnr_lig"": ""1"", ""restype"": ""ASN"", ""restype_lig"": ""LIG""}",brotizolam/alpha2/2026091903/pose_06/report.xml,32b1faa1b8f8984e1f0da0f90faba12499b847e12c269454b469949d6b4a8ae2
brotizolam,alpha2,2026091903,6,2026091903:6,hydrophobic_interaction,D,202,ILE,"{""dist"": ""3.59"", ""id"": ""2"", ""ligcarbonidx"": ""14157"", ""ligcoo"": """", ""protcarbonidx"": ""4261"", ""protcoo"": """", ""reschain"": ""D"", ""reschain_lig"": ""Z"", ""resnr"": ""202"", ""resnr_lig"": ""1"", ""restype"": ""ILE"", ""restype_lig"": ""LIG""}",brotizolam/alpha2/2026091903/pose_06/report.xml,32b1faa1b8f8984e1f0da0f90faba12499b847e12c269454b469949d6b4a8ae2
brotizolam,alpha2,2026091903,7,2026091903:7,hydrophobic_interaction,D,202,ILE,"{""dist"": ""3.73"", ""id"": ""1"", ""ligcarbonidx"": ""14157"", ""ligcoo"": """", ""protcarbonidx"": ""4260"", ""protcoo"": """", ""reschain"": ""D"", ""reschain_lig"": ""Z"", ""resnr"": ""202"", ""resnr_lig"": ""1"", ""restype"": ""ILE"", ""restype_lig"": ""LIG""}",brotizolam/alpha2/2026091903/pose_07/report.xml,ff529d5961845dba96d591a0d654163c9b1f655f70c3b38cd8f3dcc10cfade0b
brotizolam,alpha2,2026091903,8,2026091903:8,hydrophobic_interaction,E,77,PHE,"{""dist"": ""3.74"", ""id"": ""1"", ""ligcarbonidx"": ""14157"", ""ligcoo"": """", ""protcarbonidx"": ""5787"", ""protcoo"": """", ""reschain"": ""E"", ""reschain_lig"": ""Z"", ""resnr"": ""77"", ""resnr_lig"": ""1"", ""restype"": ""PHE"", ""restype_lig"": ""LIG""}",brotizolam/alpha2/2026091903/pose_08/report.xml,b63e928958367e6bc0b9b717a0c5b6963f77a3fddf5606920c28dbe1645ae613
brotizolam,alpha2,2026091903,8,2026091903:8,hydrophobic_interaction,D,155,LYS,"{""dist"": ""3.53"", ""id"": ""2"", ""ligcarbonidx"": ""14174"", ""ligcoo"": """", ""protcarbonidx"": ""3891"", ""protcoo"": """", ""reschain"": ""D"", ""reschain_lig"": ""Z"", ""resnr"": ""155"", ""resnr_lig"": ""1"", ""restype"": ""LYS"", ""restype_lig"": ""LIG""}",brotizolam/alpha2/2026091903/pose_08/report.xml,b63e928958367e6bc0b9b717a0c5b6963f77a3fddf5606920c28dbe1645ae613
brotizolam,alpha2,2026091903,9,2026091903:9,hydrophobic_interaction,D,202,ILE,"{""dist"": ""3.72"", ""id"": ""1"", ""ligcarbonidx"": ""14172"", ""ligcoo"": """", ""protcarbonidx"": ""4260"", ""protcoo"": """", ""reschain"": ""D"", ""reschain_lig"": ""Z"", ""resnr"": ""202"", ""resnr_lig"": ""1"", ""restype"": ""ILE"", ""restype_lig"": ""LIG""}",brotizolam/alpha2/2026091903/pose_09/report.xml,ec30148d157f3088e06e9bb57299c30fff477cccf444ee0f73d689319b677117
brotizolam,alpha2,2026091904,1,2026091904:1,hydrophobic_interaction,D,102,ASN,"{""dist"": ""3.63"", ""id"": ""1"", ""ligcarbonidx"": ""14172"", ""ligcoo"": """", ""protcarbonidx"": ""3474"", ""protcoo"": """", ""reschain"": ""D"", ""reschain_lig"": ""Z"", ""resnr"": ""102"", ""resnr_lig"": ""1"", ""restype"": ""ASN"", ""restype_lig"": ""LIG""}",brotizolam/alpha2/2026091904/pose_01/report.xml,c5f7e2d52b10f9a501e12ba1cf0054510f4620015893fb0b9aff0f4c6e2d3bc6
brotizolam,alpha2,2026091904,1,2026091904:1,hydrophobic_interaction,D,155,LYS,"{""dist"": ""3.66"", ""id"": ""2"", ""ligcarbonidx"": ""14172"", ""ligcoo"": """", ""protcarbonidx"": ""3891"", ""protcoo"": """", ""reschain"": ""D"", ""reschain_lig"": ""Z"", ""resnr"": ""155"", ""resnr_lig"": ""1"", ""restype"": ""LYS"", ""restype_lig"": ""LIG""}",brotizolam/alpha2/2026091904/pose_01/report.xml,c5f7e2d52b10f9a501e12ba1cf0054510f4620015893fb0b9aff0f4c6e2d3bc6
brotizolam,alpha2,2026091904,1,2026091904:1,hydrophobic_interaction,D,202,ILE,"{""dist"": ""3.95"", ""id"": ""3"", ""ligcarbonidx"": ""14157"", ""ligcoo"": """", ""protcarbonidx"": ""4260"", ""protcoo"": """", ""reschain"": ""D"", ""reschain_lig"": ""Z"", ""resnr"": ""202"", ""resnr_lig"": ""1"", ""restype"": ""ILE"", ""restype_lig"": ""LIG""}",brotizolam/alpha2/2026091904/pose_01/report.xml,c5f7e2d52b10f9a501e12ba1cf0054510f4620015893fb0b9aff0f4c6e2d3bc6
brotizolam,alpha2,2026091904,2,2026091904:2,hydrophobic_interaction,E,77,PHE,"{""dist"": ""3.73"", ""id"": ""1"", ""ligcarbonidx"": ""14174"", ""ligcoo"": """", ""protcarbonidx"": ""5787"", ""protcoo"": """", ""reschain"": ""E"", ""reschain_lig"": ""Z"", ""resnr"": ""77"", ""resnr_lig"": ""1"", ""restype"": ""PHE"", ""restype_lig"": ""LIG""}",brotizolam/alpha2/2026091904/pose_02/report.xml,6bccea0fd15dfbc6aeee4cb2f8662e95789a6303fcf45d7fdc9d57a2084576b3
brotizolam,alpha2,2026091904,2,2026091904:2,hydrophobic_interaction,D,202,ILE,"{""dist"": ""3.67"", ""id"": ""2"", ""ligcarbonidx"": ""14171"", ""ligcoo"": """", ""protcarbonidx"": ""4260"", ""protcoo"": """", ""reschain"": ""D"", ""reschain_lig"": ""Z"", ""resnr"": ""202"", ""resnr_lig"": ""1"", ""restype"": ""ILE"", ""restype_lig"": ""LIG""}",brotizolam/alpha2/2026091904/pose_02/report.xml,6bccea0fd15dfbc6aeee4cb2f8662e95789a6303fcf45d7fdc9d57a2084576b3
brotizolam,alpha2,2026091904,2,2026091904:2,hydrophobic_interaction,D,202,ILE,"{""dist"": ""3.58"", ""id"": ""3"", ""ligcarbonidx"": ""14157"", ""ligcoo"": """", ""protcarbonidx"": ""4261"", ""protcoo"": """", ""reschain"": ""D"", ""reschain_lig"": ""Z"", ""resnr"": ""202"", ""resnr_lig"": ""1"", ""restype"": ""ILE"", ""restype_lig"": ""LIG""}",brotizolam/alpha2/2026091904/pose_02/report.xml,6bccea0fd15dfbc6aeee4cb2f8662e95789a6303fcf45d7fdc9d57a2084576b3
brotizolam,alpha2,2026091904,2,2026091904:2,hydrophobic_interaction,D,209,TYR,"{""dist"": ""3.66"", ""id"": ""4"", ""ligcarbonidx"": ""14173"", ""ligcoo"": """", ""protcarbonidx"": ""4310"", ""protcoo"": """", ""reschain"": ""D"", ""reschain_lig"": ""Z"", ""resnr"": ""209"", ""resnr_lig"": ""1"", ""restype"": ""TYR"", ""restype_lig"": ""LIG""}",brotizolam/alpha2/2026091904/pose_02/report.xml,6bccea0fd15dfbc6aeee4cb2f8662e95789a6303fcf45d7fdc9d57a2084576b3
brotizolam,alpha2,2026091904,3,2026091904:3,hydrophobic_interaction,E,58,TYR,"{""dist"": ""3.28"", ""id"": ""1"", ""ligcarbonidx"": ""14174"", ""ligcoo"": """", ""protcarbonidx"": ""5639"", ""protcoo"": """", ""reschain"": ""E"", ""reschain_lig"": ""Z"", ""resnr"": ""58"", ""resnr_lig"": ""1"", ""restype"": ""TYR"", ""restype_lig"": ""LIG""}",brotizolam/alpha2/2026091904/pose_03/report.xml,09723a9b66ab9cb639f4fcae66bf7541f9ad54e46d1da024aab4aeeeb2c0eed9
brotizolam,alpha2,2026091904,3,2026091904:3,hydrophobic_interaction,D,102,ASN,"{""dist"": ""3.73"", ""id"": ""2"", ""ligcarbonidx"": ""14157"", ""ligcoo"": """", ""protcarbonidx"": ""3474"", ""protcoo"": """", ""reschain"": ""D"", ""reschain_lig"": ""Z"", ""resnr"": ""102"", ""resnr_lig"": ""1"", ""restype"": ""ASN"", ""restype_lig"": ""LIG""}",brotizolam/alpha2/2026091904/pose_03/report.xml,09723a9b66ab9cb639f4fcae66bf7541f9ad54e46d1da024aab4aeeeb2c0eed9
brotizolam,alpha2,2026091904,3,2026091904:3,halogen_bond,E,60,ASN,"{""acc_angle"": ""100.07"", ""acc_idx"": ""5652"", ""acceptortype"": ""O2"", ""dist"": ""3.95"", ""don_angle"": ""143.02"", ""don_idx"": ""14176"", ""donortype"": ""Cl"", ""id"": ""1"", ""ligcoo"": """", ""protcoo"": """", ""reschain"": ""E"", ""reschain_lig"": ""Z"", ""resnr"": ""60"", ""resnr_lig"": ""1"", ""restype"": ""ASN"", ""restype_lig"": ""LIG"", ""sidechain"": ""False""}",brotizolam/alpha2/2026091904/pose_03/report.xml,09723a9b66ab9cb639f4fcae66bf7541f9ad54e46d1da024aab4aeeeb2c0eed9
brotizolam,alpha2,2026091904,4,2026091904:4,hydrophobic_interaction,D,202,ILE,"{""dist"": ""3.61"", ""id"": ""1"", ""ligcarbonidx"": ""14174"", ""ligcoo"": """", ""protcarbonidx"": ""4261"", ""protcoo"": """", ""reschain"": ""D"", ""reschain_lig"": ""Z"", ""resnr"": ""202"", ""resnr_lig"": ""1"", ""restype"": ""ILE"", ""restype_lig"": ""LIG""}",brotizolam/alpha2/2026091904/pose_04/report.xml,dbd403e6d518676bb58897d602c18ce72a0956724de64a626bc187320e82f76e
brotizolam,alpha2,2026091904,4,2026091904:4,hydrophobic_interaction,D,202,ILE,"{""dist"": ""3.95"", ""id"": ""2"", ""ligcarbonidx"": ""14173"", ""ligcoo"": """", ""protcarbonidx"": ""4260"", ""protcoo"": """", ""reschain"": ""D"", ""reschain_lig"": ""Z"", ""resnr"": ""202"", ""resnr_lig"": ""1"", ""restype"": ""ILE"", ""restype_lig"": ""LIG""}",brotizolam/alpha2/2026091904/pose_04/report.xml,dbd403e6d518676bb58897d602c18ce72a0956724de64a626bc187320e82f76e
brotizolam,alpha2,2026091904,5,2026091904:5,hydrophobic_interaction,D,101,HIS,"{""dist"": ""3.96"", ""id"": ""1"", ""ligcarbonidx"": ""14167"", ""ligcoo"": """", ""protcarbonidx"": ""3464"", ""protcoo"": """", ""reschain"": ""D"", ""reschain_lig"": ""Z"", ""resnr"": ""101"", ""resnr_lig"": ""1"", ""restype"": ""HIS"", ""restype_lig"": ""LIG""}",brotizolam/alpha2/2026091904/pose_05/report.xml,89fbc0d95e82a179d1865177a59400d5c1c8e0f8693f54c5e3fae0817e30d353
brotizolam,alpha2,2026091904,5,2026091904:5,hydrophobic_interaction,D,202,ILE,"{""dist"": ""3.75"", ""id"": ""2"", ""ligcarbonidx"": ""14157"", ""ligcoo"": """", ""protcarbonidx"": ""4260"", ""protcoo"": """", ""reschain"": ""D"", ""reschain_lig"": ""Z"", ""resnr"": ""202"", ""resnr_lig"": ""1"", ""restype"": ""ILE"", ""restype_lig"": ""LIG""}",brotizolam/alpha2/2026091904/pose_05/report.xml,89fbc0d95e82a179d1865177a59400d5c1c8e0f8693f54c5e3fae0817e30d353
brotizolam,alpha2,2026091904,6,2026091904:6,hydrophobic_interaction,E,77,PHE,"{""dist"": ""3.70"", ""id"": ""1"", ""ligcarbonidx"": ""14157"", ""ligcoo"": """", ""protcarbonidx"": ""5787"", ""protcoo"": """", ""reschain"": ""E"", ""reschain_lig"": ""Z"", ""resnr"": ""77"", ""resnr_lig"": ""1"", ""restype"": ""PHE"", ""restype_lig"": ""LIG""}",brotizolam/alpha2/2026091904/pose_06/report.xml,23ce1893c109a06e76d33336be1da99764f7e49c42bdc80fdc71563f8829aa77
brotizolam,alpha2,2026091904,6,2026091904:6,hydrophobic_interaction,D,155,LYS,"{""dist"": ""3.57"", ""id"": ""2"", ""ligcarbonidx"": ""14174"", ""ligcoo"": """", ""protcarbonidx"": ""3891"", ""protcoo"": """", ""reschain"": ""D"", ""reschain_lig"": ""Z"", ""resnr"": ""155"", ""resnr_lig"": ""1"", ""restype"": ""LYS"", ""restype_lig"": ""LIG""}",brotizolam/alpha2/2026091904/pose_06/report.xml,23ce1893c109a06e76d33336be1da99764f7e49c42bdc80fdc71563f8829aa77
brotizolam,alpha2,2026091904,7,2026091904:7,hydrophobic_interaction,E,60,ASN,"{""dist"": ""3.67"", ""id"": ""1"", ""ligcarbonidx"": ""14172"", ""ligcoo"": """", ""protcarbonidx"": ""5653"", ""protcoo"": """", ""reschain"": ""E"", ""reschain_lig"": ""Z"", ""resnr"": ""60"", ""resnr_lig"": ""1"", ""restype"": ""ASN"", ""restype_lig"": ""LIG""}",brotizolam/alpha2/2026091904/pose_07/report.xml,dd3fba3546971497678acc91af34452a4b1069ede63949a3696ec62bc130534b
brotizolam,alpha2,2026091904,8,2026091904:8,halogen_bond,E,192,ASP,"{""acc_angle"": ""90.74"", ""acc_idx"": ""6761"", ""acceptortype"": ""O3"", ""dist"": ""3.66"", ""don_angle"": ""141.52"", ""don_idx"": ""14176"", ""donortype"": ""Cl"", ""id"": ""1"", ""ligcoo"": """", ""protcoo"": """", ""reschain"": ""E"", ""reschain_lig"": ""Z"", ""resnr"": ""192"", ""resnr_lig"": ""1"", ""restype"": ""ASP"", ""restype_lig"": ""LIG"", ""sidechain"": ""True""}",brotizolam/alpha2/2026091904/pose_08/report.xml,4d4c7a237442ee7175b36af06f184a9ee072a80312b899afbe9aabedb620e99e
brotizolam,alpha2,2026091904,9,2026091904:9,hydrophobic_interaction,E,77,PHE,"{""dist"": ""3.58"", ""id"": ""1"", ""ligcarbonidx"": ""14157"", ""ligcoo"": """", ""protcarbonidx"": ""5787"", ""protcoo"": """", ""reschain"": ""E"", ""reschain_lig"": ""Z"", ""resnr"": ""77"", ""resnr_lig"": ""1"", ""restype"": ""PHE"", ""restype_lig"": ""LIG""}",brotizolam/alpha2/2026091904/pose_09/report.xml,89e796bd7184ad1408d1afe0695b01bca36a447d5118c833a8acae7fc2c93871
brotizolam,alpha2,2026091904,9,2026091904:9,hydrophobic_interaction,D,99,PHE,"{""dist"": ""3.96"", ""id"": ""2"", ""ligcarbonidx"": ""14157"", ""ligcoo"": """", ""protcarbonidx"": ""3448"", ""protcoo"": """", ""reschain"": ""D"", ""reschain_lig"": ""Z"", ""resnr"": ""99"", ""resnr_lig"": ""1"", ""restype"": ""PHE"", ""restype_lig"": ""LIG""}",brotizolam/alpha2/2026091904/pose_09/report.xml,89e796bd7184ad1408d1afe0695b01bca36a447d5118c833a8acae7fc2c93871
brotizolam,alpha2,2026091904,9,2026091904:9,hydrogen_bond,E,60,ASN,"{""acceptoridx"": ""14159"", ""acceptortype"": ""Nar"", ""dist_d-a"": ""3.77"", ""dist_h-a"": ""3.43"", ""don_angle"": ""102.68"", ""donoridx"": ""5656"", ""donortype"": ""Nam"", ""id"": ""1"", ""ligcoo"": """", ""protcoo"": """", ""protisdon"": ""True"", ""reschain"": ""E"", ""reschain_lig"": ""Z"", ""resnr"": ""60"", ""resnr_lig"": ""1"", ""restype"": ""ASN"", ""restype_lig"": ""LIG"", ""sidechain"": ""True""}",brotizolam/alpha2/2026091904/pose_09/report.xml,89e796bd7184ad1408d1afe0695b01bca36a447d5118c833a8acae7fc2c93871
brotizolam,alpha2,2026091904,9,2026091904:9,halogen_bond,D,203,LYS,"{""acc_angle"": ""144.10"", ""acc_idx"": ""4265"", ""acceptortype"": ""O2"", ""dist"": ""3.33"", ""don_angle"": ""136.38"", ""don_idx"": ""14166"", ""donortype"": ""Br"", ""id"": ""1"", ""ligcoo"": """", ""protcoo"": """", ""reschain"": ""D"", ""reschain_lig"": ""Z"", ""resnr"": ""203"", ""resnr_lig"": ""1"", ""restype"": ""LYS"", ""restype_lig"": ""LIG"", ""sidechain"": ""False""}",brotizolam/alpha2/2026091904/pose_09/report.xml,89e796bd7184ad1408d1afe0695b01bca36a447d5118c833a8acae7fc2c93871
brotizolam,alpha2,2026091905,1,2026091905:1,hydrophobic_interaction,D,102,ASN,"{""dist"": ""3.62"", ""id"": ""1"", ""ligcarbonidx"": ""14172"", ""ligcoo"": """", ""protcarbonidx"": ""3474"", ""protcoo"": """", ""reschain"": ""D"", ""reschain_lig"": ""Z"", ""resnr"": ""102"", ""resnr_lig"": ""1"", ""restype"": ""ASN"", ""restype_lig"": ""LIG""}",brotizolam/alpha2/2026091905/pose_01/report.xml,2930c2f3b9846832b72e8110f3e1318d37fbf9619d1418050500a3243e37cfee
brotizolam,alpha2,2026091905,1,2026091905:1,hydrophobic_interaction,D,155,LYS,"{""dist"": ""3.63"", ""id"": ""2"", ""ligcarbonidx"": ""14172"", ""ligcoo"": """", ""protcarbonidx"": ""3891"", ""protcoo"": """", ""reschain"": ""D"", ""reschain_lig"": ""Z"", ""resnr"": ""155"", ""resnr_lig"": ""1"", ""restype"": ""LYS"", ""restype_lig"": ""LIG""}",brotizolam/alpha2/2026091905/pose_01/report.xml,2930c2f3b9846832b72e8110f3e1318d37fbf9619d1418050500a3243e37cfee
brotizolam,alpha2,2026091905,1,2026091905:1,hydrophobic_interaction,D,202,ILE,"{""dist"": ""3.97"", ""id"": ""3"", ""ligcarbonidx"": ""14157"", ""ligcoo"": """", ""protcarbonidx"": ""4260"", ""protcoo"": """", ""reschain"": ""D"", ""reschain_lig"": ""Z"", ""resnr"": ""202"", ""resnr_lig"": ""1"", ""restype"": ""ILE"", ""restype_lig"": ""LIG""}",brotizolam/alpha2/2026091905/pose_01/report.xml,2930c2f3b9846832b72e8110f3e1318d37fbf9619d1418050500a3243e37cfee
brotizolam,alpha2,2026091905,2,2026091905:2,hydrophobic_interaction,D,202,ILE,"{""dist"": ""3.82"", ""id"": ""1"", ""ligcarbonidx"": ""14171"", ""ligcoo"": """", ""protcarbonidx"": ""4260"", ""protcoo"": """", ""reschain"": ""D"", ""reschain_lig"": ""Z"", ""resnr"": ""202"", ""resnr_lig"": ""1"", ""restype"": ""ILE"", ""restype_lig"": ""LIG""}",brotizolam/alpha2/2026091905/pose_02/report.xml,5baed6f017217679f355704afed1b36711f24e9ebf454d25ddfef898dee918ad
brotizolam,alpha2,2026091905,2,2026091905:2,hydrophobic_interaction,D,202,ILE,"{""dist"": ""3.53"", ""id"": ""2"", ""ligcarbonidx"": ""14157"", ""ligcoo"": """", ""protcarbonidx"": ""4261"", ""protcoo"": """", ""reschain"": ""D"", ""reschain_lig"": ""Z"", ""resnr"": ""202"", ""resnr_lig"": ""1"", ""restype"": ""ILE"", ""restype_lig"": ""LIG""}",brotizolam/alpha2/2026091905/pose_02/report.xml,5baed6f017217679f355704afed1b36711f24e9ebf454d25ddfef898dee918ad
brotizolam,alpha2,2026091905,2,2026091905:2,hydrophobic_interaction,D,209,TYR,"{""dist"": ""3.57"", ""id"": ""3"", ""ligcarbonidx"": ""14173"", ""ligcoo"": """", ""protcarbonidx"": ""4310"", ""protcoo"": """", ""reschain"": ""D"", ""reschain_lig"": ""Z"", ""resnr"": ""209"", ""resnr_lig"": ""1"", ""restype"": ""TYR"", ""restype_lig"": ""LIG""}",brotizolam/alpha2/2026091905/pose_02/report.xml,5baed6f017217679f355704afed1b36711f24e9ebf454d25ddfef898dee918ad
brotizolam,alpha2,2026091905,2,2026091905:2,pi_cation_interaction,D,101,HIS,"{""dist"": ""5.60"", ""id"": ""1"", ""lig_group"": ""Aromatic"", ""lig_idx_list"": """", ""ligcoo"": """", ""offset"": ""1.61"", ""prot_idx_list"": """", ""protcharged"": ""True"", ""protcoo"": """", ""reschain"": ""D"", ""reschain_lig"": ""Z"", ""resnr"": ""101"", ""resnr_lig"": ""1"", ""restype"": ""HIS"", ""restype_lig"": ""LIG""}",brotizolam/alpha2/2026091905/pose_02/report.xml,5baed6f017217679f355704afed1b36711f24e9ebf454d25ddfef898dee918ad
brotizolam,alpha2,2026091905,3,2026091905:3,hydrophobic_interaction,E,58,TYR,"{""dist"": ""3.24"", ""id"": ""1"", ""ligcarbonidx"": ""14174"", ""ligcoo"": """", ""protcarbonidx"": ""5639"", ""protcoo"": """", ""reschain"": ""E"", ""reschain_lig"": ""Z"", ""resnr"": ""58"", ""resnr_lig"": ""1"", ""restype"": ""TYR"", ""restype_lig"": ""LIG""}",brotizolam/alpha2/2026091905/pose_03/report.xml,0298327921da751c92a90203d0d7139831b06be46d1a506a841d354c3c8fc123
brotizolam,alpha2,2026091905,3,2026091905:3,hydrophobic_interaction,D,102,ASN,"{""dist"": ""3.76"", ""id"": ""2"", ""ligcarbonidx"": ""14157"", ""ligcoo"": """", ""protcarbonidx"": ""3474"", ""protcoo"": """", ""reschain"": ""D"", ""reschain_lig"": ""Z"", ""resnr"": ""102"", ""resnr_lig"": ""1"", ""restype"": ""ASN"", ""restype_lig"": ""LIG""}",brotizolam/alpha2/2026091905/pose_03/report.xml,0298327921da751c92a90203d0d7139831b06be46d1a506a841d354c3c8fc123
brotizolam,alpha2,2026091905,3,2026091905:3,halogen_bond,E,60,ASN,"{""acc_angle"": ""100.74"", ""acc_idx"": ""5652"", ""acceptortype"": ""O2"", ""dist"": ""3.95"", ""don_angle"": ""141.55"", ""don_idx"": ""14176"", ""donortype"": ""Cl"", ""id"": ""1"", ""ligcoo"": """", ""protcoo"": """", ""reschain"": ""E"", ""reschain_lig"": ""Z"", ""resnr"": ""60"", ""resnr_lig"": ""1"", ""restype"": ""ASN"", ""restype_lig"": ""LIG"", ""sidechain"": ""False""}",brotizolam/alpha2/2026091905/pose_03/report.xml,0298327921da751c92a90203d0d7139831b06be46d1a506a841d354c3c8fc123
brotizolam,alpha2,2026091905,4,2026091905:4,hydrophobic_interaction,E,60,ASN,"{""dist"": ""3.84"", ""id"": ""1"", ""ligcarbonidx"": ""14157"", ""ligcoo"": """", ""protcarbonidx"": ""5653"", ""protcoo"": """", ""reschain"": ""E"", ""reschain_lig"": ""Z"", ""resnr"": ""60"", ""resnr_lig"": ""1"", ""restype"": ""ASN"", ""restype_lig"": ""LIG""}",brotizolam/alpha2/2026091905/pose_04/report.xml,19dcbfcf7821000ae3becadc426bccd367e1262f720ae247fae00671b628878b
brotizolam,alpha2,2026091905,4,2026091905:4,hydrophobic_interaction,D,102,ASN,"{""dist"": ""3.62"", ""id"": ""2"", ""ligcarbonidx"": ""14171"", ""ligcoo"": """", ""protcarbonidx"": ""3474"", ""protcoo"": """", ""reschain"": ""D"", ""reschain_lig"": ""Z"", ""resnr"": ""102"", ""resnr_lig"": ""1"", ""restype"": ""ASN"", ""restype_lig"": ""LIG""}",brotizolam/alpha2/2026091905/pose_04/report.xml,19dcbfcf7821000ae3becadc426bccd367e1262f720ae247fae00671b628878b
brotizolam,alpha2,2026091905,4,2026091905:4,hydrophobic_interaction,D,153,PRO,"{""dist"": ""3.94"", ""id"": ""3"", ""ligcarbonidx"": ""14172"", ""ligcoo"": """", ""protcarbonidx"": ""3875"", ""protcoo"": """", ""reschain"": ""D"", ""reschain_lig"": ""Z"", ""resnr"": ""153"", ""resnr_lig"": ""1"", ""restype"": ""PRO"", ""restype_lig"": ""LIG""}",brotizolam/alpha2/2026091905/pose_04/report.xml,19dcbfcf7821000ae3becadc426bccd367e1262f720ae247fae00671b628878b
brotizolam,alpha2,2026091905,4,2026091905:4,hydrophobic_interaction,D,155,LYS,"{""dist"": ""3.55"", ""id"": ""4"", ""ligcarbonidx"": ""14172"", ""ligcoo"": """", ""protcarbonidx"": ""3891"", ""protcoo"": """", ""reschain"": ""D"", ""reschain_lig"": ""Z"", ""resnr"": ""155"", ""resnr_lig"": ""1"", ""restype"": ""LYS"", ""restype_lig"": ""LIG""}",brotizolam/alpha2/2026091905/pose_04/report.xml,19dcbfcf7821000ae3becadc426bccd367e1262f720ae247fae00671b628878b
brotizolam,alpha2,2026091905,4,2026091905:4,hydrogen_bond,E,61,SER,"{""acceptoridx"": ""14159"", ""acceptortype"": ""Nar"", ""dist_d-a"": ""3.18"", ""dist_h-a"": ""2.70"", ""don_angle"": ""111.62"", ""donoridx"": ""5662"", ""donortype"": ""O3"", ""id"": ""1"", ""ligcoo"": """", ""protcoo"": """", ""protisdon"": ""True"", ""reschain"": ""E"", ""reschain_lig"": ""Z"", ""resnr"": ""61"", ""resnr_lig"": ""1"", ""restype"": ""SER"", ""restype_lig"": ""LIG"", ""sidechain"": ""True""}",brotizolam/alpha2/2026091905/pose_04/report.xml,19dcbfcf7821000ae3becadc426bccd367e1262f720ae247fae00671b628878b
brotizolam,alpha2,2026091905,4,2026091905:4,halogen_bond,E,192,ASP,"{""acc_angle"": ""124.67"", ""acc_idx"": ""6762"", ""acceptortype"": ""O2"", ""dist"": ""3.63"", ""don_angle"": ""150.86"", ""don_idx"": ""14176"", ""donortype"": ""Cl"", ""id"": ""1"", ""ligcoo"": """", ""protcoo"": """", ""reschain"": ""E"", ""reschain_lig"": ""Z"", ""resnr"": ""192"", ""resnr_lig"": ""1"", ""restype"": ""ASP"", ""restype_lig"": ""LIG"", ""sidechain"": ""True""}",brotizolam/alpha2/2026091905/pose_04/report.xml,19dcbfcf7821000ae3becadc426bccd367e1262f720ae247fae00671b628878b
brotizolam,alpha2,2026091905,5,2026091905:5,hydrophobic_interaction,D,202,ILE,"{""dist"": ""3.59"", ""id"": ""1"", ""ligcarbonidx"": ""14174"", ""ligcoo"": """", ""protcarbonidx"": ""4261"", ""protcoo"": """", ""reschain"": ""D"", ""reschain_lig"": ""Z"", ""resnr"": ""202"", ""resnr_lig"": ""1"", ""restype"": ""ILE"", ""restype_lig"": ""LIG""}",brotizolam/alpha2/2026091905/pose_05/report.xml,9124879a5c873cb8145e9b189a51c3becf37d9721313edf8d985a72d46760dc6
brotizolam,alpha2,2026091905,5,2026091905:5,hydrophobic_interaction,D,202,ILE,"{""dist"": ""3.98"", ""id"": ""2"", ""ligcarbonidx"": ""14173"", ""ligcoo"": """", ""protcarbonidx"": ""4260"", ""protcoo"": """", ""reschain"": ""D"", ""reschain_lig"": ""Z"", ""resnr"": ""202"", ""resnr_lig"": ""1"", ""restype"": ""ILE"", ""restype_lig"": ""LIG""}",brotizolam/alpha2/2026091905/pose_05/report.xml,9124879a5c873cb8145e9b189a51c3becf37d9721313edf8d985a72d46760dc6
brotizolam,alpha2,2026091905,6,2026091905:6,hydrophobic_interaction,E,77,PHE,"{""dist"": ""3.63"", ""id"": ""1"", ""ligcarbonidx"": ""14157"", ""ligcoo"": """", ""protcarbonidx"": ""5788"", ""protcoo"": """", ""reschain"": ""E"", ""reschain_lig"": ""Z"", ""resnr"": ""77"", ""resnr_lig"": ""1"", ""restype"": ""PHE"", ""restype_lig"": ""LIG""}",brotizolam/alpha2/2026091905/pose_06/report.xml,19164f8de7f12c077d216d0c8eb6f21f8c13180ac18b004b316089560dbf7f0f
brotizolam,alpha2,2026091905,6,2026091905:6,hydrophobic_interaction,D,202,ILE,"{""dist"": ""3.85"", ""id"": ""2"", ""ligcarbonidx"": ""14172"", ""ligcoo"": """", ""protcarbonidx"": ""4261"", ""protcoo"": """", ""reschain"": ""D"", ""reschain_lig"": ""Z"", ""resnr"": ""202"", ""resnr_lig"": ""1"", ""restype"": ""ILE"", ""restype_lig"": ""LIG""}",brotizolam/alpha2/2026091905/pose_06/report.xml,19164f8de7f12c077d216d0c8eb6f21f8c13180ac18b004b316089560dbf7f0f
brotizolam,alpha2,2026091905,6,2026091905:6,halogen_bond,D,203,LYS,"{""acc_angle"": ""116.13"", ""acc_idx"": ""4265"", ""acceptortype"": ""O2"", ""dist"": ""3.82"", ""don_angle"": ""150.25"", ""don_idx"": ""14166"", ""donortype"": ""Br"", ""id"": ""1"", ""ligcoo"": """", ""protcoo"": """", ""reschain"": ""D"", ""reschain_lig"": ""Z"", ""resnr"": ""203"", ""resnr_lig"": ""1"", ""restype"": ""LYS"", ""restype_lig"": ""LIG"", ""sidechain"": ""False""}",brotizolam/alpha2/2026091905/pose_06/report.xml,19164f8de7f12c077d216d0c8eb6f21f8c13180ac18b004b316089560dbf7f0f
brotizolam,alpha2,2026091905,7,2026091905:7,hydrophobic_interaction,D,202,ILE,"{""dist"": ""3.53"", ""id"": ""1"", ""ligcarbonidx"": ""14173"", ""ligcoo"": """", ""protcarbonidx"": ""4261"", ""protcoo"": """", ""reschain"": ""D"", ""reschain_lig"": ""Z"", ""resnr"": ""202"", ""resnr_lig"": ""1"", ""restype"": ""ILE"", ""restype_lig"": ""LIG""}",brotizolam/alpha2/2026091905/pose_07/report.xml,c7d0f06fab405ec4c48948ea459427e48778fb40f600ca0f186ad76414d37863
brotizolam,alpha2,2026091905,8,2026091905:8,hydrophobic_interaction,D,202,ILE,"{""dist"": ""3.47"", ""id"": ""1"", ""ligcarbonidx"": ""14172"", ""ligcoo"": """", ""protcarbonidx"": ""4261"", ""protcoo"": """", ""reschain"": ""D"", ""reschain_lig"": ""Z"", ""resnr"": ""202"", ""resnr_lig"": ""1"", ""restype"": ""ILE"", ""restype_lig"": ""LIG""}",brotizolam/alpha2/2026091905/pose_08/report.xml,909da4183aba6b5babbadc0a7a4954c6a4a58ad085a3fd14fb2c29d7e57f5428
brotizolam,alpha2,2026091905,8,2026091905:8,hydrophobic_interaction,D,202,ILE,"{""dist"": ""3.85"", ""id"": ""2"", ""ligcarbonidx"": ""14173"", ""ligcoo"": """", ""protcarbonidx"": ""4259"", ""protcoo"": """", ""reschain"": ""D"", ""reschain_lig"": ""Z"", ""resnr"": ""202"", ""resnr_lig"": ""1"", ""restype"": ""ILE"", ""restype_lig"": ""LIG""}",brotizolam/alpha2/2026091905/pose_08/report.xml,909da4183aba6b5babbadc0a7a4954c6a4a58ad085a3fd14fb2c29d7e57f5428
brotizolam,alpha2,2026091905,8,2026091905:8,hydrophobic_interaction,D,202,ILE,"{""dist"": ""3.94"", ""id"": ""3"", ""ligcarbonidx"": ""14174"", ""ligcoo"": """", ""protcarbonidx"": ""4260"", ""protcoo"": """", ""reschain"": ""D"", ""reschain_lig"": ""Z"", ""resnr"": ""202"", ""resnr_lig"": ""1"", ""restype"": ""ILE"", ""restype_lig"": ""LIG""}",brotizolam/alpha2/2026091905/pose_08/report.xml,909da4183aba6b5babbadc0a7a4954c6a4a58ad085a3fd14fb2c29d7e57f5428
brotizolam,alpha2,2026091905,9,2026091905:9,hydrophobic_interaction,D,202,ILE,"{""dist"": ""3.67"", ""id"": ""1"", ""ligcarbonidx"": ""14157"", ""ligcoo"": """", ""protcarbonidx"": ""4260"", ""protcoo"": """", ""reschain"": ""D"", ""reschain_lig"": ""Z"", ""resnr"": ""202"", ""resnr_lig"": ""1"", ""restype"": ""ILE"", ""restype_lig"": ""LIG""}",brotizolam/alpha2/2026091905/pose_09/report.xml,a3e46991345715a01994407f4f8e1368e7ed59231fc3b26543a88e0b6e328e47
lormetazepam,alpha1,2026091901,1,2026091901:1,hydrophobic_interaction,C,58,TYR,"{""dist"": ""3.62"", ""id"": ""1"", ""ligcarbonidx"": ""27553"", ""ligcoo"": """", ""protcarbonidx"": ""5806"", ""protcoo"": """", ""reschain"": ""C"", ""reschain_lig"": ""Z"", ""resnr"": ""58"", ""resnr_lig"": ""1"", ""restype"": ""TYR"", ""restype_lig"": ""LIG""}",lormetazepam/alpha1/2026091901/pose_01/report.xml,7de53ee36932c7971eeed01f35f9053040c90fa7dc90321c30cad5799c88e0b8
lormetazepam,alpha1,2026091901,1,2026091901:1,hydrophobic_interaction,C,77,PHE,"{""dist"": ""3.33"", ""id"": ""2"", ""ligcarbonidx"": ""27549"", ""ligcoo"": """", ""protcarbonidx"": ""5955"", ""protcoo"": """", ""reschain"": ""C"", ""reschain_lig"": ""Z"", ""resnr"": ""77"", ""resnr_lig"": ""1"", ""restype"": ""PHE"", ""restype_lig"": ""LIG""}",lormetazepam/alpha1/2026091901/pose_01/report.xml,7de53ee36932c7971eeed01f35f9053040c90fa7dc90321c30cad5799c88e0b8
lormetazepam,alpha1,2026091901,1,2026091901:1,hydrophobic_interaction,D,100,PHE,"{""dist"": ""3.80"", ""id"": ""3"", ""ligcarbonidx"": ""27545"", ""ligcoo"": """", ""protcarbonidx"": ""8994"", ""protcoo"": """", ""reschain"": ""D"", ""reschain_lig"": ""Z"", ""resnr"": ""100"", ""resnr_lig"": ""1"", ""restype"": ""PHE"", ""restype_lig"": ""LIG""}",lormetazepam/alpha1/2026091901/pose_01/report.xml,7de53ee36932c7971eeed01f35f9053040c90fa7dc90321c30cad5799c88e0b8
lormetazepam,alpha1,2026091901,1,2026091901:1,hydrophobic_interaction,D,160,TYR,"{""dist"": ""3.94"", ""id"": ""4"", ""ligcarbonidx"": ""27545"", ""ligcoo"": """", ""protcarbonidx"": ""9467"", ""protcoo"": """", ""reschain"": ""D"", ""reschain_lig"": ""Z"", ""resnr"": ""160"", ""resnr_lig"": ""1"", ""restype"": ""TYR"", ""restype_lig"": ""LIG""}",lormetazepam/alpha1/2026091901/pose_01/report.xml,7de53ee36932c7971eeed01f35f9053040c90fa7dc90321c30cad5799c88e0b8
lormetazepam,alpha1,2026091901,1,2026091901:1,hydrophobic_interaction,D,203,VAL,"{""dist"": ""3.60"", ""id"": ""5"", ""ligcarbonidx"": ""27542"", ""ligcoo"": """", ""protcarbonidx"": ""9810"", ""protcoo"": """", ""reschain"": ""D"", ""reschain_lig"": ""Z"", ""resnr"": ""203"", ""resnr_lig"": ""1"", ""restype"": ""VAL"", ""restype_lig"": ""LIG""}",lormetazepam/alpha1/2026091901/pose_01/report.xml,7de53ee36932c7971eeed01f35f9053040c90fa7dc90321c30cad5799c88e0b8
lormetazepam,alpha1,2026091901,1,2026091901:1,hydrophobic_interaction,D,210,TYR,"{""dist"": ""3.51"", ""id"": ""6"", ""ligcarbonidx"": ""27543"", ""ligcoo"": """", ""protcarbonidx"": ""9857"", ""protcoo"": """", ""reschain"": ""D"", ""reschain_lig"": ""Z"", ""resnr"": ""210"", ""resnr_lig"": ""1"", ""restype"": ""TYR"", ""restype_lig"": ""LIG""}",lormetazepam/alpha1/2026091901/pose_01/report.xml,7de53ee36932c7971eeed01f35f9053040c90fa7dc90321c30cad5799c88e0b8
lormetazepam,alpha1,2026091901,1,2026091901:1,hydrogen_bond,D,205,SER,"{""acceptoridx"": ""27536"", ""acceptortype"": ""O2"", ""dist_d-a"": ""3.00"", ""dist_h-a"": ""2.12"", ""don_angle"": ""151.14"", ""donoridx"": ""9826"", ""donortype"": ""O3"", ""id"": ""1"", ""ligcoo"": """", ""protcoo"": """", ""protisdon"": ""True"", ""reschain"": ""D"", ""reschain_lig"": ""Z"", ""resnr"": ""205"", ""resnr_lig"": ""1"", ""restype"": ""SER"", ""restype_lig"": ""LIG"", ""sidechain"": ""True""}",lormetazepam/alpha1/2026091901/pose_01/report.xml,7de53ee36932c7971eeed01f35f9053040c90fa7dc90321c30cad5799c88e0b8
lormetazepam,alpha1,2026091901,1,2026091901:1,hydrogen_bond,D,206,SER,"{""acceptoridx"": ""27536"", ""acceptortype"": ""O2"", ""dist_d-a"": ""3.99"", ""dist_h-a"": ""3.26"", ""don_angle"": ""132.46"", ""donoridx"": ""9827"", ""donortype"": ""Nam"", ""id"": ""2"", ""ligcoo"": """", ""protcoo"": """", ""protisdon"": ""True"", ""reschain"": ""D"", ""reschain_lig"": ""Z"", ""resnr"": ""206"", ""resnr_lig"": ""1"", ""restype"": ""SER"", ""restype_lig"": ""LIG"", ""sidechain"": ""False""}",lormetazepam/alpha1/2026091901/pose_01/report.xml,7de53ee36932c7971eeed01f35f9053040c90fa7dc90321c30cad5799c88e0b8
lormetazepam,alpha1,2026091901,1,2026091901:1,pi_stack,D,210,TYR,"{""angle"": ""24.73"", ""centdist"": ""4.17"", ""id"": ""1"", ""lig_idx_list"": """", ""ligcoo"": """", ""offset"": ""1.48"", ""prot_idx_list"": """", ""protcoo"": """", ""reschain"": ""D"", ""reschain_lig"": ""Z"", ""resnr"": ""210"", ""resnr_lig"": ""1"", ""restype"": ""TYR"", ""restype_lig"": ""LIG"", ""type"": ""P""}",lormetazepam/alpha1/2026091901/pose_01/report.xml,7de53ee36932c7971eeed01f35f9053040c90fa7dc90321c30cad5799c88e0b8
lormetazepam,alpha1,2026091901,1,2026091901:1,halogen_bond,D,102,HIS,"{""acc_angle"": ""98.64"", ""acc_idx"": ""9009"", ""acceptortype"": ""O2"", ""dist"": ""3.58"", ""don_angle"": ""173.47"", ""don_idx"": ""27551"", ""donortype"": ""Cl"", ""id"": ""1"", ""ligcoo"": """", ""protcoo"": """", ""reschain"": ""D"", ""reschain_lig"": ""Z"", ""resnr"": ""102"", ""resnr_lig"": ""1"", ""restype"": ""HIS"", ""restype_lig"": ""LIG"", ""sidechain"": ""False""}",lormetazepam/alpha1/2026091901/pose_01/report.xml,7de53ee36932c7971eeed01f35f9053040c90fa7dc90321c30cad5799c88e0b8
lormetazepam,alpha1,2026091901,2,2026091901:2,hydrophobic_interaction,C,58,TYR,"{""dist"": ""3.66"", ""id"": ""1"", ""ligcarbonidx"": ""27549"", ""ligcoo"": """", ""protcarbonidx"": ""5806"", ""protcoo"": """", ""reschain"": ""C"", ""reschain_lig"": ""Z"", ""resnr"": ""58"", ""resnr_lig"": ""1"", ""restype"": ""TYR"", ""restype_lig"": ""LIG""}",lormetazepam/alpha1/2026091901/pose_02/report.xml,69d01b3f2b1eef4b64ea2232afadd77bca1c019f705fa46a4b1b159d0a67650b
lormetazepam,alpha1,2026091901,2,2026091901:2,hydrophobic_interaction,C,77,PHE,"{""dist"": ""3.78"", ""id"": ""2"", ""ligcarbonidx"": ""27552"", ""ligcoo"": """", ""protcarbonidx"": ""5954"", ""protcoo"": """", ""reschain"": ""C"", ""reschain_lig"": ""Z"", ""resnr"": ""77"", ""resnr_lig"": ""1"", ""restype"": ""PHE"", ""restype_lig"": ""LIG""}",lormetazepam/alpha1/2026091901/pose_02/report.xml,69d01b3f2b1eef4b64ea2232afadd77bca1c019f705fa46a4b1b159d0a67650b
lormetazepam,alpha1,2026091901,2,2026091901:2,hydrophobic_interaction,D,203,VAL,"{""dist"": ""3.56"", ""id"": ""3"", ""ligcarbonidx"": ""27545"", ""ligcoo"": """", ""protcarbonidx"": ""9810"", ""protcoo"": """", ""reschain"": ""D"", ""reschain_lig"": ""Z"", ""resnr"": ""203"", ""resnr_lig"": ""1"", ""restype"": ""VAL"", ""restype_lig"": ""LIG""}",lormetazepam/alpha1/2026091901/pose_02/report.xml,69d01b3f2b1eef4b64ea2232afadd77bca1c019f705fa46a4b1b159d0a67650b
lormetazepam,alpha1,2026091901,2,2026091901:2,hydrogen_bond,C,58,TYR,"{""acceptoridx"": ""5808"", ""acceptortype"": ""O2"", ""dist_d-a"": ""2.87"", ""dist_h-a"": ""2.01"", ""don_angle"": ""145.41"", ""donoridx"": ""27538"", ""donortype"": ""O3"", ""id"": ""1"", ""ligcoo"": """", ""protcoo"": """", ""protisdon"": ""False"", ""reschain"": ""C"", ""reschain_lig"": ""Z"", ""resnr"": ""58"", ""resnr_lig"": ""1"", ""restype"": ""TYR"", ""restype_lig"": ""LIG"", ""sidechain"": ""True""}",lormetazepam/alpha1/2026091901/pose_02/report.xml,69d01b3f2b1eef4b64ea2232afadd77bca1c019f705fa46a4b1b159d0a67650b
lormetazepam,alpha1,2026091901,3,2026091901:3,hydrophobic_interaction,C,58,TYR,"{""dist"": ""3.26"", ""id"": ""1"", ""ligcarbonidx"": ""27545"", ""ligcoo"": """", ""protcarbonidx"": ""5803"", ""protcoo"": """", ""reschain"": ""C"", ""reschain_lig"": ""Z"", ""resnr"": ""58"", ""resnr_lig"": ""1"", ""restype"": ""TYR"", ""restype_lig"": ""LIG""}",lormetazepam/alpha1/2026091901/pose_03/report.xml,85803f8b2f980f202fcee66e9e5ab814ca31ac298773824f68b735eb58cd3066
lormetazepam,alpha1,2026091901,3,2026091901:3,hydrophobic_interaction,C,58,TYR,"{""dist"": ""3.27"", ""id"": ""2"", ""ligcarbonidx"": ""27544"", ""ligcoo"": """", ""protcarbonidx"": ""5801"", ""protcoo"": """", ""reschain"": ""C"", ""reschain_lig"": ""Z"", ""resnr"": ""58"", ""resnr_lig"": ""1"", ""restype"": ""TYR"", ""restype_lig"": ""LIG""}",lormetazepam/alpha1/2026091901/pose_03/report.xml,85803f8b2f980f202fcee66e9e5ab814ca31ac298773824f68b735eb58cd3066
lormetazepam,alpha1,2026091901,3,2026091901:3,hydrophobic_interaction,C,77,PHE,"{""dist"": ""3.95"", ""id"": ""3"", ""ligcarbonidx"": ""27549"", ""ligcoo"": """", ""protcarbonidx"": ""5951"", ""protcoo"": """", ""reschain"": ""C"", ""reschain_lig"": ""Z"", ""resnr"": ""77"", ""resnr_lig"": ""1"", ""restype"": ""PHE"", ""restype_lig"": ""LIG""}",lormetazepam/alpha1/2026091901/pose_03/report.xml,85803f8b2f980f202fcee66e9e5ab814ca31ac298773824f68b735eb58cd3066
lormetazepam,alpha1,2026091901,3,2026091901:3,hydrophobic_interaction,C,77,PHE,"{""dist"": ""3.57"", ""id"": ""4"", ""ligcarbonidx"": ""27542"", ""ligcoo"": """", ""protcarbonidx"": ""5949"", ""protcoo"": """", ""reschain"": ""C"", ""reschain_lig"": ""Z"", ""resnr"": ""77"", ""resnr_lig"": ""1"", ""restype"": ""PHE"", ""restype_lig"": ""LIG""}",lormetazepam/alpha1/2026091901/pose_03/report.xml,85803f8b2f980f202fcee66e9e5ab814ca31ac298773824f68b735eb58cd3066
lormetazepam,alpha1,2026091901,3,2026091901:3,hydrophobic_interaction,D,160,TYR,"{""dist"": ""3.94"", ""id"": ""5"", ""ligcarbonidx"": ""27552"", ""ligcoo"": """", ""protcarbonidx"": ""9467"", ""protcoo"": """", ""reschain"": ""D"", ""reschain_lig"": ""Z"", ""resnr"": ""160"", ""resnr_lig"": ""1"", ""restype"": ""TYR"", ""restype_lig"": ""LIG""}",lormetazepam/alpha1/2026091901/pose_03/report.xml,85803f8b2f980f202fcee66e9e5ab814ca31ac298773824f68b735eb58cd3066
lormetazepam,alpha1,2026091901,3,2026091901:3,hydrogen_bond,D,102,HIS,"{""acceptoridx"": ""9012"", ""acceptortype"": ""N2"", ""dist_d-a"": ""3.62"", ""dist_h-a"": ""2.70"", ""don_angle"": ""158.76"", ""donoridx"": ""27538"", ""donortype"": ""O3"", ""id"": ""1"", ""ligcoo"": """", ""protcoo"": """", ""protisdon"": ""False"", ""reschain"": ""D"", ""reschain_lig"": ""Z"", ""resnr"": ""102"", ""resnr_lig"": ""1"", ""restype"": ""HIS"", ""restype_lig"": ""LIG"", ""sidechain"": ""True""}",lormetazepam/alpha1/2026091901/pose_03/report.xml,85803f8b2f980f202fcee66e9e5ab814ca31ac298773824f68b735eb58cd3066
lormetazepam,alpha1,2026091901,3,2026091901:3,pi_stack,D,210,TYR,"{""angle"": ""29.89"", ""centdist"": ""4.39"", ""id"": ""1"", ""lig_idx_list"": """", ""ligcoo"": """", ""offset"": ""1.60"", ""prot_idx_list"": """", ""protcoo"": """", ""reschain"": ""D"", ""reschain_lig"": ""Z"", ""resnr"": ""210"", ""resnr_lig"": ""1"", ""restype"": ""TYR"", ""restype_lig"": ""LIG"", ""type"": ""P""}",lormetazepam/alpha1/2026091901/pose_03/report.xml,85803f8b2f980f202fcee66e9e5ab814ca31ac298773824f68b735eb58cd3066
lormetazepam,alpha1,2026091901,4,2026091901:4,hydrophobic_interaction,C,77,PHE,"{""dist"": ""3.05"", ""id"": ""1"", ""ligcarbonidx"": ""27542"", ""ligcoo"": """", ""protcarbonidx"": ""5955"", ""protcoo"": """", ""reschain"": ""C"", ""reschain_lig"": ""Z"", ""resnr"": ""77"", ""resnr_lig"": ""1"", ""restype"": ""PHE"", ""restype_lig"": ""LIG""}",lormetazepam/alpha1/2026091901/pose_04/report.xml,292d0b3ece0505aa49bc92310436aae6ae16af2c625096400343ae7c2a459919
lormetazepam,alpha1,2026091901,4,2026091901:4,hydrophobic_interaction,D,102,HIS,"{""dist"": ""3.53"", ""id"": ""2"", ""ligcarbonidx"": ""27543"", ""ligcoo"": """", ""protcarbonidx"": ""9010"", ""protcoo"": """", ""reschain"": ""D"", ""reschain_lig"": ""Z"", ""resnr"": ""102"", ""resnr_lig"": ""1"", ""restype"": ""HIS"", ""restype_lig"": ""LIG""}",lormetazepam/alpha1/2026091901/pose_04/report.xml,292d0b3ece0505aa49bc92310436aae6ae16af2c625096400343ae7c2a459919
lormetazepam,alpha1,2026091901,4,2026091901:4,hydrophobic_interaction,D,203,VAL,"{""dist"": ""3.19"", ""id"": ""3"", ""ligcarbonidx"": ""27549"", ""ligcoo"": """", ""protcarbonidx"": ""9810"", ""protcoo"": """", ""reschain"": ""D"", ""reschain_lig"": ""Z"", ""resnr"": ""203"", ""resnr_lig"": ""1"", ""restype"": ""VAL"", ""restype_lig"": ""LIG""}",lormetazepam/alpha1/2026091901/pose_04/report.xml,292d0b3ece0505aa49bc92310436aae6ae16af2c625096400343ae7c2a459919
lormetazepam,alpha1,2026091901,4,2026091901:4,hydrophobic_interaction,D,210,TYR,"{""dist"": ""3.32"", ""id"": ""4"", ""ligcarbonidx"": ""27552"", ""ligcoo"": """", ""protcarbonidx"": ""9860"", ""protcoo"": """", ""reschain"": ""D"", ""reschain_lig"": ""Z"", ""resnr"": ""210"", ""resnr_lig"": ""1"", ""restype"": ""TYR"", ""restype_lig"": ""LIG""}",lormetazepam/alpha1/2026091901/pose_04/report.xml,292d0b3ece0505aa49bc92310436aae6ae16af2c625096400343ae7c2a459919
lormetazepam,alpha1,2026091901,4,2026091901:4,hydrophobic_interaction,D,210,TYR,"{""dist"": ""3.91"", ""id"": ""5"", ""ligcarbonidx"": ""27553"", ""ligcoo"": """", ""protcarbonidx"": ""9862"", ""protcoo"": """", ""reschain"": ""D"", ""reschain_lig"": ""Z"", ""resnr"": ""210"", ""resnr_lig"": ""1"", ""restype"": ""TYR"", ""restype_lig"": ""LIG""}",lormetazepam/alpha1/2026091901/pose_04/report.xml,292d0b3ece0505aa49bc92310436aae6ae16af2c625096400343ae7c2a459919
lormetazepam,alpha1,2026091901,4,2026091901:4,hydrogen_bond,D,205,SER,"{""acceptoridx"": ""27536"", ""acceptortype"": ""O2"", ""dist_d-a"": ""3.93"", ""dist_h-a"": ""3.40"", ""don_angle"": ""117.05"", ""donoridx"": ""9826"", ""donortype"": ""O3"", ""id"": ""1"", ""ligcoo"": """", ""protcoo"": """", ""protisdon"": ""True"", ""reschain"": ""D"", ""reschain_lig"": ""Z"", ""resnr"": ""205"", ""resnr_lig"": ""1"", ""restype"": ""SER"", ""restype_lig"": ""LIG"", ""sidechain"": ""True""}",lormetazepam/alpha1/2026091901/pose_04/report.xml,292d0b3ece0505aa49bc92310436aae6ae16af2c625096400343ae7c2a459919
lormetazepam,alpha1,2026091901,4,2026091901:4,pi_stack,D,102,HIS,"{""angle"": ""84.82"", ""centdist"": ""4.80"", ""id"": ""1"", ""lig_idx_list"": """", ""ligcoo"": """", ""offset"": ""1.97"", ""prot_idx_list"": """", ""protcoo"": """", ""reschain"": ""D"", ""reschain_lig"": ""Z"", ""resnr"": ""102"", ""resnr_lig"": ""1"", ""restype"": ""HIS"", ""restype_lig"": ""LIG"", ""type"": ""T""}",lormetazepam/alpha1/2026091901/pose_04/report.xml,292d0b3ece0505aa49bc92310436aae6ae16af2c625096400343ae7c2a459919
lormetazepam,alpha1,2026091901,5,2026091901:5,hydrophobic_interaction,C,58,TYR,"{""dist"": ""3.67"", ""id"": ""1"", ""ligcarbonidx"": ""27542"", ""ligcoo"": """", ""protcarbonidx"": ""5806"", ""protcoo"": """", ""reschain"": ""C"", ""reschain_lig"": ""Z"", ""resnr"": ""58"", ""resnr_lig"": ""1"", ""restype"": ""TYR"", ""restype_lig"": ""LIG""}",lormetazepam/alpha1/2026091901/pose_05/report.xml,e34a0b1ffd7bd39acc5abbde59b73b846a7f4a1f6d10a1f85dabdacd39e39e47
lormetazepam,alpha1,2026091901,5,2026091901:5,hydrophobic_interaction,C,77,PHE,"{""dist"": ""3.48"", ""id"": ""2"", ""ligcarbonidx"": ""27545"", ""ligcoo"": """", ""protcarbonidx"": ""5955"", ""protcoo"": """", ""reschain"": ""C"", ""reschain_lig"": ""Z"", ""resnr"": ""77"", ""resnr_lig"": ""1"", ""restype"": ""PHE"", ""restype_lig"": ""LIG""}",lormetazepam/alpha1/2026091901/pose_05/report.xml,e34a0b1ffd7bd39acc5abbde59b73b846a7f4a1f6d10a1f85dabdacd39e39e47
lormetazepam,alpha1,2026091901,5,2026091901:5,hydrophobic_interaction,D,203,VAL,"{""dist"": ""3.90"", ""id"": ""3"", ""ligcarbonidx"": ""27542"", ""ligcoo"": """", ""protcarbonidx"": ""9810"", ""protcoo"": """", ""reschain"": ""D"", ""reschain_lig"": ""Z"", ""resnr"": ""203"", ""resnr_lig"": ""1"", ""restype"": ""VAL"", ""restype_lig"": ""LIG""}",lormetazepam/alpha1/2026091901/pose_05/report.xml,e34a0b1ffd7bd39acc5abbde59b73b846a7f4a1f6d10a1f85dabdacd39e39e47
lormetazepam,alpha1,2026091901,5,2026091901:5,hydrogen_bond,C,60,ASN,"{""acceptoridx"": ""5822"", ""acceptortype"": ""O2"", ""dist_d-a"": ""3.10"", ""dist_h-a"": ""2.25"", ""don_angle"": ""145.29"", ""donoridx"": ""27538"", ""donortype"": ""O3"", ""id"": ""1"", ""ligcoo"": """", ""protcoo"": """", ""protisdon"": ""False"", ""reschain"": ""C"", ""reschain_lig"": ""Z"", ""resnr"": ""60"", ""resnr_lig"": ""1"", ""restype"": ""ASN"", ""restype_lig"": ""LIG"", ""sidechain"": ""True""}",lormetazepam/alpha1/2026091901/pose_05/report.xml,e34a0b1ffd7bd39acc5abbde59b73b846a7f4a1f6d10a1f85dabdacd39e39e47
lormetazepam,alpha1,2026091901,5,2026091901:5,hydrogen_bond,C,192,ASP,"{""acceptoridx"": ""27536"", ""acceptortype"": ""O2"", ""dist_d-a"": ""3.20"", ""dist_h-a"": ""2.64"", ""don_angle"": ""116.35"", ""donoridx"": ""6922"", ""donortype"": ""Nam"", ""id"": ""2"", ""ligcoo"": """", ""protcoo"": """", ""protisdon"": ""True"", ""reschain"": ""C"", ""reschain_lig"": ""Z"", ""resnr"": ""192"", ""resnr_lig"": ""1"", ""restype"": ""ASP"", ""restype_lig"": ""LIG"", ""sidechain"": ""False""}",lormetazepam/alpha1/2026091901/pose_05/report.xml,e34a0b1ffd7bd39acc5abbde59b73b846a7f4a1f6d10a1f85dabdacd39e39e47
lormetazepam,alpha1,2026091901,6,2026091901:6,hydrophobic_interaction,C,58,TYR,"{""dist"": ""3.46"", ""id"": ""1"", ""ligcarbonidx"": ""27542"", ""ligcoo"": """", ""protcarbonidx"": ""5805"", ""protcoo"": """", ""reschain"": ""C"", ""reschain_lig"": ""Z"", ""resnr"": ""58"", ""resnr_lig"": ""1"", ""restype"": ""TYR"", ""restype_lig"": ""LIG""}",lormetazepam/alpha1/2026091901/pose_06/report.xml,92c9fddd0703cf5d74b7beb4f52fd3d189f9584e0611545929016a86b1cebaff
lormetazepam,alpha1,2026091901,6,2026091901:6,hydrophobic_interaction,C,58,TYR,"{""dist"": ""3.56"", ""id"": ""2"", ""ligcarbonidx"": ""27549"", ""ligcoo"": """", ""protcarbonidx"": ""5804"", ""protcoo"": """", ""reschain"": ""C"", ""reschain_lig"": ""Z"", ""resnr"": ""58"", ""resnr_lig"": ""1"", ""restype"": ""TYR"", ""restype_lig"": ""LIG""}",lormetazepam/alpha1/2026091901/pose_06/report.xml,92c9fddd0703cf5d74b7beb4f52fd3d189f9584e0611545929016a86b1cebaff
lormetazepam,alpha1,2026091901,6,2026091901:6,pi_stack,C,77,PHE,"{""angle"": ""23.56"", ""centdist"": ""4.14"", ""id"": ""1"", ""lig_idx_list"": """", ""ligcoo"": """", ""offset"": ""0.69"", ""prot_idx_list"": """", ""protcoo"": """", ""reschain"": ""C"", ""reschain_lig"": ""Z"", ""resnr"": ""77"", ""resnr_lig"": ""1"", ""restype"": ""PHE"", ""restype_lig"": ""LIG"", ""type"": ""P""}",lormetazepam/alpha1/2026091901/pose_06/report.xml,92c9fddd0703cf5d74b7beb4f52fd3d189f9584e0611545929016a86b1cebaff
lormetazepam,alpha1,2026091901,7,2026091901:7,hydrophobic_interaction,C,58,TYR,"{""dist"": ""3.75"", ""id"": ""1"", ""ligcarbonidx"": ""27549"", ""ligcoo"": """", ""protcarbonidx"": ""5806"", ""protcoo"": """", ""reschain"": ""C"", ""reschain_lig"": ""Z"", ""resnr"": ""58"", ""resnr_lig"": ""1"", ""restype"": ""TYR"", ""restype_lig"": ""LIG""}",lormetazepam/alpha1/2026091901/pose_07/report.xml,2c01d4c87bd6fb995adada0e6ac9a377551e1e32cce3edc6db73ee3f7afe23e7
lormetazepam,alpha1,2026091901,7,2026091901:7,hydrophobic_interaction,C,77,PHE,"{""dist"": ""3.81"", ""id"": ""2"", ""ligcarbonidx"": ""27552"", ""ligcoo"": """", ""protcarbonidx"": ""5954"", ""protcoo"": """", ""reschain"": ""C"", ""reschain_lig"": ""Z"", ""resnr"": ""77"", ""resnr_lig"": ""1"", ""restype"": ""PHE"", ""restype_lig"": ""LIG""}",lormetazepam/alpha1/2026091901/pose_07/report.xml,2c01d4c87bd6fb995adada0e6ac9a377551e1e32cce3edc6db73ee3f7afe23e7
lormetazepam,alpha1,2026091901,7,2026091901:7,hydrophobic_interaction,D,203,VAL,"{""dist"": ""3.42"", ""id"": ""3"", ""ligcarbonidx"": ""27543"", ""ligcoo"": """", ""protcarbonidx"": ""9811"", ""protcoo"": """", ""reschain"": ""D"", ""reschain_lig"": ""Z"", ""resnr"": ""203"", ""resnr_lig"": ""1"", ""restype"": ""VAL"", ""restype_lig"": ""LIG""}",lormetazepam/alpha1/2026091901/pose_07/report.xml,2c01d4c87bd6fb995adada0e6ac9a377551e1e32cce3edc6db73ee3f7afe23e7
lormetazepam,alpha1,2026091901,7,2026091901:7,hydrogen_bond,C,58,TYR,"{""acceptoridx"": ""5808"", ""acceptortype"": ""O2"", ""dist_d-a"": ""2.71"", ""dist_h-a"": ""2.20"", ""don_angle"": ""111.31"", ""donoridx"": ""27538"", ""donortype"": ""O3"", ""id"": ""1"", ""ligcoo"": """", ""protcoo"": """", ""protisdon"": ""False"", ""reschain"": ""C"", ""reschain_lig"": ""Z"", ""resnr"": ""58"", ""resnr_lig"": ""1"", ""restype"": ""TYR"", ""restype_lig"": ""LIG"", ""sidechain"": ""True""}",lormetazepam/alpha1/2026091901/pose_07/report.xml,2c01d4c87bd6fb995adada0e6ac9a377551e1e32cce3edc6db73ee3f7afe23e7
lormetazepam,alpha1,2026091901,8,2026091901:8,hydrophobic_interaction,C,58,TYR,"{""dist"": ""3.71"", ""id"": ""1"", ""ligcarbonidx"": ""27541"", ""ligcoo"": """", ""protcarbonidx"": ""5806"", ""protcoo"": """", ""reschain"": ""C"", ""reschain_lig"": ""Z"", ""resnr"": ""58"", ""resnr_lig"": ""1"", ""restype"": ""TYR"", ""restype_lig"": ""LIG""}",lormetazepam/alpha1/2026091901/pose_08/report.xml,ff7de8062fe20fc6f832dc3304ac163ca6e092a8182d506caac2ae3d0dd94479
lormetazepam,alpha1,2026091901,8,2026091901:8,hydrophobic_interaction,C,77,PHE,"{""dist"": ""3.79"", ""id"": ""2"", ""ligcarbonidx"": ""27543"", ""ligcoo"": """", ""protcarbonidx"": ""5955"", ""protcoo"": """", ""reschain"": ""C"", ""reschain_lig"": ""Z"", ""resnr"": ""77"", ""resnr_lig"": ""1"", ""restype"": ""PHE"", ""restype_lig"": ""LIG""}",lormetazepam/alpha1/2026091901/pose_08/report.xml,ff7de8062fe20fc6f832dc3304ac163ca6e092a8182d506caac2ae3d0dd94479
lormetazepam,alpha1,2026091901,8,2026091901:8,hydrophobic_interaction,C,77,PHE,"{""dist"": ""3.88"", ""id"": ""3"", ""ligcarbonidx"": ""27544"", ""ligcoo"": """", ""protcarbonidx"": ""5954"", ""protcoo"": """", ""reschain"": ""C"", ""reschain_lig"": ""Z"", ""resnr"": ""77"", ""resnr_lig"": ""1"", ""restype"": ""PHE"", ""restype_lig"": ""LIG""}",lormetazepam/alpha1/2026091901/pose_08/report.xml,ff7de8062fe20fc6f832dc3304ac163ca6e092a8182d506caac2ae3d0dd94479
lormetazepam,alpha1,2026091901,8,2026091901:8,hydrophobic_interaction,D,203,VAL,"{""dist"": ""3.91"", ""id"": ""4"", ""ligcarbonidx"": ""27541"", ""ligcoo"": """", ""protcarbonidx"": ""9810"", ""protcoo"": """", ""reschain"": ""D"", ""reschain_lig"": ""Z"", ""resnr"": ""203"", ""resnr_lig"": ""1"", ""restype"": ""VAL"", ""restype_lig"": ""LIG""}",lormetazepam/alpha1/2026091901/pose_08/report.xml,ff7de8062fe20fc6f832dc3304ac163ca6e092a8182d506caac2ae3d0dd94479
lormetazepam,alpha1,2026091901,8,2026091901:8,hydrogen_bond,C,58,TYR,"{""acceptoridx"": ""27538"", ""acceptortype"": ""O3"", ""dist_d-a"": ""2.93"", ""dist_h-a"": ""2.40"", ""don_angle"": ""115.75"", ""donoridx"": ""5808"", ""donortype"": ""O2"", ""id"": ""1"", ""ligcoo"": """", ""protcoo"": """", ""protisdon"": ""True"", ""reschain"": ""C"", ""reschain_lig"": ""Z"", ""resnr"": ""58"", ""resnr_lig"": ""1"", ""restype"": ""TYR"", ""restype_lig"": ""LIG"", ""sidechain"": ""True""}",lormetazepam/alpha1/2026091901/pose_08/report.xml,ff7de8062fe20fc6f832dc3304ac163ca6e092a8182d506caac2ae3d0dd94479
lormetazepam,alpha1,2026091901,8,2026091901:8,hydrogen_bond,D,204,GLN,"{""acceptoridx"": ""27536"", ""acceptortype"": ""O2"", ""dist_d-a"": ""4.02"", ""dist_h-a"": ""3.28"", ""don_angle"": ""133.34"", ""donoridx"": ""9812"", ""donortype"": ""Nam"", ""id"": ""2"", ""ligcoo"": """", ""protcoo"": """", ""protisdon"": ""True"", ""reschain"": ""D"", ""reschain_lig"": ""Z"", ""resnr"": ""204"", ""resnr_lig"": ""1"", ""restype"": ""GLN"", ""restype_lig"": ""LIG"", ""sidechain"": ""False""}",lormetazepam/alpha1/2026091901/pose_08/report.xml,ff7de8062fe20fc6f832dc3304ac163ca6e092a8182d506caac2ae3d0dd94479
lormetazepam,alpha1,2026091901,9,2026091901:9,hydrophobic_interaction,C,77,PHE,"{""dist"": ""3.60"", ""id"": ""1"", ""ligcarbonidx"": ""27544"", ""ligcoo"": """", ""protcarbonidx"": ""5955"", ""protcoo"": """", ""reschain"": ""C"", ""reschain_lig"": ""Z"", ""resnr"": ""77"", ""resnr_lig"": ""1"", ""restype"": ""PHE"", ""restype_lig"": ""LIG""}",lormetazepam/alpha1/2026091901/pose_09/report.xml,0255cee4ce4540dfc3cc16ba802cd0ffdd192e6b22529aa4ee88eac3a55a857c
lormetazepam,alpha1,2026091901,9,2026091901:9,hydrophobic_interaction,D,102,HIS,"{""dist"": ""3.80"", ""id"": ""2"", ""ligcarbonidx"": ""27545"", ""ligcoo"": """", ""protcarbonidx"": ""9010"", ""protcoo"": """", ""reschain"": ""D"", ""reschain_lig"": ""Z"", ""resnr"": ""102"", ""resnr_lig"": ""1"", ""restype"": ""HIS"", ""restype_lig"": ""LIG""}",lormetazepam/alpha1/2026091901/pose_09/report.xml,0255cee4ce4540dfc3cc16ba802cd0ffdd192e6b22529aa4ee88eac3a55a857c
lormetazepam,alpha1,2026091901,9,2026091901:9,hydrogen_bond,C,58,TYR,"{""acceptoridx"": ""27536"", ""acceptortype"": ""O2"", ""dist_d-a"": ""2.94"", ""dist_h-a"": ""2.60"", ""don_angle"": ""101.70"", ""donoridx"": ""5808"", ""donortype"": ""O2"", ""id"": ""1"", ""ligcoo"": """", ""protcoo"": """", ""protisdon"": ""True"", ""reschain"": ""C"", ""reschain_lig"": ""Z"", ""resnr"": ""58"", ""resnr_lig"": ""1"", ""restype"": ""TYR"", ""restype_lig"": ""LIG"", ""sidechain"": ""True""}",lormetazepam/alpha1/2026091901/pose_09/report.xml,0255cee4ce4540dfc3cc16ba802cd0ffdd192e6b22529aa4ee88eac3a55a857c
lormetazepam,alpha1,2026091902,1,2026091902:1,hydrophobic_interaction,C,58,TYR,"{""dist"": ""3.79"", ""id"": ""1"", ""ligcarbonidx"": ""27553"", ""ligcoo"": """", ""protcarbonidx"": ""5806"", ""protcoo"": """", ""reschain"": ""C"", ""reschain_lig"": ""Z"", ""resnr"": ""58"", ""resnr_lig"": ""1"", ""restype"": ""TYR"", ""restype_lig"": ""LIG""}",lormetazepam/alpha1/2026091902/pose_01/report.xml,12df0edea7ed75f6f8471b3e3e3690636670c4c326718b8cd96c19bfaa792969
lormetazepam,alpha1,2026091902,1,2026091902:1,hydrophobic_interaction,C,77,PHE,"{""dist"": ""3.15"", ""id"": ""2"", ""ligcarbonidx"": ""27549"", ""ligcoo"": """", ""protcarbonidx"": ""5955"", ""protcoo"": """", ""reschain"": ""C"", ""reschain_lig"": ""Z"", ""resnr"": ""77"", ""resnr_lig"": ""1"", ""restype"": ""PHE"", ""restype_lig"": ""LIG""}",lormetazepam/alpha1/2026091902/pose_01/report.xml,12df0edea7ed75f6f8471b3e3e3690636670c4c326718b8cd96c19bfaa792969
lormetazepam,alpha1,2026091902,1,2026091902:1,hydrophobic_interaction,D,100,PHE,"{""dist"": ""3.98"", ""id"": ""3"", ""ligcarbonidx"": ""27545"", ""ligcoo"": """", ""protcarbonidx"": ""8994"", ""protcoo"": """", ""reschain"": ""D"", ""reschain_lig"": ""Z"", ""resnr"": ""100"", ""resnr_lig"": ""1"", ""restype"": ""PHE"", ""restype_lig"": ""LIG""}",lormetazepam/alpha1/2026091902/pose_01/report.xml,12df0edea7ed75f6f8471b3e3e3690636670c4c326718b8cd96c19bfaa792969
lormetazepam,alpha1,2026091902,1,2026091902:1,hydrophobic_interaction,D,100,PHE,"{""dist"": ""3.90"", ""id"": ""4"", ""ligcarbonidx"": ""27544"", ""ligcoo"": """", ""protcarbonidx"": ""8992"", ""protcoo"": """", ""reschain"": ""D"", ""reschain_lig"": ""Z"", ""resnr"": ""100"", ""resnr_lig"": ""1"", ""restype"": ""PHE"", ""restype_lig"": ""LIG""}",lormetazepam/alpha1/2026091902/pose_01/report.xml,12df0edea7ed75f6f8471b3e3e3690636670c4c326718b8cd96c19bfaa792969
lormetazepam,alpha1,2026091902,1,2026091902:1,hydrophobic_interaction,D,160,TYR,"{""dist"": ""3.54"", ""id"": ""5"", ""ligcarbonidx"": ""27543"", ""ligcoo"": """", ""protcarbonidx"": ""9467"", ""protcoo"": """", ""reschain"": ""D"", ""reschain_lig"": ""Z"", ""resnr"": ""160"", ""resnr_lig"": ""1"", ""restype"": ""TYR"", ""restype_lig"": ""LIG""}",lormetazepam/alpha1/2026091902/pose_01/report.xml,12df0edea7ed75f6f8471b3e3e3690636670c4c326718b8cd96c19bfaa792969
lormetazepam,alpha1,2026091902,1,2026091902:1,hydrophobic_interaction,D,210,TYR,"{""dist"": ""3.90"", ""id"": ""6"", ""ligcarbonidx"": ""27545"", ""ligcoo"": """", ""protcarbonidx"": ""9857"", ""protcoo"": """", ""reschain"": ""D"", ""reschain_lig"": ""Z"", ""resnr"": ""210"", ""resnr_lig"": ""1"", ""restype"": ""TYR"", ""restype_lig"": ""LIG""}",lormetazepam/alpha1/2026091902/pose_01/report.xml,12df0edea7ed75f6f8471b3e3e3690636670c4c326718b8cd96c19bfaa792969
lormetazepam,alpha1,2026091902,1,2026091902:1,hydrogen_bond,D,205,SER,"{""acceptoridx"": ""27536"", ""acceptortype"": ""O2"", ""dist_d-a"": ""2.86"", ""dist_h-a"": ""1.94"", ""don_angle"": ""157.36"", ""donoridx"": ""9826"", ""donortype"": ""O3"", ""id"": ""1"", ""ligcoo"": """", ""protcoo"": """", ""protisdon"": ""True"", ""reschain"": ""D"", ""reschain_lig"": ""Z"", ""resnr"": ""205"", ""resnr_lig"": ""1"", ""restype"": ""SER"", ""restype_lig"": ""LIG"", ""sidechain"": ""True""}",lormetazepam/alpha1/2026091902/pose_01/report.xml,12df0edea7ed75f6f8471b3e3e3690636670c4c326718b8cd96c19bfaa792969
lormetazepam,alpha1,2026091902,1,2026091902:1,hydrogen_bond,D,206,SER,"{""acceptoridx"": ""27536"", ""acceptortype"": ""O2"", ""dist_d-a"": ""3.92"", ""dist_h-a"": ""3.14"", ""don_angle"": ""137.18"", ""donoridx"": ""9827"", ""donortype"": ""Nam"", ""id"": ""2"", ""ligcoo"": """", ""protcoo"": """", ""protisdon"": ""True"", ""reschain"": ""D"", ""reschain_lig"": ""Z"", ""resnr"": ""206"", ""resnr_lig"": ""1"", ""restype"": ""SER"", ""restype_lig"": ""LIG"", ""sidechain"": ""False""}",lormetazepam/alpha1/2026091902/pose_01/report.xml,12df0edea7ed75f6f8471b3e3e3690636670c4c326718b8cd96c19bfaa792969
lormetazepam,alpha1,2026091902,1,2026091902:1,pi_stack,D,210,TYR,"{""angle"": ""19.51"", ""centdist"": ""4.06"", ""id"": ""1"", ""lig_idx_list"": """", ""ligcoo"": """", ""offset"": ""0.91"", ""prot_idx_list"": """", ""protcoo"": """", ""reschain"": ""D"", ""reschain_lig"": ""Z"", ""resnr"": ""210"", ""resnr_lig"": ""1"", ""restype"": ""TYR"", ""restype_lig"": ""LIG"", ""type"": ""P""}",lormetazepam/alpha1/2026091902/pose_01/report.xml,12df0edea7ed75f6f8471b3e3e3690636670c4c326718b8cd96c19bfaa792969
lormetazepam,alpha1,2026091902,1,2026091902:1,halogen_bond,D,102,HIS,"{""acc_angle"": ""96.93"", ""acc_idx"": ""9009"", ""acceptortype"": ""O2"", ""dist"": ""3.66"", ""don_angle"": ""166.15"", ""don_idx"": ""27551"", ""donortype"": ""Cl"", ""id"": ""1"", ""ligcoo"": """", ""protcoo"": """", ""reschain"": ""D"", ""reschain_lig"": ""Z"", ""resnr"": ""102"", ""resnr_lig"": ""1"", ""restype"": ""HIS"", ""restype_lig"": ""LIG"", ""sidechain"": ""False""}",lormetazepam/alpha1/2026091902/pose_01/report.xml,12df0edea7ed75f6f8471b3e3e3690636670c4c326718b8cd96c19bfaa792969
lormetazepam,alpha1,2026091902,2,2026091902:2,hydrophobic_interaction,C,58,TYR,"{""dist"": ""3.64"", ""id"": ""1"", ""ligcarbonidx"": ""27549"", ""ligcoo"": """", ""protcarbonidx"": ""5806"", ""protcoo"": """", ""reschain"": ""C"", ""reschain_lig"": ""Z"", ""resnr"": ""58"", ""resnr_lig"": ""1"", ""restype"": ""TYR"", ""restype_lig"": ""LIG""}",lormetazepam/alpha1/2026091902/pose_02/report.xml,edaf6209580ac7a928bdb510ca01945bf82014ead3bbda42e907e257519eb815
lormetazepam,alpha1,2026091902,2,2026091902:2,hydrophobic_interaction,C,77,PHE,"{""dist"": ""3.77"", ""id"": ""2"", ""ligcarbonidx"": ""27552"", ""ligcoo"": """", ""protcarbonidx"": ""5954"", ""protcoo"": """", ""reschain"": ""C"", ""reschain_lig"": ""Z"", ""resnr"": ""77"", ""resnr_lig"": ""1"", ""restype"": ""PHE"", ""restype_lig"": ""LIG""}",lormetazepam/alpha1/2026091902/pose_02/report.xml,edaf6209580ac7a928bdb510ca01945bf82014ead3bbda42e907e257519eb815
lormetazepam,alpha1,2026091902,2,2026091902:2,hydrophobic_interaction,D,203,VAL,"{""dist"": ""3.55"", ""id"": ""3"", ""ligcarbonidx"": ""27545"", ""ligcoo"": """", ""protcarbonidx"": ""9810"", ""protcoo"": """", ""reschain"": ""D"", ""reschain_lig"": ""Z"", ""resnr"": ""203"", ""resnr_lig"": ""1"", ""restype"": ""VAL"", ""restype_lig"": ""LIG""}",lormetazepam/alpha1/2026091902/pose_02/report.xml,edaf6209580ac7a928bdb510ca01945bf82014ead3bbda42e907e257519eb815
lormetazepam,alpha1,2026091902,2,2026091902:2,hydrogen_bond,C,58,TYR,"{""acceptoridx"": ""5808"", ""acceptortype"": ""O2"", ""dist_d-a"": ""2.96"", ""dist_h-a"": ""2.36"", ""don_angle"": ""118.85"", ""donoridx"": ""27538"", ""donortype"": ""O3"", ""id"": ""1"", ""ligcoo"": """", ""protcoo"": """", ""protisdon"": ""False"", ""reschain"": ""C"", ""reschain_lig"": ""Z"", ""resnr"": ""58"", ""resnr_lig"": ""1"", ""restype"": ""TYR"", ""restype_lig"": ""LIG"", ""sidechain"": ""True""}",lormetazepam/alpha1/2026091902/pose_02/report.xml,edaf6209580ac7a928bdb510ca01945bf82014ead3bbda42e907e257519eb815
lormetazepam,alpha1,2026091902,3,2026091902:3,hydrophobic_interaction,C,58,TYR,"{""dist"": ""3.64"", ""id"": ""1"", ""ligcarbonidx"": ""27553"", ""ligcoo"": """", ""protcarbonidx"": ""5806"", ""protcoo"": """", ""reschain"": ""C"", ""reschain_lig"": ""Z"", ""resnr"": ""58"", ""resnr_lig"": ""1"", ""restype"": ""TYR"", ""restype_lig"": ""LIG""}",lormetazepam/alpha1/2026091902/pose_03/report.xml,415c905f4940775521fbc73c74f471e8b61386f0775bc42625981571ad39d791
lormetazepam,alpha1,2026091902,3,2026091902:3,hydrophobic_interaction,C,58,TYR,"{""dist"": ""3.15"", ""id"": ""2"", ""ligcarbonidx"": ""27543"", ""ligcoo"": """", ""protcarbonidx"": ""5801"", ""protcoo"": """", ""reschain"": ""C"", ""reschain_lig"": ""Z"", ""resnr"": ""58"", ""resnr_lig"": ""1"", ""restype"": ""TYR"", ""restype_lig"": ""LIG""}",lormetazepam/alpha1/2026091902/pose_03/report.xml,415c905f4940775521fbc73c74f471e8b61386f0775bc42625981571ad39d791
lormetazepam,alpha1,2026091902,3,2026091902:3,hydrophobic_interaction,C,77,PHE,"{""dist"": ""3.78"", ""id"": ""3"", ""ligcarbonidx"": ""27541"", ""ligcoo"": """", ""protcarbonidx"": ""5950"", ""protcoo"": """", ""reschain"": ""C"", ""reschain_lig"": ""Z"", ""resnr"": ""77"", ""resnr_lig"": ""1"", ""restype"": ""PHE"", ""restype_lig"": ""LIG""}",lormetazepam/alpha1/2026091902/pose_03/report.xml,415c905f4940775521fbc73c74f471e8b61386f0775bc42625981571ad39d791
lormetazepam,alpha1,2026091902,3,2026091902:3,hydrophobic_interaction,C,77,PHE,"{""dist"": ""3.58"", ""id"": ""4"", ""ligcarbonidx"": ""27543"", ""ligcoo"": """", ""protcarbonidx"": ""5949"", ""protcoo"": """", ""reschain"": ""C"", ""reschain_lig"": ""Z"", ""resnr"": ""77"", ""resnr_lig"": ""1"", ""restype"": ""PHE"", ""restype_lig"": ""LIG""}",lormetazepam/alpha1/2026091902/pose_03/report.xml,415c905f4940775521fbc73c74f471e8b61386f0775bc42625981571ad39d791
lormetazepam,alpha1,2026091902,3,2026091902:3,hydrophobic_interaction,C,142,THR,"{""dist"": ""3.66"", ""id"": ""5"", ""ligcarbonidx"": ""27545"", ""ligcoo"": """", ""protcarbonidx"": ""6514"", ""protcoo"": """", ""reschain"": ""C"", ""reschain_lig"": ""Z"", ""resnr"": ""142"", ""resnr_lig"": ""1"", ""restype"": ""THR"", ""restype_lig"": ""LIG""}",lormetazepam/alpha1/2026091902/pose_03/report.xml,415c905f4940775521fbc73c74f471e8b61386f0775bc42625981571ad39d791
lormetazepam,alpha1,2026091902,4,2026091902:4,hydrophobic_interaction,C,58,TYR,"{""dist"": ""3.29"", ""id"": ""1"", ""ligcarbonidx"": ""27545"", ""ligcoo"": """", ""protcarbonidx"": ""5803"", ""protcoo"": """", ""reschain"": ""C"", ""reschain_lig"": ""Z"", ""resnr"": ""58"", ""resnr_lig"": ""1"", ""restype"": ""TYR"", ""restype_lig"": ""LIG""}",lormetazepam/alpha1/2026091902/pose_04/report.xml,02766541a2177b4593e53a65a2bd2863040f5942e58432a61deb1600e1f5261b
lormetazepam,alpha1,2026091902,4,2026091902:4,hydrophobic_interaction,C,58,TYR,"{""dist"": ""3.30"", ""id"": ""2"", ""ligcarbonidx"": ""27544"", ""ligcoo"": """", ""protcarbonidx"": ""5801"", ""protcoo"": """", ""reschain"": ""C"", ""reschain_lig"": ""Z"", ""resnr"": ""58"", ""resnr_lig"": ""1"", ""restype"": ""TYR"", ""restype_lig"": ""LIG""}",lormetazepam/alpha1/2026091902/pose_04/report.xml,02766541a2177b4593e53a65a2bd2863040f5942e58432a61deb1600e1f5261b
lormetazepam,alpha1,2026091902,4,2026091902:4,hydrophobic_interaction,C,77,PHE,"{""dist"": ""3.94"", ""id"": ""3"", ""ligcarbonidx"": ""27549"", ""ligcoo"": """", ""protcarbonidx"": ""5951"", ""protcoo"": """", ""reschain"": ""C"", ""reschain_lig"": ""Z"", ""resnr"": ""77"", ""resnr_lig"": ""1"", ""restype"": ""PHE"", ""restype_lig"": ""LIG""}",lormetazepam/alpha1/2026091902/pose_04/report.xml,02766541a2177b4593e53a65a2bd2863040f5942e58432a61deb1600e1f5261b
lormetazepam,alpha1,2026091902,4,2026091902:4,hydrophobic_interaction,C,77,PHE,"{""dist"": ""3.56"", ""id"": ""4"", ""ligcarbonidx"": ""27542"", ""ligcoo"": """", ""protcarbonidx"": ""5949"", ""protcoo"": """", ""reschain"": ""C"", ""reschain_lig"": ""Z"", ""resnr"": ""77"", ""resnr_lig"": ""1"", ""restype"": ""PHE"", ""restype_lig"": ""LIG""}",lormetazepam/alpha1/2026091902/pose_04/report.xml,02766541a2177b4593e53a65a2bd2863040f5942e58432a61deb1600e1f5261b
lormetazepam,alpha1,2026091902,4,2026091902:4,hydrophobic_interaction,D,160,TYR,"{""dist"": ""3.90"", ""id"": ""5"", ""ligcarbonidx"": ""27552"", ""ligcoo"": """", ""protcarbonidx"": ""9467"", ""protcoo"": """", ""reschain"": ""D"", ""reschain_lig"": ""Z"", ""resnr"": ""160"", ""resnr_lig"": ""1"", ""restype"": ""TYR"", ""restype_lig"": ""LIG""}",lormetazepam/alpha1/2026091902/pose_04/report.xml,02766541a2177b4593e53a65a2bd2863040f5942e58432a61deb1600e1f5261b
lormetazepam,alpha1,2026091902,4,2026091902:4,pi_stack,D,210,TYR,"{""angle"": ""29.73"", ""centdist"": ""4.40"", ""id"": ""1"", ""lig_idx_list"": """", ""ligcoo"": """", ""offset"": ""1.58"", ""prot_idx_list"": """", ""protcoo"": """", ""reschain"": ""D"", ""reschain_lig"": ""Z"", ""resnr"": ""210"", ""resnr_lig"": ""1"", ""restype"": ""TYR"", ""restype_lig"": ""LIG"", ""type"": ""P""}",lormetazepam/alpha1/2026091902/pose_04/report.xml,02766541a2177b4593e53a65a2bd2863040f5942e58432a61deb1600e1f5261b
lormetazepam,alpha1,2026091902,5,2026091902:5,hydrophobic_interaction,C,77,PHE,"{""dist"": ""3.07"", ""id"": ""1"", ""ligcarbonidx"": ""27542"", ""ligcoo"": """", ""protcarbonidx"": ""5955"", ""protcoo"": """", ""reschain"": ""C"", ""reschain_lig"": ""Z"", ""resnr"": ""77"", ""resnr_lig"": ""1"", ""restype"": ""PHE"", ""restype_lig"": ""LIG""}",lormetazepam/alpha1/2026091902/pose_05/report.xml,74305e8a179cdbc61de7904fb77c847c184840b1fe9a339eb2557be3a51c3a03
lormetazepam,alpha1,2026091902,5,2026091902:5,hydrophobic_interaction,D,102,HIS,"{""dist"": ""3.55"", ""id"": ""2"", ""ligcarbonidx"": ""27543"", ""ligcoo"": """", ""protcarbonidx"": ""9010"", ""protcoo"": """", ""reschain"": ""D"", ""reschain_lig"": ""Z"", ""resnr"": ""102"", ""resnr_lig"": ""1"", ""restype"": ""HIS"", ""restype_lig"": ""LIG""}",lormetazepam/alpha1/2026091902/pose_05/report.xml,74305e8a179cdbc61de7904fb77c847c184840b1fe9a339eb2557be3a51c3a03
lormetazepam,alpha1,2026091902,5,2026091902:5,hydrophobic_interaction,D,203,VAL,"{""dist"": ""3.19"", ""id"": ""3"", ""ligcarbonidx"": ""27549"", ""ligcoo"": """", ""protcarbonidx"": ""9810"", ""protcoo"": """", ""reschain"": ""D"", ""reschain_lig"": ""Z"", ""resnr"": ""203"", ""resnr_lig"": ""1"", ""restype"": ""VAL"", ""restype_lig"": ""LIG""}",lormetazepam/alpha1/2026091902/pose_05/report.xml,74305e8a179cdbc61de7904fb77c847c184840b1fe9a339eb2557be3a51c3a03
lormetazepam,alpha1,2026091902,5,2026091902:5,hydrophobic_interaction,D,210,TYR,"{""dist"": ""3.32"", ""id"": ""4"", ""ligcarbonidx"": ""27552"", ""ligcoo"": """", ""protcarbonidx"": ""9860"", ""protcoo"": """", ""reschain"": ""D"", ""reschain_lig"": ""Z"", ""resnr"": ""210"", ""resnr_lig"": ""1"", ""restype"": ""TYR"", ""restype_lig"": ""LIG""}",lormetazepam/alpha1/2026091902/pose_05/report.xml,74305e8a179cdbc61de7904fb77c847c184840b1fe9a339eb2557be3a51c3a03
lormetazepam,alpha1,2026091902,5,2026091902:5,hydrophobic_interaction,D,210,TYR,"{""dist"": ""3.91"", ""id"": ""5"", ""ligcarbonidx"": ""27553"", ""ligcoo"": """", ""protcarbonidx"": ""9862"", ""protcoo"": """", ""reschain"": ""D"", ""reschain_lig"": ""Z"", ""resnr"": ""210"", ""resnr_lig"": ""1"", ""restype"": ""TYR"", ""restype_lig"": ""LIG""}",lormetazepam/alpha1/2026091902/pose_05/report.xml,74305e8a179cdbc61de7904fb77c847c184840b1fe9a339eb2557be3a51c3a03
lormetazepam,alpha1,2026091902,5,2026091902:5,hydrogen_bond,D,205,SER,"{""acceptoridx"": ""27536"", ""acceptortype"": ""O2"", ""dist_d-a"": ""3.93"", ""dist_h-a"": ""3.39"", ""don_angle"": ""116.94"", ""donoridx"": ""9826"", ""donortype"": ""O3"", ""id"": ""1"", ""ligcoo"": """", ""protcoo"": """", ""protisdon"": ""True"", ""reschain"": ""D"", ""reschain_lig"": ""Z"", ""resnr"": ""205"", ""resnr_lig"": ""1"", ""restype"": ""SER"", ""restype_lig"": ""LIG"", ""sidechain"": ""True""}",lormetazepam/alpha1/2026091902/pose_05/report.xml,74305e8a179cdbc61de7904fb77c847c184840b1fe9a339eb2557be3a51c3a03
lormetazepam,alpha1,2026091902,5,2026091902:5,pi_stack,D,102,HIS,"{""angle"": ""84.60"", ""centdist"": ""4.82"", ""id"": ""1"", ""lig_idx_list"": """", ""ligcoo"": """", ""offset"": ""1.99"", ""prot_idx_list"": """", ""protcoo"": """", ""reschain"": ""D"", ""reschain_lig"": ""Z"", ""resnr"": ""102"", ""resnr_lig"": ""1"", ""restype"": ""HIS"", ""restype_lig"": ""LIG"", ""type"": ""T""}",lormetazepam/alpha1/2026091902/pose_05/report.xml,74305e8a179cdbc61de7904fb77c847c184840b1fe9a339eb2557be3a51c3a03
lormetazepam,alpha1,2026091902,6,2026091902:6,hydrophobic_interaction,C,58,TYR,"{""dist"": ""3.65"", ""id"": ""1"", ""ligcarbonidx"": ""27541"", ""ligcoo"": """", ""protcarbonidx"": ""5806"", ""protcoo"": """", ""reschain"": ""C"", ""reschain_lig"": ""Z"", ""resnr"": ""58"", ""resnr_lig"": ""1"", ""restype"": ""TYR"", ""restype_lig"": ""LIG""}",lormetazepam/alpha1/2026091902/pose_06/report.xml,b879c43882ea69c6ffaf90ecd785d07f3ecd5716a934aca6ff2610789e6dfa4e
lormetazepam,alpha1,2026091902,6,2026091902:6,hydrophobic_interaction,C,77,PHE,"{""dist"": ""3.50"", ""id"": ""2"", ""ligcarbonidx"": ""27545"", ""ligcoo"": """", ""protcarbonidx"": ""5955"", ""protcoo"": """", ""reschain"": ""C"", ""reschain_lig"": ""Z"", ""resnr"": ""77"", ""resnr_lig"": ""1"", ""restype"": ""PHE"", ""restype_lig"": ""LIG""}",lormetazepam/alpha1/2026091902/pose_06/report.xml,b879c43882ea69c6ffaf90ecd785d07f3ecd5716a934aca6ff2610789e6dfa4e
lormetazepam,alpha1,2026091902,6,2026091902:6,hydrophobic_interaction,D,203,VAL,"{""dist"": ""3.91"", ""id"": ""3"", ""ligcarbonidx"": ""27542"", ""ligcoo"": """", ""protcarbonidx"": ""9810"", ""protcoo"": """", ""reschain"": ""D"", ""reschain_lig"": ""Z"", ""resnr"": ""203"", ""resnr_lig"": ""1"", ""restype"": ""VAL"", ""restype_lig"": ""LIG""}",lormetazepam/alpha1/2026091902/pose_06/report.xml,b879c43882ea69c6ffaf90ecd785d07f3ecd5716a934aca6ff2610789e6dfa4e
lormetazepam,alpha1,2026091902,6,2026091902:6,hydrogen_bond,C,192,ASP,"{""acceptoridx"": ""27536"", ""acceptortype"": ""O2"", ""dist_d-a"": ""3.14"", ""dist_h-a"": ""2.58"", ""don_angle"": ""115.73"", ""donoridx"": ""6922"", ""donortype"": ""Nam"", ""id"": ""1"", ""ligcoo"": """", ""protcoo"": """", ""protisdon"": ""True"", ""reschain"": ""C"", ""reschain_lig"": ""Z"", ""resnr"": ""192"", ""resnr_lig"": ""1"", ""restype"": ""ASP"", ""restype_lig"": ""LIG"", ""sidechain"": ""False""}",lormetazepam/alpha1/2026091902/pose_06/report.xml,b879c43882ea69c6ffaf90ecd785d07f3ecd5716a934aca6ff2610789e6dfa4e
lormetazepam,alpha1,2026091902,7,2026091902:7,hydrophobic_interaction,C,58,TYR,"{""dist"": ""3.65"", ""id"": ""1"", ""ligcarbonidx"": ""27542"", ""ligcoo"": """", ""protcarbonidx"": ""5806"", ""protcoo"": """", ""reschain"": ""C"", ""reschain_lig"": ""Z"", ""resnr"": ""58"", ""resnr_lig"": ""1"", ""restype"": ""TYR"", ""restype_lig"": ""LIG""}",lormetazepam/alpha1/2026091902/pose_07/report.xml,8da16deb21f023ebdd50f67583b63440d251045b925f9608b2e57453a1ead297
lormetazepam,alpha1,2026091902,7,2026091902:7,hydrophobic_interaction,C,77,PHE,"{""dist"": ""3.69"", ""id"": ""2"", ""ligcarbonidx"": ""27543"", ""ligcoo"": """", ""protcarbonidx"": ""5954"", ""protcoo"": """", ""reschain"": ""C"", ""reschain_lig"": ""Z"", ""resnr"": ""77"", ""resnr_lig"": ""1"", ""restype"": ""PHE"", ""restype_lig"": ""LIG""}",lormetazepam/alpha1/2026091902/pose_07/report.xml,8da16deb21f023ebdd50f67583b63440d251045b925f9608b2e57453a1ead297
lormetazepam,alpha1,2026091902,7,2026091902:7,hydrophobic_interaction,D,203,VAL,"{""dist"": ""3.69"", ""id"": ""3"", ""ligcarbonidx"": ""27545"", ""ligcoo"": """", ""protcarbonidx"": ""9810"", ""protcoo"": """", ""reschain"": ""D"", ""reschain_lig"": ""Z"", ""resnr"": ""203"", ""resnr_lig"": ""1"", ""restype"": ""VAL"", ""restype_lig"": ""LIG""}",lormetazepam/alpha1/2026091902/pose_07/report.xml,8da16deb21f023ebdd50f67583b63440d251045b925f9608b2e57453a1ead297
lormetazepam,alpha1,2026091902,7,2026091902:7,hydrogen_bond,C,192,ASP,"{""acceptoridx"": ""27538"", ""acceptortype"": ""O3"", ""dist_d-a"": ""3.73"", ""dist_h-a"": ""2.81"", ""don_angle"": ""155.81"", ""donoridx"": ""6922"", ""donortype"": ""Nam"", ""id"": ""1"", ""ligcoo"": """", ""protcoo"": """", ""protisdon"": ""True"", ""reschain"": ""C"", ""reschain_lig"": ""Z"", ""resnr"": ""192"", ""resnr_lig"": ""1"", ""restype"": ""ASP"", ""restype_lig"": ""LIG"", ""sidechain"": ""False""}",lormetazepam/alpha1/2026091902/pose_07/report.xml,8da16deb21f023ebdd50f67583b63440d251045b925f9608b2e57453a1ead297
lormetazepam,alpha1,2026091902,7,2026091902:7,hydrogen_bond,C,192,ASP,"{""acceptoridx"": ""6929"", ""acceptortype"": ""O3"", ""dist_d-a"": ""4.01"", ""dist_h-a"": ""3.32"", ""don_angle"": ""129.72"", ""donoridx"": ""27538"", ""donortype"": ""O3"", ""id"": ""2"", ""ligcoo"": """", ""protcoo"": """", ""protisdon"": ""False"", ""reschain"": ""C"", ""reschain_lig"": ""Z"", ""resnr"": ""192"", ""resnr_lig"": ""1"", ""restype"": ""ASP"", ""restype_lig"": ""LIG"", ""sidechain"": ""True""}",lormetazepam/alpha1/2026091902/pose_07/report.xml,8da16deb21f023ebdd50f67583b63440d251045b925f9608b2e57453a1ead297
lormetazepam,alpha1,2026091902,7,2026091902:7,halogen_bond,D,138,GLU,"{""acc_angle"": ""126.10"", ""acc_idx"": ""9298"", ""acceptortype"": ""O2"", ""dist"": ""3.59"", ""don_angle"": ""138.08"", ""don_idx"": ""27551"", ""donortype"": ""Cl"", ""id"": ""1"", ""ligcoo"": """", ""protcoo"": """", ""reschain"": ""D"", ""reschain_lig"": ""Z"", ""resnr"": ""138"", ""resnr_lig"": ""1"", ""restype"": ""GLU"", ""restype_lig"": ""LIG"", ""sidechain"": ""True""}",lormetazepam/alpha1/2026091902/pose_07/report.xml,8da16deb21f023ebdd50f67583b63440d251045b925f9608b2e57453a1ead297
lormetazepam,alpha1,2026091902,7,2026091902:7,halogen_bond,D,156,LYS,"{""acc_angle"": ""112.79"", ""acc_idx"": ""9439"", ""acceptortype"": ""N3"", ""dist"": ""3.70"", ""don_angle"": ""138.17"", ""don_idx"": ""27547"", ""donortype"": ""Cl"", ""id"": ""2"", ""ligcoo"": """", ""protcoo"": """", ""reschain"": ""D"", ""reschain_lig"": ""Z"", ""resnr"": ""156"", ""resnr_lig"": ""1"", ""restype"": ""LYS"", ""restype_lig"": ""LIG"", ""sidechain"": ""True""}",lormetazepam/alpha1/2026091902/pose_07/report.xml,8da16deb21f023ebdd50f67583b63440d251045b925f9608b2e57453a1ead297
lormetazepam,alpha1,2026091902,8,2026091902:8,hydrophobic_interaction,C,77,PHE,"{""dist"": ""3.39"", ""id"": ""1"", ""ligcarbonidx"": ""27545"", ""ligcoo"": """", ""protcarbonidx"": ""5954"", ""protcoo"": """", ""reschain"": ""C"", ""reschain_lig"": ""Z"", ""resnr"": ""77"", ""resnr_lig"": ""1"", ""restype"": ""PHE"", ""restype_lig"": ""LIG""}",lormetazepam/alpha1/2026091902/pose_08/report.xml,7d4638b7e7b40febac3f4178b6e606d934d21f32e7293d044f5278657636fdf9
lormetazepam,alpha1,2026091902,8,2026091902:8,hydrophobic_interaction,D,203,VAL,"{""dist"": ""3.17"", ""id"": ""2"", ""ligcarbonidx"": ""27542"", ""ligcoo"": """", ""protcarbonidx"": ""9810"", ""protcoo"": """", ""reschain"": ""D"", ""reschain_lig"": ""Z"", ""resnr"": ""203"", ""resnr_lig"": ""1"", ""restype"": ""VAL"", ""restype_lig"": ""LIG""}",lormetazepam/alpha1/2026091902/pose_08/report.xml,7d4638b7e7b40febac3f4178b6e606d934d21f32e7293d044f5278657636fdf9
lormetazepam,alpha1,2026091902,8,2026091902:8,hydrogen_bond,D,156,LYS,"{""acceptoridx"": ""27536"", ""acceptortype"": ""O2"", ""dist_d-a"": ""3.27"", ""dist_h-a"": ""2.47"", ""don_angle"": ""134.37"", ""donoridx"": ""9439"", ""donortype"": ""N3"", ""id"": ""1"", ""ligcoo"": """", ""protcoo"": """", ""protisdon"": ""True"", ""reschain"": ""D"", ""reschain_lig"": ""Z"", ""resnr"": ""156"", ""resnr_lig"": ""1"", ""restype"": ""LYS"", ""restype_lig"": ""LIG"", ""sidechain"": ""True""}",lormetazepam/alpha1/2026091902/pose_08/report.xml,7d4638b7e7b40febac3f4178b6e606d934d21f32e7293d044f5278657636fdf9
lormetazepam,alpha1,2026091902,8,2026091902:8,halogen_bond,D,204,GLN,"{""acc_angle"": ""141.75"", ""acc_idx"": ""9815"", ""acceptortype"": ""O2"", ""dist"": ""3.70"", ""don_angle"": ""135.62"", ""don_idx"": ""27551"", ""donortype"": ""Cl"", ""id"": ""1"", ""ligcoo"": """", ""protcoo"": """", ""reschain"": ""D"", ""reschain_lig"": ""Z"", ""resnr"": ""204"", ""resnr_lig"": ""1"", ""restype"": ""GLN"", ""restype_lig"": ""LIG"", ""sidechain"": ""False""}",lormetazepam/alpha1/2026091902/pose_08/report.xml,7d4638b7e7b40febac3f4178b6e606d934d21f32e7293d044f5278657636fdf9
lormetazepam,alpha1,2026091902,9,2026091902:9,hydrophobic_interaction,C,58,TYR,"{""dist"": ""3.85"", ""id"": ""1"", ""ligcarbonidx"": ""27549"", ""ligcoo"": """", ""protcarbonidx"": ""5806"", ""protcoo"": """", ""reschain"": ""C"", ""reschain_lig"": ""Z"", ""resnr"": ""58"", ""resnr_lig"": ""1"", ""restype"": ""TYR"", ""restype_lig"": ""LIG""}",lormetazepam/alpha1/2026091902/pose_09/report.xml,3e4d643d086c0ba2ceda528313511cfdc786370efb5a4aae5bbe0b0321258286
lormetazepam,alpha1,2026091902,9,2026091902:9,hydrophobic_interaction,D,203,VAL,"{""dist"": ""3.44"", ""id"": ""2"", ""ligcarbonidx"": ""27542"", ""ligcoo"": """", ""protcarbonidx"": ""9810"", ""protcoo"": """", ""reschain"": ""D"", ""reschain_lig"": ""Z"", ""resnr"": ""203"", ""resnr_lig"": ""1"", ""restype"": ""VAL"", ""restype_lig"": ""LIG""}",lormetazepam/alpha1/2026091902/pose_09/report.xml,3e4d643d086c0ba2ceda528313511cfdc786370efb5a4aae5bbe0b0321258286
lormetazepam,alpha1,2026091902,9,2026091902:9,hydrogen_bond,C,58,TYR,"{""acceptoridx"": ""5808"", ""acceptortype"": ""O2"", ""dist_d-a"": ""2.93"", ""dist_h-a"": ""2.54"", ""don_angle"": ""104.41"", ""donoridx"": ""27538"", ""donortype"": ""O3"", ""id"": ""1"", ""ligcoo"": """", ""protcoo"": """", ""protisdon"": ""False"", ""reschain"": ""C"", ""reschain_lig"": ""Z"", ""resnr"": ""58"", ""resnr_lig"": ""1"", ""restype"": ""TYR"", ""restype_lig"": ""LIG"", ""sidechain"": ""True""}",lormetazepam/alpha1/2026091902/pose_09/report.xml,3e4d643d086c0ba2ceda528313511cfdc786370efb5a4aae5bbe0b0321258286
lormetazepam,alpha1,2026091902,9,2026091902:9,hydrogen_bond,D,156,LYS,"{""acceptoridx"": ""27536"", ""acceptortype"": ""O2"", ""dist_d-a"": ""3.17"", ""dist_h-a"": ""2.67"", ""don_angle"": ""110.10"", ""donoridx"": ""9439"", ""donortype"": ""N3"", ""id"": ""2"", ""ligcoo"": """", ""protcoo"": """", ""protisdon"": ""True"", ""reschain"": ""D"", ""reschain_lig"": ""Z"", ""resnr"": ""156"", ""resnr_lig"": ""1"", ""restype"": ""LYS"", ""restype_lig"": ""LIG"", ""sidechain"": ""True""}",lormetazepam/alpha1/2026091902/pose_09/report.xml,3e4d643d086c0ba2ceda528313511cfdc786370efb5a4aae5bbe0b0321258286
lormetazepam,alpha1,2026091903,1,2026091903:1,hydrophobic_interaction,C,58,TYR,"{""dist"": ""3.61"", ""id"": ""1"", ""ligcarbonidx"": ""27553"", ""ligcoo"": """", ""protcarbonidx"": ""5806"", ""protcoo"": """", ""reschain"": ""C"", ""reschain_lig"": ""Z"", ""resnr"": ""58"", ""resnr_lig"": ""1"", ""restype"": ""TYR"", ""restype_lig"": ""LIG""}",lormetazepam/alpha1/2026091903/pose_01/report.xml,5fb27ffc1714ba8e8a7cfc65b324eaa85db2f47c71c6d2ab4c7745197569f31a
lormetazepam,alpha1,2026091903,1,2026091903:1,hydrophobic_interaction,C,77,PHE,"{""dist"": ""3.33"", ""id"": ""2"", ""ligcarbonidx"": ""27549"", ""ligcoo"": """", ""protcarbonidx"": ""5955"", ""protcoo"": """", ""reschain"": ""C"", ""reschain_lig"": ""Z"", ""resnr"": ""77"", ""resnr_lig"": ""1"", ""restype"": ""PHE"", ""restype_lig"": ""LIG""}",lormetazepam/alpha1/2026091903/pose_01/report.xml,5fb27ffc1714ba8e8a7cfc65b324eaa85db2f47c71c6d2ab4c7745197569f31a
lormetazepam,alpha1,2026091903,1,2026091903:1,hydrophobic_interaction,D,100,PHE,"{""dist"": ""3.82"", ""id"": ""3"", ""ligcarbonidx"": ""27545"", ""ligcoo"": """", ""protcarbonidx"": ""8994"", ""protcoo"": """", ""reschain"": ""D"", ""reschain_lig"": ""Z"", ""resnr"": ""100"", ""resnr_lig"": ""1"", ""restype"": ""PHE"", ""restype_lig"": ""LIG""}",lormetazepam/alpha1/2026091903/pose_01/report.xml,5fb27ffc1714ba8e8a7cfc65b324eaa85db2f47c71c6d2ab4c7745197569f31a
lormetazepam,alpha1,2026091903,1,2026091903:1,hydrophobic_interaction,D,160,TYR,"{""dist"": ""3.94"", ""id"": ""4"", ""ligcarbonidx"": ""27545"", ""ligcoo"": """", ""protcarbonidx"": ""9467"", ""protcoo"": """", ""reschain"": ""D"", ""reschain_lig"": ""Z"", ""resnr"": ""160"", ""resnr_lig"": ""1"", ""restype"": ""TYR"", ""restype_lig"": ""LIG""}",lormetazepam/alpha1/2026091903/pose_01/report.xml,5fb27ffc1714ba8e8a7cfc65b324eaa85db2f47c71c6d2ab4c7745197569f31a
lormetazepam,alpha1,2026091903,1,2026091903:1,hydrophobic_interaction,D,203,VAL,"{""dist"": ""3.60"", ""id"": ""5"", ""ligcarbonidx"": ""27542"", ""ligcoo"": """", ""protcarbonidx"": ""9810"", ""protcoo"": """", ""reschain"": ""D"", ""reschain_lig"": ""Z"", ""resnr"": ""203"", ""resnr_lig"": ""1"", ""restype"": ""VAL"", ""restype_lig"": ""LIG""}",lormetazepam/alpha1/2026091903/pose_01/report.xml,5fb27ffc1714ba8e8a7cfc65b324eaa85db2f47c71c6d2ab4c7745197569f31a
lormetazepam,alpha1,2026091903,1,2026091903:1,hydrophobic_interaction,D,210,TYR,"{""dist"": ""3.52"", ""id"": ""6"", ""ligcarbonidx"": ""27543"", ""ligcoo"": """", ""protcarbonidx"": ""9857"", ""protcoo"": """", ""reschain"": ""D"", ""reschain_lig"": ""Z"", ""resnr"": ""210"", ""resnr_lig"": ""1"", ""restype"": ""TYR"", ""restype_lig"": ""LIG""}",lormetazepam/alpha1/2026091903/pose_01/report.xml,5fb27ffc1714ba8e8a7cfc65b324eaa85db2f47c71c6d2ab4c7745197569f31a
lormetazepam,alpha1,2026091903,1,2026091903:1,hydrogen_bond,D,205,SER,"{""acceptoridx"": ""27536"", ""acceptortype"": ""O2"", ""dist_d-a"": ""3.01"", ""dist_h-a"": ""2.12"", ""don_angle"": ""151.49"", ""donoridx"": ""9826"", ""donortype"": ""O3"", ""id"": ""1"", ""ligcoo"": """", ""protcoo"": """", ""protisdon"": ""True"", ""reschain"": ""D"", ""reschain_lig"": ""Z"", ""resnr"": ""205"", ""resnr_lig"": ""1"", ""restype"": ""SER"", ""restype_lig"": ""LIG"", ""sidechain"": ""True""}",lormetazepam/alpha1/2026091903/pose_01/report.xml,5fb27ffc1714ba8e8a7cfc65b324eaa85db2f47c71c6d2ab4c7745197569f31a
lormetazepam,alpha1,2026091903,1,2026091903:1,hydrogen_bond,D,206,SER,"{""acceptoridx"": ""27536"", ""acceptortype"": ""O2"", ""dist_d-a"": ""3.99"", ""dist_h-a"": ""3.26"", ""don_angle"": ""132.58"", ""donoridx"": ""9827"", ""donortype"": ""Nam"", ""id"": ""2"", ""ligcoo"": """", ""protcoo"": """", ""protisdon"": ""True"", ""reschain"": ""D"", ""reschain_lig"": ""Z"", ""resnr"": ""206"", ""resnr_lig"": ""1"", ""restype"": ""SER"", ""restype_lig"": ""LIG"", ""sidechain"": ""False""}",lormetazepam/alpha1/2026091903/pose_01/report.xml,5fb27ffc1714ba8e8a7cfc65b324eaa85db2f47c71c6d2ab4c7745197569f31a
lormetazepam,alpha1,2026091903,1,2026091903:1,pi_stack,D,210,TYR,"{""angle"": ""24.81"", ""centdist"": ""4.17"", ""id"": ""1"", ""lig_idx_list"": """", ""ligcoo"": """", ""offset"": ""1.48"", ""prot_idx_list"": """", ""protcoo"": """", ""reschain"": ""D"", ""reschain_lig"": ""Z"", ""resnr"": ""210"", ""resnr_lig"": ""1"", ""restype"": ""TYR"", ""restype_lig"": ""LIG"", ""type"": ""P""}",lormetazepam/alpha1/2026091903/pose_01/report.xml,5fb27ffc1714ba8e8a7cfc65b324eaa85db2f47c71c6d2ab4c7745197569f31a
lormetazepam,alpha1,2026091903,1,2026091903:1,halogen_bond,D,102,HIS,"{""acc_angle"": ""98.72"", ""acc_idx"": ""9009"", ""acceptortype"": ""O2"", ""dist"": ""3.59"", ""don_angle"": ""173.50"", ""don_idx"": ""27551"", ""donortype"": ""Cl"", ""id"": ""1"", ""ligcoo"": """", ""protcoo"": """", ""reschain"": ""D"", ""reschain_lig"": ""Z"", ""resnr"": ""102"", ""resnr_lig"": ""1"", ""restype"": ""HIS"", ""restype_lig"": ""LIG"", ""sidechain"": ""False""}",lormetazepam/alpha1/2026091903/pose_01/report.xml,5fb27ffc1714ba8e8a7cfc65b324eaa85db2f47c71c6d2ab4c7745197569f31a
lormetazepam,alpha1,2026091903,2,2026091903:2,hydrophobic_interaction,C,58,TYR,"{""dist"": ""3.70"", ""id"": ""1"", ""ligcarbonidx"": ""27549"", ""ligcoo"": """", ""protcarbonidx"": ""5806"", ""protcoo"": """", ""reschain"": ""C"", ""reschain_lig"": ""Z"", ""resnr"": ""58"", ""resnr_lig"": ""1"", ""restype"": ""TYR"", ""restype_lig"": ""LIG""}",lormetazepam/alpha1/2026091903/pose_02/report.xml,09889cc64d3310ac5cf338c7a0884462b63c5a8daf1d2f33c2e7f7a8118c027f
lormetazepam,alpha1,2026091903,2,2026091903:2,hydrophobic_interaction,C,77,PHE,"{""dist"": ""3.82"", ""id"": ""2"", ""ligcarbonidx"": ""27552"", ""ligcoo"": """", ""protcarbonidx"": ""5954"", ""protcoo"": """", ""reschain"": ""C"", ""reschain_lig"": ""Z"", ""resnr"": ""77"", ""resnr_lig"": ""1"", ""restype"": ""PHE"", ""restype_lig"": ""LIG""}",lormetazepam/alpha1/2026091903/pose_02/report.xml,09889cc64d3310ac5cf338c7a0884462b63c5a8daf1d2f33c2e7f7a8118c027f
lormetazepam,alpha1,2026091903,2,2026091903:2,hydrophobic_interaction,D,203,VAL,"{""dist"": ""3.62"", ""id"": ""3"", ""ligcarbonidx"": ""27545"", ""ligcoo"": """", ""protcarbonidx"": ""9810"", ""protcoo"": """", ""reschain"": ""D"", ""reschain_lig"": ""Z"", ""resnr"": ""203"", ""resnr_lig"": ""1"", ""restype"": ""VAL"", ""restype_lig"": ""LIG""}",lormetazepam/alpha1/2026091903/pose_02/report.xml,09889cc64d3310ac5cf338c7a0884462b63c5a8daf1d2f33c2e7f7a8118c027f
lormetazepam,alpha1,2026091903,2,2026091903:2,hydrogen_bond,C,58,TYR,"{""acceptoridx"": ""5808"", ""acceptortype"": ""O2"", ""dist_d-a"": ""2.88"", ""dist_h-a"": ""1.92"", ""don_angle"": ""171.18"", ""donoridx"": ""27538"", ""donortype"": ""O3"", ""id"": ""1"", ""ligcoo"": """", ""protcoo"": """", ""protisdon"": ""False"", ""reschain"": ""C"", ""reschain_lig"": ""Z"", ""resnr"": ""58"", ""resnr_lig"": ""1"", ""restype"": ""TYR"", ""restype_lig"": ""LIG"", ""sidechain"": ""True""}",lormetazepam/alpha1/2026091903/pose_02/report.xml,09889cc64d3310ac5cf338c7a0884462b63c5a8daf1d2f33c2e7f7a8118c027f
lormetazepam,alpha1,2026091903,3,2026091903:3,hydrophobic_interaction,C,58,TYR,"{""dist"": ""3.62"", ""id"": ""1"", ""ligcarbonidx"": ""27553"", ""ligcoo"": """", ""protcarbonidx"": ""5806"", ""protcoo"": """", ""reschain"": ""C"", ""reschain_lig"": ""Z"", ""resnr"": ""58"", ""resnr_lig"": ""1"", ""restype"": ""TYR"", ""restype_lig"": ""LIG""}",lormetazepam/alpha1/2026091903/pose_03/report.xml,24ee425413049b6efcf72ba5b6edaa94d7d2fc8f39479aea825b2eb82ced0403
lormetazepam,alpha1,2026091903,3,2026091903:3,hydrophobic_interaction,C,58,TYR,"{""dist"": ""3.17"", ""id"": ""2"", ""ligcarbonidx"": ""27543"", ""ligcoo"": """", ""protcarbonidx"": ""5801"", ""protcoo"": """", ""reschain"": ""C"", ""reschain_lig"": ""Z"", ""resnr"": ""58"", ""resnr_lig"": ""1"", ""restype"": ""TYR"", ""restype_lig"": ""LIG""}",lormetazepam/alpha1/2026091903/pose_03/report.xml,24ee425413049b6efcf72ba5b6edaa94d7d2fc8f39479aea825b2eb82ced0403
lormetazepam,alpha1,2026091903,3,2026091903:3,hydrophobic_interaction,C,77,PHE,"{""dist"": ""3.65"", ""id"": ""3"", ""ligcarbonidx"": ""27542"", ""ligcoo"": """", ""protcarbonidx"": ""5950"", ""protcoo"": """", ""reschain"": ""C"", ""reschain_lig"": ""Z"", ""resnr"": ""77"", ""resnr_lig"": ""1"", ""restype"": ""PHE"", ""restype_lig"": ""LIG""}",lormetazepam/alpha1/2026091903/pose_03/report.xml,24ee425413049b6efcf72ba5b6edaa94d7d2fc8f39479aea825b2eb82ced0403
lormetazepam,alpha1,2026091903,3,2026091903:3,hydrophobic_interaction,C,77,PHE,"{""dist"": ""3.41"", ""id"": ""4"", ""ligcarbonidx"": ""27543"", ""ligcoo"": """", ""protcarbonidx"": ""5949"", ""protcoo"": """", ""reschain"": ""C"", ""reschain_lig"": ""Z"", ""resnr"": ""77"", ""resnr_lig"": ""1"", ""restype"": ""PHE"", ""restype_lig"": ""LIG""}",lormetazepam/alpha1/2026091903/pose_03/report.xml,24ee425413049b6efcf72ba5b6edaa94d7d2fc8f39479aea825b2eb82ced0403
lormetazepam,alpha1,2026091903,3,2026091903:3,hydrophobic_interaction,C,142,THR,"{""dist"": ""3.95"", ""id"": ""5"", ""ligcarbonidx"": ""27545"", ""ligcoo"": """", ""protcarbonidx"": ""6514"", ""protcoo"": """", ""reschain"": ""C"", ""reschain_lig"": ""Z"", ""resnr"": ""142"", ""resnr_lig"": ""1"", ""restype"": ""THR"", ""restype_lig"": ""LIG""}",lormetazepam/alpha1/2026091903/pose_03/report.xml,24ee425413049b6efcf72ba5b6edaa94d7d2fc8f39479aea825b2eb82ced0403
lormetazepam,alpha1,2026091903,3,2026091903:3,hydrophobic_interaction,D,207,THR,"{""dist"": ""3.96"", ""id"": ""6"", ""ligcarbonidx"": ""27545"", ""ligcoo"": """", ""protcarbonidx"": ""9839"", ""protcoo"": """", ""reschain"": ""D"", ""reschain_lig"": ""Z"", ""resnr"": ""207"", ""resnr_lig"": ""1"", ""restype"": ""THR"", ""restype_lig"": ""LIG""}",lormetazepam/alpha1/2026091903/pose_03/report.xml,24ee425413049b6efcf72ba5b6edaa94d7d2fc8f39479aea825b2eb82ced0403
lormetazepam,alpha1,2026091903,4,2026091903:4,hydrophobic_interaction,D,102,HIS,"{""dist"": ""3.94"", ""id"": ""1"", ""ligcarbonidx"": ""27552"", ""ligcoo"": """", ""protcarbonidx"": ""9010"", ""protcoo"": """", ""reschain"": ""D"", ""reschain_lig"": ""Z"", ""resnr"": ""102"", ""resnr_lig"": ""1"", ""restype"": ""HIS"", ""restype_lig"": ""LIG""}",lormetazepam/alpha1/2026091903/pose_04/report.xml,ca17d23b7cbc938e431943ff948838e99af61aeed770834ca3a1548c44bf56fe
lormetazepam,alpha1,2026091903,4,2026091903:4,hydrophobic_interaction,D,203,VAL,"{""dist"": ""3.48"", ""id"": ""2"", ""ligcarbonidx"": ""27543"", ""ligcoo"": """", ""protcarbonidx"": ""9811"", ""protcoo"": """", ""reschain"": ""D"", ""reschain_lig"": ""Z"", ""resnr"": ""203"", ""resnr_lig"": ""1"", ""restype"": ""VAL"", ""restype_lig"": ""LIG""}",lormetazepam/alpha1/2026091903/pose_04/report.xml,ca17d23b7cbc938e431943ff948838e99af61aeed770834ca3a1548c44bf56fe
lormetazepam,alpha1,2026091903,4,2026091903:4,hydrogen_bond,C,60,ASN,"{""acceptoridx"": ""5822"", ""acceptortype"": ""O2"", ""dist_d-a"": ""3.02"", ""dist_h-a"": ""2.52"", ""don_angle"": ""112.05"", ""donoridx"": ""27538"", ""donortype"": ""O3"", ""id"": ""1"", ""ligcoo"": """", ""protcoo"": """", ""protisdon"": ""False"", ""reschain"": ""C"", ""reschain_lig"": ""Z"", ""resnr"": ""60"", ""resnr_lig"": ""1"", ""restype"": ""ASN"", ""restype_lig"": ""LIG"", ""sidechain"": ""True""}",lormetazepam/alpha1/2026091903/pose_04/report.xml,ca17d23b7cbc938e431943ff948838e99af61aeed770834ca3a1548c44bf56fe
lormetazepam,alpha1,2026091903,5,2026091903:5,hydrophobic_interaction,C,58,TYR,"{""dist"": ""3.48"", ""id"": ""1"", ""ligcarbonidx"": ""27542"", ""ligcoo"": """", ""protcarbonidx"": ""5805"", ""protcoo"": """", ""reschain"": ""C"", ""reschain_lig"": ""Z"", ""resnr"": ""58"", ""resnr_lig"": ""1"", ""restype"": ""TYR"", ""restype_lig"": ""LIG""}",lormetazepam/alpha1/2026091903/pose_05/report.xml,b1051e2745908f6730896ebaeb263b06d0b9cfe6504db72f54750b8b2fe62833
lormetazepam,alpha1,2026091903,5,2026091903:5,hydrophobic_interaction,C,58,TYR,"{""dist"": ""3.59"", ""id"": ""2"", ""ligcarbonidx"": ""27549"", ""ligcoo"": """", ""protcarbonidx"": ""5804"", ""protcoo"": """", ""reschain"": ""C"", ""reschain_lig"": ""Z"", ""resnr"": ""58"", ""resnr_lig"": ""1"", ""restype"": ""TYR"", ""restype_lig"": ""LIG""}",lormetazepam/alpha1/2026091903/pose_05/report.xml,b1051e2745908f6730896ebaeb263b06d0b9cfe6504db72f54750b8b2fe62833
lormetazepam,alpha1,2026091903,5,2026091903:5,pi_stack,C,77,PHE,"{""angle"": ""23.71"", ""centdist"": ""4.12"", ""id"": ""1"", ""lig_idx_list"": """", ""ligcoo"": """", ""offset"": ""0.76"", ""prot_idx_list"": """", ""protcoo"": """", ""reschain"": ""C"", ""reschain_lig"": ""Z"", ""resnr"": ""77"", ""resnr_lig"": ""1"", ""restype"": ""PHE"", ""restype_lig"": ""LIG"", ""type"": ""P""}",lormetazepam/alpha1/2026091903/pose_05/report.xml,b1051e2745908f6730896ebaeb263b06d0b9cfe6504db72f54750b8b2fe62833
lormetazepam,alpha1,2026091903,6,2026091903:6,hydrophobic_interaction,C,58,TYR,"{""dist"": ""3.68"", ""id"": ""1"", ""ligcarbonidx"": ""27541"", ""ligcoo"": """", ""protcarbonidx"": ""5806"", ""protcoo"": """", ""reschain"": ""C"", ""reschain_lig"": ""Z"", ""resnr"": ""58"", ""resnr_lig"": ""1"", ""restype"": ""TYR"", ""restype_lig"": ""LIG""}",lormetazepam/alpha1/2026091903/pose_06/report.xml,f85f268479e1e15a4c4d25ca9c79567f2f73eac860805b5f6948c3e590de1ef9
lormetazepam,alpha1,2026091903,6,2026091903:6,hydrophobic_interaction,C,77,PHE,"{""dist"": ""3.78"", ""id"": ""2"", ""ligcarbonidx"": ""27542"", ""ligcoo"": """", ""protcarbonidx"": ""5954"", ""protcoo"": """", ""reschain"": ""C"", ""reschain_lig"": ""Z"", ""resnr"": ""77"", ""resnr_lig"": ""1"", ""restype"": ""PHE"", ""restype_lig"": ""LIG""}",lormetazepam/alpha1/2026091903/pose_06/report.xml,f85f268479e1e15a4c4d25ca9c79567f2f73eac860805b5f6948c3e590de1ef9
lormetazepam,alpha1,2026091903,6,2026091903:6,hydrophobic_interaction,C,77,PHE,"{""dist"": ""3.47"", ""id"": ""3"", ""ligcarbonidx"": ""27543"", ""ligcoo"": """", ""protcarbonidx"": ""5955"", ""protcoo"": """", ""reschain"": ""C"", ""reschain_lig"": ""Z"", ""resnr"": ""77"", ""resnr_lig"": ""1"", ""restype"": ""PHE"", ""restype_lig"": ""LIG""}",lormetazepam/alpha1/2026091903/pose_06/report.xml,f85f268479e1e15a4c4d25ca9c79567f2f73eac860805b5f6948c3e590de1ef9
lormetazepam,alpha1,2026091903,6,2026091903:6,hydrophobic_interaction,D,203,VAL,"{""dist"": ""3.79"", ""id"": ""4"", ""ligcarbonidx"": ""27545"", ""ligcoo"": """", ""protcarbonidx"": ""9810"", ""protcoo"": """", ""reschain"": ""D"", ""reschain_lig"": ""Z"", ""resnr"": ""203"", ""resnr_lig"": ""1"", ""restype"": ""VAL"", ""restype_lig"": ""LIG""}",lormetazepam/alpha1/2026091903/pose_06/report.xml,f85f268479e1e15a4c4d25ca9c79567f2f73eac860805b5f6948c3e590de1ef9
lormetazepam,alpha1,2026091903,6,2026091903:6,hydrogen_bond,C,192,ASP,"{""acceptoridx"": ""27536"", ""acceptortype"": ""O2"", ""dist_d-a"": ""3.23"", ""dist_h-a"": ""2.65"", ""don_angle"": ""118.21"", ""donoridx"": ""6922"", ""donortype"": ""Nam"", ""id"": ""1"", ""ligcoo"": """", ""protcoo"": """", ""protisdon"": ""True"", ""reschain"": ""C"", ""reschain_lig"": ""Z"", ""resnr"": ""192"", ""resnr_lig"": ""1"", ""restype"": ""ASP"", ""restype_lig"": ""LIG"", ""sidechain"": ""False""}",lormetazepam/alpha1/2026091903/pose_06/report.xml,f85f268479e1e15a4c4d25ca9c79567f2f73eac860805b5f6948c3e590de1ef9
lormetazepam,alpha1,2026091903,7,2026091903:7,hydrophobic_interaction,C,77,PHE,"{""dist"": ""3.42"", ""id"": ""1"", ""ligcarbonidx"": ""27545"", ""ligcoo"": """", ""protcarbonidx"": ""5954"", ""protcoo"": """", ""reschain"": ""C"", ""reschain_lig"": ""Z"", ""resnr"": ""77"", ""resnr_lig"": ""1"", ""restype"": ""PHE"", ""restype_lig"": ""LIG""}",lormetazepam/alpha1/2026091903/pose_07/report.xml,dd94e566851defae67a80de806457e6ade01fbdf95ee910cfb3b3e0bb1e99cc6
lormetazepam,alpha1,2026091903,7,2026091903:7,hydrophobic_interaction,D,203,VAL,"{""dist"": ""3.15"", ""id"": ""2"", ""ligcarbonidx"": ""27542"", ""ligcoo"": """", ""protcarbonidx"": ""9810"", ""protcoo"": """", ""reschain"": ""D"", ""reschain_lig"": ""Z"", ""resnr"": ""203"", ""resnr_lig"": ""1"", ""restype"": ""VAL"", ""restype_lig"": ""LIG""}",lormetazepam/alpha1/2026091903/pose_07/report.xml,dd94e566851defae67a80de806457e6ade01fbdf95ee910cfb3b3e0bb1e99cc6
lormetazepam,alpha1,2026091903,7,2026091903:7,hydrogen_bond,D,156,LYS,"{""acceptoridx"": ""27536"", ""acceptortype"": ""O2"", ""dist_d-a"": ""3.29"", ""dist_h-a"": ""2.50"", ""don_angle"": ""133.92"", ""donoridx"": ""9439"", ""donortype"": ""N3"", ""id"": ""1"", ""ligcoo"": """", ""protcoo"": """", ""protisdon"": ""True"", ""reschain"": ""D"", ""reschain_lig"": ""Z"", ""resnr"": ""156"", ""resnr_lig"": ""1"", ""restype"": ""LYS"", ""restype_lig"": ""LIG"", ""sidechain"": ""True""}",lormetazepam/alpha1/2026091903/pose_07/report.xml,dd94e566851defae67a80de806457e6ade01fbdf95ee910cfb3b3e0bb1e99cc6
lormetazepam,alpha1,2026091903,8,2026091903:8,hydrophobic_interaction,C,58,TYR,"{""dist"": ""3.94"", ""id"": ""1"", ""ligcarbonidx"": ""27549"", ""ligcoo"": """", ""protcarbonidx"": ""5806"", ""protcoo"": """", ""reschain"": ""C"", ""reschain_lig"": ""Z"", ""resnr"": ""58"", ""resnr_lig"": ""1"", ""restype"": ""TYR"", ""restype_lig"": ""LIG""}",lormetazepam/alpha1/2026091903/pose_08/report.xml,bc67b5a3c523d15d1acba508d2bd85faee2e844f29b3e83d87d1ce9bd7270a09
lormetazepam,alpha1,2026091903,8,2026091903:8,hydrophobic_interaction,D,203,VAL,"{""dist"": ""3.47"", ""id"": ""2"", ""ligcarbonidx"": ""27542"", ""ligcoo"": """", ""protcarbonidx"": ""9810"", ""protcoo"": """", ""reschain"": ""D"", ""reschain_lig"": ""Z"", ""resnr"": ""203"", ""resnr_lig"": ""1"", ""restype"": ""VAL"", ""restype_lig"": ""LIG""}",lormetazepam/alpha1/2026091903/pose_08/report.xml,bc67b5a3c523d15d1acba508d2bd85faee2e844f29b3e83d87d1ce9bd7270a09
lormetazepam,alpha1,2026091903,8,2026091903:8,hydrophobic_interaction,D,203,VAL,"{""dist"": ""3.82"", ""id"": ""3"", ""ligcarbonidx"": ""27549"", ""ligcoo"": """", ""protcarbonidx"": ""9810"", ""protcoo"": """", ""reschain"": ""D"", ""reschain_lig"": ""Z"", ""resnr"": ""203"", ""resnr_lig"": ""1"", ""restype"": ""VAL"", ""restype_lig"": ""LIG""}",lormetazepam/alpha1/2026091903/pose_08/report.xml,bc67b5a3c523d15d1acba508d2bd85faee2e844f29b3e83d87d1ce9bd7270a09
lormetazepam,alpha1,2026091903,8,2026091903:8,hydrogen_bond,C,60,ASN,"{""acceptoridx"": ""5822"", ""acceptortype"": ""O2"", ""dist_d-a"": ""3.89"", ""dist_h-a"": ""3.58"", ""don_angle"": ""101.29"", ""donoridx"": ""27538"", ""donortype"": ""O3"", ""id"": ""1"", ""ligcoo"": """", ""protcoo"": """", ""protisdon"": ""False"", ""reschain"": ""C"", ""reschain_lig"": ""Z"", ""resnr"": ""60"", ""resnr_lig"": ""1"", ""restype"": ""ASN"", ""restype_lig"": ""LIG"", ""sidechain"": ""True""}",lormetazepam/alpha1/2026091903/pose_08/report.xml,bc67b5a3c523d15d1acba508d2bd85faee2e844f29b3e83d87d1ce9bd7270a09
lormetazepam,alpha1,2026091903,9,2026091903:9,hydrophobic_interaction,C,58,TYR,"{""dist"": ""3.12"", ""id"": ""1"", ""ligcarbonidx"": ""27543"", ""ligcoo"": """", ""protcarbonidx"": ""5806"", ""protcoo"": """", ""reschain"": ""C"", ""reschain_lig"": ""Z"", ""resnr"": ""58"", ""resnr_lig"": ""1"", ""restype"": ""TYR"", ""restype_lig"": ""LIG""}",lormetazepam/alpha1/2026091903/pose_09/report.xml,65fc651463314e694ab150434fc9a2e8982c4b587c0c05e7ab82d78cebdc2284
lormetazepam,alpha1,2026091903,9,2026091903:9,hydrophobic_interaction,C,77,PHE,"{""dist"": ""3.51"", ""id"": ""2"", ""ligcarbonidx"": ""27543"", ""ligcoo"": """", ""protcarbonidx"": ""5954"", ""protcoo"": """", ""reschain"": ""C"", ""reschain_lig"": ""Z"", ""resnr"": ""77"", ""resnr_lig"": ""1"", ""restype"": ""PHE"", ""restype_lig"": ""LIG""}",lormetazepam/alpha1/2026091903/pose_09/report.xml,65fc651463314e694ab150434fc9a2e8982c4b587c0c05e7ab82d78cebdc2284
lormetazepam,alpha1,2026091903,9,2026091903:9,hydrophobic_interaction,D,203,VAL,"{""dist"": ""3.47"", ""id"": ""3"", ""ligcarbonidx"": ""27545"", ""ligcoo"": """", ""protcarbonidx"": ""9810"", ""protcoo"": """", ""reschain"": ""D"", ""reschain_lig"": ""Z"", ""resnr"": ""203"", ""resnr_lig"": ""1"", ""restype"": ""VAL"", ""restype_lig"": ""LIG""}",lormetazepam/alpha1/2026091903/pose_09/report.xml,65fc651463314e694ab150434fc9a2e8982c4b587c0c05e7ab82d78cebdc2284
lormetazepam,alpha1,2026091903,9,2026091903:9,hydrogen_bond,C,60,ASN,"{""acceptoridx"": ""27539"", ""acceptortype"": ""N2"", ""dist_d-a"": ""3.46"", ""dist_h-a"": ""2.61"", ""don_angle"": ""145.61"", ""donoridx"": ""5823"", ""donortype"": ""Nam"", ""id"": ""1"", ""ligcoo"": """", ""protcoo"": """", ""protisdon"": ""True"", ""reschain"": ""C"", ""reschain_lig"": ""Z"", ""resnr"": ""60"", ""resnr_lig"": ""1"", ""restype"": ""ASN"", ""restype_lig"": ""LIG"", ""sidechain"": ""True""}",lormetazepam/alpha1/2026091903/pose_09/report.xml,65fc651463314e694ab150434fc9a2e8982c4b587c0c05e7ab82d78cebdc2284
lormetazepam,alpha1,2026091903,9,2026091903:9,hydrogen_bond,D,156,LYS,"{""acceptoridx"": ""27538"", ""acceptortype"": ""O3"", ""dist_d-a"": ""3.27"", ""dist_h-a"": ""2.48"", ""don_angle"": ""133.63"", ""donoridx"": ""9439"", ""donortype"": ""N3"", ""id"": ""2"", ""ligcoo"": """", ""protcoo"": """", ""protisdon"": ""True"", ""reschain"": ""D"", ""reschain_lig"": ""Z"", ""resnr"": ""156"", ""resnr_lig"": ""1"", ""restype"": ""LYS"", ""restype_lig"": ""LIG"", ""sidechain"": ""True""}",lormetazepam/alpha1/2026091903/pose_09/report.xml,65fc651463314e694ab150434fc9a2e8982c4b587c0c05e7ab82d78cebdc2284
lormetazepam,alpha1,2026091903,9,2026091903:9,pi_cation_interaction,D,156,LYS,"{""dist"": ""3.51"", ""id"": ""1"", ""lig_group"": ""Aromatic"", ""lig_idx_list"": """", ""ligcoo"": """", ""offset"": ""0.85"", ""prot_idx_list"": """", ""protcharged"": ""True"", ""protcoo"": """", ""reschain"": ""D"", ""reschain_lig"": ""Z"", ""resnr"": ""156"", ""resnr_lig"": ""1"", ""restype"": ""LYS"", ""restype_lig"": ""LIG""}",lormetazepam/alpha1/2026091903/pose_09/report.xml,65fc651463314e694ab150434fc9a2e8982c4b587c0c05e7ab82d78cebdc2284
lormetazepam,alpha1,2026091904,1,2026091904:1,hydrophobic_interaction,C,58,TYR,"{""dist"": ""3.62"", ""id"": ""1"", ""ligcarbonidx"": ""27553"", ""ligcoo"": """", ""protcarbonidx"": ""5806"", ""protcoo"": """", ""reschain"": ""C"", ""reschain_lig"": ""Z"", ""resnr"": ""58"", ""resnr_lig"": ""1"", ""restype"": ""TYR"", ""restype_lig"": ""LIG""}",lormetazepam/alpha1/2026091904/pose_01/report.xml,3ed62110728da3adf8f76ff5702c2e4b6754c557d2fe4e85e96f002b80ae7a8c
lormetazepam,alpha1,2026091904,1,2026091904:1,hydrophobic_interaction,C,77,PHE,"{""dist"": ""3.33"", ""id"": ""2"", ""ligcarbonidx"": ""27549"", ""ligcoo"": """", ""protcarbonidx"": ""5955"", ""protcoo"": """", ""reschain"": ""C"", ""reschain_lig"": ""Z"", ""resnr"": ""77"", ""resnr_lig"": ""1"", ""restype"": ""PHE"", ""restype_lig"": ""LIG""}",lormetazepam/alpha1/2026091904/pose_01/report.xml,3ed62110728da3adf8f76ff5702c2e4b6754c557d2fe4e85e96f002b80ae7a8c
lormetazepam,alpha1,2026091904,1,2026091904:1,hydrophobic_interaction,D,100,PHE,"{""dist"": ""3.78"", ""id"": ""3"", ""ligcarbonidx"": ""27545"", ""ligcoo"": """", ""protcarbonidx"": ""8994"", ""protcoo"": """", ""reschain"": ""D"", ""reschain_lig"": ""Z"", ""resnr"": ""100"", ""resnr_lig"": ""1"", ""restype"": ""PHE"", ""restype_lig"": ""LIG""}",lormetazepam/alpha1/2026091904/pose_01/report.xml,3ed62110728da3adf8f76ff5702c2e4b6754c557d2fe4e85e96f002b80ae7a8c
lormetazepam,alpha1,2026091904,1,2026091904:1,hydrophobic_interaction,D,160,TYR,"{""dist"": ""3.95"", ""id"": ""4"", ""ligcarbonidx"": ""27545"", ""ligcoo"": """", ""protcarbonidx"": ""9467"", ""protcoo"": """", ""reschain"": ""D"", ""reschain_lig"": ""Z"", ""resnr"": ""160"", ""resnr_lig"": ""1"", ""restype"": ""TYR"", ""restype_lig"": ""LIG""}",lormetazepam/alpha1/2026091904/pose_01/report.xml,3ed62110728da3adf8f76ff5702c2e4b6754c557d2fe4e85e96f002b80ae7a8c
lormetazepam,alpha1,2026091904,1,2026091904:1,hydrophobic_interaction,D,203,VAL,"{""dist"": ""3.58"", ""id"": ""5"", ""ligcarbonidx"": ""27542"", ""ligcoo"": """", ""protcarbonidx"": ""9810"", ""protcoo"": """", ""reschain"": ""D"", ""reschain_lig"": ""Z"", ""resnr"": ""203"", ""resnr_lig"": ""1"", ""restype"": ""VAL"", ""restype_lig"": ""LIG""}",lormetazepam/alpha1/2026091904/pose_01/report.xml,3ed62110728da3adf8f76ff5702c2e4b6754c557d2fe4e85e96f002b80ae7a8c
lormetazepam,alpha1,2026091904,1,2026091904:1,hydrophobic_interaction,D,210,TYR,"{""dist"": ""3.50"", ""id"": ""6"", ""ligcarbonidx"": ""27543"", ""ligcoo"": """", ""protcarbonidx"": ""9857"", ""protcoo"": """", ""reschain"": ""D"", ""reschain_lig"": ""Z"", ""resnr"": ""210"", ""resnr_lig"": ""1"", ""restype"": ""TYR"", ""restype_lig"": ""LIG""}",lormetazepam/alpha1/2026091904/pose_01/report.xml,3ed62110728da3adf8f76ff5702c2e4b6754c557d2fe4e85e96f002b80ae7a8c
lormetazepam,alpha1,2026091904,1,2026091904:1,hydrogen_bond,D,205,SER,"{""acceptoridx"": ""27536"", ""acceptortype"": ""O2"", ""dist_d-a"": ""3.01"", ""dist_h-a"": ""2.13"", ""don_angle"": ""151.00"", ""donoridx"": ""9826"", ""donortype"": ""O3"", ""id"": ""1"", ""ligcoo"": """", ""protcoo"": """", ""protisdon"": ""True"", ""reschain"": ""D"", ""reschain_lig"": ""Z"", ""resnr"": ""205"", ""resnr_lig"": ""1"", ""restype"": ""SER"", ""restype_lig"": ""LIG"", ""sidechain"": ""True""}",lormetazepam/alpha1/2026091904/pose_01/report.xml,3ed62110728da3adf8f76ff5702c2e4b6754c557d2fe4e85e96f002b80ae7a8c
lormetazepam,alpha1,2026091904,1,2026091904:1,hydrogen_bond,D,206,SER,"{""acceptoridx"": ""27536"", ""acceptortype"": ""O2"", ""dist_d-a"": ""4.00"", ""dist_h-a"": ""3.27"", ""don_angle"": ""132.38"", ""donoridx"": ""9827"", ""donortype"": ""Nam"", ""id"": ""2"", ""ligcoo"": """", ""protcoo"": """", ""protisdon"": ""True"", ""reschain"": ""D"", ""reschain_lig"": ""Z"", ""resnr"": ""206"", ""resnr_lig"": ""1"", ""restype"": ""SER"", ""restype_lig"": ""LIG"", ""sidechain"": ""False""}",lormetazepam/alpha1/2026091904/pose_01/report.xml,3ed62110728da3adf8f76ff5702c2e4b6754c557d2fe4e85e96f002b80ae7a8c
lormetazepam,alpha1,2026091904,1,2026091904:1,pi_stack,D,210,TYR,"{""angle"": ""25.30"", ""centdist"": ""4.17"", ""id"": ""1"", ""lig_idx_list"": """", ""ligcoo"": """", ""offset"": ""1.50"", ""prot_idx_list"": """", ""protcoo"": """", ""reschain"": ""D"", ""reschain_lig"": ""Z"", ""resnr"": ""210"", ""resnr_lig"": ""1"", ""restype"": ""TYR"", ""restype_lig"": ""LIG"", ""type"": ""P""}",lormetazepam/alpha1/2026091904/pose_01/report.xml,3ed62110728da3adf8f76ff5702c2e4b6754c557d2fe4e85e96f002b80ae7a8c
lormetazepam,alpha1,2026091904,1,2026091904:1,halogen_bond,D,102,HIS,"{""acc_angle"": ""98.63"", ""acc_idx"": ""9009"", ""acceptortype"": ""O2"", ""dist"": ""3.57"", ""don_angle"": ""173.48"", ""don_idx"": ""27551"", ""donortype"": ""Cl"", ""id"": ""1"", ""ligcoo"": """", ""protcoo"": """", ""reschain"": ""D"", ""reschain_lig"": ""Z"", ""resnr"": ""102"", ""resnr_lig"": ""1"", ""restype"": ""HIS"", ""restype_lig"": ""LIG"", ""sidechain"": ""False""}",lormetazepam/alpha1/2026091904/pose_01/report.xml,3ed62110728da3adf8f76ff5702c2e4b6754c557d2fe4e85e96f002b80ae7a8c
lormetazepam,alpha1,2026091904,2,2026091904:2,hydrophobic_interaction,C,58,TYR,"{""dist"": ""3.68"", ""id"": ""1"", ""ligcarbonidx"": ""27549"", ""ligcoo"": """", ""protcarbonidx"": ""5806"", ""protcoo"": """", ""reschain"": ""C"", ""reschain_lig"": ""Z"", ""resnr"": ""58"", ""resnr_lig"": ""1"", ""restype"": ""TYR"", ""restype_lig"": ""LIG""}",lormetazepam/alpha1/2026091904/pose_02/report.xml,50a2084398038649d5cbf4d40129b73d9f47aa3661d183cee88c65be31c846f4
lormetazepam,alpha1,2026091904,2,2026091904:2,hydrophobic_interaction,C,77,PHE,"{""dist"": ""3.75"", ""id"": ""2"", ""ligcarbonidx"": ""27552"", ""ligcoo"": """", ""protcarbonidx"": ""5954"", ""protcoo"": """", ""reschain"": ""C"", ""reschain_lig"": ""Z"", ""resnr"": ""77"", ""resnr_lig"": ""1"", ""restype"": ""PHE"", ""restype_lig"": ""LIG""}",lormetazepam/alpha1/2026091904/pose_02/report.xml,50a2084398038649d5cbf4d40129b73d9f47aa3661d183cee88c65be31c846f4
lormetazepam,alpha1,2026091904,2,2026091904:2,hydrophobic_interaction,D,203,VAL,"{""dist"": ""3.60"", ""id"": ""3"", ""ligcarbonidx"": ""27545"", ""ligcoo"": """", ""protcarbonidx"": ""9810"", ""protcoo"": """", ""reschain"": ""D"", ""reschain_lig"": ""Z"", ""resnr"": ""203"", ""resnr_lig"": ""1"", ""restype"": ""VAL"", ""restype_lig"": ""LIG""}",lormetazepam/alpha1/2026091904/pose_02/report.xml,50a2084398038649d5cbf4d40129b73d9f47aa3661d183cee88c65be31c846f4
lormetazepam,alpha1,2026091904,2,2026091904:2,hydrogen_bond,C,60,ASN,"{""acceptoridx"": ""5822"", ""acceptortype"": ""O2"", ""dist_d-a"": ""2.93"", ""dist_h-a"": ""2.58"", ""don_angle"": ""101.38"", ""donoridx"": ""27538"", ""donortype"": ""O3"", ""id"": ""1"", ""ligcoo"": """", ""protcoo"": """", ""protisdon"": ""False"", ""reschain"": ""C"", ""reschain_lig"": ""Z"", ""resnr"": ""60"", ""resnr_lig"": ""1"", ""restype"": ""ASN"", ""restype_lig"": ""LIG"", ""sidechain"": ""True""}",lormetazepam/alpha1/2026091904/pose_02/report.xml,50a2084398038649d5cbf4d40129b73d9f47aa3661d183cee88c65be31c846f4
lormetazepam,alpha1,2026091904,2,2026091904:2,halogen_bond,D,156,LYS,"{""acc_angle"": ""127.23"", ""acc_idx"": ""9439"", ""acceptortype"": ""N3"", ""dist"": ""3.96"", ""don_angle"": ""164.74"", ""don_idx"": ""27547"", ""donortype"": ""Cl"", ""id"": ""1"", ""ligcoo"": """", ""protcoo"": """", ""reschain"": ""D"", ""reschain_lig"": ""Z"", ""resnr"": ""156"", ""resnr_lig"": ""1"", ""restype"": ""LYS"", ""restype_lig"": ""LIG"", ""sidechain"": ""True""}",lormetazepam/alpha1/2026091904/pose_02/report.xml,50a2084398038649d5cbf4d40129b73d9f47aa3661d183cee88c65be31c846f4
lormetazepam,alpha1,2026091904,3,2026091904:3,hydrophobic_interaction,C,58,TYR,"{""dist"": ""3.62"", ""id"": ""1"", ""ligcarbonidx"": ""27553"", ""ligcoo"": """", ""protcarbonidx"": ""5806"", ""protcoo"": """", ""reschain"": ""C"", ""reschain_lig"": ""Z"", ""resnr"": ""58"", ""resnr_lig"": ""1"", ""restype"": ""TYR"", ""restype_lig"": ""LIG""}",lormetazepam/alpha1/2026091904/pose_03/report.xml,db43fe271f195dba908e7ca66d93cb28fff3b5f77a4a1bdc2dd21b439f7c3f3e
lormetazepam,alpha1,2026091904,3,2026091904:3,hydrophobic_interaction,C,58,TYR,"{""dist"": ""3.17"", ""id"": ""2"", ""ligcarbonidx"": ""27543"", ""ligcoo"": """", ""protcarbonidx"": ""5801"", ""protcoo"": """", ""reschain"": ""C"", ""reschain_lig"": ""Z"", ""resnr"": ""58"", ""resnr_lig"": ""1"", ""restype"": ""TYR"", ""restype_lig"": ""LIG""}",lormetazepam/alpha1/2026091904/pose_03/report.xml,db43fe271f195dba908e7ca66d93cb28fff3b5f77a4a1bdc2dd21b439f7c3f3e
lormetazepam,alpha1,2026091904,3,2026091904:3,hydrophobic_interaction,C,77,PHE,"{""dist"": ""3.65"", ""id"": ""3"", ""ligcarbonidx"": ""27542"", ""ligcoo"": """", ""protcarbonidx"": ""5950"", ""protcoo"": """", ""reschain"": ""C"", ""reschain_lig"": ""Z"", ""resnr"": ""77"", ""resnr_lig"": ""1"", ""restype"": ""PHE"", ""restype_lig"": ""LIG""}",lormetazepam/alpha1/2026091904/pose_03/report.xml,db43fe271f195dba908e7ca66d93cb28fff3b5f77a4a1bdc2dd21b439f7c3f3e
lormetazepam,alpha1,2026091904,3,2026091904:3,hydrophobic_interaction,C,77,PHE,"{""dist"": ""3.41"", ""id"": ""4"", ""ligcarbonidx"": ""27543"", ""ligcoo"": """", ""protcarbonidx"": ""5949"", ""protcoo"": """", ""reschain"": ""C"", ""reschain_lig"": ""Z"", ""resnr"": ""77"", ""resnr_lig"": ""1"", ""restype"": ""PHE"", ""restype_lig"": ""LIG""}",lormetazepam/alpha1/2026091904/pose_03/report.xml,db43fe271f195dba908e7ca66d93cb28fff3b5f77a4a1bdc2dd21b439f7c3f3e
lormetazepam,alpha1,2026091904,3,2026091904:3,hydrophobic_interaction,C,142,THR,"{""dist"": ""3.93"", ""id"": ""5"", ""ligcarbonidx"": ""27545"", ""ligcoo"": """", ""protcarbonidx"": ""6514"", ""protcoo"": """", ""reschain"": ""C"", ""reschain_lig"": ""Z"", ""resnr"": ""142"", ""resnr_lig"": ""1"", ""restype"": ""THR"", ""restype_lig"": ""LIG""}",lormetazepam/alpha1/2026091904/pose_03/report.xml,db43fe271f195dba908e7ca66d93cb28fff3b5f77a4a1bdc2dd21b439f7c3f3e
lormetazepam,alpha1,2026091904,3,2026091904:3,hydrophobic_interaction,D,207,THR,"{""dist"": ""3.96"", ""id"": ""6"", ""ligcarbonidx"": ""27545"", ""ligcoo"": """", ""protcarbonidx"": ""9839"", ""protcoo"": """", ""reschain"": ""D"", ""reschain_lig"": ""Z"", ""resnr"": ""207"", ""resnr_lig"": ""1"", ""restype"": ""THR"", ""restype_lig"": ""LIG""}",lormetazepam/alpha1/2026091904/pose_03/report.xml,db43fe271f195dba908e7ca66d93cb28fff3b5f77a4a1bdc2dd21b439f7c3f3e
lormetazepam,alpha1,2026091904,4,2026091904:4,hydrophobic_interaction,C,58,TYR,"{""dist"": ""3.29"", ""id"": ""1"", ""ligcarbonidx"": ""27545"", ""ligcoo"": """", ""protcarbonidx"": ""5803"", ""protcoo"": """", ""reschain"": ""C"", ""reschain_lig"": ""Z"", ""resnr"": ""58"", ""resnr_lig"": ""1"", ""restype"": ""TYR"", ""restype_lig"": ""LIG""}",lormetazepam/alpha1/2026091904/pose_04/report.xml,30db6b2e5659be80f304adf35f43895d5ccfab9b2f506b12a804f873892b41d4
lormetazepam,alpha1,2026091904,4,2026091904:4,hydrophobic_interaction,C,58,TYR,"{""dist"": ""3.29"", ""id"": ""2"", ""ligcarbonidx"": ""27544"", ""ligcoo"": """", ""protcarbonidx"": ""5801"", ""protcoo"": """", ""reschain"": ""C"", ""reschain_lig"": ""Z"", ""resnr"": ""58"", ""resnr_lig"": ""1"", ""restype"": ""TYR"", ""restype_lig"": ""LIG""}",lormetazepam/alpha1/2026091904/pose_04/report.xml,30db6b2e5659be80f304adf35f43895d5ccfab9b2f506b12a804f873892b41d4
lormetazepam,alpha1,2026091904,4,2026091904:4,hydrophobic_interaction,C,77,PHE,"{""dist"": ""3.95"", ""id"": ""3"", ""ligcarbonidx"": ""27549"", ""ligcoo"": """", ""protcarbonidx"": ""5951"", ""protcoo"": """", ""reschain"": ""C"", ""reschain_lig"": ""Z"", ""resnr"": ""77"", ""resnr_lig"": ""1"", ""restype"": ""PHE"", ""restype_lig"": ""LIG""}",lormetazepam/alpha1/2026091904/pose_04/report.xml,30db6b2e5659be80f304adf35f43895d5ccfab9b2f506b12a804f873892b41d4
lormetazepam,alpha1,2026091904,4,2026091904:4,hydrophobic_interaction,C,77,PHE,"{""dist"": ""3.55"", ""id"": ""4"", ""ligcarbonidx"": ""27542"", ""ligcoo"": """", ""protcarbonidx"": ""5949"", ""protcoo"": """", ""reschain"": ""C"", ""reschain_lig"": ""Z"", ""resnr"": ""77"", ""resnr_lig"": ""1"", ""restype"": ""PHE"", ""restype_lig"": ""LIG""}",lormetazepam/alpha1/2026091904/pose_04/report.xml,30db6b2e5659be80f304adf35f43895d5ccfab9b2f506b12a804f873892b41d4
lormetazepam,alpha1,2026091904,4,2026091904:4,hydrophobic_interaction,D,160,TYR,"{""dist"": ""3.90"", ""id"": ""5"", ""ligcarbonidx"": ""27552"", ""ligcoo"": """", ""protcarbonidx"": ""9467"", ""protcoo"": """", ""reschain"": ""D"", ""reschain_lig"": ""Z"", ""resnr"": ""160"", ""resnr_lig"": ""1"", ""restype"": ""TYR"", ""restype_lig"": ""LIG""}",lormetazepam/alpha1/2026091904/pose_04/report.xml,30db6b2e5659be80f304adf35f43895d5ccfab9b2f506b12a804f873892b41d4
lormetazepam,alpha1,2026091904,4,2026091904:4,hydrophobic_interaction,D,210,TYR,"{""dist"": ""3.55"", ""id"": ""6"", ""ligcarbonidx"": ""27553"", ""ligcoo"": """", ""protcarbonidx"": ""9860"", ""protcoo"": """", ""reschain"": ""D"", ""reschain_lig"": ""Z"", ""resnr"": ""210"", ""resnr_lig"": ""1"", ""restype"": ""TYR"", ""restype_lig"": ""LIG""}",lormetazepam/alpha1/2026091904/pose_04/report.xml,30db6b2e5659be80f304adf35f43895d5ccfab9b2f506b12a804f873892b41d4
lormetazepam,alpha1,2026091904,4,2026091904:4,hydrophobic_interaction,D,210,TYR,"{""dist"": ""3.67"", ""id"": ""7"", ""ligcarbonidx"": ""27552"", ""ligcoo"": """", ""protcarbonidx"": ""9862"", ""protcoo"": """", ""reschain"": ""D"", ""reschain_lig"": ""Z"", ""resnr"": ""210"", ""resnr_lig"": ""1"", ""restype"": ""TYR"", ""restype_lig"": ""LIG""}",lormetazepam/alpha1/2026091904/pose_04/report.xml,30db6b2e5659be80f304adf35f43895d5ccfab9b2f506b12a804f873892b41d4
lormetazepam,alpha1,2026091904,5,2026091904:5,hydrophobic_interaction,C,58,TYR,"{""dist"": ""3.72"", ""id"": ""1"", ""ligcarbonidx"": ""27549"", ""ligcoo"": """", ""protcarbonidx"": ""5804"", ""protcoo"": """", ""reschain"": ""C"", ""reschain_lig"": ""Z"", ""resnr"": ""58"", ""resnr_lig"": ""1"", ""restype"": ""TYR"", ""restype_lig"": ""LIG""}",lormetazepam/alpha1/2026091904/pose_05/report.xml,e97e3395f6ac7f91c854ca21379fc56b5e07fc6764a68a622d9a543b78b8cf1d
lormetazepam,alpha1,2026091904,5,2026091904:5,pi_stack,C,58,TYR,"{""angle"": ""7.31"", ""centdist"": ""4.03"", ""id"": ""1"", ""lig_idx_list"": """", ""ligcoo"": """", ""offset"": ""1.83"", ""prot_idx_list"": """", ""protcoo"": """", ""reschain"": ""C"", ""reschain_lig"": ""Z"", ""resnr"": ""58"", ""resnr_lig"": ""1"", ""restype"": ""TYR"", ""restype_lig"": ""LIG"", ""type"": ""P""}",lormetazepam/alpha1/2026091904/pose_05/report.xml,e97e3395f6ac7f91c854ca21379fc56b5e07fc6764a68a622d9a543b78b8cf1d
lormetazepam,alpha1,2026091904,5,2026091904:5,pi_stack,C,77,PHE,"{""angle"": ""23.32"", ""centdist"": ""4.15"", ""id"": ""2"", ""lig_idx_list"": """", ""ligcoo"": """", ""offset"": ""0.83"", ""prot_idx_list"": """", ""protcoo"": """", ""reschain"": ""C"", ""reschain_lig"": ""Z"", ""resnr"": ""77"", ""resnr_lig"": ""1"", ""restype"": ""PHE"", ""restype_lig"": ""LIG"", ""type"": ""P""}",lormetazepam/alpha1/2026091904/pose_05/report.xml,e97e3395f6ac7f91c854ca21379fc56b5e07fc6764a68a622d9a543b78b8cf1d
lormetazepam,alpha1,2026091904,6,2026091904:6,hydrophobic_interaction,C,77,PHE,"{""dist"": ""3.43"", ""id"": ""1"", ""ligcarbonidx"": ""27545"", ""ligcoo"": """", ""protcarbonidx"": ""5954"", ""protcoo"": """", ""reschain"": ""C"", ""reschain_lig"": ""Z"", ""resnr"": ""77"", ""resnr_lig"": ""1"", ""restype"": ""PHE"", ""restype_lig"": ""LIG""}",lormetazepam/alpha1/2026091904/pose_06/report.xml,63f429819c79b534c94c1a5c2d1f847e30150fc08dd9392ce69184c8b5963c4e
lormetazepam,alpha1,2026091904,6,2026091904:6,hydrophobic_interaction,D,203,VAL,"{""dist"": ""3.17"", ""id"": ""2"", ""ligcarbonidx"": ""27542"", ""ligcoo"": """", ""protcarbonidx"": ""9810"", ""protcoo"": """", ""reschain"": ""D"", ""reschain_lig"": ""Z"", ""resnr"": ""203"", ""resnr_lig"": ""1"", ""restype"": ""VAL"", ""restype_lig"": ""LIG""}",lormetazepam/alpha1/2026091904/pose_06/report.xml,63f429819c79b534c94c1a5c2d1f847e30150fc08dd9392ce69184c8b5963c4e
lormetazepam,alpha1,2026091904,6,2026091904:6,hydrogen_bond,D,156,LYS,"{""acceptoridx"": ""27536"", ""acceptortype"": ""O2"", ""dist_d-a"": ""3.30"", ""dist_h-a"": ""2.53"", ""don_angle"": ""132.66"", ""donoridx"": ""9439"", ""donortype"": ""N3"", ""id"": ""1"", ""ligcoo"": """", ""protcoo"": """", ""protisdon"": ""True"", ""reschain"": ""D"", ""reschain_lig"": ""Z"", ""resnr"": ""156"", ""resnr_lig"": ""1"", ""restype"": ""LYS"", ""restype_lig"": ""LIG"", ""sidechain"": ""True""}",lormetazepam/alpha1/2026091904/pose_06/report.xml,63f429819c79b534c94c1a5c2d1f847e30150fc08dd9392ce69184c8b5963c4e
lormetazepam,alpha1,2026091904,7,2026091904:7,hydrophobic_interaction,C,58,TYR,"{""dist"": ""3.77"", ""id"": ""1"", ""ligcarbonidx"": ""27549"", ""ligcoo"": """", ""protcarbonidx"": ""5806"", ""protcoo"": """", ""reschain"": ""C"", ""reschain_lig"": ""Z"", ""resnr"": ""58"", ""resnr_lig"": ""1"", ""restype"": ""TYR"", ""restype_lig"": ""LIG""}",lormetazepam/alpha1/2026091904/pose_07/report.xml,9fee99d8f8bcad4ccd29e6ff980f729345be7f7964f13ade864270822be4fbb9
lormetazepam,alpha1,2026091904,7,2026091904:7,hydrophobic_interaction,C,77,PHE,"{""dist"": ""3.93"", ""id"": ""2"", ""ligcarbonidx"": ""27552"", ""ligcoo"": """", ""protcarbonidx"": ""5954"", ""protcoo"": """", ""reschain"": ""C"", ""reschain_lig"": ""Z"", ""resnr"": ""77"", ""resnr_lig"": ""1"", ""restype"": ""PHE"", ""restype_lig"": ""LIG""}",lormetazepam/alpha1/2026091904/pose_07/report.xml,9fee99d8f8bcad4ccd29e6ff980f729345be7f7964f13ade864270822be4fbb9
lormetazepam,alpha1,2026091904,7,2026091904:7,hydrophobic_interaction,D,203,VAL,"{""dist"": ""3.39"", ""id"": ""3"", ""ligcarbonidx"": ""27543"", ""ligcoo"": """", ""protcarbonidx"": ""9811"", ""protcoo"": """", ""reschain"": ""D"", ""reschain_lig"": ""Z"", ""resnr"": ""203"", ""resnr_lig"": ""1"", ""restype"": ""VAL"", ""restype_lig"": ""LIG""}",lormetazepam/alpha1/2026091904/pose_07/report.xml,9fee99d8f8bcad4ccd29e6ff980f729345be7f7964f13ade864270822be4fbb9
lormetazepam,alpha1,2026091904,7,2026091904:7,hydrophobic_interaction,D,203,VAL,"{""dist"": ""4.00"", ""id"": ""4"", ""ligcarbonidx"": ""27549"", ""ligcoo"": """", ""protcarbonidx"": ""9810"", ""protcoo"": """", ""reschain"": ""D"", ""reschain_lig"": ""Z"", ""resnr"": ""203"", ""resnr_lig"": ""1"", ""restype"": ""VAL"", ""restype_lig"": ""LIG""}",lormetazepam/alpha1/2026091904/pose_07/report.xml,9fee99d8f8bcad4ccd29e6ff980f729345be7f7964f13ade864270822be4fbb9
lormetazepam,alpha1,2026091904,7,2026091904:7,hydrogen_bond,C,58,TYR,"{""acceptoridx"": ""5808"", ""acceptortype"": ""O2"", ""dist_d-a"": ""2.84"", ""dist_h-a"": ""2.02"", ""don_angle"": ""140.83"", ""donoridx"": ""27538"", ""donortype"": ""O3"", ""id"": ""1"", ""ligcoo"": """", ""protcoo"": """", ""protisdon"": ""False"", ""reschain"": ""C"", ""reschain_lig"": ""Z"", ""resnr"": ""58"", ""resnr_lig"": ""1"", ""restype"": ""TYR"", ""restype_lig"": ""LIG"", ""sidechain"": ""True""}",lormetazepam/alpha1/2026091904/pose_07/report.xml,9fee99d8f8bcad4ccd29e6ff980f729345be7f7964f13ade864270822be4fbb9
lormetazepam,alpha1,2026091904,8,2026091904:8,hydrophobic_interaction,C,77,PHE,"{""dist"": ""3.51"", ""id"": ""1"", ""ligcarbonidx"": ""27544"", ""ligcoo"": """", ""protcarbonidx"": ""5955"", ""protcoo"": """", ""reschain"": ""C"", ""reschain_lig"": ""Z"", ""resnr"": ""77"", ""resnr_lig"": ""1"", ""restype"": ""PHE"", ""restype_lig"": ""LIG""}",lormetazepam/alpha1/2026091904/pose_08/report.xml,8ce35eb057e49114795f4be5bd332f11545a79474a91252bebfe3723183a3bbb
lormetazepam,alpha1,2026091904,8,2026091904:8,hydrogen_bond,C,58,TYR,"{""acceptoridx"": ""27536"", ""acceptortype"": ""O2"", ""dist_d-a"": ""3.11"", ""dist_h-a"": ""2.64"", ""don_angle"": ""111.85"", ""donoridx"": ""5808"", ""donortype"": ""O2"", ""id"": ""1"", ""ligcoo"": """", ""protcoo"": """", ""protisdon"": ""True"", ""reschain"": ""C"", ""reschain_lig"": ""Z"", ""resnr"": ""58"", ""resnr_lig"": ""1"", ""restype"": ""TYR"", ""restype_lig"": ""LIG"", ""sidechain"": ""True""}",lormetazepam/alpha1/2026091904/pose_08/report.xml,8ce35eb057e49114795f4be5bd332f11545a79474a91252bebfe3723183a3bbb
lormetazepam,alpha1,2026091904,8,2026091904:8,hydrogen_bond,C,192,ASP,"{""acceptoridx"": ""6928"", ""acceptortype"": ""O2"", ""dist_d-a"": ""3.28"", ""dist_h-a"": ""2.38"", ""don_angle"": ""155.23"", ""donoridx"": ""27538"", ""donortype"": ""O3"", ""id"": ""2"", ""ligcoo"": """", ""protcoo"": """", ""protisdon"": ""False"", ""reschain"": ""C"", ""reschain_lig"": ""Z"", ""resnr"": ""192"", ""resnr_lig"": ""1"", ""restype"": ""ASP"", ""restype_lig"": ""LIG"", ""sidechain"": ""True""}",lormetazepam/alpha1/2026091904/pose_08/report.xml,8ce35eb057e49114795f4be5bd332f11545a79474a91252bebfe3723183a3bbb
lormetazepam,alpha1,2026091904,9,2026091904:9,hydrophobic_interaction,C,58,TYR,"{""dist"": ""3.33"", ""id"": ""1"", ""ligcarbonidx"": ""27552"", ""ligcoo"": """", ""protcarbonidx"": ""5805"", ""protcoo"": """", ""reschain"": ""C"", ""reschain_lig"": ""Z"", ""resnr"": ""58"", ""resnr_lig"": ""1"", ""restype"": ""TYR"", ""restype_lig"": ""LIG""}",lormetazepam/alpha1/2026091904/pose_09/report.xml,1d93d09694c74b59416f122895b615ce24c2af63a5e7280afa76da0a6e596116
lormetazepam,alpha1,2026091904,9,2026091904:9,hydrogen_bond,D,204,GLN,"{""acceptoridx"": ""27538"", ""acceptortype"": ""O3"", ""dist_d-a"": ""2.93"", ""dist_h-a"": ""2.20"", ""don_angle"": ""129.45"", ""donoridx"": ""9812"", ""donortype"": ""Nam"", ""id"": ""1"", ""ligcoo"": """", ""protcoo"": """", ""protisdon"": ""True"", ""reschain"": ""D"", ""reschain_lig"": ""Z"", ""resnr"": ""204"", ""resnr_lig"": ""1"", ""restype"": ""GLN"", ""restype_lig"": ""LIG"", ""sidechain"": ""False""}",lormetazepam/alpha1/2026091904/pose_09/report.xml,1d93d09694c74b59416f122895b615ce24c2af63a5e7280afa76da0a6e596116
lormetazepam,alpha1,2026091905,1,2026091905:1,hydrophobic_interaction,C,58,TYR,"{""dist"": ""3.63"", ""id"": ""1"", ""ligcarbonidx"": ""27553"", ""ligcoo"": """", ""protcarbonidx"": ""5806"", ""protcoo"": """", ""reschain"": ""C"", ""reschain_lig"": ""Z"", ""resnr"": ""58"", ""resnr_lig"": ""1"", ""restype"": ""TYR"", ""restype_lig"": ""LIG""}",lormetazepam/alpha1/2026091905/pose_01/report.xml,94e02446e4b21b9e3f6019628a3fabb44b9a90fddc5657863c154d28e377f841
lormetazepam,alpha1,2026091905,1,2026091905:1,hydrophobic_interaction,C,77,PHE,"{""dist"": ""3.34"", ""id"": ""2"", ""ligcarbonidx"": ""27549"", ""ligcoo"": """", ""protcarbonidx"": ""5955"", ""protcoo"": """", ""reschain"": ""C"", ""reschain_lig"": ""Z"", ""resnr"": ""77"", ""resnr_lig"": ""1"", ""restype"": ""PHE"", ""restype_lig"": ""LIG""}",lormetazepam/alpha1/2026091905/pose_01/report.xml,94e02446e4b21b9e3f6019628a3fabb44b9a90fddc5657863c154d28e377f841
lormetazepam,alpha1,2026091905,1,2026091905:1,hydrophobic_interaction,D,100,PHE,"{""dist"": ""3.79"", ""id"": ""3"", ""ligcarbonidx"": ""27545"", ""ligcoo"": """", ""protcarbonidx"": ""8994"", ""protcoo"": """", ""reschain"": ""D"", ""reschain_lig"": ""Z"", ""resnr"": ""100"", ""resnr_lig"": ""1"", ""restype"": ""PHE"", ""restype_lig"": ""LIG""}",lormetazepam/alpha1/2026091905/pose_01/report.xml,94e02446e4b21b9e3f6019628a3fabb44b9a90fddc5657863c154d28e377f841
lormetazepam,alpha1,2026091905,1,2026091905:1,hydrophobic_interaction,D,160,TYR,"{""dist"": ""3.93"", ""id"": ""4"", ""ligcarbonidx"": ""27545"", ""ligcoo"": """", ""protcarbonidx"": ""9467"", ""protcoo"": """", ""reschain"": ""D"", ""reschain_lig"": ""Z"", ""resnr"": ""160"", ""resnr_lig"": ""1"", ""restype"": ""TYR"", ""restype_lig"": ""LIG""}",lormetazepam/alpha1/2026091905/pose_01/report.xml,94e02446e4b21b9e3f6019628a3fabb44b9a90fddc5657863c154d28e377f841
lormetazepam,alpha1,2026091905,1,2026091905:1,hydrophobic_interaction,D,203,VAL,"{""dist"": ""3.59"", ""id"": ""5"", ""ligcarbonidx"": ""27542"", ""ligcoo"": """", ""protcarbonidx"": ""9810"", ""protcoo"": """", ""reschain"": ""D"", ""reschain_lig"": ""Z"", ""resnr"": ""203"", ""resnr_lig"": ""1"", ""restype"": ""VAL"", ""restype_lig"": ""LIG""}",lormetazepam/alpha1/2026091905/pose_01/report.xml,94e02446e4b21b9e3f6019628a3fabb44b9a90fddc5657863c154d28e377f841
lormetazepam,alpha1,2026091905,1,2026091905:1,hydrophobic_interaction,D,210,TYR,"{""dist"": ""3.50"", ""id"": ""6"", ""ligcarbonidx"": ""27543"", ""ligcoo"": """", ""protcarbonidx"": ""9857"", ""protcoo"": """", ""reschain"": ""D"", ""reschain_lig"": ""Z"", ""resnr"": ""210"", ""resnr_lig"": ""1"", ""restype"": ""TYR"", ""restype_lig"": ""LIG""}",lormetazepam/alpha1/2026091905/pose_01/report.xml,94e02446e4b21b9e3f6019628a3fabb44b9a90fddc5657863c154d28e377f841
lormetazepam,alpha1,2026091905,1,2026091905:1,hydrogen_bond,D,205,SER,"{""acceptoridx"": ""27536"", ""acceptortype"": ""O2"", ""dist_d-a"": ""3.01"", ""dist_h-a"": ""2.12"", ""don_angle"": ""151.56"", ""donoridx"": ""9826"", ""donortype"": ""O3"", ""id"": ""1"", ""ligcoo"": """", ""protcoo"": """", ""protisdon"": ""True"", ""reschain"": ""D"", ""reschain_lig"": ""Z"", ""resnr"": ""205"", ""resnr_lig"": ""1"", ""restype"": ""SER"", ""restype_lig"": ""LIG"", ""sidechain"": ""True""}",lormetazepam/alpha1/2026091905/pose_01/report.xml,94e02446e4b21b9e3f6019628a3fabb44b9a90fddc5657863c154d28e377f841
lormetazepam,alpha1,2026091905,1,2026091905:1,hydrogen_bond,D,206,SER,"{""acceptoridx"": ""27536"", ""acceptortype"": ""O2"", ""dist_d-a"": ""4.00"", ""dist_h-a"": ""3.27"", ""don_angle"": ""132.71"", ""donoridx"": ""9827"", ""donortype"": ""Nam"", ""id"": ""2"", ""ligcoo"": """", ""protcoo"": """", ""protisdon"": ""True"", ""reschain"": ""D"", ""reschain_lig"": ""Z"", ""resnr"": ""206"", ""resnr_lig"": ""1"", ""restype"": ""SER"", ""restype_lig"": ""LIG"", ""sidechain"": ""False""}",lormetazepam/alpha1/2026091905/pose_01/report.xml,94e02446e4b21b9e3f6019628a3fabb44b9a90fddc5657863c154d28e377f841
lormetazepam,alpha1,2026091905,1,2026091905:1,pi_stack,D,210,TYR,"{""angle"": ""25.67"", ""centdist"": ""4.17"", ""id"": ""1"", ""lig_idx_list"": """", ""ligcoo"": """", ""offset"": ""1.48"", ""prot_idx_list"": """", ""protcoo"": """", ""reschain"": ""D"", ""reschain_lig"": ""Z"", ""resnr"": ""210"", ""resnr_lig"": ""1"", ""restype"": ""TYR"", ""restype_lig"": ""LIG"", ""type"": ""P""}",lormetazepam/alpha1/2026091905/pose_01/report.xml,94e02446e4b21b9e3f6019628a3fabb44b9a90fddc5657863c154d28e377f841
lormetazepam,alpha1,2026091905,1,2026091905:1,halogen_bond,D,102,HIS,"{""acc_angle"": ""98.33"", ""acc_idx"": ""9009"", ""acceptortype"": ""O2"", ""dist"": ""3.59"", ""don_angle"": ""172.94"", ""don_idx"": ""27551"", ""donortype"": ""Cl"", ""id"": ""1"", ""ligcoo"": """", ""protcoo"": """", ""reschain"": ""D"", ""reschain_lig"": ""Z"", ""resnr"": ""102"", ""resnr_lig"": ""1"", ""restype"": ""HIS"", ""restype_lig"": ""LIG"", ""sidechain"": ""False""}",lormetazepam/alpha1/2026091905/pose_01/report.xml,94e02446e4b21b9e3f6019628a3fabb44b9a90fddc5657863c154d28e377f841
lormetazepam,alpha1,2026091905,2,2026091905:2,hydrophobic_interaction,C,58,TYR,"{""dist"": ""3.68"", ""id"": ""1"", ""ligcarbonidx"": ""27549"", ""ligcoo"": """", ""protcarbonidx"": ""5806"", ""protcoo"": """", ""reschain"": ""C"", ""reschain_lig"": ""Z"", ""resnr"": ""58"", ""resnr_lig"": ""1"", ""restype"": ""TYR"", ""restype_lig"": ""LIG""}",lormetazepam/alpha1/2026091905/pose_02/report.xml,1b5725154c6411aa454b26f5dda1b6b1c593d495f5b381373cf9a1d9b9e4bbbd
lormetazepam,alpha1,2026091905,2,2026091905:2,hydrophobic_interaction,C,77,PHE,"{""dist"": ""3.85"", ""id"": ""2"", ""ligcarbonidx"": ""27552"", ""ligcoo"": """", ""protcarbonidx"": ""5954"", ""protcoo"": """", ""reschain"": ""C"", ""reschain_lig"": ""Z"", ""resnr"": ""77"", ""resnr_lig"": ""1"", ""restype"": ""PHE"", ""restype_lig"": ""LIG""}",lormetazepam/alpha1/2026091905/pose_02/report.xml,1b5725154c6411aa454b26f5dda1b6b1c593d495f5b381373cf9a1d9b9e4bbbd
lormetazepam,alpha1,2026091905,2,2026091905:2,hydrophobic_interaction,D,203,VAL,"{""dist"": ""3.61"", ""id"": ""3"", ""ligcarbonidx"": ""27545"", ""ligcoo"": """", ""protcarbonidx"": ""9810"", ""protcoo"": """", ""reschain"": ""D"", ""reschain_lig"": ""Z"", ""resnr"": ""203"", ""resnr_lig"": ""1"", ""restype"": ""VAL"", ""restype_lig"": ""LIG""}",lormetazepam/alpha1/2026091905/pose_02/report.xml,1b5725154c6411aa454b26f5dda1b6b1c593d495f5b381373cf9a1d9b9e4bbbd
lormetazepam,alpha1,2026091905,2,2026091905:2,hydrogen_bond,C,58,TYR,"{""acceptoridx"": ""5808"", ""acceptortype"": ""O2"", ""dist_d-a"": ""2.93"", ""dist_h-a"": ""2.44"", ""don_angle"": ""110.72"", ""donoridx"": ""27538"", ""donortype"": ""O3"", ""id"": ""1"", ""ligcoo"": """", ""protcoo"": """", ""protisdon"": ""False"", ""reschain"": ""C"", ""reschain_lig"": ""Z"", ""resnr"": ""58"", ""resnr_lig"": ""1"", ""restype"": ""TYR"", ""restype_lig"": ""LIG"", ""sidechain"": ""True""}",lormetazepam/alpha1/2026091905/pose_02/report.xml,1b5725154c6411aa454b26f5dda1b6b1c593d495f5b381373cf9a1d9b9e4bbbd
lormetazepam,alpha1,2026091905,3,2026091905:3,hydrophobic_interaction,C,58,TYR,"{""dist"": ""3.63"", ""id"": ""1"", ""ligcarbonidx"": ""27553"", ""ligcoo"": """", ""protcarbonidx"": ""5806"", ""protcoo"": """", ""reschain"": ""C"", ""reschain_lig"": ""Z"", ""resnr"": ""58"", ""resnr_lig"": ""1"", ""restype"": ""TYR"", ""restype_lig"": ""LIG""}",lormetazepam/alpha1/2026091905/pose_03/report.xml,ed45f0bdbf79f8cf998c59a2c879eaa35c9c2267c561b36801a5318ef985cb57
lormetazepam,alpha1,2026091905,3,2026091905:3,hydrophobic_interaction,C,58,TYR,"{""dist"": ""3.16"", ""id"": ""2"", ""ligcarbonidx"": ""27543"", ""ligcoo"": """", ""protcarbonidx"": ""5801"", ""protcoo"": """", ""reschain"": ""C"", ""reschain_lig"": ""Z"", ""resnr"": ""58"", ""resnr_lig"": ""1"", ""restype"": ""TYR"", ""restype_lig"": ""LIG""}",lormetazepam/alpha1/2026091905/pose_03/report.xml,ed45f0bdbf79f8cf998c59a2c879eaa35c9c2267c561b36801a5318ef985cb57
lormetazepam,alpha1,2026091905,3,2026091905:3,hydrophobic_interaction,C,77,PHE,"{""dist"": ""3.67"", ""id"": ""3"", ""ligcarbonidx"": ""27542"", ""ligcoo"": """", ""protcarbonidx"": ""5950"", ""protcoo"": """", ""reschain"": ""C"", ""reschain_lig"": ""Z"", ""resnr"": ""77"", ""resnr_lig"": ""1"", ""restype"": ""PHE"", ""restype_lig"": ""LIG""}",lormetazepam/alpha1/2026091905/pose_03/report.xml,ed45f0bdbf79f8cf998c59a2c879eaa35c9c2267c561b36801a5318ef985cb57
lormetazepam,alpha1,2026091905,3,2026091905:3,hydrophobic_interaction,C,77,PHE,"{""dist"": ""3.44"", ""id"": ""4"", ""ligcarbonidx"": ""27543"", ""ligcoo"": """", ""protcarbonidx"": ""5949"", ""protcoo"": """", ""reschain"": ""C"", ""reschain_lig"": ""Z"", ""resnr"": ""77"", ""resnr_lig"": ""1"", ""restype"": ""PHE"", ""restype_lig"": ""LIG""}",lormetazepam/alpha1/2026091905/pose_03/report.xml,ed45f0bdbf79f8cf998c59a2c879eaa35c9c2267c561b36801a5318ef985cb57
lormetazepam,alpha1,2026091905,3,2026091905:3,hydrophobic_interaction,C,142,THR,"{""dist"": ""3.97"", ""id"": ""5"", ""ligcarbonidx"": ""27545"", ""ligcoo"": """", ""protcarbonidx"": ""6514"", ""protcoo"": """", ""reschain"": ""C"", ""reschain_lig"": ""Z"", ""resnr"": ""142"", ""resnr_lig"": ""1"", ""restype"": ""THR"", ""restype_lig"": ""LIG""}",lormetazepam/alpha1/2026091905/pose_03/report.xml,ed45f0bdbf79f8cf998c59a2c879eaa35c9c2267c561b36801a5318ef985cb57
lormetazepam,alpha1,2026091905,3,2026091905:3,hydrophobic_interaction,D,207,THR,"{""dist"": ""3.94"", ""id"": ""6"", ""ligcarbonidx"": ""27545"", ""ligcoo"": """", ""protcarbonidx"": ""9839"", ""protcoo"": """", ""reschain"": ""D"", ""reschain_lig"": ""Z"", ""resnr"": ""207"", ""resnr_lig"": ""1"", ""restype"": ""THR"", ""restype_lig"": ""LIG""}",lormetazepam/alpha1/2026091905/pose_03/report.xml,ed45f0bdbf79f8cf998c59a2c879eaa35c9c2267c561b36801a5318ef985cb57
lormetazepam,alpha1,2026091905,3,2026091905:3,hydrogen_bond,D,102,HIS,"{""acceptoridx"": ""9012"", ""acceptortype"": ""N2"", ""dist_d-a"": ""3.86"", ""dist_h-a"": ""3.12"", ""don_angle"": ""134.44"", ""donoridx"": ""27538"", ""donortype"": ""O3"", ""id"": ""1"", ""ligcoo"": """", ""protcoo"": """", ""protisdon"": ""False"", ""reschain"": ""D"", ""reschain_lig"": ""Z"", ""resnr"": ""102"", ""resnr_lig"": ""1"", ""restype"": ""HIS"", ""restype_lig"": ""LIG"", ""sidechain"": ""True""}",lormetazepam/alpha1/2026091905/pose_03/report.xml,ed45f0bdbf79f8cf998c59a2c879eaa35c9c2267c561b36801a5318ef985cb57
lormetazepam,alpha1,2026091905,4,2026091905:4,hydrophobic_interaction,D,102,HIS,"{""dist"": ""3.97"", ""id"": ""1"", ""ligcarbonidx"": ""27552"", ""ligcoo"": """", ""protcarbonidx"": ""9010"", ""protcoo"": """", ""reschain"": ""D"", ""reschain_lig"": ""Z"", ""resnr"": ""102"", ""resnr_lig"": ""1"", ""restype"": ""HIS"", ""restype_lig"": ""LIG""}",lormetazepam/alpha1/2026091905/pose_04/report.xml,a71b310d57ddff840d211796f1ff10aed3f7201e2ca47c86f96b15369a069063
lormetazepam,alpha1,2026091905,4,2026091905:4,hydrophobic_interaction,D,203,VAL,"{""dist"": ""3.50"", ""id"": ""2"", ""ligcarbonidx"": ""27543"", ""ligcoo"": """", ""protcarbonidx"": ""9811"", ""protcoo"": """", ""reschain"": ""D"", ""reschain_lig"": ""Z"", ""resnr"": ""203"", ""resnr_lig"": ""1"", ""restype"": ""VAL"", ""restype_lig"": ""LIG""}",lormetazepam/alpha1/2026091905/pose_04/report.xml,a71b310d57ddff840d211796f1ff10aed3f7201e2ca47c86f96b15369a069063
lormetazepam,alpha1,2026091905,4,2026091905:4,hydrogen_bond,C,58,TYR,"{""acceptoridx"": ""5808"", ""acceptortype"": ""O2"", ""dist_d-a"": ""2.83"", ""dist_h-a"": ""2.06"", ""don_angle"": ""135.44"", ""donoridx"": ""27538"", ""donortype"": ""O3"", ""id"": ""1"", ""ligcoo"": """", ""protcoo"": """", ""protisdon"": ""False"", ""reschain"": ""C"", ""reschain_lig"": ""Z"", ""resnr"": ""58"", ""resnr_lig"": ""1"", ""restype"": ""TYR"", ""restype_lig"": ""LIG"", ""sidechain"": ""True""}",lormetazepam/alpha1/2026091905/pose_04/report.xml,a71b310d57ddff840d211796f1ff10aed3f7201e2ca47c86f96b15369a069063
lormetazepam,alpha1,2026091905,5,2026091905:5,hydrophobic_interaction,C,58,TYR,"{""dist"": ""3.48"", ""id"": ""1"", ""ligcarbonidx"": ""27542"", ""ligcoo"": """", ""protcarbonidx"": ""5805"", ""protcoo"": """", ""reschain"": ""C"", ""reschain_lig"": ""Z"", ""resnr"": ""58"", ""resnr_lig"": ""1"", ""restype"": ""TYR"", ""restype_lig"": ""LIG""}",lormetazepam/alpha1/2026091905/pose_05/report.xml,50456f031d2c68583fb901f0c88789b0c057e3a82753547d8a21a16951f74c3b
lormetazepam,alpha1,2026091905,5,2026091905:5,hydrophobic_interaction,C,58,TYR,"{""dist"": ""3.54"", ""id"": ""2"", ""ligcarbonidx"": ""27549"", ""ligcoo"": """", ""protcarbonidx"": ""5804"", ""protcoo"": """", ""reschain"": ""C"", ""reschain_lig"": ""Z"", ""resnr"": ""58"", ""resnr_lig"": ""1"", ""restype"": ""TYR"", ""restype_lig"": ""LIG""}",lormetazepam/alpha1/2026091905/pose_05/report.xml,50456f031d2c68583fb901f0c88789b0c057e3a82753547d8a21a16951f74c3b
lormetazepam,alpha1,2026091905,5,2026091905:5,pi_stack,C,77,PHE,"{""angle"": ""23.59"", ""centdist"": ""4.14"", ""id"": ""1"", ""lig_idx_list"": """", ""ligcoo"": """", ""offset"": ""0.70"", ""prot_idx_list"": """", ""protcoo"": """", ""reschain"": ""C"", ""reschain_lig"": ""Z"", ""resnr"": ""77"", ""resnr_lig"": ""1"", ""restype"": ""PHE"", ""restype_lig"": ""LIG"", ""type"": ""P""}",lormetazepam/alpha1/2026091905/pose_05/report.xml,50456f031d2c68583fb901f0c88789b0c057e3a82753547d8a21a16951f74c3b
lormetazepam,alpha1,2026091905,6,2026091905:6,hydrophobic_interaction,C,77,PHE,"{""dist"": ""3.40"", ""id"": ""1"", ""ligcarbonidx"": ""27545"", ""ligcoo"": """", ""protcarbonidx"": ""5954"", ""protcoo"": """", ""reschain"": ""C"", ""reschain_lig"": ""Z"", ""resnr"": ""77"", ""resnr_lig"": ""1"", ""restype"": ""PHE"", ""restype_lig"": ""LIG""}",lormetazepam/alpha1/2026091905/pose_06/report.xml,010d072965520ffa00ff0ecdaf4d7d8c7521cc4a64d08b4f69e2a74e4eec801a
lormetazepam,alpha1,2026091905,6,2026091905:6,hydrophobic_interaction,D,203,VAL,"{""dist"": ""3.12"", ""id"": ""2"", ""ligcarbonidx"": ""27542"", ""ligcoo"": """", ""protcarbonidx"": ""9810"", ""protcoo"": """", ""reschain"": ""D"", ""reschain_lig"": ""Z"", ""resnr"": ""203"", ""resnr_lig"": ""1"", ""restype"": ""VAL"", ""restype_lig"": ""LIG""}",lormetazepam/alpha1/2026091905/pose_06/report.xml,010d072965520ffa00ff0ecdaf4d7d8c7521cc4a64d08b4f69e2a74e4eec801a
lormetazepam,alpha1,2026091905,6,2026091905:6,hydrogen_bond,D,156,LYS,"{""acceptoridx"": ""9439"", ""acceptortype"": ""N3"", ""dist_d-a"": ""3.20"", ""dist_h-a"": ""2.72"", ""don_angle"": ""110.99"", ""donoridx"": ""27538"", ""donortype"": ""O3"", ""id"": ""1"", ""ligcoo"": """", ""protcoo"": """", ""protisdon"": ""False"", ""reschain"": ""D"", ""reschain_lig"": ""Z"", ""resnr"": ""156"", ""resnr_lig"": ""1"", ""restype"": ""LYS"", ""restype_lig"": ""LIG"", ""sidechain"": ""True""}",lormetazepam/alpha1/2026091905/pose_06/report.xml,010d072965520ffa00ff0ecdaf4d7d8c7521cc4a64d08b4f69e2a74e4eec801a
lormetazepam,alpha1,2026091905,6,2026091905:6,hydrogen_bond,D,156,LYS,"{""acceptoridx"": ""27536"", ""acceptortype"": ""O2"", ""dist_d-a"": ""3.22"", ""dist_h-a"": ""2.44"", ""don_angle"": ""132.06"", ""donoridx"": ""9439"", ""donortype"": ""N3"", ""id"": ""2"", ""ligcoo"": """", ""protcoo"": """", ""protisdon"": ""True"", ""reschain"": ""D"", ""reschain_lig"": ""Z"", ""resnr"": ""156"", ""resnr_lig"": ""1"", ""restype"": ""LYS"", ""restype_lig"": ""LIG"", ""sidechain"": ""True""}",lormetazepam/alpha1/2026091905/pose_06/report.xml,010d072965520ffa00ff0ecdaf4d7d8c7521cc4a64d08b4f69e2a74e4eec801a
lormetazepam,alpha1,2026091905,7,2026091905:7,hydrophobic_interaction,C,58,TYR,"{""dist"": ""3.84"", ""id"": ""1"", ""ligcarbonidx"": ""27549"", ""ligcoo"": """", ""protcarbonidx"": ""5806"", ""protcoo"": """", ""reschain"": ""C"", ""reschain_lig"": ""Z"", ""resnr"": ""58"", ""resnr_lig"": ""1"", ""restype"": ""TYR"", ""restype_lig"": ""LIG""}",lormetazepam/alpha1/2026091905/pose_07/report.xml,a9fede80505750cdf8f6fb69d82460f748a107a31c70955c8a09fb5ec7b9f24b
lormetazepam,alpha1,2026091905,7,2026091905:7,hydrophobic_interaction,D,203,VAL,"{""dist"": ""3.36"", ""id"": ""2"", ""ligcarbonidx"": ""27542"", ""ligcoo"": """", ""protcarbonidx"": ""9810"", ""protcoo"": """", ""reschain"": ""D"", ""reschain_lig"": ""Z"", ""resnr"": ""203"", ""resnr_lig"": ""1"", ""restype"": ""VAL"", ""restype_lig"": ""LIG""}",lormetazepam/alpha1/2026091905/pose_07/report.xml,a9fede80505750cdf8f6fb69d82460f748a107a31c70955c8a09fb5ec7b9f24b
lormetazepam,alpha1,2026091905,7,2026091905:7,hydrophobic_interaction,D,203,VAL,"{""dist"": ""3.79"", ""id"": ""3"", ""ligcarbonidx"": ""27548"", ""ligcoo"": """", ""protcarbonidx"": ""9810"", ""protcoo"": """", ""reschain"": ""D"", ""reschain_lig"": ""Z"", ""resnr"": ""203"", ""resnr_lig"": ""1"", ""restype"": ""VAL"", ""restype_lig"": ""LIG""}",lormetazepam/alpha1/2026091905/pose_07/report.xml,a9fede80505750cdf8f6fb69d82460f748a107a31c70955c8a09fb5ec7b9f24b
lormetazepam,alpha1,2026091905,7,2026091905:7,hydrogen_bond,C,60,ASN,"{""acceptoridx"": ""5822"", ""acceptortype"": ""O2"", ""dist_d-a"": ""3.72"", ""dist_h-a"": ""3.32"", ""don_angle"": ""106.88"", ""donoridx"": ""27538"", ""donortype"": ""O3"", ""id"": ""1"", ""ligcoo"": """", ""protcoo"": """", ""protisdon"": ""False"", ""reschain"": ""C"", ""reschain_lig"": ""Z"", ""resnr"": ""60"", ""resnr_lig"": ""1"", ""restype"": ""ASN"", ""restype_lig"": ""LIG"", ""sidechain"": ""True""}",lormetazepam/alpha1/2026091905/pose_07/report.xml,a9fede80505750cdf8f6fb69d82460f748a107a31c70955c8a09fb5ec7b9f24b
lormetazepam,alpha1,2026091905,8,2026091905:8,hydrophobic_interaction,C,77,PHE,"{""dist"": ""3.60"", ""id"": ""1"", ""ligcarbonidx"": ""27544"", ""ligcoo"": """", ""protcarbonidx"": ""5955"", ""protcoo"": """", ""reschain"": ""C"", ""reschain_lig"": ""Z"", ""resnr"": ""77"", ""resnr_lig"": ""1"", ""restype"": ""PHE"", ""restype_lig"": ""LIG""}",lormetazepam/alpha1/2026091905/pose_08/report.xml,640dda260340fa64db47e9aef2ca299cee41bb9b07995a9ccce3f95734d11bf7
lormetazepam,alpha1,2026091905,8,2026091905:8,hydrogen_bond,C,58,TYR,"{""acceptoridx"": ""27536"", ""acceptortype"": ""O2"", ""dist_d-a"": ""2.98"", ""dist_h-a"": ""2.55"", ""don_angle"": ""108.30"", ""donoridx"": ""5808"", ""donortype"": ""O2"", ""id"": ""1"", ""ligcoo"": """", ""protcoo"": """", ""protisdon"": ""True"", ""reschain"": ""C"", ""reschain_lig"": ""Z"", ""resnr"": ""58"", ""resnr_lig"": ""1"", ""restype"": ""TYR"", ""restype_lig"": ""LIG"", ""sidechain"": ""True""}",lormetazepam/alpha1/2026091905/pose_08/report.xml,640dda260340fa64db47e9aef2ca299cee41bb9b07995a9ccce3f95734d11bf7
lormetazepam,alpha1,2026091905,8,2026091905:8,hydrogen_bond,C,192,ASP,"{""acceptoridx"": ""6929"", ""acceptortype"": ""O3"", ""dist_d-a"": ""3.02"", ""dist_h-a"": ""2.08"", ""don_angle"": ""162.19"", ""donoridx"": ""27538"", ""donortype"": ""O3"", ""id"": ""2"", ""ligcoo"": """", ""protcoo"": """", ""protisdon"": ""False"", ""reschain"": ""C"", ""reschain_lig"": ""Z"", ""resnr"": ""192"", ""resnr_lig"": ""1"", ""restype"": ""ASP"", ""restype_lig"": ""LIG"", ""sidechain"": ""True""}",lormetazepam/alpha1/2026091905/pose_08/report.xml,640dda260340fa64db47e9aef2ca299cee41bb9b07995a9ccce3f95734d11bf7
lormetazepam,alpha1,2026091905,9,2026091905:9,hydrophobic_interaction,D,203,VAL,"{""dist"": ""3.57"", ""id"": ""1"", ""ligcarbonidx"": ""27549"", ""ligcoo"": """", ""protcarbonidx"": ""9810"", ""protcoo"": """", ""reschain"": ""D"", ""reschain_lig"": ""Z"", ""resnr"": ""203"", ""resnr_lig"": ""1"", ""restype"": ""VAL"", ""restype_lig"": ""LIG""}",lormetazepam/alpha1/2026091905/pose_09/report.xml,5493760a39098bf78ef81eece03b5845fdee2bce727c7000870b89e5cfa97208
lormetazepam,alpha1,2026091905,9,2026091905:9,hydrogen_bond,D,204,GLN,"{""acceptoridx"": ""27538"", ""acceptortype"": ""O3"", ""dist_d-a"": ""3.01"", ""dist_h-a"": ""2.36"", ""don_angle"": ""122.35"", ""donoridx"": ""9812"", ""donortype"": ""Nam"", ""id"": ""1"", ""ligcoo"": """", ""protcoo"": """", ""protisdon"": ""True"", ""reschain"": ""D"", ""reschain_lig"": ""Z"", ""resnr"": ""204"", ""resnr_lig"": ""1"", ""restype"": ""GLN"", ""restype_lig"": ""LIG"", ""sidechain"": ""False""}",lormetazepam/alpha1/2026091905/pose_09/report.xml,5493760a39098bf78ef81eece03b5845fdee2bce727c7000870b89e5cfa97208
lormetazepam,alpha1,2026091905,9,2026091905:9,pi_stack,C,58,TYR,"{""angle"": ""17.52"", ""centdist"": ""4.18"", ""id"": ""1"", ""lig_idx_list"": """", ""ligcoo"": """", ""offset"": ""1.87"", ""prot_idx_list"": """", ""protcoo"": """", ""reschain"": ""C"", ""reschain_lig"": ""Z"", ""resnr"": ""58"", ""resnr_lig"": ""1"", ""restype"": ""TYR"", ""restype_lig"": ""LIG"", ""type"": ""P""}",lormetazepam/alpha1/2026091905/pose_09/report.xml,5493760a39098bf78ef81eece03b5845fdee2bce727c7000870b89e5cfa97208
lormetazepam,alpha2,2026091901,1,2026091901:1,hydrophobic_interaction,E,58,TYR,"{""dist"": ""3.38"", ""id"": ""1"", ""ligcarbonidx"": ""14167"", ""ligcoo"": """", ""protcarbonidx"": ""5639"", ""protcoo"": """", ""reschain"": ""E"", ""reschain_lig"": ""Z"", ""resnr"": ""58"", ""resnr_lig"": ""1"", ""restype"": ""TYR"", ""restype_lig"": ""LIG""}",lormetazepam/alpha2/2026091901/pose_01/report.xml,6e0fd50a004e82e049070d0f1551ac5f18ebcfb5b7f8f6db31173fc8d66cd18f
lormetazepam,alpha2,2026091901,1,2026091901:1,hydrophobic_interaction,E,60,ASN,"{""dist"": ""3.56"", ""id"": ""2"", ""ligcarbonidx"": ""14173"", ""ligcoo"": """", ""protcarbonidx"": ""5653"", ""protcoo"": """", ""reschain"": ""E"", ""reschain_lig"": ""Z"", ""resnr"": ""60"", ""resnr_lig"": ""1"", ""restype"": ""ASN"", ""restype_lig"": ""LIG""}",lormetazepam/alpha2/2026091901/pose_01/report.xml,6e0fd50a004e82e049070d0f1551ac5f18ebcfb5b7f8f6db31173fc8d66cd18f
lormetazepam,alpha2,2026091901,1,2026091901:1,hydrophobic_interaction,E,77,PHE,"{""dist"": ""4.00"", ""id"": ""3"", ""ligcarbonidx"": ""14167"", ""ligcoo"": """", ""protcarbonidx"": ""5787"", ""protcoo"": """", ""reschain"": ""E"", ""reschain_lig"": ""Z"", ""resnr"": ""77"", ""resnr_lig"": ""1"", ""restype"": ""PHE"", ""restype_lig"": ""LIG""}",lormetazepam/alpha2/2026091901/pose_01/report.xml,6e0fd50a004e82e049070d0f1551ac5f18ebcfb5b7f8f6db31173fc8d66cd18f
lormetazepam,alpha2,2026091901,1,2026091901:1,halogen_bond,E,75,ASP,"{""acc_angle"": ""124.42"", ""acc_idx"": ""5769"", ""acceptortype"": ""O2"", ""dist"": ""3.43"", ""don_angle"": ""149.08"", ""don_idx"": ""14175"", ""donortype"": ""Cl"", ""id"": ""1"", ""ligcoo"": """", ""protcoo"": """", ""reschain"": ""E"", ""reschain_lig"": ""Z"", ""resnr"": ""75"", ""resnr_lig"": ""1"", ""restype"": ""ASP"", ""restype_lig"": ""LIG"", ""sidechain"": ""True""}",lormetazepam/alpha2/2026091901/pose_01/report.xml,6e0fd50a004e82e049070d0f1551ac5f18ebcfb5b7f8f6db31173fc8d66cd18f
lormetazepam,alpha2,2026091901,2,2026091901:2,hydrophobic_interaction,D,102,ASN,"{""dist"": ""3.65"", ""id"": ""1"", ""ligcarbonidx"": ""14167"", ""ligcoo"": """", ""protcarbonidx"": ""3474"", ""protcoo"": """", ""reschain"": ""D"", ""reschain_lig"": ""Z"", ""resnr"": ""102"", ""resnr_lig"": ""1"", ""restype"": ""ASN"", ""restype_lig"": ""LIG""}",lormetazepam/alpha2/2026091901/pose_02/report.xml,7c06f7b992d13449790719dc5ef4472243fd56da5a0ffbfba06127ed845f2d5f
lormetazepam,alpha2,2026091901,2,2026091901:2,hydrophobic_interaction,D,155,LYS,"{""dist"": ""3.61"", ""id"": ""2"", ""ligcarbonidx"": ""14167"", ""ligcoo"": """", ""protcarbonidx"": ""3891"", ""protcoo"": """", ""reschain"": ""D"", ""reschain_lig"": ""Z"", ""resnr"": ""155"", ""resnr_lig"": ""1"", ""restype"": ""LYS"", ""restype_lig"": ""LIG""}",lormetazepam/alpha2/2026091901/pose_02/report.xml,7c06f7b992d13449790719dc5ef4472243fd56da5a0ffbfba06127ed845f2d5f
lormetazepam,alpha2,2026091901,2,2026091901:2,hydrogen_bond,E,60,ASN,"{""acceptoridx"": ""5652"", ""acceptortype"": ""O2"", ""dist_d-a"": ""3.13"", ""dist_h-a"": ""2.29"", ""don_angle"": ""144.49"", ""donoridx"": ""14162"", ""donortype"": ""O3"", ""id"": ""1"", ""ligcoo"": """", ""protcoo"": """", ""protisdon"": ""False"", ""reschain"": ""E"", ""reschain_lig"": ""Z"", ""resnr"": ""60"", ""resnr_lig"": ""1"", ""restype"": ""ASN"", ""restype_lig"": ""LIG"", ""sidechain"": ""False""}",lormetazepam/alpha2/2026091901/pose_02/report.xml,7c06f7b992d13449790719dc5ef4472243fd56da5a0ffbfba06127ed845f2d5f
lormetazepam,alpha2,2026091901,2,2026091901:2,halogen_bond,E,195,SER,"{""acc_angle"": ""113.51"", ""acc_idx"": ""6784"", ""acceptortype"": ""O2"", ""dist"": ""3.90"", ""don_angle"": ""139.04"", ""don_idx"": ""14171"", ""donortype"": ""Cl"", ""id"": ""1"", ""ligcoo"": """", ""protcoo"": """", ""reschain"": ""E"", ""reschain_lig"": ""Z"", ""resnr"": ""195"", ""resnr_lig"": ""1"", ""restype"": ""SER"", ""restype_lig"": ""LIG"", ""sidechain"": ""False""}",lormetazepam/alpha2/2026091901/pose_02/report.xml,7c06f7b992d13449790719dc5ef4472243fd56da5a0ffbfba06127ed845f2d5f
lormetazepam,alpha2,2026091901,3,2026091901:3,hydrophobic_interaction,E,58,TYR,"{""dist"": ""3.75"", ""id"": ""1"", ""ligcarbonidx"": ""14173"", ""ligcoo"": """", ""protcarbonidx"": ""5639"", ""protcoo"": """", ""reschain"": ""E"", ""reschain_lig"": ""Z"", ""resnr"": ""58"", ""resnr_lig"": ""1"", ""restype"": ""TYR"", ""restype_lig"": ""LIG""}",lormetazepam/alpha2/2026091901/pose_03/report.xml,8cba3131aca09d7591b6f6f391cbcf4827d386ab5138dba24f5c5f96462012a2
lormetazepam,alpha2,2026091901,3,2026091901:3,hydrophobic_interaction,E,77,PHE,"{""dist"": ""3.40"", ""id"": ""2"", ""ligcarbonidx"": ""14176"", ""ligcoo"": """", ""protcarbonidx"": ""5787"", ""protcoo"": """", ""reschain"": ""E"", ""reschain_lig"": ""Z"", ""resnr"": ""77"", ""resnr_lig"": ""1"", ""restype"": ""PHE"", ""restype_lig"": ""LIG""}",lormetazepam/alpha2/2026091901/pose_03/report.xml,8cba3131aca09d7591b6f6f391cbcf4827d386ab5138dba24f5c5f96462012a2
lormetazepam,alpha2,2026091901,3,2026091901:3,hydrophobic_interaction,D,202,ILE,"{""dist"": ""3.54"", ""id"": ""3"", ""ligcarbonidx"": ""14169"", ""ligcoo"": """", ""protcarbonidx"": ""4261"", ""protcoo"": """", ""reschain"": ""D"", ""reschain_lig"": ""Z"", ""resnr"": ""202"", ""resnr_lig"": ""1"", ""restype"": ""ILE"", ""restype_lig"": ""LIG""}",lormetazepam/alpha2/2026091901/pose_03/report.xml,8cba3131aca09d7591b6f6f391cbcf4827d386ab5138dba24f5c5f96462012a2
lormetazepam,alpha2,2026091901,3,2026091901:3,hydrogen_bond,E,59,VAL,"{""acceptoridx"": ""5645"", ""acceptortype"": ""O2"", ""dist_d-a"": ""3.76"", ""dist_h-a"": ""2.88"", ""don_angle"": ""150.44"", ""donoridx"": ""14162"", ""donortype"": ""O3"", ""id"": ""1"", ""ligcoo"": """", ""protcoo"": """", ""protisdon"": ""False"", ""reschain"": ""E"", ""reschain_lig"": ""Z"", ""resnr"": ""59"", ""resnr_lig"": ""1"", ""restype"": ""VAL"", ""restype_lig"": ""LIG"", ""sidechain"": ""False""}",lormetazepam/alpha2/2026091901/pose_03/report.xml,8cba3131aca09d7591b6f6f391cbcf4827d386ab5138dba24f5c5f96462012a2
lormetazepam,alpha2,2026091901,4,2026091901:4,hydrophobic_interaction,D,202,ILE,"{""dist"": ""3.53"", ""id"": ""1"", ""ligcarbonidx"": ""14168"", ""ligcoo"": """", ""protcarbonidx"": ""4261"", ""protcoo"": """", ""reschain"": ""D"", ""reschain_lig"": ""Z"", ""resnr"": ""202"", ""resnr_lig"": ""1"", ""restype"": ""ILE"", ""restype_lig"": ""LIG""}",lormetazepam/alpha2/2026091901/pose_04/report.xml,97d655da678bf99941913f994638ef8815619452f4fe870c621ae916d94d569e
lormetazepam,alpha2,2026091901,5,2026091901:5,hydrophobic_interaction,E,77,PHE,"{""dist"": ""3.77"", ""id"": ""1"", ""ligcarbonidx"": ""14168"", ""ligcoo"": """", ""protcarbonidx"": ""5787"", ""protcoo"": """", ""reschain"": ""E"", ""reschain_lig"": ""Z"", ""resnr"": ""77"", ""resnr_lig"": ""1"", ""restype"": ""PHE"", ""restype_lig"": ""LIG""}",lormetazepam/alpha2/2026091901/pose_05/report.xml,d362f342cdfb2c99840f5bf6fe631815e73d0257a63353e3930be46c7a6a8649
lormetazepam,alpha2,2026091901,6,2026091901:6,hydrophobic_interaction,E,58,TYR,"{""dist"": ""3.88"", ""id"": ""1"", ""ligcarbonidx"": ""14176"", ""ligcoo"": """", ""protcarbonidx"": ""5639"", ""protcoo"": """", ""reschain"": ""E"", ""reschain_lig"": ""Z"", ""resnr"": ""58"", ""resnr_lig"": ""1"", ""restype"": ""TYR"", ""restype_lig"": ""LIG""}",lormetazepam/alpha2/2026091901/pose_06/report.xml,f362641feeb61027fb74d948e6fe3b0c5c0ed9a6f1ace83647fe9bf9949c5979
lormetazepam,alpha2,2026091901,6,2026091901:6,hydrophobic_interaction,E,77,PHE,"{""dist"": ""3.77"", ""id"": ""2"", ""ligcarbonidx"": ""14177"", ""ligcoo"": """", ""protcarbonidx"": ""5787"", ""protcoo"": """", ""reschain"": ""E"", ""reschain_lig"": ""Z"", ""resnr"": ""77"", ""resnr_lig"": ""1"", ""restype"": ""PHE"", ""restype_lig"": ""LIG""}",lormetazepam/alpha2/2026091901/pose_06/report.xml,f362641feeb61027fb74d948e6fe3b0c5c0ed9a6f1ace83647fe9bf9949c5979
lormetazepam,alpha2,2026091901,6,2026091901:6,hydrophobic_interaction,D,202,ILE,"{""dist"": ""3.57"", ""id"": ""3"", ""ligcarbonidx"": ""14167"", ""ligcoo"": """", ""protcarbonidx"": ""4261"", ""protcoo"": """", ""reschain"": ""D"", ""reschain_lig"": ""Z"", ""resnr"": ""202"", ""resnr_lig"": ""1"", ""restype"": ""ILE"", ""restype_lig"": ""LIG""}",lormetazepam/alpha2/2026091901/pose_06/report.xml,f362641feeb61027fb74d948e6fe3b0c5c0ed9a6f1ace83647fe9bf9949c5979
lormetazepam,alpha2,2026091901,6,2026091901:6,hydrogen_bond,E,60,ASN,"{""acceptoridx"": ""5652"", ""acceptortype"": ""O2"", ""dist_d-a"": ""3.57"", ""dist_h-a"": ""2.68"", ""don_angle"": ""153.78"", ""donoridx"": ""14162"", ""donortype"": ""O3"", ""id"": ""1"", ""ligcoo"": """", ""protcoo"": """", ""protisdon"": ""False"", ""reschain"": ""E"", ""reschain_lig"": ""Z"", ""resnr"": ""60"", ""resnr_lig"": ""1"", ""restype"": ""ASN"", ""restype_lig"": ""LIG"", ""sidechain"": ""False""}",lormetazepam/alpha2/2026091901/pose_06/report.xml,f362641feeb61027fb74d948e6fe3b0c5c0ed9a6f1ace83647fe9bf9949c5979
lormetazepam,alpha2,2026091901,6,2026091901:6,halogen_bond,D,203,LYS,"{""acc_angle"": ""128.54"", ""acc_idx"": ""4265"", ""acceptortype"": ""O2"", ""dist"": ""3.31"", ""don_angle"": ""154.03"", ""don_idx"": ""14175"", ""donortype"": ""Cl"", ""id"": ""1"", ""ligcoo"": """", ""protcoo"": """", ""reschain"": ""D"", ""reschain_lig"": ""Z"", ""resnr"": ""203"", ""resnr_lig"": ""1"", ""restype"": ""LYS"", ""restype_lig"": ""LIG"", ""sidechain"": ""False""}",lormetazepam/alpha2/2026091901/pose_06/report.xml,f362641feeb61027fb74d948e6fe3b0c5c0ed9a6f1ace83647fe9bf9949c5979
lormetazepam,alpha2,2026091901,7,2026091901:7,hydrophobic_interaction,E,77,PHE,"{""dist"": ""3.95"", ""id"": ""1"", ""ligcarbonidx"": ""14176"", ""ligcoo"": """", ""protcarbonidx"": ""5787"", ""protcoo"": """", ""reschain"": ""E"", ""reschain_lig"": ""Z"", ""resnr"": ""77"", ""resnr_lig"": ""1"", ""restype"": ""PHE"", ""restype_lig"": ""LIG""}",lormetazepam/alpha2/2026091901/pose_07/report.xml,949cfc3ce226b790e49b7addb1b56ee0f31ebc7a163fed454caa6d7cb1201eea
lormetazepam,alpha2,2026091901,7,2026091901:7,hydrophobic_interaction,D,202,ILE,"{""dist"": ""3.40"", ""id"": ""2"", ""ligcarbonidx"": ""14167"", ""ligcoo"": """", ""protcarbonidx"": ""4261"", ""protcoo"": """", ""reschain"": ""D"", ""reschain_lig"": ""Z"", ""resnr"": ""202"", ""resnr_lig"": ""1"", ""restype"": ""ILE"", ""restype_lig"": ""LIG""}",lormetazepam/alpha2/2026091901/pose_07/report.xml,949cfc3ce226b790e49b7addb1b56ee0f31ebc7a163fed454caa6d7cb1201eea
lormetazepam,alpha2,2026091901,7,2026091901:7,halogen_bond,E,191,GLY,"{""acc_angle"": ""91.26"", ""acc_idx"": ""6754"", ""acceptortype"": ""O2"", ""dist"": ""3.88"", ""don_angle"": ""140.67"", ""don_idx"": ""14171"", ""donortype"": ""Cl"", ""id"": ""1"", ""ligcoo"": """", ""protcoo"": """", ""reschain"": ""E"", ""reschain_lig"": ""Z"", ""resnr"": ""191"", ""resnr_lig"": ""1"", ""restype"": ""GLY"", ""restype_lig"": ""LIG"", ""sidechain"": ""False""}",lormetazepam/alpha2/2026091901/pose_07/report.xml,949cfc3ce226b790e49b7addb1b56ee0f31ebc7a163fed454caa6d7cb1201eea
lormetazepam,alpha2,2026091901,8,2026091901:8,hydrogen_bond,D,101,HIS,"{""acceptoridx"": ""3463"", ""acceptortype"": ""O2"", ""dist_d-a"": ""2.80"", ""dist_h-a"": ""1.91"", ""don_angle"": ""151.33"", ""donoridx"": ""14162"", ""donortype"": ""O3"", ""id"": ""1"", ""ligcoo"": """", ""protcoo"": """", ""protisdon"": ""False"", ""reschain"": ""D"", ""reschain_lig"": ""Z"", ""resnr"": ""101"", ""resnr_lig"": ""1"", ""restype"": ""HIS"", ""restype_lig"": ""LIG"", ""sidechain"": ""False""}",lormetazepam/alpha2/2026091901/pose_08/report.xml,f71a8f6c3013c106401f7a10dc8334b2f657650362db1da461fd1d8e37ebf2b6
lormetazepam,alpha2,2026091901,8,2026091901:8,halogen_bond,E,192,ASP,"{""acc_angle"": ""100.92"", ""acc_idx"": ""6761"", ""acceptortype"": ""O3"", ""dist"": ""3.28"", ""don_angle"": ""151.24"", ""don_idx"": ""14171"", ""donortype"": ""Cl"", ""id"": ""1"", ""ligcoo"": """", ""protcoo"": """", ""reschain"": ""E"", ""reschain_lig"": ""Z"", ""resnr"": ""192"", ""resnr_lig"": ""1"", ""restype"": ""ASP"", ""restype_lig"": ""LIG"", ""sidechain"": ""True""}",lormetazepam/alpha2/2026091901/pose_08/report.xml,f71a8f6c3013c106401f7a10dc8334b2f657650362db1da461fd1d8e37ebf2b6
lormetazepam,alpha2,2026091901,9,2026091901:9,hydrophobic_interaction,D,102,ASN,"{""dist"": ""3.63"", ""id"": ""1"", ""ligcarbonidx"": ""14169"", ""ligcoo"": """", ""protcarbonidx"": ""3474"", ""protcoo"": """", ""reschain"": ""D"", ""reschain_lig"": ""Z"", ""resnr"": ""102"", ""resnr_lig"": ""1"", ""restype"": ""ASN"", ""restype_lig"": ""LIG""}",lormetazepam/alpha2/2026091901/pose_09/report.xml,b8fe0d8c102acacf92e63b568250bee3c1a4b0fa6060230845d84d0825bb5c7d
lormetazepam,alpha2,2026091901,9,2026091901:9,hydrogen_bond,E,58,TYR,"{""acceptoridx"": ""5641"", ""acceptortype"": ""O2"", ""dist_d-a"": ""2.93"", ""dist_h-a"": ""2.11"", ""don_angle"": ""140.50"", ""donoridx"": ""14162"", ""donortype"": ""O3"", ""id"": ""1"", ""ligcoo"": """", ""protcoo"": """", ""protisdon"": ""False"", ""reschain"": ""E"", ""reschain_lig"": ""Z"", ""resnr"": ""58"", ""resnr_lig"": ""1"", ""restype"": ""TYR"", ""restype_lig"": ""LIG"", ""sidechain"": ""True""}",lormetazepam/alpha2/2026091901/pose_09/report.xml,b8fe0d8c102acacf92e63b568250bee3c1a4b0fa6060230845d84d0825bb5c7d
lormetazepam,alpha2,2026091902,1,2026091902:1,hydrophobic_interaction,E,58,TYR,"{""dist"": ""3.38"", ""id"": ""1"", ""ligcarbonidx"": ""14167"", ""ligcoo"": """", ""protcarbonidx"": ""5639"", ""protcoo"": """", ""reschain"": ""E"", ""reschain_lig"": ""Z"", ""resnr"": ""58"", ""resnr_lig"": ""1"", ""restype"": ""TYR"", ""restype_lig"": ""LIG""}",lormetazepam/alpha2/2026091902/pose_01/report.xml,e892c99e61a9d5e03b90b3f34c7441b774dbf050b51e3109b479344dfffc568d
lormetazepam,alpha2,2026091902,1,2026091902:1,hydrophobic_interaction,E,60,ASN,"{""dist"": ""3.57"", ""id"": ""2"", ""ligcarbonidx"": ""14173"", ""ligcoo"": """", ""protcarbonidx"": ""5653"", ""protcoo"": """", ""reschain"": ""E"", ""reschain_lig"": ""Z"", ""resnr"": ""60"", ""resnr_lig"": ""1"", ""restype"": ""ASN"", ""restype_lig"": ""LIG""}",lormetazepam/alpha2/2026091902/pose_01/report.xml,e892c99e61a9d5e03b90b3f34c7441b774dbf050b51e3109b479344dfffc568d
lormetazepam,alpha2,2026091902,1,2026091902:1,halogen_bond,E,75,ASP,"{""acc_angle"": ""124.30"", ""acc_idx"": ""5769"", ""acceptortype"": ""O2"", ""dist"": ""3.45"", ""don_angle"": ""148.33"", ""don_idx"": ""14175"", ""donortype"": ""Cl"", ""id"": ""1"", ""ligcoo"": """", ""protcoo"": """", ""reschain"": ""E"", ""reschain_lig"": ""Z"", ""resnr"": ""75"", ""resnr_lig"": ""1"", ""restype"": ""ASP"", ""restype_lig"": ""LIG"", ""sidechain"": ""True""}",lormetazepam/alpha2/2026091902/pose_01/report.xml,e892c99e61a9d5e03b90b3f34c7441b774dbf050b51e3109b479344dfffc568d
lormetazepam,alpha2,2026091902,2,2026091902:2,hydrophobic_interaction,D,102,ASN,"{""dist"": ""3.59"", ""id"": ""1"", ""ligcarbonidx"": ""14167"", ""ligcoo"": """", ""protcarbonidx"": ""3474"", ""protcoo"": """", ""reschain"": ""D"", ""reschain_lig"": ""Z"", ""resnr"": ""102"", ""resnr_lig"": ""1"", ""restype"": ""ASN"", ""restype_lig"": ""LIG""}",lormetazepam/alpha2/2026091902/pose_02/report.xml,bcff1687a4474ba1ccc52d9e781981a26af9edd97cb64aed0151d01a40166933
lormetazepam,alpha2,2026091902,2,2026091902:2,hydrophobic_interaction,D,155,LYS,"{""dist"": ""3.60"", ""id"": ""2"", ""ligcarbonidx"": ""14167"", ""ligcoo"": """", ""protcarbonidx"": ""3891"", ""protcoo"": """", ""reschain"": ""D"", ""reschain_lig"": ""Z"", ""resnr"": ""155"", ""resnr_lig"": ""1"", ""restype"": ""LYS"", ""restype_lig"": ""LIG""}",lormetazepam/alpha2/2026091902/pose_02/report.xml,bcff1687a4474ba1ccc52d9e781981a26af9edd97cb64aed0151d01a40166933
lormetazepam,alpha2,2026091902,2,2026091902:2,hydrogen_bond,E,60,ASN,"{""acceptoridx"": ""5655"", ""acceptortype"": ""O2"", ""dist_d-a"": ""3.90"", ""dist_h-a"": ""2.98"", ""don_angle"": ""158.49"", ""donoridx"": ""14162"", ""donortype"": ""O3"", ""id"": ""1"", ""ligcoo"": """", ""protcoo"": """", ""protisdon"": ""False"", ""reschain"": ""E"", ""reschain_lig"": ""Z"", ""resnr"": ""60"", ""resnr_lig"": ""1"", ""restype"": ""ASN"", ""restype_lig"": ""LIG"", ""sidechain"": ""True""}",lormetazepam/alpha2/2026091902/pose_02/report.xml,bcff1687a4474ba1ccc52d9e781981a26af9edd97cb64aed0151d01a40166933
lormetazepam,alpha2,2026091902,2,2026091902:2,halogen_bond,E,195,SER,"{""acc_angle"": ""112.95"", ""acc_idx"": ""6784"", ""acceptortype"": ""O2"", ""dist"": ""3.89"", ""don_angle"": ""139.99"", ""don_idx"": ""14171"", ""donortype"": ""Cl"", ""id"": ""1"", ""ligcoo"": """", ""protcoo"": """", ""reschain"": ""E"", ""reschain_lig"": ""Z"", ""resnr"": ""195"", ""resnr_lig"": ""1"", ""restype"": ""SER"", ""restype_lig"": ""LIG"", ""sidechain"": ""False""}",lormetazepam/alpha2/2026091902/pose_02/report.xml,bcff1687a4474ba1ccc52d9e781981a26af9edd97cb64aed0151d01a40166933
lormetazepam,alpha2,2026091902,3,2026091902:3,hydrophobic_interaction,E,77,PHE,"{""dist"": ""3.55"", ""id"": ""1"", ""ligcarbonidx"": ""14167"", ""ligcoo"": """", ""protcarbonidx"": ""5788"", ""protcoo"": """", ""reschain"": ""E"", ""reschain_lig"": ""Z"", ""resnr"": ""77"", ""resnr_lig"": ""1"", ""restype"": ""PHE"", ""restype_lig"": ""LIG""}",lormetazepam/alpha2/2026091902/pose_03/report.xml,a3868cf73c6eb0a13dff2bb2a03faa6c40db84c51adac6fe72b02e29c3fbb5ea
lormetazepam,alpha2,2026091902,3,2026091902:3,hydrophobic_interaction,E,77,PHE,"{""dist"": ""3.55"", ""id"": ""2"", ""ligcarbonidx"": ""14168"", ""ligcoo"": """", ""protcarbonidx"": ""5787"", ""protcoo"": """", ""reschain"": ""E"", ""reschain_lig"": ""Z"", ""resnr"": ""77"", ""resnr_lig"": ""1"", ""restype"": ""PHE"", ""restype_lig"": ""LIG""}",lormetazepam/alpha2/2026091902/pose_03/report.xml,a3868cf73c6eb0a13dff2bb2a03faa6c40db84c51adac6fe72b02e29c3fbb5ea
lormetazepam,alpha2,2026091902,3,2026091902:3,hydrophobic_interaction,D,155,LYS,"{""dist"": ""3.88"", ""id"": ""3"", ""ligcarbonidx"": ""14176"", ""ligcoo"": """", ""protcarbonidx"": ""3891"", ""protcoo"": """", ""reschain"": ""D"", ""reschain_lig"": ""Z"", ""resnr"": ""155"", ""resnr_lig"": ""1"", ""restype"": ""LYS"", ""restype_lig"": ""LIG""}",lormetazepam/alpha2/2026091902/pose_03/report.xml,a3868cf73c6eb0a13dff2bb2a03faa6c40db84c51adac6fe72b02e29c3fbb5ea
lormetazepam,alpha2,2026091902,3,2026091902:3,hydrogen_bond,E,60,ASN,"{""acceptoridx"": ""5652"", ""acceptortype"": ""O2"", ""dist_d-a"": ""3.03"", ""dist_h-a"": ""2.25"", ""don_angle"": ""136.44"", ""donoridx"": ""14162"", ""donortype"": ""O3"", ""id"": ""1"", ""ligcoo"": """", ""protcoo"": """", ""protisdon"": ""False"", ""reschain"": ""E"", ""reschain_lig"": ""Z"", ""resnr"": ""60"", ""resnr_lig"": ""1"", ""restype"": ""ASN"", ""restype_lig"": ""LIG"", ""sidechain"": ""False""}",lormetazepam/alpha2/2026091902/pose_03/report.xml,a3868cf73c6eb0a13dff2bb2a03faa6c40db84c51adac6fe72b02e29c3fbb5ea
lormetazepam,alpha2,2026091902,4,2026091902:4,hydrophobic_interaction,E,58,TYR,"{""dist"": ""3.80"", ""id"": ""1"", ""ligcarbonidx"": ""14173"", ""ligcoo"": """", ""protcarbonidx"": ""5639"", ""protcoo"": """", ""reschain"": ""E"", ""reschain_lig"": ""Z"", ""resnr"": ""58"", ""resnr_lig"": ""1"", ""restype"": ""TYR"", ""restype_lig"": ""LIG""}",lormetazepam/alpha2/2026091902/pose_04/report.xml,b4687b5cd7c6ba97f78661762aefd7847b53d869f0fc462e11e16117ea2a6240
lormetazepam,alpha2,2026091902,4,2026091902:4,hydrophobic_interaction,E,77,PHE,"{""dist"": ""3.41"", ""id"": ""2"", ""ligcarbonidx"": ""14176"", ""ligcoo"": """", ""protcarbonidx"": ""5787"", ""protcoo"": """", ""reschain"": ""E"", ""reschain_lig"": ""Z"", ""resnr"": ""77"", ""resnr_lig"": ""1"", ""restype"": ""PHE"", ""restype_lig"": ""LIG""}",lormetazepam/alpha2/2026091902/pose_04/report.xml,b4687b5cd7c6ba97f78661762aefd7847b53d869f0fc462e11e16117ea2a6240
lormetazepam,alpha2,2026091902,4,2026091902:4,hydrophobic_interaction,D,202,ILE,"{""dist"": ""3.46"", ""id"": ""3"", ""ligcarbonidx"": ""14169"", ""ligcoo"": """", ""protcarbonidx"": ""4261"", ""protcoo"": """", ""reschain"": ""D"", ""reschain_lig"": ""Z"", ""resnr"": ""202"", ""resnr_lig"": ""1"", ""restype"": ""ILE"", ""restype_lig"": ""LIG""}",lormetazepam/alpha2/2026091902/pose_04/report.xml,b4687b5cd7c6ba97f78661762aefd7847b53d869f0fc462e11e16117ea2a6240
lormetazepam,alpha2,2026091902,4,2026091902:4,hydrogen_bond,E,59,VAL,"{""acceptoridx"": ""5645"", ""acceptortype"": ""O2"", ""dist_d-a"": ""3.78"", ""dist_h-a"": ""3.19"", ""don_angle"": ""120.87"", ""donoridx"": ""14162"", ""donortype"": ""O3"", ""id"": ""1"", ""ligcoo"": """", ""protcoo"": """", ""protisdon"": ""False"", ""reschain"": ""E"", ""reschain_lig"": ""Z"", ""resnr"": ""59"", ""resnr_lig"": ""1"", ""restype"": ""VAL"", ""restype_lig"": ""LIG"", ""sidechain"": ""False""}",lormetazepam/alpha2/2026091902/pose_04/report.xml,b4687b5cd7c6ba97f78661762aefd7847b53d869f0fc462e11e16117ea2a6240
lormetazepam,alpha2,2026091902,5,2026091902:5,hydrophobic_interaction,D,102,ASN,"{""dist"": ""3.70"", ""id"": ""1"", ""ligcarbonidx"": ""14166"", ""ligcoo"": """", ""protcarbonidx"": ""3474"", ""protcoo"": """", ""reschain"": ""D"", ""reschain_lig"": ""Z"", ""resnr"": ""102"", ""resnr_lig"": ""1"", ""restype"": ""ASN"", ""restype_lig"": ""LIG""}",lormetazepam/alpha2/2026091902/pose_05/report.xml,5e873e2b01115682451729c9096f7b8193bcc937353314a1ded1f8982f9adc0d
lormetazepam,alpha2,2026091902,5,2026091902:5,hydrophobic_interaction,D,153,PRO,"{""dist"": ""3.82"", ""id"": ""2"", ""ligcarbonidx"": ""14167"", ""ligcoo"": """", ""protcarbonidx"": ""3875"", ""protcoo"": """", ""reschain"": ""D"", ""reschain_lig"": ""Z"", ""resnr"": ""153"", ""resnr_lig"": ""1"", ""restype"": ""PRO"", ""restype_lig"": ""LIG""}",lormetazepam/alpha2/2026091902/pose_05/report.xml,5e873e2b01115682451729c9096f7b8193bcc937353314a1ded1f8982f9adc0d
lormetazepam,alpha2,2026091902,5,2026091902:5,hydrophobic_interaction,D,155,LYS,"{""dist"": ""3.72"", ""id"": ""3"", ""ligcarbonidx"": ""14167"", ""ligcoo"": """", ""protcarbonidx"": ""3891"", ""protcoo"": """", ""reschain"": ""D"", ""reschain_lig"": ""Z"", ""resnr"": ""155"", ""resnr_lig"": ""1"", ""restype"": ""LYS"", ""restype_lig"": ""LIG""}",lormetazepam/alpha2/2026091902/pose_05/report.xml,5e873e2b01115682451729c9096f7b8193bcc937353314a1ded1f8982f9adc0d
lormetazepam,alpha2,2026091902,5,2026091902:5,hydrogen_bond,E,192,ASP,"{""acceptoridx"": ""6761"", ""acceptortype"": ""O3"", ""dist_d-a"": ""4.09"", ""dist_h-a"": ""3.34"", ""don_angle"": ""135.48"", ""donoridx"": ""14162"", ""donortype"": ""O3"", ""id"": ""1"", ""ligcoo"": """", ""protcoo"": """", ""protisdon"": ""False"", ""reschain"": ""E"", ""reschain_lig"": ""Z"", ""resnr"": ""192"", ""resnr_lig"": ""1"", ""restype"": ""ASP"", ""restype_lig"": ""LIG"", ""sidechain"": ""True""}",lormetazepam/alpha2/2026091902/pose_05/report.xml,5e873e2b01115682451729c9096f7b8193bcc937353314a1ded1f8982f9adc0d
lormetazepam,alpha2,2026091902,6,2026091902:6,hydrophobic_interaction,E,77,PHE,"{""dist"": ""3.76"", ""id"": ""1"", ""ligcarbonidx"": ""14168"", ""ligcoo"": """", ""protcarbonidx"": ""5787"", ""protcoo"": """", ""reschain"": ""E"", ""reschain_lig"": ""Z"", ""resnr"": ""77"", ""resnr_lig"": ""1"", ""restype"": ""PHE"", ""restype_lig"": ""LIG""}",lormetazepam/alpha2/2026091902/pose_06/report.xml,eb9e00f452a854188fd88f820e7acadb3b9cb39b70ecede4c27fc3bb0e8f5fb6
lormetazepam,alpha2,2026091902,6,2026091902:6,hydrogen_bond,E,192,ASP,"{""acceptoridx"": ""6762"", ""acceptortype"": ""O2"", ""dist_d-a"": ""3.55"", ""dist_h-a"": ""2.58"", ""don_angle"": ""173.92"", ""donoridx"": ""14162"", ""donortype"": ""O3"", ""id"": ""1"", ""ligcoo"": """", ""protcoo"": """", ""protisdon"": ""False"", ""reschain"": ""E"", ""reschain_lig"": ""Z"", ""resnr"": ""192"", ""resnr_lig"": ""1"", ""restype"": ""ASP"", ""restype_lig"": ""LIG"", ""sidechain"": ""True""}",lormetazepam/alpha2/2026091902/pose_06/report.xml,eb9e00f452a854188fd88f820e7acadb3b9cb39b70ecede4c27fc3bb0e8f5fb6
lormetazepam,alpha2,2026091902,7,2026091902:7,hydrophobic_interaction,E,60,ASN,"{""dist"": ""3.92"", ""id"": ""1"", ""ligcarbonidx"": ""14177"", ""ligcoo"": """", ""protcarbonidx"": ""5653"", ""protcoo"": """", ""reschain"": ""E"", ""reschain_lig"": ""Z"", ""resnr"": ""60"", ""resnr_lig"": ""1"", ""restype"": ""ASN"", ""restype_lig"": ""LIG""}",lormetazepam/alpha2/2026091902/pose_07/report.xml,d94894d9415cb42d630720efd52cec36d624471ecbb3d6758898532c661c4d38
lormetazepam,alpha2,2026091902,7,2026091902:7,hydrophobic_interaction,D,202,ILE,"{""dist"": ""3.63"", ""id"": ""2"", ""ligcarbonidx"": ""14168"", ""ligcoo"": """", ""protcarbonidx"": ""4261"", ""protcoo"": """", ""reschain"": ""D"", ""reschain_lig"": ""Z"", ""resnr"": ""202"", ""resnr_lig"": ""1"", ""restype"": ""ILE"", ""restype_lig"": ""LIG""}",lormetazepam/alpha2/2026091902/pose_07/report.xml,d94894d9415cb42d630720efd52cec36d624471ecbb3d6758898532c661c4d38
lormetazepam,alpha2,2026091902,8,2026091902:8,hydrophobic_interaction,E,77,PHE,"{""dist"": ""3.98"", ""id"": ""1"", ""ligcarbonidx"": ""14176"", ""ligcoo"": """", ""protcarbonidx"": ""5787"", ""protcoo"": """", ""reschain"": ""E"", ""reschain_lig"": ""Z"", ""resnr"": ""77"", ""resnr_lig"": ""1"", ""restype"": ""PHE"", ""restype_lig"": ""LIG""}",lormetazepam/alpha2/2026091902/pose_08/report.xml,3ecb9db95e237c7762537455279960feeaaeb3904611e062ea4c02f50f47ed4d
lormetazepam,alpha2,2026091902,8,2026091902:8,hydrophobic_interaction,D,202,ILE,"{""dist"": ""3.53"", ""id"": ""2"", ""ligcarbonidx"": ""14167"", ""ligcoo"": """", ""protcarbonidx"": ""4261"", ""protcoo"": """", ""reschain"": ""D"", ""reschain_lig"": ""Z"", ""resnr"": ""202"", ""resnr_lig"": ""1"", ""restype"": ""ILE"", ""restype_lig"": ""LIG""}",lormetazepam/alpha2/2026091902/pose_08/report.xml,3ecb9db95e237c7762537455279960feeaaeb3904611e062ea4c02f50f47ed4d
lormetazepam,alpha2,2026091902,8,2026091902:8,halogen_bond,E,191,GLY,"{""acc_angle"": ""93.48"", ""acc_idx"": ""6754"", ""acceptortype"": ""O2"", ""dist"": ""3.59"", ""don_angle"": ""141.05"", ""don_idx"": ""14171"", ""donortype"": ""Cl"", ""id"": ""1"", ""ligcoo"": """", ""protcoo"": """", ""reschain"": ""E"", ""reschain_lig"": ""Z"", ""resnr"": ""191"", ""resnr_lig"": ""1"", ""restype"": ""GLY"", ""restype_lig"": ""LIG"", ""sidechain"": ""False""}",lormetazepam/alpha2/2026091902/pose_08/report.xml,3ecb9db95e237c7762537455279960feeaaeb3904611e062ea4c02f50f47ed4d
lormetazepam,alpha2,2026091902,9,2026091902:9,hydrogen_bond,D,101,HIS,"{""acceptoridx"": ""3463"", ""acceptortype"": ""O2"", ""dist_d-a"": ""2.77"", ""dist_h-a"": ""1.88"", ""don_angle"": ""150.22"", ""donoridx"": ""14162"", ""donortype"": ""O3"", ""id"": ""1"", ""ligcoo"": """", ""protcoo"": """", ""protisdon"": ""False"", ""reschain"": ""D"", ""reschain_lig"": ""Z"", ""resnr"": ""101"", ""resnr_lig"": ""1"", ""restype"": ""HIS"", ""restype_lig"": ""LIG"", ""sidechain"": ""False""}",lormetazepam/alpha2/2026091902/pose_09/report.xml,b1f1f7e47466585b9162316fb3c7e8264900cc1bfd5c99604cca9c40561b181e
lormetazepam,alpha2,2026091902,9,2026091902:9,halogen_bond,E,192,ASP,"{""acc_angle"": ""98.99"", ""acc_idx"": ""6761"", ""acceptortype"": ""O3"", ""dist"": ""3.41"", ""don_angle"": ""154.70"", ""don_idx"": ""14171"", ""donortype"": ""Cl"", ""id"": ""1"", ""ligcoo"": """", ""protcoo"": """", ""reschain"": ""E"", ""reschain_lig"": ""Z"", ""resnr"": ""192"", ""resnr_lig"": ""1"", ""restype"": ""ASP"", ""restype_lig"": ""LIG"", ""sidechain"": ""True""}",lormetazepam/alpha2/2026091902/pose_09/report.xml,b1f1f7e47466585b9162316fb3c7e8264900cc1bfd5c99604cca9c40561b181e
lormetazepam,alpha2,2026091903,1,2026091903:1,hydrophobic_interaction,E,58,TYR,"{""dist"": ""3.42"", ""id"": ""1"", ""ligcarbonidx"": ""14167"", ""ligcoo"": """", ""protcarbonidx"": ""5639"", ""protcoo"": """", ""reschain"": ""E"", ""reschain_lig"": ""Z"", ""resnr"": ""58"", ""resnr_lig"": ""1"", ""restype"": ""TYR"", ""restype_lig"": ""LIG""}",lormetazepam/alpha2/2026091903/pose_01/report.xml,a9e4356972d1b0119d53ebcaae5565948ee2c93b3367ee49e6a0ca36308b9581
lormetazepam,alpha2,2026091903,1,2026091903:1,hydrophobic_interaction,E,60,ASN,"{""dist"": ""3.58"", ""id"": ""2"", ""ligcarbonidx"": ""14173"", ""ligcoo"": """", ""protcarbonidx"": ""5653"", ""protcoo"": """", ""reschain"": ""E"", ""reschain_lig"": ""Z"", ""resnr"": ""60"", ""resnr_lig"": ""1"", ""restype"": ""ASN"", ""restype_lig"": ""LIG""}",lormetazepam/alpha2/2026091903/pose_01/report.xml,a9e4356972d1b0119d53ebcaae5565948ee2c93b3367ee49e6a0ca36308b9581
lormetazepam,alpha2,2026091903,1,2026091903:1,hydrophobic_interaction,E,77,PHE,"{""dist"": ""3.96"", ""id"": ""3"", ""ligcarbonidx"": ""14167"", ""ligcoo"": """", ""protcarbonidx"": ""5787"", ""protcoo"": """", ""reschain"": ""E"", ""reschain_lig"": ""Z"", ""resnr"": ""77"", ""resnr_lig"": ""1"", ""restype"": ""PHE"", ""restype_lig"": ""LIG""}",lormetazepam/alpha2/2026091903/pose_01/report.xml,a9e4356972d1b0119d53ebcaae5565948ee2c93b3367ee49e6a0ca36308b9581
lormetazepam,alpha2,2026091903,1,2026091903:1,hydrogen_bond,E,195,SER,"{""acceptoridx"": ""6786"", ""acceptortype"": ""O3"", ""dist_d-a"": ""3.23"", ""dist_h-a"": ""2.90"", ""don_angle"": ""101.13"", ""donoridx"": ""14162"", ""donortype"": ""O3"", ""id"": ""1"", ""ligcoo"": """", ""protcoo"": """", ""protisdon"": ""False"", ""reschain"": ""E"", ""reschain_lig"": ""Z"", ""resnr"": ""195"", ""resnr_lig"": ""1"", ""restype"": ""SER"", ""restype_lig"": ""LIG"", ""sidechain"": ""True""}",lormetazepam/alpha2/2026091903/pose_01/report.xml,a9e4356972d1b0119d53ebcaae5565948ee2c93b3367ee49e6a0ca36308b9581
lormetazepam,alpha2,2026091903,1,2026091903:1,halogen_bond,E,75,ASP,"{""acc_angle"": ""125.50"", ""acc_idx"": ""5769"", ""acceptortype"": ""O2"", ""dist"": ""3.41"", ""don_angle"": ""150.14"", ""don_idx"": ""14175"", ""donortype"": ""Cl"", ""id"": ""1"", ""ligcoo"": """", ""protcoo"": """", ""reschain"": ""E"", ""reschain_lig"": ""Z"", ""resnr"": ""75"", ""resnr_lig"": ""1"", ""restype"": ""ASP"", ""restype_lig"": ""LIG"", ""sidechain"": ""True""}",lormetazepam/alpha2/2026091903/pose_01/report.xml,a9e4356972d1b0119d53ebcaae5565948ee2c93b3367ee49e6a0ca36308b9581
lormetazepam,alpha2,2026091903,2,2026091903:2,hydrophobic_interaction,E,60,ASN,"{""dist"": ""3.56"", ""id"": ""1"", ""ligcarbonidx"": ""14169"", ""ligcoo"": """", ""protcarbonidx"": ""5653"", ""protcoo"": """", ""reschain"": ""E"", ""reschain_lig"": ""Z"", ""resnr"": ""60"", ""resnr_lig"": ""1"", ""restype"": ""ASN"", ""restype_lig"": ""LIG""}",lormetazepam/alpha2/2026091903/pose_02/report.xml,f6440a5e3a43a72527a0f729d99c41aefe6b72408ec2355a6439cf9ce0824784
lormetazepam,alpha2,2026091903,2,2026091903:2,hydrophobic_interaction,D,155,LYS,"{""dist"": ""3.62"", ""id"": ""2"", ""ligcarbonidx"": ""14176"", ""ligcoo"": """", ""protcarbonidx"": ""3891"", ""protcoo"": """", ""reschain"": ""D"", ""reschain_lig"": ""Z"", ""resnr"": ""155"", ""resnr_lig"": ""1"", ""restype"": ""LYS"", ""restype_lig"": ""LIG""}",lormetazepam/alpha2/2026091903/pose_02/report.xml,f6440a5e3a43a72527a0f729d99c41aefe6b72408ec2355a6439cf9ce0824784
lormetazepam,alpha2,2026091903,2,2026091903:2,hydrogen_bond,E,195,SER,"{""acceptoridx"": ""6786"", ""acceptortype"": ""O3"", ""dist_d-a"": ""3.15"", ""dist_h-a"": ""2.47"", ""don_angle"": ""127.09"", ""donoridx"": ""14162"", ""donortype"": ""O3"", ""id"": ""1"", ""ligcoo"": """", ""protcoo"": """", ""protisdon"": ""False"", ""reschain"": ""E"", ""reschain_lig"": ""Z"", ""resnr"": ""195"", ""resnr_lig"": ""1"", ""restype"": ""SER"", ""restype_lig"": ""LIG"", ""sidechain"": ""True""}",lormetazepam/alpha2/2026091903/pose_02/report.xml,f6440a5e3a43a72527a0f729d99c41aefe6b72408ec2355a6439cf9ce0824784
lormetazepam,alpha2,2026091903,2,2026091903:2,halogen_bond,D,102,ASN,"{""acc_angle"": ""92.43"", ""acc_idx"": ""3477"", ""acceptortype"": ""Nam"", ""dist"": ""3.87"", ""don_angle"": ""143.76"", ""don_idx"": ""14175"", ""donortype"": ""Cl"", ""id"": ""1"", ""ligcoo"": """", ""protcoo"": """", ""reschain"": ""D"", ""reschain_lig"": ""Z"", ""resnr"": ""102"", ""resnr_lig"": ""1"", ""restype"": ""ASN"", ""restype_lig"": ""LIG"", ""sidechain"": ""True""}",lormetazepam/alpha2/2026091903/pose_02/report.xml,f6440a5e3a43a72527a0f729d99c41aefe6b72408ec2355a6439cf9ce0824784
lormetazepam,alpha2,2026091903,3,2026091903:3,hydrophobic_interaction,E,58,TYR,"{""dist"": ""3.75"", ""id"": ""1"", ""ligcarbonidx"": ""14173"", ""ligcoo"": """", ""protcarbonidx"": ""5639"", ""protcoo"": """", ""reschain"": ""E"", ""reschain_lig"": ""Z"", ""resnr"": ""58"", ""resnr_lig"": ""1"", ""restype"": ""TYR"", ""restype_lig"": ""LIG""}",lormetazepam/alpha2/2026091903/pose_03/report.xml,6fa10cb751cd31b01efb898722be06127505017776fb872c671c3393b0a2876d
lormetazepam,alpha2,2026091903,3,2026091903:3,hydrophobic_interaction,E,77,PHE,"{""dist"": ""3.39"", ""id"": ""2"", ""ligcarbonidx"": ""14176"", ""ligcoo"": """", ""protcarbonidx"": ""5787"", ""protcoo"": """", ""reschain"": ""E"", ""reschain_lig"": ""Z"", ""resnr"": ""77"", ""resnr_lig"": ""1"", ""restype"": ""PHE"", ""restype_lig"": ""LIG""}",lormetazepam/alpha2/2026091903/pose_03/report.xml,6fa10cb751cd31b01efb898722be06127505017776fb872c671c3393b0a2876d
lormetazepam,alpha2,2026091903,3,2026091903:3,hydrophobic_interaction,D,202,ILE,"{""dist"": ""3.52"", ""id"": ""3"", ""ligcarbonidx"": ""14169"", ""ligcoo"": """", ""protcarbonidx"": ""4261"", ""protcoo"": """", ""reschain"": ""D"", ""reschain_lig"": ""Z"", ""resnr"": ""202"", ""resnr_lig"": ""1"", ""restype"": ""ILE"", ""restype_lig"": ""LIG""}",lormetazepam/alpha2/2026091903/pose_03/report.xml,6fa10cb751cd31b01efb898722be06127505017776fb872c671c3393b0a2876d
lormetazepam,alpha2,2026091903,3,2026091903:3,hydrogen_bond,E,60,ASN,"{""acceptoridx"": ""5652"", ""acceptortype"": ""O2"", ""dist_d-a"": ""3.58"", ""dist_h-a"": ""2.77"", ""don_angle"": ""140.53"", ""donoridx"": ""14162"", ""donortype"": ""O3"", ""id"": ""1"", ""ligcoo"": """", ""protcoo"": """", ""protisdon"": ""False"", ""reschain"": ""E"", ""reschain_lig"": ""Z"", ""resnr"": ""60"", ""resnr_lig"": ""1"", ""restype"": ""ASN"", ""restype_lig"": ""LIG"", ""sidechain"": ""False""}",lormetazepam/alpha2/2026091903/pose_03/report.xml,6fa10cb751cd31b01efb898722be06127505017776fb872c671c3393b0a2876d
lormetazepam,alpha2,2026091903,4,2026091903:4,hydrophobic_interaction,D,102,ASN,"{""dist"": ""3.60"", ""id"": ""1"", ""ligcarbonidx"": ""14165"", ""ligcoo"": """", ""protcarbonidx"": ""3474"", ""protcoo"": """", ""reschain"": ""D"", ""reschain_lig"": ""Z"", ""resnr"": ""102"", ""resnr_lig"": ""1"", ""restype"": ""ASN"", ""restype_lig"": ""LIG""}",lormetazepam/alpha2/2026091903/pose_04/report.xml,9effe80cd486fc22cb0c5478411a2be21fbe06565d3741c82a4b58527074318f
lormetazepam,alpha2,2026091903,4,2026091903:4,hydrophobic_interaction,D,153,PRO,"{""dist"": ""3.69"", ""id"": ""2"", ""ligcarbonidx"": ""14168"", ""ligcoo"": """", ""protcarbonidx"": ""3875"", ""protcoo"": """", ""reschain"": ""D"", ""reschain_lig"": ""Z"", ""resnr"": ""153"", ""resnr_lig"": ""1"", ""restype"": ""PRO"", ""restype_lig"": ""LIG""}",lormetazepam/alpha2/2026091903/pose_04/report.xml,9effe80cd486fc22cb0c5478411a2be21fbe06565d3741c82a4b58527074318f
lormetazepam,alpha2,2026091903,4,2026091903:4,hydrophobic_interaction,D,155,LYS,"{""dist"": ""3.12"", ""id"": ""3"", ""ligcarbonidx"": ""14169"", ""ligcoo"": """", ""protcarbonidx"": ""3891"", ""protcoo"": """", ""reschain"": ""D"", ""reschain_lig"": ""Z"", ""resnr"": ""155"", ""resnr_lig"": ""1"", ""restype"": ""LYS"", ""restype_lig"": ""LIG""}",lormetazepam/alpha2/2026091903/pose_04/report.xml,9effe80cd486fc22cb0c5478411a2be21fbe06565d3741c82a4b58527074318f
lormetazepam,alpha2,2026091903,4,2026091903:4,hydrogen_bond,E,60,ASN,"{""acceptoridx"": ""14160"", ""acceptortype"": ""O2"", ""dist_d-a"": ""3.21"", ""dist_h-a"": ""2.73"", ""don_angle"": ""110.33"", ""donoridx"": ""5656"", ""donortype"": ""Nam"", ""id"": ""1"", ""ligcoo"": """", ""protcoo"": """", ""protisdon"": ""True"", ""reschain"": ""E"", ""reschain_lig"": ""Z"", ""resnr"": ""60"", ""resnr_lig"": ""1"", ""restype"": ""ASN"", ""restype_lig"": ""LIG"", ""sidechain"": ""True""}",lormetazepam/alpha2/2026091903/pose_04/report.xml,9effe80cd486fc22cb0c5478411a2be21fbe06565d3741c82a4b58527074318f
lormetazepam,alpha2,2026091903,4,2026091903:4,hydrogen_bond,E,61,SER,"{""acceptoridx"": ""14162"", ""acceptortype"": ""O3"", ""dist_d-a"": ""3.73"", ""dist_h-a"": ""3.42"", ""don_angle"": ""100.92"", ""donoridx"": ""5662"", ""donortype"": ""O3"", ""id"": ""2"", ""ligcoo"": """", ""protcoo"": """", ""protisdon"": ""True"", ""reschain"": ""E"", ""reschain_lig"": ""Z"", ""resnr"": ""61"", ""resnr_lig"": ""1"", ""restype"": ""SER"", ""restype_lig"": ""LIG"", ""sidechain"": ""True""}",lormetazepam/alpha2/2026091903/pose_04/report.xml,9effe80cd486fc22cb0c5478411a2be21fbe06565d3741c82a4b58527074318f
lormetazepam,alpha2,2026091903,4,2026091903:4,hydrogen_bond,E,61,SER,"{""acceptoridx"": ""5662"", ""acceptortype"": ""O3"", ""dist_d-a"": ""3.73"", ""dist_h-a"": ""2.88"", ""don_angle"": ""146.25"", ""donoridx"": ""14162"", ""donortype"": ""O3"", ""id"": ""3"", ""ligcoo"": """", ""protcoo"": """", ""protisdon"": ""False"", ""reschain"": ""E"", ""reschain_lig"": ""Z"", ""resnr"": ""61"", ""resnr_lig"": ""1"", ""restype"": ""SER"", ""restype_lig"": ""LIG"", ""sidechain"": ""True""}",lormetazepam/alpha2/2026091903/pose_04/report.xml,9effe80cd486fc22cb0c5478411a2be21fbe06565d3741c82a4b58527074318f
lormetazepam,alpha2,2026091903,5,2026091903:5,hydrophobic_interaction,E,77,PHE,"{""dist"": ""3.74"", ""id"": ""1"", ""ligcarbonidx"": ""14168"", ""ligcoo"": """", ""protcarbonidx"": ""5787"", ""protcoo"": """", ""reschain"": ""E"", ""reschain_lig"": ""Z"", ""resnr"": ""77"", ""resnr_lig"": ""1"", ""restype"": ""PHE"", ""restype_lig"": ""LIG""}",lormetazepam/alpha2/2026091903/pose_05/report.xml,1fc3bdb7260de359768e4cdf28819c339f820cf4111f65647f44fc8f375149e8
lormetazepam,alpha2,2026091903,5,2026091903:5,hydrogen_bond,E,60,ASN,"{""acceptoridx"": ""5652"", ""acceptortype"": ""O2"", ""dist_d-a"": ""3.88"", ""dist_h-a"": ""3.33"", ""don_angle"": ""117.82"", ""donoridx"": ""14162"", ""donortype"": ""O3"", ""id"": ""1"", ""ligcoo"": """", ""protcoo"": """", ""protisdon"": ""False"", ""reschain"": ""E"", ""reschain_lig"": ""Z"", ""resnr"": ""60"", ""resnr_lig"": ""1"", ""restype"": ""ASN"", ""restype_lig"": ""LIG"", ""sidechain"": ""False""}",lormetazepam/alpha2/2026091903/pose_05/report.xml,1fc3bdb7260de359768e4cdf28819c339f820cf4111f65647f44fc8f375149e8
lormetazepam,alpha2,2026091903,6,2026091903:6,hydrophobic_interaction,E,60,ASN,"{""dist"": ""3.96"", ""id"": ""1"", ""ligcarbonidx"": ""14177"", ""ligcoo"": """", ""protcarbonidx"": ""5653"", ""protcoo"": """", ""reschain"": ""E"", ""reschain_lig"": ""Z"", ""resnr"": ""60"", ""resnr_lig"": ""1"", ""restype"": ""ASN"", ""restype_lig"": ""LIG""}",lormetazepam/alpha2/2026091903/pose_06/report.xml,4d2ab9c826f21b060f6e0357846709850ce847325367468260c779c6db6d542f
lormetazepam,alpha2,2026091903,6,2026091903:6,hydrophobic_interaction,D,202,ILE,"{""dist"": ""3.60"", ""id"": ""2"", ""ligcarbonidx"": ""14168"", ""ligcoo"": """", ""protcarbonidx"": ""4261"", ""protcoo"": """", ""reschain"": ""D"", ""reschain_lig"": ""Z"", ""resnr"": ""202"", ""resnr_lig"": ""1"", ""restype"": ""ILE"", ""restype_lig"": ""LIG""}",lormetazepam/alpha2/2026091903/pose_06/report.xml,4d2ab9c826f21b060f6e0357846709850ce847325367468260c779c6db6d542f
lormetazepam,alpha2,2026091903,6,2026091903:6,hydrogen_bond,E,60,ASN,"{""acceptoridx"": ""5652"", ""acceptortype"": ""O2"", ""dist_d-a"": ""2.81"", ""dist_h-a"": ""1.84"", ""don_angle"": ""174.38"", ""donoridx"": ""14162"", ""donortype"": ""O3"", ""id"": ""1"", ""ligcoo"": """", ""protcoo"": """", ""protisdon"": ""False"", ""reschain"": ""E"", ""reschain_lig"": ""Z"", ""resnr"": ""60"", ""resnr_lig"": ""1"", ""restype"": ""ASN"", ""restype_lig"": ""LIG"", ""sidechain"": ""False""}",lormetazepam/alpha2/2026091903/pose_06/report.xml,4d2ab9c826f21b060f6e0357846709850ce847325367468260c779c6db6d542f
lormetazepam,alpha2,2026091903,7,2026091903:7,hydrophobic_interaction,E,58,TYR,"{""dist"": ""3.87"", ""id"": ""1"", ""ligcarbonidx"": ""14176"", ""ligcoo"": """", ""protcarbonidx"": ""5639"", ""protcoo"": """", ""reschain"": ""E"", ""reschain_lig"": ""Z"", ""resnr"": ""58"", ""resnr_lig"": ""1"", ""restype"": ""TYR"", ""restype_lig"": ""LIG""}",lormetazepam/alpha2/2026091903/pose_07/report.xml,cf6ee598438483cc003f605d8013b2fed437f6abd4d7a6f1656c929d290b1a38
lormetazepam,alpha2,2026091903,7,2026091903:7,hydrophobic_interaction,E,77,PHE,"{""dist"": ""3.82"", ""id"": ""2"", ""ligcarbonidx"": ""14177"", ""ligcoo"": """", ""protcarbonidx"": ""5787"", ""protcoo"": """", ""reschain"": ""E"", ""reschain_lig"": ""Z"", ""resnr"": ""77"", ""resnr_lig"": ""1"", ""restype"": ""PHE"", ""restype_lig"": ""LIG""}",lormetazepam/alpha2/2026091903/pose_07/report.xml,cf6ee598438483cc003f605d8013b2fed437f6abd4d7a6f1656c929d290b1a38
lormetazepam,alpha2,2026091903,7,2026091903:7,hydrophobic_interaction,D,202,ILE,"{""dist"": ""3.65"", ""id"": ""3"", ""ligcarbonidx"": ""14167"", ""ligcoo"": """", ""protcarbonidx"": ""4261"", ""protcoo"": """", ""reschain"": ""D"", ""reschain_lig"": ""Z"", ""resnr"": ""202"", ""resnr_lig"": ""1"", ""restype"": ""ILE"", ""restype_lig"": ""LIG""}",lormetazepam/alpha2/2026091903/pose_07/report.xml,cf6ee598438483cc003f605d8013b2fed437f6abd4d7a6f1656c929d290b1a38
lormetazepam,alpha2,2026091903,7,2026091903:7,hydrogen_bond,E,60,ASN,"{""acceptoridx"": ""5655"", ""acceptortype"": ""O2"", ""dist_d-a"": ""3.05"", ""dist_h-a"": ""2.61"", ""don_angle"": ""108.09"", ""donoridx"": ""14162"", ""donortype"": ""O3"", ""id"": ""1"", ""ligcoo"": """", ""protcoo"": """", ""protisdon"": ""False"", ""reschain"": ""E"", ""reschain_lig"": ""Z"", ""resnr"": ""60"", ""resnr_lig"": ""1"", ""restype"": ""ASN"", ""restype_lig"": ""LIG"", ""sidechain"": ""True""}",lormetazepam/alpha2/2026091903/pose_07/report.xml,cf6ee598438483cc003f605d8013b2fed437f6abd4d7a6f1656c929d290b1a38
lormetazepam,alpha2,2026091903,7,2026091903:7,halogen_bond,D,203,LYS,"{""acc_angle"": ""132.05"", ""acc_idx"": ""4265"", ""acceptortype"": ""O2"", ""dist"": ""3.31"", ""don_angle"": ""150.19"", ""don_idx"": ""14175"", ""donortype"": ""Cl"", ""id"": ""1"", ""ligcoo"": """", ""protcoo"": """", ""reschain"": ""D"", ""reschain_lig"": ""Z"", ""resnr"": ""203"", ""resnr_lig"": ""1"", ""restype"": ""LYS"", ""restype_lig"": ""LIG"", ""sidechain"": ""False""}",lormetazepam/alpha2/2026091903/pose_07/report.xml,cf6ee598438483cc003f605d8013b2fed437f6abd4d7a6f1656c929d290b1a38
lormetazepam,alpha2,2026091903,8,2026091903:8,hydrophobic_interaction,E,58,TYR,"{""dist"": ""3.23"", ""id"": ""1"", ""ligcarbonidx"": ""14169"", ""ligcoo"": """", ""protcarbonidx"": ""5639"", ""protcoo"": """", ""reschain"": ""E"", ""reschain_lig"": ""Z"", ""resnr"": ""58"", ""resnr_lig"": ""1"", ""restype"": ""TYR"", ""restype_lig"": ""LIG""}",lormetazepam/alpha2/2026091903/pose_08/report.xml,5a7179b43b6c5d8d86ad368fb38a060bd165d6ddbf100a61c2ec309b4861c759
lormetazepam,alpha2,2026091903,8,2026091903:8,hydrophobic_interaction,E,77,PHE,"{""dist"": ""3.64"", ""id"": ""2"", ""ligcarbonidx"": ""14168"", ""ligcoo"": """", ""protcarbonidx"": ""5787"", ""protcoo"": """", ""reschain"": ""E"", ""reschain_lig"": ""Z"", ""resnr"": ""77"", ""resnr_lig"": ""1"", ""restype"": ""PHE"", ""restype_lig"": ""LIG""}",lormetazepam/alpha2/2026091903/pose_08/report.xml,5a7179b43b6c5d8d86ad368fb38a060bd165d6ddbf100a61c2ec309b4861c759
lormetazepam,alpha2,2026091903,8,2026091903:8,hydrogen_bond,D,101,HIS,"{""acceptoridx"": ""3463"", ""acceptortype"": ""O2"", ""dist_d-a"": ""3.05"", ""dist_h-a"": ""2.68"", ""don_angle"": ""103.30"", ""donoridx"": ""14162"", ""donortype"": ""O3"", ""id"": ""1"", ""ligcoo"": """", ""protcoo"": """", ""protisdon"": ""False"", ""reschain"": ""D"", ""reschain_lig"": ""Z"", ""resnr"": ""101"", ""resnr_lig"": ""1"", ""restype"": ""HIS"", ""restype_lig"": ""LIG"", ""sidechain"": ""False""}",lormetazepam/alpha2/2026091903/pose_08/report.xml,5a7179b43b6c5d8d86ad368fb38a060bd165d6ddbf100a61c2ec309b4861c759
lormetazepam,alpha2,2026091903,9,2026091903:9,hydrogen_bond,E,61,SER,"{""acceptoridx"": ""14160"", ""acceptortype"": ""O2"", ""dist_d-a"": ""3.30"", ""dist_h-a"": ""2.99"", ""don_angle"": ""100.32"", ""donoridx"": ""5662"", ""donortype"": ""O3"", ""id"": ""1"", ""ligcoo"": """", ""protcoo"": """", ""protisdon"": ""True"", ""reschain"": ""E"", ""reschain_lig"": ""Z"", ""resnr"": ""61"", ""resnr_lig"": ""1"", ""restype"": ""SER"", ""restype_lig"": ""LIG"", ""sidechain"": ""True""}",lormetazepam/alpha2/2026091903/pose_09/report.xml,5ff6d18d577e500dfb6523b4651004e6a7ff4cb659f03660d1be1698621a34d3
lormetazepam,alpha2,2026091903,9,2026091903:9,hydrogen_bond,D,101,HIS,"{""acceptoridx"": ""3463"", ""acceptortype"": ""O2"", ""dist_d-a"": ""2.77"", ""dist_h-a"": ""1.82"", ""don_angle"": ""165.47"", ""donoridx"": ""14162"", ""donortype"": ""O3"", ""id"": ""2"", ""ligcoo"": """", ""protcoo"": """", ""protisdon"": ""False"", ""reschain"": ""D"", ""reschain_lig"": ""Z"", ""resnr"": ""101"", ""resnr_lig"": ""1"", ""restype"": ""HIS"", ""restype_lig"": ""LIG"", ""sidechain"": ""False""}",lormetazepam/alpha2/2026091903/pose_09/report.xml,5ff6d18d577e500dfb6523b4651004e6a7ff4cb659f03660d1be1698621a34d3
lormetazepam,alpha2,2026091903,9,2026091903:9,halogen_bond,E,192,ASP,"{""acc_angle"": ""99.72"", ""acc_idx"": ""6761"", ""acceptortype"": ""O3"", ""dist"": ""3.34"", ""don_angle"": ""153.37"", ""don_idx"": ""14171"", ""donortype"": ""Cl"", ""id"": ""1"", ""ligcoo"": """", ""protcoo"": """", ""reschain"": ""E"", ""reschain_lig"": ""Z"", ""resnr"": ""192"", ""resnr_lig"": ""1"", ""restype"": ""ASP"", ""restype_lig"": ""LIG"", ""sidechain"": ""True""}",lormetazepam/alpha2/2026091903/pose_09/report.xml,5ff6d18d577e500dfb6523b4651004e6a7ff4cb659f03660d1be1698621a34d3
lormetazepam,alpha2,2026091904,1,2026091904:1,hydrophobic_interaction,E,58,TYR,"{""dist"": ""3.37"", ""id"": ""1"", ""ligcarbonidx"": ""14167"", ""ligcoo"": """", ""protcarbonidx"": ""5639"", ""protcoo"": """", ""reschain"": ""E"", ""reschain_lig"": ""Z"", ""resnr"": ""58"", ""resnr_lig"": ""1"", ""restype"": ""TYR"", ""restype_lig"": ""LIG""}",lormetazepam/alpha2/2026091904/pose_01/report.xml,da332056b988270d205b6fddf223f7a0648cd88d9467f8d346fe9350286a11f5
lormetazepam,alpha2,2026091904,1,2026091904:1,hydrophobic_interaction,E,60,ASN,"{""dist"": ""3.54"", ""id"": ""2"", ""ligcarbonidx"": ""14173"", ""ligcoo"": """", ""protcarbonidx"": ""5653"", ""protcoo"": """", ""reschain"": ""E"", ""reschain_lig"": ""Z"", ""resnr"": ""60"", ""resnr_lig"": ""1"", ""restype"": ""ASN"", ""restype_lig"": ""LIG""}",lormetazepam/alpha2/2026091904/pose_01/report.xml,da332056b988270d205b6fddf223f7a0648cd88d9467f8d346fe9350286a11f5
lormetazepam,alpha2,2026091904,1,2026091904:1,hydrophobic_interaction,E,77,PHE,"{""dist"": ""3.98"", ""id"": ""3"", ""ligcarbonidx"": ""14167"", ""ligcoo"": """", ""protcarbonidx"": ""5787"", ""protcoo"": """", ""reschain"": ""E"", ""reschain_lig"": ""Z"", ""resnr"": ""77"", ""resnr_lig"": ""1"", ""restype"": ""PHE"", ""restype_lig"": ""LIG""}",lormetazepam/alpha2/2026091904/pose_01/report.xml,da332056b988270d205b6fddf223f7a0648cd88d9467f8d346fe9350286a11f5
lormetazepam,alpha2,2026091904,1,2026091904:1,hydrogen_bond,E,195,SER,"{""acceptoridx"": ""6786"", ""acceptortype"": ""O3"", ""dist_d-a"": ""3.24"", ""dist_h-a"": ""2.41"", ""don_angle"": ""142.45"", ""donoridx"": ""14162"", ""donortype"": ""O3"", ""id"": ""1"", ""ligcoo"": """", ""protcoo"": """", ""protisdon"": ""False"", ""reschain"": ""E"", ""reschain_lig"": ""Z"", ""resnr"": ""195"", ""resnr_lig"": ""1"", ""restype"": ""SER"", ""restype_lig"": ""LIG"", ""sidechain"": ""True""}",lormetazepam/alpha2/2026091904/pose_01/report.xml,da332056b988270d205b6fddf223f7a0648cd88d9467f8d346fe9350286a11f5
lormetazepam,alpha2,2026091904,1,2026091904:1,halogen_bond,E,75,ASP,"{""acc_angle"": ""124.72"", ""acc_idx"": ""5769"", ""acceptortype"": ""O2"", ""dist"": ""3.40"", ""don_angle"": ""149.57"", ""don_idx"": ""14175"", ""donortype"": ""Cl"", ""id"": ""1"", ""ligcoo"": """", ""protcoo"": """", ""reschain"": ""E"", ""reschain_lig"": ""Z"", ""resnr"": ""75"", ""resnr_lig"": ""1"", ""restype"": ""ASP"", ""restype_lig"": ""LIG"", ""sidechain"": ""True""}",lormetazepam/alpha2/2026091904/pose_01/report.xml,da332056b988270d205b6fddf223f7a0648cd88d9467f8d346fe9350286a11f5
lormetazepam,alpha2,2026091904,2,2026091904:2,hydrophobic_interaction,D,102,ASN,"{""dist"": ""3.68"", ""id"": ""1"", ""ligcarbonidx"": ""14167"", ""ligcoo"": """", ""protcarbonidx"": ""3474"", ""protcoo"": """", ""reschain"": ""D"", ""reschain_lig"": ""Z"", ""resnr"": ""102"", ""resnr_lig"": ""1"", ""restype"": ""ASN"", ""restype_lig"": ""LIG""}",lormetazepam/alpha2/2026091904/pose_02/report.xml,b6cfecb0b8076c8c80fc984c9d0d6189e704f9d337c83a82e803fce9e18991e6
lormetazepam,alpha2,2026091904,2,2026091904:2,hydrophobic_interaction,D,153,PRO,"{""dist"": ""3.97"", ""id"": ""2"", ""ligcarbonidx"": ""14168"", ""ligcoo"": """", ""protcarbonidx"": ""3875"", ""protcoo"": """", ""reschain"": ""D"", ""reschain_lig"": ""Z"", ""resnr"": ""153"", ""resnr_lig"": ""1"", ""restype"": ""PRO"", ""restype_lig"": ""LIG""}",lormetazepam/alpha2/2026091904/pose_02/report.xml,b6cfecb0b8076c8c80fc984c9d0d6189e704f9d337c83a82e803fce9e18991e6
lormetazepam,alpha2,2026091904,2,2026091904:2,hydrophobic_interaction,D,155,LYS,"{""dist"": ""3.41"", ""id"": ""3"", ""ligcarbonidx"": ""14167"", ""ligcoo"": """", ""protcarbonidx"": ""3891"", ""protcoo"": """", ""reschain"": ""D"", ""reschain_lig"": ""Z"", ""resnr"": ""155"", ""resnr_lig"": ""1"", ""restype"": ""LYS"", ""restype_lig"": ""LIG""}",lormetazepam/alpha2/2026091904/pose_02/report.xml,b6cfecb0b8076c8c80fc984c9d0d6189e704f9d337c83a82e803fce9e18991e6
lormetazepam,alpha2,2026091904,2,2026091904:2,hydrogen_bond,E,60,ASN,"{""acceptoridx"": ""5652"", ""acceptortype"": ""O2"", ""dist_d-a"": ""3.11"", ""dist_h-a"": ""2.43"", ""don_angle"": ""127.07"", ""donoridx"": ""14162"", ""donortype"": ""O3"", ""id"": ""1"", ""ligcoo"": """", ""protcoo"": """", ""protisdon"": ""False"", ""reschain"": ""E"", ""reschain_lig"": ""Z"", ""resnr"": ""60"", ""resnr_lig"": ""1"", ""restype"": ""ASN"", ""restype_lig"": ""LIG"", ""sidechain"": ""False""}",lormetazepam/alpha2/2026091904/pose_02/report.xml,b6cfecb0b8076c8c80fc984c9d0d6189e704f9d337c83a82e803fce9e18991e6
lormetazepam,alpha2,2026091904,2,2026091904:2,halogen_bond,E,195,SER,"{""acc_angle"": ""113.10"", ""acc_idx"": ""6784"", ""acceptortype"": ""O2"", ""dist"": ""3.95"", ""don_angle"": ""144.17"", ""don_idx"": ""14171"", ""donortype"": ""Cl"", ""id"": ""1"", ""ligcoo"": """", ""protcoo"": """", ""reschain"": ""E"", ""reschain_lig"": ""Z"", ""resnr"": ""195"", ""resnr_lig"": ""1"", ""restype"": ""SER"", ""restype_lig"": ""LIG"", ""sidechain"": ""False""}",lormetazepam/alpha2/2026091904/pose_02/report.xml,b6cfecb0b8076c8c80fc984c9d0d6189e704f9d337c83a82e803fce9e18991e6
lormetazepam,alpha2,2026091904,3,2026091904:3,hydrophobic_interaction,D,202,ILE,"{""dist"": ""3.37"", ""id"": ""1"", ""ligcarbonidx"": ""14169"", ""ligcoo"": """", ""protcarbonidx"": ""4261"", ""protcoo"": """", ""reschain"": ""D"", ""reschain_lig"": ""Z"", ""resnr"": ""202"", ""resnr_lig"": ""1"", ""restype"": ""ILE"", ""restype_lig"": ""LIG""}",lormetazepam/alpha2/2026091904/pose_03/report.xml,7d6f5b09433aa277981fdc9b16c3f9de8f7b771fc0197111bd4fd94c65d564e0
lormetazepam,alpha2,2026091904,3,2026091904:3,hydrophobic_interaction,D,202,ILE,"{""dist"": ""3.68"", ""id"": ""2"", ""ligcarbonidx"": ""14168"", ""ligcoo"": """", ""protcarbonidx"": ""4260"", ""protcoo"": """", ""reschain"": ""D"", ""reschain_lig"": ""Z"", ""resnr"": ""202"", ""resnr_lig"": ""1"", ""restype"": ""ILE"", ""restype_lig"": ""LIG""}",lormetazepam/alpha2/2026091904/pose_03/report.xml,7d6f5b09433aa277981fdc9b16c3f9de8f7b771fc0197111bd4fd94c65d564e0
lormetazepam,alpha2,2026091904,3,2026091904:3,hydrogen_bond,E,59,VAL,"{""acceptoridx"": ""5645"", ""acceptortype"": ""O2"", ""dist_d-a"": ""3.79"", ""dist_h-a"": ""2.99"", ""don_angle"": ""140.35"", ""donoridx"": ""14162"", ""donortype"": ""O3"", ""id"": ""1"", ""ligcoo"": """", ""protcoo"": """", ""protisdon"": ""False"", ""reschain"": ""E"", ""reschain_lig"": ""Z"", ""resnr"": ""59"", ""resnr_lig"": ""1"", ""restype"": ""VAL"", ""restype_lig"": ""LIG"", ""sidechain"": ""False""}",lormetazepam/alpha2/2026091904/pose_03/report.xml,7d6f5b09433aa277981fdc9b16c3f9de8f7b771fc0197111bd4fd94c65d564e0
lormetazepam,alpha2,2026091904,4,2026091904:4,hydrophobic_interaction,D,102,ASN,"{""dist"": ""3.56"", ""id"": ""1"", ""ligcarbonidx"": ""14166"", ""ligcoo"": """", ""protcarbonidx"": ""3474"", ""protcoo"": """", ""reschain"": ""D"", ""reschain_lig"": ""Z"", ""resnr"": ""102"", ""resnr_lig"": ""1"", ""restype"": ""ASN"", ""restype_lig"": ""LIG""}",lormetazepam/alpha2/2026091904/pose_04/report.xml,f059bd8df953a991a1ea76cc46e07f9dd582844419109cce882d7db0ccc441fa
lormetazepam,alpha2,2026091904,4,2026091904:4,hydrophobic_interaction,D,153,PRO,"{""dist"": ""3.87"", ""id"": ""2"", ""ligcarbonidx"": ""14168"", ""ligcoo"": """", ""protcarbonidx"": ""3875"", ""protcoo"": """", ""reschain"": ""D"", ""reschain_lig"": ""Z"", ""resnr"": ""153"", ""resnr_lig"": ""1"", ""restype"": ""PRO"", ""restype_lig"": ""LIG""}",lormetazepam/alpha2/2026091904/pose_04/report.xml,f059bd8df953a991a1ea76cc46e07f9dd582844419109cce882d7db0ccc441fa
lormetazepam,alpha2,2026091904,4,2026091904:4,hydrophobic_interaction,D,155,LYS,"{""dist"": ""3.58"", ""id"": ""3"", ""ligcarbonidx"": ""14167"", ""ligcoo"": """", ""protcarbonidx"": ""3891"", ""protcoo"": """", ""reschain"": ""D"", ""reschain_lig"": ""Z"", ""resnr"": ""155"", ""resnr_lig"": ""1"", ""restype"": ""LYS"", ""restype_lig"": ""LIG""}",lormetazepam/alpha2/2026091904/pose_04/report.xml,f059bd8df953a991a1ea76cc46e07f9dd582844419109cce882d7db0ccc441fa
lormetazepam,alpha2,2026091904,4,2026091904:4,halogen_bond,E,192,ASP,"{""acc_angle"": ""127.78"", ""acc_idx"": ""6762"", ""acceptortype"": ""O2"", ""dist"": ""3.98"", ""don_angle"": ""141.20"", ""don_idx"": ""14171"", ""donortype"": ""Cl"", ""id"": ""1"", ""ligcoo"": """", ""protcoo"": """", ""reschain"": ""E"", ""reschain_lig"": ""Z"", ""resnr"": ""192"", ""resnr_lig"": ""1"", ""restype"": ""ASP"", ""restype_lig"": ""LIG"", ""sidechain"": ""True""}",lormetazepam/alpha2/2026091904/pose_04/report.xml,f059bd8df953a991a1ea76cc46e07f9dd582844419109cce882d7db0ccc441fa
lormetazepam,alpha2,2026091904,5,2026091904:5,hydrophobic_interaction,E,58,TYR,"{""dist"": ""3.77"", ""id"": ""1"", ""ligcarbonidx"": ""14173"", ""ligcoo"": """", ""protcarbonidx"": ""5639"", ""protcoo"": """", ""reschain"": ""E"", ""reschain_lig"": ""Z"", ""resnr"": ""58"", ""resnr_lig"": ""1"", ""restype"": ""TYR"", ""restype_lig"": ""LIG""}",lormetazepam/alpha2/2026091904/pose_05/report.xml,221037a5e949a632f6f6138e049a7299b26d036a70a4bbe3439cfbca041b17d6
lormetazepam,alpha2,2026091904,5,2026091904:5,hydrophobic_interaction,E,77,PHE,"{""dist"": ""3.38"", ""id"": ""2"", ""ligcarbonidx"": ""14176"", ""ligcoo"": """", ""protcarbonidx"": ""5787"", ""protcoo"": """", ""reschain"": ""E"", ""reschain_lig"": ""Z"", ""resnr"": ""77"", ""resnr_lig"": ""1"", ""restype"": ""PHE"", ""restype_lig"": ""LIG""}",lormetazepam/alpha2/2026091904/pose_05/report.xml,221037a5e949a632f6f6138e049a7299b26d036a70a4bbe3439cfbca041b17d6
lormetazepam,alpha2,2026091904,5,2026091904:5,hydrophobic_interaction,D,202,ILE,"{""dist"": ""3.45"", ""id"": ""3"", ""ligcarbonidx"": ""14169"", ""ligcoo"": """", ""protcarbonidx"": ""4261"", ""protcoo"": """", ""reschain"": ""D"", ""reschain_lig"": ""Z"", ""resnr"": ""202"", ""resnr_lig"": ""1"", ""restype"": ""ILE"", ""restype_lig"": ""LIG""}",lormetazepam/alpha2/2026091904/pose_05/report.xml,221037a5e949a632f6f6138e049a7299b26d036a70a4bbe3439cfbca041b17d6
lormetazepam,alpha2,2026091904,5,2026091904:5,hydrogen_bond,E,58,TYR,"{""acceptoridx"": ""5641"", ""acceptortype"": ""O2"", ""dist_d-a"": ""3.42"", ""dist_h-a"": ""2.77"", ""don_angle"": ""124.85"", ""donoridx"": ""14162"", ""donortype"": ""O3"", ""id"": ""1"", ""ligcoo"": """", ""protcoo"": """", ""protisdon"": ""False"", ""reschain"": ""E"", ""reschain_lig"": ""Z"", ""resnr"": ""58"", ""resnr_lig"": ""1"", ""restype"": ""TYR"", ""restype_lig"": ""LIG"", ""sidechain"": ""True""}",lormetazepam/alpha2/2026091904/pose_05/report.xml,221037a5e949a632f6f6138e049a7299b26d036a70a4bbe3439cfbca041b17d6
lormetazepam,alpha2,2026091904,6,2026091904:6,hydrophobic_interaction,E,58,TYR,"{""dist"": ""3.89"", ""id"": ""1"", ""ligcarbonidx"": ""14176"", ""ligcoo"": """", ""protcarbonidx"": ""5639"", ""protcoo"": """", ""reschain"": ""E"", ""reschain_lig"": ""Z"", ""resnr"": ""58"", ""resnr_lig"": ""1"", ""restype"": ""TYR"", ""restype_lig"": ""LIG""}",lormetazepam/alpha2/2026091904/pose_06/report.xml,76e862facfee7969eb2b39d095639525baf15b3870384b2fef10b075dc11e8a6
lormetazepam,alpha2,2026091904,6,2026091904:6,hydrophobic_interaction,E,77,PHE,"{""dist"": ""3.68"", ""id"": ""2"", ""ligcarbonidx"": ""14177"", ""ligcoo"": """", ""protcarbonidx"": ""5787"", ""protcoo"": """", ""reschain"": ""E"", ""reschain_lig"": ""Z"", ""resnr"": ""77"", ""resnr_lig"": ""1"", ""restype"": ""PHE"", ""restype_lig"": ""LIG""}",lormetazepam/alpha2/2026091904/pose_06/report.xml,76e862facfee7969eb2b39d095639525baf15b3870384b2fef10b075dc11e8a6
lormetazepam,alpha2,2026091904,6,2026091904:6,hydrophobic_interaction,D,202,ILE,"{""dist"": ""3.51"", ""id"": ""3"", ""ligcarbonidx"": ""14167"", ""ligcoo"": """", ""protcarbonidx"": ""4261"", ""protcoo"": """", ""reschain"": ""D"", ""reschain_lig"": ""Z"", ""resnr"": ""202"", ""resnr_lig"": ""1"", ""restype"": ""ILE"", ""restype_lig"": ""LIG""}",lormetazepam/alpha2/2026091904/pose_06/report.xml,76e862facfee7969eb2b39d095639525baf15b3870384b2fef10b075dc11e8a6
lormetazepam,alpha2,2026091904,6,2026091904:6,hydrogen_bond,E,60,ASN,"{""acceptoridx"": ""5655"", ""acceptortype"": ""O2"", ""dist_d-a"": ""2.98"", ""dist_h-a"": ""2.09"", ""don_angle"": ""152.63"", ""donoridx"": ""14162"", ""donortype"": ""O3"", ""id"": ""1"", ""ligcoo"": """", ""protcoo"": """", ""protisdon"": ""False"", ""reschain"": ""E"", ""reschain_lig"": ""Z"", ""resnr"": ""60"", ""resnr_lig"": ""1"", ""restype"": ""ASN"", ""restype_lig"": ""LIG"", ""sidechain"": ""True""}",lormetazepam/alpha2/2026091904/pose_06/report.xml,76e862facfee7969eb2b39d095639525baf15b3870384b2fef10b075dc11e8a6
lormetazepam,alpha2,2026091904,6,2026091904:6,halogen_bond,D,203,LYS,"{""acc_angle"": ""126.55"", ""acc_idx"": ""4265"", ""acceptortype"": ""O2"", ""dist"": ""3.24"", ""don_angle"": ""154.45"", ""don_idx"": ""14175"", ""donortype"": ""Cl"", ""id"": ""1"", ""ligcoo"": """", ""protcoo"": """", ""reschain"": ""D"", ""reschain_lig"": ""Z"", ""resnr"": ""203"", ""resnr_lig"": ""1"", ""restype"": ""LYS"", ""restype_lig"": ""LIG"", ""sidechain"": ""False""}",lormetazepam/alpha2/2026091904/pose_06/report.xml,76e862facfee7969eb2b39d095639525baf15b3870384b2fef10b075dc11e8a6
lormetazepam,alpha2,2026091904,7,2026091904:7,hydrophobic_interaction,E,60,ASN,"{""dist"": ""3.99"", ""id"": ""1"", ""ligcarbonidx"": ""14177"", ""ligcoo"": """", ""protcarbonidx"": ""5653"", ""protcoo"": """", ""reschain"": ""E"", ""reschain_lig"": ""Z"", ""resnr"": ""60"", ""resnr_lig"": ""1"", ""restype"": ""ASN"", ""restype_lig"": ""LIG""}",lormetazepam/alpha2/2026091904/pose_07/report.xml,4449b5487459006f2ee55cc1cfb15d5edcd6b109f02b349875e9c972f88b12fe
lormetazepam,alpha2,2026091904,7,2026091904:7,hydrophobic_interaction,D,202,ILE,"{""dist"": ""3.50"", ""id"": ""2"", ""ligcarbonidx"": ""14168"", ""ligcoo"": """", ""protcarbonidx"": ""4261"", ""protcoo"": """", ""reschain"": ""D"", ""reschain_lig"": ""Z"", ""resnr"": ""202"", ""resnr_lig"": ""1"", ""restype"": ""ILE"", ""restype_lig"": ""LIG""}",lormetazepam/alpha2/2026091904/pose_07/report.xml,4449b5487459006f2ee55cc1cfb15d5edcd6b109f02b349875e9c972f88b12fe
lormetazepam,alpha2,2026091904,8,2026091904:8,hydrogen_bond,E,61,SER,"{""acceptoridx"": ""14160"", ""acceptortype"": ""O2"", ""dist_d-a"": ""3.30"", ""dist_h-a"": ""2.97"", ""don_angle"": ""101.25"", ""donoridx"": ""5662"", ""donortype"": ""O3"", ""id"": ""1"", ""ligcoo"": """", ""protcoo"": """", ""protisdon"": ""True"", ""reschain"": ""E"", ""reschain_lig"": ""Z"", ""resnr"": ""61"", ""resnr_lig"": ""1"", ""restype"": ""SER"", ""restype_lig"": ""LIG"", ""sidechain"": ""True""}",lormetazepam/alpha2/2026091904/pose_08/report.xml,1e22480be2afbdbcd9bd29770b23b68061aa506a91e5aa94c4e72067e5c73440
lormetazepam,alpha2,2026091904,8,2026091904:8,halogen_bond,E,192,ASP,"{""acc_angle"": ""99.14"", ""acc_idx"": ""6761"", ""acceptortype"": ""O3"", ""dist"": ""3.25"", ""don_angle"": ""154.19"", ""don_idx"": ""14171"", ""donortype"": ""Cl"", ""id"": ""1"", ""ligcoo"": """", ""protcoo"": """", ""reschain"": ""E"", ""reschain_lig"": ""Z"", ""resnr"": ""192"", ""resnr_lig"": ""1"", ""restype"": ""ASP"", ""restype_lig"": ""LIG"", ""sidechain"": ""True""}",lormetazepam/alpha2/2026091904/pose_08/report.xml,1e22480be2afbdbcd9bd29770b23b68061aa506a91e5aa94c4e72067e5c73440
lormetazepam,alpha2,2026091904,9,2026091904:9,hydrophobic_interaction,D,102,ASN,"{""dist"": ""3.96"", ""id"": ""1"", ""ligcarbonidx"": ""14177"", ""ligcoo"": """", ""protcarbonidx"": ""3474"", ""protcoo"": """", ""reschain"": ""D"", ""reschain_lig"": ""Z"", ""resnr"": ""102"", ""resnr_lig"": ""1"", ""restype"": ""ASN"", ""restype_lig"": ""LIG""}",lormetazepam/alpha2/2026091904/pose_09/report.xml,e73cd42d0260d4b3cc7aafd37fee2e5ad385f4dc5da6f94cd21b1cb044d5fdbd
lormetazepam,alpha2,2026091904,9,2026091904:9,hydrophobic_interaction,D,155,LYS,"{""dist"": ""3.74"", ""id"": ""2"", ""ligcarbonidx"": ""14176"", ""ligcoo"": """", ""protcarbonidx"": ""3891"", ""protcoo"": """", ""reschain"": ""D"", ""reschain_lig"": ""Z"", ""resnr"": ""155"", ""resnr_lig"": ""1"", ""restype"": ""LYS"", ""restype_lig"": ""LIG""}",lormetazepam/alpha2/2026091904/pose_09/report.xml,e73cd42d0260d4b3cc7aafd37fee2e5ad385f4dc5da6f94cd21b1cb044d5fdbd
lormetazepam,alpha2,2026091904,9,2026091904:9,hydrophobic_interaction,E,192,ASP,"{""dist"": ""3.85"", ""id"": ""3"", ""ligcarbonidx"": ""14169"", ""ligcoo"": """", ""protcarbonidx"": ""6759"", ""protcoo"": """", ""reschain"": ""E"", ""reschain_lig"": ""Z"", ""resnr"": ""192"", ""resnr_lig"": ""1"", ""restype"": ""ASP"", ""restype_lig"": ""LIG""}",lormetazepam/alpha2/2026091904/pose_09/report.xml,e73cd42d0260d4b3cc7aafd37fee2e5ad385f4dc5da6f94cd21b1cb044d5fdbd
lormetazepam,alpha2,2026091905,1,2026091905:1,hydrophobic_interaction,E,58,TYR,"{""dist"": ""3.39"", ""id"": ""1"", ""ligcarbonidx"": ""14167"", ""ligcoo"": """", ""protcarbonidx"": ""5639"", ""protcoo"": """", ""reschain"": ""E"", ""reschain_lig"": ""Z"", ""resnr"": ""58"", ""resnr_lig"": ""1"", ""restype"": ""TYR"", ""restype_lig"": ""LIG""}",lormetazepam/alpha2/2026091905/pose_01/report.xml,c35d0d195de74ed8d2a85dd55b01e849abebe26a9a57d2bca219e6a5903bd4a1
lormetazepam,alpha2,2026091905,1,2026091905:1,hydrophobic_interaction,E,60,ASN,"{""dist"": ""3.56"", ""id"": ""2"", ""ligcarbonidx"": ""14173"", ""ligcoo"": """", ""protcarbonidx"": ""5653"", ""protcoo"": """", ""reschain"": ""E"", ""reschain_lig"": ""Z"", ""resnr"": ""60"", ""resnr_lig"": ""1"", ""restype"": ""ASN"", ""restype_lig"": ""LIG""}",lormetazepam/alpha2/2026091905/pose_01/report.xml,c35d0d195de74ed8d2a85dd55b01e849abebe26a9a57d2bca219e6a5903bd4a1
lormetazepam,alpha2,2026091905,1,2026091905:1,hydrogen_bond,E,192,ASP,"{""acceptoridx"": ""6761"", ""acceptortype"": ""O3"", ""dist_d-a"": ""3.23"", ""dist_h-a"": ""2.76"", ""don_angle"": ""110.91"", ""donoridx"": ""14162"", ""donortype"": ""O3"", ""id"": ""1"", ""ligcoo"": """", ""protcoo"": """", ""protisdon"": ""False"", ""reschain"": ""E"", ""reschain_lig"": ""Z"", ""resnr"": ""192"", ""resnr_lig"": ""1"", ""restype"": ""ASP"", ""restype_lig"": ""LIG"", ""sidechain"": ""True""}",lormetazepam/alpha2/2026091905/pose_01/report.xml,c35d0d195de74ed8d2a85dd55b01e849abebe26a9a57d2bca219e6a5903bd4a1
lormetazepam,alpha2,2026091905,1,2026091905:1,halogen_bond,E,75,ASP,"{""acc_angle"": ""124.90"", ""acc_idx"": ""5769"", ""acceptortype"": ""O2"", ""dist"": ""3.42"", ""don_angle"": ""148.94"", ""don_idx"": ""14175"", ""donortype"": ""Cl"", ""id"": ""1"", ""ligcoo"": """", ""protcoo"": """", ""reschain"": ""E"", ""reschain_lig"": ""Z"", ""resnr"": ""75"", ""resnr_lig"": ""1"", ""restype"": ""ASP"", ""restype_lig"": ""LIG"", ""sidechain"": ""True""}",lormetazepam/alpha2/2026091905/pose_01/report.xml,c35d0d195de74ed8d2a85dd55b01e849abebe26a9a57d2bca219e6a5903bd4a1
lormetazepam,alpha2,2026091905,2,2026091905:2,hydrophobic_interaction,D,102,ASN,"{""dist"": ""3.67"", ""id"": ""1"", ""ligcarbonidx"": ""14167"", ""ligcoo"": """", ""protcarbonidx"": ""3474"", ""protcoo"": """", ""reschain"": ""D"", ""reschain_lig"": ""Z"", ""resnr"": ""102"", ""resnr_lig"": ""1"", ""restype"": ""ASN"", ""restype_lig"": ""LIG""}",lormetazepam/alpha2/2026091905/pose_02/report.xml,3d4e72a11fae072b2a767c0eb84f16a509b9f58bf58c6dee9493d6a93a2985dc
lormetazepam,alpha2,2026091905,2,2026091905:2,hydrophobic_interaction,D,153,PRO,"{""dist"": ""3.96"", ""id"": ""2"", ""ligcarbonidx"": ""14168"", ""ligcoo"": """", ""protcarbonidx"": ""3875"", ""protcoo"": """", ""reschain"": ""D"", ""reschain_lig"": ""Z"", ""resnr"": ""153"", ""resnr_lig"": ""1"", ""restype"": ""PRO"", ""restype_lig"": ""LIG""}",lormetazepam/alpha2/2026091905/pose_02/report.xml,3d4e72a11fae072b2a767c0eb84f16a509b9f58bf58c6dee9493d6a93a2985dc
lormetazepam,alpha2,2026091905,2,2026091905:2,hydrophobic_interaction,D,155,LYS,"{""dist"": ""3.44"", ""id"": ""3"", ""ligcarbonidx"": ""14167"", ""ligcoo"": """", ""protcarbonidx"": ""3891"", ""protcoo"": """", ""reschain"": ""D"", ""reschain_lig"": ""Z"", ""resnr"": ""155"", ""resnr_lig"": ""1"", ""restype"": ""LYS"", ""restype_lig"": ""LIG""}",lormetazepam/alpha2/2026091905/pose_02/report.xml,3d4e72a11fae072b2a767c0eb84f16a509b9f58bf58c6dee9493d6a93a2985dc
lormetazepam,alpha2,2026091905,2,2026091905:2,halogen_bond,E,195,SER,"{""acc_angle"": ""114.30"", ""acc_idx"": ""6784"", ""acceptortype"": ""O2"", ""dist"": ""3.94"", ""don_angle"": ""143.78"", ""don_idx"": ""14171"", ""donortype"": ""Cl"", ""id"": ""1"", ""ligcoo"": """", ""protcoo"": """", ""reschain"": ""E"", ""reschain_lig"": ""Z"", ""resnr"": ""195"", ""resnr_lig"": ""1"", ""restype"": ""SER"", ""restype_lig"": ""LIG"", ""sidechain"": ""False""}",lormetazepam/alpha2/2026091905/pose_02/report.xml,3d4e72a11fae072b2a767c0eb84f16a509b9f58bf58c6dee9493d6a93a2985dc
lormetazepam,alpha2,2026091905,3,2026091905:3,hydrophobic_interaction,D,102,ASN,"{""dist"": ""3.69"", ""id"": ""1"", ""ligcarbonidx"": ""14166"", ""ligcoo"": """", ""protcarbonidx"": ""3474"", ""protcoo"": """", ""reschain"": ""D"", ""reschain_lig"": ""Z"", ""resnr"": ""102"", ""resnr_lig"": ""1"", ""restype"": ""ASN"", ""restype_lig"": ""LIG""}",lormetazepam/alpha2/2026091905/pose_03/report.xml,a0a3d0c12caf5bece94a9b1792c0decef7be41f25d504de85098b9cebe3a2e54
lormetazepam,alpha2,2026091905,3,2026091905:3,hydrophobic_interaction,D,155,LYS,"{""dist"": ""3.60"", ""id"": ""2"", ""ligcarbonidx"": ""14167"", ""ligcoo"": """", ""protcarbonidx"": ""3891"", ""protcoo"": """", ""reschain"": ""D"", ""reschain_lig"": ""Z"", ""resnr"": ""155"", ""resnr_lig"": ""1"", ""restype"": ""LYS"", ""restype_lig"": ""LIG""}",lormetazepam/alpha2/2026091905/pose_03/report.xml,a0a3d0c12caf5bece94a9b1792c0decef7be41f25d504de85098b9cebe3a2e54
lormetazepam,alpha2,2026091905,3,2026091905:3,halogen_bond,E,192,ASP,"{""acc_angle"": ""126.38"", ""acc_idx"": ""6762"", ""acceptortype"": ""O2"", ""dist"": ""3.88"", ""don_angle"": ""139.05"", ""don_idx"": ""14171"", ""donortype"": ""Cl"", ""id"": ""1"", ""ligcoo"": """", ""protcoo"": """", ""reschain"": ""E"", ""reschain_lig"": ""Z"", ""resnr"": ""192"", ""resnr_lig"": ""1"", ""restype"": ""ASP"", ""restype_lig"": ""LIG"", ""sidechain"": ""True""}",lormetazepam/alpha2/2026091905/pose_03/report.xml,a0a3d0c12caf5bece94a9b1792c0decef7be41f25d504de85098b9cebe3a2e54
lormetazepam,alpha2,2026091905,4,2026091905:4,hydrophobic_interaction,E,58,TYR,"{""dist"": ""3.77"", ""id"": ""1"", ""ligcarbonidx"": ""14173"", ""ligcoo"": """", ""protcarbonidx"": ""5639"", ""protcoo"": """", ""reschain"": ""E"", ""reschain_lig"": ""Z"", ""resnr"": ""58"", ""resnr_lig"": ""1"", ""restype"": ""TYR"", ""restype_lig"": ""LIG""}",lormetazepam/alpha2/2026091905/pose_04/report.xml,6ae1cb1ae63babcb2f2751a927230de0390662c0acf2b8ef4e6c747fbdae62d8
lormetazepam,alpha2,2026091905,4,2026091905:4,hydrophobic_interaction,E,77,PHE,"{""dist"": ""3.40"", ""id"": ""2"", ""ligcarbonidx"": ""14176"", ""ligcoo"": """", ""protcarbonidx"": ""5787"", ""protcoo"": """", ""reschain"": ""E"", ""reschain_lig"": ""Z"", ""resnr"": ""77"", ""resnr_lig"": ""1"", ""restype"": ""PHE"", ""restype_lig"": ""LIG""}",lormetazepam/alpha2/2026091905/pose_04/report.xml,6ae1cb1ae63babcb2f2751a927230de0390662c0acf2b8ef4e6c747fbdae62d8
lormetazepam,alpha2,2026091905,4,2026091905:4,hydrophobic_interaction,D,202,ILE,"{""dist"": ""3.51"", ""id"": ""3"", ""ligcarbonidx"": ""14169"", ""ligcoo"": """", ""protcarbonidx"": ""4261"", ""protcoo"": """", ""reschain"": ""D"", ""reschain_lig"": ""Z"", ""resnr"": ""202"", ""resnr_lig"": ""1"", ""restype"": ""ILE"", ""restype_lig"": ""LIG""}",lormetazepam/alpha2/2026091905/pose_04/report.xml,6ae1cb1ae63babcb2f2751a927230de0390662c0acf2b8ef4e6c747fbdae62d8
lormetazepam,alpha2,2026091905,4,2026091905:4,hydrogen_bond,E,60,ASN,"{""acceptoridx"": ""5655"", ""acceptortype"": ""O2"", ""dist_d-a"": ""2.99"", ""dist_h-a"": ""2.37"", ""don_angle"": ""121.40"", ""donoridx"": ""14162"", ""donortype"": ""O3"", ""id"": ""1"", ""ligcoo"": """", ""protcoo"": """", ""protisdon"": ""False"", ""reschain"": ""E"", ""reschain_lig"": ""Z"", ""resnr"": ""60"", ""resnr_lig"": ""1"", ""restype"": ""ASN"", ""restype_lig"": ""LIG"", ""sidechain"": ""True""}",lormetazepam/alpha2/2026091905/pose_04/report.xml,6ae1cb1ae63babcb2f2751a927230de0390662c0acf2b8ef4e6c747fbdae62d8
lormetazepam,alpha2,2026091905,5,2026091905:5,hydrophobic_interaction,E,60,ASN,"{""dist"": ""3.50"", ""id"": ""1"", ""ligcarbonidx"": ""14167"", ""ligcoo"": """", ""protcarbonidx"": ""5653"", ""protcoo"": """", ""reschain"": ""E"", ""reschain_lig"": ""Z"", ""resnr"": ""60"", ""resnr_lig"": ""1"", ""restype"": ""ASN"", ""restype_lig"": ""LIG""}",lormetazepam/alpha2/2026091905/pose_05/report.xml,3ea94f73fd7fdff6dc827774ca859cf62afddafe3daaa481e357518a6168ee20
lormetazepam,alpha2,2026091905,5,2026091905:5,hydrophobic_interaction,D,155,LYS,"{""dist"": ""3.64"", ""id"": ""2"", ""ligcarbonidx"": ""14176"", ""ligcoo"": """", ""protcarbonidx"": ""3891"", ""protcoo"": """", ""reschain"": ""D"", ""reschain_lig"": ""Z"", ""resnr"": ""155"", ""resnr_lig"": ""1"", ""restype"": ""LYS"", ""restype_lig"": ""LIG""}",lormetazepam/alpha2/2026091905/pose_05/report.xml,3ea94f73fd7fdff6dc827774ca859cf62afddafe3daaa481e357518a6168ee20
lormetazepam,alpha2,2026091905,5,2026091905:5,hydrogen_bond,E,195,SER,"{""acceptoridx"": ""6786"", ""acceptortype"": ""O3"", ""dist_d-a"": ""3.32"", ""dist_h-a"": ""2.44"", ""don_angle"": ""149.74"", ""donoridx"": ""14162"", ""donortype"": ""O3"", ""id"": ""1"", ""ligcoo"": """", ""protcoo"": """", ""protisdon"": ""False"", ""reschain"": ""E"", ""reschain_lig"": ""Z"", ""resnr"": ""195"", ""resnr_lig"": ""1"", ""restype"": ""SER"", ""restype_lig"": ""LIG"", ""sidechain"": ""True""}",lormetazepam/alpha2/2026091905/pose_05/report.xml,3ea94f73fd7fdff6dc827774ca859cf62afddafe3daaa481e357518a6168ee20
lormetazepam,alpha2,2026091905,5,2026091905:5,halogen_bond,E,195,SER,"{""acc_angle"": ""115.15"", ""acc_idx"": ""6786"", ""acceptortype"": ""O3"", ""dist"": ""3.64"", ""don_angle"": ""139.12"", ""don_idx"": ""14171"", ""donortype"": ""Cl"", ""id"": ""1"", ""ligcoo"": """", ""protcoo"": """", ""reschain"": ""E"", ""reschain_lig"": ""Z"", ""resnr"": ""195"", ""resnr_lig"": ""1"", ""restype"": ""SER"", ""restype_lig"": ""LIG"", ""sidechain"": ""True""}",lormetazepam/alpha2/2026091905/pose_05/report.xml,3ea94f73fd7fdff6dc827774ca859cf62afddafe3daaa481e357518a6168ee20
lormetazepam,alpha2,2026091905,6,2026091905:6,hydrophobic_interaction,E,77,PHE,"{""dist"": ""3.68"", ""id"": ""1"", ""ligcarbonidx"": ""14168"", ""ligcoo"": """", ""protcarbonidx"": ""5787"", ""protcoo"": """", ""reschain"": ""E"", ""reschain_lig"": ""Z"", ""resnr"": ""77"", ""resnr_lig"": ""1"", ""restype"": ""PHE"", ""restype_lig"": ""LIG""}",lormetazepam/alpha2/2026091905/pose_06/report.xml,f5d660fe6f022098fe783ded9967443d8a7c99d5ed5486f98fe67e88b757fc45
lormetazepam,alpha2,2026091905,6,2026091905:6,hydrogen_bond,E,192,ASP,"{""acceptoridx"": ""6761"", ""acceptortype"": ""O3"", ""dist_d-a"": ""3.10"", ""dist_h-a"": ""2.32"", ""don_angle"": ""137.35"", ""donoridx"": ""14162"", ""donortype"": ""O3"", ""id"": ""1"", ""ligcoo"": """", ""protcoo"": """", ""protisdon"": ""False"", ""reschain"": ""E"", ""reschain_lig"": ""Z"", ""resnr"": ""192"", ""resnr_lig"": ""1"", ""restype"": ""ASP"", ""restype_lig"": ""LIG"", ""sidechain"": ""True""}",lormetazepam/alpha2/2026091905/pose_06/report.xml,f5d660fe6f022098fe783ded9967443d8a7c99d5ed5486f98fe67e88b757fc45
lormetazepam,alpha2,2026091905,7,2026091905:7,hydrophobic_interaction,D,202,ILE,"{""dist"": ""3.57"", ""id"": ""1"", ""ligcarbonidx"": ""14168"", ""ligcoo"": """", ""protcarbonidx"": ""4261"", ""protcoo"": """", ""reschain"": ""D"", ""reschain_lig"": ""Z"", ""resnr"": ""202"", ""resnr_lig"": ""1"", ""restype"": ""ILE"", ""restype_lig"": ""LIG""}",lormetazepam/alpha2/2026091905/pose_07/report.xml,3d489691352275dbe9204a25828e3b12a83a6dae1c1fb316506083d16bdad8ec
lormetazepam,alpha2,2026091905,8,2026091905:8,hydrophobic_interaction,E,58,TYR,"{""dist"": ""3.68"", ""id"": ""1"", ""ligcarbonidx"": ""14176"", ""ligcoo"": """", ""protcarbonidx"": ""5639"", ""protcoo"": """", ""reschain"": ""E"", ""reschain_lig"": ""Z"", ""resnr"": ""58"", ""resnr_lig"": ""1"", ""restype"": ""TYR"", ""restype_lig"": ""LIG""}",lormetazepam/alpha2/2026091905/pose_08/report.xml,1357c4f112865af713db20bfd0370b40a0cbf64ce3ede63fb054307995b9dff4
lormetazepam,alpha2,2026091905,8,2026091905:8,hydrophobic_interaction,E,77,PHE,"{""dist"": ""3.72"", ""id"": ""2"", ""ligcarbonidx"": ""14177"", ""ligcoo"": """", ""protcarbonidx"": ""5787"", ""protcoo"": """", ""reschain"": ""E"", ""reschain_lig"": ""Z"", ""resnr"": ""77"", ""resnr_lig"": ""1"", ""restype"": ""PHE"", ""restype_lig"": ""LIG""}",lormetazepam/alpha2/2026091905/pose_08/report.xml,1357c4f112865af713db20bfd0370b40a0cbf64ce3ede63fb054307995b9dff4
lormetazepam,alpha2,2026091905,8,2026091905:8,hydrophobic_interaction,D,202,ILE,"{""dist"": ""3.66"", ""id"": ""3"", ""ligcarbonidx"": ""14167"", ""ligcoo"": """", ""protcarbonidx"": ""4261"", ""protcoo"": """", ""reschain"": ""D"", ""reschain_lig"": ""Z"", ""resnr"": ""202"", ""resnr_lig"": ""1"", ""restype"": ""ILE"", ""restype_lig"": ""LIG""}",lormetazepam/alpha2/2026091905/pose_08/report.xml,1357c4f112865af713db20bfd0370b40a0cbf64ce3ede63fb054307995b9dff4
lormetazepam,alpha2,2026091905,8,2026091905:8,hydrogen_bond,E,60,ASN,"{""acceptoridx"": ""5652"", ""acceptortype"": ""O2"", ""dist_d-a"": ""3.23"", ""dist_h-a"": ""2.38"", ""don_angle"": ""145.47"", ""donoridx"": ""14162"", ""donortype"": ""O3"", ""id"": ""1"", ""ligcoo"": """", ""protcoo"": """", ""protisdon"": ""False"", ""reschain"": ""E"", ""reschain_lig"": ""Z"", ""resnr"": ""60"", ""resnr_lig"": ""1"", ""restype"": ""ASN"", ""restype_lig"": ""LIG"", ""sidechain"": ""False""}",lormetazepam/alpha2/2026091905/pose_08/report.xml,1357c4f112865af713db20bfd0370b40a0cbf64ce3ede63fb054307995b9dff4
lormetazepam,alpha2,2026091905,8,2026091905:8,halogen_bond,D,203,LYS,"{""acc_angle"": ""115.95"", ""acc_idx"": ""4265"", ""acceptortype"": ""O2"", ""dist"": ""3.87"", ""don_angle"": ""161.34"", ""don_idx"": ""14175"", ""donortype"": ""Cl"", ""id"": ""1"", ""ligcoo"": """", ""protcoo"": """", ""reschain"": ""D"", ""reschain_lig"": ""Z"", ""resnr"": ""203"", ""resnr_lig"": ""1"", ""restype"": ""LYS"", ""restype_lig"": ""LIG"", ""sidechain"": ""False""}",lormetazepam/alpha2/2026091905/pose_08/report.xml,1357c4f112865af713db20bfd0370b40a0cbf64ce3ede63fb054307995b9dff4
lormetazepam,alpha2,2026091905,9,2026091905:9,hydrogen_bond,E,61,SER,"{""acceptoridx"": ""14160"", ""acceptortype"": ""O2"", ""dist_d-a"": ""3.26"", ""dist_h-a"": ""2.94"", ""don_angle"": ""100.69"", ""donoridx"": ""5662"", ""donortype"": ""O3"", ""id"": ""1"", ""ligcoo"": """", ""protcoo"": """", ""protisdon"": ""True"", ""reschain"": ""E"", ""reschain_lig"": ""Z"", ""resnr"": ""61"", ""resnr_lig"": ""1"", ""restype"": ""SER"", ""restype_lig"": ""LIG"", ""sidechain"": ""True""}",lormetazepam/alpha2/2026091905/pose_09/report.xml,29e81d8536a51c8cb40fb80ad5cf583cec7a1f2fffd31d688a0d8fc85068b887
lormetazepam,alpha2,2026091905,9,2026091905:9,halogen_bond,E,192,ASP,"{""acc_angle"": ""98.49"", ""acc_idx"": ""6761"", ""acceptortype"": ""O3"", ""dist"": ""3.34"", ""don_angle"": ""156.54"", ""don_idx"": ""14171"", ""donortype"": ""Cl"", ""id"": ""1"", ""ligcoo"": """", ""protcoo"": """", ""reschain"": ""E"", ""reschain_lig"": ""Z"", ""resnr"": ""192"", ""resnr_lig"": ""1"", ""restype"": ""ASP"", ""restype_lig"": ""LIG"", ""sidechain"": ""True""}",lormetazepam/alpha2/2026091905/pose_09/report.xml,29e81d8536a51c8cb40fb80ad5cf583cec7a1f2fffd31d688a0d8fc85068b887
