block_key,drug,feature,x_value,y_value,x_rank,y_rank,n_effective
Nishino2008|rotarod|mouse|ICR|male|oral|2.0|mg/kg|15.0|positive_or_fallen_mice|0.5% CMC sodium|none|acute,diazepam,alpha1|BZD_GAMMA2_056|ASP|any_contact_frequency,0.0,0.1,1.5,1.0,2
Nishino2008|rotarod|mouse|ICR|male|oral|2.0|mg/kg|15.0|positive_or_fallen_mice|0.5% CMC sodium|none|acute,triazolam,alpha1|BZD_GAMMA2_056|ASP|any_contact_frequency,0.0,0.5,1.5,2.0,2
Nishino2008|rotarod|mouse|ICR|male|oral|2.0|mg/kg|15.0|positive_or_fallen_mice|0.5% CMC sodium|none|acute,diazepam,alpha1|BZD_GAMMA2_058|TYR|any_contact_frequency,0.9111111111111112,0.1,2.0,1.0,2
Nishino2008|rotarod|mouse|ICR|male|oral|2.0|mg/kg|15.0|positive_or_fallen_mice|0.5% CMC sodium|none|acute,triazolam,alpha1|BZD_GAMMA2_058|TYR|any_contact_frequency,0.775,0.5,1.0,2.0,2
Nishino2008|rotarod|mouse|ICR|male|oral|2.0|mg/kg|15.0|positive_or_fallen_mice|0.5% CMC sodium|none|acute,diazepam,alpha1|BZD_GAMMA2_060|ASN|any_contact_frequency,0.0,0.1,1.0,1.0,2
Nishino2008|rotarod|mouse|ICR|male|oral|2.0|mg/kg|15.0|positive_or_fallen_mice|0.5% CMC sodium|none|acute,triazolam,alpha1|BZD_GAMMA2_060|ASN|any_contact_frequency,0.025,0.5,2.0,2.0,2
Nishino2008|rotarod|mouse|ICR|male|oral|2.0|mg/kg|15.0|positive_or_fallen_mice|0.5% CMC sodium|none|acute,diazepam,alpha1|BZD_GAMMA2_077|PHE|any_contact_frequency,0.8888888888888888,0.1,2.0,1.0,2
Nishino2008|rotarod|mouse|ICR|male|oral|2.0|mg/kg|15.0|positive_or_fallen_mice|0.5% CMC sodium|none|acute,triazolam,alpha1|BZD_GAMMA2_077|PHE|any_contact_frequency,0.75,0.5,1.0,2.0,2
Nishino2008|rotarod|mouse|ICR|male|oral|2.0|mg/kg|15.0|positive_or_fallen_mice|0.5% CMC sodium|none|acute,diazepam,alpha1|BZD_GAMMA2_079|ALA|any_contact_frequency,0.0,0.1,1.5,1.0,2
Nishino2008|rotarod|mouse|ICR|male|oral|2.0|mg/kg|15.0|positive_or_fallen_mice|0.5% CMC sodium|none|acute,triazolam,alpha1|BZD_GAMMA2_079|ALA|any_contact_frequency,0.0,0.5,1.5,2.0,2
Nishino2008|rotarod|mouse|ICR|male|oral|2.0|mg/kg|15.0|positive_or_fallen_mice|0.5% CMC sodium|none|acute,diazepam,alpha1|BZD_GAMMA2_142|THR|any_contact_frequency,0.0222222222222222,0.1,1.0,1.0,2
Nishino2008|rotarod|mouse|ICR|male|oral|2.0|mg/kg|15.0|positive_or_fallen_mice|0.5% CMC sodium|none|acute,triazolam,alpha1|BZD_GAMMA2_142|THR|any_contact_frequency,0.15,0.5,2.0,2.0,2
Nishino2008|rotarod|mouse|ICR|male|oral|2.0|mg/kg|15.0|positive_or_fallen_mice|0.5% CMC sodium|none|acute,diazepam,alpha1|BZD_GAMMA2_189|GLU|any_contact_frequency,0.0888888888888888,0.1,2.0,1.0,2
Nishino2008|rotarod|mouse|ICR|male|oral|2.0|mg/kg|15.0|positive_or_fallen_mice|0.5% CMC sodium|none|acute,triazolam,alpha1|BZD_GAMMA2_189|GLU|any_contact_frequency,0.05,0.5,1.0,2.0,2
Nishino2008|rotarod|mouse|ICR|male|oral|2.0|mg/kg|15.0|positive_or_fallen_mice|0.5% CMC sodium|none|acute,diazepam,alpha1|BZD_GAMMA2_192|ASP|any_contact_frequency,0.0,0.1,1.5,1.0,2
Nishino2008|rotarod|mouse|ICR|male|oral|2.0|mg/kg|15.0|positive_or_fallen_mice|0.5% CMC sodium|none|acute,triazolam,alpha1|BZD_GAMMA2_192|ASP|any_contact_frequency,0.0,0.5,1.5,2.0,2
Nishino2008|rotarod|mouse|ICR|male|oral|2.0|mg/kg|15.0|positive_or_fallen_mice|0.5% CMC sodium|none|acute,diazepam,alpha1|BZD_GAMMA2_195|SER|any_contact_frequency,0.0,0.1,1.5,1.0,2
Nishino2008|rotarod|mouse|ICR|male|oral|2.0|mg/kg|15.0|positive_or_fallen_mice|0.5% CMC sodium|none|acute,triazolam,alpha1|BZD_GAMMA2_195|SER|any_contact_frequency,0.0,0.5,1.5,2.0,2
Nishino2008|rotarod|mouse|ICR|male|oral|2.0|mg/kg|15.0|positive_or_fallen_mice|0.5% CMC sodium|none|acute,diazepam,alpha1|BZD_SITE_100|PHE|any_contact_frequency,0.3111111111111111,0.1,2.0,1.0,2
Nishino2008|rotarod|mouse|ICR|male|oral|2.0|mg/kg|15.0|positive_or_fallen_mice|0.5% CMC sodium|none|acute,triazolam,alpha1|BZD_SITE_100|PHE|any_contact_frequency,0.175,0.5,1.0,2.0,2
Nishino2008|rotarod|mouse|ICR|male|oral|2.0|mg/kg|15.0|positive_or_fallen_mice|0.5% CMC sodium|none|acute,diazepam,alpha1|BZD_SITE_102|HIS|any_contact_frequency,0.0666666666666666,0.1,1.0,1.0,2
Nishino2008|rotarod|mouse|ICR|male|oral|2.0|mg/kg|15.0|positive_or_fallen_mice|0.5% CMC sodium|none|acute,triazolam,alpha1|BZD_SITE_102|HIS|any_contact_frequency,0.3,0.5,2.0,2.0,2
Nishino2008|rotarod|mouse|ICR|male|oral|2.0|mg/kg|15.0|positive_or_fallen_mice|0.5% CMC sodium|none|acute,diazepam,alpha1|BZD_SITE_103|ASN|any_contact_frequency,0.0444444444444444,0.1,2.0,1.0,2
Nishino2008|rotarod|mouse|ICR|male|oral|2.0|mg/kg|15.0|positive_or_fallen_mice|0.5% CMC sodium|none|acute,triazolam,alpha1|BZD_SITE_103|ASN|any_contact_frequency,0.0,0.5,1.0,2.0,2
Nishino2008|rotarod|mouse|ICR|male|oral|2.0|mg/kg|15.0|positive_or_fallen_mice|0.5% CMC sodium|none|acute,diazepam,alpha1|BZD_SITE_138|GLU|any_contact_frequency,0.0,0.1,1.5,1.0,2
Nishino2008|rotarod|mouse|ICR|male|oral|2.0|mg/kg|15.0|positive_or_fallen_mice|0.5% CMC sodium|none|acute,triazolam,alpha1|BZD_SITE_138|GLU|any_contact_frequency,0.0,0.5,1.5,2.0,2
Nishino2008|rotarod|mouse|ICR|male|oral|2.0|mg/kg|15.0|positive_or_fallen_mice|0.5% CMC sodium|none|acute,diazepam,alpha1|BZD_SITE_156|LYS|any_contact_frequency,0.1555555555555555,0.1,1.0,1.0,2
Nishino2008|rotarod|mouse|ICR|male|oral|2.0|mg/kg|15.0|positive_or_fallen_mice|0.5% CMC sodium|none|acute,triazolam,alpha1|BZD_SITE_156|LYS|any_contact_frequency,0.2,0.5,2.0,2.0,2
Nishino2008|rotarod|mouse|ICR|male|oral|2.0|mg/kg|15.0|positive_or_fallen_mice|0.5% CMC sodium|none|acute,diazepam,alpha1|BZD_SITE_160|TYR|any_contact_frequency,0.2444444444444444,0.1,2.0,1.0,2
Nishino2008|rotarod|mouse|ICR|male|oral|2.0|mg/kg|15.0|positive_or_fallen_mice|0.5% CMC sodium|none|acute,triazolam,alpha1|BZD_SITE_160|TYR|any_contact_frequency,0.225,0.5,1.0,2.0,2
Nishino2008|rotarod|mouse|ICR|male|oral|2.0|mg/kg|15.0|positive_or_fallen_mice|0.5% CMC sodium|none|acute,diazepam,alpha1|BZD_SITE_203|VAL|any_contact_frequency,0.5111111111111111,0.1,1.0,1.0,2
Nishino2008|rotarod|mouse|ICR|male|oral|2.0|mg/kg|15.0|positive_or_fallen_mice|0.5% CMC sodium|none|acute,triazolam,alpha1|BZD_SITE_203|VAL|any_contact_frequency,0.675,0.5,2.0,2.0,2
Nishino2008|rotarod|mouse|ICR|male|oral|2.0|mg/kg|15.0|positive_or_fallen_mice|0.5% CMC sodium|none|acute,diazepam,alpha1|BZD_SITE_204|GLN|any_contact_frequency,0.0222222222222222,0.1,2.0,1.0,2
Nishino2008|rotarod|mouse|ICR|male|oral|2.0|mg/kg|15.0|positive_or_fallen_mice|0.5% CMC sodium|none|acute,triazolam,alpha1|BZD_SITE_204|GLN|any_contact_frequency,0.0,0.5,1.0,2.0,2
Nishino2008|rotarod|mouse|ICR|male|oral|2.0|mg/kg|15.0|positive_or_fallen_mice|0.5% CMC sodium|none|acute,diazepam,alpha1|BZD_SITE_205|SER|any_contact_frequency,0.1777777777777777,0.1,1.0,1.0,2
Nishino2008|rotarod|mouse|ICR|male|oral|2.0|mg/kg|15.0|positive_or_fallen_mice|0.5% CMC sodium|none|acute,triazolam,alpha1|BZD_SITE_205|SER|any_contact_frequency,0.25,0.5,2.0,2.0,2
Nishino2008|rotarod|mouse|ICR|male|oral|2.0|mg/kg|15.0|positive_or_fallen_mice|0.5% CMC sodium|none|acute,diazepam,alpha1|BZD_SITE_206|SER|any_contact_frequency,0.0,0.1,1.0,1.0,2
Nishino2008|rotarod|mouse|ICR|male|oral|2.0|mg/kg|15.0|positive_or_fallen_mice|0.5% CMC sodium|none|acute,triazolam,alpha1|BZD_SITE_206|SER|any_contact_frequency,0.05,0.5,2.0,2.0,2
Nishino2008|rotarod|mouse|ICR|male|oral|2.0|mg/kg|15.0|positive_or_fallen_mice|0.5% CMC sodium|none|acute,diazepam,alpha1|BZD_SITE_207|THR|any_contact_frequency,0.1333333333333333,0.1,2.0,1.0,2
Nishino2008|rotarod|mouse|ICR|male|oral|2.0|mg/kg|15.0|positive_or_fallen_mice|0.5% CMC sodium|none|acute,triazolam,alpha1|BZD_SITE_207|THR|any_contact_frequency,0.0,0.5,1.0,2.0,2
Nishino2008|rotarod|mouse|ICR|male|oral|2.0|mg/kg|15.0|positive_or_fallen_mice|0.5% CMC sodium|none|acute,diazepam,alpha1|BZD_SITE_210|TYR|any_contact_frequency,0.2222222222222222,0.1,1.0,1.0,2
Nishino2008|rotarod|mouse|ICR|male|oral|2.0|mg/kg|15.0|positive_or_fallen_mice|0.5% CMC sodium|none|acute,triazolam,alpha1|BZD_SITE_210|TYR|any_contact_frequency,0.4,0.5,2.0,2.0,2
Nishino2008|rotarod|mouse|ICR|male|oral|2.0|mg/kg|15.0|positive_or_fallen_mice|0.5% CMC sodium|none|acute,diazepam,alpha2|BZD_GAMMA2_056|ASP|any_contact_frequency,0.0,0.1,1.5,1.0,2
Nishino2008|rotarod|mouse|ICR|male|oral|2.0|mg/kg|15.0|positive_or_fallen_mice|0.5% CMC sodium|none|acute,triazolam,alpha2|BZD_GAMMA2_056|ASP|any_contact_frequency,0.0,0.5,1.5,2.0,2
Nishino2008|rotarod|mouse|ICR|male|oral|2.0|mg/kg|15.0|positive_or_fallen_mice|0.5% CMC sodium|none|acute,diazepam,alpha2|BZD_GAMMA2_058|TYR|any_contact_frequency,0.4666666666666667,0.1,2.0,1.0,2
Nishino2008|rotarod|mouse|ICR|male|oral|2.0|mg/kg|15.0|positive_or_fallen_mice|0.5% CMC sodium|none|acute,triazolam,alpha2|BZD_GAMMA2_058|TYR|any_contact_frequency,0.2888888888888888,0.5,1.0,2.0,2
Nishino2008|rotarod|mouse|ICR|male|oral|2.0|mg/kg|15.0|positive_or_fallen_mice|0.5% CMC sodium|none|acute,diazepam,alpha2|BZD_GAMMA2_059|VAL|any_contact_frequency,0.0222222222222222,0.1,1.5,1.0,2
Nishino2008|rotarod|mouse|ICR|male|oral|2.0|mg/kg|15.0|positive_or_fallen_mice|0.5% CMC sodium|none|acute,triazolam,alpha2|BZD_GAMMA2_059|VAL|any_contact_frequency,0.0222222222222222,0.5,1.5,2.0,2
Nishino2008|rotarod|mouse|ICR|male|oral|2.0|mg/kg|15.0|positive_or_fallen_mice|0.5% CMC sodium|none|acute,diazepam,alpha2|BZD_GAMMA2_060|ASN|any_contact_frequency,0.0888888888888888,0.1,1.0,1.0,2
Nishino2008|rotarod|mouse|ICR|male|oral|2.0|mg/kg|15.0|positive_or_fallen_mice|0.5% CMC sodium|none|acute,triazolam,alpha2|BZD_GAMMA2_060|ASN|any_contact_frequency,0.2888888888888888,0.5,2.0,2.0,2
Nishino2008|rotarod|mouse|ICR|male|oral|2.0|mg/kg|15.0|positive_or_fallen_mice|0.5% CMC sodium|none|acute,diazepam,alpha2|BZD_GAMMA2_061|SER|any_contact_frequency,0.0666666666666666,0.1,2.0,1.0,2
Nishino2008|rotarod|mouse|ICR|male|oral|2.0|mg/kg|15.0|positive_or_fallen_mice|0.5% CMC sodium|none|acute,triazolam,alpha2|BZD_GAMMA2_061|SER|any_contact_frequency,0.0,0.5,1.0,2.0,2
Nishino2008|rotarod|mouse|ICR|male|oral|2.0|mg/kg|15.0|positive_or_fallen_mice|0.5% CMC sodium|none|acute,diazepam,alpha2|BZD_GAMMA2_075|ASP|any_contact_frequency,0.0444444444444444,0.1,1.0,1.0,2
Nishino2008|rotarod|mouse|ICR|male|oral|2.0|mg/kg|15.0|positive_or_fallen_mice|0.5% CMC sodium|none|acute,triazolam,alpha2|BZD_GAMMA2_075|ASP|any_contact_frequency,0.0666666666666666,0.5,2.0,2.0,2
Nishino2008|rotarod|mouse|ICR|male|oral|2.0|mg/kg|15.0|positive_or_fallen_mice|0.5% CMC sodium|none|acute,diazepam,alpha2|BZD_GAMMA2_077|PHE|any_contact_frequency,0.9777777777777776,0.1,2.0,1.0,2
Nishino2008|rotarod|mouse|ICR|male|oral|2.0|mg/kg|15.0|positive_or_fallen_mice|0.5% CMC sodium|none|acute,triazolam,alpha2|BZD_GAMMA2_077|PHE|any_contact_frequency,0.4444444444444444,0.5,1.0,2.0,2
Nishino2008|rotarod|mouse|ICR|male|oral|2.0|mg/kg|15.0|positive_or_fallen_mice|0.5% CMC sodium|none|acute,diazepam,alpha2|BZD_GAMMA2_079|ALA|any_contact_frequency,0.0,0.1,1.5,1.0,2
Nishino2008|rotarod|mouse|ICR|male|oral|2.0|mg/kg|15.0|positive_or_fallen_mice|0.5% CMC sodium|none|acute,triazolam,alpha2|BZD_GAMMA2_079|ALA|any_contact_frequency,0.0,0.5,1.5,2.0,2
Nishino2008|rotarod|mouse|ICR|male|oral|2.0|mg/kg|15.0|positive_or_fallen_mice|0.5% CMC sodium|none|acute,diazepam,alpha2|BZD_GAMMA2_142|THR|any_contact_frequency,0.0,0.1,1.5,1.0,2
Nishino2008|rotarod|mouse|ICR|male|oral|2.0|mg/kg|15.0|positive_or_fallen_mice|0.5% CMC sodium|none|acute,triazolam,alpha2|BZD_GAMMA2_142|THR|any_contact_frequency,0.0,0.5,1.5,2.0,2
Nishino2008|rotarod|mouse|ICR|male|oral|2.0|mg/kg|15.0|positive_or_fallen_mice|0.5% CMC sodium|none|acute,diazepam,alpha2|BZD_GAMMA2_144|ARG|any_contact_frequency,0.0,0.1,1.5,1.0,2
Nishino2008|rotarod|mouse|ICR|male|oral|2.0|mg/kg|15.0|positive_or_fallen_mice|0.5% CMC sodium|none|acute,triazolam,alpha2|BZD_GAMMA2_144|ARG|any_contact_frequency,0.0,0.5,1.5,2.0,2
Nishino2008|rotarod|mouse|ICR|male|oral|2.0|mg/kg|15.0|positive_or_fallen_mice|0.5% CMC sodium|none|acute,diazepam,alpha2|BZD_GAMMA2_192|ASP|any_contact_frequency,0.0444444444444444,0.1,1.5,1.0,2
Nishino2008|rotarod|mouse|ICR|male|oral|2.0|mg/kg|15.0|positive_or_fallen_mice|0.5% CMC sodium|none|acute,triazolam,alpha2|BZD_GAMMA2_192|ASP|any_contact_frequency,0.0444444444444444,0.5,1.5,2.0,2
Nishino2008|rotarod|mouse|ICR|male|oral|2.0|mg/kg|15.0|positive_or_fallen_mice|0.5% CMC sodium|none|acute,diazepam,alpha2|BZD_GAMMA2_195|SER|any_contact_frequency,0.0,0.1,1.0,1.0,2
Nishino2008|rotarod|mouse|ICR|male|oral|2.0|mg/kg|15.0|positive_or_fallen_mice|0.5% CMC sodium|none|acute,triazolam,alpha2|BZD_GAMMA2_195|SER|any_contact_frequency,0.0444444444444444,0.5,2.0,2.0,2
Nishino2008|rotarod|mouse|ICR|male|oral|2.0|mg/kg|15.0|positive_or_fallen_mice|0.5% CMC sodium|none|acute,diazepam,alpha2|BZD_GAMMA2_196|TRP|any_contact_frequency,0.0,0.1,1.5,1.0,2
Nishino2008|rotarod|mouse|ICR|male|oral|2.0|mg/kg|15.0|positive_or_fallen_mice|0.5% CMC sodium|none|acute,triazolam,alpha2|BZD_GAMMA2_196|TRP|any_contact_frequency,0.0,0.5,1.5,2.0,2
Nishino2008|rotarod|mouse|ICR|male|oral|2.0|mg/kg|15.0|positive_or_fallen_mice|0.5% CMC sodium|none|acute,diazepam,alpha2|BZD_SITE_100|PHE|any_contact_frequency,0.3555555555555555,0.1,2.0,1.0,2
Nishino2008|rotarod|mouse|ICR|male|oral|2.0|mg/kg|15.0|positive_or_fallen_mice|0.5% CMC sodium|none|acute,triazolam,alpha2|BZD_SITE_100|PHE|any_contact_frequency,0.1111111111111111,0.5,1.0,2.0,2
Nishino2008|rotarod|mouse|ICR|male|oral|2.0|mg/kg|15.0|positive_or_fallen_mice|0.5% CMC sodium|none|acute,diazepam,alpha2|BZD_SITE_102|HIS|any_contact_frequency,0.3333333333333333,0.1,2.0,1.0,2
Nishino2008|rotarod|mouse|ICR|male|oral|2.0|mg/kg|15.0|positive_or_fallen_mice|0.5% CMC sodium|none|acute,triazolam,alpha2|BZD_SITE_102|HIS|any_contact_frequency,0.3111111111111111,0.5,1.0,2.0,2
Nishino2008|rotarod|mouse|ICR|male|oral|2.0|mg/kg|15.0|positive_or_fallen_mice|0.5% CMC sodium|none|acute,diazepam,alpha2|BZD_SITE_103|ASN|any_contact_frequency,0.1333333333333333,0.1,1.0,1.0,2
Nishino2008|rotarod|mouse|ICR|male|oral|2.0|mg/kg|15.0|positive_or_fallen_mice|0.5% CMC sodium|none|acute,triazolam,alpha2|BZD_SITE_103|ASN|any_contact_frequency,0.3555555555555555,0.5,2.0,2.0,2
Nishino2008|rotarod|mouse|ICR|male|oral|2.0|mg/kg|15.0|positive_or_fallen_mice|0.5% CMC sodium|none|acute,diazepam,alpha2|BZD_SITE_138|GLU|any_contact_frequency,0.0,0.1,1.5,1.0,2
Nishino2008|rotarod|mouse|ICR|male|oral|2.0|mg/kg|15.0|positive_or_fallen_mice|0.5% CMC sodium|none|acute,triazolam,alpha2|BZD_SITE_138|GLU|any_contact_frequency,0.0,0.5,1.5,2.0,2
Nishino2008|rotarod|mouse|ICR|male|oral|2.0|mg/kg|15.0|positive_or_fallen_mice|0.5% CMC sodium|none|acute,diazepam,alpha2|BZD_SITE_154|PRO|any_contact_frequency,0.0,0.1,1.0,1.0,2
Nishino2008|rotarod|mouse|ICR|male|oral|2.0|mg/kg|15.0|positive_or_fallen_mice|0.5% CMC sodium|none|acute,triazolam,alpha2|BZD_SITE_154|PRO|any_contact_frequency,0.1111111111111111,0.5,2.0,2.0,2
Nishino2008|rotarod|mouse|ICR|male|oral|2.0|mg/kg|15.0|positive_or_fallen_mice|0.5% CMC sodium|none|acute,diazepam,alpha2|BZD_SITE_156|LYS|any_contact_frequency,0.0666666666666666,0.1,1.0,1.0,2
Nishino2008|rotarod|mouse|ICR|male|oral|2.0|mg/kg|15.0|positive_or_fallen_mice|0.5% CMC sodium|none|acute,triazolam,alpha2|BZD_SITE_156|LYS|any_contact_frequency,0.3111111111111111,0.5,2.0,2.0,2
Nishino2008|rotarod|mouse|ICR|male|oral|2.0|mg/kg|15.0|positive_or_fallen_mice|0.5% CMC sodium|none|acute,diazepam,alpha2|BZD_SITE_160|TYR|any_contact_frequency,0.1111111111111111,0.1,2.0,1.0,2
Nishino2008|rotarod|mouse|ICR|male|oral|2.0|mg/kg|15.0|positive_or_fallen_mice|0.5% CMC sodium|none|acute,triazolam,alpha2|BZD_SITE_160|TYR|any_contact_frequency,0.0,0.5,1.0,2.0,2
Nishino2008|rotarod|mouse|ICR|male|oral|2.0|mg/kg|15.0|positive_or_fallen_mice|0.5% CMC sodium|none|acute,diazepam,alpha2|BZD_SITE_201|GLU|any_contact_frequency,0.0,0.1,1.5,1.0,2
Nishino2008|rotarod|mouse|ICR|male|oral|2.0|mg/kg|15.0|positive_or_fallen_mice|0.5% CMC sodium|none|acute,triazolam,alpha2|BZD_SITE_201|GLU|any_contact_frequency,0.0,0.5,1.5,2.0,2
Nishino2008|rotarod|mouse|ICR|male|oral|2.0|mg/kg|15.0|positive_or_fallen_mice|0.5% CMC sodium|none|acute,diazepam,alpha2|BZD_SITE_203|ILE|any_contact_frequency,0.5111111111111111,0.1,1.0,1.0,2
Nishino2008|rotarod|mouse|ICR|male|oral|2.0|mg/kg|15.0|positive_or_fallen_mice|0.5% CMC sodium|none|acute,triazolam,alpha2|BZD_SITE_203|ILE|any_contact_frequency,0.6,0.5,2.0,2.0,2
Nishino2008|rotarod|mouse|ICR|male|oral|2.0|mg/kg|15.0|positive_or_fallen_mice|0.5% CMC sodium|none|acute,diazepam,alpha2|BZD_SITE_204|LYS|any_contact_frequency,0.0,0.1,1.0,1.0,2
Nishino2008|rotarod|mouse|ICR|male|oral|2.0|mg/kg|15.0|positive_or_fallen_mice|0.5% CMC sodium|none|acute,triazolam,alpha2|BZD_SITE_204|LYS|any_contact_frequency,0.0666666666666666,0.5,2.0,2.0,2
Nishino2008|rotarod|mouse|ICR|male|oral|2.0|mg/kg|15.0|positive_or_fallen_mice|0.5% CMC sodium|none|acute,diazepam,alpha2|BZD_SITE_206|SER|any_contact_frequency,0.0,0.1,1.5,1.0,2
Nishino2008|rotarod|mouse|ICR|male|oral|2.0|mg/kg|15.0|positive_or_fallen_mice|0.5% CMC sodium|none|acute,triazolam,alpha2|BZD_SITE_206|SER|any_contact_frequency,0.0,0.5,1.5,2.0,2
Nishino2008|rotarod|mouse|ICR|male|oral|2.0|mg/kg|15.0|positive_or_fallen_mice|0.5% CMC sodium|none|acute,diazepam,alpha2|BZD_SITE_207|THR|any_contact_frequency,0.0,0.1,1.5,1.0,2
Nishino2008|rotarod|mouse|ICR|male|oral|2.0|mg/kg|15.0|positive_or_fallen_mice|0.5% CMC sodium|none|acute,triazolam,alpha2|BZD_SITE_207|THR|any_contact_frequency,0.0,0.5,1.5,2.0,2
Nishino2008|rotarod|mouse|ICR|male|oral|2.0|mg/kg|15.0|positive_or_fallen_mice|0.5% CMC sodium|none|acute,diazepam,alpha2|BZD_SITE_210|TYR|any_contact_frequency,0.1111111111111111,0.1,2.0,1.0,2
Nishino2008|rotarod|mouse|ICR|male|oral|2.0|mg/kg|15.0|positive_or_fallen_mice|0.5% CMC sodium|none|acute,triazolam,alpha2|BZD_SITE_210|TYR|any_contact_frequency,0.0,0.5,1.0,2.0,2
Nishino2008|rotarod|mouse|ICR|male|oral|2.0|mg/kg|15.0|positive_or_fallen_mice|0.5% CMC sodium|none|acute,diazepam,alpha2|BZD_SITE_212|VAL|any_contact_frequency,0.0,0.1,1.5,1.0,2
Nishino2008|rotarod|mouse|ICR|male|oral|2.0|mg/kg|15.0|positive_or_fallen_mice|0.5% CMC sodium|none|acute,triazolam,alpha2|BZD_SITE_212|VAL|any_contact_frequency,0.0,0.5,1.5,2.0,2
Nishino2008|rotarod|mouse|ICR|male|oral|2.0|mg/kg|30.0|positive_or_fallen_mice|0.5% CMC sodium|none|acute,diazepam,alpha1|BZD_GAMMA2_056|ASP|any_contact_frequency,0.0,0.3,1.5,1.0,2
Nishino2008|rotarod|mouse|ICR|male|oral|2.0|mg/kg|30.0|positive_or_fallen_mice|0.5% CMC sodium|none|acute,triazolam,alpha1|BZD_GAMMA2_056|ASP|any_contact_frequency,0.0,0.8,1.5,2.0,2
Nishino2008|rotarod|mouse|ICR|male|oral|2.0|mg/kg|30.0|positive_or_fallen_mice|0.5% CMC sodium|none|acute,diazepam,alpha1|BZD_GAMMA2_058|TYR|any_contact_frequency,0.9111111111111112,0.3,2.0,1.0,2
Nishino2008|rotarod|mouse|ICR|male|oral|2.0|mg/kg|30.0|positive_or_fallen_mice|0.5% CMC sodium|none|acute,triazolam,alpha1|BZD_GAMMA2_058|TYR|any_contact_frequency,0.775,0.8,1.0,2.0,2
Nishino2008|rotarod|mouse|ICR|male|oral|2.0|mg/kg|30.0|positive_or_fallen_mice|0.5% CMC sodium|none|acute,diazepam,alpha1|BZD_GAMMA2_060|ASN|any_contact_frequency,0.0,0.3,1.0,1.0,2
Nishino2008|rotarod|mouse|ICR|male|oral|2.0|mg/kg|30.0|positive_or_fallen_mice|0.5% CMC sodium|none|acute,triazolam,alpha1|BZD_GAMMA2_060|ASN|any_contact_frequency,0.025,0.8,2.0,2.0,2
Nishino2008|rotarod|mouse|ICR|male|oral|2.0|mg/kg|30.0|positive_or_fallen_mice|0.5% CMC sodium|none|acute,diazepam,alpha1|BZD_GAMMA2_077|PHE|any_contact_frequency,0.8888888888888888,0.3,2.0,1.0,2
Nishino2008|rotarod|mouse|ICR|male|oral|2.0|mg/kg|30.0|positive_or_fallen_mice|0.5% CMC sodium|none|acute,triazolam,alpha1|BZD_GAMMA2_077|PHE|any_contact_frequency,0.75,0.8,1.0,2.0,2
Nishino2008|rotarod|mouse|ICR|male|oral|2.0|mg/kg|30.0|positive_or_fallen_mice|0.5% CMC sodium|none|acute,diazepam,alpha1|BZD_GAMMA2_079|ALA|any_contact_frequency,0.0,0.3,1.5,1.0,2
Nishino2008|rotarod|mouse|ICR|male|oral|2.0|mg/kg|30.0|positive_or_fallen_mice|0.5% CMC sodium|none|acute,triazolam,alpha1|BZD_GAMMA2_079|ALA|any_contact_frequency,0.0,0.8,1.5,2.0,2
Nishino2008|rotarod|mouse|ICR|male|oral|2.0|mg/kg|30.0|positive_or_fallen_mice|0.5% CMC sodium|none|acute,diazepam,alpha1|BZD_GAMMA2_142|THR|any_contact_frequency,0.0222222222222222,0.3,1.0,1.0,2
Nishino2008|rotarod|mouse|ICR|male|oral|2.0|mg/kg|30.0|positive_or_fallen_mice|0.5% CMC sodium|none|acute,triazolam,alpha1|BZD_GAMMA2_142|THR|any_contact_frequency,0.15,0.8,2.0,2.0,2
Nishino2008|rotarod|mouse|ICR|male|oral|2.0|mg/kg|30.0|positive_or_fallen_mice|0.5% CMC sodium|none|acute,diazepam,alpha1|BZD_GAMMA2_189|GLU|any_contact_frequency,0.0888888888888888,0.3,2.0,1.0,2
Nishino2008|rotarod|mouse|ICR|male|oral|2.0|mg/kg|30.0|positive_or_fallen_mice|0.5% CMC sodium|none|acute,triazolam,alpha1|BZD_GAMMA2_189|GLU|any_contact_frequency,0.05,0.8,1.0,2.0,2
Nishino2008|rotarod|mouse|ICR|male|oral|2.0|mg/kg|30.0|positive_or_fallen_mice|0.5% CMC sodium|none|acute,diazepam,alpha1|BZD_GAMMA2_192|ASP|any_contact_frequency,0.0,0.3,1.5,1.0,2
Nishino2008|rotarod|mouse|ICR|male|oral|2.0|mg/kg|30.0|positive_or_fallen_mice|0.5% CMC sodium|none|acute,triazolam,alpha1|BZD_GAMMA2_192|ASP|any_contact_frequency,0.0,0.8,1.5,2.0,2
Nishino2008|rotarod|mouse|ICR|male|oral|2.0|mg/kg|30.0|positive_or_fallen_mice|0.5% CMC sodium|none|acute,diazepam,alpha1|BZD_GAMMA2_195|SER|any_contact_frequency,0.0,0.3,1.5,1.0,2
Nishino2008|rotarod|mouse|ICR|male|oral|2.0|mg/kg|30.0|positive_or_fallen_mice|0.5% CMC sodium|none|acute,triazolam,alpha1|BZD_GAMMA2_195|SER|any_contact_frequency,0.0,0.8,1.5,2.0,2
Nishino2008|rotarod|mouse|ICR|male|oral|2.0|mg/kg|30.0|positive_or_fallen_mice|0.5% CMC sodium|none|acute,diazepam,alpha1|BZD_SITE_100|PHE|any_contact_frequency,0.3111111111111111,0.3,2.0,1.0,2
Nishino2008|rotarod|mouse|ICR|male|oral|2.0|mg/kg|30.0|positive_or_fallen_mice|0.5% CMC sodium|none|acute,triazolam,alpha1|BZD_SITE_100|PHE|any_contact_frequency,0.175,0.8,1.0,2.0,2
Nishino2008|rotarod|mouse|ICR|male|oral|2.0|mg/kg|30.0|positive_or_fallen_mice|0.5% CMC sodium|none|acute,diazepam,alpha1|BZD_SITE_102|HIS|any_contact_frequency,0.0666666666666666,0.3,1.0,1.0,2
Nishino2008|rotarod|mouse|ICR|male|oral|2.0|mg/kg|30.0|positive_or_fallen_mice|0.5% CMC sodium|none|acute,triazolam,alpha1|BZD_SITE_102|HIS|any_contact_frequency,0.3,0.8,2.0,2.0,2
Nishino2008|rotarod|mouse|ICR|male|oral|2.0|mg/kg|30.0|positive_or_fallen_mice|0.5% CMC sodium|none|acute,diazepam,alpha1|BZD_SITE_103|ASN|any_contact_frequency,0.0444444444444444,0.3,2.0,1.0,2
Nishino2008|rotarod|mouse|ICR|male|oral|2.0|mg/kg|30.0|positive_or_fallen_mice|0.5% CMC sodium|none|acute,triazolam,alpha1|BZD_SITE_103|ASN|any_contact_frequency,0.0,0.8,1.0,2.0,2
Nishino2008|rotarod|mouse|ICR|male|oral|2.0|mg/kg|30.0|positive_or_fallen_mice|0.5% CMC sodium|none|acute,diazepam,alpha1|BZD_SITE_138|GLU|any_contact_frequency,0.0,0.3,1.5,1.0,2
Nishino2008|rotarod|mouse|ICR|male|oral|2.0|mg/kg|30.0|positive_or_fallen_mice|0.5% CMC sodium|none|acute,triazolam,alpha1|BZD_SITE_138|GLU|any_contact_frequency,0.0,0.8,1.5,2.0,2
Nishino2008|rotarod|mouse|ICR|male|oral|2.0|mg/kg|30.0|positive_or_fallen_mice|0.5% CMC sodium|none|acute,diazepam,alpha1|BZD_SITE_156|LYS|any_contact_frequency,0.1555555555555555,0.3,1.0,1.0,2
Nishino2008|rotarod|mouse|ICR|male|oral|2.0|mg/kg|30.0|positive_or_fallen_mice|0.5% CMC sodium|none|acute,triazolam,alpha1|BZD_SITE_156|LYS|any_contact_frequency,0.2,0.8,2.0,2.0,2
Nishino2008|rotarod|mouse|ICR|male|oral|2.0|mg/kg|30.0|positive_or_fallen_mice|0.5% CMC sodium|none|acute,diazepam,alpha1|BZD_SITE_160|TYR|any_contact_frequency,0.2444444444444444,0.3,2.0,1.0,2
Nishino2008|rotarod|mouse|ICR|male|oral|2.0|mg/kg|30.0|positive_or_fallen_mice|0.5% CMC sodium|none|acute,triazolam,alpha1|BZD_SITE_160|TYR|any_contact_frequency,0.225,0.8,1.0,2.0,2
Nishino2008|rotarod|mouse|ICR|male|oral|2.0|mg/kg|30.0|positive_or_fallen_mice|0.5% CMC sodium|none|acute,diazepam,alpha1|BZD_SITE_203|VAL|any_contact_frequency,0.5111111111111111,0.3,1.0,1.0,2
Nishino2008|rotarod|mouse|ICR|male|oral|2.0|mg/kg|30.0|positive_or_fallen_mice|0.5% CMC sodium|none|acute,triazolam,alpha1|BZD_SITE_203|VAL|any_contact_frequency,0.675,0.8,2.0,2.0,2
Nishino2008|rotarod|mouse|ICR|male|oral|2.0|mg/kg|30.0|positive_or_fallen_mice|0.5% CMC sodium|none|acute,diazepam,alpha1|BZD_SITE_204|GLN|any_contact_frequency,0.0222222222222222,0.3,2.0,1.0,2
Nishino2008|rotarod|mouse|ICR|male|oral|2.0|mg/kg|30.0|positive_or_fallen_mice|0.5% CMC sodium|none|acute,triazolam,alpha1|BZD_SITE_204|GLN|any_contact_frequency,0.0,0.8,1.0,2.0,2
Nishino2008|rotarod|mouse|ICR|male|oral|2.0|mg/kg|30.0|positive_or_fallen_mice|0.5% CMC sodium|none|acute,diazepam,alpha1|BZD_SITE_205|SER|any_contact_frequency,0.1777777777777777,0.3,1.0,1.0,2
Nishino2008|rotarod|mouse|ICR|male|oral|2.0|mg/kg|30.0|positive_or_fallen_mice|0.5% CMC sodium|none|acute,triazolam,alpha1|BZD_SITE_205|SER|any_contact_frequency,0.25,0.8,2.0,2.0,2
Nishino2008|rotarod|mouse|ICR|male|oral|2.0|mg/kg|30.0|positive_or_fallen_mice|0.5% CMC sodium|none|acute,diazepam,alpha1|BZD_SITE_206|SER|any_contact_frequency,0.0,0.3,1.0,1.0,2
Nishino2008|rotarod|mouse|ICR|male|oral|2.0|mg/kg|30.0|positive_or_fallen_mice|0.5% CMC sodium|none|acute,triazolam,alpha1|BZD_SITE_206|SER|any_contact_frequency,0.05,0.8,2.0,2.0,2
Nishino2008|rotarod|mouse|ICR|male|oral|2.0|mg/kg|30.0|positive_or_fallen_mice|0.5% CMC sodium|none|acute,diazepam,alpha1|BZD_SITE_207|THR|any_contact_frequency,0.1333333333333333,0.3,2.0,1.0,2
Nishino2008|rotarod|mouse|ICR|male|oral|2.0|mg/kg|30.0|positive_or_fallen_mice|0.5% CMC sodium|none|acute,triazolam,alpha1|BZD_SITE_207|THR|any_contact_frequency,0.0,0.8,1.0,2.0,2
Nishino2008|rotarod|mouse|ICR|male|oral|2.0|mg/kg|30.0|positive_or_fallen_mice|0.5% CMC sodium|none|acute,diazepam,alpha1|BZD_SITE_210|TYR|any_contact_frequency,0.2222222222222222,0.3,1.0,1.0,2
Nishino2008|rotarod|mouse|ICR|male|oral|2.0|mg/kg|30.0|positive_or_fallen_mice|0.5% CMC sodium|none|acute,triazolam,alpha1|BZD_SITE_210|TYR|any_contact_frequency,0.4,0.8,2.0,2.0,2
Nishino2008|rotarod|mouse|ICR|male|oral|2.0|mg/kg|30.0|positive_or_fallen_mice|0.5% CMC sodium|none|acute,diazepam,alpha2|BZD_GAMMA2_056|ASP|any_contact_frequency,0.0,0.3,1.5,1.0,2
Nishino2008|rotarod|mouse|ICR|male|oral|2.0|mg/kg|30.0|positive_or_fallen_mice|0.5% CMC sodium|none|acute,triazolam,alpha2|BZD_GAMMA2_056|ASP|any_contact_frequency,0.0,0.8,1.5,2.0,2
Nishino2008|rotarod|mouse|ICR|male|oral|2.0|mg/kg|30.0|positive_or_fallen_mice|0.5% CMC sodium|none|acute,diazepam,alpha2|BZD_GAMMA2_058|TYR|any_contact_frequency,0.4666666666666667,0.3,2.0,1.0,2
Nishino2008|rotarod|mouse|ICR|male|oral|2.0|mg/kg|30.0|positive_or_fallen_mice|0.5% CMC sodium|none|acute,triazolam,alpha2|BZD_GAMMA2_058|TYR|any_contact_frequency,0.2888888888888888,0.8,1.0,2.0,2
Nishino2008|rotarod|mouse|ICR|male|oral|2.0|mg/kg|30.0|positive_or_fallen_mice|0.5% CMC sodium|none|acute,diazepam,alpha2|BZD_GAMMA2_059|VAL|any_contact_frequency,0.0222222222222222,0.3,1.5,1.0,2
Nishino2008|rotarod|mouse|ICR|male|oral|2.0|mg/kg|30.0|positive_or_fallen_mice|0.5% CMC sodium|none|acute,triazolam,alpha2|BZD_GAMMA2_059|VAL|any_contact_frequency,0.0222222222222222,0.8,1.5,2.0,2
Nishino2008|rotarod|mouse|ICR|male|oral|2.0|mg/kg|30.0|positive_or_fallen_mice|0.5% CMC sodium|none|acute,diazepam,alpha2|BZD_GAMMA2_060|ASN|any_contact_frequency,0.0888888888888888,0.3,1.0,1.0,2
Nishino2008|rotarod|mouse|ICR|male|oral|2.0|mg/kg|30.0|positive_or_fallen_mice|0.5% CMC sodium|none|acute,triazolam,alpha2|BZD_GAMMA2_060|ASN|any_contact_frequency,0.2888888888888888,0.8,2.0,2.0,2
Nishino2008|rotarod|mouse|ICR|male|oral|2.0|mg/kg|30.0|positive_or_fallen_mice|0.5% CMC sodium|none|acute,diazepam,alpha2|BZD_GAMMA2_061|SER|any_contact_frequency,0.0666666666666666,0.3,2.0,1.0,2
Nishino2008|rotarod|mouse|ICR|male|oral|2.0|mg/kg|30.0|positive_or_fallen_mice|0.5% CMC sodium|none|acute,triazolam,alpha2|BZD_GAMMA2_061|SER|any_contact_frequency,0.0,0.8,1.0,2.0,2
Nishino2008|rotarod|mouse|ICR|male|oral|2.0|mg/kg|30.0|positive_or_fallen_mice|0.5% CMC sodium|none|acute,diazepam,alpha2|BZD_GAMMA2_075|ASP|any_contact_frequency,0.0444444444444444,0.3,1.0,1.0,2
Nishino2008|rotarod|mouse|ICR|male|oral|2.0|mg/kg|30.0|positive_or_fallen_mice|0.5% CMC sodium|none|acute,triazolam,alpha2|BZD_GAMMA2_075|ASP|any_contact_frequency,0.0666666666666666,0.8,2.0,2.0,2
Nishino2008|rotarod|mouse|ICR|male|oral|2.0|mg/kg|30.0|positive_or_fallen_mice|0.5% CMC sodium|none|acute,diazepam,alpha2|BZD_GAMMA2_077|PHE|any_contact_frequency,0.9777777777777776,0.3,2.0,1.0,2
Nishino2008|rotarod|mouse|ICR|male|oral|2.0|mg/kg|30.0|positive_or_fallen_mice|0.5% CMC sodium|none|acute,triazolam,alpha2|BZD_GAMMA2_077|PHE|any_contact_frequency,0.4444444444444444,0.8,1.0,2.0,2
Nishino2008|rotarod|mouse|ICR|male|oral|2.0|mg/kg|30.0|positive_or_fallen_mice|0.5% CMC sodium|none|acute,diazepam,alpha2|BZD_GAMMA2_079|ALA|any_contact_frequency,0.0,0.3,1.5,1.0,2
Nishino2008|rotarod|mouse|ICR|male|oral|2.0|mg/kg|30.0|positive_or_fallen_mice|0.5% CMC sodium|none|acute,triazolam,alpha2|BZD_GAMMA2_079|ALA|any_contact_frequency,0.0,0.8,1.5,2.0,2
Nishino2008|rotarod|mouse|ICR|male|oral|2.0|mg/kg|30.0|positive_or_fallen_mice|0.5% CMC sodium|none|acute,diazepam,alpha2|BZD_GAMMA2_142|THR|any_contact_frequency,0.0,0.3,1.5,1.0,2
Nishino2008|rotarod|mouse|ICR|male|oral|2.0|mg/kg|30.0|positive_or_fallen_mice|0.5% CMC sodium|none|acute,triazolam,alpha2|BZD_GAMMA2_142|THR|any_contact_frequency,0.0,0.8,1.5,2.0,2
Nishino2008|rotarod|mouse|ICR|male|oral|2.0|mg/kg|30.0|positive_or_fallen_mice|0.5% CMC sodium|none|acute,diazepam,alpha2|BZD_GAMMA2_144|ARG|any_contact_frequency,0.0,0.3,1.5,1.0,2
Nishino2008|rotarod|mouse|ICR|male|oral|2.0|mg/kg|30.0|positive_or_fallen_mice|0.5% CMC sodium|none|acute,triazolam,alpha2|BZD_GAMMA2_144|ARG|any_contact_frequency,0.0,0.8,1.5,2.0,2
Nishino2008|rotarod|mouse|ICR|male|oral|2.0|mg/kg|30.0|positive_or_fallen_mice|0.5% CMC sodium|none|acute,diazepam,alpha2|BZD_GAMMA2_192|ASP|any_contact_frequency,0.0444444444444444,0.3,1.5,1.0,2
Nishino2008|rotarod|mouse|ICR|male|oral|2.0|mg/kg|30.0|positive_or_fallen_mice|0.5% CMC sodium|none|acute,triazolam,alpha2|BZD_GAMMA2_192|ASP|any_contact_frequency,0.0444444444444444,0.8,1.5,2.0,2
Nishino2008|rotarod|mouse|ICR|male|oral|2.0|mg/kg|30.0|positive_or_fallen_mice|0.5% CMC sodium|none|acute,diazepam,alpha2|BZD_GAMMA2_195|SER|any_contact_frequency,0.0,0.3,1.0,1.0,2
Nishino2008|rotarod|mouse|ICR|male|oral|2.0|mg/kg|30.0|positive_or_fallen_mice|0.5% CMC sodium|none|acute,triazolam,alpha2|BZD_GAMMA2_195|SER|any_contact_frequency,0.0444444444444444,0.8,2.0,2.0,2
Nishino2008|rotarod|mouse|ICR|male|oral|2.0|mg/kg|30.0|positive_or_fallen_mice|0.5% CMC sodium|none|acute,diazepam,alpha2|BZD_GAMMA2_196|TRP|any_contact_frequency,0.0,0.3,1.5,1.0,2
Nishino2008|rotarod|mouse|ICR|male|oral|2.0|mg/kg|30.0|positive_or_fallen_mice|0.5% CMC sodium|none|acute,triazolam,alpha2|BZD_GAMMA2_196|TRP|any_contact_frequency,0.0,0.8,1.5,2.0,2
Nishino2008|rotarod|mouse|ICR|male|oral|2.0|mg/kg|30.0|positive_or_fallen_mice|0.5% CMC sodium|none|acute,diazepam,alpha2|BZD_SITE_100|PHE|any_contact_frequency,0.3555555555555555,0.3,2.0,1.0,2
Nishino2008|rotarod|mouse|ICR|male|oral|2.0|mg/kg|30.0|positive_or_fallen_mice|0.5% CMC sodium|none|acute,triazolam,alpha2|BZD_SITE_100|PHE|any_contact_frequency,0.1111111111111111,0.8,1.0,2.0,2
Nishino2008|rotarod|mouse|ICR|male|oral|2.0|mg/kg|30.0|positive_or_fallen_mice|0.5% CMC sodium|none|acute,diazepam,alpha2|BZD_SITE_102|HIS|any_contact_frequency,0.3333333333333333,0.3,2.0,1.0,2
Nishino2008|rotarod|mouse|ICR|male|oral|2.0|mg/kg|30.0|positive_or_fallen_mice|0.5% CMC sodium|none|acute,triazolam,alpha2|BZD_SITE_102|HIS|any_contact_frequency,0.3111111111111111,0.8,1.0,2.0,2
Nishino2008|rotarod|mouse|ICR|male|oral|2.0|mg/kg|30.0|positive_or_fallen_mice|0.5% CMC sodium|none|acute,diazepam,alpha2|BZD_SITE_103|ASN|any_contact_frequency,0.1333333333333333,0.3,1.0,1.0,2
Nishino2008|rotarod|mouse|ICR|male|oral|2.0|mg/kg|30.0|positive_or_fallen_mice|0.5% CMC sodium|none|acute,triazolam,alpha2|BZD_SITE_103|ASN|any_contact_frequency,0.3555555555555555,0.8,2.0,2.0,2
Nishino2008|rotarod|mouse|ICR|male|oral|2.0|mg/kg|30.0|positive_or_fallen_mice|0.5% CMC sodium|none|acute,diazepam,alpha2|BZD_SITE_138|GLU|any_contact_frequency,0.0,0.3,1.5,1.0,2
Nishino2008|rotarod|mouse|ICR|male|oral|2.0|mg/kg|30.0|positive_or_fallen_mice|0.5% CMC sodium|none|acute,triazolam,alpha2|BZD_SITE_138|GLU|any_contact_frequency,0.0,0.8,1.5,2.0,2
Nishino2008|rotarod|mouse|ICR|male|oral|2.0|mg/kg|30.0|positive_or_fallen_mice|0.5% CMC sodium|none|acute,diazepam,alpha2|BZD_SITE_154|PRO|any_contact_frequency,0.0,0.3,1.0,1.0,2
Nishino2008|rotarod|mouse|ICR|male|oral|2.0|mg/kg|30.0|positive_or_fallen_mice|0.5% CMC sodium|none|acute,triazolam,alpha2|BZD_SITE_154|PRO|any_contact_frequency,0.1111111111111111,0.8,2.0,2.0,2
Nishino2008|rotarod|mouse|ICR|male|oral|2.0|mg/kg|30.0|positive_or_fallen_mice|0.5% CMC sodium|none|acute,diazepam,alpha2|BZD_SITE_156|LYS|any_contact_frequency,0.0666666666666666,0.3,1.0,1.0,2
Nishino2008|rotarod|mouse|ICR|male|oral|2.0|mg/kg|30.0|positive_or_fallen_mice|0.5% CMC sodium|none|acute,triazolam,alpha2|BZD_SITE_156|LYS|any_contact_frequency,0.3111111111111111,0.8,2.0,2.0,2
Nishino2008|rotarod|mouse|ICR|male|oral|2.0|mg/kg|30.0|positive_or_fallen_mice|0.5% CMC sodium|none|acute,diazepam,alpha2|BZD_SITE_160|TYR|any_contact_frequency,0.1111111111111111,0.3,2.0,1.0,2
Nishino2008|rotarod|mouse|ICR|male|oral|2.0|mg/kg|30.0|positive_or_fallen_mice|0.5% CMC sodium|none|acute,triazolam,alpha2|BZD_SITE_160|TYR|any_contact_frequency,0.0,0.8,1.0,2.0,2
Nishino2008|rotarod|mouse|ICR|male|oral|2.0|mg/kg|30.0|positive_or_fallen_mice|0.5% CMC sodium|none|acute,diazepam,alpha2|BZD_SITE_201|GLU|any_contact_frequency,0.0,0.3,1.5,1.0,2
Nishino2008|rotarod|mouse|ICR|male|oral|2.0|mg/kg|30.0|positive_or_fallen_mice|0.5% CMC sodium|none|acute,triazolam,alpha2|BZD_SITE_201|GLU|any_contact_frequency,0.0,0.8,1.5,2.0,2
Nishino2008|rotarod|mouse|ICR|male|oral|2.0|mg/kg|30.0|positive_or_fallen_mice|0.5% CMC sodium|none|acute,diazepam,alpha2|BZD_SITE_203|ILE|any_contact_frequency,0.5111111111111111,0.3,1.0,1.0,2
Nishino2008|rotarod|mouse|ICR|male|oral|2.0|mg/kg|30.0|positive_or_fallen_mice|0.5% CMC sodium|none|acute,triazolam,alpha2|BZD_SITE_203|ILE|any_contact_frequency,0.6,0.8,2.0,2.0,2
Nishino2008|rotarod|mouse|ICR|male|oral|2.0|mg/kg|30.0|positive_or_fallen_mice|0.5% CMC sodium|none|acute,diazepam,alpha2|BZD_SITE_204|LYS|any_contact_frequency,0.0,0.3,1.0,1.0,2
Nishino2008|rotarod|mouse|ICR|male|oral|2.0|mg/kg|30.0|positive_or_fallen_mice|0.5% CMC sodium|none|acute,triazolam,alpha2|BZD_SITE_204|LYS|any_contact_frequency,0.0666666666666666,0.8,2.0,2.0,2
Nishino2008|rotarod|mouse|ICR|male|oral|2.0|mg/kg|30.0|positive_or_fallen_mice|0.5% CMC sodium|none|acute,diazepam,alpha2|BZD_SITE_206|SER|any_contact_frequency,0.0,0.3,1.5,1.0,2
Nishino2008|rotarod|mouse|ICR|male|oral|2.0|mg/kg|30.0|positive_or_fallen_mice|0.5% CMC sodium|none|acute,triazolam,alpha2|BZD_SITE_206|SER|any_contact_frequency,0.0,0.8,1.5,2.0,2
Nishino2008|rotarod|mouse|ICR|male|oral|2.0|mg/kg|30.0|positive_or_fallen_mice|0.5% CMC sodium|none|acute,diazepam,alpha2|BZD_SITE_207|THR|any_contact_frequency,0.0,0.3,1.5,1.0,2
Nishino2008|rotarod|mouse|ICR|male|oral|2.0|mg/kg|30.0|positive_or_fallen_mice|0.5% CMC sodium|none|acute,triazolam,alpha2|BZD_SITE_207|THR|any_contact_frequency,0.0,0.8,1.5,2.0,2
Nishino2008|rotarod|mouse|ICR|male|oral|2.0|mg/kg|30.0|positive_or_fallen_mice|0.5% CMC sodium|none|acute,diazepam,alpha2|BZD_SITE_210|TYR|any_contact_frequency,0.1111111111111111,0.3,2.0,1.0,2
Nishino2008|rotarod|mouse|ICR|male|oral|2.0|mg/kg|30.0|positive_or_fallen_mice|0.5% CMC sodium|none|acute,triazolam,alpha2|BZD_SITE_210|TYR|any_contact_frequency,0.0,0.8,1.0,2.0,2
Nishino2008|rotarod|mouse|ICR|male|oral|2.0|mg/kg|30.0|positive_or_fallen_mice|0.5% CMC sodium|none|acute,diazepam,alpha2|BZD_SITE_212|VAL|any_contact_frequency,0.0,0.3,1.5,1.0,2
Nishino2008|rotarod|mouse|ICR|male|oral|2.0|mg/kg|30.0|positive_or_fallen_mice|0.5% CMC sodium|none|acute,triazolam,alpha2|BZD_SITE_212|VAL|any_contact_frequency,0.0,0.8,1.5,2.0,2
Nishino2008|rotarod|mouse|ICR|male|oral|2.0|mg/kg|60.0|positive_or_fallen_mice|0.5% CMC sodium|none|acute,diazepam,alpha1|BZD_GAMMA2_056|ASP|any_contact_frequency,0.0,0.4,1.5,1.0,2
Nishino2008|rotarod|mouse|ICR|male|oral|2.0|mg/kg|60.0|positive_or_fallen_mice|0.5% CMC sodium|none|acute,triazolam,alpha1|BZD_GAMMA2_056|ASP|any_contact_frequency,0.0,0.7,1.5,2.0,2
Nishino2008|rotarod|mouse|ICR|male|oral|2.0|mg/kg|60.0|positive_or_fallen_mice|0.5% CMC sodium|none|acute,diazepam,alpha1|BZD_GAMMA2_058|TYR|any_contact_frequency,0.9111111111111112,0.4,2.0,1.0,2
Nishino2008|rotarod|mouse|ICR|male|oral|2.0|mg/kg|60.0|positive_or_fallen_mice|0.5% CMC sodium|none|acute,triazolam,alpha1|BZD_GAMMA2_058|TYR|any_contact_frequency,0.775,0.7,1.0,2.0,2
Nishino2008|rotarod|mouse|ICR|male|oral|2.0|mg/kg|60.0|positive_or_fallen_mice|0.5% CMC sodium|none|acute,diazepam,alpha1|BZD_GAMMA2_060|ASN|any_contact_frequency,0.0,0.4,1.0,1.0,2
Nishino2008|rotarod|mouse|ICR|male|oral|2.0|mg/kg|60.0|positive_or_fallen_mice|0.5% CMC sodium|none|acute,triazolam,alpha1|BZD_GAMMA2_060|ASN|any_contact_frequency,0.025,0.7,2.0,2.0,2
Nishino2008|rotarod|mouse|ICR|male|oral|2.0|mg/kg|60.0|positive_or_fallen_mice|0.5% CMC sodium|none|acute,diazepam,alpha1|BZD_GAMMA2_077|PHE|any_contact_frequency,0.8888888888888888,0.4,2.0,1.0,2
Nishino2008|rotarod|mouse|ICR|male|oral|2.0|mg/kg|60.0|positive_or_fallen_mice|0.5% CMC sodium|none|acute,triazolam,alpha1|BZD_GAMMA2_077|PHE|any_contact_frequency,0.75,0.7,1.0,2.0,2
Nishino2008|rotarod|mouse|ICR|male|oral|2.0|mg/kg|60.0|positive_or_fallen_mice|0.5% CMC sodium|none|acute,diazepam,alpha1|BZD_GAMMA2_079|ALA|any_contact_frequency,0.0,0.4,1.5,1.0,2
Nishino2008|rotarod|mouse|ICR|male|oral|2.0|mg/kg|60.0|positive_or_fallen_mice|0.5% CMC sodium|none|acute,triazolam,alpha1|BZD_GAMMA2_079|ALA|any_contact_frequency,0.0,0.7,1.5,2.0,2
Nishino2008|rotarod|mouse|ICR|male|oral|2.0|mg/kg|60.0|positive_or_fallen_mice|0.5% CMC sodium|none|acute,diazepam,alpha1|BZD_GAMMA2_142|THR|any_contact_frequency,0.0222222222222222,0.4,1.0,1.0,2
Nishino2008|rotarod|mouse|ICR|male|oral|2.0|mg/kg|60.0|positive_or_fallen_mice|0.5% CMC sodium|none|acute,triazolam,alpha1|BZD_GAMMA2_142|THR|any_contact_frequency,0.15,0.7,2.0,2.0,2
Nishino2008|rotarod|mouse|ICR|male|oral|2.0|mg/kg|60.0|positive_or_fallen_mice|0.5% CMC sodium|none|acute,diazepam,alpha1|BZD_GAMMA2_189|GLU|any_contact_frequency,0.0888888888888888,0.4,2.0,1.0,2
Nishino2008|rotarod|mouse|ICR|male|oral|2.0|mg/kg|60.0|positive_or_fallen_mice|0.5% CMC sodium|none|acute,triazolam,alpha1|BZD_GAMMA2_189|GLU|any_contact_frequency,0.05,0.7,1.0,2.0,2
Nishino2008|rotarod|mouse|ICR|male|oral|2.0|mg/kg|60.0|positive_or_fallen_mice|0.5% CMC sodium|none|acute,diazepam,alpha1|BZD_GAMMA2_192|ASP|any_contact_frequency,0.0,0.4,1.5,1.0,2
Nishino2008|rotarod|mouse|ICR|male|oral|2.0|mg/kg|60.0|positive_or_fallen_mice|0.5% CMC sodium|none|acute,triazolam,alpha1|BZD_GAMMA2_192|ASP|any_contact_frequency,0.0,0.7,1.5,2.0,2
Nishino2008|rotarod|mouse|ICR|male|oral|2.0|mg/kg|60.0|positive_or_fallen_mice|0.5% CMC sodium|none|acute,diazepam,alpha1|BZD_GAMMA2_195|SER|any_contact_frequency,0.0,0.4,1.5,1.0,2
Nishino2008|rotarod|mouse|ICR|male|oral|2.0|mg/kg|60.0|positive_or_fallen_mice|0.5% CMC sodium|none|acute,triazolam,alpha1|BZD_GAMMA2_195|SER|any_contact_frequency,0.0,0.7,1.5,2.0,2
Nishino2008|rotarod|mouse|ICR|male|oral|2.0|mg/kg|60.0|positive_or_fallen_mice|0.5% CMC sodium|none|acute,diazepam,alpha1|BZD_SITE_100|PHE|any_contact_frequency,0.3111111111111111,0.4,2.0,1.0,2
Nishino2008|rotarod|mouse|ICR|male|oral|2.0|mg/kg|60.0|positive_or_fallen_mice|0.5% CMC sodium|none|acute,triazolam,alpha1|BZD_SITE_100|PHE|any_contact_frequency,0.175,0.7,1.0,2.0,2
Nishino2008|rotarod|mouse|ICR|male|oral|2.0|mg/kg|60.0|positive_or_fallen_mice|0.5% CMC sodium|none|acute,diazepam,alpha1|BZD_SITE_102|HIS|any_contact_frequency,0.0666666666666666,0.4,1.0,1.0,2
Nishino2008|rotarod|mouse|ICR|male|oral|2.0|mg/kg|60.0|positive_or_fallen_mice|0.5% CMC sodium|none|acute,triazolam,alpha1|BZD_SITE_102|HIS|any_contact_frequency,0.3,0.7,2.0,2.0,2
Nishino2008|rotarod|mouse|ICR|male|oral|2.0|mg/kg|60.0|positive_or_fallen_mice|0.5% CMC sodium|none|acute,diazepam,alpha1|BZD_SITE_103|ASN|any_contact_frequency,0.0444444444444444,0.4,2.0,1.0,2
Nishino2008|rotarod|mouse|ICR|male|oral|2.0|mg/kg|60.0|positive_or_fallen_mice|0.5% CMC sodium|none|acute,triazolam,alpha1|BZD_SITE_103|ASN|any_contact_frequency,0.0,0.7,1.0,2.0,2
Nishino2008|rotarod|mouse|ICR|male|oral|2.0|mg/kg|60.0|positive_or_fallen_mice|0.5% CMC sodium|none|acute,diazepam,alpha1|BZD_SITE_138|GLU|any_contact_frequency,0.0,0.4,1.5,1.0,2
Nishino2008|rotarod|mouse|ICR|male|oral|2.0|mg/kg|60.0|positive_or_fallen_mice|0.5% CMC sodium|none|acute,triazolam,alpha1|BZD_SITE_138|GLU|any_contact_frequency,0.0,0.7,1.5,2.0,2
Nishino2008|rotarod|mouse|ICR|male|oral|2.0|mg/kg|60.0|positive_or_fallen_mice|0.5% CMC sodium|none|acute,diazepam,alpha1|BZD_SITE_156|LYS|any_contact_frequency,0.1555555555555555,0.4,1.0,1.0,2
Nishino2008|rotarod|mouse|ICR|male|oral|2.0|mg/kg|60.0|positive_or_fallen_mice|0.5% CMC sodium|none|acute,triazolam,alpha1|BZD_SITE_156|LYS|any_contact_frequency,0.2,0.7,2.0,2.0,2
Nishino2008|rotarod|mouse|ICR|male|oral|2.0|mg/kg|60.0|positive_or_fallen_mice|0.5% CMC sodium|none|acute,diazepam,alpha1|BZD_SITE_160|TYR|any_contact_frequency,0.2444444444444444,0.4,2.0,1.0,2
Nishino2008|rotarod|mouse|ICR|male|oral|2.0|mg/kg|60.0|positive_or_fallen_mice|0.5% CMC sodium|none|acute,triazolam,alpha1|BZD_SITE_160|TYR|any_contact_frequency,0.225,0.7,1.0,2.0,2
Nishino2008|rotarod|mouse|ICR|male|oral|2.0|mg/kg|60.0|positive_or_fallen_mice|0.5% CMC sodium|none|acute,diazepam,alpha1|BZD_SITE_203|VAL|any_contact_frequency,0.5111111111111111,0.4,1.0,1.0,2
Nishino2008|rotarod|mouse|ICR|male|oral|2.0|mg/kg|60.0|positive_or_fallen_mice|0.5% CMC sodium|none|acute,triazolam,alpha1|BZD_SITE_203|VAL|any_contact_frequency,0.675,0.7,2.0,2.0,2
Nishino2008|rotarod|mouse|ICR|male|oral|2.0|mg/kg|60.0|positive_or_fallen_mice|0.5% CMC sodium|none|acute,diazepam,alpha1|BZD_SITE_204|GLN|any_contact_frequency,0.0222222222222222,0.4,2.0,1.0,2
Nishino2008|rotarod|mouse|ICR|male|oral|2.0|mg/kg|60.0|positive_or_fallen_mice|0.5% CMC sodium|none|acute,triazolam,alpha1|BZD_SITE_204|GLN|any_contact_frequency,0.0,0.7,1.0,2.0,2
Nishino2008|rotarod|mouse|ICR|male|oral|2.0|mg/kg|60.0|positive_or_fallen_mice|0.5% CMC sodium|none|acute,diazepam,alpha1|BZD_SITE_205|SER|any_contact_frequency,0.1777777777777777,0.4,1.0,1.0,2
Nishino2008|rotarod|mouse|ICR|male|oral|2.0|mg/kg|60.0|positive_or_fallen_mice|0.5% CMC sodium|none|acute,triazolam,alpha1|BZD_SITE_205|SER|any_contact_frequency,0.25,0.7,2.0,2.0,2
Nishino2008|rotarod|mouse|ICR|male|oral|2.0|mg/kg|60.0|positive_or_fallen_mice|0.5% CMC sodium|none|acute,diazepam,alpha1|BZD_SITE_206|SER|any_contact_frequency,0.0,0.4,1.0,1.0,2
Nishino2008|rotarod|mouse|ICR|male|oral|2.0|mg/kg|60.0|positive_or_fallen_mice|0.5% CMC sodium|none|acute,triazolam,alpha1|BZD_SITE_206|SER|any_contact_frequency,0.05,0.7,2.0,2.0,2
Nishino2008|rotarod|mouse|ICR|male|oral|2.0|mg/kg|60.0|positive_or_fallen_mice|0.5% CMC sodium|none|acute,diazepam,alpha1|BZD_SITE_207|THR|any_contact_frequency,0.1333333333333333,0.4,2.0,1.0,2
Nishino2008|rotarod|mouse|ICR|male|oral|2.0|mg/kg|60.0|positive_or_fallen_mice|0.5% CMC sodium|none|acute,triazolam,alpha1|BZD_SITE_207|THR|any_contact_frequency,0.0,0.7,1.0,2.0,2
Nishino2008|rotarod|mouse|ICR|male|oral|2.0|mg/kg|60.0|positive_or_fallen_mice|0.5% CMC sodium|none|acute,diazepam,alpha1|BZD_SITE_210|TYR|any_contact_frequency,0.2222222222222222,0.4,1.0,1.0,2
Nishino2008|rotarod|mouse|ICR|male|oral|2.0|mg/kg|60.0|positive_or_fallen_mice|0.5% CMC sodium|none|acute,triazolam,alpha1|BZD_SITE_210|TYR|any_contact_frequency,0.4,0.7,2.0,2.0,2
Nishino2008|rotarod|mouse|ICR|male|oral|2.0|mg/kg|60.0|positive_or_fallen_mice|0.5% CMC sodium|none|acute,diazepam,alpha2|BZD_GAMMA2_056|ASP|any_contact_frequency,0.0,0.4,1.5,1.0,2
Nishino2008|rotarod|mouse|ICR|male|oral|2.0|mg/kg|60.0|positive_or_fallen_mice|0.5% CMC sodium|none|acute,triazolam,alpha2|BZD_GAMMA2_056|ASP|any_contact_frequency,0.0,0.7,1.5,2.0,2
Nishino2008|rotarod|mouse|ICR|male|oral|2.0|mg/kg|60.0|positive_or_fallen_mice|0.5% CMC sodium|none|acute,diazepam,alpha2|BZD_GAMMA2_058|TYR|any_contact_frequency,0.4666666666666667,0.4,2.0,1.0,2
Nishino2008|rotarod|mouse|ICR|male|oral|2.0|mg/kg|60.0|positive_or_fallen_mice|0.5% CMC sodium|none|acute,triazolam,alpha2|BZD_GAMMA2_058|TYR|any_contact_frequency,0.2888888888888888,0.7,1.0,2.0,2
Nishino2008|rotarod|mouse|ICR|male|oral|2.0|mg/kg|60.0|positive_or_fallen_mice|0.5% CMC sodium|none|acute,diazepam,alpha2|BZD_GAMMA2_059|VAL|any_contact_frequency,0.0222222222222222,0.4,1.5,1.0,2
Nishino2008|rotarod|mouse|ICR|male|oral|2.0|mg/kg|60.0|positive_or_fallen_mice|0.5% CMC sodium|none|acute,triazolam,alpha2|BZD_GAMMA2_059|VAL|any_contact_frequency,0.0222222222222222,0.7,1.5,2.0,2
Nishino2008|rotarod|mouse|ICR|male|oral|2.0|mg/kg|60.0|positive_or_fallen_mice|0.5% CMC sodium|none|acute,diazepam,alpha2|BZD_GAMMA2_060|ASN|any_contact_frequency,0.0888888888888888,0.4,1.0,1.0,2
Nishino2008|rotarod|mouse|ICR|male|oral|2.0|mg/kg|60.0|positive_or_fallen_mice|0.5% CMC sodium|none|acute,triazolam,alpha2|BZD_GAMMA2_060|ASN|any_contact_frequency,0.2888888888888888,0.7,2.0,2.0,2
Nishino2008|rotarod|mouse|ICR|male|oral|2.0|mg/kg|60.0|positive_or_fallen_mice|0.5% CMC sodium|none|acute,diazepam,alpha2|BZD_GAMMA2_061|SER|any_contact_frequency,0.0666666666666666,0.4,2.0,1.0,2
Nishino2008|rotarod|mouse|ICR|male|oral|2.0|mg/kg|60.0|positive_or_fallen_mice|0.5% CMC sodium|none|acute,triazolam,alpha2|BZD_GAMMA2_061|SER|any_contact_frequency,0.0,0.7,1.0,2.0,2
Nishino2008|rotarod|mouse|ICR|male|oral|2.0|mg/kg|60.0|positive_or_fallen_mice|0.5% CMC sodium|none|acute,diazepam,alpha2|BZD_GAMMA2_075|ASP|any_contact_frequency,0.0444444444444444,0.4,1.0,1.0,2
Nishino2008|rotarod|mouse|ICR|male|oral|2.0|mg/kg|60.0|positive_or_fallen_mice|0.5% CMC sodium|none|acute,triazolam,alpha2|BZD_GAMMA2_075|ASP|any_contact_frequency,0.0666666666666666,0.7,2.0,2.0,2
Nishino2008|rotarod|mouse|ICR|male|oral|2.0|mg/kg|60.0|positive_or_fallen_mice|0.5% CMC sodium|none|acute,diazepam,alpha2|BZD_GAMMA2_077|PHE|any_contact_frequency,0.9777777777777776,0.4,2.0,1.0,2
Nishino2008|rotarod|mouse|ICR|male|oral|2.0|mg/kg|60.0|positive_or_fallen_mice|0.5% CMC sodium|none|acute,triazolam,alpha2|BZD_GAMMA2_077|PHE|any_contact_frequency,0.4444444444444444,0.7,1.0,2.0,2
Nishino2008|rotarod|mouse|ICR|male|oral|2.0|mg/kg|60.0|positive_or_fallen_mice|0.5% CMC sodium|none|acute,diazepam,alpha2|BZD_GAMMA2_079|ALA|any_contact_frequency,0.0,0.4,1.5,1.0,2
Nishino2008|rotarod|mouse|ICR|male|oral|2.0|mg/kg|60.0|positive_or_fallen_mice|0.5% CMC sodium|none|acute,triazolam,alpha2|BZD_GAMMA2_079|ALA|any_contact_frequency,0.0,0.7,1.5,2.0,2
Nishino2008|rotarod|mouse|ICR|male|oral|2.0|mg/kg|60.0|positive_or_fallen_mice|0.5% CMC sodium|none|acute,diazepam,alpha2|BZD_GAMMA2_142|THR|any_contact_frequency,0.0,0.4,1.5,1.0,2
Nishino2008|rotarod|mouse|ICR|male|oral|2.0|mg/kg|60.0|positive_or_fallen_mice|0.5% CMC sodium|none|acute,triazolam,alpha2|BZD_GAMMA2_142|THR|any_contact_frequency,0.0,0.7,1.5,2.0,2
Nishino2008|rotarod|mouse|ICR|male|oral|2.0|mg/kg|60.0|positive_or_fallen_mice|0.5% CMC sodium|none|acute,diazepam,alpha2|BZD_GAMMA2_144|ARG|any_contact_frequency,0.0,0.4,1.5,1.0,2
Nishino2008|rotarod|mouse|ICR|male|oral|2.0|mg/kg|60.0|positive_or_fallen_mice|0.5% CMC sodium|none|acute,triazolam,alpha2|BZD_GAMMA2_144|ARG|any_contact_frequency,0.0,0.7,1.5,2.0,2
Nishino2008|rotarod|mouse|ICR|male|oral|2.0|mg/kg|60.0|positive_or_fallen_mice|0.5% CMC sodium|none|acute,diazepam,alpha2|BZD_GAMMA2_192|ASP|any_contact_frequency,0.0444444444444444,0.4,1.5,1.0,2
Nishino2008|rotarod|mouse|ICR|male|oral|2.0|mg/kg|60.0|positive_or_fallen_mice|0.5% CMC sodium|none|acute,triazolam,alpha2|BZD_GAMMA2_192|ASP|any_contact_frequency,0.0444444444444444,0.7,1.5,2.0,2
Nishino2008|rotarod|mouse|ICR|male|oral|2.0|mg/kg|60.0|positive_or_fallen_mice|0.5% CMC sodium|none|acute,diazepam,alpha2|BZD_GAMMA2_195|SER|any_contact_frequency,0.0,0.4,1.0,1.0,2
Nishino2008|rotarod|mouse|ICR|male|oral|2.0|mg/kg|60.0|positive_or_fallen_mice|0.5% CMC sodium|none|acute,triazolam,alpha2|BZD_GAMMA2_195|SER|any_contact_frequency,0.0444444444444444,0.7,2.0,2.0,2
Nishino2008|rotarod|mouse|ICR|male|oral|2.0|mg/kg|60.0|positive_or_fallen_mice|0.5% CMC sodium|none|acute,diazepam,alpha2|BZD_GAMMA2_196|TRP|any_contact_frequency,0.0,0.4,1.5,1.0,2
Nishino2008|rotarod|mouse|ICR|male|oral|2.0|mg/kg|60.0|positive_or_fallen_mice|0.5% CMC sodium|none|acute,triazolam,alpha2|BZD_GAMMA2_196|TRP|any_contact_frequency,0.0,0.7,1.5,2.0,2
Nishino2008|rotarod|mouse|ICR|male|oral|2.0|mg/kg|60.0|positive_or_fallen_mice|0.5% CMC sodium|none|acute,diazepam,alpha2|BZD_SITE_100|PHE|any_contact_frequency,0.3555555555555555,0.4,2.0,1.0,2
Nishino2008|rotarod|mouse|ICR|male|oral|2.0|mg/kg|60.0|positive_or_fallen_mice|0.5% CMC sodium|none|acute,triazolam,alpha2|BZD_SITE_100|PHE|any_contact_frequency,0.1111111111111111,0.7,1.0,2.0,2
Nishino2008|rotarod|mouse|ICR|male|oral|2.0|mg/kg|60.0|positive_or_fallen_mice|0.5% CMC sodium|none|acute,diazepam,alpha2|BZD_SITE_102|HIS|any_contact_frequency,0.3333333333333333,0.4,2.0,1.0,2
Nishino2008|rotarod|mouse|ICR|male|oral|2.0|mg/kg|60.0|positive_or_fallen_mice|0.5% CMC sodium|none|acute,triazolam,alpha2|BZD_SITE_102|HIS|any_contact_frequency,0.3111111111111111,0.7,1.0,2.0,2
Nishino2008|rotarod|mouse|ICR|male|oral|2.0|mg/kg|60.0|positive_or_fallen_mice|0.5% CMC sodium|none|acute,diazepam,alpha2|BZD_SITE_103|ASN|any_contact_frequency,0.1333333333333333,0.4,1.0,1.0,2
Nishino2008|rotarod|mouse|ICR|male|oral|2.0|mg/kg|60.0|positive_or_fallen_mice|0.5% CMC sodium|none|acute,triazolam,alpha2|BZD_SITE_103|ASN|any_contact_frequency,0.3555555555555555,0.7,2.0,2.0,2
Nishino2008|rotarod|mouse|ICR|male|oral|2.0|mg/kg|60.0|positive_or_fallen_mice|0.5% CMC sodium|none|acute,diazepam,alpha2|BZD_SITE_138|GLU|any_contact_frequency,0.0,0.4,1.5,1.0,2
Nishino2008|rotarod|mouse|ICR|male|oral|2.0|mg/kg|60.0|positive_or_fallen_mice|0.5% CMC sodium|none|acute,triazolam,alpha2|BZD_SITE_138|GLU|any_contact_frequency,0.0,0.7,1.5,2.0,2
Nishino2008|rotarod|mouse|ICR|male|oral|2.0|mg/kg|60.0|positive_or_fallen_mice|0.5% CMC sodium|none|acute,diazepam,alpha2|BZD_SITE_154|PRO|any_contact_frequency,0.0,0.4,1.0,1.0,2
Nishino2008|rotarod|mouse|ICR|male|oral|2.0|mg/kg|60.0|positive_or_fallen_mice|0.5% CMC sodium|none|acute,triazolam,alpha2|BZD_SITE_154|PRO|any_contact_frequency,0.1111111111111111,0.7,2.0,2.0,2
Nishino2008|rotarod|mouse|ICR|male|oral|2.0|mg/kg|60.0|positive_or_fallen_mice|0.5% CMC sodium|none|acute,diazepam,alpha2|BZD_SITE_156|LYS|any_contact_frequency,0.0666666666666666,0.4,1.0,1.0,2
Nishino2008|rotarod|mouse|ICR|male|oral|2.0|mg/kg|60.0|positive_or_fallen_mice|0.5% CMC sodium|none|acute,triazolam,alpha2|BZD_SITE_156|LYS|any_contact_frequency,0.3111111111111111,0.7,2.0,2.0,2
Nishino2008|rotarod|mouse|ICR|male|oral|2.0|mg/kg|60.0|positive_or_fallen_mice|0.5% CMC sodium|none|acute,diazepam,alpha2|BZD_SITE_160|TYR|any_contact_frequency,0.1111111111111111,0.4,2.0,1.0,2
Nishino2008|rotarod|mouse|ICR|male|oral|2.0|mg/kg|60.0|positive_or_fallen_mice|0.5% CMC sodium|none|acute,triazolam,alpha2|BZD_SITE_160|TYR|any_contact_frequency,0.0,0.7,1.0,2.0,2
Nishino2008|rotarod|mouse|ICR|male|oral|2.0|mg/kg|60.0|positive_or_fallen_mice|0.5% CMC sodium|none|acute,diazepam,alpha2|BZD_SITE_201|GLU|any_contact_frequency,0.0,0.4,1.5,1.0,2
Nishino2008|rotarod|mouse|ICR|male|oral|2.0|mg/kg|60.0|positive_or_fallen_mice|0.5% CMC sodium|none|acute,triazolam,alpha2|BZD_SITE_201|GLU|any_contact_frequency,0.0,0.7,1.5,2.0,2
Nishino2008|rotarod|mouse|ICR|male|oral|2.0|mg/kg|60.0|positive_or_fallen_mice|0.5% CMC sodium|none|acute,diazepam,alpha2|BZD_SITE_203|ILE|any_contact_frequency,0.5111111111111111,0.4,1.0,1.0,2
Nishino2008|rotarod|mouse|ICR|male|oral|2.0|mg/kg|60.0|positive_or_fallen_mice|0.5% CMC sodium|none|acute,triazolam,alpha2|BZD_SITE_203|ILE|any_contact_frequency,0.6,0.7,2.0,2.0,2
Nishino2008|rotarod|mouse|ICR|male|oral|2.0|mg/kg|60.0|positive_or_fallen_mice|0.5% CMC sodium|none|acute,diazepam,alpha2|BZD_SITE_204|LYS|any_contact_frequency,0.0,0.4,1.0,1.0,2
Nishino2008|rotarod|mouse|ICR|male|oral|2.0|mg/kg|60.0|positive_or_fallen_mice|0.5% CMC sodium|none|acute,triazolam,alpha2|BZD_SITE_204|LYS|any_contact_frequency,0.0666666666666666,0.7,2.0,2.0,2
Nishino2008|rotarod|mouse|ICR|male|oral|2.0|mg/kg|60.0|positive_or_fallen_mice|0.5% CMC sodium|none|acute,diazepam,alpha2|BZD_SITE_206|SER|any_contact_frequency,0.0,0.4,1.5,1.0,2
Nishino2008|rotarod|mouse|ICR|male|oral|2.0|mg/kg|60.0|positive_or_fallen_mice|0.5% CMC sodium|none|acute,triazolam,alpha2|BZD_SITE_206|SER|any_contact_frequency,0.0,0.7,1.5,2.0,2
Nishino2008|rotarod|mouse|ICR|male|oral|2.0|mg/kg|60.0|positive_or_fallen_mice|0.5% CMC sodium|none|acute,diazepam,alpha2|BZD_SITE_207|THR|any_contact_frequency,0.0,0.4,1.5,1.0,2
Nishino2008|rotarod|mouse|ICR|male|oral|2.0|mg/kg|60.0|positive_or_fallen_mice|0.5% CMC sodium|none|acute,triazolam,alpha2|BZD_SITE_207|THR|any_contact_frequency,0.0,0.7,1.5,2.0,2
Nishino2008|rotarod|mouse|ICR|male|oral|2.0|mg/kg|60.0|positive_or_fallen_mice|0.5% CMC sodium|none|acute,diazepam,alpha2|BZD_SITE_210|TYR|any_contact_frequency,0.1111111111111111,0.4,2.0,1.0,2
Nishino2008|rotarod|mouse|ICR|male|oral|2.0|mg/kg|60.0|positive_or_fallen_mice|0.5% CMC sodium|none|acute,triazolam,alpha2|BZD_SITE_210|TYR|any_contact_frequency,0.0,0.7,1.0,2.0,2
Nishino2008|rotarod|mouse|ICR|male|oral|2.0|mg/kg|60.0|positive_or_fallen_mice|0.5% CMC sodium|none|acute,diazepam,alpha2|BZD_SITE_212|VAL|any_contact_frequency,0.0,0.4,1.5,1.0,2
Nishino2008|rotarod|mouse|ICR|male|oral|2.0|mg/kg|60.0|positive_or_fallen_mice|0.5% CMC sodium|none|acute,triazolam,alpha2|BZD_SITE_212|VAL|any_contact_frequency,0.0,0.7,1.5,2.0,2
Nishino2008|rotarod|mouse|ICR|male|oral|2.0|mg/kg|90.0|positive_or_fallen_mice|0.5% CMC sodium|none|acute,diazepam,alpha1|BZD_GAMMA2_056|ASP|any_contact_frequency,0.0,0.3,1.5,1.0,2
Nishino2008|rotarod|mouse|ICR|male|oral|2.0|mg/kg|90.0|positive_or_fallen_mice|0.5% CMC sodium|none|acute,triazolam,alpha1|BZD_GAMMA2_056|ASP|any_contact_frequency,0.0,0.5,1.5,2.0,2
Nishino2008|rotarod|mouse|ICR|male|oral|2.0|mg/kg|90.0|positive_or_fallen_mice|0.5% CMC sodium|none|acute,diazepam,alpha1|BZD_GAMMA2_058|TYR|any_contact_frequency,0.9111111111111112,0.3,2.0,1.0,2
Nishino2008|rotarod|mouse|ICR|male|oral|2.0|mg/kg|90.0|positive_or_fallen_mice|0.5% CMC sodium|none|acute,triazolam,alpha1|BZD_GAMMA2_058|TYR|any_contact_frequency,0.775,0.5,1.0,2.0,2
Nishino2008|rotarod|mouse|ICR|male|oral|2.0|mg/kg|90.0|positive_or_fallen_mice|0.5% CMC sodium|none|acute,diazepam,alpha1|BZD_GAMMA2_060|ASN|any_contact_frequency,0.0,0.3,1.0,1.0,2
Nishino2008|rotarod|mouse|ICR|male|oral|2.0|mg/kg|90.0|positive_or_fallen_mice|0.5% CMC sodium|none|acute,triazolam,alpha1|BZD_GAMMA2_060|ASN|any_contact_frequency,0.025,0.5,2.0,2.0,2
Nishino2008|rotarod|mouse|ICR|male|oral|2.0|mg/kg|90.0|positive_or_fallen_mice|0.5% CMC sodium|none|acute,diazepam,alpha1|BZD_GAMMA2_077|PHE|any_contact_frequency,0.8888888888888888,0.3,2.0,1.0,2
Nishino2008|rotarod|mouse|ICR|male|oral|2.0|mg/kg|90.0|positive_or_fallen_mice|0.5% CMC sodium|none|acute,triazolam,alpha1|BZD_GAMMA2_077|PHE|any_contact_frequency,0.75,0.5,1.0,2.0,2
Nishino2008|rotarod|mouse|ICR|male|oral|2.0|mg/kg|90.0|positive_or_fallen_mice|0.5% CMC sodium|none|acute,diazepam,alpha1|BZD_GAMMA2_079|ALA|any_contact_frequency,0.0,0.3,1.5,1.0,2
Nishino2008|rotarod|mouse|ICR|male|oral|2.0|mg/kg|90.0|positive_or_fallen_mice|0.5% CMC sodium|none|acute,triazolam,alpha1|BZD_GAMMA2_079|ALA|any_contact_frequency,0.0,0.5,1.5,2.0,2
Nishino2008|rotarod|mouse|ICR|male|oral|2.0|mg/kg|90.0|positive_or_fallen_mice|0.5% CMC sodium|none|acute,diazepam,alpha1|BZD_GAMMA2_142|THR|any_contact_frequency,0.0222222222222222,0.3,1.0,1.0,2
Nishino2008|rotarod|mouse|ICR|male|oral|2.0|mg/kg|90.0|positive_or_fallen_mice|0.5% CMC sodium|none|acute,triazolam,alpha1|BZD_GAMMA2_142|THR|any_contact_frequency,0.15,0.5,2.0,2.0,2
Nishino2008|rotarod|mouse|ICR|male|oral|2.0|mg/kg|90.0|positive_or_fallen_mice|0.5% CMC sodium|none|acute,diazepam,alpha1|BZD_GAMMA2_189|GLU|any_contact_frequency,0.0888888888888888,0.3,2.0,1.0,2
Nishino2008|rotarod|mouse|ICR|male|oral|2.0|mg/kg|90.0|positive_or_fallen_mice|0.5% CMC sodium|none|acute,triazolam,alpha1|BZD_GAMMA2_189|GLU|any_contact_frequency,0.05,0.5,1.0,2.0,2
Nishino2008|rotarod|mouse|ICR|male|oral|2.0|mg/kg|90.0|positive_or_fallen_mice|0.5% CMC sodium|none|acute,diazepam,alpha1|BZD_GAMMA2_192|ASP|any_contact_frequency,0.0,0.3,1.5,1.0,2
Nishino2008|rotarod|mouse|ICR|male|oral|2.0|mg/kg|90.0|positive_or_fallen_mice|0.5% CMC sodium|none|acute,triazolam,alpha1|BZD_GAMMA2_192|ASP|any_contact_frequency,0.0,0.5,1.5,2.0,2
Nishino2008|rotarod|mouse|ICR|male|oral|2.0|mg/kg|90.0|positive_or_fallen_mice|0.5% CMC sodium|none|acute,diazepam,alpha1|BZD_GAMMA2_195|SER|any_contact_frequency,0.0,0.3,1.5,1.0,2
Nishino2008|rotarod|mouse|ICR|male|oral|2.0|mg/kg|90.0|positive_or_fallen_mice|0.5% CMC sodium|none|acute,triazolam,alpha1|BZD_GAMMA2_195|SER|any_contact_frequency,0.0,0.5,1.5,2.0,2
Nishino2008|rotarod|mouse|ICR|male|oral|2.0|mg/kg|90.0|positive_or_fallen_mice|0.5% CMC sodium|none|acute,diazepam,alpha1|BZD_SITE_100|PHE|any_contact_frequency,0.3111111111111111,0.3,2.0,1.0,2
Nishino2008|rotarod|mouse|ICR|male|oral|2.0|mg/kg|90.0|positive_or_fallen_mice|0.5% CMC sodium|none|acute,triazolam,alpha1|BZD_SITE_100|PHE|any_contact_frequency,0.175,0.5,1.0,2.0,2
Nishino2008|rotarod|mouse|ICR|male|oral|2.0|mg/kg|90.0|positive_or_fallen_mice|0.5% CMC sodium|none|acute,diazepam,alpha1|BZD_SITE_102|HIS|any_contact_frequency,0.0666666666666666,0.3,1.0,1.0,2
Nishino2008|rotarod|mouse|ICR|male|oral|2.0|mg/kg|90.0|positive_or_fallen_mice|0.5% CMC sodium|none|acute,triazolam,alpha1|BZD_SITE_102|HIS|any_contact_frequency,0.3,0.5,2.0,2.0,2
Nishino2008|rotarod|mouse|ICR|male|oral|2.0|mg/kg|90.0|positive_or_fallen_mice|0.5% CMC sodium|none|acute,diazepam,alpha1|BZD_SITE_103|ASN|any_contact_frequency,0.0444444444444444,0.3,2.0,1.0,2
Nishino2008|rotarod|mouse|ICR|male|oral|2.0|mg/kg|90.0|positive_or_fallen_mice|0.5% CMC sodium|none|acute,triazolam,alpha1|BZD_SITE_103|ASN|any_contact_frequency,0.0,0.5,1.0,2.0,2
Nishino2008|rotarod|mouse|ICR|male|oral|2.0|mg/kg|90.0|positive_or_fallen_mice|0.5% CMC sodium|none|acute,diazepam,alpha1|BZD_SITE_138|GLU|any_contact_frequency,0.0,0.3,1.5,1.0,2
Nishino2008|rotarod|mouse|ICR|male|oral|2.0|mg/kg|90.0|positive_or_fallen_mice|0.5% CMC sodium|none|acute,triazolam,alpha1|BZD_SITE_138|GLU|any_contact_frequency,0.0,0.5,1.5,2.0,2
Nishino2008|rotarod|mouse|ICR|male|oral|2.0|mg/kg|90.0|positive_or_fallen_mice|0.5% CMC sodium|none|acute,diazepam,alpha1|BZD_SITE_156|LYS|any_contact_frequency,0.1555555555555555,0.3,1.0,1.0,2
Nishino2008|rotarod|mouse|ICR|male|oral|2.0|mg/kg|90.0|positive_or_fallen_mice|0.5% CMC sodium|none|acute,triazolam,alpha1|BZD_SITE_156|LYS|any_contact_frequency,0.2,0.5,2.0,2.0,2
Nishino2008|rotarod|mouse|ICR|male|oral|2.0|mg/kg|90.0|positive_or_fallen_mice|0.5% CMC sodium|none|acute,diazepam,alpha1|BZD_SITE_160|TYR|any_contact_frequency,0.2444444444444444,0.3,2.0,1.0,2
Nishino2008|rotarod|mouse|ICR|male|oral|2.0|mg/kg|90.0|positive_or_fallen_mice|0.5% CMC sodium|none|acute,triazolam,alpha1|BZD_SITE_160|TYR|any_contact_frequency,0.225,0.5,1.0,2.0,2
Nishino2008|rotarod|mouse|ICR|male|oral|2.0|mg/kg|90.0|positive_or_fallen_mice|0.5% CMC sodium|none|acute,diazepam,alpha1|BZD_SITE_203|VAL|any_contact_frequency,0.5111111111111111,0.3,1.0,1.0,2
Nishino2008|rotarod|mouse|ICR|male|oral|2.0|mg/kg|90.0|positive_or_fallen_mice|0.5% CMC sodium|none|acute,triazolam,alpha1|BZD_SITE_203|VAL|any_contact_frequency,0.675,0.5,2.0,2.0,2
Nishino2008|rotarod|mouse|ICR|male|oral|2.0|mg/kg|90.0|positive_or_fallen_mice|0.5% CMC sodium|none|acute,diazepam,alpha1|BZD_SITE_204|GLN|any_contact_frequency,0.0222222222222222,0.3,2.0,1.0,2
Nishino2008|rotarod|mouse|ICR|male|oral|2.0|mg/kg|90.0|positive_or_fallen_mice|0.5% CMC sodium|none|acute,triazolam,alpha1|BZD_SITE_204|GLN|any_contact_frequency,0.0,0.5,1.0,2.0,2
Nishino2008|rotarod|mouse|ICR|male|oral|2.0|mg/kg|90.0|positive_or_fallen_mice|0.5% CMC sodium|none|acute,diazepam,alpha1|BZD_SITE_205|SER|any_contact_frequency,0.1777777777777777,0.3,1.0,1.0,2
Nishino2008|rotarod|mouse|ICR|male|oral|2.0|mg/kg|90.0|positive_or_fallen_mice|0.5% CMC sodium|none|acute,triazolam,alpha1|BZD_SITE_205|SER|any_contact_frequency,0.25,0.5,2.0,2.0,2
Nishino2008|rotarod|mouse|ICR|male|oral|2.0|mg/kg|90.0|positive_or_fallen_mice|0.5% CMC sodium|none|acute,diazepam,alpha1|BZD_SITE_206|SER|any_contact_frequency,0.0,0.3,1.0,1.0,2
Nishino2008|rotarod|mouse|ICR|male|oral|2.0|mg/kg|90.0|positive_or_fallen_mice|0.5% CMC sodium|none|acute,triazolam,alpha1|BZD_SITE_206|SER|any_contact_frequency,0.05,0.5,2.0,2.0,2
Nishino2008|rotarod|mouse|ICR|male|oral|2.0|mg/kg|90.0|positive_or_fallen_mice|0.5% CMC sodium|none|acute,diazepam,alpha1|BZD_SITE_207|THR|any_contact_frequency,0.1333333333333333,0.3,2.0,1.0,2
Nishino2008|rotarod|mouse|ICR|male|oral|2.0|mg/kg|90.0|positive_or_fallen_mice|0.5% CMC sodium|none|acute,triazolam,alpha1|BZD_SITE_207|THR|any_contact_frequency,0.0,0.5,1.0,2.0,2
Nishino2008|rotarod|mouse|ICR|male|oral|2.0|mg/kg|90.0|positive_or_fallen_mice|0.5% CMC sodium|none|acute,diazepam,alpha1|BZD_SITE_210|TYR|any_contact_frequency,0.2222222222222222,0.3,1.0,1.0,2
Nishino2008|rotarod|mouse|ICR|male|oral|2.0|mg/kg|90.0|positive_or_fallen_mice|0.5% CMC sodium|none|acute,triazolam,alpha1|BZD_SITE_210|TYR|any_contact_frequency,0.4,0.5,2.0,2.0,2
Nishino2008|rotarod|mouse|ICR|male|oral|2.0|mg/kg|90.0|positive_or_fallen_mice|0.5% CMC sodium|none|acute,diazepam,alpha2|BZD_GAMMA2_056|ASP|any_contact_frequency,0.0,0.3,1.5,1.0,2
Nishino2008|rotarod|mouse|ICR|male|oral|2.0|mg/kg|90.0|positive_or_fallen_mice|0.5% CMC sodium|none|acute,triazolam,alpha2|BZD_GAMMA2_056|ASP|any_contact_frequency,0.0,0.5,1.5,2.0,2
Nishino2008|rotarod|mouse|ICR|male|oral|2.0|mg/kg|90.0|positive_or_fallen_mice|0.5% CMC sodium|none|acute,diazepam,alpha2|BZD_GAMMA2_058|TYR|any_contact_frequency,0.4666666666666667,0.3,2.0,1.0,2
Nishino2008|rotarod|mouse|ICR|male|oral|2.0|mg/kg|90.0|positive_or_fallen_mice|0.5% CMC sodium|none|acute,triazolam,alpha2|BZD_GAMMA2_058|TYR|any_contact_frequency,0.2888888888888888,0.5,1.0,2.0,2
Nishino2008|rotarod|mouse|ICR|male|oral|2.0|mg/kg|90.0|positive_or_fallen_mice|0.5% CMC sodium|none|acute,diazepam,alpha2|BZD_GAMMA2_059|VAL|any_contact_frequency,0.0222222222222222,0.3,1.5,1.0,2
Nishino2008|rotarod|mouse|ICR|male|oral|2.0|mg/kg|90.0|positive_or_fallen_mice|0.5% CMC sodium|none|acute,triazolam,alpha2|BZD_GAMMA2_059|VAL|any_contact_frequency,0.0222222222222222,0.5,1.5,2.0,2
Nishino2008|rotarod|mouse|ICR|male|oral|2.0|mg/kg|90.0|positive_or_fallen_mice|0.5% CMC sodium|none|acute,diazepam,alpha2|BZD_GAMMA2_060|ASN|any_contact_frequency,0.0888888888888888,0.3,1.0,1.0,2
Nishino2008|rotarod|mouse|ICR|male|oral|2.0|mg/kg|90.0|positive_or_fallen_mice|0.5% CMC sodium|none|acute,triazolam,alpha2|BZD_GAMMA2_060|ASN|any_contact_frequency,0.2888888888888888,0.5,2.0,2.0,2
Nishino2008|rotarod|mouse|ICR|male|oral|2.0|mg/kg|90.0|positive_or_fallen_mice|0.5% CMC sodium|none|acute,diazepam,alpha2|BZD_GAMMA2_061|SER|any_contact_frequency,0.0666666666666666,0.3,2.0,1.0,2
Nishino2008|rotarod|mouse|ICR|male|oral|2.0|mg/kg|90.0|positive_or_fallen_mice|0.5% CMC sodium|none|acute,triazolam,alpha2|BZD_GAMMA2_061|SER|any_contact_frequency,0.0,0.5,1.0,2.0,2
Nishino2008|rotarod|mouse|ICR|male|oral|2.0|mg/kg|90.0|positive_or_fallen_mice|0.5% CMC sodium|none|acute,diazepam,alpha2|BZD_GAMMA2_075|ASP|any_contact_frequency,0.0444444444444444,0.3,1.0,1.0,2
Nishino2008|rotarod|mouse|ICR|male|oral|2.0|mg/kg|90.0|positive_or_fallen_mice|0.5% CMC sodium|none|acute,triazolam,alpha2|BZD_GAMMA2_075|ASP|any_contact_frequency,0.0666666666666666,0.5,2.0,2.0,2
Nishino2008|rotarod|mouse|ICR|male|oral|2.0|mg/kg|90.0|positive_or_fallen_mice|0.5% CMC sodium|none|acute,diazepam,alpha2|BZD_GAMMA2_077|PHE|any_contact_frequency,0.9777777777777776,0.3,2.0,1.0,2
Nishino2008|rotarod|mouse|ICR|male|oral|2.0|mg/kg|90.0|positive_or_fallen_mice|0.5% CMC sodium|none|acute,triazolam,alpha2|BZD_GAMMA2_077|PHE|any_contact_frequency,0.4444444444444444,0.5,1.0,2.0,2
Nishino2008|rotarod|mouse|ICR|male|oral|2.0|mg/kg|90.0|positive_or_fallen_mice|0.5% CMC sodium|none|acute,diazepam,alpha2|BZD_GAMMA2_079|ALA|any_contact_frequency,0.0,0.3,1.5,1.0,2
Nishino2008|rotarod|mouse|ICR|male|oral|2.0|mg/kg|90.0|positive_or_fallen_mice|0.5% CMC sodium|none|acute,triazolam,alpha2|BZD_GAMMA2_079|ALA|any_contact_frequency,0.0,0.5,1.5,2.0,2
Nishino2008|rotarod|mouse|ICR|male|oral|2.0|mg/kg|90.0|positive_or_fallen_mice|0.5% CMC sodium|none|acute,diazepam,alpha2|BZD_GAMMA2_142|THR|any_contact_frequency,0.0,0.3,1.5,1.0,2
Nishino2008|rotarod|mouse|ICR|male|oral|2.0|mg/kg|90.0|positive_or_fallen_mice|0.5% CMC sodium|none|acute,triazolam,alpha2|BZD_GAMMA2_142|THR|any_contact_frequency,0.0,0.5,1.5,2.0,2
Nishino2008|rotarod|mouse|ICR|male|oral|2.0|mg/kg|90.0|positive_or_fallen_mice|0.5% CMC sodium|none|acute,diazepam,alpha2|BZD_GAMMA2_144|ARG|any_contact_frequency,0.0,0.3,1.5,1.0,2
Nishino2008|rotarod|mouse|ICR|male|oral|2.0|mg/kg|90.0|positive_or_fallen_mice|0.5% CMC sodium|none|acute,triazolam,alpha2|BZD_GAMMA2_144|ARG|any_contact_frequency,0.0,0.5,1.5,2.0,2
Nishino2008|rotarod|mouse|ICR|male|oral|2.0|mg/kg|90.0|positive_or_fallen_mice|0.5% CMC sodium|none|acute,diazepam,alpha2|BZD_GAMMA2_192|ASP|any_contact_frequency,0.0444444444444444,0.3,1.5,1.0,2
Nishino2008|rotarod|mouse|ICR|male|oral|2.0|mg/kg|90.0|positive_or_fallen_mice|0.5% CMC sodium|none|acute,triazolam,alpha2|BZD_GAMMA2_192|ASP|any_contact_frequency,0.0444444444444444,0.5,1.5,2.0,2
Nishino2008|rotarod|mouse|ICR|male|oral|2.0|mg/kg|90.0|positive_or_fallen_mice|0.5% CMC sodium|none|acute,diazepam,alpha2|BZD_GAMMA2_195|SER|any_contact_frequency,0.0,0.3,1.0,1.0,2
Nishino2008|rotarod|mouse|ICR|male|oral|2.0|mg/kg|90.0|positive_or_fallen_mice|0.5% CMC sodium|none|acute,triazolam,alpha2|BZD_GAMMA2_195|SER|any_contact_frequency,0.0444444444444444,0.5,2.0,2.0,2
Nishino2008|rotarod|mouse|ICR|male|oral|2.0|mg/kg|90.0|positive_or_fallen_mice|0.5% CMC sodium|none|acute,diazepam,alpha2|BZD_GAMMA2_196|TRP|any_contact_frequency,0.0,0.3,1.5,1.0,2
Nishino2008|rotarod|mouse|ICR|male|oral|2.0|mg/kg|90.0|positive_or_fallen_mice|0.5% CMC sodium|none|acute,triazolam,alpha2|BZD_GAMMA2_196|TRP|any_contact_frequency,0.0,0.5,1.5,2.0,2
Nishino2008|rotarod|mouse|ICR|male|oral|2.0|mg/kg|90.0|positive_or_fallen_mice|0.5% CMC sodium|none|acute,diazepam,alpha2|BZD_SITE_100|PHE|any_contact_frequency,0.3555555555555555,0.3,2.0,1.0,2
Nishino2008|rotarod|mouse|ICR|male|oral|2.0|mg/kg|90.0|positive_or_fallen_mice|0.5% CMC sodium|none|acute,triazolam,alpha2|BZD_SITE_100|PHE|any_contact_frequency,0.1111111111111111,0.5,1.0,2.0,2
Nishino2008|rotarod|mouse|ICR|male|oral|2.0|mg/kg|90.0|positive_or_fallen_mice|0.5% CMC sodium|none|acute,diazepam,alpha2|BZD_SITE_102|HIS|any_contact_frequency,0.3333333333333333,0.3,2.0,1.0,2
Nishino2008|rotarod|mouse|ICR|male|oral|2.0|mg/kg|90.0|positive_or_fallen_mice|0.5% CMC sodium|none|acute,triazolam,alpha2|BZD_SITE_102|HIS|any_contact_frequency,0.3111111111111111,0.5,1.0,2.0,2
Nishino2008|rotarod|mouse|ICR|male|oral|2.0|mg/kg|90.0|positive_or_fallen_mice|0.5% CMC sodium|none|acute,diazepam,alpha2|BZD_SITE_103|ASN|any_contact_frequency,0.1333333333333333,0.3,1.0,1.0,2
Nishino2008|rotarod|mouse|ICR|male|oral|2.0|mg/kg|90.0|positive_or_fallen_mice|0.5% CMC sodium|none|acute,triazolam,alpha2|BZD_SITE_103|ASN|any_contact_frequency,0.3555555555555555,0.5,2.0,2.0,2
Nishino2008|rotarod|mouse|ICR|male|oral|2.0|mg/kg|90.0|positive_or_fallen_mice|0.5% CMC sodium|none|acute,diazepam,alpha2|BZD_SITE_138|GLU|any_contact_frequency,0.0,0.3,1.5,1.0,2
Nishino2008|rotarod|mouse|ICR|male|oral|2.0|mg/kg|90.0|positive_or_fallen_mice|0.5% CMC sodium|none|acute,triazolam,alpha2|BZD_SITE_138|GLU|any_contact_frequency,0.0,0.5,1.5,2.0,2
Nishino2008|rotarod|mouse|ICR|male|oral|2.0|mg/kg|90.0|positive_or_fallen_mice|0.5% CMC sodium|none|acute,diazepam,alpha2|BZD_SITE_154|PRO|any_contact_frequency,0.0,0.3,1.0,1.0,2
Nishino2008|rotarod|mouse|ICR|male|oral|2.0|mg/kg|90.0|positive_or_fallen_mice|0.5% CMC sodium|none|acute,triazolam,alpha2|BZD_SITE_154|PRO|any_contact_frequency,0.1111111111111111,0.5,2.0,2.0,2
Nishino2008|rotarod|mouse|ICR|male|oral|2.0|mg/kg|90.0|positive_or_fallen_mice|0.5% CMC sodium|none|acute,diazepam,alpha2|BZD_SITE_156|LYS|any_contact_frequency,0.0666666666666666,0.3,1.0,1.0,2
Nishino2008|rotarod|mouse|ICR|male|oral|2.0|mg/kg|90.0|positive_or_fallen_mice|0.5% CMC sodium|none|acute,triazolam,alpha2|BZD_SITE_156|LYS|any_contact_frequency,0.3111111111111111,0.5,2.0,2.0,2
Nishino2008|rotarod|mouse|ICR|male|oral|2.0|mg/kg|90.0|positive_or_fallen_mice|0.5% CMC sodium|none|acute,diazepam,alpha2|BZD_SITE_160|TYR|any_contact_frequency,0.1111111111111111,0.3,2.0,1.0,2
Nishino2008|rotarod|mouse|ICR|male|oral|2.0|mg/kg|90.0|positive_or_fallen_mice|0.5% CMC sodium|none|acute,triazolam,alpha2|BZD_SITE_160|TYR|any_contact_frequency,0.0,0.5,1.0,2.0,2
Nishino2008|rotarod|mouse|ICR|male|oral|2.0|mg/kg|90.0|positive_or_fallen_mice|0.5% CMC sodium|none|acute,diazepam,alpha2|BZD_SITE_201|GLU|any_contact_frequency,0.0,0.3,1.5,1.0,2
Nishino2008|rotarod|mouse|ICR|male|oral|2.0|mg/kg|90.0|positive_or_fallen_mice|0.5% CMC sodium|none|acute,triazolam,alpha2|BZD_SITE_201|GLU|any_contact_frequency,0.0,0.5,1.5,2.0,2
Nishino2008|rotarod|mouse|ICR|male|oral|2.0|mg/kg|90.0|positive_or_fallen_mice|0.5% CMC sodium|none|acute,diazepam,alpha2|BZD_SITE_203|ILE|any_contact_frequency,0.5111111111111111,0.3,1.0,1.0,2
Nishino2008|rotarod|mouse|ICR|male|oral|2.0|mg/kg|90.0|positive_or_fallen_mice|0.5% CMC sodium|none|acute,triazolam,alpha2|BZD_SITE_203|ILE|any_contact_frequency,0.6,0.5,2.0,2.0,2
Nishino2008|rotarod|mouse|ICR|male|oral|2.0|mg/kg|90.0|positive_or_fallen_mice|0.5% CMC sodium|none|acute,diazepam,alpha2|BZD_SITE_204|LYS|any_contact_frequency,0.0,0.3,1.0,1.0,2
Nishino2008|rotarod|mouse|ICR|male|oral|2.0|mg/kg|90.0|positive_or_fallen_mice|0.5% CMC sodium|none|acute,triazolam,alpha2|BZD_SITE_204|LYS|any_contact_frequency,0.0666666666666666,0.5,2.0,2.0,2
Nishino2008|rotarod|mouse|ICR|male|oral|2.0|mg/kg|90.0|positive_or_fallen_mice|0.5% CMC sodium|none|acute,diazepam,alpha2|BZD_SITE_206|SER|any_contact_frequency,0.0,0.3,1.5,1.0,2
Nishino2008|rotarod|mouse|ICR|male|oral|2.0|mg/kg|90.0|positive_or_fallen_mice|0.5% CMC sodium|none|acute,triazolam,alpha2|BZD_SITE_206|SER|any_contact_frequency,0.0,0.5,1.5,2.0,2
Nishino2008|rotarod|mouse|ICR|male|oral|2.0|mg/kg|90.0|positive_or_fallen_mice|0.5% CMC sodium|none|acute,diazepam,alpha2|BZD_SITE_207|THR|any_contact_frequency,0.0,0.3,1.5,1.0,2
Nishino2008|rotarod|mouse|ICR|male|oral|2.0|mg/kg|90.0|positive_or_fallen_mice|0.5% CMC sodium|none|acute,triazolam,alpha2|BZD_SITE_207|THR|any_contact_frequency,0.0,0.5,1.5,2.0,2
Nishino2008|rotarod|mouse|ICR|male|oral|2.0|mg/kg|90.0|positive_or_fallen_mice|0.5% CMC sodium|none|acute,diazepam,alpha2|BZD_SITE_210|TYR|any_contact_frequency,0.1111111111111111,0.3,2.0,1.0,2
Nishino2008|rotarod|mouse|ICR|male|oral|2.0|mg/kg|90.0|positive_or_fallen_mice|0.5% CMC sodium|none|acute,triazolam,alpha2|BZD_SITE_210|TYR|any_contact_frequency,0.0,0.5,1.0,2.0,2
Nishino2008|rotarod|mouse|ICR|male|oral|2.0|mg/kg|90.0|positive_or_fallen_mice|0.5% CMC sodium|none|acute,diazepam,alpha2|BZD_SITE_212|VAL|any_contact_frequency,0.0,0.3,1.5,1.0,2
Nishino2008|rotarod|mouse|ICR|male|oral|2.0|mg/kg|90.0|positive_or_fallen_mice|0.5% CMC sodium|none|acute,triazolam,alpha2|BZD_SITE_212|VAL|any_contact_frequency,0.0,0.5,1.5,2.0,2
Nishino2008|rotarod|mouse|ICR|male|oral|5.0|mg/kg|15.0|positive_or_fallen_mice|0.5% CMC sodium|none|acute,diazepam,alpha1|BZD_GAMMA2_056|ASP|any_contact_frequency,0.0,0.2,1.5,1.0,2
Nishino2008|rotarod|mouse|ICR|male|oral|5.0|mg/kg|15.0|positive_or_fallen_mice|0.5% CMC sodium|none|acute,triazolam,alpha1|BZD_GAMMA2_056|ASP|any_contact_frequency,0.0,0.8,1.5,2.0,2
Nishino2008|rotarod|mouse|ICR|male|oral|5.0|mg/kg|15.0|positive_or_fallen_mice|0.5% CMC sodium|none|acute,diazepam,alpha1|BZD_GAMMA2_058|TYR|any_contact_frequency,0.9111111111111112,0.2,2.0,1.0,2
Nishino2008|rotarod|mouse|ICR|male|oral|5.0|mg/kg|15.0|positive_or_fallen_mice|0.5% CMC sodium|none|acute,triazolam,alpha1|BZD_GAMMA2_058|TYR|any_contact_frequency,0.775,0.8,1.0,2.0,2
Nishino2008|rotarod|mouse|ICR|male|oral|5.0|mg/kg|15.0|positive_or_fallen_mice|0.5% CMC sodium|none|acute,diazepam,alpha1|BZD_GAMMA2_060|ASN|any_contact_frequency,0.0,0.2,1.0,1.0,2
Nishino2008|rotarod|mouse|ICR|male|oral|5.0|mg/kg|15.0|positive_or_fallen_mice|0.5% CMC sodium|none|acute,triazolam,alpha1|BZD_GAMMA2_060|ASN|any_contact_frequency,0.025,0.8,2.0,2.0,2
Nishino2008|rotarod|mouse|ICR|male|oral|5.0|mg/kg|15.0|positive_or_fallen_mice|0.5% CMC sodium|none|acute,diazepam,alpha1|BZD_GAMMA2_077|PHE|any_contact_frequency,0.8888888888888888,0.2,2.0,1.0,2
Nishino2008|rotarod|mouse|ICR|male|oral|5.0|mg/kg|15.0|positive_or_fallen_mice|0.5% CMC sodium|none|acute,triazolam,alpha1|BZD_GAMMA2_077|PHE|any_contact_frequency,0.75,0.8,1.0,2.0,2
Nishino2008|rotarod|mouse|ICR|male|oral|5.0|mg/kg|15.0|positive_or_fallen_mice|0.5% CMC sodium|none|acute,diazepam,alpha1|BZD_GAMMA2_079|ALA|any_contact_frequency,0.0,0.2,1.5,1.0,2
Nishino2008|rotarod|mouse|ICR|male|oral|5.0|mg/kg|15.0|positive_or_fallen_mice|0.5% CMC sodium|none|acute,triazolam,alpha1|BZD_GAMMA2_079|ALA|any_contact_frequency,0.0,0.8,1.5,2.0,2
Nishino2008|rotarod|mouse|ICR|male|oral|5.0|mg/kg|15.0|positive_or_fallen_mice|0.5% CMC sodium|none|acute,diazepam,alpha1|BZD_GAMMA2_142|THR|any_contact_frequency,0.0222222222222222,0.2,1.0,1.0,2
Nishino2008|rotarod|mouse|ICR|male|oral|5.0|mg/kg|15.0|positive_or_fallen_mice|0.5% CMC sodium|none|acute,triazolam,alpha1|BZD_GAMMA2_142|THR|any_contact_frequency,0.15,0.8,2.0,2.0,2
Nishino2008|rotarod|mouse|ICR|male|oral|5.0|mg/kg|15.0|positive_or_fallen_mice|0.5% CMC sodium|none|acute,diazepam,alpha1|BZD_GAMMA2_189|GLU|any_contact_frequency,0.0888888888888888,0.2,2.0,1.0,2
Nishino2008|rotarod|mouse|ICR|male|oral|5.0|mg/kg|15.0|positive_or_fallen_mice|0.5% CMC sodium|none|acute,triazolam,alpha1|BZD_GAMMA2_189|GLU|any_contact_frequency,0.05,0.8,1.0,2.0,2
Nishino2008|rotarod|mouse|ICR|male|oral|5.0|mg/kg|15.0|positive_or_fallen_mice|0.5% CMC sodium|none|acute,diazepam,alpha1|BZD_GAMMA2_192|ASP|any_contact_frequency,0.0,0.2,1.5,1.0,2
Nishino2008|rotarod|mouse|ICR|male|oral|5.0|mg/kg|15.0|positive_or_fallen_mice|0.5% CMC sodium|none|acute,triazolam,alpha1|BZD_GAMMA2_192|ASP|any_contact_frequency,0.0,0.8,1.5,2.0,2
Nishino2008|rotarod|mouse|ICR|male|oral|5.0|mg/kg|15.0|positive_or_fallen_mice|0.5% CMC sodium|none|acute,diazepam,alpha1|BZD_GAMMA2_195|SER|any_contact_frequency,0.0,0.2,1.5,1.0,2
Nishino2008|rotarod|mouse|ICR|male|oral|5.0|mg/kg|15.0|positive_or_fallen_mice|0.5% CMC sodium|none|acute,triazolam,alpha1|BZD_GAMMA2_195|SER|any_contact_frequency,0.0,0.8,1.5,2.0,2
Nishino2008|rotarod|mouse|ICR|male|oral|5.0|mg/kg|15.0|positive_or_fallen_mice|0.5% CMC sodium|none|acute,diazepam,alpha1|BZD_SITE_100|PHE|any_contact_frequency,0.3111111111111111,0.2,2.0,1.0,2
Nishino2008|rotarod|mouse|ICR|male|oral|5.0|mg/kg|15.0|positive_or_fallen_mice|0.5% CMC sodium|none|acute,triazolam,alpha1|BZD_SITE_100|PHE|any_contact_frequency,0.175,0.8,1.0,2.0,2
Nishino2008|rotarod|mouse|ICR|male|oral|5.0|mg/kg|15.0|positive_or_fallen_mice|0.5% CMC sodium|none|acute,diazepam,alpha1|BZD_SITE_102|HIS|any_contact_frequency,0.0666666666666666,0.2,1.0,1.0,2
Nishino2008|rotarod|mouse|ICR|male|oral|5.0|mg/kg|15.0|positive_or_fallen_mice|0.5% CMC sodium|none|acute,triazolam,alpha1|BZD_SITE_102|HIS|any_contact_frequency,0.3,0.8,2.0,2.0,2
Nishino2008|rotarod|mouse|ICR|male|oral|5.0|mg/kg|15.0|positive_or_fallen_mice|0.5% CMC sodium|none|acute,diazepam,alpha1|BZD_SITE_103|ASN|any_contact_frequency,0.0444444444444444,0.2,2.0,1.0,2
Nishino2008|rotarod|mouse|ICR|male|oral|5.0|mg/kg|15.0|positive_or_fallen_mice|0.5% CMC sodium|none|acute,triazolam,alpha1|BZD_SITE_103|ASN|any_contact_frequency,0.0,0.8,1.0,2.0,2
Nishino2008|rotarod|mouse|ICR|male|oral|5.0|mg/kg|15.0|positive_or_fallen_mice|0.5% CMC sodium|none|acute,diazepam,alpha1|BZD_SITE_138|GLU|any_contact_frequency,0.0,0.2,1.5,1.0,2
Nishino2008|rotarod|mouse|ICR|male|oral|5.0|mg/kg|15.0|positive_or_fallen_mice|0.5% CMC sodium|none|acute,triazolam,alpha1|BZD_SITE_138|GLU|any_contact_frequency,0.0,0.8,1.5,2.0,2
Nishino2008|rotarod|mouse|ICR|male|oral|5.0|mg/kg|15.0|positive_or_fallen_mice|0.5% CMC sodium|none|acute,diazepam,alpha1|BZD_SITE_156|LYS|any_contact_frequency,0.1555555555555555,0.2,1.0,1.0,2
Nishino2008|rotarod|mouse|ICR|male|oral|5.0|mg/kg|15.0|positive_or_fallen_mice|0.5% CMC sodium|none|acute,triazolam,alpha1|BZD_SITE_156|LYS|any_contact_frequency,0.2,0.8,2.0,2.0,2
Nishino2008|rotarod|mouse|ICR|male|oral|5.0|mg/kg|15.0|positive_or_fallen_mice|0.5% CMC sodium|none|acute,diazepam,alpha1|BZD_SITE_160|TYR|any_contact_frequency,0.2444444444444444,0.2,2.0,1.0,2
Nishino2008|rotarod|mouse|ICR|male|oral|5.0|mg/kg|15.0|positive_or_fallen_mice|0.5% CMC sodium|none|acute,triazolam,alpha1|BZD_SITE_160|TYR|any_contact_frequency,0.225,0.8,1.0,2.0,2
Nishino2008|rotarod|mouse|ICR|male|oral|5.0|mg/kg|15.0|positive_or_fallen_mice|0.5% CMC sodium|none|acute,diazepam,alpha1|BZD_SITE_203|VAL|any_contact_frequency,0.5111111111111111,0.2,1.0,1.0,2
Nishino2008|rotarod|mouse|ICR|male|oral|5.0|mg/kg|15.0|positive_or_fallen_mice|0.5% CMC sodium|none|acute,triazolam,alpha1|BZD_SITE_203|VAL|any_contact_frequency,0.675,0.8,2.0,2.0,2
Nishino2008|rotarod|mouse|ICR|male|oral|5.0|mg/kg|15.0|positive_or_fallen_mice|0.5% CMC sodium|none|acute,diazepam,alpha1|BZD_SITE_204|GLN|any_contact_frequency,0.0222222222222222,0.2,2.0,1.0,2
Nishino2008|rotarod|mouse|ICR|male|oral|5.0|mg/kg|15.0|positive_or_fallen_mice|0.5% CMC sodium|none|acute,triazolam,alpha1|BZD_SITE_204|GLN|any_contact_frequency,0.0,0.8,1.0,2.0,2
Nishino2008|rotarod|mouse|ICR|male|oral|5.0|mg/kg|15.0|positive_or_fallen_mice|0.5% CMC sodium|none|acute,diazepam,alpha1|BZD_SITE_205|SER|any_contact_frequency,0.1777777777777777,0.2,1.0,1.0,2
Nishino2008|rotarod|mouse|ICR|male|oral|5.0|mg/kg|15.0|positive_or_fallen_mice|0.5% CMC sodium|none|acute,triazolam,alpha1|BZD_SITE_205|SER|any_contact_frequency,0.25,0.8,2.0,2.0,2
Nishino2008|rotarod|mouse|ICR|male|oral|5.0|mg/kg|15.0|positive_or_fallen_mice|0.5% CMC sodium|none|acute,diazepam,alpha1|BZD_SITE_206|SER|any_contact_frequency,0.0,0.2,1.0,1.0,2
Nishino2008|rotarod|mouse|ICR|male|oral|5.0|mg/kg|15.0|positive_or_fallen_mice|0.5% CMC sodium|none|acute,triazolam,alpha1|BZD_SITE_206|SER|any_contact_frequency,0.05,0.8,2.0,2.0,2
Nishino2008|rotarod|mouse|ICR|male|oral|5.0|mg/kg|15.0|positive_or_fallen_mice|0.5% CMC sodium|none|acute,diazepam,alpha1|BZD_SITE_207|THR|any_contact_frequency,0.1333333333333333,0.2,2.0,1.0,2
Nishino2008|rotarod|mouse|ICR|male|oral|5.0|mg/kg|15.0|positive_or_fallen_mice|0.5% CMC sodium|none|acute,triazolam,alpha1|BZD_SITE_207|THR|any_contact_frequency,0.0,0.8,1.0,2.0,2
Nishino2008|rotarod|mouse|ICR|male|oral|5.0|mg/kg|15.0|positive_or_fallen_mice|0.5% CMC sodium|none|acute,diazepam,alpha1|BZD_SITE_210|TYR|any_contact_frequency,0.2222222222222222,0.2,1.0,1.0,2
Nishino2008|rotarod|mouse|ICR|male|oral|5.0|mg/kg|15.0|positive_or_fallen_mice|0.5% CMC sodium|none|acute,triazolam,alpha1|BZD_SITE_210|TYR|any_contact_frequency,0.4,0.8,2.0,2.0,2
Nishino2008|rotarod|mouse|ICR|male|oral|5.0|mg/kg|15.0|positive_or_fallen_mice|0.5% CMC sodium|none|acute,diazepam,alpha2|BZD_GAMMA2_056|ASP|any_contact_frequency,0.0,0.2,1.5,1.0,2
Nishino2008|rotarod|mouse|ICR|male|oral|5.0|mg/kg|15.0|positive_or_fallen_mice|0.5% CMC sodium|none|acute,triazolam,alpha2|BZD_GAMMA2_056|ASP|any_contact_frequency,0.0,0.8,1.5,2.0,2
Nishino2008|rotarod|mouse|ICR|male|oral|5.0|mg/kg|15.0|positive_or_fallen_mice|0.5% CMC sodium|none|acute,diazepam,alpha2|BZD_GAMMA2_058|TYR|any_contact_frequency,0.4666666666666667,0.2,2.0,1.0,2
Nishino2008|rotarod|mouse|ICR|male|oral|5.0|mg/kg|15.0|positive_or_fallen_mice|0.5% CMC sodium|none|acute,triazolam,alpha2|BZD_GAMMA2_058|TYR|any_contact_frequency,0.2888888888888888,0.8,1.0,2.0,2
Nishino2008|rotarod|mouse|ICR|male|oral|5.0|mg/kg|15.0|positive_or_fallen_mice|0.5% CMC sodium|none|acute,diazepam,alpha2|BZD_GAMMA2_059|VAL|any_contact_frequency,0.0222222222222222,0.2,1.5,1.0,2
Nishino2008|rotarod|mouse|ICR|male|oral|5.0|mg/kg|15.0|positive_or_fallen_mice|0.5% CMC sodium|none|acute,triazolam,alpha2|BZD_GAMMA2_059|VAL|any_contact_frequency,0.0222222222222222,0.8,1.5,2.0,2
Nishino2008|rotarod|mouse|ICR|male|oral|5.0|mg/kg|15.0|positive_or_fallen_mice|0.5% CMC sodium|none|acute,diazepam,alpha2|BZD_GAMMA2_060|ASN|any_contact_frequency,0.0888888888888888,0.2,1.0,1.0,2
Nishino2008|rotarod|mouse|ICR|male|oral|5.0|mg/kg|15.0|positive_or_fallen_mice|0.5% CMC sodium|none|acute,triazolam,alpha2|BZD_GAMMA2_060|ASN|any_contact_frequency,0.2888888888888888,0.8,2.0,2.0,2
Nishino2008|rotarod|mouse|ICR|male|oral|5.0|mg/kg|15.0|positive_or_fallen_mice|0.5% CMC sodium|none|acute,diazepam,alpha2|BZD_GAMMA2_061|SER|any_contact_frequency,0.0666666666666666,0.2,2.0,1.0,2
Nishino2008|rotarod|mouse|ICR|male|oral|5.0|mg/kg|15.0|positive_or_fallen_mice|0.5% CMC sodium|none|acute,triazolam,alpha2|BZD_GAMMA2_061|SER|any_contact_frequency,0.0,0.8,1.0,2.0,2
Nishino2008|rotarod|mouse|ICR|male|oral|5.0|mg/kg|15.0|positive_or_fallen_mice|0.5% CMC sodium|none|acute,diazepam,alpha2|BZD_GAMMA2_075|ASP|any_contact_frequency,0.0444444444444444,0.2,1.0,1.0,2
Nishino2008|rotarod|mouse|ICR|male|oral|5.0|mg/kg|15.0|positive_or_fallen_mice|0.5% CMC sodium|none|acute,triazolam,alpha2|BZD_GAMMA2_075|ASP|any_contact_frequency,0.0666666666666666,0.8,2.0,2.0,2
Nishino2008|rotarod|mouse|ICR|male|oral|5.0|mg/kg|15.0|positive_or_fallen_mice|0.5% CMC sodium|none|acute,diazepam,alpha2|BZD_GAMMA2_077|PHE|any_contact_frequency,0.9777777777777776,0.2,2.0,1.0,2
Nishino2008|rotarod|mouse|ICR|male|oral|5.0|mg/kg|15.0|positive_or_fallen_mice|0.5% CMC sodium|none|acute,triazolam,alpha2|BZD_GAMMA2_077|PHE|any_contact_frequency,0.4444444444444444,0.8,1.0,2.0,2
Nishino2008|rotarod|mouse|ICR|male|oral|5.0|mg/kg|15.0|positive_or_fallen_mice|0.5% CMC sodium|none|acute,diazepam,alpha2|BZD_GAMMA2_079|ALA|any_contact_frequency,0.0,0.2,1.5,1.0,2
Nishino2008|rotarod|mouse|ICR|male|oral|5.0|mg/kg|15.0|positive_or_fallen_mice|0.5% CMC sodium|none|acute,triazolam,alpha2|BZD_GAMMA2_079|ALA|any_contact_frequency,0.0,0.8,1.5,2.0,2
Nishino2008|rotarod|mouse|ICR|male|oral|5.0|mg/kg|15.0|positive_or_fallen_mice|0.5% CMC sodium|none|acute,diazepam,alpha2|BZD_GAMMA2_142|THR|any_contact_frequency,0.0,0.2,1.5,1.0,2
Nishino2008|rotarod|mouse|ICR|male|oral|5.0|mg/kg|15.0|positive_or_fallen_mice|0.5% CMC sodium|none|acute,triazolam,alpha2|BZD_GAMMA2_142|THR|any_contact_frequency,0.0,0.8,1.5,2.0,2
Nishino2008|rotarod|mouse|ICR|male|oral|5.0|mg/kg|15.0|positive_or_fallen_mice|0.5% CMC sodium|none|acute,diazepam,alpha2|BZD_GAMMA2_144|ARG|any_contact_frequency,0.0,0.2,1.5,1.0,2
Nishino2008|rotarod|mouse|ICR|male|oral|5.0|mg/kg|15.0|positive_or_fallen_mice|0.5% CMC sodium|none|acute,triazolam,alpha2|BZD_GAMMA2_144|ARG|any_contact_frequency,0.0,0.8,1.5,2.0,2
Nishino2008|rotarod|mouse|ICR|male|oral|5.0|mg/kg|15.0|positive_or_fallen_mice|0.5% CMC sodium|none|acute,diazepam,alpha2|BZD_GAMMA2_192|ASP|any_contact_frequency,0.0444444444444444,0.2,1.5,1.0,2
Nishino2008|rotarod|mouse|ICR|male|oral|5.0|mg/kg|15.0|positive_or_fallen_mice|0.5% CMC sodium|none|acute,triazolam,alpha2|BZD_GAMMA2_192|ASP|any_contact_frequency,0.0444444444444444,0.8,1.5,2.0,2
Nishino2008|rotarod|mouse|ICR|male|oral|5.0|mg/kg|15.0|positive_or_fallen_mice|0.5% CMC sodium|none|acute,diazepam,alpha2|BZD_GAMMA2_195|SER|any_contact_frequency,0.0,0.2,1.0,1.0,2
Nishino2008|rotarod|mouse|ICR|male|oral|5.0|mg/kg|15.0|positive_or_fallen_mice|0.5% CMC sodium|none|acute,triazolam,alpha2|BZD_GAMMA2_195|SER|any_contact_frequency,0.0444444444444444,0.8,2.0,2.0,2
Nishino2008|rotarod|mouse|ICR|male|oral|5.0|mg/kg|15.0|positive_or_fallen_mice|0.5% CMC sodium|none|acute,diazepam,alpha2|BZD_GAMMA2_196|TRP|any_contact_frequency,0.0,0.2,1.5,1.0,2
Nishino2008|rotarod|mouse|ICR|male|oral|5.0|mg/kg|15.0|positive_or_fallen_mice|0.5% CMC sodium|none|acute,triazolam,alpha2|BZD_GAMMA2_196|TRP|any_contact_frequency,0.0,0.8,1.5,2.0,2
Nishino2008|rotarod|mouse|ICR|male|oral|5.0|mg/kg|15.0|positive_or_fallen_mice|0.5% CMC sodium|none|acute,diazepam,alpha2|BZD_SITE_100|PHE|any_contact_frequency,0.3555555555555555,0.2,2.0,1.0,2
Nishino2008|rotarod|mouse|ICR|male|oral|5.0|mg/kg|15.0|positive_or_fallen_mice|0.5% CMC sodium|none|acute,triazolam,alpha2|BZD_SITE_100|PHE|any_contact_frequency,0.1111111111111111,0.8,1.0,2.0,2
Nishino2008|rotarod|mouse|ICR|male|oral|5.0|mg/kg|15.0|positive_or_fallen_mice|0.5% CMC sodium|none|acute,diazepam,alpha2|BZD_SITE_102|HIS|any_contact_frequency,0.3333333333333333,0.2,2.0,1.0,2
Nishino2008|rotarod|mouse|ICR|male|oral|5.0|mg/kg|15.0|positive_or_fallen_mice|0.5% CMC sodium|none|acute,triazolam,alpha2|BZD_SITE_102|HIS|any_contact_frequency,0.3111111111111111,0.8,1.0,2.0,2
Nishino2008|rotarod|mouse|ICR|male|oral|5.0|mg/kg|15.0|positive_or_fallen_mice|0.5% CMC sodium|none|acute,diazepam,alpha2|BZD_SITE_103|ASN|any_contact_frequency,0.1333333333333333,0.2,1.0,1.0,2
Nishino2008|rotarod|mouse|ICR|male|oral|5.0|mg/kg|15.0|positive_or_fallen_mice|0.5% CMC sodium|none|acute,triazolam,alpha2|BZD_SITE_103|ASN|any_contact_frequency,0.3555555555555555,0.8,2.0,2.0,2
Nishino2008|rotarod|mouse|ICR|male|oral|5.0|mg/kg|15.0|positive_or_fallen_mice|0.5% CMC sodium|none|acute,diazepam,alpha2|BZD_SITE_138|GLU|any_contact_frequency,0.0,0.2,1.5,1.0,2
Nishino2008|rotarod|mouse|ICR|male|oral|5.0|mg/kg|15.0|positive_or_fallen_mice|0.5% CMC sodium|none|acute,triazolam,alpha2|BZD_SITE_138|GLU|any_contact_frequency,0.0,0.8,1.5,2.0,2
Nishino2008|rotarod|mouse|ICR|male|oral|5.0|mg/kg|15.0|positive_or_fallen_mice|0.5% CMC sodium|none|acute,diazepam,alpha2|BZD_SITE_154|PRO|any_contact_frequency,0.0,0.2,1.0,1.0,2
Nishino2008|rotarod|mouse|ICR|male|oral|5.0|mg/kg|15.0|positive_or_fallen_mice|0.5% CMC sodium|none|acute,triazolam,alpha2|BZD_SITE_154|PRO|any_contact_frequency,0.1111111111111111,0.8,2.0,2.0,2
Nishino2008|rotarod|mouse|ICR|male|oral|5.0|mg/kg|15.0|positive_or_fallen_mice|0.5% CMC sodium|none|acute,diazepam,alpha2|BZD_SITE_156|LYS|any_contact_frequency,0.0666666666666666,0.2,1.0,1.0,2
Nishino2008|rotarod|mouse|ICR|male|oral|5.0|mg/kg|15.0|positive_or_fallen_mice|0.5% CMC sodium|none|acute,triazolam,alpha2|BZD_SITE_156|LYS|any_contact_frequency,0.3111111111111111,0.8,2.0,2.0,2
Nishino2008|rotarod|mouse|ICR|male|oral|5.0|mg/kg|15.0|positive_or_fallen_mice|0.5% CMC sodium|none|acute,diazepam,alpha2|BZD_SITE_160|TYR|any_contact_frequency,0.1111111111111111,0.2,2.0,1.0,2
Nishino2008|rotarod|mouse|ICR|male|oral|5.0|mg/kg|15.0|positive_or_fallen_mice|0.5% CMC sodium|none|acute,triazolam,alpha2|BZD_SITE_160|TYR|any_contact_frequency,0.0,0.8,1.0,2.0,2
Nishino2008|rotarod|mouse|ICR|male|oral|5.0|mg/kg|15.0|positive_or_fallen_mice|0.5% CMC sodium|none|acute,diazepam,alpha2|BZD_SITE_201|GLU|any_contact_frequency,0.0,0.2,1.5,1.0,2
Nishino2008|rotarod|mouse|ICR|male|oral|5.0|mg/kg|15.0|positive_or_fallen_mice|0.5% CMC sodium|none|acute,triazolam,alpha2|BZD_SITE_201|GLU|any_contact_frequency,0.0,0.8,1.5,2.0,2
Nishino2008|rotarod|mouse|ICR|male|oral|5.0|mg/kg|15.0|positive_or_fallen_mice|0.5% CMC sodium|none|acute,diazepam,alpha2|BZD_SITE_203|ILE|any_contact_frequency,0.5111111111111111,0.2,1.0,1.0,2
Nishino2008|rotarod|mouse|ICR|male|oral|5.0|mg/kg|15.0|positive_or_fallen_mice|0.5% CMC sodium|none|acute,triazolam,alpha2|BZD_SITE_203|ILE|any_contact_frequency,0.6,0.8,2.0,2.0,2
Nishino2008|rotarod|mouse|ICR|male|oral|5.0|mg/kg|15.0|positive_or_fallen_mice|0.5% CMC sodium|none|acute,diazepam,alpha2|BZD_SITE_204|LYS|any_contact_frequency,0.0,0.2,1.0,1.0,2
Nishino2008|rotarod|mouse|ICR|male|oral|5.0|mg/kg|15.0|positive_or_fallen_mice|0.5% CMC sodium|none|acute,triazolam,alpha2|BZD_SITE_204|LYS|any_contact_frequency,0.0666666666666666,0.8,2.0,2.0,2
Nishino2008|rotarod|mouse|ICR|male|oral|5.0|mg/kg|15.0|positive_or_fallen_mice|0.5% CMC sodium|none|acute,diazepam,alpha2|BZD_SITE_206|SER|any_contact_frequency,0.0,0.2,1.5,1.0,2
Nishino2008|rotarod|mouse|ICR|male|oral|5.0|mg/kg|15.0|positive_or_fallen_mice|0.5% CMC sodium|none|acute,triazolam,alpha2|BZD_SITE_206|SER|any_contact_frequency,0.0,0.8,1.5,2.0,2
Nishino2008|rotarod|mouse|ICR|male|oral|5.0|mg/kg|15.0|positive_or_fallen_mice|0.5% CMC sodium|none|acute,diazepam,alpha2|BZD_SITE_207|THR|any_contact_frequency,0.0,0.2,1.5,1.0,2
Nishino2008|rotarod|mouse|ICR|male|oral|5.0|mg/kg|15.0|positive_or_fallen_mice|0.5% CMC sodium|none|acute,triazolam,alpha2|BZD_SITE_207|THR|any_contact_frequency,0.0,0.8,1.5,2.0,2
Nishino2008|rotarod|mouse|ICR|male|oral|5.0|mg/kg|15.0|positive_or_fallen_mice|0.5% CMC sodium|none|acute,diazepam,alpha2|BZD_SITE_210|TYR|any_contact_frequency,0.1111111111111111,0.2,2.0,1.0,2
Nishino2008|rotarod|mouse|ICR|male|oral|5.0|mg/kg|15.0|positive_or_fallen_mice|0.5% CMC sodium|none|acute,triazolam,alpha2|BZD_SITE_210|TYR|any_contact_frequency,0.0,0.8,1.0,2.0,2
Nishino2008|rotarod|mouse|ICR|male|oral|5.0|mg/kg|15.0|positive_or_fallen_mice|0.5% CMC sodium|none|acute,diazepam,alpha2|BZD_SITE_212|VAL|any_contact_frequency,0.0,0.2,1.5,1.0,2
Nishino2008|rotarod|mouse|ICR|male|oral|5.0|mg/kg|15.0|positive_or_fallen_mice|0.5% CMC sodium|none|acute,triazolam,alpha2|BZD_SITE_212|VAL|any_contact_frequency,0.0,0.8,1.5,2.0,2
Nishino2008|rotarod|mouse|ICR|male|oral|5.0|mg/kg|30.0|positive_or_fallen_mice|0.5% CMC sodium|none|acute,diazepam,alpha1|BZD_GAMMA2_056|ASP|any_contact_frequency,0.0,0.4,1.5,1.0,2
Nishino2008|rotarod|mouse|ICR|male|oral|5.0|mg/kg|30.0|positive_or_fallen_mice|0.5% CMC sodium|none|acute,triazolam,alpha1|BZD_GAMMA2_056|ASP|any_contact_frequency,0.0,0.9,1.5,2.0,2
Nishino2008|rotarod|mouse|ICR|male|oral|5.0|mg/kg|30.0|positive_or_fallen_mice|0.5% CMC sodium|none|acute,diazepam,alpha1|BZD_GAMMA2_058|TYR|any_contact_frequency,0.9111111111111112,0.4,2.0,1.0,2
Nishino2008|rotarod|mouse|ICR|male|oral|5.0|mg/kg|30.0|positive_or_fallen_mice|0.5% CMC sodium|none|acute,triazolam,alpha1|BZD_GAMMA2_058|TYR|any_contact_frequency,0.775,0.9,1.0,2.0,2
Nishino2008|rotarod|mouse|ICR|male|oral|5.0|mg/kg|30.0|positive_or_fallen_mice|0.5% CMC sodium|none|acute,diazepam,alpha1|BZD_GAMMA2_060|ASN|any_contact_frequency,0.0,0.4,1.0,1.0,2
Nishino2008|rotarod|mouse|ICR|male|oral|5.0|mg/kg|30.0|positive_or_fallen_mice|0.5% CMC sodium|none|acute,triazolam,alpha1|BZD_GAMMA2_060|ASN|any_contact_frequency,0.025,0.9,2.0,2.0,2
Nishino2008|rotarod|mouse|ICR|male|oral|5.0|mg/kg|30.0|positive_or_fallen_mice|0.5% CMC sodium|none|acute,diazepam,alpha1|BZD_GAMMA2_077|PHE|any_contact_frequency,0.8888888888888888,0.4,2.0,1.0,2
Nishino2008|rotarod|mouse|ICR|male|oral|5.0|mg/kg|30.0|positive_or_fallen_mice|0.5% CMC sodium|none|acute,triazolam,alpha1|BZD_GAMMA2_077|PHE|any_contact_frequency,0.75,0.9,1.0,2.0,2
Nishino2008|rotarod|mouse|ICR|male|oral|5.0|mg/kg|30.0|positive_or_fallen_mice|0.5% CMC sodium|none|acute,diazepam,alpha1|BZD_GAMMA2_079|ALA|any_contact_frequency,0.0,0.4,1.5,1.0,2
Nishino2008|rotarod|mouse|ICR|male|oral|5.0|mg/kg|30.0|positive_or_fallen_mice|0.5% CMC sodium|none|acute,triazolam,alpha1|BZD_GAMMA2_079|ALA|any_contact_frequency,0.0,0.9,1.5,2.0,2
Nishino2008|rotarod|mouse|ICR|male|oral|5.0|mg/kg|30.0|positive_or_fallen_mice|0.5% CMC sodium|none|acute,diazepam,alpha1|BZD_GAMMA2_142|THR|any_contact_frequency,0.0222222222222222,0.4,1.0,1.0,2
Nishino2008|rotarod|mouse|ICR|male|oral|5.0|mg/kg|30.0|positive_or_fallen_mice|0.5% CMC sodium|none|acute,triazolam,alpha1|BZD_GAMMA2_142|THR|any_contact_frequency,0.15,0.9,2.0,2.0,2
Nishino2008|rotarod|mouse|ICR|male|oral|5.0|mg/kg|30.0|positive_or_fallen_mice|0.5% CMC sodium|none|acute,diazepam,alpha1|BZD_GAMMA2_189|GLU|any_contact_frequency,0.0888888888888888,0.4,2.0,1.0,2
Nishino2008|rotarod|mouse|ICR|male|oral|5.0|mg/kg|30.0|positive_or_fallen_mice|0.5% CMC sodium|none|acute,triazolam,alpha1|BZD_GAMMA2_189|GLU|any_contact_frequency,0.05,0.9,1.0,2.0,2
Nishino2008|rotarod|mouse|ICR|male|oral|5.0|mg/kg|30.0|positive_or_fallen_mice|0.5% CMC sodium|none|acute,diazepam,alpha1|BZD_GAMMA2_192|ASP|any_contact_frequency,0.0,0.4,1.5,1.0,2
Nishino2008|rotarod|mouse|ICR|male|oral|5.0|mg/kg|30.0|positive_or_fallen_mice|0.5% CMC sodium|none|acute,triazolam,alpha1|BZD_GAMMA2_192|ASP|any_contact_frequency,0.0,0.9,1.5,2.0,2
Nishino2008|rotarod|mouse|ICR|male|oral|5.0|mg/kg|30.0|positive_or_fallen_mice|0.5% CMC sodium|none|acute,diazepam,alpha1|BZD_GAMMA2_195|SER|any_contact_frequency,0.0,0.4,1.5,1.0,2
Nishino2008|rotarod|mouse|ICR|male|oral|5.0|mg/kg|30.0|positive_or_fallen_mice|0.5% CMC sodium|none|acute,triazolam,alpha1|BZD_GAMMA2_195|SER|any_contact_frequency,0.0,0.9,1.5,2.0,2
Nishino2008|rotarod|mouse|ICR|male|oral|5.0|mg/kg|30.0|positive_or_fallen_mice|0.5% CMC sodium|none|acute,diazepam,alpha1|BZD_SITE_100|PHE|any_contact_frequency,0.3111111111111111,0.4,2.0,1.0,2
Nishino2008|rotarod|mouse|ICR|male|oral|5.0|mg/kg|30.0|positive_or_fallen_mice|0.5% CMC sodium|none|acute,triazolam,alpha1|BZD_SITE_100|PHE|any_contact_frequency,0.175,0.9,1.0,2.0,2
Nishino2008|rotarod|mouse|ICR|male|oral|5.0|mg/kg|30.0|positive_or_fallen_mice|0.5% CMC sodium|none|acute,diazepam,alpha1|BZD_SITE_102|HIS|any_contact_frequency,0.0666666666666666,0.4,1.0,1.0,2
Nishino2008|rotarod|mouse|ICR|male|oral|5.0|mg/kg|30.0|positive_or_fallen_mice|0.5% CMC sodium|none|acute,triazolam,alpha1|BZD_SITE_102|HIS|any_contact_frequency,0.3,0.9,2.0,2.0,2
Nishino2008|rotarod|mouse|ICR|male|oral|5.0|mg/kg|30.0|positive_or_fallen_mice|0.5% CMC sodium|none|acute,diazepam,alpha1|BZD_SITE_103|ASN|any_contact_frequency,0.0444444444444444,0.4,2.0,1.0,2
Nishino2008|rotarod|mouse|ICR|male|oral|5.0|mg/kg|30.0|positive_or_fallen_mice|0.5% CMC sodium|none|acute,triazolam,alpha1|BZD_SITE_103|ASN|any_contact_frequency,0.0,0.9,1.0,2.0,2
Nishino2008|rotarod|mouse|ICR|male|oral|5.0|mg/kg|30.0|positive_or_fallen_mice|0.5% CMC sodium|none|acute,diazepam,alpha1|BZD_SITE_138|GLU|any_contact_frequency,0.0,0.4,1.5,1.0,2
Nishino2008|rotarod|mouse|ICR|male|oral|5.0|mg/kg|30.0|positive_or_fallen_mice|0.5% CMC sodium|none|acute,triazolam,alpha1|BZD_SITE_138|GLU|any_contact_frequency,0.0,0.9,1.5,2.0,2
Nishino2008|rotarod|mouse|ICR|male|oral|5.0|mg/kg|30.0|positive_or_fallen_mice|0.5% CMC sodium|none|acute,diazepam,alpha1|BZD_SITE_156|LYS|any_contact_frequency,0.1555555555555555,0.4,1.0,1.0,2
Nishino2008|rotarod|mouse|ICR|male|oral|5.0|mg/kg|30.0|positive_or_fallen_mice|0.5% CMC sodium|none|acute,triazolam,alpha1|BZD_SITE_156|LYS|any_contact_frequency,0.2,0.9,2.0,2.0,2
Nishino2008|rotarod|mouse|ICR|male|oral|5.0|mg/kg|30.0|positive_or_fallen_mice|0.5% CMC sodium|none|acute,diazepam,alpha1|BZD_SITE_160|TYR|any_contact_frequency,0.2444444444444444,0.4,2.0,1.0,2
Nishino2008|rotarod|mouse|ICR|male|oral|5.0|mg/kg|30.0|positive_or_fallen_mice|0.5% CMC sodium|none|acute,triazolam,alpha1|BZD_SITE_160|TYR|any_contact_frequency,0.225,0.9,1.0,2.0,2
Nishino2008|rotarod|mouse|ICR|male|oral|5.0|mg/kg|30.0|positive_or_fallen_mice|0.5% CMC sodium|none|acute,diazepam,alpha1|BZD_SITE_203|VAL|any_contact_frequency,0.5111111111111111,0.4,1.0,1.0,2
Nishino2008|rotarod|mouse|ICR|male|oral|5.0|mg/kg|30.0|positive_or_fallen_mice|0.5% CMC sodium|none|acute,triazolam,alpha1|BZD_SITE_203|VAL|any_contact_frequency,0.675,0.9,2.0,2.0,2
Nishino2008|rotarod|mouse|ICR|male|oral|5.0|mg/kg|30.0|positive_or_fallen_mice|0.5% CMC sodium|none|acute,diazepam,alpha1|BZD_SITE_204|GLN|any_contact_frequency,0.0222222222222222,0.4,2.0,1.0,2
Nishino2008|rotarod|mouse|ICR|male|oral|5.0|mg/kg|30.0|positive_or_fallen_mice|0.5% CMC sodium|none|acute,triazolam,alpha1|BZD_SITE_204|GLN|any_contact_frequency,0.0,0.9,1.0,2.0,2
Nishino2008|rotarod|mouse|ICR|male|oral|5.0|mg/kg|30.0|positive_or_fallen_mice|0.5% CMC sodium|none|acute,diazepam,alpha1|BZD_SITE_205|SER|any_contact_frequency,0.1777777777777777,0.4,1.0,1.0,2
Nishino2008|rotarod|mouse|ICR|male|oral|5.0|mg/kg|30.0|positive_or_fallen_mice|0.5% CMC sodium|none|acute,triazolam,alpha1|BZD_SITE_205|SER|any_contact_frequency,0.25,0.9,2.0,2.0,2
Nishino2008|rotarod|mouse|ICR|male|oral|5.0|mg/kg|30.0|positive_or_fallen_mice|0.5% CMC sodium|none|acute,diazepam,alpha1|BZD_SITE_206|SER|any_contact_frequency,0.0,0.4,1.0,1.0,2
Nishino2008|rotarod|mouse|ICR|male|oral|5.0|mg/kg|30.0|positive_or_fallen_mice|0.5% CMC sodium|none|acute,triazolam,alpha1|BZD_SITE_206|SER|any_contact_frequency,0.05,0.9,2.0,2.0,2
Nishino2008|rotarod|mouse|ICR|male|oral|5.0|mg/kg|30.0|positive_or_fallen_mice|0.5% CMC sodium|none|acute,diazepam,alpha1|BZD_SITE_207|THR|any_contact_frequency,0.1333333333333333,0.4,2.0,1.0,2
Nishino2008|rotarod|mouse|ICR|male|oral|5.0|mg/kg|30.0|positive_or_fallen_mice|0.5% CMC sodium|none|acute,triazolam,alpha1|BZD_SITE_207|THR|any_contact_frequency,0.0,0.9,1.0,2.0,2
Nishino2008|rotarod|mouse|ICR|male|oral|5.0|mg/kg|30.0|positive_or_fallen_mice|0.5% CMC sodium|none|acute,diazepam,alpha1|BZD_SITE_210|TYR|any_contact_frequency,0.2222222222222222,0.4,1.0,1.0,2
Nishino2008|rotarod|mouse|ICR|male|oral|5.0|mg/kg|30.0|positive_or_fallen_mice|0.5% CMC sodium|none|acute,triazolam,alpha1|BZD_SITE_210|TYR|any_contact_frequency,0.4,0.9,2.0,2.0,2
Nishino2008|rotarod|mouse|ICR|male|oral|5.0|mg/kg|30.0|positive_or_fallen_mice|0.5% CMC sodium|none|acute,diazepam,alpha2|BZD_GAMMA2_056|ASP|any_contact_frequency,0.0,0.4,1.5,1.0,2
Nishino2008|rotarod|mouse|ICR|male|oral|5.0|mg/kg|30.0|positive_or_fallen_mice|0.5% CMC sodium|none|acute,triazolam,alpha2|BZD_GAMMA2_056|ASP|any_contact_frequency,0.0,0.9,1.5,2.0,2
Nishino2008|rotarod|mouse|ICR|male|oral|5.0|mg/kg|30.0|positive_or_fallen_mice|0.5% CMC sodium|none|acute,diazepam,alpha2|BZD_GAMMA2_058|TYR|any_contact_frequency,0.4666666666666667,0.4,2.0,1.0,2
Nishino2008|rotarod|mouse|ICR|male|oral|5.0|mg/kg|30.0|positive_or_fallen_mice|0.5% CMC sodium|none|acute,triazolam,alpha2|BZD_GAMMA2_058|TYR|any_contact_frequency,0.2888888888888888,0.9,1.0,2.0,2
Nishino2008|rotarod|mouse|ICR|male|oral|5.0|mg/kg|30.0|positive_or_fallen_mice|0.5% CMC sodium|none|acute,diazepam,alpha2|BZD_GAMMA2_059|VAL|any_contact_frequency,0.0222222222222222,0.4,1.5,1.0,2
Nishino2008|rotarod|mouse|ICR|male|oral|5.0|mg/kg|30.0|positive_or_fallen_mice|0.5% CMC sodium|none|acute,triazolam,alpha2|BZD_GAMMA2_059|VAL|any_contact_frequency,0.0222222222222222,0.9,1.5,2.0,2
Nishino2008|rotarod|mouse|ICR|male|oral|5.0|mg/kg|30.0|positive_or_fallen_mice|0.5% CMC sodium|none|acute,diazepam,alpha2|BZD_GAMMA2_060|ASN|any_contact_frequency,0.0888888888888888,0.4,1.0,1.0,2
Nishino2008|rotarod|mouse|ICR|male|oral|5.0|mg/kg|30.0|positive_or_fallen_mice|0.5% CMC sodium|none|acute,triazolam,alpha2|BZD_GAMMA2_060|ASN|any_contact_frequency,0.2888888888888888,0.9,2.0,2.0,2
Nishino2008|rotarod|mouse|ICR|male|oral|5.0|mg/kg|30.0|positive_or_fallen_mice|0.5% CMC sodium|none|acute,diazepam,alpha2|BZD_GAMMA2_061|SER|any_contact_frequency,0.0666666666666666,0.4,2.0,1.0,2
Nishino2008|rotarod|mouse|ICR|male|oral|5.0|mg/kg|30.0|positive_or_fallen_mice|0.5% CMC sodium|none|acute,triazolam,alpha2|BZD_GAMMA2_061|SER|any_contact_frequency,0.0,0.9,1.0,2.0,2
Nishino2008|rotarod|mouse|ICR|male|oral|5.0|mg/kg|30.0|positive_or_fallen_mice|0.5% CMC sodium|none|acute,diazepam,alpha2|BZD_GAMMA2_075|ASP|any_contact_frequency,0.0444444444444444,0.4,1.0,1.0,2
Nishino2008|rotarod|mouse|ICR|male|oral|5.0|mg/kg|30.0|positive_or_fallen_mice|0.5% CMC sodium|none|acute,triazolam,alpha2|BZD_GAMMA2_075|ASP|any_contact_frequency,0.0666666666666666,0.9,2.0,2.0,2
Nishino2008|rotarod|mouse|ICR|male|oral|5.0|mg/kg|30.0|positive_or_fallen_mice|0.5% CMC sodium|none|acute,diazepam,alpha2|BZD_GAMMA2_077|PHE|any_contact_frequency,0.9777777777777776,0.4,2.0,1.0,2
Nishino2008|rotarod|mouse|ICR|male|oral|5.0|mg/kg|30.0|positive_or_fallen_mice|0.5% CMC sodium|none|acute,triazolam,alpha2|BZD_GAMMA2_077|PHE|any_contact_frequency,0.4444444444444444,0.9,1.0,2.0,2
Nishino2008|rotarod|mouse|ICR|male|oral|5.0|mg/kg|30.0|positive_or_fallen_mice|0.5% CMC sodium|none|acute,diazepam,alpha2|BZD_GAMMA2_079|ALA|any_contact_frequency,0.0,0.4,1.5,1.0,2
Nishino2008|rotarod|mouse|ICR|male|oral|5.0|mg/kg|30.0|positive_or_fallen_mice|0.5% CMC sodium|none|acute,triazolam,alpha2|BZD_GAMMA2_079|ALA|any_contact_frequency,0.0,0.9,1.5,2.0,2
Nishino2008|rotarod|mouse|ICR|male|oral|5.0|mg/kg|30.0|positive_or_fallen_mice|0.5% CMC sodium|none|acute,diazepam,alpha2|BZD_GAMMA2_142|THR|any_contact_frequency,0.0,0.4,1.5,1.0,2
Nishino2008|rotarod|mouse|ICR|male|oral|5.0|mg/kg|30.0|positive_or_fallen_mice|0.5% CMC sodium|none|acute,triazolam,alpha2|BZD_GAMMA2_142|THR|any_contact_frequency,0.0,0.9,1.5,2.0,2
Nishino2008|rotarod|mouse|ICR|male|oral|5.0|mg/kg|30.0|positive_or_fallen_mice|0.5% CMC sodium|none|acute,diazepam,alpha2|BZD_GAMMA2_144|ARG|any_contact_frequency,0.0,0.4,1.5,1.0,2
Nishino2008|rotarod|mouse|ICR|male|oral|5.0|mg/kg|30.0|positive_or_fallen_mice|0.5% CMC sodium|none|acute,triazolam,alpha2|BZD_GAMMA2_144|ARG|any_contact_frequency,0.0,0.9,1.5,2.0,2
Nishino2008|rotarod|mouse|ICR|male|oral|5.0|mg/kg|30.0|positive_or_fallen_mice|0.5% CMC sodium|none|acute,diazepam,alpha2|BZD_GAMMA2_192|ASP|any_contact_frequency,0.0444444444444444,0.4,1.5,1.0,2
Nishino2008|rotarod|mouse|ICR|male|oral|5.0|mg/kg|30.0|positive_or_fallen_mice|0.5% CMC sodium|none|acute,triazolam,alpha2|BZD_GAMMA2_192|ASP|any_contact_frequency,0.0444444444444444,0.9,1.5,2.0,2
Nishino2008|rotarod|mouse|ICR|male|oral|5.0|mg/kg|30.0|positive_or_fallen_mice|0.5% CMC sodium|none|acute,diazepam,alpha2|BZD_GAMMA2_195|SER|any_contact_frequency,0.0,0.4,1.0,1.0,2
Nishino2008|rotarod|mouse|ICR|male|oral|5.0|mg/kg|30.0|positive_or_fallen_mice|0.5% CMC sodium|none|acute,triazolam,alpha2|BZD_GAMMA2_195|SER|any_contact_frequency,0.0444444444444444,0.9,2.0,2.0,2
Nishino2008|rotarod|mouse|ICR|male|oral|5.0|mg/kg|30.0|positive_or_fallen_mice|0.5% CMC sodium|none|acute,diazepam,alpha2|BZD_GAMMA2_196|TRP|any_contact_frequency,0.0,0.4,1.5,1.0,2
Nishino2008|rotarod|mouse|ICR|male|oral|5.0|mg/kg|30.0|positive_or_fallen_mice|0.5% CMC sodium|none|acute,triazolam,alpha2|BZD_GAMMA2_196|TRP|any_contact_frequency,0.0,0.9,1.5,2.0,2
Nishino2008|rotarod|mouse|ICR|male|oral|5.0|mg/kg|30.0|positive_or_fallen_mice|0.5% CMC sodium|none|acute,diazepam,alpha2|BZD_SITE_100|PHE|any_contact_frequency,0.3555555555555555,0.4,2.0,1.0,2
Nishino2008|rotarod|mouse|ICR|male|oral|5.0|mg/kg|30.0|positive_or_fallen_mice|0.5% CMC sodium|none|acute,triazolam,alpha2|BZD_SITE_100|PHE|any_contact_frequency,0.1111111111111111,0.9,1.0,2.0,2
Nishino2008|rotarod|mouse|ICR|male|oral|5.0|mg/kg|30.0|positive_or_fallen_mice|0.5% CMC sodium|none|acute,diazepam,alpha2|BZD_SITE_102|HIS|any_contact_frequency,0.3333333333333333,0.4,2.0,1.0,2
Nishino2008|rotarod|mouse|ICR|male|oral|5.0|mg/kg|30.0|positive_or_fallen_mice|0.5% CMC sodium|none|acute,triazolam,alpha2|BZD_SITE_102|HIS|any_contact_frequency,0.3111111111111111,0.9,1.0,2.0,2
Nishino2008|rotarod|mouse|ICR|male|oral|5.0|mg/kg|30.0|positive_or_fallen_mice|0.5% CMC sodium|none|acute,diazepam,alpha2|BZD_SITE_103|ASN|any_contact_frequency,0.1333333333333333,0.4,1.0,1.0,2
Nishino2008|rotarod|mouse|ICR|male|oral|5.0|mg/kg|30.0|positive_or_fallen_mice|0.5% CMC sodium|none|acute,triazolam,alpha2|BZD_SITE_103|ASN|any_contact_frequency,0.3555555555555555,0.9,2.0,2.0,2
Nishino2008|rotarod|mouse|ICR|male|oral|5.0|mg/kg|30.0|positive_or_fallen_mice|0.5% CMC sodium|none|acute,diazepam,alpha2|BZD_SITE_138|GLU|any_contact_frequency,0.0,0.4,1.5,1.0,2
Nishino2008|rotarod|mouse|ICR|male|oral|5.0|mg/kg|30.0|positive_or_fallen_mice|0.5% CMC sodium|none|acute,triazolam,alpha2|BZD_SITE_138|GLU|any_contact_frequency,0.0,0.9,1.5,2.0,2
Nishino2008|rotarod|mouse|ICR|male|oral|5.0|mg/kg|30.0|positive_or_fallen_mice|0.5% CMC sodium|none|acute,diazepam,alpha2|BZD_SITE_154|PRO|any_contact_frequency,0.0,0.4,1.0,1.0,2
Nishino2008|rotarod|mouse|ICR|male|oral|5.0|mg/kg|30.0|positive_or_fallen_mice|0.5% CMC sodium|none|acute,triazolam,alpha2|BZD_SITE_154|PRO|any_contact_frequency,0.1111111111111111,0.9,2.0,2.0,2
Nishino2008|rotarod|mouse|ICR|male|oral|5.0|mg/kg|30.0|positive_or_fallen_mice|0.5% CMC sodium|none|acute,diazepam,alpha2|BZD_SITE_156|LYS|any_contact_frequency,0.0666666666666666,0.4,1.0,1.0,2
Nishino2008|rotarod|mouse|ICR|male|oral|5.0|mg/kg|30.0|positive_or_fallen_mice|0.5% CMC sodium|none|acute,triazolam,alpha2|BZD_SITE_156|LYS|any_contact_frequency,0.3111111111111111,0.9,2.0,2.0,2
Nishino2008|rotarod|mouse|ICR|male|oral|5.0|mg/kg|30.0|positive_or_fallen_mice|0.5% CMC sodium|none|acute,diazepam,alpha2|BZD_SITE_160|TYR|any_contact_frequency,0.1111111111111111,0.4,2.0,1.0,2
Nishino2008|rotarod|mouse|ICR|male|oral|5.0|mg/kg|30.0|positive_or_fallen_mice|0.5% CMC sodium|none|acute,triazolam,alpha2|BZD_SITE_160|TYR|any_contact_frequency,0.0,0.9,1.0,2.0,2
Nishino2008|rotarod|mouse|ICR|male|oral|5.0|mg/kg|30.0|positive_or_fallen_mice|0.5% CMC sodium|none|acute,diazepam,alpha2|BZD_SITE_201|GLU|any_contact_frequency,0.0,0.4,1.5,1.0,2
Nishino2008|rotarod|mouse|ICR|male|oral|5.0|mg/kg|30.0|positive_or_fallen_mice|0.5% CMC sodium|none|acute,triazolam,alpha2|BZD_SITE_201|GLU|any_contact_frequency,0.0,0.9,1.5,2.0,2
Nishino2008|rotarod|mouse|ICR|male|oral|5.0|mg/kg|30.0|positive_or_fallen_mice|0.5% CMC sodium|none|acute,diazepam,alpha2|BZD_SITE_203|ILE|any_contact_frequency,0.5111111111111111,0.4,1.0,1.0,2
Nishino2008|rotarod|mouse|ICR|male|oral|5.0|mg/kg|30.0|positive_or_fallen_mice|0.5% CMC sodium|none|acute,triazolam,alpha2|BZD_SITE_203|ILE|any_contact_frequency,0.6,0.9,2.0,2.0,2
Nishino2008|rotarod|mouse|ICR|male|oral|5.0|mg/kg|30.0|positive_or_fallen_mice|0.5% CMC sodium|none|acute,diazepam,alpha2|BZD_SITE_204|LYS|any_contact_frequency,0.0,0.4,1.0,1.0,2
Nishino2008|rotarod|mouse|ICR|male|oral|5.0|mg/kg|30.0|positive_or_fallen_mice|0.5% CMC sodium|none|acute,triazolam,alpha2|BZD_SITE_204|LYS|any_contact_frequency,0.0666666666666666,0.9,2.0,2.0,2
Nishino2008|rotarod|mouse|ICR|male|oral|5.0|mg/kg|30.0|positive_or_fallen_mice|0.5% CMC sodium|none|acute,diazepam,alpha2|BZD_SITE_206|SER|any_contact_frequency,0.0,0.4,1.5,1.0,2
Nishino2008|rotarod|mouse|ICR|male|oral|5.0|mg/kg|30.0|positive_or_fallen_mice|0.5% CMC sodium|none|acute,triazolam,alpha2|BZD_SITE_206|SER|any_contact_frequency,0.0,0.9,1.5,2.0,2
Nishino2008|rotarod|mouse|ICR|male|oral|5.0|mg/kg|30.0|positive_or_fallen_mice|0.5% CMC sodium|none|acute,diazepam,alpha2|BZD_SITE_207|THR|any_contact_frequency,0.0,0.4,1.5,1.0,2
Nishino2008|rotarod|mouse|ICR|male|oral|5.0|mg/kg|30.0|positive_or_fallen_mice|0.5% CMC sodium|none|acute,triazolam,alpha2|BZD_SITE_207|THR|any_contact_frequency,0.0,0.9,1.5,2.0,2
Nishino2008|rotarod|mouse|ICR|male|oral|5.0|mg/kg|30.0|positive_or_fallen_mice|0.5% CMC sodium|none|acute,diazepam,alpha2|BZD_SITE_210|TYR|any_contact_frequency,0.1111111111111111,0.4,2.0,1.0,2
Nishino2008|rotarod|mouse|ICR|male|oral|5.0|mg/kg|30.0|positive_or_fallen_mice|0.5% CMC sodium|none|acute,triazolam,alpha2|BZD_SITE_210|TYR|any_contact_frequency,0.0,0.9,1.0,2.0,2
Nishino2008|rotarod|mouse|ICR|male|oral|5.0|mg/kg|30.0|positive_or_fallen_mice|0.5% CMC sodium|none|acute,diazepam,alpha2|BZD_SITE_212|VAL|any_contact_frequency,0.0,0.4,1.5,1.0,2
Nishino2008|rotarod|mouse|ICR|male|oral|5.0|mg/kg|30.0|positive_or_fallen_mice|0.5% CMC sodium|none|acute,triazolam,alpha2|BZD_SITE_212|VAL|any_contact_frequency,0.0,0.9,1.5,2.0,2
Nishino2008|rotarod|mouse|ICR|male|oral|5.0|mg/kg|60.0|positive_or_fallen_mice|0.5% CMC sodium|none|acute,diazepam,alpha1|BZD_GAMMA2_056|ASP|any_contact_frequency,0.0,0.5,1.5,1.0,2
Nishino2008|rotarod|mouse|ICR|male|oral|5.0|mg/kg|60.0|positive_or_fallen_mice|0.5% CMC sodium|none|acute,triazolam,alpha1|BZD_GAMMA2_056|ASP|any_contact_frequency,0.0,0.9,1.5,2.0,2
Nishino2008|rotarod|mouse|ICR|male|oral|5.0|mg/kg|60.0|positive_or_fallen_mice|0.5% CMC sodium|none|acute,diazepam,alpha1|BZD_GAMMA2_058|TYR|any_contact_frequency,0.9111111111111112,0.5,2.0,1.0,2
Nishino2008|rotarod|mouse|ICR|male|oral|5.0|mg/kg|60.0|positive_or_fallen_mice|0.5% CMC sodium|none|acute,triazolam,alpha1|BZD_GAMMA2_058|TYR|any_contact_frequency,0.775,0.9,1.0,2.0,2
Nishino2008|rotarod|mouse|ICR|male|oral|5.0|mg/kg|60.0|positive_or_fallen_mice|0.5% CMC sodium|none|acute,diazepam,alpha1|BZD_GAMMA2_060|ASN|any_contact_frequency,0.0,0.5,1.0,1.0,2
Nishino2008|rotarod|mouse|ICR|male|oral|5.0|mg/kg|60.0|positive_or_fallen_mice|0.5% CMC sodium|none|acute,triazolam,alpha1|BZD_GAMMA2_060|ASN|any_contact_frequency,0.025,0.9,2.0,2.0,2
Nishino2008|rotarod|mouse|ICR|male|oral|5.0|mg/kg|60.0|positive_or_fallen_mice|0.5% CMC sodium|none|acute,diazepam,alpha1|BZD_GAMMA2_077|PHE|any_contact_frequency,0.8888888888888888,0.5,2.0,1.0,2
Nishino2008|rotarod|mouse|ICR|male|oral|5.0|mg/kg|60.0|positive_or_fallen_mice|0.5% CMC sodium|none|acute,triazolam,alpha1|BZD_GAMMA2_077|PHE|any_contact_frequency,0.75,0.9,1.0,2.0,2
Nishino2008|rotarod|mouse|ICR|male|oral|5.0|mg/kg|60.0|positive_or_fallen_mice|0.5% CMC sodium|none|acute,diazepam,alpha1|BZD_GAMMA2_079|ALA|any_contact_frequency,0.0,0.5,1.5,1.0,2
Nishino2008|rotarod|mouse|ICR|male|oral|5.0|mg/kg|60.0|positive_or_fallen_mice|0.5% CMC sodium|none|acute,triazolam,alpha1|BZD_GAMMA2_079|ALA|any_contact_frequency,0.0,0.9,1.5,2.0,2
Nishino2008|rotarod|mouse|ICR|male|oral|5.0|mg/kg|60.0|positive_or_fallen_mice|0.5% CMC sodium|none|acute,diazepam,alpha1|BZD_GAMMA2_142|THR|any_contact_frequency,0.0222222222222222,0.5,1.0,1.0,2
Nishino2008|rotarod|mouse|ICR|male|oral|5.0|mg/kg|60.0|positive_or_fallen_mice|0.5% CMC sodium|none|acute,triazolam,alpha1|BZD_GAMMA2_142|THR|any_contact_frequency,0.15,0.9,2.0,2.0,2
Nishino2008|rotarod|mouse|ICR|male|oral|5.0|mg/kg|60.0|positive_or_fallen_mice|0.5% CMC sodium|none|acute,diazepam,alpha1|BZD_GAMMA2_189|GLU|any_contact_frequency,0.0888888888888888,0.5,2.0,1.0,2
Nishino2008|rotarod|mouse|ICR|male|oral|5.0|mg/kg|60.0|positive_or_fallen_mice|0.5% CMC sodium|none|acute,triazolam,alpha1|BZD_GAMMA2_189|GLU|any_contact_frequency,0.05,0.9,1.0,2.0,2
Nishino2008|rotarod|mouse|ICR|male|oral|5.0|mg/kg|60.0|positive_or_fallen_mice|0.5% CMC sodium|none|acute,diazepam,alpha1|BZD_GAMMA2_192|ASP|any_contact_frequency,0.0,0.5,1.5,1.0,2
Nishino2008|rotarod|mouse|ICR|male|oral|5.0|mg/kg|60.0|positive_or_fallen_mice|0.5% CMC sodium|none|acute,triazolam,alpha1|BZD_GAMMA2_192|ASP|any_contact_frequency,0.0,0.9,1.5,2.0,2
Nishino2008|rotarod|mouse|ICR|male|oral|5.0|mg/kg|60.0|positive_or_fallen_mice|0.5% CMC sodium|none|acute,diazepam,alpha1|BZD_GAMMA2_195|SER|any_contact_frequency,0.0,0.5,1.5,1.0,2
Nishino2008|rotarod|mouse|ICR|male|oral|5.0|mg/kg|60.0|positive_or_fallen_mice|0.5% CMC sodium|none|acute,triazolam,alpha1|BZD_GAMMA2_195|SER|any_contact_frequency,0.0,0.9,1.5,2.0,2
Nishino2008|rotarod|mouse|ICR|male|oral|5.0|mg/kg|60.0|positive_or_fallen_mice|0.5% CMC sodium|none|acute,diazepam,alpha1|BZD_SITE_100|PHE|any_contact_frequency,0.3111111111111111,0.5,2.0,1.0,2
Nishino2008|rotarod|mouse|ICR|male|oral|5.0|mg/kg|60.0|positive_or_fallen_mice|0.5% CMC sodium|none|acute,triazolam,alpha1|BZD_SITE_100|PHE|any_contact_frequency,0.175,0.9,1.0,2.0,2
Nishino2008|rotarod|mouse|ICR|male|oral|5.0|mg/kg|60.0|positive_or_fallen_mice|0.5% CMC sodium|none|acute,diazepam,alpha1|BZD_SITE_102|HIS|any_contact_frequency,0.0666666666666666,0.5,1.0,1.0,2
Nishino2008|rotarod|mouse|ICR|male|oral|5.0|mg/kg|60.0|positive_or_fallen_mice|0.5% CMC sodium|none|acute,triazolam,alpha1|BZD_SITE_102|HIS|any_contact_frequency,0.3,0.9,2.0,2.0,2
Nishino2008|rotarod|mouse|ICR|male|oral|5.0|mg/kg|60.0|positive_or_fallen_mice|0.5% CMC sodium|none|acute,diazepam,alpha1|BZD_SITE_103|ASN|any_contact_frequency,0.0444444444444444,0.5,2.0,1.0,2
Nishino2008|rotarod|mouse|ICR|male|oral|5.0|mg/kg|60.0|positive_or_fallen_mice|0.5% CMC sodium|none|acute,triazolam,alpha1|BZD_SITE_103|ASN|any_contact_frequency,0.0,0.9,1.0,2.0,2
Nishino2008|rotarod|mouse|ICR|male|oral|5.0|mg/kg|60.0|positive_or_fallen_mice|0.5% CMC sodium|none|acute,diazepam,alpha1|BZD_SITE_138|GLU|any_contact_frequency,0.0,0.5,1.5,1.0,2
Nishino2008|rotarod|mouse|ICR|male|oral|5.0|mg/kg|60.0|positive_or_fallen_mice|0.5% CMC sodium|none|acute,triazolam,alpha1|BZD_SITE_138|GLU|any_contact_frequency,0.0,0.9,1.5,2.0,2
Nishino2008|rotarod|mouse|ICR|male|oral|5.0|mg/kg|60.0|positive_or_fallen_mice|0.5% CMC sodium|none|acute,diazepam,alpha1|BZD_SITE_156|LYS|any_contact_frequency,0.1555555555555555,0.5,1.0,1.0,2
Nishino2008|rotarod|mouse|ICR|male|oral|5.0|mg/kg|60.0|positive_or_fallen_mice|0.5% CMC sodium|none|acute,triazolam,alpha1|BZD_SITE_156|LYS|any_contact_frequency,0.2,0.9,2.0,2.0,2
Nishino2008|rotarod|mouse|ICR|male|oral|5.0|mg/kg|60.0|positive_or_fallen_mice|0.5% CMC sodium|none|acute,diazepam,alpha1|BZD_SITE_160|TYR|any_contact_frequency,0.2444444444444444,0.5,2.0,1.0,2
Nishino2008|rotarod|mouse|ICR|male|oral|5.0|mg/kg|60.0|positive_or_fallen_mice|0.5% CMC sodium|none|acute,triazolam,alpha1|BZD_SITE_160|TYR|any_contact_frequency,0.225,0.9,1.0,2.0,2
Nishino2008|rotarod|mouse|ICR|male|oral|5.0|mg/kg|60.0|positive_or_fallen_mice|0.5% CMC sodium|none|acute,diazepam,alpha1|BZD_SITE_203|VAL|any_contact_frequency,0.5111111111111111,0.5,1.0,1.0,2
Nishino2008|rotarod|mouse|ICR|male|oral|5.0|mg/kg|60.0|positive_or_fallen_mice|0.5% CMC sodium|none|acute,triazolam,alpha1|BZD_SITE_203|VAL|any_contact_frequency,0.675,0.9,2.0,2.0,2
Nishino2008|rotarod|mouse|ICR|male|oral|5.0|mg/kg|60.0|positive_or_fallen_mice|0.5% CMC sodium|none|acute,diazepam,alpha1|BZD_SITE_204|GLN|any_contact_frequency,0.0222222222222222,0.5,2.0,1.0,2
Nishino2008|rotarod|mouse|ICR|male|oral|5.0|mg/kg|60.0|positive_or_fallen_mice|0.5% CMC sodium|none|acute,triazolam,alpha1|BZD_SITE_204|GLN|any_contact_frequency,0.0,0.9,1.0,2.0,2
Nishino2008|rotarod|mouse|ICR|male|oral|5.0|mg/kg|60.0|positive_or_fallen_mice|0.5% CMC sodium|none|acute,diazepam,alpha1|BZD_SITE_205|SER|any_contact_frequency,0.1777777777777777,0.5,1.0,1.0,2
Nishino2008|rotarod|mouse|ICR|male|oral|5.0|mg/kg|60.0|positive_or_fallen_mice|0.5% CMC sodium|none|acute,triazolam,alpha1|BZD_SITE_205|SER|any_contact_frequency,0.25,0.9,2.0,2.0,2
Nishino2008|rotarod|mouse|ICR|male|oral|5.0|mg/kg|60.0|positive_or_fallen_mice|0.5% CMC sodium|none|acute,diazepam,alpha1|BZD_SITE_206|SER|any_contact_frequency,0.0,0.5,1.0,1.0,2
Nishino2008|rotarod|mouse|ICR|male|oral|5.0|mg/kg|60.0|positive_or_fallen_mice|0.5% CMC sodium|none|acute,triazolam,alpha1|BZD_SITE_206|SER|any_contact_frequency,0.05,0.9,2.0,2.0,2
Nishino2008|rotarod|mouse|ICR|male|oral|5.0|mg/kg|60.0|positive_or_fallen_mice|0.5% CMC sodium|none|acute,diazepam,alpha1|BZD_SITE_207|THR|any_contact_frequency,0.1333333333333333,0.5,2.0,1.0,2
Nishino2008|rotarod|mouse|ICR|male|oral|5.0|mg/kg|60.0|positive_or_fallen_mice|0.5% CMC sodium|none|acute,triazolam,alpha1|BZD_SITE_207|THR|any_contact_frequency,0.0,0.9,1.0,2.0,2
Nishino2008|rotarod|mouse|ICR|male|oral|5.0|mg/kg|60.0|positive_or_fallen_mice|0.5% CMC sodium|none|acute,diazepam,alpha1|BZD_SITE_210|TYR|any_contact_frequency,0.2222222222222222,0.5,1.0,1.0,2
Nishino2008|rotarod|mouse|ICR|male|oral|5.0|mg/kg|60.0|positive_or_fallen_mice|0.5% CMC sodium|none|acute,triazolam,alpha1|BZD_SITE_210|TYR|any_contact_frequency,0.4,0.9,2.0,2.0,2
Nishino2008|rotarod|mouse|ICR|male|oral|5.0|mg/kg|60.0|positive_or_fallen_mice|0.5% CMC sodium|none|acute,diazepam,alpha2|BZD_GAMMA2_056|ASP|any_contact_frequency,0.0,0.5,1.5,1.0,2
Nishino2008|rotarod|mouse|ICR|male|oral|5.0|mg/kg|60.0|positive_or_fallen_mice|0.5% CMC sodium|none|acute,triazolam,alpha2|BZD_GAMMA2_056|ASP|any_contact_frequency,0.0,0.9,1.5,2.0,2
Nishino2008|rotarod|mouse|ICR|male|oral|5.0|mg/kg|60.0|positive_or_fallen_mice|0.5% CMC sodium|none|acute,diazepam,alpha2|BZD_GAMMA2_058|TYR|any_contact_frequency,0.4666666666666667,0.5,2.0,1.0,2
Nishino2008|rotarod|mouse|ICR|male|oral|5.0|mg/kg|60.0|positive_or_fallen_mice|0.5% CMC sodium|none|acute,triazolam,alpha2|BZD_GAMMA2_058|TYR|any_contact_frequency,0.2888888888888888,0.9,1.0,2.0,2
Nishino2008|rotarod|mouse|ICR|male|oral|5.0|mg/kg|60.0|positive_or_fallen_mice|0.5% CMC sodium|none|acute,diazepam,alpha2|BZD_GAMMA2_059|VAL|any_contact_frequency,0.0222222222222222,0.5,1.5,1.0,2
Nishino2008|rotarod|mouse|ICR|male|oral|5.0|mg/kg|60.0|positive_or_fallen_mice|0.5% CMC sodium|none|acute,triazolam,alpha2|BZD_GAMMA2_059|VAL|any_contact_frequency,0.0222222222222222,0.9,1.5,2.0,2
Nishino2008|rotarod|mouse|ICR|male|oral|5.0|mg/kg|60.0|positive_or_fallen_mice|0.5% CMC sodium|none|acute,diazepam,alpha2|BZD_GAMMA2_060|ASN|any_contact_frequency,0.0888888888888888,0.5,1.0,1.0,2
Nishino2008|rotarod|mouse|ICR|male|oral|5.0|mg/kg|60.0|positive_or_fallen_mice|0.5% CMC sodium|none|acute,triazolam,alpha2|BZD_GAMMA2_060|ASN|any_contact_frequency,0.2888888888888888,0.9,2.0,2.0,2
Nishino2008|rotarod|mouse|ICR|male|oral|5.0|mg/kg|60.0|positive_or_fallen_mice|0.5% CMC sodium|none|acute,diazepam,alpha2|BZD_GAMMA2_061|SER|any_contact_frequency,0.0666666666666666,0.5,2.0,1.0,2
Nishino2008|rotarod|mouse|ICR|male|oral|5.0|mg/kg|60.0|positive_or_fallen_mice|0.5% CMC sodium|none|acute,triazolam,alpha2|BZD_GAMMA2_061|SER|any_contact_frequency,0.0,0.9,1.0,2.0,2
Nishino2008|rotarod|mouse|ICR|male|oral|5.0|mg/kg|60.0|positive_or_fallen_mice|0.5% CMC sodium|none|acute,diazepam,alpha2|BZD_GAMMA2_075|ASP|any_contact_frequency,0.0444444444444444,0.5,1.0,1.0,2
Nishino2008|rotarod|mouse|ICR|male|oral|5.0|mg/kg|60.0|positive_or_fallen_mice|0.5% CMC sodium|none|acute,triazolam,alpha2|BZD_GAMMA2_075|ASP|any_contact_frequency,0.0666666666666666,0.9,2.0,2.0,2
Nishino2008|rotarod|mouse|ICR|male|oral|5.0|mg/kg|60.0|positive_or_fallen_mice|0.5% CMC sodium|none|acute,diazepam,alpha2|BZD_GAMMA2_077|PHE|any_contact_frequency,0.9777777777777776,0.5,2.0,1.0,2
Nishino2008|rotarod|mouse|ICR|male|oral|5.0|mg/kg|60.0|positive_or_fallen_mice|0.5% CMC sodium|none|acute,triazolam,alpha2|BZD_GAMMA2_077|PHE|any_contact_frequency,0.4444444444444444,0.9,1.0,2.0,2
Nishino2008|rotarod|mouse|ICR|male|oral|5.0|mg/kg|60.0|positive_or_fallen_mice|0.5% CMC sodium|none|acute,diazepam,alpha2|BZD_GAMMA2_079|ALA|any_contact_frequency,0.0,0.5,1.5,1.0,2
Nishino2008|rotarod|mouse|ICR|male|oral|5.0|mg/kg|60.0|positive_or_fallen_mice|0.5% CMC sodium|none|acute,triazolam,alpha2|BZD_GAMMA2_079|ALA|any_contact_frequency,0.0,0.9,1.5,2.0,2
Nishino2008|rotarod|mouse|ICR|male|oral|5.0|mg/kg|60.0|positive_or_fallen_mice|0.5% CMC sodium|none|acute,diazepam,alpha2|BZD_GAMMA2_142|THR|any_contact_frequency,0.0,0.5,1.5,1.0,2
Nishino2008|rotarod|mouse|ICR|male|oral|5.0|mg/kg|60.0|positive_or_fallen_mice|0.5% CMC sodium|none|acute,triazolam,alpha2|BZD_GAMMA2_142|THR|any_contact_frequency,0.0,0.9,1.5,2.0,2
Nishino2008|rotarod|mouse|ICR|male|oral|5.0|mg/kg|60.0|positive_or_fallen_mice|0.5% CMC sodium|none|acute,diazepam,alpha2|BZD_GAMMA2_144|ARG|any_contact_frequency,0.0,0.5,1.5,1.0,2
Nishino2008|rotarod|mouse|ICR|male|oral|5.0|mg/kg|60.0|positive_or_fallen_mice|0.5% CMC sodium|none|acute,triazolam,alpha2|BZD_GAMMA2_144|ARG|any_contact_frequency,0.0,0.9,1.5,2.0,2
Nishino2008|rotarod|mouse|ICR|male|oral|5.0|mg/kg|60.0|positive_or_fallen_mice|0.5% CMC sodium|none|acute,diazepam,alpha2|BZD_GAMMA2_192|ASP|any_contact_frequency,0.0444444444444444,0.5,1.5,1.0,2
Nishino2008|rotarod|mouse|ICR|male|oral|5.0|mg/kg|60.0|positive_or_fallen_mice|0.5% CMC sodium|none|acute,triazolam,alpha2|BZD_GAMMA2_192|ASP|any_contact_frequency,0.0444444444444444,0.9,1.5,2.0,2
Nishino2008|rotarod|mouse|ICR|male|oral|5.0|mg/kg|60.0|positive_or_fallen_mice|0.5% CMC sodium|none|acute,diazepam,alpha2|BZD_GAMMA2_195|SER|any_contact_frequency,0.0,0.5,1.0,1.0,2
Nishino2008|rotarod|mouse|ICR|male|oral|5.0|mg/kg|60.0|positive_or_fallen_mice|0.5% CMC sodium|none|acute,triazolam,alpha2|BZD_GAMMA2_195|SER|any_contact_frequency,0.0444444444444444,0.9,2.0,2.0,2
Nishino2008|rotarod|mouse|ICR|male|oral|5.0|mg/kg|60.0|positive_or_fallen_mice|0.5% CMC sodium|none|acute,diazepam,alpha2|BZD_GAMMA2_196|TRP|any_contact_frequency,0.0,0.5,1.5,1.0,2
Nishino2008|rotarod|mouse|ICR|male|oral|5.0|mg/kg|60.0|positive_or_fallen_mice|0.5% CMC sodium|none|acute,triazolam,alpha2|BZD_GAMMA2_196|TRP|any_contact_frequency,0.0,0.9,1.5,2.0,2
Nishino2008|rotarod|mouse|ICR|male|oral|5.0|mg/kg|60.0|positive_or_fallen_mice|0.5% CMC sodium|none|acute,diazepam,alpha2|BZD_SITE_100|PHE|any_contact_frequency,0.3555555555555555,0.5,2.0,1.0,2
Nishino2008|rotarod|mouse|ICR|male|oral|5.0|mg/kg|60.0|positive_or_fallen_mice|0.5% CMC sodium|none|acute,triazolam,alpha2|BZD_SITE_100|PHE|any_contact_frequency,0.1111111111111111,0.9,1.0,2.0,2
Nishino2008|rotarod|mouse|ICR|male|oral|5.0|mg/kg|60.0|positive_or_fallen_mice|0.5% CMC sodium|none|acute,diazepam,alpha2|BZD_SITE_102|HIS|any_contact_frequency,0.3333333333333333,0.5,2.0,1.0,2
Nishino2008|rotarod|mouse|ICR|male|oral|5.0|mg/kg|60.0|positive_or_fallen_mice|0.5% CMC sodium|none|acute,triazolam,alpha2|BZD_SITE_102|HIS|any_contact_frequency,0.3111111111111111,0.9,1.0,2.0,2
Nishino2008|rotarod|mouse|ICR|male|oral|5.0|mg/kg|60.0|positive_or_fallen_mice|0.5% CMC sodium|none|acute,diazepam,alpha2|BZD_SITE_103|ASN|any_contact_frequency,0.1333333333333333,0.5,1.0,1.0,2
Nishino2008|rotarod|mouse|ICR|male|oral|5.0|mg/kg|60.0|positive_or_fallen_mice|0.5% CMC sodium|none|acute,triazolam,alpha2|BZD_SITE_103|ASN|any_contact_frequency,0.3555555555555555,0.9,2.0,2.0,2
Nishino2008|rotarod|mouse|ICR|male|oral|5.0|mg/kg|60.0|positive_or_fallen_mice|0.5% CMC sodium|none|acute,diazepam,alpha2|BZD_SITE_138|GLU|any_contact_frequency,0.0,0.5,1.5,1.0,2
Nishino2008|rotarod|mouse|ICR|male|oral|5.0|mg/kg|60.0|positive_or_fallen_mice|0.5% CMC sodium|none|acute,triazolam,alpha2|BZD_SITE_138|GLU|any_contact_frequency,0.0,0.9,1.5,2.0,2
Nishino2008|rotarod|mouse|ICR|male|oral|5.0|mg/kg|60.0|positive_or_fallen_mice|0.5% CMC sodium|none|acute,diazepam,alpha2|BZD_SITE_154|PRO|any_contact_frequency,0.0,0.5,1.0,1.0,2
Nishino2008|rotarod|mouse|ICR|male|oral|5.0|mg/kg|60.0|positive_or_fallen_mice|0.5% CMC sodium|none|acute,triazolam,alpha2|BZD_SITE_154|PRO|any_contact_frequency,0.1111111111111111,0.9,2.0,2.0,2
Nishino2008|rotarod|mouse|ICR|male|oral|5.0|mg/kg|60.0|positive_or_fallen_mice|0.5% CMC sodium|none|acute,diazepam,alpha2|BZD_SITE_156|LYS|any_contact_frequency,0.0666666666666666,0.5,1.0,1.0,2
Nishino2008|rotarod|mouse|ICR|male|oral|5.0|mg/kg|60.0|positive_or_fallen_mice|0.5% CMC sodium|none|acute,triazolam,alpha2|BZD_SITE_156|LYS|any_contact_frequency,0.3111111111111111,0.9,2.0,2.0,2
Nishino2008|rotarod|mouse|ICR|male|oral|5.0|mg/kg|60.0|positive_or_fallen_mice|0.5% CMC sodium|none|acute,diazepam,alpha2|BZD_SITE_160|TYR|any_contact_frequency,0.1111111111111111,0.5,2.0,1.0,2
Nishino2008|rotarod|mouse|ICR|male|oral|5.0|mg/kg|60.0|positive_or_fallen_mice|0.5% CMC sodium|none|acute,triazolam,alpha2|BZD_SITE_160|TYR|any_contact_frequency,0.0,0.9,1.0,2.0,2
Nishino2008|rotarod|mouse|ICR|male|oral|5.0|mg/kg|60.0|positive_or_fallen_mice|0.5% CMC sodium|none|acute,diazepam,alpha2|BZD_SITE_201|GLU|any_contact_frequency,0.0,0.5,1.5,1.0,2
Nishino2008|rotarod|mouse|ICR|male|oral|5.0|mg/kg|60.0|positive_or_fallen_mice|0.5% CMC sodium|none|acute,triazolam,alpha2|BZD_SITE_201|GLU|any_contact_frequency,0.0,0.9,1.5,2.0,2
Nishino2008|rotarod|mouse|ICR|male|oral|5.0|mg/kg|60.0|positive_or_fallen_mice|0.5% CMC sodium|none|acute,diazepam,alpha2|BZD_SITE_203|ILE|any_contact_frequency,0.5111111111111111,0.5,1.0,1.0,2
Nishino2008|rotarod|mouse|ICR|male|oral|5.0|mg/kg|60.0|positive_or_fallen_mice|0.5% CMC sodium|none|acute,triazolam,alpha2|BZD_SITE_203|ILE|any_contact_frequency,0.6,0.9,2.0,2.0,2
Nishino2008|rotarod|mouse|ICR|male|oral|5.0|mg/kg|60.0|positive_or_fallen_mice|0.5% CMC sodium|none|acute,diazepam,alpha2|BZD_SITE_204|LYS|any_contact_frequency,0.0,0.5,1.0,1.0,2
Nishino2008|rotarod|mouse|ICR|male|oral|5.0|mg/kg|60.0|positive_or_fallen_mice|0.5% CMC sodium|none|acute,triazolam,alpha2|BZD_SITE_204|LYS|any_contact_frequency,0.0666666666666666,0.9,2.0,2.0,2
Nishino2008|rotarod|mouse|ICR|male|oral|5.0|mg/kg|60.0|positive_or_fallen_mice|0.5% CMC sodium|none|acute,diazepam,alpha2|BZD_SITE_206|SER|any_contact_frequency,0.0,0.5,1.5,1.0,2
Nishino2008|rotarod|mouse|ICR|male|oral|5.0|mg/kg|60.0|positive_or_fallen_mice|0.5% CMC sodium|none|acute,triazolam,alpha2|BZD_SITE_206|SER|any_contact_frequency,0.0,0.9,1.5,2.0,2
Nishino2008|rotarod|mouse|ICR|male|oral|5.0|mg/kg|60.0|positive_or_fallen_mice|0.5% CMC sodium|none|acute,diazepam,alpha2|BZD_SITE_207|THR|any_contact_frequency,0.0,0.5,1.5,1.0,2
Nishino2008|rotarod|mouse|ICR|male|oral|5.0|mg/kg|60.0|positive_or_fallen_mice|0.5% CMC sodium|none|acute,triazolam,alpha2|BZD_SITE_207|THR|any_contact_frequency,0.0,0.9,1.5,2.0,2
Nishino2008|rotarod|mouse|ICR|male|oral|5.0|mg/kg|60.0|positive_or_fallen_mice|0.5% CMC sodium|none|acute,diazepam,alpha2|BZD_SITE_210|TYR|any_contact_frequency,0.1111111111111111,0.5,2.0,1.0,2
Nishino2008|rotarod|mouse|ICR|male|oral|5.0|mg/kg|60.0|positive_or_fallen_mice|0.5% CMC sodium|none|acute,triazolam,alpha2|BZD_SITE_210|TYR|any_contact_frequency,0.0,0.9,1.0,2.0,2
Nishino2008|rotarod|mouse|ICR|male|oral|5.0|mg/kg|60.0|positive_or_fallen_mice|0.5% CMC sodium|none|acute,diazepam,alpha2|BZD_SITE_212|VAL|any_contact_frequency,0.0,0.5,1.5,1.0,2
Nishino2008|rotarod|mouse|ICR|male|oral|5.0|mg/kg|60.0|positive_or_fallen_mice|0.5% CMC sodium|none|acute,triazolam,alpha2|BZD_SITE_212|VAL|any_contact_frequency,0.0,0.9,1.5,2.0,2
Nishino2008|rotarod|mouse|ICR|male|oral|5.0|mg/kg|90.0|positive_or_fallen_mice|0.5% CMC sodium|none|acute,diazepam,alpha1|BZD_GAMMA2_056|ASP|any_contact_frequency,0.0,0.4,1.5,1.5,2
Nishino2008|rotarod|mouse|ICR|male|oral|5.0|mg/kg|90.0|positive_or_fallen_mice|0.5% CMC sodium|none|acute,triazolam,alpha1|BZD_GAMMA2_056|ASP|any_contact_frequency,0.0,0.4,1.5,1.5,2
Nishino2008|rotarod|mouse|ICR|male|oral|5.0|mg/kg|90.0|positive_or_fallen_mice|0.5% CMC sodium|none|acute,diazepam,alpha1|BZD_GAMMA2_058|TYR|any_contact_frequency,0.9111111111111112,0.4,2.0,1.5,2
Nishino2008|rotarod|mouse|ICR|male|oral|5.0|mg/kg|90.0|positive_or_fallen_mice|0.5% CMC sodium|none|acute,triazolam,alpha1|BZD_GAMMA2_058|TYR|any_contact_frequency,0.775,0.4,1.0,1.5,2
Nishino2008|rotarod|mouse|ICR|male|oral|5.0|mg/kg|90.0|positive_or_fallen_mice|0.5% CMC sodium|none|acute,diazepam,alpha1|BZD_GAMMA2_060|ASN|any_contact_frequency,0.0,0.4,1.0,1.5,2
Nishino2008|rotarod|mouse|ICR|male|oral|5.0|mg/kg|90.0|positive_or_fallen_mice|0.5% CMC sodium|none|acute,triazolam,alpha1|BZD_GAMMA2_060|ASN|any_contact_frequency,0.025,0.4,2.0,1.5,2
Nishino2008|rotarod|mouse|ICR|male|oral|5.0|mg/kg|90.0|positive_or_fallen_mice|0.5% CMC sodium|none|acute,diazepam,alpha1|BZD_GAMMA2_077|PHE|any_contact_frequency,0.8888888888888888,0.4,2.0,1.5,2
Nishino2008|rotarod|mouse|ICR|male|oral|5.0|mg/kg|90.0|positive_or_fallen_mice|0.5% CMC sodium|none|acute,triazolam,alpha1|BZD_GAMMA2_077|PHE|any_contact_frequency,0.75,0.4,1.0,1.5,2
Nishino2008|rotarod|mouse|ICR|male|oral|5.0|mg/kg|90.0|positive_or_fallen_mice|0.5% CMC sodium|none|acute,diazepam,alpha1|BZD_GAMMA2_079|ALA|any_contact_frequency,0.0,0.4,1.5,1.5,2
Nishino2008|rotarod|mouse|ICR|male|oral|5.0|mg/kg|90.0|positive_or_fallen_mice|0.5% CMC sodium|none|acute,triazolam,alpha1|BZD_GAMMA2_079|ALA|any_contact_frequency,0.0,0.4,1.5,1.5,2
Nishino2008|rotarod|mouse|ICR|male|oral|5.0|mg/kg|90.0|positive_or_fallen_mice|0.5% CMC sodium|none|acute,diazepam,alpha1|BZD_GAMMA2_142|THR|any_contact_frequency,0.0222222222222222,0.4,1.0,1.5,2
Nishino2008|rotarod|mouse|ICR|male|oral|5.0|mg/kg|90.0|positive_or_fallen_mice|0.5% CMC sodium|none|acute,triazolam,alpha1|BZD_GAMMA2_142|THR|any_contact_frequency,0.15,0.4,2.0,1.5,2
Nishino2008|rotarod|mouse|ICR|male|oral|5.0|mg/kg|90.0|positive_or_fallen_mice|0.5% CMC sodium|none|acute,diazepam,alpha1|BZD_GAMMA2_189|GLU|any_contact_frequency,0.0888888888888888,0.4,2.0,1.5,2
Nishino2008|rotarod|mouse|ICR|male|oral|5.0|mg/kg|90.0|positive_or_fallen_mice|0.5% CMC sodium|none|acute,triazolam,alpha1|BZD_GAMMA2_189|GLU|any_contact_frequency,0.05,0.4,1.0,1.5,2
Nishino2008|rotarod|mouse|ICR|male|oral|5.0|mg/kg|90.0|positive_or_fallen_mice|0.5% CMC sodium|none|acute,diazepam,alpha1|BZD_GAMMA2_192|ASP|any_contact_frequency,0.0,0.4,1.5,1.5,2
Nishino2008|rotarod|mouse|ICR|male|oral|5.0|mg/kg|90.0|positive_or_fallen_mice|0.5% CMC sodium|none|acute,triazolam,alpha1|BZD_GAMMA2_192|ASP|any_contact_frequency,0.0,0.4,1.5,1.5,2
Nishino2008|rotarod|mouse|ICR|male|oral|5.0|mg/kg|90.0|positive_or_fallen_mice|0.5% CMC sodium|none|acute,diazepam,alpha1|BZD_GAMMA2_195|SER|any_contact_frequency,0.0,0.4,1.5,1.5,2
Nishino2008|rotarod|mouse|ICR|male|oral|5.0|mg/kg|90.0|positive_or_fallen_mice|0.5% CMC sodium|none|acute,triazolam,alpha1|BZD_GAMMA2_195|SER|any_contact_frequency,0.0,0.4,1.5,1.5,2
Nishino2008|rotarod|mouse|ICR|male|oral|5.0|mg/kg|90.0|positive_or_fallen_mice|0.5% CMC sodium|none|acute,diazepam,alpha1|BZD_SITE_100|PHE|any_contact_frequency,0.3111111111111111,0.4,2.0,1.5,2
Nishino2008|rotarod|mouse|ICR|male|oral|5.0|mg/kg|90.0|positive_or_fallen_mice|0.5% CMC sodium|none|acute,triazolam,alpha1|BZD_SITE_100|PHE|any_contact_frequency,0.175,0.4,1.0,1.5,2
Nishino2008|rotarod|mouse|ICR|male|oral|5.0|mg/kg|90.0|positive_or_fallen_mice|0.5% CMC sodium|none|acute,diazepam,alpha1|BZD_SITE_102|HIS|any_contact_frequency,0.0666666666666666,0.4,1.0,1.5,2
Nishino2008|rotarod|mouse|ICR|male|oral|5.0|mg/kg|90.0|positive_or_fallen_mice|0.5% CMC sodium|none|acute,triazolam,alpha1|BZD_SITE_102|HIS|any_contact_frequency,0.3,0.4,2.0,1.5,2
Nishino2008|rotarod|mouse|ICR|male|oral|5.0|mg/kg|90.0|positive_or_fallen_mice|0.5% CMC sodium|none|acute,diazepam,alpha1|BZD_SITE_103|ASN|any_contact_frequency,0.0444444444444444,0.4,2.0,1.5,2
Nishino2008|rotarod|mouse|ICR|male|oral|5.0|mg/kg|90.0|positive_or_fallen_mice|0.5% CMC sodium|none|acute,triazolam,alpha1|BZD_SITE_103|ASN|any_contact_frequency,0.0,0.4,1.0,1.5,2
Nishino2008|rotarod|mouse|ICR|male|oral|5.0|mg/kg|90.0|positive_or_fallen_mice|0.5% CMC sodium|none|acute,diazepam,alpha1|BZD_SITE_138|GLU|any_contact_frequency,0.0,0.4,1.5,1.5,2
Nishino2008|rotarod|mouse|ICR|male|oral|5.0|mg/kg|90.0|positive_or_fallen_mice|0.5% CMC sodium|none|acute,triazolam,alpha1|BZD_SITE_138|GLU|any_contact_frequency,0.0,0.4,1.5,1.5,2
Nishino2008|rotarod|mouse|ICR|male|oral|5.0|mg/kg|90.0|positive_or_fallen_mice|0.5% CMC sodium|none|acute,diazepam,alpha1|BZD_SITE_156|LYS|any_contact_frequency,0.1555555555555555,0.4,1.0,1.5,2
Nishino2008|rotarod|mouse|ICR|male|oral|5.0|mg/kg|90.0|positive_or_fallen_mice|0.5% CMC sodium|none|acute,triazolam,alpha1|BZD_SITE_156|LYS|any_contact_frequency,0.2,0.4,2.0,1.5,2
Nishino2008|rotarod|mouse|ICR|male|oral|5.0|mg/kg|90.0|positive_or_fallen_mice|0.5% CMC sodium|none|acute,diazepam,alpha1|BZD_SITE_160|TYR|any_contact_frequency,0.2444444444444444,0.4,2.0,1.5,2
Nishino2008|rotarod|mouse|ICR|male|oral|5.0|mg/kg|90.0|positive_or_fallen_mice|0.5% CMC sodium|none|acute,triazolam,alpha1|BZD_SITE_160|TYR|any_contact_frequency,0.225,0.4,1.0,1.5,2
Nishino2008|rotarod|mouse|ICR|male|oral|5.0|mg/kg|90.0|positive_or_fallen_mice|0.5% CMC sodium|none|acute,diazepam,alpha1|BZD_SITE_203|VAL|any_contact_frequency,0.5111111111111111,0.4,1.0,1.5,2
Nishino2008|rotarod|mouse|ICR|male|oral|5.0|mg/kg|90.0|positive_or_fallen_mice|0.5% CMC sodium|none|acute,triazolam,alpha1|BZD_SITE_203|VAL|any_contact_frequency,0.675,0.4,2.0,1.5,2
Nishino2008|rotarod|mouse|ICR|male|oral|5.0|mg/kg|90.0|positive_or_fallen_mice|0.5% CMC sodium|none|acute,diazepam,alpha1|BZD_SITE_204|GLN|any_contact_frequency,0.0222222222222222,0.4,2.0,1.5,2
Nishino2008|rotarod|mouse|ICR|male|oral|5.0|mg/kg|90.0|positive_or_fallen_mice|0.5% CMC sodium|none|acute,triazolam,alpha1|BZD_SITE_204|GLN|any_contact_frequency,0.0,0.4,1.0,1.5,2
Nishino2008|rotarod|mouse|ICR|male|oral|5.0|mg/kg|90.0|positive_or_fallen_mice|0.5% CMC sodium|none|acute,diazepam,alpha1|BZD_SITE_205|SER|any_contact_frequency,0.1777777777777777,0.4,1.0,1.5,2
Nishino2008|rotarod|mouse|ICR|male|oral|5.0|mg/kg|90.0|positive_or_fallen_mice|0.5% CMC sodium|none|acute,triazolam,alpha1|BZD_SITE_205|SER|any_contact_frequency,0.25,0.4,2.0,1.5,2
Nishino2008|rotarod|mouse|ICR|male|oral|5.0|mg/kg|90.0|positive_or_fallen_mice|0.5% CMC sodium|none|acute,diazepam,alpha1|BZD_SITE_206|SER|any_contact_frequency,0.0,0.4,1.0,1.5,2
Nishino2008|rotarod|mouse|ICR|male|oral|5.0|mg/kg|90.0|positive_or_fallen_mice|0.5% CMC sodium|none|acute,triazolam,alpha1|BZD_SITE_206|SER|any_contact_frequency,0.05,0.4,2.0,1.5,2
Nishino2008|rotarod|mouse|ICR|male|oral|5.0|mg/kg|90.0|positive_or_fallen_mice|0.5% CMC sodium|none|acute,diazepam,alpha1|BZD_SITE_207|THR|any_contact_frequency,0.1333333333333333,0.4,2.0,1.5,2
Nishino2008|rotarod|mouse|ICR|male|oral|5.0|mg/kg|90.0|positive_or_fallen_mice|0.5% CMC sodium|none|acute,triazolam,alpha1|BZD_SITE_207|THR|any_contact_frequency,0.0,0.4,1.0,1.5,2
Nishino2008|rotarod|mouse|ICR|male|oral|5.0|mg/kg|90.0|positive_or_fallen_mice|0.5% CMC sodium|none|acute,diazepam,alpha1|BZD_SITE_210|TYR|any_contact_frequency,0.2222222222222222,0.4,1.0,1.5,2
Nishino2008|rotarod|mouse|ICR|male|oral|5.0|mg/kg|90.0|positive_or_fallen_mice|0.5% CMC sodium|none|acute,triazolam,alpha1|BZD_SITE_210|TYR|any_contact_frequency,0.4,0.4,2.0,1.5,2
Nishino2008|rotarod|mouse|ICR|male|oral|5.0|mg/kg|90.0|positive_or_fallen_mice|0.5% CMC sodium|none|acute,diazepam,alpha2|BZD_GAMMA2_056|ASP|any_contact_frequency,0.0,0.4,1.5,1.5,2
Nishino2008|rotarod|mouse|ICR|male|oral|5.0|mg/kg|90.0|positive_or_fallen_mice|0.5% CMC sodium|none|acute,triazolam,alpha2|BZD_GAMMA2_056|ASP|any_contact_frequency,0.0,0.4,1.5,1.5,2
Nishino2008|rotarod|mouse|ICR|male|oral|5.0|mg/kg|90.0|positive_or_fallen_mice|0.5% CMC sodium|none|acute,diazepam,alpha2|BZD_GAMMA2_058|TYR|any_contact_frequency,0.4666666666666667,0.4,2.0,1.5,2
Nishino2008|rotarod|mouse|ICR|male|oral|5.0|mg/kg|90.0|positive_or_fallen_mice|0.5% CMC sodium|none|acute,triazolam,alpha2|BZD_GAMMA2_058|TYR|any_contact_frequency,0.2888888888888888,0.4,1.0,1.5,2
Nishino2008|rotarod|mouse|ICR|male|oral|5.0|mg/kg|90.0|positive_or_fallen_mice|0.5% CMC sodium|none|acute,diazepam,alpha2|BZD_GAMMA2_059|VAL|any_contact_frequency,0.0222222222222222,0.4,1.5,1.5,2
Nishino2008|rotarod|mouse|ICR|male|oral|5.0|mg/kg|90.0|positive_or_fallen_mice|0.5% CMC sodium|none|acute,triazolam,alpha2|BZD_GAMMA2_059|VAL|any_contact_frequency,0.0222222222222222,0.4,1.5,1.5,2
Nishino2008|rotarod|mouse|ICR|male|oral|5.0|mg/kg|90.0|positive_or_fallen_mice|0.5% CMC sodium|none|acute,diazepam,alpha2|BZD_GAMMA2_060|ASN|any_contact_frequency,0.0888888888888888,0.4,1.0,1.5,2
Nishino2008|rotarod|mouse|ICR|male|oral|5.0|mg/kg|90.0|positive_or_fallen_mice|0.5% CMC sodium|none|acute,triazolam,alpha2|BZD_GAMMA2_060|ASN|any_contact_frequency,0.2888888888888888,0.4,2.0,1.5,2
Nishino2008|rotarod|mouse|ICR|male|oral|5.0|mg/kg|90.0|positive_or_fallen_mice|0.5% CMC sodium|none|acute,diazepam,alpha2|BZD_GAMMA2_061|SER|any_contact_frequency,0.0666666666666666,0.4,2.0,1.5,2
Nishino2008|rotarod|mouse|ICR|male|oral|5.0|mg/kg|90.0|positive_or_fallen_mice|0.5% CMC sodium|none|acute,triazolam,alpha2|BZD_GAMMA2_061|SER|any_contact_frequency,0.0,0.4,1.0,1.5,2
Nishino2008|rotarod|mouse|ICR|male|oral|5.0|mg/kg|90.0|positive_or_fallen_mice|0.5% CMC sodium|none|acute,diazepam,alpha2|BZD_GAMMA2_075|ASP|any_contact_frequency,0.0444444444444444,0.4,1.0,1.5,2
Nishino2008|rotarod|mouse|ICR|male|oral|5.0|mg/kg|90.0|positive_or_fallen_mice|0.5% CMC sodium|none|acute,triazolam,alpha2|BZD_GAMMA2_075|ASP|any_contact_frequency,0.0666666666666666,0.4,2.0,1.5,2
Nishino2008|rotarod|mouse|ICR|male|oral|5.0|mg/kg|90.0|positive_or_fallen_mice|0.5% CMC sodium|none|acute,diazepam,alpha2|BZD_GAMMA2_077|PHE|any_contact_frequency,0.9777777777777776,0.4,2.0,1.5,2
Nishino2008|rotarod|mouse|ICR|male|oral|5.0|mg/kg|90.0|positive_or_fallen_mice|0.5% CMC sodium|none|acute,triazolam,alpha2|BZD_GAMMA2_077|PHE|any_contact_frequency,0.4444444444444444,0.4,1.0,1.5,2
Nishino2008|rotarod|mouse|ICR|male|oral|5.0|mg/kg|90.0|positive_or_fallen_mice|0.5% CMC sodium|none|acute,diazepam,alpha2|BZD_GAMMA2_079|ALA|any_contact_frequency,0.0,0.4,1.5,1.5,2
Nishino2008|rotarod|mouse|ICR|male|oral|5.0|mg/kg|90.0|positive_or_fallen_mice|0.5% CMC sodium|none|acute,triazolam,alpha2|BZD_GAMMA2_079|ALA|any_contact_frequency,0.0,0.4,1.5,1.5,2
Nishino2008|rotarod|mouse|ICR|male|oral|5.0|mg/kg|90.0|positive_or_fallen_mice|0.5% CMC sodium|none|acute,diazepam,alpha2|BZD_GAMMA2_142|THR|any_contact_frequency,0.0,0.4,1.5,1.5,2
Nishino2008|rotarod|mouse|ICR|male|oral|5.0|mg/kg|90.0|positive_or_fallen_mice|0.5% CMC sodium|none|acute,triazolam,alpha2|BZD_GAMMA2_142|THR|any_contact_frequency,0.0,0.4,1.5,1.5,2
Nishino2008|rotarod|mouse|ICR|male|oral|5.0|mg/kg|90.0|positive_or_fallen_mice|0.5% CMC sodium|none|acute,diazepam,alpha2|BZD_GAMMA2_144|ARG|any_contact_frequency,0.0,0.4,1.5,1.5,2
Nishino2008|rotarod|mouse|ICR|male|oral|5.0|mg/kg|90.0|positive_or_fallen_mice|0.5% CMC sodium|none|acute,triazolam,alpha2|BZD_GAMMA2_144|ARG|any_contact_frequency,0.0,0.4,1.5,1.5,2
Nishino2008|rotarod|mouse|ICR|male|oral|5.0|mg/kg|90.0|positive_or_fallen_mice|0.5% CMC sodium|none|acute,diazepam,alpha2|BZD_GAMMA2_192|ASP|any_contact_frequency,0.0444444444444444,0.4,1.5,1.5,2
Nishino2008|rotarod|mouse|ICR|male|oral|5.0|mg/kg|90.0|positive_or_fallen_mice|0.5% CMC sodium|none|acute,triazolam,alpha2|BZD_GAMMA2_192|ASP|any_contact_frequency,0.0444444444444444,0.4,1.5,1.5,2
Nishino2008|rotarod|mouse|ICR|male|oral|5.0|mg/kg|90.0|positive_or_fallen_mice|0.5% CMC sodium|none|acute,diazepam,alpha2|BZD_GAMMA2_195|SER|any_contact_frequency,0.0,0.4,1.0,1.5,2
Nishino2008|rotarod|mouse|ICR|male|oral|5.0|mg/kg|90.0|positive_or_fallen_mice|0.5% CMC sodium|none|acute,triazolam,alpha2|BZD_GAMMA2_195|SER|any_contact_frequency,0.0444444444444444,0.4,2.0,1.5,2
Nishino2008|rotarod|mouse|ICR|male|oral|5.0|mg/kg|90.0|positive_or_fallen_mice|0.5% CMC sodium|none|acute,diazepam,alpha2|BZD_GAMMA2_196|TRP|any_contact_frequency,0.0,0.4,1.5,1.5,2
Nishino2008|rotarod|mouse|ICR|male|oral|5.0|mg/kg|90.0|positive_or_fallen_mice|0.5% CMC sodium|none|acute,triazolam,alpha2|BZD_GAMMA2_196|TRP|any_contact_frequency,0.0,0.4,1.5,1.5,2
Nishino2008|rotarod|mouse|ICR|male|oral|5.0|mg/kg|90.0|positive_or_fallen_mice|0.5% CMC sodium|none|acute,diazepam,alpha2|BZD_SITE_100|PHE|any_contact_frequency,0.3555555555555555,0.4,2.0,1.5,2
Nishino2008|rotarod|mouse|ICR|male|oral|5.0|mg/kg|90.0|positive_or_fallen_mice|0.5% CMC sodium|none|acute,triazolam,alpha2|BZD_SITE_100|PHE|any_contact_frequency,0.1111111111111111,0.4,1.0,1.5,2
Nishino2008|rotarod|mouse|ICR|male|oral|5.0|mg/kg|90.0|positive_or_fallen_mice|0.5% CMC sodium|none|acute,diazepam,alpha2|BZD_SITE_102|HIS|any_contact_frequency,0.3333333333333333,0.4,2.0,1.5,2
Nishino2008|rotarod|mouse|ICR|male|oral|5.0|mg/kg|90.0|positive_or_fallen_mice|0.5% CMC sodium|none|acute,triazolam,alpha2|BZD_SITE_102|HIS|any_contact_frequency,0.3111111111111111,0.4,1.0,1.5,2
Nishino2008|rotarod|mouse|ICR|male|oral|5.0|mg/kg|90.0|positive_or_fallen_mice|0.5% CMC sodium|none|acute,diazepam,alpha2|BZD_SITE_103|ASN|any_contact_frequency,0.1333333333333333,0.4,1.0,1.5,2
Nishino2008|rotarod|mouse|ICR|male|oral|5.0|mg/kg|90.0|positive_or_fallen_mice|0.5% CMC sodium|none|acute,triazolam,alpha2|BZD_SITE_103|ASN|any_contact_frequency,0.3555555555555555,0.4,2.0,1.5,2
Nishino2008|rotarod|mouse|ICR|male|oral|5.0|mg/kg|90.0|positive_or_fallen_mice|0.5% CMC sodium|none|acute,diazepam,alpha2|BZD_SITE_138|GLU|any_contact_frequency,0.0,0.4,1.5,1.5,2
Nishino2008|rotarod|mouse|ICR|male|oral|5.0|mg/kg|90.0|positive_or_fallen_mice|0.5% CMC sodium|none|acute,triazolam,alpha2|BZD_SITE_138|GLU|any_contact_frequency,0.0,0.4,1.5,1.5,2
Nishino2008|rotarod|mouse|ICR|male|oral|5.0|mg/kg|90.0|positive_or_fallen_mice|0.5% CMC sodium|none|acute,diazepam,alpha2|BZD_SITE_154|PRO|any_contact_frequency,0.0,0.4,1.0,1.5,2
Nishino2008|rotarod|mouse|ICR|male|oral|5.0|mg/kg|90.0|positive_or_fallen_mice|0.5% CMC sodium|none|acute,triazolam,alpha2|BZD_SITE_154|PRO|any_contact_frequency,0.1111111111111111,0.4,2.0,1.5,2
Nishino2008|rotarod|mouse|ICR|male|oral|5.0|mg/kg|90.0|positive_or_fallen_mice|0.5% CMC sodium|none|acute,diazepam,alpha2|BZD_SITE_156|LYS|any_contact_frequency,0.0666666666666666,0.4,1.0,1.5,2
Nishino2008|rotarod|mouse|ICR|male|oral|5.0|mg/kg|90.0|positive_or_fallen_mice|0.5% CMC sodium|none|acute,triazolam,alpha2|BZD_SITE_156|LYS|any_contact_frequency,0.3111111111111111,0.4,2.0,1.5,2
Nishino2008|rotarod|mouse|ICR|male|oral|5.0|mg/kg|90.0|positive_or_fallen_mice|0.5% CMC sodium|none|acute,diazepam,alpha2|BZD_SITE_160|TYR|any_contact_frequency,0.1111111111111111,0.4,2.0,1.5,2
Nishino2008|rotarod|mouse|ICR|male|oral|5.0|mg/kg|90.0|positive_or_fallen_mice|0.5% CMC sodium|none|acute,triazolam,alpha2|BZD_SITE_160|TYR|any_contact_frequency,0.0,0.4,1.0,1.5,2
Nishino2008|rotarod|mouse|ICR|male|oral|5.0|mg/kg|90.0|positive_or_fallen_mice|0.5% CMC sodium|none|acute,diazepam,alpha2|BZD_SITE_201|GLU|any_contact_frequency,0.0,0.4,1.5,1.5,2
Nishino2008|rotarod|mouse|ICR|male|oral|5.0|mg/kg|90.0|positive_or_fallen_mice|0.5% CMC sodium|none|acute,triazolam,alpha2|BZD_SITE_201|GLU|any_contact_frequency,0.0,0.4,1.5,1.5,2
Nishino2008|rotarod|mouse|ICR|male|oral|5.0|mg/kg|90.0|positive_or_fallen_mice|0.5% CMC sodium|none|acute,diazepam,alpha2|BZD_SITE_203|ILE|any_contact_frequency,0.5111111111111111,0.4,1.0,1.5,2
Nishino2008|rotarod|mouse|ICR|male|oral|5.0|mg/kg|90.0|positive_or_fallen_mice|0.5% CMC sodium|none|acute,triazolam,alpha2|BZD_SITE_203|ILE|any_contact_frequency,0.6,0.4,2.0,1.5,2
Nishino2008|rotarod|mouse|ICR|male|oral|5.0|mg/kg|90.0|positive_or_fallen_mice|0.5% CMC sodium|none|acute,diazepam,alpha2|BZD_SITE_204|LYS|any_contact_frequency,0.0,0.4,1.0,1.5,2
Nishino2008|rotarod|mouse|ICR|male|oral|5.0|mg/kg|90.0|positive_or_fallen_mice|0.5% CMC sodium|none|acute,triazolam,alpha2|BZD_SITE_204|LYS|any_contact_frequency,0.0666666666666666,0.4,2.0,1.5,2
Nishino2008|rotarod|mouse|ICR|male|oral|5.0|mg/kg|90.0|positive_or_fallen_mice|0.5% CMC sodium|none|acute,diazepam,alpha2|BZD_SITE_206|SER|any_contact_frequency,0.0,0.4,1.5,1.5,2
Nishino2008|rotarod|mouse|ICR|male|oral|5.0|mg/kg|90.0|positive_or_fallen_mice|0.5% CMC sodium|none|acute,triazolam,alpha2|BZD_SITE_206|SER|any_contact_frequency,0.0,0.4,1.5,1.5,2
Nishino2008|rotarod|mouse|ICR|male|oral|5.0|mg/kg|90.0|positive_or_fallen_mice|0.5% CMC sodium|none|acute,diazepam,alpha2|BZD_SITE_207|THR|any_contact_frequency,0.0,0.4,1.5,1.5,2
Nishino2008|rotarod|mouse|ICR|male|oral|5.0|mg/kg|90.0|positive_or_fallen_mice|0.5% CMC sodium|none|acute,triazolam,alpha2|BZD_SITE_207|THR|any_contact_frequency,0.0,0.4,1.5,1.5,2
Nishino2008|rotarod|mouse|ICR|male|oral|5.0|mg/kg|90.0|positive_or_fallen_mice|0.5% CMC sodium|none|acute,diazepam,alpha2|BZD_SITE_210|TYR|any_contact_frequency,0.1111111111111111,0.4,2.0,1.5,2
Nishino2008|rotarod|mouse|ICR|male|oral|5.0|mg/kg|90.0|positive_or_fallen_mice|0.5% CMC sodium|none|acute,triazolam,alpha2|BZD_SITE_210|TYR|any_contact_frequency,0.0,0.4,1.0,1.5,2
Nishino2008|rotarod|mouse|ICR|male|oral|5.0|mg/kg|90.0|positive_or_fallen_mice|0.5% CMC sodium|none|acute,diazepam,alpha2|BZD_SITE_212|VAL|any_contact_frequency,0.0,0.4,1.5,1.5,2
Nishino2008|rotarod|mouse|ICR|male|oral|5.0|mg/kg|90.0|positive_or_fallen_mice|0.5% CMC sodium|none|acute,triazolam,alpha2|BZD_SITE_212|VAL|any_contact_frequency,0.0,0.4,1.5,1.5,2
