drug_id,receptor,feature,feature_type,total_count,total_evaluable_poses,value,geometry_n_observed,seed_range,seed_sd,unstable_feature,representation,aggregate_frequency
diazepam,alpha1,alpha1|BZD_GAMMA2_056|ASP|salt_bridge|frequency,frequency,0,45,0.0,NA,0.0,0.0,False,C,NA
alprazolam,alpha1,alpha1|BZD_GAMMA2_056|ASP|salt_bridge|frequency,frequency,0,35,0.0,NA,0.0,0.0,False,C,NA
triazolam,alpha1,alpha1|BZD_GAMMA2_056|ASP|salt_bridge|frequency,frequency,0,40,0.0,NA,0.0,0.0,False,C,NA
zolpidem,alpha1,alpha1|BZD_GAMMA2_056|ASP|salt_bridge|frequency,frequency,0,45,0.0,NA,0.0,0.0,False,C,NA
lorazepam,alpha1,alpha1|BZD_GAMMA2_056|ASP|salt_bridge|frequency,frequency,0,45,0.0,NA,0.0,0.0,False,C,NA
clonazepam,alpha1,alpha1|BZD_GAMMA2_056|ASP|salt_bridge|frequency,frequency,0,45,0.0,NA,0.0,0.0,False,C,NA
midazolam,alpha1,alpha1|BZD_GAMMA2_056|ASP|salt_bridge|frequency,frequency,0,43,0.0,NA,0.0,0.0,False,C,NA
temazepam,alpha1,alpha1|BZD_GAMMA2_056|ASP|salt_bridge|frequency,frequency,0,45,0.0,NA,0.0,0.0,False,C,NA
zopiclone,alpha1,alpha1|BZD_GAMMA2_056|ASP|salt_bridge|frequency,frequency,4,45,0.08888888888888889,NA,0.1111111111111111,0.049690399499995326,False,C,NA
zaleplon,alpha1,alpha1|BZD_GAMMA2_056|ASP|salt_bridge|frequency,frequency,0,45,0.0,NA,0.0,0.0,False,C,NA
diazepam,alpha1,alpha1|BZD_GAMMA2_058|TYR|hydrogen_bond|frequency,frequency,7,45,0.15555555555555556,NA,0.1111111111111111,0.06085806194501846,False,C,NA
alprazolam,alpha1,alpha1|BZD_GAMMA2_058|TYR|hydrogen_bond|frequency,frequency,0,35,0.0,NA,0.0,0.0,False,C,NA
triazolam,alpha1,alpha1|BZD_GAMMA2_058|TYR|hydrogen_bond|frequency,frequency,0,40,0.0,NA,0.0,0.0,False,C,NA
zolpidem,alpha1,alpha1|BZD_GAMMA2_058|TYR|hydrogen_bond|frequency,frequency,0,45,0.0,NA,0.0,0.0,False,C,NA
lorazepam,alpha1,alpha1|BZD_GAMMA2_058|TYR|hydrogen_bond|frequency,frequency,3,45,0.06666666666666667,NA,0.1111111111111111,0.06085806194501846,False,C,NA
clonazepam,alpha1,alpha1|BZD_GAMMA2_058|TYR|hydrogen_bond|frequency,frequency,3,45,0.06666666666666667,NA,0.1111111111111111,0.06085806194501846,False,C,NA
midazolam,alpha1,alpha1|BZD_GAMMA2_058|TYR|hydrogen_bond|frequency,frequency,4,43,0.09302325581395349,NA,0.14285714285714285,0.0549857399228215,False,C,NA
temazepam,alpha1,alpha1|BZD_GAMMA2_058|TYR|hydrogen_bond|frequency,frequency,7,45,0.15555555555555556,NA,0.1111111111111111,0.06085806194501845,False,C,NA
zopiclone,alpha1,alpha1|BZD_GAMMA2_058|TYR|hydrogen_bond|frequency,frequency,9,45,0.2,NA,0.1111111111111111,0.049690399499995326,False,C,NA
zaleplon,alpha1,alpha1|BZD_GAMMA2_058|TYR|hydrogen_bond|frequency,frequency,4,45,0.08888888888888889,NA,0.1111111111111111,0.049690399499995326,False,C,NA
diazepam,alpha1,alpha1|BZD_GAMMA2_058|TYR|hydrophobic_interaction|frequency,frequency,28,45,0.6222222222222222,NA,0.2222222222222222,0.09938079899999064,False,C,NA
alprazolam,alpha1,alpha1|BZD_GAMMA2_058|TYR|hydrophobic_interaction|frequency,frequency,24,35,0.6857142857142857,NA,0.3035714285714286,0.12545269500814743,False,C,NA
triazolam,alpha1,alpha1|BZD_GAMMA2_058|TYR|hydrophobic_interaction|frequency,frequency,28,40,0.7,NA,0.33333333333333337,0.12969575033254171,False,C,NA
zolpidem,alpha1,alpha1|BZD_GAMMA2_058|TYR|hydrophobic_interaction|frequency,frequency,42,45,0.9333333333333333,NA,0.11111111111111116,0.060858061945018485,False,C,NA
lorazepam,alpha1,alpha1|BZD_GAMMA2_058|TYR|hydrophobic_interaction|frequency,frequency,23,45,0.5111111111111111,NA,0.3333333333333333,0.12668615834434868,False,C,NA
clonazepam,alpha1,alpha1|BZD_GAMMA2_058|TYR|hydrophobic_interaction|frequency,frequency,27,45,0.6,NA,0.2222222222222222,0.09938079899999064,False,C,NA
midazolam,alpha1,alpha1|BZD_GAMMA2_058|TYR|hydrophobic_interaction|frequency,frequency,32,43,0.7441860465116279,NA,0.31746031746031744,0.1211975185321973,False,C,NA
temazepam,alpha1,alpha1|BZD_GAMMA2_058|TYR|hydrophobic_interaction|frequency,frequency,33,45,0.7333333333333333,NA,0.4444444444444444,0.16850834320114558,True,C,NA
zopiclone,alpha1,alpha1|BZD_GAMMA2_058|TYR|hydrophobic_interaction|frequency,frequency,9,45,0.2,NA,0.2222222222222222,0.09296222517045283,False,C,NA
zaleplon,alpha1,alpha1|BZD_GAMMA2_058|TYR|hydrophobic_interaction|frequency,frequency,41,45,0.9111111111111111,NA,0.2222222222222222,0.12171612389003691,False,C,NA
diazepam,alpha1,alpha1|BZD_GAMMA2_058|TYR|pi_stack|frequency,frequency,19,45,0.4222222222222222,NA,0.33333333333333337,0.14487116456005888,False,C,NA
diazepam,alpha1,alpha1|BZD_GAMMA2_058|TYR|pi_stack|P_frequency,frequency,19,45,0.4222222222222222,NA,0.33333333333333337,0.14487116456005888,False,C,NA
diazepam,alpha1,alpha1|BZD_GAMMA2_058|TYR|pi_stack|T_frequency,frequency,0,45,0.0,NA,0.0,0.0,False,C,NA
alprazolam,alpha1,alpha1|BZD_GAMMA2_058|TYR|pi_stack|frequency,frequency,21,35,0.6,NA,0.4047619047619048,0.16374998918142286,True,C,NA
alprazolam,alpha1,alpha1|BZD_GAMMA2_058|TYR|pi_stack|P_frequency,frequency,21,35,0.6,NA,0.4047619047619048,0.16374998918142286,True,C,NA
alprazolam,alpha1,alpha1|BZD_GAMMA2_058|TYR|pi_stack|T_frequency,frequency,0,35,0.0,NA,0.0,0.0,False,C,NA
triazolam,alpha1,alpha1|BZD_GAMMA2_058|TYR|pi_stack|frequency,frequency,14,40,0.35,NA,0.4027777777777778,0.16509677296799125,True,C,NA
triazolam,alpha1,alpha1|BZD_GAMMA2_058|TYR|pi_stack|P_frequency,frequency,14,40,0.35,NA,0.4027777777777778,0.16509677296799125,True,C,NA
triazolam,alpha1,alpha1|BZD_GAMMA2_058|TYR|pi_stack|T_frequency,frequency,0,40,0.0,NA,0.0,0.0,False,C,NA
zolpidem,alpha1,alpha1|BZD_GAMMA2_058|TYR|pi_stack|frequency,frequency,13,45,0.28888888888888886,NA,0.1111111111111111,0.06085806194501846,False,C,NA
zolpidem,alpha1,alpha1|BZD_GAMMA2_058|TYR|pi_stack|P_frequency,frequency,13,45,0.28888888888888886,NA,0.1111111111111111,0.06085806194501846,False,C,NA
zolpidem,alpha1,alpha1|BZD_GAMMA2_058|TYR|pi_stack|T_frequency,frequency,0,45,0.0,NA,0.0,0.0,False,C,NA
lorazepam,alpha1,alpha1|BZD_GAMMA2_058|TYR|pi_stack|frequency,frequency,18,45,0.4,NA,0.22222222222222227,0.09938079899999067,False,C,NA
lorazepam,alpha1,alpha1|BZD_GAMMA2_058|TYR|pi_stack|P_frequency,frequency,18,45,0.4,NA,0.22222222222222227,0.09938079899999067,False,C,NA
lorazepam,alpha1,alpha1|BZD_GAMMA2_058|TYR|pi_stack|T_frequency,frequency,0,45,0.0,NA,0.0,0.0,False,C,NA
clonazepam,alpha1,alpha1|BZD_GAMMA2_058|TYR|pi_stack|frequency,frequency,17,45,0.37777777777777777,NA,0.1111111111111111,0.06085806194501845,False,C,NA
clonazepam,alpha1,alpha1|BZD_GAMMA2_058|TYR|pi_stack|P_frequency,frequency,17,45,0.37777777777777777,NA,0.1111111111111111,0.06085806194501845,False,C,NA
clonazepam,alpha1,alpha1|BZD_GAMMA2_058|TYR|pi_stack|T_frequency,frequency,0,45,0.0,NA,0.0,0.0,False,C,NA
midazolam,alpha1,alpha1|BZD_GAMMA2_058|TYR|pi_stack|frequency,frequency,31,43,0.7209302325581395,NA,0.33333333333333326,0.14126092356372688,False,C,NA
midazolam,alpha1,alpha1|BZD_GAMMA2_058|TYR|pi_stack|P_frequency,frequency,30,43,0.6976744186046512,NA,0.3015873015873015,0.11588388729170779,False,C,NA
midazolam,alpha1,alpha1|BZD_GAMMA2_058|TYR|pi_stack|T_frequency,frequency,1,43,0.023255813953488372,NA,0.1111111111111111,0.04969039949999532,False,C,NA
temazepam,alpha1,alpha1|BZD_GAMMA2_058|TYR|pi_stack|frequency,frequency,20,45,0.4444444444444444,NA,0.22222222222222227,0.11111111111111113,False,C,NA
temazepam,alpha1,alpha1|BZD_GAMMA2_058|TYR|pi_stack|P_frequency,frequency,20,45,0.4444444444444444,NA,0.22222222222222227,0.11111111111111113,False,C,NA
temazepam,alpha1,alpha1|BZD_GAMMA2_058|TYR|pi_stack|T_frequency,frequency,0,45,0.0,NA,0.0,0.0,False,C,NA
zopiclone,alpha1,alpha1|BZD_GAMMA2_058|TYR|pi_stack|frequency,frequency,10,45,0.2222222222222222,NA,0.2222222222222222,0.1111111111111111,False,C,NA
zopiclone,alpha1,alpha1|BZD_GAMMA2_058|TYR|pi_stack|P_frequency,frequency,10,45,0.2222222222222222,NA,0.2222222222222222,0.1111111111111111,False,C,NA
zopiclone,alpha1,alpha1|BZD_GAMMA2_058|TYR|pi_stack|T_frequency,frequency,0,45,0.0,NA,0.0,0.0,False,C,NA
zaleplon,alpha1,alpha1|BZD_GAMMA2_058|TYR|pi_stack|frequency,frequency,20,45,0.4444444444444444,NA,0.33333333333333337,0.13608276348795437,False,C,NA
zaleplon,alpha1,alpha1|BZD_GAMMA2_058|TYR|pi_stack|P_frequency,frequency,20,45,0.4444444444444444,NA,0.33333333333333337,0.13608276348795437,False,C,NA
zaleplon,alpha1,alpha1|BZD_GAMMA2_058|TYR|pi_stack|T_frequency,frequency,0,45,0.0,NA,0.0,0.0,False,C,NA
diazepam,alpha1,alpha1|BZD_GAMMA2_060|ASN|hydrogen_bond|frequency,frequency,0,45,0.0,NA,0.0,0.0,False,C,NA
alprazolam,alpha1,alpha1|BZD_GAMMA2_060|ASN|hydrogen_bond|frequency,frequency,4,35,0.11428571428571428,NA,0.16666666666666666,0.06622943355095773,False,C,NA
triazolam,alpha1,alpha1|BZD_GAMMA2_060|ASN|hydrogen_bond|frequency,frequency,1,40,0.025,NA,0.1111111111111111,0.04969039949999532,False,C,NA
zolpidem,alpha1,alpha1|BZD_GAMMA2_060|ASN|hydrogen_bond|frequency,frequency,3,45,0.06666666666666667,NA,0.1111111111111111,0.06085806194501846,False,C,NA
lorazepam,alpha1,alpha1|BZD_GAMMA2_060|ASN|hydrogen_bond|frequency,frequency,11,45,0.24444444444444444,NA,0.1111111111111111,0.049690399499995326,False,C,NA
clonazepam,alpha1,alpha1|BZD_GAMMA2_060|ASN|hydrogen_bond|frequency,frequency,5,45,0.1111111111111111,NA,0.2222222222222222,0.1111111111111111,False,C,NA
midazolam,alpha1,alpha1|BZD_GAMMA2_060|ASN|hydrogen_bond|frequency,frequency,0,43,0.0,NA,0.0,0.0,False,C,NA
temazepam,alpha1,alpha1|BZD_GAMMA2_060|ASN|hydrogen_bond|frequency,frequency,10,45,0.2222222222222222,NA,0.2222222222222222,0.1111111111111111,False,C,NA
zopiclone,alpha1,alpha1|BZD_GAMMA2_060|ASN|hydrogen_bond|frequency,frequency,26,45,0.5777777777777777,NA,0.11111111111111105,0.0496903994999953,False,C,NA
zaleplon,alpha1,alpha1|BZD_GAMMA2_060|ASN|hydrogen_bond|frequency,frequency,8,45,0.17777777777777778,NA,0.1111111111111111,0.06085806194501846,False,C,NA
diazepam,alpha1,alpha1|BZD_GAMMA2_077|PHE|hydrogen_bond|frequency,frequency,0,45,0.0,NA,0.0,0.0,False,C,NA
alprazolam,alpha1,alpha1|BZD_GAMMA2_077|PHE|hydrogen_bond|frequency,frequency,0,35,0.0,NA,0.0,0.0,False,C,NA
triazolam,alpha1,alpha1|BZD_GAMMA2_077|PHE|hydrogen_bond|frequency,frequency,0,40,0.0,NA,0.0,0.0,False,C,NA
zolpidem,alpha1,alpha1|BZD_GAMMA2_077|PHE|hydrogen_bond|frequency,frequency,0,45,0.0,NA,0.0,0.0,False,C,NA
lorazepam,alpha1,alpha1|BZD_GAMMA2_077|PHE|hydrogen_bond|frequency,frequency,0,45,0.0,NA,0.0,0.0,False,C,NA
clonazepam,alpha1,alpha1|BZD_GAMMA2_077|PHE|hydrogen_bond|frequency,frequency,0,45,0.0,NA,0.0,0.0,False,C,NA
midazolam,alpha1,alpha1|BZD_GAMMA2_077|PHE|hydrogen_bond|frequency,frequency,0,43,0.0,NA,0.0,0.0,False,C,NA
temazepam,alpha1,alpha1|BZD_GAMMA2_077|PHE|hydrogen_bond|frequency,frequency,1,45,0.022222222222222223,NA,0.1111111111111111,0.04969039949999532,False,C,NA
zopiclone,alpha1,alpha1|BZD_GAMMA2_077|PHE|hydrogen_bond|frequency,frequency,0,45,0.0,NA,0.0,0.0,False,C,NA
zaleplon,alpha1,alpha1|BZD_GAMMA2_077|PHE|hydrogen_bond|frequency,frequency,0,45,0.0,NA,0.0,0.0,False,C,NA
diazepam,alpha1,alpha1|BZD_GAMMA2_077|PHE|hydrophobic_interaction|frequency,frequency,25,45,0.5555555555555556,NA,0.2222222222222222,0.1111111111111111,False,C,NA
alprazolam,alpha1,alpha1|BZD_GAMMA2_077|PHE|hydrophobic_interaction|frequency,frequency,24,35,0.6857142857142857,NA,0.0892857142857143,0.04028315313259199,False,C,NA
triazolam,alpha1,alpha1|BZD_GAMMA2_077|PHE|hydrophobic_interaction|frequency,frequency,26,40,0.65,NA,0.2777777777777778,0.13944333775567927,False,C,NA
zolpidem,alpha1,alpha1|BZD_GAMMA2_077|PHE|hydrophobic_interaction|frequency,frequency,42,45,0.9333333333333333,NA,0.11111111111111116,0.060858061945018485,False,C,NA
lorazepam,alpha1,alpha1|BZD_GAMMA2_077|PHE|hydrophobic_interaction|frequency,frequency,27,45,0.6,NA,0.33333333333333337,0.12668615834434868,False,C,NA
clonazepam,alpha1,alpha1|BZD_GAMMA2_077|PHE|hydrophobic_interaction|frequency,frequency,29,45,0.6444444444444445,NA,0.2222222222222222,0.09296222517045283,False,C,NA
midazolam,alpha1,alpha1|BZD_GAMMA2_077|PHE|hydrophobic_interaction|frequency,frequency,20,43,0.46511627906976744,NA,0.2698412698412699,0.11077045284043113,False,C,NA
temazepam,alpha1,alpha1|BZD_GAMMA2_077|PHE|hydrophobic_interaction|frequency,frequency,33,45,0.7333333333333333,NA,0.2222222222222222,0.09938079899999067,False,C,NA
zopiclone,alpha1,alpha1|BZD_GAMMA2_077|PHE|hydrophobic_interaction|frequency,frequency,12,45,0.26666666666666666,NA,0.1111111111111111,0.06085806194501846,False,C,NA
zaleplon,alpha1,alpha1|BZD_GAMMA2_077|PHE|hydrophobic_interaction|frequency,frequency,40,45,0.8888888888888888,NA,0.0,1.2412670766236366e-16,False,C,NA
diazepam,alpha1,alpha1|BZD_GAMMA2_077|PHE|pi_stack|frequency,frequency,17,45,0.37777777777777777,NA,0.2222222222222222,0.09938079899999065,False,C,NA
diazepam,alpha1,alpha1|BZD_GAMMA2_077|PHE|pi_stack|P_frequency,frequency,14,45,0.3111111111111111,NA,0.2222222222222222,0.09296222517045283,False,C,NA
diazepam,alpha1,alpha1|BZD_GAMMA2_077|PHE|pi_stack|T_frequency,frequency,3,45,0.06666666666666667,NA,0.1111111111111111,0.06085806194501846,False,C,NA
alprazolam,alpha1,alpha1|BZD_GAMMA2_077|PHE|pi_stack|frequency,frequency,8,35,0.22857142857142856,NA,0.19047619047619047,0.08568121054974563,False,C,NA
alprazolam,alpha1,alpha1|BZD_GAMMA2_077|PHE|pi_stack|P_frequency,frequency,8,35,0.22857142857142856,NA,0.19047619047619047,0.08568121054974563,False,C,NA
alprazolam,alpha1,alpha1|BZD_GAMMA2_077|PHE|pi_stack|T_frequency,frequency,0,35,0.0,NA,0.0,0.0,False,C,NA
triazolam,alpha1,alpha1|BZD_GAMMA2_077|PHE|pi_stack|frequency,frequency,7,40,0.175,NA,0.09722222222222221,0.04871021643541716,False,C,NA
triazolam,alpha1,alpha1|BZD_GAMMA2_077|PHE|pi_stack|P_frequency,frequency,7,40,0.175,NA,0.09722222222222221,0.04871021643541716,False,C,NA
triazolam,alpha1,alpha1|BZD_GAMMA2_077|PHE|pi_stack|T_frequency,frequency,0,40,0.0,NA,0.0,0.0,False,C,NA
zolpidem,alpha1,alpha1|BZD_GAMMA2_077|PHE|pi_stack|frequency,frequency,28,45,0.6222222222222222,NA,0.33333333333333337,0.12668615834434868,False,C,NA
zolpidem,alpha1,alpha1|BZD_GAMMA2_077|PHE|pi_stack|P_frequency,frequency,27,45,0.6,NA,0.2222222222222222,0.09938079899999064,False,C,NA
zolpidem,alpha1,alpha1|BZD_GAMMA2_077|PHE|pi_stack|T_frequency,frequency,1,45,0.022222222222222223,NA,0.1111111111111111,0.04969039949999532,False,C,NA
lorazepam,alpha1,alpha1|BZD_GAMMA2_077|PHE|pi_stack|frequency,frequency,6,45,0.13333333333333333,NA,0.1111111111111111,0.049690399499995326,False,C,NA
lorazepam,alpha1,alpha1|BZD_GAMMA2_077|PHE|pi_stack|P_frequency,frequency,6,45,0.13333333333333333,NA,0.1111111111111111,0.049690399499995326,False,C,NA
lorazepam,alpha1,alpha1|BZD_GAMMA2_077|PHE|pi_stack|T_frequency,frequency,0,45,0.0,NA,0.0,0.0,False,C,NA
clonazepam,alpha1,alpha1|BZD_GAMMA2_077|PHE|pi_stack|frequency,frequency,8,45,0.17777777777777778,NA,0.1111111111111111,0.06085806194501846,False,C,NA
clonazepam,alpha1,alpha1|BZD_GAMMA2_077|PHE|pi_stack|P_frequency,frequency,8,45,0.17777777777777778,NA,0.1111111111111111,0.06085806194501846,False,C,NA
clonazepam,alpha1,alpha1|BZD_GAMMA2_077|PHE|pi_stack|T_frequency,frequency,0,45,0.0,NA,0.0,0.0,False,C,NA
midazolam,alpha1,alpha1|BZD_GAMMA2_077|PHE|pi_stack|frequency,frequency,16,43,0.37209302325581395,NA,0.23809523809523808,0.10647942749998998,False,C,NA
midazolam,alpha1,alpha1|BZD_GAMMA2_077|PHE|pi_stack|P_frequency,frequency,16,43,0.37209302325581395,NA,0.23809523809523808,0.10647942749998998,False,C,NA
midazolam,alpha1,alpha1|BZD_GAMMA2_077|PHE|pi_stack|T_frequency,frequency,0,43,0.0,NA,0.0,0.0,False,C,NA
temazepam,alpha1,alpha1|BZD_GAMMA2_077|PHE|pi_stack|frequency,frequency,4,45,0.08888888888888889,NA,0.2222222222222222,0.09296222517045284,False,C,NA
temazepam,alpha1,alpha1|BZD_GAMMA2_077|PHE|pi_stack|P_frequency,frequency,4,45,0.08888888888888889,NA,0.2222222222222222,0.09296222517045284,False,C,NA
temazepam,alpha1,alpha1|BZD_GAMMA2_077|PHE|pi_stack|T_frequency,frequency,0,45,0.0,NA,0.0,0.0,False,C,NA
zopiclone,alpha1,alpha1|BZD_GAMMA2_077|PHE|pi_stack|frequency,frequency,15,45,0.3333333333333333,NA,0.0,0.0,False,C,NA
zopiclone,alpha1,alpha1|BZD_GAMMA2_077|PHE|pi_stack|P_frequency,frequency,15,45,0.3333333333333333,NA,0.0,0.0,False,C,NA
zopiclone,alpha1,alpha1|BZD_GAMMA2_077|PHE|pi_stack|T_frequency,frequency,0,45,0.0,NA,0.0,0.0,False,C,NA
zaleplon,alpha1,alpha1|BZD_GAMMA2_077|PHE|pi_stack|frequency,frequency,42,45,0.9333333333333333,NA,0.2222222222222222,0.09938079899999067,False,C,NA
zaleplon,alpha1,alpha1|BZD_GAMMA2_077|PHE|pi_stack|P_frequency,frequency,42,45,0.9333333333333333,NA,0.2222222222222222,0.09938079899999067,False,C,NA
zaleplon,alpha1,alpha1|BZD_GAMMA2_077|PHE|pi_stack|T_frequency,frequency,0,45,0.0,NA,0.0,0.0,False,C,NA
diazepam,alpha1,alpha1|BZD_GAMMA2_079|ALA|hydrophobic_interaction|frequency,frequency,0,45,0.0,NA,0.0,0.0,False,C,NA
alprazolam,alpha1,alpha1|BZD_GAMMA2_079|ALA|hydrophobic_interaction|frequency,frequency,0,35,0.0,NA,0.0,0.0,False,C,NA
triazolam,alpha1,alpha1|BZD_GAMMA2_079|ALA|hydrophobic_interaction|frequency,frequency,0,40,0.0,NA,0.0,0.0,False,C,NA
zolpidem,alpha1,alpha1|BZD_GAMMA2_079|ALA|hydrophobic_interaction|frequency,frequency,7,45,0.15555555555555556,NA,0.1111111111111111,0.06085806194501846,False,C,NA
lorazepam,alpha1,alpha1|BZD_GAMMA2_079|ALA|hydrophobic_interaction|frequency,frequency,2,45,0.044444444444444446,NA,0.1111111111111111,0.06085806194501846,False,C,NA
clonazepam,alpha1,alpha1|BZD_GAMMA2_079|ALA|hydrophobic_interaction|frequency,frequency,0,45,0.0,NA,0.0,0.0,False,C,NA
midazolam,alpha1,alpha1|BZD_GAMMA2_079|ALA|hydrophobic_interaction|frequency,frequency,0,43,0.0,NA,0.0,0.0,False,C,NA
temazepam,alpha1,alpha1|BZD_GAMMA2_079|ALA|hydrophobic_interaction|frequency,frequency,0,45,0.0,NA,0.0,0.0,False,C,NA
zopiclone,alpha1,alpha1|BZD_GAMMA2_079|ALA|hydrophobic_interaction|frequency,frequency,1,45,0.022222222222222223,NA,0.1111111111111111,0.04969039949999532,False,C,NA
zaleplon,alpha1,alpha1|BZD_GAMMA2_079|ALA|hydrophobic_interaction|frequency,frequency,4,45,0.08888888888888889,NA,0.2222222222222222,0.09296222517045283,False,C,NA
diazepam,alpha1,alpha1|BZD_GAMMA2_142|THR|hydrophobic_interaction|frequency,frequency,1,45,0.022222222222222223,NA,0.1111111111111111,0.04969039949999532,False,C,NA
alprazolam,alpha1,alpha1|BZD_GAMMA2_142|THR|hydrophobic_interaction|frequency,frequency,6,35,0.17142857142857143,NA,0.20833333333333331,0.08752226797958476,False,C,NA
triazolam,alpha1,alpha1|BZD_GAMMA2_142|THR|hydrophobic_interaction|frequency,frequency,6,40,0.15,NA,0.25,0.09938079899999064,False,C,NA
zolpidem,alpha1,alpha1|BZD_GAMMA2_142|THR|hydrophobic_interaction|frequency,frequency,23,45,0.5111111111111111,NA,0.11111111111111116,0.060858061945018485,False,C,NA
lorazepam,alpha1,alpha1|BZD_GAMMA2_142|THR|hydrophobic_interaction|frequency,frequency,4,45,0.08888888888888889,NA,0.1111111111111111,0.049690399499995326,False,C,NA
clonazepam,alpha1,alpha1|BZD_GAMMA2_142|THR|hydrophobic_interaction|frequency,frequency,1,45,0.022222222222222223,NA,0.1111111111111111,0.04969039949999532,False,C,NA
midazolam,alpha1,alpha1|BZD_GAMMA2_142|THR|hydrophobic_interaction|frequency,frequency,3,43,0.06976744186046512,NA,0.14285714285714285,0.06790237979748392,False,C,NA
temazepam,alpha1,alpha1|BZD_GAMMA2_142|THR|hydrophobic_interaction|frequency,frequency,11,45,0.24444444444444444,NA,0.2222222222222222,0.09296222517045283,False,C,NA
zopiclone,alpha1,alpha1|BZD_GAMMA2_142|THR|hydrophobic_interaction|frequency,frequency,7,45,0.15555555555555556,NA,0.1111111111111111,0.06085806194501846,False,C,NA
zaleplon,alpha1,alpha1|BZD_GAMMA2_142|THR|hydrophobic_interaction|frequency,frequency,18,45,0.4,NA,0.33333333333333337,0.12668615834434868,False,C,NA
diazepam,alpha1,alpha1|BZD_GAMMA2_189|GLU|halogen_bond|frequency,frequency,2,45,0.044444444444444446,NA,0.1111111111111111,0.06085806194501846,False,C,NA
alprazolam,alpha1,alpha1|BZD_GAMMA2_189|GLU|halogen_bond|frequency,frequency,3,35,0.08571428571428572,NA,0.16666666666666666,0.08316309141225228,False,C,NA
triazolam,alpha1,alpha1|BZD_GAMMA2_189|GLU|halogen_bond|frequency,frequency,2,40,0.05,NA,0.125,0.06846531968814577,False,C,NA
zolpidem,alpha1,alpha1|BZD_GAMMA2_189|GLU|halogen_bond|frequency,frequency,0,45,0.0,NA,0.0,0.0,False,C,NA
lorazepam,alpha1,alpha1|BZD_GAMMA2_189|GLU|halogen_bond|frequency,frequency,5,45,0.1111111111111111,NA,0.0,1.5515838457795457e-17,False,C,NA
clonazepam,alpha1,alpha1|BZD_GAMMA2_189|GLU|halogen_bond|frequency,frequency,0,45,0.0,NA,0.0,0.0,False,C,NA
midazolam,alpha1,alpha1|BZD_GAMMA2_189|GLU|halogen_bond|frequency,frequency,0,43,0.0,NA,0.0,0.0,False,C,NA
temazepam,alpha1,alpha1|BZD_GAMMA2_189|GLU|halogen_bond|frequency,frequency,1,45,0.022222222222222223,NA,0.1111111111111111,0.04969039949999532,False,C,NA
zopiclone,alpha1,alpha1|BZD_GAMMA2_189|GLU|halogen_bond|frequency,frequency,0,45,0.0,NA,0.0,0.0,False,C,NA
zaleplon,alpha1,alpha1|BZD_GAMMA2_189|GLU|halogen_bond|frequency,frequency,0,45,0.0,NA,0.0,0.0,False,C,NA
diazepam,alpha1,alpha1|BZD_GAMMA2_189|GLU|hydrogen_bond|frequency,frequency,2,45,0.044444444444444446,NA,0.1111111111111111,0.06085806194501846,False,C,NA
alprazolam,alpha1,alpha1|BZD_GAMMA2_189|GLU|hydrogen_bond|frequency,frequency,0,35,0.0,NA,0.0,0.0,False,C,NA
triazolam,alpha1,alpha1|BZD_GAMMA2_189|GLU|hydrogen_bond|frequency,frequency,0,40,0.0,NA,0.0,0.0,False,C,NA
zolpidem,alpha1,alpha1|BZD_GAMMA2_189|GLU|hydrogen_bond|frequency,frequency,0,45,0.0,NA,0.0,0.0,False,C,NA
lorazepam,alpha1,alpha1|BZD_GAMMA2_189|GLU|hydrogen_bond|frequency,frequency,0,45,0.0,NA,0.0,0.0,False,C,NA
clonazepam,alpha1,alpha1|BZD_GAMMA2_189|GLU|hydrogen_bond|frequency,frequency,1,45,0.022222222222222223,NA,0.1111111111111111,0.04969039949999532,False,C,NA
midazolam,alpha1,alpha1|BZD_GAMMA2_189|GLU|hydrogen_bond|frequency,frequency,4,43,0.09302325581395349,NA,0.14285714285714285,0.0549857399228215,False,C,NA
temazepam,alpha1,alpha1|BZD_GAMMA2_189|GLU|hydrogen_bond|frequency,frequency,1,45,0.022222222222222223,NA,0.1111111111111111,0.04969039949999532,False,C,NA
zopiclone,alpha1,alpha1|BZD_GAMMA2_189|GLU|hydrogen_bond|frequency,frequency,0,45,0.0,NA,0.0,0.0,False,C,NA
zaleplon,alpha1,alpha1|BZD_GAMMA2_189|GLU|hydrogen_bond|frequency,frequency,0,45,0.0,NA,0.0,0.0,False,C,NA
diazepam,alpha1,alpha1|BZD_GAMMA2_189|GLU|salt_bridge|frequency,frequency,0,45,0.0,NA,0.0,0.0,False,C,NA
alprazolam,alpha1,alpha1|BZD_GAMMA2_189|GLU|salt_bridge|frequency,frequency,0,35,0.0,NA,0.0,0.0,False,C,NA
triazolam,alpha1,alpha1|BZD_GAMMA2_189|GLU|salt_bridge|frequency,frequency,0,40,0.0,NA,0.0,0.0,False,C,NA
zolpidem,alpha1,alpha1|BZD_GAMMA2_189|GLU|salt_bridge|frequency,frequency,0,45,0.0,NA,0.0,0.0,False,C,NA
lorazepam,alpha1,alpha1|BZD_GAMMA2_189|GLU|salt_bridge|frequency,frequency,0,45,0.0,NA,0.0,0.0,False,C,NA
clonazepam,alpha1,alpha1|BZD_GAMMA2_189|GLU|salt_bridge|frequency,frequency,0,45,0.0,NA,0.0,0.0,False,C,NA
midazolam,alpha1,alpha1|BZD_GAMMA2_189|GLU|salt_bridge|frequency,frequency,0,43,0.0,NA,0.0,0.0,False,C,NA
temazepam,alpha1,alpha1|BZD_GAMMA2_189|GLU|salt_bridge|frequency,frequency,0,45,0.0,NA,0.0,0.0,False,C,NA
zopiclone,alpha1,alpha1|BZD_GAMMA2_189|GLU|salt_bridge|frequency,frequency,1,45,0.022222222222222223,NA,0.1111111111111111,0.04969039949999532,False,C,NA
zaleplon,alpha1,alpha1|BZD_GAMMA2_189|GLU|salt_bridge|frequency,frequency,0,45,0.0,NA,0.0,0.0,False,C,NA
diazepam,alpha1,alpha1|BZD_GAMMA2_192|ASP|hydrogen_bond|frequency,frequency,0,45,0.0,NA,0.0,0.0,False,C,NA
alprazolam,alpha1,alpha1|BZD_GAMMA2_192|ASP|hydrogen_bond|frequency,frequency,0,35,0.0,NA,0.0,0.0,False,C,NA
triazolam,alpha1,alpha1|BZD_GAMMA2_192|ASP|hydrogen_bond|frequency,frequency,0,40,0.0,NA,0.0,0.0,False,C,NA
zolpidem,alpha1,alpha1|BZD_GAMMA2_192|ASP|hydrogen_bond|frequency,frequency,0,45,0.0,NA,0.0,0.0,False,C,NA
lorazepam,alpha1,alpha1|BZD_GAMMA2_192|ASP|hydrogen_bond|frequency,frequency,7,45,0.15555555555555556,NA,0.3333333333333333,0.12668615834434865,False,C,NA
clonazepam,alpha1,alpha1|BZD_GAMMA2_192|ASP|hydrogen_bond|frequency,frequency,1,45,0.022222222222222223,NA,0.1111111111111111,0.04969039949999532,False,C,NA
midazolam,alpha1,alpha1|BZD_GAMMA2_192|ASP|hydrogen_bond|frequency,frequency,1,43,0.023255813953488372,NA,0.1111111111111111,0.04969039949999532,False,C,NA
temazepam,alpha1,alpha1|BZD_GAMMA2_192|ASP|hydrogen_bond|frequency,frequency,9,45,0.2,NA,0.1111111111111111,0.049690399499995326,False,C,NA
zopiclone,alpha1,alpha1|BZD_GAMMA2_192|ASP|hydrogen_bond|frequency,frequency,1,45,0.022222222222222223,NA,0.1111111111111111,0.04969039949999532,False,C,NA
zaleplon,alpha1,alpha1|BZD_GAMMA2_192|ASP|hydrogen_bond|frequency,frequency,0,45,0.0,NA,0.0,0.0,False,C,NA
diazepam,alpha1,alpha1|BZD_GAMMA2_192|ASP|hydrophobic_interaction|frequency,frequency,0,45,0.0,NA,0.0,0.0,False,C,NA
alprazolam,alpha1,alpha1|BZD_GAMMA2_192|ASP|hydrophobic_interaction|frequency,frequency,0,35,0.0,NA,0.0,0.0,False,C,NA
triazolam,alpha1,alpha1|BZD_GAMMA2_192|ASP|hydrophobic_interaction|frequency,frequency,0,40,0.0,NA,0.0,0.0,False,C,NA
zolpidem,alpha1,alpha1|BZD_GAMMA2_192|ASP|hydrophobic_interaction|frequency,frequency,0,45,0.0,NA,0.0,0.0,False,C,NA
lorazepam,alpha1,alpha1|BZD_GAMMA2_192|ASP|hydrophobic_interaction|frequency,frequency,3,45,0.06666666666666667,NA,0.1111111111111111,0.06085806194501846,False,C,NA
clonazepam,alpha1,alpha1|BZD_GAMMA2_192|ASP|hydrophobic_interaction|frequency,frequency,0,45,0.0,NA,0.0,0.0,False,C,NA
midazolam,alpha1,alpha1|BZD_GAMMA2_192|ASP|hydrophobic_interaction|frequency,frequency,0,43,0.0,NA,0.0,0.0,False,C,NA
temazepam,alpha1,alpha1|BZD_GAMMA2_192|ASP|hydrophobic_interaction|frequency,frequency,0,45,0.0,NA,0.0,0.0,False,C,NA
zopiclone,alpha1,alpha1|BZD_GAMMA2_192|ASP|hydrophobic_interaction|frequency,frequency,0,45,0.0,NA,0.0,0.0,False,C,NA
zaleplon,alpha1,alpha1|BZD_GAMMA2_192|ASP|hydrophobic_interaction|frequency,frequency,0,45,0.0,NA,0.0,0.0,False,C,NA
diazepam,alpha1,alpha1|BZD_GAMMA2_192|ASP|salt_bridge|frequency,frequency,0,45,0.0,NA,0.0,0.0,False,C,NA
alprazolam,alpha1,alpha1|BZD_GAMMA2_192|ASP|salt_bridge|frequency,frequency,0,35,0.0,NA,0.0,0.0,False,C,NA
triazolam,alpha1,alpha1|BZD_GAMMA2_192|ASP|salt_bridge|frequency,frequency,0,40,0.0,NA,0.0,0.0,False,C,NA
zolpidem,alpha1,alpha1|BZD_GAMMA2_192|ASP|salt_bridge|frequency,frequency,0,45,0.0,NA,0.0,0.0,False,C,NA
lorazepam,alpha1,alpha1|BZD_GAMMA2_192|ASP|salt_bridge|frequency,frequency,0,45,0.0,NA,0.0,0.0,False,C,NA
clonazepam,alpha1,alpha1|BZD_GAMMA2_192|ASP|salt_bridge|frequency,frequency,0,45,0.0,NA,0.0,0.0,False,C,NA
midazolam,alpha1,alpha1|BZD_GAMMA2_192|ASP|salt_bridge|frequency,frequency,0,43,0.0,NA,0.0,0.0,False,C,NA
temazepam,alpha1,alpha1|BZD_GAMMA2_192|ASP|salt_bridge|frequency,frequency,0,45,0.0,NA,0.0,0.0,False,C,NA
zopiclone,alpha1,alpha1|BZD_GAMMA2_192|ASP|salt_bridge|frequency,frequency,5,45,0.1111111111111111,NA,0.0,1.5515838457795457e-17,False,C,NA
zaleplon,alpha1,alpha1|BZD_GAMMA2_192|ASP|salt_bridge|frequency,frequency,0,45,0.0,NA,0.0,0.0,False,C,NA
diazepam,alpha1,alpha1|BZD_GAMMA2_195|SER|halogen_bond|frequency,frequency,0,45,0.0,NA,0.0,0.0,False,C,NA
alprazolam,alpha1,alpha1|BZD_GAMMA2_195|SER|halogen_bond|frequency,frequency,0,35,0.0,NA,0.0,0.0,False,C,NA
triazolam,alpha1,alpha1|BZD_GAMMA2_195|SER|halogen_bond|frequency,frequency,0,40,0.0,NA,0.0,0.0,False,C,NA
zolpidem,alpha1,alpha1|BZD_GAMMA2_195|SER|halogen_bond|frequency,frequency,0,45,0.0,NA,0.0,0.0,False,C,NA
lorazepam,alpha1,alpha1|BZD_GAMMA2_195|SER|halogen_bond|frequency,frequency,0,45,0.0,NA,0.0,0.0,False,C,NA
clonazepam,alpha1,alpha1|BZD_GAMMA2_195|SER|halogen_bond|frequency,frequency,0,45,0.0,NA,0.0,0.0,False,C,NA
midazolam,alpha1,alpha1|BZD_GAMMA2_195|SER|halogen_bond|frequency,frequency,0,43,0.0,NA,0.0,0.0,False,C,NA
temazepam,alpha1,alpha1|BZD_GAMMA2_195|SER|halogen_bond|frequency,frequency,1,45,0.022222222222222223,NA,0.1111111111111111,0.04969039949999532,False,C,NA
zopiclone,alpha1,alpha1|BZD_GAMMA2_195|SER|halogen_bond|frequency,frequency,0,45,0.0,NA,0.0,0.0,False,C,NA
zaleplon,alpha1,alpha1|BZD_GAMMA2_195|SER|halogen_bond|frequency,frequency,0,45,0.0,NA,0.0,0.0,False,C,NA
diazepam,alpha1,alpha1|BZD_GAMMA2_195|SER|hydrogen_bond|frequency,frequency,0,45,0.0,NA,0.0,0.0,False,C,NA
alprazolam,alpha1,alpha1|BZD_GAMMA2_195|SER|hydrogen_bond|frequency,frequency,0,35,0.0,NA,0.0,0.0,False,C,NA
triazolam,alpha1,alpha1|BZD_GAMMA2_195|SER|hydrogen_bond|frequency,frequency,0,40,0.0,NA,0.0,0.0,False,C,NA
zolpidem,alpha1,alpha1|BZD_GAMMA2_195|SER|hydrogen_bond|frequency,frequency,0,45,0.0,NA,0.0,0.0,False,C,NA
lorazepam,alpha1,alpha1|BZD_GAMMA2_195|SER|hydrogen_bond|frequency,frequency,0,45,0.0,NA,0.0,0.0,False,C,NA
clonazepam,alpha1,alpha1|BZD_GAMMA2_195|SER|hydrogen_bond|frequency,frequency,2,45,0.044444444444444446,NA,0.1111111111111111,0.06085806194501846,False,C,NA
midazolam,alpha1,alpha1|BZD_GAMMA2_195|SER|hydrogen_bond|frequency,frequency,0,43,0.0,NA,0.0,0.0,False,C,NA
temazepam,alpha1,alpha1|BZD_GAMMA2_195|SER|hydrogen_bond|frequency,frequency,0,45,0.0,NA,0.0,0.0,False,C,NA
zopiclone,alpha1,alpha1|BZD_GAMMA2_195|SER|hydrogen_bond|frequency,frequency,0,45,0.0,NA,0.0,0.0,False,C,NA
zaleplon,alpha1,alpha1|BZD_GAMMA2_195|SER|hydrogen_bond|frequency,frequency,0,45,0.0,NA,0.0,0.0,False,C,NA
diazepam,alpha1,alpha1|BZD_SITE_100|PHE|hydrophobic_interaction|frequency,frequency,6,45,0.13333333333333333,NA,0.2222222222222222,0.09296222517045283,False,C,NA
alprazolam,alpha1,alpha1|BZD_SITE_100|PHE|hydrophobic_interaction|frequency,frequency,6,35,0.17142857142857143,NA,0.10714285714285715,0.04641330640385221,False,C,NA
triazolam,alpha1,alpha1|BZD_SITE_100|PHE|hydrophobic_interaction|frequency,frequency,7,40,0.175,NA,0.1388888888888889,0.060220787190774436,False,C,NA
zolpidem,alpha1,alpha1|BZD_SITE_100|PHE|hydrophobic_interaction|frequency,frequency,11,45,0.24444444444444444,NA,0.2222222222222222,0.09296222517045284,False,C,NA
lorazepam,alpha1,alpha1|BZD_SITE_100|PHE|hydrophobic_interaction|frequency,frequency,1,45,0.022222222222222223,NA,0.1111111111111111,0.04969039949999532,False,C,NA
clonazepam,alpha1,alpha1|BZD_SITE_100|PHE|hydrophobic_interaction|frequency,frequency,10,45,0.2222222222222222,NA,0.2222222222222222,0.07856742013183861,False,C,NA
midazolam,alpha1,alpha1|BZD_SITE_100|PHE|hydrophobic_interaction|frequency,frequency,4,43,0.09302325581395349,NA,0.14285714285714285,0.05498573992282149,False,C,NA
temazepam,alpha1,alpha1|BZD_SITE_100|PHE|hydrophobic_interaction|frequency,frequency,5,45,0.1111111111111111,NA,0.0,1.5515838457795457e-17,False,C,NA
zopiclone,alpha1,alpha1|BZD_SITE_100|PHE|hydrophobic_interaction|frequency,frequency,6,45,0.13333333333333333,NA,0.1111111111111111,0.049690399499995326,False,C,NA
zaleplon,alpha1,alpha1|BZD_SITE_100|PHE|hydrophobic_interaction|frequency,frequency,12,45,0.26666666666666666,NA,0.3333333333333333,0.14907119849998596,False,C,NA
diazepam,alpha1,alpha1|BZD_SITE_100|PHE|pi_stack|frequency,frequency,8,45,0.17777777777777778,NA,0.1111111111111111,0.06085806194501846,False,C,NA
diazepam,alpha1,alpha1|BZD_SITE_100|PHE|pi_stack|P_frequency,frequency,0,45,0.0,NA,0.0,0.0,False,C,NA
diazepam,alpha1,alpha1|BZD_SITE_100|PHE|pi_stack|T_frequency,frequency,8,45,0.17777777777777778,NA,0.1111111111111111,0.06085806194501846,False,C,NA
alprazolam,alpha1,alpha1|BZD_SITE_100|PHE|pi_stack|frequency,frequency,0,35,0.0,NA,0.0,0.0,False,C,NA
alprazolam,alpha1,alpha1|BZD_SITE_100|PHE|pi_stack|P_frequency,frequency,0,35,0.0,NA,0.0,0.0,False,C,NA
alprazolam,alpha1,alpha1|BZD_SITE_100|PHE|pi_stack|T_frequency,frequency,0,35,0.0,NA,0.0,0.0,False,C,NA
triazolam,alpha1,alpha1|BZD_SITE_100|PHE|pi_stack|frequency,frequency,0,40,0.0,NA,0.0,0.0,False,C,NA
triazolam,alpha1,alpha1|BZD_SITE_100|PHE|pi_stack|P_frequency,frequency,0,40,0.0,NA,0.0,0.0,False,C,NA
triazolam,alpha1,alpha1|BZD_SITE_100|PHE|pi_stack|T_frequency,frequency,0,40,0.0,NA,0.0,0.0,False,C,NA
zolpidem,alpha1,alpha1|BZD_SITE_100|PHE|pi_stack|frequency,frequency,0,45,0.0,NA,0.0,0.0,False,C,NA
zolpidem,alpha1,alpha1|BZD_SITE_100|PHE|pi_stack|P_frequency,frequency,0,45,0.0,NA,0.0,0.0,False,C,NA
zolpidem,alpha1,alpha1|BZD_SITE_100|PHE|pi_stack|T_frequency,frequency,0,45,0.0,NA,0.0,0.0,False,C,NA
lorazepam,alpha1,alpha1|BZD_SITE_100|PHE|pi_stack|frequency,frequency,0,45,0.0,NA,0.0,0.0,False,C,NA
lorazepam,alpha1,alpha1|BZD_SITE_100|PHE|pi_stack|P_frequency,frequency,0,45,0.0,NA,0.0,0.0,False,C,NA
lorazepam,alpha1,alpha1|BZD_SITE_100|PHE|pi_stack|T_frequency,frequency,0,45,0.0,NA,0.0,0.0,False,C,NA
clonazepam,alpha1,alpha1|BZD_SITE_100|PHE|pi_stack|frequency,frequency,0,45,0.0,NA,0.0,0.0,False,C,NA
clonazepam,alpha1,alpha1|BZD_SITE_100|PHE|pi_stack|P_frequency,frequency,0,45,0.0,NA,0.0,0.0,False,C,NA
clonazepam,alpha1,alpha1|BZD_SITE_100|PHE|pi_stack|T_frequency,frequency,0,45,0.0,NA,0.0,0.0,False,C,NA
midazolam,alpha1,alpha1|BZD_SITE_100|PHE|pi_stack|frequency,frequency,9,43,0.20930232558139536,NA,0.1746031746031746,0.06309399020429139,False,C,NA
midazolam,alpha1,alpha1|BZD_SITE_100|PHE|pi_stack|P_frequency,frequency,0,43,0.0,NA,0.0,0.0,False,C,NA
midazolam,alpha1,alpha1|BZD_SITE_100|PHE|pi_stack|T_frequency,frequency,9,43,0.20930232558139536,NA,0.1746031746031746,0.06309399020429139,False,C,NA
temazepam,alpha1,alpha1|BZD_SITE_100|PHE|pi_stack|frequency,frequency,0,45,0.0,NA,0.0,0.0,False,C,NA
temazepam,alpha1,alpha1|BZD_SITE_100|PHE|pi_stack|P_frequency,frequency,0,45,0.0,NA,0.0,0.0,False,C,NA
temazepam,alpha1,alpha1|BZD_SITE_100|PHE|pi_stack|T_frequency,frequency,0,45,0.0,NA,0.0,0.0,False,C,NA
zopiclone,alpha1,alpha1|BZD_SITE_100|PHE|pi_stack|frequency,frequency,0,45,0.0,NA,0.0,0.0,False,C,NA
zopiclone,alpha1,alpha1|BZD_SITE_100|PHE|pi_stack|P_frequency,frequency,0,45,0.0,NA,0.0,0.0,False,C,NA
zopiclone,alpha1,alpha1|BZD_SITE_100|PHE|pi_stack|T_frequency,frequency,0,45,0.0,NA,0.0,0.0,False,C,NA
zaleplon,alpha1,alpha1|BZD_SITE_100|PHE|pi_stack|frequency,frequency,0,45,0.0,NA,0.0,0.0,False,C,NA
zaleplon,alpha1,alpha1|BZD_SITE_100|PHE|pi_stack|P_frequency,frequency,0,45,0.0,NA,0.0,0.0,False,C,NA
zaleplon,alpha1,alpha1|BZD_SITE_100|PHE|pi_stack|T_frequency,frequency,0,45,0.0,NA,0.0,0.0,False,C,NA
diazepam,alpha1,alpha1|BZD_SITE_102|HIS|halogen_bond|frequency,frequency,0,45,0.0,NA,0.0,0.0,False,C,NA
alprazolam,alpha1,alpha1|BZD_SITE_102|HIS|halogen_bond|frequency,frequency,6,35,0.17142857142857143,NA,0.10714285714285715,0.04641330640385221,False,C,NA
triazolam,alpha1,alpha1|BZD_SITE_102|HIS|halogen_bond|frequency,frequency,8,40,0.2,NA,0.1388888888888889,0.06022078719077445,False,C,NA
zolpidem,alpha1,alpha1|BZD_SITE_102|HIS|halogen_bond|frequency,frequency,0,45,0.0,NA,0.0,0.0,False,C,NA
lorazepam,alpha1,alpha1|BZD_SITE_102|HIS|halogen_bond|frequency,frequency,1,45,0.022222222222222223,NA,0.1111111111111111,0.04969039949999532,False,C,NA
clonazepam,alpha1,alpha1|BZD_SITE_102|HIS|halogen_bond|frequency,frequency,0,45,0.0,NA,0.0,0.0,False,C,NA
midazolam,alpha1,alpha1|BZD_SITE_102|HIS|halogen_bond|frequency,frequency,0,43,0.0,NA,0.0,0.0,False,C,NA
temazepam,alpha1,alpha1|BZD_SITE_102|HIS|halogen_bond|frequency,frequency,5,45,0.1111111111111111,NA,0.0,1.5515838457795457e-17,False,C,NA
zopiclone,alpha1,alpha1|BZD_SITE_102|HIS|halogen_bond|frequency,frequency,0,45,0.0,NA,0.0,0.0,False,C,NA
zaleplon,alpha1,alpha1|BZD_SITE_102|HIS|halogen_bond|frequency,frequency,0,45,0.0,NA,0.0,0.0,False,C,NA
diazepam,alpha1,alpha1|BZD_SITE_102|HIS|hydrogen_bond|frequency,frequency,0,45,0.0,NA,0.0,0.0,False,C,NA
alprazolam,alpha1,alpha1|BZD_SITE_102|HIS|hydrogen_bond|frequency,frequency,0,35,0.0,NA,0.0,0.0,False,C,NA
triazolam,alpha1,alpha1|BZD_SITE_102|HIS|hydrogen_bond|frequency,frequency,0,40,0.0,NA,0.0,0.0,False,C,NA
zolpidem,alpha1,alpha1|BZD_SITE_102|HIS|hydrogen_bond|frequency,frequency,0,45,0.0,NA,0.0,0.0,False,C,NA
lorazepam,alpha1,alpha1|BZD_SITE_102|HIS|hydrogen_bond|frequency,frequency,1,45,0.022222222222222223,NA,0.1111111111111111,0.04969039949999532,False,C,NA
clonazepam,alpha1,alpha1|BZD_SITE_102|HIS|hydrogen_bond|frequency,frequency,9,45,0.2,NA,0.1111111111111111,0.04969039949999532,False,C,NA
midazolam,alpha1,alpha1|BZD_SITE_102|HIS|hydrogen_bond|frequency,frequency,0,43,0.0,NA,0.0,0.0,False,C,NA
temazepam,alpha1,alpha1|BZD_SITE_102|HIS|hydrogen_bond|frequency,frequency,8,45,0.17777777777777778,NA,0.3333333333333333,0.12668615834434865,False,C,NA
zopiclone,alpha1,alpha1|BZD_SITE_102|HIS|hydrogen_bond|frequency,frequency,0,45,0.0,NA,0.0,0.0,False,C,NA
zaleplon,alpha1,alpha1|BZD_SITE_102|HIS|hydrogen_bond|frequency,frequency,0,45,0.0,NA,0.0,0.0,False,C,NA
diazepam,alpha1,alpha1|BZD_SITE_102|HIS|hydrophobic_interaction|frequency,frequency,3,45,0.06666666666666667,NA,0.1111111111111111,0.06085806194501846,False,C,NA
alprazolam,alpha1,alpha1|BZD_SITE_102|HIS|hydrophobic_interaction|frequency,frequency,5,35,0.14285714285714285,NA,0.2857142857142857,0.10133043542222218,False,C,NA
triazolam,alpha1,alpha1|BZD_SITE_102|HIS|hydrophobic_interaction|frequency,frequency,4,40,0.1,NA,0.2222222222222222,0.09399402397604793,False,C,NA
zolpidem,alpha1,alpha1|BZD_SITE_102|HIS|hydrophobic_interaction|frequency,frequency,7,45,0.15555555555555556,NA,0.3333333333333333,0.14907119849998596,False,C,NA
lorazepam,alpha1,alpha1|BZD_SITE_102|HIS|hydrophobic_interaction|frequency,frequency,2,45,0.044444444444444446,NA,0.1111111111111111,0.06085806194501846,False,C,NA
clonazepam,alpha1,alpha1|BZD_SITE_102|HIS|hydrophobic_interaction|frequency,frequency,0,45,0.0,NA,0.0,0.0,False,C,NA
midazolam,alpha1,alpha1|BZD_SITE_102|HIS|hydrophobic_interaction|frequency,frequency,6,43,0.13953488372093023,NA,0.2222222222222222,0.09296222517045283,False,C,NA
temazepam,alpha1,alpha1|BZD_SITE_102|HIS|hydrophobic_interaction|frequency,frequency,3,45,0.06666666666666667,NA,0.1111111111111111,0.06085806194501846,False,C,NA
zopiclone,alpha1,alpha1|BZD_SITE_102|HIS|hydrophobic_interaction|frequency,frequency,0,45,0.0,NA,0.0,0.0,False,C,NA
zaleplon,alpha1,alpha1|BZD_SITE_102|HIS|hydrophobic_interaction|frequency,frequency,8,45,0.17777777777777778,NA,0.1111111111111111,0.06085806194501846,False,C,NA
diazepam,alpha1,alpha1|BZD_SITE_102|HIS|pi_cation_interaction|frequency,frequency,0,45,0.0,NA,0.0,0.0,False,C,NA
alprazolam,alpha1,alpha1|BZD_SITE_102|HIS|pi_cation_interaction|frequency,frequency,3,35,0.08571428571428572,NA,0.14285714285714285,0.07824607964359516,False,C,NA
triazolam,alpha1,alpha1|BZD_SITE_102|HIS|pi_cation_interaction|frequency,frequency,0,40,0.0,NA,0.0,0.0,False,C,NA
zolpidem,alpha1,alpha1|BZD_SITE_102|HIS|pi_cation_interaction|frequency,frequency,1,45,0.022222222222222223,NA,0.1111111111111111,0.04969039949999532,False,C,NA
lorazepam,alpha1,alpha1|BZD_SITE_102|HIS|pi_cation_interaction|frequency,frequency,0,45,0.0,NA,0.0,0.0,False,C,NA
clonazepam,alpha1,alpha1|BZD_SITE_102|HIS|pi_cation_interaction|frequency,frequency,0,45,0.0,NA,0.0,0.0,False,C,NA
midazolam,alpha1,alpha1|BZD_SITE_102|HIS|pi_cation_interaction|frequency,frequency,0,43,0.0,NA,0.0,0.0,False,C,NA
temazepam,alpha1,alpha1|BZD_SITE_102|HIS|pi_cation_interaction|frequency,frequency,0,45,0.0,NA,0.0,0.0,False,C,NA
zopiclone,alpha1,alpha1|BZD_SITE_102|HIS|pi_cation_interaction|frequency,frequency,0,45,0.0,NA,0.0,0.0,False,C,NA
zaleplon,alpha1,alpha1|BZD_SITE_102|HIS|pi_cation_interaction|frequency,frequency,0,45,0.0,NA,0.0,0.0,False,C,NA
diazepam,alpha1,alpha1|BZD_SITE_102|HIS|pi_stack|frequency,frequency,0,45,0.0,NA,0.0,0.0,False,C,NA
diazepam,alpha1,alpha1|BZD_SITE_102|HIS|pi_stack|P_frequency,frequency,0,45,0.0,NA,0.0,0.0,False,C,NA
diazepam,alpha1,alpha1|BZD_SITE_102|HIS|pi_stack|T_frequency,frequency,0,45,0.0,NA,0.0,0.0,False,C,NA
alprazolam,alpha1,alpha1|BZD_SITE_102|HIS|pi_stack|frequency,frequency,1,35,0.02857142857142857,NA,0.14285714285714285,0.06388765649999399,False,C,NA
alprazolam,alpha1,alpha1|BZD_SITE_102|HIS|pi_stack|P_frequency,frequency,0,35,0.0,NA,0.0,0.0,False,C,NA
alprazolam,alpha1,alpha1|BZD_SITE_102|HIS|pi_stack|T_frequency,frequency,1,35,0.02857142857142857,NA,0.14285714285714285,0.06388765649999399,False,C,NA
triazolam,alpha1,alpha1|BZD_SITE_102|HIS|pi_stack|frequency,frequency,1,40,0.025,NA,0.1111111111111111,0.04969039949999532,False,C,NA
triazolam,alpha1,alpha1|BZD_SITE_102|HIS|pi_stack|P_frequency,frequency,0,40,0.0,NA,0.0,0.0,False,C,NA
triazolam,alpha1,alpha1|BZD_SITE_102|HIS|pi_stack|T_frequency,frequency,1,40,0.025,NA,0.1111111111111111,0.04969039949999532,False,C,NA
zolpidem,alpha1,alpha1|BZD_SITE_102|HIS|pi_stack|frequency,frequency,0,45,0.0,NA,0.0,0.0,False,C,NA
zolpidem,alpha1,alpha1|BZD_SITE_102|HIS|pi_stack|P_frequency,frequency,0,45,0.0,NA,0.0,0.0,False,C,NA
zolpidem,alpha1,alpha1|BZD_SITE_102|HIS|pi_stack|T_frequency,frequency,0,45,0.0,NA,0.0,0.0,False,C,NA
lorazepam,alpha1,alpha1|BZD_SITE_102|HIS|pi_stack|frequency,frequency,1,45,0.022222222222222223,NA,0.1111111111111111,0.04969039949999532,False,C,NA
lorazepam,alpha1,alpha1|BZD_SITE_102|HIS|pi_stack|P_frequency,frequency,0,45,0.0,NA,0.0,0.0,False,C,NA
lorazepam,alpha1,alpha1|BZD_SITE_102|HIS|pi_stack|T_frequency,frequency,1,45,0.022222222222222223,NA,0.1111111111111111,0.04969039949999532,False,C,NA
clonazepam,alpha1,alpha1|BZD_SITE_102|HIS|pi_stack|frequency,frequency,0,45,0.0,NA,0.0,0.0,False,C,NA
clonazepam,alpha1,alpha1|BZD_SITE_102|HIS|pi_stack|P_frequency,frequency,0,45,0.0,NA,0.0,0.0,False,C,NA
clonazepam,alpha1,alpha1|BZD_SITE_102|HIS|pi_stack|T_frequency,frequency,0,45,0.0,NA,0.0,0.0,False,C,NA
midazolam,alpha1,alpha1|BZD_SITE_102|HIS|pi_stack|frequency,frequency,3,43,0.06976744186046512,NA,0.1111111111111111,0.06085806194501846,False,C,NA
midazolam,alpha1,alpha1|BZD_SITE_102|HIS|pi_stack|P_frequency,frequency,0,43,0.0,NA,0.0,0.0,False,C,NA
midazolam,alpha1,alpha1|BZD_SITE_102|HIS|pi_stack|T_frequency,frequency,3,43,0.06976744186046512,NA,0.1111111111111111,0.06085806194501846,False,C,NA
temazepam,alpha1,alpha1|BZD_SITE_102|HIS|pi_stack|frequency,frequency,0,45,0.0,NA,0.0,0.0,False,C,NA
temazepam,alpha1,alpha1|BZD_SITE_102|HIS|pi_stack|P_frequency,frequency,0,45,0.0,NA,0.0,0.0,False,C,NA
temazepam,alpha1,alpha1|BZD_SITE_102|HIS|pi_stack|T_frequency,frequency,0,45,0.0,NA,0.0,0.0,False,C,NA
zopiclone,alpha1,alpha1|BZD_SITE_102|HIS|pi_stack|frequency,frequency,4,45,0.08888888888888889,NA,0.1111111111111111,0.049690399499995326,False,C,NA
zopiclone,alpha1,alpha1|BZD_SITE_102|HIS|pi_stack|P_frequency,frequency,0,45,0.0,NA,0.0,0.0,False,C,NA
zopiclone,alpha1,alpha1|BZD_SITE_102|HIS|pi_stack|T_frequency,frequency,4,45,0.08888888888888889,NA,0.1111111111111111,0.049690399499995326,False,C,NA
zaleplon,alpha1,alpha1|BZD_SITE_102|HIS|pi_stack|frequency,frequency,0,45,0.0,NA,0.0,0.0,False,C,NA
zaleplon,alpha1,alpha1|BZD_SITE_102|HIS|pi_stack|P_frequency,frequency,0,45,0.0,NA,0.0,0.0,False,C,NA
zaleplon,alpha1,alpha1|BZD_SITE_102|HIS|pi_stack|T_frequency,frequency,0,45,0.0,NA,0.0,0.0,False,C,NA
diazepam,alpha1,alpha1|BZD_SITE_103|ASN|hydrogen_bond|frequency,frequency,0,45,0.0,NA,0.0,0.0,False,C,NA
alprazolam,alpha1,alpha1|BZD_SITE_103|ASN|hydrogen_bond|frequency,frequency,0,35,0.0,NA,0.0,0.0,False,C,NA
triazolam,alpha1,alpha1|BZD_SITE_103|ASN|hydrogen_bond|frequency,frequency,0,40,0.0,NA,0.0,0.0,False,C,NA
zolpidem,alpha1,alpha1|BZD_SITE_103|ASN|hydrogen_bond|frequency,frequency,0,45,0.0,NA,0.0,0.0,False,C,NA
lorazepam,alpha1,alpha1|BZD_SITE_103|ASN|hydrogen_bond|frequency,frequency,1,45,0.022222222222222223,NA,0.1111111111111111,0.04969039949999532,False,C,NA
clonazepam,alpha1,alpha1|BZD_SITE_103|ASN|hydrogen_bond|frequency,frequency,0,45,0.0,NA,0.0,0.0,False,C,NA
midazolam,alpha1,alpha1|BZD_SITE_103|ASN|hydrogen_bond|frequency,frequency,0,43,0.0,NA,0.0,0.0,False,C,NA
temazepam,alpha1,alpha1|BZD_SITE_103|ASN|hydrogen_bond|frequency,frequency,0,45,0.0,NA,0.0,0.0,False,C,NA
zopiclone,alpha1,alpha1|BZD_SITE_103|ASN|hydrogen_bond|frequency,frequency,0,45,0.0,NA,0.0,0.0,False,C,NA
zaleplon,alpha1,alpha1|BZD_SITE_103|ASN|hydrogen_bond|frequency,frequency,0,45,0.0,NA,0.0,0.0,False,C,NA
diazepam,alpha1,alpha1|BZD_SITE_103|ASN|hydrophobic_interaction|frequency,frequency,2,45,0.044444444444444446,NA,0.2222222222222222,0.09938079899999064,False,C,NA
alprazolam,alpha1,alpha1|BZD_SITE_103|ASN|hydrophobic_interaction|frequency,frequency,0,35,0.0,NA,0.0,0.0,False,C,NA
triazolam,alpha1,alpha1|BZD_SITE_103|ASN|hydrophobic_interaction|frequency,frequency,0,40,0.0,NA,0.0,0.0,False,C,NA
zolpidem,alpha1,alpha1|BZD_SITE_103|ASN|hydrophobic_interaction|frequency,frequency,0,45,0.0,NA,0.0,0.0,False,C,NA
lorazepam,alpha1,alpha1|BZD_SITE_103|ASN|hydrophobic_interaction|frequency,frequency,0,45,0.0,NA,0.0,0.0,False,C,NA
clonazepam,alpha1,alpha1|BZD_SITE_103|ASN|hydrophobic_interaction|frequency,frequency,0,45,0.0,NA,0.0,0.0,False,C,NA
midazolam,alpha1,alpha1|BZD_SITE_103|ASN|hydrophobic_interaction|frequency,frequency,0,43,0.0,NA,0.0,0.0,False,C,NA
temazepam,alpha1,alpha1|BZD_SITE_103|ASN|hydrophobic_interaction|frequency,frequency,0,45,0.0,NA,0.0,0.0,False,C,NA
zopiclone,alpha1,alpha1|BZD_SITE_103|ASN|hydrophobic_interaction|frequency,frequency,0,45,0.0,NA,0.0,0.0,False,C,NA
zaleplon,alpha1,alpha1|BZD_SITE_103|ASN|hydrophobic_interaction|frequency,frequency,0,45,0.0,NA,0.0,0.0,False,C,NA
diazepam,alpha1,alpha1|BZD_SITE_138|GLU|hydrogen_bond|frequency,frequency,0,45,0.0,NA,0.0,0.0,False,C,NA
alprazolam,alpha1,alpha1|BZD_SITE_138|GLU|hydrogen_bond|frequency,frequency,0,35,0.0,NA,0.0,0.0,False,C,NA
triazolam,alpha1,alpha1|BZD_SITE_138|GLU|hydrogen_bond|frequency,frequency,0,40,0.0,NA,0.0,0.0,False,C,NA
zolpidem,alpha1,alpha1|BZD_SITE_138|GLU|hydrogen_bond|frequency,frequency,0,45,0.0,NA,0.0,0.0,False,C,NA
lorazepam,alpha1,alpha1|BZD_SITE_138|GLU|hydrogen_bond|frequency,frequency,1,45,0.022222222222222223,NA,0.1111111111111111,0.04969039949999532,False,C,NA
clonazepam,alpha1,alpha1|BZD_SITE_138|GLU|hydrogen_bond|frequency,frequency,0,45,0.0,NA,0.0,0.0,False,C,NA
midazolam,alpha1,alpha1|BZD_SITE_138|GLU|hydrogen_bond|frequency,frequency,0,43,0.0,NA,0.0,0.0,False,C,NA
temazepam,alpha1,alpha1|BZD_SITE_138|GLU|hydrogen_bond|frequency,frequency,0,45,0.0,NA,0.0,0.0,False,C,NA
zopiclone,alpha1,alpha1|BZD_SITE_138|GLU|hydrogen_bond|frequency,frequency,0,45,0.0,NA,0.0,0.0,False,C,NA
zaleplon,alpha1,alpha1|BZD_SITE_138|GLU|hydrogen_bond|frequency,frequency,0,45,0.0,NA,0.0,0.0,False,C,NA
diazepam,alpha1,alpha1|BZD_SITE_156|LYS|halogen_bond|frequency,frequency,0,45,0.0,NA,0.0,0.0,False,C,NA
alprazolam,alpha1,alpha1|BZD_SITE_156|LYS|halogen_bond|frequency,frequency,0,35,0.0,NA,0.0,0.0,False,C,NA
triazolam,alpha1,alpha1|BZD_SITE_156|LYS|halogen_bond|frequency,frequency,5,40,0.125,NA,0.05555555555555555,0.02282177322938192,False,C,NA
zolpidem,alpha1,alpha1|BZD_SITE_156|LYS|halogen_bond|frequency,frequency,0,45,0.0,NA,0.0,0.0,False,C,NA
lorazepam,alpha1,alpha1|BZD_SITE_156|LYS|halogen_bond|frequency,frequency,2,45,0.044444444444444446,NA,0.1111111111111111,0.06085806194501846,False,C,NA
clonazepam,alpha1,alpha1|BZD_SITE_156|LYS|halogen_bond|frequency,frequency,5,45,0.1111111111111111,NA,0.0,1.5515838457795457e-17,False,C,NA
midazolam,alpha1,alpha1|BZD_SITE_156|LYS|halogen_bond|frequency,frequency,0,43,0.0,NA,0.0,0.0,False,C,NA
temazepam,alpha1,alpha1|BZD_SITE_156|LYS|halogen_bond|frequency,frequency,0,45,0.0,NA,0.0,0.0,False,C,NA
zopiclone,alpha1,alpha1|BZD_SITE_156|LYS|halogen_bond|frequency,frequency,0,45,0.0,NA,0.0,0.0,False,C,NA
zaleplon,alpha1,alpha1|BZD_SITE_156|LYS|halogen_bond|frequency,frequency,0,45,0.0,NA,0.0,0.0,False,C,NA
diazepam,alpha1,alpha1|BZD_SITE_156|LYS|hydrogen_bond|frequency,frequency,4,45,0.08888888888888889,NA,0.1111111111111111,0.04969039949999532,False,C,NA
alprazolam,alpha1,alpha1|BZD_SITE_156|LYS|hydrogen_bond|frequency,frequency,7,35,0.2,NA,0.14285714285714285,0.06606874726434099,False,C,NA
triazolam,alpha1,alpha1|BZD_SITE_156|LYS|hydrogen_bond|frequency,frequency,6,40,0.15,NA,0.1111111111111111,0.045431742316100344,False,C,NA
zolpidem,alpha1,alpha1|BZD_SITE_156|LYS|hydrogen_bond|frequency,frequency,0,45,0.0,NA,0.0,0.0,False,C,NA
lorazepam,alpha1,alpha1|BZD_SITE_156|LYS|hydrogen_bond|frequency,frequency,10,45,0.2222222222222222,NA,0.3333333333333333,0.13608276348795434,False,C,NA
clonazepam,alpha1,alpha1|BZD_SITE_156|LYS|hydrogen_bond|frequency,frequency,0,45,0.0,NA,0.0,0.0,False,C,NA
midazolam,alpha1,alpha1|BZD_SITE_156|LYS|hydrogen_bond|frequency,frequency,0,43,0.0,NA,0.0,0.0,False,C,NA
temazepam,alpha1,alpha1|BZD_SITE_156|LYS|hydrogen_bond|frequency,frequency,3,45,0.06666666666666667,NA,0.2222222222222222,0.09938079899999065,False,C,NA
zopiclone,alpha1,alpha1|BZD_SITE_156|LYS|hydrogen_bond|frequency,frequency,19,45,0.4222222222222222,NA,0.1111111111111111,0.049690399499995326,False,C,NA
zaleplon,alpha1,alpha1|BZD_SITE_156|LYS|hydrogen_bond|frequency,frequency,5,45,0.1111111111111111,NA,0.2222222222222222,0.07856742013183861,False,C,NA
diazepam,alpha1,alpha1|BZD_SITE_156|LYS|hydrophobic_interaction|frequency,frequency,2,45,0.044444444444444446,NA,0.2222222222222222,0.09938079899999064,False,C,NA
alprazolam,alpha1,alpha1|BZD_SITE_156|LYS|hydrophobic_interaction|frequency,frequency,5,35,0.14285714285714285,NA,0.04166666666666666,0.014821309045224678,False,C,NA
triazolam,alpha1,alpha1|BZD_SITE_156|LYS|hydrophobic_interaction|frequency,frequency,5,40,0.125,NA,0.05555555555555555,0.02282177322938192,False,C,NA
zolpidem,alpha1,alpha1|BZD_SITE_156|LYS|hydrophobic_interaction|frequency,frequency,5,45,0.1111111111111111,NA,0.0,1.5515838457795457e-17,False,C,NA
lorazepam,alpha1,alpha1|BZD_SITE_156|LYS|hydrophobic_interaction|frequency,frequency,0,45,0.0,NA,0.0,0.0,False,C,NA
clonazepam,alpha1,alpha1|BZD_SITE_156|LYS|hydrophobic_interaction|frequency,frequency,0,45,0.0,NA,0.0,0.0,False,C,NA
midazolam,alpha1,alpha1|BZD_SITE_156|LYS|hydrophobic_interaction|frequency,frequency,3,43,0.06976744186046512,NA,0.1111111111111111,0.06085806194501846,False,C,NA
temazepam,alpha1,alpha1|BZD_SITE_156|LYS|hydrophobic_interaction|frequency,frequency,0,45,0.0,NA,0.0,0.0,False,C,NA
zopiclone,alpha1,alpha1|BZD_SITE_156|LYS|hydrophobic_interaction|frequency,frequency,0,45,0.0,NA,0.0,0.0,False,C,NA
zaleplon,alpha1,alpha1|BZD_SITE_156|LYS|hydrophobic_interaction|frequency,frequency,4,45,0.08888888888888889,NA,0.1111111111111111,0.04969039949999532,False,C,NA
diazepam,alpha1,alpha1|BZD_SITE_156|LYS|pi_cation_interaction|frequency,frequency,2,45,0.044444444444444446,NA,0.1111111111111111,0.06085806194501846,False,C,NA
alprazolam,alpha1,alpha1|BZD_SITE_156|LYS|pi_cation_interaction|frequency,frequency,2,35,0.05714285714285714,NA,0.14285714285714285,0.07362688617174393,False,C,NA
triazolam,alpha1,alpha1|BZD_SITE_156|LYS|pi_cation_interaction|frequency,frequency,3,40,0.075,NA,0.2222222222222222,0.09938079899999065,False,C,NA
zolpidem,alpha1,alpha1|BZD_SITE_156|LYS|pi_cation_interaction|frequency,frequency,0,45,0.0,NA,0.0,0.0,False,C,NA
lorazepam,alpha1,alpha1|BZD_SITE_156|LYS|pi_cation_interaction|frequency,frequency,2,45,0.044444444444444446,NA,0.1111111111111111,0.06085806194501846,False,C,NA
clonazepam,alpha1,alpha1|BZD_SITE_156|LYS|pi_cation_interaction|frequency,frequency,3,45,0.06666666666666667,NA,0.1111111111111111,0.06085806194501846,False,C,NA
midazolam,alpha1,alpha1|BZD_SITE_156|LYS|pi_cation_interaction|frequency,frequency,5,43,0.11627906976744186,NA,0.2222222222222222,0.1111111111111111,False,C,NA
temazepam,alpha1,alpha1|BZD_SITE_156|LYS|pi_cation_interaction|frequency,frequency,1,45,0.022222222222222223,NA,0.1111111111111111,0.04969039949999532,False,C,NA
zopiclone,alpha1,alpha1|BZD_SITE_156|LYS|pi_cation_interaction|frequency,frequency,0,45,0.0,NA,0.0,0.0,False,C,NA
zaleplon,alpha1,alpha1|BZD_SITE_156|LYS|pi_cation_interaction|frequency,frequency,0,45,0.0,NA,0.0,0.0,False,C,NA
diazepam,alpha1,alpha1|BZD_SITE_160|TYR|halogen_bond|frequency,frequency,1,45,0.022222222222222223,NA,0.1111111111111111,0.04969039949999532,False,C,NA
alprazolam,alpha1,alpha1|BZD_SITE_160|TYR|halogen_bond|frequency,frequency,0,35,0.0,NA,0.0,0.0,False,C,NA
triazolam,alpha1,alpha1|BZD_SITE_160|TYR|halogen_bond|frequency,frequency,0,40,0.0,NA,0.0,0.0,False,C,NA
zolpidem,alpha1,alpha1|BZD_SITE_160|TYR|halogen_bond|frequency,frequency,0,45,0.0,NA,0.0,0.0,False,C,NA
lorazepam,alpha1,alpha1|BZD_SITE_160|TYR|halogen_bond|frequency,frequency,0,45,0.0,NA,0.0,0.0,False,C,NA
clonazepam,alpha1,alpha1|BZD_SITE_160|TYR|halogen_bond|frequency,frequency,0,45,0.0,NA,0.0,0.0,False,C,NA
midazolam,alpha1,alpha1|BZD_SITE_160|TYR|halogen_bond|frequency,frequency,3,43,0.06976744186046512,NA,0.14285714285714285,0.06790237979748392,False,C,NA
temazepam,alpha1,alpha1|BZD_SITE_160|TYR|halogen_bond|frequency,frequency,0,45,0.0,NA,0.0,0.0,False,C,NA
zopiclone,alpha1,alpha1|BZD_SITE_160|TYR|halogen_bond|frequency,frequency,0,45,0.0,NA,0.0,0.0,False,C,NA
zaleplon,alpha1,alpha1|BZD_SITE_160|TYR|halogen_bond|frequency,frequency,0,45,0.0,NA,0.0,0.0,False,C,NA
diazepam,alpha1,alpha1|BZD_SITE_160|TYR|hydrophobic_interaction|frequency,frequency,10,45,0.2222222222222222,NA,0.0,3.1031676915590914e-17,False,C,NA
alprazolam,alpha1,alpha1|BZD_SITE_160|TYR|hydrophobic_interaction|frequency,frequency,8,35,0.22857142857142856,NA,0.14285714285714285,0.06734350297014738,False,C,NA
triazolam,alpha1,alpha1|BZD_SITE_160|TYR|hydrophobic_interaction|frequency,frequency,9,40,0.225,NA,0.08333333333333334,0.03402069087198859,False,C,NA
zolpidem,alpha1,alpha1|BZD_SITE_160|TYR|hydrophobic_interaction|frequency,frequency,28,45,0.6222222222222222,NA,0.2222222222222222,0.09938079899999064,False,C,NA
lorazepam,alpha1,alpha1|BZD_SITE_160|TYR|hydrophobic_interaction|frequency,frequency,6,45,0.13333333333333333,NA,0.1111111111111111,0.049690399499995326,False,C,NA
clonazepam,alpha1,alpha1|BZD_SITE_160|TYR|hydrophobic_interaction|frequency,frequency,14,45,0.3111111111111111,NA,0.4444444444444445,0.16480441082434807,True,C,NA
midazolam,alpha1,alpha1|BZD_SITE_160|TYR|hydrophobic_interaction|frequency,frequency,8,43,0.18604651162790697,NA,0.1111111111111111,0.053357893060227334,False,C,NA
temazepam,alpha1,alpha1|BZD_SITE_160|TYR|hydrophobic_interaction|frequency,frequency,9,45,0.2,NA,0.2222222222222222,0.09296222517045284,False,C,NA
zopiclone,alpha1,alpha1|BZD_SITE_160|TYR|hydrophobic_interaction|frequency,frequency,7,45,0.15555555555555556,NA,0.2222222222222222,0.09938079899999064,False,C,NA
zaleplon,alpha1,alpha1|BZD_SITE_160|TYR|hydrophobic_interaction|frequency,frequency,21,45,0.4666666666666667,NA,0.11111111111111116,0.04969039949999535,False,C,NA
diazepam,alpha1,alpha1|BZD_SITE_160|TYR|pi_stack|frequency,frequency,0,45,0.0,NA,0.0,0.0,False,C,NA
diazepam,alpha1,alpha1|BZD_SITE_160|TYR|pi_stack|P_frequency,frequency,0,45,0.0,NA,0.0,0.0,False,C,NA
diazepam,alpha1,alpha1|BZD_SITE_160|TYR|pi_stack|T_frequency,frequency,0,45,0.0,NA,0.0,0.0,False,C,NA
alprazolam,alpha1,alpha1|BZD_SITE_160|TYR|pi_stack|frequency,frequency,1,35,0.02857142857142857,NA,0.16666666666666666,0.07453559924999299,False,C,NA
alprazolam,alpha1,alpha1|BZD_SITE_160|TYR|pi_stack|P_frequency,frequency,1,35,0.02857142857142857,NA,0.16666666666666666,0.07453559924999299,False,C,NA
alprazolam,alpha1,alpha1|BZD_SITE_160|TYR|pi_stack|T_frequency,frequency,0,35,0.0,NA,0.0,0.0,False,C,NA
triazolam,alpha1,alpha1|BZD_SITE_160|TYR|pi_stack|frequency,frequency,0,40,0.0,NA,0.0,0.0,False,C,NA
triazolam,alpha1,alpha1|BZD_SITE_160|TYR|pi_stack|P_frequency,frequency,0,40,0.0,NA,0.0,0.0,False,C,NA
triazolam,alpha1,alpha1|BZD_SITE_160|TYR|pi_stack|T_frequency,frequency,0,40,0.0,NA,0.0,0.0,False,C,NA
zolpidem,alpha1,alpha1|BZD_SITE_160|TYR|pi_stack|frequency,frequency,0,45,0.0,NA,0.0,0.0,False,C,NA
zolpidem,alpha1,alpha1|BZD_SITE_160|TYR|pi_stack|P_frequency,frequency,0,45,0.0,NA,0.0,0.0,False,C,NA
zolpidem,alpha1,alpha1|BZD_SITE_160|TYR|pi_stack|T_frequency,frequency,0,45,0.0,NA,0.0,0.0,False,C,NA
lorazepam,alpha1,alpha1|BZD_SITE_160|TYR|pi_stack|frequency,frequency,0,45,0.0,NA,0.0,0.0,False,C,NA
lorazepam,alpha1,alpha1|BZD_SITE_160|TYR|pi_stack|P_frequency,frequency,0,45,0.0,NA,0.0,0.0,False,C,NA
lorazepam,alpha1,alpha1|BZD_SITE_160|TYR|pi_stack|T_frequency,frequency,0,45,0.0,NA,0.0,0.0,False,C,NA
clonazepam,alpha1,alpha1|BZD_SITE_160|TYR|pi_stack|frequency,frequency,0,45,0.0,NA,0.0,0.0,False,C,NA
clonazepam,alpha1,alpha1|BZD_SITE_160|TYR|pi_stack|P_frequency,frequency,0,45,0.0,NA,0.0,0.0,False,C,NA
clonazepam,alpha1,alpha1|BZD_SITE_160|TYR|pi_stack|T_frequency,frequency,0,45,0.0,NA,0.0,0.0,False,C,NA
midazolam,alpha1,alpha1|BZD_SITE_160|TYR|pi_stack|frequency,frequency,0,43,0.0,NA,0.0,0.0,False,C,NA
midazolam,alpha1,alpha1|BZD_SITE_160|TYR|pi_stack|P_frequency,frequency,0,43,0.0,NA,0.0,0.0,False,C,NA
midazolam,alpha1,alpha1|BZD_SITE_160|TYR|pi_stack|T_frequency,frequency,0,43,0.0,NA,0.0,0.0,False,C,NA
temazepam,alpha1,alpha1|BZD_SITE_160|TYR|pi_stack|frequency,frequency,0,45,0.0,NA,0.0,0.0,False,C,NA
temazepam,alpha1,alpha1|BZD_SITE_160|TYR|pi_stack|P_frequency,frequency,0,45,0.0,NA,0.0,0.0,False,C,NA
temazepam,alpha1,alpha1|BZD_SITE_160|TYR|pi_stack|T_frequency,frequency,0,45,0.0,NA,0.0,0.0,False,C,NA
zopiclone,alpha1,alpha1|BZD_SITE_160|TYR|pi_stack|frequency,frequency,0,45,0.0,NA,0.0,0.0,False,C,NA
zopiclone,alpha1,alpha1|BZD_SITE_160|TYR|pi_stack|P_frequency,frequency,0,45,0.0,NA,0.0,0.0,False,C,NA
zopiclone,alpha1,alpha1|BZD_SITE_160|TYR|pi_stack|T_frequency,frequency,0,45,0.0,NA,0.0,0.0,False,C,NA
zaleplon,alpha1,alpha1|BZD_SITE_160|TYR|pi_stack|frequency,frequency,0,45,0.0,NA,0.0,0.0,False,C,NA
zaleplon,alpha1,alpha1|BZD_SITE_160|TYR|pi_stack|P_frequency,frequency,0,45,0.0,NA,0.0,0.0,False,C,NA
zaleplon,alpha1,alpha1|BZD_SITE_160|TYR|pi_stack|T_frequency,frequency,0,45,0.0,NA,0.0,0.0,False,C,NA
diazepam,alpha1,alpha1|BZD_SITE_203|VAL|halogen_bond|frequency,frequency,0,45,0.0,NA,0.0,0.0,False,C,NA
alprazolam,alpha1,alpha1|BZD_SITE_203|VAL|halogen_bond|frequency,frequency,0,35,0.0,NA,0.0,0.0,False,C,NA
triazolam,alpha1,alpha1|BZD_SITE_203|VAL|halogen_bond|frequency,frequency,0,40,0.0,NA,0.0,0.0,False,C,NA
zolpidem,alpha1,alpha1|BZD_SITE_203|VAL|halogen_bond|frequency,frequency,0,45,0.0,NA,0.0,0.0,False,C,NA
lorazepam,alpha1,alpha1|BZD_SITE_203|VAL|halogen_bond|frequency,frequency,1,45,0.022222222222222223,NA,0.1111111111111111,0.04969039949999532,False,C,NA
clonazepam,alpha1,alpha1|BZD_SITE_203|VAL|halogen_bond|frequency,frequency,0,45,0.0,NA,0.0,0.0,False,C,NA
midazolam,alpha1,alpha1|BZD_SITE_203|VAL|halogen_bond|frequency,frequency,0,43,0.0,NA,0.0,0.0,False,C,NA
temazepam,alpha1,alpha1|BZD_SITE_203|VAL|halogen_bond|frequency,frequency,0,45,0.0,NA,0.0,0.0,False,C,NA
zopiclone,alpha1,alpha1|BZD_SITE_203|VAL|halogen_bond|frequency,frequency,0,45,0.0,NA,0.0,0.0,False,C,NA
zaleplon,alpha1,alpha1|BZD_SITE_203|VAL|halogen_bond|frequency,frequency,0,45,0.0,NA,0.0,0.0,False,C,NA
diazepam,alpha1,alpha1|BZD_SITE_203|VAL|hydrophobic_interaction|frequency,frequency,23,45,0.5111111111111111,NA,0.33333333333333337,0.14907119849998599,False,C,NA
alprazolam,alpha1,alpha1|BZD_SITE_203|VAL|hydrophobic_interaction|frequency,frequency,22,35,0.6285714285714286,NA,0.2142857142857143,0.0927884361197613,False,C,NA
triazolam,alpha1,alpha1|BZD_SITE_203|VAL|hydrophobic_interaction|frequency,frequency,27,40,0.675,NA,0.33333333333333326,0.12752087701264475,False,C,NA
zolpidem,alpha1,alpha1|BZD_SITE_203|VAL|hydrophobic_interaction|frequency,frequency,29,45,0.6444444444444445,NA,0.33333333333333337,0.14487116456005886,False,C,NA
lorazepam,alpha1,alpha1|BZD_SITE_203|VAL|hydrophobic_interaction|frequency,frequency,34,45,0.7555555555555555,NA,0.33333333333333326,0.14487116456005883,False,C,NA
clonazepam,alpha1,alpha1|BZD_SITE_203|VAL|hydrophobic_interaction|frequency,frequency,25,45,0.5555555555555556,NA,0.2222222222222222,0.1111111111111111,False,C,NA
midazolam,alpha1,alpha1|BZD_SITE_203|VAL|hydrophobic_interaction|frequency,frequency,27,43,0.627906976744186,NA,0.15873015873015872,0.07221786137191952,False,C,NA
temazepam,alpha1,alpha1|BZD_SITE_203|VAL|hydrophobic_interaction|frequency,frequency,36,45,0.8,NA,0.33333333333333326,0.14487116456005883,False,C,NA
zopiclone,alpha1,alpha1|BZD_SITE_203|VAL|hydrophobic_interaction|frequency,frequency,14,45,0.3111111111111111,NA,0.2222222222222222,0.09296222517045284,False,C,NA
zaleplon,alpha1,alpha1|BZD_SITE_203|VAL|hydrophobic_interaction|frequency,frequency,27,45,0.6,NA,0.11111111111111105,0.06085806194501842,False,C,NA
diazepam,alpha1,alpha1|BZD_SITE_204|GLN|halogen_bond|frequency,frequency,1,45,0.022222222222222223,NA,0.1111111111111111,0.04969039949999532,False,C,NA
alprazolam,alpha1,alpha1|BZD_SITE_204|GLN|halogen_bond|frequency,frequency,0,35,0.0,NA,0.0,0.0,False,C,NA
triazolam,alpha1,alpha1|BZD_SITE_204|GLN|halogen_bond|frequency,frequency,0,40,0.0,NA,0.0,0.0,False,C,NA
zolpidem,alpha1,alpha1|BZD_SITE_204|GLN|halogen_bond|frequency,frequency,0,45,0.0,NA,0.0,0.0,False,C,NA
lorazepam,alpha1,alpha1|BZD_SITE_204|GLN|halogen_bond|frequency,frequency,0,45,0.0,NA,0.0,0.0,False,C,NA
clonazepam,alpha1,alpha1|BZD_SITE_204|GLN|halogen_bond|frequency,frequency,1,45,0.022222222222222223,NA,0.1111111111111111,0.04969039949999532,False,C,NA
midazolam,alpha1,alpha1|BZD_SITE_204|GLN|halogen_bond|frequency,frequency,0,43,0.0,NA,0.0,0.0,False,C,NA
temazepam,alpha1,alpha1|BZD_SITE_204|GLN|halogen_bond|frequency,frequency,0,45,0.0,NA,0.0,0.0,False,C,NA
zopiclone,alpha1,alpha1|BZD_SITE_204|GLN|halogen_bond|frequency,frequency,0,45,0.0,NA,0.0,0.0,False,C,NA
zaleplon,alpha1,alpha1|BZD_SITE_204|GLN|halogen_bond|frequency,frequency,0,45,0.0,NA,0.0,0.0,False,C,NA
diazepam,alpha1,alpha1|BZD_SITE_204|GLN|hydrogen_bond|frequency,frequency,0,45,0.0,NA,0.0,0.0,False,C,NA
alprazolam,alpha1,alpha1|BZD_SITE_204|GLN|hydrogen_bond|frequency,frequency,5,35,0.14285714285714285,NA,0.04166666666666666,0.014821309045224678,False,C,NA
triazolam,alpha1,alpha1|BZD_SITE_204|GLN|hydrogen_bond|frequency,frequency,0,40,0.0,NA,0.0,0.0,False,C,NA
zolpidem,alpha1,alpha1|BZD_SITE_204|GLN|hydrogen_bond|frequency,frequency,0,45,0.0,NA,0.0,0.0,False,C,NA
lorazepam,alpha1,alpha1|BZD_SITE_204|GLN|hydrogen_bond|frequency,frequency,0,45,0.0,NA,0.0,0.0,False,C,NA
clonazepam,alpha1,alpha1|BZD_SITE_204|GLN|hydrogen_bond|frequency,frequency,0,45,0.0,NA,0.0,0.0,False,C,NA
midazolam,alpha1,alpha1|BZD_SITE_204|GLN|hydrogen_bond|frequency,frequency,0,43,0.0,NA,0.0,0.0,False,C,NA
temazepam,alpha1,alpha1|BZD_SITE_204|GLN|hydrogen_bond|frequency,frequency,3,45,0.06666666666666667,NA,0.2222222222222222,0.09938079899999065,False,C,NA
zopiclone,alpha1,alpha1|BZD_SITE_204|GLN|hydrogen_bond|frequency,frequency,0,45,0.0,NA,0.0,0.0,False,C,NA
zaleplon,alpha1,alpha1|BZD_SITE_204|GLN|hydrogen_bond|frequency,frequency,0,45,0.0,NA,0.0,0.0,False,C,NA
diazepam,alpha1,alpha1|BZD_SITE_204|GLN|hydrophobic_interaction|frequency,frequency,0,45,0.0,NA,0.0,0.0,False,C,NA
alprazolam,alpha1,alpha1|BZD_SITE_204|GLN|hydrophobic_interaction|frequency,frequency,1,35,0.02857142857142857,NA,0.125,0.055901699437494755,False,C,NA
triazolam,alpha1,alpha1|BZD_SITE_204|GLN|hydrophobic_interaction|frequency,frequency,0,40,0.0,NA,0.0,0.0,False,C,NA
zolpidem,alpha1,alpha1|BZD_SITE_204|GLN|hydrophobic_interaction|frequency,frequency,0,45,0.0,NA,0.0,0.0,False,C,NA
lorazepam,alpha1,alpha1|BZD_SITE_204|GLN|hydrophobic_interaction|frequency,frequency,0,45,0.0,NA,0.0,0.0,False,C,NA
clonazepam,alpha1,alpha1|BZD_SITE_204|GLN|hydrophobic_interaction|frequency,frequency,0,45,0.0,NA,0.0,0.0,False,C,NA
midazolam,alpha1,alpha1|BZD_SITE_204|GLN|hydrophobic_interaction|frequency,frequency,0,43,0.0,NA,0.0,0.0,False,C,NA
temazepam,alpha1,alpha1|BZD_SITE_204|GLN|hydrophobic_interaction|frequency,frequency,0,45,0.0,NA,0.0,0.0,False,C,NA
zopiclone,alpha1,alpha1|BZD_SITE_204|GLN|hydrophobic_interaction|frequency,frequency,0,45,0.0,NA,0.0,0.0,False,C,NA
zaleplon,alpha1,alpha1|BZD_SITE_204|GLN|hydrophobic_interaction|frequency,frequency,0,45,0.0,NA,0.0,0.0,False,C,NA
diazepam,alpha1,alpha1|BZD_SITE_205|SER|hydrogen_bond|frequency,frequency,8,45,0.17777777777777778,NA,0.1111111111111111,0.06085806194501846,False,C,NA
alprazolam,alpha1,alpha1|BZD_SITE_205|SER|hydrogen_bond|frequency,frequency,12,35,0.34285714285714286,NA,0.17857142857142855,0.08161493571906003,False,C,NA
triazolam,alpha1,alpha1|BZD_SITE_205|SER|hydrogen_bond|frequency,frequency,10,40,0.25,NA,0.16666666666666666,0.06022078719077444,False,C,NA
zolpidem,alpha1,alpha1|BZD_SITE_205|SER|hydrogen_bond|frequency,frequency,30,45,0.6666666666666666,NA,0.0,0.0,False,C,NA
lorazepam,alpha1,alpha1|BZD_SITE_205|SER|hydrogen_bond|frequency,frequency,7,45,0.15555555555555556,NA,0.1111111111111111,0.06085806194501845,False,C,NA
clonazepam,alpha1,alpha1|BZD_SITE_205|SER|hydrogen_bond|frequency,frequency,12,45,0.26666666666666666,NA,0.3333333333333333,0.12668615834434865,False,C,NA
midazolam,alpha1,alpha1|BZD_SITE_205|SER|hydrogen_bond|frequency,frequency,9,43,0.20930232558139536,NA,0.2222222222222222,0.10076552538478652,False,C,NA
temazepam,alpha1,alpha1|BZD_SITE_205|SER|hydrogen_bond|frequency,frequency,11,45,0.24444444444444444,NA,0.3333333333333333,0.12171612389003691,False,C,NA
zopiclone,alpha1,alpha1|BZD_SITE_205|SER|hydrogen_bond|frequency,frequency,23,45,0.5111111111111111,NA,0.11111111111111116,0.060858061945018485,False,C,NA
zaleplon,alpha1,alpha1|BZD_SITE_205|SER|hydrogen_bond|frequency,frequency,6,45,0.13333333333333333,NA,0.2222222222222222,0.09296222517045283,False,C,NA
diazepam,alpha1,alpha1|BZD_SITE_206|SER|hydrogen_bond|frequency,frequency,0,45,0.0,NA,0.0,0.0,False,C,NA
alprazolam,alpha1,alpha1|BZD_SITE_206|SER|hydrogen_bond|frequency,frequency,3,35,0.08571428571428572,NA,0.16666666666666666,0.08316309141225228,False,C,NA
triazolam,alpha1,alpha1|BZD_SITE_206|SER|hydrogen_bond|frequency,frequency,2,40,0.05,NA,0.16666666666666666,0.08122328620674137,False,C,NA
zolpidem,alpha1,alpha1|BZD_SITE_206|SER|hydrogen_bond|frequency,frequency,0,45,0.0,NA,0.0,0.0,False,C,NA
lorazepam,alpha1,alpha1|BZD_SITE_206|SER|hydrogen_bond|frequency,frequency,3,45,0.06666666666666667,NA,0.1111111111111111,0.06085806194501846,False,C,NA
clonazepam,alpha1,alpha1|BZD_SITE_206|SER|hydrogen_bond|frequency,frequency,3,45,0.06666666666666667,NA,0.1111111111111111,0.06085806194501846,False,C,NA
midazolam,alpha1,alpha1|BZD_SITE_206|SER|hydrogen_bond|frequency,frequency,0,43,0.0,NA,0.0,0.0,False,C,NA
temazepam,alpha1,alpha1|BZD_SITE_206|SER|hydrogen_bond|frequency,frequency,9,45,0.2,NA,0.2222222222222222,0.09296222517045283,False,C,NA
zopiclone,alpha1,alpha1|BZD_SITE_206|SER|hydrogen_bond|frequency,frequency,4,45,0.08888888888888889,NA,0.1111111111111111,0.049690399499995326,False,C,NA
zaleplon,alpha1,alpha1|BZD_SITE_206|SER|hydrogen_bond|frequency,frequency,4,45,0.08888888888888889,NA,0.2222222222222222,0.09296222517045283,False,C,NA
diazepam,alpha1,alpha1|BZD_SITE_207|THR|hydrogen_bond|frequency,frequency,6,45,0.13333333333333333,NA,0.1111111111111111,0.049690399499995326,False,C,NA
alprazolam,alpha1,alpha1|BZD_SITE_207|THR|hydrogen_bond|frequency,frequency,0,35,0.0,NA,0.0,0.0,False,C,NA
triazolam,alpha1,alpha1|BZD_SITE_207|THR|hydrogen_bond|frequency,frequency,0,40,0.0,NA,0.0,0.0,False,C,NA
zolpidem,alpha1,alpha1|BZD_SITE_207|THR|hydrogen_bond|frequency,frequency,0,45,0.0,NA,0.0,0.0,False,C,NA
lorazepam,alpha1,alpha1|BZD_SITE_207|THR|hydrogen_bond|frequency,frequency,4,45,0.08888888888888889,NA,0.1111111111111111,0.049690399499995326,False,C,NA
clonazepam,alpha1,alpha1|BZD_SITE_207|THR|hydrogen_bond|frequency,frequency,0,45,0.0,NA,0.0,0.0,False,C,NA
midazolam,alpha1,alpha1|BZD_SITE_207|THR|hydrogen_bond|frequency,frequency,0,43,0.0,NA,0.0,0.0,False,C,NA
temazepam,alpha1,alpha1|BZD_SITE_207|THR|hydrogen_bond|frequency,frequency,0,45,0.0,NA,0.0,0.0,False,C,NA
zopiclone,alpha1,alpha1|BZD_SITE_207|THR|hydrogen_bond|frequency,frequency,1,45,0.022222222222222223,NA,0.1111111111111111,0.04969039949999532,False,C,NA
zaleplon,alpha1,alpha1|BZD_SITE_207|THR|hydrogen_bond|frequency,frequency,3,45,0.06666666666666667,NA,0.2222222222222222,0.09938079899999065,False,C,NA
diazepam,alpha1,alpha1|BZD_SITE_207|THR|hydrophobic_interaction|frequency,frequency,0,45,0.0,NA,0.0,0.0,False,C,NA
alprazolam,alpha1,alpha1|BZD_SITE_207|THR|hydrophobic_interaction|frequency,frequency,1,35,0.02857142857142857,NA,0.16666666666666666,0.07453559924999299,False,C,NA
triazolam,alpha1,alpha1|BZD_SITE_207|THR|hydrophobic_interaction|frequency,frequency,0,40,0.0,NA,0.0,0.0,False,C,NA
zolpidem,alpha1,alpha1|BZD_SITE_207|THR|hydrophobic_interaction|frequency,frequency,12,45,0.26666666666666666,NA,0.1111111111111111,0.06085806194501846,False,C,NA
lorazepam,alpha1,alpha1|BZD_SITE_207|THR|hydrophobic_interaction|frequency,frequency,3,45,0.06666666666666667,NA,0.1111111111111111,0.06085806194501846,False,C,NA
clonazepam,alpha1,alpha1|BZD_SITE_207|THR|hydrophobic_interaction|frequency,frequency,3,45,0.06666666666666667,NA,0.1111111111111111,0.06085806194501846,False,C,NA
midazolam,alpha1,alpha1|BZD_SITE_207|THR|hydrophobic_interaction|frequency,frequency,0,43,0.0,NA,0.0,0.0,False,C,NA
temazepam,alpha1,alpha1|BZD_SITE_207|THR|hydrophobic_interaction|frequency,frequency,3,45,0.06666666666666667,NA,0.1111111111111111,0.06085806194501846,False,C,NA
zopiclone,alpha1,alpha1|BZD_SITE_207|THR|hydrophobic_interaction|frequency,frequency,0,45,0.0,NA,0.0,0.0,False,C,NA
zaleplon,alpha1,alpha1|BZD_SITE_207|THR|hydrophobic_interaction|frequency,frequency,6,45,0.13333333333333333,NA,0.2222222222222222,0.09296222517045283,False,C,NA
diazepam,alpha1,alpha1|BZD_SITE_210|TYR|hydrogen_bond|frequency,frequency,0,45,0.0,NA,0.0,0.0,False,C,NA
alprazolam,alpha1,alpha1|BZD_SITE_210|TYR|hydrogen_bond|frequency,frequency,0,35,0.0,NA,0.0,0.0,False,C,NA
triazolam,alpha1,alpha1|BZD_SITE_210|TYR|hydrogen_bond|frequency,frequency,0,40,0.0,NA,0.0,0.0,False,C,NA
zolpidem,alpha1,alpha1|BZD_SITE_210|TYR|hydrogen_bond|frequency,frequency,0,45,0.0,NA,0.0,0.0,False,C,NA
lorazepam,alpha1,alpha1|BZD_SITE_210|TYR|hydrogen_bond|frequency,frequency,1,45,0.022222222222222223,NA,0.1111111111111111,0.04969039949999532,False,C,NA
clonazepam,alpha1,alpha1|BZD_SITE_210|TYR|hydrogen_bond|frequency,frequency,0,45,0.0,NA,0.0,0.0,False,C,NA
midazolam,alpha1,alpha1|BZD_SITE_210|TYR|hydrogen_bond|frequency,frequency,0,43,0.0,NA,0.0,0.0,False,C,NA
temazepam,alpha1,alpha1|BZD_SITE_210|TYR|hydrogen_bond|frequency,frequency,0,45,0.0,NA,0.0,0.0,False,C,NA
zopiclone,alpha1,alpha1|BZD_SITE_210|TYR|hydrogen_bond|frequency,frequency,0,45,0.0,NA,0.0,0.0,False,C,NA
zaleplon,alpha1,alpha1|BZD_SITE_210|TYR|hydrogen_bond|frequency,frequency,0,45,0.0,NA,0.0,0.0,False,C,NA
diazepam,alpha1,alpha1|BZD_SITE_210|TYR|hydrophobic_interaction|frequency,frequency,9,45,0.2,NA,0.1111111111111111,0.049690399499995326,False,C,NA
alprazolam,alpha1,alpha1|BZD_SITE_210|TYR|hydrophobic_interaction|frequency,frequency,16,35,0.45714285714285713,NA,0.1964285714285714,0.0761811750275055,False,C,NA
triazolam,alpha1,alpha1|BZD_SITE_210|TYR|hydrophobic_interaction|frequency,frequency,16,40,0.4,NA,0.33333333333333337,0.14163943093313291,False,C,NA
zolpidem,alpha1,alpha1|BZD_SITE_210|TYR|hydrophobic_interaction|frequency,frequency,12,45,0.26666666666666666,NA,0.2222222222222222,0.09938079899999065,False,C,NA
lorazepam,alpha1,alpha1|BZD_SITE_210|TYR|hydrophobic_interaction|frequency,frequency,13,45,0.28888888888888886,NA,0.1111111111111111,0.06085806194501846,False,C,NA
clonazepam,alpha1,alpha1|BZD_SITE_210|TYR|hydrophobic_interaction|frequency,frequency,11,45,0.24444444444444444,NA,0.1111111111111111,0.04969039949999532,False,C,NA
midazolam,alpha1,alpha1|BZD_SITE_210|TYR|hydrophobic_interaction|frequency,frequency,20,43,0.46511627906976744,NA,0.12698412698412698,0.05678902799999466,False,C,NA
temazepam,alpha1,alpha1|BZD_SITE_210|TYR|hydrophobic_interaction|frequency,frequency,13,45,0.28888888888888886,NA,0.3333333333333333,0.12668615834434865,False,C,NA
zopiclone,alpha1,alpha1|BZD_SITE_210|TYR|hydrophobic_interaction|frequency,frequency,3,45,0.06666666666666667,NA,0.1111111111111111,0.06085806194501846,False,C,NA
zaleplon,alpha1,alpha1|BZD_SITE_210|TYR|hydrophobic_interaction|frequency,frequency,16,45,0.35555555555555557,NA,0.1111111111111111,0.04969039949999532,False,C,NA
diazepam,alpha1,alpha1|BZD_SITE_210|TYR|pi_cation_interaction|frequency,frequency,0,45,0.0,NA,0.0,0.0,False,C,NA
alprazolam,alpha1,alpha1|BZD_SITE_210|TYR|pi_cation_interaction|frequency,frequency,0,35,0.0,NA,0.0,0.0,False,C,NA
triazolam,alpha1,alpha1|BZD_SITE_210|TYR|pi_cation_interaction|frequency,frequency,0,40,0.0,NA,0.0,0.0,False,C,NA
zolpidem,alpha1,alpha1|BZD_SITE_210|TYR|pi_cation_interaction|frequency,frequency,0,45,0.0,NA,0.0,0.0,False,C,NA
lorazepam,alpha1,alpha1|BZD_SITE_210|TYR|pi_cation_interaction|frequency,frequency,0,45,0.0,NA,0.0,0.0,False,C,NA
clonazepam,alpha1,alpha1|BZD_SITE_210|TYR|pi_cation_interaction|frequency,frequency,0,45,0.0,NA,0.0,0.0,False,C,NA
midazolam,alpha1,alpha1|BZD_SITE_210|TYR|pi_cation_interaction|frequency,frequency,0,43,0.0,NA,0.0,0.0,False,C,NA
temazepam,alpha1,alpha1|BZD_SITE_210|TYR|pi_cation_interaction|frequency,frequency,0,45,0.0,NA,0.0,0.0,False,C,NA
zopiclone,alpha1,alpha1|BZD_SITE_210|TYR|pi_cation_interaction|frequency,frequency,3,45,0.06666666666666667,NA,0.1111111111111111,0.06085806194501846,False,C,NA
zaleplon,alpha1,alpha1|BZD_SITE_210|TYR|pi_cation_interaction|frequency,frequency,0,45,0.0,NA,0.0,0.0,False,C,NA
diazepam,alpha1,alpha1|BZD_SITE_210|TYR|pi_stack|frequency,frequency,6,45,0.13333333333333333,NA,0.1111111111111111,0.049690399499995326,False,C,NA
diazepam,alpha1,alpha1|BZD_SITE_210|TYR|pi_stack|P_frequency,frequency,5,45,0.1111111111111111,NA,0.0,1.5515838457795457e-17,False,C,NA
diazepam,alpha1,alpha1|BZD_SITE_210|TYR|pi_stack|T_frequency,frequency,1,45,0.022222222222222223,NA,0.1111111111111111,0.04969039949999532,False,C,NA
alprazolam,alpha1,alpha1|BZD_SITE_210|TYR|pi_stack|frequency,frequency,8,35,0.22857142857142856,NA,0.14285714285714285,0.06734350297014738,False,C,NA
alprazolam,alpha1,alpha1|BZD_SITE_210|TYR|pi_stack|P_frequency,frequency,8,35,0.22857142857142856,NA,0.14285714285714285,0.06734350297014738,False,C,NA
alprazolam,alpha1,alpha1|BZD_SITE_210|TYR|pi_stack|T_frequency,frequency,0,35,0.0,NA,0.0,0.0,False,C,NA
triazolam,alpha1,alpha1|BZD_SITE_210|TYR|pi_stack|frequency,frequency,7,40,0.175,NA,0.1388888888888889,0.060220787190774436,False,C,NA
triazolam,alpha1,alpha1|BZD_SITE_210|TYR|pi_stack|P_frequency,frequency,7,40,0.175,NA,0.1388888888888889,0.060220787190774436,False,C,NA
triazolam,alpha1,alpha1|BZD_SITE_210|TYR|pi_stack|T_frequency,frequency,0,40,0.0,NA,0.0,0.0,False,C,NA
zolpidem,alpha1,alpha1|BZD_SITE_210|TYR|pi_stack|frequency,frequency,12,45,0.26666666666666666,NA,0.2222222222222222,0.09938079899999065,False,C,NA
zolpidem,alpha1,alpha1|BZD_SITE_210|TYR|pi_stack|P_frequency,frequency,12,45,0.26666666666666666,NA,0.2222222222222222,0.09938079899999065,False,C,NA
zolpidem,alpha1,alpha1|BZD_SITE_210|TYR|pi_stack|T_frequency,frequency,0,45,0.0,NA,0.0,0.0,False,C,NA
lorazepam,alpha1,alpha1|BZD_SITE_210|TYR|pi_stack|frequency,frequency,1,45,0.022222222222222223,NA,0.1111111111111111,0.04969039949999532,False,C,NA
lorazepam,alpha1,alpha1|BZD_SITE_210|TYR|pi_stack|P_frequency,frequency,0,45,0.0,NA,0.0,0.0,False,C,NA
lorazepam,alpha1,alpha1|BZD_SITE_210|TYR|pi_stack|T_frequency,frequency,1,45,0.022222222222222223,NA,0.1111111111111111,0.04969039949999532,False,C,NA
clonazepam,alpha1,alpha1|BZD_SITE_210|TYR|pi_stack|frequency,frequency,8,45,0.17777777777777778,NA,0.2222222222222222,0.09938079899999065,False,C,NA
clonazepam,alpha1,alpha1|BZD_SITE_210|TYR|pi_stack|P_frequency,frequency,8,45,0.17777777777777778,NA,0.2222222222222222,0.09938079899999065,False,C,NA
clonazepam,alpha1,alpha1|BZD_SITE_210|TYR|pi_stack|T_frequency,frequency,0,45,0.0,NA,0.0,0.0,False,C,NA
midazolam,alpha1,alpha1|BZD_SITE_210|TYR|pi_stack|frequency,frequency,0,43,0.0,NA,0.0,0.0,False,C,NA
midazolam,alpha1,alpha1|BZD_SITE_210|TYR|pi_stack|P_frequency,frequency,0,43,0.0,NA,0.0,0.0,False,C,NA
midazolam,alpha1,alpha1|BZD_SITE_210|TYR|pi_stack|T_frequency,frequency,0,43,0.0,NA,0.0,0.0,False,C,NA
temazepam,alpha1,alpha1|BZD_SITE_210|TYR|pi_stack|frequency,frequency,5,45,0.1111111111111111,NA,0.0,1.5515838457795457e-17,False,C,NA
temazepam,alpha1,alpha1|BZD_SITE_210|TYR|pi_stack|P_frequency,frequency,5,45,0.1111111111111111,NA,0.0,1.5515838457795457e-17,False,C,NA
temazepam,alpha1,alpha1|BZD_SITE_210|TYR|pi_stack|T_frequency,frequency,0,45,0.0,NA,0.0,0.0,False,C,NA
zopiclone,alpha1,alpha1|BZD_SITE_210|TYR|pi_stack|frequency,frequency,12,45,0.26666666666666666,NA,0.1111111111111111,0.06085806194501846,False,C,NA
zopiclone,alpha1,alpha1|BZD_SITE_210|TYR|pi_stack|P_frequency,frequency,12,45,0.26666666666666666,NA,0.1111111111111111,0.06085806194501846,False,C,NA
zopiclone,alpha1,alpha1|BZD_SITE_210|TYR|pi_stack|T_frequency,frequency,0,45,0.0,NA,0.0,0.0,False,C,NA
zaleplon,alpha1,alpha1|BZD_SITE_210|TYR|pi_stack|frequency,frequency,4,45,0.08888888888888889,NA,0.1111111111111111,0.04969039949999532,False,C,NA
zaleplon,alpha1,alpha1|BZD_SITE_210|TYR|pi_stack|P_frequency,frequency,4,45,0.08888888888888889,NA,0.1111111111111111,0.04969039949999532,False,C,NA
zaleplon,alpha1,alpha1|BZD_SITE_210|TYR|pi_stack|T_frequency,frequency,0,45,0.0,NA,0.0,0.0,False,C,NA
diazepam,alpha2,alpha2|BZD_GAMMA2_056|ASP|halogen_bond|frequency,frequency,0,45,0.0,NA,0.0,0.0,False,C,NA
alprazolam,alpha2,alpha2|BZD_GAMMA2_056|ASP|halogen_bond|frequency,frequency,0,45,0.0,NA,0.0,0.0,False,C,NA
triazolam,alpha2,alpha2|BZD_GAMMA2_056|ASP|halogen_bond|frequency,frequency,0,45,0.0,NA,0.0,0.0,False,C,NA
zolpidem,alpha2,alpha2|BZD_GAMMA2_056|ASP|halogen_bond|frequency,frequency,0,45,0.0,NA,0.0,0.0,False,C,NA
lorazepam,alpha2,alpha2|BZD_GAMMA2_056|ASP|halogen_bond|frequency,frequency,0,45,0.0,NA,0.0,0.0,False,C,NA
clonazepam,alpha2,alpha2|BZD_GAMMA2_056|ASP|halogen_bond|frequency,frequency,0,45,0.0,NA,0.0,0.0,False,C,NA
midazolam,alpha2,alpha2|BZD_GAMMA2_056|ASP|halogen_bond|frequency,frequency,0,45,0.0,NA,0.0,0.0,False,C,NA
temazepam,alpha2,alpha2|BZD_GAMMA2_056|ASP|halogen_bond|frequency,frequency,0,45,0.0,NA,0.0,0.0,False,C,NA
zopiclone,alpha2,alpha2|BZD_GAMMA2_056|ASP|halogen_bond|frequency,frequency,4,45,0.08888888888888889,NA,0.1111111111111111,0.04969039949999532,False,C,NA
zaleplon,alpha2,alpha2|BZD_GAMMA2_056|ASP|halogen_bond|frequency,frequency,0,45,0.0,NA,0.0,0.0,False,C,NA
diazepam,alpha2,alpha2|BZD_GAMMA2_056|ASP|hydrophobic_interaction|frequency,frequency,0,45,0.0,NA,0.0,0.0,False,C,NA
alprazolam,alpha2,alpha2|BZD_GAMMA2_056|ASP|hydrophobic_interaction|frequency,frequency,0,45,0.0,NA,0.0,0.0,False,C,NA
triazolam,alpha2,alpha2|BZD_GAMMA2_056|ASP|hydrophobic_interaction|frequency,frequency,0,45,0.0,NA,0.0,0.0,False,C,NA
zolpidem,alpha2,alpha2|BZD_GAMMA2_056|ASP|hydrophobic_interaction|frequency,frequency,0,45,0.0,NA,0.0,0.0,False,C,NA
lorazepam,alpha2,alpha2|BZD_GAMMA2_056|ASP|hydrophobic_interaction|frequency,frequency,0,45,0.0,NA,0.0,0.0,False,C,NA
clonazepam,alpha2,alpha2|BZD_GAMMA2_056|ASP|hydrophobic_interaction|frequency,frequency,0,45,0.0,NA,0.0,0.0,False,C,NA
midazolam,alpha2,alpha2|BZD_GAMMA2_056|ASP|hydrophobic_interaction|frequency,frequency,0,45,0.0,NA,0.0,0.0,False,C,NA
temazepam,alpha2,alpha2|BZD_GAMMA2_056|ASP|hydrophobic_interaction|frequency,frequency,0,45,0.0,NA,0.0,0.0,False,C,NA
zopiclone,alpha2,alpha2|BZD_GAMMA2_056|ASP|hydrophobic_interaction|frequency,frequency,0,45,0.0,NA,0.0,0.0,False,C,NA
zaleplon,alpha2,alpha2|BZD_GAMMA2_056|ASP|hydrophobic_interaction|frequency,frequency,1,45,0.022222222222222223,NA,0.1111111111111111,0.04969039949999532,False,C,NA
diazepam,alpha2,alpha2|BZD_GAMMA2_058|TYR|halogen_bond|frequency,frequency,0,45,0.0,NA,0.0,0.0,False,C,NA
alprazolam,alpha2,alpha2|BZD_GAMMA2_058|TYR|halogen_bond|frequency,frequency,0,45,0.0,NA,0.0,0.0,False,C,NA
triazolam,alpha2,alpha2|BZD_GAMMA2_058|TYR|halogen_bond|frequency,frequency,0,45,0.0,NA,0.0,0.0,False,C,NA
zolpidem,alpha2,alpha2|BZD_GAMMA2_058|TYR|halogen_bond|frequency,frequency,0,45,0.0,NA,0.0,0.0,False,C,NA
lorazepam,alpha2,alpha2|BZD_GAMMA2_058|TYR|halogen_bond|frequency,frequency,6,45,0.13333333333333333,NA,0.1111111111111111,0.049690399499995326,False,C,NA
clonazepam,alpha2,alpha2|BZD_GAMMA2_058|TYR|halogen_bond|frequency,frequency,5,45,0.1111111111111111,NA,0.2222222222222222,0.07856742013183861,False,C,NA
midazolam,alpha2,alpha2|BZD_GAMMA2_058|TYR|halogen_bond|frequency,frequency,0,45,0.0,NA,0.0,0.0,False,C,NA
temazepam,alpha2,alpha2|BZD_GAMMA2_058|TYR|halogen_bond|frequency,frequency,0,45,0.0,NA,0.0,0.0,False,C,NA
zopiclone,alpha2,alpha2|BZD_GAMMA2_058|TYR|halogen_bond|frequency,frequency,0,45,0.0,NA,0.0,0.0,False,C,NA
zaleplon,alpha2,alpha2|BZD_GAMMA2_058|TYR|halogen_bond|frequency,frequency,0,45,0.0,NA,0.0,0.0,False,C,NA
diazepam,alpha2,alpha2|BZD_GAMMA2_058|TYR|hydrogen_bond|frequency,frequency,0,45,0.0,NA,0.0,0.0,False,C,NA
alprazolam,alpha2,alpha2|BZD_GAMMA2_058|TYR|hydrogen_bond|frequency,frequency,0,45,0.0,NA,0.0,0.0,False,C,NA
triazolam,alpha2,alpha2|BZD_GAMMA2_058|TYR|hydrogen_bond|frequency,frequency,0,45,0.0,NA,0.0,0.0,False,C,NA
zolpidem,alpha2,alpha2|BZD_GAMMA2_058|TYR|hydrogen_bond|frequency,frequency,0,45,0.0,NA,0.0,0.0,False,C,NA
lorazepam,alpha2,alpha2|BZD_GAMMA2_058|TYR|hydrogen_bond|frequency,frequency,13,45,0.28888888888888886,NA,0.2222222222222222,0.09938079899999065,False,C,NA
clonazepam,alpha2,alpha2|BZD_GAMMA2_058|TYR|hydrogen_bond|frequency,frequency,8,45,0.17777777777777778,NA,0.1111111111111111,0.06085806194501846,False,C,NA
midazolam,alpha2,alpha2|BZD_GAMMA2_058|TYR|hydrogen_bond|frequency,frequency,0,45,0.0,NA,0.0,0.0,False,C,NA
temazepam,alpha2,alpha2|BZD_GAMMA2_058|TYR|hydrogen_bond|frequency,frequency,3,45,0.06666666666666667,NA,0.1111111111111111,0.06085806194501846,False,C,NA
zopiclone,alpha2,alpha2|BZD_GAMMA2_058|TYR|hydrogen_bond|frequency,frequency,0,45,0.0,NA,0.0,0.0,False,C,NA
zaleplon,alpha2,alpha2|BZD_GAMMA2_058|TYR|hydrogen_bond|frequency,frequency,0,45,0.0,NA,0.0,0.0,False,C,NA
diazepam,alpha2,alpha2|BZD_GAMMA2_058|TYR|hydrophobic_interaction|frequency,frequency,21,45,0.4666666666666667,NA,0.3333333333333333,0.12171612389003691,False,C,NA
alprazolam,alpha2,alpha2|BZD_GAMMA2_058|TYR|hydrophobic_interaction|frequency,frequency,13,45,0.28888888888888886,NA,0.3333333333333333,0.12668615834434868,False,C,NA
triazolam,alpha2,alpha2|BZD_GAMMA2_058|TYR|hydrophobic_interaction|frequency,frequency,13,45,0.28888888888888886,NA,0.1111111111111111,0.06085806194501846,False,C,NA
zolpidem,alpha2,alpha2|BZD_GAMMA2_058|TYR|hydrophobic_interaction|frequency,frequency,27,45,0.6,NA,0.11111111111111105,0.06085806194501842,False,C,NA
lorazepam,alpha2,alpha2|BZD_GAMMA2_058|TYR|hydrophobic_interaction|frequency,frequency,6,45,0.13333333333333333,NA,0.2222222222222222,0.09296222517045283,False,C,NA
clonazepam,alpha2,alpha2|BZD_GAMMA2_058|TYR|hydrophobic_interaction|frequency,frequency,14,45,0.3111111111111111,NA,0.2222222222222222,0.09296222517045283,False,C,NA
midazolam,alpha2,alpha2|BZD_GAMMA2_058|TYR|hydrophobic_interaction|frequency,frequency,30,45,0.6666666666666666,NA,0.2222222222222222,0.1111111111111111,False,C,NA
temazepam,alpha2,alpha2|BZD_GAMMA2_058|TYR|hydrophobic_interaction|frequency,frequency,22,45,0.4888888888888889,NA,0.11111111111111116,0.060858061945018485,False,C,NA
zopiclone,alpha2,alpha2|BZD_GAMMA2_058|TYR|hydrophobic_interaction|frequency,frequency,10,45,0.2222222222222222,NA,0.2222222222222222,0.1111111111111111,False,C,NA
zaleplon,alpha2,alpha2|BZD_GAMMA2_058|TYR|hydrophobic_interaction|frequency,frequency,26,45,0.5777777777777777,NA,0.2222222222222222,0.09296222517045283,False,C,NA
diazepam,alpha2,alpha2|BZD_GAMMA2_058|TYR|pi_stack|frequency,frequency,0,45,0.0,NA,0.0,0.0,False,C,NA
diazepam,alpha2,alpha2|BZD_GAMMA2_058|TYR|pi_stack|P_frequency,frequency,0,45,0.0,NA,0.0,0.0,False,C,NA
diazepam,alpha2,alpha2|BZD_GAMMA2_058|TYR|pi_stack|T_frequency,frequency,0,45,0.0,NA,0.0,0.0,False,C,NA
alprazolam,alpha2,alpha2|BZD_GAMMA2_058|TYR|pi_stack|frequency,frequency,0,45,0.0,NA,0.0,0.0,False,C,NA
alprazolam,alpha2,alpha2|BZD_GAMMA2_058|TYR|pi_stack|P_frequency,frequency,0,45,0.0,NA,0.0,0.0,False,C,NA
alprazolam,alpha2,alpha2|BZD_GAMMA2_058|TYR|pi_stack|T_frequency,frequency,0,45,0.0,NA,0.0,0.0,False,C,NA
triazolam,alpha2,alpha2|BZD_GAMMA2_058|TYR|pi_stack|frequency,frequency,0,45,0.0,NA,0.0,0.0,False,C,NA
triazolam,alpha2,alpha2|BZD_GAMMA2_058|TYR|pi_stack|P_frequency,frequency,0,45,0.0,NA,0.0,0.0,False,C,NA
triazolam,alpha2,alpha2|BZD_GAMMA2_058|TYR|pi_stack|T_frequency,frequency,0,45,0.0,NA,0.0,0.0,False,C,NA
zolpidem,alpha2,alpha2|BZD_GAMMA2_058|TYR|pi_stack|frequency,frequency,6,45,0.13333333333333333,NA,0.1111111111111111,0.049690399499995326,False,C,NA
zolpidem,alpha2,alpha2|BZD_GAMMA2_058|TYR|pi_stack|P_frequency,frequency,0,45,0.0,NA,0.0,0.0,False,C,NA
zolpidem,alpha2,alpha2|BZD_GAMMA2_058|TYR|pi_stack|T_frequency,frequency,6,45,0.13333333333333333,NA,0.1111111111111111,0.049690399499995326,False,C,NA
lorazepam,alpha2,alpha2|BZD_GAMMA2_058|TYR|pi_stack|frequency,frequency,0,45,0.0,NA,0.0,0.0,False,C,NA
lorazepam,alpha2,alpha2|BZD_GAMMA2_058|TYR|pi_stack|P_frequency,frequency,0,45,0.0,NA,0.0,0.0,False,C,NA
lorazepam,alpha2,alpha2|BZD_GAMMA2_058|TYR|pi_stack|T_frequency,frequency,0,45,0.0,NA,0.0,0.0,False,C,NA
clonazepam,alpha2,alpha2|BZD_GAMMA2_058|TYR|pi_stack|frequency,frequency,0,45,0.0,NA,0.0,0.0,False,C,NA
clonazepam,alpha2,alpha2|BZD_GAMMA2_058|TYR|pi_stack|P_frequency,frequency,0,45,0.0,NA,0.0,0.0,False,C,NA
clonazepam,alpha2,alpha2|BZD_GAMMA2_058|TYR|pi_stack|T_frequency,frequency,0,45,0.0,NA,0.0,0.0,False,C,NA
midazolam,alpha2,alpha2|BZD_GAMMA2_058|TYR|pi_stack|frequency,frequency,2,45,0.044444444444444446,NA,0.1111111111111111,0.06085806194501846,False,C,NA
midazolam,alpha2,alpha2|BZD_GAMMA2_058|TYR|pi_stack|P_frequency,frequency,0,45,0.0,NA,0.0,0.0,False,C,NA
midazolam,alpha2,alpha2|BZD_GAMMA2_058|TYR|pi_stack|T_frequency,frequency,2,45,0.044444444444444446,NA,0.1111111111111111,0.06085806194501846,False,C,NA
temazepam,alpha2,alpha2|BZD_GAMMA2_058|TYR|pi_stack|frequency,frequency,0,45,0.0,NA,0.0,0.0,False,C,NA
temazepam,alpha2,alpha2|BZD_GAMMA2_058|TYR|pi_stack|P_frequency,frequency,0,45,0.0,NA,0.0,0.0,False,C,NA
temazepam,alpha2,alpha2|BZD_GAMMA2_058|TYR|pi_stack|T_frequency,frequency,0,45,0.0,NA,0.0,0.0,False,C,NA
zopiclone,alpha2,alpha2|BZD_GAMMA2_058|TYR|pi_stack|frequency,frequency,5,45,0.1111111111111111,NA,0.2222222222222222,0.07856742013183861,False,C,NA
zopiclone,alpha2,alpha2|BZD_GAMMA2_058|TYR|pi_stack|P_frequency,frequency,0,45,0.0,NA,0.0,0.0,False,C,NA
zopiclone,alpha2,alpha2|BZD_GAMMA2_058|TYR|pi_stack|T_frequency,frequency,5,45,0.1111111111111111,NA,0.2222222222222222,0.07856742013183861,False,C,NA
zaleplon,alpha2,alpha2|BZD_GAMMA2_058|TYR|pi_stack|frequency,frequency,11,45,0.24444444444444444,NA,0.3333333333333333,0.1217161238900369,False,C,NA
zaleplon,alpha2,alpha2|BZD_GAMMA2_058|TYR|pi_stack|P_frequency,frequency,0,45,0.0,NA,0.0,0.0,False,C,NA
zaleplon,alpha2,alpha2|BZD_GAMMA2_058|TYR|pi_stack|T_frequency,frequency,11,45,0.24444444444444444,NA,0.3333333333333333,0.1217161238900369,False,C,NA
diazepam,alpha2,alpha2|BZD_GAMMA2_059|VAL|halogen_bond|frequency,frequency,1,45,0.022222222222222223,NA,0.1111111111111111,0.04969039949999532,False,C,NA
alprazolam,alpha2,alpha2|BZD_GAMMA2_059|VAL|halogen_bond|frequency,frequency,0,45,0.0,NA,0.0,0.0,False,C,NA
triazolam,alpha2,alpha2|BZD_GAMMA2_059|VAL|halogen_bond|frequency,frequency,1,45,0.022222222222222223,NA,0.1111111111111111,0.04969039949999532,False,C,NA
zolpidem,alpha2,alpha2|BZD_GAMMA2_059|VAL|halogen_bond|frequency,frequency,0,45,0.0,NA,0.0,0.0,False,C,NA
lorazepam,alpha2,alpha2|BZD_GAMMA2_059|VAL|halogen_bond|frequency,frequency,2,45,0.044444444444444446,NA,0.1111111111111111,0.06085806194501846,False,C,NA
clonazepam,alpha2,alpha2|BZD_GAMMA2_059|VAL|halogen_bond|frequency,frequency,0,45,0.0,NA,0.0,0.0,False,C,NA
midazolam,alpha2,alpha2|BZD_GAMMA2_059|VAL|halogen_bond|frequency,frequency,0,45,0.0,NA,0.0,0.0,False,C,NA
temazepam,alpha2,alpha2|BZD_GAMMA2_059|VAL|halogen_bond|frequency,frequency,0,45,0.0,NA,0.0,0.0,False,C,NA
zopiclone,alpha2,alpha2|BZD_GAMMA2_059|VAL|halogen_bond|frequency,frequency,0,45,0.0,NA,0.0,0.0,False,C,NA
zaleplon,alpha2,alpha2|BZD_GAMMA2_059|VAL|halogen_bond|frequency,frequency,0,45,0.0,NA,0.0,0.0,False,C,NA
diazepam,alpha2,alpha2|BZD_GAMMA2_060|ASN|halogen_bond|frequency,frequency,0,45,0.0,NA,0.0,0.0,False,C,NA
alprazolam,alpha2,alpha2|BZD_GAMMA2_060|ASN|halogen_bond|frequency,frequency,0,45,0.0,NA,0.0,0.0,False,C,NA
triazolam,alpha2,alpha2|BZD_GAMMA2_060|ASN|halogen_bond|frequency,frequency,0,45,0.0,NA,0.0,0.0,False,C,NA
zolpidem,alpha2,alpha2|BZD_GAMMA2_060|ASN|halogen_bond|frequency,frequency,0,45,0.0,NA,0.0,0.0,False,C,NA
lorazepam,alpha2,alpha2|BZD_GAMMA2_060|ASN|halogen_bond|frequency,frequency,7,45,0.15555555555555556,NA,0.1111111111111111,0.06085806194501846,False,C,NA
clonazepam,alpha2,alpha2|BZD_GAMMA2_060|ASN|halogen_bond|frequency,frequency,6,45,0.13333333333333333,NA,0.1111111111111111,0.049690399499995326,False,C,NA
midazolam,alpha2,alpha2|BZD_GAMMA2_060|ASN|halogen_bond|frequency,frequency,0,45,0.0,NA,0.0,0.0,False,C,NA
temazepam,alpha2,alpha2|BZD_GAMMA2_060|ASN|halogen_bond|frequency,frequency,0,45,0.0,NA,0.0,0.0,False,C,NA
zopiclone,alpha2,alpha2|BZD_GAMMA2_060|ASN|halogen_bond|frequency,frequency,0,45,0.0,NA,0.0,0.0,False,C,NA
zaleplon,alpha2,alpha2|BZD_GAMMA2_060|ASN|halogen_bond|frequency,frequency,0,45,0.0,NA,0.0,0.0,False,C,NA
diazepam,alpha2,alpha2|BZD_GAMMA2_060|ASN|hydrogen_bond|frequency,frequency,0,45,0.0,NA,0.0,0.0,False,C,NA
alprazolam,alpha2,alpha2|BZD_GAMMA2_060|ASN|hydrogen_bond|frequency,frequency,0,45,0.0,NA,0.0,0.0,False,C,NA
triazolam,alpha2,alpha2|BZD_GAMMA2_060|ASN|hydrogen_bond|frequency,frequency,2,45,0.044444444444444446,NA,0.2222222222222222,0.09938079899999064,False,C,NA
zolpidem,alpha2,alpha2|BZD_GAMMA2_060|ASN|hydrogen_bond|frequency,frequency,0,45,0.0,NA,0.0,0.0,False,C,NA
lorazepam,alpha2,alpha2|BZD_GAMMA2_060|ASN|hydrogen_bond|frequency,frequency,11,45,0.24444444444444444,NA,0.2222222222222222,0.09296222517045283,False,C,NA
clonazepam,alpha2,alpha2|BZD_GAMMA2_060|ASN|hydrogen_bond|frequency,frequency,6,45,0.13333333333333333,NA,0.2222222222222222,0.09296222517045284,False,C,NA
midazolam,alpha2,alpha2|BZD_GAMMA2_060|ASN|hydrogen_bond|frequency,frequency,0,45,0.0,NA,0.0,0.0,False,C,NA
temazepam,alpha2,alpha2|BZD_GAMMA2_060|ASN|hydrogen_bond|frequency,frequency,12,45,0.26666666666666666,NA,0.3333333333333333,0.14907119849998596,False,C,NA
zopiclone,alpha2,alpha2|BZD_GAMMA2_060|ASN|hydrogen_bond|frequency,frequency,0,45,0.0,NA,0.0,0.0,False,C,NA
zaleplon,alpha2,alpha2|BZD_GAMMA2_060|ASN|hydrogen_bond|frequency,frequency,0,45,0.0,NA,0.0,0.0,False,C,NA
diazepam,alpha2,alpha2|BZD_GAMMA2_060|ASN|hydrophobic_interaction|frequency,frequency,4,45,0.08888888888888889,NA,0.2222222222222222,0.09296222517045283,False,C,NA
alprazolam,alpha2,alpha2|BZD_GAMMA2_060|ASN|hydrophobic_interaction|frequency,frequency,8,45,0.17777777777777778,NA,0.1111111111111111,0.06085806194501846,False,C,NA
triazolam,alpha2,alpha2|BZD_GAMMA2_060|ASN|hydrophobic_interaction|frequency,frequency,12,45,0.26666666666666666,NA,0.3333333333333333,0.12668615834434865,False,C,NA
zolpidem,alpha2,alpha2|BZD_GAMMA2_060|ASN|hydrophobic_interaction|frequency,frequency,20,45,0.4444444444444444,NA,0.22222222222222227,0.07856742013183864,False,C,NA
lorazepam,alpha2,alpha2|BZD_GAMMA2_060|ASN|hydrophobic_interaction|frequency,frequency,19,45,0.4222222222222222,NA,0.4444444444444444,0.16480441082434805,True,C,NA
clonazepam,alpha2,alpha2|BZD_GAMMA2_060|ASN|hydrophobic_interaction|frequency,frequency,21,45,0.4666666666666667,NA,0.3333333333333333,0.12171612389003691,False,C,NA
midazolam,alpha2,alpha2|BZD_GAMMA2_060|ASN|hydrophobic_interaction|frequency,frequency,16,45,0.35555555555555557,NA,0.2222222222222222,0.12171612389003691,False,C,NA
temazepam,alpha2,alpha2|BZD_GAMMA2_060|ASN|hydrophobic_interaction|frequency,frequency,6,45,0.13333333333333333,NA,0.1111111111111111,0.049690399499995326,False,C,NA
zopiclone,alpha2,alpha2|BZD_GAMMA2_060|ASN|hydrophobic_interaction|frequency,frequency,9,45,0.2,NA,0.2222222222222222,0.09296222517045283,False,C,NA
zaleplon,alpha2,alpha2|BZD_GAMMA2_060|ASN|hydrophobic_interaction|frequency,frequency,5,45,0.1111111111111111,NA,0.2222222222222222,0.07856742013183861,False,C,NA
diazepam,alpha2,alpha2|BZD_GAMMA2_061|SER|hydrogen_bond|frequency,frequency,3,45,0.06666666666666667,NA,0.1111111111111111,0.06085806194501846,False,C,NA
alprazolam,alpha2,alpha2|BZD_GAMMA2_061|SER|hydrogen_bond|frequency,frequency,1,45,0.022222222222222223,NA,0.1111111111111111,0.04969039949999532,False,C,NA
triazolam,alpha2,alpha2|BZD_GAMMA2_061|SER|hydrogen_bond|frequency,frequency,0,45,0.0,NA,0.0,0.0,False,C,NA
zolpidem,alpha2,alpha2|BZD_GAMMA2_061|SER|hydrogen_bond|frequency,frequency,0,45,0.0,NA,0.0,0.0,False,C,NA
lorazepam,alpha2,alpha2|BZD_GAMMA2_061|SER|hydrogen_bond|frequency,frequency,0,45,0.0,NA,0.0,0.0,False,C,NA
clonazepam,alpha2,alpha2|BZD_GAMMA2_061|SER|hydrogen_bond|frequency,frequency,10,45,0.2222222222222222,NA,0.2222222222222222,0.07856742013183861,False,C,NA
midazolam,alpha2,alpha2|BZD_GAMMA2_061|SER|hydrogen_bond|frequency,frequency,0,45,0.0,NA,0.0,0.0,False,C,NA
temazepam,alpha2,alpha2|BZD_GAMMA2_061|SER|hydrogen_bond|frequency,frequency,3,45,0.06666666666666667,NA,0.1111111111111111,0.06085806194501846,False,C,NA
zopiclone,alpha2,alpha2|BZD_GAMMA2_061|SER|hydrogen_bond|frequency,frequency,0,45,0.0,NA,0.0,0.0,False,C,NA
zaleplon,alpha2,alpha2|BZD_GAMMA2_061|SER|hydrogen_bond|frequency,frequency,0,45,0.0,NA,0.0,0.0,False,C,NA
diazepam,alpha2,alpha2|BZD_GAMMA2_075|ASP|halogen_bond|frequency,frequency,2,45,0.044444444444444446,NA,0.1111111111111111,0.06085806194501846,False,C,NA
alprazolam,alpha2,alpha2|BZD_GAMMA2_075|ASP|halogen_bond|frequency,frequency,2,45,0.044444444444444446,NA,0.1111111111111111,0.06085806194501846,False,C,NA
triazolam,alpha2,alpha2|BZD_GAMMA2_075|ASP|halogen_bond|frequency,frequency,3,45,0.06666666666666667,NA,0.1111111111111111,0.06085806194501846,False,C,NA
zolpidem,alpha2,alpha2|BZD_GAMMA2_075|ASP|halogen_bond|frequency,frequency,0,45,0.0,NA,0.0,0.0,False,C,NA
lorazepam,alpha2,alpha2|BZD_GAMMA2_075|ASP|halogen_bond|frequency,frequency,2,45,0.044444444444444446,NA,0.1111111111111111,0.06085806194501846,False,C,NA
clonazepam,alpha2,alpha2|BZD_GAMMA2_075|ASP|halogen_bond|frequency,frequency,0,45,0.0,NA,0.0,0.0,False,C,NA
midazolam,alpha2,alpha2|BZD_GAMMA2_075|ASP|halogen_bond|frequency,frequency,3,45,0.06666666666666667,NA,0.1111111111111111,0.06085806194501846,False,C,NA
temazepam,alpha2,alpha2|BZD_GAMMA2_075|ASP|halogen_bond|frequency,frequency,3,45,0.06666666666666667,NA,0.1111111111111111,0.06085806194501846,False,C,NA
zopiclone,alpha2,alpha2|BZD_GAMMA2_075|ASP|halogen_bond|frequency,frequency,0,45,0.0,NA,0.0,0.0,False,C,NA
zaleplon,alpha2,alpha2|BZD_GAMMA2_075|ASP|halogen_bond|frequency,frequency,0,45,0.0,NA,0.0,0.0,False,C,NA
diazepam,alpha2,alpha2|BZD_GAMMA2_075|ASP|hydrogen_bond|frequency,frequency,0,45,0.0,NA,0.0,0.0,False,C,NA
alprazolam,alpha2,alpha2|BZD_GAMMA2_075|ASP|hydrogen_bond|frequency,frequency,0,45,0.0,NA,0.0,0.0,False,C,NA
triazolam,alpha2,alpha2|BZD_GAMMA2_075|ASP|hydrogen_bond|frequency,frequency,0,45,0.0,NA,0.0,0.0,False,C,NA
zolpidem,alpha2,alpha2|BZD_GAMMA2_075|ASP|hydrogen_bond|frequency,frequency,0,45,0.0,NA,0.0,0.0,False,C,NA
lorazepam,alpha2,alpha2|BZD_GAMMA2_075|ASP|hydrogen_bond|frequency,frequency,0,45,0.0,NA,0.0,0.0,False,C,NA
clonazepam,alpha2,alpha2|BZD_GAMMA2_075|ASP|hydrogen_bond|frequency,frequency,0,45,0.0,NA,0.0,0.0,False,C,NA
midazolam,alpha2,alpha2|BZD_GAMMA2_075|ASP|hydrogen_bond|frequency,frequency,0,45,0.0,NA,0.0,0.0,False,C,NA
temazepam,alpha2,alpha2|BZD_GAMMA2_075|ASP|hydrogen_bond|frequency,frequency,1,45,0.022222222222222223,NA,0.1111111111111111,0.04969039949999532,False,C,NA
zopiclone,alpha2,alpha2|BZD_GAMMA2_075|ASP|hydrogen_bond|frequency,frequency,0,45,0.0,NA,0.0,0.0,False,C,NA
zaleplon,alpha2,alpha2|BZD_GAMMA2_075|ASP|hydrogen_bond|frequency,frequency,0,45,0.0,NA,0.0,0.0,False,C,NA
diazepam,alpha2,alpha2|BZD_GAMMA2_077|PHE|hydrophobic_interaction|frequency,frequency,34,45,0.7555555555555555,NA,0.11111111111111116,0.049690399499995354,False,C,NA
alprazolam,alpha2,alpha2|BZD_GAMMA2_077|PHE|hydrophobic_interaction|frequency,frequency,17,45,0.37777777777777777,NA,0.33333333333333337,0.12668615834434868,False,C,NA
triazolam,alpha2,alpha2|BZD_GAMMA2_077|PHE|hydrophobic_interaction|frequency,frequency,19,45,0.4222222222222222,NA,0.22222222222222227,0.09296222517045286,False,C,NA
zolpidem,alpha2,alpha2|BZD_GAMMA2_077|PHE|hydrophobic_interaction|frequency,frequency,27,45,0.6,NA,0.33333333333333337,0.12668615834434868,False,C,NA
lorazepam,alpha2,alpha2|BZD_GAMMA2_077|PHE|hydrophobic_interaction|frequency,frequency,18,45,0.4,NA,0.33333333333333337,0.12668615834434868,False,C,NA
clonazepam,alpha2,alpha2|BZD_GAMMA2_077|PHE|hydrophobic_interaction|frequency,frequency,20,45,0.4444444444444444,NA,0.22222222222222227,0.07856742013183864,False,C,NA
midazolam,alpha2,alpha2|BZD_GAMMA2_077|PHE|hydrophobic_interaction|frequency,frequency,33,45,0.7333333333333333,NA,0.11111111111111116,0.060858061945018485,False,C,NA
temazepam,alpha2,alpha2|BZD_GAMMA2_077|PHE|hydrophobic_interaction|frequency,frequency,32,45,0.7111111111111111,NA,0.11111111111111116,0.060858061945018485,False,C,NA
zopiclone,alpha2,alpha2|BZD_GAMMA2_077|PHE|hydrophobic_interaction|frequency,frequency,15,45,0.3333333333333333,NA,0.2222222222222222,0.07856742013183861,False,C,NA
zaleplon,alpha2,alpha2|BZD_GAMMA2_077|PHE|hydrophobic_interaction|frequency,frequency,37,45,0.8222222222222222,NA,0.11111111111111105,0.06085806194501842,False,C,NA
diazepam,alpha2,alpha2|BZD_GAMMA2_077|PHE|pi_stack|frequency,frequency,15,45,0.3333333333333333,NA,0.0,0.0,False,C,NA
diazepam,alpha2,alpha2|BZD_GAMMA2_077|PHE|pi_stack|P_frequency,frequency,0,45,0.0,NA,0.0,0.0,False,C,NA
diazepam,alpha2,alpha2|BZD_GAMMA2_077|PHE|pi_stack|T_frequency,frequency,15,45,0.3333333333333333,NA,0.0,0.0,False,C,NA
alprazolam,alpha2,alpha2|BZD_GAMMA2_077|PHE|pi_stack|frequency,frequency,11,45,0.24444444444444444,NA,0.1111111111111111,0.049690399499995326,False,C,NA
alprazolam,alpha2,alpha2|BZD_GAMMA2_077|PHE|pi_stack|P_frequency,frequency,1,45,0.022222222222222223,NA,0.1111111111111111,0.04969039949999532,False,C,NA
alprazolam,alpha2,alpha2|BZD_GAMMA2_077|PHE|pi_stack|T_frequency,frequency,10,45,0.2222222222222222,NA,0.0,3.1031676915590914e-17,False,C,NA
triazolam,alpha2,alpha2|BZD_GAMMA2_077|PHE|pi_stack|frequency,frequency,1,45,0.022222222222222223,NA,0.1111111111111111,0.04969039949999532,False,C,NA
triazolam,alpha2,alpha2|BZD_GAMMA2_077|PHE|pi_stack|P_frequency,frequency,0,45,0.0,NA,0.0,0.0,False,C,NA
triazolam,alpha2,alpha2|BZD_GAMMA2_077|PHE|pi_stack|T_frequency,frequency,1,45,0.022222222222222223,NA,0.1111111111111111,0.04969039949999532,False,C,NA
zolpidem,alpha2,alpha2|BZD_GAMMA2_077|PHE|pi_stack|frequency,frequency,11,45,0.24444444444444444,NA,0.2222222222222222,0.09296222517045284,False,C,NA
zolpidem,alpha2,alpha2|BZD_GAMMA2_077|PHE|pi_stack|P_frequency,frequency,0,45,0.0,NA,0.0,0.0,False,C,NA
zolpidem,alpha2,alpha2|BZD_GAMMA2_077|PHE|pi_stack|T_frequency,frequency,11,45,0.24444444444444444,NA,0.2222222222222222,0.09296222517045284,False,C,NA
lorazepam,alpha2,alpha2|BZD_GAMMA2_077|PHE|pi_stack|frequency,frequency,0,45,0.0,NA,0.0,0.0,False,C,NA
lorazepam,alpha2,alpha2|BZD_GAMMA2_077|PHE|pi_stack|P_frequency,frequency,0,45,0.0,NA,0.0,0.0,False,C,NA
lorazepam,alpha2,alpha2|BZD_GAMMA2_077|PHE|pi_stack|T_frequency,frequency,0,45,0.0,NA,0.0,0.0,False,C,NA
clonazepam,alpha2,alpha2|BZD_GAMMA2_077|PHE|pi_stack|frequency,frequency,0,45,0.0,NA,0.0,0.0,False,C,NA
clonazepam,alpha2,alpha2|BZD_GAMMA2_077|PHE|pi_stack|P_frequency,frequency,0,45,0.0,NA,0.0,0.0,False,C,NA
clonazepam,alpha2,alpha2|BZD_GAMMA2_077|PHE|pi_stack|T_frequency,frequency,0,45,0.0,NA,0.0,0.0,False,C,NA
midazolam,alpha2,alpha2|BZD_GAMMA2_077|PHE|pi_stack|frequency,frequency,4,45,0.08888888888888889,NA,0.1111111111111111,0.04969039949999532,False,C,NA
midazolam,alpha2,alpha2|BZD_GAMMA2_077|PHE|pi_stack|P_frequency,frequency,0,45,0.0,NA,0.0,0.0,False,C,NA
midazolam,alpha2,alpha2|BZD_GAMMA2_077|PHE|pi_stack|T_frequency,frequency,4,45,0.08888888888888889,NA,0.1111111111111111,0.04969039949999532,False,C,NA
temazepam,alpha2,alpha2|BZD_GAMMA2_077|PHE|pi_stack|frequency,frequency,0,45,0.0,NA,0.0,0.0,False,C,NA
temazepam,alpha2,alpha2|BZD_GAMMA2_077|PHE|pi_stack|P_frequency,frequency,0,45,0.0,NA,0.0,0.0,False,C,NA
temazepam,alpha2,alpha2|BZD_GAMMA2_077|PHE|pi_stack|T_frequency,frequency,0,45,0.0,NA,0.0,0.0,False,C,NA
zopiclone,alpha2,alpha2|BZD_GAMMA2_077|PHE|pi_stack|frequency,frequency,7,45,0.15555555555555556,NA,0.1111111111111111,0.06085806194501845,False,C,NA
zopiclone,alpha2,alpha2|BZD_GAMMA2_077|PHE|pi_stack|P_frequency,frequency,4,45,0.08888888888888889,NA,0.1111111111111111,0.04969039949999532,False,C,NA
zopiclone,alpha2,alpha2|BZD_GAMMA2_077|PHE|pi_stack|T_frequency,frequency,3,45,0.06666666666666667,NA,0.1111111111111111,0.06085806194501846,False,C,NA
zaleplon,alpha2,alpha2|BZD_GAMMA2_077|PHE|pi_stack|frequency,frequency,11,45,0.24444444444444444,NA,0.2222222222222222,0.09296222517045283,False,C,NA
zaleplon,alpha2,alpha2|BZD_GAMMA2_077|PHE|pi_stack|P_frequency,frequency,10,45,0.2222222222222222,NA,0.2222222222222222,0.1111111111111111,False,C,NA
zaleplon,alpha2,alpha2|BZD_GAMMA2_077|PHE|pi_stack|T_frequency,frequency,1,45,0.022222222222222223,NA,0.1111111111111111,0.04969039949999532,False,C,NA
diazepam,alpha2,alpha2|BZD_GAMMA2_079|ALA|hydrophobic_interaction|frequency,frequency,0,45,0.0,NA,0.0,0.0,False,C,NA
alprazolam,alpha2,alpha2|BZD_GAMMA2_079|ALA|hydrophobic_interaction|frequency,frequency,0,45,0.0,NA,0.0,0.0,False,C,NA
triazolam,alpha2,alpha2|BZD_GAMMA2_079|ALA|hydrophobic_interaction|frequency,frequency,0,45,0.0,NA,0.0,0.0,False,C,NA
zolpidem,alpha2,alpha2|BZD_GAMMA2_079|ALA|hydrophobic_interaction|frequency,frequency,0,45,0.0,NA,0.0,0.0,False,C,NA
lorazepam,alpha2,alpha2|BZD_GAMMA2_079|ALA|hydrophobic_interaction|frequency,frequency,0,45,0.0,NA,0.0,0.0,False,C,NA
clonazepam,alpha2,alpha2|BZD_GAMMA2_079|ALA|hydrophobic_interaction|frequency,frequency,0,45,0.0,NA,0.0,0.0,False,C,NA
midazolam,alpha2,alpha2|BZD_GAMMA2_079|ALA|hydrophobic_interaction|frequency,frequency,0,45,0.0,NA,0.0,0.0,False,C,NA
temazepam,alpha2,alpha2|BZD_GAMMA2_079|ALA|hydrophobic_interaction|frequency,frequency,0,45,0.0,NA,0.0,0.0,False,C,NA
zopiclone,alpha2,alpha2|BZD_GAMMA2_079|ALA|hydrophobic_interaction|frequency,frequency,0,45,0.0,NA,0.0,0.0,False,C,NA
zaleplon,alpha2,alpha2|BZD_GAMMA2_079|ALA|hydrophobic_interaction|frequency,frequency,1,45,0.022222222222222223,NA,0.1111111111111111,0.04969039949999532,False,C,NA
diazepam,alpha2,alpha2|BZD_GAMMA2_142|THR|hydrophobic_interaction|frequency,frequency,0,45,0.0,NA,0.0,0.0,False,C,NA
alprazolam,alpha2,alpha2|BZD_GAMMA2_142|THR|hydrophobic_interaction|frequency,frequency,1,45,0.022222222222222223,NA,0.1111111111111111,0.04969039949999532,False,C,NA
triazolam,alpha2,alpha2|BZD_GAMMA2_142|THR|hydrophobic_interaction|frequency,frequency,0,45,0.0,NA,0.0,0.0,False,C,NA
zolpidem,alpha2,alpha2|BZD_GAMMA2_142|THR|hydrophobic_interaction|frequency,frequency,0,45,0.0,NA,0.0,0.0,False,C,NA
lorazepam,alpha2,alpha2|BZD_GAMMA2_142|THR|hydrophobic_interaction|frequency,frequency,0,45,0.0,NA,0.0,0.0,False,C,NA
clonazepam,alpha2,alpha2|BZD_GAMMA2_142|THR|hydrophobic_interaction|frequency,frequency,0,45,0.0,NA,0.0,0.0,False,C,NA
midazolam,alpha2,alpha2|BZD_GAMMA2_142|THR|hydrophobic_interaction|frequency,frequency,0,45,0.0,NA,0.0,0.0,False,C,NA
temazepam,alpha2,alpha2|BZD_GAMMA2_142|THR|hydrophobic_interaction|frequency,frequency,0,45,0.0,NA,0.0,0.0,False,C,NA
zopiclone,alpha2,alpha2|BZD_GAMMA2_142|THR|hydrophobic_interaction|frequency,frequency,0,45,0.0,NA,0.0,0.0,False,C,NA
zaleplon,alpha2,alpha2|BZD_GAMMA2_142|THR|hydrophobic_interaction|frequency,frequency,10,45,0.2222222222222222,NA,0.2222222222222222,0.1111111111111111,False,C,NA
diazepam,alpha2,alpha2|BZD_GAMMA2_144|ARG|halogen_bond|frequency,frequency,0,45,0.0,NA,0.0,0.0,False,C,NA
alprazolam,alpha2,alpha2|BZD_GAMMA2_144|ARG|halogen_bond|frequency,frequency,0,45,0.0,NA,0.0,0.0,False,C,NA
triazolam,alpha2,alpha2|BZD_GAMMA2_144|ARG|halogen_bond|frequency,frequency,0,45,0.0,NA,0.0,0.0,False,C,NA
zolpidem,alpha2,alpha2|BZD_GAMMA2_144|ARG|halogen_bond|frequency,frequency,0,45,0.0,NA,0.0,0.0,False,C,NA
lorazepam,alpha2,alpha2|BZD_GAMMA2_144|ARG|halogen_bond|frequency,frequency,0,45,0.0,NA,0.0,0.0,False,C,NA
clonazepam,alpha2,alpha2|BZD_GAMMA2_144|ARG|halogen_bond|frequency,frequency,0,45,0.0,NA,0.0,0.0,False,C,NA
midazolam,alpha2,alpha2|BZD_GAMMA2_144|ARG|halogen_bond|frequency,frequency,0,45,0.0,NA,0.0,0.0,False,C,NA
temazepam,alpha2,alpha2|BZD_GAMMA2_144|ARG|halogen_bond|frequency,frequency,3,45,0.06666666666666667,NA,0.1111111111111111,0.06085806194501846,False,C,NA
zopiclone,alpha2,alpha2|BZD_GAMMA2_144|ARG|halogen_bond|frequency,frequency,0,45,0.0,NA,0.0,0.0,False,C,NA
zaleplon,alpha2,alpha2|BZD_GAMMA2_144|ARG|halogen_bond|frequency,frequency,0,45,0.0,NA,0.0,0.0,False,C,NA
diazepam,alpha2,alpha2|BZD_GAMMA2_144|ARG|hydrogen_bond|frequency,frequency,0,45,0.0,NA,0.0,0.0,False,C,NA
alprazolam,alpha2,alpha2|BZD_GAMMA2_144|ARG|hydrogen_bond|frequency,frequency,0,45,0.0,NA,0.0,0.0,False,C,NA
triazolam,alpha2,alpha2|BZD_GAMMA2_144|ARG|hydrogen_bond|frequency,frequency,0,45,0.0,NA,0.0,0.0,False,C,NA
zolpidem,alpha2,alpha2|BZD_GAMMA2_144|ARG|hydrogen_bond|frequency,frequency,0,45,0.0,NA,0.0,0.0,False,C,NA
lorazepam,alpha2,alpha2|BZD_GAMMA2_144|ARG|hydrogen_bond|frequency,frequency,0,45,0.0,NA,0.0,0.0,False,C,NA
clonazepam,alpha2,alpha2|BZD_GAMMA2_144|ARG|hydrogen_bond|frequency,frequency,1,45,0.022222222222222223,NA,0.1111111111111111,0.04969039949999532,False,C,NA
midazolam,alpha2,alpha2|BZD_GAMMA2_144|ARG|hydrogen_bond|frequency,frequency,0,45,0.0,NA,0.0,0.0,False,C,NA
temazepam,alpha2,alpha2|BZD_GAMMA2_144|ARG|hydrogen_bond|frequency,frequency,0,45,0.0,NA,0.0,0.0,False,C,NA
zopiclone,alpha2,alpha2|BZD_GAMMA2_144|ARG|hydrogen_bond|frequency,frequency,0,45,0.0,NA,0.0,0.0,False,C,NA
zaleplon,alpha2,alpha2|BZD_GAMMA2_144|ARG|hydrogen_bond|frequency,frequency,0,45,0.0,NA,0.0,0.0,False,C,NA
diazepam,alpha2,alpha2|BZD_GAMMA2_192|ASP|halogen_bond|frequency,frequency,0,45,0.0,NA,0.0,0.0,False,C,NA
alprazolam,alpha2,alpha2|BZD_GAMMA2_192|ASP|halogen_bond|frequency,frequency,1,45,0.022222222222222223,NA,0.1111111111111111,0.04969039949999532,False,C,NA
triazolam,alpha2,alpha2|BZD_GAMMA2_192|ASP|halogen_bond|frequency,frequency,2,45,0.044444444444444446,NA,0.1111111111111111,0.06085806194501846,False,C,NA
zolpidem,alpha2,alpha2|BZD_GAMMA2_192|ASP|halogen_bond|frequency,frequency,0,45,0.0,NA,0.0,0.0,False,C,NA
lorazepam,alpha2,alpha2|BZD_GAMMA2_192|ASP|halogen_bond|frequency,frequency,1,45,0.022222222222222223,NA,0.1111111111111111,0.04969039949999532,False,C,NA
clonazepam,alpha2,alpha2|BZD_GAMMA2_192|ASP|halogen_bond|frequency,frequency,0,45,0.0,NA,0.0,0.0,False,C,NA
midazolam,alpha2,alpha2|BZD_GAMMA2_192|ASP|halogen_bond|frequency,frequency,0,45,0.0,NA,0.0,0.0,False,C,NA
temazepam,alpha2,alpha2|BZD_GAMMA2_192|ASP|halogen_bond|frequency,frequency,0,45,0.0,NA,0.0,0.0,False,C,NA
zopiclone,alpha2,alpha2|BZD_GAMMA2_192|ASP|halogen_bond|frequency,frequency,0,45,0.0,NA,0.0,0.0,False,C,NA
zaleplon,alpha2,alpha2|BZD_GAMMA2_192|ASP|halogen_bond|frequency,frequency,0,45,0.0,NA,0.0,0.0,False,C,NA
diazepam,alpha2,alpha2|BZD_GAMMA2_192|ASP|hydrogen_bond|frequency,frequency,0,45,0.0,NA,0.0,0.0,False,C,NA
alprazolam,alpha2,alpha2|BZD_GAMMA2_192|ASP|hydrogen_bond|frequency,frequency,0,45,0.0,NA,0.0,0.0,False,C,NA
triazolam,alpha2,alpha2|BZD_GAMMA2_192|ASP|hydrogen_bond|frequency,frequency,0,45,0.0,NA,0.0,0.0,False,C,NA
zolpidem,alpha2,alpha2|BZD_GAMMA2_192|ASP|hydrogen_bond|frequency,frequency,0,45,0.0,NA,0.0,0.0,False,C,NA
lorazepam,alpha2,alpha2|BZD_GAMMA2_192|ASP|hydrogen_bond|frequency,frequency,1,45,0.022222222222222223,NA,0.1111111111111111,0.04969039949999532,False,C,NA
clonazepam,alpha2,alpha2|BZD_GAMMA2_192|ASP|hydrogen_bond|frequency,frequency,0,45,0.0,NA,0.0,0.0,False,C,NA
midazolam,alpha2,alpha2|BZD_GAMMA2_192|ASP|hydrogen_bond|frequency,frequency,0,45,0.0,NA,0.0,0.0,False,C,NA
temazepam,alpha2,alpha2|BZD_GAMMA2_192|ASP|hydrogen_bond|frequency,frequency,18,45,0.4,NA,0.1111111111111111,0.06085806194501846,False,C,NA
zopiclone,alpha2,alpha2|BZD_GAMMA2_192|ASP|hydrogen_bond|frequency,frequency,0,45,0.0,NA,0.0,0.0,False,C,NA
zaleplon,alpha2,alpha2|BZD_GAMMA2_192|ASP|hydrogen_bond|frequency,frequency,0,45,0.0,NA,0.0,0.0,False,C,NA
diazepam,alpha2,alpha2|BZD_GAMMA2_192|ASP|hydrophobic_interaction|frequency,frequency,2,45,0.044444444444444446,NA,0.1111111111111111,0.06085806194501846,False,C,NA
alprazolam,alpha2,alpha2|BZD_GAMMA2_192|ASP|hydrophobic_interaction|frequency,frequency,0,45,0.0,NA,0.0,0.0,False,C,NA
triazolam,alpha2,alpha2|BZD_GAMMA2_192|ASP|hydrophobic_interaction|frequency,frequency,0,45,0.0,NA,0.0,0.0,False,C,NA
zolpidem,alpha2,alpha2|BZD_GAMMA2_192|ASP|hydrophobic_interaction|frequency,frequency,8,45,0.17777777777777778,NA,0.1111111111111111,0.06085806194501846,False,C,NA
lorazepam,alpha2,alpha2|BZD_GAMMA2_192|ASP|hydrophobic_interaction|frequency,frequency,7,45,0.15555555555555556,NA,0.1111111111111111,0.06085806194501845,False,C,NA
clonazepam,alpha2,alpha2|BZD_GAMMA2_192|ASP|hydrophobic_interaction|frequency,frequency,5,45,0.1111111111111111,NA,0.2222222222222222,0.07856742013183861,False,C,NA
midazolam,alpha2,alpha2|BZD_GAMMA2_192|ASP|hydrophobic_interaction|frequency,frequency,0,45,0.0,NA,0.0,0.0,False,C,NA
temazepam,alpha2,alpha2|BZD_GAMMA2_192|ASP|hydrophobic_interaction|frequency,frequency,2,45,0.044444444444444446,NA,0.1111111111111111,0.06085806194501846,False,C,NA
zopiclone,alpha2,alpha2|BZD_GAMMA2_192|ASP|hydrophobic_interaction|frequency,frequency,1,45,0.022222222222222223,NA,0.1111111111111111,0.04969039949999532,False,C,NA
zaleplon,alpha2,alpha2|BZD_GAMMA2_192|ASP|hydrophobic_interaction|frequency,frequency,0,45,0.0,NA,0.0,0.0,False,C,NA
diazepam,alpha2,alpha2|BZD_GAMMA2_192|ASP|salt_bridge|frequency,frequency,0,45,0.0,NA,0.0,0.0,False,C,NA
alprazolam,alpha2,alpha2|BZD_GAMMA2_192|ASP|salt_bridge|frequency,frequency,0,45,0.0,NA,0.0,0.0,False,C,NA
triazolam,alpha2,alpha2|BZD_GAMMA2_192|ASP|salt_bridge|frequency,frequency,0,45,0.0,NA,0.0,0.0,False,C,NA
zolpidem,alpha2,alpha2|BZD_GAMMA2_192|ASP|salt_bridge|frequency,frequency,0,45,0.0,NA,0.0,0.0,False,C,NA
lorazepam,alpha2,alpha2|BZD_GAMMA2_192|ASP|salt_bridge|frequency,frequency,0,45,0.0,NA,0.0,0.0,False,C,NA
clonazepam,alpha2,alpha2|BZD_GAMMA2_192|ASP|salt_bridge|frequency,frequency,0,45,0.0,NA,0.0,0.0,False,C,NA
midazolam,alpha2,alpha2|BZD_GAMMA2_192|ASP|salt_bridge|frequency,frequency,0,45,0.0,NA,0.0,0.0,False,C,NA
temazepam,alpha2,alpha2|BZD_GAMMA2_192|ASP|salt_bridge|frequency,frequency,0,45,0.0,NA,0.0,0.0,False,C,NA
zopiclone,alpha2,alpha2|BZD_GAMMA2_192|ASP|salt_bridge|frequency,frequency,9,45,0.2,NA,0.1111111111111111,0.049690399499995326,False,C,NA
zaleplon,alpha2,alpha2|BZD_GAMMA2_192|ASP|salt_bridge|frequency,frequency,0,45,0.0,NA,0.0,0.0,False,C,NA
diazepam,alpha2,alpha2|BZD_GAMMA2_195|SER|halogen_bond|frequency,frequency,0,45,0.0,NA,0.0,0.0,False,C,NA
alprazolam,alpha2,alpha2|BZD_GAMMA2_195|SER|halogen_bond|frequency,frequency,0,45,0.0,NA,0.0,0.0,False,C,NA
triazolam,alpha2,alpha2|BZD_GAMMA2_195|SER|halogen_bond|frequency,frequency,2,45,0.044444444444444446,NA,0.1111111111111111,0.06085806194501846,False,C,NA
zolpidem,alpha2,alpha2|BZD_GAMMA2_195|SER|halogen_bond|frequency,frequency,0,45,0.0,NA,0.0,0.0,False,C,NA
lorazepam,alpha2,alpha2|BZD_GAMMA2_195|SER|halogen_bond|frequency,frequency,6,45,0.13333333333333333,NA,0.1111111111111111,0.049690399499995326,False,C,NA
clonazepam,alpha2,alpha2|BZD_GAMMA2_195|SER|halogen_bond|frequency,frequency,0,45,0.0,NA,0.0,0.0,False,C,NA
midazolam,alpha2,alpha2|BZD_GAMMA2_195|SER|halogen_bond|frequency,frequency,1,45,0.022222222222222223,NA,0.1111111111111111,0.04969039949999532,False,C,NA
temazepam,alpha2,alpha2|BZD_GAMMA2_195|SER|halogen_bond|frequency,frequency,0,45,0.0,NA,0.0,0.0,False,C,NA
zopiclone,alpha2,alpha2|BZD_GAMMA2_195|SER|halogen_bond|frequency,frequency,1,45,0.022222222222222223,NA,0.1111111111111111,0.04969039949999532,False,C,NA
zaleplon,alpha2,alpha2|BZD_GAMMA2_195|SER|halogen_bond|frequency,frequency,0,45,0.0,NA,0.0,0.0,False,C,NA
diazepam,alpha2,alpha2|BZD_GAMMA2_195|SER|hydrogen_bond|frequency,frequency,0,45,0.0,NA,0.0,0.0,False,C,NA
alprazolam,alpha2,alpha2|BZD_GAMMA2_195|SER|hydrogen_bond|frequency,frequency,0,45,0.0,NA,0.0,0.0,False,C,NA
triazolam,alpha2,alpha2|BZD_GAMMA2_195|SER|hydrogen_bond|frequency,frequency,0,45,0.0,NA,0.0,0.0,False,C,NA
zolpidem,alpha2,alpha2|BZD_GAMMA2_195|SER|hydrogen_bond|frequency,frequency,0,45,0.0,NA,0.0,0.0,False,C,NA
lorazepam,alpha2,alpha2|BZD_GAMMA2_195|SER|hydrogen_bond|frequency,frequency,3,45,0.06666666666666667,NA,0.1111111111111111,0.06085806194501846,False,C,NA
clonazepam,alpha2,alpha2|BZD_GAMMA2_195|SER|hydrogen_bond|frequency,frequency,0,45,0.0,NA,0.0,0.0,False,C,NA
midazolam,alpha2,alpha2|BZD_GAMMA2_195|SER|hydrogen_bond|frequency,frequency,0,45,0.0,NA,0.0,0.0,False,C,NA
temazepam,alpha2,alpha2|BZD_GAMMA2_195|SER|hydrogen_bond|frequency,frequency,3,45,0.06666666666666667,NA,0.2222222222222222,0.09938079899999065,False,C,NA
zopiclone,alpha2,alpha2|BZD_GAMMA2_195|SER|hydrogen_bond|frequency,frequency,0,45,0.0,NA,0.0,0.0,False,C,NA
zaleplon,alpha2,alpha2|BZD_GAMMA2_195|SER|hydrogen_bond|frequency,frequency,0,45,0.0,NA,0.0,0.0,False,C,NA
diazepam,alpha2,alpha2|BZD_GAMMA2_196|TRP|hydrogen_bond|frequency,frequency,0,45,0.0,NA,0.0,0.0,False,C,NA
alprazolam,alpha2,alpha2|BZD_GAMMA2_196|TRP|hydrogen_bond|frequency,frequency,0,45,0.0,NA,0.0,0.0,False,C,NA
triazolam,alpha2,alpha2|BZD_GAMMA2_196|TRP|hydrogen_bond|frequency,frequency,0,45,0.0,NA,0.0,0.0,False,C,NA
zolpidem,alpha2,alpha2|BZD_GAMMA2_196|TRP|hydrogen_bond|frequency,frequency,0,45,0.0,NA,0.0,0.0,False,C,NA
lorazepam,alpha2,alpha2|BZD_GAMMA2_196|TRP|hydrogen_bond|frequency,frequency,2,45,0.044444444444444446,NA,0.1111111111111111,0.06085806194501846,False,C,NA
clonazepam,alpha2,alpha2|BZD_GAMMA2_196|TRP|hydrogen_bond|frequency,frequency,0,45,0.0,NA,0.0,0.0,False,C,NA
midazolam,alpha2,alpha2|BZD_GAMMA2_196|TRP|hydrogen_bond|frequency,frequency,0,45,0.0,NA,0.0,0.0,False,C,NA
temazepam,alpha2,alpha2|BZD_GAMMA2_196|TRP|hydrogen_bond|frequency,frequency,1,45,0.022222222222222223,NA,0.1111111111111111,0.04969039949999532,False,C,NA
zopiclone,alpha2,alpha2|BZD_GAMMA2_196|TRP|hydrogen_bond|frequency,frequency,0,45,0.0,NA,0.0,0.0,False,C,NA
zaleplon,alpha2,alpha2|BZD_GAMMA2_196|TRP|hydrogen_bond|frequency,frequency,0,45,0.0,NA,0.0,0.0,False,C,NA
diazepam,alpha2,alpha2|BZD_SITE_100|PHE|hydrophobic_interaction|frequency,frequency,16,45,0.35555555555555557,NA,0.1111111111111111,0.049690399499995326,False,C,NA
alprazolam,alpha2,alpha2|BZD_SITE_100|PHE|hydrophobic_interaction|frequency,frequency,8,45,0.17777777777777778,NA,0.2222222222222222,0.09938079899999065,False,C,NA
triazolam,alpha2,alpha2|BZD_SITE_100|PHE|hydrophobic_interaction|frequency,frequency,5,45,0.1111111111111111,NA,0.2222222222222222,0.07856742013183861,False,C,NA
zolpidem,alpha2,alpha2|BZD_SITE_100|PHE|hydrophobic_interaction|frequency,frequency,28,45,0.6222222222222222,NA,0.11111111111111105,0.06085806194501842,False,C,NA
lorazepam,alpha2,alpha2|BZD_SITE_100|PHE|hydrophobic_interaction|frequency,frequency,0,45,0.0,NA,0.0,0.0,False,C,NA
clonazepam,alpha2,alpha2|BZD_SITE_100|PHE|hydrophobic_interaction|frequency,frequency,0,45,0.0,NA,0.0,0.0,False,C,NA
midazolam,alpha2,alpha2|BZD_SITE_100|PHE|hydrophobic_interaction|frequency,frequency,9,45,0.2,NA,0.1111111111111111,0.04969039949999532,False,C,NA
temazepam,alpha2,alpha2|BZD_SITE_100|PHE|hydrophobic_interaction|frequency,frequency,1,45,0.022222222222222223,NA,0.1111111111111111,0.04969039949999532,False,C,NA
zopiclone,alpha2,alpha2|BZD_SITE_100|PHE|hydrophobic_interaction|frequency,frequency,3,45,0.06666666666666667,NA,0.1111111111111111,0.06085806194501846,False,C,NA
zaleplon,alpha2,alpha2|BZD_SITE_100|PHE|hydrophobic_interaction|frequency,frequency,13,45,0.28888888888888886,NA,0.5555555555555556,0.2018433569398328,True,C,NA
diazepam,alpha2,alpha2|BZD_SITE_102|HIS|hydrogen_bond|frequency,frequency,0,45,0.0,NA,0.0,0.0,False,C,NA
alprazolam,alpha2,alpha2|BZD_SITE_102|HIS|hydrogen_bond|frequency,frequency,0,45,0.0,NA,0.0,0.0,False,C,NA
triazolam,alpha2,alpha2|BZD_SITE_102|HIS|hydrogen_bond|frequency,frequency,0,45,0.0,NA,0.0,0.0,False,C,NA
zolpidem,alpha2,alpha2|BZD_SITE_102|HIS|hydrogen_bond|frequency,frequency,0,45,0.0,NA,0.0,0.0,False,C,NA
lorazepam,alpha2,alpha2|BZD_SITE_102|HIS|hydrogen_bond|frequency,frequency,16,45,0.35555555555555557,NA,0.33333333333333337,0.12171612389003694,False,C,NA
clonazepam,alpha2,alpha2|BZD_SITE_102|HIS|hydrogen_bond|frequency,frequency,11,45,0.24444444444444444,NA,0.2222222222222222,0.09296222517045283,False,C,NA
midazolam,alpha2,alpha2|BZD_SITE_102|HIS|hydrogen_bond|frequency,frequency,0,45,0.0,NA,0.0,0.0,False,C,NA
temazepam,alpha2,alpha2|BZD_SITE_102|HIS|hydrogen_bond|frequency,frequency,1,45,0.022222222222222223,NA,0.1111111111111111,0.04969039949999532,False,C,NA
zopiclone,alpha2,alpha2|BZD_SITE_102|HIS|hydrogen_bond|frequency,frequency,0,45,0.0,NA,0.0,0.0,False,C,NA
zaleplon,alpha2,alpha2|BZD_SITE_102|HIS|hydrogen_bond|frequency,frequency,0,45,0.0,NA,0.0,0.0,False,C,NA
diazepam,alpha2,alpha2|BZD_SITE_102|HIS|hydrophobic_interaction|frequency,frequency,7,45,0.15555555555555556,NA,0.1111111111111111,0.06085806194501846,False,C,NA
alprazolam,alpha2,alpha2|BZD_SITE_102|HIS|hydrophobic_interaction|frequency,frequency,12,45,0.26666666666666666,NA,0.1111111111111111,0.06085806194501845,False,C,NA
triazolam,alpha2,alpha2|BZD_SITE_102|HIS|hydrophobic_interaction|frequency,frequency,10,45,0.2222222222222222,NA,0.2222222222222222,0.07856742013183861,False,C,NA
zolpidem,alpha2,alpha2|BZD_SITE_102|HIS|hydrophobic_interaction|frequency,frequency,8,45,0.17777777777777778,NA,0.4444444444444444,0.16850834320114555,True,C,NA
lorazepam,alpha2,alpha2|BZD_SITE_102|HIS|hydrophobic_interaction|frequency,frequency,3,45,0.06666666666666667,NA,0.2222222222222222,0.09938079899999065,False,C,NA
clonazepam,alpha2,alpha2|BZD_SITE_102|HIS|hydrophobic_interaction|frequency,frequency,8,45,0.17777777777777778,NA,0.1111111111111111,0.06085806194501846,False,C,NA
midazolam,alpha2,alpha2|BZD_SITE_102|HIS|hydrophobic_interaction|frequency,frequency,7,45,0.15555555555555556,NA,0.2222222222222222,0.09938079899999065,False,C,NA
temazepam,alpha2,alpha2|BZD_SITE_102|HIS|hydrophobic_interaction|frequency,frequency,3,45,0.06666666666666667,NA,0.1111111111111111,0.06085806194501846,False,C,NA
zopiclone,alpha2,alpha2|BZD_SITE_102|HIS|hydrophobic_interaction|frequency,frequency,0,45,0.0,NA,0.0,0.0,False,C,NA
zaleplon,alpha2,alpha2|BZD_SITE_102|HIS|hydrophobic_interaction|frequency,frequency,5,45,0.1111111111111111,NA,0.2222222222222222,0.07856742013183861,False,C,NA
diazepam,alpha2,alpha2|BZD_SITE_102|HIS|pi_cation_interaction|frequency,frequency,6,45,0.13333333333333333,NA,0.1111111111111111,0.049690399499995326,False,C,NA
alprazolam,alpha2,alpha2|BZD_SITE_102|HIS|pi_cation_interaction|frequency,frequency,0,45,0.0,NA,0.0,0.0,False,C,NA
triazolam,alpha2,alpha2|BZD_SITE_102|HIS|pi_cation_interaction|frequency,frequency,1,45,0.022222222222222223,NA,0.1111111111111111,0.04969039949999532,False,C,NA
zolpidem,alpha2,alpha2|BZD_SITE_102|HIS|pi_cation_interaction|frequency,frequency,6,45,0.13333333333333333,NA,0.1111111111111111,0.049690399499995326,False,C,NA
lorazepam,alpha2,alpha2|BZD_SITE_102|HIS|pi_cation_interaction|frequency,frequency,2,45,0.044444444444444446,NA,0.1111111111111111,0.06085806194501846,False,C,NA
clonazepam,alpha2,alpha2|BZD_SITE_102|HIS|pi_cation_interaction|frequency,frequency,3,45,0.06666666666666667,NA,0.1111111111111111,0.06085806194501846,False,C,NA
midazolam,alpha2,alpha2|BZD_SITE_102|HIS|pi_cation_interaction|frequency,frequency,3,45,0.06666666666666667,NA,0.1111111111111111,0.06085806194501846,False,C,NA
temazepam,alpha2,alpha2|BZD_SITE_102|HIS|pi_cation_interaction|frequency,frequency,0,45,0.0,NA,0.0,0.0,False,C,NA
zopiclone,alpha2,alpha2|BZD_SITE_102|HIS|pi_cation_interaction|frequency,frequency,2,45,0.044444444444444446,NA,0.1111111111111111,0.06085806194501846,False,C,NA
zaleplon,alpha2,alpha2|BZD_SITE_102|HIS|pi_cation_interaction|frequency,frequency,0,45,0.0,NA,0.0,0.0,False,C,NA
diazepam,alpha2,alpha2|BZD_SITE_102|HIS|pi_stack|frequency,frequency,2,45,0.044444444444444446,NA,0.1111111111111111,0.06085806194501846,False,C,NA
diazepam,alpha2,alpha2|BZD_SITE_102|HIS|pi_stack|P_frequency,frequency,0,45,0.0,NA,0.0,0.0,False,C,NA
diazepam,alpha2,alpha2|BZD_SITE_102|HIS|pi_stack|T_frequency,frequency,2,45,0.044444444444444446,NA,0.1111111111111111,0.06085806194501846,False,C,NA
alprazolam,alpha2,alpha2|BZD_SITE_102|HIS|pi_stack|frequency,frequency,1,45,0.022222222222222223,NA,0.1111111111111111,0.04969039949999532,False,C,NA
alprazolam,alpha2,alpha2|BZD_SITE_102|HIS|pi_stack|P_frequency,frequency,0,45,0.0,NA,0.0,0.0,False,C,NA
alprazolam,alpha2,alpha2|BZD_SITE_102|HIS|pi_stack|T_frequency,frequency,1,45,0.022222222222222223,NA,0.1111111111111111,0.04969039949999532,False,C,NA
triazolam,alpha2,alpha2|BZD_SITE_102|HIS|pi_stack|frequency,frequency,4,45,0.08888888888888889,NA,0.1111111111111111,0.04969039949999532,False,C,NA
triazolam,alpha2,alpha2|BZD_SITE_102|HIS|pi_stack|P_frequency,frequency,0,45,0.0,NA,0.0,0.0,False,C,NA
triazolam,alpha2,alpha2|BZD_SITE_102|HIS|pi_stack|T_frequency,frequency,4,45,0.08888888888888889,NA,0.1111111111111111,0.04969039949999532,False,C,NA
zolpidem,alpha2,alpha2|BZD_SITE_102|HIS|pi_stack|frequency,frequency,0,45,0.0,NA,0.0,0.0,False,C,NA
zolpidem,alpha2,alpha2|BZD_SITE_102|HIS|pi_stack|P_frequency,frequency,0,45,0.0,NA,0.0,0.0,False,C,NA
zolpidem,alpha2,alpha2|BZD_SITE_102|HIS|pi_stack|T_frequency,frequency,0,45,0.0,NA,0.0,0.0,False,C,NA
lorazepam,alpha2,alpha2|BZD_SITE_102|HIS|pi_stack|frequency,frequency,0,45,0.0,NA,0.0,0.0,False,C,NA
lorazepam,alpha2,alpha2|BZD_SITE_102|HIS|pi_stack|P_frequency,frequency,0,45,0.0,NA,0.0,0.0,False,C,NA
lorazepam,alpha2,alpha2|BZD_SITE_102|HIS|pi_stack|T_frequency,frequency,0,45,0.0,NA,0.0,0.0,False,C,NA
clonazepam,alpha2,alpha2|BZD_SITE_102|HIS|pi_stack|frequency,frequency,1,45,0.022222222222222223,NA,0.1111111111111111,0.04969039949999532,False,C,NA
clonazepam,alpha2,alpha2|BZD_SITE_102|HIS|pi_stack|P_frequency,frequency,0,45,0.0,NA,0.0,0.0,False,C,NA
clonazepam,alpha2,alpha2|BZD_SITE_102|HIS|pi_stack|T_frequency,frequency,1,45,0.022222222222222223,NA,0.1111111111111111,0.04969039949999532,False,C,NA
midazolam,alpha2,alpha2|BZD_SITE_102|HIS|pi_stack|frequency,frequency,0,45,0.0,NA,0.0,0.0,False,C,NA
midazolam,alpha2,alpha2|BZD_SITE_102|HIS|pi_stack|P_frequency,frequency,0,45,0.0,NA,0.0,0.0,False,C,NA
midazolam,alpha2,alpha2|BZD_SITE_102|HIS|pi_stack|T_frequency,frequency,0,45,0.0,NA,0.0,0.0,False,C,NA
temazepam,alpha2,alpha2|BZD_SITE_102|HIS|pi_stack|frequency,frequency,1,45,0.022222222222222223,NA,0.1111111111111111,0.04969039949999532,False,C,NA
temazepam,alpha2,alpha2|BZD_SITE_102|HIS|pi_stack|P_frequency,frequency,0,45,0.0,NA,0.0,0.0,False,C,NA
temazepam,alpha2,alpha2|BZD_SITE_102|HIS|pi_stack|T_frequency,frequency,1,45,0.022222222222222223,NA,0.1111111111111111,0.04969039949999532,False,C,NA
zopiclone,alpha2,alpha2|BZD_SITE_102|HIS|pi_stack|frequency,frequency,0,45,0.0,NA,0.0,0.0,False,C,NA
zopiclone,alpha2,alpha2|BZD_SITE_102|HIS|pi_stack|P_frequency,frequency,0,45,0.0,NA,0.0,0.0,False,C,NA
zopiclone,alpha2,alpha2|BZD_SITE_102|HIS|pi_stack|T_frequency,frequency,0,45,0.0,NA,0.0,0.0,False,C,NA
zaleplon,alpha2,alpha2|BZD_SITE_102|HIS|pi_stack|frequency,frequency,9,45,0.2,NA,0.3333333333333333,0.14487116456005886,False,C,NA
zaleplon,alpha2,alpha2|BZD_SITE_102|HIS|pi_stack|P_frequency,frequency,0,45,0.0,NA,0.0,0.0,False,C,NA
zaleplon,alpha2,alpha2|BZD_SITE_102|HIS|pi_stack|T_frequency,frequency,9,45,0.2,NA,0.3333333333333333,0.14487116456005886,False,C,NA
diazepam,alpha2,alpha2|BZD_SITE_103|ASN|halogen_bond|frequency,frequency,0,45,0.0,NA,0.0,0.0,False,C,NA
alprazolam,alpha2,alpha2|BZD_SITE_103|ASN|halogen_bond|frequency,frequency,0,45,0.0,NA,0.0,0.0,False,C,NA
triazolam,alpha2,alpha2|BZD_SITE_103|ASN|halogen_bond|frequency,frequency,1,45,0.022222222222222223,NA,0.1111111111111111,0.04969039949999532,False,C,NA
zolpidem,alpha2,alpha2|BZD_SITE_103|ASN|halogen_bond|frequency,frequency,0,45,0.0,NA,0.0,0.0,False,C,NA
lorazepam,alpha2,alpha2|BZD_SITE_103|ASN|halogen_bond|frequency,frequency,1,45,0.022222222222222223,NA,0.1111111111111111,0.04969039949999532,False,C,NA
clonazepam,alpha2,alpha2|BZD_SITE_103|ASN|halogen_bond|frequency,frequency,0,45,0.0,NA,0.0,0.0,False,C,NA
midazolam,alpha2,alpha2|BZD_SITE_103|ASN|halogen_bond|frequency,frequency,0,45,0.0,NA,0.0,0.0,False,C,NA
temazepam,alpha2,alpha2|BZD_SITE_103|ASN|halogen_bond|frequency,frequency,0,45,0.0,NA,0.0,0.0,False,C,NA
zopiclone,alpha2,alpha2|BZD_SITE_103|ASN|halogen_bond|frequency,frequency,0,45,0.0,NA,0.0,0.0,False,C,NA
zaleplon,alpha2,alpha2|BZD_SITE_103|ASN|halogen_bond|frequency,frequency,0,45,0.0,NA,0.0,0.0,False,C,NA
diazepam,alpha2,alpha2|BZD_SITE_103|ASN|hydrophobic_interaction|frequency,frequency,6,45,0.13333333333333333,NA,0.1111111111111111,0.049690399499995326,False,C,NA
alprazolam,alpha2,alpha2|BZD_SITE_103|ASN|hydrophobic_interaction|frequency,frequency,10,45,0.2222222222222222,NA,0.2222222222222222,0.07856742013183861,False,C,NA
triazolam,alpha2,alpha2|BZD_SITE_103|ASN|hydrophobic_interaction|frequency,frequency,15,45,0.3333333333333333,NA,0.2222222222222222,0.1111111111111111,False,C,NA
zolpidem,alpha2,alpha2|BZD_SITE_103|ASN|hydrophobic_interaction|frequency,frequency,6,45,0.13333333333333333,NA,0.3333333333333333,0.14487116456005886,False,C,NA
lorazepam,alpha2,alpha2|BZD_SITE_103|ASN|hydrophobic_interaction|frequency,frequency,14,45,0.3111111111111111,NA,0.3333333333333333,0.12171612389003691,False,C,NA
clonazepam,alpha2,alpha2|BZD_SITE_103|ASN|hydrophobic_interaction|frequency,frequency,13,45,0.28888888888888886,NA,0.3333333333333333,0.12668615834434865,False,C,NA
midazolam,alpha2,alpha2|BZD_SITE_103|ASN|hydrophobic_interaction|frequency,frequency,23,45,0.5111111111111111,NA,0.3333333333333333,0.12668615834434868,False,C,NA
temazepam,alpha2,alpha2|BZD_SITE_103|ASN|hydrophobic_interaction|frequency,frequency,15,45,0.3333333333333333,NA,0.2222222222222222,0.07856742013183861,False,C,NA
zopiclone,alpha2,alpha2|BZD_SITE_103|ASN|hydrophobic_interaction|frequency,frequency,0,45,0.0,NA,0.0,0.0,False,C,NA
zaleplon,alpha2,alpha2|BZD_SITE_103|ASN|hydrophobic_interaction|frequency,frequency,5,45,0.1111111111111111,NA,0.2222222222222222,0.07856742013183861,False,C,NA
diazepam,alpha2,alpha2|BZD_SITE_138|GLU|hydrogen_bond|frequency,frequency,0,45,0.0,NA,0.0,0.0,False,C,NA
alprazolam,alpha2,alpha2|BZD_SITE_138|GLU|hydrogen_bond|frequency,frequency,0,45,0.0,NA,0.0,0.0,False,C,NA
triazolam,alpha2,alpha2|BZD_SITE_138|GLU|hydrogen_bond|frequency,frequency,0,45,0.0,NA,0.0,0.0,False,C,NA
zolpidem,alpha2,alpha2|BZD_SITE_138|GLU|hydrogen_bond|frequency,frequency,0,45,0.0,NA,0.0,0.0,False,C,NA
lorazepam,alpha2,alpha2|BZD_SITE_138|GLU|hydrogen_bond|frequency,frequency,2,45,0.044444444444444446,NA,0.1111111111111111,0.06085806194501846,False,C,NA
clonazepam,alpha2,alpha2|BZD_SITE_138|GLU|hydrogen_bond|frequency,frequency,5,45,0.1111111111111111,NA,0.2222222222222222,0.07856742013183861,False,C,NA
midazolam,alpha2,alpha2|BZD_SITE_138|GLU|hydrogen_bond|frequency,frequency,0,45,0.0,NA,0.0,0.0,False,C,NA
temazepam,alpha2,alpha2|BZD_SITE_138|GLU|hydrogen_bond|frequency,frequency,2,45,0.044444444444444446,NA,0.1111111111111111,0.06085806194501846,False,C,NA
zopiclone,alpha2,alpha2|BZD_SITE_138|GLU|hydrogen_bond|frequency,frequency,0,45,0.0,NA,0.0,0.0,False,C,NA
zaleplon,alpha2,alpha2|BZD_SITE_138|GLU|hydrogen_bond|frequency,frequency,0,45,0.0,NA,0.0,0.0,False,C,NA
diazepam,alpha2,alpha2|BZD_SITE_138|GLU|salt_bridge|frequency,frequency,0,45,0.0,NA,0.0,0.0,False,C,NA
alprazolam,alpha2,alpha2|BZD_SITE_138|GLU|salt_bridge|frequency,frequency,0,45,0.0,NA,0.0,0.0,False,C,NA
triazolam,alpha2,alpha2|BZD_SITE_138|GLU|salt_bridge|frequency,frequency,0,45,0.0,NA,0.0,0.0,False,C,NA
zolpidem,alpha2,alpha2|BZD_SITE_138|GLU|salt_bridge|frequency,frequency,0,45,0.0,NA,0.0,0.0,False,C,NA
lorazepam,alpha2,alpha2|BZD_SITE_138|GLU|salt_bridge|frequency,frequency,0,45,0.0,NA,0.0,0.0,False,C,NA
clonazepam,alpha2,alpha2|BZD_SITE_138|GLU|salt_bridge|frequency,frequency,0,45,0.0,NA,0.0,0.0,False,C,NA
midazolam,alpha2,alpha2|BZD_SITE_138|GLU|salt_bridge|frequency,frequency,0,45,0.0,NA,0.0,0.0,False,C,NA
temazepam,alpha2,alpha2|BZD_SITE_138|GLU|salt_bridge|frequency,frequency,0,45,0.0,NA,0.0,0.0,False,C,NA
zopiclone,alpha2,alpha2|BZD_SITE_138|GLU|salt_bridge|frequency,frequency,4,45,0.08888888888888889,NA,0.1111111111111111,0.04969039949999532,False,C,NA
zaleplon,alpha2,alpha2|BZD_SITE_138|GLU|salt_bridge|frequency,frequency,0,45,0.0,NA,0.0,0.0,False,C,NA
diazepam,alpha2,alpha2|BZD_SITE_154|PRO|hydrophobic_interaction|frequency,frequency,0,45,0.0,NA,0.0,0.0,False,C,NA
alprazolam,alpha2,alpha2|BZD_SITE_154|PRO|hydrophobic_interaction|frequency,frequency,6,45,0.13333333333333333,NA,0.1111111111111111,0.049690399499995326,False,C,NA
triazolam,alpha2,alpha2|BZD_SITE_154|PRO|hydrophobic_interaction|frequency,frequency,5,45,0.1111111111111111,NA,0.0,1.5515838457795457e-17,False,C,NA
zolpidem,alpha2,alpha2|BZD_SITE_154|PRO|hydrophobic_interaction|frequency,frequency,0,45,0.0,NA,0.0,0.0,False,C,NA
lorazepam,alpha2,alpha2|BZD_SITE_154|PRO|hydrophobic_interaction|frequency,frequency,0,45,0.0,NA,0.0,0.0,False,C,NA
clonazepam,alpha2,alpha2|BZD_SITE_154|PRO|hydrophobic_interaction|frequency,frequency,0,45,0.0,NA,0.0,0.0,False,C,NA
midazolam,alpha2,alpha2|BZD_SITE_154|PRO|hydrophobic_interaction|frequency,frequency,2,45,0.044444444444444446,NA,0.1111111111111111,0.06085806194501846,False,C,NA
temazepam,alpha2,alpha2|BZD_SITE_154|PRO|hydrophobic_interaction|frequency,frequency,6,45,0.13333333333333333,NA,0.1111111111111111,0.049690399499995326,False,C,NA
zopiclone,alpha2,alpha2|BZD_SITE_154|PRO|hydrophobic_interaction|frequency,frequency,0,45,0.0,NA,0.0,0.0,False,C,NA
zaleplon,alpha2,alpha2|BZD_SITE_154|PRO|hydrophobic_interaction|frequency,frequency,0,45,0.0,NA,0.0,0.0,False,C,NA
diazepam,alpha2,alpha2|BZD_SITE_156|LYS|hydrophobic_interaction|frequency,frequency,3,45,0.06666666666666667,NA,0.1111111111111111,0.06085806194501846,False,C,NA
alprazolam,alpha2,alpha2|BZD_SITE_156|LYS|hydrophobic_interaction|frequency,frequency,13,45,0.28888888888888886,NA,0.2222222222222222,0.09938079899999065,False,C,NA
triazolam,alpha2,alpha2|BZD_SITE_156|LYS|hydrophobic_interaction|frequency,frequency,14,45,0.3111111111111111,NA,0.2222222222222222,0.09296222517045283,False,C,NA
zolpidem,alpha2,alpha2|BZD_SITE_156|LYS|hydrophobic_interaction|frequency,frequency,4,45,0.08888888888888889,NA,0.1111111111111111,0.04969039949999532,False,C,NA
lorazepam,alpha2,alpha2|BZD_SITE_156|LYS|hydrophobic_interaction|frequency,frequency,14,45,0.3111111111111111,NA,0.3333333333333333,0.1217161238900369,False,C,NA
clonazepam,alpha2,alpha2|BZD_SITE_156|LYS|hydrophobic_interaction|frequency,frequency,9,45,0.2,NA,0.2222222222222222,0.09296222517045284,False,C,NA
midazolam,alpha2,alpha2|BZD_SITE_156|LYS|hydrophobic_interaction|frequency,frequency,17,45,0.37777777777777777,NA,0.1111111111111111,0.06085806194501846,False,C,NA
temazepam,alpha2,alpha2|BZD_SITE_156|LYS|hydrophobic_interaction|frequency,frequency,12,45,0.26666666666666666,NA,0.1111111111111111,0.06085806194501846,False,C,NA
zopiclone,alpha2,alpha2|BZD_SITE_156|LYS|hydrophobic_interaction|frequency,frequency,0,45,0.0,NA,0.0,0.0,False,C,NA
zaleplon,alpha2,alpha2|BZD_SITE_156|LYS|hydrophobic_interaction|frequency,frequency,0,45,0.0,NA,0.0,0.0,False,C,NA
diazepam,alpha2,alpha2|BZD_SITE_156|LYS|pi_cation_interaction|frequency,frequency,0,45,0.0,NA,0.0,0.0,False,C,NA
alprazolam,alpha2,alpha2|BZD_SITE_156|LYS|pi_cation_interaction|frequency,frequency,1,45,0.022222222222222223,NA,0.1111111111111111,0.04969039949999532,False,C,NA
triazolam,alpha2,alpha2|BZD_SITE_156|LYS|pi_cation_interaction|frequency,frequency,0,45,0.0,NA,0.0,0.0,False,C,NA
zolpidem,alpha2,alpha2|BZD_SITE_156|LYS|pi_cation_interaction|frequency,frequency,2,45,0.044444444444444446,NA,0.1111111111111111,0.06085806194501846,False,C,NA
lorazepam,alpha2,alpha2|BZD_SITE_156|LYS|pi_cation_interaction|frequency,frequency,0,45,0.0,NA,0.0,0.0,False,C,NA
clonazepam,alpha2,alpha2|BZD_SITE_156|LYS|pi_cation_interaction|frequency,frequency,0,45,0.0,NA,0.0,0.0,False,C,NA
midazolam,alpha2,alpha2|BZD_SITE_156|LYS|pi_cation_interaction|frequency,frequency,1,45,0.022222222222222223,NA,0.1111111111111111,0.04969039949999532,False,C,NA
temazepam,alpha2,alpha2|BZD_SITE_156|LYS|pi_cation_interaction|frequency,frequency,0,45,0.0,NA,0.0,0.0,False,C,NA
zopiclone,alpha2,alpha2|BZD_SITE_156|LYS|pi_cation_interaction|frequency,frequency,0,45,0.0,NA,0.0,0.0,False,C,NA
zaleplon,alpha2,alpha2|BZD_SITE_156|LYS|pi_cation_interaction|frequency,frequency,0,45,0.0,NA,0.0,0.0,False,C,NA
diazepam,alpha2,alpha2|BZD_SITE_160|TYR|halogen_bond|frequency,frequency,5,45,0.1111111111111111,NA,0.0,1.5515838457795457e-17,False,C,NA
alprazolam,alpha2,alpha2|BZD_SITE_160|TYR|halogen_bond|frequency,frequency,0,45,0.0,NA,0.0,0.0,False,C,NA
triazolam,alpha2,alpha2|BZD_SITE_160|TYR|halogen_bond|frequency,frequency,0,45,0.0,NA,0.0,0.0,False,C,NA
zolpidem,alpha2,alpha2|BZD_SITE_160|TYR|halogen_bond|frequency,frequency,0,45,0.0,NA,0.0,0.0,False,C,NA
lorazepam,alpha2,alpha2|BZD_SITE_160|TYR|halogen_bond|frequency,frequency,0,45,0.0,NA,0.0,0.0,False,C,NA
clonazepam,alpha2,alpha2|BZD_SITE_160|TYR|halogen_bond|frequency,frequency,0,45,0.0,NA,0.0,0.0,False,C,NA
midazolam,alpha2,alpha2|BZD_SITE_160|TYR|halogen_bond|frequency,frequency,4,45,0.08888888888888889,NA,0.1111111111111111,0.04969039949999532,False,C,NA
temazepam,alpha2,alpha2|BZD_SITE_160|TYR|halogen_bond|frequency,frequency,0,45,0.0,NA,0.0,0.0,False,C,NA
zopiclone,alpha2,alpha2|BZD_SITE_160|TYR|halogen_bond|frequency,frequency,4,45,0.08888888888888889,NA,0.1111111111111111,0.049690399499995326,False,C,NA
zaleplon,alpha2,alpha2|BZD_SITE_160|TYR|halogen_bond|frequency,frequency,0,45,0.0,NA,0.0,0.0,False,C,NA
diazepam,alpha2,alpha2|BZD_SITE_160|TYR|hydrophobic_interaction|frequency,frequency,0,45,0.0,NA,0.0,0.0,False,C,NA
alprazolam,alpha2,alpha2|BZD_SITE_160|TYR|hydrophobic_interaction|frequency,frequency,1,45,0.022222222222222223,NA,0.1111111111111111,0.04969039949999532,False,C,NA
triazolam,alpha2,alpha2|BZD_SITE_160|TYR|hydrophobic_interaction|frequency,frequency,0,45,0.0,NA,0.0,0.0,False,C,NA
zolpidem,alpha2,alpha2|BZD_SITE_160|TYR|hydrophobic_interaction|frequency,frequency,10,45,0.2222222222222222,NA,0.2222222222222222,0.07856742013183861,False,C,NA
lorazepam,alpha2,alpha2|BZD_SITE_160|TYR|hydrophobic_interaction|frequency,frequency,0,45,0.0,NA,0.0,0.0,False,C,NA
clonazepam,alpha2,alpha2|BZD_SITE_160|TYR|hydrophobic_interaction|frequency,frequency,0,45,0.0,NA,0.0,0.0,False,C,NA
midazolam,alpha2,alpha2|BZD_SITE_160|TYR|hydrophobic_interaction|frequency,frequency,2,45,0.044444444444444446,NA,0.1111111111111111,0.06085806194501846,False,C,NA
temazepam,alpha2,alpha2|BZD_SITE_160|TYR|hydrophobic_interaction|frequency,frequency,1,45,0.022222222222222223,NA,0.1111111111111111,0.04969039949999532,False,C,NA
zopiclone,alpha2,alpha2|BZD_SITE_160|TYR|hydrophobic_interaction|frequency,frequency,0,45,0.0,NA,0.0,0.0,False,C,NA
zaleplon,alpha2,alpha2|BZD_SITE_160|TYR|hydrophobic_interaction|frequency,frequency,24,45,0.5333333333333333,NA,0.11111111111111116,0.04969039949999535,False,C,NA
diazepam,alpha2,alpha2|BZD_SITE_201|GLU|salt_bridge|frequency,frequency,0,45,0.0,NA,0.0,0.0,False,C,NA
alprazolam,alpha2,alpha2|BZD_SITE_201|GLU|salt_bridge|frequency,frequency,0,45,0.0,NA,0.0,0.0,False,C,NA
triazolam,alpha2,alpha2|BZD_SITE_201|GLU|salt_bridge|frequency,frequency,0,45,0.0,NA,0.0,0.0,False,C,NA
zolpidem,alpha2,alpha2|BZD_SITE_201|GLU|salt_bridge|frequency,frequency,0,45,0.0,NA,0.0,0.0,False,C,NA
lorazepam,alpha2,alpha2|BZD_SITE_201|GLU|salt_bridge|frequency,frequency,0,45,0.0,NA,0.0,0.0,False,C,NA
clonazepam,alpha2,alpha2|BZD_SITE_201|GLU|salt_bridge|frequency,frequency,0,45,0.0,NA,0.0,0.0,False,C,NA
midazolam,alpha2,alpha2|BZD_SITE_201|GLU|salt_bridge|frequency,frequency,0,45,0.0,NA,0.0,0.0,False,C,NA
temazepam,alpha2,alpha2|BZD_SITE_201|GLU|salt_bridge|frequency,frequency,0,45,0.0,NA,0.0,0.0,False,C,NA
zopiclone,alpha2,alpha2|BZD_SITE_201|GLU|salt_bridge|frequency,frequency,1,45,0.022222222222222223,NA,0.1111111111111111,0.04969039949999532,False,C,NA
zaleplon,alpha2,alpha2|BZD_SITE_201|GLU|salt_bridge|frequency,frequency,0,45,0.0,NA,0.0,0.0,False,C,NA
diazepam,alpha2,alpha2|BZD_SITE_203|ILE|hydrophobic_interaction|frequency,frequency,23,45,0.5111111111111111,NA,0.11111111111111116,0.060858061945018485,False,C,NA
alprazolam,alpha2,alpha2|BZD_SITE_203|ILE|hydrophobic_interaction|frequency,frequency,22,45,0.4888888888888889,NA,0.4444444444444444,0.2018433569398328,True,C,NA
triazolam,alpha2,alpha2|BZD_SITE_203|ILE|hydrophobic_interaction|frequency,frequency,27,45,0.6,NA,0.4444444444444445,0.18592445034090568,True,C,NA
zolpidem,alpha2,alpha2|BZD_SITE_203|ILE|hydrophobic_interaction|frequency,frequency,27,45,0.6,NA,0.33333333333333337,0.12668615834434868,False,C,NA
lorazepam,alpha2,alpha2|BZD_SITE_203|ILE|hydrophobic_interaction|frequency,frequency,16,45,0.35555555555555557,NA,0.33333333333333337,0.12171612389003694,False,C,NA
clonazepam,alpha2,alpha2|BZD_SITE_203|ILE|hydrophobic_interaction|frequency,frequency,13,45,0.28888888888888886,NA,0.3333333333333333,0.14907119849998596,False,C,NA
midazolam,alpha2,alpha2|BZD_SITE_203|ILE|hydrophobic_interaction|frequency,frequency,25,45,0.5555555555555556,NA,0.33333333333333337,0.15713484026367724,False,C,NA
temazepam,alpha2,alpha2|BZD_SITE_203|ILE|hydrophobic_interaction|frequency,frequency,23,45,0.5111111111111111,NA,0.2222222222222222,0.09938079899999067,False,C,NA
zopiclone,alpha2,alpha2|BZD_SITE_203|ILE|hydrophobic_interaction|frequency,frequency,11,45,0.24444444444444444,NA,0.1111111111111111,0.049690399499995326,False,C,NA
zaleplon,alpha2,alpha2|BZD_SITE_203|ILE|hydrophobic_interaction|frequency,frequency,30,45,0.6666666666666666,NA,0.2222222222222222,0.1111111111111111,False,C,NA
diazepam,alpha2,alpha2|BZD_SITE_204|LYS|halogen_bond|frequency,frequency,0,45,0.0,NA,0.0,0.0,False,C,NA
alprazolam,alpha2,alpha2|BZD_SITE_204|LYS|halogen_bond|frequency,frequency,2,45,0.044444444444444446,NA,0.1111111111111111,0.06085806194501846,False,C,NA
triazolam,alpha2,alpha2|BZD_SITE_204|LYS|halogen_bond|frequency,frequency,3,45,0.06666666666666667,NA,0.1111111111111111,0.06085806194501846,False,C,NA
zolpidem,alpha2,alpha2|BZD_SITE_204|LYS|halogen_bond|frequency,frequency,0,45,0.0,NA,0.0,0.0,False,C,NA
lorazepam,alpha2,alpha2|BZD_SITE_204|LYS|halogen_bond|frequency,frequency,0,45,0.0,NA,0.0,0.0,False,C,NA
clonazepam,alpha2,alpha2|BZD_SITE_204|LYS|halogen_bond|frequency,frequency,0,45,0.0,NA,0.0,0.0,False,C,NA
midazolam,alpha2,alpha2|BZD_SITE_204|LYS|halogen_bond|frequency,frequency,0,45,0.0,NA,0.0,0.0,False,C,NA
temazepam,alpha2,alpha2|BZD_SITE_204|LYS|halogen_bond|frequency,frequency,2,45,0.044444444444444446,NA,0.1111111111111111,0.06085806194501846,False,C,NA
zopiclone,alpha2,alpha2|BZD_SITE_204|LYS|halogen_bond|frequency,frequency,0,45,0.0,NA,0.0,0.0,False,C,NA
zaleplon,alpha2,alpha2|BZD_SITE_204|LYS|halogen_bond|frequency,frequency,0,45,0.0,NA,0.0,0.0,False,C,NA
diazepam,alpha2,alpha2|BZD_SITE_206|SER|hydrogen_bond|frequency,frequency,0,45,0.0,NA,0.0,0.0,False,C,NA
alprazolam,alpha2,alpha2|BZD_SITE_206|SER|hydrogen_bond|frequency,frequency,0,45,0.0,NA,0.0,0.0,False,C,NA
triazolam,alpha2,alpha2|BZD_SITE_206|SER|hydrogen_bond|frequency,frequency,0,45,0.0,NA,0.0,0.0,False,C,NA
zolpidem,alpha2,alpha2|BZD_SITE_206|SER|hydrogen_bond|frequency,frequency,0,45,0.0,NA,0.0,0.0,False,C,NA
lorazepam,alpha2,alpha2|BZD_SITE_206|SER|hydrogen_bond|frequency,frequency,0,45,0.0,NA,0.0,0.0,False,C,NA
clonazepam,alpha2,alpha2|BZD_SITE_206|SER|hydrogen_bond|frequency,frequency,0,45,0.0,NA,0.0,0.0,False,C,NA
midazolam,alpha2,alpha2|BZD_SITE_206|SER|hydrogen_bond|frequency,frequency,0,45,0.0,NA,0.0,0.0,False,C,NA
temazepam,alpha2,alpha2|BZD_SITE_206|SER|hydrogen_bond|frequency,frequency,1,45,0.022222222222222223,NA,0.1111111111111111,0.04969039949999532,False,C,NA
zopiclone,alpha2,alpha2|BZD_SITE_206|SER|hydrogen_bond|frequency,frequency,4,45,0.08888888888888889,NA,0.1111111111111111,0.04969039949999532,False,C,NA
zaleplon,alpha2,alpha2|BZD_SITE_206|SER|hydrogen_bond|frequency,frequency,8,45,0.17777777777777778,NA,0.1111111111111111,0.06085806194501846,False,C,NA
diazepam,alpha2,alpha2|BZD_SITE_207|THR|hydrogen_bond|frequency,frequency,0,45,0.0,NA,0.0,0.0,False,C,NA
alprazolam,alpha2,alpha2|BZD_SITE_207|THR|hydrogen_bond|frequency,frequency,0,45,0.0,NA,0.0,0.0,False,C,NA
triazolam,alpha2,alpha2|BZD_SITE_207|THR|hydrogen_bond|frequency,frequency,0,45,0.0,NA,0.0,0.0,False,C,NA
zolpidem,alpha2,alpha2|BZD_SITE_207|THR|hydrogen_bond|frequency,frequency,0,45,0.0,NA,0.0,0.0,False,C,NA
lorazepam,alpha2,alpha2|BZD_SITE_207|THR|hydrogen_bond|frequency,frequency,0,45,0.0,NA,0.0,0.0,False,C,NA
clonazepam,alpha2,alpha2|BZD_SITE_207|THR|hydrogen_bond|frequency,frequency,0,45,0.0,NA,0.0,0.0,False,C,NA
midazolam,alpha2,alpha2|BZD_SITE_207|THR|hydrogen_bond|frequency,frequency,0,45,0.0,NA,0.0,0.0,False,C,NA
temazepam,alpha2,alpha2|BZD_SITE_207|THR|hydrogen_bond|frequency,frequency,1,45,0.022222222222222223,NA,0.1111111111111111,0.04969039949999532,False,C,NA
zopiclone,alpha2,alpha2|BZD_SITE_207|THR|hydrogen_bond|frequency,frequency,0,45,0.0,NA,0.0,0.0,False,C,NA
zaleplon,alpha2,alpha2|BZD_SITE_207|THR|hydrogen_bond|frequency,frequency,8,45,0.17777777777777778,NA,0.3333333333333333,0.12668615834434865,False,C,NA
diazepam,alpha2,alpha2|BZD_SITE_207|THR|hydrophobic_interaction|frequency,frequency,0,45,0.0,NA,0.0,0.0,False,C,NA
alprazolam,alpha2,alpha2|BZD_SITE_207|THR|hydrophobic_interaction|frequency,frequency,0,45,0.0,NA,0.0,0.0,False,C,NA
triazolam,alpha2,alpha2|BZD_SITE_207|THR|hydrophobic_interaction|frequency,frequency,0,45,0.0,NA,0.0,0.0,False,C,NA
zolpidem,alpha2,alpha2|BZD_SITE_207|THR|hydrophobic_interaction|frequency,frequency,0,45,0.0,NA,0.0,0.0,False,C,NA
lorazepam,alpha2,alpha2|BZD_SITE_207|THR|hydrophobic_interaction|frequency,frequency,0,45,0.0,NA,0.0,0.0,False,C,NA
clonazepam,alpha2,alpha2|BZD_SITE_207|THR|hydrophobic_interaction|frequency,frequency,0,45,0.0,NA,0.0,0.0,False,C,NA
midazolam,alpha2,alpha2|BZD_SITE_207|THR|hydrophobic_interaction|frequency,frequency,0,45,0.0,NA,0.0,0.0,False,C,NA
temazepam,alpha2,alpha2|BZD_SITE_207|THR|hydrophobic_interaction|frequency,frequency,0,45,0.0,NA,0.0,0.0,False,C,NA
zopiclone,alpha2,alpha2|BZD_SITE_207|THR|hydrophobic_interaction|frequency,frequency,0,45,0.0,NA,0.0,0.0,False,C,NA
zaleplon,alpha2,alpha2|BZD_SITE_207|THR|hydrophobic_interaction|frequency,frequency,4,45,0.08888888888888889,NA,0.1111111111111111,0.04969039949999532,False,C,NA
diazepam,alpha2,alpha2|BZD_SITE_210|TYR|hydrogen_bond|frequency,frequency,0,45,0.0,NA,0.0,0.0,False,C,NA
alprazolam,alpha2,alpha2|BZD_SITE_210|TYR|hydrogen_bond|frequency,frequency,0,45,0.0,NA,0.0,0.0,False,C,NA
triazolam,alpha2,alpha2|BZD_SITE_210|TYR|hydrogen_bond|frequency,frequency,0,45,0.0,NA,0.0,0.0,False,C,NA
zolpidem,alpha2,alpha2|BZD_SITE_210|TYR|hydrogen_bond|frequency,frequency,0,45,0.0,NA,0.0,0.0,False,C,NA
lorazepam,alpha2,alpha2|BZD_SITE_210|TYR|hydrogen_bond|frequency,frequency,0,45,0.0,NA,0.0,0.0,False,C,NA
clonazepam,alpha2,alpha2|BZD_SITE_210|TYR|hydrogen_bond|frequency,frequency,0,45,0.0,NA,0.0,0.0,False,C,NA
midazolam,alpha2,alpha2|BZD_SITE_210|TYR|hydrogen_bond|frequency,frequency,0,45,0.0,NA,0.0,0.0,False,C,NA
temazepam,alpha2,alpha2|BZD_SITE_210|TYR|hydrogen_bond|frequency,frequency,0,45,0.0,NA,0.0,0.0,False,C,NA
zopiclone,alpha2,alpha2|BZD_SITE_210|TYR|hydrogen_bond|frequency,frequency,0,45,0.0,NA,0.0,0.0,False,C,NA
zaleplon,alpha2,alpha2|BZD_SITE_210|TYR|hydrogen_bond|frequency,frequency,5,45,0.1111111111111111,NA,0.3333333333333333,0.15713484026367722,False,C,NA
diazepam,alpha2,alpha2|BZD_SITE_210|TYR|hydrophobic_interaction|frequency,frequency,5,45,0.1111111111111111,NA,0.0,1.5515838457795457e-17,False,C,NA
alprazolam,alpha2,alpha2|BZD_SITE_210|TYR|hydrophobic_interaction|frequency,frequency,3,45,0.06666666666666667,NA,0.2222222222222222,0.09938079899999065,False,C,NA
triazolam,alpha2,alpha2|BZD_SITE_210|TYR|hydrophobic_interaction|frequency,frequency,0,45,0.0,NA,0.0,0.0,False,C,NA
zolpidem,alpha2,alpha2|BZD_SITE_210|TYR|hydrophobic_interaction|frequency,frequency,18,45,0.4,NA,0.1111111111111111,0.06085806194501846,False,C,NA
lorazepam,alpha2,alpha2|BZD_SITE_210|TYR|hydrophobic_interaction|frequency,frequency,0,45,0.0,NA,0.0,0.0,False,C,NA
clonazepam,alpha2,alpha2|BZD_SITE_210|TYR|hydrophobic_interaction|frequency,frequency,3,45,0.06666666666666667,NA,0.1111111111111111,0.06085806194501846,False,C,NA
midazolam,alpha2,alpha2|BZD_SITE_210|TYR|hydrophobic_interaction|frequency,frequency,3,45,0.06666666666666667,NA,0.1111111111111111,0.06085806194501846,False,C,NA
temazepam,alpha2,alpha2|BZD_SITE_210|TYR|hydrophobic_interaction|frequency,frequency,1,45,0.022222222222222223,NA,0.1111111111111111,0.04969039949999532,False,C,NA
zopiclone,alpha2,alpha2|BZD_SITE_210|TYR|hydrophobic_interaction|frequency,frequency,0,45,0.0,NA,0.0,0.0,False,C,NA
zaleplon,alpha2,alpha2|BZD_SITE_210|TYR|hydrophobic_interaction|frequency,frequency,31,45,0.6888888888888889,NA,0.2222222222222222,0.09296222517045284,False,C,NA
diazepam,alpha2,alpha2|BZD_SITE_210|TYR|pi_stack|frequency,frequency,0,45,0.0,NA,0.0,0.0,False,C,NA
diazepam,alpha2,alpha2|BZD_SITE_210|TYR|pi_stack|P_frequency,frequency,0,45,0.0,NA,0.0,0.0,False,C,NA
diazepam,alpha2,alpha2|BZD_SITE_210|TYR|pi_stack|T_frequency,frequency,0,45,0.0,NA,0.0,0.0,False,C,NA
alprazolam,alpha2,alpha2|BZD_SITE_210|TYR|pi_stack|frequency,frequency,0,45,0.0,NA,0.0,0.0,False,C,NA
alprazolam,alpha2,alpha2|BZD_SITE_210|TYR|pi_stack|P_frequency,frequency,0,45,0.0,NA,0.0,0.0,False,C,NA
alprazolam,alpha2,alpha2|BZD_SITE_210|TYR|pi_stack|T_frequency,frequency,0,45,0.0,NA,0.0,0.0,False,C,NA
triazolam,alpha2,alpha2|BZD_SITE_210|TYR|pi_stack|frequency,frequency,0,45,0.0,NA,0.0,0.0,False,C,NA
triazolam,alpha2,alpha2|BZD_SITE_210|TYR|pi_stack|P_frequency,frequency,0,45,0.0,NA,0.0,0.0,False,C,NA
triazolam,alpha2,alpha2|BZD_SITE_210|TYR|pi_stack|T_frequency,frequency,0,45,0.0,NA,0.0,0.0,False,C,NA
zolpidem,alpha2,alpha2|BZD_SITE_210|TYR|pi_stack|frequency,frequency,0,45,0.0,NA,0.0,0.0,False,C,NA
zolpidem,alpha2,alpha2|BZD_SITE_210|TYR|pi_stack|P_frequency,frequency,0,45,0.0,NA,0.0,0.0,False,C,NA
zolpidem,alpha2,alpha2|BZD_SITE_210|TYR|pi_stack|T_frequency,frequency,0,45,0.0,NA,0.0,0.0,False,C,NA
lorazepam,alpha2,alpha2|BZD_SITE_210|TYR|pi_stack|frequency,frequency,0,45,0.0,NA,0.0,0.0,False,C,NA
lorazepam,alpha2,alpha2|BZD_SITE_210|TYR|pi_stack|P_frequency,frequency,0,45,0.0,NA,0.0,0.0,False,C,NA
lorazepam,alpha2,alpha2|BZD_SITE_210|TYR|pi_stack|T_frequency,frequency,0,45,0.0,NA,0.0,0.0,False,C,NA
clonazepam,alpha2,alpha2|BZD_SITE_210|TYR|pi_stack|frequency,frequency,0,45,0.0,NA,0.0,0.0,False,C,NA
clonazepam,alpha2,alpha2|BZD_SITE_210|TYR|pi_stack|P_frequency,frequency,0,45,0.0,NA,0.0,0.0,False,C,NA
clonazepam,alpha2,alpha2|BZD_SITE_210|TYR|pi_stack|T_frequency,frequency,0,45,0.0,NA,0.0,0.0,False,C,NA
midazolam,alpha2,alpha2|BZD_SITE_210|TYR|pi_stack|frequency,frequency,2,45,0.044444444444444446,NA,0.1111111111111111,0.06085806194501846,False,C,NA
midazolam,alpha2,alpha2|BZD_SITE_210|TYR|pi_stack|P_frequency,frequency,2,45,0.044444444444444446,NA,0.1111111111111111,0.06085806194501846,False,C,NA
midazolam,alpha2,alpha2|BZD_SITE_210|TYR|pi_stack|T_frequency,frequency,0,45,0.0,NA,0.0,0.0,False,C,NA
temazepam,alpha2,alpha2|BZD_SITE_210|TYR|pi_stack|frequency,frequency,1,45,0.022222222222222223,NA,0.1111111111111111,0.04969039949999532,False,C,NA
temazepam,alpha2,alpha2|BZD_SITE_210|TYR|pi_stack|P_frequency,frequency,1,45,0.022222222222222223,NA,0.1111111111111111,0.04969039949999532,False,C,NA
temazepam,alpha2,alpha2|BZD_SITE_210|TYR|pi_stack|T_frequency,frequency,0,45,0.0,NA,0.0,0.0,False,C,NA
zopiclone,alpha2,alpha2|BZD_SITE_210|TYR|pi_stack|frequency,frequency,4,45,0.08888888888888889,NA,0.1111111111111111,0.04969039949999532,False,C,NA
zopiclone,alpha2,alpha2|BZD_SITE_210|TYR|pi_stack|P_frequency,frequency,4,45,0.08888888888888889,NA,0.1111111111111111,0.04969039949999532,False,C,NA
zopiclone,alpha2,alpha2|BZD_SITE_210|TYR|pi_stack|T_frequency,frequency,0,45,0.0,NA,0.0,0.0,False,C,NA
zaleplon,alpha2,alpha2|BZD_SITE_210|TYR|pi_stack|frequency,frequency,2,45,0.044444444444444446,NA,0.1111111111111111,0.06085806194501846,False,C,NA
zaleplon,alpha2,alpha2|BZD_SITE_210|TYR|pi_stack|P_frequency,frequency,2,45,0.044444444444444446,NA,0.1111111111111111,0.06085806194501846,False,C,NA
zaleplon,alpha2,alpha2|BZD_SITE_210|TYR|pi_stack|T_frequency,frequency,0,45,0.0,NA,0.0,0.0,False,C,NA
diazepam,alpha2,alpha2|BZD_SITE_212|VAL|hydrophobic_interaction|frequency,frequency,0,45,0.0,NA,0.0,0.0,False,C,NA
alprazolam,alpha2,alpha2|BZD_SITE_212|VAL|hydrophobic_interaction|frequency,frequency,0,45,0.0,NA,0.0,0.0,False,C,NA
triazolam,alpha2,alpha2|BZD_SITE_212|VAL|hydrophobic_interaction|frequency,frequency,0,45,0.0,NA,0.0,0.0,False,C,NA
zolpidem,alpha2,alpha2|BZD_SITE_212|VAL|hydrophobic_interaction|frequency,frequency,0,45,0.0,NA,0.0,0.0,False,C,NA
lorazepam,alpha2,alpha2|BZD_SITE_212|VAL|hydrophobic_interaction|frequency,frequency,0,45,0.0,NA,0.0,0.0,False,C,NA
clonazepam,alpha2,alpha2|BZD_SITE_212|VAL|hydrophobic_interaction|frequency,frequency,0,45,0.0,NA,0.0,0.0,False,C,NA
midazolam,alpha2,alpha2|BZD_SITE_212|VAL|hydrophobic_interaction|frequency,frequency,0,45,0.0,NA,0.0,0.0,False,C,NA
temazepam,alpha2,alpha2|BZD_SITE_212|VAL|hydrophobic_interaction|frequency,frequency,0,45,0.0,NA,0.0,0.0,False,C,NA
zopiclone,alpha2,alpha2|BZD_SITE_212|VAL|hydrophobic_interaction|frequency,frequency,0,45,0.0,NA,0.0,0.0,False,C,NA
zaleplon,alpha2,alpha2|BZD_SITE_212|VAL|hydrophobic_interaction|frequency,frequency,2,45,0.044444444444444446,NA,0.1111111111111111,0.06085806194501846,False,C,NA
diazepam,alpha1,alpha1|BZD_GAMMA2_056|ASP|any_contact_frequency,NA,0,45,NA,NA,0.0,0.0,False,B,0.0
alprazolam,alpha1,alpha1|BZD_GAMMA2_056|ASP|any_contact_frequency,NA,0,35,NA,NA,0.0,0.0,False,B,0.0
triazolam,alpha1,alpha1|BZD_GAMMA2_056|ASP|any_contact_frequency,NA,0,40,NA,NA,0.0,0.0,False,B,0.0
zolpidem,alpha1,alpha1|BZD_GAMMA2_056|ASP|any_contact_frequency,NA,0,45,NA,NA,0.0,0.0,False,B,0.0
lorazepam,alpha1,alpha1|BZD_GAMMA2_056|ASP|any_contact_frequency,NA,0,45,NA,NA,0.0,0.0,False,B,0.0
clonazepam,alpha1,alpha1|BZD_GAMMA2_056|ASP|any_contact_frequency,NA,0,45,NA,NA,0.0,0.0,False,B,0.0
midazolam,alpha1,alpha1|BZD_GAMMA2_056|ASP|any_contact_frequency,NA,0,43,NA,NA,0.0,0.0,False,B,0.0
temazepam,alpha1,alpha1|BZD_GAMMA2_056|ASP|any_contact_frequency,NA,0,45,NA,NA,0.0,0.0,False,B,0.0
zopiclone,alpha1,alpha1|BZD_GAMMA2_056|ASP|any_contact_frequency,NA,4,45,NA,NA,0.1111111111111111,0.049690399499995326,False,B,0.08888888888888889
zaleplon,alpha1,alpha1|BZD_GAMMA2_056|ASP|any_contact_frequency,NA,0,45,NA,NA,0.0,0.0,False,B,0.0
diazepam,alpha1,alpha1|BZD_GAMMA2_058|TYR|any_contact_frequency,NA,41,45,NA,NA,0.2222222222222222,0.09296222517045284,False,B,0.9111111111111111
alprazolam,alpha1,alpha1|BZD_GAMMA2_058|TYR|any_contact_frequency,NA,31,35,NA,NA,0.2857142857142857,0.11952286093343936,False,B,0.8857142857142857
triazolam,alpha1,alpha1|BZD_GAMMA2_058|TYR|any_contact_frequency,NA,31,40,NA,NA,0.375,0.15321905967246235,False,B,0.775
zolpidem,alpha1,alpha1|BZD_GAMMA2_058|TYR|any_contact_frequency,NA,45,45,NA,NA,0.0,0.0,False,B,1.0
lorazepam,alpha1,alpha1|BZD_GAMMA2_058|TYR|any_contact_frequency,NA,38,45,NA,NA,0.2222222222222222,0.09938079899999064,False,B,0.8444444444444444
clonazepam,alpha1,alpha1|BZD_GAMMA2_058|TYR|any_contact_frequency,NA,37,45,NA,NA,0.11111111111111105,0.06085806194501843,False,B,0.8222222222222222
midazolam,alpha1,alpha1|BZD_GAMMA2_058|TYR|any_contact_frequency,NA,42,43,NA,NA,0.11111111111111116,0.04969039949999535,False,B,0.9767441860465116
temazepam,alpha1,alpha1|BZD_GAMMA2_058|TYR|any_contact_frequency,NA,41,45,NA,NA,0.11111111111111116,0.049690399499995354,False,B,0.9111111111111111
zopiclone,alpha1,alpha1|BZD_GAMMA2_058|TYR|any_contact_frequency,NA,20,45,NA,NA,0.22222222222222227,0.11111111111111113,False,B,0.4444444444444444
zaleplon,alpha1,alpha1|BZD_GAMMA2_058|TYR|any_contact_frequency,NA,43,45,NA,NA,0.11111111111111116,0.060858061945018485,False,B,0.9555555555555556
diazepam,alpha1,alpha1|BZD_GAMMA2_060|ASN|any_contact_frequency,NA,0,45,NA,NA,0.0,0.0,False,B,0.0
alprazolam,alpha1,alpha1|BZD_GAMMA2_060|ASN|any_contact_frequency,NA,4,35,NA,NA,0.16666666666666666,0.06622943355095773,False,B,0.11428571428571428
triazolam,alpha1,alpha1|BZD_GAMMA2_060|ASN|any_contact_frequency,NA,1,40,NA,NA,0.1111111111111111,0.04969039949999532,False,B,0.025
zolpidem,alpha1,alpha1|BZD_GAMMA2_060|ASN|any_contact_frequency,NA,3,45,NA,NA,0.1111111111111111,0.06085806194501846,False,B,0.06666666666666667
lorazepam,alpha1,alpha1|BZD_GAMMA2_060|ASN|any_contact_frequency,NA,11,45,NA,NA,0.1111111111111111,0.049690399499995326,False,B,0.24444444444444444
clonazepam,alpha1,alpha1|BZD_GAMMA2_060|ASN|any_contact_frequency,NA,5,45,NA,NA,0.2222222222222222,0.1111111111111111,False,B,0.1111111111111111
midazolam,alpha1,alpha1|BZD_GAMMA2_060|ASN|any_contact_frequency,NA,0,43,NA,NA,0.0,0.0,False,B,0.0
temazepam,alpha1,alpha1|BZD_GAMMA2_060|ASN|any_contact_frequency,NA,10,45,NA,NA,0.2222222222222222,0.1111111111111111,False,B,0.2222222222222222
zopiclone,alpha1,alpha1|BZD_GAMMA2_060|ASN|any_contact_frequency,NA,26,45,NA,NA,0.11111111111111105,0.0496903994999953,False,B,0.5777777777777777
zaleplon,alpha1,alpha1|BZD_GAMMA2_060|ASN|any_contact_frequency,NA,8,45,NA,NA,0.1111111111111111,0.06085806194501846,False,B,0.17777777777777778
diazepam,alpha1,alpha1|BZD_GAMMA2_077|PHE|any_contact_frequency,NA,40,45,NA,NA,0.33333333333333337,0.13608276348795437,False,B,0.8888888888888888
alprazolam,alpha1,alpha1|BZD_GAMMA2_077|PHE|any_contact_frequency,NA,31,35,NA,NA,0.16666666666666663,0.06622943355095774,False,B,0.8857142857142857
triazolam,alpha1,alpha1|BZD_GAMMA2_077|PHE|any_contact_frequency,NA,30,40,NA,NA,0.26388888888888884,0.13798315785577545,False,B,0.75
zolpidem,alpha1,alpha1|BZD_GAMMA2_077|PHE|any_contact_frequency,NA,45,45,NA,NA,0.0,0.0,False,B,1.0
lorazepam,alpha1,alpha1|BZD_GAMMA2_077|PHE|any_contact_frequency,NA,28,45,NA,NA,0.2222222222222222,0.09938079899999064,False,B,0.6222222222222222
clonazepam,alpha1,alpha1|BZD_GAMMA2_077|PHE|any_contact_frequency,NA,37,45,NA,NA,0.11111111111111105,0.06085806194501842,False,B,0.8222222222222222
midazolam,alpha1,alpha1|BZD_GAMMA2_077|PHE|any_contact_frequency,NA,28,43,NA,NA,0.09523809523809523,0.04259177099999599,False,B,0.6511627906976745
temazepam,alpha1,alpha1|BZD_GAMMA2_077|PHE|any_contact_frequency,NA,37,45,NA,NA,0.2222222222222222,0.09938079899999064,False,B,0.8222222222222222
zopiclone,alpha1,alpha1|BZD_GAMMA2_077|PHE|any_contact_frequency,NA,21,45,NA,NA,0.11111111111111116,0.04969039949999535,False,B,0.4666666666666667
zaleplon,alpha1,alpha1|BZD_GAMMA2_077|PHE|any_contact_frequency,NA,45,45,NA,NA,0.0,0.0,False,B,1.0
diazepam,alpha1,alpha1|BZD_GAMMA2_079|ALA|any_contact_frequency,NA,0,45,NA,NA,0.0,0.0,False,B,0.0
alprazolam,alpha1,alpha1|BZD_GAMMA2_079|ALA|any_contact_frequency,NA,0,35,NA,NA,0.0,0.0,False,B,0.0
triazolam,alpha1,alpha1|BZD_GAMMA2_079|ALA|any_contact_frequency,NA,0,40,NA,NA,0.0,0.0,False,B,0.0
zolpidem,alpha1,alpha1|BZD_GAMMA2_079|ALA|any_contact_frequency,NA,7,45,NA,NA,0.1111111111111111,0.06085806194501846,False,B,0.15555555555555556
lorazepam,alpha1,alpha1|BZD_GAMMA2_079|ALA|any_contact_frequency,NA,2,45,NA,NA,0.1111111111111111,0.06085806194501846,False,B,0.044444444444444446
clonazepam,alpha1,alpha1|BZD_GAMMA2_079|ALA|any_contact_frequency,NA,0,45,NA,NA,0.0,0.0,False,B,0.0
midazolam,alpha1,alpha1|BZD_GAMMA2_079|ALA|any_contact_frequency,NA,0,43,NA,NA,0.0,0.0,False,B,0.0
temazepam,alpha1,alpha1|BZD_GAMMA2_079|ALA|any_contact_frequency,NA,0,45,NA,NA,0.0,0.0,False,B,0.0
zopiclone,alpha1,alpha1|BZD_GAMMA2_079|ALA|any_contact_frequency,NA,1,45,NA,NA,0.1111111111111111,0.04969039949999532,False,B,0.022222222222222223
zaleplon,alpha1,alpha1|BZD_GAMMA2_079|ALA|any_contact_frequency,NA,4,45,NA,NA,0.2222222222222222,0.09296222517045283,False,B,0.08888888888888889
diazepam,alpha1,alpha1|BZD_GAMMA2_142|THR|any_contact_frequency,NA,1,45,NA,NA,0.1111111111111111,0.04969039949999532,False,B,0.022222222222222223
alprazolam,alpha1,alpha1|BZD_GAMMA2_142|THR|any_contact_frequency,NA,6,35,NA,NA,0.20833333333333331,0.08752226797958476,False,B,0.17142857142857143
triazolam,alpha1,alpha1|BZD_GAMMA2_142|THR|any_contact_frequency,NA,6,40,NA,NA,0.25,0.09938079899999064,False,B,0.15
zolpidem,alpha1,alpha1|BZD_GAMMA2_142|THR|any_contact_frequency,NA,23,45,NA,NA,0.11111111111111116,0.060858061945018485,False,B,0.5111111111111111
lorazepam,alpha1,alpha1|BZD_GAMMA2_142|THR|any_contact_frequency,NA,4,45,NA,NA,0.1111111111111111,0.049690399499995326,False,B,0.08888888888888889
clonazepam,alpha1,alpha1|BZD_GAMMA2_142|THR|any_contact_frequency,NA,1,45,NA,NA,0.1111111111111111,0.04969039949999532,False,B,0.022222222222222223
midazolam,alpha1,alpha1|BZD_GAMMA2_142|THR|any_contact_frequency,NA,3,43,NA,NA,0.14285714285714285,0.06790237979748392,False,B,0.06976744186046512
temazepam,alpha1,alpha1|BZD_GAMMA2_142|THR|any_contact_frequency,NA,11,45,NA,NA,0.2222222222222222,0.09296222517045283,False,B,0.24444444444444444
zopiclone,alpha1,alpha1|BZD_GAMMA2_142|THR|any_contact_frequency,NA,7,45,NA,NA,0.1111111111111111,0.06085806194501846,False,B,0.15555555555555556
zaleplon,alpha1,alpha1|BZD_GAMMA2_142|THR|any_contact_frequency,NA,18,45,NA,NA,0.33333333333333337,0.12668615834434868,False,B,0.4
diazepam,alpha1,alpha1|BZD_GAMMA2_189|GLU|any_contact_frequency,NA,4,45,NA,NA,0.1111111111111111,0.049690399499995326,False,B,0.08888888888888889
alprazolam,alpha1,alpha1|BZD_GAMMA2_189|GLU|any_contact_frequency,NA,3,35,NA,NA,0.16666666666666666,0.08316309141225228,False,B,0.08571428571428572
triazolam,alpha1,alpha1|BZD_GAMMA2_189|GLU|any_contact_frequency,NA,2,40,NA,NA,0.125,0.06846531968814577,False,B,0.05
zolpidem,alpha1,alpha1|BZD_GAMMA2_189|GLU|any_contact_frequency,NA,0,45,NA,NA,0.0,0.0,False,B,0.0
lorazepam,alpha1,alpha1|BZD_GAMMA2_189|GLU|any_contact_frequency,NA,5,45,NA,NA,0.0,1.5515838457795457e-17,False,B,0.1111111111111111
clonazepam,alpha1,alpha1|BZD_GAMMA2_189|GLU|any_contact_frequency,NA,1,45,NA,NA,0.1111111111111111,0.04969039949999532,False,B,0.022222222222222223
midazolam,alpha1,alpha1|BZD_GAMMA2_189|GLU|any_contact_frequency,NA,4,43,NA,NA,0.14285714285714285,0.0549857399228215,False,B,0.09302325581395349
temazepam,alpha1,alpha1|BZD_GAMMA2_189|GLU|any_contact_frequency,NA,2,45,NA,NA,0.2222222222222222,0.09938079899999064,False,B,0.044444444444444446
zopiclone,alpha1,alpha1|BZD_GAMMA2_189|GLU|any_contact_frequency,NA,1,45,NA,NA,0.1111111111111111,0.04969039949999532,False,B,0.022222222222222223
zaleplon,alpha1,alpha1|BZD_GAMMA2_189|GLU|any_contact_frequency,NA,0,45,NA,NA,0.0,0.0,False,B,0.0
diazepam,alpha1,alpha1|BZD_GAMMA2_192|ASP|any_contact_frequency,NA,0,45,NA,NA,0.0,0.0,False,B,0.0
alprazolam,alpha1,alpha1|BZD_GAMMA2_192|ASP|any_contact_frequency,NA,0,35,NA,NA,0.0,0.0,False,B,0.0
triazolam,alpha1,alpha1|BZD_GAMMA2_192|ASP|any_contact_frequency,NA,0,40,NA,NA,0.0,0.0,False,B,0.0
zolpidem,alpha1,alpha1|BZD_GAMMA2_192|ASP|any_contact_frequency,NA,0,45,NA,NA,0.0,0.0,False,B,0.0
lorazepam,alpha1,alpha1|BZD_GAMMA2_192|ASP|any_contact_frequency,NA,10,45,NA,NA,0.2222222222222222,0.1111111111111111,False,B,0.2222222222222222
clonazepam,alpha1,alpha1|BZD_GAMMA2_192|ASP|any_contact_frequency,NA,1,45,NA,NA,0.1111111111111111,0.04969039949999532,False,B,0.022222222222222223
midazolam,alpha1,alpha1|BZD_GAMMA2_192|ASP|any_contact_frequency,NA,1,43,NA,NA,0.1111111111111111,0.04969039949999532,False,B,0.023255813953488372
temazepam,alpha1,alpha1|BZD_GAMMA2_192|ASP|any_contact_frequency,NA,9,45,NA,NA,0.1111111111111111,0.049690399499995326,False,B,0.2
zopiclone,alpha1,alpha1|BZD_GAMMA2_192|ASP|any_contact_frequency,NA,6,45,NA,NA,0.1111111111111111,0.049690399499995326,False,B,0.13333333333333333
zaleplon,alpha1,alpha1|BZD_GAMMA2_192|ASP|any_contact_frequency,NA,0,45,NA,NA,0.0,0.0,False,B,0.0
diazepam,alpha1,alpha1|BZD_GAMMA2_195|SER|any_contact_frequency,NA,0,45,NA,NA,0.0,0.0,False,B,0.0
alprazolam,alpha1,alpha1|BZD_GAMMA2_195|SER|any_contact_frequency,NA,0,35,NA,NA,0.0,0.0,False,B,0.0
triazolam,alpha1,alpha1|BZD_GAMMA2_195|SER|any_contact_frequency,NA,0,40,NA,NA,0.0,0.0,False,B,0.0
zolpidem,alpha1,alpha1|BZD_GAMMA2_195|SER|any_contact_frequency,NA,0,45,NA,NA,0.0,0.0,False,B,0.0
lorazepam,alpha1,alpha1|BZD_GAMMA2_195|SER|any_contact_frequency,NA,0,45,NA,NA,0.0,0.0,False,B,0.0
clonazepam,alpha1,alpha1|BZD_GAMMA2_195|SER|any_contact_frequency,NA,2,45,NA,NA,0.1111111111111111,0.06085806194501846,False,B,0.044444444444444446
midazolam,alpha1,alpha1|BZD_GAMMA2_195|SER|any_contact_frequency,NA,0,43,NA,NA,0.0,0.0,False,B,0.0
temazepam,alpha1,alpha1|BZD_GAMMA2_195|SER|any_contact_frequency,NA,1,45,NA,NA,0.1111111111111111,0.04969039949999532,False,B,0.022222222222222223
zopiclone,alpha1,alpha1|BZD_GAMMA2_195|SER|any_contact_frequency,NA,0,45,NA,NA,0.0,0.0,False,B,0.0
zaleplon,alpha1,alpha1|BZD_GAMMA2_195|SER|any_contact_frequency,NA,0,45,NA,NA,0.0,0.0,False,B,0.0
diazepam,alpha1,alpha1|BZD_SITE_100|PHE|any_contact_frequency,NA,14,45,NA,NA,0.1111111111111111,0.04969039949999532,False,B,0.3111111111111111
alprazolam,alpha1,alpha1|BZD_SITE_100|PHE|any_contact_frequency,NA,6,35,NA,NA,0.10714285714285715,0.04641330640385221,False,B,0.17142857142857143
triazolam,alpha1,alpha1|BZD_SITE_100|PHE|any_contact_frequency,NA,7,40,NA,NA,0.1388888888888889,0.060220787190774436,False,B,0.175
zolpidem,alpha1,alpha1|BZD_SITE_100|PHE|any_contact_frequency,NA,11,45,NA,NA,0.2222222222222222,0.09296222517045284,False,B,0.24444444444444444
lorazepam,alpha1,alpha1|BZD_SITE_100|PHE|any_contact_frequency,NA,1,45,NA,NA,0.1111111111111111,0.04969039949999532,False,B,0.022222222222222223
clonazepam,alpha1,alpha1|BZD_SITE_100|PHE|any_contact_frequency,NA,10,45,NA,NA,0.2222222222222222,0.07856742013183861,False,B,0.2222222222222222
midazolam,alpha1,alpha1|BZD_SITE_100|PHE|any_contact_frequency,NA,13,43,NA,NA,0.20634920634920634,0.08737370758427228,False,B,0.3023255813953488
temazepam,alpha1,alpha1|BZD_SITE_100|PHE|any_contact_frequency,NA,5,45,NA,NA,0.0,1.5515838457795457e-17,False,B,0.1111111111111111
zopiclone,alpha1,alpha1|BZD_SITE_100|PHE|any_contact_frequency,NA,6,45,NA,NA,0.1111111111111111,0.049690399499995326,False,B,0.13333333333333333
zaleplon,alpha1,alpha1|BZD_SITE_100|PHE|any_contact_frequency,NA,12,45,NA,NA,0.3333333333333333,0.14907119849998596,False,B,0.26666666666666666
diazepam,alpha1,alpha1|BZD_SITE_102|HIS|any_contact_frequency,NA,3,45,NA,NA,0.1111111111111111,0.06085806194501846,False,B,0.06666666666666667
alprazolam,alpha1,alpha1|BZD_SITE_102|HIS|any_contact_frequency,NA,11,35,NA,NA,0.26190476190476186,0.09999291358111288,False,B,0.3142857142857143
triazolam,alpha1,alpha1|BZD_SITE_102|HIS|any_contact_frequency,NA,12,40,NA,NA,0.20833333333333334,0.08333333333333333,False,B,0.3
zolpidem,alpha1,alpha1|BZD_SITE_102|HIS|any_contact_frequency,NA,8,45,NA,NA,0.3333333333333333,0.12668615834434865,False,B,0.17777777777777778
lorazepam,alpha1,alpha1|BZD_SITE_102|HIS|any_contact_frequency,NA,4,45,NA,NA,0.1111111111111111,0.049690399499995326,False,B,0.08888888888888889
clonazepam,alpha1,alpha1|BZD_SITE_102|HIS|any_contact_frequency,NA,9,45,NA,NA,0.1111111111111111,0.04969039949999532,False,B,0.2
midazolam,alpha1,alpha1|BZD_SITE_102|HIS|any_contact_frequency,NA,9,43,NA,NA,0.3333333333333333,0.14487116456005886,False,B,0.20930232558139536
temazepam,alpha1,alpha1|BZD_SITE_102|HIS|any_contact_frequency,NA,16,45,NA,NA,0.33333333333333337,0.12171612389003693,False,B,0.35555555555555557
zopiclone,alpha1,alpha1|BZD_SITE_102|HIS|any_contact_frequency,NA,4,45,NA,NA,0.1111111111111111,0.049690399499995326,False,B,0.08888888888888889
zaleplon,alpha1,alpha1|BZD_SITE_102|HIS|any_contact_frequency,NA,8,45,NA,NA,0.1111111111111111,0.06085806194501846,False,B,0.17777777777777778
diazepam,alpha1,alpha1|BZD_SITE_103|ASN|any_contact_frequency,NA,2,45,NA,NA,0.2222222222222222,0.09938079899999064,False,B,0.044444444444444446
alprazolam,alpha1,alpha1|BZD_SITE_103|ASN|any_contact_frequency,NA,0,35,NA,NA,0.0,0.0,False,B,0.0
triazolam,alpha1,alpha1|BZD_SITE_103|ASN|any_contact_frequency,NA,0,40,NA,NA,0.0,0.0,False,B,0.0
zolpidem,alpha1,alpha1|BZD_SITE_103|ASN|any_contact_frequency,NA,0,45,NA,NA,0.0,0.0,False,B,0.0
lorazepam,alpha1,alpha1|BZD_SITE_103|ASN|any_contact_frequency,NA,1,45,NA,NA,0.1111111111111111,0.04969039949999532,False,B,0.022222222222222223
clonazepam,alpha1,alpha1|BZD_SITE_103|ASN|any_contact_frequency,NA,0,45,NA,NA,0.0,0.0,False,B,0.0
midazolam,alpha1,alpha1|BZD_SITE_103|ASN|any_contact_frequency,NA,0,43,NA,NA,0.0,0.0,False,B,0.0
temazepam,alpha1,alpha1|BZD_SITE_103|ASN|any_contact_frequency,NA,0,45,NA,NA,0.0,0.0,False,B,0.0
zopiclone,alpha1,alpha1|BZD_SITE_103|ASN|any_contact_frequency,NA,0,45,NA,NA,0.0,0.0,False,B,0.0
zaleplon,alpha1,alpha1|BZD_SITE_103|ASN|any_contact_frequency,NA,0,45,NA,NA,0.0,0.0,False,B,0.0
diazepam,alpha1,alpha1|BZD_SITE_138|GLU|any_contact_frequency,NA,0,45,NA,NA,0.0,0.0,False,B,0.0
alprazolam,alpha1,alpha1|BZD_SITE_138|GLU|any_contact_frequency,NA,0,35,NA,NA,0.0,0.0,False,B,0.0
triazolam,alpha1,alpha1|BZD_SITE_138|GLU|any_contact_frequency,NA,0,40,NA,NA,0.0,0.0,False,B,0.0
zolpidem,alpha1,alpha1|BZD_SITE_138|GLU|any_contact_frequency,NA,0,45,NA,NA,0.0,0.0,False,B,0.0
lorazepam,alpha1,alpha1|BZD_SITE_138|GLU|any_contact_frequency,NA,1,45,NA,NA,0.1111111111111111,0.04969039949999532,False,B,0.022222222222222223
clonazepam,alpha1,alpha1|BZD_SITE_138|GLU|any_contact_frequency,NA,0,45,NA,NA,0.0,0.0,False,B,0.0
midazolam,alpha1,alpha1|BZD_SITE_138|GLU|any_contact_frequency,NA,0,43,NA,NA,0.0,0.0,False,B,0.0
temazepam,alpha1,alpha1|BZD_SITE_138|GLU|any_contact_frequency,NA,0,45,NA,NA,0.0,0.0,False,B,0.0
zopiclone,alpha1,alpha1|BZD_SITE_138|GLU|any_contact_frequency,NA,0,45,NA,NA,0.0,0.0,False,B,0.0
zaleplon,alpha1,alpha1|BZD_SITE_138|GLU|any_contact_frequency,NA,0,45,NA,NA,0.0,0.0,False,B,0.0
diazepam,alpha1,alpha1|BZD_SITE_156|LYS|any_contact_frequency,NA,7,45,NA,NA,0.3333333333333333,0.12668615834434865,False,B,0.15555555555555556
alprazolam,alpha1,alpha1|BZD_SITE_156|LYS|any_contact_frequency,NA,7,35,NA,NA,0.14285714285714285,0.06606874726434099,False,B,0.2
triazolam,alpha1,alpha1|BZD_SITE_156|LYS|any_contact_frequency,NA,8,40,NA,NA,0.20833333333333331,0.08729031312483704,False,B,0.2
zolpidem,alpha1,alpha1|BZD_SITE_156|LYS|any_contact_frequency,NA,5,45,NA,NA,0.0,1.5515838457795457e-17,False,B,0.1111111111111111
lorazepam,alpha1,alpha1|BZD_SITE_156|LYS|any_contact_frequency,NA,11,45,NA,NA,0.3333333333333333,0.14487116456005886,False,B,0.24444444444444444
clonazepam,alpha1,alpha1|BZD_SITE_156|LYS|any_contact_frequency,NA,8,45,NA,NA,0.1111111111111111,0.06085806194501846,False,B,0.17777777777777778
midazolam,alpha1,alpha1|BZD_SITE_156|LYS|any_contact_frequency,NA,5,43,NA,NA,0.2222222222222222,0.1111111111111111,False,B,0.11627906976744186
temazepam,alpha1,alpha1|BZD_SITE_156|LYS|any_contact_frequency,NA,3,45,NA,NA,0.2222222222222222,0.09938079899999065,False,B,0.06666666666666667
zopiclone,alpha1,alpha1|BZD_SITE_156|LYS|any_contact_frequency,NA,19,45,NA,NA,0.1111111111111111,0.049690399499995326,False,B,0.4222222222222222
zaleplon,alpha1,alpha1|BZD_SITE_156|LYS|any_contact_frequency,NA,9,45,NA,NA,0.2222222222222222,0.09296222517045283,False,B,0.2
diazepam,alpha1,alpha1|BZD_SITE_160|TYR|any_contact_frequency,NA,11,45,NA,NA,0.1111111111111111,0.049690399499995326,False,B,0.24444444444444444
alprazolam,alpha1,alpha1|BZD_SITE_160|TYR|any_contact_frequency,NA,9,35,NA,NA,0.19047619047619047,0.07162670931662535,False,B,0.2571428571428571
triazolam,alpha1,alpha1|BZD_SITE_160|TYR|any_contact_frequency,NA,9,40,NA,NA,0.08333333333333334,0.03402069087198859,False,B,0.225
zolpidem,alpha1,alpha1|BZD_SITE_160|TYR|any_contact_frequency,NA,28,45,NA,NA,0.2222222222222222,0.09938079899999064,False,B,0.6222222222222222
lorazepam,alpha1,alpha1|BZD_SITE_160|TYR|any_contact_frequency,NA,6,45,NA,NA,0.1111111111111111,0.049690399499995326,False,B,0.13333333333333333
clonazepam,alpha1,alpha1|BZD_SITE_160|TYR|any_contact_frequency,NA,14,45,NA,NA,0.4444444444444445,0.16480441082434807,True,B,0.3111111111111111
midazolam,alpha1,alpha1|BZD_SITE_160|TYR|any_contact_frequency,NA,11,43,NA,NA,0.1111111111111111,0.05069434737355972,False,B,0.2558139534883721
temazepam,alpha1,alpha1|BZD_SITE_160|TYR|any_contact_frequency,NA,9,45,NA,NA,0.2222222222222222,0.09296222517045284,False,B,0.2
zopiclone,alpha1,alpha1|BZD_SITE_160|TYR|any_contact_frequency,NA,7,45,NA,NA,0.2222222222222222,0.09938079899999064,False,B,0.15555555555555556
zaleplon,alpha1,alpha1|BZD_SITE_160|TYR|any_contact_frequency,NA,21,45,NA,NA,0.11111111111111116,0.04969039949999535,False,B,0.4666666666666667
diazepam,alpha1,alpha1|BZD_SITE_203|VAL|any_contact_frequency,NA,23,45,NA,NA,0.33333333333333337,0.14907119849998599,False,B,0.5111111111111111
alprazolam,alpha1,alpha1|BZD_SITE_203|VAL|any_contact_frequency,NA,22,35,NA,NA,0.2142857142857143,0.0927884361197613,False,B,0.6285714285714286
triazolam,alpha1,alpha1|BZD_SITE_203|VAL|any_contact_frequency,NA,27,40,NA,NA,0.33333333333333326,0.12752087701264475,False,B,0.675
zolpidem,alpha1,alpha1|BZD_SITE_203|VAL|any_contact_frequency,NA,29,45,NA,NA,0.33333333333333337,0.14487116456005886,False,B,0.6444444444444445
lorazepam,alpha1,alpha1|BZD_SITE_203|VAL|any_contact_frequency,NA,35,45,NA,NA,0.2222222222222222,0.1111111111111111,False,B,0.7777777777777778
clonazepam,alpha1,alpha1|BZD_SITE_203|VAL|any_contact_frequency,NA,25,45,NA,NA,0.2222222222222222,0.1111111111111111,False,B,0.5555555555555556
midazolam,alpha1,alpha1|BZD_SITE_203|VAL|any_contact_frequency,NA,27,43,NA,NA,0.15873015873015872,0.07221786137191952,False,B,0.627906976744186
temazepam,alpha1,alpha1|BZD_SITE_203|VAL|any_contact_frequency,NA,36,45,NA,NA,0.33333333333333326,0.14487116456005883,False,B,0.8
zopiclone,alpha1,alpha1|BZD_SITE_203|VAL|any_contact_frequency,NA,14,45,NA,NA,0.2222222222222222,0.09296222517045284,False,B,0.3111111111111111
zaleplon,alpha1,alpha1|BZD_SITE_203|VAL|any_contact_frequency,NA,27,45,NA,NA,0.11111111111111105,0.06085806194501842,False,B,0.6
diazepam,alpha1,alpha1|BZD_SITE_204|GLN|any_contact_frequency,NA,1,45,NA,NA,0.1111111111111111,0.04969039949999532,False,B,0.022222222222222223
alprazolam,alpha1,alpha1|BZD_SITE_204|GLN|any_contact_frequency,NA,6,35,NA,NA,0.10714285714285715,0.04641330640385221,False,B,0.17142857142857143
triazolam,alpha1,alpha1|BZD_SITE_204|GLN|any_contact_frequency,NA,0,40,NA,NA,0.0,0.0,False,B,0.0
zolpidem,alpha1,alpha1|BZD_SITE_204|GLN|any_contact_frequency,NA,0,45,NA,NA,0.0,0.0,False,B,0.0
lorazepam,alpha1,alpha1|BZD_SITE_204|GLN|any_contact_frequency,NA,0,45,NA,NA,0.0,0.0,False,B,0.0
clonazepam,alpha1,alpha1|BZD_SITE_204|GLN|any_contact_frequency,NA,1,45,NA,NA,0.1111111111111111,0.04969039949999532,False,B,0.022222222222222223
midazolam,alpha1,alpha1|BZD_SITE_204|GLN|any_contact_frequency,NA,0,43,NA,NA,0.0,0.0,False,B,0.0
temazepam,alpha1,alpha1|BZD_SITE_204|GLN|any_contact_frequency,NA,3,45,NA,NA,0.2222222222222222,0.09938079899999065,False,B,0.06666666666666667
zopiclone,alpha1,alpha1|BZD_SITE_204|GLN|any_contact_frequency,NA,0,45,NA,NA,0.0,0.0,False,B,0.0
zaleplon,alpha1,alpha1|BZD_SITE_204|GLN|any_contact_frequency,NA,0,45,NA,NA,0.0,0.0,False,B,0.0
diazepam,alpha1,alpha1|BZD_SITE_205|SER|any_contact_frequency,NA,8,45,NA,NA,0.1111111111111111,0.06085806194501846,False,B,0.17777777777777778
alprazolam,alpha1,alpha1|BZD_SITE_205|SER|any_contact_frequency,NA,12,35,NA,NA,0.17857142857142855,0.08161493571906003,False,B,0.34285714285714286
triazolam,alpha1,alpha1|BZD_SITE_205|SER|any_contact_frequency,NA,10,40,NA,NA,0.16666666666666666,0.06022078719077444,False,B,0.25
zolpidem,alpha1,alpha1|BZD_SITE_205|SER|any_contact_frequency,NA,30,45,NA,NA,0.0,0.0,False,B,0.6666666666666666
lorazepam,alpha1,alpha1|BZD_SITE_205|SER|any_contact_frequency,NA,7,45,NA,NA,0.1111111111111111,0.06085806194501845,False,B,0.15555555555555556
clonazepam,alpha1,alpha1|BZD_SITE_205|SER|any_contact_frequency,NA,12,45,NA,NA,0.3333333333333333,0.12668615834434865,False,B,0.26666666666666666
midazolam,alpha1,alpha1|BZD_SITE_205|SER|any_contact_frequency,NA,9,43,NA,NA,0.2222222222222222,0.10076552538478652,False,B,0.20930232558139536
temazepam,alpha1,alpha1|BZD_SITE_205|SER|any_contact_frequency,NA,11,45,NA,NA,0.3333333333333333,0.12171612389003691,False,B,0.24444444444444444
zopiclone,alpha1,alpha1|BZD_SITE_205|SER|any_contact_frequency,NA,23,45,NA,NA,0.11111111111111116,0.060858061945018485,False,B,0.5111111111111111
zaleplon,alpha1,alpha1|BZD_SITE_205|SER|any_contact_frequency,NA,6,45,NA,NA,0.2222222222222222,0.09296222517045283,False,B,0.13333333333333333
diazepam,alpha1,alpha1|BZD_SITE_206|SER|any_contact_frequency,NA,0,45,NA,NA,0.0,0.0,False,B,0.0
alprazolam,alpha1,alpha1|BZD_SITE_206|SER|any_contact_frequency,NA,3,35,NA,NA,0.16666666666666666,0.08316309141225228,False,B,0.08571428571428572
triazolam,alpha1,alpha1|BZD_SITE_206|SER|any_contact_frequency,NA,2,40,NA,NA,0.16666666666666666,0.08122328620674137,False,B,0.05
zolpidem,alpha1,alpha1|BZD_SITE_206|SER|any_contact_frequency,NA,0,45,NA,NA,0.0,0.0,False,B,0.0
lorazepam,alpha1,alpha1|BZD_SITE_206|SER|any_contact_frequency,NA,3,45,NA,NA,0.1111111111111111,0.06085806194501846,False,B,0.06666666666666667
clonazepam,alpha1,alpha1|BZD_SITE_206|SER|any_contact_frequency,NA,3,45,NA,NA,0.1111111111111111,0.06085806194501846,False,B,0.06666666666666667
midazolam,alpha1,alpha1|BZD_SITE_206|SER|any_contact_frequency,NA,0,43,NA,NA,0.0,0.0,False,B,0.0
temazepam,alpha1,alpha1|BZD_SITE_206|SER|any_contact_frequency,NA,9,45,NA,NA,0.2222222222222222,0.09296222517045283,False,B,0.2
zopiclone,alpha1,alpha1|BZD_SITE_206|SER|any_contact_frequency,NA,4,45,NA,NA,0.1111111111111111,0.049690399499995326,False,B,0.08888888888888889
zaleplon,alpha1,alpha1|BZD_SITE_206|SER|any_contact_frequency,NA,4,45,NA,NA,0.2222222222222222,0.09296222517045283,False,B,0.08888888888888889
diazepam,alpha1,alpha1|BZD_SITE_207|THR|any_contact_frequency,NA,6,45,NA,NA,0.1111111111111111,0.049690399499995326,False,B,0.13333333333333333
alprazolam,alpha1,alpha1|BZD_SITE_207|THR|any_contact_frequency,NA,1,35,NA,NA,0.16666666666666666,0.07453559924999299,False,B,0.02857142857142857
triazolam,alpha1,alpha1|BZD_SITE_207|THR|any_contact_frequency,NA,0,40,NA,NA,0.0,0.0,False,B,0.0
zolpidem,alpha1,alpha1|BZD_SITE_207|THR|any_contact_frequency,NA,12,45,NA,NA,0.1111111111111111,0.06085806194501846,False,B,0.26666666666666666
lorazepam,alpha1,alpha1|BZD_SITE_207|THR|any_contact_frequency,NA,4,45,NA,NA,0.1111111111111111,0.049690399499995326,False,B,0.08888888888888889
clonazepam,alpha1,alpha1|BZD_SITE_207|THR|any_contact_frequency,NA,3,45,NA,NA,0.1111111111111111,0.06085806194501846,False,B,0.06666666666666667
midazolam,alpha1,alpha1|BZD_SITE_207|THR|any_contact_frequency,NA,0,43,NA,NA,0.0,0.0,False,B,0.0
temazepam,alpha1,alpha1|BZD_SITE_207|THR|any_contact_frequency,NA,3,45,NA,NA,0.1111111111111111,0.06085806194501846,False,B,0.06666666666666667
zopiclone,alpha1,alpha1|BZD_SITE_207|THR|any_contact_frequency,NA,1,45,NA,NA,0.1111111111111111,0.04969039949999532,False,B,0.022222222222222223
zaleplon,alpha1,alpha1|BZD_SITE_207|THR|any_contact_frequency,NA,9,45,NA,NA,0.4444444444444444,0.18257418583505536,True,B,0.2
diazepam,alpha1,alpha1|BZD_SITE_210|TYR|any_contact_frequency,NA,10,45,NA,NA,0.0,3.1031676915590914e-17,False,B,0.2222222222222222
alprazolam,alpha1,alpha1|BZD_SITE_210|TYR|any_contact_frequency,NA,18,35,NA,NA,0.3392857142857143,0.13243211584099399,False,B,0.5142857142857142
triazolam,alpha1,alpha1|BZD_SITE_210|TYR|any_contact_frequency,NA,16,40,NA,NA,0.33333333333333337,0.14163943093313291,False,B,0.4
zolpidem,alpha1,alpha1|BZD_SITE_210|TYR|any_contact_frequency,NA,18,45,NA,NA,0.22222222222222227,0.09938079899999068,False,B,0.4
lorazepam,alpha1,alpha1|BZD_SITE_210|TYR|any_contact_frequency,NA,15,45,NA,NA,0.33333333333333337,0.13608276348795437,False,B,0.3333333333333333
clonazepam,alpha1,alpha1|BZD_SITE_210|TYR|any_contact_frequency,NA,14,45,NA,NA,0.2222222222222222,0.09296222517045283,False,B,0.3111111111111111
midazolam,alpha1,alpha1|BZD_SITE_210|TYR|any_contact_frequency,NA,20,43,NA,NA,0.12698412698412698,0.05678902799999466,False,B,0.46511627906976744
temazepam,alpha1,alpha1|BZD_SITE_210|TYR|any_contact_frequency,NA,13,45,NA,NA,0.3333333333333333,0.12668615834434865,False,B,0.28888888888888886
zopiclone,alpha1,alpha1|BZD_SITE_210|TYR|any_contact_frequency,NA,18,45,NA,NA,0.33333333333333337,0.12668615834434868,False,B,0.4
zaleplon,alpha1,alpha1|BZD_SITE_210|TYR|any_contact_frequency,NA,20,45,NA,NA,0.0,6.206335383118183e-17,False,B,0.4444444444444444
diazepam,alpha2,alpha2|BZD_GAMMA2_056|ASP|any_contact_frequency,NA,0,45,NA,NA,0.0,0.0,False,B,0.0
alprazolam,alpha2,alpha2|BZD_GAMMA2_056|ASP|any_contact_frequency,NA,0,45,NA,NA,0.0,0.0,False,B,0.0
triazolam,alpha2,alpha2|BZD_GAMMA2_056|ASP|any_contact_frequency,NA,0,45,NA,NA,0.0,0.0,False,B,0.0
zolpidem,alpha2,alpha2|BZD_GAMMA2_056|ASP|any_contact_frequency,NA,0,45,NA,NA,0.0,0.0,False,B,0.0
lorazepam,alpha2,alpha2|BZD_GAMMA2_056|ASP|any_contact_frequency,NA,0,45,NA,NA,0.0,0.0,False,B,0.0
clonazepam,alpha2,alpha2|BZD_GAMMA2_056|ASP|any_contact_frequency,NA,0,45,NA,NA,0.0,0.0,False,B,0.0
midazolam,alpha2,alpha2|BZD_GAMMA2_056|ASP|any_contact_frequency,NA,0,45,NA,NA,0.0,0.0,False,B,0.0
temazepam,alpha2,alpha2|BZD_GAMMA2_056|ASP|any_contact_frequency,NA,0,45,NA,NA,0.0,0.0,False,B,0.0
zopiclone,alpha2,alpha2|BZD_GAMMA2_056|ASP|any_contact_frequency,NA,4,45,NA,NA,0.1111111111111111,0.04969039949999532,False,B,0.08888888888888889
zaleplon,alpha2,alpha2|BZD_GAMMA2_056|ASP|any_contact_frequency,NA,1,45,NA,NA,0.1111111111111111,0.04969039949999532,False,B,0.022222222222222223
diazepam,alpha2,alpha2|BZD_GAMMA2_058|TYR|any_contact_frequency,NA,21,45,NA,NA,0.3333333333333333,0.12171612389003691,False,B,0.4666666666666667
alprazolam,alpha2,alpha2|BZD_GAMMA2_058|TYR|any_contact_frequency,NA,13,45,NA,NA,0.3333333333333333,0.12668615834434868,False,B,0.28888888888888886
triazolam,alpha2,alpha2|BZD_GAMMA2_058|TYR|any_contact_frequency,NA,13,45,NA,NA,0.1111111111111111,0.06085806194501846,False,B,0.28888888888888886
zolpidem,alpha2,alpha2|BZD_GAMMA2_058|TYR|any_contact_frequency,NA,28,45,NA,NA,0.11111111111111105,0.06085806194501842,False,B,0.6222222222222222
lorazepam,alpha2,alpha2|BZD_GAMMA2_058|TYR|any_contact_frequency,NA,20,45,NA,NA,0.33333333333333337,0.13608276348795437,False,B,0.4444444444444444
clonazepam,alpha2,alpha2|BZD_GAMMA2_058|TYR|any_contact_frequency,NA,15,45,NA,NA,0.2222222222222222,0.1111111111111111,False,B,0.3333333333333333
midazolam,alpha2,alpha2|BZD_GAMMA2_058|TYR|any_contact_frequency,NA,30,45,NA,NA,0.2222222222222222,0.1111111111111111,False,B,0.6666666666666666
temazepam,alpha2,alpha2|BZD_GAMMA2_058|TYR|any_contact_frequency,NA,25,45,NA,NA,0.2222222222222222,0.1111111111111111,False,B,0.5555555555555556
zopiclone,alpha2,alpha2|BZD_GAMMA2_058|TYR|any_contact_frequency,NA,14,45,NA,NA,0.3333333333333333,0.14487116456005886,False,B,0.3111111111111111
zaleplon,alpha2,alpha2|BZD_GAMMA2_058|TYR|any_contact_frequency,NA,30,45,NA,NA,0.0,0.0,False,B,0.6666666666666666
diazepam,alpha2,alpha2|BZD_GAMMA2_059|VAL|any_contact_frequency,NA,1,45,NA,NA,0.1111111111111111,0.04969039949999532,False,B,0.022222222222222223
alprazolam,alpha2,alpha2|BZD_GAMMA2_059|VAL|any_contact_frequency,NA,0,45,NA,NA,0.0,0.0,False,B,0.0
triazolam,alpha2,alpha2|BZD_GAMMA2_059|VAL|any_contact_frequency,NA,1,45,NA,NA,0.1111111111111111,0.04969039949999532,False,B,0.022222222222222223
zolpidem,alpha2,alpha2|BZD_GAMMA2_059|VAL|any_contact_frequency,NA,0,45,NA,NA,0.0,0.0,False,B,0.0
lorazepam,alpha2,alpha2|BZD_GAMMA2_059|VAL|any_contact_frequency,NA,2,45,NA,NA,0.1111111111111111,0.06085806194501846,False,B,0.044444444444444446
clonazepam,alpha2,alpha2|BZD_GAMMA2_059|VAL|any_contact_frequency,NA,0,45,NA,NA,0.0,0.0,False,B,0.0
midazolam,alpha2,alpha2|BZD_GAMMA2_059|VAL|any_contact_frequency,NA,0,45,NA,NA,0.0,0.0,False,B,0.0
temazepam,alpha2,alpha2|BZD_GAMMA2_059|VAL|any_contact_frequency,NA,0,45,NA,NA,0.0,0.0,False,B,0.0
zopiclone,alpha2,alpha2|BZD_GAMMA2_059|VAL|any_contact_frequency,NA,0,45,NA,NA,0.0,0.0,False,B,0.0
zaleplon,alpha2,alpha2|BZD_GAMMA2_059|VAL|any_contact_frequency,NA,0,45,NA,NA,0.0,0.0,False,B,0.0
diazepam,alpha2,alpha2|BZD_GAMMA2_060|ASN|any_contact_frequency,NA,4,45,NA,NA,0.2222222222222222,0.09296222517045283,False,B,0.08888888888888889
alprazolam,alpha2,alpha2|BZD_GAMMA2_060|ASN|any_contact_frequency,NA,8,45,NA,NA,0.1111111111111111,0.06085806194501846,False,B,0.17777777777777778
triazolam,alpha2,alpha2|BZD_GAMMA2_060|ASN|any_contact_frequency,NA,13,45,NA,NA,0.2222222222222222,0.09938079899999065,False,B,0.28888888888888886
zolpidem,alpha2,alpha2|BZD_GAMMA2_060|ASN|any_contact_frequency,NA,20,45,NA,NA,0.22222222222222227,0.07856742013183864,False,B,0.4444444444444444
lorazepam,alpha2,alpha2|BZD_GAMMA2_060|ASN|any_contact_frequency,NA,33,45,NA,NA,0.4444444444444444,0.16850834320114558,True,B,0.7333333333333333
clonazepam,alpha2,alpha2|BZD_GAMMA2_060|ASN|any_contact_frequency,NA,24,45,NA,NA,0.2222222222222222,0.09296222517045284,False,B,0.5333333333333333
midazolam,alpha2,alpha2|BZD_GAMMA2_060|ASN|any_contact_frequency,NA,16,45,NA,NA,0.2222222222222222,0.12171612389003691,False,B,0.35555555555555557
temazepam,alpha2,alpha2|BZD_GAMMA2_060|ASN|any_contact_frequency,NA,16,45,NA,NA,0.2222222222222222,0.09296222517045284,False,B,0.35555555555555557
zopiclone,alpha2,alpha2|BZD_GAMMA2_060|ASN|any_contact_frequency,NA,9,45,NA,NA,0.2222222222222222,0.09296222517045283,False,B,0.2
zaleplon,alpha2,alpha2|BZD_GAMMA2_060|ASN|any_contact_frequency,NA,5,45,NA,NA,0.2222222222222222,0.07856742013183861,False,B,0.1111111111111111
diazepam,alpha2,alpha2|BZD_GAMMA2_061|SER|any_contact_frequency,NA,3,45,NA,NA,0.1111111111111111,0.06085806194501846,False,B,0.06666666666666667
alprazolam,alpha2,alpha2|BZD_GAMMA2_061|SER|any_contact_frequency,NA,1,45,NA,NA,0.1111111111111111,0.04969039949999532,False,B,0.022222222222222223
triazolam,alpha2,alpha2|BZD_GAMMA2_061|SER|any_contact_frequency,NA,0,45,NA,NA,0.0,0.0,False,B,0.0
zolpidem,alpha2,alpha2|BZD_GAMMA2_061|SER|any_contact_frequency,NA,0,45,NA,NA,0.0,0.0,False,B,0.0
lorazepam,alpha2,alpha2|BZD_GAMMA2_061|SER|any_contact_frequency,NA,0,45,NA,NA,0.0,0.0,False,B,0.0
clonazepam,alpha2,alpha2|BZD_GAMMA2_061|SER|any_contact_frequency,NA,10,45,NA,NA,0.2222222222222222,0.07856742013183861,False,B,0.2222222222222222
midazolam,alpha2,alpha2|BZD_GAMMA2_061|SER|any_contact_frequency,NA,0,45,NA,NA,0.0,0.0,False,B,0.0
temazepam,alpha2,alpha2|BZD_GAMMA2_061|SER|any_contact_frequency,NA,3,45,NA,NA,0.1111111111111111,0.06085806194501846,False,B,0.06666666666666667
zopiclone,alpha2,alpha2|BZD_GAMMA2_061|SER|any_contact_frequency,NA,0,45,NA,NA,0.0,0.0,False,B,0.0
zaleplon,alpha2,alpha2|BZD_GAMMA2_061|SER|any_contact_frequency,NA,0,45,NA,NA,0.0,0.0,False,B,0.0
diazepam,alpha2,alpha2|BZD_GAMMA2_075|ASP|any_contact_frequency,NA,2,45,NA,NA,0.1111111111111111,0.06085806194501846,False,B,0.044444444444444446
alprazolam,alpha2,alpha2|BZD_GAMMA2_075|ASP|any_contact_frequency,NA,2,45,NA,NA,0.1111111111111111,0.06085806194501846,False,B,0.044444444444444446
triazolam,alpha2,alpha2|BZD_GAMMA2_075|ASP|any_contact_frequency,NA,3,45,NA,NA,0.1111111111111111,0.06085806194501846,False,B,0.06666666666666667
zolpidem,alpha2,alpha2|BZD_GAMMA2_075|ASP|any_contact_frequency,NA,0,45,NA,NA,0.0,0.0,False,B,0.0
lorazepam,alpha2,alpha2|BZD_GAMMA2_075|ASP|any_contact_frequency,NA,2,45,NA,NA,0.1111111111111111,0.06085806194501846,False,B,0.044444444444444446
clonazepam,alpha2,alpha2|BZD_GAMMA2_075|ASP|any_contact_frequency,NA,0,45,NA,NA,0.0,0.0,False,B,0.0
midazolam,alpha2,alpha2|BZD_GAMMA2_075|ASP|any_contact_frequency,NA,3,45,NA,NA,0.1111111111111111,0.06085806194501846,False,B,0.06666666666666667
temazepam,alpha2,alpha2|BZD_GAMMA2_075|ASP|any_contact_frequency,NA,4,45,NA,NA,0.1111111111111111,0.049690399499995326,False,B,0.08888888888888889
zopiclone,alpha2,alpha2|BZD_GAMMA2_075|ASP|any_contact_frequency,NA,0,45,NA,NA,0.0,0.0,False,B,0.0
zaleplon,alpha2,alpha2|BZD_GAMMA2_075|ASP|any_contact_frequency,NA,0,45,NA,NA,0.0,0.0,False,B,0.0
diazepam,alpha2,alpha2|BZD_GAMMA2_077|PHE|any_contact_frequency,NA,44,45,NA,NA,0.11111111111111116,0.04969039949999535,False,B,0.9777777777777777
alprazolam,alpha2,alpha2|BZD_GAMMA2_077|PHE|any_contact_frequency,NA,27,45,NA,NA,0.33333333333333337,0.12668615834434868,False,B,0.6
triazolam,alpha2,alpha2|BZD_GAMMA2_077|PHE|any_contact_frequency,NA,20,45,NA,NA,0.22222222222222227,0.11111111111111113,False,B,0.4444444444444444
zolpidem,alpha2,alpha2|BZD_GAMMA2_077|PHE|any_contact_frequency,NA,37,45,NA,NA,0.2222222222222222,0.09938079899999064,False,B,0.8222222222222222
lorazepam,alpha2,alpha2|BZD_GAMMA2_077|PHE|any_contact_frequency,NA,18,45,NA,NA,0.33333333333333337,0.12668615834434868,False,B,0.4
clonazepam,alpha2,alpha2|BZD_GAMMA2_077|PHE|any_contact_frequency,NA,20,45,NA,NA,0.22222222222222227,0.07856742013183864,False,B,0.4444444444444444
midazolam,alpha2,alpha2|BZD_GAMMA2_077|PHE|any_contact_frequency,NA,33,45,NA,NA,0.11111111111111116,0.060858061945018485,False,B,0.7333333333333333
temazepam,alpha2,alpha2|BZD_GAMMA2_077|PHE|any_contact_frequency,NA,32,45,NA,NA,0.11111111111111116,0.060858061945018485,False,B,0.7111111111111111
zopiclone,alpha2,alpha2|BZD_GAMMA2_077|PHE|any_contact_frequency,NA,18,45,NA,NA,0.33333333333333337,0.12668615834434868,False,B,0.4
zaleplon,alpha2,alpha2|BZD_GAMMA2_077|PHE|any_contact_frequency,NA,40,45,NA,NA,0.0,1.2412670766236366e-16,False,B,0.8888888888888888
diazepam,alpha2,alpha2|BZD_GAMMA2_079|ALA|any_contact_frequency,NA,0,45,NA,NA,0.0,0.0,False,B,0.0
alprazolam,alpha2,alpha2|BZD_GAMMA2_079|ALA|any_contact_frequency,NA,0,45,NA,NA,0.0,0.0,False,B,0.0
triazolam,alpha2,alpha2|BZD_GAMMA2_079|ALA|any_contact_frequency,NA,0,45,NA,NA,0.0,0.0,False,B,0.0
zolpidem,alpha2,alpha2|BZD_GAMMA2_079|ALA|any_contact_frequency,NA,0,45,NA,NA,0.0,0.0,False,B,0.0
lorazepam,alpha2,alpha2|BZD_GAMMA2_079|ALA|any_contact_frequency,NA,0,45,NA,NA,0.0,0.0,False,B,0.0
clonazepam,alpha2,alpha2|BZD_GAMMA2_079|ALA|any_contact_frequency,NA,0,45,NA,NA,0.0,0.0,False,B,0.0
midazolam,alpha2,alpha2|BZD_GAMMA2_079|ALA|any_contact_frequency,NA,0,45,NA,NA,0.0,0.0,False,B,0.0
temazepam,alpha2,alpha2|BZD_GAMMA2_079|ALA|any_contact_frequency,NA,0,45,NA,NA,0.0,0.0,False,B,0.0
zopiclone,alpha2,alpha2|BZD_GAMMA2_079|ALA|any_contact_frequency,NA,0,45,NA,NA,0.0,0.0,False,B,0.0
zaleplon,alpha2,alpha2|BZD_GAMMA2_079|ALA|any_contact_frequency,NA,1,45,NA,NA,0.1111111111111111,0.04969039949999532,False,B,0.022222222222222223
diazepam,alpha2,alpha2|BZD_GAMMA2_142|THR|any_contact_frequency,NA,0,45,NA,NA,0.0,0.0,False,B,0.0
alprazolam,alpha2,alpha2|BZD_GAMMA2_142|THR|any_contact_frequency,NA,1,45,NA,NA,0.1111111111111111,0.04969039949999532,False,B,0.022222222222222223
triazolam,alpha2,alpha2|BZD_GAMMA2_142|THR|any_contact_frequency,NA,0,45,NA,NA,0.0,0.0,False,B,0.0
zolpidem,alpha2,alpha2|BZD_GAMMA2_142|THR|any_contact_frequency,NA,0,45,NA,NA,0.0,0.0,False,B,0.0
lorazepam,alpha2,alpha2|BZD_GAMMA2_142|THR|any_contact_frequency,NA,0,45,NA,NA,0.0,0.0,False,B,0.0
clonazepam,alpha2,alpha2|BZD_GAMMA2_142|THR|any_contact_frequency,NA,0,45,NA,NA,0.0,0.0,False,B,0.0
midazolam,alpha2,alpha2|BZD_GAMMA2_142|THR|any_contact_frequency,NA,0,45,NA,NA,0.0,0.0,False,B,0.0
temazepam,alpha2,alpha2|BZD_GAMMA2_142|THR|any_contact_frequency,NA,0,45,NA,NA,0.0,0.0,False,B,0.0
zopiclone,alpha2,alpha2|BZD_GAMMA2_142|THR|any_contact_frequency,NA,0,45,NA,NA,0.0,0.0,False,B,0.0
zaleplon,alpha2,alpha2|BZD_GAMMA2_142|THR|any_contact_frequency,NA,10,45,NA,NA,0.2222222222222222,0.1111111111111111,False,B,0.2222222222222222
diazepam,alpha2,alpha2|BZD_GAMMA2_144|ARG|any_contact_frequency,NA,0,45,NA,NA,0.0,0.0,False,B,0.0
alprazolam,alpha2,alpha2|BZD_GAMMA2_144|ARG|any_contact_frequency,NA,0,45,NA,NA,0.0,0.0,False,B,0.0
triazolam,alpha2,alpha2|BZD_GAMMA2_144|ARG|any_contact_frequency,NA,0,45,NA,NA,0.0,0.0,False,B,0.0
zolpidem,alpha2,alpha2|BZD_GAMMA2_144|ARG|any_contact_frequency,NA,0,45,NA,NA,0.0,0.0,False,B,0.0
lorazepam,alpha2,alpha2|BZD_GAMMA2_144|ARG|any_contact_frequency,NA,0,45,NA,NA,0.0,0.0,False,B,0.0
clonazepam,alpha2,alpha2|BZD_GAMMA2_144|ARG|any_contact_frequency,NA,1,45,NA,NA,0.1111111111111111,0.04969039949999532,False,B,0.022222222222222223
midazolam,alpha2,alpha2|BZD_GAMMA2_144|ARG|any_contact_frequency,NA,0,45,NA,NA,0.0,0.0,False,B,0.0
temazepam,alpha2,alpha2|BZD_GAMMA2_144|ARG|any_contact_frequency,NA,3,45,NA,NA,0.1111111111111111,0.06085806194501846,False,B,0.06666666666666667
zopiclone,alpha2,alpha2|BZD_GAMMA2_144|ARG|any_contact_frequency,NA,0,45,NA,NA,0.0,0.0,False,B,0.0
zaleplon,alpha2,alpha2|BZD_GAMMA2_144|ARG|any_contact_frequency,NA,0,45,NA,NA,0.0,0.0,False,B,0.0
diazepam,alpha2,alpha2|BZD_GAMMA2_192|ASP|any_contact_frequency,NA,2,45,NA,NA,0.1111111111111111,0.06085806194501846,False,B,0.044444444444444446
alprazolam,alpha2,alpha2|BZD_GAMMA2_192|ASP|any_contact_frequency,NA,1,45,NA,NA,0.1111111111111111,0.04969039949999532,False,B,0.022222222222222223
triazolam,alpha2,alpha2|BZD_GAMMA2_192|ASP|any_contact_frequency,NA,2,45,NA,NA,0.1111111111111111,0.06085806194501846,False,B,0.044444444444444446
zolpidem,alpha2,alpha2|BZD_GAMMA2_192|ASP|any_contact_frequency,NA,8,45,NA,NA,0.1111111111111111,0.06085806194501846,False,B,0.17777777777777778
lorazepam,alpha2,alpha2|BZD_GAMMA2_192|ASP|any_contact_frequency,NA,9,45,NA,NA,0.1111111111111111,0.049690399499995326,False,B,0.2
clonazepam,alpha2,alpha2|BZD_GAMMA2_192|ASP|any_contact_frequency,NA,5,45,NA,NA,0.2222222222222222,0.07856742013183861,False,B,0.1111111111111111
midazolam,alpha2,alpha2|BZD_GAMMA2_192|ASP|any_contact_frequency,NA,0,45,NA,NA,0.0,0.0,False,B,0.0
temazepam,alpha2,alpha2|BZD_GAMMA2_192|ASP|any_contact_frequency,NA,20,45,NA,NA,0.22222222222222227,0.07856742013183864,False,B,0.4444444444444444
zopiclone,alpha2,alpha2|BZD_GAMMA2_192|ASP|any_contact_frequency,NA,10,45,NA,NA,0.2222222222222222,0.07856742013183861,False,B,0.2222222222222222
zaleplon,alpha2,alpha2|BZD_GAMMA2_192|ASP|any_contact_frequency,NA,0,45,NA,NA,0.0,0.0,False,B,0.0
diazepam,alpha2,alpha2|BZD_GAMMA2_195|SER|any_contact_frequency,NA,0,45,NA,NA,0.0,0.0,False,B,0.0
alprazolam,alpha2,alpha2|BZD_GAMMA2_195|SER|any_contact_frequency,NA,0,45,NA,NA,0.0,0.0,False,B,0.0
triazolam,alpha2,alpha2|BZD_GAMMA2_195|SER|any_contact_frequency,NA,2,45,NA,NA,0.1111111111111111,0.06085806194501846,False,B,0.044444444444444446
zolpidem,alpha2,alpha2|BZD_GAMMA2_195|SER|any_contact_frequency,NA,0,45,NA,NA,0.0,0.0,False,B,0.0
lorazepam,alpha2,alpha2|BZD_GAMMA2_195|SER|any_contact_frequency,NA,9,45,NA,NA,0.2222222222222222,0.09296222517045283,False,B,0.2
clonazepam,alpha2,alpha2|BZD_GAMMA2_195|SER|any_contact_frequency,NA,0,45,NA,NA,0.0,0.0,False,B,0.0
midazolam,alpha2,alpha2|BZD_GAMMA2_195|SER|any_contact_frequency,NA,1,45,NA,NA,0.1111111111111111,0.04969039949999532,False,B,0.022222222222222223
temazepam,alpha2,alpha2|BZD_GAMMA2_195|SER|any_contact_frequency,NA,3,45,NA,NA,0.2222222222222222,0.09938079899999065,False,B,0.06666666666666667
zopiclone,alpha2,alpha2|BZD_GAMMA2_195|SER|any_contact_frequency,NA,1,45,NA,NA,0.1111111111111111,0.04969039949999532,False,B,0.022222222222222223
zaleplon,alpha2,alpha2|BZD_GAMMA2_195|SER|any_contact_frequency,NA,0,45,NA,NA,0.0,0.0,False,B,0.0
diazepam,alpha2,alpha2|BZD_GAMMA2_196|TRP|any_contact_frequency,NA,0,45,NA,NA,0.0,0.0,False,B,0.0
alprazolam,alpha2,alpha2|BZD_GAMMA2_196|TRP|any_contact_frequency,NA,0,45,NA,NA,0.0,0.0,False,B,0.0
triazolam,alpha2,alpha2|BZD_GAMMA2_196|TRP|any_contact_frequency,NA,0,45,NA,NA,0.0,0.0,False,B,0.0
zolpidem,alpha2,alpha2|BZD_GAMMA2_196|TRP|any_contact_frequency,NA,0,45,NA,NA,0.0,0.0,False,B,0.0
lorazepam,alpha2,alpha2|BZD_GAMMA2_196|TRP|any_contact_frequency,NA,2,45,NA,NA,0.1111111111111111,0.06085806194501846,False,B,0.044444444444444446
clonazepam,alpha2,alpha2|BZD_GAMMA2_196|TRP|any_contact_frequency,NA,0,45,NA,NA,0.0,0.0,False,B,0.0
midazolam,alpha2,alpha2|BZD_GAMMA2_196|TRP|any_contact_frequency,NA,0,45,NA,NA,0.0,0.0,False,B,0.0
temazepam,alpha2,alpha2|BZD_GAMMA2_196|TRP|any_contact_frequency,NA,1,45,NA,NA,0.1111111111111111,0.04969039949999532,False,B,0.022222222222222223
zopiclone,alpha2,alpha2|BZD_GAMMA2_196|TRP|any_contact_frequency,NA,0,45,NA,NA,0.0,0.0,False,B,0.0
zaleplon,alpha2,alpha2|BZD_GAMMA2_196|TRP|any_contact_frequency,NA,0,45,NA,NA,0.0,0.0,False,B,0.0
diazepam,alpha2,alpha2|BZD_SITE_100|PHE|any_contact_frequency,NA,16,45,NA,NA,0.1111111111111111,0.049690399499995326,False,B,0.35555555555555557
alprazolam,alpha2,alpha2|BZD_SITE_100|PHE|any_contact_frequency,NA,8,45,NA,NA,0.2222222222222222,0.09938079899999065,False,B,0.17777777777777778
triazolam,alpha2,alpha2|BZD_SITE_100|PHE|any_contact_frequency,NA,5,45,NA,NA,0.2222222222222222,0.07856742013183861,False,B,0.1111111111111111
zolpidem,alpha2,alpha2|BZD_SITE_100|PHE|any_contact_frequency,NA,28,45,NA,NA,0.11111111111111105,0.06085806194501842,False,B,0.6222222222222222
lorazepam,alpha2,alpha2|BZD_SITE_100|PHE|any_contact_frequency,NA,0,45,NA,NA,0.0,0.0,False,B,0.0
clonazepam,alpha2,alpha2|BZD_SITE_100|PHE|any_contact_frequency,NA,0,45,NA,NA,0.0,0.0,False,B,0.0
midazolam,alpha2,alpha2|BZD_SITE_100|PHE|any_contact_frequency,NA,9,45,NA,NA,0.1111111111111111,0.04969039949999532,False,B,0.2
temazepam,alpha2,alpha2|BZD_SITE_100|PHE|any_contact_frequency,NA,1,45,NA,NA,0.1111111111111111,0.04969039949999532,False,B,0.022222222222222223
zopiclone,alpha2,alpha2|BZD_SITE_100|PHE|any_contact_frequency,NA,3,45,NA,NA,0.1111111111111111,0.06085806194501846,False,B,0.06666666666666667
zaleplon,alpha2,alpha2|BZD_SITE_100|PHE|any_contact_frequency,NA,13,45,NA,NA,0.5555555555555556,0.2018433569398328,True,B,0.28888888888888886
diazepam,alpha2,alpha2|BZD_SITE_102|HIS|any_contact_frequency,NA,15,45,NA,NA,0.2222222222222222,0.07856742013183861,False,B,0.3333333333333333
alprazolam,alpha2,alpha2|BZD_SITE_102|HIS|any_contact_frequency,NA,12,45,NA,NA,0.1111111111111111,0.06085806194501845,False,B,0.26666666666666666
triazolam,alpha2,alpha2|BZD_SITE_102|HIS|any_contact_frequency,NA,14,45,NA,NA,0.1111111111111111,0.04969039949999532,False,B,0.3111111111111111
zolpidem,alpha2,alpha2|BZD_SITE_102|HIS|any_contact_frequency,NA,13,45,NA,NA,0.3333333333333333,0.14907119849998596,False,B,0.28888888888888886
lorazepam,alpha2,alpha2|BZD_SITE_102|HIS|any_contact_frequency,NA,18,45,NA,NA,0.33333333333333337,0.12668615834434868,False,B,0.4
clonazepam,alpha2,alpha2|BZD_SITE_102|HIS|any_contact_frequency,NA,22,45,NA,NA,0.3333333333333333,0.12668615834434868,False,B,0.4888888888888889
midazolam,alpha2,alpha2|BZD_SITE_102|HIS|any_contact_frequency,NA,10,45,NA,NA,0.2222222222222222,0.07856742013183861,False,B,0.2222222222222222
temazepam,alpha2,alpha2|BZD_SITE_102|HIS|any_contact_frequency,NA,4,45,NA,NA,0.1111111111111111,0.049690399499995326,False,B,0.08888888888888889
zopiclone,alpha2,alpha2|BZD_SITE_102|HIS|any_contact_frequency,NA,2,45,NA,NA,0.1111111111111111,0.06085806194501846,False,B,0.044444444444444446
zaleplon,alpha2,alpha2|BZD_SITE_102|HIS|any_contact_frequency,NA,13,45,NA,NA,0.5555555555555556,0.21659542988464364,True,B,0.28888888888888886
diazepam,alpha2,alpha2|BZD_SITE_103|ASN|any_contact_frequency,NA,6,45,NA,NA,0.1111111111111111,0.049690399499995326,False,B,0.13333333333333333
alprazolam,alpha2,alpha2|BZD_SITE_103|ASN|any_contact_frequency,NA,10,45,NA,NA,0.2222222222222222,0.07856742013183861,False,B,0.2222222222222222
triazolam,alpha2,alpha2|BZD_SITE_103|ASN|any_contact_frequency,NA,16,45,NA,NA,0.2222222222222222,0.09296222517045284,False,B,0.35555555555555557
zolpidem,alpha2,alpha2|BZD_SITE_103|ASN|any_contact_frequency,NA,6,45,NA,NA,0.3333333333333333,0.14487116456005886,False,B,0.13333333333333333
lorazepam,alpha2,alpha2|BZD_SITE_103|ASN|any_contact_frequency,NA,15,45,NA,NA,0.2222222222222222,0.07856742013183861,False,B,0.3333333333333333
clonazepam,alpha2,alpha2|BZD_SITE_103|ASN|any_contact_frequency,NA,13,45,NA,NA,0.3333333333333333,0.12668615834434865,False,B,0.28888888888888886
midazolam,alpha2,alpha2|BZD_SITE_103|ASN|any_contact_frequency,NA,23,45,NA,NA,0.3333333333333333,0.12668615834434868,False,B,0.5111111111111111
temazepam,alpha2,alpha2|BZD_SITE_103|ASN|any_contact_frequency,NA,15,45,NA,NA,0.2222222222222222,0.07856742013183861,False,B,0.3333333333333333
zopiclone,alpha2,alpha2|BZD_SITE_103|ASN|any_contact_frequency,NA,0,45,NA,NA,0.0,0.0,False,B,0.0
zaleplon,alpha2,alpha2|BZD_SITE_103|ASN|any_contact_frequency,NA,5,45,NA,NA,0.2222222222222222,0.07856742013183861,False,B,0.1111111111111111
diazepam,alpha2,alpha2|BZD_SITE_138|GLU|any_contact_frequency,NA,0,45,NA,NA,0.0,0.0,False,B,0.0
alprazolam,alpha2,alpha2|BZD_SITE_138|GLU|any_contact_frequency,NA,0,45,NA,NA,0.0,0.0,False,B,0.0
triazolam,alpha2,alpha2|BZD_SITE_138|GLU|any_contact_frequency,NA,0,45,NA,NA,0.0,0.0,False,B,0.0
zolpidem,alpha2,alpha2|BZD_SITE_138|GLU|any_contact_frequency,NA,0,45,NA,NA,0.0,0.0,False,B,0.0
lorazepam,alpha2,alpha2|BZD_SITE_138|GLU|any_contact_frequency,NA,2,45,NA,NA,0.1111111111111111,0.06085806194501846,False,B,0.044444444444444446
clonazepam,alpha2,alpha2|BZD_SITE_138|GLU|any_contact_frequency,NA,5,45,NA,NA,0.2222222222222222,0.07856742013183861,False,B,0.1111111111111111
midazolam,alpha2,alpha2|BZD_SITE_138|GLU|any_contact_frequency,NA,0,45,NA,NA,0.0,0.0,False,B,0.0
temazepam,alpha2,alpha2|BZD_SITE_138|GLU|any_contact_frequency,NA,2,45,NA,NA,0.1111111111111111,0.06085806194501846,False,B,0.044444444444444446
zopiclone,alpha2,alpha2|BZD_SITE_138|GLU|any_contact_frequency,NA,4,45,NA,NA,0.1111111111111111,0.04969039949999532,False,B,0.08888888888888889
zaleplon,alpha2,alpha2|BZD_SITE_138|GLU|any_contact_frequency,NA,0,45,NA,NA,0.0,0.0,False,B,0.0
diazepam,alpha2,alpha2|BZD_SITE_154|PRO|any_contact_frequency,NA,0,45,NA,NA,0.0,0.0,False,B,0.0
alprazolam,alpha2,alpha2|BZD_SITE_154|PRO|any_contact_frequency,NA,6,45,NA,NA,0.1111111111111111,0.049690399499995326,False,B,0.13333333333333333
triazolam,alpha2,alpha2|BZD_SITE_154|PRO|any_contact_frequency,NA,5,45,NA,NA,0.0,1.5515838457795457e-17,False,B,0.1111111111111111
zolpidem,alpha2,alpha2|BZD_SITE_154|PRO|any_contact_frequency,NA,0,45,NA,NA,0.0,0.0,False,B,0.0
lorazepam,alpha2,alpha2|BZD_SITE_154|PRO|any_contact_frequency,NA,0,45,NA,NA,0.0,0.0,False,B,0.0
clonazepam,alpha2,alpha2|BZD_SITE_154|PRO|any_contact_frequency,NA,0,45,NA,NA,0.0,0.0,False,B,0.0
midazolam,alpha2,alpha2|BZD_SITE_154|PRO|any_contact_frequency,NA,2,45,NA,NA,0.1111111111111111,0.06085806194501846,False,B,0.044444444444444446
temazepam,alpha2,alpha2|BZD_SITE_154|PRO|any_contact_frequency,NA,6,45,NA,NA,0.1111111111111111,0.049690399499995326,False,B,0.13333333333333333
zopiclone,alpha2,alpha2|BZD_SITE_154|PRO|any_contact_frequency,NA,0,45,NA,NA,0.0,0.0,False,B,0.0
zaleplon,alpha2,alpha2|BZD_SITE_154|PRO|any_contact_frequency,NA,0,45,NA,NA,0.0,0.0,False,B,0.0
diazepam,alpha2,alpha2|BZD_SITE_156|LYS|any_contact_frequency,NA,3,45,NA,NA,0.1111111111111111,0.06085806194501846,False,B,0.06666666666666667
alprazolam,alpha2,alpha2|BZD_SITE_156|LYS|any_contact_frequency,NA,13,45,NA,NA,0.2222222222222222,0.09938079899999065,False,B,0.28888888888888886
triazolam,alpha2,alpha2|BZD_SITE_156|LYS|any_contact_frequency,NA,14,45,NA,NA,0.2222222222222222,0.09296222517045283,False,B,0.3111111111111111
zolpidem,alpha2,alpha2|BZD_SITE_156|LYS|any_contact_frequency,NA,4,45,NA,NA,0.1111111111111111,0.04969039949999532,False,B,0.08888888888888889
lorazepam,alpha2,alpha2|BZD_SITE_156|LYS|any_contact_frequency,NA,14,45,NA,NA,0.3333333333333333,0.1217161238900369,False,B,0.3111111111111111
clonazepam,alpha2,alpha2|BZD_SITE_156|LYS|any_contact_frequency,NA,9,45,NA,NA,0.2222222222222222,0.09296222517045284,False,B,0.2
midazolam,alpha2,alpha2|BZD_SITE_156|LYS|any_contact_frequency,NA,17,45,NA,NA,0.1111111111111111,0.06085806194501846,False,B,0.37777777777777777
temazepam,alpha2,alpha2|BZD_SITE_156|LYS|any_contact_frequency,NA,12,45,NA,NA,0.1111111111111111,0.06085806194501846,False,B,0.26666666666666666
zopiclone,alpha2,alpha2|BZD_SITE_156|LYS|any_contact_frequency,NA,0,45,NA,NA,0.0,0.0,False,B,0.0
zaleplon,alpha2,alpha2|BZD_SITE_156|LYS|any_contact_frequency,NA,0,45,NA,NA,0.0,0.0,False,B,0.0
diazepam,alpha2,alpha2|BZD_SITE_160|TYR|any_contact_frequency,NA,5,45,NA,NA,0.0,1.5515838457795457e-17,False,B,0.1111111111111111
alprazolam,alpha2,alpha2|BZD_SITE_160|TYR|any_contact_frequency,NA,1,45,NA,NA,0.1111111111111111,0.04969039949999532,False,B,0.022222222222222223
triazolam,alpha2,alpha2|BZD_SITE_160|TYR|any_contact_frequency,NA,0,45,NA,NA,0.0,0.0,False,B,0.0
zolpidem,alpha2,alpha2|BZD_SITE_160|TYR|any_contact_frequency,NA,10,45,NA,NA,0.2222222222222222,0.07856742013183861,False,B,0.2222222222222222
lorazepam,alpha2,alpha2|BZD_SITE_160|TYR|any_contact_frequency,NA,0,45,NA,NA,0.0,0.0,False,B,0.0
clonazepam,alpha2,alpha2|BZD_SITE_160|TYR|any_contact_frequency,NA,0,45,NA,NA,0.0,0.0,False,B,0.0
midazolam,alpha2,alpha2|BZD_SITE_160|TYR|any_contact_frequency,NA,6,45,NA,NA,0.2222222222222222,0.09296222517045283,False,B,0.13333333333333333
temazepam,alpha2,alpha2|BZD_SITE_160|TYR|any_contact_frequency,NA,1,45,NA,NA,0.1111111111111111,0.04969039949999532,False,B,0.022222222222222223
zopiclone,alpha2,alpha2|BZD_SITE_160|TYR|any_contact_frequency,NA,4,45,NA,NA,0.1111111111111111,0.049690399499995326,False,B,0.08888888888888889
zaleplon,alpha2,alpha2|BZD_SITE_160|TYR|any_contact_frequency,NA,24,45,NA,NA,0.11111111111111116,0.04969039949999535,False,B,0.5333333333333333
diazepam,alpha2,alpha2|BZD_SITE_201|GLU|any_contact_frequency,NA,0,45,NA,NA,0.0,0.0,False,B,0.0
alprazolam,alpha2,alpha2|BZD_SITE_201|GLU|any_contact_frequency,NA,0,45,NA,NA,0.0,0.0,False,B,0.0
triazolam,alpha2,alpha2|BZD_SITE_201|GLU|any_contact_frequency,NA,0,45,NA,NA,0.0,0.0,False,B,0.0
zolpidem,alpha2,alpha2|BZD_SITE_201|GLU|any_contact_frequency,NA,0,45,NA,NA,0.0,0.0,False,B,0.0
lorazepam,alpha2,alpha2|BZD_SITE_201|GLU|any_contact_frequency,NA,0,45,NA,NA,0.0,0.0,False,B,0.0
clonazepam,alpha2,alpha2|BZD_SITE_201|GLU|any_contact_frequency,NA,0,45,NA,NA,0.0,0.0,False,B,0.0
midazolam,alpha2,alpha2|BZD_SITE_201|GLU|any_contact_frequency,NA,0,45,NA,NA,0.0,0.0,False,B,0.0
temazepam,alpha2,alpha2|BZD_SITE_201|GLU|any_contact_frequency,NA,0,45,NA,NA,0.0,0.0,False,B,0.0
zopiclone,alpha2,alpha2|BZD_SITE_201|GLU|any_contact_frequency,NA,1,45,NA,NA,0.1111111111111111,0.04969039949999532,False,B,0.022222222222222223
zaleplon,alpha2,alpha2|BZD_SITE_201|GLU|any_contact_frequency,NA,0,45,NA,NA,0.0,0.0,False,B,0.0
diazepam,alpha2,alpha2|BZD_SITE_203|ILE|any_contact_frequency,NA,23,45,NA,NA,0.11111111111111116,0.060858061945018485,False,B,0.5111111111111111
alprazolam,alpha2,alpha2|BZD_SITE_203|ILE|any_contact_frequency,NA,22,45,NA,NA,0.4444444444444444,0.2018433569398328,True,B,0.4888888888888889
triazolam,alpha2,alpha2|BZD_SITE_203|ILE|any_contact_frequency,NA,27,45,NA,NA,0.4444444444444445,0.18592445034090568,True,B,0.6
zolpidem,alpha2,alpha2|BZD_SITE_203|ILE|any_contact_frequency,NA,27,45,NA,NA,0.33333333333333337,0.12668615834434868,False,B,0.6
lorazepam,alpha2,alpha2|BZD_SITE_203|ILE|any_contact_frequency,NA,16,45,NA,NA,0.33333333333333337,0.12171612389003694,False,B,0.35555555555555557
clonazepam,alpha2,alpha2|BZD_SITE_203|ILE|any_contact_frequency,NA,13,45,NA,NA,0.3333333333333333,0.14907119849998596,False,B,0.28888888888888886
midazolam,alpha2,alpha2|BZD_SITE_203|ILE|any_contact_frequency,NA,25,45,NA,NA,0.33333333333333337,0.15713484026367724,False,B,0.5555555555555556
temazepam,alpha2,alpha2|BZD_SITE_203|ILE|any_contact_frequency,NA,23,45,NA,NA,0.2222222222222222,0.09938079899999067,False,B,0.5111111111111111
zopiclone,alpha2,alpha2|BZD_SITE_203|ILE|any_contact_frequency,NA,11,45,NA,NA,0.1111111111111111,0.049690399499995326,False,B,0.24444444444444444
zaleplon,alpha2,alpha2|BZD_SITE_203|ILE|any_contact_frequency,NA,30,45,NA,NA,0.2222222222222222,0.1111111111111111,False,B,0.6666666666666666
diazepam,alpha2,alpha2|BZD_SITE_204|LYS|any_contact_frequency,NA,0,45,NA,NA,0.0,0.0,False,B,0.0
alprazolam,alpha2,alpha2|BZD_SITE_204|LYS|any_contact_frequency,NA,2,45,NA,NA,0.1111111111111111,0.06085806194501846,False,B,0.044444444444444446
triazolam,alpha2,alpha2|BZD_SITE_204|LYS|any_contact_frequency,NA,3,45,NA,NA,0.1111111111111111,0.06085806194501846,False,B,0.06666666666666667
zolpidem,alpha2,alpha2|BZD_SITE_204|LYS|any_contact_frequency,NA,0,45,NA,NA,0.0,0.0,False,B,0.0
lorazepam,alpha2,alpha2|BZD_SITE_204|LYS|any_contact_frequency,NA,0,45,NA,NA,0.0,0.0,False,B,0.0
clonazepam,alpha2,alpha2|BZD_SITE_204|LYS|any_contact_frequency,NA,0,45,NA,NA,0.0,0.0,False,B,0.0
midazolam,alpha2,alpha2|BZD_SITE_204|LYS|any_contact_frequency,NA,0,45,NA,NA,0.0,0.0,False,B,0.0
temazepam,alpha2,alpha2|BZD_SITE_204|LYS|any_contact_frequency,NA,2,45,NA,NA,0.1111111111111111,0.06085806194501846,False,B,0.044444444444444446
zopiclone,alpha2,alpha2|BZD_SITE_204|LYS|any_contact_frequency,NA,0,45,NA,NA,0.0,0.0,False,B,0.0
zaleplon,alpha2,alpha2|BZD_SITE_204|LYS|any_contact_frequency,NA,0,45,NA,NA,0.0,0.0,False,B,0.0
diazepam,alpha2,alpha2|BZD_SITE_206|SER|any_contact_frequency,NA,0,45,NA,NA,0.0,0.0,False,B,0.0
alprazolam,alpha2,alpha2|BZD_SITE_206|SER|any_contact_frequency,NA,0,45,NA,NA,0.0,0.0,False,B,0.0
triazolam,alpha2,alpha2|BZD_SITE_206|SER|any_contact_frequency,NA,0,45,NA,NA,0.0,0.0,False,B,0.0
zolpidem,alpha2,alpha2|BZD_SITE_206|SER|any_contact_frequency,NA,0,45,NA,NA,0.0,0.0,False,B,0.0
lorazepam,alpha2,alpha2|BZD_SITE_206|SER|any_contact_frequency,NA,0,45,NA,NA,0.0,0.0,False,B,0.0
clonazepam,alpha2,alpha2|BZD_SITE_206|SER|any_contact_frequency,NA,0,45,NA,NA,0.0,0.0,False,B,0.0
midazolam,alpha2,alpha2|BZD_SITE_206|SER|any_contact_frequency,NA,0,45,NA,NA,0.0,0.0,False,B,0.0
temazepam,alpha2,alpha2|BZD_SITE_206|SER|any_contact_frequency,NA,1,45,NA,NA,0.1111111111111111,0.04969039949999532,False,B,0.022222222222222223
zopiclone,alpha2,alpha2|BZD_SITE_206|SER|any_contact_frequency,NA,4,45,NA,NA,0.1111111111111111,0.04969039949999532,False,B,0.08888888888888889
zaleplon,alpha2,alpha2|BZD_SITE_206|SER|any_contact_frequency,NA,8,45,NA,NA,0.1111111111111111,0.06085806194501846,False,B,0.17777777777777778
diazepam,alpha2,alpha2|BZD_SITE_207|THR|any_contact_frequency,NA,0,45,NA,NA,0.0,0.0,False,B,0.0
alprazolam,alpha2,alpha2|BZD_SITE_207|THR|any_contact_frequency,NA,0,45,NA,NA,0.0,0.0,False,B,0.0
triazolam,alpha2,alpha2|BZD_SITE_207|THR|any_contact_frequency,NA,0,45,NA,NA,0.0,0.0,False,B,0.0
zolpidem,alpha2,alpha2|BZD_SITE_207|THR|any_contact_frequency,NA,0,45,NA,NA,0.0,0.0,False,B,0.0
lorazepam,alpha2,alpha2|BZD_SITE_207|THR|any_contact_frequency,NA,0,45,NA,NA,0.0,0.0,False,B,0.0
clonazepam,alpha2,alpha2|BZD_SITE_207|THR|any_contact_frequency,NA,0,45,NA,NA,0.0,0.0,False,B,0.0
midazolam,alpha2,alpha2|BZD_SITE_207|THR|any_contact_frequency,NA,0,45,NA,NA,0.0,0.0,False,B,0.0
temazepam,alpha2,alpha2|BZD_SITE_207|THR|any_contact_frequency,NA,1,45,NA,NA,0.1111111111111111,0.04969039949999532,False,B,0.022222222222222223
zopiclone,alpha2,alpha2|BZD_SITE_207|THR|any_contact_frequency,NA,0,45,NA,NA,0.0,0.0,False,B,0.0
zaleplon,alpha2,alpha2|BZD_SITE_207|THR|any_contact_frequency,NA,11,45,NA,NA,0.3333333333333333,0.12171612389003691,False,B,0.24444444444444444
diazepam,alpha2,alpha2|BZD_SITE_210|TYR|any_contact_frequency,NA,5,45,NA,NA,0.0,1.5515838457795457e-17,False,B,0.1111111111111111
alprazolam,alpha2,alpha2|BZD_SITE_210|TYR|any_contact_frequency,NA,3,45,NA,NA,0.2222222222222222,0.09938079899999065,False,B,0.06666666666666667
triazolam,alpha2,alpha2|BZD_SITE_210|TYR|any_contact_frequency,NA,0,45,NA,NA,0.0,0.0,False,B,0.0
zolpidem,alpha2,alpha2|BZD_SITE_210|TYR|any_contact_frequency,NA,18,45,NA,NA,0.1111111111111111,0.06085806194501846,False,B,0.4
lorazepam,alpha2,alpha2|BZD_SITE_210|TYR|any_contact_frequency,NA,0,45,NA,NA,0.0,0.0,False,B,0.0
clonazepam,alpha2,alpha2|BZD_SITE_210|TYR|any_contact_frequency,NA,3,45,NA,NA,0.1111111111111111,0.06085806194501846,False,B,0.06666666666666667
midazolam,alpha2,alpha2|BZD_SITE_210|TYR|any_contact_frequency,NA,5,45,NA,NA,0.2222222222222222,0.1111111111111111,False,B,0.1111111111111111
temazepam,alpha2,alpha2|BZD_SITE_210|TYR|any_contact_frequency,NA,2,45,NA,NA,0.1111111111111111,0.06085806194501846,False,B,0.044444444444444446
zopiclone,alpha2,alpha2|BZD_SITE_210|TYR|any_contact_frequency,NA,4,45,NA,NA,0.1111111111111111,0.04969039949999532,False,B,0.08888888888888889
zaleplon,alpha2,alpha2|BZD_SITE_210|TYR|any_contact_frequency,NA,31,45,NA,NA,0.2222222222222222,0.09296222517045284,False,B,0.6888888888888889
diazepam,alpha2,alpha2|BZD_SITE_212|VAL|any_contact_frequency,NA,0,45,NA,NA,0.0,0.0,False,B,0.0
alprazolam,alpha2,alpha2|BZD_SITE_212|VAL|any_contact_frequency,NA,0,45,NA,NA,0.0,0.0,False,B,0.0
triazolam,alpha2,alpha2|BZD_SITE_212|VAL|any_contact_frequency,NA,0,45,NA,NA,0.0,0.0,False,B,0.0
zolpidem,alpha2,alpha2|BZD_SITE_212|VAL|any_contact_frequency,NA,0,45,NA,NA,0.0,0.0,False,B,0.0
lorazepam,alpha2,alpha2|BZD_SITE_212|VAL|any_contact_frequency,NA,0,45,NA,NA,0.0,0.0,False,B,0.0
clonazepam,alpha2,alpha2|BZD_SITE_212|VAL|any_contact_frequency,NA,0,45,NA,NA,0.0,0.0,False,B,0.0
midazolam,alpha2,alpha2|BZD_SITE_212|VAL|any_contact_frequency,NA,0,45,NA,NA,0.0,0.0,False,B,0.0
temazepam,alpha2,alpha2|BZD_SITE_212|VAL|any_contact_frequency,NA,0,45,NA,NA,0.0,0.0,False,B,0.0
zopiclone,alpha2,alpha2|BZD_SITE_212|VAL|any_contact_frequency,NA,0,45,NA,NA,0.0,0.0,False,B,0.0
zaleplon,alpha2,alpha2|BZD_SITE_212|VAL|any_contact_frequency,NA,2,45,NA,NA,0.1111111111111111,0.06085806194501846,False,B,0.044444444444444446
