drug_id,receptor,feature,seed,count,n_poses,frequency
diazepam,alpha1,alpha1|BZD_GAMMA2_056|ASP|salt_bridge|frequency,2026091901,0,9,0.0
diazepam,alpha1,alpha1|BZD_GAMMA2_056|ASP|salt_bridge|frequency,2026091902,0,9,0.0
diazepam,alpha1,alpha1|BZD_GAMMA2_056|ASP|salt_bridge|frequency,2026091903,0,9,0.0
diazepam,alpha1,alpha1|BZD_GAMMA2_056|ASP|salt_bridge|frequency,2026091904,0,9,0.0
diazepam,alpha1,alpha1|BZD_GAMMA2_056|ASP|salt_bridge|frequency,2026091905,0,9,0.0
alprazolam,alpha1,alpha1|BZD_GAMMA2_056|ASP|salt_bridge|frequency,2026091901,0,8,0.0
alprazolam,alpha1,alpha1|BZD_GAMMA2_056|ASP|salt_bridge|frequency,2026091902,0,7,0.0
alprazolam,alpha1,alpha1|BZD_GAMMA2_056|ASP|salt_bridge|frequency,2026091903,0,7,0.0
alprazolam,alpha1,alpha1|BZD_GAMMA2_056|ASP|salt_bridge|frequency,2026091904,0,7,0.0
alprazolam,alpha1,alpha1|BZD_GAMMA2_056|ASP|salt_bridge|frequency,2026091905,0,6,0.0
triazolam,alpha1,alpha1|BZD_GAMMA2_056|ASP|salt_bridge|frequency,2026091901,0,9,0.0
triazolam,alpha1,alpha1|BZD_GAMMA2_056|ASP|salt_bridge|frequency,2026091902,0,8,0.0
triazolam,alpha1,alpha1|BZD_GAMMA2_056|ASP|salt_bridge|frequency,2026091903,0,8,0.0
triazolam,alpha1,alpha1|BZD_GAMMA2_056|ASP|salt_bridge|frequency,2026091904,0,9,0.0
triazolam,alpha1,alpha1|BZD_GAMMA2_056|ASP|salt_bridge|frequency,2026091905,0,6,0.0
zolpidem,alpha1,alpha1|BZD_GAMMA2_056|ASP|salt_bridge|frequency,2026091901,0,9,0.0
zolpidem,alpha1,alpha1|BZD_GAMMA2_056|ASP|salt_bridge|frequency,2026091902,0,9,0.0
zolpidem,alpha1,alpha1|BZD_GAMMA2_056|ASP|salt_bridge|frequency,2026091903,0,9,0.0
zolpidem,alpha1,alpha1|BZD_GAMMA2_056|ASP|salt_bridge|frequency,2026091904,0,9,0.0
zolpidem,alpha1,alpha1|BZD_GAMMA2_056|ASP|salt_bridge|frequency,2026091905,0,9,0.0
lorazepam,alpha1,alpha1|BZD_GAMMA2_056|ASP|salt_bridge|frequency,2026091901,0,9,0.0
lorazepam,alpha1,alpha1|BZD_GAMMA2_056|ASP|salt_bridge|frequency,2026091902,0,9,0.0
lorazepam,alpha1,alpha1|BZD_GAMMA2_056|ASP|salt_bridge|frequency,2026091903,0,9,0.0
lorazepam,alpha1,alpha1|BZD_GAMMA2_056|ASP|salt_bridge|frequency,2026091904,0,9,0.0
lorazepam,alpha1,alpha1|BZD_GAMMA2_056|ASP|salt_bridge|frequency,2026091905,0,9,0.0
clonazepam,alpha1,alpha1|BZD_GAMMA2_056|ASP|salt_bridge|frequency,2026091901,0,9,0.0
clonazepam,alpha1,alpha1|BZD_GAMMA2_056|ASP|salt_bridge|frequency,2026091902,0,9,0.0
clonazepam,alpha1,alpha1|BZD_GAMMA2_056|ASP|salt_bridge|frequency,2026091903,0,9,0.0
clonazepam,alpha1,alpha1|BZD_GAMMA2_056|ASP|salt_bridge|frequency,2026091904,0,9,0.0
clonazepam,alpha1,alpha1|BZD_GAMMA2_056|ASP|salt_bridge|frequency,2026091905,0,9,0.0
midazolam,alpha1,alpha1|BZD_GAMMA2_056|ASP|salt_bridge|frequency,2026091901,0,7,0.0
midazolam,alpha1,alpha1|BZD_GAMMA2_056|ASP|salt_bridge|frequency,2026091902,0,9,0.0
midazolam,alpha1,alpha1|BZD_GAMMA2_056|ASP|salt_bridge|frequency,2026091903,0,9,0.0
midazolam,alpha1,alpha1|BZD_GAMMA2_056|ASP|salt_bridge|frequency,2026091904,0,9,0.0
midazolam,alpha1,alpha1|BZD_GAMMA2_056|ASP|salt_bridge|frequency,2026091905,0,9,0.0
temazepam,alpha1,alpha1|BZD_GAMMA2_056|ASP|salt_bridge|frequency,2026091901,0,9,0.0
temazepam,alpha1,alpha1|BZD_GAMMA2_056|ASP|salt_bridge|frequency,2026091902,0,9,0.0
temazepam,alpha1,alpha1|BZD_GAMMA2_056|ASP|salt_bridge|frequency,2026091903,0,9,0.0
temazepam,alpha1,alpha1|BZD_GAMMA2_056|ASP|salt_bridge|frequency,2026091904,0,9,0.0
temazepam,alpha1,alpha1|BZD_GAMMA2_056|ASP|salt_bridge|frequency,2026091905,0,9,0.0
zopiclone,alpha1,alpha1|BZD_GAMMA2_056|ASP|salt_bridge|frequency,2026091901,1,9,0.1111111111111111
zopiclone,alpha1,alpha1|BZD_GAMMA2_056|ASP|salt_bridge|frequency,2026091902,1,9,0.1111111111111111
zopiclone,alpha1,alpha1|BZD_GAMMA2_056|ASP|salt_bridge|frequency,2026091903,1,9,0.1111111111111111
zopiclone,alpha1,alpha1|BZD_GAMMA2_056|ASP|salt_bridge|frequency,2026091904,0,9,0.0
zopiclone,alpha1,alpha1|BZD_GAMMA2_056|ASP|salt_bridge|frequency,2026091905,1,9,0.1111111111111111
zaleplon,alpha1,alpha1|BZD_GAMMA2_056|ASP|salt_bridge|frequency,2026091901,0,9,0.0
zaleplon,alpha1,alpha1|BZD_GAMMA2_056|ASP|salt_bridge|frequency,2026091902,0,9,0.0
zaleplon,alpha1,alpha1|BZD_GAMMA2_056|ASP|salt_bridge|frequency,2026091903,0,9,0.0
zaleplon,alpha1,alpha1|BZD_GAMMA2_056|ASP|salt_bridge|frequency,2026091904,0,9,0.0
zaleplon,alpha1,alpha1|BZD_GAMMA2_056|ASP|salt_bridge|frequency,2026091905,0,9,0.0
diazepam,alpha1,alpha1|BZD_GAMMA2_058|TYR|hydrogen_bond|frequency,2026091901,1,9,0.1111111111111111
diazepam,alpha1,alpha1|BZD_GAMMA2_058|TYR|hydrogen_bond|frequency,2026091902,1,9,0.1111111111111111
diazepam,alpha1,alpha1|BZD_GAMMA2_058|TYR|hydrogen_bond|frequency,2026091903,2,9,0.2222222222222222
diazepam,alpha1,alpha1|BZD_GAMMA2_058|TYR|hydrogen_bond|frequency,2026091904,1,9,0.1111111111111111
diazepam,alpha1,alpha1|BZD_GAMMA2_058|TYR|hydrogen_bond|frequency,2026091905,2,9,0.2222222222222222
alprazolam,alpha1,alpha1|BZD_GAMMA2_058|TYR|hydrogen_bond|frequency,2026091901,0,8,0.0
alprazolam,alpha1,alpha1|BZD_GAMMA2_058|TYR|hydrogen_bond|frequency,2026091902,0,7,0.0
alprazolam,alpha1,alpha1|BZD_GAMMA2_058|TYR|hydrogen_bond|frequency,2026091903,0,7,0.0
alprazolam,alpha1,alpha1|BZD_GAMMA2_058|TYR|hydrogen_bond|frequency,2026091904,0,7,0.0
alprazolam,alpha1,alpha1|BZD_GAMMA2_058|TYR|hydrogen_bond|frequency,2026091905,0,6,0.0
triazolam,alpha1,alpha1|BZD_GAMMA2_058|TYR|hydrogen_bond|frequency,2026091901,0,9,0.0
triazolam,alpha1,alpha1|BZD_GAMMA2_058|TYR|hydrogen_bond|frequency,2026091902,0,8,0.0
triazolam,alpha1,alpha1|BZD_GAMMA2_058|TYR|hydrogen_bond|frequency,2026091903,0,8,0.0
triazolam,alpha1,alpha1|BZD_GAMMA2_058|TYR|hydrogen_bond|frequency,2026091904,0,9,0.0
triazolam,alpha1,alpha1|BZD_GAMMA2_058|TYR|hydrogen_bond|frequency,2026091905,0,6,0.0
zolpidem,alpha1,alpha1|BZD_GAMMA2_058|TYR|hydrogen_bond|frequency,2026091901,0,9,0.0
zolpidem,alpha1,alpha1|BZD_GAMMA2_058|TYR|hydrogen_bond|frequency,2026091902,0,9,0.0
zolpidem,alpha1,alpha1|BZD_GAMMA2_058|TYR|hydrogen_bond|frequency,2026091903,0,9,0.0
zolpidem,alpha1,alpha1|BZD_GAMMA2_058|TYR|hydrogen_bond|frequency,2026091904,0,9,0.0
zolpidem,alpha1,alpha1|BZD_GAMMA2_058|TYR|hydrogen_bond|frequency,2026091905,0,9,0.0
lorazepam,alpha1,alpha1|BZD_GAMMA2_058|TYR|hydrogen_bond|frequency,2026091901,0,9,0.0
lorazepam,alpha1,alpha1|BZD_GAMMA2_058|TYR|hydrogen_bond|frequency,2026091902,1,9,0.1111111111111111
lorazepam,alpha1,alpha1|BZD_GAMMA2_058|TYR|hydrogen_bond|frequency,2026091903,0,9,0.0
lorazepam,alpha1,alpha1|BZD_GAMMA2_058|TYR|hydrogen_bond|frequency,2026091904,1,9,0.1111111111111111
lorazepam,alpha1,alpha1|BZD_GAMMA2_058|TYR|hydrogen_bond|frequency,2026091905,1,9,0.1111111111111111
clonazepam,alpha1,alpha1|BZD_GAMMA2_058|TYR|hydrogen_bond|frequency,2026091901,1,9,0.1111111111111111
clonazepam,alpha1,alpha1|BZD_GAMMA2_058|TYR|hydrogen_bond|frequency,2026091902,1,9,0.1111111111111111
clonazepam,alpha1,alpha1|BZD_GAMMA2_058|TYR|hydrogen_bond|frequency,2026091903,1,9,0.1111111111111111
clonazepam,alpha1,alpha1|BZD_GAMMA2_058|TYR|hydrogen_bond|frequency,2026091904,0,9,0.0
clonazepam,alpha1,alpha1|BZD_GAMMA2_058|TYR|hydrogen_bond|frequency,2026091905,0,9,0.0
midazolam,alpha1,alpha1|BZD_GAMMA2_058|TYR|hydrogen_bond|frequency,2026091901,1,7,0.14285714285714285
midazolam,alpha1,alpha1|BZD_GAMMA2_058|TYR|hydrogen_bond|frequency,2026091902,1,9,0.1111111111111111
midazolam,alpha1,alpha1|BZD_GAMMA2_058|TYR|hydrogen_bond|frequency,2026091903,1,9,0.1111111111111111
midazolam,alpha1,alpha1|BZD_GAMMA2_058|TYR|hydrogen_bond|frequency,2026091904,0,9,0.0
midazolam,alpha1,alpha1|BZD_GAMMA2_058|TYR|hydrogen_bond|frequency,2026091905,1,9,0.1111111111111111
temazepam,alpha1,alpha1|BZD_GAMMA2_058|TYR|hydrogen_bond|frequency,2026091901,1,9,0.1111111111111111
temazepam,alpha1,alpha1|BZD_GAMMA2_058|TYR|hydrogen_bond|frequency,2026091902,1,9,0.1111111111111111
temazepam,alpha1,alpha1|BZD_GAMMA2_058|TYR|hydrogen_bond|frequency,2026091903,1,9,0.1111111111111111
temazepam,alpha1,alpha1|BZD_GAMMA2_058|TYR|hydrogen_bond|frequency,2026091904,2,9,0.2222222222222222
temazepam,alpha1,alpha1|BZD_GAMMA2_058|TYR|hydrogen_bond|frequency,2026091905,2,9,0.2222222222222222
zopiclone,alpha1,alpha1|BZD_GAMMA2_058|TYR|hydrogen_bond|frequency,2026091901,2,9,0.2222222222222222
zopiclone,alpha1,alpha1|BZD_GAMMA2_058|TYR|hydrogen_bond|frequency,2026091902,2,9,0.2222222222222222
zopiclone,alpha1,alpha1|BZD_GAMMA2_058|TYR|hydrogen_bond|frequency,2026091903,2,9,0.2222222222222222
zopiclone,alpha1,alpha1|BZD_GAMMA2_058|TYR|hydrogen_bond|frequency,2026091904,2,9,0.2222222222222222
zopiclone,alpha1,alpha1|BZD_GAMMA2_058|TYR|hydrogen_bond|frequency,2026091905,1,9,0.1111111111111111
zaleplon,alpha1,alpha1|BZD_GAMMA2_058|TYR|hydrogen_bond|frequency,2026091901,1,9,0.1111111111111111
zaleplon,alpha1,alpha1|BZD_GAMMA2_058|TYR|hydrogen_bond|frequency,2026091902,1,9,0.1111111111111111
zaleplon,alpha1,alpha1|BZD_GAMMA2_058|TYR|hydrogen_bond|frequency,2026091903,1,9,0.1111111111111111
zaleplon,alpha1,alpha1|BZD_GAMMA2_058|TYR|hydrogen_bond|frequency,2026091904,0,9,0.0
zaleplon,alpha1,alpha1|BZD_GAMMA2_058|TYR|hydrogen_bond|frequency,2026091905,1,9,0.1111111111111111
diazepam,alpha1,alpha1|BZD_GAMMA2_058|TYR|hydrophobic_interaction|frequency,2026091901,5,9,0.5555555555555556
diazepam,alpha1,alpha1|BZD_GAMMA2_058|TYR|hydrophobic_interaction|frequency,2026091902,5,9,0.5555555555555556
diazepam,alpha1,alpha1|BZD_GAMMA2_058|TYR|hydrophobic_interaction|frequency,2026091903,6,9,0.6666666666666666
diazepam,alpha1,alpha1|BZD_GAMMA2_058|TYR|hydrophobic_interaction|frequency,2026091904,5,9,0.5555555555555556
diazepam,alpha1,alpha1|BZD_GAMMA2_058|TYR|hydrophobic_interaction|frequency,2026091905,7,9,0.7777777777777778
alprazolam,alpha1,alpha1|BZD_GAMMA2_058|TYR|hydrophobic_interaction|frequency,2026091901,7,8,0.875
alprazolam,alpha1,alpha1|BZD_GAMMA2_058|TYR|hydrophobic_interaction|frequency,2026091902,5,7,0.7142857142857143
alprazolam,alpha1,alpha1|BZD_GAMMA2_058|TYR|hydrophobic_interaction|frequency,2026091903,4,7,0.5714285714285714
alprazolam,alpha1,alpha1|BZD_GAMMA2_058|TYR|hydrophobic_interaction|frequency,2026091904,4,7,0.5714285714285714
alprazolam,alpha1,alpha1|BZD_GAMMA2_058|TYR|hydrophobic_interaction|frequency,2026091905,4,6,0.6666666666666666
triazolam,alpha1,alpha1|BZD_GAMMA2_058|TYR|hydrophobic_interaction|frequency,2026091901,6,9,0.6666666666666666
triazolam,alpha1,alpha1|BZD_GAMMA2_058|TYR|hydrophobic_interaction|frequency,2026091902,6,8,0.75
triazolam,alpha1,alpha1|BZD_GAMMA2_058|TYR|hydrophobic_interaction|frequency,2026091903,4,8,0.5
triazolam,alpha1,alpha1|BZD_GAMMA2_058|TYR|hydrophobic_interaction|frequency,2026091904,7,9,0.7777777777777778
triazolam,alpha1,alpha1|BZD_GAMMA2_058|TYR|hydrophobic_interaction|frequency,2026091905,5,6,0.8333333333333334
zolpidem,alpha1,alpha1|BZD_GAMMA2_058|TYR|hydrophobic_interaction|frequency,2026091901,9,9,1.0
zolpidem,alpha1,alpha1|BZD_GAMMA2_058|TYR|hydrophobic_interaction|frequency,2026091902,8,9,0.8888888888888888
zolpidem,alpha1,alpha1|BZD_GAMMA2_058|TYR|hydrophobic_interaction|frequency,2026091903,8,9,0.8888888888888888
zolpidem,alpha1,alpha1|BZD_GAMMA2_058|TYR|hydrophobic_interaction|frequency,2026091904,8,9,0.8888888888888888
zolpidem,alpha1,alpha1|BZD_GAMMA2_058|TYR|hydrophobic_interaction|frequency,2026091905,9,9,1.0
lorazepam,alpha1,alpha1|BZD_GAMMA2_058|TYR|hydrophobic_interaction|frequency,2026091901,3,9,0.3333333333333333
lorazepam,alpha1,alpha1|BZD_GAMMA2_058|TYR|hydrophobic_interaction|frequency,2026091902,4,9,0.4444444444444444
lorazepam,alpha1,alpha1|BZD_GAMMA2_058|TYR|hydrophobic_interaction|frequency,2026091903,5,9,0.5555555555555556
lorazepam,alpha1,alpha1|BZD_GAMMA2_058|TYR|hydrophobic_interaction|frequency,2026091904,5,9,0.5555555555555556
lorazepam,alpha1,alpha1|BZD_GAMMA2_058|TYR|hydrophobic_interaction|frequency,2026091905,6,9,0.6666666666666666
clonazepam,alpha1,alpha1|BZD_GAMMA2_058|TYR|hydrophobic_interaction|frequency,2026091901,7,9,0.7777777777777778
clonazepam,alpha1,alpha1|BZD_GAMMA2_058|TYR|hydrophobic_interaction|frequency,2026091902,5,9,0.5555555555555556
clonazepam,alpha1,alpha1|BZD_GAMMA2_058|TYR|hydrophobic_interaction|frequency,2026091903,5,9,0.5555555555555556
clonazepam,alpha1,alpha1|BZD_GAMMA2_058|TYR|hydrophobic_interaction|frequency,2026091904,5,9,0.5555555555555556
clonazepam,alpha1,alpha1|BZD_GAMMA2_058|TYR|hydrophobic_interaction|frequency,2026091905,5,9,0.5555555555555556
midazolam,alpha1,alpha1|BZD_GAMMA2_058|TYR|hydrophobic_interaction|frequency,2026091901,4,7,0.5714285714285714
midazolam,alpha1,alpha1|BZD_GAMMA2_058|TYR|hydrophobic_interaction|frequency,2026091902,7,9,0.7777777777777778
midazolam,alpha1,alpha1|BZD_GAMMA2_058|TYR|hydrophobic_interaction|frequency,2026091903,7,9,0.7777777777777778
midazolam,alpha1,alpha1|BZD_GAMMA2_058|TYR|hydrophobic_interaction|frequency,2026091904,8,9,0.8888888888888888
midazolam,alpha1,alpha1|BZD_GAMMA2_058|TYR|hydrophobic_interaction|frequency,2026091905,6,9,0.6666666666666666
temazepam,alpha1,alpha1|BZD_GAMMA2_058|TYR|hydrophobic_interaction|frequency,2026091901,7,9,0.7777777777777778
temazepam,alpha1,alpha1|BZD_GAMMA2_058|TYR|hydrophobic_interaction|frequency,2026091902,8,9,0.8888888888888888
temazepam,alpha1,alpha1|BZD_GAMMA2_058|TYR|hydrophobic_interaction|frequency,2026091903,7,9,0.7777777777777778
temazepam,alpha1,alpha1|BZD_GAMMA2_058|TYR|hydrophobic_interaction|frequency,2026091904,7,9,0.7777777777777778
temazepam,alpha1,alpha1|BZD_GAMMA2_058|TYR|hydrophobic_interaction|frequency,2026091905,4,9,0.4444444444444444
zopiclone,alpha1,alpha1|BZD_GAMMA2_058|TYR|hydrophobic_interaction|frequency,2026091901,2,9,0.2222222222222222
zopiclone,alpha1,alpha1|BZD_GAMMA2_058|TYR|hydrophobic_interaction|frequency,2026091902,3,9,0.3333333333333333
zopiclone,alpha1,alpha1|BZD_GAMMA2_058|TYR|hydrophobic_interaction|frequency,2026091903,1,9,0.1111111111111111
zopiclone,alpha1,alpha1|BZD_GAMMA2_058|TYR|hydrophobic_interaction|frequency,2026091904,2,9,0.2222222222222222
zopiclone,alpha1,alpha1|BZD_GAMMA2_058|TYR|hydrophobic_interaction|frequency,2026091905,1,9,0.1111111111111111
zaleplon,alpha1,alpha1|BZD_GAMMA2_058|TYR|hydrophobic_interaction|frequency,2026091901,7,9,0.7777777777777778
zaleplon,alpha1,alpha1|BZD_GAMMA2_058|TYR|hydrophobic_interaction|frequency,2026091902,7,9,0.7777777777777778
zaleplon,alpha1,alpha1|BZD_GAMMA2_058|TYR|hydrophobic_interaction|frequency,2026091903,9,9,1.0
zaleplon,alpha1,alpha1|BZD_GAMMA2_058|TYR|hydrophobic_interaction|frequency,2026091904,9,9,1.0
zaleplon,alpha1,alpha1|BZD_GAMMA2_058|TYR|hydrophobic_interaction|frequency,2026091905,9,9,1.0
diazepam,alpha1,alpha1|BZD_GAMMA2_058|TYR|pi_stack|frequency,2026091901,2,9,0.2222222222222222
diazepam,alpha1,alpha1|BZD_GAMMA2_058|TYR|pi_stack|frequency,2026091902,5,9,0.5555555555555556
diazepam,alpha1,alpha1|BZD_GAMMA2_058|TYR|pi_stack|frequency,2026091903,5,9,0.5555555555555556
diazepam,alpha1,alpha1|BZD_GAMMA2_058|TYR|pi_stack|frequency,2026091904,4,9,0.4444444444444444
diazepam,alpha1,alpha1|BZD_GAMMA2_058|TYR|pi_stack|frequency,2026091905,3,9,0.3333333333333333
diazepam,alpha1,alpha1|BZD_GAMMA2_058|TYR|pi_stack|P_frequency,2026091901,2,9,0.2222222222222222
diazepam,alpha1,alpha1|BZD_GAMMA2_058|TYR|pi_stack|P_frequency,2026091902,5,9,0.5555555555555556
diazepam,alpha1,alpha1|BZD_GAMMA2_058|TYR|pi_stack|P_frequency,2026091903,5,9,0.5555555555555556
diazepam,alpha1,alpha1|BZD_GAMMA2_058|TYR|pi_stack|P_frequency,2026091904,4,9,0.4444444444444444
diazepam,alpha1,alpha1|BZD_GAMMA2_058|TYR|pi_stack|P_frequency,2026091905,3,9,0.3333333333333333
diazepam,alpha1,alpha1|BZD_GAMMA2_058|TYR|pi_stack|T_frequency,2026091901,0,9,0.0
diazepam,alpha1,alpha1|BZD_GAMMA2_058|TYR|pi_stack|T_frequency,2026091902,0,9,0.0
diazepam,alpha1,alpha1|BZD_GAMMA2_058|TYR|pi_stack|T_frequency,2026091903,0,9,0.0
diazepam,alpha1,alpha1|BZD_GAMMA2_058|TYR|pi_stack|T_frequency,2026091904,0,9,0.0
diazepam,alpha1,alpha1|BZD_GAMMA2_058|TYR|pi_stack|T_frequency,2026091905,0,9,0.0
alprazolam,alpha1,alpha1|BZD_GAMMA2_058|TYR|pi_stack|frequency,2026091901,4,8,0.5
alprazolam,alpha1,alpha1|BZD_GAMMA2_058|TYR|pi_stack|frequency,2026091902,3,7,0.42857142857142855
alprazolam,alpha1,alpha1|BZD_GAMMA2_058|TYR|pi_stack|frequency,2026091903,4,7,0.5714285714285714
alprazolam,alpha1,alpha1|BZD_GAMMA2_058|TYR|pi_stack|frequency,2026091904,5,7,0.7142857142857143
alprazolam,alpha1,alpha1|BZD_GAMMA2_058|TYR|pi_stack|frequency,2026091905,5,6,0.8333333333333334
alprazolam,alpha1,alpha1|BZD_GAMMA2_058|TYR|pi_stack|P_frequency,2026091901,4,8,0.5
alprazolam,alpha1,alpha1|BZD_GAMMA2_058|TYR|pi_stack|P_frequency,2026091902,3,7,0.42857142857142855
alprazolam,alpha1,alpha1|BZD_GAMMA2_058|TYR|pi_stack|P_frequency,2026091903,4,7,0.5714285714285714
alprazolam,alpha1,alpha1|BZD_GAMMA2_058|TYR|pi_stack|P_frequency,2026091904,5,7,0.7142857142857143
alprazolam,alpha1,alpha1|BZD_GAMMA2_058|TYR|pi_stack|P_frequency,2026091905,5,6,0.8333333333333334
alprazolam,alpha1,alpha1|BZD_GAMMA2_058|TYR|pi_stack|T_frequency,2026091901,0,8,0.0
alprazolam,alpha1,alpha1|BZD_GAMMA2_058|TYR|pi_stack|T_frequency,2026091902,0,7,0.0
alprazolam,alpha1,alpha1|BZD_GAMMA2_058|TYR|pi_stack|T_frequency,2026091903,0,7,0.0
alprazolam,alpha1,alpha1|BZD_GAMMA2_058|TYR|pi_stack|T_frequency,2026091904,0,7,0.0
alprazolam,alpha1,alpha1|BZD_GAMMA2_058|TYR|pi_stack|T_frequency,2026091905,0,6,0.0
triazolam,alpha1,alpha1|BZD_GAMMA2_058|TYR|pi_stack|frequency,2026091901,2,9,0.2222222222222222
triazolam,alpha1,alpha1|BZD_GAMMA2_058|TYR|pi_stack|frequency,2026091902,5,8,0.625
triazolam,alpha1,alpha1|BZD_GAMMA2_058|TYR|pi_stack|frequency,2026091903,3,8,0.375
triazolam,alpha1,alpha1|BZD_GAMMA2_058|TYR|pi_stack|frequency,2026091904,2,9,0.2222222222222222
triazolam,alpha1,alpha1|BZD_GAMMA2_058|TYR|pi_stack|frequency,2026091905,2,6,0.3333333333333333
triazolam,alpha1,alpha1|BZD_GAMMA2_058|TYR|pi_stack|P_frequency,2026091901,2,9,0.2222222222222222
triazolam,alpha1,alpha1|BZD_GAMMA2_058|TYR|pi_stack|P_frequency,2026091902,5,8,0.625
triazolam,alpha1,alpha1|BZD_GAMMA2_058|TYR|pi_stack|P_frequency,2026091903,3,8,0.375
triazolam,alpha1,alpha1|BZD_GAMMA2_058|TYR|pi_stack|P_frequency,2026091904,2,9,0.2222222222222222
triazolam,alpha1,alpha1|BZD_GAMMA2_058|TYR|pi_stack|P_frequency,2026091905,2,6,0.3333333333333333
triazolam,alpha1,alpha1|BZD_GAMMA2_058|TYR|pi_stack|T_frequency,2026091901,0,9,0.0
triazolam,alpha1,alpha1|BZD_GAMMA2_058|TYR|pi_stack|T_frequency,2026091902,0,8,0.0
triazolam,alpha1,alpha1|BZD_GAMMA2_058|TYR|pi_stack|T_frequency,2026091903,0,8,0.0
triazolam,alpha1,alpha1|BZD_GAMMA2_058|TYR|pi_stack|T_frequency,2026091904,0,9,0.0
triazolam,alpha1,alpha1|BZD_GAMMA2_058|TYR|pi_stack|T_frequency,2026091905,0,6,0.0
zolpidem,alpha1,alpha1|BZD_GAMMA2_058|TYR|pi_stack|frequency,2026091901,2,9,0.2222222222222222
zolpidem,alpha1,alpha1|BZD_GAMMA2_058|TYR|pi_stack|frequency,2026091902,3,9,0.3333333333333333
zolpidem,alpha1,alpha1|BZD_GAMMA2_058|TYR|pi_stack|frequency,2026091903,3,9,0.3333333333333333
zolpidem,alpha1,alpha1|BZD_GAMMA2_058|TYR|pi_stack|frequency,2026091904,2,9,0.2222222222222222
zolpidem,alpha1,alpha1|BZD_GAMMA2_058|TYR|pi_stack|frequency,2026091905,3,9,0.3333333333333333
zolpidem,alpha1,alpha1|BZD_GAMMA2_058|TYR|pi_stack|P_frequency,2026091901,2,9,0.2222222222222222
zolpidem,alpha1,alpha1|BZD_GAMMA2_058|TYR|pi_stack|P_frequency,2026091902,3,9,0.3333333333333333
zolpidem,alpha1,alpha1|BZD_GAMMA2_058|TYR|pi_stack|P_frequency,2026091903,3,9,0.3333333333333333
zolpidem,alpha1,alpha1|BZD_GAMMA2_058|TYR|pi_stack|P_frequency,2026091904,2,9,0.2222222222222222
zolpidem,alpha1,alpha1|BZD_GAMMA2_058|TYR|pi_stack|P_frequency,2026091905,3,9,0.3333333333333333
zolpidem,alpha1,alpha1|BZD_GAMMA2_058|TYR|pi_stack|T_frequency,2026091901,0,9,0.0
zolpidem,alpha1,alpha1|BZD_GAMMA2_058|TYR|pi_stack|T_frequency,2026091902,0,9,0.0
zolpidem,alpha1,alpha1|BZD_GAMMA2_058|TYR|pi_stack|T_frequency,2026091903,0,9,0.0
zolpidem,alpha1,alpha1|BZD_GAMMA2_058|TYR|pi_stack|T_frequency,2026091904,0,9,0.0
zolpidem,alpha1,alpha1|BZD_GAMMA2_058|TYR|pi_stack|T_frequency,2026091905,0,9,0.0
lorazepam,alpha1,alpha1|BZD_GAMMA2_058|TYR|pi_stack|frequency,2026091901,5,9,0.5555555555555556
lorazepam,alpha1,alpha1|BZD_GAMMA2_058|TYR|pi_stack|frequency,2026091902,3,9,0.3333333333333333
lorazepam,alpha1,alpha1|BZD_GAMMA2_058|TYR|pi_stack|frequency,2026091903,3,9,0.3333333333333333
lorazepam,alpha1,alpha1|BZD_GAMMA2_058|TYR|pi_stack|frequency,2026091904,3,9,0.3333333333333333
lorazepam,alpha1,alpha1|BZD_GAMMA2_058|TYR|pi_stack|frequency,2026091905,4,9,0.4444444444444444
lorazepam,alpha1,alpha1|BZD_GAMMA2_058|TYR|pi_stack|P_frequency,2026091901,5,9,0.5555555555555556
lorazepam,alpha1,alpha1|BZD_GAMMA2_058|TYR|pi_stack|P_frequency,2026091902,3,9,0.3333333333333333
lorazepam,alpha1,alpha1|BZD_GAMMA2_058|TYR|pi_stack|P_frequency,2026091903,3,9,0.3333333333333333
lorazepam,alpha1,alpha1|BZD_GAMMA2_058|TYR|pi_stack|P_frequency,2026091904,3,9,0.3333333333333333
lorazepam,alpha1,alpha1|BZD_GAMMA2_058|TYR|pi_stack|P_frequency,2026091905,4,9,0.4444444444444444
lorazepam,alpha1,alpha1|BZD_GAMMA2_058|TYR|pi_stack|T_frequency,2026091901,0,9,0.0
lorazepam,alpha1,alpha1|BZD_GAMMA2_058|TYR|pi_stack|T_frequency,2026091902,0,9,0.0
lorazepam,alpha1,alpha1|BZD_GAMMA2_058|TYR|pi_stack|T_frequency,2026091903,0,9,0.0
lorazepam,alpha1,alpha1|BZD_GAMMA2_058|TYR|pi_stack|T_frequency,2026091904,0,9,0.0
lorazepam,alpha1,alpha1|BZD_GAMMA2_058|TYR|pi_stack|T_frequency,2026091905,0,9,0.0
clonazepam,alpha1,alpha1|BZD_GAMMA2_058|TYR|pi_stack|frequency,2026091901,3,9,0.3333333333333333
clonazepam,alpha1,alpha1|BZD_GAMMA2_058|TYR|pi_stack|frequency,2026091902,4,9,0.4444444444444444
clonazepam,alpha1,alpha1|BZD_GAMMA2_058|TYR|pi_stack|frequency,2026091903,3,9,0.3333333333333333
clonazepam,alpha1,alpha1|BZD_GAMMA2_058|TYR|pi_stack|frequency,2026091904,3,9,0.3333333333333333
clonazepam,alpha1,alpha1|BZD_GAMMA2_058|TYR|pi_stack|frequency,2026091905,4,9,0.4444444444444444
clonazepam,alpha1,alpha1|BZD_GAMMA2_058|TYR|pi_stack|P_frequency,2026091901,3,9,0.3333333333333333
clonazepam,alpha1,alpha1|BZD_GAMMA2_058|TYR|pi_stack|P_frequency,2026091902,4,9,0.4444444444444444
clonazepam,alpha1,alpha1|BZD_GAMMA2_058|TYR|pi_stack|P_frequency,2026091903,3,9,0.3333333333333333
clonazepam,alpha1,alpha1|BZD_GAMMA2_058|TYR|pi_stack|P_frequency,2026091904,3,9,0.3333333333333333
clonazepam,alpha1,alpha1|BZD_GAMMA2_058|TYR|pi_stack|P_frequency,2026091905,4,9,0.4444444444444444
clonazepam,alpha1,alpha1|BZD_GAMMA2_058|TYR|pi_stack|T_frequency,2026091901,0,9,0.0
clonazepam,alpha1,alpha1|BZD_GAMMA2_058|TYR|pi_stack|T_frequency,2026091902,0,9,0.0
clonazepam,alpha1,alpha1|BZD_GAMMA2_058|TYR|pi_stack|T_frequency,2026091903,0,9,0.0
clonazepam,alpha1,alpha1|BZD_GAMMA2_058|TYR|pi_stack|T_frequency,2026091904,0,9,0.0
clonazepam,alpha1,alpha1|BZD_GAMMA2_058|TYR|pi_stack|T_frequency,2026091905,0,9,0.0
midazolam,alpha1,alpha1|BZD_GAMMA2_058|TYR|pi_stack|frequency,2026091901,6,7,0.8571428571428571
midazolam,alpha1,alpha1|BZD_GAMMA2_058|TYR|pi_stack|frequency,2026091902,6,9,0.6666666666666666
midazolam,alpha1,alpha1|BZD_GAMMA2_058|TYR|pi_stack|frequency,2026091903,8,9,0.8888888888888888
midazolam,alpha1,alpha1|BZD_GAMMA2_058|TYR|pi_stack|frequency,2026091904,6,9,0.6666666666666666
midazolam,alpha1,alpha1|BZD_GAMMA2_058|TYR|pi_stack|frequency,2026091905,5,9,0.5555555555555556
midazolam,alpha1,alpha1|BZD_GAMMA2_058|TYR|pi_stack|P_frequency,2026091901,6,7,0.8571428571428571
midazolam,alpha1,alpha1|BZD_GAMMA2_058|TYR|pi_stack|P_frequency,2026091902,6,9,0.6666666666666666
midazolam,alpha1,alpha1|BZD_GAMMA2_058|TYR|pi_stack|P_frequency,2026091903,7,9,0.7777777777777778
midazolam,alpha1,alpha1|BZD_GAMMA2_058|TYR|pi_stack|P_frequency,2026091904,6,9,0.6666666666666666
midazolam,alpha1,alpha1|BZD_GAMMA2_058|TYR|pi_stack|P_frequency,2026091905,5,9,0.5555555555555556
midazolam,alpha1,alpha1|BZD_GAMMA2_058|TYR|pi_stack|T_frequency,2026091901,0,7,0.0
midazolam,alpha1,alpha1|BZD_GAMMA2_058|TYR|pi_stack|T_frequency,2026091902,0,9,0.0
midazolam,alpha1,alpha1|BZD_GAMMA2_058|TYR|pi_stack|T_frequency,2026091903,1,9,0.1111111111111111
midazolam,alpha1,alpha1|BZD_GAMMA2_058|TYR|pi_stack|T_frequency,2026091904,0,9,0.0
midazolam,alpha1,alpha1|BZD_GAMMA2_058|TYR|pi_stack|T_frequency,2026091905,0,9,0.0
temazepam,alpha1,alpha1|BZD_GAMMA2_058|TYR|pi_stack|frequency,2026091901,5,9,0.5555555555555556
temazepam,alpha1,alpha1|BZD_GAMMA2_058|TYR|pi_stack|frequency,2026091902,4,9,0.4444444444444444
temazepam,alpha1,alpha1|BZD_GAMMA2_058|TYR|pi_stack|frequency,2026091903,3,9,0.3333333333333333
temazepam,alpha1,alpha1|BZD_GAMMA2_058|TYR|pi_stack|frequency,2026091904,3,9,0.3333333333333333
temazepam,alpha1,alpha1|BZD_GAMMA2_058|TYR|pi_stack|frequency,2026091905,5,9,0.5555555555555556
temazepam,alpha1,alpha1|BZD_GAMMA2_058|TYR|pi_stack|P_frequency,2026091901,5,9,0.5555555555555556
temazepam,alpha1,alpha1|BZD_GAMMA2_058|TYR|pi_stack|P_frequency,2026091902,4,9,0.4444444444444444
temazepam,alpha1,alpha1|BZD_GAMMA2_058|TYR|pi_stack|P_frequency,2026091903,3,9,0.3333333333333333
temazepam,alpha1,alpha1|BZD_GAMMA2_058|TYR|pi_stack|P_frequency,2026091904,3,9,0.3333333333333333
temazepam,alpha1,alpha1|BZD_GAMMA2_058|TYR|pi_stack|P_frequency,2026091905,5,9,0.5555555555555556
temazepam,alpha1,alpha1|BZD_GAMMA2_058|TYR|pi_stack|T_frequency,2026091901,0,9,0.0
temazepam,alpha1,alpha1|BZD_GAMMA2_058|TYR|pi_stack|T_frequency,2026091902,0,9,0.0
temazepam,alpha1,alpha1|BZD_GAMMA2_058|TYR|pi_stack|T_frequency,2026091903,0,9,0.0
temazepam,alpha1,alpha1|BZD_GAMMA2_058|TYR|pi_stack|T_frequency,2026091904,0,9,0.0
temazepam,alpha1,alpha1|BZD_GAMMA2_058|TYR|pi_stack|T_frequency,2026091905,0,9,0.0
zopiclone,alpha1,alpha1|BZD_GAMMA2_058|TYR|pi_stack|frequency,2026091901,3,9,0.3333333333333333
zopiclone,alpha1,alpha1|BZD_GAMMA2_058|TYR|pi_stack|frequency,2026091902,1,9,0.1111111111111111
zopiclone,alpha1,alpha1|BZD_GAMMA2_058|TYR|pi_stack|frequency,2026091903,1,9,0.1111111111111111
zopiclone,alpha1,alpha1|BZD_GAMMA2_058|TYR|pi_stack|frequency,2026091904,3,9,0.3333333333333333
zopiclone,alpha1,alpha1|BZD_GAMMA2_058|TYR|pi_stack|frequency,2026091905,2,9,0.2222222222222222
zopiclone,alpha1,alpha1|BZD_GAMMA2_058|TYR|pi_stack|P_frequency,2026091901,3,9,0.3333333333333333
zopiclone,alpha1,alpha1|BZD_GAMMA2_058|TYR|pi_stack|P_frequency,2026091902,1,9,0.1111111111111111
zopiclone,alpha1,alpha1|BZD_GAMMA2_058|TYR|pi_stack|P_frequency,2026091903,1,9,0.1111111111111111
zopiclone,alpha1,alpha1|BZD_GAMMA2_058|TYR|pi_stack|P_frequency,2026091904,3,9,0.3333333333333333
zopiclone,alpha1,alpha1|BZD_GAMMA2_058|TYR|pi_stack|P_frequency,2026091905,2,9,0.2222222222222222
zopiclone,alpha1,alpha1|BZD_GAMMA2_058|TYR|pi_stack|T_frequency,2026091901,0,9,0.0
zopiclone,alpha1,alpha1|BZD_GAMMA2_058|TYR|pi_stack|T_frequency,2026091902,0,9,0.0
zopiclone,alpha1,alpha1|BZD_GAMMA2_058|TYR|pi_stack|T_frequency,2026091903,0,9,0.0
zopiclone,alpha1,alpha1|BZD_GAMMA2_058|TYR|pi_stack|T_frequency,2026091904,0,9,0.0
zopiclone,alpha1,alpha1|BZD_GAMMA2_058|TYR|pi_stack|T_frequency,2026091905,0,9,0.0
zaleplon,alpha1,alpha1|BZD_GAMMA2_058|TYR|pi_stack|frequency,2026091901,2,9,0.2222222222222222
zaleplon,alpha1,alpha1|BZD_GAMMA2_058|TYR|pi_stack|frequency,2026091902,4,9,0.4444444444444444
zaleplon,alpha1,alpha1|BZD_GAMMA2_058|TYR|pi_stack|frequency,2026091903,5,9,0.5555555555555556
zaleplon,alpha1,alpha1|BZD_GAMMA2_058|TYR|pi_stack|frequency,2026091904,4,9,0.4444444444444444
zaleplon,alpha1,alpha1|BZD_GAMMA2_058|TYR|pi_stack|frequency,2026091905,5,9,0.5555555555555556
zaleplon,alpha1,alpha1|BZD_GAMMA2_058|TYR|pi_stack|P_frequency,2026091901,2,9,0.2222222222222222
zaleplon,alpha1,alpha1|BZD_GAMMA2_058|TYR|pi_stack|P_frequency,2026091902,4,9,0.4444444444444444
zaleplon,alpha1,alpha1|BZD_GAMMA2_058|TYR|pi_stack|P_frequency,2026091903,5,9,0.5555555555555556
zaleplon,alpha1,alpha1|BZD_GAMMA2_058|TYR|pi_stack|P_frequency,2026091904,4,9,0.4444444444444444
zaleplon,alpha1,alpha1|BZD_GAMMA2_058|TYR|pi_stack|P_frequency,2026091905,5,9,0.5555555555555556
zaleplon,alpha1,alpha1|BZD_GAMMA2_058|TYR|pi_stack|T_frequency,2026091901,0,9,0.0
zaleplon,alpha1,alpha1|BZD_GAMMA2_058|TYR|pi_stack|T_frequency,2026091902,0,9,0.0
zaleplon,alpha1,alpha1|BZD_GAMMA2_058|TYR|pi_stack|T_frequency,2026091903,0,9,0.0
zaleplon,alpha1,alpha1|BZD_GAMMA2_058|TYR|pi_stack|T_frequency,2026091904,0,9,0.0
zaleplon,alpha1,alpha1|BZD_GAMMA2_058|TYR|pi_stack|T_frequency,2026091905,0,9,0.0
diazepam,alpha1,alpha1|BZD_GAMMA2_060|ASN|hydrogen_bond|frequency,2026091901,0,9,0.0
diazepam,alpha1,alpha1|BZD_GAMMA2_060|ASN|hydrogen_bond|frequency,2026091902,0,9,0.0
diazepam,alpha1,alpha1|BZD_GAMMA2_060|ASN|hydrogen_bond|frequency,2026091903,0,9,0.0
diazepam,alpha1,alpha1|BZD_GAMMA2_060|ASN|hydrogen_bond|frequency,2026091904,0,9,0.0
diazepam,alpha1,alpha1|BZD_GAMMA2_060|ASN|hydrogen_bond|frequency,2026091905,0,9,0.0
alprazolam,alpha1,alpha1|BZD_GAMMA2_060|ASN|hydrogen_bond|frequency,2026091901,1,8,0.125
alprazolam,alpha1,alpha1|BZD_GAMMA2_060|ASN|hydrogen_bond|frequency,2026091902,1,7,0.14285714285714285
alprazolam,alpha1,alpha1|BZD_GAMMA2_060|ASN|hydrogen_bond|frequency,2026091903,0,7,0.0
alprazolam,alpha1,alpha1|BZD_GAMMA2_060|ASN|hydrogen_bond|frequency,2026091904,1,7,0.14285714285714285
alprazolam,alpha1,alpha1|BZD_GAMMA2_060|ASN|hydrogen_bond|frequency,2026091905,1,6,0.16666666666666666
triazolam,alpha1,alpha1|BZD_GAMMA2_060|ASN|hydrogen_bond|frequency,2026091901,1,9,0.1111111111111111
triazolam,alpha1,alpha1|BZD_GAMMA2_060|ASN|hydrogen_bond|frequency,2026091902,0,8,0.0
triazolam,alpha1,alpha1|BZD_GAMMA2_060|ASN|hydrogen_bond|frequency,2026091903,0,8,0.0
triazolam,alpha1,alpha1|BZD_GAMMA2_060|ASN|hydrogen_bond|frequency,2026091904,0,9,0.0
triazolam,alpha1,alpha1|BZD_GAMMA2_060|ASN|hydrogen_bond|frequency,2026091905,0,6,0.0
zolpidem,alpha1,alpha1|BZD_GAMMA2_060|ASN|hydrogen_bond|frequency,2026091901,1,9,0.1111111111111111
zolpidem,alpha1,alpha1|BZD_GAMMA2_060|ASN|hydrogen_bond|frequency,2026091902,1,9,0.1111111111111111
zolpidem,alpha1,alpha1|BZD_GAMMA2_060|ASN|hydrogen_bond|frequency,2026091903,0,9,0.0
zolpidem,alpha1,alpha1|BZD_GAMMA2_060|ASN|hydrogen_bond|frequency,2026091904,0,9,0.0
zolpidem,alpha1,alpha1|BZD_GAMMA2_060|ASN|hydrogen_bond|frequency,2026091905,1,9,0.1111111111111111
lorazepam,alpha1,alpha1|BZD_GAMMA2_060|ASN|hydrogen_bond|frequency,2026091901,3,9,0.3333333333333333
lorazepam,alpha1,alpha1|BZD_GAMMA2_060|ASN|hydrogen_bond|frequency,2026091902,2,9,0.2222222222222222
lorazepam,alpha1,alpha1|BZD_GAMMA2_060|ASN|hydrogen_bond|frequency,2026091903,2,9,0.2222222222222222
lorazepam,alpha1,alpha1|BZD_GAMMA2_060|ASN|hydrogen_bond|frequency,2026091904,2,9,0.2222222222222222
lorazepam,alpha1,alpha1|BZD_GAMMA2_060|ASN|hydrogen_bond|frequency,2026091905,2,9,0.2222222222222222
clonazepam,alpha1,alpha1|BZD_GAMMA2_060|ASN|hydrogen_bond|frequency,2026091901,1,9,0.1111111111111111
clonazepam,alpha1,alpha1|BZD_GAMMA2_060|ASN|hydrogen_bond|frequency,2026091902,2,9,0.2222222222222222
clonazepam,alpha1,alpha1|BZD_GAMMA2_060|ASN|hydrogen_bond|frequency,2026091903,0,9,0.0
clonazepam,alpha1,alpha1|BZD_GAMMA2_060|ASN|hydrogen_bond|frequency,2026091904,2,9,0.2222222222222222
clonazepam,alpha1,alpha1|BZD_GAMMA2_060|ASN|hydrogen_bond|frequency,2026091905,0,9,0.0
midazolam,alpha1,alpha1|BZD_GAMMA2_060|ASN|hydrogen_bond|frequency,2026091901,0,7,0.0
midazolam,alpha1,alpha1|BZD_GAMMA2_060|ASN|hydrogen_bond|frequency,2026091902,0,9,0.0
midazolam,alpha1,alpha1|BZD_GAMMA2_060|ASN|hydrogen_bond|frequency,2026091903,0,9,0.0
midazolam,alpha1,alpha1|BZD_GAMMA2_060|ASN|hydrogen_bond|frequency,2026091904,0,9,0.0
midazolam,alpha1,alpha1|BZD_GAMMA2_060|ASN|hydrogen_bond|frequency,2026091905,0,9,0.0
temazepam,alpha1,alpha1|BZD_GAMMA2_060|ASN|hydrogen_bond|frequency,2026091901,2,9,0.2222222222222222
temazepam,alpha1,alpha1|BZD_GAMMA2_060|ASN|hydrogen_bond|frequency,2026091902,3,9,0.3333333333333333
temazepam,alpha1,alpha1|BZD_GAMMA2_060|ASN|hydrogen_bond|frequency,2026091903,3,9,0.3333333333333333
temazepam,alpha1,alpha1|BZD_GAMMA2_060|ASN|hydrogen_bond|frequency,2026091904,1,9,0.1111111111111111
temazepam,alpha1,alpha1|BZD_GAMMA2_060|ASN|hydrogen_bond|frequency,2026091905,1,9,0.1111111111111111
zopiclone,alpha1,alpha1|BZD_GAMMA2_060|ASN|hydrogen_bond|frequency,2026091901,5,9,0.5555555555555556
zopiclone,alpha1,alpha1|BZD_GAMMA2_060|ASN|hydrogen_bond|frequency,2026091902,6,9,0.6666666666666666
zopiclone,alpha1,alpha1|BZD_GAMMA2_060|ASN|hydrogen_bond|frequency,2026091903,5,9,0.5555555555555556
zopiclone,alpha1,alpha1|BZD_GAMMA2_060|ASN|hydrogen_bond|frequency,2026091904,5,9,0.5555555555555556
zopiclone,alpha1,alpha1|BZD_GAMMA2_060|ASN|hydrogen_bond|frequency,2026091905,5,9,0.5555555555555556
zaleplon,alpha1,alpha1|BZD_GAMMA2_060|ASN|hydrogen_bond|frequency,2026091901,2,9,0.2222222222222222
zaleplon,alpha1,alpha1|BZD_GAMMA2_060|ASN|hydrogen_bond|frequency,2026091902,2,9,0.2222222222222222
zaleplon,alpha1,alpha1|BZD_GAMMA2_060|ASN|hydrogen_bond|frequency,2026091903,1,9,0.1111111111111111
zaleplon,alpha1,alpha1|BZD_GAMMA2_060|ASN|hydrogen_bond|frequency,2026091904,1,9,0.1111111111111111
zaleplon,alpha1,alpha1|BZD_GAMMA2_060|ASN|hydrogen_bond|frequency,2026091905,2,9,0.2222222222222222
diazepam,alpha1,alpha1|BZD_GAMMA2_077|PHE|hydrogen_bond|frequency,2026091901,0,9,0.0
diazepam,alpha1,alpha1|BZD_GAMMA2_077|PHE|hydrogen_bond|frequency,2026091902,0,9,0.0
diazepam,alpha1,alpha1|BZD_GAMMA2_077|PHE|hydrogen_bond|frequency,2026091903,0,9,0.0
diazepam,alpha1,alpha1|BZD_GAMMA2_077|PHE|hydrogen_bond|frequency,2026091904,0,9,0.0
diazepam,alpha1,alpha1|BZD_GAMMA2_077|PHE|hydrogen_bond|frequency,2026091905,0,9,0.0
alprazolam,alpha1,alpha1|BZD_GAMMA2_077|PHE|hydrogen_bond|frequency,2026091901,0,8,0.0
alprazolam,alpha1,alpha1|BZD_GAMMA2_077|PHE|hydrogen_bond|frequency,2026091902,0,7,0.0
alprazolam,alpha1,alpha1|BZD_GAMMA2_077|PHE|hydrogen_bond|frequency,2026091903,0,7,0.0
alprazolam,alpha1,alpha1|BZD_GAMMA2_077|PHE|hydrogen_bond|frequency,2026091904,0,7,0.0
alprazolam,alpha1,alpha1|BZD_GAMMA2_077|PHE|hydrogen_bond|frequency,2026091905,0,6,0.0
triazolam,alpha1,alpha1|BZD_GAMMA2_077|PHE|hydrogen_bond|frequency,2026091901,0,9,0.0
triazolam,alpha1,alpha1|BZD_GAMMA2_077|PHE|hydrogen_bond|frequency,2026091902,0,8,0.0
triazolam,alpha1,alpha1|BZD_GAMMA2_077|PHE|hydrogen_bond|frequency,2026091903,0,8,0.0
triazolam,alpha1,alpha1|BZD_GAMMA2_077|PHE|hydrogen_bond|frequency,2026091904,0,9,0.0
triazolam,alpha1,alpha1|BZD_GAMMA2_077|PHE|hydrogen_bond|frequency,2026091905,0,6,0.0
zolpidem,alpha1,alpha1|BZD_GAMMA2_077|PHE|hydrogen_bond|frequency,2026091901,0,9,0.0
zolpidem,alpha1,alpha1|BZD_GAMMA2_077|PHE|hydrogen_bond|frequency,2026091902,0,9,0.0
zolpidem,alpha1,alpha1|BZD_GAMMA2_077|PHE|hydrogen_bond|frequency,2026091903,0,9,0.0
zolpidem,alpha1,alpha1|BZD_GAMMA2_077|PHE|hydrogen_bond|frequency,2026091904,0,9,0.0
zolpidem,alpha1,alpha1|BZD_GAMMA2_077|PHE|hydrogen_bond|frequency,2026091905,0,9,0.0
lorazepam,alpha1,alpha1|BZD_GAMMA2_077|PHE|hydrogen_bond|frequency,2026091901,0,9,0.0
lorazepam,alpha1,alpha1|BZD_GAMMA2_077|PHE|hydrogen_bond|frequency,2026091902,0,9,0.0
lorazepam,alpha1,alpha1|BZD_GAMMA2_077|PHE|hydrogen_bond|frequency,2026091903,0,9,0.0
lorazepam,alpha1,alpha1|BZD_GAMMA2_077|PHE|hydrogen_bond|frequency,2026091904,0,9,0.0
lorazepam,alpha1,alpha1|BZD_GAMMA2_077|PHE|hydrogen_bond|frequency,2026091905,0,9,0.0
clonazepam,alpha1,alpha1|BZD_GAMMA2_077|PHE|hydrogen_bond|frequency,2026091901,0,9,0.0
clonazepam,alpha1,alpha1|BZD_GAMMA2_077|PHE|hydrogen_bond|frequency,2026091902,0,9,0.0
clonazepam,alpha1,alpha1|BZD_GAMMA2_077|PHE|hydrogen_bond|frequency,2026091903,0,9,0.0
clonazepam,alpha1,alpha1|BZD_GAMMA2_077|PHE|hydrogen_bond|frequency,2026091904,0,9,0.0
clonazepam,alpha1,alpha1|BZD_GAMMA2_077|PHE|hydrogen_bond|frequency,2026091905,0,9,0.0
midazolam,alpha1,alpha1|BZD_GAMMA2_077|PHE|hydrogen_bond|frequency,2026091901,0,7,0.0
midazolam,alpha1,alpha1|BZD_GAMMA2_077|PHE|hydrogen_bond|frequency,2026091902,0,9,0.0
midazolam,alpha1,alpha1|BZD_GAMMA2_077|PHE|hydrogen_bond|frequency,2026091903,0,9,0.0
midazolam,alpha1,alpha1|BZD_GAMMA2_077|PHE|hydrogen_bond|frequency,2026091904,0,9,0.0
midazolam,alpha1,alpha1|BZD_GAMMA2_077|PHE|hydrogen_bond|frequency,2026091905,0,9,0.0
temazepam,alpha1,alpha1|BZD_GAMMA2_077|PHE|hydrogen_bond|frequency,2026091901,0,9,0.0
temazepam,alpha1,alpha1|BZD_GAMMA2_077|PHE|hydrogen_bond|frequency,2026091902,0,9,0.0
temazepam,alpha1,alpha1|BZD_GAMMA2_077|PHE|hydrogen_bond|frequency,2026091903,1,9,0.1111111111111111
temazepam,alpha1,alpha1|BZD_GAMMA2_077|PHE|hydrogen_bond|frequency,2026091904,0,9,0.0
temazepam,alpha1,alpha1|BZD_GAMMA2_077|PHE|hydrogen_bond|frequency,2026091905,0,9,0.0
zopiclone,alpha1,alpha1|BZD_GAMMA2_077|PHE|hydrogen_bond|frequency,2026091901,0,9,0.0
zopiclone,alpha1,alpha1|BZD_GAMMA2_077|PHE|hydrogen_bond|frequency,2026091902,0,9,0.0
zopiclone,alpha1,alpha1|BZD_GAMMA2_077|PHE|hydrogen_bond|frequency,2026091903,0,9,0.0
zopiclone,alpha1,alpha1|BZD_GAMMA2_077|PHE|hydrogen_bond|frequency,2026091904,0,9,0.0
zopiclone,alpha1,alpha1|BZD_GAMMA2_077|PHE|hydrogen_bond|frequency,2026091905,0,9,0.0
zaleplon,alpha1,alpha1|BZD_GAMMA2_077|PHE|hydrogen_bond|frequency,2026091901,0,9,0.0
zaleplon,alpha1,alpha1|BZD_GAMMA2_077|PHE|hydrogen_bond|frequency,2026091902,0,9,0.0
zaleplon,alpha1,alpha1|BZD_GAMMA2_077|PHE|hydrogen_bond|frequency,2026091903,0,9,0.0
zaleplon,alpha1,alpha1|BZD_GAMMA2_077|PHE|hydrogen_bond|frequency,2026091904,0,9,0.0
zaleplon,alpha1,alpha1|BZD_GAMMA2_077|PHE|hydrogen_bond|frequency,2026091905,0,9,0.0
diazepam,alpha1,alpha1|BZD_GAMMA2_077|PHE|hydrophobic_interaction|frequency,2026091901,4,9,0.4444444444444444
diazepam,alpha1,alpha1|BZD_GAMMA2_077|PHE|hydrophobic_interaction|frequency,2026091902,6,9,0.6666666666666666
diazepam,alpha1,alpha1|BZD_GAMMA2_077|PHE|hydrophobic_interaction|frequency,2026091903,6,9,0.6666666666666666
diazepam,alpha1,alpha1|BZD_GAMMA2_077|PHE|hydrophobic_interaction|frequency,2026091904,4,9,0.4444444444444444
diazepam,alpha1,alpha1|BZD_GAMMA2_077|PHE|hydrophobic_interaction|frequency,2026091905,5,9,0.5555555555555556
alprazolam,alpha1,alpha1|BZD_GAMMA2_077|PHE|hydrophobic_interaction|frequency,2026091901,5,8,0.625
alprazolam,alpha1,alpha1|BZD_GAMMA2_077|PHE|hydrophobic_interaction|frequency,2026091902,5,7,0.7142857142857143
alprazolam,alpha1,alpha1|BZD_GAMMA2_077|PHE|hydrophobic_interaction|frequency,2026091903,5,7,0.7142857142857143
alprazolam,alpha1,alpha1|BZD_GAMMA2_077|PHE|hydrophobic_interaction|frequency,2026091904,5,7,0.7142857142857143
alprazolam,alpha1,alpha1|BZD_GAMMA2_077|PHE|hydrophobic_interaction|frequency,2026091905,4,6,0.6666666666666666
triazolam,alpha1,alpha1|BZD_GAMMA2_077|PHE|hydrophobic_interaction|frequency,2026091901,7,9,0.7777777777777778
triazolam,alpha1,alpha1|BZD_GAMMA2_077|PHE|hydrophobic_interaction|frequency,2026091902,4,8,0.5
triazolam,alpha1,alpha1|BZD_GAMMA2_077|PHE|hydrophobic_interaction|frequency,2026091903,4,8,0.5
triazolam,alpha1,alpha1|BZD_GAMMA2_077|PHE|hydrophobic_interaction|frequency,2026091904,7,9,0.7777777777777778
triazolam,alpha1,alpha1|BZD_GAMMA2_077|PHE|hydrophobic_interaction|frequency,2026091905,4,6,0.6666666666666666
zolpidem,alpha1,alpha1|BZD_GAMMA2_077|PHE|hydrophobic_interaction|frequency,2026091901,8,9,0.8888888888888888
zolpidem,alpha1,alpha1|BZD_GAMMA2_077|PHE|hydrophobic_interaction|frequency,2026091902,8,9,0.8888888888888888
zolpidem,alpha1,alpha1|BZD_GAMMA2_077|PHE|hydrophobic_interaction|frequency,2026091903,9,9,1.0
zolpidem,alpha1,alpha1|BZD_GAMMA2_077|PHE|hydrophobic_interaction|frequency,2026091904,9,9,1.0
zolpidem,alpha1,alpha1|BZD_GAMMA2_077|PHE|hydrophobic_interaction|frequency,2026091905,8,9,0.8888888888888888
lorazepam,alpha1,alpha1|BZD_GAMMA2_077|PHE|hydrophobic_interaction|frequency,2026091901,7,9,0.7777777777777778
lorazepam,alpha1,alpha1|BZD_GAMMA2_077|PHE|hydrophobic_interaction|frequency,2026091902,5,9,0.5555555555555556
lorazepam,alpha1,alpha1|BZD_GAMMA2_077|PHE|hydrophobic_interaction|frequency,2026091903,5,9,0.5555555555555556
lorazepam,alpha1,alpha1|BZD_GAMMA2_077|PHE|hydrophobic_interaction|frequency,2026091904,6,9,0.6666666666666666
lorazepam,alpha1,alpha1|BZD_GAMMA2_077|PHE|hydrophobic_interaction|frequency,2026091905,4,9,0.4444444444444444
clonazepam,alpha1,alpha1|BZD_GAMMA2_077|PHE|hydrophobic_interaction|frequency,2026091901,6,9,0.6666666666666666
clonazepam,alpha1,alpha1|BZD_GAMMA2_077|PHE|hydrophobic_interaction|frequency,2026091902,5,9,0.5555555555555556
clonazepam,alpha1,alpha1|BZD_GAMMA2_077|PHE|hydrophobic_interaction|frequency,2026091903,7,9,0.7777777777777778
clonazepam,alpha1,alpha1|BZD_GAMMA2_077|PHE|hydrophobic_interaction|frequency,2026091904,5,9,0.5555555555555556
clonazepam,alpha1,alpha1|BZD_GAMMA2_077|PHE|hydrophobic_interaction|frequency,2026091905,6,9,0.6666666666666666
midazolam,alpha1,alpha1|BZD_GAMMA2_077|PHE|hydrophobic_interaction|frequency,2026091901,2,7,0.2857142857142857
midazolam,alpha1,alpha1|BZD_GAMMA2_077|PHE|hydrophobic_interaction|frequency,2026091902,5,9,0.5555555555555556
midazolam,alpha1,alpha1|BZD_GAMMA2_077|PHE|hydrophobic_interaction|frequency,2026091903,4,9,0.4444444444444444
midazolam,alpha1,alpha1|BZD_GAMMA2_077|PHE|hydrophobic_interaction|frequency,2026091904,5,9,0.5555555555555556
midazolam,alpha1,alpha1|BZD_GAMMA2_077|PHE|hydrophobic_interaction|frequency,2026091905,4,9,0.4444444444444444
temazepam,alpha1,alpha1|BZD_GAMMA2_077|PHE|hydrophobic_interaction|frequency,2026091901,7,9,0.7777777777777778
temazepam,alpha1,alpha1|BZD_GAMMA2_077|PHE|hydrophobic_interaction|frequency,2026091902,6,9,0.6666666666666666
temazepam,alpha1,alpha1|BZD_GAMMA2_077|PHE|hydrophobic_interaction|frequency,2026091903,8,9,0.8888888888888888
temazepam,alpha1,alpha1|BZD_GAMMA2_077|PHE|hydrophobic_interaction|frequency,2026091904,6,9,0.6666666666666666
temazepam,alpha1,alpha1|BZD_GAMMA2_077|PHE|hydrophobic_interaction|frequency,2026091905,6,9,0.6666666666666666
zopiclone,alpha1,alpha1|BZD_GAMMA2_077|PHE|hydrophobic_interaction|frequency,2026091901,2,9,0.2222222222222222
zopiclone,alpha1,alpha1|BZD_GAMMA2_077|PHE|hydrophobic_interaction|frequency,2026091902,2,9,0.2222222222222222
zopiclone,alpha1,alpha1|BZD_GAMMA2_077|PHE|hydrophobic_interaction|frequency,2026091903,3,9,0.3333333333333333
zopiclone,alpha1,alpha1|BZD_GAMMA2_077|PHE|hydrophobic_interaction|frequency,2026091904,2,9,0.2222222222222222
zopiclone,alpha1,alpha1|BZD_GAMMA2_077|PHE|hydrophobic_interaction|frequency,2026091905,3,9,0.3333333333333333
zaleplon,alpha1,alpha1|BZD_GAMMA2_077|PHE|hydrophobic_interaction|frequency,2026091901,8,9,0.8888888888888888
zaleplon,alpha1,alpha1|BZD_GAMMA2_077|PHE|hydrophobic_interaction|frequency,2026091902,8,9,0.8888888888888888
zaleplon,alpha1,alpha1|BZD_GAMMA2_077|PHE|hydrophobic_interaction|frequency,2026091903,8,9,0.8888888888888888
zaleplon,alpha1,alpha1|BZD_GAMMA2_077|PHE|hydrophobic_interaction|frequency,2026091904,8,9,0.8888888888888888
zaleplon,alpha1,alpha1|BZD_GAMMA2_077|PHE|hydrophobic_interaction|frequency,2026091905,8,9,0.8888888888888888
diazepam,alpha1,alpha1|BZD_GAMMA2_077|PHE|pi_stack|frequency,2026091901,2,9,0.2222222222222222
diazepam,alpha1,alpha1|BZD_GAMMA2_077|PHE|pi_stack|frequency,2026091902,4,9,0.4444444444444444
diazepam,alpha1,alpha1|BZD_GAMMA2_077|PHE|pi_stack|frequency,2026091903,3,9,0.3333333333333333
diazepam,alpha1,alpha1|BZD_GAMMA2_077|PHE|pi_stack|frequency,2026091904,4,9,0.4444444444444444
diazepam,alpha1,alpha1|BZD_GAMMA2_077|PHE|pi_stack|frequency,2026091905,4,9,0.4444444444444444
diazepam,alpha1,alpha1|BZD_GAMMA2_077|PHE|pi_stack|P_frequency,2026091901,2,9,0.2222222222222222
diazepam,alpha1,alpha1|BZD_GAMMA2_077|PHE|pi_stack|P_frequency,2026091902,3,9,0.3333333333333333
diazepam,alpha1,alpha1|BZD_GAMMA2_077|PHE|pi_stack|P_frequency,2026091903,2,9,0.2222222222222222
diazepam,alpha1,alpha1|BZD_GAMMA2_077|PHE|pi_stack|P_frequency,2026091904,3,9,0.3333333333333333
diazepam,alpha1,alpha1|BZD_GAMMA2_077|PHE|pi_stack|P_frequency,2026091905,4,9,0.4444444444444444
diazepam,alpha1,alpha1|BZD_GAMMA2_077|PHE|pi_stack|T_frequency,2026091901,0,9,0.0
diazepam,alpha1,alpha1|BZD_GAMMA2_077|PHE|pi_stack|T_frequency,2026091902,1,9,0.1111111111111111
diazepam,alpha1,alpha1|BZD_GAMMA2_077|PHE|pi_stack|T_frequency,2026091903,1,9,0.1111111111111111
diazepam,alpha1,alpha1|BZD_GAMMA2_077|PHE|pi_stack|T_frequency,2026091904,1,9,0.1111111111111111
diazepam,alpha1,alpha1|BZD_GAMMA2_077|PHE|pi_stack|T_frequency,2026091905,0,9,0.0
alprazolam,alpha1,alpha1|BZD_GAMMA2_077|PHE|pi_stack|frequency,2026091901,2,8,0.25
alprazolam,alpha1,alpha1|BZD_GAMMA2_077|PHE|pi_stack|frequency,2026091902,2,7,0.2857142857142857
alprazolam,alpha1,alpha1|BZD_GAMMA2_077|PHE|pi_stack|frequency,2026091903,1,7,0.14285714285714285
alprazolam,alpha1,alpha1|BZD_GAMMA2_077|PHE|pi_stack|frequency,2026091904,1,7,0.14285714285714285
alprazolam,alpha1,alpha1|BZD_GAMMA2_077|PHE|pi_stack|frequency,2026091905,2,6,0.3333333333333333
alprazolam,alpha1,alpha1|BZD_GAMMA2_077|PHE|pi_stack|P_frequency,2026091901,2,8,0.25
alprazolam,alpha1,alpha1|BZD_GAMMA2_077|PHE|pi_stack|P_frequency,2026091902,2,7,0.2857142857142857
alprazolam,alpha1,alpha1|BZD_GAMMA2_077|PHE|pi_stack|P_frequency,2026091903,1,7,0.14285714285714285
alprazolam,alpha1,alpha1|BZD_GAMMA2_077|PHE|pi_stack|P_frequency,2026091904,1,7,0.14285714285714285
alprazolam,alpha1,alpha1|BZD_GAMMA2_077|PHE|pi_stack|P_frequency,2026091905,2,6,0.3333333333333333
alprazolam,alpha1,alpha1|BZD_GAMMA2_077|PHE|pi_stack|T_frequency,2026091901,0,8,0.0
alprazolam,alpha1,alpha1|BZD_GAMMA2_077|PHE|pi_stack|T_frequency,2026091902,0,7,0.0
alprazolam,alpha1,alpha1|BZD_GAMMA2_077|PHE|pi_stack|T_frequency,2026091903,0,7,0.0
alprazolam,alpha1,alpha1|BZD_GAMMA2_077|PHE|pi_stack|T_frequency,2026091904,0,7,0.0
alprazolam,alpha1,alpha1|BZD_GAMMA2_077|PHE|pi_stack|T_frequency,2026091905,0,6,0.0
triazolam,alpha1,alpha1|BZD_GAMMA2_077|PHE|pi_stack|frequency,2026091901,2,9,0.2222222222222222
triazolam,alpha1,alpha1|BZD_GAMMA2_077|PHE|pi_stack|frequency,2026091902,1,8,0.125
triazolam,alpha1,alpha1|BZD_GAMMA2_077|PHE|pi_stack|frequency,2026091903,1,8,0.125
triazolam,alpha1,alpha1|BZD_GAMMA2_077|PHE|pi_stack|frequency,2026091904,2,9,0.2222222222222222
triazolam,alpha1,alpha1|BZD_GAMMA2_077|PHE|pi_stack|frequency,2026091905,1,6,0.16666666666666666
triazolam,alpha1,alpha1|BZD_GAMMA2_077|PHE|pi_stack|P_frequency,2026091901,2,9,0.2222222222222222
triazolam,alpha1,alpha1|BZD_GAMMA2_077|PHE|pi_stack|P_frequency,2026091902,1,8,0.125
triazolam,alpha1,alpha1|BZD_GAMMA2_077|PHE|pi_stack|P_frequency,2026091903,1,8,0.125
triazolam,alpha1,alpha1|BZD_GAMMA2_077|PHE|pi_stack|P_frequency,2026091904,2,9,0.2222222222222222
triazolam,alpha1,alpha1|BZD_GAMMA2_077|PHE|pi_stack|P_frequency,2026091905,1,6,0.16666666666666666
triazolam,alpha1,alpha1|BZD_GAMMA2_077|PHE|pi_stack|T_frequency,2026091901,0,9,0.0
triazolam,alpha1,alpha1|BZD_GAMMA2_077|PHE|pi_stack|T_frequency,2026091902,0,8,0.0
triazolam,alpha1,alpha1|BZD_GAMMA2_077|PHE|pi_stack|T_frequency,2026091903,0,8,0.0
triazolam,alpha1,alpha1|BZD_GAMMA2_077|PHE|pi_stack|T_frequency,2026091904,0,9,0.0
triazolam,alpha1,alpha1|BZD_GAMMA2_077|PHE|pi_stack|T_frequency,2026091905,0,6,0.0
zolpidem,alpha1,alpha1|BZD_GAMMA2_077|PHE|pi_stack|frequency,2026091901,6,9,0.6666666666666666
zolpidem,alpha1,alpha1|BZD_GAMMA2_077|PHE|pi_stack|frequency,2026091902,6,9,0.6666666666666666
zolpidem,alpha1,alpha1|BZD_GAMMA2_077|PHE|pi_stack|frequency,2026091903,4,9,0.4444444444444444
zolpidem,alpha1,alpha1|BZD_GAMMA2_077|PHE|pi_stack|frequency,2026091904,5,9,0.5555555555555556
zolpidem,alpha1,alpha1|BZD_GAMMA2_077|PHE|pi_stack|frequency,2026091905,7,9,0.7777777777777778
zolpidem,alpha1,alpha1|BZD_GAMMA2_077|PHE|pi_stack|P_frequency,2026091901,6,9,0.6666666666666666
zolpidem,alpha1,alpha1|BZD_GAMMA2_077|PHE|pi_stack|P_frequency,2026091902,6,9,0.6666666666666666
zolpidem,alpha1,alpha1|BZD_GAMMA2_077|PHE|pi_stack|P_frequency,2026091903,4,9,0.4444444444444444
zolpidem,alpha1,alpha1|BZD_GAMMA2_077|PHE|pi_stack|P_frequency,2026091904,5,9,0.5555555555555556
zolpidem,alpha1,alpha1|BZD_GAMMA2_077|PHE|pi_stack|P_frequency,2026091905,6,9,0.6666666666666666
zolpidem,alpha1,alpha1|BZD_GAMMA2_077|PHE|pi_stack|T_frequency,2026091901,0,9,0.0
zolpidem,alpha1,alpha1|BZD_GAMMA2_077|PHE|pi_stack|T_frequency,2026091902,0,9,0.0
zolpidem,alpha1,alpha1|BZD_GAMMA2_077|PHE|pi_stack|T_frequency,2026091903,0,9,0.0
zolpidem,alpha1,alpha1|BZD_GAMMA2_077|PHE|pi_stack|T_frequency,2026091904,0,9,0.0
zolpidem,alpha1,alpha1|BZD_GAMMA2_077|PHE|pi_stack|T_frequency,2026091905,1,9,0.1111111111111111
lorazepam,alpha1,alpha1|BZD_GAMMA2_077|PHE|pi_stack|frequency,2026091901,1,9,0.1111111111111111
lorazepam,alpha1,alpha1|BZD_GAMMA2_077|PHE|pi_stack|frequency,2026091902,1,9,0.1111111111111111
lorazepam,alpha1,alpha1|BZD_GAMMA2_077|PHE|pi_stack|frequency,2026091903,1,9,0.1111111111111111
lorazepam,alpha1,alpha1|BZD_GAMMA2_077|PHE|pi_stack|frequency,2026091904,2,9,0.2222222222222222
lorazepam,alpha1,alpha1|BZD_GAMMA2_077|PHE|pi_stack|frequency,2026091905,1,9,0.1111111111111111
lorazepam,alpha1,alpha1|BZD_GAMMA2_077|PHE|pi_stack|P_frequency,2026091901,1,9,0.1111111111111111
lorazepam,alpha1,alpha1|BZD_GAMMA2_077|PHE|pi_stack|P_frequency,2026091902,1,9,0.1111111111111111
lorazepam,alpha1,alpha1|BZD_GAMMA2_077|PHE|pi_stack|P_frequency,2026091903,1,9,0.1111111111111111
lorazepam,alpha1,alpha1|BZD_GAMMA2_077|PHE|pi_stack|P_frequency,2026091904,2,9,0.2222222222222222
lorazepam,alpha1,alpha1|BZD_GAMMA2_077|PHE|pi_stack|P_frequency,2026091905,1,9,0.1111111111111111
lorazepam,alpha1,alpha1|BZD_GAMMA2_077|PHE|pi_stack|T_frequency,2026091901,0,9,0.0
lorazepam,alpha1,alpha1|BZD_GAMMA2_077|PHE|pi_stack|T_frequency,2026091902,0,9,0.0
lorazepam,alpha1,alpha1|BZD_GAMMA2_077|PHE|pi_stack|T_frequency,2026091903,0,9,0.0
lorazepam,alpha1,alpha1|BZD_GAMMA2_077|PHE|pi_stack|T_frequency,2026091904,0,9,0.0
lorazepam,alpha1,alpha1|BZD_GAMMA2_077|PHE|pi_stack|T_frequency,2026091905,0,9,0.0
clonazepam,alpha1,alpha1|BZD_GAMMA2_077|PHE|pi_stack|frequency,2026091901,2,9,0.2222222222222222
clonazepam,alpha1,alpha1|BZD_GAMMA2_077|PHE|pi_stack|frequency,2026091902,2,9,0.2222222222222222
clonazepam,alpha1,alpha1|BZD_GAMMA2_077|PHE|pi_stack|frequency,2026091903,1,9,0.1111111111111111
clonazepam,alpha1,alpha1|BZD_GAMMA2_077|PHE|pi_stack|frequency,2026091904,2,9,0.2222222222222222
clonazepam,alpha1,alpha1|BZD_GAMMA2_077|PHE|pi_stack|frequency,2026091905,1,9,0.1111111111111111
clonazepam,alpha1,alpha1|BZD_GAMMA2_077|PHE|pi_stack|P_frequency,2026091901,2,9,0.2222222222222222
clonazepam,alpha1,alpha1|BZD_GAMMA2_077|PHE|pi_stack|P_frequency,2026091902,2,9,0.2222222222222222
clonazepam,alpha1,alpha1|BZD_GAMMA2_077|PHE|pi_stack|P_frequency,2026091903,1,9,0.1111111111111111
clonazepam,alpha1,alpha1|BZD_GAMMA2_077|PHE|pi_stack|P_frequency,2026091904,2,9,0.2222222222222222
clonazepam,alpha1,alpha1|BZD_GAMMA2_077|PHE|pi_stack|P_frequency,2026091905,1,9,0.1111111111111111
clonazepam,alpha1,alpha1|BZD_GAMMA2_077|PHE|pi_stack|T_frequency,2026091901,0,9,0.0
clonazepam,alpha1,alpha1|BZD_GAMMA2_077|PHE|pi_stack|T_frequency,2026091902,0,9,0.0
clonazepam,alpha1,alpha1|BZD_GAMMA2_077|PHE|pi_stack|T_frequency,2026091903,0,9,0.0
clonazepam,alpha1,alpha1|BZD_GAMMA2_077|PHE|pi_stack|T_frequency,2026091904,0,9,0.0
clonazepam,alpha1,alpha1|BZD_GAMMA2_077|PHE|pi_stack|T_frequency,2026091905,0,9,0.0
midazolam,alpha1,alpha1|BZD_GAMMA2_077|PHE|pi_stack|frequency,2026091901,4,7,0.5714285714285714
midazolam,alpha1,alpha1|BZD_GAMMA2_077|PHE|pi_stack|frequency,2026091902,3,9,0.3333333333333333
midazolam,alpha1,alpha1|BZD_GAMMA2_077|PHE|pi_stack|frequency,2026091903,3,9,0.3333333333333333
midazolam,alpha1,alpha1|BZD_GAMMA2_077|PHE|pi_stack|frequency,2026091904,3,9,0.3333333333333333
midazolam,alpha1,alpha1|BZD_GAMMA2_077|PHE|pi_stack|frequency,2026091905,3,9,0.3333333333333333
midazolam,alpha1,alpha1|BZD_GAMMA2_077|PHE|pi_stack|P_frequency,2026091901,4,7,0.5714285714285714
midazolam,alpha1,alpha1|BZD_GAMMA2_077|PHE|pi_stack|P_frequency,2026091902,3,9,0.3333333333333333
midazolam,alpha1,alpha1|BZD_GAMMA2_077|PHE|pi_stack|P_frequency,2026091903,3,9,0.3333333333333333
midazolam,alpha1,alpha1|BZD_GAMMA2_077|PHE|pi_stack|P_frequency,2026091904,3,9,0.3333333333333333
midazolam,alpha1,alpha1|BZD_GAMMA2_077|PHE|pi_stack|P_frequency,2026091905,3,9,0.3333333333333333
midazolam,alpha1,alpha1|BZD_GAMMA2_077|PHE|pi_stack|T_frequency,2026091901,0,7,0.0
midazolam,alpha1,alpha1|BZD_GAMMA2_077|PHE|pi_stack|T_frequency,2026091902,0,9,0.0
midazolam,alpha1,alpha1|BZD_GAMMA2_077|PHE|pi_stack|T_frequency,2026091903,0,9,0.0
midazolam,alpha1,alpha1|BZD_GAMMA2_077|PHE|pi_stack|T_frequency,2026091904,0,9,0.0
midazolam,alpha1,alpha1|BZD_GAMMA2_077|PHE|pi_stack|T_frequency,2026091905,0,9,0.0
temazepam,alpha1,alpha1|BZD_GAMMA2_077|PHE|pi_stack|frequency,2026091901,1,9,0.1111111111111111
temazepam,alpha1,alpha1|BZD_GAMMA2_077|PHE|pi_stack|frequency,2026091902,2,9,0.2222222222222222
temazepam,alpha1,alpha1|BZD_GAMMA2_077|PHE|pi_stack|frequency,2026091903,0,9,0.0
temazepam,alpha1,alpha1|BZD_GAMMA2_077|PHE|pi_stack|frequency,2026091904,1,9,0.1111111111111111
temazepam,alpha1,alpha1|BZD_GAMMA2_077|PHE|pi_stack|frequency,2026091905,0,9,0.0
temazepam,alpha1,alpha1|BZD_GAMMA2_077|PHE|pi_stack|P_frequency,2026091901,1,9,0.1111111111111111
temazepam,alpha1,alpha1|BZD_GAMMA2_077|PHE|pi_stack|P_frequency,2026091902,2,9,0.2222222222222222
temazepam,alpha1,alpha1|BZD_GAMMA2_077|PHE|pi_stack|P_frequency,2026091903,0,9,0.0
temazepam,alpha1,alpha1|BZD_GAMMA2_077|PHE|pi_stack|P_frequency,2026091904,1,9,0.1111111111111111
temazepam,alpha1,alpha1|BZD_GAMMA2_077|PHE|pi_stack|P_frequency,2026091905,0,9,0.0
temazepam,alpha1,alpha1|BZD_GAMMA2_077|PHE|pi_stack|T_frequency,2026091901,0,9,0.0
temazepam,alpha1,alpha1|BZD_GAMMA2_077|PHE|pi_stack|T_frequency,2026091902,0,9,0.0
temazepam,alpha1,alpha1|BZD_GAMMA2_077|PHE|pi_stack|T_frequency,2026091903,0,9,0.0
temazepam,alpha1,alpha1|BZD_GAMMA2_077|PHE|pi_stack|T_frequency,2026091904,0,9,0.0
temazepam,alpha1,alpha1|BZD_GAMMA2_077|PHE|pi_stack|T_frequency,2026091905,0,9,0.0
zopiclone,alpha1,alpha1|BZD_GAMMA2_077|PHE|pi_stack|frequency,2026091901,3,9,0.3333333333333333
zopiclone,alpha1,alpha1|BZD_GAMMA2_077|PHE|pi_stack|frequency,2026091902,3,9,0.3333333333333333
zopiclone,alpha1,alpha1|BZD_GAMMA2_077|PHE|pi_stack|frequency,2026091903,3,9,0.3333333333333333
zopiclone,alpha1,alpha1|BZD_GAMMA2_077|PHE|pi_stack|frequency,2026091904,3,9,0.3333333333333333
zopiclone,alpha1,alpha1|BZD_GAMMA2_077|PHE|pi_stack|frequency,2026091905,3,9,0.3333333333333333
zopiclone,alpha1,alpha1|BZD_GAMMA2_077|PHE|pi_stack|P_frequency,2026091901,3,9,0.3333333333333333
zopiclone,alpha1,alpha1|BZD_GAMMA2_077|PHE|pi_stack|P_frequency,2026091902,3,9,0.3333333333333333
zopiclone,alpha1,alpha1|BZD_GAMMA2_077|PHE|pi_stack|P_frequency,2026091903,3,9,0.3333333333333333
zopiclone,alpha1,alpha1|BZD_GAMMA2_077|PHE|pi_stack|P_frequency,2026091904,3,9,0.3333333333333333
zopiclone,alpha1,alpha1|BZD_GAMMA2_077|PHE|pi_stack|P_frequency,2026091905,3,9,0.3333333333333333
zopiclone,alpha1,alpha1|BZD_GAMMA2_077|PHE|pi_stack|T_frequency,2026091901,0,9,0.0
zopiclone,alpha1,alpha1|BZD_GAMMA2_077|PHE|pi_stack|T_frequency,2026091902,0,9,0.0
zopiclone,alpha1,alpha1|BZD_GAMMA2_077|PHE|pi_stack|T_frequency,2026091903,0,9,0.0
zopiclone,alpha1,alpha1|BZD_GAMMA2_077|PHE|pi_stack|T_frequency,2026091904,0,9,0.0
zopiclone,alpha1,alpha1|BZD_GAMMA2_077|PHE|pi_stack|T_frequency,2026091905,0,9,0.0
zaleplon,alpha1,alpha1|BZD_GAMMA2_077|PHE|pi_stack|frequency,2026091901,7,9,0.7777777777777778
zaleplon,alpha1,alpha1|BZD_GAMMA2_077|PHE|pi_stack|frequency,2026091902,8,9,0.8888888888888888
zaleplon,alpha1,alpha1|BZD_GAMMA2_077|PHE|pi_stack|frequency,2026091903,9,9,1.0
zaleplon,alpha1,alpha1|BZD_GAMMA2_077|PHE|pi_stack|frequency,2026091904,9,9,1.0
zaleplon,alpha1,alpha1|BZD_GAMMA2_077|PHE|pi_stack|frequency,2026091905,9,9,1.0
zaleplon,alpha1,alpha1|BZD_GAMMA2_077|PHE|pi_stack|P_frequency,2026091901,7,9,0.7777777777777778
zaleplon,alpha1,alpha1|BZD_GAMMA2_077|PHE|pi_stack|P_frequency,2026091902,8,9,0.8888888888888888
zaleplon,alpha1,alpha1|BZD_GAMMA2_077|PHE|pi_stack|P_frequency,2026091903,9,9,1.0
zaleplon,alpha1,alpha1|BZD_GAMMA2_077|PHE|pi_stack|P_frequency,2026091904,9,9,1.0
zaleplon,alpha1,alpha1|BZD_GAMMA2_077|PHE|pi_stack|P_frequency,2026091905,9,9,1.0
zaleplon,alpha1,alpha1|BZD_GAMMA2_077|PHE|pi_stack|T_frequency,2026091901,0,9,0.0
zaleplon,alpha1,alpha1|BZD_GAMMA2_077|PHE|pi_stack|T_frequency,2026091902,0,9,0.0
zaleplon,alpha1,alpha1|BZD_GAMMA2_077|PHE|pi_stack|T_frequency,2026091903,0,9,0.0
zaleplon,alpha1,alpha1|BZD_GAMMA2_077|PHE|pi_stack|T_frequency,2026091904,0,9,0.0
zaleplon,alpha1,alpha1|BZD_GAMMA2_077|PHE|pi_stack|T_frequency,2026091905,0,9,0.0
diazepam,alpha1,alpha1|BZD_GAMMA2_079|ALA|hydrophobic_interaction|frequency,2026091901,0,9,0.0
diazepam,alpha1,alpha1|BZD_GAMMA2_079|ALA|hydrophobic_interaction|frequency,2026091902,0,9,0.0
diazepam,alpha1,alpha1|BZD_GAMMA2_079|ALA|hydrophobic_interaction|frequency,2026091903,0,9,0.0
diazepam,alpha1,alpha1|BZD_GAMMA2_079|ALA|hydrophobic_interaction|frequency,2026091904,0,9,0.0
diazepam,alpha1,alpha1|BZD_GAMMA2_079|ALA|hydrophobic_interaction|frequency,2026091905,0,9,0.0
alprazolam,alpha1,alpha1|BZD_GAMMA2_079|ALA|hydrophobic_interaction|frequency,2026091901,0,8,0.0
alprazolam,alpha1,alpha1|BZD_GAMMA2_079|ALA|hydrophobic_interaction|frequency,2026091902,0,7,0.0
alprazolam,alpha1,alpha1|BZD_GAMMA2_079|ALA|hydrophobic_interaction|frequency,2026091903,0,7,0.0
alprazolam,alpha1,alpha1|BZD_GAMMA2_079|ALA|hydrophobic_interaction|frequency,2026091904,0,7,0.0
alprazolam,alpha1,alpha1|BZD_GAMMA2_079|ALA|hydrophobic_interaction|frequency,2026091905,0,6,0.0
triazolam,alpha1,alpha1|BZD_GAMMA2_079|ALA|hydrophobic_interaction|frequency,2026091901,0,9,0.0
triazolam,alpha1,alpha1|BZD_GAMMA2_079|ALA|hydrophobic_interaction|frequency,2026091902,0,8,0.0
triazolam,alpha1,alpha1|BZD_GAMMA2_079|ALA|hydrophobic_interaction|frequency,2026091903,0,8,0.0
triazolam,alpha1,alpha1|BZD_GAMMA2_079|ALA|hydrophobic_interaction|frequency,2026091904,0,9,0.0
triazolam,alpha1,alpha1|BZD_GAMMA2_079|ALA|hydrophobic_interaction|frequency,2026091905,0,6,0.0
zolpidem,alpha1,alpha1|BZD_GAMMA2_079|ALA|hydrophobic_interaction|frequency,2026091901,2,9,0.2222222222222222
zolpidem,alpha1,alpha1|BZD_GAMMA2_079|ALA|hydrophobic_interaction|frequency,2026091902,1,9,0.1111111111111111
zolpidem,alpha1,alpha1|BZD_GAMMA2_079|ALA|hydrophobic_interaction|frequency,2026091903,1,9,0.1111111111111111
zolpidem,alpha1,alpha1|BZD_GAMMA2_079|ALA|hydrophobic_interaction|frequency,2026091904,2,9,0.2222222222222222
zolpidem,alpha1,alpha1|BZD_GAMMA2_079|ALA|hydrophobic_interaction|frequency,2026091905,1,9,0.1111111111111111
lorazepam,alpha1,alpha1|BZD_GAMMA2_079|ALA|hydrophobic_interaction|frequency,2026091901,1,9,0.1111111111111111
lorazepam,alpha1,alpha1|BZD_GAMMA2_079|ALA|hydrophobic_interaction|frequency,2026091902,0,9,0.0
lorazepam,alpha1,alpha1|BZD_GAMMA2_079|ALA|hydrophobic_interaction|frequency,2026091903,1,9,0.1111111111111111
lorazepam,alpha1,alpha1|BZD_GAMMA2_079|ALA|hydrophobic_interaction|frequency,2026091904,0,9,0.0
lorazepam,alpha1,alpha1|BZD_GAMMA2_079|ALA|hydrophobic_interaction|frequency,2026091905,0,9,0.0
clonazepam,alpha1,alpha1|BZD_GAMMA2_079|ALA|hydrophobic_interaction|frequency,2026091901,0,9,0.0
clonazepam,alpha1,alpha1|BZD_GAMMA2_079|ALA|hydrophobic_interaction|frequency,2026091902,0,9,0.0
clonazepam,alpha1,alpha1|BZD_GAMMA2_079|ALA|hydrophobic_interaction|frequency,2026091903,0,9,0.0
clonazepam,alpha1,alpha1|BZD_GAMMA2_079|ALA|hydrophobic_interaction|frequency,2026091904,0,9,0.0
clonazepam,alpha1,alpha1|BZD_GAMMA2_079|ALA|hydrophobic_interaction|frequency,2026091905,0,9,0.0
midazolam,alpha1,alpha1|BZD_GAMMA2_079|ALA|hydrophobic_interaction|frequency,2026091901,0,7,0.0
midazolam,alpha1,alpha1|BZD_GAMMA2_079|ALA|hydrophobic_interaction|frequency,2026091902,0,9,0.0
midazolam,alpha1,alpha1|BZD_GAMMA2_079|ALA|hydrophobic_interaction|frequency,2026091903,0,9,0.0
midazolam,alpha1,alpha1|BZD_GAMMA2_079|ALA|hydrophobic_interaction|frequency,2026091904,0,9,0.0
midazolam,alpha1,alpha1|BZD_GAMMA2_079|ALA|hydrophobic_interaction|frequency,2026091905,0,9,0.0
temazepam,alpha1,alpha1|BZD_GAMMA2_079|ALA|hydrophobic_interaction|frequency,2026091901,0,9,0.0
temazepam,alpha1,alpha1|BZD_GAMMA2_079|ALA|hydrophobic_interaction|frequency,2026091902,0,9,0.0
temazepam,alpha1,alpha1|BZD_GAMMA2_079|ALA|hydrophobic_interaction|frequency,2026091903,0,9,0.0
temazepam,alpha1,alpha1|BZD_GAMMA2_079|ALA|hydrophobic_interaction|frequency,2026091904,0,9,0.0
temazepam,alpha1,alpha1|BZD_GAMMA2_079|ALA|hydrophobic_interaction|frequency,2026091905,0,9,0.0
zopiclone,alpha1,alpha1|BZD_GAMMA2_079|ALA|hydrophobic_interaction|frequency,2026091901,0,9,0.0
zopiclone,alpha1,alpha1|BZD_GAMMA2_079|ALA|hydrophobic_interaction|frequency,2026091902,0,9,0.0
zopiclone,alpha1,alpha1|BZD_GAMMA2_079|ALA|hydrophobic_interaction|frequency,2026091903,0,9,0.0
zopiclone,alpha1,alpha1|BZD_GAMMA2_079|ALA|hydrophobic_interaction|frequency,2026091904,0,9,0.0
zopiclone,alpha1,alpha1|BZD_GAMMA2_079|ALA|hydrophobic_interaction|frequency,2026091905,1,9,0.1111111111111111
zaleplon,alpha1,alpha1|BZD_GAMMA2_079|ALA|hydrophobic_interaction|frequency,2026091901,0,9,0.0
zaleplon,alpha1,alpha1|BZD_GAMMA2_079|ALA|hydrophobic_interaction|frequency,2026091902,1,9,0.1111111111111111
zaleplon,alpha1,alpha1|BZD_GAMMA2_079|ALA|hydrophobic_interaction|frequency,2026091903,1,9,0.1111111111111111
zaleplon,alpha1,alpha1|BZD_GAMMA2_079|ALA|hydrophobic_interaction|frequency,2026091904,0,9,0.0
zaleplon,alpha1,alpha1|BZD_GAMMA2_079|ALA|hydrophobic_interaction|frequency,2026091905,2,9,0.2222222222222222
diazepam,alpha1,alpha1|BZD_GAMMA2_142|THR|hydrophobic_interaction|frequency,2026091901,0,9,0.0
diazepam,alpha1,alpha1|BZD_GAMMA2_142|THR|hydrophobic_interaction|frequency,2026091902,1,9,0.1111111111111111
diazepam,alpha1,alpha1|BZD_GAMMA2_142|THR|hydrophobic_interaction|frequency,2026091903,0,9,0.0
diazepam,alpha1,alpha1|BZD_GAMMA2_142|THR|hydrophobic_interaction|frequency,2026091904,0,9,0.0
diazepam,alpha1,alpha1|BZD_GAMMA2_142|THR|hydrophobic_interaction|frequency,2026091905,0,9,0.0
alprazolam,alpha1,alpha1|BZD_GAMMA2_142|THR|hydrophobic_interaction|frequency,2026091901,1,8,0.125
alprazolam,alpha1,alpha1|BZD_GAMMA2_142|THR|hydrophobic_interaction|frequency,2026091902,1,7,0.14285714285714285
alprazolam,alpha1,alpha1|BZD_GAMMA2_142|THR|hydrophobic_interaction|frequency,2026091903,1,7,0.14285714285714285
alprazolam,alpha1,alpha1|BZD_GAMMA2_142|THR|hydrophobic_interaction|frequency,2026091904,1,7,0.14285714285714285
alprazolam,alpha1,alpha1|BZD_GAMMA2_142|THR|hydrophobic_interaction|frequency,2026091905,2,6,0.3333333333333333
triazolam,alpha1,alpha1|BZD_GAMMA2_142|THR|hydrophobic_interaction|frequency,2026091901,2,9,0.2222222222222222
triazolam,alpha1,alpha1|BZD_GAMMA2_142|THR|hydrophobic_interaction|frequency,2026091902,1,8,0.125
triazolam,alpha1,alpha1|BZD_GAMMA2_142|THR|hydrophobic_interaction|frequency,2026091903,2,8,0.25
triazolam,alpha1,alpha1|BZD_GAMMA2_142|THR|hydrophobic_interaction|frequency,2026091904,1,9,0.1111111111111111
triazolam,alpha1,alpha1|BZD_GAMMA2_142|THR|hydrophobic_interaction|frequency,2026091905,0,6,0.0
zolpidem,alpha1,alpha1|BZD_GAMMA2_142|THR|hydrophobic_interaction|frequency,2026091901,4,9,0.4444444444444444
zolpidem,alpha1,alpha1|BZD_GAMMA2_142|THR|hydrophobic_interaction|frequency,2026091902,5,9,0.5555555555555556
zolpidem,alpha1,alpha1|BZD_GAMMA2_142|THR|hydrophobic_interaction|frequency,2026091903,5,9,0.5555555555555556
zolpidem,alpha1,alpha1|BZD_GAMMA2_142|THR|hydrophobic_interaction|frequency,2026091904,5,9,0.5555555555555556
zolpidem,alpha1,alpha1|BZD_GAMMA2_142|THR|hydrophobic_interaction|frequency,2026091905,4,9,0.4444444444444444
lorazepam,alpha1,alpha1|BZD_GAMMA2_142|THR|hydrophobic_interaction|frequency,2026091901,1,9,0.1111111111111111
lorazepam,alpha1,alpha1|BZD_GAMMA2_142|THR|hydrophobic_interaction|frequency,2026091902,1,9,0.1111111111111111
lorazepam,alpha1,alpha1|BZD_GAMMA2_142|THR|hydrophobic_interaction|frequency,2026091903,1,9,0.1111111111111111
lorazepam,alpha1,alpha1|BZD_GAMMA2_142|THR|hydrophobic_interaction|frequency,2026091904,1,9,0.1111111111111111
lorazepam,alpha1,alpha1|BZD_GAMMA2_142|THR|hydrophobic_interaction|frequency,2026091905,0,9,0.0
clonazepam,alpha1,alpha1|BZD_GAMMA2_142|THR|hydrophobic_interaction|frequency,2026091901,0,9,0.0
clonazepam,alpha1,alpha1|BZD_GAMMA2_142|THR|hydrophobic_interaction|frequency,2026091902,0,9,0.0
clonazepam,alpha1,alpha1|BZD_GAMMA2_142|THR|hydrophobic_interaction|frequency,2026091903,0,9,0.0
clonazepam,alpha1,alpha1|BZD_GAMMA2_142|THR|hydrophobic_interaction|frequency,2026091904,0,9,0.0
clonazepam,alpha1,alpha1|BZD_GAMMA2_142|THR|hydrophobic_interaction|frequency,2026091905,1,9,0.1111111111111111
midazolam,alpha1,alpha1|BZD_GAMMA2_142|THR|hydrophobic_interaction|frequency,2026091901,1,7,0.14285714285714285
midazolam,alpha1,alpha1|BZD_GAMMA2_142|THR|hydrophobic_interaction|frequency,2026091902,1,9,0.1111111111111111
midazolam,alpha1,alpha1|BZD_GAMMA2_142|THR|hydrophobic_interaction|frequency,2026091903,0,9,0.0
midazolam,alpha1,alpha1|BZD_GAMMA2_142|THR|hydrophobic_interaction|frequency,2026091904,1,9,0.1111111111111111
midazolam,alpha1,alpha1|BZD_GAMMA2_142|THR|hydrophobic_interaction|frequency,2026091905,0,9,0.0
temazepam,alpha1,alpha1|BZD_GAMMA2_142|THR|hydrophobic_interaction|frequency,2026091901,3,9,0.3333333333333333
temazepam,alpha1,alpha1|BZD_GAMMA2_142|THR|hydrophobic_interaction|frequency,2026091902,2,9,0.2222222222222222
temazepam,alpha1,alpha1|BZD_GAMMA2_142|THR|hydrophobic_interaction|frequency,2026091903,2,9,0.2222222222222222
temazepam,alpha1,alpha1|BZD_GAMMA2_142|THR|hydrophobic_interaction|frequency,2026091904,1,9,0.1111111111111111
temazepam,alpha1,alpha1|BZD_GAMMA2_142|THR|hydrophobic_interaction|frequency,2026091905,3,9,0.3333333333333333
zopiclone,alpha1,alpha1|BZD_GAMMA2_142|THR|hydrophobic_interaction|frequency,2026091901,1,9,0.1111111111111111
zopiclone,alpha1,alpha1|BZD_GAMMA2_142|THR|hydrophobic_interaction|frequency,2026091902,1,9,0.1111111111111111
zopiclone,alpha1,alpha1|BZD_GAMMA2_142|THR|hydrophobic_interaction|frequency,2026091903,2,9,0.2222222222222222
zopiclone,alpha1,alpha1|BZD_GAMMA2_142|THR|hydrophobic_interaction|frequency,2026091904,1,9,0.1111111111111111
zopiclone,alpha1,alpha1|BZD_GAMMA2_142|THR|hydrophobic_interaction|frequency,2026091905,2,9,0.2222222222222222
zaleplon,alpha1,alpha1|BZD_GAMMA2_142|THR|hydrophobic_interaction|frequency,2026091901,4,9,0.4444444444444444
zaleplon,alpha1,alpha1|BZD_GAMMA2_142|THR|hydrophobic_interaction|frequency,2026091902,2,9,0.2222222222222222
zaleplon,alpha1,alpha1|BZD_GAMMA2_142|THR|hydrophobic_interaction|frequency,2026091903,3,9,0.3333333333333333
zaleplon,alpha1,alpha1|BZD_GAMMA2_142|THR|hydrophobic_interaction|frequency,2026091904,4,9,0.4444444444444444
zaleplon,alpha1,alpha1|BZD_GAMMA2_142|THR|hydrophobic_interaction|frequency,2026091905,5,9,0.5555555555555556
diazepam,alpha1,alpha1|BZD_GAMMA2_189|GLU|halogen_bond|frequency,2026091901,0,9,0.0
diazepam,alpha1,alpha1|BZD_GAMMA2_189|GLU|halogen_bond|frequency,2026091902,1,9,0.1111111111111111
diazepam,alpha1,alpha1|BZD_GAMMA2_189|GLU|halogen_bond|frequency,2026091903,0,9,0.0
diazepam,alpha1,alpha1|BZD_GAMMA2_189|GLU|halogen_bond|frequency,2026091904,1,9,0.1111111111111111
diazepam,alpha1,alpha1|BZD_GAMMA2_189|GLU|halogen_bond|frequency,2026091905,0,9,0.0
alprazolam,alpha1,alpha1|BZD_GAMMA2_189|GLU|halogen_bond|frequency,2026091901,0,8,0.0
alprazolam,alpha1,alpha1|BZD_GAMMA2_189|GLU|halogen_bond|frequency,2026091902,1,7,0.14285714285714285
alprazolam,alpha1,alpha1|BZD_GAMMA2_189|GLU|halogen_bond|frequency,2026091903,0,7,0.0
alprazolam,alpha1,alpha1|BZD_GAMMA2_189|GLU|halogen_bond|frequency,2026091904,1,7,0.14285714285714285
alprazolam,alpha1,alpha1|BZD_GAMMA2_189|GLU|halogen_bond|frequency,2026091905,1,6,0.16666666666666666
triazolam,alpha1,alpha1|BZD_GAMMA2_189|GLU|halogen_bond|frequency,2026091901,0,9,0.0
triazolam,alpha1,alpha1|BZD_GAMMA2_189|GLU|halogen_bond|frequency,2026091902,1,8,0.125
triazolam,alpha1,alpha1|BZD_GAMMA2_189|GLU|halogen_bond|frequency,2026091903,1,8,0.125
triazolam,alpha1,alpha1|BZD_GAMMA2_189|GLU|halogen_bond|frequency,2026091904,0,9,0.0
triazolam,alpha1,alpha1|BZD_GAMMA2_189|GLU|halogen_bond|frequency,2026091905,0,6,0.0
zolpidem,alpha1,alpha1|BZD_GAMMA2_189|GLU|halogen_bond|frequency,2026091901,0,9,0.0
zolpidem,alpha1,alpha1|BZD_GAMMA2_189|GLU|halogen_bond|frequency,2026091902,0,9,0.0
zolpidem,alpha1,alpha1|BZD_GAMMA2_189|GLU|halogen_bond|frequency,2026091903,0,9,0.0
zolpidem,alpha1,alpha1|BZD_GAMMA2_189|GLU|halogen_bond|frequency,2026091904,0,9,0.0
zolpidem,alpha1,alpha1|BZD_GAMMA2_189|GLU|halogen_bond|frequency,2026091905,0,9,0.0
lorazepam,alpha1,alpha1|BZD_GAMMA2_189|GLU|halogen_bond|frequency,2026091901,1,9,0.1111111111111111
lorazepam,alpha1,alpha1|BZD_GAMMA2_189|GLU|halogen_bond|frequency,2026091902,1,9,0.1111111111111111
lorazepam,alpha1,alpha1|BZD_GAMMA2_189|GLU|halogen_bond|frequency,2026091903,1,9,0.1111111111111111
lorazepam,alpha1,alpha1|BZD_GAMMA2_189|GLU|halogen_bond|frequency,2026091904,1,9,0.1111111111111111
lorazepam,alpha1,alpha1|BZD_GAMMA2_189|GLU|halogen_bond|frequency,2026091905,1,9,0.1111111111111111
clonazepam,alpha1,alpha1|BZD_GAMMA2_189|GLU|halogen_bond|frequency,2026091901,0,9,0.0
clonazepam,alpha1,alpha1|BZD_GAMMA2_189|GLU|halogen_bond|frequency,2026091902,0,9,0.0
clonazepam,alpha1,alpha1|BZD_GAMMA2_189|GLU|halogen_bond|frequency,2026091903,0,9,0.0
clonazepam,alpha1,alpha1|BZD_GAMMA2_189|GLU|halogen_bond|frequency,2026091904,0,9,0.0
clonazepam,alpha1,alpha1|BZD_GAMMA2_189|GLU|halogen_bond|frequency,2026091905,0,9,0.0
midazolam,alpha1,alpha1|BZD_GAMMA2_189|GLU|halogen_bond|frequency,2026091901,0,7,0.0
midazolam,alpha1,alpha1|BZD_GAMMA2_189|GLU|halogen_bond|frequency,2026091902,0,9,0.0
midazolam,alpha1,alpha1|BZD_GAMMA2_189|GLU|halogen_bond|frequency,2026091903,0,9,0.0
midazolam,alpha1,alpha1|BZD_GAMMA2_189|GLU|halogen_bond|frequency,2026091904,0,9,0.0
midazolam,alpha1,alpha1|BZD_GAMMA2_189|GLU|halogen_bond|frequency,2026091905,0,9,0.0
temazepam,alpha1,alpha1|BZD_GAMMA2_189|GLU|halogen_bond|frequency,2026091901,0,9,0.0
temazepam,alpha1,alpha1|BZD_GAMMA2_189|GLU|halogen_bond|frequency,2026091902,0,9,0.0
temazepam,alpha1,alpha1|BZD_GAMMA2_189|GLU|halogen_bond|frequency,2026091903,0,9,0.0
temazepam,alpha1,alpha1|BZD_GAMMA2_189|GLU|halogen_bond|frequency,2026091904,0,9,0.0
temazepam,alpha1,alpha1|BZD_GAMMA2_189|GLU|halogen_bond|frequency,2026091905,1,9,0.1111111111111111
zopiclone,alpha1,alpha1|BZD_GAMMA2_189|GLU|halogen_bond|frequency,2026091901,0,9,0.0
zopiclone,alpha1,alpha1|BZD_GAMMA2_189|GLU|halogen_bond|frequency,2026091902,0,9,0.0
zopiclone,alpha1,alpha1|BZD_GAMMA2_189|GLU|halogen_bond|frequency,2026091903,0,9,0.0
zopiclone,alpha1,alpha1|BZD_GAMMA2_189|GLU|halogen_bond|frequency,2026091904,0,9,0.0
zopiclone,alpha1,alpha1|BZD_GAMMA2_189|GLU|halogen_bond|frequency,2026091905,0,9,0.0
zaleplon,alpha1,alpha1|BZD_GAMMA2_189|GLU|halogen_bond|frequency,2026091901,0,9,0.0
zaleplon,alpha1,alpha1|BZD_GAMMA2_189|GLU|halogen_bond|frequency,2026091902,0,9,0.0
zaleplon,alpha1,alpha1|BZD_GAMMA2_189|GLU|halogen_bond|frequency,2026091903,0,9,0.0
zaleplon,alpha1,alpha1|BZD_GAMMA2_189|GLU|halogen_bond|frequency,2026091904,0,9,0.0
zaleplon,alpha1,alpha1|BZD_GAMMA2_189|GLU|halogen_bond|frequency,2026091905,0,9,0.0
diazepam,alpha1,alpha1|BZD_GAMMA2_189|GLU|hydrogen_bond|frequency,2026091901,1,9,0.1111111111111111
diazepam,alpha1,alpha1|BZD_GAMMA2_189|GLU|hydrogen_bond|frequency,2026091902,0,9,0.0
diazepam,alpha1,alpha1|BZD_GAMMA2_189|GLU|hydrogen_bond|frequency,2026091903,1,9,0.1111111111111111
diazepam,alpha1,alpha1|BZD_GAMMA2_189|GLU|hydrogen_bond|frequency,2026091904,0,9,0.0
diazepam,alpha1,alpha1|BZD_GAMMA2_189|GLU|hydrogen_bond|frequency,2026091905,0,9,0.0
alprazolam,alpha1,alpha1|BZD_GAMMA2_189|GLU|hydrogen_bond|frequency,2026091901,0,8,0.0
alprazolam,alpha1,alpha1|BZD_GAMMA2_189|GLU|hydrogen_bond|frequency,2026091902,0,7,0.0
alprazolam,alpha1,alpha1|BZD_GAMMA2_189|GLU|hydrogen_bond|frequency,2026091903,0,7,0.0
alprazolam,alpha1,alpha1|BZD_GAMMA2_189|GLU|hydrogen_bond|frequency,2026091904,0,7,0.0
alprazolam,alpha1,alpha1|BZD_GAMMA2_189|GLU|hydrogen_bond|frequency,2026091905,0,6,0.0
triazolam,alpha1,alpha1|BZD_GAMMA2_189|GLU|hydrogen_bond|frequency,2026091901,0,9,0.0
triazolam,alpha1,alpha1|BZD_GAMMA2_189|GLU|hydrogen_bond|frequency,2026091902,0,8,0.0
triazolam,alpha1,alpha1|BZD_GAMMA2_189|GLU|hydrogen_bond|frequency,2026091903,0,8,0.0
triazolam,alpha1,alpha1|BZD_GAMMA2_189|GLU|hydrogen_bond|frequency,2026091904,0,9,0.0
triazolam,alpha1,alpha1|BZD_GAMMA2_189|GLU|hydrogen_bond|frequency,2026091905,0,6,0.0
zolpidem,alpha1,alpha1|BZD_GAMMA2_189|GLU|hydrogen_bond|frequency,2026091901,0,9,0.0
zolpidem,alpha1,alpha1|BZD_GAMMA2_189|GLU|hydrogen_bond|frequency,2026091902,0,9,0.0
zolpidem,alpha1,alpha1|BZD_GAMMA2_189|GLU|hydrogen_bond|frequency,2026091903,0,9,0.0
zolpidem,alpha1,alpha1|BZD_GAMMA2_189|GLU|hydrogen_bond|frequency,2026091904,0,9,0.0
zolpidem,alpha1,alpha1|BZD_GAMMA2_189|GLU|hydrogen_bond|frequency,2026091905,0,9,0.0
lorazepam,alpha1,alpha1|BZD_GAMMA2_189|GLU|hydrogen_bond|frequency,2026091901,0,9,0.0
lorazepam,alpha1,alpha1|BZD_GAMMA2_189|GLU|hydrogen_bond|frequency,2026091902,0,9,0.0
lorazepam,alpha1,alpha1|BZD_GAMMA2_189|GLU|hydrogen_bond|frequency,2026091903,0,9,0.0
lorazepam,alpha1,alpha1|BZD_GAMMA2_189|GLU|hydrogen_bond|frequency,2026091904,0,9,0.0
lorazepam,alpha1,alpha1|BZD_GAMMA2_189|GLU|hydrogen_bond|frequency,2026091905,0,9,0.0
clonazepam,alpha1,alpha1|BZD_GAMMA2_189|GLU|hydrogen_bond|frequency,2026091901,0,9,0.0
clonazepam,alpha1,alpha1|BZD_GAMMA2_189|GLU|hydrogen_bond|frequency,2026091902,0,9,0.0
clonazepam,alpha1,alpha1|BZD_GAMMA2_189|GLU|hydrogen_bond|frequency,2026091903,0,9,0.0
clonazepam,alpha1,alpha1|BZD_GAMMA2_189|GLU|hydrogen_bond|frequency,2026091904,0,9,0.0
clonazepam,alpha1,alpha1|BZD_GAMMA2_189|GLU|hydrogen_bond|frequency,2026091905,1,9,0.1111111111111111
midazolam,alpha1,alpha1|BZD_GAMMA2_189|GLU|hydrogen_bond|frequency,2026091901,1,7,0.14285714285714285
midazolam,alpha1,alpha1|BZD_GAMMA2_189|GLU|hydrogen_bond|frequency,2026091902,1,9,0.1111111111111111
midazolam,alpha1,alpha1|BZD_GAMMA2_189|GLU|hydrogen_bond|frequency,2026091903,1,9,0.1111111111111111
midazolam,alpha1,alpha1|BZD_GAMMA2_189|GLU|hydrogen_bond|frequency,2026091904,0,9,0.0
midazolam,alpha1,alpha1|BZD_GAMMA2_189|GLU|hydrogen_bond|frequency,2026091905,1,9,0.1111111111111111
temazepam,alpha1,alpha1|BZD_GAMMA2_189|GLU|hydrogen_bond|frequency,2026091901,0,9,0.0
temazepam,alpha1,alpha1|BZD_GAMMA2_189|GLU|hydrogen_bond|frequency,2026091902,0,9,0.0
temazepam,alpha1,alpha1|BZD_GAMMA2_189|GLU|hydrogen_bond|frequency,2026091903,0,9,0.0
temazepam,alpha1,alpha1|BZD_GAMMA2_189|GLU|hydrogen_bond|frequency,2026091904,0,9,0.0
temazepam,alpha1,alpha1|BZD_GAMMA2_189|GLU|hydrogen_bond|frequency,2026091905,1,9,0.1111111111111111
zopiclone,alpha1,alpha1|BZD_GAMMA2_189|GLU|hydrogen_bond|frequency,2026091901,0,9,0.0
zopiclone,alpha1,alpha1|BZD_GAMMA2_189|GLU|hydrogen_bond|frequency,2026091902,0,9,0.0
zopiclone,alpha1,alpha1|BZD_GAMMA2_189|GLU|hydrogen_bond|frequency,2026091903,0,9,0.0
zopiclone,alpha1,alpha1|BZD_GAMMA2_189|GLU|hydrogen_bond|frequency,2026091904,0,9,0.0
zopiclone,alpha1,alpha1|BZD_GAMMA2_189|GLU|hydrogen_bond|frequency,2026091905,0,9,0.0
zaleplon,alpha1,alpha1|BZD_GAMMA2_189|GLU|hydrogen_bond|frequency,2026091901,0,9,0.0
zaleplon,alpha1,alpha1|BZD_GAMMA2_189|GLU|hydrogen_bond|frequency,2026091902,0,9,0.0
zaleplon,alpha1,alpha1|BZD_GAMMA2_189|GLU|hydrogen_bond|frequency,2026091903,0,9,0.0
zaleplon,alpha1,alpha1|BZD_GAMMA2_189|GLU|hydrogen_bond|frequency,2026091904,0,9,0.0
zaleplon,alpha1,alpha1|BZD_GAMMA2_189|GLU|hydrogen_bond|frequency,2026091905,0,9,0.0
diazepam,alpha1,alpha1|BZD_GAMMA2_189|GLU|salt_bridge|frequency,2026091901,0,9,0.0
diazepam,alpha1,alpha1|BZD_GAMMA2_189|GLU|salt_bridge|frequency,2026091902,0,9,0.0
diazepam,alpha1,alpha1|BZD_GAMMA2_189|GLU|salt_bridge|frequency,2026091903,0,9,0.0
diazepam,alpha1,alpha1|BZD_GAMMA2_189|GLU|salt_bridge|frequency,2026091904,0,9,0.0
diazepam,alpha1,alpha1|BZD_GAMMA2_189|GLU|salt_bridge|frequency,2026091905,0,9,0.0
alprazolam,alpha1,alpha1|BZD_GAMMA2_189|GLU|salt_bridge|frequency,2026091901,0,8,0.0
alprazolam,alpha1,alpha1|BZD_GAMMA2_189|GLU|salt_bridge|frequency,2026091902,0,7,0.0
alprazolam,alpha1,alpha1|BZD_GAMMA2_189|GLU|salt_bridge|frequency,2026091903,0,7,0.0
alprazolam,alpha1,alpha1|BZD_GAMMA2_189|GLU|salt_bridge|frequency,2026091904,0,7,0.0
alprazolam,alpha1,alpha1|BZD_GAMMA2_189|GLU|salt_bridge|frequency,2026091905,0,6,0.0
triazolam,alpha1,alpha1|BZD_GAMMA2_189|GLU|salt_bridge|frequency,2026091901,0,9,0.0
triazolam,alpha1,alpha1|BZD_GAMMA2_189|GLU|salt_bridge|frequency,2026091902,0,8,0.0
triazolam,alpha1,alpha1|BZD_GAMMA2_189|GLU|salt_bridge|frequency,2026091903,0,8,0.0
triazolam,alpha1,alpha1|BZD_GAMMA2_189|GLU|salt_bridge|frequency,2026091904,0,9,0.0
triazolam,alpha1,alpha1|BZD_GAMMA2_189|GLU|salt_bridge|frequency,2026091905,0,6,0.0
zolpidem,alpha1,alpha1|BZD_GAMMA2_189|GLU|salt_bridge|frequency,2026091901,0,9,0.0
zolpidem,alpha1,alpha1|BZD_GAMMA2_189|GLU|salt_bridge|frequency,2026091902,0,9,0.0
zolpidem,alpha1,alpha1|BZD_GAMMA2_189|GLU|salt_bridge|frequency,2026091903,0,9,0.0
zolpidem,alpha1,alpha1|BZD_GAMMA2_189|GLU|salt_bridge|frequency,2026091904,0,9,0.0
zolpidem,alpha1,alpha1|BZD_GAMMA2_189|GLU|salt_bridge|frequency,2026091905,0,9,0.0
lorazepam,alpha1,alpha1|BZD_GAMMA2_189|GLU|salt_bridge|frequency,2026091901,0,9,0.0
lorazepam,alpha1,alpha1|BZD_GAMMA2_189|GLU|salt_bridge|frequency,2026091902,0,9,0.0
lorazepam,alpha1,alpha1|BZD_GAMMA2_189|GLU|salt_bridge|frequency,2026091903,0,9,0.0
lorazepam,alpha1,alpha1|BZD_GAMMA2_189|GLU|salt_bridge|frequency,2026091904,0,9,0.0
lorazepam,alpha1,alpha1|BZD_GAMMA2_189|GLU|salt_bridge|frequency,2026091905,0,9,0.0
clonazepam,alpha1,alpha1|BZD_GAMMA2_189|GLU|salt_bridge|frequency,2026091901,0,9,0.0
clonazepam,alpha1,alpha1|BZD_GAMMA2_189|GLU|salt_bridge|frequency,2026091902,0,9,0.0
clonazepam,alpha1,alpha1|BZD_GAMMA2_189|GLU|salt_bridge|frequency,2026091903,0,9,0.0
clonazepam,alpha1,alpha1|BZD_GAMMA2_189|GLU|salt_bridge|frequency,2026091904,0,9,0.0
clonazepam,alpha1,alpha1|BZD_GAMMA2_189|GLU|salt_bridge|frequency,2026091905,0,9,0.0
midazolam,alpha1,alpha1|BZD_GAMMA2_189|GLU|salt_bridge|frequency,2026091901,0,7,0.0
midazolam,alpha1,alpha1|BZD_GAMMA2_189|GLU|salt_bridge|frequency,2026091902,0,9,0.0
midazolam,alpha1,alpha1|BZD_GAMMA2_189|GLU|salt_bridge|frequency,2026091903,0,9,0.0
midazolam,alpha1,alpha1|BZD_GAMMA2_189|GLU|salt_bridge|frequency,2026091904,0,9,0.0
midazolam,alpha1,alpha1|BZD_GAMMA2_189|GLU|salt_bridge|frequency,2026091905,0,9,0.0
temazepam,alpha1,alpha1|BZD_GAMMA2_189|GLU|salt_bridge|frequency,2026091901,0,9,0.0
temazepam,alpha1,alpha1|BZD_GAMMA2_189|GLU|salt_bridge|frequency,2026091902,0,9,0.0
temazepam,alpha1,alpha1|BZD_GAMMA2_189|GLU|salt_bridge|frequency,2026091903,0,9,0.0
temazepam,alpha1,alpha1|BZD_GAMMA2_189|GLU|salt_bridge|frequency,2026091904,0,9,0.0
temazepam,alpha1,alpha1|BZD_GAMMA2_189|GLU|salt_bridge|frequency,2026091905,0,9,0.0
zopiclone,alpha1,alpha1|BZD_GAMMA2_189|GLU|salt_bridge|frequency,2026091901,0,9,0.0
zopiclone,alpha1,alpha1|BZD_GAMMA2_189|GLU|salt_bridge|frequency,2026091902,0,9,0.0
zopiclone,alpha1,alpha1|BZD_GAMMA2_189|GLU|salt_bridge|frequency,2026091903,0,9,0.0
zopiclone,alpha1,alpha1|BZD_GAMMA2_189|GLU|salt_bridge|frequency,2026091904,0,9,0.0
zopiclone,alpha1,alpha1|BZD_GAMMA2_189|GLU|salt_bridge|frequency,2026091905,1,9,0.1111111111111111
zaleplon,alpha1,alpha1|BZD_GAMMA2_189|GLU|salt_bridge|frequency,2026091901,0,9,0.0
zaleplon,alpha1,alpha1|BZD_GAMMA2_189|GLU|salt_bridge|frequency,2026091902,0,9,0.0
zaleplon,alpha1,alpha1|BZD_GAMMA2_189|GLU|salt_bridge|frequency,2026091903,0,9,0.0
zaleplon,alpha1,alpha1|BZD_GAMMA2_189|GLU|salt_bridge|frequency,2026091904,0,9,0.0
zaleplon,alpha1,alpha1|BZD_GAMMA2_189|GLU|salt_bridge|frequency,2026091905,0,9,0.0
diazepam,alpha1,alpha1|BZD_GAMMA2_192|ASP|hydrogen_bond|frequency,2026091901,0,9,0.0
diazepam,alpha1,alpha1|BZD_GAMMA2_192|ASP|hydrogen_bond|frequency,2026091902,0,9,0.0
diazepam,alpha1,alpha1|BZD_GAMMA2_192|ASP|hydrogen_bond|frequency,2026091903,0,9,0.0
diazepam,alpha1,alpha1|BZD_GAMMA2_192|ASP|hydrogen_bond|frequency,2026091904,0,9,0.0
diazepam,alpha1,alpha1|BZD_GAMMA2_192|ASP|hydrogen_bond|frequency,2026091905,0,9,0.0
alprazolam,alpha1,alpha1|BZD_GAMMA2_192|ASP|hydrogen_bond|frequency,2026091901,0,8,0.0
alprazolam,alpha1,alpha1|BZD_GAMMA2_192|ASP|hydrogen_bond|frequency,2026091902,0,7,0.0
alprazolam,alpha1,alpha1|BZD_GAMMA2_192|ASP|hydrogen_bond|frequency,2026091903,0,7,0.0
alprazolam,alpha1,alpha1|BZD_GAMMA2_192|ASP|hydrogen_bond|frequency,2026091904,0,7,0.0
alprazolam,alpha1,alpha1|BZD_GAMMA2_192|ASP|hydrogen_bond|frequency,2026091905,0,6,0.0
triazolam,alpha1,alpha1|BZD_GAMMA2_192|ASP|hydrogen_bond|frequency,2026091901,0,9,0.0
triazolam,alpha1,alpha1|BZD_GAMMA2_192|ASP|hydrogen_bond|frequency,2026091902,0,8,0.0
triazolam,alpha1,alpha1|BZD_GAMMA2_192|ASP|hydrogen_bond|frequency,2026091903,0,8,0.0
triazolam,alpha1,alpha1|BZD_GAMMA2_192|ASP|hydrogen_bond|frequency,2026091904,0,9,0.0
triazolam,alpha1,alpha1|BZD_GAMMA2_192|ASP|hydrogen_bond|frequency,2026091905,0,6,0.0
zolpidem,alpha1,alpha1|BZD_GAMMA2_192|ASP|hydrogen_bond|frequency,2026091901,0,9,0.0
zolpidem,alpha1,alpha1|BZD_GAMMA2_192|ASP|hydrogen_bond|frequency,2026091902,0,9,0.0
zolpidem,alpha1,alpha1|BZD_GAMMA2_192|ASP|hydrogen_bond|frequency,2026091903,0,9,0.0
zolpidem,alpha1,alpha1|BZD_GAMMA2_192|ASP|hydrogen_bond|frequency,2026091904,0,9,0.0
zolpidem,alpha1,alpha1|BZD_GAMMA2_192|ASP|hydrogen_bond|frequency,2026091905,0,9,0.0
lorazepam,alpha1,alpha1|BZD_GAMMA2_192|ASP|hydrogen_bond|frequency,2026091901,0,9,0.0
lorazepam,alpha1,alpha1|BZD_GAMMA2_192|ASP|hydrogen_bond|frequency,2026091902,2,9,0.2222222222222222
lorazepam,alpha1,alpha1|BZD_GAMMA2_192|ASP|hydrogen_bond|frequency,2026091903,1,9,0.1111111111111111
lorazepam,alpha1,alpha1|BZD_GAMMA2_192|ASP|hydrogen_bond|frequency,2026091904,1,9,0.1111111111111111
lorazepam,alpha1,alpha1|BZD_GAMMA2_192|ASP|hydrogen_bond|frequency,2026091905,3,9,0.3333333333333333
clonazepam,alpha1,alpha1|BZD_GAMMA2_192|ASP|hydrogen_bond|frequency,2026091901,0,9,0.0
clonazepam,alpha1,alpha1|BZD_GAMMA2_192|ASP|hydrogen_bond|frequency,2026091902,0,9,0.0
clonazepam,alpha1,alpha1|BZD_GAMMA2_192|ASP|hydrogen_bond|frequency,2026091903,0,9,0.0
clonazepam,alpha1,alpha1|BZD_GAMMA2_192|ASP|hydrogen_bond|frequency,2026091904,1,9,0.1111111111111111
clonazepam,alpha1,alpha1|BZD_GAMMA2_192|ASP|hydrogen_bond|frequency,2026091905,0,9,0.0
midazolam,alpha1,alpha1|BZD_GAMMA2_192|ASP|hydrogen_bond|frequency,2026091901,0,7,0.0
midazolam,alpha1,alpha1|BZD_GAMMA2_192|ASP|hydrogen_bond|frequency,2026091902,0,9,0.0
midazolam,alpha1,alpha1|BZD_GAMMA2_192|ASP|hydrogen_bond|frequency,2026091903,0,9,0.0
midazolam,alpha1,alpha1|BZD_GAMMA2_192|ASP|hydrogen_bond|frequency,2026091904,0,9,0.0
midazolam,alpha1,alpha1|BZD_GAMMA2_192|ASP|hydrogen_bond|frequency,2026091905,1,9,0.1111111111111111
temazepam,alpha1,alpha1|BZD_GAMMA2_192|ASP|hydrogen_bond|frequency,2026091901,2,9,0.2222222222222222
temazepam,alpha1,alpha1|BZD_GAMMA2_192|ASP|hydrogen_bond|frequency,2026091902,2,9,0.2222222222222222
temazepam,alpha1,alpha1|BZD_GAMMA2_192|ASP|hydrogen_bond|frequency,2026091903,2,9,0.2222222222222222
temazepam,alpha1,alpha1|BZD_GAMMA2_192|ASP|hydrogen_bond|frequency,2026091904,2,9,0.2222222222222222
temazepam,alpha1,alpha1|BZD_GAMMA2_192|ASP|hydrogen_bond|frequency,2026091905,1,9,0.1111111111111111
zopiclone,alpha1,alpha1|BZD_GAMMA2_192|ASP|hydrogen_bond|frequency,2026091901,0,9,0.0
zopiclone,alpha1,alpha1|BZD_GAMMA2_192|ASP|hydrogen_bond|frequency,2026091902,1,9,0.1111111111111111
zopiclone,alpha1,alpha1|BZD_GAMMA2_192|ASP|hydrogen_bond|frequency,2026091903,0,9,0.0
zopiclone,alpha1,alpha1|BZD_GAMMA2_192|ASP|hydrogen_bond|frequency,2026091904,0,9,0.0
zopiclone,alpha1,alpha1|BZD_GAMMA2_192|ASP|hydrogen_bond|frequency,2026091905,0,9,0.0
zaleplon,alpha1,alpha1|BZD_GAMMA2_192|ASP|hydrogen_bond|frequency,2026091901,0,9,0.0
zaleplon,alpha1,alpha1|BZD_GAMMA2_192|ASP|hydrogen_bond|frequency,2026091902,0,9,0.0
zaleplon,alpha1,alpha1|BZD_GAMMA2_192|ASP|hydrogen_bond|frequency,2026091903,0,9,0.0
zaleplon,alpha1,alpha1|BZD_GAMMA2_192|ASP|hydrogen_bond|frequency,2026091904,0,9,0.0
zaleplon,alpha1,alpha1|BZD_GAMMA2_192|ASP|hydrogen_bond|frequency,2026091905,0,9,0.0
diazepam,alpha1,alpha1|BZD_GAMMA2_192|ASP|hydrophobic_interaction|frequency,2026091901,0,9,0.0
diazepam,alpha1,alpha1|BZD_GAMMA2_192|ASP|hydrophobic_interaction|frequency,2026091902,0,9,0.0
diazepam,alpha1,alpha1|BZD_GAMMA2_192|ASP|hydrophobic_interaction|frequency,2026091903,0,9,0.0
diazepam,alpha1,alpha1|BZD_GAMMA2_192|ASP|hydrophobic_interaction|frequency,2026091904,0,9,0.0
diazepam,alpha1,alpha1|BZD_GAMMA2_192|ASP|hydrophobic_interaction|frequency,2026091905,0,9,0.0
alprazolam,alpha1,alpha1|BZD_GAMMA2_192|ASP|hydrophobic_interaction|frequency,2026091901,0,8,0.0
alprazolam,alpha1,alpha1|BZD_GAMMA2_192|ASP|hydrophobic_interaction|frequency,2026091902,0,7,0.0
alprazolam,alpha1,alpha1|BZD_GAMMA2_192|ASP|hydrophobic_interaction|frequency,2026091903,0,7,0.0
alprazolam,alpha1,alpha1|BZD_GAMMA2_192|ASP|hydrophobic_interaction|frequency,2026091904,0,7,0.0
alprazolam,alpha1,alpha1|BZD_GAMMA2_192|ASP|hydrophobic_interaction|frequency,2026091905,0,6,0.0
triazolam,alpha1,alpha1|BZD_GAMMA2_192|ASP|hydrophobic_interaction|frequency,2026091901,0,9,0.0
triazolam,alpha1,alpha1|BZD_GAMMA2_192|ASP|hydrophobic_interaction|frequency,2026091902,0,8,0.0
triazolam,alpha1,alpha1|BZD_GAMMA2_192|ASP|hydrophobic_interaction|frequency,2026091903,0,8,0.0
triazolam,alpha1,alpha1|BZD_GAMMA2_192|ASP|hydrophobic_interaction|frequency,2026091904,0,9,0.0
triazolam,alpha1,alpha1|BZD_GAMMA2_192|ASP|hydrophobic_interaction|frequency,2026091905,0,6,0.0
zolpidem,alpha1,alpha1|BZD_GAMMA2_192|ASP|hydrophobic_interaction|frequency,2026091901,0,9,0.0
zolpidem,alpha1,alpha1|BZD_GAMMA2_192|ASP|hydrophobic_interaction|frequency,2026091902,0,9,0.0
zolpidem,alpha1,alpha1|BZD_GAMMA2_192|ASP|hydrophobic_interaction|frequency,2026091903,0,9,0.0
zolpidem,alpha1,alpha1|BZD_GAMMA2_192|ASP|hydrophobic_interaction|frequency,2026091904,0,9,0.0
zolpidem,alpha1,alpha1|BZD_GAMMA2_192|ASP|hydrophobic_interaction|frequency,2026091905,0,9,0.0
lorazepam,alpha1,alpha1|BZD_GAMMA2_192|ASP|hydrophobic_interaction|frequency,2026091901,1,9,0.1111111111111111
lorazepam,alpha1,alpha1|BZD_GAMMA2_192|ASP|hydrophobic_interaction|frequency,2026091902,1,9,0.1111111111111111
lorazepam,alpha1,alpha1|BZD_GAMMA2_192|ASP|hydrophobic_interaction|frequency,2026091903,0,9,0.0
lorazepam,alpha1,alpha1|BZD_GAMMA2_192|ASP|hydrophobic_interaction|frequency,2026091904,1,9,0.1111111111111111
lorazepam,alpha1,alpha1|BZD_GAMMA2_192|ASP|hydrophobic_interaction|frequency,2026091905,0,9,0.0
clonazepam,alpha1,alpha1|BZD_GAMMA2_192|ASP|hydrophobic_interaction|frequency,2026091901,0,9,0.0
clonazepam,alpha1,alpha1|BZD_GAMMA2_192|ASP|hydrophobic_interaction|frequency,2026091902,0,9,0.0
clonazepam,alpha1,alpha1|BZD_GAMMA2_192|ASP|hydrophobic_interaction|frequency,2026091903,0,9,0.0
clonazepam,alpha1,alpha1|BZD_GAMMA2_192|ASP|hydrophobic_interaction|frequency,2026091904,0,9,0.0
clonazepam,alpha1,alpha1|BZD_GAMMA2_192|ASP|hydrophobic_interaction|frequency,2026091905,0,9,0.0
midazolam,alpha1,alpha1|BZD_GAMMA2_192|ASP|hydrophobic_interaction|frequency,2026091901,0,7,0.0
midazolam,alpha1,alpha1|BZD_GAMMA2_192|ASP|hydrophobic_interaction|frequency,2026091902,0,9,0.0
midazolam,alpha1,alpha1|BZD_GAMMA2_192|ASP|hydrophobic_interaction|frequency,2026091903,0,9,0.0
midazolam,alpha1,alpha1|BZD_GAMMA2_192|ASP|hydrophobic_interaction|frequency,2026091904,0,9,0.0
midazolam,alpha1,alpha1|BZD_GAMMA2_192|ASP|hydrophobic_interaction|frequency,2026091905,0,9,0.0
temazepam,alpha1,alpha1|BZD_GAMMA2_192|ASP|hydrophobic_interaction|frequency,2026091901,0,9,0.0
temazepam,alpha1,alpha1|BZD_GAMMA2_192|ASP|hydrophobic_interaction|frequency,2026091902,0,9,0.0
temazepam,alpha1,alpha1|BZD_GAMMA2_192|ASP|hydrophobic_interaction|frequency,2026091903,0,9,0.0
temazepam,alpha1,alpha1|BZD_GAMMA2_192|ASP|hydrophobic_interaction|frequency,2026091904,0,9,0.0
temazepam,alpha1,alpha1|BZD_GAMMA2_192|ASP|hydrophobic_interaction|frequency,2026091905,0,9,0.0
zopiclone,alpha1,alpha1|BZD_GAMMA2_192|ASP|hydrophobic_interaction|frequency,2026091901,0,9,0.0
zopiclone,alpha1,alpha1|BZD_GAMMA2_192|ASP|hydrophobic_interaction|frequency,2026091902,0,9,0.0
zopiclone,alpha1,alpha1|BZD_GAMMA2_192|ASP|hydrophobic_interaction|frequency,2026091903,0,9,0.0
zopiclone,alpha1,alpha1|BZD_GAMMA2_192|ASP|hydrophobic_interaction|frequency,2026091904,0,9,0.0
zopiclone,alpha1,alpha1|BZD_GAMMA2_192|ASP|hydrophobic_interaction|frequency,2026091905,0,9,0.0
zaleplon,alpha1,alpha1|BZD_GAMMA2_192|ASP|hydrophobic_interaction|frequency,2026091901,0,9,0.0
zaleplon,alpha1,alpha1|BZD_GAMMA2_192|ASP|hydrophobic_interaction|frequency,2026091902,0,9,0.0
zaleplon,alpha1,alpha1|BZD_GAMMA2_192|ASP|hydrophobic_interaction|frequency,2026091903,0,9,0.0
zaleplon,alpha1,alpha1|BZD_GAMMA2_192|ASP|hydrophobic_interaction|frequency,2026091904,0,9,0.0
zaleplon,alpha1,alpha1|BZD_GAMMA2_192|ASP|hydrophobic_interaction|frequency,2026091905,0,9,0.0
diazepam,alpha1,alpha1|BZD_GAMMA2_192|ASP|salt_bridge|frequency,2026091901,0,9,0.0
diazepam,alpha1,alpha1|BZD_GAMMA2_192|ASP|salt_bridge|frequency,2026091902,0,9,0.0
diazepam,alpha1,alpha1|BZD_GAMMA2_192|ASP|salt_bridge|frequency,2026091903,0,9,0.0
diazepam,alpha1,alpha1|BZD_GAMMA2_192|ASP|salt_bridge|frequency,2026091904,0,9,0.0
diazepam,alpha1,alpha1|BZD_GAMMA2_192|ASP|salt_bridge|frequency,2026091905,0,9,0.0
alprazolam,alpha1,alpha1|BZD_GAMMA2_192|ASP|salt_bridge|frequency,2026091901,0,8,0.0
alprazolam,alpha1,alpha1|BZD_GAMMA2_192|ASP|salt_bridge|frequency,2026091902,0,7,0.0
alprazolam,alpha1,alpha1|BZD_GAMMA2_192|ASP|salt_bridge|frequency,2026091903,0,7,0.0
alprazolam,alpha1,alpha1|BZD_GAMMA2_192|ASP|salt_bridge|frequency,2026091904,0,7,0.0
alprazolam,alpha1,alpha1|BZD_GAMMA2_192|ASP|salt_bridge|frequency,2026091905,0,6,0.0
triazolam,alpha1,alpha1|BZD_GAMMA2_192|ASP|salt_bridge|frequency,2026091901,0,9,0.0
triazolam,alpha1,alpha1|BZD_GAMMA2_192|ASP|salt_bridge|frequency,2026091902,0,8,0.0
triazolam,alpha1,alpha1|BZD_GAMMA2_192|ASP|salt_bridge|frequency,2026091903,0,8,0.0
triazolam,alpha1,alpha1|BZD_GAMMA2_192|ASP|salt_bridge|frequency,2026091904,0,9,0.0
triazolam,alpha1,alpha1|BZD_GAMMA2_192|ASP|salt_bridge|frequency,2026091905,0,6,0.0
zolpidem,alpha1,alpha1|BZD_GAMMA2_192|ASP|salt_bridge|frequency,2026091901,0,9,0.0
zolpidem,alpha1,alpha1|BZD_GAMMA2_192|ASP|salt_bridge|frequency,2026091902,0,9,0.0
zolpidem,alpha1,alpha1|BZD_GAMMA2_192|ASP|salt_bridge|frequency,2026091903,0,9,0.0
zolpidem,alpha1,alpha1|BZD_GAMMA2_192|ASP|salt_bridge|frequency,2026091904,0,9,0.0
zolpidem,alpha1,alpha1|BZD_GAMMA2_192|ASP|salt_bridge|frequency,2026091905,0,9,0.0
lorazepam,alpha1,alpha1|BZD_GAMMA2_192|ASP|salt_bridge|frequency,2026091901,0,9,0.0
lorazepam,alpha1,alpha1|BZD_GAMMA2_192|ASP|salt_bridge|frequency,2026091902,0,9,0.0
lorazepam,alpha1,alpha1|BZD_GAMMA2_192|ASP|salt_bridge|frequency,2026091903,0,9,0.0
lorazepam,alpha1,alpha1|BZD_GAMMA2_192|ASP|salt_bridge|frequency,2026091904,0,9,0.0
lorazepam,alpha1,alpha1|BZD_GAMMA2_192|ASP|salt_bridge|frequency,2026091905,0,9,0.0
clonazepam,alpha1,alpha1|BZD_GAMMA2_192|ASP|salt_bridge|frequency,2026091901,0,9,0.0
clonazepam,alpha1,alpha1|BZD_GAMMA2_192|ASP|salt_bridge|frequency,2026091902,0,9,0.0
clonazepam,alpha1,alpha1|BZD_GAMMA2_192|ASP|salt_bridge|frequency,2026091903,0,9,0.0
clonazepam,alpha1,alpha1|BZD_GAMMA2_192|ASP|salt_bridge|frequency,2026091904,0,9,0.0
clonazepam,alpha1,alpha1|BZD_GAMMA2_192|ASP|salt_bridge|frequency,2026091905,0,9,0.0
midazolam,alpha1,alpha1|BZD_GAMMA2_192|ASP|salt_bridge|frequency,2026091901,0,7,0.0
midazolam,alpha1,alpha1|BZD_GAMMA2_192|ASP|salt_bridge|frequency,2026091902,0,9,0.0
midazolam,alpha1,alpha1|BZD_GAMMA2_192|ASP|salt_bridge|frequency,2026091903,0,9,0.0
midazolam,alpha1,alpha1|BZD_GAMMA2_192|ASP|salt_bridge|frequency,2026091904,0,9,0.0
midazolam,alpha1,alpha1|BZD_GAMMA2_192|ASP|salt_bridge|frequency,2026091905,0,9,0.0
temazepam,alpha1,alpha1|BZD_GAMMA2_192|ASP|salt_bridge|frequency,2026091901,0,9,0.0
temazepam,alpha1,alpha1|BZD_GAMMA2_192|ASP|salt_bridge|frequency,2026091902,0,9,0.0
temazepam,alpha1,alpha1|BZD_GAMMA2_192|ASP|salt_bridge|frequency,2026091903,0,9,0.0
temazepam,alpha1,alpha1|BZD_GAMMA2_192|ASP|salt_bridge|frequency,2026091904,0,9,0.0
temazepam,alpha1,alpha1|BZD_GAMMA2_192|ASP|salt_bridge|frequency,2026091905,0,9,0.0
zopiclone,alpha1,alpha1|BZD_GAMMA2_192|ASP|salt_bridge|frequency,2026091901,1,9,0.1111111111111111
zopiclone,alpha1,alpha1|BZD_GAMMA2_192|ASP|salt_bridge|frequency,2026091902,1,9,0.1111111111111111
zopiclone,alpha1,alpha1|BZD_GAMMA2_192|ASP|salt_bridge|frequency,2026091903,1,9,0.1111111111111111
zopiclone,alpha1,alpha1|BZD_GAMMA2_192|ASP|salt_bridge|frequency,2026091904,1,9,0.1111111111111111
zopiclone,alpha1,alpha1|BZD_GAMMA2_192|ASP|salt_bridge|frequency,2026091905,1,9,0.1111111111111111
zaleplon,alpha1,alpha1|BZD_GAMMA2_192|ASP|salt_bridge|frequency,2026091901,0,9,0.0
zaleplon,alpha1,alpha1|BZD_GAMMA2_192|ASP|salt_bridge|frequency,2026091902,0,9,0.0
zaleplon,alpha1,alpha1|BZD_GAMMA2_192|ASP|salt_bridge|frequency,2026091903,0,9,0.0
zaleplon,alpha1,alpha1|BZD_GAMMA2_192|ASP|salt_bridge|frequency,2026091904,0,9,0.0
zaleplon,alpha1,alpha1|BZD_GAMMA2_192|ASP|salt_bridge|frequency,2026091905,0,9,0.0
diazepam,alpha1,alpha1|BZD_GAMMA2_195|SER|halogen_bond|frequency,2026091901,0,9,0.0
diazepam,alpha1,alpha1|BZD_GAMMA2_195|SER|halogen_bond|frequency,2026091902,0,9,0.0
diazepam,alpha1,alpha1|BZD_GAMMA2_195|SER|halogen_bond|frequency,2026091903,0,9,0.0
diazepam,alpha1,alpha1|BZD_GAMMA2_195|SER|halogen_bond|frequency,2026091904,0,9,0.0
diazepam,alpha1,alpha1|BZD_GAMMA2_195|SER|halogen_bond|frequency,2026091905,0,9,0.0
alprazolam,alpha1,alpha1|BZD_GAMMA2_195|SER|halogen_bond|frequency,2026091901,0,8,0.0
alprazolam,alpha1,alpha1|BZD_GAMMA2_195|SER|halogen_bond|frequency,2026091902,0,7,0.0
alprazolam,alpha1,alpha1|BZD_GAMMA2_195|SER|halogen_bond|frequency,2026091903,0,7,0.0
alprazolam,alpha1,alpha1|BZD_GAMMA2_195|SER|halogen_bond|frequency,2026091904,0,7,0.0
alprazolam,alpha1,alpha1|BZD_GAMMA2_195|SER|halogen_bond|frequency,2026091905,0,6,0.0
triazolam,alpha1,alpha1|BZD_GAMMA2_195|SER|halogen_bond|frequency,2026091901,0,9,0.0
triazolam,alpha1,alpha1|BZD_GAMMA2_195|SER|halogen_bond|frequency,2026091902,0,8,0.0
triazolam,alpha1,alpha1|BZD_GAMMA2_195|SER|halogen_bond|frequency,2026091903,0,8,0.0
triazolam,alpha1,alpha1|BZD_GAMMA2_195|SER|halogen_bond|frequency,2026091904,0,9,0.0
triazolam,alpha1,alpha1|BZD_GAMMA2_195|SER|halogen_bond|frequency,2026091905,0,6,0.0
zolpidem,alpha1,alpha1|BZD_GAMMA2_195|SER|halogen_bond|frequency,2026091901,0,9,0.0
zolpidem,alpha1,alpha1|BZD_GAMMA2_195|SER|halogen_bond|frequency,2026091902,0,9,0.0
zolpidem,alpha1,alpha1|BZD_GAMMA2_195|SER|halogen_bond|frequency,2026091903,0,9,0.0
zolpidem,alpha1,alpha1|BZD_GAMMA2_195|SER|halogen_bond|frequency,2026091904,0,9,0.0
zolpidem,alpha1,alpha1|BZD_GAMMA2_195|SER|halogen_bond|frequency,2026091905,0,9,0.0
lorazepam,alpha1,alpha1|BZD_GAMMA2_195|SER|halogen_bond|frequency,2026091901,0,9,0.0
lorazepam,alpha1,alpha1|BZD_GAMMA2_195|SER|halogen_bond|frequency,2026091902,0,9,0.0
lorazepam,alpha1,alpha1|BZD_GAMMA2_195|SER|halogen_bond|frequency,2026091903,0,9,0.0
lorazepam,alpha1,alpha1|BZD_GAMMA2_195|SER|halogen_bond|frequency,2026091904,0,9,0.0
lorazepam,alpha1,alpha1|BZD_GAMMA2_195|SER|halogen_bond|frequency,2026091905,0,9,0.0
clonazepam,alpha1,alpha1|BZD_GAMMA2_195|SER|halogen_bond|frequency,2026091901,0,9,0.0
clonazepam,alpha1,alpha1|BZD_GAMMA2_195|SER|halogen_bond|frequency,2026091902,0,9,0.0
clonazepam,alpha1,alpha1|BZD_GAMMA2_195|SER|halogen_bond|frequency,2026091903,0,9,0.0
clonazepam,alpha1,alpha1|BZD_GAMMA2_195|SER|halogen_bond|frequency,2026091904,0,9,0.0
clonazepam,alpha1,alpha1|BZD_GAMMA2_195|SER|halogen_bond|frequency,2026091905,0,9,0.0
midazolam,alpha1,alpha1|BZD_GAMMA2_195|SER|halogen_bond|frequency,2026091901,0,7,0.0
midazolam,alpha1,alpha1|BZD_GAMMA2_195|SER|halogen_bond|frequency,2026091902,0,9,0.0
midazolam,alpha1,alpha1|BZD_GAMMA2_195|SER|halogen_bond|frequency,2026091903,0,9,0.0
midazolam,alpha1,alpha1|BZD_GAMMA2_195|SER|halogen_bond|frequency,2026091904,0,9,0.0
midazolam,alpha1,alpha1|BZD_GAMMA2_195|SER|halogen_bond|frequency,2026091905,0,9,0.0
temazepam,alpha1,alpha1|BZD_GAMMA2_195|SER|halogen_bond|frequency,2026091901,0,9,0.0
temazepam,alpha1,alpha1|BZD_GAMMA2_195|SER|halogen_bond|frequency,2026091902,0,9,0.0
temazepam,alpha1,alpha1|BZD_GAMMA2_195|SER|halogen_bond|frequency,2026091903,0,9,0.0
temazepam,alpha1,alpha1|BZD_GAMMA2_195|SER|halogen_bond|frequency,2026091904,1,9,0.1111111111111111
temazepam,alpha1,alpha1|BZD_GAMMA2_195|SER|halogen_bond|frequency,2026091905,0,9,0.0
zopiclone,alpha1,alpha1|BZD_GAMMA2_195|SER|halogen_bond|frequency,2026091901,0,9,0.0
zopiclone,alpha1,alpha1|BZD_GAMMA2_195|SER|halogen_bond|frequency,2026091902,0,9,0.0
zopiclone,alpha1,alpha1|BZD_GAMMA2_195|SER|halogen_bond|frequency,2026091903,0,9,0.0
zopiclone,alpha1,alpha1|BZD_GAMMA2_195|SER|halogen_bond|frequency,2026091904,0,9,0.0
zopiclone,alpha1,alpha1|BZD_GAMMA2_195|SER|halogen_bond|frequency,2026091905,0,9,0.0
zaleplon,alpha1,alpha1|BZD_GAMMA2_195|SER|halogen_bond|frequency,2026091901,0,9,0.0
zaleplon,alpha1,alpha1|BZD_GAMMA2_195|SER|halogen_bond|frequency,2026091902,0,9,0.0
zaleplon,alpha1,alpha1|BZD_GAMMA2_195|SER|halogen_bond|frequency,2026091903,0,9,0.0
zaleplon,alpha1,alpha1|BZD_GAMMA2_195|SER|halogen_bond|frequency,2026091904,0,9,0.0
zaleplon,alpha1,alpha1|BZD_GAMMA2_195|SER|halogen_bond|frequency,2026091905,0,9,0.0
diazepam,alpha1,alpha1|BZD_GAMMA2_195|SER|hydrogen_bond|frequency,2026091901,0,9,0.0
diazepam,alpha1,alpha1|BZD_GAMMA2_195|SER|hydrogen_bond|frequency,2026091902,0,9,0.0
diazepam,alpha1,alpha1|BZD_GAMMA2_195|SER|hydrogen_bond|frequency,2026091903,0,9,0.0
diazepam,alpha1,alpha1|BZD_GAMMA2_195|SER|hydrogen_bond|frequency,2026091904,0,9,0.0
diazepam,alpha1,alpha1|BZD_GAMMA2_195|SER|hydrogen_bond|frequency,2026091905,0,9,0.0
alprazolam,alpha1,alpha1|BZD_GAMMA2_195|SER|hydrogen_bond|frequency,2026091901,0,8,0.0
alprazolam,alpha1,alpha1|BZD_GAMMA2_195|SER|hydrogen_bond|frequency,2026091902,0,7,0.0
alprazolam,alpha1,alpha1|BZD_GAMMA2_195|SER|hydrogen_bond|frequency,2026091903,0,7,0.0
alprazolam,alpha1,alpha1|BZD_GAMMA2_195|SER|hydrogen_bond|frequency,2026091904,0,7,0.0
alprazolam,alpha1,alpha1|BZD_GAMMA2_195|SER|hydrogen_bond|frequency,2026091905,0,6,0.0
triazolam,alpha1,alpha1|BZD_GAMMA2_195|SER|hydrogen_bond|frequency,2026091901,0,9,0.0
triazolam,alpha1,alpha1|BZD_GAMMA2_195|SER|hydrogen_bond|frequency,2026091902,0,8,0.0
triazolam,alpha1,alpha1|BZD_GAMMA2_195|SER|hydrogen_bond|frequency,2026091903,0,8,0.0
triazolam,alpha1,alpha1|BZD_GAMMA2_195|SER|hydrogen_bond|frequency,2026091904,0,9,0.0
triazolam,alpha1,alpha1|BZD_GAMMA2_195|SER|hydrogen_bond|frequency,2026091905,0,6,0.0
zolpidem,alpha1,alpha1|BZD_GAMMA2_195|SER|hydrogen_bond|frequency,2026091901,0,9,0.0
zolpidem,alpha1,alpha1|BZD_GAMMA2_195|SER|hydrogen_bond|frequency,2026091902,0,9,0.0
zolpidem,alpha1,alpha1|BZD_GAMMA2_195|SER|hydrogen_bond|frequency,2026091903,0,9,0.0
zolpidem,alpha1,alpha1|BZD_GAMMA2_195|SER|hydrogen_bond|frequency,2026091904,0,9,0.0
zolpidem,alpha1,alpha1|BZD_GAMMA2_195|SER|hydrogen_bond|frequency,2026091905,0,9,0.0
lorazepam,alpha1,alpha1|BZD_GAMMA2_195|SER|hydrogen_bond|frequency,2026091901,0,9,0.0
lorazepam,alpha1,alpha1|BZD_GAMMA2_195|SER|hydrogen_bond|frequency,2026091902,0,9,0.0
lorazepam,alpha1,alpha1|BZD_GAMMA2_195|SER|hydrogen_bond|frequency,2026091903,0,9,0.0
lorazepam,alpha1,alpha1|BZD_GAMMA2_195|SER|hydrogen_bond|frequency,2026091904,0,9,0.0
lorazepam,alpha1,alpha1|BZD_GAMMA2_195|SER|hydrogen_bond|frequency,2026091905,0,9,0.0
clonazepam,alpha1,alpha1|BZD_GAMMA2_195|SER|hydrogen_bond|frequency,2026091901,0,9,0.0
clonazepam,alpha1,alpha1|BZD_GAMMA2_195|SER|hydrogen_bond|frequency,2026091902,1,9,0.1111111111111111
clonazepam,alpha1,alpha1|BZD_GAMMA2_195|SER|hydrogen_bond|frequency,2026091903,0,9,0.0
clonazepam,alpha1,alpha1|BZD_GAMMA2_195|SER|hydrogen_bond|frequency,2026091904,1,9,0.1111111111111111
clonazepam,alpha1,alpha1|BZD_GAMMA2_195|SER|hydrogen_bond|frequency,2026091905,0,9,0.0
midazolam,alpha1,alpha1|BZD_GAMMA2_195|SER|hydrogen_bond|frequency,2026091901,0,7,0.0
midazolam,alpha1,alpha1|BZD_GAMMA2_195|SER|hydrogen_bond|frequency,2026091902,0,9,0.0
midazolam,alpha1,alpha1|BZD_GAMMA2_195|SER|hydrogen_bond|frequency,2026091903,0,9,0.0
midazolam,alpha1,alpha1|BZD_GAMMA2_195|SER|hydrogen_bond|frequency,2026091904,0,9,0.0
midazolam,alpha1,alpha1|BZD_GAMMA2_195|SER|hydrogen_bond|frequency,2026091905,0,9,0.0
temazepam,alpha1,alpha1|BZD_GAMMA2_195|SER|hydrogen_bond|frequency,2026091901,0,9,0.0
temazepam,alpha1,alpha1|BZD_GAMMA2_195|SER|hydrogen_bond|frequency,2026091902,0,9,0.0
temazepam,alpha1,alpha1|BZD_GAMMA2_195|SER|hydrogen_bond|frequency,2026091903,0,9,0.0
temazepam,alpha1,alpha1|BZD_GAMMA2_195|SER|hydrogen_bond|frequency,2026091904,0,9,0.0
temazepam,alpha1,alpha1|BZD_GAMMA2_195|SER|hydrogen_bond|frequency,2026091905,0,9,0.0
zopiclone,alpha1,alpha1|BZD_GAMMA2_195|SER|hydrogen_bond|frequency,2026091901,0,9,0.0
zopiclone,alpha1,alpha1|BZD_GAMMA2_195|SER|hydrogen_bond|frequency,2026091902,0,9,0.0
zopiclone,alpha1,alpha1|BZD_GAMMA2_195|SER|hydrogen_bond|frequency,2026091903,0,9,0.0
zopiclone,alpha1,alpha1|BZD_GAMMA2_195|SER|hydrogen_bond|frequency,2026091904,0,9,0.0
zopiclone,alpha1,alpha1|BZD_GAMMA2_195|SER|hydrogen_bond|frequency,2026091905,0,9,0.0
zaleplon,alpha1,alpha1|BZD_GAMMA2_195|SER|hydrogen_bond|frequency,2026091901,0,9,0.0
zaleplon,alpha1,alpha1|BZD_GAMMA2_195|SER|hydrogen_bond|frequency,2026091902,0,9,0.0
zaleplon,alpha1,alpha1|BZD_GAMMA2_195|SER|hydrogen_bond|frequency,2026091903,0,9,0.0
zaleplon,alpha1,alpha1|BZD_GAMMA2_195|SER|hydrogen_bond|frequency,2026091904,0,9,0.0
zaleplon,alpha1,alpha1|BZD_GAMMA2_195|SER|hydrogen_bond|frequency,2026091905,0,9,0.0
diazepam,alpha1,alpha1|BZD_SITE_100|PHE|hydrophobic_interaction|frequency,2026091901,2,9,0.2222222222222222
diazepam,alpha1,alpha1|BZD_SITE_100|PHE|hydrophobic_interaction|frequency,2026091902,1,9,0.1111111111111111
diazepam,alpha1,alpha1|BZD_SITE_100|PHE|hydrophobic_interaction|frequency,2026091903,1,9,0.1111111111111111
diazepam,alpha1,alpha1|BZD_SITE_100|PHE|hydrophobic_interaction|frequency,2026091904,0,9,0.0
diazepam,alpha1,alpha1|BZD_SITE_100|PHE|hydrophobic_interaction|frequency,2026091905,2,9,0.2222222222222222
alprazolam,alpha1,alpha1|BZD_SITE_100|PHE|hydrophobic_interaction|frequency,2026091901,2,8,0.25
alprazolam,alpha1,alpha1|BZD_SITE_100|PHE|hydrophobic_interaction|frequency,2026091902,1,7,0.14285714285714285
alprazolam,alpha1,alpha1|BZD_SITE_100|PHE|hydrophobic_interaction|frequency,2026091903,1,7,0.14285714285714285
alprazolam,alpha1,alpha1|BZD_SITE_100|PHE|hydrophobic_interaction|frequency,2026091904,1,7,0.14285714285714285
alprazolam,alpha1,alpha1|BZD_SITE_100|PHE|hydrophobic_interaction|frequency,2026091905,1,6,0.16666666666666666
triazolam,alpha1,alpha1|BZD_SITE_100|PHE|hydrophobic_interaction|frequency,2026091901,2,9,0.2222222222222222
triazolam,alpha1,alpha1|BZD_SITE_100|PHE|hydrophobic_interaction|frequency,2026091902,2,8,0.25
triazolam,alpha1,alpha1|BZD_SITE_100|PHE|hydrophobic_interaction|frequency,2026091903,1,8,0.125
triazolam,alpha1,alpha1|BZD_SITE_100|PHE|hydrophobic_interaction|frequency,2026091904,1,9,0.1111111111111111
triazolam,alpha1,alpha1|BZD_SITE_100|PHE|hydrophobic_interaction|frequency,2026091905,1,6,0.16666666666666666
zolpidem,alpha1,alpha1|BZD_SITE_100|PHE|hydrophobic_interaction|frequency,2026091901,3,9,0.3333333333333333
zolpidem,alpha1,alpha1|BZD_SITE_100|PHE|hydrophobic_interaction|frequency,2026091902,1,9,0.1111111111111111
zolpidem,alpha1,alpha1|BZD_SITE_100|PHE|hydrophobic_interaction|frequency,2026091903,3,9,0.3333333333333333
zolpidem,alpha1,alpha1|BZD_SITE_100|PHE|hydrophobic_interaction|frequency,2026091904,2,9,0.2222222222222222
zolpidem,alpha1,alpha1|BZD_SITE_100|PHE|hydrophobic_interaction|frequency,2026091905,2,9,0.2222222222222222
lorazepam,alpha1,alpha1|BZD_SITE_100|PHE|hydrophobic_interaction|frequency,2026091901,1,9,0.1111111111111111
lorazepam,alpha1,alpha1|BZD_SITE_100|PHE|hydrophobic_interaction|frequency,2026091902,0,9,0.0
lorazepam,alpha1,alpha1|BZD_SITE_100|PHE|hydrophobic_interaction|frequency,2026091903,0,9,0.0
lorazepam,alpha1,alpha1|BZD_SITE_100|PHE|hydrophobic_interaction|frequency,2026091904,0,9,0.0
lorazepam,alpha1,alpha1|BZD_SITE_100|PHE|hydrophobic_interaction|frequency,2026091905,0,9,0.0
clonazepam,alpha1,alpha1|BZD_SITE_100|PHE|hydrophobic_interaction|frequency,2026091901,2,9,0.2222222222222222
clonazepam,alpha1,alpha1|BZD_SITE_100|PHE|hydrophobic_interaction|frequency,2026091902,2,9,0.2222222222222222
clonazepam,alpha1,alpha1|BZD_SITE_100|PHE|hydrophobic_interaction|frequency,2026091903,3,9,0.3333333333333333
clonazepam,alpha1,alpha1|BZD_SITE_100|PHE|hydrophobic_interaction|frequency,2026091904,2,9,0.2222222222222222
clonazepam,alpha1,alpha1|BZD_SITE_100|PHE|hydrophobic_interaction|frequency,2026091905,1,9,0.1111111111111111
midazolam,alpha1,alpha1|BZD_SITE_100|PHE|hydrophobic_interaction|frequency,2026091901,1,7,0.14285714285714285
midazolam,alpha1,alpha1|BZD_SITE_100|PHE|hydrophobic_interaction|frequency,2026091902,1,9,0.1111111111111111
midazolam,alpha1,alpha1|BZD_SITE_100|PHE|hydrophobic_interaction|frequency,2026091903,1,9,0.1111111111111111
midazolam,alpha1,alpha1|BZD_SITE_100|PHE|hydrophobic_interaction|frequency,2026091904,1,9,0.1111111111111111
midazolam,alpha1,alpha1|BZD_SITE_100|PHE|hydrophobic_interaction|frequency,2026091905,0,9,0.0
temazepam,alpha1,alpha1|BZD_SITE_100|PHE|hydrophobic_interaction|frequency,2026091901,1,9,0.1111111111111111
temazepam,alpha1,alpha1|BZD_SITE_100|PHE|hydrophobic_interaction|frequency,2026091902,1,9,0.1111111111111111
temazepam,alpha1,alpha1|BZD_SITE_100|PHE|hydrophobic_interaction|frequency,2026091903,1,9,0.1111111111111111
temazepam,alpha1,alpha1|BZD_SITE_100|PHE|hydrophobic_interaction|frequency,2026091904,1,9,0.1111111111111111
temazepam,alpha1,alpha1|BZD_SITE_100|PHE|hydrophobic_interaction|frequency,2026091905,1,9,0.1111111111111111
zopiclone,alpha1,alpha1|BZD_SITE_100|PHE|hydrophobic_interaction|frequency,2026091901,1,9,0.1111111111111111
zopiclone,alpha1,alpha1|BZD_SITE_100|PHE|hydrophobic_interaction|frequency,2026091902,1,9,0.1111111111111111
zopiclone,alpha1,alpha1|BZD_SITE_100|PHE|hydrophobic_interaction|frequency,2026091903,2,9,0.2222222222222222
zopiclone,alpha1,alpha1|BZD_SITE_100|PHE|hydrophobic_interaction|frequency,2026091904,1,9,0.1111111111111111
zopiclone,alpha1,alpha1|BZD_SITE_100|PHE|hydrophobic_interaction|frequency,2026091905,1,9,0.1111111111111111
zaleplon,alpha1,alpha1|BZD_SITE_100|PHE|hydrophobic_interaction|frequency,2026091901,4,9,0.4444444444444444
zaleplon,alpha1,alpha1|BZD_SITE_100|PHE|hydrophobic_interaction|frequency,2026091902,1,9,0.1111111111111111
zaleplon,alpha1,alpha1|BZD_SITE_100|PHE|hydrophobic_interaction|frequency,2026091903,3,9,0.3333333333333333
zaleplon,alpha1,alpha1|BZD_SITE_100|PHE|hydrophobic_interaction|frequency,2026091904,1,9,0.1111111111111111
zaleplon,alpha1,alpha1|BZD_SITE_100|PHE|hydrophobic_interaction|frequency,2026091905,3,9,0.3333333333333333
diazepam,alpha1,alpha1|BZD_SITE_100|PHE|pi_stack|frequency,2026091901,1,9,0.1111111111111111
diazepam,alpha1,alpha1|BZD_SITE_100|PHE|pi_stack|frequency,2026091902,2,9,0.2222222222222222
diazepam,alpha1,alpha1|BZD_SITE_100|PHE|pi_stack|frequency,2026091903,2,9,0.2222222222222222
diazepam,alpha1,alpha1|BZD_SITE_100|PHE|pi_stack|frequency,2026091904,2,9,0.2222222222222222
diazepam,alpha1,alpha1|BZD_SITE_100|PHE|pi_stack|frequency,2026091905,1,9,0.1111111111111111
diazepam,alpha1,alpha1|BZD_SITE_100|PHE|pi_stack|P_frequency,2026091901,0,9,0.0
diazepam,alpha1,alpha1|BZD_SITE_100|PHE|pi_stack|P_frequency,2026091902,0,9,0.0
diazepam,alpha1,alpha1|BZD_SITE_100|PHE|pi_stack|P_frequency,2026091903,0,9,0.0
diazepam,alpha1,alpha1|BZD_SITE_100|PHE|pi_stack|P_frequency,2026091904,0,9,0.0
diazepam,alpha1,alpha1|BZD_SITE_100|PHE|pi_stack|P_frequency,2026091905,0,9,0.0
diazepam,alpha1,alpha1|BZD_SITE_100|PHE|pi_stack|T_frequency,2026091901,1,9,0.1111111111111111
diazepam,alpha1,alpha1|BZD_SITE_100|PHE|pi_stack|T_frequency,2026091902,2,9,0.2222222222222222
diazepam,alpha1,alpha1|BZD_SITE_100|PHE|pi_stack|T_frequency,2026091903,2,9,0.2222222222222222
diazepam,alpha1,alpha1|BZD_SITE_100|PHE|pi_stack|T_frequency,2026091904,2,9,0.2222222222222222
diazepam,alpha1,alpha1|BZD_SITE_100|PHE|pi_stack|T_frequency,2026091905,1,9,0.1111111111111111
alprazolam,alpha1,alpha1|BZD_SITE_100|PHE|pi_stack|frequency,2026091901,0,8,0.0
alprazolam,alpha1,alpha1|BZD_SITE_100|PHE|pi_stack|frequency,2026091902,0,7,0.0
alprazolam,alpha1,alpha1|BZD_SITE_100|PHE|pi_stack|frequency,2026091903,0,7,0.0
alprazolam,alpha1,alpha1|BZD_SITE_100|PHE|pi_stack|frequency,2026091904,0,7,0.0
alprazolam,alpha1,alpha1|BZD_SITE_100|PHE|pi_stack|frequency,2026091905,0,6,0.0
alprazolam,alpha1,alpha1|BZD_SITE_100|PHE|pi_stack|P_frequency,2026091901,0,8,0.0
alprazolam,alpha1,alpha1|BZD_SITE_100|PHE|pi_stack|P_frequency,2026091902,0,7,0.0
alprazolam,alpha1,alpha1|BZD_SITE_100|PHE|pi_stack|P_frequency,2026091903,0,7,0.0
alprazolam,alpha1,alpha1|BZD_SITE_100|PHE|pi_stack|P_frequency,2026091904,0,7,0.0
alprazolam,alpha1,alpha1|BZD_SITE_100|PHE|pi_stack|P_frequency,2026091905,0,6,0.0
alprazolam,alpha1,alpha1|BZD_SITE_100|PHE|pi_stack|T_frequency,2026091901,0,8,0.0
alprazolam,alpha1,alpha1|BZD_SITE_100|PHE|pi_stack|T_frequency,2026091902,0,7,0.0
alprazolam,alpha1,alpha1|BZD_SITE_100|PHE|pi_stack|T_frequency,2026091903,0,7,0.0
alprazolam,alpha1,alpha1|BZD_SITE_100|PHE|pi_stack|T_frequency,2026091904,0,7,0.0
alprazolam,alpha1,alpha1|BZD_SITE_100|PHE|pi_stack|T_frequency,2026091905,0,6,0.0
triazolam,alpha1,alpha1|BZD_SITE_100|PHE|pi_stack|frequency,2026091901,0,9,0.0
triazolam,alpha1,alpha1|BZD_SITE_100|PHE|pi_stack|frequency,2026091902,0,8,0.0
triazolam,alpha1,alpha1|BZD_SITE_100|PHE|pi_stack|frequency,2026091903,0,8,0.0
triazolam,alpha1,alpha1|BZD_SITE_100|PHE|pi_stack|frequency,2026091904,0,9,0.0
triazolam,alpha1,alpha1|BZD_SITE_100|PHE|pi_stack|frequency,2026091905,0,6,0.0
triazolam,alpha1,alpha1|BZD_SITE_100|PHE|pi_stack|P_frequency,2026091901,0,9,0.0
triazolam,alpha1,alpha1|BZD_SITE_100|PHE|pi_stack|P_frequency,2026091902,0,8,0.0
triazolam,alpha1,alpha1|BZD_SITE_100|PHE|pi_stack|P_frequency,2026091903,0,8,0.0
triazolam,alpha1,alpha1|BZD_SITE_100|PHE|pi_stack|P_frequency,2026091904,0,9,0.0
triazolam,alpha1,alpha1|BZD_SITE_100|PHE|pi_stack|P_frequency,2026091905,0,6,0.0
triazolam,alpha1,alpha1|BZD_SITE_100|PHE|pi_stack|T_frequency,2026091901,0,9,0.0
triazolam,alpha1,alpha1|BZD_SITE_100|PHE|pi_stack|T_frequency,2026091902,0,8,0.0
triazolam,alpha1,alpha1|BZD_SITE_100|PHE|pi_stack|T_frequency,2026091903,0,8,0.0
triazolam,alpha1,alpha1|BZD_SITE_100|PHE|pi_stack|T_frequency,2026091904,0,9,0.0
triazolam,alpha1,alpha1|BZD_SITE_100|PHE|pi_stack|T_frequency,2026091905,0,6,0.0
zolpidem,alpha1,alpha1|BZD_SITE_100|PHE|pi_stack|frequency,2026091901,0,9,0.0
zolpidem,alpha1,alpha1|BZD_SITE_100|PHE|pi_stack|frequency,2026091902,0,9,0.0
zolpidem,alpha1,alpha1|BZD_SITE_100|PHE|pi_stack|frequency,2026091903,0,9,0.0
zolpidem,alpha1,alpha1|BZD_SITE_100|PHE|pi_stack|frequency,2026091904,0,9,0.0
zolpidem,alpha1,alpha1|BZD_SITE_100|PHE|pi_stack|frequency,2026091905,0,9,0.0
zolpidem,alpha1,alpha1|BZD_SITE_100|PHE|pi_stack|P_frequency,2026091901,0,9,0.0
zolpidem,alpha1,alpha1|BZD_SITE_100|PHE|pi_stack|P_frequency,2026091902,0,9,0.0
zolpidem,alpha1,alpha1|BZD_SITE_100|PHE|pi_stack|P_frequency,2026091903,0,9,0.0
zolpidem,alpha1,alpha1|BZD_SITE_100|PHE|pi_stack|P_frequency,2026091904,0,9,0.0
zolpidem,alpha1,alpha1|BZD_SITE_100|PHE|pi_stack|P_frequency,2026091905,0,9,0.0
zolpidem,alpha1,alpha1|BZD_SITE_100|PHE|pi_stack|T_frequency,2026091901,0,9,0.0
zolpidem,alpha1,alpha1|BZD_SITE_100|PHE|pi_stack|T_frequency,2026091902,0,9,0.0
zolpidem,alpha1,alpha1|BZD_SITE_100|PHE|pi_stack|T_frequency,2026091903,0,9,0.0
zolpidem,alpha1,alpha1|BZD_SITE_100|PHE|pi_stack|T_frequency,2026091904,0,9,0.0
zolpidem,alpha1,alpha1|BZD_SITE_100|PHE|pi_stack|T_frequency,2026091905,0,9,0.0
lorazepam,alpha1,alpha1|BZD_SITE_100|PHE|pi_stack|frequency,2026091901,0,9,0.0
lorazepam,alpha1,alpha1|BZD_SITE_100|PHE|pi_stack|frequency,2026091902,0,9,0.0
lorazepam,alpha1,alpha1|BZD_SITE_100|PHE|pi_stack|frequency,2026091903,0,9,0.0
lorazepam,alpha1,alpha1|BZD_SITE_100|PHE|pi_stack|frequency,2026091904,0,9,0.0
lorazepam,alpha1,alpha1|BZD_SITE_100|PHE|pi_stack|frequency,2026091905,0,9,0.0
lorazepam,alpha1,alpha1|BZD_SITE_100|PHE|pi_stack|P_frequency,2026091901,0,9,0.0
lorazepam,alpha1,alpha1|BZD_SITE_100|PHE|pi_stack|P_frequency,2026091902,0,9,0.0
lorazepam,alpha1,alpha1|BZD_SITE_100|PHE|pi_stack|P_frequency,2026091903,0,9,0.0
lorazepam,alpha1,alpha1|BZD_SITE_100|PHE|pi_stack|P_frequency,2026091904,0,9,0.0
lorazepam,alpha1,alpha1|BZD_SITE_100|PHE|pi_stack|P_frequency,2026091905,0,9,0.0
lorazepam,alpha1,alpha1|BZD_SITE_100|PHE|pi_stack|T_frequency,2026091901,0,9,0.0
lorazepam,alpha1,alpha1|BZD_SITE_100|PHE|pi_stack|T_frequency,2026091902,0,9,0.0
lorazepam,alpha1,alpha1|BZD_SITE_100|PHE|pi_stack|T_frequency,2026091903,0,9,0.0
lorazepam,alpha1,alpha1|BZD_SITE_100|PHE|pi_stack|T_frequency,2026091904,0,9,0.0
lorazepam,alpha1,alpha1|BZD_SITE_100|PHE|pi_stack|T_frequency,2026091905,0,9,0.0
clonazepam,alpha1,alpha1|BZD_SITE_100|PHE|pi_stack|frequency,2026091901,0,9,0.0
clonazepam,alpha1,alpha1|BZD_SITE_100|PHE|pi_stack|frequency,2026091902,0,9,0.0
clonazepam,alpha1,alpha1|BZD_SITE_100|PHE|pi_stack|frequency,2026091903,0,9,0.0
clonazepam,alpha1,alpha1|BZD_SITE_100|PHE|pi_stack|frequency,2026091904,0,9,0.0
clonazepam,alpha1,alpha1|BZD_SITE_100|PHE|pi_stack|frequency,2026091905,0,9,0.0
clonazepam,alpha1,alpha1|BZD_SITE_100|PHE|pi_stack|P_frequency,2026091901,0,9,0.0
clonazepam,alpha1,alpha1|BZD_SITE_100|PHE|pi_stack|P_frequency,2026091902,0,9,0.0
clonazepam,alpha1,alpha1|BZD_SITE_100|PHE|pi_stack|P_frequency,2026091903,0,9,0.0
clonazepam,alpha1,alpha1|BZD_SITE_100|PHE|pi_stack|P_frequency,2026091904,0,9,0.0
clonazepam,alpha1,alpha1|BZD_SITE_100|PHE|pi_stack|P_frequency,2026091905,0,9,0.0
clonazepam,alpha1,alpha1|BZD_SITE_100|PHE|pi_stack|T_frequency,2026091901,0,9,0.0
clonazepam,alpha1,alpha1|BZD_SITE_100|PHE|pi_stack|T_frequency,2026091902,0,9,0.0
clonazepam,alpha1,alpha1|BZD_SITE_100|PHE|pi_stack|T_frequency,2026091903,0,9,0.0
clonazepam,alpha1,alpha1|BZD_SITE_100|PHE|pi_stack|T_frequency,2026091904,0,9,0.0
clonazepam,alpha1,alpha1|BZD_SITE_100|PHE|pi_stack|T_frequency,2026091905,0,9,0.0
midazolam,alpha1,alpha1|BZD_SITE_100|PHE|pi_stack|frequency,2026091901,2,7,0.2857142857142857
midazolam,alpha1,alpha1|BZD_SITE_100|PHE|pi_stack|frequency,2026091902,2,9,0.2222222222222222
midazolam,alpha1,alpha1|BZD_SITE_100|PHE|pi_stack|frequency,2026091903,1,9,0.1111111111111111
midazolam,alpha1,alpha1|BZD_SITE_100|PHE|pi_stack|frequency,2026091904,2,9,0.2222222222222222
midazolam,alpha1,alpha1|BZD_SITE_100|PHE|pi_stack|frequency,2026091905,2,9,0.2222222222222222
midazolam,alpha1,alpha1|BZD_SITE_100|PHE|pi_stack|P_frequency,2026091901,0,7,0.0
midazolam,alpha1,alpha1|BZD_SITE_100|PHE|pi_stack|P_frequency,2026091902,0,9,0.0
midazolam,alpha1,alpha1|BZD_SITE_100|PHE|pi_stack|P_frequency,2026091903,0,9,0.0
midazolam,alpha1,alpha1|BZD_SITE_100|PHE|pi_stack|P_frequency,2026091904,0,9,0.0
midazolam,alpha1,alpha1|BZD_SITE_100|PHE|pi_stack|P_frequency,2026091905,0,9,0.0
midazolam,alpha1,alpha1|BZD_SITE_100|PHE|pi_stack|T_frequency,2026091901,2,7,0.2857142857142857
midazolam,alpha1,alpha1|BZD_SITE_100|PHE|pi_stack|T_frequency,2026091902,2,9,0.2222222222222222
midazolam,alpha1,alpha1|BZD_SITE_100|PHE|pi_stack|T_frequency,2026091903,1,9,0.1111111111111111
midazolam,alpha1,alpha1|BZD_SITE_100|PHE|pi_stack|T_frequency,2026091904,2,9,0.2222222222222222
midazolam,alpha1,alpha1|BZD_SITE_100|PHE|pi_stack|T_frequency,2026091905,2,9,0.2222222222222222
temazepam,alpha1,alpha1|BZD_SITE_100|PHE|pi_stack|frequency,2026091901,0,9,0.0
temazepam,alpha1,alpha1|BZD_SITE_100|PHE|pi_stack|frequency,2026091902,0,9,0.0
temazepam,alpha1,alpha1|BZD_SITE_100|PHE|pi_stack|frequency,2026091903,0,9,0.0
temazepam,alpha1,alpha1|BZD_SITE_100|PHE|pi_stack|frequency,2026091904,0,9,0.0
temazepam,alpha1,alpha1|BZD_SITE_100|PHE|pi_stack|frequency,2026091905,0,9,0.0
temazepam,alpha1,alpha1|BZD_SITE_100|PHE|pi_stack|P_frequency,2026091901,0,9,0.0
temazepam,alpha1,alpha1|BZD_SITE_100|PHE|pi_stack|P_frequency,2026091902,0,9,0.0
temazepam,alpha1,alpha1|BZD_SITE_100|PHE|pi_stack|P_frequency,2026091903,0,9,0.0
temazepam,alpha1,alpha1|BZD_SITE_100|PHE|pi_stack|P_frequency,2026091904,0,9,0.0
temazepam,alpha1,alpha1|BZD_SITE_100|PHE|pi_stack|P_frequency,2026091905,0,9,0.0
temazepam,alpha1,alpha1|BZD_SITE_100|PHE|pi_stack|T_frequency,2026091901,0,9,0.0
temazepam,alpha1,alpha1|BZD_SITE_100|PHE|pi_stack|T_frequency,2026091902,0,9,0.0
temazepam,alpha1,alpha1|BZD_SITE_100|PHE|pi_stack|T_frequency,2026091903,0,9,0.0
temazepam,alpha1,alpha1|BZD_SITE_100|PHE|pi_stack|T_frequency,2026091904,0,9,0.0
temazepam,alpha1,alpha1|BZD_SITE_100|PHE|pi_stack|T_frequency,2026091905,0,9,0.0
zopiclone,alpha1,alpha1|BZD_SITE_100|PHE|pi_stack|frequency,2026091901,0,9,0.0
zopiclone,alpha1,alpha1|BZD_SITE_100|PHE|pi_stack|frequency,2026091902,0,9,0.0
zopiclone,alpha1,alpha1|BZD_SITE_100|PHE|pi_stack|frequency,2026091903,0,9,0.0
zopiclone,alpha1,alpha1|BZD_SITE_100|PHE|pi_stack|frequency,2026091904,0,9,0.0
zopiclone,alpha1,alpha1|BZD_SITE_100|PHE|pi_stack|frequency,2026091905,0,9,0.0
zopiclone,alpha1,alpha1|BZD_SITE_100|PHE|pi_stack|P_frequency,2026091901,0,9,0.0
zopiclone,alpha1,alpha1|BZD_SITE_100|PHE|pi_stack|P_frequency,2026091902,0,9,0.0
zopiclone,alpha1,alpha1|BZD_SITE_100|PHE|pi_stack|P_frequency,2026091903,0,9,0.0
zopiclone,alpha1,alpha1|BZD_SITE_100|PHE|pi_stack|P_frequency,2026091904,0,9,0.0
zopiclone,alpha1,alpha1|BZD_SITE_100|PHE|pi_stack|P_frequency,2026091905,0,9,0.0
zopiclone,alpha1,alpha1|BZD_SITE_100|PHE|pi_stack|T_frequency,2026091901,0,9,0.0
zopiclone,alpha1,alpha1|BZD_SITE_100|PHE|pi_stack|T_frequency,2026091902,0,9,0.0
zopiclone,alpha1,alpha1|BZD_SITE_100|PHE|pi_stack|T_frequency,2026091903,0,9,0.0
zopiclone,alpha1,alpha1|BZD_SITE_100|PHE|pi_stack|T_frequency,2026091904,0,9,0.0
zopiclone,alpha1,alpha1|BZD_SITE_100|PHE|pi_stack|T_frequency,2026091905,0,9,0.0
zaleplon,alpha1,alpha1|BZD_SITE_100|PHE|pi_stack|frequency,2026091901,0,9,0.0
zaleplon,alpha1,alpha1|BZD_SITE_100|PHE|pi_stack|frequency,2026091902,0,9,0.0
zaleplon,alpha1,alpha1|BZD_SITE_100|PHE|pi_stack|frequency,2026091903,0,9,0.0
zaleplon,alpha1,alpha1|BZD_SITE_100|PHE|pi_stack|frequency,2026091904,0,9,0.0
zaleplon,alpha1,alpha1|BZD_SITE_100|PHE|pi_stack|frequency,2026091905,0,9,0.0
zaleplon,alpha1,alpha1|BZD_SITE_100|PHE|pi_stack|P_frequency,2026091901,0,9,0.0
zaleplon,alpha1,alpha1|BZD_SITE_100|PHE|pi_stack|P_frequency,2026091902,0,9,0.0
zaleplon,alpha1,alpha1|BZD_SITE_100|PHE|pi_stack|P_frequency,2026091903,0,9,0.0
zaleplon,alpha1,alpha1|BZD_SITE_100|PHE|pi_stack|P_frequency,2026091904,0,9,0.0
zaleplon,alpha1,alpha1|BZD_SITE_100|PHE|pi_stack|P_frequency,2026091905,0,9,0.0
zaleplon,alpha1,alpha1|BZD_SITE_100|PHE|pi_stack|T_frequency,2026091901,0,9,0.0
zaleplon,alpha1,alpha1|BZD_SITE_100|PHE|pi_stack|T_frequency,2026091902,0,9,0.0
zaleplon,alpha1,alpha1|BZD_SITE_100|PHE|pi_stack|T_frequency,2026091903,0,9,0.0
zaleplon,alpha1,alpha1|BZD_SITE_100|PHE|pi_stack|T_frequency,2026091904,0,9,0.0
zaleplon,alpha1,alpha1|BZD_SITE_100|PHE|pi_stack|T_frequency,2026091905,0,9,0.0
diazepam,alpha1,alpha1|BZD_SITE_102|HIS|halogen_bond|frequency,2026091901,0,9,0.0
diazepam,alpha1,alpha1|BZD_SITE_102|HIS|halogen_bond|frequency,2026091902,0,9,0.0
diazepam,alpha1,alpha1|BZD_SITE_102|HIS|halogen_bond|frequency,2026091903,0,9,0.0
diazepam,alpha1,alpha1|BZD_SITE_102|HIS|halogen_bond|frequency,2026091904,0,9,0.0
diazepam,alpha1,alpha1|BZD_SITE_102|HIS|halogen_bond|frequency,2026091905,0,9,0.0
alprazolam,alpha1,alpha1|BZD_SITE_102|HIS|halogen_bond|frequency,2026091901,2,8,0.25
alprazolam,alpha1,alpha1|BZD_SITE_102|HIS|halogen_bond|frequency,2026091902,1,7,0.14285714285714285
alprazolam,alpha1,alpha1|BZD_SITE_102|HIS|halogen_bond|frequency,2026091903,1,7,0.14285714285714285
alprazolam,alpha1,alpha1|BZD_SITE_102|HIS|halogen_bond|frequency,2026091904,1,7,0.14285714285714285
alprazolam,alpha1,alpha1|BZD_SITE_102|HIS|halogen_bond|frequency,2026091905,1,6,0.16666666666666666
triazolam,alpha1,alpha1|BZD_SITE_102|HIS|halogen_bond|frequency,2026091901,2,9,0.2222222222222222
triazolam,alpha1,alpha1|BZD_SITE_102|HIS|halogen_bond|frequency,2026091902,2,8,0.25
triazolam,alpha1,alpha1|BZD_SITE_102|HIS|halogen_bond|frequency,2026091903,2,8,0.25
triazolam,alpha1,alpha1|BZD_SITE_102|HIS|halogen_bond|frequency,2026091904,1,9,0.1111111111111111
triazolam,alpha1,alpha1|BZD_SITE_102|HIS|halogen_bond|frequency,2026091905,1,6,0.16666666666666666
zolpidem,alpha1,alpha1|BZD_SITE_102|HIS|halogen_bond|frequency,2026091901,0,9,0.0
zolpidem,alpha1,alpha1|BZD_SITE_102|HIS|halogen_bond|frequency,2026091902,0,9,0.0
zolpidem,alpha1,alpha1|BZD_SITE_102|HIS|halogen_bond|frequency,2026091903,0,9,0.0
zolpidem,alpha1,alpha1|BZD_SITE_102|HIS|halogen_bond|frequency,2026091904,0,9,0.0
zolpidem,alpha1,alpha1|BZD_SITE_102|HIS|halogen_bond|frequency,2026091905,0,9,0.0
lorazepam,alpha1,alpha1|BZD_SITE_102|HIS|halogen_bond|frequency,2026091901,0,9,0.0
lorazepam,alpha1,alpha1|BZD_SITE_102|HIS|halogen_bond|frequency,2026091902,0,9,0.0
lorazepam,alpha1,alpha1|BZD_SITE_102|HIS|halogen_bond|frequency,2026091903,0,9,0.0
lorazepam,alpha1,alpha1|BZD_SITE_102|HIS|halogen_bond|frequency,2026091904,0,9,0.0
lorazepam,alpha1,alpha1|BZD_SITE_102|HIS|halogen_bond|frequency,2026091905,1,9,0.1111111111111111
clonazepam,alpha1,alpha1|BZD_SITE_102|HIS|halogen_bond|frequency,2026091901,0,9,0.0
clonazepam,alpha1,alpha1|BZD_SITE_102|HIS|halogen_bond|frequency,2026091902,0,9,0.0
clonazepam,alpha1,alpha1|BZD_SITE_102|HIS|halogen_bond|frequency,2026091903,0,9,0.0
clonazepam,alpha1,alpha1|BZD_SITE_102|HIS|halogen_bond|frequency,2026091904,0,9,0.0
clonazepam,alpha1,alpha1|BZD_SITE_102|HIS|halogen_bond|frequency,2026091905,0,9,0.0
midazolam,alpha1,alpha1|BZD_SITE_102|HIS|halogen_bond|frequency,2026091901,0,7,0.0
midazolam,alpha1,alpha1|BZD_SITE_102|HIS|halogen_bond|frequency,2026091902,0,9,0.0
midazolam,alpha1,alpha1|BZD_SITE_102|HIS|halogen_bond|frequency,2026091903,0,9,0.0
midazolam,alpha1,alpha1|BZD_SITE_102|HIS|halogen_bond|frequency,2026091904,0,9,0.0
midazolam,alpha1,alpha1|BZD_SITE_102|HIS|halogen_bond|frequency,2026091905,0,9,0.0
temazepam,alpha1,alpha1|BZD_SITE_102|HIS|halogen_bond|frequency,2026091901,1,9,0.1111111111111111
temazepam,alpha1,alpha1|BZD_SITE_102|HIS|halogen_bond|frequency,2026091902,1,9,0.1111111111111111
temazepam,alpha1,alpha1|BZD_SITE_102|HIS|halogen_bond|frequency,2026091903,1,9,0.1111111111111111
temazepam,alpha1,alpha1|BZD_SITE_102|HIS|halogen_bond|frequency,2026091904,1,9,0.1111111111111111
temazepam,alpha1,alpha1|BZD_SITE_102|HIS|halogen_bond|frequency,2026091905,1,9,0.1111111111111111
zopiclone,alpha1,alpha1|BZD_SITE_102|HIS|halogen_bond|frequency,2026091901,0,9,0.0
zopiclone,alpha1,alpha1|BZD_SITE_102|HIS|halogen_bond|frequency,2026091902,0,9,0.0
zopiclone,alpha1,alpha1|BZD_SITE_102|HIS|halogen_bond|frequency,2026091903,0,9,0.0
zopiclone,alpha1,alpha1|BZD_SITE_102|HIS|halogen_bond|frequency,2026091904,0,9,0.0
zopiclone,alpha1,alpha1|BZD_SITE_102|HIS|halogen_bond|frequency,2026091905,0,9,0.0
zaleplon,alpha1,alpha1|BZD_SITE_102|HIS|halogen_bond|frequency,2026091901,0,9,0.0
zaleplon,alpha1,alpha1|BZD_SITE_102|HIS|halogen_bond|frequency,2026091902,0,9,0.0
zaleplon,alpha1,alpha1|BZD_SITE_102|HIS|halogen_bond|frequency,2026091903,0,9,0.0
zaleplon,alpha1,alpha1|BZD_SITE_102|HIS|halogen_bond|frequency,2026091904,0,9,0.0
zaleplon,alpha1,alpha1|BZD_SITE_102|HIS|halogen_bond|frequency,2026091905,0,9,0.0
diazepam,alpha1,alpha1|BZD_SITE_102|HIS|hydrogen_bond|frequency,2026091901,0,9,0.0
diazepam,alpha1,alpha1|BZD_SITE_102|HIS|hydrogen_bond|frequency,2026091902,0,9,0.0
diazepam,alpha1,alpha1|BZD_SITE_102|HIS|hydrogen_bond|frequency,2026091903,0,9,0.0
diazepam,alpha1,alpha1|BZD_SITE_102|HIS|hydrogen_bond|frequency,2026091904,0,9,0.0
diazepam,alpha1,alpha1|BZD_SITE_102|HIS|hydrogen_bond|frequency,2026091905,0,9,0.0
alprazolam,alpha1,alpha1|BZD_SITE_102|HIS|hydrogen_bond|frequency,2026091901,0,8,0.0
alprazolam,alpha1,alpha1|BZD_SITE_102|HIS|hydrogen_bond|frequency,2026091902,0,7,0.0
alprazolam,alpha1,alpha1|BZD_SITE_102|HIS|hydrogen_bond|frequency,2026091903,0,7,0.0
alprazolam,alpha1,alpha1|BZD_SITE_102|HIS|hydrogen_bond|frequency,2026091904,0,7,0.0
alprazolam,alpha1,alpha1|BZD_SITE_102|HIS|hydrogen_bond|frequency,2026091905,0,6,0.0
triazolam,alpha1,alpha1|BZD_SITE_102|HIS|hydrogen_bond|frequency,2026091901,0,9,0.0
triazolam,alpha1,alpha1|BZD_SITE_102|HIS|hydrogen_bond|frequency,2026091902,0,8,0.0
triazolam,alpha1,alpha1|BZD_SITE_102|HIS|hydrogen_bond|frequency,2026091903,0,8,0.0
triazolam,alpha1,alpha1|BZD_SITE_102|HIS|hydrogen_bond|frequency,2026091904,0,9,0.0
triazolam,alpha1,alpha1|BZD_SITE_102|HIS|hydrogen_bond|frequency,2026091905,0,6,0.0
zolpidem,alpha1,alpha1|BZD_SITE_102|HIS|hydrogen_bond|frequency,2026091901,0,9,0.0
zolpidem,alpha1,alpha1|BZD_SITE_102|HIS|hydrogen_bond|frequency,2026091902,0,9,0.0
zolpidem,alpha1,alpha1|BZD_SITE_102|HIS|hydrogen_bond|frequency,2026091903,0,9,0.0
zolpidem,alpha1,alpha1|BZD_SITE_102|HIS|hydrogen_bond|frequency,2026091904,0,9,0.0
zolpidem,alpha1,alpha1|BZD_SITE_102|HIS|hydrogen_bond|frequency,2026091905,0,9,0.0
lorazepam,alpha1,alpha1|BZD_SITE_102|HIS|hydrogen_bond|frequency,2026091901,0,9,0.0
lorazepam,alpha1,alpha1|BZD_SITE_102|HIS|hydrogen_bond|frequency,2026091902,0,9,0.0
lorazepam,alpha1,alpha1|BZD_SITE_102|HIS|hydrogen_bond|frequency,2026091903,1,9,0.1111111111111111
lorazepam,alpha1,alpha1|BZD_SITE_102|HIS|hydrogen_bond|frequency,2026091904,0,9,0.0
lorazepam,alpha1,alpha1|BZD_SITE_102|HIS|hydrogen_bond|frequency,2026091905,0,9,0.0
clonazepam,alpha1,alpha1|BZD_SITE_102|HIS|hydrogen_bond|frequency,2026091901,2,9,0.2222222222222222
clonazepam,alpha1,alpha1|BZD_SITE_102|HIS|hydrogen_bond|frequency,2026091902,2,9,0.2222222222222222
clonazepam,alpha1,alpha1|BZD_SITE_102|HIS|hydrogen_bond|frequency,2026091903,1,9,0.1111111111111111
clonazepam,alpha1,alpha1|BZD_SITE_102|HIS|hydrogen_bond|frequency,2026091904,2,9,0.2222222222222222
clonazepam,alpha1,alpha1|BZD_SITE_102|HIS|hydrogen_bond|frequency,2026091905,2,9,0.2222222222222222
midazolam,alpha1,alpha1|BZD_SITE_102|HIS|hydrogen_bond|frequency,2026091901,0,7,0.0
midazolam,alpha1,alpha1|BZD_SITE_102|HIS|hydrogen_bond|frequency,2026091902,0,9,0.0
midazolam,alpha1,alpha1|BZD_SITE_102|HIS|hydrogen_bond|frequency,2026091903,0,9,0.0
midazolam,alpha1,alpha1|BZD_SITE_102|HIS|hydrogen_bond|frequency,2026091904,0,9,0.0
midazolam,alpha1,alpha1|BZD_SITE_102|HIS|hydrogen_bond|frequency,2026091905,0,9,0.0
temazepam,alpha1,alpha1|BZD_SITE_102|HIS|hydrogen_bond|frequency,2026091901,2,9,0.2222222222222222
temazepam,alpha1,alpha1|BZD_SITE_102|HIS|hydrogen_bond|frequency,2026091902,1,9,0.1111111111111111
temazepam,alpha1,alpha1|BZD_SITE_102|HIS|hydrogen_bond|frequency,2026091903,3,9,0.3333333333333333
temazepam,alpha1,alpha1|BZD_SITE_102|HIS|hydrogen_bond|frequency,2026091904,2,9,0.2222222222222222
temazepam,alpha1,alpha1|BZD_SITE_102|HIS|hydrogen_bond|frequency,2026091905,0,9,0.0
zopiclone,alpha1,alpha1|BZD_SITE_102|HIS|hydrogen_bond|frequency,2026091901,0,9,0.0
zopiclone,alpha1,alpha1|BZD_SITE_102|HIS|hydrogen_bond|frequency,2026091902,0,9,0.0
zopiclone,alpha1,alpha1|BZD_SITE_102|HIS|hydrogen_bond|frequency,2026091903,0,9,0.0
zopiclone,alpha1,alpha1|BZD_SITE_102|HIS|hydrogen_bond|frequency,2026091904,0,9,0.0
zopiclone,alpha1,alpha1|BZD_SITE_102|HIS|hydrogen_bond|frequency,2026091905,0,9,0.0
zaleplon,alpha1,alpha1|BZD_SITE_102|HIS|hydrogen_bond|frequency,2026091901,0,9,0.0
zaleplon,alpha1,alpha1|BZD_SITE_102|HIS|hydrogen_bond|frequency,2026091902,0,9,0.0
zaleplon,alpha1,alpha1|BZD_SITE_102|HIS|hydrogen_bond|frequency,2026091903,0,9,0.0
zaleplon,alpha1,alpha1|BZD_SITE_102|HIS|hydrogen_bond|frequency,2026091904,0,9,0.0
zaleplon,alpha1,alpha1|BZD_SITE_102|HIS|hydrogen_bond|frequency,2026091905,0,9,0.0
diazepam,alpha1,alpha1|BZD_SITE_102|HIS|hydrophobic_interaction|frequency,2026091901,1,9,0.1111111111111111
diazepam,alpha1,alpha1|BZD_SITE_102|HIS|hydrophobic_interaction|frequency,2026091902,1,9,0.1111111111111111
diazepam,alpha1,alpha1|BZD_SITE_102|HIS|hydrophobic_interaction|frequency,2026091903,1,9,0.1111111111111111
diazepam,alpha1,alpha1|BZD_SITE_102|HIS|hydrophobic_interaction|frequency,2026091904,0,9,0.0
diazepam,alpha1,alpha1|BZD_SITE_102|HIS|hydrophobic_interaction|frequency,2026091905,0,9,0.0
alprazolam,alpha1,alpha1|BZD_SITE_102|HIS|hydrophobic_interaction|frequency,2026091901,1,8,0.125
alprazolam,alpha1,alpha1|BZD_SITE_102|HIS|hydrophobic_interaction|frequency,2026091902,1,7,0.14285714285714285
alprazolam,alpha1,alpha1|BZD_SITE_102|HIS|hydrophobic_interaction|frequency,2026091903,2,7,0.2857142857142857
alprazolam,alpha1,alpha1|BZD_SITE_102|HIS|hydrophobic_interaction|frequency,2026091904,1,7,0.14285714285714285
alprazolam,alpha1,alpha1|BZD_SITE_102|HIS|hydrophobic_interaction|frequency,2026091905,0,6,0.0
triazolam,alpha1,alpha1|BZD_SITE_102|HIS|hydrophobic_interaction|frequency,2026091901,1,9,0.1111111111111111
triazolam,alpha1,alpha1|BZD_SITE_102|HIS|hydrophobic_interaction|frequency,2026091902,0,8,0.0
triazolam,alpha1,alpha1|BZD_SITE_102|HIS|hydrophobic_interaction|frequency,2026091903,1,8,0.125
triazolam,alpha1,alpha1|BZD_SITE_102|HIS|hydrophobic_interaction|frequency,2026091904,2,9,0.2222222222222222
triazolam,alpha1,alpha1|BZD_SITE_102|HIS|hydrophobic_interaction|frequency,2026091905,0,6,0.0
zolpidem,alpha1,alpha1|BZD_SITE_102|HIS|hydrophobic_interaction|frequency,2026091901,3,9,0.3333333333333333
zolpidem,alpha1,alpha1|BZD_SITE_102|HIS|hydrophobic_interaction|frequency,2026091902,2,9,0.2222222222222222
zolpidem,alpha1,alpha1|BZD_SITE_102|HIS|hydrophobic_interaction|frequency,2026091903,0,9,0.0
zolpidem,alpha1,alpha1|BZD_SITE_102|HIS|hydrophobic_interaction|frequency,2026091904,0,9,0.0
zolpidem,alpha1,alpha1|BZD_SITE_102|HIS|hydrophobic_interaction|frequency,2026091905,2,9,0.2222222222222222
lorazepam,alpha1,alpha1|BZD_SITE_102|HIS|hydrophobic_interaction|frequency,2026091901,0,9,0.0
lorazepam,alpha1,alpha1|BZD_SITE_102|HIS|hydrophobic_interaction|frequency,2026091902,1,9,0.1111111111111111
lorazepam,alpha1,alpha1|BZD_SITE_102|HIS|hydrophobic_interaction|frequency,2026091903,1,9,0.1111111111111111
lorazepam,alpha1,alpha1|BZD_SITE_102|HIS|hydrophobic_interaction|frequency,2026091904,0,9,0.0
lorazepam,alpha1,alpha1|BZD_SITE_102|HIS|hydrophobic_interaction|frequency,2026091905,0,9,0.0
clonazepam,alpha1,alpha1|BZD_SITE_102|HIS|hydrophobic_interaction|frequency,2026091901,0,9,0.0
clonazepam,alpha1,alpha1|BZD_SITE_102|HIS|hydrophobic_interaction|frequency,2026091902,0,9,0.0
clonazepam,alpha1,alpha1|BZD_SITE_102|HIS|hydrophobic_interaction|frequency,2026091903,0,9,0.0
clonazepam,alpha1,alpha1|BZD_SITE_102|HIS|hydrophobic_interaction|frequency,2026091904,0,9,0.0
clonazepam,alpha1,alpha1|BZD_SITE_102|HIS|hydrophobic_interaction|frequency,2026091905,0,9,0.0
midazolam,alpha1,alpha1|BZD_SITE_102|HIS|hydrophobic_interaction|frequency,2026091901,0,7,0.0
midazolam,alpha1,alpha1|BZD_SITE_102|HIS|hydrophobic_interaction|frequency,2026091902,2,9,0.2222222222222222
midazolam,alpha1,alpha1|BZD_SITE_102|HIS|hydrophobic_interaction|frequency,2026091903,1,9,0.1111111111111111
midazolam,alpha1,alpha1|BZD_SITE_102|HIS|hydrophobic_interaction|frequency,2026091904,2,9,0.2222222222222222
midazolam,alpha1,alpha1|BZD_SITE_102|HIS|hydrophobic_interaction|frequency,2026091905,1,9,0.1111111111111111
temazepam,alpha1,alpha1|BZD_SITE_102|HIS|hydrophobic_interaction|frequency,2026091901,0,9,0.0
temazepam,alpha1,alpha1|BZD_SITE_102|HIS|hydrophobic_interaction|frequency,2026091902,1,9,0.1111111111111111
temazepam,alpha1,alpha1|BZD_SITE_102|HIS|hydrophobic_interaction|frequency,2026091903,1,9,0.1111111111111111
temazepam,alpha1,alpha1|BZD_SITE_102|HIS|hydrophobic_interaction|frequency,2026091904,0,9,0.0
temazepam,alpha1,alpha1|BZD_SITE_102|HIS|hydrophobic_interaction|frequency,2026091905,1,9,0.1111111111111111
zopiclone,alpha1,alpha1|BZD_SITE_102|HIS|hydrophobic_interaction|frequency,2026091901,0,9,0.0
zopiclone,alpha1,alpha1|BZD_SITE_102|HIS|hydrophobic_interaction|frequency,2026091902,0,9,0.0
zopiclone,alpha1,alpha1|BZD_SITE_102|HIS|hydrophobic_interaction|frequency,2026091903,0,9,0.0
zopiclone,alpha1,alpha1|BZD_SITE_102|HIS|hydrophobic_interaction|frequency,2026091904,0,9,0.0
zopiclone,alpha1,alpha1|BZD_SITE_102|HIS|hydrophobic_interaction|frequency,2026091905,0,9,0.0
zaleplon,alpha1,alpha1|BZD_SITE_102|HIS|hydrophobic_interaction|frequency,2026091901,2,9,0.2222222222222222
zaleplon,alpha1,alpha1|BZD_SITE_102|HIS|hydrophobic_interaction|frequency,2026091902,2,9,0.2222222222222222
zaleplon,alpha1,alpha1|BZD_SITE_102|HIS|hydrophobic_interaction|frequency,2026091903,1,9,0.1111111111111111
zaleplon,alpha1,alpha1|BZD_SITE_102|HIS|hydrophobic_interaction|frequency,2026091904,1,9,0.1111111111111111
zaleplon,alpha1,alpha1|BZD_SITE_102|HIS|hydrophobic_interaction|frequency,2026091905,2,9,0.2222222222222222
diazepam,alpha1,alpha1|BZD_SITE_102|HIS|pi_cation_interaction|frequency,2026091901,0,9,0.0
diazepam,alpha1,alpha1|BZD_SITE_102|HIS|pi_cation_interaction|frequency,2026091902,0,9,0.0
diazepam,alpha1,alpha1|BZD_SITE_102|HIS|pi_cation_interaction|frequency,2026091903,0,9,0.0
diazepam,alpha1,alpha1|BZD_SITE_102|HIS|pi_cation_interaction|frequency,2026091904,0,9,0.0
diazepam,alpha1,alpha1|BZD_SITE_102|HIS|pi_cation_interaction|frequency,2026091905,0,9,0.0
alprazolam,alpha1,alpha1|BZD_SITE_102|HIS|pi_cation_interaction|frequency,2026091901,0,8,0.0
alprazolam,alpha1,alpha1|BZD_SITE_102|HIS|pi_cation_interaction|frequency,2026091902,1,7,0.14285714285714285
alprazolam,alpha1,alpha1|BZD_SITE_102|HIS|pi_cation_interaction|frequency,2026091903,1,7,0.14285714285714285
alprazolam,alpha1,alpha1|BZD_SITE_102|HIS|pi_cation_interaction|frequency,2026091904,1,7,0.14285714285714285
alprazolam,alpha1,alpha1|BZD_SITE_102|HIS|pi_cation_interaction|frequency,2026091905,0,6,0.0
triazolam,alpha1,alpha1|BZD_SITE_102|HIS|pi_cation_interaction|frequency,2026091901,0,9,0.0
triazolam,alpha1,alpha1|BZD_SITE_102|HIS|pi_cation_interaction|frequency,2026091902,0,8,0.0
triazolam,alpha1,alpha1|BZD_SITE_102|HIS|pi_cation_interaction|frequency,2026091903,0,8,0.0
triazolam,alpha1,alpha1|BZD_SITE_102|HIS|pi_cation_interaction|frequency,2026091904,0,9,0.0
triazolam,alpha1,alpha1|BZD_SITE_102|HIS|pi_cation_interaction|frequency,2026091905,0,6,0.0
zolpidem,alpha1,alpha1|BZD_SITE_102|HIS|pi_cation_interaction|frequency,2026091901,0,9,0.0
zolpidem,alpha1,alpha1|BZD_SITE_102|HIS|pi_cation_interaction|frequency,2026091902,0,9,0.0
zolpidem,alpha1,alpha1|BZD_SITE_102|HIS|pi_cation_interaction|frequency,2026091903,1,9,0.1111111111111111
zolpidem,alpha1,alpha1|BZD_SITE_102|HIS|pi_cation_interaction|frequency,2026091904,0,9,0.0
zolpidem,alpha1,alpha1|BZD_SITE_102|HIS|pi_cation_interaction|frequency,2026091905,0,9,0.0
lorazepam,alpha1,alpha1|BZD_SITE_102|HIS|pi_cation_interaction|frequency,2026091901,0,9,0.0
lorazepam,alpha1,alpha1|BZD_SITE_102|HIS|pi_cation_interaction|frequency,2026091902,0,9,0.0
lorazepam,alpha1,alpha1|BZD_SITE_102|HIS|pi_cation_interaction|frequency,2026091903,0,9,0.0
lorazepam,alpha1,alpha1|BZD_SITE_102|HIS|pi_cation_interaction|frequency,2026091904,0,9,0.0
lorazepam,alpha1,alpha1|BZD_SITE_102|HIS|pi_cation_interaction|frequency,2026091905,0,9,0.0
clonazepam,alpha1,alpha1|BZD_SITE_102|HIS|pi_cation_interaction|frequency,2026091901,0,9,0.0
clonazepam,alpha1,alpha1|BZD_SITE_102|HIS|pi_cation_interaction|frequency,2026091902,0,9,0.0
clonazepam,alpha1,alpha1|BZD_SITE_102|HIS|pi_cation_interaction|frequency,2026091903,0,9,0.0
clonazepam,alpha1,alpha1|BZD_SITE_102|HIS|pi_cation_interaction|frequency,2026091904,0,9,0.0
clonazepam,alpha1,alpha1|BZD_SITE_102|HIS|pi_cation_interaction|frequency,2026091905,0,9,0.0
midazolam,alpha1,alpha1|BZD_SITE_102|HIS|pi_cation_interaction|frequency,2026091901,0,7,0.0
midazolam,alpha1,alpha1|BZD_SITE_102|HIS|pi_cation_interaction|frequency,2026091902,0,9,0.0
midazolam,alpha1,alpha1|BZD_SITE_102|HIS|pi_cation_interaction|frequency,2026091903,0,9,0.0
midazolam,alpha1,alpha1|BZD_SITE_102|HIS|pi_cation_interaction|frequency,2026091904,0,9,0.0
midazolam,alpha1,alpha1|BZD_SITE_102|HIS|pi_cation_interaction|frequency,2026091905,0,9,0.0
temazepam,alpha1,alpha1|BZD_SITE_102|HIS|pi_cation_interaction|frequency,2026091901,0,9,0.0
temazepam,alpha1,alpha1|BZD_SITE_102|HIS|pi_cation_interaction|frequency,2026091902,0,9,0.0
temazepam,alpha1,alpha1|BZD_SITE_102|HIS|pi_cation_interaction|frequency,2026091903,0,9,0.0
temazepam,alpha1,alpha1|BZD_SITE_102|HIS|pi_cation_interaction|frequency,2026091904,0,9,0.0
temazepam,alpha1,alpha1|BZD_SITE_102|HIS|pi_cation_interaction|frequency,2026091905,0,9,0.0
zopiclone,alpha1,alpha1|BZD_SITE_102|HIS|pi_cation_interaction|frequency,2026091901,0,9,0.0
zopiclone,alpha1,alpha1|BZD_SITE_102|HIS|pi_cation_interaction|frequency,2026091902,0,9,0.0
zopiclone,alpha1,alpha1|BZD_SITE_102|HIS|pi_cation_interaction|frequency,2026091903,0,9,0.0
zopiclone,alpha1,alpha1|BZD_SITE_102|HIS|pi_cation_interaction|frequency,2026091904,0,9,0.0
zopiclone,alpha1,alpha1|BZD_SITE_102|HIS|pi_cation_interaction|frequency,2026091905,0,9,0.0
zaleplon,alpha1,alpha1|BZD_SITE_102|HIS|pi_cation_interaction|frequency,2026091901,0,9,0.0
zaleplon,alpha1,alpha1|BZD_SITE_102|HIS|pi_cation_interaction|frequency,2026091902,0,9,0.0
zaleplon,alpha1,alpha1|BZD_SITE_102|HIS|pi_cation_interaction|frequency,2026091903,0,9,0.0
zaleplon,alpha1,alpha1|BZD_SITE_102|HIS|pi_cation_interaction|frequency,2026091904,0,9,0.0
zaleplon,alpha1,alpha1|BZD_SITE_102|HIS|pi_cation_interaction|frequency,2026091905,0,9,0.0
diazepam,alpha1,alpha1|BZD_SITE_102|HIS|pi_stack|frequency,2026091901,0,9,0.0
diazepam,alpha1,alpha1|BZD_SITE_102|HIS|pi_stack|frequency,2026091902,0,9,0.0
diazepam,alpha1,alpha1|BZD_SITE_102|HIS|pi_stack|frequency,2026091903,0,9,0.0
diazepam,alpha1,alpha1|BZD_SITE_102|HIS|pi_stack|frequency,2026091904,0,9,0.0
diazepam,alpha1,alpha1|BZD_SITE_102|HIS|pi_stack|frequency,2026091905,0,9,0.0
diazepam,alpha1,alpha1|BZD_SITE_102|HIS|pi_stack|P_frequency,2026091901,0,9,0.0
diazepam,alpha1,alpha1|BZD_SITE_102|HIS|pi_stack|P_frequency,2026091902,0,9,0.0
diazepam,alpha1,alpha1|BZD_SITE_102|HIS|pi_stack|P_frequency,2026091903,0,9,0.0
diazepam,alpha1,alpha1|BZD_SITE_102|HIS|pi_stack|P_frequency,2026091904,0,9,0.0
diazepam,alpha1,alpha1|BZD_SITE_102|HIS|pi_stack|P_frequency,2026091905,0,9,0.0
diazepam,alpha1,alpha1|BZD_SITE_102|HIS|pi_stack|T_frequency,2026091901,0,9,0.0
diazepam,alpha1,alpha1|BZD_SITE_102|HIS|pi_stack|T_frequency,2026091902,0,9,0.0
diazepam,alpha1,alpha1|BZD_SITE_102|HIS|pi_stack|T_frequency,2026091903,0,9,0.0
diazepam,alpha1,alpha1|BZD_SITE_102|HIS|pi_stack|T_frequency,2026091904,0,9,0.0
diazepam,alpha1,alpha1|BZD_SITE_102|HIS|pi_stack|T_frequency,2026091905,0,9,0.0
alprazolam,alpha1,alpha1|BZD_SITE_102|HIS|pi_stack|frequency,2026091901,0,8,0.0
alprazolam,alpha1,alpha1|BZD_SITE_102|HIS|pi_stack|frequency,2026091902,0,7,0.0
alprazolam,alpha1,alpha1|BZD_SITE_102|HIS|pi_stack|frequency,2026091903,1,7,0.14285714285714285
alprazolam,alpha1,alpha1|BZD_SITE_102|HIS|pi_stack|frequency,2026091904,0,7,0.0
alprazolam,alpha1,alpha1|BZD_SITE_102|HIS|pi_stack|frequency,2026091905,0,6,0.0
alprazolam,alpha1,alpha1|BZD_SITE_102|HIS|pi_stack|P_frequency,2026091901,0,8,0.0
alprazolam,alpha1,alpha1|BZD_SITE_102|HIS|pi_stack|P_frequency,2026091902,0,7,0.0
alprazolam,alpha1,alpha1|BZD_SITE_102|HIS|pi_stack|P_frequency,2026091903,0,7,0.0
alprazolam,alpha1,alpha1|BZD_SITE_102|HIS|pi_stack|P_frequency,2026091904,0,7,0.0
alprazolam,alpha1,alpha1|BZD_SITE_102|HIS|pi_stack|P_frequency,2026091905,0,6,0.0
alprazolam,alpha1,alpha1|BZD_SITE_102|HIS|pi_stack|T_frequency,2026091901,0,8,0.0
alprazolam,alpha1,alpha1|BZD_SITE_102|HIS|pi_stack|T_frequency,2026091902,0,7,0.0
alprazolam,alpha1,alpha1|BZD_SITE_102|HIS|pi_stack|T_frequency,2026091903,1,7,0.14285714285714285
alprazolam,alpha1,alpha1|BZD_SITE_102|HIS|pi_stack|T_frequency,2026091904,0,7,0.0
alprazolam,alpha1,alpha1|BZD_SITE_102|HIS|pi_stack|T_frequency,2026091905,0,6,0.0
triazolam,alpha1,alpha1|BZD_SITE_102|HIS|pi_stack|frequency,2026091901,0,9,0.0
triazolam,alpha1,alpha1|BZD_SITE_102|HIS|pi_stack|frequency,2026091902,0,8,0.0
triazolam,alpha1,alpha1|BZD_SITE_102|HIS|pi_stack|frequency,2026091903,0,8,0.0
triazolam,alpha1,alpha1|BZD_SITE_102|HIS|pi_stack|frequency,2026091904,1,9,0.1111111111111111
triazolam,alpha1,alpha1|BZD_SITE_102|HIS|pi_stack|frequency,2026091905,0,6,0.0
triazolam,alpha1,alpha1|BZD_SITE_102|HIS|pi_stack|P_frequency,2026091901,0,9,0.0
triazolam,alpha1,alpha1|BZD_SITE_102|HIS|pi_stack|P_frequency,2026091902,0,8,0.0
triazolam,alpha1,alpha1|BZD_SITE_102|HIS|pi_stack|P_frequency,2026091903,0,8,0.0
triazolam,alpha1,alpha1|BZD_SITE_102|HIS|pi_stack|P_frequency,2026091904,0,9,0.0
triazolam,alpha1,alpha1|BZD_SITE_102|HIS|pi_stack|P_frequency,2026091905,0,6,0.0
triazolam,alpha1,alpha1|BZD_SITE_102|HIS|pi_stack|T_frequency,2026091901,0,9,0.0
triazolam,alpha1,alpha1|BZD_SITE_102|HIS|pi_stack|T_frequency,2026091902,0,8,0.0
triazolam,alpha1,alpha1|BZD_SITE_102|HIS|pi_stack|T_frequency,2026091903,0,8,0.0
triazolam,alpha1,alpha1|BZD_SITE_102|HIS|pi_stack|T_frequency,2026091904,1,9,0.1111111111111111
triazolam,alpha1,alpha1|BZD_SITE_102|HIS|pi_stack|T_frequency,2026091905,0,6,0.0
zolpidem,alpha1,alpha1|BZD_SITE_102|HIS|pi_stack|frequency,2026091901,0,9,0.0
zolpidem,alpha1,alpha1|BZD_SITE_102|HIS|pi_stack|frequency,2026091902,0,9,0.0
zolpidem,alpha1,alpha1|BZD_SITE_102|HIS|pi_stack|frequency,2026091903,0,9,0.0
zolpidem,alpha1,alpha1|BZD_SITE_102|HIS|pi_stack|frequency,2026091904,0,9,0.0
zolpidem,alpha1,alpha1|BZD_SITE_102|HIS|pi_stack|frequency,2026091905,0,9,0.0
zolpidem,alpha1,alpha1|BZD_SITE_102|HIS|pi_stack|P_frequency,2026091901,0,9,0.0
zolpidem,alpha1,alpha1|BZD_SITE_102|HIS|pi_stack|P_frequency,2026091902,0,9,0.0
zolpidem,alpha1,alpha1|BZD_SITE_102|HIS|pi_stack|P_frequency,2026091903,0,9,0.0
zolpidem,alpha1,alpha1|BZD_SITE_102|HIS|pi_stack|P_frequency,2026091904,0,9,0.0
zolpidem,alpha1,alpha1|BZD_SITE_102|HIS|pi_stack|P_frequency,2026091905,0,9,0.0
zolpidem,alpha1,alpha1|BZD_SITE_102|HIS|pi_stack|T_frequency,2026091901,0,9,0.0
zolpidem,alpha1,alpha1|BZD_SITE_102|HIS|pi_stack|T_frequency,2026091902,0,9,0.0
zolpidem,alpha1,alpha1|BZD_SITE_102|HIS|pi_stack|T_frequency,2026091903,0,9,0.0
zolpidem,alpha1,alpha1|BZD_SITE_102|HIS|pi_stack|T_frequency,2026091904,0,9,0.0
zolpidem,alpha1,alpha1|BZD_SITE_102|HIS|pi_stack|T_frequency,2026091905,0,9,0.0
lorazepam,alpha1,alpha1|BZD_SITE_102|HIS|pi_stack|frequency,2026091901,1,9,0.1111111111111111
lorazepam,alpha1,alpha1|BZD_SITE_102|HIS|pi_stack|frequency,2026091902,0,9,0.0
lorazepam,alpha1,alpha1|BZD_SITE_102|HIS|pi_stack|frequency,2026091903,0,9,0.0
lorazepam,alpha1,alpha1|BZD_SITE_102|HIS|pi_stack|frequency,2026091904,0,9,0.0
lorazepam,alpha1,alpha1|BZD_SITE_102|HIS|pi_stack|frequency,2026091905,0,9,0.0
lorazepam,alpha1,alpha1|BZD_SITE_102|HIS|pi_stack|P_frequency,2026091901,0,9,0.0
lorazepam,alpha1,alpha1|BZD_SITE_102|HIS|pi_stack|P_frequency,2026091902,0,9,0.0
lorazepam,alpha1,alpha1|BZD_SITE_102|HIS|pi_stack|P_frequency,2026091903,0,9,0.0
lorazepam,alpha1,alpha1|BZD_SITE_102|HIS|pi_stack|P_frequency,2026091904,0,9,0.0
lorazepam,alpha1,alpha1|BZD_SITE_102|HIS|pi_stack|P_frequency,2026091905,0,9,0.0
lorazepam,alpha1,alpha1|BZD_SITE_102|HIS|pi_stack|T_frequency,2026091901,1,9,0.1111111111111111
lorazepam,alpha1,alpha1|BZD_SITE_102|HIS|pi_stack|T_frequency,2026091902,0,9,0.0
lorazepam,alpha1,alpha1|BZD_SITE_102|HIS|pi_stack|T_frequency,2026091903,0,9,0.0
lorazepam,alpha1,alpha1|BZD_SITE_102|HIS|pi_stack|T_frequency,2026091904,0,9,0.0
lorazepam,alpha1,alpha1|BZD_SITE_102|HIS|pi_stack|T_frequency,2026091905,0,9,0.0
clonazepam,alpha1,alpha1|BZD_SITE_102|HIS|pi_stack|frequency,2026091901,0,9,0.0
clonazepam,alpha1,alpha1|BZD_SITE_102|HIS|pi_stack|frequency,2026091902,0,9,0.0
clonazepam,alpha1,alpha1|BZD_SITE_102|HIS|pi_stack|frequency,2026091903,0,9,0.0
clonazepam,alpha1,alpha1|BZD_SITE_102|HIS|pi_stack|frequency,2026091904,0,9,0.0
clonazepam,alpha1,alpha1|BZD_SITE_102|HIS|pi_stack|frequency,2026091905,0,9,0.0
clonazepam,alpha1,alpha1|BZD_SITE_102|HIS|pi_stack|P_frequency,2026091901,0,9,0.0
clonazepam,alpha1,alpha1|BZD_SITE_102|HIS|pi_stack|P_frequency,2026091902,0,9,0.0
clonazepam,alpha1,alpha1|BZD_SITE_102|HIS|pi_stack|P_frequency,2026091903,0,9,0.0
clonazepam,alpha1,alpha1|BZD_SITE_102|HIS|pi_stack|P_frequency,2026091904,0,9,0.0
clonazepam,alpha1,alpha1|BZD_SITE_102|HIS|pi_stack|P_frequency,2026091905,0,9,0.0
clonazepam,alpha1,alpha1|BZD_SITE_102|HIS|pi_stack|T_frequency,2026091901,0,9,0.0
clonazepam,alpha1,alpha1|BZD_SITE_102|HIS|pi_stack|T_frequency,2026091902,0,9,0.0
clonazepam,alpha1,alpha1|BZD_SITE_102|HIS|pi_stack|T_frequency,2026091903,0,9,0.0
clonazepam,alpha1,alpha1|BZD_SITE_102|HIS|pi_stack|T_frequency,2026091904,0,9,0.0
clonazepam,alpha1,alpha1|BZD_SITE_102|HIS|pi_stack|T_frequency,2026091905,0,9,0.0
midazolam,alpha1,alpha1|BZD_SITE_102|HIS|pi_stack|frequency,2026091901,0,7,0.0
midazolam,alpha1,alpha1|BZD_SITE_102|HIS|pi_stack|frequency,2026091902,1,9,0.1111111111111111
midazolam,alpha1,alpha1|BZD_SITE_102|HIS|pi_stack|frequency,2026091903,0,9,0.0
midazolam,alpha1,alpha1|BZD_SITE_102|HIS|pi_stack|frequency,2026091904,1,9,0.1111111111111111
midazolam,alpha1,alpha1|BZD_SITE_102|HIS|pi_stack|frequency,2026091905,1,9,0.1111111111111111
midazolam,alpha1,alpha1|BZD_SITE_102|HIS|pi_stack|P_frequency,2026091901,0,7,0.0
midazolam,alpha1,alpha1|BZD_SITE_102|HIS|pi_stack|P_frequency,2026091902,0,9,0.0
midazolam,alpha1,alpha1|BZD_SITE_102|HIS|pi_stack|P_frequency,2026091903,0,9,0.0
midazolam,alpha1,alpha1|BZD_SITE_102|HIS|pi_stack|P_frequency,2026091904,0,9,0.0
midazolam,alpha1,alpha1|BZD_SITE_102|HIS|pi_stack|P_frequency,2026091905,0,9,0.0
midazolam,alpha1,alpha1|BZD_SITE_102|HIS|pi_stack|T_frequency,2026091901,0,7,0.0
midazolam,alpha1,alpha1|BZD_SITE_102|HIS|pi_stack|T_frequency,2026091902,1,9,0.1111111111111111
midazolam,alpha1,alpha1|BZD_SITE_102|HIS|pi_stack|T_frequency,2026091903,0,9,0.0
midazolam,alpha1,alpha1|BZD_SITE_102|HIS|pi_stack|T_frequency,2026091904,1,9,0.1111111111111111
midazolam,alpha1,alpha1|BZD_SITE_102|HIS|pi_stack|T_frequency,2026091905,1,9,0.1111111111111111
temazepam,alpha1,alpha1|BZD_SITE_102|HIS|pi_stack|frequency,2026091901,0,9,0.0
temazepam,alpha1,alpha1|BZD_SITE_102|HIS|pi_stack|frequency,2026091902,0,9,0.0
temazepam,alpha1,alpha1|BZD_SITE_102|HIS|pi_stack|frequency,2026091903,0,9,0.0
temazepam,alpha1,alpha1|BZD_SITE_102|HIS|pi_stack|frequency,2026091904,0,9,0.0
temazepam,alpha1,alpha1|BZD_SITE_102|HIS|pi_stack|frequency,2026091905,0,9,0.0
temazepam,alpha1,alpha1|BZD_SITE_102|HIS|pi_stack|P_frequency,2026091901,0,9,0.0
temazepam,alpha1,alpha1|BZD_SITE_102|HIS|pi_stack|P_frequency,2026091902,0,9,0.0
temazepam,alpha1,alpha1|BZD_SITE_102|HIS|pi_stack|P_frequency,2026091903,0,9,0.0
temazepam,alpha1,alpha1|BZD_SITE_102|HIS|pi_stack|P_frequency,2026091904,0,9,0.0
temazepam,alpha1,alpha1|BZD_SITE_102|HIS|pi_stack|P_frequency,2026091905,0,9,0.0
temazepam,alpha1,alpha1|BZD_SITE_102|HIS|pi_stack|T_frequency,2026091901,0,9,0.0
temazepam,alpha1,alpha1|BZD_SITE_102|HIS|pi_stack|T_frequency,2026091902,0,9,0.0
temazepam,alpha1,alpha1|BZD_SITE_102|HIS|pi_stack|T_frequency,2026091903,0,9,0.0
temazepam,alpha1,alpha1|BZD_SITE_102|HIS|pi_stack|T_frequency,2026091904,0,9,0.0
temazepam,alpha1,alpha1|BZD_SITE_102|HIS|pi_stack|T_frequency,2026091905,0,9,0.0
zopiclone,alpha1,alpha1|BZD_SITE_102|HIS|pi_stack|frequency,2026091901,1,9,0.1111111111111111
zopiclone,alpha1,alpha1|BZD_SITE_102|HIS|pi_stack|frequency,2026091902,1,9,0.1111111111111111
zopiclone,alpha1,alpha1|BZD_SITE_102|HIS|pi_stack|frequency,2026091903,1,9,0.1111111111111111
zopiclone,alpha1,alpha1|BZD_SITE_102|HIS|pi_stack|frequency,2026091904,0,9,0.0
zopiclone,alpha1,alpha1|BZD_SITE_102|HIS|pi_stack|frequency,2026091905,1,9,0.1111111111111111
zopiclone,alpha1,alpha1|BZD_SITE_102|HIS|pi_stack|P_frequency,2026091901,0,9,0.0
zopiclone,alpha1,alpha1|BZD_SITE_102|HIS|pi_stack|P_frequency,2026091902,0,9,0.0
zopiclone,alpha1,alpha1|BZD_SITE_102|HIS|pi_stack|P_frequency,2026091903,0,9,0.0
zopiclone,alpha1,alpha1|BZD_SITE_102|HIS|pi_stack|P_frequency,2026091904,0,9,0.0
zopiclone,alpha1,alpha1|BZD_SITE_102|HIS|pi_stack|P_frequency,2026091905,0,9,0.0
zopiclone,alpha1,alpha1|BZD_SITE_102|HIS|pi_stack|T_frequency,2026091901,1,9,0.1111111111111111
zopiclone,alpha1,alpha1|BZD_SITE_102|HIS|pi_stack|T_frequency,2026091902,1,9,0.1111111111111111
zopiclone,alpha1,alpha1|BZD_SITE_102|HIS|pi_stack|T_frequency,2026091903,1,9,0.1111111111111111
zopiclone,alpha1,alpha1|BZD_SITE_102|HIS|pi_stack|T_frequency,2026091904,0,9,0.0
zopiclone,alpha1,alpha1|BZD_SITE_102|HIS|pi_stack|T_frequency,2026091905,1,9,0.1111111111111111
zaleplon,alpha1,alpha1|BZD_SITE_102|HIS|pi_stack|frequency,2026091901,0,9,0.0
zaleplon,alpha1,alpha1|BZD_SITE_102|HIS|pi_stack|frequency,2026091902,0,9,0.0
zaleplon,alpha1,alpha1|BZD_SITE_102|HIS|pi_stack|frequency,2026091903,0,9,0.0
zaleplon,alpha1,alpha1|BZD_SITE_102|HIS|pi_stack|frequency,2026091904,0,9,0.0
zaleplon,alpha1,alpha1|BZD_SITE_102|HIS|pi_stack|frequency,2026091905,0,9,0.0
zaleplon,alpha1,alpha1|BZD_SITE_102|HIS|pi_stack|P_frequency,2026091901,0,9,0.0
zaleplon,alpha1,alpha1|BZD_SITE_102|HIS|pi_stack|P_frequency,2026091902,0,9,0.0
zaleplon,alpha1,alpha1|BZD_SITE_102|HIS|pi_stack|P_frequency,2026091903,0,9,0.0
zaleplon,alpha1,alpha1|BZD_SITE_102|HIS|pi_stack|P_frequency,2026091904,0,9,0.0
zaleplon,alpha1,alpha1|BZD_SITE_102|HIS|pi_stack|P_frequency,2026091905,0,9,0.0
zaleplon,alpha1,alpha1|BZD_SITE_102|HIS|pi_stack|T_frequency,2026091901,0,9,0.0
zaleplon,alpha1,alpha1|BZD_SITE_102|HIS|pi_stack|T_frequency,2026091902,0,9,0.0
zaleplon,alpha1,alpha1|BZD_SITE_102|HIS|pi_stack|T_frequency,2026091903,0,9,0.0
zaleplon,alpha1,alpha1|BZD_SITE_102|HIS|pi_stack|T_frequency,2026091904,0,9,0.0
zaleplon,alpha1,alpha1|BZD_SITE_102|HIS|pi_stack|T_frequency,2026091905,0,9,0.0
diazepam,alpha1,alpha1|BZD_SITE_103|ASN|hydrogen_bond|frequency,2026091901,0,9,0.0
diazepam,alpha1,alpha1|BZD_SITE_103|ASN|hydrogen_bond|frequency,2026091902,0,9,0.0
diazepam,alpha1,alpha1|BZD_SITE_103|ASN|hydrogen_bond|frequency,2026091903,0,9,0.0
diazepam,alpha1,alpha1|BZD_SITE_103|ASN|hydrogen_bond|frequency,2026091904,0,9,0.0
diazepam,alpha1,alpha1|BZD_SITE_103|ASN|hydrogen_bond|frequency,2026091905,0,9,0.0
alprazolam,alpha1,alpha1|BZD_SITE_103|ASN|hydrogen_bond|frequency,2026091901,0,8,0.0
alprazolam,alpha1,alpha1|BZD_SITE_103|ASN|hydrogen_bond|frequency,2026091902,0,7,0.0
alprazolam,alpha1,alpha1|BZD_SITE_103|ASN|hydrogen_bond|frequency,2026091903,0,7,0.0
alprazolam,alpha1,alpha1|BZD_SITE_103|ASN|hydrogen_bond|frequency,2026091904,0,7,0.0
alprazolam,alpha1,alpha1|BZD_SITE_103|ASN|hydrogen_bond|frequency,2026091905,0,6,0.0
triazolam,alpha1,alpha1|BZD_SITE_103|ASN|hydrogen_bond|frequency,2026091901,0,9,0.0
triazolam,alpha1,alpha1|BZD_SITE_103|ASN|hydrogen_bond|frequency,2026091902,0,8,0.0
triazolam,alpha1,alpha1|BZD_SITE_103|ASN|hydrogen_bond|frequency,2026091903,0,8,0.0
triazolam,alpha1,alpha1|BZD_SITE_103|ASN|hydrogen_bond|frequency,2026091904,0,9,0.0
triazolam,alpha1,alpha1|BZD_SITE_103|ASN|hydrogen_bond|frequency,2026091905,0,6,0.0
zolpidem,alpha1,alpha1|BZD_SITE_103|ASN|hydrogen_bond|frequency,2026091901,0,9,0.0
zolpidem,alpha1,alpha1|BZD_SITE_103|ASN|hydrogen_bond|frequency,2026091902,0,9,0.0
zolpidem,alpha1,alpha1|BZD_SITE_103|ASN|hydrogen_bond|frequency,2026091903,0,9,0.0
zolpidem,alpha1,alpha1|BZD_SITE_103|ASN|hydrogen_bond|frequency,2026091904,0,9,0.0
zolpidem,alpha1,alpha1|BZD_SITE_103|ASN|hydrogen_bond|frequency,2026091905,0,9,0.0
lorazepam,alpha1,alpha1|BZD_SITE_103|ASN|hydrogen_bond|frequency,2026091901,1,9,0.1111111111111111
lorazepam,alpha1,alpha1|BZD_SITE_103|ASN|hydrogen_bond|frequency,2026091902,0,9,0.0
lorazepam,alpha1,alpha1|BZD_SITE_103|ASN|hydrogen_bond|frequency,2026091903,0,9,0.0
lorazepam,alpha1,alpha1|BZD_SITE_103|ASN|hydrogen_bond|frequency,2026091904,0,9,0.0
lorazepam,alpha1,alpha1|BZD_SITE_103|ASN|hydrogen_bond|frequency,2026091905,0,9,0.0
clonazepam,alpha1,alpha1|BZD_SITE_103|ASN|hydrogen_bond|frequency,2026091901,0,9,0.0
clonazepam,alpha1,alpha1|BZD_SITE_103|ASN|hydrogen_bond|frequency,2026091902,0,9,0.0
clonazepam,alpha1,alpha1|BZD_SITE_103|ASN|hydrogen_bond|frequency,2026091903,0,9,0.0
clonazepam,alpha1,alpha1|BZD_SITE_103|ASN|hydrogen_bond|frequency,2026091904,0,9,0.0
clonazepam,alpha1,alpha1|BZD_SITE_103|ASN|hydrogen_bond|frequency,2026091905,0,9,0.0
midazolam,alpha1,alpha1|BZD_SITE_103|ASN|hydrogen_bond|frequency,2026091901,0,7,0.0
midazolam,alpha1,alpha1|BZD_SITE_103|ASN|hydrogen_bond|frequency,2026091902,0,9,0.0
midazolam,alpha1,alpha1|BZD_SITE_103|ASN|hydrogen_bond|frequency,2026091903,0,9,0.0
midazolam,alpha1,alpha1|BZD_SITE_103|ASN|hydrogen_bond|frequency,2026091904,0,9,0.0
midazolam,alpha1,alpha1|BZD_SITE_103|ASN|hydrogen_bond|frequency,2026091905,0,9,0.0
temazepam,alpha1,alpha1|BZD_SITE_103|ASN|hydrogen_bond|frequency,2026091901,0,9,0.0
temazepam,alpha1,alpha1|BZD_SITE_103|ASN|hydrogen_bond|frequency,2026091902,0,9,0.0
temazepam,alpha1,alpha1|BZD_SITE_103|ASN|hydrogen_bond|frequency,2026091903,0,9,0.0
temazepam,alpha1,alpha1|BZD_SITE_103|ASN|hydrogen_bond|frequency,2026091904,0,9,0.0
temazepam,alpha1,alpha1|BZD_SITE_103|ASN|hydrogen_bond|frequency,2026091905,0,9,0.0
zopiclone,alpha1,alpha1|BZD_SITE_103|ASN|hydrogen_bond|frequency,2026091901,0,9,0.0
zopiclone,alpha1,alpha1|BZD_SITE_103|ASN|hydrogen_bond|frequency,2026091902,0,9,0.0
zopiclone,alpha1,alpha1|BZD_SITE_103|ASN|hydrogen_bond|frequency,2026091903,0,9,0.0
zopiclone,alpha1,alpha1|BZD_SITE_103|ASN|hydrogen_bond|frequency,2026091904,0,9,0.0
zopiclone,alpha1,alpha1|BZD_SITE_103|ASN|hydrogen_bond|frequency,2026091905,0,9,0.0
zaleplon,alpha1,alpha1|BZD_SITE_103|ASN|hydrogen_bond|frequency,2026091901,0,9,0.0
zaleplon,alpha1,alpha1|BZD_SITE_103|ASN|hydrogen_bond|frequency,2026091902,0,9,0.0
zaleplon,alpha1,alpha1|BZD_SITE_103|ASN|hydrogen_bond|frequency,2026091903,0,9,0.0
zaleplon,alpha1,alpha1|BZD_SITE_103|ASN|hydrogen_bond|frequency,2026091904,0,9,0.0
zaleplon,alpha1,alpha1|BZD_SITE_103|ASN|hydrogen_bond|frequency,2026091905,0,9,0.0
diazepam,alpha1,alpha1|BZD_SITE_103|ASN|hydrophobic_interaction|frequency,2026091901,2,9,0.2222222222222222
diazepam,alpha1,alpha1|BZD_SITE_103|ASN|hydrophobic_interaction|frequency,2026091902,0,9,0.0
diazepam,alpha1,alpha1|BZD_SITE_103|ASN|hydrophobic_interaction|frequency,2026091903,0,9,0.0
diazepam,alpha1,alpha1|BZD_SITE_103|ASN|hydrophobic_interaction|frequency,2026091904,0,9,0.0
diazepam,alpha1,alpha1|BZD_SITE_103|ASN|hydrophobic_interaction|frequency,2026091905,0,9,0.0
alprazolam,alpha1,alpha1|BZD_SITE_103|ASN|hydrophobic_interaction|frequency,2026091901,0,8,0.0
alprazolam,alpha1,alpha1|BZD_SITE_103|ASN|hydrophobic_interaction|frequency,2026091902,0,7,0.0
alprazolam,alpha1,alpha1|BZD_SITE_103|ASN|hydrophobic_interaction|frequency,2026091903,0,7,0.0
alprazolam,alpha1,alpha1|BZD_SITE_103|ASN|hydrophobic_interaction|frequency,2026091904,0,7,0.0
alprazolam,alpha1,alpha1|BZD_SITE_103|ASN|hydrophobic_interaction|frequency,2026091905,0,6,0.0
triazolam,alpha1,alpha1|BZD_SITE_103|ASN|hydrophobic_interaction|frequency,2026091901,0,9,0.0
triazolam,alpha1,alpha1|BZD_SITE_103|ASN|hydrophobic_interaction|frequency,2026091902,0,8,0.0
triazolam,alpha1,alpha1|BZD_SITE_103|ASN|hydrophobic_interaction|frequency,2026091903,0,8,0.0
triazolam,alpha1,alpha1|BZD_SITE_103|ASN|hydrophobic_interaction|frequency,2026091904,0,9,0.0
triazolam,alpha1,alpha1|BZD_SITE_103|ASN|hydrophobic_interaction|frequency,2026091905,0,6,0.0
zolpidem,alpha1,alpha1|BZD_SITE_103|ASN|hydrophobic_interaction|frequency,2026091901,0,9,0.0
zolpidem,alpha1,alpha1|BZD_SITE_103|ASN|hydrophobic_interaction|frequency,2026091902,0,9,0.0
zolpidem,alpha1,alpha1|BZD_SITE_103|ASN|hydrophobic_interaction|frequency,2026091903,0,9,0.0
zolpidem,alpha1,alpha1|BZD_SITE_103|ASN|hydrophobic_interaction|frequency,2026091904,0,9,0.0
zolpidem,alpha1,alpha1|BZD_SITE_103|ASN|hydrophobic_interaction|frequency,2026091905,0,9,0.0
lorazepam,alpha1,alpha1|BZD_SITE_103|ASN|hydrophobic_interaction|frequency,2026091901,0,9,0.0
lorazepam,alpha1,alpha1|BZD_SITE_103|ASN|hydrophobic_interaction|frequency,2026091902,0,9,0.0
lorazepam,alpha1,alpha1|BZD_SITE_103|ASN|hydrophobic_interaction|frequency,2026091903,0,9,0.0
lorazepam,alpha1,alpha1|BZD_SITE_103|ASN|hydrophobic_interaction|frequency,2026091904,0,9,0.0
lorazepam,alpha1,alpha1|BZD_SITE_103|ASN|hydrophobic_interaction|frequency,2026091905,0,9,0.0
clonazepam,alpha1,alpha1|BZD_SITE_103|ASN|hydrophobic_interaction|frequency,2026091901,0,9,0.0
clonazepam,alpha1,alpha1|BZD_SITE_103|ASN|hydrophobic_interaction|frequency,2026091902,0,9,0.0
clonazepam,alpha1,alpha1|BZD_SITE_103|ASN|hydrophobic_interaction|frequency,2026091903,0,9,0.0
clonazepam,alpha1,alpha1|BZD_SITE_103|ASN|hydrophobic_interaction|frequency,2026091904,0,9,0.0
clonazepam,alpha1,alpha1|BZD_SITE_103|ASN|hydrophobic_interaction|frequency,2026091905,0,9,0.0
midazolam,alpha1,alpha1|BZD_SITE_103|ASN|hydrophobic_interaction|frequency,2026091901,0,7,0.0
midazolam,alpha1,alpha1|BZD_SITE_103|ASN|hydrophobic_interaction|frequency,2026091902,0,9,0.0
midazolam,alpha1,alpha1|BZD_SITE_103|ASN|hydrophobic_interaction|frequency,2026091903,0,9,0.0
midazolam,alpha1,alpha1|BZD_SITE_103|ASN|hydrophobic_interaction|frequency,2026091904,0,9,0.0
midazolam,alpha1,alpha1|BZD_SITE_103|ASN|hydrophobic_interaction|frequency,2026091905,0,9,0.0
temazepam,alpha1,alpha1|BZD_SITE_103|ASN|hydrophobic_interaction|frequency,2026091901,0,9,0.0
temazepam,alpha1,alpha1|BZD_SITE_103|ASN|hydrophobic_interaction|frequency,2026091902,0,9,0.0
temazepam,alpha1,alpha1|BZD_SITE_103|ASN|hydrophobic_interaction|frequency,2026091903,0,9,0.0
temazepam,alpha1,alpha1|BZD_SITE_103|ASN|hydrophobic_interaction|frequency,2026091904,0,9,0.0
temazepam,alpha1,alpha1|BZD_SITE_103|ASN|hydrophobic_interaction|frequency,2026091905,0,9,0.0
zopiclone,alpha1,alpha1|BZD_SITE_103|ASN|hydrophobic_interaction|frequency,2026091901,0,9,0.0
zopiclone,alpha1,alpha1|BZD_SITE_103|ASN|hydrophobic_interaction|frequency,2026091902,0,9,0.0
zopiclone,alpha1,alpha1|BZD_SITE_103|ASN|hydrophobic_interaction|frequency,2026091903,0,9,0.0
zopiclone,alpha1,alpha1|BZD_SITE_103|ASN|hydrophobic_interaction|frequency,2026091904,0,9,0.0
zopiclone,alpha1,alpha1|BZD_SITE_103|ASN|hydrophobic_interaction|frequency,2026091905,0,9,0.0
zaleplon,alpha1,alpha1|BZD_SITE_103|ASN|hydrophobic_interaction|frequency,2026091901,0,9,0.0
zaleplon,alpha1,alpha1|BZD_SITE_103|ASN|hydrophobic_interaction|frequency,2026091902,0,9,0.0
zaleplon,alpha1,alpha1|BZD_SITE_103|ASN|hydrophobic_interaction|frequency,2026091903,0,9,0.0
zaleplon,alpha1,alpha1|BZD_SITE_103|ASN|hydrophobic_interaction|frequency,2026091904,0,9,0.0
zaleplon,alpha1,alpha1|BZD_SITE_103|ASN|hydrophobic_interaction|frequency,2026091905,0,9,0.0
diazepam,alpha1,alpha1|BZD_SITE_138|GLU|hydrogen_bond|frequency,2026091901,0,9,0.0
diazepam,alpha1,alpha1|BZD_SITE_138|GLU|hydrogen_bond|frequency,2026091902,0,9,0.0
diazepam,alpha1,alpha1|BZD_SITE_138|GLU|hydrogen_bond|frequency,2026091903,0,9,0.0
diazepam,alpha1,alpha1|BZD_SITE_138|GLU|hydrogen_bond|frequency,2026091904,0,9,0.0
diazepam,alpha1,alpha1|BZD_SITE_138|GLU|hydrogen_bond|frequency,2026091905,0,9,0.0
alprazolam,alpha1,alpha1|BZD_SITE_138|GLU|hydrogen_bond|frequency,2026091901,0,8,0.0
alprazolam,alpha1,alpha1|BZD_SITE_138|GLU|hydrogen_bond|frequency,2026091902,0,7,0.0
alprazolam,alpha1,alpha1|BZD_SITE_138|GLU|hydrogen_bond|frequency,2026091903,0,7,0.0
alprazolam,alpha1,alpha1|BZD_SITE_138|GLU|hydrogen_bond|frequency,2026091904,0,7,0.0
alprazolam,alpha1,alpha1|BZD_SITE_138|GLU|hydrogen_bond|frequency,2026091905,0,6,0.0
triazolam,alpha1,alpha1|BZD_SITE_138|GLU|hydrogen_bond|frequency,2026091901,0,9,0.0
triazolam,alpha1,alpha1|BZD_SITE_138|GLU|hydrogen_bond|frequency,2026091902,0,8,0.0
triazolam,alpha1,alpha1|BZD_SITE_138|GLU|hydrogen_bond|frequency,2026091903,0,8,0.0
triazolam,alpha1,alpha1|BZD_SITE_138|GLU|hydrogen_bond|frequency,2026091904,0,9,0.0
triazolam,alpha1,alpha1|BZD_SITE_138|GLU|hydrogen_bond|frequency,2026091905,0,6,0.0
zolpidem,alpha1,alpha1|BZD_SITE_138|GLU|hydrogen_bond|frequency,2026091901,0,9,0.0
zolpidem,alpha1,alpha1|BZD_SITE_138|GLU|hydrogen_bond|frequency,2026091902,0,9,0.0
zolpidem,alpha1,alpha1|BZD_SITE_138|GLU|hydrogen_bond|frequency,2026091903,0,9,0.0
zolpidem,alpha1,alpha1|BZD_SITE_138|GLU|hydrogen_bond|frequency,2026091904,0,9,0.0
zolpidem,alpha1,alpha1|BZD_SITE_138|GLU|hydrogen_bond|frequency,2026091905,0,9,0.0
lorazepam,alpha1,alpha1|BZD_SITE_138|GLU|hydrogen_bond|frequency,2026091901,1,9,0.1111111111111111
lorazepam,alpha1,alpha1|BZD_SITE_138|GLU|hydrogen_bond|frequency,2026091902,0,9,0.0
lorazepam,alpha1,alpha1|BZD_SITE_138|GLU|hydrogen_bond|frequency,2026091903,0,9,0.0
lorazepam,alpha1,alpha1|BZD_SITE_138|GLU|hydrogen_bond|frequency,2026091904,0,9,0.0
lorazepam,alpha1,alpha1|BZD_SITE_138|GLU|hydrogen_bond|frequency,2026091905,0,9,0.0
clonazepam,alpha1,alpha1|BZD_SITE_138|GLU|hydrogen_bond|frequency,2026091901,0,9,0.0
clonazepam,alpha1,alpha1|BZD_SITE_138|GLU|hydrogen_bond|frequency,2026091902,0,9,0.0
clonazepam,alpha1,alpha1|BZD_SITE_138|GLU|hydrogen_bond|frequency,2026091903,0,9,0.0
clonazepam,alpha1,alpha1|BZD_SITE_138|GLU|hydrogen_bond|frequency,2026091904,0,9,0.0
clonazepam,alpha1,alpha1|BZD_SITE_138|GLU|hydrogen_bond|frequency,2026091905,0,9,0.0
midazolam,alpha1,alpha1|BZD_SITE_138|GLU|hydrogen_bond|frequency,2026091901,0,7,0.0
midazolam,alpha1,alpha1|BZD_SITE_138|GLU|hydrogen_bond|frequency,2026091902,0,9,0.0
midazolam,alpha1,alpha1|BZD_SITE_138|GLU|hydrogen_bond|frequency,2026091903,0,9,0.0
midazolam,alpha1,alpha1|BZD_SITE_138|GLU|hydrogen_bond|frequency,2026091904,0,9,0.0
midazolam,alpha1,alpha1|BZD_SITE_138|GLU|hydrogen_bond|frequency,2026091905,0,9,0.0
temazepam,alpha1,alpha1|BZD_SITE_138|GLU|hydrogen_bond|frequency,2026091901,0,9,0.0
temazepam,alpha1,alpha1|BZD_SITE_138|GLU|hydrogen_bond|frequency,2026091902,0,9,0.0
temazepam,alpha1,alpha1|BZD_SITE_138|GLU|hydrogen_bond|frequency,2026091903,0,9,0.0
temazepam,alpha1,alpha1|BZD_SITE_138|GLU|hydrogen_bond|frequency,2026091904,0,9,0.0
temazepam,alpha1,alpha1|BZD_SITE_138|GLU|hydrogen_bond|frequency,2026091905,0,9,0.0
zopiclone,alpha1,alpha1|BZD_SITE_138|GLU|hydrogen_bond|frequency,2026091901,0,9,0.0
zopiclone,alpha1,alpha1|BZD_SITE_138|GLU|hydrogen_bond|frequency,2026091902,0,9,0.0
zopiclone,alpha1,alpha1|BZD_SITE_138|GLU|hydrogen_bond|frequency,2026091903,0,9,0.0
zopiclone,alpha1,alpha1|BZD_SITE_138|GLU|hydrogen_bond|frequency,2026091904,0,9,0.0
zopiclone,alpha1,alpha1|BZD_SITE_138|GLU|hydrogen_bond|frequency,2026091905,0,9,0.0
zaleplon,alpha1,alpha1|BZD_SITE_138|GLU|hydrogen_bond|frequency,2026091901,0,9,0.0
zaleplon,alpha1,alpha1|BZD_SITE_138|GLU|hydrogen_bond|frequency,2026091902,0,9,0.0
zaleplon,alpha1,alpha1|BZD_SITE_138|GLU|hydrogen_bond|frequency,2026091903,0,9,0.0
zaleplon,alpha1,alpha1|BZD_SITE_138|GLU|hydrogen_bond|frequency,2026091904,0,9,0.0
zaleplon,alpha1,alpha1|BZD_SITE_138|GLU|hydrogen_bond|frequency,2026091905,0,9,0.0
diazepam,alpha1,alpha1|BZD_SITE_156|LYS|halogen_bond|frequency,2026091901,0,9,0.0
diazepam,alpha1,alpha1|BZD_SITE_156|LYS|halogen_bond|frequency,2026091902,0,9,0.0
diazepam,alpha1,alpha1|BZD_SITE_156|LYS|halogen_bond|frequency,2026091903,0,9,0.0
diazepam,alpha1,alpha1|BZD_SITE_156|LYS|halogen_bond|frequency,2026091904,0,9,0.0
diazepam,alpha1,alpha1|BZD_SITE_156|LYS|halogen_bond|frequency,2026091905,0,9,0.0
alprazolam,alpha1,alpha1|BZD_SITE_156|LYS|halogen_bond|frequency,2026091901,0,8,0.0
alprazolam,alpha1,alpha1|BZD_SITE_156|LYS|halogen_bond|frequency,2026091902,0,7,0.0
alprazolam,alpha1,alpha1|BZD_SITE_156|LYS|halogen_bond|frequency,2026091903,0,7,0.0
alprazolam,alpha1,alpha1|BZD_SITE_156|LYS|halogen_bond|frequency,2026091904,0,7,0.0
alprazolam,alpha1,alpha1|BZD_SITE_156|LYS|halogen_bond|frequency,2026091905,0,6,0.0
triazolam,alpha1,alpha1|BZD_SITE_156|LYS|halogen_bond|frequency,2026091901,1,9,0.1111111111111111
triazolam,alpha1,alpha1|BZD_SITE_156|LYS|halogen_bond|frequency,2026091902,1,8,0.125
triazolam,alpha1,alpha1|BZD_SITE_156|LYS|halogen_bond|frequency,2026091903,1,8,0.125
triazolam,alpha1,alpha1|BZD_SITE_156|LYS|halogen_bond|frequency,2026091904,1,9,0.1111111111111111
triazolam,alpha1,alpha1|BZD_SITE_156|LYS|halogen_bond|frequency,2026091905,1,6,0.16666666666666666
zolpidem,alpha1,alpha1|BZD_SITE_156|LYS|halogen_bond|frequency,2026091901,0,9,0.0
zolpidem,alpha1,alpha1|BZD_SITE_156|LYS|halogen_bond|frequency,2026091902,0,9,0.0
zolpidem,alpha1,alpha1|BZD_SITE_156|LYS|halogen_bond|frequency,2026091903,0,9,0.0
zolpidem,alpha1,alpha1|BZD_SITE_156|LYS|halogen_bond|frequency,2026091904,0,9,0.0
zolpidem,alpha1,alpha1|BZD_SITE_156|LYS|halogen_bond|frequency,2026091905,0,9,0.0
lorazepam,alpha1,alpha1|BZD_SITE_156|LYS|halogen_bond|frequency,2026091901,1,9,0.1111111111111111
lorazepam,alpha1,alpha1|BZD_SITE_156|LYS|halogen_bond|frequency,2026091902,0,9,0.0
lorazepam,alpha1,alpha1|BZD_SITE_156|LYS|halogen_bond|frequency,2026091903,0,9,0.0
lorazepam,alpha1,alpha1|BZD_SITE_156|LYS|halogen_bond|frequency,2026091904,0,9,0.0
lorazepam,alpha1,alpha1|BZD_SITE_156|LYS|halogen_bond|frequency,2026091905,1,9,0.1111111111111111
clonazepam,alpha1,alpha1|BZD_SITE_156|LYS|halogen_bond|frequency,2026091901,1,9,0.1111111111111111
clonazepam,alpha1,alpha1|BZD_SITE_156|LYS|halogen_bond|frequency,2026091902,1,9,0.1111111111111111
clonazepam,alpha1,alpha1|BZD_SITE_156|LYS|halogen_bond|frequency,2026091903,1,9,0.1111111111111111
clonazepam,alpha1,alpha1|BZD_SITE_156|LYS|halogen_bond|frequency,2026091904,1,9,0.1111111111111111
clonazepam,alpha1,alpha1|BZD_SITE_156|LYS|halogen_bond|frequency,2026091905,1,9,0.1111111111111111
midazolam,alpha1,alpha1|BZD_SITE_156|LYS|halogen_bond|frequency,2026091901,0,7,0.0
midazolam,alpha1,alpha1|BZD_SITE_156|LYS|halogen_bond|frequency,2026091902,0,9,0.0
midazolam,alpha1,alpha1|BZD_SITE_156|LYS|halogen_bond|frequency,2026091903,0,9,0.0
midazolam,alpha1,alpha1|BZD_SITE_156|LYS|halogen_bond|frequency,2026091904,0,9,0.0
midazolam,alpha1,alpha1|BZD_SITE_156|LYS|halogen_bond|frequency,2026091905,0,9,0.0
temazepam,alpha1,alpha1|BZD_SITE_156|LYS|halogen_bond|frequency,2026091901,0,9,0.0
temazepam,alpha1,alpha1|BZD_SITE_156|LYS|halogen_bond|frequency,2026091902,0,9,0.0
temazepam,alpha1,alpha1|BZD_SITE_156|LYS|halogen_bond|frequency,2026091903,0,9,0.0
temazepam,alpha1,alpha1|BZD_SITE_156|LYS|halogen_bond|frequency,2026091904,0,9,0.0
temazepam,alpha1,alpha1|BZD_SITE_156|LYS|halogen_bond|frequency,2026091905,0,9,0.0
zopiclone,alpha1,alpha1|BZD_SITE_156|LYS|halogen_bond|frequency,2026091901,0,9,0.0
zopiclone,alpha1,alpha1|BZD_SITE_156|LYS|halogen_bond|frequency,2026091902,0,9,0.0
zopiclone,alpha1,alpha1|BZD_SITE_156|LYS|halogen_bond|frequency,2026091903,0,9,0.0
zopiclone,alpha1,alpha1|BZD_SITE_156|LYS|halogen_bond|frequency,2026091904,0,9,0.0
zopiclone,alpha1,alpha1|BZD_SITE_156|LYS|halogen_bond|frequency,2026091905,0,9,0.0
zaleplon,alpha1,alpha1|BZD_SITE_156|LYS|halogen_bond|frequency,2026091901,0,9,0.0
zaleplon,alpha1,alpha1|BZD_SITE_156|LYS|halogen_bond|frequency,2026091902,0,9,0.0
zaleplon,alpha1,alpha1|BZD_SITE_156|LYS|halogen_bond|frequency,2026091903,0,9,0.0
zaleplon,alpha1,alpha1|BZD_SITE_156|LYS|halogen_bond|frequency,2026091904,0,9,0.0
zaleplon,alpha1,alpha1|BZD_SITE_156|LYS|halogen_bond|frequency,2026091905,0,9,0.0
diazepam,alpha1,alpha1|BZD_SITE_156|LYS|hydrogen_bond|frequency,2026091901,1,9,0.1111111111111111
diazepam,alpha1,alpha1|BZD_SITE_156|LYS|hydrogen_bond|frequency,2026091902,1,9,0.1111111111111111
diazepam,alpha1,alpha1|BZD_SITE_156|LYS|hydrogen_bond|frequency,2026091903,0,9,0.0
diazepam,alpha1,alpha1|BZD_SITE_156|LYS|hydrogen_bond|frequency,2026091904,1,9,0.1111111111111111
diazepam,alpha1,alpha1|BZD_SITE_156|LYS|hydrogen_bond|frequency,2026091905,1,9,0.1111111111111111
alprazolam,alpha1,alpha1|BZD_SITE_156|LYS|hydrogen_bond|frequency,2026091901,2,8,0.25
alprazolam,alpha1,alpha1|BZD_SITE_156|LYS|hydrogen_bond|frequency,2026091902,2,7,0.2857142857142857
alprazolam,alpha1,alpha1|BZD_SITE_156|LYS|hydrogen_bond|frequency,2026091903,1,7,0.14285714285714285
alprazolam,alpha1,alpha1|BZD_SITE_156|LYS|hydrogen_bond|frequency,2026091904,1,7,0.14285714285714285
alprazolam,alpha1,alpha1|BZD_SITE_156|LYS|hydrogen_bond|frequency,2026091905,1,6,0.16666666666666666
triazolam,alpha1,alpha1|BZD_SITE_156|LYS|hydrogen_bond|frequency,2026091901,1,9,0.1111111111111111
triazolam,alpha1,alpha1|BZD_SITE_156|LYS|hydrogen_bond|frequency,2026091902,1,8,0.125
triazolam,alpha1,alpha1|BZD_SITE_156|LYS|hydrogen_bond|frequency,2026091903,1,8,0.125
triazolam,alpha1,alpha1|BZD_SITE_156|LYS|hydrogen_bond|frequency,2026091904,2,9,0.2222222222222222
triazolam,alpha1,alpha1|BZD_SITE_156|LYS|hydrogen_bond|frequency,2026091905,1,6,0.16666666666666666
zolpidem,alpha1,alpha1|BZD_SITE_156|LYS|hydrogen_bond|frequency,2026091901,0,9,0.0
zolpidem,alpha1,alpha1|BZD_SITE_156|LYS|hydrogen_bond|frequency,2026091902,0,9,0.0
zolpidem,alpha1,alpha1|BZD_SITE_156|LYS|hydrogen_bond|frequency,2026091903,0,9,0.0
zolpidem,alpha1,alpha1|BZD_SITE_156|LYS|hydrogen_bond|frequency,2026091904,0,9,0.0
zolpidem,alpha1,alpha1|BZD_SITE_156|LYS|hydrogen_bond|frequency,2026091905,0,9,0.0
lorazepam,alpha1,alpha1|BZD_SITE_156|LYS|hydrogen_bond|frequency,2026091901,1,9,0.1111111111111111
lorazepam,alpha1,alpha1|BZD_SITE_156|LYS|hydrogen_bond|frequency,2026091902,1,9,0.1111111111111111
lorazepam,alpha1,alpha1|BZD_SITE_156|LYS|hydrogen_bond|frequency,2026091903,2,9,0.2222222222222222
lorazepam,alpha1,alpha1|BZD_SITE_156|LYS|hydrogen_bond|frequency,2026091904,2,9,0.2222222222222222
lorazepam,alpha1,alpha1|BZD_SITE_156|LYS|hydrogen_bond|frequency,2026091905,4,9,0.4444444444444444
clonazepam,alpha1,alpha1|BZD_SITE_156|LYS|hydrogen_bond|frequency,2026091901,0,9,0.0
clonazepam,alpha1,alpha1|BZD_SITE_156|LYS|hydrogen_bond|frequency,2026091902,0,9,0.0
clonazepam,alpha1,alpha1|BZD_SITE_156|LYS|hydrogen_bond|frequency,2026091903,0,9,0.0
clonazepam,alpha1,alpha1|BZD_SITE_156|LYS|hydrogen_bond|frequency,2026091904,0,9,0.0
clonazepam,alpha1,alpha1|BZD_SITE_156|LYS|hydrogen_bond|frequency,2026091905,0,9,0.0
midazolam,alpha1,alpha1|BZD_SITE_156|LYS|hydrogen_bond|frequency,2026091901,0,7,0.0
midazolam,alpha1,alpha1|BZD_SITE_156|LYS|hydrogen_bond|frequency,2026091902,0,9,0.0
midazolam,alpha1,alpha1|BZD_SITE_156|LYS|hydrogen_bond|frequency,2026091903,0,9,0.0
midazolam,alpha1,alpha1|BZD_SITE_156|LYS|hydrogen_bond|frequency,2026091904,0,9,0.0
midazolam,alpha1,alpha1|BZD_SITE_156|LYS|hydrogen_bond|frequency,2026091905,0,9,0.0
temazepam,alpha1,alpha1|BZD_SITE_156|LYS|hydrogen_bond|frequency,2026091901,0,9,0.0
temazepam,alpha1,alpha1|BZD_SITE_156|LYS|hydrogen_bond|frequency,2026091902,0,9,0.0
temazepam,alpha1,alpha1|BZD_SITE_156|LYS|hydrogen_bond|frequency,2026091903,2,9,0.2222222222222222
temazepam,alpha1,alpha1|BZD_SITE_156|LYS|hydrogen_bond|frequency,2026091904,1,9,0.1111111111111111
temazepam,alpha1,alpha1|BZD_SITE_156|LYS|hydrogen_bond|frequency,2026091905,0,9,0.0
zopiclone,alpha1,alpha1|BZD_SITE_156|LYS|hydrogen_bond|frequency,2026091901,4,9,0.4444444444444444
zopiclone,alpha1,alpha1|BZD_SITE_156|LYS|hydrogen_bond|frequency,2026091902,4,9,0.4444444444444444
zopiclone,alpha1,alpha1|BZD_SITE_156|LYS|hydrogen_bond|frequency,2026091903,3,9,0.3333333333333333
zopiclone,alpha1,alpha1|BZD_SITE_156|LYS|hydrogen_bond|frequency,2026091904,4,9,0.4444444444444444
zopiclone,alpha1,alpha1|BZD_SITE_156|LYS|hydrogen_bond|frequency,2026091905,4,9,0.4444444444444444
zaleplon,alpha1,alpha1|BZD_SITE_156|LYS|hydrogen_bond|frequency,2026091901,1,9,0.1111111111111111
zaleplon,alpha1,alpha1|BZD_SITE_156|LYS|hydrogen_bond|frequency,2026091902,0,9,0.0
zaleplon,alpha1,alpha1|BZD_SITE_156|LYS|hydrogen_bond|frequency,2026091903,1,9,0.1111111111111111
zaleplon,alpha1,alpha1|BZD_SITE_156|LYS|hydrogen_bond|frequency,2026091904,1,9,0.1111111111111111
zaleplon,alpha1,alpha1|BZD_SITE_156|LYS|hydrogen_bond|frequency,2026091905,2,9,0.2222222222222222
diazepam,alpha1,alpha1|BZD_SITE_156|LYS|hydrophobic_interaction|frequency,2026091901,2,9,0.2222222222222222
diazepam,alpha1,alpha1|BZD_SITE_156|LYS|hydrophobic_interaction|frequency,2026091902,0,9,0.0
diazepam,alpha1,alpha1|BZD_SITE_156|LYS|hydrophobic_interaction|frequency,2026091903,0,9,0.0
diazepam,alpha1,alpha1|BZD_SITE_156|LYS|hydrophobic_interaction|frequency,2026091904,0,9,0.0
diazepam,alpha1,alpha1|BZD_SITE_156|LYS|hydrophobic_interaction|frequency,2026091905,0,9,0.0
alprazolam,alpha1,alpha1|BZD_SITE_156|LYS|hydrophobic_interaction|frequency,2026091901,1,8,0.125
alprazolam,alpha1,alpha1|BZD_SITE_156|LYS|hydrophobic_interaction|frequency,2026091902,1,7,0.14285714285714285
alprazolam,alpha1,alpha1|BZD_SITE_156|LYS|hydrophobic_interaction|frequency,2026091903,1,7,0.14285714285714285
alprazolam,alpha1,alpha1|BZD_SITE_156|LYS|hydrophobic_interaction|frequency,2026091904,1,7,0.14285714285714285
alprazolam,alpha1,alpha1|BZD_SITE_156|LYS|hydrophobic_interaction|frequency,2026091905,1,6,0.16666666666666666
triazolam,alpha1,alpha1|BZD_SITE_156|LYS|hydrophobic_interaction|frequency,2026091901,1,9,0.1111111111111111
triazolam,alpha1,alpha1|BZD_SITE_156|LYS|hydrophobic_interaction|frequency,2026091902,1,8,0.125
triazolam,alpha1,alpha1|BZD_SITE_156|LYS|hydrophobic_interaction|frequency,2026091903,1,8,0.125
triazolam,alpha1,alpha1|BZD_SITE_156|LYS|hydrophobic_interaction|frequency,2026091904,1,9,0.1111111111111111
triazolam,alpha1,alpha1|BZD_SITE_156|LYS|hydrophobic_interaction|frequency,2026091905,1,6,0.16666666666666666
zolpidem,alpha1,alpha1|BZD_SITE_156|LYS|hydrophobic_interaction|frequency,2026091901,1,9,0.1111111111111111
zolpidem,alpha1,alpha1|BZD_SITE_156|LYS|hydrophobic_interaction|frequency,2026091902,1,9,0.1111111111111111
zolpidem,alpha1,alpha1|BZD_SITE_156|LYS|hydrophobic_interaction|frequency,2026091903,1,9,0.1111111111111111
zolpidem,alpha1,alpha1|BZD_SITE_156|LYS|hydrophobic_interaction|frequency,2026091904,1,9,0.1111111111111111
zolpidem,alpha1,alpha1|BZD_SITE_156|LYS|hydrophobic_interaction|frequency,2026091905,1,9,0.1111111111111111
lorazepam,alpha1,alpha1|BZD_SITE_156|LYS|hydrophobic_interaction|frequency,2026091901,0,9,0.0
lorazepam,alpha1,alpha1|BZD_SITE_156|LYS|hydrophobic_interaction|frequency,2026091902,0,9,0.0
lorazepam,alpha1,alpha1|BZD_SITE_156|LYS|hydrophobic_interaction|frequency,2026091903,0,9,0.0
lorazepam,alpha1,alpha1|BZD_SITE_156|LYS|hydrophobic_interaction|frequency,2026091904,0,9,0.0
lorazepam,alpha1,alpha1|BZD_SITE_156|LYS|hydrophobic_interaction|frequency,2026091905,0,9,0.0
clonazepam,alpha1,alpha1|BZD_SITE_156|LYS|hydrophobic_interaction|frequency,2026091901,0,9,0.0
clonazepam,alpha1,alpha1|BZD_SITE_156|LYS|hydrophobic_interaction|frequency,2026091902,0,9,0.0
clonazepam,alpha1,alpha1|BZD_SITE_156|LYS|hydrophobic_interaction|frequency,2026091903,0,9,0.0
clonazepam,alpha1,alpha1|BZD_SITE_156|LYS|hydrophobic_interaction|frequency,2026091904,0,9,0.0
clonazepam,alpha1,alpha1|BZD_SITE_156|LYS|hydrophobic_interaction|frequency,2026091905,0,9,0.0
midazolam,alpha1,alpha1|BZD_SITE_156|LYS|hydrophobic_interaction|frequency,2026091901,0,7,0.0
midazolam,alpha1,alpha1|BZD_SITE_156|LYS|hydrophobic_interaction|frequency,2026091902,1,9,0.1111111111111111
midazolam,alpha1,alpha1|BZD_SITE_156|LYS|hydrophobic_interaction|frequency,2026091903,0,9,0.0
midazolam,alpha1,alpha1|BZD_SITE_156|LYS|hydrophobic_interaction|frequency,2026091904,1,9,0.1111111111111111
midazolam,alpha1,alpha1|BZD_SITE_156|LYS|hydrophobic_interaction|frequency,2026091905,1,9,0.1111111111111111
temazepam,alpha1,alpha1|BZD_SITE_156|LYS|hydrophobic_interaction|frequency,2026091901,0,9,0.0
temazepam,alpha1,alpha1|BZD_SITE_156|LYS|hydrophobic_interaction|frequency,2026091902,0,9,0.0
temazepam,alpha1,alpha1|BZD_SITE_156|LYS|hydrophobic_interaction|frequency,2026091903,0,9,0.0
temazepam,alpha1,alpha1|BZD_SITE_156|LYS|hydrophobic_interaction|frequency,2026091904,0,9,0.0
temazepam,alpha1,alpha1|BZD_SITE_156|LYS|hydrophobic_interaction|frequency,2026091905,0,9,0.0
zopiclone,alpha1,alpha1|BZD_SITE_156|LYS|hydrophobic_interaction|frequency,2026091901,0,9,0.0
zopiclone,alpha1,alpha1|BZD_SITE_156|LYS|hydrophobic_interaction|frequency,2026091902,0,9,0.0
zopiclone,alpha1,alpha1|BZD_SITE_156|LYS|hydrophobic_interaction|frequency,2026091903,0,9,0.0
zopiclone,alpha1,alpha1|BZD_SITE_156|LYS|hydrophobic_interaction|frequency,2026091904,0,9,0.0
zopiclone,alpha1,alpha1|BZD_SITE_156|LYS|hydrophobic_interaction|frequency,2026091905,0,9,0.0
zaleplon,alpha1,alpha1|BZD_SITE_156|LYS|hydrophobic_interaction|frequency,2026091901,0,9,0.0
zaleplon,alpha1,alpha1|BZD_SITE_156|LYS|hydrophobic_interaction|frequency,2026091902,1,9,0.1111111111111111
zaleplon,alpha1,alpha1|BZD_SITE_156|LYS|hydrophobic_interaction|frequency,2026091903,1,9,0.1111111111111111
zaleplon,alpha1,alpha1|BZD_SITE_156|LYS|hydrophobic_interaction|frequency,2026091904,1,9,0.1111111111111111
zaleplon,alpha1,alpha1|BZD_SITE_156|LYS|hydrophobic_interaction|frequency,2026091905,1,9,0.1111111111111111
diazepam,alpha1,alpha1|BZD_SITE_156|LYS|pi_cation_interaction|frequency,2026091901,1,9,0.1111111111111111
diazepam,alpha1,alpha1|BZD_SITE_156|LYS|pi_cation_interaction|frequency,2026091902,0,9,0.0
diazepam,alpha1,alpha1|BZD_SITE_156|LYS|pi_cation_interaction|frequency,2026091903,0,9,0.0
diazepam,alpha1,alpha1|BZD_SITE_156|LYS|pi_cation_interaction|frequency,2026091904,0,9,0.0
diazepam,alpha1,alpha1|BZD_SITE_156|LYS|pi_cation_interaction|frequency,2026091905,1,9,0.1111111111111111
alprazolam,alpha1,alpha1|BZD_SITE_156|LYS|pi_cation_interaction|frequency,2026091901,1,8,0.125
alprazolam,alpha1,alpha1|BZD_SITE_156|LYS|pi_cation_interaction|frequency,2026091902,1,7,0.14285714285714285
alprazolam,alpha1,alpha1|BZD_SITE_156|LYS|pi_cation_interaction|frequency,2026091903,0,7,0.0
alprazolam,alpha1,alpha1|BZD_SITE_156|LYS|pi_cation_interaction|frequency,2026091904,0,7,0.0
alprazolam,alpha1,alpha1|BZD_SITE_156|LYS|pi_cation_interaction|frequency,2026091905,0,6,0.0
triazolam,alpha1,alpha1|BZD_SITE_156|LYS|pi_cation_interaction|frequency,2026091901,1,9,0.1111111111111111
triazolam,alpha1,alpha1|BZD_SITE_156|LYS|pi_cation_interaction|frequency,2026091902,0,8,0.0
triazolam,alpha1,alpha1|BZD_SITE_156|LYS|pi_cation_interaction|frequency,2026091903,0,8,0.0
triazolam,alpha1,alpha1|BZD_SITE_156|LYS|pi_cation_interaction|frequency,2026091904,2,9,0.2222222222222222
triazolam,alpha1,alpha1|BZD_SITE_156|LYS|pi_cation_interaction|frequency,2026091905,0,6,0.0
zolpidem,alpha1,alpha1|BZD_SITE_156|LYS|pi_cation_interaction|frequency,2026091901,0,9,0.0
zolpidem,alpha1,alpha1|BZD_SITE_156|LYS|pi_cation_interaction|frequency,2026091902,0,9,0.0
zolpidem,alpha1,alpha1|BZD_SITE_156|LYS|pi_cation_interaction|frequency,2026091903,0,9,0.0
zolpidem,alpha1,alpha1|BZD_SITE_156|LYS|pi_cation_interaction|frequency,2026091904,0,9,0.0
zolpidem,alpha1,alpha1|BZD_SITE_156|LYS|pi_cation_interaction|frequency,2026091905,0,9,0.0
lorazepam,alpha1,alpha1|BZD_SITE_156|LYS|pi_cation_interaction|frequency,2026091901,0,9,0.0
lorazepam,alpha1,alpha1|BZD_SITE_156|LYS|pi_cation_interaction|frequency,2026091902,0,9,0.0
lorazepam,alpha1,alpha1|BZD_SITE_156|LYS|pi_cation_interaction|frequency,2026091903,1,9,0.1111111111111111
lorazepam,alpha1,alpha1|BZD_SITE_156|LYS|pi_cation_interaction|frequency,2026091904,0,9,0.0
lorazepam,alpha1,alpha1|BZD_SITE_156|LYS|pi_cation_interaction|frequency,2026091905,1,9,0.1111111111111111
clonazepam,alpha1,alpha1|BZD_SITE_156|LYS|pi_cation_interaction|frequency,2026091901,0,9,0.0
clonazepam,alpha1,alpha1|BZD_SITE_156|LYS|pi_cation_interaction|frequency,2026091902,1,9,0.1111111111111111
clonazepam,alpha1,alpha1|BZD_SITE_156|LYS|pi_cation_interaction|frequency,2026091903,1,9,0.1111111111111111
clonazepam,alpha1,alpha1|BZD_SITE_156|LYS|pi_cation_interaction|frequency,2026091904,1,9,0.1111111111111111
clonazepam,alpha1,alpha1|BZD_SITE_156|LYS|pi_cation_interaction|frequency,2026091905,0,9,0.0
midazolam,alpha1,alpha1|BZD_SITE_156|LYS|pi_cation_interaction|frequency,2026091901,0,7,0.0
midazolam,alpha1,alpha1|BZD_SITE_156|LYS|pi_cation_interaction|frequency,2026091902,2,9,0.2222222222222222
midazolam,alpha1,alpha1|BZD_SITE_156|LYS|pi_cation_interaction|frequency,2026091903,0,9,0.0
midazolam,alpha1,alpha1|BZD_SITE_156|LYS|pi_cation_interaction|frequency,2026091904,1,9,0.1111111111111111
midazolam,alpha1,alpha1|BZD_SITE_156|LYS|pi_cation_interaction|frequency,2026091905,2,9,0.2222222222222222
temazepam,alpha1,alpha1|BZD_SITE_156|LYS|pi_cation_interaction|frequency,2026091901,0,9,0.0
temazepam,alpha1,alpha1|BZD_SITE_156|LYS|pi_cation_interaction|frequency,2026091902,0,9,0.0
temazepam,alpha1,alpha1|BZD_SITE_156|LYS|pi_cation_interaction|frequency,2026091903,1,9,0.1111111111111111
temazepam,alpha1,alpha1|BZD_SITE_156|LYS|pi_cation_interaction|frequency,2026091904,0,9,0.0
temazepam,alpha1,alpha1|BZD_SITE_156|LYS|pi_cation_interaction|frequency,2026091905,0,9,0.0
zopiclone,alpha1,alpha1|BZD_SITE_156|LYS|pi_cation_interaction|frequency,2026091901,0,9,0.0
zopiclone,alpha1,alpha1|BZD_SITE_156|LYS|pi_cation_interaction|frequency,2026091902,0,9,0.0
zopiclone,alpha1,alpha1|BZD_SITE_156|LYS|pi_cation_interaction|frequency,2026091903,0,9,0.0
zopiclone,alpha1,alpha1|BZD_SITE_156|LYS|pi_cation_interaction|frequency,2026091904,0,9,0.0
zopiclone,alpha1,alpha1|BZD_SITE_156|LYS|pi_cation_interaction|frequency,2026091905,0,9,0.0
zaleplon,alpha1,alpha1|BZD_SITE_156|LYS|pi_cation_interaction|frequency,2026091901,0,9,0.0
zaleplon,alpha1,alpha1|BZD_SITE_156|LYS|pi_cation_interaction|frequency,2026091902,0,9,0.0
zaleplon,alpha1,alpha1|BZD_SITE_156|LYS|pi_cation_interaction|frequency,2026091903,0,9,0.0
zaleplon,alpha1,alpha1|BZD_SITE_156|LYS|pi_cation_interaction|frequency,2026091904,0,9,0.0
zaleplon,alpha1,alpha1|BZD_SITE_156|LYS|pi_cation_interaction|frequency,2026091905,0,9,0.0
diazepam,alpha1,alpha1|BZD_SITE_160|TYR|halogen_bond|frequency,2026091901,0,9,0.0
diazepam,alpha1,alpha1|BZD_SITE_160|TYR|halogen_bond|frequency,2026091902,1,9,0.1111111111111111
diazepam,alpha1,alpha1|BZD_SITE_160|TYR|halogen_bond|frequency,2026091903,0,9,0.0
diazepam,alpha1,alpha1|BZD_SITE_160|TYR|halogen_bond|frequency,2026091904,0,9,0.0
diazepam,alpha1,alpha1|BZD_SITE_160|TYR|halogen_bond|frequency,2026091905,0,9,0.0
alprazolam,alpha1,alpha1|BZD_SITE_160|TYR|halogen_bond|frequency,2026091901,0,8,0.0
alprazolam,alpha1,alpha1|BZD_SITE_160|TYR|halogen_bond|frequency,2026091902,0,7,0.0
alprazolam,alpha1,alpha1|BZD_SITE_160|TYR|halogen_bond|frequency,2026091903,0,7,0.0
alprazolam,alpha1,alpha1|BZD_SITE_160|TYR|halogen_bond|frequency,2026091904,0,7,0.0
alprazolam,alpha1,alpha1|BZD_SITE_160|TYR|halogen_bond|frequency,2026091905,0,6,0.0
triazolam,alpha1,alpha1|BZD_SITE_160|TYR|halogen_bond|frequency,2026091901,0,9,0.0
triazolam,alpha1,alpha1|BZD_SITE_160|TYR|halogen_bond|frequency,2026091902,0,8,0.0
triazolam,alpha1,alpha1|BZD_SITE_160|TYR|halogen_bond|frequency,2026091903,0,8,0.0
triazolam,alpha1,alpha1|BZD_SITE_160|TYR|halogen_bond|frequency,2026091904,0,9,0.0
triazolam,alpha1,alpha1|BZD_SITE_160|TYR|halogen_bond|frequency,2026091905,0,6,0.0
zolpidem,alpha1,alpha1|BZD_SITE_160|TYR|halogen_bond|frequency,2026091901,0,9,0.0
zolpidem,alpha1,alpha1|BZD_SITE_160|TYR|halogen_bond|frequency,2026091902,0,9,0.0
zolpidem,alpha1,alpha1|BZD_SITE_160|TYR|halogen_bond|frequency,2026091903,0,9,0.0
zolpidem,alpha1,alpha1|BZD_SITE_160|TYR|halogen_bond|frequency,2026091904,0,9,0.0
zolpidem,alpha1,alpha1|BZD_SITE_160|TYR|halogen_bond|frequency,2026091905,0,9,0.0
lorazepam,alpha1,alpha1|BZD_SITE_160|TYR|halogen_bond|frequency,2026091901,0,9,0.0
lorazepam,alpha1,alpha1|BZD_SITE_160|TYR|halogen_bond|frequency,2026091902,0,9,0.0
lorazepam,alpha1,alpha1|BZD_SITE_160|TYR|halogen_bond|frequency,2026091903,0,9,0.0
lorazepam,alpha1,alpha1|BZD_SITE_160|TYR|halogen_bond|frequency,2026091904,0,9,0.0
lorazepam,alpha1,alpha1|BZD_SITE_160|TYR|halogen_bond|frequency,2026091905,0,9,0.0
clonazepam,alpha1,alpha1|BZD_SITE_160|TYR|halogen_bond|frequency,2026091901,0,9,0.0
clonazepam,alpha1,alpha1|BZD_SITE_160|TYR|halogen_bond|frequency,2026091902,0,9,0.0
clonazepam,alpha1,alpha1|BZD_SITE_160|TYR|halogen_bond|frequency,2026091903,0,9,0.0
clonazepam,alpha1,alpha1|BZD_SITE_160|TYR|halogen_bond|frequency,2026091904,0,9,0.0
clonazepam,alpha1,alpha1|BZD_SITE_160|TYR|halogen_bond|frequency,2026091905,0,9,0.0
midazolam,alpha1,alpha1|BZD_SITE_160|TYR|halogen_bond|frequency,2026091901,1,7,0.14285714285714285
midazolam,alpha1,alpha1|BZD_SITE_160|TYR|halogen_bond|frequency,2026091902,1,9,0.1111111111111111
midazolam,alpha1,alpha1|BZD_SITE_160|TYR|halogen_bond|frequency,2026091903,0,9,0.0
midazolam,alpha1,alpha1|BZD_SITE_160|TYR|halogen_bond|frequency,2026091904,1,9,0.1111111111111111
midazolam,alpha1,alpha1|BZD_SITE_160|TYR|halogen_bond|frequency,2026091905,0,9,0.0
temazepam,alpha1,alpha1|BZD_SITE_160|TYR|halogen_bond|frequency,2026091901,0,9,0.0
temazepam,alpha1,alpha1|BZD_SITE_160|TYR|halogen_bond|frequency,2026091902,0,9,0.0
temazepam,alpha1,alpha1|BZD_SITE_160|TYR|halogen_bond|frequency,2026091903,0,9,0.0
temazepam,alpha1,alpha1|BZD_SITE_160|TYR|halogen_bond|frequency,2026091904,0,9,0.0
temazepam,alpha1,alpha1|BZD_SITE_160|TYR|halogen_bond|frequency,2026091905,0,9,0.0
zopiclone,alpha1,alpha1|BZD_SITE_160|TYR|halogen_bond|frequency,2026091901,0,9,0.0
zopiclone,alpha1,alpha1|BZD_SITE_160|TYR|halogen_bond|frequency,2026091902,0,9,0.0
zopiclone,alpha1,alpha1|BZD_SITE_160|TYR|halogen_bond|frequency,2026091903,0,9,0.0
zopiclone,alpha1,alpha1|BZD_SITE_160|TYR|halogen_bond|frequency,2026091904,0,9,0.0
zopiclone,alpha1,alpha1|BZD_SITE_160|TYR|halogen_bond|frequency,2026091905,0,9,0.0
zaleplon,alpha1,alpha1|BZD_SITE_160|TYR|halogen_bond|frequency,2026091901,0,9,0.0
zaleplon,alpha1,alpha1|BZD_SITE_160|TYR|halogen_bond|frequency,2026091902,0,9,0.0
zaleplon,alpha1,alpha1|BZD_SITE_160|TYR|halogen_bond|frequency,2026091903,0,9,0.0
zaleplon,alpha1,alpha1|BZD_SITE_160|TYR|halogen_bond|frequency,2026091904,0,9,0.0
zaleplon,alpha1,alpha1|BZD_SITE_160|TYR|halogen_bond|frequency,2026091905,0,9,0.0
diazepam,alpha1,alpha1|BZD_SITE_160|TYR|hydrophobic_interaction|frequency,2026091901,2,9,0.2222222222222222
diazepam,alpha1,alpha1|BZD_SITE_160|TYR|hydrophobic_interaction|frequency,2026091902,2,9,0.2222222222222222
diazepam,alpha1,alpha1|BZD_SITE_160|TYR|hydrophobic_interaction|frequency,2026091903,2,9,0.2222222222222222
diazepam,alpha1,alpha1|BZD_SITE_160|TYR|hydrophobic_interaction|frequency,2026091904,2,9,0.2222222222222222
diazepam,alpha1,alpha1|BZD_SITE_160|TYR|hydrophobic_interaction|frequency,2026091905,2,9,0.2222222222222222
alprazolam,alpha1,alpha1|BZD_SITE_160|TYR|hydrophobic_interaction|frequency,2026091901,2,8,0.25
alprazolam,alpha1,alpha1|BZD_SITE_160|TYR|hydrophobic_interaction|frequency,2026091902,1,7,0.14285714285714285
alprazolam,alpha1,alpha1|BZD_SITE_160|TYR|hydrophobic_interaction|frequency,2026091903,2,7,0.2857142857142857
alprazolam,alpha1,alpha1|BZD_SITE_160|TYR|hydrophobic_interaction|frequency,2026091904,2,7,0.2857142857142857
alprazolam,alpha1,alpha1|BZD_SITE_160|TYR|hydrophobic_interaction|frequency,2026091905,1,6,0.16666666666666666
triazolam,alpha1,alpha1|BZD_SITE_160|TYR|hydrophobic_interaction|frequency,2026091901,2,9,0.2222222222222222
triazolam,alpha1,alpha1|BZD_SITE_160|TYR|hydrophobic_interaction|frequency,2026091902,2,8,0.25
triazolam,alpha1,alpha1|BZD_SITE_160|TYR|hydrophobic_interaction|frequency,2026091903,2,8,0.25
triazolam,alpha1,alpha1|BZD_SITE_160|TYR|hydrophobic_interaction|frequency,2026091904,2,9,0.2222222222222222
triazolam,alpha1,alpha1|BZD_SITE_160|TYR|hydrophobic_interaction|frequency,2026091905,1,6,0.16666666666666666
zolpidem,alpha1,alpha1|BZD_SITE_160|TYR|hydrophobic_interaction|frequency,2026091901,6,9,0.6666666666666666
zolpidem,alpha1,alpha1|BZD_SITE_160|TYR|hydrophobic_interaction|frequency,2026091902,5,9,0.5555555555555556
zolpidem,alpha1,alpha1|BZD_SITE_160|TYR|hydrophobic_interaction|frequency,2026091903,7,9,0.7777777777777778
zolpidem,alpha1,alpha1|BZD_SITE_160|TYR|hydrophobic_interaction|frequency,2026091904,5,9,0.5555555555555556
zolpidem,alpha1,alpha1|BZD_SITE_160|TYR|hydrophobic_interaction|frequency,2026091905,5,9,0.5555555555555556
lorazepam,alpha1,alpha1|BZD_SITE_160|TYR|hydrophobic_interaction|frequency,2026091901,2,9,0.2222222222222222
lorazepam,alpha1,alpha1|BZD_SITE_160|TYR|hydrophobic_interaction|frequency,2026091902,1,9,0.1111111111111111
lorazepam,alpha1,alpha1|BZD_SITE_160|TYR|hydrophobic_interaction|frequency,2026091903,1,9,0.1111111111111111
lorazepam,alpha1,alpha1|BZD_SITE_160|TYR|hydrophobic_interaction|frequency,2026091904,1,9,0.1111111111111111
lorazepam,alpha1,alpha1|BZD_SITE_160|TYR|hydrophobic_interaction|frequency,2026091905,1,9,0.1111111111111111
clonazepam,alpha1,alpha1|BZD_SITE_160|TYR|hydrophobic_interaction|frequency,2026091901,5,9,0.5555555555555556
clonazepam,alpha1,alpha1|BZD_SITE_160|TYR|hydrophobic_interaction|frequency,2026091902,2,9,0.2222222222222222
clonazepam,alpha1,alpha1|BZD_SITE_160|TYR|hydrophobic_interaction|frequency,2026091903,3,9,0.3333333333333333
clonazepam,alpha1,alpha1|BZD_SITE_160|TYR|hydrophobic_interaction|frequency,2026091904,1,9,0.1111111111111111
clonazepam,alpha1,alpha1|BZD_SITE_160|TYR|hydrophobic_interaction|frequency,2026091905,3,9,0.3333333333333333
midazolam,alpha1,alpha1|BZD_SITE_160|TYR|hydrophobic_interaction|frequency,2026091901,1,7,0.14285714285714285
midazolam,alpha1,alpha1|BZD_SITE_160|TYR|hydrophobic_interaction|frequency,2026091902,1,9,0.1111111111111111
midazolam,alpha1,alpha1|BZD_SITE_160|TYR|hydrophobic_interaction|frequency,2026091903,2,9,0.2222222222222222
midazolam,alpha1,alpha1|BZD_SITE_160|TYR|hydrophobic_interaction|frequency,2026091904,2,9,0.2222222222222222
midazolam,alpha1,alpha1|BZD_SITE_160|TYR|hydrophobic_interaction|frequency,2026091905,2,9,0.2222222222222222
temazepam,alpha1,alpha1|BZD_SITE_160|TYR|hydrophobic_interaction|frequency,2026091901,3,9,0.3333333333333333
temazepam,alpha1,alpha1|BZD_SITE_160|TYR|hydrophobic_interaction|frequency,2026091902,2,9,0.2222222222222222
temazepam,alpha1,alpha1|BZD_SITE_160|TYR|hydrophobic_interaction|frequency,2026091903,1,9,0.1111111111111111
temazepam,alpha1,alpha1|BZD_SITE_160|TYR|hydrophobic_interaction|frequency,2026091904,1,9,0.1111111111111111
temazepam,alpha1,alpha1|BZD_SITE_160|TYR|hydrophobic_interaction|frequency,2026091905,2,9,0.2222222222222222
zopiclone,alpha1,alpha1|BZD_SITE_160|TYR|hydrophobic_interaction|frequency,2026091901,1,9,0.1111111111111111
zopiclone,alpha1,alpha1|BZD_SITE_160|TYR|hydrophobic_interaction|frequency,2026091902,1,9,0.1111111111111111
zopiclone,alpha1,alpha1|BZD_SITE_160|TYR|hydrophobic_interaction|frequency,2026091903,3,9,0.3333333333333333
zopiclone,alpha1,alpha1|BZD_SITE_160|TYR|hydrophobic_interaction|frequency,2026091904,1,9,0.1111111111111111
zopiclone,alpha1,alpha1|BZD_SITE_160|TYR|hydrophobic_interaction|frequency,2026091905,1,9,0.1111111111111111
zaleplon,alpha1,alpha1|BZD_SITE_160|TYR|hydrophobic_interaction|frequency,2026091901,4,9,0.4444444444444444
zaleplon,alpha1,alpha1|BZD_SITE_160|TYR|hydrophobic_interaction|frequency,2026091902,4,9,0.4444444444444444
zaleplon,alpha1,alpha1|BZD_SITE_160|TYR|hydrophobic_interaction|frequency,2026091903,4,9,0.4444444444444444
zaleplon,alpha1,alpha1|BZD_SITE_160|TYR|hydrophobic_interaction|frequency,2026091904,5,9,0.5555555555555556
zaleplon,alpha1,alpha1|BZD_SITE_160|TYR|hydrophobic_interaction|frequency,2026091905,4,9,0.4444444444444444
diazepam,alpha1,alpha1|BZD_SITE_160|TYR|pi_stack|frequency,2026091901,0,9,0.0
diazepam,alpha1,alpha1|BZD_SITE_160|TYR|pi_stack|frequency,2026091902,0,9,0.0
diazepam,alpha1,alpha1|BZD_SITE_160|TYR|pi_stack|frequency,2026091903,0,9,0.0
diazepam,alpha1,alpha1|BZD_SITE_160|TYR|pi_stack|frequency,2026091904,0,9,0.0
diazepam,alpha1,alpha1|BZD_SITE_160|TYR|pi_stack|frequency,2026091905,0,9,0.0
diazepam,alpha1,alpha1|BZD_SITE_160|TYR|pi_stack|P_frequency,2026091901,0,9,0.0
diazepam,alpha1,alpha1|BZD_SITE_160|TYR|pi_stack|P_frequency,2026091902,0,9,0.0
diazepam,alpha1,alpha1|BZD_SITE_160|TYR|pi_stack|P_frequency,2026091903,0,9,0.0
diazepam,alpha1,alpha1|BZD_SITE_160|TYR|pi_stack|P_frequency,2026091904,0,9,0.0
diazepam,alpha1,alpha1|BZD_SITE_160|TYR|pi_stack|P_frequency,2026091905,0,9,0.0
diazepam,alpha1,alpha1|BZD_SITE_160|TYR|pi_stack|T_frequency,2026091901,0,9,0.0
diazepam,alpha1,alpha1|BZD_SITE_160|TYR|pi_stack|T_frequency,2026091902,0,9,0.0
diazepam,alpha1,alpha1|BZD_SITE_160|TYR|pi_stack|T_frequency,2026091903,0,9,0.0
diazepam,alpha1,alpha1|BZD_SITE_160|TYR|pi_stack|T_frequency,2026091904,0,9,0.0
diazepam,alpha1,alpha1|BZD_SITE_160|TYR|pi_stack|T_frequency,2026091905,0,9,0.0
alprazolam,alpha1,alpha1|BZD_SITE_160|TYR|pi_stack|frequency,2026091901,0,8,0.0
alprazolam,alpha1,alpha1|BZD_SITE_160|TYR|pi_stack|frequency,2026091902,0,7,0.0
alprazolam,alpha1,alpha1|BZD_SITE_160|TYR|pi_stack|frequency,2026091903,0,7,0.0
alprazolam,alpha1,alpha1|BZD_SITE_160|TYR|pi_stack|frequency,2026091904,0,7,0.0
alprazolam,alpha1,alpha1|BZD_SITE_160|TYR|pi_stack|frequency,2026091905,1,6,0.16666666666666666
alprazolam,alpha1,alpha1|BZD_SITE_160|TYR|pi_stack|P_frequency,2026091901,0,8,0.0
alprazolam,alpha1,alpha1|BZD_SITE_160|TYR|pi_stack|P_frequency,2026091902,0,7,0.0
alprazolam,alpha1,alpha1|BZD_SITE_160|TYR|pi_stack|P_frequency,2026091903,0,7,0.0
alprazolam,alpha1,alpha1|BZD_SITE_160|TYR|pi_stack|P_frequency,2026091904,0,7,0.0
alprazolam,alpha1,alpha1|BZD_SITE_160|TYR|pi_stack|P_frequency,2026091905,1,6,0.16666666666666666
alprazolam,alpha1,alpha1|BZD_SITE_160|TYR|pi_stack|T_frequency,2026091901,0,8,0.0
alprazolam,alpha1,alpha1|BZD_SITE_160|TYR|pi_stack|T_frequency,2026091902,0,7,0.0
alprazolam,alpha1,alpha1|BZD_SITE_160|TYR|pi_stack|T_frequency,2026091903,0,7,0.0
alprazolam,alpha1,alpha1|BZD_SITE_160|TYR|pi_stack|T_frequency,2026091904,0,7,0.0
alprazolam,alpha1,alpha1|BZD_SITE_160|TYR|pi_stack|T_frequency,2026091905,0,6,0.0
triazolam,alpha1,alpha1|BZD_SITE_160|TYR|pi_stack|frequency,2026091901,0,9,0.0
triazolam,alpha1,alpha1|BZD_SITE_160|TYR|pi_stack|frequency,2026091902,0,8,0.0
triazolam,alpha1,alpha1|BZD_SITE_160|TYR|pi_stack|frequency,2026091903,0,8,0.0
triazolam,alpha1,alpha1|BZD_SITE_160|TYR|pi_stack|frequency,2026091904,0,9,0.0
triazolam,alpha1,alpha1|BZD_SITE_160|TYR|pi_stack|frequency,2026091905,0,6,0.0
triazolam,alpha1,alpha1|BZD_SITE_160|TYR|pi_stack|P_frequency,2026091901,0,9,0.0
triazolam,alpha1,alpha1|BZD_SITE_160|TYR|pi_stack|P_frequency,2026091902,0,8,0.0
triazolam,alpha1,alpha1|BZD_SITE_160|TYR|pi_stack|P_frequency,2026091903,0,8,0.0
triazolam,alpha1,alpha1|BZD_SITE_160|TYR|pi_stack|P_frequency,2026091904,0,9,0.0
triazolam,alpha1,alpha1|BZD_SITE_160|TYR|pi_stack|P_frequency,2026091905,0,6,0.0
triazolam,alpha1,alpha1|BZD_SITE_160|TYR|pi_stack|T_frequency,2026091901,0,9,0.0
triazolam,alpha1,alpha1|BZD_SITE_160|TYR|pi_stack|T_frequency,2026091902,0,8,0.0
triazolam,alpha1,alpha1|BZD_SITE_160|TYR|pi_stack|T_frequency,2026091903,0,8,0.0
triazolam,alpha1,alpha1|BZD_SITE_160|TYR|pi_stack|T_frequency,2026091904,0,9,0.0
triazolam,alpha1,alpha1|BZD_SITE_160|TYR|pi_stack|T_frequency,2026091905,0,6,0.0
zolpidem,alpha1,alpha1|BZD_SITE_160|TYR|pi_stack|frequency,2026091901,0,9,0.0
zolpidem,alpha1,alpha1|BZD_SITE_160|TYR|pi_stack|frequency,2026091902,0,9,0.0
zolpidem,alpha1,alpha1|BZD_SITE_160|TYR|pi_stack|frequency,2026091903,0,9,0.0
zolpidem,alpha1,alpha1|BZD_SITE_160|TYR|pi_stack|frequency,2026091904,0,9,0.0
zolpidem,alpha1,alpha1|BZD_SITE_160|TYR|pi_stack|frequency,2026091905,0,9,0.0
zolpidem,alpha1,alpha1|BZD_SITE_160|TYR|pi_stack|P_frequency,2026091901,0,9,0.0
zolpidem,alpha1,alpha1|BZD_SITE_160|TYR|pi_stack|P_frequency,2026091902,0,9,0.0
zolpidem,alpha1,alpha1|BZD_SITE_160|TYR|pi_stack|P_frequency,2026091903,0,9,0.0
zolpidem,alpha1,alpha1|BZD_SITE_160|TYR|pi_stack|P_frequency,2026091904,0,9,0.0
zolpidem,alpha1,alpha1|BZD_SITE_160|TYR|pi_stack|P_frequency,2026091905,0,9,0.0
zolpidem,alpha1,alpha1|BZD_SITE_160|TYR|pi_stack|T_frequency,2026091901,0,9,0.0
zolpidem,alpha1,alpha1|BZD_SITE_160|TYR|pi_stack|T_frequency,2026091902,0,9,0.0
zolpidem,alpha1,alpha1|BZD_SITE_160|TYR|pi_stack|T_frequency,2026091903,0,9,0.0
zolpidem,alpha1,alpha1|BZD_SITE_160|TYR|pi_stack|T_frequency,2026091904,0,9,0.0
zolpidem,alpha1,alpha1|BZD_SITE_160|TYR|pi_stack|T_frequency,2026091905,0,9,0.0
lorazepam,alpha1,alpha1|BZD_SITE_160|TYR|pi_stack|frequency,2026091901,0,9,0.0
lorazepam,alpha1,alpha1|BZD_SITE_160|TYR|pi_stack|frequency,2026091902,0,9,0.0
lorazepam,alpha1,alpha1|BZD_SITE_160|TYR|pi_stack|frequency,2026091903,0,9,0.0
lorazepam,alpha1,alpha1|BZD_SITE_160|TYR|pi_stack|frequency,2026091904,0,9,0.0
lorazepam,alpha1,alpha1|BZD_SITE_160|TYR|pi_stack|frequency,2026091905,0,9,0.0
lorazepam,alpha1,alpha1|BZD_SITE_160|TYR|pi_stack|P_frequency,2026091901,0,9,0.0
lorazepam,alpha1,alpha1|BZD_SITE_160|TYR|pi_stack|P_frequency,2026091902,0,9,0.0
lorazepam,alpha1,alpha1|BZD_SITE_160|TYR|pi_stack|P_frequency,2026091903,0,9,0.0
lorazepam,alpha1,alpha1|BZD_SITE_160|TYR|pi_stack|P_frequency,2026091904,0,9,0.0
lorazepam,alpha1,alpha1|BZD_SITE_160|TYR|pi_stack|P_frequency,2026091905,0,9,0.0
lorazepam,alpha1,alpha1|BZD_SITE_160|TYR|pi_stack|T_frequency,2026091901,0,9,0.0
lorazepam,alpha1,alpha1|BZD_SITE_160|TYR|pi_stack|T_frequency,2026091902,0,9,0.0
lorazepam,alpha1,alpha1|BZD_SITE_160|TYR|pi_stack|T_frequency,2026091903,0,9,0.0
lorazepam,alpha1,alpha1|BZD_SITE_160|TYR|pi_stack|T_frequency,2026091904,0,9,0.0
lorazepam,alpha1,alpha1|BZD_SITE_160|TYR|pi_stack|T_frequency,2026091905,0,9,0.0
clonazepam,alpha1,alpha1|BZD_SITE_160|TYR|pi_stack|frequency,2026091901,0,9,0.0
clonazepam,alpha1,alpha1|BZD_SITE_160|TYR|pi_stack|frequency,2026091902,0,9,0.0
clonazepam,alpha1,alpha1|BZD_SITE_160|TYR|pi_stack|frequency,2026091903,0,9,0.0
clonazepam,alpha1,alpha1|BZD_SITE_160|TYR|pi_stack|frequency,2026091904,0,9,0.0
clonazepam,alpha1,alpha1|BZD_SITE_160|TYR|pi_stack|frequency,2026091905,0,9,0.0
clonazepam,alpha1,alpha1|BZD_SITE_160|TYR|pi_stack|P_frequency,2026091901,0,9,0.0
clonazepam,alpha1,alpha1|BZD_SITE_160|TYR|pi_stack|P_frequency,2026091902,0,9,0.0
clonazepam,alpha1,alpha1|BZD_SITE_160|TYR|pi_stack|P_frequency,2026091903,0,9,0.0
clonazepam,alpha1,alpha1|BZD_SITE_160|TYR|pi_stack|P_frequency,2026091904,0,9,0.0
clonazepam,alpha1,alpha1|BZD_SITE_160|TYR|pi_stack|P_frequency,2026091905,0,9,0.0
clonazepam,alpha1,alpha1|BZD_SITE_160|TYR|pi_stack|T_frequency,2026091901,0,9,0.0
clonazepam,alpha1,alpha1|BZD_SITE_160|TYR|pi_stack|T_frequency,2026091902,0,9,0.0
clonazepam,alpha1,alpha1|BZD_SITE_160|TYR|pi_stack|T_frequency,2026091903,0,9,0.0
clonazepam,alpha1,alpha1|BZD_SITE_160|TYR|pi_stack|T_frequency,2026091904,0,9,0.0
clonazepam,alpha1,alpha1|BZD_SITE_160|TYR|pi_stack|T_frequency,2026091905,0,9,0.0
midazolam,alpha1,alpha1|BZD_SITE_160|TYR|pi_stack|frequency,2026091901,0,7,0.0
midazolam,alpha1,alpha1|BZD_SITE_160|TYR|pi_stack|frequency,2026091902,0,9,0.0
midazolam,alpha1,alpha1|BZD_SITE_160|TYR|pi_stack|frequency,2026091903,0,9,0.0
midazolam,alpha1,alpha1|BZD_SITE_160|TYR|pi_stack|frequency,2026091904,0,9,0.0
midazolam,alpha1,alpha1|BZD_SITE_160|TYR|pi_stack|frequency,2026091905,0,9,0.0
midazolam,alpha1,alpha1|BZD_SITE_160|TYR|pi_stack|P_frequency,2026091901,0,7,0.0
midazolam,alpha1,alpha1|BZD_SITE_160|TYR|pi_stack|P_frequency,2026091902,0,9,0.0
midazolam,alpha1,alpha1|BZD_SITE_160|TYR|pi_stack|P_frequency,2026091903,0,9,0.0
midazolam,alpha1,alpha1|BZD_SITE_160|TYR|pi_stack|P_frequency,2026091904,0,9,0.0
midazolam,alpha1,alpha1|BZD_SITE_160|TYR|pi_stack|P_frequency,2026091905,0,9,0.0
midazolam,alpha1,alpha1|BZD_SITE_160|TYR|pi_stack|T_frequency,2026091901,0,7,0.0
midazolam,alpha1,alpha1|BZD_SITE_160|TYR|pi_stack|T_frequency,2026091902,0,9,0.0
midazolam,alpha1,alpha1|BZD_SITE_160|TYR|pi_stack|T_frequency,2026091903,0,9,0.0
midazolam,alpha1,alpha1|BZD_SITE_160|TYR|pi_stack|T_frequency,2026091904,0,9,0.0
midazolam,alpha1,alpha1|BZD_SITE_160|TYR|pi_stack|T_frequency,2026091905,0,9,0.0
temazepam,alpha1,alpha1|BZD_SITE_160|TYR|pi_stack|frequency,2026091901,0,9,0.0
temazepam,alpha1,alpha1|BZD_SITE_160|TYR|pi_stack|frequency,2026091902,0,9,0.0
temazepam,alpha1,alpha1|BZD_SITE_160|TYR|pi_stack|frequency,2026091903,0,9,0.0
temazepam,alpha1,alpha1|BZD_SITE_160|TYR|pi_stack|frequency,2026091904,0,9,0.0
temazepam,alpha1,alpha1|BZD_SITE_160|TYR|pi_stack|frequency,2026091905,0,9,0.0
temazepam,alpha1,alpha1|BZD_SITE_160|TYR|pi_stack|P_frequency,2026091901,0,9,0.0
temazepam,alpha1,alpha1|BZD_SITE_160|TYR|pi_stack|P_frequency,2026091902,0,9,0.0
temazepam,alpha1,alpha1|BZD_SITE_160|TYR|pi_stack|P_frequency,2026091903,0,9,0.0
temazepam,alpha1,alpha1|BZD_SITE_160|TYR|pi_stack|P_frequency,2026091904,0,9,0.0
temazepam,alpha1,alpha1|BZD_SITE_160|TYR|pi_stack|P_frequency,2026091905,0,9,0.0
temazepam,alpha1,alpha1|BZD_SITE_160|TYR|pi_stack|T_frequency,2026091901,0,9,0.0
temazepam,alpha1,alpha1|BZD_SITE_160|TYR|pi_stack|T_frequency,2026091902,0,9,0.0
temazepam,alpha1,alpha1|BZD_SITE_160|TYR|pi_stack|T_frequency,2026091903,0,9,0.0
temazepam,alpha1,alpha1|BZD_SITE_160|TYR|pi_stack|T_frequency,2026091904,0,9,0.0
temazepam,alpha1,alpha1|BZD_SITE_160|TYR|pi_stack|T_frequency,2026091905,0,9,0.0
zopiclone,alpha1,alpha1|BZD_SITE_160|TYR|pi_stack|frequency,2026091901,0,9,0.0
zopiclone,alpha1,alpha1|BZD_SITE_160|TYR|pi_stack|frequency,2026091902,0,9,0.0
zopiclone,alpha1,alpha1|BZD_SITE_160|TYR|pi_stack|frequency,2026091903,0,9,0.0
zopiclone,alpha1,alpha1|BZD_SITE_160|TYR|pi_stack|frequency,2026091904,0,9,0.0
zopiclone,alpha1,alpha1|BZD_SITE_160|TYR|pi_stack|frequency,2026091905,0,9,0.0
zopiclone,alpha1,alpha1|BZD_SITE_160|TYR|pi_stack|P_frequency,2026091901,0,9,0.0
zopiclone,alpha1,alpha1|BZD_SITE_160|TYR|pi_stack|P_frequency,2026091902,0,9,0.0
zopiclone,alpha1,alpha1|BZD_SITE_160|TYR|pi_stack|P_frequency,2026091903,0,9,0.0
zopiclone,alpha1,alpha1|BZD_SITE_160|TYR|pi_stack|P_frequency,2026091904,0,9,0.0
zopiclone,alpha1,alpha1|BZD_SITE_160|TYR|pi_stack|P_frequency,2026091905,0,9,0.0
zopiclone,alpha1,alpha1|BZD_SITE_160|TYR|pi_stack|T_frequency,2026091901,0,9,0.0
zopiclone,alpha1,alpha1|BZD_SITE_160|TYR|pi_stack|T_frequency,2026091902,0,9,0.0
zopiclone,alpha1,alpha1|BZD_SITE_160|TYR|pi_stack|T_frequency,2026091903,0,9,0.0
zopiclone,alpha1,alpha1|BZD_SITE_160|TYR|pi_stack|T_frequency,2026091904,0,9,0.0
zopiclone,alpha1,alpha1|BZD_SITE_160|TYR|pi_stack|T_frequency,2026091905,0,9,0.0
zaleplon,alpha1,alpha1|BZD_SITE_160|TYR|pi_stack|frequency,2026091901,0,9,0.0
zaleplon,alpha1,alpha1|BZD_SITE_160|TYR|pi_stack|frequency,2026091902,0,9,0.0
zaleplon,alpha1,alpha1|BZD_SITE_160|TYR|pi_stack|frequency,2026091903,0,9,0.0
zaleplon,alpha1,alpha1|BZD_SITE_160|TYR|pi_stack|frequency,2026091904,0,9,0.0
zaleplon,alpha1,alpha1|BZD_SITE_160|TYR|pi_stack|frequency,2026091905,0,9,0.0
zaleplon,alpha1,alpha1|BZD_SITE_160|TYR|pi_stack|P_frequency,2026091901,0,9,0.0
zaleplon,alpha1,alpha1|BZD_SITE_160|TYR|pi_stack|P_frequency,2026091902,0,9,0.0
zaleplon,alpha1,alpha1|BZD_SITE_160|TYR|pi_stack|P_frequency,2026091903,0,9,0.0
zaleplon,alpha1,alpha1|BZD_SITE_160|TYR|pi_stack|P_frequency,2026091904,0,9,0.0
zaleplon,alpha1,alpha1|BZD_SITE_160|TYR|pi_stack|P_frequency,2026091905,0,9,0.0
zaleplon,alpha1,alpha1|BZD_SITE_160|TYR|pi_stack|T_frequency,2026091901,0,9,0.0
zaleplon,alpha1,alpha1|BZD_SITE_160|TYR|pi_stack|T_frequency,2026091902,0,9,0.0
zaleplon,alpha1,alpha1|BZD_SITE_160|TYR|pi_stack|T_frequency,2026091903,0,9,0.0
zaleplon,alpha1,alpha1|BZD_SITE_160|TYR|pi_stack|T_frequency,2026091904,0,9,0.0
zaleplon,alpha1,alpha1|BZD_SITE_160|TYR|pi_stack|T_frequency,2026091905,0,9,0.0
diazepam,alpha1,alpha1|BZD_SITE_203|VAL|halogen_bond|frequency,2026091901,0,9,0.0
diazepam,alpha1,alpha1|BZD_SITE_203|VAL|halogen_bond|frequency,2026091902,0,9,0.0
diazepam,alpha1,alpha1|BZD_SITE_203|VAL|halogen_bond|frequency,2026091903,0,9,0.0
diazepam,alpha1,alpha1|BZD_SITE_203|VAL|halogen_bond|frequency,2026091904,0,9,0.0
diazepam,alpha1,alpha1|BZD_SITE_203|VAL|halogen_bond|frequency,2026091905,0,9,0.0
alprazolam,alpha1,alpha1|BZD_SITE_203|VAL|halogen_bond|frequency,2026091901,0,8,0.0
alprazolam,alpha1,alpha1|BZD_SITE_203|VAL|halogen_bond|frequency,2026091902,0,7,0.0
alprazolam,alpha1,alpha1|BZD_SITE_203|VAL|halogen_bond|frequency,2026091903,0,7,0.0
alprazolam,alpha1,alpha1|BZD_SITE_203|VAL|halogen_bond|frequency,2026091904,0,7,0.0
alprazolam,alpha1,alpha1|BZD_SITE_203|VAL|halogen_bond|frequency,2026091905,0,6,0.0
triazolam,alpha1,alpha1|BZD_SITE_203|VAL|halogen_bond|frequency,2026091901,0,9,0.0
triazolam,alpha1,alpha1|BZD_SITE_203|VAL|halogen_bond|frequency,2026091902,0,8,0.0
triazolam,alpha1,alpha1|BZD_SITE_203|VAL|halogen_bond|frequency,2026091903,0,8,0.0
triazolam,alpha1,alpha1|BZD_SITE_203|VAL|halogen_bond|frequency,2026091904,0,9,0.0
triazolam,alpha1,alpha1|BZD_SITE_203|VAL|halogen_bond|frequency,2026091905,0,6,0.0
zolpidem,alpha1,alpha1|BZD_SITE_203|VAL|halogen_bond|frequency,2026091901,0,9,0.0
zolpidem,alpha1,alpha1|BZD_SITE_203|VAL|halogen_bond|frequency,2026091902,0,9,0.0
zolpidem,alpha1,alpha1|BZD_SITE_203|VAL|halogen_bond|frequency,2026091903,0,9,0.0
zolpidem,alpha1,alpha1|BZD_SITE_203|VAL|halogen_bond|frequency,2026091904,0,9,0.0
zolpidem,alpha1,alpha1|BZD_SITE_203|VAL|halogen_bond|frequency,2026091905,0,9,0.0
lorazepam,alpha1,alpha1|BZD_SITE_203|VAL|halogen_bond|frequency,2026091901,1,9,0.1111111111111111
lorazepam,alpha1,alpha1|BZD_SITE_203|VAL|halogen_bond|frequency,2026091902,0,9,0.0
lorazepam,alpha1,alpha1|BZD_SITE_203|VAL|halogen_bond|frequency,2026091903,0,9,0.0
lorazepam,alpha1,alpha1|BZD_SITE_203|VAL|halogen_bond|frequency,2026091904,0,9,0.0
lorazepam,alpha1,alpha1|BZD_SITE_203|VAL|halogen_bond|frequency,2026091905,0,9,0.0
clonazepam,alpha1,alpha1|BZD_SITE_203|VAL|halogen_bond|frequency,2026091901,0,9,0.0
clonazepam,alpha1,alpha1|BZD_SITE_203|VAL|halogen_bond|frequency,2026091902,0,9,0.0
clonazepam,alpha1,alpha1|BZD_SITE_203|VAL|halogen_bond|frequency,2026091903,0,9,0.0
clonazepam,alpha1,alpha1|BZD_SITE_203|VAL|halogen_bond|frequency,2026091904,0,9,0.0
clonazepam,alpha1,alpha1|BZD_SITE_203|VAL|halogen_bond|frequency,2026091905,0,9,0.0
midazolam,alpha1,alpha1|BZD_SITE_203|VAL|halogen_bond|frequency,2026091901,0,7,0.0
midazolam,alpha1,alpha1|BZD_SITE_203|VAL|halogen_bond|frequency,2026091902,0,9,0.0
midazolam,alpha1,alpha1|BZD_SITE_203|VAL|halogen_bond|frequency,2026091903,0,9,0.0
midazolam,alpha1,alpha1|BZD_SITE_203|VAL|halogen_bond|frequency,2026091904,0,9,0.0
midazolam,alpha1,alpha1|BZD_SITE_203|VAL|halogen_bond|frequency,2026091905,0,9,0.0
temazepam,alpha1,alpha1|BZD_SITE_203|VAL|halogen_bond|frequency,2026091901,0,9,0.0
temazepam,alpha1,alpha1|BZD_SITE_203|VAL|halogen_bond|frequency,2026091902,0,9,0.0
temazepam,alpha1,alpha1|BZD_SITE_203|VAL|halogen_bond|frequency,2026091903,0,9,0.0
temazepam,alpha1,alpha1|BZD_SITE_203|VAL|halogen_bond|frequency,2026091904,0,9,0.0
temazepam,alpha1,alpha1|BZD_SITE_203|VAL|halogen_bond|frequency,2026091905,0,9,0.0
zopiclone,alpha1,alpha1|BZD_SITE_203|VAL|halogen_bond|frequency,2026091901,0,9,0.0
zopiclone,alpha1,alpha1|BZD_SITE_203|VAL|halogen_bond|frequency,2026091902,0,9,0.0
zopiclone,alpha1,alpha1|BZD_SITE_203|VAL|halogen_bond|frequency,2026091903,0,9,0.0
zopiclone,alpha1,alpha1|BZD_SITE_203|VAL|halogen_bond|frequency,2026091904,0,9,0.0
zopiclone,alpha1,alpha1|BZD_SITE_203|VAL|halogen_bond|frequency,2026091905,0,9,0.0
zaleplon,alpha1,alpha1|BZD_SITE_203|VAL|halogen_bond|frequency,2026091901,0,9,0.0
zaleplon,alpha1,alpha1|BZD_SITE_203|VAL|halogen_bond|frequency,2026091902,0,9,0.0
zaleplon,alpha1,alpha1|BZD_SITE_203|VAL|halogen_bond|frequency,2026091903,0,9,0.0
zaleplon,alpha1,alpha1|BZD_SITE_203|VAL|halogen_bond|frequency,2026091904,0,9,0.0
zaleplon,alpha1,alpha1|BZD_SITE_203|VAL|halogen_bond|frequency,2026091905,0,9,0.0
diazepam,alpha1,alpha1|BZD_SITE_203|VAL|hydrophobic_interaction|frequency,2026091901,4,9,0.4444444444444444
diazepam,alpha1,alpha1|BZD_SITE_203|VAL|hydrophobic_interaction|frequency,2026091902,4,9,0.4444444444444444
diazepam,alpha1,alpha1|BZD_SITE_203|VAL|hydrophobic_interaction|frequency,2026091903,4,9,0.4444444444444444
diazepam,alpha1,alpha1|BZD_SITE_203|VAL|hydrophobic_interaction|frequency,2026091904,7,9,0.7777777777777778
diazepam,alpha1,alpha1|BZD_SITE_203|VAL|hydrophobic_interaction|frequency,2026091905,4,9,0.4444444444444444
alprazolam,alpha1,alpha1|BZD_SITE_203|VAL|hydrophobic_interaction|frequency,2026091901,5,8,0.625
alprazolam,alpha1,alpha1|BZD_SITE_203|VAL|hydrophobic_interaction|frequency,2026091902,5,7,0.7142857142857143
alprazolam,alpha1,alpha1|BZD_SITE_203|VAL|hydrophobic_interaction|frequency,2026091903,5,7,0.7142857142857143
alprazolam,alpha1,alpha1|BZD_SITE_203|VAL|hydrophobic_interaction|frequency,2026091904,4,7,0.5714285714285714
alprazolam,alpha1,alpha1|BZD_SITE_203|VAL|hydrophobic_interaction|frequency,2026091905,3,6,0.5
triazolam,alpha1,alpha1|BZD_SITE_203|VAL|hydrophobic_interaction|frequency,2026091901,5,9,0.5555555555555556
triazolam,alpha1,alpha1|BZD_SITE_203|VAL|hydrophobic_interaction|frequency,2026091902,5,8,0.625
triazolam,alpha1,alpha1|BZD_SITE_203|VAL|hydrophobic_interaction|frequency,2026091903,5,8,0.625
triazolam,alpha1,alpha1|BZD_SITE_203|VAL|hydrophobic_interaction|frequency,2026091904,8,9,0.8888888888888888
triazolam,alpha1,alpha1|BZD_SITE_203|VAL|hydrophobic_interaction|frequency,2026091905,4,6,0.6666666666666666
zolpidem,alpha1,alpha1|BZD_SITE_203|VAL|hydrophobic_interaction|frequency,2026091901,4,9,0.4444444444444444
zolpidem,alpha1,alpha1|BZD_SITE_203|VAL|hydrophobic_interaction|frequency,2026091902,5,9,0.5555555555555556
zolpidem,alpha1,alpha1|BZD_SITE_203|VAL|hydrophobic_interaction|frequency,2026091903,7,9,0.7777777777777778
zolpidem,alpha1,alpha1|BZD_SITE_203|VAL|hydrophobic_interaction|frequency,2026091904,7,9,0.7777777777777778
zolpidem,alpha1,alpha1|BZD_SITE_203|VAL|hydrophobic_interaction|frequency,2026091905,6,9,0.6666666666666666
lorazepam,alpha1,alpha1|BZD_SITE_203|VAL|hydrophobic_interaction|frequency,2026091901,5,9,0.5555555555555556
lorazepam,alpha1,alpha1|BZD_SITE_203|VAL|hydrophobic_interaction|frequency,2026091902,8,9,0.8888888888888888
lorazepam,alpha1,alpha1|BZD_SITE_203|VAL|hydrophobic_interaction|frequency,2026091903,6,9,0.6666666666666666
lorazepam,alpha1,alpha1|BZD_SITE_203|VAL|hydrophobic_interaction|frequency,2026091904,7,9,0.7777777777777778
lorazepam,alpha1,alpha1|BZD_SITE_203|VAL|hydrophobic_interaction|frequency,2026091905,8,9,0.8888888888888888
clonazepam,alpha1,alpha1|BZD_SITE_203|VAL|hydrophobic_interaction|frequency,2026091901,4,9,0.4444444444444444
clonazepam,alpha1,alpha1|BZD_SITE_203|VAL|hydrophobic_interaction|frequency,2026091902,5,9,0.5555555555555556
clonazepam,alpha1,alpha1|BZD_SITE_203|VAL|hydrophobic_interaction|frequency,2026091903,6,9,0.6666666666666666
clonazepam,alpha1,alpha1|BZD_SITE_203|VAL|hydrophobic_interaction|frequency,2026091904,6,9,0.6666666666666666
clonazepam,alpha1,alpha1|BZD_SITE_203|VAL|hydrophobic_interaction|frequency,2026091905,4,9,0.4444444444444444
midazolam,alpha1,alpha1|BZD_SITE_203|VAL|hydrophobic_interaction|frequency,2026091901,5,7,0.7142857142857143
midazolam,alpha1,alpha1|BZD_SITE_203|VAL|hydrophobic_interaction|frequency,2026091902,6,9,0.6666666666666666
midazolam,alpha1,alpha1|BZD_SITE_203|VAL|hydrophobic_interaction|frequency,2026091903,5,9,0.5555555555555556
midazolam,alpha1,alpha1|BZD_SITE_203|VAL|hydrophobic_interaction|frequency,2026091904,6,9,0.6666666666666666
midazolam,alpha1,alpha1|BZD_SITE_203|VAL|hydrophobic_interaction|frequency,2026091905,5,9,0.5555555555555556
temazepam,alpha1,alpha1|BZD_SITE_203|VAL|hydrophobic_interaction|frequency,2026091901,5,9,0.5555555555555556
temazepam,alpha1,alpha1|BZD_SITE_203|VAL|hydrophobic_interaction|frequency,2026091902,7,9,0.7777777777777778
temazepam,alpha1,alpha1|BZD_SITE_203|VAL|hydrophobic_interaction|frequency,2026091903,8,9,0.8888888888888888
temazepam,alpha1,alpha1|BZD_SITE_203|VAL|hydrophobic_interaction|frequency,2026091904,8,9,0.8888888888888888
temazepam,alpha1,alpha1|BZD_SITE_203|VAL|hydrophobic_interaction|frequency,2026091905,8,9,0.8888888888888888
zopiclone,alpha1,alpha1|BZD_SITE_203|VAL|hydrophobic_interaction|frequency,2026091901,3,9,0.3333333333333333
zopiclone,alpha1,alpha1|BZD_SITE_203|VAL|hydrophobic_interaction|frequency,2026091902,2,9,0.2222222222222222
zopiclone,alpha1,alpha1|BZD_SITE_203|VAL|hydrophobic_interaction|frequency,2026091903,2,9,0.2222222222222222
zopiclone,alpha1,alpha1|BZD_SITE_203|VAL|hydrophobic_interaction|frequency,2026091904,4,9,0.4444444444444444
zopiclone,alpha1,alpha1|BZD_SITE_203|VAL|hydrophobic_interaction|frequency,2026091905,3,9,0.3333333333333333
zaleplon,alpha1,alpha1|BZD_SITE_203|VAL|hydrophobic_interaction|frequency,2026091901,6,9,0.6666666666666666
zaleplon,alpha1,alpha1|BZD_SITE_203|VAL|hydrophobic_interaction|frequency,2026091902,5,9,0.5555555555555556
zaleplon,alpha1,alpha1|BZD_SITE_203|VAL|hydrophobic_interaction|frequency,2026091903,5,9,0.5555555555555556
zaleplon,alpha1,alpha1|BZD_SITE_203|VAL|hydrophobic_interaction|frequency,2026091904,5,9,0.5555555555555556
zaleplon,alpha1,alpha1|BZD_SITE_203|VAL|hydrophobic_interaction|frequency,2026091905,6,9,0.6666666666666666
diazepam,alpha1,alpha1|BZD_SITE_204|GLN|halogen_bond|frequency,2026091901,1,9,0.1111111111111111
diazepam,alpha1,alpha1|BZD_SITE_204|GLN|halogen_bond|frequency,2026091902,0,9,0.0
diazepam,alpha1,alpha1|BZD_SITE_204|GLN|halogen_bond|frequency,2026091903,0,9,0.0
diazepam,alpha1,alpha1|BZD_SITE_204|GLN|halogen_bond|frequency,2026091904,0,9,0.0
diazepam,alpha1,alpha1|BZD_SITE_204|GLN|halogen_bond|frequency,2026091905,0,9,0.0
alprazolam,alpha1,alpha1|BZD_SITE_204|GLN|halogen_bond|frequency,2026091901,0,8,0.0
alprazolam,alpha1,alpha1|BZD_SITE_204|GLN|halogen_bond|frequency,2026091902,0,7,0.0
alprazolam,alpha1,alpha1|BZD_SITE_204|GLN|halogen_bond|frequency,2026091903,0,7,0.0
alprazolam,alpha1,alpha1|BZD_SITE_204|GLN|halogen_bond|frequency,2026091904,0,7,0.0
alprazolam,alpha1,alpha1|BZD_SITE_204|GLN|halogen_bond|frequency,2026091905,0,6,0.0
triazolam,alpha1,alpha1|BZD_SITE_204|GLN|halogen_bond|frequency,2026091901,0,9,0.0
triazolam,alpha1,alpha1|BZD_SITE_204|GLN|halogen_bond|frequency,2026091902,0,8,0.0
triazolam,alpha1,alpha1|BZD_SITE_204|GLN|halogen_bond|frequency,2026091903,0,8,0.0
triazolam,alpha1,alpha1|BZD_SITE_204|GLN|halogen_bond|frequency,2026091904,0,9,0.0
triazolam,alpha1,alpha1|BZD_SITE_204|GLN|halogen_bond|frequency,2026091905,0,6,0.0
zolpidem,alpha1,alpha1|BZD_SITE_204|GLN|halogen_bond|frequency,2026091901,0,9,0.0
zolpidem,alpha1,alpha1|BZD_SITE_204|GLN|halogen_bond|frequency,2026091902,0,9,0.0
zolpidem,alpha1,alpha1|BZD_SITE_204|GLN|halogen_bond|frequency,2026091903,0,9,0.0
zolpidem,alpha1,alpha1|BZD_SITE_204|GLN|halogen_bond|frequency,2026091904,0,9,0.0
zolpidem,alpha1,alpha1|BZD_SITE_204|GLN|halogen_bond|frequency,2026091905,0,9,0.0
lorazepam,alpha1,alpha1|BZD_SITE_204|GLN|halogen_bond|frequency,2026091901,0,9,0.0
lorazepam,alpha1,alpha1|BZD_SITE_204|GLN|halogen_bond|frequency,2026091902,0,9,0.0
lorazepam,alpha1,alpha1|BZD_SITE_204|GLN|halogen_bond|frequency,2026091903,0,9,0.0
lorazepam,alpha1,alpha1|BZD_SITE_204|GLN|halogen_bond|frequency,2026091904,0,9,0.0
lorazepam,alpha1,alpha1|BZD_SITE_204|GLN|halogen_bond|frequency,2026091905,0,9,0.0
clonazepam,alpha1,alpha1|BZD_SITE_204|GLN|halogen_bond|frequency,2026091901,1,9,0.1111111111111111
clonazepam,alpha1,alpha1|BZD_SITE_204|GLN|halogen_bond|frequency,2026091902,0,9,0.0
clonazepam,alpha1,alpha1|BZD_SITE_204|GLN|halogen_bond|frequency,2026091903,0,9,0.0
clonazepam,alpha1,alpha1|BZD_SITE_204|GLN|halogen_bond|frequency,2026091904,0,9,0.0
clonazepam,alpha1,alpha1|BZD_SITE_204|GLN|halogen_bond|frequency,2026091905,0,9,0.0
midazolam,alpha1,alpha1|BZD_SITE_204|GLN|halogen_bond|frequency,2026091901,0,7,0.0
midazolam,alpha1,alpha1|BZD_SITE_204|GLN|halogen_bond|frequency,2026091902,0,9,0.0
midazolam,alpha1,alpha1|BZD_SITE_204|GLN|halogen_bond|frequency,2026091903,0,9,0.0
midazolam,alpha1,alpha1|BZD_SITE_204|GLN|halogen_bond|frequency,2026091904,0,9,0.0
midazolam,alpha1,alpha1|BZD_SITE_204|GLN|halogen_bond|frequency,2026091905,0,9,0.0
temazepam,alpha1,alpha1|BZD_SITE_204|GLN|halogen_bond|frequency,2026091901,0,9,0.0
temazepam,alpha1,alpha1|BZD_SITE_204|GLN|halogen_bond|frequency,2026091902,0,9,0.0
temazepam,alpha1,alpha1|BZD_SITE_204|GLN|halogen_bond|frequency,2026091903,0,9,0.0
temazepam,alpha1,alpha1|BZD_SITE_204|GLN|halogen_bond|frequency,2026091904,0,9,0.0
temazepam,alpha1,alpha1|BZD_SITE_204|GLN|halogen_bond|frequency,2026091905,0,9,0.0
zopiclone,alpha1,alpha1|BZD_SITE_204|GLN|halogen_bond|frequency,2026091901,0,9,0.0
zopiclone,alpha1,alpha1|BZD_SITE_204|GLN|halogen_bond|frequency,2026091902,0,9,0.0
zopiclone,alpha1,alpha1|BZD_SITE_204|GLN|halogen_bond|frequency,2026091903,0,9,0.0
zopiclone,alpha1,alpha1|BZD_SITE_204|GLN|halogen_bond|frequency,2026091904,0,9,0.0
zopiclone,alpha1,alpha1|BZD_SITE_204|GLN|halogen_bond|frequency,2026091905,0,9,0.0
zaleplon,alpha1,alpha1|BZD_SITE_204|GLN|halogen_bond|frequency,2026091901,0,9,0.0
zaleplon,alpha1,alpha1|BZD_SITE_204|GLN|halogen_bond|frequency,2026091902,0,9,0.0
zaleplon,alpha1,alpha1|BZD_SITE_204|GLN|halogen_bond|frequency,2026091903,0,9,0.0
zaleplon,alpha1,alpha1|BZD_SITE_204|GLN|halogen_bond|frequency,2026091904,0,9,0.0
zaleplon,alpha1,alpha1|BZD_SITE_204|GLN|halogen_bond|frequency,2026091905,0,9,0.0
diazepam,alpha1,alpha1|BZD_SITE_204|GLN|hydrogen_bond|frequency,2026091901,0,9,0.0
diazepam,alpha1,alpha1|BZD_SITE_204|GLN|hydrogen_bond|frequency,2026091902,0,9,0.0
diazepam,alpha1,alpha1|BZD_SITE_204|GLN|hydrogen_bond|frequency,2026091903,0,9,0.0
diazepam,alpha1,alpha1|BZD_SITE_204|GLN|hydrogen_bond|frequency,2026091904,0,9,0.0
diazepam,alpha1,alpha1|BZD_SITE_204|GLN|hydrogen_bond|frequency,2026091905,0,9,0.0
alprazolam,alpha1,alpha1|BZD_SITE_204|GLN|hydrogen_bond|frequency,2026091901,1,8,0.125
alprazolam,alpha1,alpha1|BZD_SITE_204|GLN|hydrogen_bond|frequency,2026091902,1,7,0.14285714285714285
alprazolam,alpha1,alpha1|BZD_SITE_204|GLN|hydrogen_bond|frequency,2026091903,1,7,0.14285714285714285
alprazolam,alpha1,alpha1|BZD_SITE_204|GLN|hydrogen_bond|frequency,2026091904,1,7,0.14285714285714285
alprazolam,alpha1,alpha1|BZD_SITE_204|GLN|hydrogen_bond|frequency,2026091905,1,6,0.16666666666666666
triazolam,alpha1,alpha1|BZD_SITE_204|GLN|hydrogen_bond|frequency,2026091901,0,9,0.0
triazolam,alpha1,alpha1|BZD_SITE_204|GLN|hydrogen_bond|frequency,2026091902,0,8,0.0
triazolam,alpha1,alpha1|BZD_SITE_204|GLN|hydrogen_bond|frequency,2026091903,0,8,0.0
triazolam,alpha1,alpha1|BZD_SITE_204|GLN|hydrogen_bond|frequency,2026091904,0,9,0.0
triazolam,alpha1,alpha1|BZD_SITE_204|GLN|hydrogen_bond|frequency,2026091905,0,6,0.0
zolpidem,alpha1,alpha1|BZD_SITE_204|GLN|hydrogen_bond|frequency,2026091901,0,9,0.0
zolpidem,alpha1,alpha1|BZD_SITE_204|GLN|hydrogen_bond|frequency,2026091902,0,9,0.0
zolpidem,alpha1,alpha1|BZD_SITE_204|GLN|hydrogen_bond|frequency,2026091903,0,9,0.0
zolpidem,alpha1,alpha1|BZD_SITE_204|GLN|hydrogen_bond|frequency,2026091904,0,9,0.0
zolpidem,alpha1,alpha1|BZD_SITE_204|GLN|hydrogen_bond|frequency,2026091905,0,9,0.0
lorazepam,alpha1,alpha1|BZD_SITE_204|GLN|hydrogen_bond|frequency,2026091901,0,9,0.0
lorazepam,alpha1,alpha1|BZD_SITE_204|GLN|hydrogen_bond|frequency,2026091902,0,9,0.0
lorazepam,alpha1,alpha1|BZD_SITE_204|GLN|hydrogen_bond|frequency,2026091903,0,9,0.0
lorazepam,alpha1,alpha1|BZD_SITE_204|GLN|hydrogen_bond|frequency,2026091904,0,9,0.0
lorazepam,alpha1,alpha1|BZD_SITE_204|GLN|hydrogen_bond|frequency,2026091905,0,9,0.0
clonazepam,alpha1,alpha1|BZD_SITE_204|GLN|hydrogen_bond|frequency,2026091901,0,9,0.0
clonazepam,alpha1,alpha1|BZD_SITE_204|GLN|hydrogen_bond|frequency,2026091902,0,9,0.0
clonazepam,alpha1,alpha1|BZD_SITE_204|GLN|hydrogen_bond|frequency,2026091903,0,9,0.0
clonazepam,alpha1,alpha1|BZD_SITE_204|GLN|hydrogen_bond|frequency,2026091904,0,9,0.0
clonazepam,alpha1,alpha1|BZD_SITE_204|GLN|hydrogen_bond|frequency,2026091905,0,9,0.0
midazolam,alpha1,alpha1|BZD_SITE_204|GLN|hydrogen_bond|frequency,2026091901,0,7,0.0
midazolam,alpha1,alpha1|BZD_SITE_204|GLN|hydrogen_bond|frequency,2026091902,0,9,0.0
midazolam,alpha1,alpha1|BZD_SITE_204|GLN|hydrogen_bond|frequency,2026091903,0,9,0.0
midazolam,alpha1,alpha1|BZD_SITE_204|GLN|hydrogen_bond|frequency,2026091904,0,9,0.0
midazolam,alpha1,alpha1|BZD_SITE_204|GLN|hydrogen_bond|frequency,2026091905,0,9,0.0
temazepam,alpha1,alpha1|BZD_SITE_204|GLN|hydrogen_bond|frequency,2026091901,0,9,0.0
temazepam,alpha1,alpha1|BZD_SITE_204|GLN|hydrogen_bond|frequency,2026091902,0,9,0.0
temazepam,alpha1,alpha1|BZD_SITE_204|GLN|hydrogen_bond|frequency,2026091903,0,9,0.0
temazepam,alpha1,alpha1|BZD_SITE_204|GLN|hydrogen_bond|frequency,2026091904,2,9,0.2222222222222222
temazepam,alpha1,alpha1|BZD_SITE_204|GLN|hydrogen_bond|frequency,2026091905,1,9,0.1111111111111111
zopiclone,alpha1,alpha1|BZD_SITE_204|GLN|hydrogen_bond|frequency,2026091901,0,9,0.0
zopiclone,alpha1,alpha1|BZD_SITE_204|GLN|hydrogen_bond|frequency,2026091902,0,9,0.0
zopiclone,alpha1,alpha1|BZD_SITE_204|GLN|hydrogen_bond|frequency,2026091903,0,9,0.0
zopiclone,alpha1,alpha1|BZD_SITE_204|GLN|hydrogen_bond|frequency,2026091904,0,9,0.0
zopiclone,alpha1,alpha1|BZD_SITE_204|GLN|hydrogen_bond|frequency,2026091905,0,9,0.0
zaleplon,alpha1,alpha1|BZD_SITE_204|GLN|hydrogen_bond|frequency,2026091901,0,9,0.0
zaleplon,alpha1,alpha1|BZD_SITE_204|GLN|hydrogen_bond|frequency,2026091902,0,9,0.0
zaleplon,alpha1,alpha1|BZD_SITE_204|GLN|hydrogen_bond|frequency,2026091903,0,9,0.0
zaleplon,alpha1,alpha1|BZD_SITE_204|GLN|hydrogen_bond|frequency,2026091904,0,9,0.0
zaleplon,alpha1,alpha1|BZD_SITE_204|GLN|hydrogen_bond|frequency,2026091905,0,9,0.0
diazepam,alpha1,alpha1|BZD_SITE_204|GLN|hydrophobic_interaction|frequency,2026091901,0,9,0.0
diazepam,alpha1,alpha1|BZD_SITE_204|GLN|hydrophobic_interaction|frequency,2026091902,0,9,0.0
diazepam,alpha1,alpha1|BZD_SITE_204|GLN|hydrophobic_interaction|frequency,2026091903,0,9,0.0
diazepam,alpha1,alpha1|BZD_SITE_204|GLN|hydrophobic_interaction|frequency,2026091904,0,9,0.0
diazepam,alpha1,alpha1|BZD_SITE_204|GLN|hydrophobic_interaction|frequency,2026091905,0,9,0.0
alprazolam,alpha1,alpha1|BZD_SITE_204|GLN|hydrophobic_interaction|frequency,2026091901,1,8,0.125
alprazolam,alpha1,alpha1|BZD_SITE_204|GLN|hydrophobic_interaction|frequency,2026091902,0,7,0.0
alprazolam,alpha1,alpha1|BZD_SITE_204|GLN|hydrophobic_interaction|frequency,2026091903,0,7,0.0
alprazolam,alpha1,alpha1|BZD_SITE_204|GLN|hydrophobic_interaction|frequency,2026091904,0,7,0.0
alprazolam,alpha1,alpha1|BZD_SITE_204|GLN|hydrophobic_interaction|frequency,2026091905,0,6,0.0
triazolam,alpha1,alpha1|BZD_SITE_204|GLN|hydrophobic_interaction|frequency,2026091901,0,9,0.0
triazolam,alpha1,alpha1|BZD_SITE_204|GLN|hydrophobic_interaction|frequency,2026091902,0,8,0.0
triazolam,alpha1,alpha1|BZD_SITE_204|GLN|hydrophobic_interaction|frequency,2026091903,0,8,0.0
triazolam,alpha1,alpha1|BZD_SITE_204|GLN|hydrophobic_interaction|frequency,2026091904,0,9,0.0
triazolam,alpha1,alpha1|BZD_SITE_204|GLN|hydrophobic_interaction|frequency,2026091905,0,6,0.0
zolpidem,alpha1,alpha1|BZD_SITE_204|GLN|hydrophobic_interaction|frequency,2026091901,0,9,0.0
zolpidem,alpha1,alpha1|BZD_SITE_204|GLN|hydrophobic_interaction|frequency,2026091902,0,9,0.0
zolpidem,alpha1,alpha1|BZD_SITE_204|GLN|hydrophobic_interaction|frequency,2026091903,0,9,0.0
zolpidem,alpha1,alpha1|BZD_SITE_204|GLN|hydrophobic_interaction|frequency,2026091904,0,9,0.0
zolpidem,alpha1,alpha1|BZD_SITE_204|GLN|hydrophobic_interaction|frequency,2026091905,0,9,0.0
lorazepam,alpha1,alpha1|BZD_SITE_204|GLN|hydrophobic_interaction|frequency,2026091901,0,9,0.0
lorazepam,alpha1,alpha1|BZD_SITE_204|GLN|hydrophobic_interaction|frequency,2026091902,0,9,0.0
lorazepam,alpha1,alpha1|BZD_SITE_204|GLN|hydrophobic_interaction|frequency,2026091903,0,9,0.0
lorazepam,alpha1,alpha1|BZD_SITE_204|GLN|hydrophobic_interaction|frequency,2026091904,0,9,0.0
lorazepam,alpha1,alpha1|BZD_SITE_204|GLN|hydrophobic_interaction|frequency,2026091905,0,9,0.0
clonazepam,alpha1,alpha1|BZD_SITE_204|GLN|hydrophobic_interaction|frequency,2026091901,0,9,0.0
clonazepam,alpha1,alpha1|BZD_SITE_204|GLN|hydrophobic_interaction|frequency,2026091902,0,9,0.0
clonazepam,alpha1,alpha1|BZD_SITE_204|GLN|hydrophobic_interaction|frequency,2026091903,0,9,0.0
clonazepam,alpha1,alpha1|BZD_SITE_204|GLN|hydrophobic_interaction|frequency,2026091904,0,9,0.0
clonazepam,alpha1,alpha1|BZD_SITE_204|GLN|hydrophobic_interaction|frequency,2026091905,0,9,0.0
midazolam,alpha1,alpha1|BZD_SITE_204|GLN|hydrophobic_interaction|frequency,2026091901,0,7,0.0
midazolam,alpha1,alpha1|BZD_SITE_204|GLN|hydrophobic_interaction|frequency,2026091902,0,9,0.0
midazolam,alpha1,alpha1|BZD_SITE_204|GLN|hydrophobic_interaction|frequency,2026091903,0,9,0.0
midazolam,alpha1,alpha1|BZD_SITE_204|GLN|hydrophobic_interaction|frequency,2026091904,0,9,0.0
midazolam,alpha1,alpha1|BZD_SITE_204|GLN|hydrophobic_interaction|frequency,2026091905,0,9,0.0
temazepam,alpha1,alpha1|BZD_SITE_204|GLN|hydrophobic_interaction|frequency,2026091901,0,9,0.0
temazepam,alpha1,alpha1|BZD_SITE_204|GLN|hydrophobic_interaction|frequency,2026091902,0,9,0.0
temazepam,alpha1,alpha1|BZD_SITE_204|GLN|hydrophobic_interaction|frequency,2026091903,0,9,0.0
temazepam,alpha1,alpha1|BZD_SITE_204|GLN|hydrophobic_interaction|frequency,2026091904,0,9,0.0
temazepam,alpha1,alpha1|BZD_SITE_204|GLN|hydrophobic_interaction|frequency,2026091905,0,9,0.0
zopiclone,alpha1,alpha1|BZD_SITE_204|GLN|hydrophobic_interaction|frequency,2026091901,0,9,0.0
zopiclone,alpha1,alpha1|BZD_SITE_204|GLN|hydrophobic_interaction|frequency,2026091902,0,9,0.0
zopiclone,alpha1,alpha1|BZD_SITE_204|GLN|hydrophobic_interaction|frequency,2026091903,0,9,0.0
zopiclone,alpha1,alpha1|BZD_SITE_204|GLN|hydrophobic_interaction|frequency,2026091904,0,9,0.0
zopiclone,alpha1,alpha1|BZD_SITE_204|GLN|hydrophobic_interaction|frequency,2026091905,0,9,0.0
zaleplon,alpha1,alpha1|BZD_SITE_204|GLN|hydrophobic_interaction|frequency,2026091901,0,9,0.0
zaleplon,alpha1,alpha1|BZD_SITE_204|GLN|hydrophobic_interaction|frequency,2026091902,0,9,0.0
zaleplon,alpha1,alpha1|BZD_SITE_204|GLN|hydrophobic_interaction|frequency,2026091903,0,9,0.0
zaleplon,alpha1,alpha1|BZD_SITE_204|GLN|hydrophobic_interaction|frequency,2026091904,0,9,0.0
zaleplon,alpha1,alpha1|BZD_SITE_204|GLN|hydrophobic_interaction|frequency,2026091905,0,9,0.0
diazepam,alpha1,alpha1|BZD_SITE_205|SER|hydrogen_bond|frequency,2026091901,1,9,0.1111111111111111
diazepam,alpha1,alpha1|BZD_SITE_205|SER|hydrogen_bond|frequency,2026091902,2,9,0.2222222222222222
diazepam,alpha1,alpha1|BZD_SITE_205|SER|hydrogen_bond|frequency,2026091903,1,9,0.1111111111111111
diazepam,alpha1,alpha1|BZD_SITE_205|SER|hydrogen_bond|frequency,2026091904,2,9,0.2222222222222222
diazepam,alpha1,alpha1|BZD_SITE_205|SER|hydrogen_bond|frequency,2026091905,2,9,0.2222222222222222
alprazolam,alpha1,alpha1|BZD_SITE_205|SER|hydrogen_bond|frequency,2026091901,2,8,0.25
alprazolam,alpha1,alpha1|BZD_SITE_205|SER|hydrogen_bond|frequency,2026091902,2,7,0.2857142857142857
alprazolam,alpha1,alpha1|BZD_SITE_205|SER|hydrogen_bond|frequency,2026091903,3,7,0.42857142857142855
alprazolam,alpha1,alpha1|BZD_SITE_205|SER|hydrogen_bond|frequency,2026091904,3,7,0.42857142857142855
alprazolam,alpha1,alpha1|BZD_SITE_205|SER|hydrogen_bond|frequency,2026091905,2,6,0.3333333333333333
triazolam,alpha1,alpha1|BZD_SITE_205|SER|hydrogen_bond|frequency,2026091901,3,9,0.3333333333333333
triazolam,alpha1,alpha1|BZD_SITE_205|SER|hydrogen_bond|frequency,2026091902,2,8,0.25
triazolam,alpha1,alpha1|BZD_SITE_205|SER|hydrogen_bond|frequency,2026091903,2,8,0.25
triazolam,alpha1,alpha1|BZD_SITE_205|SER|hydrogen_bond|frequency,2026091904,2,9,0.2222222222222222
triazolam,alpha1,alpha1|BZD_SITE_205|SER|hydrogen_bond|frequency,2026091905,1,6,0.16666666666666666
zolpidem,alpha1,alpha1|BZD_SITE_205|SER|hydrogen_bond|frequency,2026091901,6,9,0.6666666666666666
zolpidem,alpha1,alpha1|BZD_SITE_205|SER|hydrogen_bond|frequency,2026091902,6,9,0.6666666666666666
zolpidem,alpha1,alpha1|BZD_SITE_205|SER|hydrogen_bond|frequency,2026091903,6,9,0.6666666666666666
zolpidem,alpha1,alpha1|BZD_SITE_205|SER|hydrogen_bond|frequency,2026091904,6,9,0.6666666666666666
zolpidem,alpha1,alpha1|BZD_SITE_205|SER|hydrogen_bond|frequency,2026091905,6,9,0.6666666666666666
lorazepam,alpha1,alpha1|BZD_SITE_205|SER|hydrogen_bond|frequency,2026091901,2,9,0.2222222222222222
lorazepam,alpha1,alpha1|BZD_SITE_205|SER|hydrogen_bond|frequency,2026091902,2,9,0.2222222222222222
lorazepam,alpha1,alpha1|BZD_SITE_205|SER|hydrogen_bond|frequency,2026091903,1,9,0.1111111111111111
lorazepam,alpha1,alpha1|BZD_SITE_205|SER|hydrogen_bond|frequency,2026091904,1,9,0.1111111111111111
lorazepam,alpha1,alpha1|BZD_SITE_205|SER|hydrogen_bond|frequency,2026091905,1,9,0.1111111111111111
clonazepam,alpha1,alpha1|BZD_SITE_205|SER|hydrogen_bond|frequency,2026091901,4,9,0.4444444444444444
clonazepam,alpha1,alpha1|BZD_SITE_205|SER|hydrogen_bond|frequency,2026091902,2,9,0.2222222222222222
clonazepam,alpha1,alpha1|BZD_SITE_205|SER|hydrogen_bond|frequency,2026091903,3,9,0.3333333333333333
clonazepam,alpha1,alpha1|BZD_SITE_205|SER|hydrogen_bond|frequency,2026091904,1,9,0.1111111111111111
clonazepam,alpha1,alpha1|BZD_SITE_205|SER|hydrogen_bond|frequency,2026091905,2,9,0.2222222222222222
midazolam,alpha1,alpha1|BZD_SITE_205|SER|hydrogen_bond|frequency,2026091901,2,7,0.2857142857142857
midazolam,alpha1,alpha1|BZD_SITE_205|SER|hydrogen_bond|frequency,2026091902,2,9,0.2222222222222222
midazolam,alpha1,alpha1|BZD_SITE_205|SER|hydrogen_bond|frequency,2026091903,1,9,0.1111111111111111
midazolam,alpha1,alpha1|BZD_SITE_205|SER|hydrogen_bond|frequency,2026091904,3,9,0.3333333333333333
midazolam,alpha1,alpha1|BZD_SITE_205|SER|hydrogen_bond|frequency,2026091905,1,9,0.1111111111111111
temazepam,alpha1,alpha1|BZD_SITE_205|SER|hydrogen_bond|frequency,2026091901,2,9,0.2222222222222222
temazepam,alpha1,alpha1|BZD_SITE_205|SER|hydrogen_bond|frequency,2026091902,2,9,0.2222222222222222
temazepam,alpha1,alpha1|BZD_SITE_205|SER|hydrogen_bond|frequency,2026091903,2,9,0.2222222222222222
temazepam,alpha1,alpha1|BZD_SITE_205|SER|hydrogen_bond|frequency,2026091904,1,9,0.1111111111111111
temazepam,alpha1,alpha1|BZD_SITE_205|SER|hydrogen_bond|frequency,2026091905,4,9,0.4444444444444444
zopiclone,alpha1,alpha1|BZD_SITE_205|SER|hydrogen_bond|frequency,2026091901,5,9,0.5555555555555556
zopiclone,alpha1,alpha1|BZD_SITE_205|SER|hydrogen_bond|frequency,2026091902,4,9,0.4444444444444444
zopiclone,alpha1,alpha1|BZD_SITE_205|SER|hydrogen_bond|frequency,2026091903,5,9,0.5555555555555556
zopiclone,alpha1,alpha1|BZD_SITE_205|SER|hydrogen_bond|frequency,2026091904,5,9,0.5555555555555556
zopiclone,alpha1,alpha1|BZD_SITE_205|SER|hydrogen_bond|frequency,2026091905,4,9,0.4444444444444444
zaleplon,alpha1,alpha1|BZD_SITE_205|SER|hydrogen_bond|frequency,2026091901,1,9,0.1111111111111111
zaleplon,alpha1,alpha1|BZD_SITE_205|SER|hydrogen_bond|frequency,2026091902,2,9,0.2222222222222222
zaleplon,alpha1,alpha1|BZD_SITE_205|SER|hydrogen_bond|frequency,2026091903,1,9,0.1111111111111111
zaleplon,alpha1,alpha1|BZD_SITE_205|SER|hydrogen_bond|frequency,2026091904,0,9,0.0
zaleplon,alpha1,alpha1|BZD_SITE_205|SER|hydrogen_bond|frequency,2026091905,2,9,0.2222222222222222
diazepam,alpha1,alpha1|BZD_SITE_206|SER|hydrogen_bond|frequency,2026091901,0,9,0.0
diazepam,alpha1,alpha1|BZD_SITE_206|SER|hydrogen_bond|frequency,2026091902,0,9,0.0
diazepam,alpha1,alpha1|BZD_SITE_206|SER|hydrogen_bond|frequency,2026091903,0,9,0.0
diazepam,alpha1,alpha1|BZD_SITE_206|SER|hydrogen_bond|frequency,2026091904,0,9,0.0
diazepam,alpha1,alpha1|BZD_SITE_206|SER|hydrogen_bond|frequency,2026091905,0,9,0.0
alprazolam,alpha1,alpha1|BZD_SITE_206|SER|hydrogen_bond|frequency,2026091901,0,8,0.0
alprazolam,alpha1,alpha1|BZD_SITE_206|SER|hydrogen_bond|frequency,2026091902,0,7,0.0
alprazolam,alpha1,alpha1|BZD_SITE_206|SER|hydrogen_bond|frequency,2026091903,1,7,0.14285714285714285
alprazolam,alpha1,alpha1|BZD_SITE_206|SER|hydrogen_bond|frequency,2026091904,1,7,0.14285714285714285
alprazolam,alpha1,alpha1|BZD_SITE_206|SER|hydrogen_bond|frequency,2026091905,1,6,0.16666666666666666
triazolam,alpha1,alpha1|BZD_SITE_206|SER|hydrogen_bond|frequency,2026091901,0,9,0.0
triazolam,alpha1,alpha1|BZD_SITE_206|SER|hydrogen_bond|frequency,2026091902,0,8,0.0
triazolam,alpha1,alpha1|BZD_SITE_206|SER|hydrogen_bond|frequency,2026091903,1,8,0.125
triazolam,alpha1,alpha1|BZD_SITE_206|SER|hydrogen_bond|frequency,2026091904,0,9,0.0
triazolam,alpha1,alpha1|BZD_SITE_206|SER|hydrogen_bond|frequency,2026091905,1,6,0.16666666666666666
zolpidem,alpha1,alpha1|BZD_SITE_206|SER|hydrogen_bond|frequency,2026091901,0,9,0.0
zolpidem,alpha1,alpha1|BZD_SITE_206|SER|hydrogen_bond|frequency,2026091902,0,9,0.0
zolpidem,alpha1,alpha1|BZD_SITE_206|SER|hydrogen_bond|frequency,2026091903,0,9,0.0
zolpidem,alpha1,alpha1|BZD_SITE_206|SER|hydrogen_bond|frequency,2026091904,0,9,0.0
zolpidem,alpha1,alpha1|BZD_SITE_206|SER|hydrogen_bond|frequency,2026091905,0,9,0.0
lorazepam,alpha1,alpha1|BZD_SITE_206|SER|hydrogen_bond|frequency,2026091901,1,9,0.1111111111111111
lorazepam,alpha1,alpha1|BZD_SITE_206|SER|hydrogen_bond|frequency,2026091902,1,9,0.1111111111111111
lorazepam,alpha1,alpha1|BZD_SITE_206|SER|hydrogen_bond|frequency,2026091903,0,9,0.0
lorazepam,alpha1,alpha1|BZD_SITE_206|SER|hydrogen_bond|frequency,2026091904,0,9,0.0
lorazepam,alpha1,alpha1|BZD_SITE_206|SER|hydrogen_bond|frequency,2026091905,1,9,0.1111111111111111
clonazepam,alpha1,alpha1|BZD_SITE_206|SER|hydrogen_bond|frequency,2026091901,1,9,0.1111111111111111
clonazepam,alpha1,alpha1|BZD_SITE_206|SER|hydrogen_bond|frequency,2026091902,0,9,0.0
clonazepam,alpha1,alpha1|BZD_SITE_206|SER|hydrogen_bond|frequency,2026091903,1,9,0.1111111111111111
clonazepam,alpha1,alpha1|BZD_SITE_206|SER|hydrogen_bond|frequency,2026091904,0,9,0.0
clonazepam,alpha1,alpha1|BZD_SITE_206|SER|hydrogen_bond|frequency,2026091905,1,9,0.1111111111111111
midazolam,alpha1,alpha1|BZD_SITE_206|SER|hydrogen_bond|frequency,2026091901,0,7,0.0
midazolam,alpha1,alpha1|BZD_SITE_206|SER|hydrogen_bond|frequency,2026091902,0,9,0.0
midazolam,alpha1,alpha1|BZD_SITE_206|SER|hydrogen_bond|frequency,2026091903,0,9,0.0
midazolam,alpha1,alpha1|BZD_SITE_206|SER|hydrogen_bond|frequency,2026091904,0,9,0.0
midazolam,alpha1,alpha1|BZD_SITE_206|SER|hydrogen_bond|frequency,2026091905,0,9,0.0
temazepam,alpha1,alpha1|BZD_SITE_206|SER|hydrogen_bond|frequency,2026091901,2,9,0.2222222222222222
temazepam,alpha1,alpha1|BZD_SITE_206|SER|hydrogen_bond|frequency,2026091902,1,9,0.1111111111111111
temazepam,alpha1,alpha1|BZD_SITE_206|SER|hydrogen_bond|frequency,2026091903,2,9,0.2222222222222222
temazepam,alpha1,alpha1|BZD_SITE_206|SER|hydrogen_bond|frequency,2026091904,1,9,0.1111111111111111
temazepam,alpha1,alpha1|BZD_SITE_206|SER|hydrogen_bond|frequency,2026091905,3,9,0.3333333333333333
zopiclone,alpha1,alpha1|BZD_SITE_206|SER|hydrogen_bond|frequency,2026091901,1,9,0.1111111111111111
zopiclone,alpha1,alpha1|BZD_SITE_206|SER|hydrogen_bond|frequency,2026091902,1,9,0.1111111111111111
zopiclone,alpha1,alpha1|BZD_SITE_206|SER|hydrogen_bond|frequency,2026091903,1,9,0.1111111111111111
zopiclone,alpha1,alpha1|BZD_SITE_206|SER|hydrogen_bond|frequency,2026091904,0,9,0.0
zopiclone,alpha1,alpha1|BZD_SITE_206|SER|hydrogen_bond|frequency,2026091905,1,9,0.1111111111111111
zaleplon,alpha1,alpha1|BZD_SITE_206|SER|hydrogen_bond|frequency,2026091901,0,9,0.0
zaleplon,alpha1,alpha1|BZD_SITE_206|SER|hydrogen_bond|frequency,2026091902,1,9,0.1111111111111111
zaleplon,alpha1,alpha1|BZD_SITE_206|SER|hydrogen_bond|frequency,2026091903,1,9,0.1111111111111111
zaleplon,alpha1,alpha1|BZD_SITE_206|SER|hydrogen_bond|frequency,2026091904,0,9,0.0
zaleplon,alpha1,alpha1|BZD_SITE_206|SER|hydrogen_bond|frequency,2026091905,2,9,0.2222222222222222
diazepam,alpha1,alpha1|BZD_SITE_207|THR|hydrogen_bond|frequency,2026091901,1,9,0.1111111111111111
diazepam,alpha1,alpha1|BZD_SITE_207|THR|hydrogen_bond|frequency,2026091902,1,9,0.1111111111111111
diazepam,alpha1,alpha1|BZD_SITE_207|THR|hydrogen_bond|frequency,2026091903,1,9,0.1111111111111111
diazepam,alpha1,alpha1|BZD_SITE_207|THR|hydrogen_bond|frequency,2026091904,2,9,0.2222222222222222
diazepam,alpha1,alpha1|BZD_SITE_207|THR|hydrogen_bond|frequency,2026091905,1,9,0.1111111111111111
alprazolam,alpha1,alpha1|BZD_SITE_207|THR|hydrogen_bond|frequency,2026091901,0,8,0.0
alprazolam,alpha1,alpha1|BZD_SITE_207|THR|hydrogen_bond|frequency,2026091902,0,7,0.0
alprazolam,alpha1,alpha1|BZD_SITE_207|THR|hydrogen_bond|frequency,2026091903,0,7,0.0
alprazolam,alpha1,alpha1|BZD_SITE_207|THR|hydrogen_bond|frequency,2026091904,0,7,0.0
alprazolam,alpha1,alpha1|BZD_SITE_207|THR|hydrogen_bond|frequency,2026091905,0,6,0.0
triazolam,alpha1,alpha1|BZD_SITE_207|THR|hydrogen_bond|frequency,2026091901,0,9,0.0
triazolam,alpha1,alpha1|BZD_SITE_207|THR|hydrogen_bond|frequency,2026091902,0,8,0.0
triazolam,alpha1,alpha1|BZD_SITE_207|THR|hydrogen_bond|frequency,2026091903,0,8,0.0
triazolam,alpha1,alpha1|BZD_SITE_207|THR|hydrogen_bond|frequency,2026091904,0,9,0.0
triazolam,alpha1,alpha1|BZD_SITE_207|THR|hydrogen_bond|frequency,2026091905,0,6,0.0
zolpidem,alpha1,alpha1|BZD_SITE_207|THR|hydrogen_bond|frequency,2026091901,0,9,0.0
zolpidem,alpha1,alpha1|BZD_SITE_207|THR|hydrogen_bond|frequency,2026091902,0,9,0.0
zolpidem,alpha1,alpha1|BZD_SITE_207|THR|hydrogen_bond|frequency,2026091903,0,9,0.0
zolpidem,alpha1,alpha1|BZD_SITE_207|THR|hydrogen_bond|frequency,2026091904,0,9,0.0
zolpidem,alpha1,alpha1|BZD_SITE_207|THR|hydrogen_bond|frequency,2026091905,0,9,0.0
lorazepam,alpha1,alpha1|BZD_SITE_207|THR|hydrogen_bond|frequency,2026091901,1,9,0.1111111111111111
lorazepam,alpha1,alpha1|BZD_SITE_207|THR|hydrogen_bond|frequency,2026091902,1,9,0.1111111111111111
lorazepam,alpha1,alpha1|BZD_SITE_207|THR|hydrogen_bond|frequency,2026091903,1,9,0.1111111111111111
lorazepam,alpha1,alpha1|BZD_SITE_207|THR|hydrogen_bond|frequency,2026091904,0,9,0.0
lorazepam,alpha1,alpha1|BZD_SITE_207|THR|hydrogen_bond|frequency,2026091905,1,9,0.1111111111111111
clonazepam,alpha1,alpha1|BZD_SITE_207|THR|hydrogen_bond|frequency,2026091901,0,9,0.0
clonazepam,alpha1,alpha1|BZD_SITE_207|THR|hydrogen_bond|frequency,2026091902,0,9,0.0
clonazepam,alpha1,alpha1|BZD_SITE_207|THR|hydrogen_bond|frequency,2026091903,0,9,0.0
clonazepam,alpha1,alpha1|BZD_SITE_207|THR|hydrogen_bond|frequency,2026091904,0,9,0.0
clonazepam,alpha1,alpha1|BZD_SITE_207|THR|hydrogen_bond|frequency,2026091905,0,9,0.0
midazolam,alpha1,alpha1|BZD_SITE_207|THR|hydrogen_bond|frequency,2026091901,0,7,0.0
midazolam,alpha1,alpha1|BZD_SITE_207|THR|hydrogen_bond|frequency,2026091902,0,9,0.0
midazolam,alpha1,alpha1|BZD_SITE_207|THR|hydrogen_bond|frequency,2026091903,0,9,0.0
midazolam,alpha1,alpha1|BZD_SITE_207|THR|hydrogen_bond|frequency,2026091904,0,9,0.0
midazolam,alpha1,alpha1|BZD_SITE_207|THR|hydrogen_bond|frequency,2026091905,0,9,0.0
temazepam,alpha1,alpha1|BZD_SITE_207|THR|hydrogen_bond|frequency,2026091901,0,9,0.0
temazepam,alpha1,alpha1|BZD_SITE_207|THR|hydrogen_bond|frequency,2026091902,0,9,0.0
temazepam,alpha1,alpha1|BZD_SITE_207|THR|hydrogen_bond|frequency,2026091903,0,9,0.0
temazepam,alpha1,alpha1|BZD_SITE_207|THR|hydrogen_bond|frequency,2026091904,0,9,0.0
temazepam,alpha1,alpha1|BZD_SITE_207|THR|hydrogen_bond|frequency,2026091905,0,9,0.0
zopiclone,alpha1,alpha1|BZD_SITE_207|THR|hydrogen_bond|frequency,2026091901,0,9,0.0
zopiclone,alpha1,alpha1|BZD_SITE_207|THR|hydrogen_bond|frequency,2026091902,0,9,0.0
zopiclone,alpha1,alpha1|BZD_SITE_207|THR|hydrogen_bond|frequency,2026091903,1,9,0.1111111111111111
zopiclone,alpha1,alpha1|BZD_SITE_207|THR|hydrogen_bond|frequency,2026091904,0,9,0.0
zopiclone,alpha1,alpha1|BZD_SITE_207|THR|hydrogen_bond|frequency,2026091905,0,9,0.0
zaleplon,alpha1,alpha1|BZD_SITE_207|THR|hydrogen_bond|frequency,2026091901,2,9,0.2222222222222222
zaleplon,alpha1,alpha1|BZD_SITE_207|THR|hydrogen_bond|frequency,2026091902,0,9,0.0
zaleplon,alpha1,alpha1|BZD_SITE_207|THR|hydrogen_bond|frequency,2026091903,0,9,0.0
zaleplon,alpha1,alpha1|BZD_SITE_207|THR|hydrogen_bond|frequency,2026091904,0,9,0.0
zaleplon,alpha1,alpha1|BZD_SITE_207|THR|hydrogen_bond|frequency,2026091905,1,9,0.1111111111111111
diazepam,alpha1,alpha1|BZD_SITE_207|THR|hydrophobic_interaction|frequency,2026091901,0,9,0.0
diazepam,alpha1,alpha1|BZD_SITE_207|THR|hydrophobic_interaction|frequency,2026091902,0,9,0.0
diazepam,alpha1,alpha1|BZD_SITE_207|THR|hydrophobic_interaction|frequency,2026091903,0,9,0.0
diazepam,alpha1,alpha1|BZD_SITE_207|THR|hydrophobic_interaction|frequency,2026091904,0,9,0.0
diazepam,alpha1,alpha1|BZD_SITE_207|THR|hydrophobic_interaction|frequency,2026091905,0,9,0.0
alprazolam,alpha1,alpha1|BZD_SITE_207|THR|hydrophobic_interaction|frequency,2026091901,0,8,0.0
alprazolam,alpha1,alpha1|BZD_SITE_207|THR|hydrophobic_interaction|frequency,2026091902,0,7,0.0
alprazolam,alpha1,alpha1|BZD_SITE_207|THR|hydrophobic_interaction|frequency,2026091903,0,7,0.0
alprazolam,alpha1,alpha1|BZD_SITE_207|THR|hydrophobic_interaction|frequency,2026091904,0,7,0.0
alprazolam,alpha1,alpha1|BZD_SITE_207|THR|hydrophobic_interaction|frequency,2026091905,1,6,0.16666666666666666
triazolam,alpha1,alpha1|BZD_SITE_207|THR|hydrophobic_interaction|frequency,2026091901,0,9,0.0
triazolam,alpha1,alpha1|BZD_SITE_207|THR|hydrophobic_interaction|frequency,2026091902,0,8,0.0
triazolam,alpha1,alpha1|BZD_SITE_207|THR|hydrophobic_interaction|frequency,2026091903,0,8,0.0
triazolam,alpha1,alpha1|BZD_SITE_207|THR|hydrophobic_interaction|frequency,2026091904,0,9,0.0
triazolam,alpha1,alpha1|BZD_SITE_207|THR|hydrophobic_interaction|frequency,2026091905,0,6,0.0
zolpidem,alpha1,alpha1|BZD_SITE_207|THR|hydrophobic_interaction|frequency,2026091901,3,9,0.3333333333333333
zolpidem,alpha1,alpha1|BZD_SITE_207|THR|hydrophobic_interaction|frequency,2026091902,3,9,0.3333333333333333
zolpidem,alpha1,alpha1|BZD_SITE_207|THR|hydrophobic_interaction|frequency,2026091903,2,9,0.2222222222222222
zolpidem,alpha1,alpha1|BZD_SITE_207|THR|hydrophobic_interaction|frequency,2026091904,2,9,0.2222222222222222
zolpidem,alpha1,alpha1|BZD_SITE_207|THR|hydrophobic_interaction|frequency,2026091905,2,9,0.2222222222222222
lorazepam,alpha1,alpha1|BZD_SITE_207|THR|hydrophobic_interaction|frequency,2026091901,1,9,0.1111111111111111
lorazepam,alpha1,alpha1|BZD_SITE_207|THR|hydrophobic_interaction|frequency,2026091902,1,9,0.1111111111111111
lorazepam,alpha1,alpha1|BZD_SITE_207|THR|hydrophobic_interaction|frequency,2026091903,0,9,0.0
lorazepam,alpha1,alpha1|BZD_SITE_207|THR|hydrophobic_interaction|frequency,2026091904,0,9,0.0
lorazepam,alpha1,alpha1|BZD_SITE_207|THR|hydrophobic_interaction|frequency,2026091905,1,9,0.1111111111111111
clonazepam,alpha1,alpha1|BZD_SITE_207|THR|hydrophobic_interaction|frequency,2026091901,0,9,0.0
clonazepam,alpha1,alpha1|BZD_SITE_207|THR|hydrophobic_interaction|frequency,2026091902,1,9,0.1111111111111111
clonazepam,alpha1,alpha1|BZD_SITE_207|THR|hydrophobic_interaction|frequency,2026091903,1,9,0.1111111111111111
clonazepam,alpha1,alpha1|BZD_SITE_207|THR|hydrophobic_interaction|frequency,2026091904,0,9,0.0
clonazepam,alpha1,alpha1|BZD_SITE_207|THR|hydrophobic_interaction|frequency,2026091905,1,9,0.1111111111111111
midazolam,alpha1,alpha1|BZD_SITE_207|THR|hydrophobic_interaction|frequency,2026091901,0,7,0.0
midazolam,alpha1,alpha1|BZD_SITE_207|THR|hydrophobic_interaction|frequency,2026091902,0,9,0.0
midazolam,alpha1,alpha1|BZD_SITE_207|THR|hydrophobic_interaction|frequency,2026091903,0,9,0.0
midazolam,alpha1,alpha1|BZD_SITE_207|THR|hydrophobic_interaction|frequency,2026091904,0,9,0.0
midazolam,alpha1,alpha1|BZD_SITE_207|THR|hydrophobic_interaction|frequency,2026091905,0,9,0.0
temazepam,alpha1,alpha1|BZD_SITE_207|THR|hydrophobic_interaction|frequency,2026091901,1,9,0.1111111111111111
temazepam,alpha1,alpha1|BZD_SITE_207|THR|hydrophobic_interaction|frequency,2026091902,0,9,0.0
temazepam,alpha1,alpha1|BZD_SITE_207|THR|hydrophobic_interaction|frequency,2026091903,1,9,0.1111111111111111
temazepam,alpha1,alpha1|BZD_SITE_207|THR|hydrophobic_interaction|frequency,2026091904,0,9,0.0
temazepam,alpha1,alpha1|BZD_SITE_207|THR|hydrophobic_interaction|frequency,2026091905,1,9,0.1111111111111111
zopiclone,alpha1,alpha1|BZD_SITE_207|THR|hydrophobic_interaction|frequency,2026091901,0,9,0.0
zopiclone,alpha1,alpha1|BZD_SITE_207|THR|hydrophobic_interaction|frequency,2026091902,0,9,0.0
zopiclone,alpha1,alpha1|BZD_SITE_207|THR|hydrophobic_interaction|frequency,2026091903,0,9,0.0
zopiclone,alpha1,alpha1|BZD_SITE_207|THR|hydrophobic_interaction|frequency,2026091904,0,9,0.0
zopiclone,alpha1,alpha1|BZD_SITE_207|THR|hydrophobic_interaction|frequency,2026091905,0,9,0.0
zaleplon,alpha1,alpha1|BZD_SITE_207|THR|hydrophobic_interaction|frequency,2026091901,2,9,0.2222222222222222
zaleplon,alpha1,alpha1|BZD_SITE_207|THR|hydrophobic_interaction|frequency,2026091902,1,9,0.1111111111111111
zaleplon,alpha1,alpha1|BZD_SITE_207|THR|hydrophobic_interaction|frequency,2026091903,1,9,0.1111111111111111
zaleplon,alpha1,alpha1|BZD_SITE_207|THR|hydrophobic_interaction|frequency,2026091904,0,9,0.0
zaleplon,alpha1,alpha1|BZD_SITE_207|THR|hydrophobic_interaction|frequency,2026091905,2,9,0.2222222222222222
diazepam,alpha1,alpha1|BZD_SITE_210|TYR|hydrogen_bond|frequency,2026091901,0,9,0.0
diazepam,alpha1,alpha1|BZD_SITE_210|TYR|hydrogen_bond|frequency,2026091902,0,9,0.0
diazepam,alpha1,alpha1|BZD_SITE_210|TYR|hydrogen_bond|frequency,2026091903,0,9,0.0
diazepam,alpha1,alpha1|BZD_SITE_210|TYR|hydrogen_bond|frequency,2026091904,0,9,0.0
diazepam,alpha1,alpha1|BZD_SITE_210|TYR|hydrogen_bond|frequency,2026091905,0,9,0.0
alprazolam,alpha1,alpha1|BZD_SITE_210|TYR|hydrogen_bond|frequency,2026091901,0,8,0.0
alprazolam,alpha1,alpha1|BZD_SITE_210|TYR|hydrogen_bond|frequency,2026091902,0,7,0.0
alprazolam,alpha1,alpha1|BZD_SITE_210|TYR|hydrogen_bond|frequency,2026091903,0,7,0.0
alprazolam,alpha1,alpha1|BZD_SITE_210|TYR|hydrogen_bond|frequency,2026091904,0,7,0.0
alprazolam,alpha1,alpha1|BZD_SITE_210|TYR|hydrogen_bond|frequency,2026091905,0,6,0.0
triazolam,alpha1,alpha1|BZD_SITE_210|TYR|hydrogen_bond|frequency,2026091901,0,9,0.0
triazolam,alpha1,alpha1|BZD_SITE_210|TYR|hydrogen_bond|frequency,2026091902,0,8,0.0
triazolam,alpha1,alpha1|BZD_SITE_210|TYR|hydrogen_bond|frequency,2026091903,0,8,0.0
triazolam,alpha1,alpha1|BZD_SITE_210|TYR|hydrogen_bond|frequency,2026091904,0,9,0.0
triazolam,alpha1,alpha1|BZD_SITE_210|TYR|hydrogen_bond|frequency,2026091905,0,6,0.0
zolpidem,alpha1,alpha1|BZD_SITE_210|TYR|hydrogen_bond|frequency,2026091901,0,9,0.0
zolpidem,alpha1,alpha1|BZD_SITE_210|TYR|hydrogen_bond|frequency,2026091902,0,9,0.0
zolpidem,alpha1,alpha1|BZD_SITE_210|TYR|hydrogen_bond|frequency,2026091903,0,9,0.0
zolpidem,alpha1,alpha1|BZD_SITE_210|TYR|hydrogen_bond|frequency,2026091904,0,9,0.0
zolpidem,alpha1,alpha1|BZD_SITE_210|TYR|hydrogen_bond|frequency,2026091905,0,9,0.0
lorazepam,alpha1,alpha1|BZD_SITE_210|TYR|hydrogen_bond|frequency,2026091901,1,9,0.1111111111111111
lorazepam,alpha1,alpha1|BZD_SITE_210|TYR|hydrogen_bond|frequency,2026091902,0,9,0.0
lorazepam,alpha1,alpha1|BZD_SITE_210|TYR|hydrogen_bond|frequency,2026091903,0,9,0.0
lorazepam,alpha1,alpha1|BZD_SITE_210|TYR|hydrogen_bond|frequency,2026091904,0,9,0.0
lorazepam,alpha1,alpha1|BZD_SITE_210|TYR|hydrogen_bond|frequency,2026091905,0,9,0.0
clonazepam,alpha1,alpha1|BZD_SITE_210|TYR|hydrogen_bond|frequency,2026091901,0,9,0.0
clonazepam,alpha1,alpha1|BZD_SITE_210|TYR|hydrogen_bond|frequency,2026091902,0,9,0.0
clonazepam,alpha1,alpha1|BZD_SITE_210|TYR|hydrogen_bond|frequency,2026091903,0,9,0.0
clonazepam,alpha1,alpha1|BZD_SITE_210|TYR|hydrogen_bond|frequency,2026091904,0,9,0.0
clonazepam,alpha1,alpha1|BZD_SITE_210|TYR|hydrogen_bond|frequency,2026091905,0,9,0.0
midazolam,alpha1,alpha1|BZD_SITE_210|TYR|hydrogen_bond|frequency,2026091901,0,7,0.0
midazolam,alpha1,alpha1|BZD_SITE_210|TYR|hydrogen_bond|frequency,2026091902,0,9,0.0
midazolam,alpha1,alpha1|BZD_SITE_210|TYR|hydrogen_bond|frequency,2026091903,0,9,0.0
midazolam,alpha1,alpha1|BZD_SITE_210|TYR|hydrogen_bond|frequency,2026091904,0,9,0.0
midazolam,alpha1,alpha1|BZD_SITE_210|TYR|hydrogen_bond|frequency,2026091905,0,9,0.0
temazepam,alpha1,alpha1|BZD_SITE_210|TYR|hydrogen_bond|frequency,2026091901,0,9,0.0
temazepam,alpha1,alpha1|BZD_SITE_210|TYR|hydrogen_bond|frequency,2026091902,0,9,0.0
temazepam,alpha1,alpha1|BZD_SITE_210|TYR|hydrogen_bond|frequency,2026091903,0,9,0.0
temazepam,alpha1,alpha1|BZD_SITE_210|TYR|hydrogen_bond|frequency,2026091904,0,9,0.0
temazepam,alpha1,alpha1|BZD_SITE_210|TYR|hydrogen_bond|frequency,2026091905,0,9,0.0
zopiclone,alpha1,alpha1|BZD_SITE_210|TYR|hydrogen_bond|frequency,2026091901,0,9,0.0
zopiclone,alpha1,alpha1|BZD_SITE_210|TYR|hydrogen_bond|frequency,2026091902,0,9,0.0
zopiclone,alpha1,alpha1|BZD_SITE_210|TYR|hydrogen_bond|frequency,2026091903,0,9,0.0
zopiclone,alpha1,alpha1|BZD_SITE_210|TYR|hydrogen_bond|frequency,2026091904,0,9,0.0
zopiclone,alpha1,alpha1|BZD_SITE_210|TYR|hydrogen_bond|frequency,2026091905,0,9,0.0
zaleplon,alpha1,alpha1|BZD_SITE_210|TYR|hydrogen_bond|frequency,2026091901,0,9,0.0
zaleplon,alpha1,alpha1|BZD_SITE_210|TYR|hydrogen_bond|frequency,2026091902,0,9,0.0
zaleplon,alpha1,alpha1|BZD_SITE_210|TYR|hydrogen_bond|frequency,2026091903,0,9,0.0
zaleplon,alpha1,alpha1|BZD_SITE_210|TYR|hydrogen_bond|frequency,2026091904,0,9,0.0
zaleplon,alpha1,alpha1|BZD_SITE_210|TYR|hydrogen_bond|frequency,2026091905,0,9,0.0
diazepam,alpha1,alpha1|BZD_SITE_210|TYR|hydrophobic_interaction|frequency,2026091901,2,9,0.2222222222222222
diazepam,alpha1,alpha1|BZD_SITE_210|TYR|hydrophobic_interaction|frequency,2026091902,2,9,0.2222222222222222
diazepam,alpha1,alpha1|BZD_SITE_210|TYR|hydrophobic_interaction|frequency,2026091903,2,9,0.2222222222222222
diazepam,alpha1,alpha1|BZD_SITE_210|TYR|hydrophobic_interaction|frequency,2026091904,1,9,0.1111111111111111
diazepam,alpha1,alpha1|BZD_SITE_210|TYR|hydrophobic_interaction|frequency,2026091905,2,9,0.2222222222222222
alprazolam,alpha1,alpha1|BZD_SITE_210|TYR|hydrophobic_interaction|frequency,2026091901,3,8,0.375
alprazolam,alpha1,alpha1|BZD_SITE_210|TYR|hydrophobic_interaction|frequency,2026091902,3,7,0.42857142857142855
alprazolam,alpha1,alpha1|BZD_SITE_210|TYR|hydrophobic_interaction|frequency,2026091903,4,7,0.5714285714285714
alprazolam,alpha1,alpha1|BZD_SITE_210|TYR|hydrophobic_interaction|frequency,2026091904,3,7,0.42857142857142855
alprazolam,alpha1,alpha1|BZD_SITE_210|TYR|hydrophobic_interaction|frequency,2026091905,3,6,0.5
triazolam,alpha1,alpha1|BZD_SITE_210|TYR|hydrophobic_interaction|frequency,2026091901,4,9,0.4444444444444444
triazolam,alpha1,alpha1|BZD_SITE_210|TYR|hydrophobic_interaction|frequency,2026091902,4,8,0.5
triazolam,alpha1,alpha1|BZD_SITE_210|TYR|hydrophobic_interaction|frequency,2026091903,4,8,0.5
triazolam,alpha1,alpha1|BZD_SITE_210|TYR|hydrophobic_interaction|frequency,2026091904,3,9,0.3333333333333333
triazolam,alpha1,alpha1|BZD_SITE_210|TYR|hydrophobic_interaction|frequency,2026091905,1,6,0.16666666666666666
zolpidem,alpha1,alpha1|BZD_SITE_210|TYR|hydrophobic_interaction|frequency,2026091901,2,9,0.2222222222222222
zolpidem,alpha1,alpha1|BZD_SITE_210|TYR|hydrophobic_interaction|frequency,2026091902,2,9,0.2222222222222222
zolpidem,alpha1,alpha1|BZD_SITE_210|TYR|hydrophobic_interaction|frequency,2026091903,4,9,0.4444444444444444
zolpidem,alpha1,alpha1|BZD_SITE_210|TYR|hydrophobic_interaction|frequency,2026091904,2,9,0.2222222222222222
zolpidem,alpha1,alpha1|BZD_SITE_210|TYR|hydrophobic_interaction|frequency,2026091905,2,9,0.2222222222222222
lorazepam,alpha1,alpha1|BZD_SITE_210|TYR|hydrophobic_interaction|frequency,2026091901,3,9,0.3333333333333333
lorazepam,alpha1,alpha1|BZD_SITE_210|TYR|hydrophobic_interaction|frequency,2026091902,3,9,0.3333333333333333
lorazepam,alpha1,alpha1|BZD_SITE_210|TYR|hydrophobic_interaction|frequency,2026091903,2,9,0.2222222222222222
lorazepam,alpha1,alpha1|BZD_SITE_210|TYR|hydrophobic_interaction|frequency,2026091904,2,9,0.2222222222222222
lorazepam,alpha1,alpha1|BZD_SITE_210|TYR|hydrophobic_interaction|frequency,2026091905,3,9,0.3333333333333333
clonazepam,alpha1,alpha1|BZD_SITE_210|TYR|hydrophobic_interaction|frequency,2026091901,2,9,0.2222222222222222
clonazepam,alpha1,alpha1|BZD_SITE_210|TYR|hydrophobic_interaction|frequency,2026091902,2,9,0.2222222222222222
clonazepam,alpha1,alpha1|BZD_SITE_210|TYR|hydrophobic_interaction|frequency,2026091903,3,9,0.3333333333333333
clonazepam,alpha1,alpha1|BZD_SITE_210|TYR|hydrophobic_interaction|frequency,2026091904,2,9,0.2222222222222222
clonazepam,alpha1,alpha1|BZD_SITE_210|TYR|hydrophobic_interaction|frequency,2026091905,2,9,0.2222222222222222
midazolam,alpha1,alpha1|BZD_SITE_210|TYR|hydrophobic_interaction|frequency,2026091901,4,7,0.5714285714285714
midazolam,alpha1,alpha1|BZD_SITE_210|TYR|hydrophobic_interaction|frequency,2026091902,4,9,0.4444444444444444
midazolam,alpha1,alpha1|BZD_SITE_210|TYR|hydrophobic_interaction|frequency,2026091903,4,9,0.4444444444444444
midazolam,alpha1,alpha1|BZD_SITE_210|TYR|hydrophobic_interaction|frequency,2026091904,4,9,0.4444444444444444
midazolam,alpha1,alpha1|BZD_SITE_210|TYR|hydrophobic_interaction|frequency,2026091905,4,9,0.4444444444444444
temazepam,alpha1,alpha1|BZD_SITE_210|TYR|hydrophobic_interaction|frequency,2026091901,4,9,0.4444444444444444
temazepam,alpha1,alpha1|BZD_SITE_210|TYR|hydrophobic_interaction|frequency,2026091902,2,9,0.2222222222222222
temazepam,alpha1,alpha1|BZD_SITE_210|TYR|hydrophobic_interaction|frequency,2026091903,3,9,0.3333333333333333
temazepam,alpha1,alpha1|BZD_SITE_210|TYR|hydrophobic_interaction|frequency,2026091904,1,9,0.1111111111111111
temazepam,alpha1,alpha1|BZD_SITE_210|TYR|hydrophobic_interaction|frequency,2026091905,3,9,0.3333333333333333
zopiclone,alpha1,alpha1|BZD_SITE_210|TYR|hydrophobic_interaction|frequency,2026091901,1,9,0.1111111111111111
zopiclone,alpha1,alpha1|BZD_SITE_210|TYR|hydrophobic_interaction|frequency,2026091902,1,9,0.1111111111111111
zopiclone,alpha1,alpha1|BZD_SITE_210|TYR|hydrophobic_interaction|frequency,2026091903,0,9,0.0
zopiclone,alpha1,alpha1|BZD_SITE_210|TYR|hydrophobic_interaction|frequency,2026091904,0,9,0.0
zopiclone,alpha1,alpha1|BZD_SITE_210|TYR|hydrophobic_interaction|frequency,2026091905,1,9,0.1111111111111111
zaleplon,alpha1,alpha1|BZD_SITE_210|TYR|hydrophobic_interaction|frequency,2026091901,4,9,0.4444444444444444
zaleplon,alpha1,alpha1|BZD_SITE_210|TYR|hydrophobic_interaction|frequency,2026091902,3,9,0.3333333333333333
zaleplon,alpha1,alpha1|BZD_SITE_210|TYR|hydrophobic_interaction|frequency,2026091903,3,9,0.3333333333333333
zaleplon,alpha1,alpha1|BZD_SITE_210|TYR|hydrophobic_interaction|frequency,2026091904,3,9,0.3333333333333333
zaleplon,alpha1,alpha1|BZD_SITE_210|TYR|hydrophobic_interaction|frequency,2026091905,3,9,0.3333333333333333
diazepam,alpha1,alpha1|BZD_SITE_210|TYR|pi_cation_interaction|frequency,2026091901,0,9,0.0
diazepam,alpha1,alpha1|BZD_SITE_210|TYR|pi_cation_interaction|frequency,2026091902,0,9,0.0
diazepam,alpha1,alpha1|BZD_SITE_210|TYR|pi_cation_interaction|frequency,2026091903,0,9,0.0
diazepam,alpha1,alpha1|BZD_SITE_210|TYR|pi_cation_interaction|frequency,2026091904,0,9,0.0
diazepam,alpha1,alpha1|BZD_SITE_210|TYR|pi_cation_interaction|frequency,2026091905,0,9,0.0
alprazolam,alpha1,alpha1|BZD_SITE_210|TYR|pi_cation_interaction|frequency,2026091901,0,8,0.0
alprazolam,alpha1,alpha1|BZD_SITE_210|TYR|pi_cation_interaction|frequency,2026091902,0,7,0.0
alprazolam,alpha1,alpha1|BZD_SITE_210|TYR|pi_cation_interaction|frequency,2026091903,0,7,0.0
alprazolam,alpha1,alpha1|BZD_SITE_210|TYR|pi_cation_interaction|frequency,2026091904,0,7,0.0
alprazolam,alpha1,alpha1|BZD_SITE_210|TYR|pi_cation_interaction|frequency,2026091905,0,6,0.0
triazolam,alpha1,alpha1|BZD_SITE_210|TYR|pi_cation_interaction|frequency,2026091901,0,9,0.0
triazolam,alpha1,alpha1|BZD_SITE_210|TYR|pi_cation_interaction|frequency,2026091902,0,8,0.0
triazolam,alpha1,alpha1|BZD_SITE_210|TYR|pi_cation_interaction|frequency,2026091903,0,8,0.0
triazolam,alpha1,alpha1|BZD_SITE_210|TYR|pi_cation_interaction|frequency,2026091904,0,9,0.0
triazolam,alpha1,alpha1|BZD_SITE_210|TYR|pi_cation_interaction|frequency,2026091905,0,6,0.0
zolpidem,alpha1,alpha1|BZD_SITE_210|TYR|pi_cation_interaction|frequency,2026091901,0,9,0.0
zolpidem,alpha1,alpha1|BZD_SITE_210|TYR|pi_cation_interaction|frequency,2026091902,0,9,0.0
zolpidem,alpha1,alpha1|BZD_SITE_210|TYR|pi_cation_interaction|frequency,2026091903,0,9,0.0
zolpidem,alpha1,alpha1|BZD_SITE_210|TYR|pi_cation_interaction|frequency,2026091904,0,9,0.0
zolpidem,alpha1,alpha1|BZD_SITE_210|TYR|pi_cation_interaction|frequency,2026091905,0,9,0.0
lorazepam,alpha1,alpha1|BZD_SITE_210|TYR|pi_cation_interaction|frequency,2026091901,0,9,0.0
lorazepam,alpha1,alpha1|BZD_SITE_210|TYR|pi_cation_interaction|frequency,2026091902,0,9,0.0
lorazepam,alpha1,alpha1|BZD_SITE_210|TYR|pi_cation_interaction|frequency,2026091903,0,9,0.0
lorazepam,alpha1,alpha1|BZD_SITE_210|TYR|pi_cation_interaction|frequency,2026091904,0,9,0.0
lorazepam,alpha1,alpha1|BZD_SITE_210|TYR|pi_cation_interaction|frequency,2026091905,0,9,0.0
clonazepam,alpha1,alpha1|BZD_SITE_210|TYR|pi_cation_interaction|frequency,2026091901,0,9,0.0
clonazepam,alpha1,alpha1|BZD_SITE_210|TYR|pi_cation_interaction|frequency,2026091902,0,9,0.0
clonazepam,alpha1,alpha1|BZD_SITE_210|TYR|pi_cation_interaction|frequency,2026091903,0,9,0.0
clonazepam,alpha1,alpha1|BZD_SITE_210|TYR|pi_cation_interaction|frequency,2026091904,0,9,0.0
clonazepam,alpha1,alpha1|BZD_SITE_210|TYR|pi_cation_interaction|frequency,2026091905,0,9,0.0
midazolam,alpha1,alpha1|BZD_SITE_210|TYR|pi_cation_interaction|frequency,2026091901,0,7,0.0
midazolam,alpha1,alpha1|BZD_SITE_210|TYR|pi_cation_interaction|frequency,2026091902,0,9,0.0
midazolam,alpha1,alpha1|BZD_SITE_210|TYR|pi_cation_interaction|frequency,2026091903,0,9,0.0
midazolam,alpha1,alpha1|BZD_SITE_210|TYR|pi_cation_interaction|frequency,2026091904,0,9,0.0
midazolam,alpha1,alpha1|BZD_SITE_210|TYR|pi_cation_interaction|frequency,2026091905,0,9,0.0
temazepam,alpha1,alpha1|BZD_SITE_210|TYR|pi_cation_interaction|frequency,2026091901,0,9,0.0
temazepam,alpha1,alpha1|BZD_SITE_210|TYR|pi_cation_interaction|frequency,2026091902,0,9,0.0
temazepam,alpha1,alpha1|BZD_SITE_210|TYR|pi_cation_interaction|frequency,2026091903,0,9,0.0
temazepam,alpha1,alpha1|BZD_SITE_210|TYR|pi_cation_interaction|frequency,2026091904,0,9,0.0
temazepam,alpha1,alpha1|BZD_SITE_210|TYR|pi_cation_interaction|frequency,2026091905,0,9,0.0
zopiclone,alpha1,alpha1|BZD_SITE_210|TYR|pi_cation_interaction|frequency,2026091901,1,9,0.1111111111111111
zopiclone,alpha1,alpha1|BZD_SITE_210|TYR|pi_cation_interaction|frequency,2026091902,1,9,0.1111111111111111
zopiclone,alpha1,alpha1|BZD_SITE_210|TYR|pi_cation_interaction|frequency,2026091903,0,9,0.0
zopiclone,alpha1,alpha1|BZD_SITE_210|TYR|pi_cation_interaction|frequency,2026091904,0,9,0.0
zopiclone,alpha1,alpha1|BZD_SITE_210|TYR|pi_cation_interaction|frequency,2026091905,1,9,0.1111111111111111
zaleplon,alpha1,alpha1|BZD_SITE_210|TYR|pi_cation_interaction|frequency,2026091901,0,9,0.0
zaleplon,alpha1,alpha1|BZD_SITE_210|TYR|pi_cation_interaction|frequency,2026091902,0,9,0.0
zaleplon,alpha1,alpha1|BZD_SITE_210|TYR|pi_cation_interaction|frequency,2026091903,0,9,0.0
zaleplon,alpha1,alpha1|BZD_SITE_210|TYR|pi_cation_interaction|frequency,2026091904,0,9,0.0
zaleplon,alpha1,alpha1|BZD_SITE_210|TYR|pi_cation_interaction|frequency,2026091905,0,9,0.0
diazepam,alpha1,alpha1|BZD_SITE_210|TYR|pi_stack|frequency,2026091901,1,9,0.1111111111111111
diazepam,alpha1,alpha1|BZD_SITE_210|TYR|pi_stack|frequency,2026091902,1,9,0.1111111111111111
diazepam,alpha1,alpha1|BZD_SITE_210|TYR|pi_stack|frequency,2026091903,1,9,0.1111111111111111
diazepam,alpha1,alpha1|BZD_SITE_210|TYR|pi_stack|frequency,2026091904,1,9,0.1111111111111111
diazepam,alpha1,alpha1|BZD_SITE_210|TYR|pi_stack|frequency,2026091905,2,9,0.2222222222222222
diazepam,alpha1,alpha1|BZD_SITE_210|TYR|pi_stack|P_frequency,2026091901,1,9,0.1111111111111111
diazepam,alpha1,alpha1|BZD_SITE_210|TYR|pi_stack|P_frequency,2026091902,1,9,0.1111111111111111
diazepam,alpha1,alpha1|BZD_SITE_210|TYR|pi_stack|P_frequency,2026091903,1,9,0.1111111111111111
diazepam,alpha1,alpha1|BZD_SITE_210|TYR|pi_stack|P_frequency,2026091904,1,9,0.1111111111111111
diazepam,alpha1,alpha1|BZD_SITE_210|TYR|pi_stack|P_frequency,2026091905,1,9,0.1111111111111111
diazepam,alpha1,alpha1|BZD_SITE_210|TYR|pi_stack|T_frequency,2026091901,0,9,0.0
diazepam,alpha1,alpha1|BZD_SITE_210|TYR|pi_stack|T_frequency,2026091902,0,9,0.0
diazepam,alpha1,alpha1|BZD_SITE_210|TYR|pi_stack|T_frequency,2026091903,0,9,0.0
diazepam,alpha1,alpha1|BZD_SITE_210|TYR|pi_stack|T_frequency,2026091904,0,9,0.0
diazepam,alpha1,alpha1|BZD_SITE_210|TYR|pi_stack|T_frequency,2026091905,1,9,0.1111111111111111
alprazolam,alpha1,alpha1|BZD_SITE_210|TYR|pi_stack|frequency,2026091901,2,8,0.25
alprazolam,alpha1,alpha1|BZD_SITE_210|TYR|pi_stack|frequency,2026091902,1,7,0.14285714285714285
alprazolam,alpha1,alpha1|BZD_SITE_210|TYR|pi_stack|frequency,2026091903,2,7,0.2857142857142857
alprazolam,alpha1,alpha1|BZD_SITE_210|TYR|pi_stack|frequency,2026091904,2,7,0.2857142857142857
alprazolam,alpha1,alpha1|BZD_SITE_210|TYR|pi_stack|frequency,2026091905,1,6,0.16666666666666666
alprazolam,alpha1,alpha1|BZD_SITE_210|TYR|pi_stack|P_frequency,2026091901,2,8,0.25
alprazolam,alpha1,alpha1|BZD_SITE_210|TYR|pi_stack|P_frequency,2026091902,1,7,0.14285714285714285
alprazolam,alpha1,alpha1|BZD_SITE_210|TYR|pi_stack|P_frequency,2026091903,2,7,0.2857142857142857
alprazolam,alpha1,alpha1|BZD_SITE_210|TYR|pi_stack|P_frequency,2026091904,2,7,0.2857142857142857
alprazolam,alpha1,alpha1|BZD_SITE_210|TYR|pi_stack|P_frequency,2026091905,1,6,0.16666666666666666
alprazolam,alpha1,alpha1|BZD_SITE_210|TYR|pi_stack|T_frequency,2026091901,0,8,0.0
alprazolam,alpha1,alpha1|BZD_SITE_210|TYR|pi_stack|T_frequency,2026091902,0,7,0.0
alprazolam,alpha1,alpha1|BZD_SITE_210|TYR|pi_stack|T_frequency,2026091903,0,7,0.0
alprazolam,alpha1,alpha1|BZD_SITE_210|TYR|pi_stack|T_frequency,2026091904,0,7,0.0
alprazolam,alpha1,alpha1|BZD_SITE_210|TYR|pi_stack|T_frequency,2026091905,0,6,0.0
triazolam,alpha1,alpha1|BZD_SITE_210|TYR|pi_stack|frequency,2026091901,2,9,0.2222222222222222
triazolam,alpha1,alpha1|BZD_SITE_210|TYR|pi_stack|frequency,2026091902,2,8,0.25
triazolam,alpha1,alpha1|BZD_SITE_210|TYR|pi_stack|frequency,2026091903,1,8,0.125
triazolam,alpha1,alpha1|BZD_SITE_210|TYR|pi_stack|frequency,2026091904,1,9,0.1111111111111111
triazolam,alpha1,alpha1|BZD_SITE_210|TYR|pi_stack|frequency,2026091905,1,6,0.16666666666666666
triazolam,alpha1,alpha1|BZD_SITE_210|TYR|pi_stack|P_frequency,2026091901,2,9,0.2222222222222222
triazolam,alpha1,alpha1|BZD_SITE_210|TYR|pi_stack|P_frequency,2026091902,2,8,0.25
triazolam,alpha1,alpha1|BZD_SITE_210|TYR|pi_stack|P_frequency,2026091903,1,8,0.125
triazolam,alpha1,alpha1|BZD_SITE_210|TYR|pi_stack|P_frequency,2026091904,1,9,0.1111111111111111
triazolam,alpha1,alpha1|BZD_SITE_210|TYR|pi_stack|P_frequency,2026091905,1,6,0.16666666666666666
triazolam,alpha1,alpha1|BZD_SITE_210|TYR|pi_stack|T_frequency,2026091901,0,9,0.0
triazolam,alpha1,alpha1|BZD_SITE_210|TYR|pi_stack|T_frequency,2026091902,0,8,0.0
triazolam,alpha1,alpha1|BZD_SITE_210|TYR|pi_stack|T_frequency,2026091903,0,8,0.0
triazolam,alpha1,alpha1|BZD_SITE_210|TYR|pi_stack|T_frequency,2026091904,0,9,0.0
triazolam,alpha1,alpha1|BZD_SITE_210|TYR|pi_stack|T_frequency,2026091905,0,6,0.0
zolpidem,alpha1,alpha1|BZD_SITE_210|TYR|pi_stack|frequency,2026091901,4,9,0.4444444444444444
zolpidem,alpha1,alpha1|BZD_SITE_210|TYR|pi_stack|frequency,2026091902,2,9,0.2222222222222222
zolpidem,alpha1,alpha1|BZD_SITE_210|TYR|pi_stack|frequency,2026091903,2,9,0.2222222222222222
zolpidem,alpha1,alpha1|BZD_SITE_210|TYR|pi_stack|frequency,2026091904,2,9,0.2222222222222222
zolpidem,alpha1,alpha1|BZD_SITE_210|TYR|pi_stack|frequency,2026091905,2,9,0.2222222222222222
zolpidem,alpha1,alpha1|BZD_SITE_210|TYR|pi_stack|P_frequency,2026091901,4,9,0.4444444444444444
zolpidem,alpha1,alpha1|BZD_SITE_210|TYR|pi_stack|P_frequency,2026091902,2,9,0.2222222222222222
zolpidem,alpha1,alpha1|BZD_SITE_210|TYR|pi_stack|P_frequency,2026091903,2,9,0.2222222222222222
zolpidem,alpha1,alpha1|BZD_SITE_210|TYR|pi_stack|P_frequency,2026091904,2,9,0.2222222222222222
zolpidem,alpha1,alpha1|BZD_SITE_210|TYR|pi_stack|P_frequency,2026091905,2,9,0.2222222222222222
zolpidem,alpha1,alpha1|BZD_SITE_210|TYR|pi_stack|T_frequency,2026091901,0,9,0.0
zolpidem,alpha1,alpha1|BZD_SITE_210|TYR|pi_stack|T_frequency,2026091902,0,9,0.0
zolpidem,alpha1,alpha1|BZD_SITE_210|TYR|pi_stack|T_frequency,2026091903,0,9,0.0
zolpidem,alpha1,alpha1|BZD_SITE_210|TYR|pi_stack|T_frequency,2026091904,0,9,0.0
zolpidem,alpha1,alpha1|BZD_SITE_210|TYR|pi_stack|T_frequency,2026091905,0,9,0.0
lorazepam,alpha1,alpha1|BZD_SITE_210|TYR|pi_stack|frequency,2026091901,1,9,0.1111111111111111
lorazepam,alpha1,alpha1|BZD_SITE_210|TYR|pi_stack|frequency,2026091902,0,9,0.0
lorazepam,alpha1,alpha1|BZD_SITE_210|TYR|pi_stack|frequency,2026091903,0,9,0.0
lorazepam,alpha1,alpha1|BZD_SITE_210|TYR|pi_stack|frequency,2026091904,0,9,0.0
lorazepam,alpha1,alpha1|BZD_SITE_210|TYR|pi_stack|frequency,2026091905,0,9,0.0
lorazepam,alpha1,alpha1|BZD_SITE_210|TYR|pi_stack|P_frequency,2026091901,0,9,0.0
lorazepam,alpha1,alpha1|BZD_SITE_210|TYR|pi_stack|P_frequency,2026091902,0,9,0.0
lorazepam,alpha1,alpha1|BZD_SITE_210|TYR|pi_stack|P_frequency,2026091903,0,9,0.0
lorazepam,alpha1,alpha1|BZD_SITE_210|TYR|pi_stack|P_frequency,2026091904,0,9,0.0
lorazepam,alpha1,alpha1|BZD_SITE_210|TYR|pi_stack|P_frequency,2026091905,0,9,0.0
lorazepam,alpha1,alpha1|BZD_SITE_210|TYR|pi_stack|T_frequency,2026091901,1,9,0.1111111111111111
lorazepam,alpha1,alpha1|BZD_SITE_210|TYR|pi_stack|T_frequency,2026091902,0,9,0.0
lorazepam,alpha1,alpha1|BZD_SITE_210|TYR|pi_stack|T_frequency,2026091903,0,9,0.0
lorazepam,alpha1,alpha1|BZD_SITE_210|TYR|pi_stack|T_frequency,2026091904,0,9,0.0
lorazepam,alpha1,alpha1|BZD_SITE_210|TYR|pi_stack|T_frequency,2026091905,0,9,0.0
clonazepam,alpha1,alpha1|BZD_SITE_210|TYR|pi_stack|frequency,2026091901,3,9,0.3333333333333333
clonazepam,alpha1,alpha1|BZD_SITE_210|TYR|pi_stack|frequency,2026091902,1,9,0.1111111111111111
clonazepam,alpha1,alpha1|BZD_SITE_210|TYR|pi_stack|frequency,2026091903,1,9,0.1111111111111111
clonazepam,alpha1,alpha1|BZD_SITE_210|TYR|pi_stack|frequency,2026091904,1,9,0.1111111111111111
clonazepam,alpha1,alpha1|BZD_SITE_210|TYR|pi_stack|frequency,2026091905,2,9,0.2222222222222222
clonazepam,alpha1,alpha1|BZD_SITE_210|TYR|pi_stack|P_frequency,2026091901,3,9,0.3333333333333333
clonazepam,alpha1,alpha1|BZD_SITE_210|TYR|pi_stack|P_frequency,2026091902,1,9,0.1111111111111111
clonazepam,alpha1,alpha1|BZD_SITE_210|TYR|pi_stack|P_frequency,2026091903,1,9,0.1111111111111111
clonazepam,alpha1,alpha1|BZD_SITE_210|TYR|pi_stack|P_frequency,2026091904,1,9,0.1111111111111111
clonazepam,alpha1,alpha1|BZD_SITE_210|TYR|pi_stack|P_frequency,2026091905,2,9,0.2222222222222222
clonazepam,alpha1,alpha1|BZD_SITE_210|TYR|pi_stack|T_frequency,2026091901,0,9,0.0
clonazepam,alpha1,alpha1|BZD_SITE_210|TYR|pi_stack|T_frequency,2026091902,0,9,0.0
clonazepam,alpha1,alpha1|BZD_SITE_210|TYR|pi_stack|T_frequency,2026091903,0,9,0.0
clonazepam,alpha1,alpha1|BZD_SITE_210|TYR|pi_stack|T_frequency,2026091904,0,9,0.0
clonazepam,alpha1,alpha1|BZD_SITE_210|TYR|pi_stack|T_frequency,2026091905,0,9,0.0
midazolam,alpha1,alpha1|BZD_SITE_210|TYR|pi_stack|frequency,2026091901,0,7,0.0
midazolam,alpha1,alpha1|BZD_SITE_210|TYR|pi_stack|frequency,2026091902,0,9,0.0
midazolam,alpha1,alpha1|BZD_SITE_210|TYR|pi_stack|frequency,2026091903,0,9,0.0
midazolam,alpha1,alpha1|BZD_SITE_210|TYR|pi_stack|frequency,2026091904,0,9,0.0
midazolam,alpha1,alpha1|BZD_SITE_210|TYR|pi_stack|frequency,2026091905,0,9,0.0
midazolam,alpha1,alpha1|BZD_SITE_210|TYR|pi_stack|P_frequency,2026091901,0,7,0.0
midazolam,alpha1,alpha1|BZD_SITE_210|TYR|pi_stack|P_frequency,2026091902,0,9,0.0
midazolam,alpha1,alpha1|BZD_SITE_210|TYR|pi_stack|P_frequency,2026091903,0,9,0.0
midazolam,alpha1,alpha1|BZD_SITE_210|TYR|pi_stack|P_frequency,2026091904,0,9,0.0
midazolam,alpha1,alpha1|BZD_SITE_210|TYR|pi_stack|P_frequency,2026091905,0,9,0.0
midazolam,alpha1,alpha1|BZD_SITE_210|TYR|pi_stack|T_frequency,2026091901,0,7,0.0
midazolam,alpha1,alpha1|BZD_SITE_210|TYR|pi_stack|T_frequency,2026091902,0,9,0.0
midazolam,alpha1,alpha1|BZD_SITE_210|TYR|pi_stack|T_frequency,2026091903,0,9,0.0
midazolam,alpha1,alpha1|BZD_SITE_210|TYR|pi_stack|T_frequency,2026091904,0,9,0.0
midazolam,alpha1,alpha1|BZD_SITE_210|TYR|pi_stack|T_frequency,2026091905,0,9,0.0
temazepam,alpha1,alpha1|BZD_SITE_210|TYR|pi_stack|frequency,2026091901,1,9,0.1111111111111111
temazepam,alpha1,alpha1|BZD_SITE_210|TYR|pi_stack|frequency,2026091902,1,9,0.1111111111111111
temazepam,alpha1,alpha1|BZD_SITE_210|TYR|pi_stack|frequency,2026091903,1,9,0.1111111111111111
temazepam,alpha1,alpha1|BZD_SITE_210|TYR|pi_stack|frequency,2026091904,1,9,0.1111111111111111
temazepam,alpha1,alpha1|BZD_SITE_210|TYR|pi_stack|frequency,2026091905,1,9,0.1111111111111111
temazepam,alpha1,alpha1|BZD_SITE_210|TYR|pi_stack|P_frequency,2026091901,1,9,0.1111111111111111
temazepam,alpha1,alpha1|BZD_SITE_210|TYR|pi_stack|P_frequency,2026091902,1,9,0.1111111111111111
temazepam,alpha1,alpha1|BZD_SITE_210|TYR|pi_stack|P_frequency,2026091903,1,9,0.1111111111111111
temazepam,alpha1,alpha1|BZD_SITE_210|TYR|pi_stack|P_frequency,2026091904,1,9,0.1111111111111111
temazepam,alpha1,alpha1|BZD_SITE_210|TYR|pi_stack|P_frequency,2026091905,1,9,0.1111111111111111
temazepam,alpha1,alpha1|BZD_SITE_210|TYR|pi_stack|T_frequency,2026091901,0,9,0.0
temazepam,alpha1,alpha1|BZD_SITE_210|TYR|pi_stack|T_frequency,2026091902,0,9,0.0
temazepam,alpha1,alpha1|BZD_SITE_210|TYR|pi_stack|T_frequency,2026091903,0,9,0.0
temazepam,alpha1,alpha1|BZD_SITE_210|TYR|pi_stack|T_frequency,2026091904,0,9,0.0
temazepam,alpha1,alpha1|BZD_SITE_210|TYR|pi_stack|T_frequency,2026091905,0,9,0.0
zopiclone,alpha1,alpha1|BZD_SITE_210|TYR|pi_stack|frequency,2026091901,2,9,0.2222222222222222
zopiclone,alpha1,alpha1|BZD_SITE_210|TYR|pi_stack|frequency,2026091902,2,9,0.2222222222222222
zopiclone,alpha1,alpha1|BZD_SITE_210|TYR|pi_stack|frequency,2026091903,3,9,0.3333333333333333
zopiclone,alpha1,alpha1|BZD_SITE_210|TYR|pi_stack|frequency,2026091904,2,9,0.2222222222222222
zopiclone,alpha1,alpha1|BZD_SITE_210|TYR|pi_stack|frequency,2026091905,3,9,0.3333333333333333
zopiclone,alpha1,alpha1|BZD_SITE_210|TYR|pi_stack|P_frequency,2026091901,2,9,0.2222222222222222
zopiclone,alpha1,alpha1|BZD_SITE_210|TYR|pi_stack|P_frequency,2026091902,2,9,0.2222222222222222
zopiclone,alpha1,alpha1|BZD_SITE_210|TYR|pi_stack|P_frequency,2026091903,3,9,0.3333333333333333
zopiclone,alpha1,alpha1|BZD_SITE_210|TYR|pi_stack|P_frequency,2026091904,2,9,0.2222222222222222
zopiclone,alpha1,alpha1|BZD_SITE_210|TYR|pi_stack|P_frequency,2026091905,3,9,0.3333333333333333
zopiclone,alpha1,alpha1|BZD_SITE_210|TYR|pi_stack|T_frequency,2026091901,0,9,0.0
zopiclone,alpha1,alpha1|BZD_SITE_210|TYR|pi_stack|T_frequency,2026091902,0,9,0.0
zopiclone,alpha1,alpha1|BZD_SITE_210|TYR|pi_stack|T_frequency,2026091903,0,9,0.0
zopiclone,alpha1,alpha1|BZD_SITE_210|TYR|pi_stack|T_frequency,2026091904,0,9,0.0
zopiclone,alpha1,alpha1|BZD_SITE_210|TYR|pi_stack|T_frequency,2026091905,0,9,0.0
zaleplon,alpha1,alpha1|BZD_SITE_210|TYR|pi_stack|frequency,2026091901,0,9,0.0
zaleplon,alpha1,alpha1|BZD_SITE_210|TYR|pi_stack|frequency,2026091902,1,9,0.1111111111111111
zaleplon,alpha1,alpha1|BZD_SITE_210|TYR|pi_stack|frequency,2026091903,1,9,0.1111111111111111
zaleplon,alpha1,alpha1|BZD_SITE_210|TYR|pi_stack|frequency,2026091904,1,9,0.1111111111111111
zaleplon,alpha1,alpha1|BZD_SITE_210|TYR|pi_stack|frequency,2026091905,1,9,0.1111111111111111
zaleplon,alpha1,alpha1|BZD_SITE_210|TYR|pi_stack|P_frequency,2026091901,0,9,0.0
zaleplon,alpha1,alpha1|BZD_SITE_210|TYR|pi_stack|P_frequency,2026091902,1,9,0.1111111111111111
zaleplon,alpha1,alpha1|BZD_SITE_210|TYR|pi_stack|P_frequency,2026091903,1,9,0.1111111111111111
zaleplon,alpha1,alpha1|BZD_SITE_210|TYR|pi_stack|P_frequency,2026091904,1,9,0.1111111111111111
zaleplon,alpha1,alpha1|BZD_SITE_210|TYR|pi_stack|P_frequency,2026091905,1,9,0.1111111111111111
zaleplon,alpha1,alpha1|BZD_SITE_210|TYR|pi_stack|T_frequency,2026091901,0,9,0.0
zaleplon,alpha1,alpha1|BZD_SITE_210|TYR|pi_stack|T_frequency,2026091902,0,9,0.0
zaleplon,alpha1,alpha1|BZD_SITE_210|TYR|pi_stack|T_frequency,2026091903,0,9,0.0
zaleplon,alpha1,alpha1|BZD_SITE_210|TYR|pi_stack|T_frequency,2026091904,0,9,0.0
zaleplon,alpha1,alpha1|BZD_SITE_210|TYR|pi_stack|T_frequency,2026091905,0,9,0.0
diazepam,alpha2,alpha2|BZD_GAMMA2_056|ASP|halogen_bond|frequency,2026091901,0,9,0.0
diazepam,alpha2,alpha2|BZD_GAMMA2_056|ASP|halogen_bond|frequency,2026091902,0,9,0.0
diazepam,alpha2,alpha2|BZD_GAMMA2_056|ASP|halogen_bond|frequency,2026091903,0,9,0.0
diazepam,alpha2,alpha2|BZD_GAMMA2_056|ASP|halogen_bond|frequency,2026091904,0,9,0.0
diazepam,alpha2,alpha2|BZD_GAMMA2_056|ASP|halogen_bond|frequency,2026091905,0,9,0.0
alprazolam,alpha2,alpha2|BZD_GAMMA2_056|ASP|halogen_bond|frequency,2026091901,0,9,0.0
alprazolam,alpha2,alpha2|BZD_GAMMA2_056|ASP|halogen_bond|frequency,2026091902,0,9,0.0
alprazolam,alpha2,alpha2|BZD_GAMMA2_056|ASP|halogen_bond|frequency,2026091903,0,9,0.0
alprazolam,alpha2,alpha2|BZD_GAMMA2_056|ASP|halogen_bond|frequency,2026091904,0,9,0.0
alprazolam,alpha2,alpha2|BZD_GAMMA2_056|ASP|halogen_bond|frequency,2026091905,0,9,0.0
triazolam,alpha2,alpha2|BZD_GAMMA2_056|ASP|halogen_bond|frequency,2026091901,0,9,0.0
triazolam,alpha2,alpha2|BZD_GAMMA2_056|ASP|halogen_bond|frequency,2026091902,0,9,0.0
triazolam,alpha2,alpha2|BZD_GAMMA2_056|ASP|halogen_bond|frequency,2026091903,0,9,0.0
triazolam,alpha2,alpha2|BZD_GAMMA2_056|ASP|halogen_bond|frequency,2026091904,0,9,0.0
triazolam,alpha2,alpha2|BZD_GAMMA2_056|ASP|halogen_bond|frequency,2026091905,0,9,0.0
zolpidem,alpha2,alpha2|BZD_GAMMA2_056|ASP|halogen_bond|frequency,2026091901,0,9,0.0
zolpidem,alpha2,alpha2|BZD_GAMMA2_056|ASP|halogen_bond|frequency,2026091902,0,9,0.0
zolpidem,alpha2,alpha2|BZD_GAMMA2_056|ASP|halogen_bond|frequency,2026091903,0,9,0.0
zolpidem,alpha2,alpha2|BZD_GAMMA2_056|ASP|halogen_bond|frequency,2026091904,0,9,0.0
zolpidem,alpha2,alpha2|BZD_GAMMA2_056|ASP|halogen_bond|frequency,2026091905,0,9,0.0
lorazepam,alpha2,alpha2|BZD_GAMMA2_056|ASP|halogen_bond|frequency,2026091901,0,9,0.0
lorazepam,alpha2,alpha2|BZD_GAMMA2_056|ASP|halogen_bond|frequency,2026091902,0,9,0.0
lorazepam,alpha2,alpha2|BZD_GAMMA2_056|ASP|halogen_bond|frequency,2026091903,0,9,0.0
lorazepam,alpha2,alpha2|BZD_GAMMA2_056|ASP|halogen_bond|frequency,2026091904,0,9,0.0
lorazepam,alpha2,alpha2|BZD_GAMMA2_056|ASP|halogen_bond|frequency,2026091905,0,9,0.0
clonazepam,alpha2,alpha2|BZD_GAMMA2_056|ASP|halogen_bond|frequency,2026091901,0,9,0.0
clonazepam,alpha2,alpha2|BZD_GAMMA2_056|ASP|halogen_bond|frequency,2026091902,0,9,0.0
clonazepam,alpha2,alpha2|BZD_GAMMA2_056|ASP|halogen_bond|frequency,2026091903,0,9,0.0
clonazepam,alpha2,alpha2|BZD_GAMMA2_056|ASP|halogen_bond|frequency,2026091904,0,9,0.0
clonazepam,alpha2,alpha2|BZD_GAMMA2_056|ASP|halogen_bond|frequency,2026091905,0,9,0.0
midazolam,alpha2,alpha2|BZD_GAMMA2_056|ASP|halogen_bond|frequency,2026091901,0,9,0.0
midazolam,alpha2,alpha2|BZD_GAMMA2_056|ASP|halogen_bond|frequency,2026091902,0,9,0.0
midazolam,alpha2,alpha2|BZD_GAMMA2_056|ASP|halogen_bond|frequency,2026091903,0,9,0.0
midazolam,alpha2,alpha2|BZD_GAMMA2_056|ASP|halogen_bond|frequency,2026091904,0,9,0.0
midazolam,alpha2,alpha2|BZD_GAMMA2_056|ASP|halogen_bond|frequency,2026091905,0,9,0.0
temazepam,alpha2,alpha2|BZD_GAMMA2_056|ASP|halogen_bond|frequency,2026091901,0,9,0.0
temazepam,alpha2,alpha2|BZD_GAMMA2_056|ASP|halogen_bond|frequency,2026091902,0,9,0.0
temazepam,alpha2,alpha2|BZD_GAMMA2_056|ASP|halogen_bond|frequency,2026091903,0,9,0.0
temazepam,alpha2,alpha2|BZD_GAMMA2_056|ASP|halogen_bond|frequency,2026091904,0,9,0.0
temazepam,alpha2,alpha2|BZD_GAMMA2_056|ASP|halogen_bond|frequency,2026091905,0,9,0.0
zopiclone,alpha2,alpha2|BZD_GAMMA2_056|ASP|halogen_bond|frequency,2026091901,0,9,0.0
zopiclone,alpha2,alpha2|BZD_GAMMA2_056|ASP|halogen_bond|frequency,2026091902,1,9,0.1111111111111111
zopiclone,alpha2,alpha2|BZD_GAMMA2_056|ASP|halogen_bond|frequency,2026091903,1,9,0.1111111111111111
zopiclone,alpha2,alpha2|BZD_GAMMA2_056|ASP|halogen_bond|frequency,2026091904,1,9,0.1111111111111111
zopiclone,alpha2,alpha2|BZD_GAMMA2_056|ASP|halogen_bond|frequency,2026091905,1,9,0.1111111111111111
zaleplon,alpha2,alpha2|BZD_GAMMA2_056|ASP|halogen_bond|frequency,2026091901,0,9,0.0
zaleplon,alpha2,alpha2|BZD_GAMMA2_056|ASP|halogen_bond|frequency,2026091902,0,9,0.0
zaleplon,alpha2,alpha2|BZD_GAMMA2_056|ASP|halogen_bond|frequency,2026091903,0,9,0.0
zaleplon,alpha2,alpha2|BZD_GAMMA2_056|ASP|halogen_bond|frequency,2026091904,0,9,0.0
zaleplon,alpha2,alpha2|BZD_GAMMA2_056|ASP|halogen_bond|frequency,2026091905,0,9,0.0
diazepam,alpha2,alpha2|BZD_GAMMA2_056|ASP|hydrophobic_interaction|frequency,2026091901,0,9,0.0
diazepam,alpha2,alpha2|BZD_GAMMA2_056|ASP|hydrophobic_interaction|frequency,2026091902,0,9,0.0
diazepam,alpha2,alpha2|BZD_GAMMA2_056|ASP|hydrophobic_interaction|frequency,2026091903,0,9,0.0
diazepam,alpha2,alpha2|BZD_GAMMA2_056|ASP|hydrophobic_interaction|frequency,2026091904,0,9,0.0
diazepam,alpha2,alpha2|BZD_GAMMA2_056|ASP|hydrophobic_interaction|frequency,2026091905,0,9,0.0
alprazolam,alpha2,alpha2|BZD_GAMMA2_056|ASP|hydrophobic_interaction|frequency,2026091901,0,9,0.0
alprazolam,alpha2,alpha2|BZD_GAMMA2_056|ASP|hydrophobic_interaction|frequency,2026091902,0,9,0.0
alprazolam,alpha2,alpha2|BZD_GAMMA2_056|ASP|hydrophobic_interaction|frequency,2026091903,0,9,0.0
alprazolam,alpha2,alpha2|BZD_GAMMA2_056|ASP|hydrophobic_interaction|frequency,2026091904,0,9,0.0
alprazolam,alpha2,alpha2|BZD_GAMMA2_056|ASP|hydrophobic_interaction|frequency,2026091905,0,9,0.0
triazolam,alpha2,alpha2|BZD_GAMMA2_056|ASP|hydrophobic_interaction|frequency,2026091901,0,9,0.0
triazolam,alpha2,alpha2|BZD_GAMMA2_056|ASP|hydrophobic_interaction|frequency,2026091902,0,9,0.0
triazolam,alpha2,alpha2|BZD_GAMMA2_056|ASP|hydrophobic_interaction|frequency,2026091903,0,9,0.0
triazolam,alpha2,alpha2|BZD_GAMMA2_056|ASP|hydrophobic_interaction|frequency,2026091904,0,9,0.0
triazolam,alpha2,alpha2|BZD_GAMMA2_056|ASP|hydrophobic_interaction|frequency,2026091905,0,9,0.0
zolpidem,alpha2,alpha2|BZD_GAMMA2_056|ASP|hydrophobic_interaction|frequency,2026091901,0,9,0.0
zolpidem,alpha2,alpha2|BZD_GAMMA2_056|ASP|hydrophobic_interaction|frequency,2026091902,0,9,0.0
zolpidem,alpha2,alpha2|BZD_GAMMA2_056|ASP|hydrophobic_interaction|frequency,2026091903,0,9,0.0
zolpidem,alpha2,alpha2|BZD_GAMMA2_056|ASP|hydrophobic_interaction|frequency,2026091904,0,9,0.0
zolpidem,alpha2,alpha2|BZD_GAMMA2_056|ASP|hydrophobic_interaction|frequency,2026091905,0,9,0.0
lorazepam,alpha2,alpha2|BZD_GAMMA2_056|ASP|hydrophobic_interaction|frequency,2026091901,0,9,0.0
lorazepam,alpha2,alpha2|BZD_GAMMA2_056|ASP|hydrophobic_interaction|frequency,2026091902,0,9,0.0
lorazepam,alpha2,alpha2|BZD_GAMMA2_056|ASP|hydrophobic_interaction|frequency,2026091903,0,9,0.0
lorazepam,alpha2,alpha2|BZD_GAMMA2_056|ASP|hydrophobic_interaction|frequency,2026091904,0,9,0.0
lorazepam,alpha2,alpha2|BZD_GAMMA2_056|ASP|hydrophobic_interaction|frequency,2026091905,0,9,0.0
clonazepam,alpha2,alpha2|BZD_GAMMA2_056|ASP|hydrophobic_interaction|frequency,2026091901,0,9,0.0
clonazepam,alpha2,alpha2|BZD_GAMMA2_056|ASP|hydrophobic_interaction|frequency,2026091902,0,9,0.0
clonazepam,alpha2,alpha2|BZD_GAMMA2_056|ASP|hydrophobic_interaction|frequency,2026091903,0,9,0.0
clonazepam,alpha2,alpha2|BZD_GAMMA2_056|ASP|hydrophobic_interaction|frequency,2026091904,0,9,0.0
clonazepam,alpha2,alpha2|BZD_GAMMA2_056|ASP|hydrophobic_interaction|frequency,2026091905,0,9,0.0
midazolam,alpha2,alpha2|BZD_GAMMA2_056|ASP|hydrophobic_interaction|frequency,2026091901,0,9,0.0
midazolam,alpha2,alpha2|BZD_GAMMA2_056|ASP|hydrophobic_interaction|frequency,2026091902,0,9,0.0
midazolam,alpha2,alpha2|BZD_GAMMA2_056|ASP|hydrophobic_interaction|frequency,2026091903,0,9,0.0
midazolam,alpha2,alpha2|BZD_GAMMA2_056|ASP|hydrophobic_interaction|frequency,2026091904,0,9,0.0
midazolam,alpha2,alpha2|BZD_GAMMA2_056|ASP|hydrophobic_interaction|frequency,2026091905,0,9,0.0
temazepam,alpha2,alpha2|BZD_GAMMA2_056|ASP|hydrophobic_interaction|frequency,2026091901,0,9,0.0
temazepam,alpha2,alpha2|BZD_GAMMA2_056|ASP|hydrophobic_interaction|frequency,2026091902,0,9,0.0
temazepam,alpha2,alpha2|BZD_GAMMA2_056|ASP|hydrophobic_interaction|frequency,2026091903,0,9,0.0
temazepam,alpha2,alpha2|BZD_GAMMA2_056|ASP|hydrophobic_interaction|frequency,2026091904,0,9,0.0
temazepam,alpha2,alpha2|BZD_GAMMA2_056|ASP|hydrophobic_interaction|frequency,2026091905,0,9,0.0
zopiclone,alpha2,alpha2|BZD_GAMMA2_056|ASP|hydrophobic_interaction|frequency,2026091901,0,9,0.0
zopiclone,alpha2,alpha2|BZD_GAMMA2_056|ASP|hydrophobic_interaction|frequency,2026091902,0,9,0.0
zopiclone,alpha2,alpha2|BZD_GAMMA2_056|ASP|hydrophobic_interaction|frequency,2026091903,0,9,0.0
zopiclone,alpha2,alpha2|BZD_GAMMA2_056|ASP|hydrophobic_interaction|frequency,2026091904,0,9,0.0
zopiclone,alpha2,alpha2|BZD_GAMMA2_056|ASP|hydrophobic_interaction|frequency,2026091905,0,9,0.0
zaleplon,alpha2,alpha2|BZD_GAMMA2_056|ASP|hydrophobic_interaction|frequency,2026091901,0,9,0.0
zaleplon,alpha2,alpha2|BZD_GAMMA2_056|ASP|hydrophobic_interaction|frequency,2026091902,0,9,0.0
zaleplon,alpha2,alpha2|BZD_GAMMA2_056|ASP|hydrophobic_interaction|frequency,2026091903,0,9,0.0
zaleplon,alpha2,alpha2|BZD_GAMMA2_056|ASP|hydrophobic_interaction|frequency,2026091904,0,9,0.0
zaleplon,alpha2,alpha2|BZD_GAMMA2_056|ASP|hydrophobic_interaction|frequency,2026091905,1,9,0.1111111111111111
diazepam,alpha2,alpha2|BZD_GAMMA2_058|TYR|halogen_bond|frequency,2026091901,0,9,0.0
diazepam,alpha2,alpha2|BZD_GAMMA2_058|TYR|halogen_bond|frequency,2026091902,0,9,0.0
diazepam,alpha2,alpha2|BZD_GAMMA2_058|TYR|halogen_bond|frequency,2026091903,0,9,0.0
diazepam,alpha2,alpha2|BZD_GAMMA2_058|TYR|halogen_bond|frequency,2026091904,0,9,0.0
diazepam,alpha2,alpha2|BZD_GAMMA2_058|TYR|halogen_bond|frequency,2026091905,0,9,0.0
alprazolam,alpha2,alpha2|BZD_GAMMA2_058|TYR|halogen_bond|frequency,2026091901,0,9,0.0
alprazolam,alpha2,alpha2|BZD_GAMMA2_058|TYR|halogen_bond|frequency,2026091902,0,9,0.0
alprazolam,alpha2,alpha2|BZD_GAMMA2_058|TYR|halogen_bond|frequency,2026091903,0,9,0.0
alprazolam,alpha2,alpha2|BZD_GAMMA2_058|TYR|halogen_bond|frequency,2026091904,0,9,0.0
alprazolam,alpha2,alpha2|BZD_GAMMA2_058|TYR|halogen_bond|frequency,2026091905,0,9,0.0
triazolam,alpha2,alpha2|BZD_GAMMA2_058|TYR|halogen_bond|frequency,2026091901,0,9,0.0
triazolam,alpha2,alpha2|BZD_GAMMA2_058|TYR|halogen_bond|frequency,2026091902,0,9,0.0
triazolam,alpha2,alpha2|BZD_GAMMA2_058|TYR|halogen_bond|frequency,2026091903,0,9,0.0
triazolam,alpha2,alpha2|BZD_GAMMA2_058|TYR|halogen_bond|frequency,2026091904,0,9,0.0
triazolam,alpha2,alpha2|BZD_GAMMA2_058|TYR|halogen_bond|frequency,2026091905,0,9,0.0
zolpidem,alpha2,alpha2|BZD_GAMMA2_058|TYR|halogen_bond|frequency,2026091901,0,9,0.0
zolpidem,alpha2,alpha2|BZD_GAMMA2_058|TYR|halogen_bond|frequency,2026091902,0,9,0.0
zolpidem,alpha2,alpha2|BZD_GAMMA2_058|TYR|halogen_bond|frequency,2026091903,0,9,0.0
zolpidem,alpha2,alpha2|BZD_GAMMA2_058|TYR|halogen_bond|frequency,2026091904,0,9,0.0
zolpidem,alpha2,alpha2|BZD_GAMMA2_058|TYR|halogen_bond|frequency,2026091905,0,9,0.0
lorazepam,alpha2,alpha2|BZD_GAMMA2_058|TYR|halogen_bond|frequency,2026091901,1,9,0.1111111111111111
lorazepam,alpha2,alpha2|BZD_GAMMA2_058|TYR|halogen_bond|frequency,2026091902,1,9,0.1111111111111111
lorazepam,alpha2,alpha2|BZD_GAMMA2_058|TYR|halogen_bond|frequency,2026091903,1,9,0.1111111111111111
lorazepam,alpha2,alpha2|BZD_GAMMA2_058|TYR|halogen_bond|frequency,2026091904,1,9,0.1111111111111111
lorazepam,alpha2,alpha2|BZD_GAMMA2_058|TYR|halogen_bond|frequency,2026091905,2,9,0.2222222222222222
clonazepam,alpha2,alpha2|BZD_GAMMA2_058|TYR|halogen_bond|frequency,2026091901,1,9,0.1111111111111111
clonazepam,alpha2,alpha2|BZD_GAMMA2_058|TYR|halogen_bond|frequency,2026091902,1,9,0.1111111111111111
clonazepam,alpha2,alpha2|BZD_GAMMA2_058|TYR|halogen_bond|frequency,2026091903,1,9,0.1111111111111111
clonazepam,alpha2,alpha2|BZD_GAMMA2_058|TYR|halogen_bond|frequency,2026091904,0,9,0.0
clonazepam,alpha2,alpha2|BZD_GAMMA2_058|TYR|halogen_bond|frequency,2026091905,2,9,0.2222222222222222
midazolam,alpha2,alpha2|BZD_GAMMA2_058|TYR|halogen_bond|frequency,2026091901,0,9,0.0
midazolam,alpha2,alpha2|BZD_GAMMA2_058|TYR|halogen_bond|frequency,2026091902,0,9,0.0
midazolam,alpha2,alpha2|BZD_GAMMA2_058|TYR|halogen_bond|frequency,2026091903,0,9,0.0
midazolam,alpha2,alpha2|BZD_GAMMA2_058|TYR|halogen_bond|frequency,2026091904,0,9,0.0
midazolam,alpha2,alpha2|BZD_GAMMA2_058|TYR|halogen_bond|frequency,2026091905,0,9,0.0
temazepam,alpha2,alpha2|BZD_GAMMA2_058|TYR|halogen_bond|frequency,2026091901,0,9,0.0
temazepam,alpha2,alpha2|BZD_GAMMA2_058|TYR|halogen_bond|frequency,2026091902,0,9,0.0
temazepam,alpha2,alpha2|BZD_GAMMA2_058|TYR|halogen_bond|frequency,2026091903,0,9,0.0
temazepam,alpha2,alpha2|BZD_GAMMA2_058|TYR|halogen_bond|frequency,2026091904,0,9,0.0
temazepam,alpha2,alpha2|BZD_GAMMA2_058|TYR|halogen_bond|frequency,2026091905,0,9,0.0
zopiclone,alpha2,alpha2|BZD_GAMMA2_058|TYR|halogen_bond|frequency,2026091901,0,9,0.0
zopiclone,alpha2,alpha2|BZD_GAMMA2_058|TYR|halogen_bond|frequency,2026091902,0,9,0.0
zopiclone,alpha2,alpha2|BZD_GAMMA2_058|TYR|halogen_bond|frequency,2026091903,0,9,0.0
zopiclone,alpha2,alpha2|BZD_GAMMA2_058|TYR|halogen_bond|frequency,2026091904,0,9,0.0
zopiclone,alpha2,alpha2|BZD_GAMMA2_058|TYR|halogen_bond|frequency,2026091905,0,9,0.0
zaleplon,alpha2,alpha2|BZD_GAMMA2_058|TYR|halogen_bond|frequency,2026091901,0,9,0.0
zaleplon,alpha2,alpha2|BZD_GAMMA2_058|TYR|halogen_bond|frequency,2026091902,0,9,0.0
zaleplon,alpha2,alpha2|BZD_GAMMA2_058|TYR|halogen_bond|frequency,2026091903,0,9,0.0
zaleplon,alpha2,alpha2|BZD_GAMMA2_058|TYR|halogen_bond|frequency,2026091904,0,9,0.0
zaleplon,alpha2,alpha2|BZD_GAMMA2_058|TYR|halogen_bond|frequency,2026091905,0,9,0.0
diazepam,alpha2,alpha2|BZD_GAMMA2_058|TYR|hydrogen_bond|frequency,2026091901,0,9,0.0
diazepam,alpha2,alpha2|BZD_GAMMA2_058|TYR|hydrogen_bond|frequency,2026091902,0,9,0.0
diazepam,alpha2,alpha2|BZD_GAMMA2_058|TYR|hydrogen_bond|frequency,2026091903,0,9,0.0
diazepam,alpha2,alpha2|BZD_GAMMA2_058|TYR|hydrogen_bond|frequency,2026091904,0,9,0.0
diazepam,alpha2,alpha2|BZD_GAMMA2_058|TYR|hydrogen_bond|frequency,2026091905,0,9,0.0
alprazolam,alpha2,alpha2|BZD_GAMMA2_058|TYR|hydrogen_bond|frequency,2026091901,0,9,0.0
alprazolam,alpha2,alpha2|BZD_GAMMA2_058|TYR|hydrogen_bond|frequency,2026091902,0,9,0.0
alprazolam,alpha2,alpha2|BZD_GAMMA2_058|TYR|hydrogen_bond|frequency,2026091903,0,9,0.0
alprazolam,alpha2,alpha2|BZD_GAMMA2_058|TYR|hydrogen_bond|frequency,2026091904,0,9,0.0
alprazolam,alpha2,alpha2|BZD_GAMMA2_058|TYR|hydrogen_bond|frequency,2026091905,0,9,0.0
triazolam,alpha2,alpha2|BZD_GAMMA2_058|TYR|hydrogen_bond|frequency,2026091901,0,9,0.0
triazolam,alpha2,alpha2|BZD_GAMMA2_058|TYR|hydrogen_bond|frequency,2026091902,0,9,0.0
triazolam,alpha2,alpha2|BZD_GAMMA2_058|TYR|hydrogen_bond|frequency,2026091903,0,9,0.0
triazolam,alpha2,alpha2|BZD_GAMMA2_058|TYR|hydrogen_bond|frequency,2026091904,0,9,0.0
triazolam,alpha2,alpha2|BZD_GAMMA2_058|TYR|hydrogen_bond|frequency,2026091905,0,9,0.0
zolpidem,alpha2,alpha2|BZD_GAMMA2_058|TYR|hydrogen_bond|frequency,2026091901,0,9,0.0
zolpidem,alpha2,alpha2|BZD_GAMMA2_058|TYR|hydrogen_bond|frequency,2026091902,0,9,0.0
zolpidem,alpha2,alpha2|BZD_GAMMA2_058|TYR|hydrogen_bond|frequency,2026091903,0,9,0.0
zolpidem,alpha2,alpha2|BZD_GAMMA2_058|TYR|hydrogen_bond|frequency,2026091904,0,9,0.0
zolpidem,alpha2,alpha2|BZD_GAMMA2_058|TYR|hydrogen_bond|frequency,2026091905,0,9,0.0
lorazepam,alpha2,alpha2|BZD_GAMMA2_058|TYR|hydrogen_bond|frequency,2026091901,4,9,0.4444444444444444
lorazepam,alpha2,alpha2|BZD_GAMMA2_058|TYR|hydrogen_bond|frequency,2026091902,2,9,0.2222222222222222
lorazepam,alpha2,alpha2|BZD_GAMMA2_058|TYR|hydrogen_bond|frequency,2026091903,2,9,0.2222222222222222
lorazepam,alpha2,alpha2|BZD_GAMMA2_058|TYR|hydrogen_bond|frequency,2026091904,2,9,0.2222222222222222
lorazepam,alpha2,alpha2|BZD_GAMMA2_058|TYR|hydrogen_bond|frequency,2026091905,3,9,0.3333333333333333
clonazepam,alpha2,alpha2|BZD_GAMMA2_058|TYR|hydrogen_bond|frequency,2026091901,2,9,0.2222222222222222
clonazepam,alpha2,alpha2|BZD_GAMMA2_058|TYR|hydrogen_bond|frequency,2026091902,1,9,0.1111111111111111
clonazepam,alpha2,alpha2|BZD_GAMMA2_058|TYR|hydrogen_bond|frequency,2026091903,2,9,0.2222222222222222
clonazepam,alpha2,alpha2|BZD_GAMMA2_058|TYR|hydrogen_bond|frequency,2026091904,2,9,0.2222222222222222
clonazepam,alpha2,alpha2|BZD_GAMMA2_058|TYR|hydrogen_bond|frequency,2026091905,1,9,0.1111111111111111
midazolam,alpha2,alpha2|BZD_GAMMA2_058|TYR|hydrogen_bond|frequency,2026091901,0,9,0.0
midazolam,alpha2,alpha2|BZD_GAMMA2_058|TYR|hydrogen_bond|frequency,2026091902,0,9,0.0
midazolam,alpha2,alpha2|BZD_GAMMA2_058|TYR|hydrogen_bond|frequency,2026091903,0,9,0.0
midazolam,alpha2,alpha2|BZD_GAMMA2_058|TYR|hydrogen_bond|frequency,2026091904,0,9,0.0
midazolam,alpha2,alpha2|BZD_GAMMA2_058|TYR|hydrogen_bond|frequency,2026091905,0,9,0.0
temazepam,alpha2,alpha2|BZD_GAMMA2_058|TYR|hydrogen_bond|frequency,2026091901,1,9,0.1111111111111111
temazepam,alpha2,alpha2|BZD_GAMMA2_058|TYR|hydrogen_bond|frequency,2026091902,0,9,0.0
temazepam,alpha2,alpha2|BZD_GAMMA2_058|TYR|hydrogen_bond|frequency,2026091903,1,9,0.1111111111111111
temazepam,alpha2,alpha2|BZD_GAMMA2_058|TYR|hydrogen_bond|frequency,2026091904,1,9,0.1111111111111111
temazepam,alpha2,alpha2|BZD_GAMMA2_058|TYR|hydrogen_bond|frequency,2026091905,0,9,0.0
zopiclone,alpha2,alpha2|BZD_GAMMA2_058|TYR|hydrogen_bond|frequency,2026091901,0,9,0.0
zopiclone,alpha2,alpha2|BZD_GAMMA2_058|TYR|hydrogen_bond|frequency,2026091902,0,9,0.0
zopiclone,alpha2,alpha2|BZD_GAMMA2_058|TYR|hydrogen_bond|frequency,2026091903,0,9,0.0
zopiclone,alpha2,alpha2|BZD_GAMMA2_058|TYR|hydrogen_bond|frequency,2026091904,0,9,0.0
zopiclone,alpha2,alpha2|BZD_GAMMA2_058|TYR|hydrogen_bond|frequency,2026091905,0,9,0.0
zaleplon,alpha2,alpha2|BZD_GAMMA2_058|TYR|hydrogen_bond|frequency,2026091901,0,9,0.0
zaleplon,alpha2,alpha2|BZD_GAMMA2_058|TYR|hydrogen_bond|frequency,2026091902,0,9,0.0
zaleplon,alpha2,alpha2|BZD_GAMMA2_058|TYR|hydrogen_bond|frequency,2026091903,0,9,0.0
zaleplon,alpha2,alpha2|BZD_GAMMA2_058|TYR|hydrogen_bond|frequency,2026091904,0,9,0.0
zaleplon,alpha2,alpha2|BZD_GAMMA2_058|TYR|hydrogen_bond|frequency,2026091905,0,9,0.0
diazepam,alpha2,alpha2|BZD_GAMMA2_058|TYR|hydrophobic_interaction|frequency,2026091901,6,9,0.6666666666666666
diazepam,alpha2,alpha2|BZD_GAMMA2_058|TYR|hydrophobic_interaction|frequency,2026091902,3,9,0.3333333333333333
diazepam,alpha2,alpha2|BZD_GAMMA2_058|TYR|hydrophobic_interaction|frequency,2026091903,4,9,0.4444444444444444
diazepam,alpha2,alpha2|BZD_GAMMA2_058|TYR|hydrophobic_interaction|frequency,2026091904,4,9,0.4444444444444444
diazepam,alpha2,alpha2|BZD_GAMMA2_058|TYR|hydrophobic_interaction|frequency,2026091905,4,9,0.4444444444444444
alprazolam,alpha2,alpha2|BZD_GAMMA2_058|TYR|hydrophobic_interaction|frequency,2026091901,1,9,0.1111111111111111
alprazolam,alpha2,alpha2|BZD_GAMMA2_058|TYR|hydrophobic_interaction|frequency,2026091902,3,9,0.3333333333333333
alprazolam,alpha2,alpha2|BZD_GAMMA2_058|TYR|hydrophobic_interaction|frequency,2026091903,4,9,0.4444444444444444
alprazolam,alpha2,alpha2|BZD_GAMMA2_058|TYR|hydrophobic_interaction|frequency,2026091904,2,9,0.2222222222222222
alprazolam,alpha2,alpha2|BZD_GAMMA2_058|TYR|hydrophobic_interaction|frequency,2026091905,3,9,0.3333333333333333
triazolam,alpha2,alpha2|BZD_GAMMA2_058|TYR|hydrophobic_interaction|frequency,2026091901,3,9,0.3333333333333333
triazolam,alpha2,alpha2|BZD_GAMMA2_058|TYR|hydrophobic_interaction|frequency,2026091902,2,9,0.2222222222222222
triazolam,alpha2,alpha2|BZD_GAMMA2_058|TYR|hydrophobic_interaction|frequency,2026091903,3,9,0.3333333333333333
triazolam,alpha2,alpha2|BZD_GAMMA2_058|TYR|hydrophobic_interaction|frequency,2026091904,3,9,0.3333333333333333
triazolam,alpha2,alpha2|BZD_GAMMA2_058|TYR|hydrophobic_interaction|frequency,2026091905,2,9,0.2222222222222222
zolpidem,alpha2,alpha2|BZD_GAMMA2_058|TYR|hydrophobic_interaction|frequency,2026091901,5,9,0.5555555555555556
zolpidem,alpha2,alpha2|BZD_GAMMA2_058|TYR|hydrophobic_interaction|frequency,2026091902,6,9,0.6666666666666666
zolpidem,alpha2,alpha2|BZD_GAMMA2_058|TYR|hydrophobic_interaction|frequency,2026091903,5,9,0.5555555555555556
zolpidem,alpha2,alpha2|BZD_GAMMA2_058|TYR|hydrophobic_interaction|frequency,2026091904,5,9,0.5555555555555556
zolpidem,alpha2,alpha2|BZD_GAMMA2_058|TYR|hydrophobic_interaction|frequency,2026091905,6,9,0.6666666666666666
lorazepam,alpha2,alpha2|BZD_GAMMA2_058|TYR|hydrophobic_interaction|frequency,2026091901,1,9,0.1111111111111111
lorazepam,alpha2,alpha2|BZD_GAMMA2_058|TYR|hydrophobic_interaction|frequency,2026091902,2,9,0.2222222222222222
lorazepam,alpha2,alpha2|BZD_GAMMA2_058|TYR|hydrophobic_interaction|frequency,2026091903,2,9,0.2222222222222222
lorazepam,alpha2,alpha2|BZD_GAMMA2_058|TYR|hydrophobic_interaction|frequency,2026091904,0,9,0.0
lorazepam,alpha2,alpha2|BZD_GAMMA2_058|TYR|hydrophobic_interaction|frequency,2026091905,1,9,0.1111111111111111
clonazepam,alpha2,alpha2|BZD_GAMMA2_058|TYR|hydrophobic_interaction|frequency,2026091901,4,9,0.4444444444444444
clonazepam,alpha2,alpha2|BZD_GAMMA2_058|TYR|hydrophobic_interaction|frequency,2026091902,2,9,0.2222222222222222
clonazepam,alpha2,alpha2|BZD_GAMMA2_058|TYR|hydrophobic_interaction|frequency,2026091903,2,9,0.2222222222222222
clonazepam,alpha2,alpha2|BZD_GAMMA2_058|TYR|hydrophobic_interaction|frequency,2026091904,3,9,0.3333333333333333
clonazepam,alpha2,alpha2|BZD_GAMMA2_058|TYR|hydrophobic_interaction|frequency,2026091905,3,9,0.3333333333333333
midazolam,alpha2,alpha2|BZD_GAMMA2_058|TYR|hydrophobic_interaction|frequency,2026091901,5,9,0.5555555555555556
midazolam,alpha2,alpha2|BZD_GAMMA2_058|TYR|hydrophobic_interaction|frequency,2026091902,7,9,0.7777777777777778
midazolam,alpha2,alpha2|BZD_GAMMA2_058|TYR|hydrophobic_interaction|frequency,2026091903,5,9,0.5555555555555556
midazolam,alpha2,alpha2|BZD_GAMMA2_058|TYR|hydrophobic_interaction|frequency,2026091904,7,9,0.7777777777777778
midazolam,alpha2,alpha2|BZD_GAMMA2_058|TYR|hydrophobic_interaction|frequency,2026091905,6,9,0.6666666666666666
temazepam,alpha2,alpha2|BZD_GAMMA2_058|TYR|hydrophobic_interaction|frequency,2026091901,4,9,0.4444444444444444
temazepam,alpha2,alpha2|BZD_GAMMA2_058|TYR|hydrophobic_interaction|frequency,2026091902,4,9,0.4444444444444444
temazepam,alpha2,alpha2|BZD_GAMMA2_058|TYR|hydrophobic_interaction|frequency,2026091903,5,9,0.5555555555555556
temazepam,alpha2,alpha2|BZD_GAMMA2_058|TYR|hydrophobic_interaction|frequency,2026091904,5,9,0.5555555555555556
temazepam,alpha2,alpha2|BZD_GAMMA2_058|TYR|hydrophobic_interaction|frequency,2026091905,4,9,0.4444444444444444
zopiclone,alpha2,alpha2|BZD_GAMMA2_058|TYR|hydrophobic_interaction|frequency,2026091901,3,9,0.3333333333333333
zopiclone,alpha2,alpha2|BZD_GAMMA2_058|TYR|hydrophobic_interaction|frequency,2026091902,3,9,0.3333333333333333
zopiclone,alpha2,alpha2|BZD_GAMMA2_058|TYR|hydrophobic_interaction|frequency,2026091903,2,9,0.2222222222222222
zopiclone,alpha2,alpha2|BZD_GAMMA2_058|TYR|hydrophobic_interaction|frequency,2026091904,1,9,0.1111111111111111
zopiclone,alpha2,alpha2|BZD_GAMMA2_058|TYR|hydrophobic_interaction|frequency,2026091905,1,9,0.1111111111111111
zaleplon,alpha2,alpha2|BZD_GAMMA2_058|TYR|hydrophobic_interaction|frequency,2026091901,6,9,0.6666666666666666
zaleplon,alpha2,alpha2|BZD_GAMMA2_058|TYR|hydrophobic_interaction|frequency,2026091902,5,9,0.5555555555555556
zaleplon,alpha2,alpha2|BZD_GAMMA2_058|TYR|hydrophobic_interaction|frequency,2026091903,4,9,0.4444444444444444
zaleplon,alpha2,alpha2|BZD_GAMMA2_058|TYR|hydrophobic_interaction|frequency,2026091904,5,9,0.5555555555555556
zaleplon,alpha2,alpha2|BZD_GAMMA2_058|TYR|hydrophobic_interaction|frequency,2026091905,6,9,0.6666666666666666
diazepam,alpha2,alpha2|BZD_GAMMA2_058|TYR|pi_stack|frequency,2026091901,0,9,0.0
diazepam,alpha2,alpha2|BZD_GAMMA2_058|TYR|pi_stack|frequency,2026091902,0,9,0.0
diazepam,alpha2,alpha2|BZD_GAMMA2_058|TYR|pi_stack|frequency,2026091903,0,9,0.0
diazepam,alpha2,alpha2|BZD_GAMMA2_058|TYR|pi_stack|frequency,2026091904,0,9,0.0
diazepam,alpha2,alpha2|BZD_GAMMA2_058|TYR|pi_stack|frequency,2026091905,0,9,0.0
diazepam,alpha2,alpha2|BZD_GAMMA2_058|TYR|pi_stack|P_frequency,2026091901,0,9,0.0
diazepam,alpha2,alpha2|BZD_GAMMA2_058|TYR|pi_stack|P_frequency,2026091902,0,9,0.0
diazepam,alpha2,alpha2|BZD_GAMMA2_058|TYR|pi_stack|P_frequency,2026091903,0,9,0.0
diazepam,alpha2,alpha2|BZD_GAMMA2_058|TYR|pi_stack|P_frequency,2026091904,0,9,0.0
diazepam,alpha2,alpha2|BZD_GAMMA2_058|TYR|pi_stack|P_frequency,2026091905,0,9,0.0
diazepam,alpha2,alpha2|BZD_GAMMA2_058|TYR|pi_stack|T_frequency,2026091901,0,9,0.0
diazepam,alpha2,alpha2|BZD_GAMMA2_058|TYR|pi_stack|T_frequency,2026091902,0,9,0.0
diazepam,alpha2,alpha2|BZD_GAMMA2_058|TYR|pi_stack|T_frequency,2026091903,0,9,0.0
diazepam,alpha2,alpha2|BZD_GAMMA2_058|TYR|pi_stack|T_frequency,2026091904,0,9,0.0
diazepam,alpha2,alpha2|BZD_GAMMA2_058|TYR|pi_stack|T_frequency,2026091905,0,9,0.0
alprazolam,alpha2,alpha2|BZD_GAMMA2_058|TYR|pi_stack|frequency,2026091901,0,9,0.0
alprazolam,alpha2,alpha2|BZD_GAMMA2_058|TYR|pi_stack|frequency,2026091902,0,9,0.0
alprazolam,alpha2,alpha2|BZD_GAMMA2_058|TYR|pi_stack|frequency,2026091903,0,9,0.0
alprazolam,alpha2,alpha2|BZD_GAMMA2_058|TYR|pi_stack|frequency,2026091904,0,9,0.0
alprazolam,alpha2,alpha2|BZD_GAMMA2_058|TYR|pi_stack|frequency,2026091905,0,9,0.0
alprazolam,alpha2,alpha2|BZD_GAMMA2_058|TYR|pi_stack|P_frequency,2026091901,0,9,0.0
alprazolam,alpha2,alpha2|BZD_GAMMA2_058|TYR|pi_stack|P_frequency,2026091902,0,9,0.0
alprazolam,alpha2,alpha2|BZD_GAMMA2_058|TYR|pi_stack|P_frequency,2026091903,0,9,0.0
alprazolam,alpha2,alpha2|BZD_GAMMA2_058|TYR|pi_stack|P_frequency,2026091904,0,9,0.0
alprazolam,alpha2,alpha2|BZD_GAMMA2_058|TYR|pi_stack|P_frequency,2026091905,0,9,0.0
alprazolam,alpha2,alpha2|BZD_GAMMA2_058|TYR|pi_stack|T_frequency,2026091901,0,9,0.0
alprazolam,alpha2,alpha2|BZD_GAMMA2_058|TYR|pi_stack|T_frequency,2026091902,0,9,0.0
alprazolam,alpha2,alpha2|BZD_GAMMA2_058|TYR|pi_stack|T_frequency,2026091903,0,9,0.0
alprazolam,alpha2,alpha2|BZD_GAMMA2_058|TYR|pi_stack|T_frequency,2026091904,0,9,0.0
alprazolam,alpha2,alpha2|BZD_GAMMA2_058|TYR|pi_stack|T_frequency,2026091905,0,9,0.0
triazolam,alpha2,alpha2|BZD_GAMMA2_058|TYR|pi_stack|frequency,2026091901,0,9,0.0
triazolam,alpha2,alpha2|BZD_GAMMA2_058|TYR|pi_stack|frequency,2026091902,0,9,0.0
triazolam,alpha2,alpha2|BZD_GAMMA2_058|TYR|pi_stack|frequency,2026091903,0,9,0.0
triazolam,alpha2,alpha2|BZD_GAMMA2_058|TYR|pi_stack|frequency,2026091904,0,9,0.0
triazolam,alpha2,alpha2|BZD_GAMMA2_058|TYR|pi_stack|frequency,2026091905,0,9,0.0
triazolam,alpha2,alpha2|BZD_GAMMA2_058|TYR|pi_stack|P_frequency,2026091901,0,9,0.0
triazolam,alpha2,alpha2|BZD_GAMMA2_058|TYR|pi_stack|P_frequency,2026091902,0,9,0.0
triazolam,alpha2,alpha2|BZD_GAMMA2_058|TYR|pi_stack|P_frequency,2026091903,0,9,0.0
triazolam,alpha2,alpha2|BZD_GAMMA2_058|TYR|pi_stack|P_frequency,2026091904,0,9,0.0
triazolam,alpha2,alpha2|BZD_GAMMA2_058|TYR|pi_stack|P_frequency,2026091905,0,9,0.0
triazolam,alpha2,alpha2|BZD_GAMMA2_058|TYR|pi_stack|T_frequency,2026091901,0,9,0.0
triazolam,alpha2,alpha2|BZD_GAMMA2_058|TYR|pi_stack|T_frequency,2026091902,0,9,0.0
triazolam,alpha2,alpha2|BZD_GAMMA2_058|TYR|pi_stack|T_frequency,2026091903,0,9,0.0
triazolam,alpha2,alpha2|BZD_GAMMA2_058|TYR|pi_stack|T_frequency,2026091904,0,9,0.0
triazolam,alpha2,alpha2|BZD_GAMMA2_058|TYR|pi_stack|T_frequency,2026091905,0,9,0.0
zolpidem,alpha2,alpha2|BZD_GAMMA2_058|TYR|pi_stack|frequency,2026091901,1,9,0.1111111111111111
zolpidem,alpha2,alpha2|BZD_GAMMA2_058|TYR|pi_stack|frequency,2026091902,1,9,0.1111111111111111
zolpidem,alpha2,alpha2|BZD_GAMMA2_058|TYR|pi_stack|frequency,2026091903,1,9,0.1111111111111111
zolpidem,alpha2,alpha2|BZD_GAMMA2_058|TYR|pi_stack|frequency,2026091904,2,9,0.2222222222222222
zolpidem,alpha2,alpha2|BZD_GAMMA2_058|TYR|pi_stack|frequency,2026091905,1,9,0.1111111111111111
zolpidem,alpha2,alpha2|BZD_GAMMA2_058|TYR|pi_stack|P_frequency,2026091901,0,9,0.0
zolpidem,alpha2,alpha2|BZD_GAMMA2_058|TYR|pi_stack|P_frequency,2026091902,0,9,0.0
zolpidem,alpha2,alpha2|BZD_GAMMA2_058|TYR|pi_stack|P_frequency,2026091903,0,9,0.0
zolpidem,alpha2,alpha2|BZD_GAMMA2_058|TYR|pi_stack|P_frequency,2026091904,0,9,0.0
zolpidem,alpha2,alpha2|BZD_GAMMA2_058|TYR|pi_stack|P_frequency,2026091905,0,9,0.0
zolpidem,alpha2,alpha2|BZD_GAMMA2_058|TYR|pi_stack|T_frequency,2026091901,1,9,0.1111111111111111
zolpidem,alpha2,alpha2|BZD_GAMMA2_058|TYR|pi_stack|T_frequency,2026091902,1,9,0.1111111111111111
zolpidem,alpha2,alpha2|BZD_GAMMA2_058|TYR|pi_stack|T_frequency,2026091903,1,9,0.1111111111111111
zolpidem,alpha2,alpha2|BZD_GAMMA2_058|TYR|pi_stack|T_frequency,2026091904,2,9,0.2222222222222222
zolpidem,alpha2,alpha2|BZD_GAMMA2_058|TYR|pi_stack|T_frequency,2026091905,1,9,0.1111111111111111
lorazepam,alpha2,alpha2|BZD_GAMMA2_058|TYR|pi_stack|frequency,2026091901,0,9,0.0
lorazepam,alpha2,alpha2|BZD_GAMMA2_058|TYR|pi_stack|frequency,2026091902,0,9,0.0
lorazepam,alpha2,alpha2|BZD_GAMMA2_058|TYR|pi_stack|frequency,2026091903,0,9,0.0
lorazepam,alpha2,alpha2|BZD_GAMMA2_058|TYR|pi_stack|frequency,2026091904,0,9,0.0
lorazepam,alpha2,alpha2|BZD_GAMMA2_058|TYR|pi_stack|frequency,2026091905,0,9,0.0
lorazepam,alpha2,alpha2|BZD_GAMMA2_058|TYR|pi_stack|P_frequency,2026091901,0,9,0.0
lorazepam,alpha2,alpha2|BZD_GAMMA2_058|TYR|pi_stack|P_frequency,2026091902,0,9,0.0
lorazepam,alpha2,alpha2|BZD_GAMMA2_058|TYR|pi_stack|P_frequency,2026091903,0,9,0.0
lorazepam,alpha2,alpha2|BZD_GAMMA2_058|TYR|pi_stack|P_frequency,2026091904,0,9,0.0
lorazepam,alpha2,alpha2|BZD_GAMMA2_058|TYR|pi_stack|P_frequency,2026091905,0,9,0.0
lorazepam,alpha2,alpha2|BZD_GAMMA2_058|TYR|pi_stack|T_frequency,2026091901,0,9,0.0
lorazepam,alpha2,alpha2|BZD_GAMMA2_058|TYR|pi_stack|T_frequency,2026091902,0,9,0.0
lorazepam,alpha2,alpha2|BZD_GAMMA2_058|TYR|pi_stack|T_frequency,2026091903,0,9,0.0
lorazepam,alpha2,alpha2|BZD_GAMMA2_058|TYR|pi_stack|T_frequency,2026091904,0,9,0.0
lorazepam,alpha2,alpha2|BZD_GAMMA2_058|TYR|pi_stack|T_frequency,2026091905,0,9,0.0
clonazepam,alpha2,alpha2|BZD_GAMMA2_058|TYR|pi_stack|frequency,2026091901,0,9,0.0
clonazepam,alpha2,alpha2|BZD_GAMMA2_058|TYR|pi_stack|frequency,2026091902,0,9,0.0
clonazepam,alpha2,alpha2|BZD_GAMMA2_058|TYR|pi_stack|frequency,2026091903,0,9,0.0
clonazepam,alpha2,alpha2|BZD_GAMMA2_058|TYR|pi_stack|frequency,2026091904,0,9,0.0
clonazepam,alpha2,alpha2|BZD_GAMMA2_058|TYR|pi_stack|frequency,2026091905,0,9,0.0
clonazepam,alpha2,alpha2|BZD_GAMMA2_058|TYR|pi_stack|P_frequency,2026091901,0,9,0.0
clonazepam,alpha2,alpha2|BZD_GAMMA2_058|TYR|pi_stack|P_frequency,2026091902,0,9,0.0
clonazepam,alpha2,alpha2|BZD_GAMMA2_058|TYR|pi_stack|P_frequency,2026091903,0,9,0.0
clonazepam,alpha2,alpha2|BZD_GAMMA2_058|TYR|pi_stack|P_frequency,2026091904,0,9,0.0
clonazepam,alpha2,alpha2|BZD_GAMMA2_058|TYR|pi_stack|P_frequency,2026091905,0,9,0.0
clonazepam,alpha2,alpha2|BZD_GAMMA2_058|TYR|pi_stack|T_frequency,2026091901,0,9,0.0
clonazepam,alpha2,alpha2|BZD_GAMMA2_058|TYR|pi_stack|T_frequency,2026091902,0,9,0.0
clonazepam,alpha2,alpha2|BZD_GAMMA2_058|TYR|pi_stack|T_frequency,2026091903,0,9,0.0
clonazepam,alpha2,alpha2|BZD_GAMMA2_058|TYR|pi_stack|T_frequency,2026091904,0,9,0.0
clonazepam,alpha2,alpha2|BZD_GAMMA2_058|TYR|pi_stack|T_frequency,2026091905,0,9,0.0
midazolam,alpha2,alpha2|BZD_GAMMA2_058|TYR|pi_stack|frequency,2026091901,0,9,0.0
midazolam,alpha2,alpha2|BZD_GAMMA2_058|TYR|pi_stack|frequency,2026091902,1,9,0.1111111111111111
midazolam,alpha2,alpha2|BZD_GAMMA2_058|TYR|pi_stack|frequency,2026091903,0,9,0.0
midazolam,alpha2,alpha2|BZD_GAMMA2_058|TYR|pi_stack|frequency,2026091904,1,9,0.1111111111111111
midazolam,alpha2,alpha2|BZD_GAMMA2_058|TYR|pi_stack|frequency,2026091905,0,9,0.0
midazolam,alpha2,alpha2|BZD_GAMMA2_058|TYR|pi_stack|P_frequency,2026091901,0,9,0.0
midazolam,alpha2,alpha2|BZD_GAMMA2_058|TYR|pi_stack|P_frequency,2026091902,0,9,0.0
midazolam,alpha2,alpha2|BZD_GAMMA2_058|TYR|pi_stack|P_frequency,2026091903,0,9,0.0
midazolam,alpha2,alpha2|BZD_GAMMA2_058|TYR|pi_stack|P_frequency,2026091904,0,9,0.0
midazolam,alpha2,alpha2|BZD_GAMMA2_058|TYR|pi_stack|P_frequency,2026091905,0,9,0.0
midazolam,alpha2,alpha2|BZD_GAMMA2_058|TYR|pi_stack|T_frequency,2026091901,0,9,0.0
midazolam,alpha2,alpha2|BZD_GAMMA2_058|TYR|pi_stack|T_frequency,2026091902,1,9,0.1111111111111111
midazolam,alpha2,alpha2|BZD_GAMMA2_058|TYR|pi_stack|T_frequency,2026091903,0,9,0.0
midazolam,alpha2,alpha2|BZD_GAMMA2_058|TYR|pi_stack|T_frequency,2026091904,1,9,0.1111111111111111
midazolam,alpha2,alpha2|BZD_GAMMA2_058|TYR|pi_stack|T_frequency,2026091905,0,9,0.0
temazepam,alpha2,alpha2|BZD_GAMMA2_058|TYR|pi_stack|frequency,2026091901,0,9,0.0
temazepam,alpha2,alpha2|BZD_GAMMA2_058|TYR|pi_stack|frequency,2026091902,0,9,0.0
temazepam,alpha2,alpha2|BZD_GAMMA2_058|TYR|pi_stack|frequency,2026091903,0,9,0.0
temazepam,alpha2,alpha2|BZD_GAMMA2_058|TYR|pi_stack|frequency,2026091904,0,9,0.0
temazepam,alpha2,alpha2|BZD_GAMMA2_058|TYR|pi_stack|frequency,2026091905,0,9,0.0
temazepam,alpha2,alpha2|BZD_GAMMA2_058|TYR|pi_stack|P_frequency,2026091901,0,9,0.0
temazepam,alpha2,alpha2|BZD_GAMMA2_058|TYR|pi_stack|P_frequency,2026091902,0,9,0.0
temazepam,alpha2,alpha2|BZD_GAMMA2_058|TYR|pi_stack|P_frequency,2026091903,0,9,0.0
temazepam,alpha2,alpha2|BZD_GAMMA2_058|TYR|pi_stack|P_frequency,2026091904,0,9,0.0
temazepam,alpha2,alpha2|BZD_GAMMA2_058|TYR|pi_stack|P_frequency,2026091905,0,9,0.0
temazepam,alpha2,alpha2|BZD_GAMMA2_058|TYR|pi_stack|T_frequency,2026091901,0,9,0.0
temazepam,alpha2,alpha2|BZD_GAMMA2_058|TYR|pi_stack|T_frequency,2026091902,0,9,0.0
temazepam,alpha2,alpha2|BZD_GAMMA2_058|TYR|pi_stack|T_frequency,2026091903,0,9,0.0
temazepam,alpha2,alpha2|BZD_GAMMA2_058|TYR|pi_stack|T_frequency,2026091904,0,9,0.0
temazepam,alpha2,alpha2|BZD_GAMMA2_058|TYR|pi_stack|T_frequency,2026091905,0,9,0.0
zopiclone,alpha2,alpha2|BZD_GAMMA2_058|TYR|pi_stack|frequency,2026091901,1,9,0.1111111111111111
zopiclone,alpha2,alpha2|BZD_GAMMA2_058|TYR|pi_stack|frequency,2026091902,2,9,0.2222222222222222
zopiclone,alpha2,alpha2|BZD_GAMMA2_058|TYR|pi_stack|frequency,2026091903,1,9,0.1111111111111111
zopiclone,alpha2,alpha2|BZD_GAMMA2_058|TYR|pi_stack|frequency,2026091904,1,9,0.1111111111111111
zopiclone,alpha2,alpha2|BZD_GAMMA2_058|TYR|pi_stack|frequency,2026091905,0,9,0.0
zopiclone,alpha2,alpha2|BZD_GAMMA2_058|TYR|pi_stack|P_frequency,2026091901,0,9,0.0
zopiclone,alpha2,alpha2|BZD_GAMMA2_058|TYR|pi_stack|P_frequency,2026091902,0,9,0.0
zopiclone,alpha2,alpha2|BZD_GAMMA2_058|TYR|pi_stack|P_frequency,2026091903,0,9,0.0
zopiclone,alpha2,alpha2|BZD_GAMMA2_058|TYR|pi_stack|P_frequency,2026091904,0,9,0.0
zopiclone,alpha2,alpha2|BZD_GAMMA2_058|TYR|pi_stack|P_frequency,2026091905,0,9,0.0
zopiclone,alpha2,alpha2|BZD_GAMMA2_058|TYR|pi_stack|T_frequency,2026091901,1,9,0.1111111111111111
zopiclone,alpha2,alpha2|BZD_GAMMA2_058|TYR|pi_stack|T_frequency,2026091902,2,9,0.2222222222222222
zopiclone,alpha2,alpha2|BZD_GAMMA2_058|TYR|pi_stack|T_frequency,2026091903,1,9,0.1111111111111111
zopiclone,alpha2,alpha2|BZD_GAMMA2_058|TYR|pi_stack|T_frequency,2026091904,1,9,0.1111111111111111
zopiclone,alpha2,alpha2|BZD_GAMMA2_058|TYR|pi_stack|T_frequency,2026091905,0,9,0.0
zaleplon,alpha2,alpha2|BZD_GAMMA2_058|TYR|pi_stack|frequency,2026091901,2,9,0.2222222222222222
zaleplon,alpha2,alpha2|BZD_GAMMA2_058|TYR|pi_stack|frequency,2026091902,4,9,0.4444444444444444
zaleplon,alpha2,alpha2|BZD_GAMMA2_058|TYR|pi_stack|frequency,2026091903,2,9,0.2222222222222222
zaleplon,alpha2,alpha2|BZD_GAMMA2_058|TYR|pi_stack|frequency,2026091904,2,9,0.2222222222222222
zaleplon,alpha2,alpha2|BZD_GAMMA2_058|TYR|pi_stack|frequency,2026091905,1,9,0.1111111111111111
zaleplon,alpha2,alpha2|BZD_GAMMA2_058|TYR|pi_stack|P_frequency,2026091901,0,9,0.0
zaleplon,alpha2,alpha2|BZD_GAMMA2_058|TYR|pi_stack|P_frequency,2026091902,0,9,0.0
zaleplon,alpha2,alpha2|BZD_GAMMA2_058|TYR|pi_stack|P_frequency,2026091903,0,9,0.0
zaleplon,alpha2,alpha2|BZD_GAMMA2_058|TYR|pi_stack|P_frequency,2026091904,0,9,0.0
zaleplon,alpha2,alpha2|BZD_GAMMA2_058|TYR|pi_stack|P_frequency,2026091905,0,9,0.0
zaleplon,alpha2,alpha2|BZD_GAMMA2_058|TYR|pi_stack|T_frequency,2026091901,2,9,0.2222222222222222
zaleplon,alpha2,alpha2|BZD_GAMMA2_058|TYR|pi_stack|T_frequency,2026091902,4,9,0.4444444444444444
zaleplon,alpha2,alpha2|BZD_GAMMA2_058|TYR|pi_stack|T_frequency,2026091903,2,9,0.2222222222222222
zaleplon,alpha2,alpha2|BZD_GAMMA2_058|TYR|pi_stack|T_frequency,2026091904,2,9,0.2222222222222222
zaleplon,alpha2,alpha2|BZD_GAMMA2_058|TYR|pi_stack|T_frequency,2026091905,1,9,0.1111111111111111
diazepam,alpha2,alpha2|BZD_GAMMA2_059|VAL|halogen_bond|frequency,2026091901,0,9,0.0
diazepam,alpha2,alpha2|BZD_GAMMA2_059|VAL|halogen_bond|frequency,2026091902,1,9,0.1111111111111111
diazepam,alpha2,alpha2|BZD_GAMMA2_059|VAL|halogen_bond|frequency,2026091903,0,9,0.0
diazepam,alpha2,alpha2|BZD_GAMMA2_059|VAL|halogen_bond|frequency,2026091904,0,9,0.0
diazepam,alpha2,alpha2|BZD_GAMMA2_059|VAL|halogen_bond|frequency,2026091905,0,9,0.0
alprazolam,alpha2,alpha2|BZD_GAMMA2_059|VAL|halogen_bond|frequency,2026091901,0,9,0.0
alprazolam,alpha2,alpha2|BZD_GAMMA2_059|VAL|halogen_bond|frequency,2026091902,0,9,0.0
alprazolam,alpha2,alpha2|BZD_GAMMA2_059|VAL|halogen_bond|frequency,2026091903,0,9,0.0
alprazolam,alpha2,alpha2|BZD_GAMMA2_059|VAL|halogen_bond|frequency,2026091904,0,9,0.0
alprazolam,alpha2,alpha2|BZD_GAMMA2_059|VAL|halogen_bond|frequency,2026091905,0,9,0.0
triazolam,alpha2,alpha2|BZD_GAMMA2_059|VAL|halogen_bond|frequency,2026091901,0,9,0.0
triazolam,alpha2,alpha2|BZD_GAMMA2_059|VAL|halogen_bond|frequency,2026091902,1,9,0.1111111111111111
triazolam,alpha2,alpha2|BZD_GAMMA2_059|VAL|halogen_bond|frequency,2026091903,0,9,0.0
triazolam,alpha2,alpha2|BZD_GAMMA2_059|VAL|halogen_bond|frequency,2026091904,0,9,0.0
triazolam,alpha2,alpha2|BZD_GAMMA2_059|VAL|halogen_bond|frequency,2026091905,0,9,0.0
zolpidem,alpha2,alpha2|BZD_GAMMA2_059|VAL|halogen_bond|frequency,2026091901,0,9,0.0
zolpidem,alpha2,alpha2|BZD_GAMMA2_059|VAL|halogen_bond|frequency,2026091902,0,9,0.0
zolpidem,alpha2,alpha2|BZD_GAMMA2_059|VAL|halogen_bond|frequency,2026091903,0,9,0.0
zolpidem,alpha2,alpha2|BZD_GAMMA2_059|VAL|halogen_bond|frequency,2026091904,0,9,0.0
zolpidem,alpha2,alpha2|BZD_GAMMA2_059|VAL|halogen_bond|frequency,2026091905,0,9,0.0
lorazepam,alpha2,alpha2|BZD_GAMMA2_059|VAL|halogen_bond|frequency,2026091901,1,9,0.1111111111111111
lorazepam,alpha2,alpha2|BZD_GAMMA2_059|VAL|halogen_bond|frequency,2026091902,1,9,0.1111111111111111
lorazepam,alpha2,alpha2|BZD_GAMMA2_059|VAL|halogen_bond|frequency,2026091903,0,9,0.0
lorazepam,alpha2,alpha2|BZD_GAMMA2_059|VAL|halogen_bond|frequency,2026091904,0,9,0.0
lorazepam,alpha2,alpha2|BZD_GAMMA2_059|VAL|halogen_bond|frequency,2026091905,0,9,0.0
clonazepam,alpha2,alpha2|BZD_GAMMA2_059|VAL|halogen_bond|frequency,2026091901,0,9,0.0
clonazepam,alpha2,alpha2|BZD_GAMMA2_059|VAL|halogen_bond|frequency,2026091902,0,9,0.0
clonazepam,alpha2,alpha2|BZD_GAMMA2_059|VAL|halogen_bond|frequency,2026091903,0,9,0.0
clonazepam,alpha2,alpha2|BZD_GAMMA2_059|VAL|halogen_bond|frequency,2026091904,0,9,0.0
clonazepam,alpha2,alpha2|BZD_GAMMA2_059|VAL|halogen_bond|frequency,2026091905,0,9,0.0
midazolam,alpha2,alpha2|BZD_GAMMA2_059|VAL|halogen_bond|frequency,2026091901,0,9,0.0
midazolam,alpha2,alpha2|BZD_GAMMA2_059|VAL|halogen_bond|frequency,2026091902,0,9,0.0
midazolam,alpha2,alpha2|BZD_GAMMA2_059|VAL|halogen_bond|frequency,2026091903,0,9,0.0
midazolam,alpha2,alpha2|BZD_GAMMA2_059|VAL|halogen_bond|frequency,2026091904,0,9,0.0
midazolam,alpha2,alpha2|BZD_GAMMA2_059|VAL|halogen_bond|frequency,2026091905,0,9,0.0
temazepam,alpha2,alpha2|BZD_GAMMA2_059|VAL|halogen_bond|frequency,2026091901,0,9,0.0
temazepam,alpha2,alpha2|BZD_GAMMA2_059|VAL|halogen_bond|frequency,2026091902,0,9,0.0
temazepam,alpha2,alpha2|BZD_GAMMA2_059|VAL|halogen_bond|frequency,2026091903,0,9,0.0
temazepam,alpha2,alpha2|BZD_GAMMA2_059|VAL|halogen_bond|frequency,2026091904,0,9,0.0
temazepam,alpha2,alpha2|BZD_GAMMA2_059|VAL|halogen_bond|frequency,2026091905,0,9,0.0
zopiclone,alpha2,alpha2|BZD_GAMMA2_059|VAL|halogen_bond|frequency,2026091901,0,9,0.0
zopiclone,alpha2,alpha2|BZD_GAMMA2_059|VAL|halogen_bond|frequency,2026091902,0,9,0.0
zopiclone,alpha2,alpha2|BZD_GAMMA2_059|VAL|halogen_bond|frequency,2026091903,0,9,0.0
zopiclone,alpha2,alpha2|BZD_GAMMA2_059|VAL|halogen_bond|frequency,2026091904,0,9,0.0
zopiclone,alpha2,alpha2|BZD_GAMMA2_059|VAL|halogen_bond|frequency,2026091905,0,9,0.0
zaleplon,alpha2,alpha2|BZD_GAMMA2_059|VAL|halogen_bond|frequency,2026091901,0,9,0.0
zaleplon,alpha2,alpha2|BZD_GAMMA2_059|VAL|halogen_bond|frequency,2026091902,0,9,0.0
zaleplon,alpha2,alpha2|BZD_GAMMA2_059|VAL|halogen_bond|frequency,2026091903,0,9,0.0
zaleplon,alpha2,alpha2|BZD_GAMMA2_059|VAL|halogen_bond|frequency,2026091904,0,9,0.0
zaleplon,alpha2,alpha2|BZD_GAMMA2_059|VAL|halogen_bond|frequency,2026091905,0,9,0.0
diazepam,alpha2,alpha2|BZD_GAMMA2_060|ASN|halogen_bond|frequency,2026091901,0,9,0.0
diazepam,alpha2,alpha2|BZD_GAMMA2_060|ASN|halogen_bond|frequency,2026091902,0,9,0.0
diazepam,alpha2,alpha2|BZD_GAMMA2_060|ASN|halogen_bond|frequency,2026091903,0,9,0.0
diazepam,alpha2,alpha2|BZD_GAMMA2_060|ASN|halogen_bond|frequency,2026091904,0,9,0.0
diazepam,alpha2,alpha2|BZD_GAMMA2_060|ASN|halogen_bond|frequency,2026091905,0,9,0.0
alprazolam,alpha2,alpha2|BZD_GAMMA2_060|ASN|halogen_bond|frequency,2026091901,0,9,0.0
alprazolam,alpha2,alpha2|BZD_GAMMA2_060|ASN|halogen_bond|frequency,2026091902,0,9,0.0
alprazolam,alpha2,alpha2|BZD_GAMMA2_060|ASN|halogen_bond|frequency,2026091903,0,9,0.0
alprazolam,alpha2,alpha2|BZD_GAMMA2_060|ASN|halogen_bond|frequency,2026091904,0,9,0.0
alprazolam,alpha2,alpha2|BZD_GAMMA2_060|ASN|halogen_bond|frequency,2026091905,0,9,0.0
triazolam,alpha2,alpha2|BZD_GAMMA2_060|ASN|halogen_bond|frequency,2026091901,0,9,0.0
triazolam,alpha2,alpha2|BZD_GAMMA2_060|ASN|halogen_bond|frequency,2026091902,0,9,0.0
triazolam,alpha2,alpha2|BZD_GAMMA2_060|ASN|halogen_bond|frequency,2026091903,0,9,0.0
triazolam,alpha2,alpha2|BZD_GAMMA2_060|ASN|halogen_bond|frequency,2026091904,0,9,0.0
triazolam,alpha2,alpha2|BZD_GAMMA2_060|ASN|halogen_bond|frequency,2026091905,0,9,0.0
zolpidem,alpha2,alpha2|BZD_GAMMA2_060|ASN|halogen_bond|frequency,2026091901,0,9,0.0
zolpidem,alpha2,alpha2|BZD_GAMMA2_060|ASN|halogen_bond|frequency,2026091902,0,9,0.0
zolpidem,alpha2,alpha2|BZD_GAMMA2_060|ASN|halogen_bond|frequency,2026091903,0,9,0.0
zolpidem,alpha2,alpha2|BZD_GAMMA2_060|ASN|halogen_bond|frequency,2026091904,0,9,0.0
zolpidem,alpha2,alpha2|BZD_GAMMA2_060|ASN|halogen_bond|frequency,2026091905,0,9,0.0
lorazepam,alpha2,alpha2|BZD_GAMMA2_060|ASN|halogen_bond|frequency,2026091901,1,9,0.1111111111111111
lorazepam,alpha2,alpha2|BZD_GAMMA2_060|ASN|halogen_bond|frequency,2026091902,1,9,0.1111111111111111
lorazepam,alpha2,alpha2|BZD_GAMMA2_060|ASN|halogen_bond|frequency,2026091903,2,9,0.2222222222222222
lorazepam,alpha2,alpha2|BZD_GAMMA2_060|ASN|halogen_bond|frequency,2026091904,2,9,0.2222222222222222
lorazepam,alpha2,alpha2|BZD_GAMMA2_060|ASN|halogen_bond|frequency,2026091905,1,9,0.1111111111111111
clonazepam,alpha2,alpha2|BZD_GAMMA2_060|ASN|halogen_bond|frequency,2026091901,1,9,0.1111111111111111
clonazepam,alpha2,alpha2|BZD_GAMMA2_060|ASN|halogen_bond|frequency,2026091902,1,9,0.1111111111111111
clonazepam,alpha2,alpha2|BZD_GAMMA2_060|ASN|halogen_bond|frequency,2026091903,2,9,0.2222222222222222
clonazepam,alpha2,alpha2|BZD_GAMMA2_060|ASN|halogen_bond|frequency,2026091904,1,9,0.1111111111111111
clonazepam,alpha2,alpha2|BZD_GAMMA2_060|ASN|halogen_bond|frequency,2026091905,1,9,0.1111111111111111
midazolam,alpha2,alpha2|BZD_GAMMA2_060|ASN|halogen_bond|frequency,2026091901,0,9,0.0
midazolam,alpha2,alpha2|BZD_GAMMA2_060|ASN|halogen_bond|frequency,2026091902,0,9,0.0
midazolam,alpha2,alpha2|BZD_GAMMA2_060|ASN|halogen_bond|frequency,2026091903,0,9,0.0
midazolam,alpha2,alpha2|BZD_GAMMA2_060|ASN|halogen_bond|frequency,2026091904,0,9,0.0
midazolam,alpha2,alpha2|BZD_GAMMA2_060|ASN|halogen_bond|frequency,2026091905,0,9,0.0
temazepam,alpha2,alpha2|BZD_GAMMA2_060|ASN|halogen_bond|frequency,2026091901,0,9,0.0
temazepam,alpha2,alpha2|BZD_GAMMA2_060|ASN|halogen_bond|frequency,2026091902,0,9,0.0
temazepam,alpha2,alpha2|BZD_GAMMA2_060|ASN|halogen_bond|frequency,2026091903,0,9,0.0
temazepam,alpha2,alpha2|BZD_GAMMA2_060|ASN|halogen_bond|frequency,2026091904,0,9,0.0
temazepam,alpha2,alpha2|BZD_GAMMA2_060|ASN|halogen_bond|frequency,2026091905,0,9,0.0
zopiclone,alpha2,alpha2|BZD_GAMMA2_060|ASN|halogen_bond|frequency,2026091901,0,9,0.0
zopiclone,alpha2,alpha2|BZD_GAMMA2_060|ASN|halogen_bond|frequency,2026091902,0,9,0.0
zopiclone,alpha2,alpha2|BZD_GAMMA2_060|ASN|halogen_bond|frequency,2026091903,0,9,0.0
zopiclone,alpha2,alpha2|BZD_GAMMA2_060|ASN|halogen_bond|frequency,2026091904,0,9,0.0
zopiclone,alpha2,alpha2|BZD_GAMMA2_060|ASN|halogen_bond|frequency,2026091905,0,9,0.0
zaleplon,alpha2,alpha2|BZD_GAMMA2_060|ASN|halogen_bond|frequency,2026091901,0,9,0.0
zaleplon,alpha2,alpha2|BZD_GAMMA2_060|ASN|halogen_bond|frequency,2026091902,0,9,0.0
zaleplon,alpha2,alpha2|BZD_GAMMA2_060|ASN|halogen_bond|frequency,2026091903,0,9,0.0
zaleplon,alpha2,alpha2|BZD_GAMMA2_060|ASN|halogen_bond|frequency,2026091904,0,9,0.0
zaleplon,alpha2,alpha2|BZD_GAMMA2_060|ASN|halogen_bond|frequency,2026091905,0,9,0.0
diazepam,alpha2,alpha2|BZD_GAMMA2_060|ASN|hydrogen_bond|frequency,2026091901,0,9,0.0
diazepam,alpha2,alpha2|BZD_GAMMA2_060|ASN|hydrogen_bond|frequency,2026091902,0,9,0.0
diazepam,alpha2,alpha2|BZD_GAMMA2_060|ASN|hydrogen_bond|frequency,2026091903,0,9,0.0
diazepam,alpha2,alpha2|BZD_GAMMA2_060|ASN|hydrogen_bond|frequency,2026091904,0,9,0.0
diazepam,alpha2,alpha2|BZD_GAMMA2_060|ASN|hydrogen_bond|frequency,2026091905,0,9,0.0
alprazolam,alpha2,alpha2|BZD_GAMMA2_060|ASN|hydrogen_bond|frequency,2026091901,0,9,0.0
alprazolam,alpha2,alpha2|BZD_GAMMA2_060|ASN|hydrogen_bond|frequency,2026091902,0,9,0.0
alprazolam,alpha2,alpha2|BZD_GAMMA2_060|ASN|hydrogen_bond|frequency,2026091903,0,9,0.0
alprazolam,alpha2,alpha2|BZD_GAMMA2_060|ASN|hydrogen_bond|frequency,2026091904,0,9,0.0
alprazolam,alpha2,alpha2|BZD_GAMMA2_060|ASN|hydrogen_bond|frequency,2026091905,0,9,0.0
triazolam,alpha2,alpha2|BZD_GAMMA2_060|ASN|hydrogen_bond|frequency,2026091901,0,9,0.0
triazolam,alpha2,alpha2|BZD_GAMMA2_060|ASN|hydrogen_bond|frequency,2026091902,0,9,0.0
triazolam,alpha2,alpha2|BZD_GAMMA2_060|ASN|hydrogen_bond|frequency,2026091903,0,9,0.0
triazolam,alpha2,alpha2|BZD_GAMMA2_060|ASN|hydrogen_bond|frequency,2026091904,2,9,0.2222222222222222
triazolam,alpha2,alpha2|BZD_GAMMA2_060|ASN|hydrogen_bond|frequency,2026091905,0,9,0.0
zolpidem,alpha2,alpha2|BZD_GAMMA2_060|ASN|hydrogen_bond|frequency,2026091901,0,9,0.0
zolpidem,alpha2,alpha2|BZD_GAMMA2_060|ASN|hydrogen_bond|frequency,2026091902,0,9,0.0
zolpidem,alpha2,alpha2|BZD_GAMMA2_060|ASN|hydrogen_bond|frequency,2026091903,0,9,0.0
zolpidem,alpha2,alpha2|BZD_GAMMA2_060|ASN|hydrogen_bond|frequency,2026091904,0,9,0.0
zolpidem,alpha2,alpha2|BZD_GAMMA2_060|ASN|hydrogen_bond|frequency,2026091905,0,9,0.0
lorazepam,alpha2,alpha2|BZD_GAMMA2_060|ASN|hydrogen_bond|frequency,2026091901,1,9,0.1111111111111111
lorazepam,alpha2,alpha2|BZD_GAMMA2_060|ASN|hydrogen_bond|frequency,2026091902,2,9,0.2222222222222222
lorazepam,alpha2,alpha2|BZD_GAMMA2_060|ASN|hydrogen_bond|frequency,2026091903,3,9,0.3333333333333333
lorazepam,alpha2,alpha2|BZD_GAMMA2_060|ASN|hydrogen_bond|frequency,2026091904,3,9,0.3333333333333333
lorazepam,alpha2,alpha2|BZD_GAMMA2_060|ASN|hydrogen_bond|frequency,2026091905,2,9,0.2222222222222222
clonazepam,alpha2,alpha2|BZD_GAMMA2_060|ASN|hydrogen_bond|frequency,2026091901,1,9,0.1111111111111111
clonazepam,alpha2,alpha2|BZD_GAMMA2_060|ASN|hydrogen_bond|frequency,2026091902,0,9,0.0
clonazepam,alpha2,alpha2|BZD_GAMMA2_060|ASN|hydrogen_bond|frequency,2026091903,1,9,0.1111111111111111
clonazepam,alpha2,alpha2|BZD_GAMMA2_060|ASN|hydrogen_bond|frequency,2026091904,2,9,0.2222222222222222
clonazepam,alpha2,alpha2|BZD_GAMMA2_060|ASN|hydrogen_bond|frequency,2026091905,2,9,0.2222222222222222
midazolam,alpha2,alpha2|BZD_GAMMA2_060|ASN|hydrogen_bond|frequency,2026091901,0,9,0.0
midazolam,alpha2,alpha2|BZD_GAMMA2_060|ASN|hydrogen_bond|frequency,2026091902,0,9,0.0
midazolam,alpha2,alpha2|BZD_GAMMA2_060|ASN|hydrogen_bond|frequency,2026091903,0,9,0.0
midazolam,alpha2,alpha2|BZD_GAMMA2_060|ASN|hydrogen_bond|frequency,2026091904,0,9,0.0
midazolam,alpha2,alpha2|BZD_GAMMA2_060|ASN|hydrogen_bond|frequency,2026091905,0,9,0.0
temazepam,alpha2,alpha2|BZD_GAMMA2_060|ASN|hydrogen_bond|frequency,2026091901,3,9,0.3333333333333333
temazepam,alpha2,alpha2|BZD_GAMMA2_060|ASN|hydrogen_bond|frequency,2026091902,4,9,0.4444444444444444
temazepam,alpha2,alpha2|BZD_GAMMA2_060|ASN|hydrogen_bond|frequency,2026091903,1,9,0.1111111111111111
temazepam,alpha2,alpha2|BZD_GAMMA2_060|ASN|hydrogen_bond|frequency,2026091904,1,9,0.1111111111111111
temazepam,alpha2,alpha2|BZD_GAMMA2_060|ASN|hydrogen_bond|frequency,2026091905,3,9,0.3333333333333333
zopiclone,alpha2,alpha2|BZD_GAMMA2_060|ASN|hydrogen_bond|frequency,2026091901,0,9,0.0
zopiclone,alpha2,alpha2|BZD_GAMMA2_060|ASN|hydrogen_bond|frequency,2026091902,0,9,0.0
zopiclone,alpha2,alpha2|BZD_GAMMA2_060|ASN|hydrogen_bond|frequency,2026091903,0,9,0.0
zopiclone,alpha2,alpha2|BZD_GAMMA2_060|ASN|hydrogen_bond|frequency,2026091904,0,9,0.0
zopiclone,alpha2,alpha2|BZD_GAMMA2_060|ASN|hydrogen_bond|frequency,2026091905,0,9,0.0
zaleplon,alpha2,alpha2|BZD_GAMMA2_060|ASN|hydrogen_bond|frequency,2026091901,0,9,0.0
zaleplon,alpha2,alpha2|BZD_GAMMA2_060|ASN|hydrogen_bond|frequency,2026091902,0,9,0.0
zaleplon,alpha2,alpha2|BZD_GAMMA2_060|ASN|hydrogen_bond|frequency,2026091903,0,9,0.0
zaleplon,alpha2,alpha2|BZD_GAMMA2_060|ASN|hydrogen_bond|frequency,2026091904,0,9,0.0
zaleplon,alpha2,alpha2|BZD_GAMMA2_060|ASN|hydrogen_bond|frequency,2026091905,0,9,0.0
diazepam,alpha2,alpha2|BZD_GAMMA2_060|ASN|hydrophobic_interaction|frequency,2026091901,0,9,0.0
diazepam,alpha2,alpha2|BZD_GAMMA2_060|ASN|hydrophobic_interaction|frequency,2026091902,1,9,0.1111111111111111
diazepam,alpha2,alpha2|BZD_GAMMA2_060|ASN|hydrophobic_interaction|frequency,2026091903,2,9,0.2222222222222222
diazepam,alpha2,alpha2|BZD_GAMMA2_060|ASN|hydrophobic_interaction|frequency,2026091904,0,9,0.0
diazepam,alpha2,alpha2|BZD_GAMMA2_060|ASN|hydrophobic_interaction|frequency,2026091905,1,9,0.1111111111111111
alprazolam,alpha2,alpha2|BZD_GAMMA2_060|ASN|hydrophobic_interaction|frequency,2026091901,1,9,0.1111111111111111
alprazolam,alpha2,alpha2|BZD_GAMMA2_060|ASN|hydrophobic_interaction|frequency,2026091902,1,9,0.1111111111111111
alprazolam,alpha2,alpha2|BZD_GAMMA2_060|ASN|hydrophobic_interaction|frequency,2026091903,2,9,0.2222222222222222
alprazolam,alpha2,alpha2|BZD_GAMMA2_060|ASN|hydrophobic_interaction|frequency,2026091904,2,9,0.2222222222222222
alprazolam,alpha2,alpha2|BZD_GAMMA2_060|ASN|hydrophobic_interaction|frequency,2026091905,2,9,0.2222222222222222
triazolam,alpha2,alpha2|BZD_GAMMA2_060|ASN|hydrophobic_interaction|frequency,2026091901,2,9,0.2222222222222222
triazolam,alpha2,alpha2|BZD_GAMMA2_060|ASN|hydrophobic_interaction|frequency,2026091902,4,9,0.4444444444444444
triazolam,alpha2,alpha2|BZD_GAMMA2_060|ASN|hydrophobic_interaction|frequency,2026091903,3,9,0.3333333333333333
triazolam,alpha2,alpha2|BZD_GAMMA2_060|ASN|hydrophobic_interaction|frequency,2026091904,1,9,0.1111111111111111
triazolam,alpha2,alpha2|BZD_GAMMA2_060|ASN|hydrophobic_interaction|frequency,2026091905,2,9,0.2222222222222222
zolpidem,alpha2,alpha2|BZD_GAMMA2_060|ASN|hydrophobic_interaction|frequency,2026091901,5,9,0.5555555555555556
zolpidem,alpha2,alpha2|BZD_GAMMA2_060|ASN|hydrophobic_interaction|frequency,2026091902,4,9,0.4444444444444444
zolpidem,alpha2,alpha2|BZD_GAMMA2_060|ASN|hydrophobic_interaction|frequency,2026091903,4,9,0.4444444444444444
zolpidem,alpha2,alpha2|BZD_GAMMA2_060|ASN|hydrophobic_interaction|frequency,2026091904,4,9,0.4444444444444444
zolpidem,alpha2,alpha2|BZD_GAMMA2_060|ASN|hydrophobic_interaction|frequency,2026091905,3,9,0.3333333333333333
lorazepam,alpha2,alpha2|BZD_GAMMA2_060|ASN|hydrophobic_interaction|frequency,2026091901,4,9,0.4444444444444444
lorazepam,alpha2,alpha2|BZD_GAMMA2_060|ASN|hydrophobic_interaction|frequency,2026091902,2,9,0.2222222222222222
lorazepam,alpha2,alpha2|BZD_GAMMA2_060|ASN|hydrophobic_interaction|frequency,2026091903,3,9,0.3333333333333333
lorazepam,alpha2,alpha2|BZD_GAMMA2_060|ASN|hydrophobic_interaction|frequency,2026091904,6,9,0.6666666666666666
lorazepam,alpha2,alpha2|BZD_GAMMA2_060|ASN|hydrophobic_interaction|frequency,2026091905,4,9,0.4444444444444444
clonazepam,alpha2,alpha2|BZD_GAMMA2_060|ASN|hydrophobic_interaction|frequency,2026091901,6,9,0.6666666666666666
clonazepam,alpha2,alpha2|BZD_GAMMA2_060|ASN|hydrophobic_interaction|frequency,2026091902,3,9,0.3333333333333333
clonazepam,alpha2,alpha2|BZD_GAMMA2_060|ASN|hydrophobic_interaction|frequency,2026091903,4,9,0.4444444444444444
clonazepam,alpha2,alpha2|BZD_GAMMA2_060|ASN|hydrophobic_interaction|frequency,2026091904,4,9,0.4444444444444444
clonazepam,alpha2,alpha2|BZD_GAMMA2_060|ASN|hydrophobic_interaction|frequency,2026091905,4,9,0.4444444444444444
midazolam,alpha2,alpha2|BZD_GAMMA2_060|ASN|hydrophobic_interaction|frequency,2026091901,4,9,0.4444444444444444
midazolam,alpha2,alpha2|BZD_GAMMA2_060|ASN|hydrophobic_interaction|frequency,2026091902,2,9,0.2222222222222222
midazolam,alpha2,alpha2|BZD_GAMMA2_060|ASN|hydrophobic_interaction|frequency,2026091903,4,9,0.4444444444444444
midazolam,alpha2,alpha2|BZD_GAMMA2_060|ASN|hydrophobic_interaction|frequency,2026091904,2,9,0.2222222222222222
midazolam,alpha2,alpha2|BZD_GAMMA2_060|ASN|hydrophobic_interaction|frequency,2026091905,4,9,0.4444444444444444
temazepam,alpha2,alpha2|BZD_GAMMA2_060|ASN|hydrophobic_interaction|frequency,2026091901,1,9,0.1111111111111111
temazepam,alpha2,alpha2|BZD_GAMMA2_060|ASN|hydrophobic_interaction|frequency,2026091902,1,9,0.1111111111111111
temazepam,alpha2,alpha2|BZD_GAMMA2_060|ASN|hydrophobic_interaction|frequency,2026091903,1,9,0.1111111111111111
temazepam,alpha2,alpha2|BZD_GAMMA2_060|ASN|hydrophobic_interaction|frequency,2026091904,2,9,0.2222222222222222
temazepam,alpha2,alpha2|BZD_GAMMA2_060|ASN|hydrophobic_interaction|frequency,2026091905,1,9,0.1111111111111111
zopiclone,alpha2,alpha2|BZD_GAMMA2_060|ASN|hydrophobic_interaction|frequency,2026091901,2,9,0.2222222222222222
zopiclone,alpha2,alpha2|BZD_GAMMA2_060|ASN|hydrophobic_interaction|frequency,2026091902,1,9,0.1111111111111111
zopiclone,alpha2,alpha2|BZD_GAMMA2_060|ASN|hydrophobic_interaction|frequency,2026091903,1,9,0.1111111111111111
zopiclone,alpha2,alpha2|BZD_GAMMA2_060|ASN|hydrophobic_interaction|frequency,2026091904,2,9,0.2222222222222222
zopiclone,alpha2,alpha2|BZD_GAMMA2_060|ASN|hydrophobic_interaction|frequency,2026091905,3,9,0.3333333333333333
zaleplon,alpha2,alpha2|BZD_GAMMA2_060|ASN|hydrophobic_interaction|frequency,2026091901,1,9,0.1111111111111111
zaleplon,alpha2,alpha2|BZD_GAMMA2_060|ASN|hydrophobic_interaction|frequency,2026091902,2,9,0.2222222222222222
zaleplon,alpha2,alpha2|BZD_GAMMA2_060|ASN|hydrophobic_interaction|frequency,2026091903,1,9,0.1111111111111111
zaleplon,alpha2,alpha2|BZD_GAMMA2_060|ASN|hydrophobic_interaction|frequency,2026091904,0,9,0.0
zaleplon,alpha2,alpha2|BZD_GAMMA2_060|ASN|hydrophobic_interaction|frequency,2026091905,1,9,0.1111111111111111
diazepam,alpha2,alpha2|BZD_GAMMA2_061|SER|hydrogen_bond|frequency,2026091901,1,9,0.1111111111111111
diazepam,alpha2,alpha2|BZD_GAMMA2_061|SER|hydrogen_bond|frequency,2026091902,0,9,0.0
diazepam,alpha2,alpha2|BZD_GAMMA2_061|SER|hydrogen_bond|frequency,2026091903,1,9,0.1111111111111111
diazepam,alpha2,alpha2|BZD_GAMMA2_061|SER|hydrogen_bond|frequency,2026091904,1,9,0.1111111111111111
diazepam,alpha2,alpha2|BZD_GAMMA2_061|SER|hydrogen_bond|frequency,2026091905,0,9,0.0
alprazolam,alpha2,alpha2|BZD_GAMMA2_061|SER|hydrogen_bond|frequency,2026091901,0,9,0.0
alprazolam,alpha2,alpha2|BZD_GAMMA2_061|SER|hydrogen_bond|frequency,2026091902,0,9,0.0
alprazolam,alpha2,alpha2|BZD_GAMMA2_061|SER|hydrogen_bond|frequency,2026091903,0,9,0.0
alprazolam,alpha2,alpha2|BZD_GAMMA2_061|SER|hydrogen_bond|frequency,2026091904,0,9,0.0
alprazolam,alpha2,alpha2|BZD_GAMMA2_061|SER|hydrogen_bond|frequency,2026091905,1,9,0.1111111111111111
triazolam,alpha2,alpha2|BZD_GAMMA2_061|SER|hydrogen_bond|frequency,2026091901,0,9,0.0
triazolam,alpha2,alpha2|BZD_GAMMA2_061|SER|hydrogen_bond|frequency,2026091902,0,9,0.0
triazolam,alpha2,alpha2|BZD_GAMMA2_061|SER|hydrogen_bond|frequency,2026091903,0,9,0.0
triazolam,alpha2,alpha2|BZD_GAMMA2_061|SER|hydrogen_bond|frequency,2026091904,0,9,0.0
triazolam,alpha2,alpha2|BZD_GAMMA2_061|SER|hydrogen_bond|frequency,2026091905,0,9,0.0
zolpidem,alpha2,alpha2|BZD_GAMMA2_061|SER|hydrogen_bond|frequency,2026091901,0,9,0.0
zolpidem,alpha2,alpha2|BZD_GAMMA2_061|SER|hydrogen_bond|frequency,2026091902,0,9,0.0
zolpidem,alpha2,alpha2|BZD_GAMMA2_061|SER|hydrogen_bond|frequency,2026091903,0,9,0.0
zolpidem,alpha2,alpha2|BZD_GAMMA2_061|SER|hydrogen_bond|frequency,2026091904,0,9,0.0
zolpidem,alpha2,alpha2|BZD_GAMMA2_061|SER|hydrogen_bond|frequency,2026091905,0,9,0.0
lorazepam,alpha2,alpha2|BZD_GAMMA2_061|SER|hydrogen_bond|frequency,2026091901,0,9,0.0
lorazepam,alpha2,alpha2|BZD_GAMMA2_061|SER|hydrogen_bond|frequency,2026091902,0,9,0.0
lorazepam,alpha2,alpha2|BZD_GAMMA2_061|SER|hydrogen_bond|frequency,2026091903,0,9,0.0
lorazepam,alpha2,alpha2|BZD_GAMMA2_061|SER|hydrogen_bond|frequency,2026091904,0,9,0.0
lorazepam,alpha2,alpha2|BZD_GAMMA2_061|SER|hydrogen_bond|frequency,2026091905,0,9,0.0
clonazepam,alpha2,alpha2|BZD_GAMMA2_061|SER|hydrogen_bond|frequency,2026091901,2,9,0.2222222222222222
clonazepam,alpha2,alpha2|BZD_GAMMA2_061|SER|hydrogen_bond|frequency,2026091902,2,9,0.2222222222222222
clonazepam,alpha2,alpha2|BZD_GAMMA2_061|SER|hydrogen_bond|frequency,2026091903,1,9,0.1111111111111111
clonazepam,alpha2,alpha2|BZD_GAMMA2_061|SER|hydrogen_bond|frequency,2026091904,2,9,0.2222222222222222
clonazepam,alpha2,alpha2|BZD_GAMMA2_061|SER|hydrogen_bond|frequency,2026091905,3,9,0.3333333333333333
midazolam,alpha2,alpha2|BZD_GAMMA2_061|SER|hydrogen_bond|frequency,2026091901,0,9,0.0
midazolam,alpha2,alpha2|BZD_GAMMA2_061|SER|hydrogen_bond|frequency,2026091902,0,9,0.0
midazolam,alpha2,alpha2|BZD_GAMMA2_061|SER|hydrogen_bond|frequency,2026091903,0,9,0.0
midazolam,alpha2,alpha2|BZD_GAMMA2_061|SER|hydrogen_bond|frequency,2026091904,0,9,0.0
midazolam,alpha2,alpha2|BZD_GAMMA2_061|SER|hydrogen_bond|frequency,2026091905,0,9,0.0
temazepam,alpha2,alpha2|BZD_GAMMA2_061|SER|hydrogen_bond|frequency,2026091901,0,9,0.0
temazepam,alpha2,alpha2|BZD_GAMMA2_061|SER|hydrogen_bond|frequency,2026091902,1,9,0.1111111111111111
temazepam,alpha2,alpha2|BZD_GAMMA2_061|SER|hydrogen_bond|frequency,2026091903,1,9,0.1111111111111111
temazepam,alpha2,alpha2|BZD_GAMMA2_061|SER|hydrogen_bond|frequency,2026091904,1,9,0.1111111111111111
temazepam,alpha2,alpha2|BZD_GAMMA2_061|SER|hydrogen_bond|frequency,2026091905,0,9,0.0
zopiclone,alpha2,alpha2|BZD_GAMMA2_061|SER|hydrogen_bond|frequency,2026091901,0,9,0.0
zopiclone,alpha2,alpha2|BZD_GAMMA2_061|SER|hydrogen_bond|frequency,2026091902,0,9,0.0
zopiclone,alpha2,alpha2|BZD_GAMMA2_061|SER|hydrogen_bond|frequency,2026091903,0,9,0.0
zopiclone,alpha2,alpha2|BZD_GAMMA2_061|SER|hydrogen_bond|frequency,2026091904,0,9,0.0
zopiclone,alpha2,alpha2|BZD_GAMMA2_061|SER|hydrogen_bond|frequency,2026091905,0,9,0.0
zaleplon,alpha2,alpha2|BZD_GAMMA2_061|SER|hydrogen_bond|frequency,2026091901,0,9,0.0
zaleplon,alpha2,alpha2|BZD_GAMMA2_061|SER|hydrogen_bond|frequency,2026091902,0,9,0.0
zaleplon,alpha2,alpha2|BZD_GAMMA2_061|SER|hydrogen_bond|frequency,2026091903,0,9,0.0
zaleplon,alpha2,alpha2|BZD_GAMMA2_061|SER|hydrogen_bond|frequency,2026091904,0,9,0.0
zaleplon,alpha2,alpha2|BZD_GAMMA2_061|SER|hydrogen_bond|frequency,2026091905,0,9,0.0
diazepam,alpha2,alpha2|BZD_GAMMA2_075|ASP|halogen_bond|frequency,2026091901,1,9,0.1111111111111111
diazepam,alpha2,alpha2|BZD_GAMMA2_075|ASP|halogen_bond|frequency,2026091902,0,9,0.0
diazepam,alpha2,alpha2|BZD_GAMMA2_075|ASP|halogen_bond|frequency,2026091903,0,9,0.0
diazepam,alpha2,alpha2|BZD_GAMMA2_075|ASP|halogen_bond|frequency,2026091904,0,9,0.0
diazepam,alpha2,alpha2|BZD_GAMMA2_075|ASP|halogen_bond|frequency,2026091905,1,9,0.1111111111111111
alprazolam,alpha2,alpha2|BZD_GAMMA2_075|ASP|halogen_bond|frequency,2026091901,0,9,0.0
alprazolam,alpha2,alpha2|BZD_GAMMA2_075|ASP|halogen_bond|frequency,2026091902,0,9,0.0
alprazolam,alpha2,alpha2|BZD_GAMMA2_075|ASP|halogen_bond|frequency,2026091903,1,9,0.1111111111111111
alprazolam,alpha2,alpha2|BZD_GAMMA2_075|ASP|halogen_bond|frequency,2026091904,1,9,0.1111111111111111
alprazolam,alpha2,alpha2|BZD_GAMMA2_075|ASP|halogen_bond|frequency,2026091905,0,9,0.0
triazolam,alpha2,alpha2|BZD_GAMMA2_075|ASP|halogen_bond|frequency,2026091901,1,9,0.1111111111111111
triazolam,alpha2,alpha2|BZD_GAMMA2_075|ASP|halogen_bond|frequency,2026091902,1,9,0.1111111111111111
triazolam,alpha2,alpha2|BZD_GAMMA2_075|ASP|halogen_bond|frequency,2026091903,1,9,0.1111111111111111
triazolam,alpha2,alpha2|BZD_GAMMA2_075|ASP|halogen_bond|frequency,2026091904,0,9,0.0
triazolam,alpha2,alpha2|BZD_GAMMA2_075|ASP|halogen_bond|frequency,2026091905,0,9,0.0
zolpidem,alpha2,alpha2|BZD_GAMMA2_075|ASP|halogen_bond|frequency,2026091901,0,9,0.0
zolpidem,alpha2,alpha2|BZD_GAMMA2_075|ASP|halogen_bond|frequency,2026091902,0,9,0.0
zolpidem,alpha2,alpha2|BZD_GAMMA2_075|ASP|halogen_bond|frequency,2026091903,0,9,0.0
zolpidem,alpha2,alpha2|BZD_GAMMA2_075|ASP|halogen_bond|frequency,2026091904,0,9,0.0
zolpidem,alpha2,alpha2|BZD_GAMMA2_075|ASP|halogen_bond|frequency,2026091905,0,9,0.0
lorazepam,alpha2,alpha2|BZD_GAMMA2_075|ASP|halogen_bond|frequency,2026091901,0,9,0.0
lorazepam,alpha2,alpha2|BZD_GAMMA2_075|ASP|halogen_bond|frequency,2026091902,0,9,0.0
lorazepam,alpha2,alpha2|BZD_GAMMA2_075|ASP|halogen_bond|frequency,2026091903,1,9,0.1111111111111111
lorazepam,alpha2,alpha2|BZD_GAMMA2_075|ASP|halogen_bond|frequency,2026091904,0,9,0.0
lorazepam,alpha2,alpha2|BZD_GAMMA2_075|ASP|halogen_bond|frequency,2026091905,1,9,0.1111111111111111
clonazepam,alpha2,alpha2|BZD_GAMMA2_075|ASP|halogen_bond|frequency,2026091901,0,9,0.0
clonazepam,alpha2,alpha2|BZD_GAMMA2_075|ASP|halogen_bond|frequency,2026091902,0,9,0.0
clonazepam,alpha2,alpha2|BZD_GAMMA2_075|ASP|halogen_bond|frequency,2026091903,0,9,0.0
clonazepam,alpha2,alpha2|BZD_GAMMA2_075|ASP|halogen_bond|frequency,2026091904,0,9,0.0
clonazepam,alpha2,alpha2|BZD_GAMMA2_075|ASP|halogen_bond|frequency,2026091905,0,9,0.0
midazolam,alpha2,alpha2|BZD_GAMMA2_075|ASP|halogen_bond|frequency,2026091901,0,9,0.0
midazolam,alpha2,alpha2|BZD_GAMMA2_075|ASP|halogen_bond|frequency,2026091902,0,9,0.0
midazolam,alpha2,alpha2|BZD_GAMMA2_075|ASP|halogen_bond|frequency,2026091903,1,9,0.1111111111111111
midazolam,alpha2,alpha2|BZD_GAMMA2_075|ASP|halogen_bond|frequency,2026091904,1,9,0.1111111111111111
midazolam,alpha2,alpha2|BZD_GAMMA2_075|ASP|halogen_bond|frequency,2026091905,1,9,0.1111111111111111
temazepam,alpha2,alpha2|BZD_GAMMA2_075|ASP|halogen_bond|frequency,2026091901,1,9,0.1111111111111111
temazepam,alpha2,alpha2|BZD_GAMMA2_075|ASP|halogen_bond|frequency,2026091902,0,9,0.0
temazepam,alpha2,alpha2|BZD_GAMMA2_075|ASP|halogen_bond|frequency,2026091903,1,9,0.1111111111111111
temazepam,alpha2,alpha2|BZD_GAMMA2_075|ASP|halogen_bond|frequency,2026091904,0,9,0.0
temazepam,alpha2,alpha2|BZD_GAMMA2_075|ASP|halogen_bond|frequency,2026091905,1,9,0.1111111111111111
zopiclone,alpha2,alpha2|BZD_GAMMA2_075|ASP|halogen_bond|frequency,2026091901,0,9,0.0
zopiclone,alpha2,alpha2|BZD_GAMMA2_075|ASP|halogen_bond|frequency,2026091902,0,9,0.0
zopiclone,alpha2,alpha2|BZD_GAMMA2_075|ASP|halogen_bond|frequency,2026091903,0,9,0.0
zopiclone,alpha2,alpha2|BZD_GAMMA2_075|ASP|halogen_bond|frequency,2026091904,0,9,0.0
zopiclone,alpha2,alpha2|BZD_GAMMA2_075|ASP|halogen_bond|frequency,2026091905,0,9,0.0
zaleplon,alpha2,alpha2|BZD_GAMMA2_075|ASP|halogen_bond|frequency,2026091901,0,9,0.0
zaleplon,alpha2,alpha2|BZD_GAMMA2_075|ASP|halogen_bond|frequency,2026091902,0,9,0.0
zaleplon,alpha2,alpha2|BZD_GAMMA2_075|ASP|halogen_bond|frequency,2026091903,0,9,0.0
zaleplon,alpha2,alpha2|BZD_GAMMA2_075|ASP|halogen_bond|frequency,2026091904,0,9,0.0
zaleplon,alpha2,alpha2|BZD_GAMMA2_075|ASP|halogen_bond|frequency,2026091905,0,9,0.0
diazepam,alpha2,alpha2|BZD_GAMMA2_075|ASP|hydrogen_bond|frequency,2026091901,0,9,0.0
diazepam,alpha2,alpha2|BZD_GAMMA2_075|ASP|hydrogen_bond|frequency,2026091902,0,9,0.0
diazepam,alpha2,alpha2|BZD_GAMMA2_075|ASP|hydrogen_bond|frequency,2026091903,0,9,0.0
diazepam,alpha2,alpha2|BZD_GAMMA2_075|ASP|hydrogen_bond|frequency,2026091904,0,9,0.0
diazepam,alpha2,alpha2|BZD_GAMMA2_075|ASP|hydrogen_bond|frequency,2026091905,0,9,0.0
alprazolam,alpha2,alpha2|BZD_GAMMA2_075|ASP|hydrogen_bond|frequency,2026091901,0,9,0.0
alprazolam,alpha2,alpha2|BZD_GAMMA2_075|ASP|hydrogen_bond|frequency,2026091902,0,9,0.0
alprazolam,alpha2,alpha2|BZD_GAMMA2_075|ASP|hydrogen_bond|frequency,2026091903,0,9,0.0
alprazolam,alpha2,alpha2|BZD_GAMMA2_075|ASP|hydrogen_bond|frequency,2026091904,0,9,0.0
alprazolam,alpha2,alpha2|BZD_GAMMA2_075|ASP|hydrogen_bond|frequency,2026091905,0,9,0.0
triazolam,alpha2,alpha2|BZD_GAMMA2_075|ASP|hydrogen_bond|frequency,2026091901,0,9,0.0
triazolam,alpha2,alpha2|BZD_GAMMA2_075|ASP|hydrogen_bond|frequency,2026091902,0,9,0.0
triazolam,alpha2,alpha2|BZD_GAMMA2_075|ASP|hydrogen_bond|frequency,2026091903,0,9,0.0
triazolam,alpha2,alpha2|BZD_GAMMA2_075|ASP|hydrogen_bond|frequency,2026091904,0,9,0.0
triazolam,alpha2,alpha2|BZD_GAMMA2_075|ASP|hydrogen_bond|frequency,2026091905,0,9,0.0
zolpidem,alpha2,alpha2|BZD_GAMMA2_075|ASP|hydrogen_bond|frequency,2026091901,0,9,0.0
zolpidem,alpha2,alpha2|BZD_GAMMA2_075|ASP|hydrogen_bond|frequency,2026091902,0,9,0.0
zolpidem,alpha2,alpha2|BZD_GAMMA2_075|ASP|hydrogen_bond|frequency,2026091903,0,9,0.0
zolpidem,alpha2,alpha2|BZD_GAMMA2_075|ASP|hydrogen_bond|frequency,2026091904,0,9,0.0
zolpidem,alpha2,alpha2|BZD_GAMMA2_075|ASP|hydrogen_bond|frequency,2026091905,0,9,0.0
lorazepam,alpha2,alpha2|BZD_GAMMA2_075|ASP|hydrogen_bond|frequency,2026091901,0,9,0.0
lorazepam,alpha2,alpha2|BZD_GAMMA2_075|ASP|hydrogen_bond|frequency,2026091902,0,9,0.0
lorazepam,alpha2,alpha2|BZD_GAMMA2_075|ASP|hydrogen_bond|frequency,2026091903,0,9,0.0
lorazepam,alpha2,alpha2|BZD_GAMMA2_075|ASP|hydrogen_bond|frequency,2026091904,0,9,0.0
lorazepam,alpha2,alpha2|BZD_GAMMA2_075|ASP|hydrogen_bond|frequency,2026091905,0,9,0.0
clonazepam,alpha2,alpha2|BZD_GAMMA2_075|ASP|hydrogen_bond|frequency,2026091901,0,9,0.0
clonazepam,alpha2,alpha2|BZD_GAMMA2_075|ASP|hydrogen_bond|frequency,2026091902,0,9,0.0
clonazepam,alpha2,alpha2|BZD_GAMMA2_075|ASP|hydrogen_bond|frequency,2026091903,0,9,0.0
clonazepam,alpha2,alpha2|BZD_GAMMA2_075|ASP|hydrogen_bond|frequency,2026091904,0,9,0.0
clonazepam,alpha2,alpha2|BZD_GAMMA2_075|ASP|hydrogen_bond|frequency,2026091905,0,9,0.0
midazolam,alpha2,alpha2|BZD_GAMMA2_075|ASP|hydrogen_bond|frequency,2026091901,0,9,0.0
midazolam,alpha2,alpha2|BZD_GAMMA2_075|ASP|hydrogen_bond|frequency,2026091902,0,9,0.0
midazolam,alpha2,alpha2|BZD_GAMMA2_075|ASP|hydrogen_bond|frequency,2026091903,0,9,0.0
midazolam,alpha2,alpha2|BZD_GAMMA2_075|ASP|hydrogen_bond|frequency,2026091904,0,9,0.0
midazolam,alpha2,alpha2|BZD_GAMMA2_075|ASP|hydrogen_bond|frequency,2026091905,0,9,0.0
temazepam,alpha2,alpha2|BZD_GAMMA2_075|ASP|hydrogen_bond|frequency,2026091901,0,9,0.0
temazepam,alpha2,alpha2|BZD_GAMMA2_075|ASP|hydrogen_bond|frequency,2026091902,1,9,0.1111111111111111
temazepam,alpha2,alpha2|BZD_GAMMA2_075|ASP|hydrogen_bond|frequency,2026091903,0,9,0.0
temazepam,alpha2,alpha2|BZD_GAMMA2_075|ASP|hydrogen_bond|frequency,2026091904,0,9,0.0
temazepam,alpha2,alpha2|BZD_GAMMA2_075|ASP|hydrogen_bond|frequency,2026091905,0,9,0.0
zopiclone,alpha2,alpha2|BZD_GAMMA2_075|ASP|hydrogen_bond|frequency,2026091901,0,9,0.0
zopiclone,alpha2,alpha2|BZD_GAMMA2_075|ASP|hydrogen_bond|frequency,2026091902,0,9,0.0
zopiclone,alpha2,alpha2|BZD_GAMMA2_075|ASP|hydrogen_bond|frequency,2026091903,0,9,0.0
zopiclone,alpha2,alpha2|BZD_GAMMA2_075|ASP|hydrogen_bond|frequency,2026091904,0,9,0.0
zopiclone,alpha2,alpha2|BZD_GAMMA2_075|ASP|hydrogen_bond|frequency,2026091905,0,9,0.0
zaleplon,alpha2,alpha2|BZD_GAMMA2_075|ASP|hydrogen_bond|frequency,2026091901,0,9,0.0
zaleplon,alpha2,alpha2|BZD_GAMMA2_075|ASP|hydrogen_bond|frequency,2026091902,0,9,0.0
zaleplon,alpha2,alpha2|BZD_GAMMA2_075|ASP|hydrogen_bond|frequency,2026091903,0,9,0.0
zaleplon,alpha2,alpha2|BZD_GAMMA2_075|ASP|hydrogen_bond|frequency,2026091904,0,9,0.0
zaleplon,alpha2,alpha2|BZD_GAMMA2_075|ASP|hydrogen_bond|frequency,2026091905,0,9,0.0
diazepam,alpha2,alpha2|BZD_GAMMA2_077|PHE|hydrophobic_interaction|frequency,2026091901,7,9,0.7777777777777778
diazepam,alpha2,alpha2|BZD_GAMMA2_077|PHE|hydrophobic_interaction|frequency,2026091902,7,9,0.7777777777777778
diazepam,alpha2,alpha2|BZD_GAMMA2_077|PHE|hydrophobic_interaction|frequency,2026091903,6,9,0.6666666666666666
diazepam,alpha2,alpha2|BZD_GAMMA2_077|PHE|hydrophobic_interaction|frequency,2026091904,7,9,0.7777777777777778
diazepam,alpha2,alpha2|BZD_GAMMA2_077|PHE|hydrophobic_interaction|frequency,2026091905,7,9,0.7777777777777778
alprazolam,alpha2,alpha2|BZD_GAMMA2_077|PHE|hydrophobic_interaction|frequency,2026091901,2,9,0.2222222222222222
alprazolam,alpha2,alpha2|BZD_GAMMA2_077|PHE|hydrophobic_interaction|frequency,2026091902,3,9,0.3333333333333333
alprazolam,alpha2,alpha2|BZD_GAMMA2_077|PHE|hydrophobic_interaction|frequency,2026091903,5,9,0.5555555555555556
alprazolam,alpha2,alpha2|BZD_GAMMA2_077|PHE|hydrophobic_interaction|frequency,2026091904,4,9,0.4444444444444444
alprazolam,alpha2,alpha2|BZD_GAMMA2_077|PHE|hydrophobic_interaction|frequency,2026091905,3,9,0.3333333333333333
triazolam,alpha2,alpha2|BZD_GAMMA2_077|PHE|hydrophobic_interaction|frequency,2026091901,5,9,0.5555555555555556
triazolam,alpha2,alpha2|BZD_GAMMA2_077|PHE|hydrophobic_interaction|frequency,2026091902,4,9,0.4444444444444444
triazolam,alpha2,alpha2|BZD_GAMMA2_077|PHE|hydrophobic_interaction|frequency,2026091903,4,9,0.4444444444444444
triazolam,alpha2,alpha2|BZD_GAMMA2_077|PHE|hydrophobic_interaction|frequency,2026091904,3,9,0.3333333333333333
triazolam,alpha2,alpha2|BZD_GAMMA2_077|PHE|hydrophobic_interaction|frequency,2026091905,3,9,0.3333333333333333
zolpidem,alpha2,alpha2|BZD_GAMMA2_077|PHE|hydrophobic_interaction|frequency,2026091901,4,9,0.4444444444444444
zolpidem,alpha2,alpha2|BZD_GAMMA2_077|PHE|hydrophobic_interaction|frequency,2026091902,5,9,0.5555555555555556
zolpidem,alpha2,alpha2|BZD_GAMMA2_077|PHE|hydrophobic_interaction|frequency,2026091903,6,9,0.6666666666666666
zolpidem,alpha2,alpha2|BZD_GAMMA2_077|PHE|hydrophobic_interaction|frequency,2026091904,5,9,0.5555555555555556
zolpidem,alpha2,alpha2|BZD_GAMMA2_077|PHE|hydrophobic_interaction|frequency,2026091905,7,9,0.7777777777777778
lorazepam,alpha2,alpha2|BZD_GAMMA2_077|PHE|hydrophobic_interaction|frequency,2026091901,4,9,0.4444444444444444
lorazepam,alpha2,alpha2|BZD_GAMMA2_077|PHE|hydrophobic_interaction|frequency,2026091902,5,9,0.5555555555555556
lorazepam,alpha2,alpha2|BZD_GAMMA2_077|PHE|hydrophobic_interaction|frequency,2026091903,4,9,0.4444444444444444
lorazepam,alpha2,alpha2|BZD_GAMMA2_077|PHE|hydrophobic_interaction|frequency,2026091904,2,9,0.2222222222222222
lorazepam,alpha2,alpha2|BZD_GAMMA2_077|PHE|hydrophobic_interaction|frequency,2026091905,3,9,0.3333333333333333
clonazepam,alpha2,alpha2|BZD_GAMMA2_077|PHE|hydrophobic_interaction|frequency,2026091901,5,9,0.5555555555555556
clonazepam,alpha2,alpha2|BZD_GAMMA2_077|PHE|hydrophobic_interaction|frequency,2026091902,4,9,0.4444444444444444
clonazepam,alpha2,alpha2|BZD_GAMMA2_077|PHE|hydrophobic_interaction|frequency,2026091903,4,9,0.4444444444444444
clonazepam,alpha2,alpha2|BZD_GAMMA2_077|PHE|hydrophobic_interaction|frequency,2026091904,3,9,0.3333333333333333
clonazepam,alpha2,alpha2|BZD_GAMMA2_077|PHE|hydrophobic_interaction|frequency,2026091905,4,9,0.4444444444444444
midazolam,alpha2,alpha2|BZD_GAMMA2_077|PHE|hydrophobic_interaction|frequency,2026091901,6,9,0.6666666666666666
midazolam,alpha2,alpha2|BZD_GAMMA2_077|PHE|hydrophobic_interaction|frequency,2026091902,7,9,0.7777777777777778
midazolam,alpha2,alpha2|BZD_GAMMA2_077|PHE|hydrophobic_interaction|frequency,2026091903,6,9,0.6666666666666666
midazolam,alpha2,alpha2|BZD_GAMMA2_077|PHE|hydrophobic_interaction|frequency,2026091904,7,9,0.7777777777777778
midazolam,alpha2,alpha2|BZD_GAMMA2_077|PHE|hydrophobic_interaction|frequency,2026091905,7,9,0.7777777777777778
temazepam,alpha2,alpha2|BZD_GAMMA2_077|PHE|hydrophobic_interaction|frequency,2026091901,7,9,0.7777777777777778
temazepam,alpha2,alpha2|BZD_GAMMA2_077|PHE|hydrophobic_interaction|frequency,2026091902,6,9,0.6666666666666666
temazepam,alpha2,alpha2|BZD_GAMMA2_077|PHE|hydrophobic_interaction|frequency,2026091903,7,9,0.7777777777777778
temazepam,alpha2,alpha2|BZD_GAMMA2_077|PHE|hydrophobic_interaction|frequency,2026091904,6,9,0.6666666666666666
temazepam,alpha2,alpha2|BZD_GAMMA2_077|PHE|hydrophobic_interaction|frequency,2026091905,6,9,0.6666666666666666
zopiclone,alpha2,alpha2|BZD_GAMMA2_077|PHE|hydrophobic_interaction|frequency,2026091901,3,9,0.3333333333333333
zopiclone,alpha2,alpha2|BZD_GAMMA2_077|PHE|hydrophobic_interaction|frequency,2026091902,4,9,0.4444444444444444
zopiclone,alpha2,alpha2|BZD_GAMMA2_077|PHE|hydrophobic_interaction|frequency,2026091903,3,9,0.3333333333333333
zopiclone,alpha2,alpha2|BZD_GAMMA2_077|PHE|hydrophobic_interaction|frequency,2026091904,3,9,0.3333333333333333
zopiclone,alpha2,alpha2|BZD_GAMMA2_077|PHE|hydrophobic_interaction|frequency,2026091905,2,9,0.2222222222222222
zaleplon,alpha2,alpha2|BZD_GAMMA2_077|PHE|hydrophobic_interaction|frequency,2026091901,7,9,0.7777777777777778
zaleplon,alpha2,alpha2|BZD_GAMMA2_077|PHE|hydrophobic_interaction|frequency,2026091902,8,9,0.8888888888888888
zaleplon,alpha2,alpha2|BZD_GAMMA2_077|PHE|hydrophobic_interaction|frequency,2026091903,7,9,0.7777777777777778
zaleplon,alpha2,alpha2|BZD_GAMMA2_077|PHE|hydrophobic_interaction|frequency,2026091904,8,9,0.8888888888888888
zaleplon,alpha2,alpha2|BZD_GAMMA2_077|PHE|hydrophobic_interaction|frequency,2026091905,7,9,0.7777777777777778
diazepam,alpha2,alpha2|BZD_GAMMA2_077|PHE|pi_stack|frequency,2026091901,3,9,0.3333333333333333
diazepam,alpha2,alpha2|BZD_GAMMA2_077|PHE|pi_stack|frequency,2026091902,3,9,0.3333333333333333
diazepam,alpha2,alpha2|BZD_GAMMA2_077|PHE|pi_stack|frequency,2026091903,3,9,0.3333333333333333
diazepam,alpha2,alpha2|BZD_GAMMA2_077|PHE|pi_stack|frequency,2026091904,3,9,0.3333333333333333
diazepam,alpha2,alpha2|BZD_GAMMA2_077|PHE|pi_stack|frequency,2026091905,3,9,0.3333333333333333
diazepam,alpha2,alpha2|BZD_GAMMA2_077|PHE|pi_stack|P_frequency,2026091901,0,9,0.0
diazepam,alpha2,alpha2|BZD_GAMMA2_077|PHE|pi_stack|P_frequency,2026091902,0,9,0.0
diazepam,alpha2,alpha2|BZD_GAMMA2_077|PHE|pi_stack|P_frequency,2026091903,0,9,0.0
diazepam,alpha2,alpha2|BZD_GAMMA2_077|PHE|pi_stack|P_frequency,2026091904,0,9,0.0
diazepam,alpha2,alpha2|BZD_GAMMA2_077|PHE|pi_stack|P_frequency,2026091905,0,9,0.0
diazepam,alpha2,alpha2|BZD_GAMMA2_077|PHE|pi_stack|T_frequency,2026091901,3,9,0.3333333333333333
diazepam,alpha2,alpha2|BZD_GAMMA2_077|PHE|pi_stack|T_frequency,2026091902,3,9,0.3333333333333333
diazepam,alpha2,alpha2|BZD_GAMMA2_077|PHE|pi_stack|T_frequency,2026091903,3,9,0.3333333333333333
diazepam,alpha2,alpha2|BZD_GAMMA2_077|PHE|pi_stack|T_frequency,2026091904,3,9,0.3333333333333333
diazepam,alpha2,alpha2|BZD_GAMMA2_077|PHE|pi_stack|T_frequency,2026091905,3,9,0.3333333333333333
alprazolam,alpha2,alpha2|BZD_GAMMA2_077|PHE|pi_stack|frequency,2026091901,2,9,0.2222222222222222
alprazolam,alpha2,alpha2|BZD_GAMMA2_077|PHE|pi_stack|frequency,2026091902,2,9,0.2222222222222222
alprazolam,alpha2,alpha2|BZD_GAMMA2_077|PHE|pi_stack|frequency,2026091903,2,9,0.2222222222222222
alprazolam,alpha2,alpha2|BZD_GAMMA2_077|PHE|pi_stack|frequency,2026091904,3,9,0.3333333333333333
alprazolam,alpha2,alpha2|BZD_GAMMA2_077|PHE|pi_stack|frequency,2026091905,2,9,0.2222222222222222
alprazolam,alpha2,alpha2|BZD_GAMMA2_077|PHE|pi_stack|P_frequency,2026091901,0,9,0.0
alprazolam,alpha2,alpha2|BZD_GAMMA2_077|PHE|pi_stack|P_frequency,2026091902,0,9,0.0
alprazolam,alpha2,alpha2|BZD_GAMMA2_077|PHE|pi_stack|P_frequency,2026091903,0,9,0.0
alprazolam,alpha2,alpha2|BZD_GAMMA2_077|PHE|pi_stack|P_frequency,2026091904,1,9,0.1111111111111111
alprazolam,alpha2,alpha2|BZD_GAMMA2_077|PHE|pi_stack|P_frequency,2026091905,0,9,0.0
alprazolam,alpha2,alpha2|BZD_GAMMA2_077|PHE|pi_stack|T_frequency,2026091901,2,9,0.2222222222222222
alprazolam,alpha2,alpha2|BZD_GAMMA2_077|PHE|pi_stack|T_frequency,2026091902,2,9,0.2222222222222222
alprazolam,alpha2,alpha2|BZD_GAMMA2_077|PHE|pi_stack|T_frequency,2026091903,2,9,0.2222222222222222
alprazolam,alpha2,alpha2|BZD_GAMMA2_077|PHE|pi_stack|T_frequency,2026091904,2,9,0.2222222222222222
alprazolam,alpha2,alpha2|BZD_GAMMA2_077|PHE|pi_stack|T_frequency,2026091905,2,9,0.2222222222222222
triazolam,alpha2,alpha2|BZD_GAMMA2_077|PHE|pi_stack|frequency,2026091901,0,9,0.0
triazolam,alpha2,alpha2|BZD_GAMMA2_077|PHE|pi_stack|frequency,2026091902,1,9,0.1111111111111111
triazolam,alpha2,alpha2|BZD_GAMMA2_077|PHE|pi_stack|frequency,2026091903,0,9,0.0
triazolam,alpha2,alpha2|BZD_GAMMA2_077|PHE|pi_stack|frequency,2026091904,0,9,0.0
triazolam,alpha2,alpha2|BZD_GAMMA2_077|PHE|pi_stack|frequency,2026091905,0,9,0.0
triazolam,alpha2,alpha2|BZD_GAMMA2_077|PHE|pi_stack|P_frequency,2026091901,0,9,0.0
triazolam,alpha2,alpha2|BZD_GAMMA2_077|PHE|pi_stack|P_frequency,2026091902,0,9,0.0
triazolam,alpha2,alpha2|BZD_GAMMA2_077|PHE|pi_stack|P_frequency,2026091903,0,9,0.0
triazolam,alpha2,alpha2|BZD_GAMMA2_077|PHE|pi_stack|P_frequency,2026091904,0,9,0.0
triazolam,alpha2,alpha2|BZD_GAMMA2_077|PHE|pi_stack|P_frequency,2026091905,0,9,0.0
triazolam,alpha2,alpha2|BZD_GAMMA2_077|PHE|pi_stack|T_frequency,2026091901,0,9,0.0
triazolam,alpha2,alpha2|BZD_GAMMA2_077|PHE|pi_stack|T_frequency,2026091902,1,9,0.1111111111111111
triazolam,alpha2,alpha2|BZD_GAMMA2_077|PHE|pi_stack|T_frequency,2026091903,0,9,0.0
triazolam,alpha2,alpha2|BZD_GAMMA2_077|PHE|pi_stack|T_frequency,2026091904,0,9,0.0
triazolam,alpha2,alpha2|BZD_GAMMA2_077|PHE|pi_stack|T_frequency,2026091905,0,9,0.0
zolpidem,alpha2,alpha2|BZD_GAMMA2_077|PHE|pi_stack|frequency,2026091901,2,9,0.2222222222222222
zolpidem,alpha2,alpha2|BZD_GAMMA2_077|PHE|pi_stack|frequency,2026091902,2,9,0.2222222222222222
zolpidem,alpha2,alpha2|BZD_GAMMA2_077|PHE|pi_stack|frequency,2026091903,3,9,0.3333333333333333
zolpidem,alpha2,alpha2|BZD_GAMMA2_077|PHE|pi_stack|frequency,2026091904,3,9,0.3333333333333333
zolpidem,alpha2,alpha2|BZD_GAMMA2_077|PHE|pi_stack|frequency,2026091905,1,9,0.1111111111111111
zolpidem,alpha2,alpha2|BZD_GAMMA2_077|PHE|pi_stack|P_frequency,2026091901,0,9,0.0
zolpidem,alpha2,alpha2|BZD_GAMMA2_077|PHE|pi_stack|P_frequency,2026091902,0,9,0.0
zolpidem,alpha2,alpha2|BZD_GAMMA2_077|PHE|pi_stack|P_frequency,2026091903,0,9,0.0
zolpidem,alpha2,alpha2|BZD_GAMMA2_077|PHE|pi_stack|P_frequency,2026091904,0,9,0.0
zolpidem,alpha2,alpha2|BZD_GAMMA2_077|PHE|pi_stack|P_frequency,2026091905,0,9,0.0
zolpidem,alpha2,alpha2|BZD_GAMMA2_077|PHE|pi_stack|T_frequency,2026091901,2,9,0.2222222222222222
zolpidem,alpha2,alpha2|BZD_GAMMA2_077|PHE|pi_stack|T_frequency,2026091902,2,9,0.2222222222222222
zolpidem,alpha2,alpha2|BZD_GAMMA2_077|PHE|pi_stack|T_frequency,2026091903,3,9,0.3333333333333333
zolpidem,alpha2,alpha2|BZD_GAMMA2_077|PHE|pi_stack|T_frequency,2026091904,3,9,0.3333333333333333
zolpidem,alpha2,alpha2|BZD_GAMMA2_077|PHE|pi_stack|T_frequency,2026091905,1,9,0.1111111111111111
lorazepam,alpha2,alpha2|BZD_GAMMA2_077|PHE|pi_stack|frequency,2026091901,0,9,0.0
lorazepam,alpha2,alpha2|BZD_GAMMA2_077|PHE|pi_stack|frequency,2026091902,0,9,0.0
lorazepam,alpha2,alpha2|BZD_GAMMA2_077|PHE|pi_stack|frequency,2026091903,0,9,0.0
lorazepam,alpha2,alpha2|BZD_GAMMA2_077|PHE|pi_stack|frequency,2026091904,0,9,0.0
lorazepam,alpha2,alpha2|BZD_GAMMA2_077|PHE|pi_stack|frequency,2026091905,0,9,0.0
lorazepam,alpha2,alpha2|BZD_GAMMA2_077|PHE|pi_stack|P_frequency,2026091901,0,9,0.0
lorazepam,alpha2,alpha2|BZD_GAMMA2_077|PHE|pi_stack|P_frequency,2026091902,0,9,0.0
lorazepam,alpha2,alpha2|BZD_GAMMA2_077|PHE|pi_stack|P_frequency,2026091903,0,9,0.0
lorazepam,alpha2,alpha2|BZD_GAMMA2_077|PHE|pi_stack|P_frequency,2026091904,0,9,0.0
lorazepam,alpha2,alpha2|BZD_GAMMA2_077|PHE|pi_stack|P_frequency,2026091905,0,9,0.0
lorazepam,alpha2,alpha2|BZD_GAMMA2_077|PHE|pi_stack|T_frequency,2026091901,0,9,0.0
lorazepam,alpha2,alpha2|BZD_GAMMA2_077|PHE|pi_stack|T_frequency,2026091902,0,9,0.0
lorazepam,alpha2,alpha2|BZD_GAMMA2_077|PHE|pi_stack|T_frequency,2026091903,0,9,0.0
lorazepam,alpha2,alpha2|BZD_GAMMA2_077|PHE|pi_stack|T_frequency,2026091904,0,9,0.0
lorazepam,alpha2,alpha2|BZD_GAMMA2_077|PHE|pi_stack|T_frequency,2026091905,0,9,0.0
clonazepam,alpha2,alpha2|BZD_GAMMA2_077|PHE|pi_stack|frequency,2026091901,0,9,0.0
clonazepam,alpha2,alpha2|BZD_GAMMA2_077|PHE|pi_stack|frequency,2026091902,0,9,0.0
clonazepam,alpha2,alpha2|BZD_GAMMA2_077|PHE|pi_stack|frequency,2026091903,0,9,0.0
clonazepam,alpha2,alpha2|BZD_GAMMA2_077|PHE|pi_stack|frequency,2026091904,0,9,0.0
clonazepam,alpha2,alpha2|BZD_GAMMA2_077|PHE|pi_stack|frequency,2026091905,0,9,0.0
clonazepam,alpha2,alpha2|BZD_GAMMA2_077|PHE|pi_stack|P_frequency,2026091901,0,9,0.0
clonazepam,alpha2,alpha2|BZD_GAMMA2_077|PHE|pi_stack|P_frequency,2026091902,0,9,0.0
clonazepam,alpha2,alpha2|BZD_GAMMA2_077|PHE|pi_stack|P_frequency,2026091903,0,9,0.0
clonazepam,alpha2,alpha2|BZD_GAMMA2_077|PHE|pi_stack|P_frequency,2026091904,0,9,0.0
clonazepam,alpha2,alpha2|BZD_GAMMA2_077|PHE|pi_stack|P_frequency,2026091905,0,9,0.0
clonazepam,alpha2,alpha2|BZD_GAMMA2_077|PHE|pi_stack|T_frequency,2026091901,0,9,0.0
clonazepam,alpha2,alpha2|BZD_GAMMA2_077|PHE|pi_stack|T_frequency,2026091902,0,9,0.0
clonazepam,alpha2,alpha2|BZD_GAMMA2_077|PHE|pi_stack|T_frequency,2026091903,0,9,0.0
clonazepam,alpha2,alpha2|BZD_GAMMA2_077|PHE|pi_stack|T_frequency,2026091904,0,9,0.0
clonazepam,alpha2,alpha2|BZD_GAMMA2_077|PHE|pi_stack|T_frequency,2026091905,0,9,0.0
midazolam,alpha2,alpha2|BZD_GAMMA2_077|PHE|pi_stack|frequency,2026091901,1,9,0.1111111111111111
midazolam,alpha2,alpha2|BZD_GAMMA2_077|PHE|pi_stack|frequency,2026091902,1,9,0.1111111111111111
midazolam,alpha2,alpha2|BZD_GAMMA2_077|PHE|pi_stack|frequency,2026091903,0,9,0.0
midazolam,alpha2,alpha2|BZD_GAMMA2_077|PHE|pi_stack|frequency,2026091904,1,9,0.1111111111111111
midazolam,alpha2,alpha2|BZD_GAMMA2_077|PHE|pi_stack|frequency,2026091905,1,9,0.1111111111111111
midazolam,alpha2,alpha2|BZD_GAMMA2_077|PHE|pi_stack|P_frequency,2026091901,0,9,0.0
midazolam,alpha2,alpha2|BZD_GAMMA2_077|PHE|pi_stack|P_frequency,2026091902,0,9,0.0
midazolam,alpha2,alpha2|BZD_GAMMA2_077|PHE|pi_stack|P_frequency,2026091903,0,9,0.0
midazolam,alpha2,alpha2|BZD_GAMMA2_077|PHE|pi_stack|P_frequency,2026091904,0,9,0.0
midazolam,alpha2,alpha2|BZD_GAMMA2_077|PHE|pi_stack|P_frequency,2026091905,0,9,0.0
midazolam,alpha2,alpha2|BZD_GAMMA2_077|PHE|pi_stack|T_frequency,2026091901,1,9,0.1111111111111111
midazolam,alpha2,alpha2|BZD_GAMMA2_077|PHE|pi_stack|T_frequency,2026091902,1,9,0.1111111111111111
midazolam,alpha2,alpha2|BZD_GAMMA2_077|PHE|pi_stack|T_frequency,2026091903,0,9,0.0
midazolam,alpha2,alpha2|BZD_GAMMA2_077|PHE|pi_stack|T_frequency,2026091904,1,9,0.1111111111111111
midazolam,alpha2,alpha2|BZD_GAMMA2_077|PHE|pi_stack|T_frequency,2026091905,1,9,0.1111111111111111
temazepam,alpha2,alpha2|BZD_GAMMA2_077|PHE|pi_stack|frequency,2026091901,0,9,0.0
temazepam,alpha2,alpha2|BZD_GAMMA2_077|PHE|pi_stack|frequency,2026091902,0,9,0.0
temazepam,alpha2,alpha2|BZD_GAMMA2_077|PHE|pi_stack|frequency,2026091903,0,9,0.0
temazepam,alpha2,alpha2|BZD_GAMMA2_077|PHE|pi_stack|frequency,2026091904,0,9,0.0
temazepam,alpha2,alpha2|BZD_GAMMA2_077|PHE|pi_stack|frequency,2026091905,0,9,0.0
temazepam,alpha2,alpha2|BZD_GAMMA2_077|PHE|pi_stack|P_frequency,2026091901,0,9,0.0
temazepam,alpha2,alpha2|BZD_GAMMA2_077|PHE|pi_stack|P_frequency,2026091902,0,9,0.0
temazepam,alpha2,alpha2|BZD_GAMMA2_077|PHE|pi_stack|P_frequency,2026091903,0,9,0.0
temazepam,alpha2,alpha2|BZD_GAMMA2_077|PHE|pi_stack|P_frequency,2026091904,0,9,0.0
temazepam,alpha2,alpha2|BZD_GAMMA2_077|PHE|pi_stack|P_frequency,2026091905,0,9,0.0
temazepam,alpha2,alpha2|BZD_GAMMA2_077|PHE|pi_stack|T_frequency,2026091901,0,9,0.0
temazepam,alpha2,alpha2|BZD_GAMMA2_077|PHE|pi_stack|T_frequency,2026091902,0,9,0.0
temazepam,alpha2,alpha2|BZD_GAMMA2_077|PHE|pi_stack|T_frequency,2026091903,0,9,0.0
temazepam,alpha2,alpha2|BZD_GAMMA2_077|PHE|pi_stack|T_frequency,2026091904,0,9,0.0
temazepam,alpha2,alpha2|BZD_GAMMA2_077|PHE|pi_stack|T_frequency,2026091905,0,9,0.0
zopiclone,alpha2,alpha2|BZD_GAMMA2_077|PHE|pi_stack|frequency,2026091901,1,9,0.1111111111111111
zopiclone,alpha2,alpha2|BZD_GAMMA2_077|PHE|pi_stack|frequency,2026091902,2,9,0.2222222222222222
zopiclone,alpha2,alpha2|BZD_GAMMA2_077|PHE|pi_stack|frequency,2026091903,2,9,0.2222222222222222
zopiclone,alpha2,alpha2|BZD_GAMMA2_077|PHE|pi_stack|frequency,2026091904,1,9,0.1111111111111111
zopiclone,alpha2,alpha2|BZD_GAMMA2_077|PHE|pi_stack|frequency,2026091905,1,9,0.1111111111111111
zopiclone,alpha2,alpha2|BZD_GAMMA2_077|PHE|pi_stack|P_frequency,2026091901,0,9,0.0
zopiclone,alpha2,alpha2|BZD_GAMMA2_077|PHE|pi_stack|P_frequency,2026091902,1,9,0.1111111111111111
zopiclone,alpha2,alpha2|BZD_GAMMA2_077|PHE|pi_stack|P_frequency,2026091903,1,9,0.1111111111111111
zopiclone,alpha2,alpha2|BZD_GAMMA2_077|PHE|pi_stack|P_frequency,2026091904,1,9,0.1111111111111111
zopiclone,alpha2,alpha2|BZD_GAMMA2_077|PHE|pi_stack|P_frequency,2026091905,1,9,0.1111111111111111
zopiclone,alpha2,alpha2|BZD_GAMMA2_077|PHE|pi_stack|T_frequency,2026091901,1,9,0.1111111111111111
zopiclone,alpha2,alpha2|BZD_GAMMA2_077|PHE|pi_stack|T_frequency,2026091902,1,9,0.1111111111111111
zopiclone,alpha2,alpha2|BZD_GAMMA2_077|PHE|pi_stack|T_frequency,2026091903,1,9,0.1111111111111111
zopiclone,alpha2,alpha2|BZD_GAMMA2_077|PHE|pi_stack|T_frequency,2026091904,0,9,0.0
zopiclone,alpha2,alpha2|BZD_GAMMA2_077|PHE|pi_stack|T_frequency,2026091905,0,9,0.0
zaleplon,alpha2,alpha2|BZD_GAMMA2_077|PHE|pi_stack|frequency,2026091901,2,9,0.2222222222222222
zaleplon,alpha2,alpha2|BZD_GAMMA2_077|PHE|pi_stack|frequency,2026091902,1,9,0.1111111111111111
zaleplon,alpha2,alpha2|BZD_GAMMA2_077|PHE|pi_stack|frequency,2026091903,3,9,0.3333333333333333
zaleplon,alpha2,alpha2|BZD_GAMMA2_077|PHE|pi_stack|frequency,2026091904,2,9,0.2222222222222222
zaleplon,alpha2,alpha2|BZD_GAMMA2_077|PHE|pi_stack|frequency,2026091905,3,9,0.3333333333333333
zaleplon,alpha2,alpha2|BZD_GAMMA2_077|PHE|pi_stack|P_frequency,2026091901,1,9,0.1111111111111111
zaleplon,alpha2,alpha2|BZD_GAMMA2_077|PHE|pi_stack|P_frequency,2026091902,1,9,0.1111111111111111
zaleplon,alpha2,alpha2|BZD_GAMMA2_077|PHE|pi_stack|P_frequency,2026091903,3,9,0.3333333333333333
zaleplon,alpha2,alpha2|BZD_GAMMA2_077|PHE|pi_stack|P_frequency,2026091904,2,9,0.2222222222222222
zaleplon,alpha2,alpha2|BZD_GAMMA2_077|PHE|pi_stack|P_frequency,2026091905,3,9,0.3333333333333333
zaleplon,alpha2,alpha2|BZD_GAMMA2_077|PHE|pi_stack|T_frequency,2026091901,1,9,0.1111111111111111
zaleplon,alpha2,alpha2|BZD_GAMMA2_077|PHE|pi_stack|T_frequency,2026091902,0,9,0.0
zaleplon,alpha2,alpha2|BZD_GAMMA2_077|PHE|pi_stack|T_frequency,2026091903,0,9,0.0
zaleplon,alpha2,alpha2|BZD_GAMMA2_077|PHE|pi_stack|T_frequency,2026091904,0,9,0.0
zaleplon,alpha2,alpha2|BZD_GAMMA2_077|PHE|pi_stack|T_frequency,2026091905,0,9,0.0
diazepam,alpha2,alpha2|BZD_GAMMA2_079|ALA|hydrophobic_interaction|frequency,2026091901,0,9,0.0
diazepam,alpha2,alpha2|BZD_GAMMA2_079|ALA|hydrophobic_interaction|frequency,2026091902,0,9,0.0
diazepam,alpha2,alpha2|BZD_GAMMA2_079|ALA|hydrophobic_interaction|frequency,2026091903,0,9,0.0
diazepam,alpha2,alpha2|BZD_GAMMA2_079|ALA|hydrophobic_interaction|frequency,2026091904,0,9,0.0
diazepam,alpha2,alpha2|BZD_GAMMA2_079|ALA|hydrophobic_interaction|frequency,2026091905,0,9,0.0
alprazolam,alpha2,alpha2|BZD_GAMMA2_079|ALA|hydrophobic_interaction|frequency,2026091901,0,9,0.0
alprazolam,alpha2,alpha2|BZD_GAMMA2_079|ALA|hydrophobic_interaction|frequency,2026091902,0,9,0.0
alprazolam,alpha2,alpha2|BZD_GAMMA2_079|ALA|hydrophobic_interaction|frequency,2026091903,0,9,0.0
alprazolam,alpha2,alpha2|BZD_GAMMA2_079|ALA|hydrophobic_interaction|frequency,2026091904,0,9,0.0
alprazolam,alpha2,alpha2|BZD_GAMMA2_079|ALA|hydrophobic_interaction|frequency,2026091905,0,9,0.0
triazolam,alpha2,alpha2|BZD_GAMMA2_079|ALA|hydrophobic_interaction|frequency,2026091901,0,9,0.0
triazolam,alpha2,alpha2|BZD_GAMMA2_079|ALA|hydrophobic_interaction|frequency,2026091902,0,9,0.0
triazolam,alpha2,alpha2|BZD_GAMMA2_079|ALA|hydrophobic_interaction|frequency,2026091903,0,9,0.0
triazolam,alpha2,alpha2|BZD_GAMMA2_079|ALA|hydrophobic_interaction|frequency,2026091904,0,9,0.0
triazolam,alpha2,alpha2|BZD_GAMMA2_079|ALA|hydrophobic_interaction|frequency,2026091905,0,9,0.0
zolpidem,alpha2,alpha2|BZD_GAMMA2_079|ALA|hydrophobic_interaction|frequency,2026091901,0,9,0.0
zolpidem,alpha2,alpha2|BZD_GAMMA2_079|ALA|hydrophobic_interaction|frequency,2026091902,0,9,0.0
zolpidem,alpha2,alpha2|BZD_GAMMA2_079|ALA|hydrophobic_interaction|frequency,2026091903,0,9,0.0
zolpidem,alpha2,alpha2|BZD_GAMMA2_079|ALA|hydrophobic_interaction|frequency,2026091904,0,9,0.0
zolpidem,alpha2,alpha2|BZD_GAMMA2_079|ALA|hydrophobic_interaction|frequency,2026091905,0,9,0.0
lorazepam,alpha2,alpha2|BZD_GAMMA2_079|ALA|hydrophobic_interaction|frequency,2026091901,0,9,0.0
lorazepam,alpha2,alpha2|BZD_GAMMA2_079|ALA|hydrophobic_interaction|frequency,2026091902,0,9,0.0
lorazepam,alpha2,alpha2|BZD_GAMMA2_079|ALA|hydrophobic_interaction|frequency,2026091903,0,9,0.0
lorazepam,alpha2,alpha2|BZD_GAMMA2_079|ALA|hydrophobic_interaction|frequency,2026091904,0,9,0.0
lorazepam,alpha2,alpha2|BZD_GAMMA2_079|ALA|hydrophobic_interaction|frequency,2026091905,0,9,0.0
clonazepam,alpha2,alpha2|BZD_GAMMA2_079|ALA|hydrophobic_interaction|frequency,2026091901,0,9,0.0
clonazepam,alpha2,alpha2|BZD_GAMMA2_079|ALA|hydrophobic_interaction|frequency,2026091902,0,9,0.0
clonazepam,alpha2,alpha2|BZD_GAMMA2_079|ALA|hydrophobic_interaction|frequency,2026091903,0,9,0.0
clonazepam,alpha2,alpha2|BZD_GAMMA2_079|ALA|hydrophobic_interaction|frequency,2026091904,0,9,0.0
clonazepam,alpha2,alpha2|BZD_GAMMA2_079|ALA|hydrophobic_interaction|frequency,2026091905,0,9,0.0
midazolam,alpha2,alpha2|BZD_GAMMA2_079|ALA|hydrophobic_interaction|frequency,2026091901,0,9,0.0
midazolam,alpha2,alpha2|BZD_GAMMA2_079|ALA|hydrophobic_interaction|frequency,2026091902,0,9,0.0
midazolam,alpha2,alpha2|BZD_GAMMA2_079|ALA|hydrophobic_interaction|frequency,2026091903,0,9,0.0
midazolam,alpha2,alpha2|BZD_GAMMA2_079|ALA|hydrophobic_interaction|frequency,2026091904,0,9,0.0
midazolam,alpha2,alpha2|BZD_GAMMA2_079|ALA|hydrophobic_interaction|frequency,2026091905,0,9,0.0
temazepam,alpha2,alpha2|BZD_GAMMA2_079|ALA|hydrophobic_interaction|frequency,2026091901,0,9,0.0
temazepam,alpha2,alpha2|BZD_GAMMA2_079|ALA|hydrophobic_interaction|frequency,2026091902,0,9,0.0
temazepam,alpha2,alpha2|BZD_GAMMA2_079|ALA|hydrophobic_interaction|frequency,2026091903,0,9,0.0
temazepam,alpha2,alpha2|BZD_GAMMA2_079|ALA|hydrophobic_interaction|frequency,2026091904,0,9,0.0
temazepam,alpha2,alpha2|BZD_GAMMA2_079|ALA|hydrophobic_interaction|frequency,2026091905,0,9,0.0
zopiclone,alpha2,alpha2|BZD_GAMMA2_079|ALA|hydrophobic_interaction|frequency,2026091901,0,9,0.0
zopiclone,alpha2,alpha2|BZD_GAMMA2_079|ALA|hydrophobic_interaction|frequency,2026091902,0,9,0.0
zopiclone,alpha2,alpha2|BZD_GAMMA2_079|ALA|hydrophobic_interaction|frequency,2026091903,0,9,0.0
zopiclone,alpha2,alpha2|BZD_GAMMA2_079|ALA|hydrophobic_interaction|frequency,2026091904,0,9,0.0
zopiclone,alpha2,alpha2|BZD_GAMMA2_079|ALA|hydrophobic_interaction|frequency,2026091905,0,9,0.0
zaleplon,alpha2,alpha2|BZD_GAMMA2_079|ALA|hydrophobic_interaction|frequency,2026091901,0,9,0.0
zaleplon,alpha2,alpha2|BZD_GAMMA2_079|ALA|hydrophobic_interaction|frequency,2026091902,0,9,0.0
zaleplon,alpha2,alpha2|BZD_GAMMA2_079|ALA|hydrophobic_interaction|frequency,2026091903,0,9,0.0
zaleplon,alpha2,alpha2|BZD_GAMMA2_079|ALA|hydrophobic_interaction|frequency,2026091904,0,9,0.0
zaleplon,alpha2,alpha2|BZD_GAMMA2_079|ALA|hydrophobic_interaction|frequency,2026091905,1,9,0.1111111111111111
diazepam,alpha2,alpha2|BZD_GAMMA2_142|THR|hydrophobic_interaction|frequency,2026091901,0,9,0.0
diazepam,alpha2,alpha2|BZD_GAMMA2_142|THR|hydrophobic_interaction|frequency,2026091902,0,9,0.0
diazepam,alpha2,alpha2|BZD_GAMMA2_142|THR|hydrophobic_interaction|frequency,2026091903,0,9,0.0
diazepam,alpha2,alpha2|BZD_GAMMA2_142|THR|hydrophobic_interaction|frequency,2026091904,0,9,0.0
diazepam,alpha2,alpha2|BZD_GAMMA2_142|THR|hydrophobic_interaction|frequency,2026091905,0,9,0.0
alprazolam,alpha2,alpha2|BZD_GAMMA2_142|THR|hydrophobic_interaction|frequency,2026091901,0,9,0.0
alprazolam,alpha2,alpha2|BZD_GAMMA2_142|THR|hydrophobic_interaction|frequency,2026091902,0,9,0.0
alprazolam,alpha2,alpha2|BZD_GAMMA2_142|THR|hydrophobic_interaction|frequency,2026091903,0,9,0.0
alprazolam,alpha2,alpha2|BZD_GAMMA2_142|THR|hydrophobic_interaction|frequency,2026091904,1,9,0.1111111111111111
alprazolam,alpha2,alpha2|BZD_GAMMA2_142|THR|hydrophobic_interaction|frequency,2026091905,0,9,0.0
triazolam,alpha2,alpha2|BZD_GAMMA2_142|THR|hydrophobic_interaction|frequency,2026091901,0,9,0.0
triazolam,alpha2,alpha2|BZD_GAMMA2_142|THR|hydrophobic_interaction|frequency,2026091902,0,9,0.0
triazolam,alpha2,alpha2|BZD_GAMMA2_142|THR|hydrophobic_interaction|frequency,2026091903,0,9,0.0
triazolam,alpha2,alpha2|BZD_GAMMA2_142|THR|hydrophobic_interaction|frequency,2026091904,0,9,0.0
triazolam,alpha2,alpha2|BZD_GAMMA2_142|THR|hydrophobic_interaction|frequency,2026091905,0,9,0.0
zolpidem,alpha2,alpha2|BZD_GAMMA2_142|THR|hydrophobic_interaction|frequency,2026091901,0,9,0.0
zolpidem,alpha2,alpha2|BZD_GAMMA2_142|THR|hydrophobic_interaction|frequency,2026091902,0,9,0.0
zolpidem,alpha2,alpha2|BZD_GAMMA2_142|THR|hydrophobic_interaction|frequency,2026091903,0,9,0.0
zolpidem,alpha2,alpha2|BZD_GAMMA2_142|THR|hydrophobic_interaction|frequency,2026091904,0,9,0.0
zolpidem,alpha2,alpha2|BZD_GAMMA2_142|THR|hydrophobic_interaction|frequency,2026091905,0,9,0.0
lorazepam,alpha2,alpha2|BZD_GAMMA2_142|THR|hydrophobic_interaction|frequency,2026091901,0,9,0.0
lorazepam,alpha2,alpha2|BZD_GAMMA2_142|THR|hydrophobic_interaction|frequency,2026091902,0,9,0.0
lorazepam,alpha2,alpha2|BZD_GAMMA2_142|THR|hydrophobic_interaction|frequency,2026091903,0,9,0.0
lorazepam,alpha2,alpha2|BZD_GAMMA2_142|THR|hydrophobic_interaction|frequency,2026091904,0,9,0.0
lorazepam,alpha2,alpha2|BZD_GAMMA2_142|THR|hydrophobic_interaction|frequency,2026091905,0,9,0.0
clonazepam,alpha2,alpha2|BZD_GAMMA2_142|THR|hydrophobic_interaction|frequency,2026091901,0,9,0.0
clonazepam,alpha2,alpha2|BZD_GAMMA2_142|THR|hydrophobic_interaction|frequency,2026091902,0,9,0.0
clonazepam,alpha2,alpha2|BZD_GAMMA2_142|THR|hydrophobic_interaction|frequency,2026091903,0,9,0.0
clonazepam,alpha2,alpha2|BZD_GAMMA2_142|THR|hydrophobic_interaction|frequency,2026091904,0,9,0.0
clonazepam,alpha2,alpha2|BZD_GAMMA2_142|THR|hydrophobic_interaction|frequency,2026091905,0,9,0.0
midazolam,alpha2,alpha2|BZD_GAMMA2_142|THR|hydrophobic_interaction|frequency,2026091901,0,9,0.0
midazolam,alpha2,alpha2|BZD_GAMMA2_142|THR|hydrophobic_interaction|frequency,2026091902,0,9,0.0
midazolam,alpha2,alpha2|BZD_GAMMA2_142|THR|hydrophobic_interaction|frequency,2026091903,0,9,0.0
midazolam,alpha2,alpha2|BZD_GAMMA2_142|THR|hydrophobic_interaction|frequency,2026091904,0,9,0.0
midazolam,alpha2,alpha2|BZD_GAMMA2_142|THR|hydrophobic_interaction|frequency,2026091905,0,9,0.0
temazepam,alpha2,alpha2|BZD_GAMMA2_142|THR|hydrophobic_interaction|frequency,2026091901,0,9,0.0
temazepam,alpha2,alpha2|BZD_GAMMA2_142|THR|hydrophobic_interaction|frequency,2026091902,0,9,0.0
temazepam,alpha2,alpha2|BZD_GAMMA2_142|THR|hydrophobic_interaction|frequency,2026091903,0,9,0.0
temazepam,alpha2,alpha2|BZD_GAMMA2_142|THR|hydrophobic_interaction|frequency,2026091904,0,9,0.0
temazepam,alpha2,alpha2|BZD_GAMMA2_142|THR|hydrophobic_interaction|frequency,2026091905,0,9,0.0
zopiclone,alpha2,alpha2|BZD_GAMMA2_142|THR|hydrophobic_interaction|frequency,2026091901,0,9,0.0
zopiclone,alpha2,alpha2|BZD_GAMMA2_142|THR|hydrophobic_interaction|frequency,2026091902,0,9,0.0
zopiclone,alpha2,alpha2|BZD_GAMMA2_142|THR|hydrophobic_interaction|frequency,2026091903,0,9,0.0
zopiclone,alpha2,alpha2|BZD_GAMMA2_142|THR|hydrophobic_interaction|frequency,2026091904,0,9,0.0
zopiclone,alpha2,alpha2|BZD_GAMMA2_142|THR|hydrophobic_interaction|frequency,2026091905,0,9,0.0
zaleplon,alpha2,alpha2|BZD_GAMMA2_142|THR|hydrophobic_interaction|frequency,2026091901,1,9,0.1111111111111111
zaleplon,alpha2,alpha2|BZD_GAMMA2_142|THR|hydrophobic_interaction|frequency,2026091902,2,9,0.2222222222222222
zaleplon,alpha2,alpha2|BZD_GAMMA2_142|THR|hydrophobic_interaction|frequency,2026091903,1,9,0.1111111111111111
zaleplon,alpha2,alpha2|BZD_GAMMA2_142|THR|hydrophobic_interaction|frequency,2026091904,3,9,0.3333333333333333
zaleplon,alpha2,alpha2|BZD_GAMMA2_142|THR|hydrophobic_interaction|frequency,2026091905,3,9,0.3333333333333333
diazepam,alpha2,alpha2|BZD_GAMMA2_144|ARG|halogen_bond|frequency,2026091901,0,9,0.0
diazepam,alpha2,alpha2|BZD_GAMMA2_144|ARG|halogen_bond|frequency,2026091902,0,9,0.0
diazepam,alpha2,alpha2|BZD_GAMMA2_144|ARG|halogen_bond|frequency,2026091903,0,9,0.0
diazepam,alpha2,alpha2|BZD_GAMMA2_144|ARG|halogen_bond|frequency,2026091904,0,9,0.0
diazepam,alpha2,alpha2|BZD_GAMMA2_144|ARG|halogen_bond|frequency,2026091905,0,9,0.0
alprazolam,alpha2,alpha2|BZD_GAMMA2_144|ARG|halogen_bond|frequency,2026091901,0,9,0.0
alprazolam,alpha2,alpha2|BZD_GAMMA2_144|ARG|halogen_bond|frequency,2026091902,0,9,0.0
alprazolam,alpha2,alpha2|BZD_GAMMA2_144|ARG|halogen_bond|frequency,2026091903,0,9,0.0
alprazolam,alpha2,alpha2|BZD_GAMMA2_144|ARG|halogen_bond|frequency,2026091904,0,9,0.0
alprazolam,alpha2,alpha2|BZD_GAMMA2_144|ARG|halogen_bond|frequency,2026091905,0,9,0.0
triazolam,alpha2,alpha2|BZD_GAMMA2_144|ARG|halogen_bond|frequency,2026091901,0,9,0.0
triazolam,alpha2,alpha2|BZD_GAMMA2_144|ARG|halogen_bond|frequency,2026091902,0,9,0.0
triazolam,alpha2,alpha2|BZD_GAMMA2_144|ARG|halogen_bond|frequency,2026091903,0,9,0.0
triazolam,alpha2,alpha2|BZD_GAMMA2_144|ARG|halogen_bond|frequency,2026091904,0,9,0.0
triazolam,alpha2,alpha2|BZD_GAMMA2_144|ARG|halogen_bond|frequency,2026091905,0,9,0.0
zolpidem,alpha2,alpha2|BZD_GAMMA2_144|ARG|halogen_bond|frequency,2026091901,0,9,0.0
zolpidem,alpha2,alpha2|BZD_GAMMA2_144|ARG|halogen_bond|frequency,2026091902,0,9,0.0
zolpidem,alpha2,alpha2|BZD_GAMMA2_144|ARG|halogen_bond|frequency,2026091903,0,9,0.0
zolpidem,alpha2,alpha2|BZD_GAMMA2_144|ARG|halogen_bond|frequency,2026091904,0,9,0.0
zolpidem,alpha2,alpha2|BZD_GAMMA2_144|ARG|halogen_bond|frequency,2026091905,0,9,0.0
lorazepam,alpha2,alpha2|BZD_GAMMA2_144|ARG|halogen_bond|frequency,2026091901,0,9,0.0
lorazepam,alpha2,alpha2|BZD_GAMMA2_144|ARG|halogen_bond|frequency,2026091902,0,9,0.0
lorazepam,alpha2,alpha2|BZD_GAMMA2_144|ARG|halogen_bond|frequency,2026091903,0,9,0.0
lorazepam,alpha2,alpha2|BZD_GAMMA2_144|ARG|halogen_bond|frequency,2026091904,0,9,0.0
lorazepam,alpha2,alpha2|BZD_GAMMA2_144|ARG|halogen_bond|frequency,2026091905,0,9,0.0
clonazepam,alpha2,alpha2|BZD_GAMMA2_144|ARG|halogen_bond|frequency,2026091901,0,9,0.0
clonazepam,alpha2,alpha2|BZD_GAMMA2_144|ARG|halogen_bond|frequency,2026091902,0,9,0.0
clonazepam,alpha2,alpha2|BZD_GAMMA2_144|ARG|halogen_bond|frequency,2026091903,0,9,0.0
clonazepam,alpha2,alpha2|BZD_GAMMA2_144|ARG|halogen_bond|frequency,2026091904,0,9,0.0
clonazepam,alpha2,alpha2|BZD_GAMMA2_144|ARG|halogen_bond|frequency,2026091905,0,9,0.0
midazolam,alpha2,alpha2|BZD_GAMMA2_144|ARG|halogen_bond|frequency,2026091901,0,9,0.0
midazolam,alpha2,alpha2|BZD_GAMMA2_144|ARG|halogen_bond|frequency,2026091902,0,9,0.0
midazolam,alpha2,alpha2|BZD_GAMMA2_144|ARG|halogen_bond|frequency,2026091903,0,9,0.0
midazolam,alpha2,alpha2|BZD_GAMMA2_144|ARG|halogen_bond|frequency,2026091904,0,9,0.0
midazolam,alpha2,alpha2|BZD_GAMMA2_144|ARG|halogen_bond|frequency,2026091905,0,9,0.0
temazepam,alpha2,alpha2|BZD_GAMMA2_144|ARG|halogen_bond|frequency,2026091901,0,9,0.0
temazepam,alpha2,alpha2|BZD_GAMMA2_144|ARG|halogen_bond|frequency,2026091902,1,9,0.1111111111111111
temazepam,alpha2,alpha2|BZD_GAMMA2_144|ARG|halogen_bond|frequency,2026091903,0,9,0.0
temazepam,alpha2,alpha2|BZD_GAMMA2_144|ARG|halogen_bond|frequency,2026091904,1,9,0.1111111111111111
temazepam,alpha2,alpha2|BZD_GAMMA2_144|ARG|halogen_bond|frequency,2026091905,1,9,0.1111111111111111
zopiclone,alpha2,alpha2|BZD_GAMMA2_144|ARG|halogen_bond|frequency,2026091901,0,9,0.0
zopiclone,alpha2,alpha2|BZD_GAMMA2_144|ARG|halogen_bond|frequency,2026091902,0,9,0.0
zopiclone,alpha2,alpha2|BZD_GAMMA2_144|ARG|halogen_bond|frequency,2026091903,0,9,0.0
zopiclone,alpha2,alpha2|BZD_GAMMA2_144|ARG|halogen_bond|frequency,2026091904,0,9,0.0
zopiclone,alpha2,alpha2|BZD_GAMMA2_144|ARG|halogen_bond|frequency,2026091905,0,9,0.0
zaleplon,alpha2,alpha2|BZD_GAMMA2_144|ARG|halogen_bond|frequency,2026091901,0,9,0.0
zaleplon,alpha2,alpha2|BZD_GAMMA2_144|ARG|halogen_bond|frequency,2026091902,0,9,0.0
zaleplon,alpha2,alpha2|BZD_GAMMA2_144|ARG|halogen_bond|frequency,2026091903,0,9,0.0
zaleplon,alpha2,alpha2|BZD_GAMMA2_144|ARG|halogen_bond|frequency,2026091904,0,9,0.0
zaleplon,alpha2,alpha2|BZD_GAMMA2_144|ARG|halogen_bond|frequency,2026091905,0,9,0.0
diazepam,alpha2,alpha2|BZD_GAMMA2_144|ARG|hydrogen_bond|frequency,2026091901,0,9,0.0
diazepam,alpha2,alpha2|BZD_GAMMA2_144|ARG|hydrogen_bond|frequency,2026091902,0,9,0.0
diazepam,alpha2,alpha2|BZD_GAMMA2_144|ARG|hydrogen_bond|frequency,2026091903,0,9,0.0
diazepam,alpha2,alpha2|BZD_GAMMA2_144|ARG|hydrogen_bond|frequency,2026091904,0,9,0.0
diazepam,alpha2,alpha2|BZD_GAMMA2_144|ARG|hydrogen_bond|frequency,2026091905,0,9,0.0
alprazolam,alpha2,alpha2|BZD_GAMMA2_144|ARG|hydrogen_bond|frequency,2026091901,0,9,0.0
alprazolam,alpha2,alpha2|BZD_GAMMA2_144|ARG|hydrogen_bond|frequency,2026091902,0,9,0.0
alprazolam,alpha2,alpha2|BZD_GAMMA2_144|ARG|hydrogen_bond|frequency,2026091903,0,9,0.0
alprazolam,alpha2,alpha2|BZD_GAMMA2_144|ARG|hydrogen_bond|frequency,2026091904,0,9,0.0
alprazolam,alpha2,alpha2|BZD_GAMMA2_144|ARG|hydrogen_bond|frequency,2026091905,0,9,0.0
triazolam,alpha2,alpha2|BZD_GAMMA2_144|ARG|hydrogen_bond|frequency,2026091901,0,9,0.0
triazolam,alpha2,alpha2|BZD_GAMMA2_144|ARG|hydrogen_bond|frequency,2026091902,0,9,0.0
triazolam,alpha2,alpha2|BZD_GAMMA2_144|ARG|hydrogen_bond|frequency,2026091903,0,9,0.0
triazolam,alpha2,alpha2|BZD_GAMMA2_144|ARG|hydrogen_bond|frequency,2026091904,0,9,0.0
triazolam,alpha2,alpha2|BZD_GAMMA2_144|ARG|hydrogen_bond|frequency,2026091905,0,9,0.0
zolpidem,alpha2,alpha2|BZD_GAMMA2_144|ARG|hydrogen_bond|frequency,2026091901,0,9,0.0
zolpidem,alpha2,alpha2|BZD_GAMMA2_144|ARG|hydrogen_bond|frequency,2026091902,0,9,0.0
zolpidem,alpha2,alpha2|BZD_GAMMA2_144|ARG|hydrogen_bond|frequency,2026091903,0,9,0.0
zolpidem,alpha2,alpha2|BZD_GAMMA2_144|ARG|hydrogen_bond|frequency,2026091904,0,9,0.0
zolpidem,alpha2,alpha2|BZD_GAMMA2_144|ARG|hydrogen_bond|frequency,2026091905,0,9,0.0
lorazepam,alpha2,alpha2|BZD_GAMMA2_144|ARG|hydrogen_bond|frequency,2026091901,0,9,0.0
lorazepam,alpha2,alpha2|BZD_GAMMA2_144|ARG|hydrogen_bond|frequency,2026091902,0,9,0.0
lorazepam,alpha2,alpha2|BZD_GAMMA2_144|ARG|hydrogen_bond|frequency,2026091903,0,9,0.0
lorazepam,alpha2,alpha2|BZD_GAMMA2_144|ARG|hydrogen_bond|frequency,2026091904,0,9,0.0
lorazepam,alpha2,alpha2|BZD_GAMMA2_144|ARG|hydrogen_bond|frequency,2026091905,0,9,0.0
clonazepam,alpha2,alpha2|BZD_GAMMA2_144|ARG|hydrogen_bond|frequency,2026091901,0,9,0.0
clonazepam,alpha2,alpha2|BZD_GAMMA2_144|ARG|hydrogen_bond|frequency,2026091902,0,9,0.0
clonazepam,alpha2,alpha2|BZD_GAMMA2_144|ARG|hydrogen_bond|frequency,2026091903,0,9,0.0
clonazepam,alpha2,alpha2|BZD_GAMMA2_144|ARG|hydrogen_bond|frequency,2026091904,0,9,0.0
clonazepam,alpha2,alpha2|BZD_GAMMA2_144|ARG|hydrogen_bond|frequency,2026091905,1,9,0.1111111111111111
midazolam,alpha2,alpha2|BZD_GAMMA2_144|ARG|hydrogen_bond|frequency,2026091901,0,9,0.0
midazolam,alpha2,alpha2|BZD_GAMMA2_144|ARG|hydrogen_bond|frequency,2026091902,0,9,0.0
midazolam,alpha2,alpha2|BZD_GAMMA2_144|ARG|hydrogen_bond|frequency,2026091903,0,9,0.0
midazolam,alpha2,alpha2|BZD_GAMMA2_144|ARG|hydrogen_bond|frequency,2026091904,0,9,0.0
midazolam,alpha2,alpha2|BZD_GAMMA2_144|ARG|hydrogen_bond|frequency,2026091905,0,9,0.0
temazepam,alpha2,alpha2|BZD_GAMMA2_144|ARG|hydrogen_bond|frequency,2026091901,0,9,0.0
temazepam,alpha2,alpha2|BZD_GAMMA2_144|ARG|hydrogen_bond|frequency,2026091902,0,9,0.0
temazepam,alpha2,alpha2|BZD_GAMMA2_144|ARG|hydrogen_bond|frequency,2026091903,0,9,0.0
temazepam,alpha2,alpha2|BZD_GAMMA2_144|ARG|hydrogen_bond|frequency,2026091904,0,9,0.0
temazepam,alpha2,alpha2|BZD_GAMMA2_144|ARG|hydrogen_bond|frequency,2026091905,0,9,0.0
zopiclone,alpha2,alpha2|BZD_GAMMA2_144|ARG|hydrogen_bond|frequency,2026091901,0,9,0.0
zopiclone,alpha2,alpha2|BZD_GAMMA2_144|ARG|hydrogen_bond|frequency,2026091902,0,9,0.0
zopiclone,alpha2,alpha2|BZD_GAMMA2_144|ARG|hydrogen_bond|frequency,2026091903,0,9,0.0
zopiclone,alpha2,alpha2|BZD_GAMMA2_144|ARG|hydrogen_bond|frequency,2026091904,0,9,0.0
zopiclone,alpha2,alpha2|BZD_GAMMA2_144|ARG|hydrogen_bond|frequency,2026091905,0,9,0.0
zaleplon,alpha2,alpha2|BZD_GAMMA2_144|ARG|hydrogen_bond|frequency,2026091901,0,9,0.0
zaleplon,alpha2,alpha2|BZD_GAMMA2_144|ARG|hydrogen_bond|frequency,2026091902,0,9,0.0
zaleplon,alpha2,alpha2|BZD_GAMMA2_144|ARG|hydrogen_bond|frequency,2026091903,0,9,0.0
zaleplon,alpha2,alpha2|BZD_GAMMA2_144|ARG|hydrogen_bond|frequency,2026091904,0,9,0.0
zaleplon,alpha2,alpha2|BZD_GAMMA2_144|ARG|hydrogen_bond|frequency,2026091905,0,9,0.0
diazepam,alpha2,alpha2|BZD_GAMMA2_192|ASP|halogen_bond|frequency,2026091901,0,9,0.0
diazepam,alpha2,alpha2|BZD_GAMMA2_192|ASP|halogen_bond|frequency,2026091902,0,9,0.0
diazepam,alpha2,alpha2|BZD_GAMMA2_192|ASP|halogen_bond|frequency,2026091903,0,9,0.0
diazepam,alpha2,alpha2|BZD_GAMMA2_192|ASP|halogen_bond|frequency,2026091904,0,9,0.0
diazepam,alpha2,alpha2|BZD_GAMMA2_192|ASP|halogen_bond|frequency,2026091905,0,9,0.0
alprazolam,alpha2,alpha2|BZD_GAMMA2_192|ASP|halogen_bond|frequency,2026091901,1,9,0.1111111111111111
alprazolam,alpha2,alpha2|BZD_GAMMA2_192|ASP|halogen_bond|frequency,2026091902,0,9,0.0
alprazolam,alpha2,alpha2|BZD_GAMMA2_192|ASP|halogen_bond|frequency,2026091903,0,9,0.0
alprazolam,alpha2,alpha2|BZD_GAMMA2_192|ASP|halogen_bond|frequency,2026091904,0,9,0.0
alprazolam,alpha2,alpha2|BZD_GAMMA2_192|ASP|halogen_bond|frequency,2026091905,0,9,0.0
triazolam,alpha2,alpha2|BZD_GAMMA2_192|ASP|halogen_bond|frequency,2026091901,0,9,0.0
triazolam,alpha2,alpha2|BZD_GAMMA2_192|ASP|halogen_bond|frequency,2026091902,0,9,0.0
triazolam,alpha2,alpha2|BZD_GAMMA2_192|ASP|halogen_bond|frequency,2026091903,0,9,0.0
triazolam,alpha2,alpha2|BZD_GAMMA2_192|ASP|halogen_bond|frequency,2026091904,1,9,0.1111111111111111
triazolam,alpha2,alpha2|BZD_GAMMA2_192|ASP|halogen_bond|frequency,2026091905,1,9,0.1111111111111111
zolpidem,alpha2,alpha2|BZD_GAMMA2_192|ASP|halogen_bond|frequency,2026091901,0,9,0.0
zolpidem,alpha2,alpha2|BZD_GAMMA2_192|ASP|halogen_bond|frequency,2026091902,0,9,0.0
zolpidem,alpha2,alpha2|BZD_GAMMA2_192|ASP|halogen_bond|frequency,2026091903,0,9,0.0
zolpidem,alpha2,alpha2|BZD_GAMMA2_192|ASP|halogen_bond|frequency,2026091904,0,9,0.0
zolpidem,alpha2,alpha2|BZD_GAMMA2_192|ASP|halogen_bond|frequency,2026091905,0,9,0.0
lorazepam,alpha2,alpha2|BZD_GAMMA2_192|ASP|halogen_bond|frequency,2026091901,0,9,0.0
lorazepam,alpha2,alpha2|BZD_GAMMA2_192|ASP|halogen_bond|frequency,2026091902,0,9,0.0
lorazepam,alpha2,alpha2|BZD_GAMMA2_192|ASP|halogen_bond|frequency,2026091903,0,9,0.0
lorazepam,alpha2,alpha2|BZD_GAMMA2_192|ASP|halogen_bond|frequency,2026091904,0,9,0.0
lorazepam,alpha2,alpha2|BZD_GAMMA2_192|ASP|halogen_bond|frequency,2026091905,1,9,0.1111111111111111
clonazepam,alpha2,alpha2|BZD_GAMMA2_192|ASP|halogen_bond|frequency,2026091901,0,9,0.0
clonazepam,alpha2,alpha2|BZD_GAMMA2_192|ASP|halogen_bond|frequency,2026091902,0,9,0.0
clonazepam,alpha2,alpha2|BZD_GAMMA2_192|ASP|halogen_bond|frequency,2026091903,0,9,0.0
clonazepam,alpha2,alpha2|BZD_GAMMA2_192|ASP|halogen_bond|frequency,2026091904,0,9,0.0
clonazepam,alpha2,alpha2|BZD_GAMMA2_192|ASP|halogen_bond|frequency,2026091905,0,9,0.0
midazolam,alpha2,alpha2|BZD_GAMMA2_192|ASP|halogen_bond|frequency,2026091901,0,9,0.0
midazolam,alpha2,alpha2|BZD_GAMMA2_192|ASP|halogen_bond|frequency,2026091902,0,9,0.0
midazolam,alpha2,alpha2|BZD_GAMMA2_192|ASP|halogen_bond|frequency,2026091903,0,9,0.0
midazolam,alpha2,alpha2|BZD_GAMMA2_192|ASP|halogen_bond|frequency,2026091904,0,9,0.0
midazolam,alpha2,alpha2|BZD_GAMMA2_192|ASP|halogen_bond|frequency,2026091905,0,9,0.0
temazepam,alpha2,alpha2|BZD_GAMMA2_192|ASP|halogen_bond|frequency,2026091901,0,9,0.0
temazepam,alpha2,alpha2|BZD_GAMMA2_192|ASP|halogen_bond|frequency,2026091902,0,9,0.0
temazepam,alpha2,alpha2|BZD_GAMMA2_192|ASP|halogen_bond|frequency,2026091903,0,9,0.0
temazepam,alpha2,alpha2|BZD_GAMMA2_192|ASP|halogen_bond|frequency,2026091904,0,9,0.0
temazepam,alpha2,alpha2|BZD_GAMMA2_192|ASP|halogen_bond|frequency,2026091905,0,9,0.0
zopiclone,alpha2,alpha2|BZD_GAMMA2_192|ASP|halogen_bond|frequency,2026091901,0,9,0.0
zopiclone,alpha2,alpha2|BZD_GAMMA2_192|ASP|halogen_bond|frequency,2026091902,0,9,0.0
zopiclone,alpha2,alpha2|BZD_GAMMA2_192|ASP|halogen_bond|frequency,2026091903,0,9,0.0
zopiclone,alpha2,alpha2|BZD_GAMMA2_192|ASP|halogen_bond|frequency,2026091904,0,9,0.0
zopiclone,alpha2,alpha2|BZD_GAMMA2_192|ASP|halogen_bond|frequency,2026091905,0,9,0.0
zaleplon,alpha2,alpha2|BZD_GAMMA2_192|ASP|halogen_bond|frequency,2026091901,0,9,0.0
zaleplon,alpha2,alpha2|BZD_GAMMA2_192|ASP|halogen_bond|frequency,2026091902,0,9,0.0
zaleplon,alpha2,alpha2|BZD_GAMMA2_192|ASP|halogen_bond|frequency,2026091903,0,9,0.0
zaleplon,alpha2,alpha2|BZD_GAMMA2_192|ASP|halogen_bond|frequency,2026091904,0,9,0.0
zaleplon,alpha2,alpha2|BZD_GAMMA2_192|ASP|halogen_bond|frequency,2026091905,0,9,0.0
diazepam,alpha2,alpha2|BZD_GAMMA2_192|ASP|hydrogen_bond|frequency,2026091901,0,9,0.0
diazepam,alpha2,alpha2|BZD_GAMMA2_192|ASP|hydrogen_bond|frequency,2026091902,0,9,0.0
diazepam,alpha2,alpha2|BZD_GAMMA2_192|ASP|hydrogen_bond|frequency,2026091903,0,9,0.0
diazepam,alpha2,alpha2|BZD_GAMMA2_192|ASP|hydrogen_bond|frequency,2026091904,0,9,0.0
diazepam,alpha2,alpha2|BZD_GAMMA2_192|ASP|hydrogen_bond|frequency,2026091905,0,9,0.0
alprazolam,alpha2,alpha2|BZD_GAMMA2_192|ASP|hydrogen_bond|frequency,2026091901,0,9,0.0
alprazolam,alpha2,alpha2|BZD_GAMMA2_192|ASP|hydrogen_bond|frequency,2026091902,0,9,0.0
alprazolam,alpha2,alpha2|BZD_GAMMA2_192|ASP|hydrogen_bond|frequency,2026091903,0,9,0.0
alprazolam,alpha2,alpha2|BZD_GAMMA2_192|ASP|hydrogen_bond|frequency,2026091904,0,9,0.0
alprazolam,alpha2,alpha2|BZD_GAMMA2_192|ASP|hydrogen_bond|frequency,2026091905,0,9,0.0
triazolam,alpha2,alpha2|BZD_GAMMA2_192|ASP|hydrogen_bond|frequency,2026091901,0,9,0.0
triazolam,alpha2,alpha2|BZD_GAMMA2_192|ASP|hydrogen_bond|frequency,2026091902,0,9,0.0
triazolam,alpha2,alpha2|BZD_GAMMA2_192|ASP|hydrogen_bond|frequency,2026091903,0,9,0.0
triazolam,alpha2,alpha2|BZD_GAMMA2_192|ASP|hydrogen_bond|frequency,2026091904,0,9,0.0
triazolam,alpha2,alpha2|BZD_GAMMA2_192|ASP|hydrogen_bond|frequency,2026091905,0,9,0.0
zolpidem,alpha2,alpha2|BZD_GAMMA2_192|ASP|hydrogen_bond|frequency,2026091901,0,9,0.0
zolpidem,alpha2,alpha2|BZD_GAMMA2_192|ASP|hydrogen_bond|frequency,2026091902,0,9,0.0
zolpidem,alpha2,alpha2|BZD_GAMMA2_192|ASP|hydrogen_bond|frequency,2026091903,0,9,0.0
zolpidem,alpha2,alpha2|BZD_GAMMA2_192|ASP|hydrogen_bond|frequency,2026091904,0,9,0.0
zolpidem,alpha2,alpha2|BZD_GAMMA2_192|ASP|hydrogen_bond|frequency,2026091905,0,9,0.0
lorazepam,alpha2,alpha2|BZD_GAMMA2_192|ASP|hydrogen_bond|frequency,2026091901,0,9,0.0
lorazepam,alpha2,alpha2|BZD_GAMMA2_192|ASP|hydrogen_bond|frequency,2026091902,1,9,0.1111111111111111
lorazepam,alpha2,alpha2|BZD_GAMMA2_192|ASP|hydrogen_bond|frequency,2026091903,0,9,0.0
lorazepam,alpha2,alpha2|BZD_GAMMA2_192|ASP|hydrogen_bond|frequency,2026091904,0,9,0.0
lorazepam,alpha2,alpha2|BZD_GAMMA2_192|ASP|hydrogen_bond|frequency,2026091905,0,9,0.0
clonazepam,alpha2,alpha2|BZD_GAMMA2_192|ASP|hydrogen_bond|frequency,2026091901,0,9,0.0
clonazepam,alpha2,alpha2|BZD_GAMMA2_192|ASP|hydrogen_bond|frequency,2026091902,0,9,0.0
clonazepam,alpha2,alpha2|BZD_GAMMA2_192|ASP|hydrogen_bond|frequency,2026091903,0,9,0.0
clonazepam,alpha2,alpha2|BZD_GAMMA2_192|ASP|hydrogen_bond|frequency,2026091904,0,9,0.0
clonazepam,alpha2,alpha2|BZD_GAMMA2_192|ASP|hydrogen_bond|frequency,2026091905,0,9,0.0
midazolam,alpha2,alpha2|BZD_GAMMA2_192|ASP|hydrogen_bond|frequency,2026091901,0,9,0.0
midazolam,alpha2,alpha2|BZD_GAMMA2_192|ASP|hydrogen_bond|frequency,2026091902,0,9,0.0
midazolam,alpha2,alpha2|BZD_GAMMA2_192|ASP|hydrogen_bond|frequency,2026091903,0,9,0.0
midazolam,alpha2,alpha2|BZD_GAMMA2_192|ASP|hydrogen_bond|frequency,2026091904,0,9,0.0
midazolam,alpha2,alpha2|BZD_GAMMA2_192|ASP|hydrogen_bond|frequency,2026091905,0,9,0.0
temazepam,alpha2,alpha2|BZD_GAMMA2_192|ASP|hydrogen_bond|frequency,2026091901,3,9,0.3333333333333333
temazepam,alpha2,alpha2|BZD_GAMMA2_192|ASP|hydrogen_bond|frequency,2026091902,4,9,0.4444444444444444
temazepam,alpha2,alpha2|BZD_GAMMA2_192|ASP|hydrogen_bond|frequency,2026091903,3,9,0.3333333333333333
temazepam,alpha2,alpha2|BZD_GAMMA2_192|ASP|hydrogen_bond|frequency,2026091904,4,9,0.4444444444444444
temazepam,alpha2,alpha2|BZD_GAMMA2_192|ASP|hydrogen_bond|frequency,2026091905,4,9,0.4444444444444444
zopiclone,alpha2,alpha2|BZD_GAMMA2_192|ASP|hydrogen_bond|frequency,2026091901,0,9,0.0
zopiclone,alpha2,alpha2|BZD_GAMMA2_192|ASP|hydrogen_bond|frequency,2026091902,0,9,0.0
zopiclone,alpha2,alpha2|BZD_GAMMA2_192|ASP|hydrogen_bond|frequency,2026091903,0,9,0.0
zopiclone,alpha2,alpha2|BZD_GAMMA2_192|ASP|hydrogen_bond|frequency,2026091904,0,9,0.0
zopiclone,alpha2,alpha2|BZD_GAMMA2_192|ASP|hydrogen_bond|frequency,2026091905,0,9,0.0
zaleplon,alpha2,alpha2|BZD_GAMMA2_192|ASP|hydrogen_bond|frequency,2026091901,0,9,0.0
zaleplon,alpha2,alpha2|BZD_GAMMA2_192|ASP|hydrogen_bond|frequency,2026091902,0,9,0.0
zaleplon,alpha2,alpha2|BZD_GAMMA2_192|ASP|hydrogen_bond|frequency,2026091903,0,9,0.0
zaleplon,alpha2,alpha2|BZD_GAMMA2_192|ASP|hydrogen_bond|frequency,2026091904,0,9,0.0
zaleplon,alpha2,alpha2|BZD_GAMMA2_192|ASP|hydrogen_bond|frequency,2026091905,0,9,0.0
diazepam,alpha2,alpha2|BZD_GAMMA2_192|ASP|hydrophobic_interaction|frequency,2026091901,0,9,0.0
diazepam,alpha2,alpha2|BZD_GAMMA2_192|ASP|hydrophobic_interaction|frequency,2026091902,0,9,0.0
diazepam,alpha2,alpha2|BZD_GAMMA2_192|ASP|hydrophobic_interaction|frequency,2026091903,0,9,0.0
diazepam,alpha2,alpha2|BZD_GAMMA2_192|ASP|hydrophobic_interaction|frequency,2026091904,1,9,0.1111111111111111
diazepam,alpha2,alpha2|BZD_GAMMA2_192|ASP|hydrophobic_interaction|frequency,2026091905,1,9,0.1111111111111111
alprazolam,alpha2,alpha2|BZD_GAMMA2_192|ASP|hydrophobic_interaction|frequency,2026091901,0,9,0.0
alprazolam,alpha2,alpha2|BZD_GAMMA2_192|ASP|hydrophobic_interaction|frequency,2026091902,0,9,0.0
alprazolam,alpha2,alpha2|BZD_GAMMA2_192|ASP|hydrophobic_interaction|frequency,2026091903,0,9,0.0
alprazolam,alpha2,alpha2|BZD_GAMMA2_192|ASP|hydrophobic_interaction|frequency,2026091904,0,9,0.0
alprazolam,alpha2,alpha2|BZD_GAMMA2_192|ASP|hydrophobic_interaction|frequency,2026091905,0,9,0.0
triazolam,alpha2,alpha2|BZD_GAMMA2_192|ASP|hydrophobic_interaction|frequency,2026091901,0,9,0.0
triazolam,alpha2,alpha2|BZD_GAMMA2_192|ASP|hydrophobic_interaction|frequency,2026091902,0,9,0.0
triazolam,alpha2,alpha2|BZD_GAMMA2_192|ASP|hydrophobic_interaction|frequency,2026091903,0,9,0.0
triazolam,alpha2,alpha2|BZD_GAMMA2_192|ASP|hydrophobic_interaction|frequency,2026091904,0,9,0.0
triazolam,alpha2,alpha2|BZD_GAMMA2_192|ASP|hydrophobic_interaction|frequency,2026091905,0,9,0.0
zolpidem,alpha2,alpha2|BZD_GAMMA2_192|ASP|hydrophobic_interaction|frequency,2026091901,1,9,0.1111111111111111
zolpidem,alpha2,alpha2|BZD_GAMMA2_192|ASP|hydrophobic_interaction|frequency,2026091902,2,9,0.2222222222222222
zolpidem,alpha2,alpha2|BZD_GAMMA2_192|ASP|hydrophobic_interaction|frequency,2026091903,1,9,0.1111111111111111
zolpidem,alpha2,alpha2|BZD_GAMMA2_192|ASP|hydrophobic_interaction|frequency,2026091904,2,9,0.2222222222222222
zolpidem,alpha2,alpha2|BZD_GAMMA2_192|ASP|hydrophobic_interaction|frequency,2026091905,2,9,0.2222222222222222
lorazepam,alpha2,alpha2|BZD_GAMMA2_192|ASP|hydrophobic_interaction|frequency,2026091901,2,9,0.2222222222222222
lorazepam,alpha2,alpha2|BZD_GAMMA2_192|ASP|hydrophobic_interaction|frequency,2026091902,1,9,0.1111111111111111
lorazepam,alpha2,alpha2|BZD_GAMMA2_192|ASP|hydrophobic_interaction|frequency,2026091903,2,9,0.2222222222222222
lorazepam,alpha2,alpha2|BZD_GAMMA2_192|ASP|hydrophobic_interaction|frequency,2026091904,1,9,0.1111111111111111
lorazepam,alpha2,alpha2|BZD_GAMMA2_192|ASP|hydrophobic_interaction|frequency,2026091905,1,9,0.1111111111111111
clonazepam,alpha2,alpha2|BZD_GAMMA2_192|ASP|hydrophobic_interaction|frequency,2026091901,0,9,0.0
clonazepam,alpha2,alpha2|BZD_GAMMA2_192|ASP|hydrophobic_interaction|frequency,2026091902,1,9,0.1111111111111111
clonazepam,alpha2,alpha2|BZD_GAMMA2_192|ASP|hydrophobic_interaction|frequency,2026091903,1,9,0.1111111111111111
clonazepam,alpha2,alpha2|BZD_GAMMA2_192|ASP|hydrophobic_interaction|frequency,2026091904,1,9,0.1111111111111111
clonazepam,alpha2,alpha2|BZD_GAMMA2_192|ASP|hydrophobic_interaction|frequency,2026091905,2,9,0.2222222222222222
midazolam,alpha2,alpha2|BZD_GAMMA2_192|ASP|hydrophobic_interaction|frequency,2026091901,0,9,0.0
midazolam,alpha2,alpha2|BZD_GAMMA2_192|ASP|hydrophobic_interaction|frequency,2026091902,0,9,0.0
midazolam,alpha2,alpha2|BZD_GAMMA2_192|ASP|hydrophobic_interaction|frequency,2026091903,0,9,0.0
midazolam,alpha2,alpha2|BZD_GAMMA2_192|ASP|hydrophobic_interaction|frequency,2026091904,0,9,0.0
midazolam,alpha2,alpha2|BZD_GAMMA2_192|ASP|hydrophobic_interaction|frequency,2026091905,0,9,0.0
temazepam,alpha2,alpha2|BZD_GAMMA2_192|ASP|hydrophobic_interaction|frequency,2026091901,1,9,0.1111111111111111
temazepam,alpha2,alpha2|BZD_GAMMA2_192|ASP|hydrophobic_interaction|frequency,2026091902,0,9,0.0
temazepam,alpha2,alpha2|BZD_GAMMA2_192|ASP|hydrophobic_interaction|frequency,2026091903,0,9,0.0
temazepam,alpha2,alpha2|BZD_GAMMA2_192|ASP|hydrophobic_interaction|frequency,2026091904,0,9,0.0
temazepam,alpha2,alpha2|BZD_GAMMA2_192|ASP|hydrophobic_interaction|frequency,2026091905,1,9,0.1111111111111111
zopiclone,alpha2,alpha2|BZD_GAMMA2_192|ASP|hydrophobic_interaction|frequency,2026091901,0,9,0.0
zopiclone,alpha2,alpha2|BZD_GAMMA2_192|ASP|hydrophobic_interaction|frequency,2026091902,0,9,0.0
zopiclone,alpha2,alpha2|BZD_GAMMA2_192|ASP|hydrophobic_interaction|frequency,2026091903,1,9,0.1111111111111111
zopiclone,alpha2,alpha2|BZD_GAMMA2_192|ASP|hydrophobic_interaction|frequency,2026091904,0,9,0.0
zopiclone,alpha2,alpha2|BZD_GAMMA2_192|ASP|hydrophobic_interaction|frequency,2026091905,0,9,0.0
zaleplon,alpha2,alpha2|BZD_GAMMA2_192|ASP|hydrophobic_interaction|frequency,2026091901,0,9,0.0
zaleplon,alpha2,alpha2|BZD_GAMMA2_192|ASP|hydrophobic_interaction|frequency,2026091902,0,9,0.0
zaleplon,alpha2,alpha2|BZD_GAMMA2_192|ASP|hydrophobic_interaction|frequency,2026091903,0,9,0.0
zaleplon,alpha2,alpha2|BZD_GAMMA2_192|ASP|hydrophobic_interaction|frequency,2026091904,0,9,0.0
zaleplon,alpha2,alpha2|BZD_GAMMA2_192|ASP|hydrophobic_interaction|frequency,2026091905,0,9,0.0
diazepam,alpha2,alpha2|BZD_GAMMA2_192|ASP|salt_bridge|frequency,2026091901,0,9,0.0
diazepam,alpha2,alpha2|BZD_GAMMA2_192|ASP|salt_bridge|frequency,2026091902,0,9,0.0
diazepam,alpha2,alpha2|BZD_GAMMA2_192|ASP|salt_bridge|frequency,2026091903,0,9,0.0
diazepam,alpha2,alpha2|BZD_GAMMA2_192|ASP|salt_bridge|frequency,2026091904,0,9,0.0
diazepam,alpha2,alpha2|BZD_GAMMA2_192|ASP|salt_bridge|frequency,2026091905,0,9,0.0
alprazolam,alpha2,alpha2|BZD_GAMMA2_192|ASP|salt_bridge|frequency,2026091901,0,9,0.0
alprazolam,alpha2,alpha2|BZD_GAMMA2_192|ASP|salt_bridge|frequency,2026091902,0,9,0.0
alprazolam,alpha2,alpha2|BZD_GAMMA2_192|ASP|salt_bridge|frequency,2026091903,0,9,0.0
alprazolam,alpha2,alpha2|BZD_GAMMA2_192|ASP|salt_bridge|frequency,2026091904,0,9,0.0
alprazolam,alpha2,alpha2|BZD_GAMMA2_192|ASP|salt_bridge|frequency,2026091905,0,9,0.0
triazolam,alpha2,alpha2|BZD_GAMMA2_192|ASP|salt_bridge|frequency,2026091901,0,9,0.0
triazolam,alpha2,alpha2|BZD_GAMMA2_192|ASP|salt_bridge|frequency,2026091902,0,9,0.0
triazolam,alpha2,alpha2|BZD_GAMMA2_192|ASP|salt_bridge|frequency,2026091903,0,9,0.0
triazolam,alpha2,alpha2|BZD_GAMMA2_192|ASP|salt_bridge|frequency,2026091904,0,9,0.0
triazolam,alpha2,alpha2|BZD_GAMMA2_192|ASP|salt_bridge|frequency,2026091905,0,9,0.0
zolpidem,alpha2,alpha2|BZD_GAMMA2_192|ASP|salt_bridge|frequency,2026091901,0,9,0.0
zolpidem,alpha2,alpha2|BZD_GAMMA2_192|ASP|salt_bridge|frequency,2026091902,0,9,0.0
zolpidem,alpha2,alpha2|BZD_GAMMA2_192|ASP|salt_bridge|frequency,2026091903,0,9,0.0
zolpidem,alpha2,alpha2|BZD_GAMMA2_192|ASP|salt_bridge|frequency,2026091904,0,9,0.0
zolpidem,alpha2,alpha2|BZD_GAMMA2_192|ASP|salt_bridge|frequency,2026091905,0,9,0.0
lorazepam,alpha2,alpha2|BZD_GAMMA2_192|ASP|salt_bridge|frequency,2026091901,0,9,0.0
lorazepam,alpha2,alpha2|BZD_GAMMA2_192|ASP|salt_bridge|frequency,2026091902,0,9,0.0
lorazepam,alpha2,alpha2|BZD_GAMMA2_192|ASP|salt_bridge|frequency,2026091903,0,9,0.0
lorazepam,alpha2,alpha2|BZD_GAMMA2_192|ASP|salt_bridge|frequency,2026091904,0,9,0.0
lorazepam,alpha2,alpha2|BZD_GAMMA2_192|ASP|salt_bridge|frequency,2026091905,0,9,0.0
clonazepam,alpha2,alpha2|BZD_GAMMA2_192|ASP|salt_bridge|frequency,2026091901,0,9,0.0
clonazepam,alpha2,alpha2|BZD_GAMMA2_192|ASP|salt_bridge|frequency,2026091902,0,9,0.0
clonazepam,alpha2,alpha2|BZD_GAMMA2_192|ASP|salt_bridge|frequency,2026091903,0,9,0.0
clonazepam,alpha2,alpha2|BZD_GAMMA2_192|ASP|salt_bridge|frequency,2026091904,0,9,0.0
clonazepam,alpha2,alpha2|BZD_GAMMA2_192|ASP|salt_bridge|frequency,2026091905,0,9,0.0
midazolam,alpha2,alpha2|BZD_GAMMA2_192|ASP|salt_bridge|frequency,2026091901,0,9,0.0
midazolam,alpha2,alpha2|BZD_GAMMA2_192|ASP|salt_bridge|frequency,2026091902,0,9,0.0
midazolam,alpha2,alpha2|BZD_GAMMA2_192|ASP|salt_bridge|frequency,2026091903,0,9,0.0
midazolam,alpha2,alpha2|BZD_GAMMA2_192|ASP|salt_bridge|frequency,2026091904,0,9,0.0
midazolam,alpha2,alpha2|BZD_GAMMA2_192|ASP|salt_bridge|frequency,2026091905,0,9,0.0
temazepam,alpha2,alpha2|BZD_GAMMA2_192|ASP|salt_bridge|frequency,2026091901,0,9,0.0
temazepam,alpha2,alpha2|BZD_GAMMA2_192|ASP|salt_bridge|frequency,2026091902,0,9,0.0
temazepam,alpha2,alpha2|BZD_GAMMA2_192|ASP|salt_bridge|frequency,2026091903,0,9,0.0
temazepam,alpha2,alpha2|BZD_GAMMA2_192|ASP|salt_bridge|frequency,2026091904,0,9,0.0
temazepam,alpha2,alpha2|BZD_GAMMA2_192|ASP|salt_bridge|frequency,2026091905,0,9,0.0
zopiclone,alpha2,alpha2|BZD_GAMMA2_192|ASP|salt_bridge|frequency,2026091901,2,9,0.2222222222222222
zopiclone,alpha2,alpha2|BZD_GAMMA2_192|ASP|salt_bridge|frequency,2026091902,2,9,0.2222222222222222
zopiclone,alpha2,alpha2|BZD_GAMMA2_192|ASP|salt_bridge|frequency,2026091903,2,9,0.2222222222222222
zopiclone,alpha2,alpha2|BZD_GAMMA2_192|ASP|salt_bridge|frequency,2026091904,2,9,0.2222222222222222
zopiclone,alpha2,alpha2|BZD_GAMMA2_192|ASP|salt_bridge|frequency,2026091905,1,9,0.1111111111111111
zaleplon,alpha2,alpha2|BZD_GAMMA2_192|ASP|salt_bridge|frequency,2026091901,0,9,0.0
zaleplon,alpha2,alpha2|BZD_GAMMA2_192|ASP|salt_bridge|frequency,2026091902,0,9,0.0
zaleplon,alpha2,alpha2|BZD_GAMMA2_192|ASP|salt_bridge|frequency,2026091903,0,9,0.0
zaleplon,alpha2,alpha2|BZD_GAMMA2_192|ASP|salt_bridge|frequency,2026091904,0,9,0.0
zaleplon,alpha2,alpha2|BZD_GAMMA2_192|ASP|salt_bridge|frequency,2026091905,0,9,0.0
diazepam,alpha2,alpha2|BZD_GAMMA2_195|SER|halogen_bond|frequency,2026091901,0,9,0.0
diazepam,alpha2,alpha2|BZD_GAMMA2_195|SER|halogen_bond|frequency,2026091902,0,9,0.0
diazepam,alpha2,alpha2|BZD_GAMMA2_195|SER|halogen_bond|frequency,2026091903,0,9,0.0
diazepam,alpha2,alpha2|BZD_GAMMA2_195|SER|halogen_bond|frequency,2026091904,0,9,0.0
diazepam,alpha2,alpha2|BZD_GAMMA2_195|SER|halogen_bond|frequency,2026091905,0,9,0.0
alprazolam,alpha2,alpha2|BZD_GAMMA2_195|SER|halogen_bond|frequency,2026091901,0,9,0.0
alprazolam,alpha2,alpha2|BZD_GAMMA2_195|SER|halogen_bond|frequency,2026091902,0,9,0.0
alprazolam,alpha2,alpha2|BZD_GAMMA2_195|SER|halogen_bond|frequency,2026091903,0,9,0.0
alprazolam,alpha2,alpha2|BZD_GAMMA2_195|SER|halogen_bond|frequency,2026091904,0,9,0.0
alprazolam,alpha2,alpha2|BZD_GAMMA2_195|SER|halogen_bond|frequency,2026091905,0,9,0.0
triazolam,alpha2,alpha2|BZD_GAMMA2_195|SER|halogen_bond|frequency,2026091901,1,9,0.1111111111111111
triazolam,alpha2,alpha2|BZD_GAMMA2_195|SER|halogen_bond|frequency,2026091902,0,9,0.0
triazolam,alpha2,alpha2|BZD_GAMMA2_195|SER|halogen_bond|frequency,2026091903,0,9,0.0
triazolam,alpha2,alpha2|BZD_GAMMA2_195|SER|halogen_bond|frequency,2026091904,1,9,0.1111111111111111
triazolam,alpha2,alpha2|BZD_GAMMA2_195|SER|halogen_bond|frequency,2026091905,0,9,0.0
zolpidem,alpha2,alpha2|BZD_GAMMA2_195|SER|halogen_bond|frequency,2026091901,0,9,0.0
zolpidem,alpha2,alpha2|BZD_GAMMA2_195|SER|halogen_bond|frequency,2026091902,0,9,0.0
zolpidem,alpha2,alpha2|BZD_GAMMA2_195|SER|halogen_bond|frequency,2026091903,0,9,0.0
zolpidem,alpha2,alpha2|BZD_GAMMA2_195|SER|halogen_bond|frequency,2026091904,0,9,0.0
zolpidem,alpha2,alpha2|BZD_GAMMA2_195|SER|halogen_bond|frequency,2026091905,0,9,0.0
lorazepam,alpha2,alpha2|BZD_GAMMA2_195|SER|halogen_bond|frequency,2026091901,1,9,0.1111111111111111
lorazepam,alpha2,alpha2|BZD_GAMMA2_195|SER|halogen_bond|frequency,2026091902,1,9,0.1111111111111111
lorazepam,alpha2,alpha2|BZD_GAMMA2_195|SER|halogen_bond|frequency,2026091903,1,9,0.1111111111111111
lorazepam,alpha2,alpha2|BZD_GAMMA2_195|SER|halogen_bond|frequency,2026091904,1,9,0.1111111111111111
lorazepam,alpha2,alpha2|BZD_GAMMA2_195|SER|halogen_bond|frequency,2026091905,2,9,0.2222222222222222
clonazepam,alpha2,alpha2|BZD_GAMMA2_195|SER|halogen_bond|frequency,2026091901,0,9,0.0
clonazepam,alpha2,alpha2|BZD_GAMMA2_195|SER|halogen_bond|frequency,2026091902,0,9,0.0
clonazepam,alpha2,alpha2|BZD_GAMMA2_195|SER|halogen_bond|frequency,2026091903,0,9,0.0
clonazepam,alpha2,alpha2|BZD_GAMMA2_195|SER|halogen_bond|frequency,2026091904,0,9,0.0
clonazepam,alpha2,alpha2|BZD_GAMMA2_195|SER|halogen_bond|frequency,2026091905,0,9,0.0
midazolam,alpha2,alpha2|BZD_GAMMA2_195|SER|halogen_bond|frequency,2026091901,0,9,0.0
midazolam,alpha2,alpha2|BZD_GAMMA2_195|SER|halogen_bond|frequency,2026091902,0,9,0.0
midazolam,alpha2,alpha2|BZD_GAMMA2_195|SER|halogen_bond|frequency,2026091903,0,9,0.0
midazolam,alpha2,alpha2|BZD_GAMMA2_195|SER|halogen_bond|frequency,2026091904,0,9,0.0
midazolam,alpha2,alpha2|BZD_GAMMA2_195|SER|halogen_bond|frequency,2026091905,1,9,0.1111111111111111
temazepam,alpha2,alpha2|BZD_GAMMA2_195|SER|halogen_bond|frequency,2026091901,0,9,0.0
temazepam,alpha2,alpha2|BZD_GAMMA2_195|SER|halogen_bond|frequency,2026091902,0,9,0.0
temazepam,alpha2,alpha2|BZD_GAMMA2_195|SER|halogen_bond|frequency,2026091903,0,9,0.0
temazepam,alpha2,alpha2|BZD_GAMMA2_195|SER|halogen_bond|frequency,2026091904,0,9,0.0
temazepam,alpha2,alpha2|BZD_GAMMA2_195|SER|halogen_bond|frequency,2026091905,0,9,0.0
zopiclone,alpha2,alpha2|BZD_GAMMA2_195|SER|halogen_bond|frequency,2026091901,0,9,0.0
zopiclone,alpha2,alpha2|BZD_GAMMA2_195|SER|halogen_bond|frequency,2026091902,0,9,0.0
zopiclone,alpha2,alpha2|BZD_GAMMA2_195|SER|halogen_bond|frequency,2026091903,1,9,0.1111111111111111
zopiclone,alpha2,alpha2|BZD_GAMMA2_195|SER|halogen_bond|frequency,2026091904,0,9,0.0
zopiclone,alpha2,alpha2|BZD_GAMMA2_195|SER|halogen_bond|frequency,2026091905,0,9,0.0
zaleplon,alpha2,alpha2|BZD_GAMMA2_195|SER|halogen_bond|frequency,2026091901,0,9,0.0
zaleplon,alpha2,alpha2|BZD_GAMMA2_195|SER|halogen_bond|frequency,2026091902,0,9,0.0
zaleplon,alpha2,alpha2|BZD_GAMMA2_195|SER|halogen_bond|frequency,2026091903,0,9,0.0
zaleplon,alpha2,alpha2|BZD_GAMMA2_195|SER|halogen_bond|frequency,2026091904,0,9,0.0
zaleplon,alpha2,alpha2|BZD_GAMMA2_195|SER|halogen_bond|frequency,2026091905,0,9,0.0
diazepam,alpha2,alpha2|BZD_GAMMA2_195|SER|hydrogen_bond|frequency,2026091901,0,9,0.0
diazepam,alpha2,alpha2|BZD_GAMMA2_195|SER|hydrogen_bond|frequency,2026091902,0,9,0.0
diazepam,alpha2,alpha2|BZD_GAMMA2_195|SER|hydrogen_bond|frequency,2026091903,0,9,0.0
diazepam,alpha2,alpha2|BZD_GAMMA2_195|SER|hydrogen_bond|frequency,2026091904,0,9,0.0
diazepam,alpha2,alpha2|BZD_GAMMA2_195|SER|hydrogen_bond|frequency,2026091905,0,9,0.0
alprazolam,alpha2,alpha2|BZD_GAMMA2_195|SER|hydrogen_bond|frequency,2026091901,0,9,0.0
alprazolam,alpha2,alpha2|BZD_GAMMA2_195|SER|hydrogen_bond|frequency,2026091902,0,9,0.0
alprazolam,alpha2,alpha2|BZD_GAMMA2_195|SER|hydrogen_bond|frequency,2026091903,0,9,0.0
alprazolam,alpha2,alpha2|BZD_GAMMA2_195|SER|hydrogen_bond|frequency,2026091904,0,9,0.0
alprazolam,alpha2,alpha2|BZD_GAMMA2_195|SER|hydrogen_bond|frequency,2026091905,0,9,0.0
triazolam,alpha2,alpha2|BZD_GAMMA2_195|SER|hydrogen_bond|frequency,2026091901,0,9,0.0
triazolam,alpha2,alpha2|BZD_GAMMA2_195|SER|hydrogen_bond|frequency,2026091902,0,9,0.0
triazolam,alpha2,alpha2|BZD_GAMMA2_195|SER|hydrogen_bond|frequency,2026091903,0,9,0.0
triazolam,alpha2,alpha2|BZD_GAMMA2_195|SER|hydrogen_bond|frequency,2026091904,0,9,0.0
triazolam,alpha2,alpha2|BZD_GAMMA2_195|SER|hydrogen_bond|frequency,2026091905,0,9,0.0
zolpidem,alpha2,alpha2|BZD_GAMMA2_195|SER|hydrogen_bond|frequency,2026091901,0,9,0.0
zolpidem,alpha2,alpha2|BZD_GAMMA2_195|SER|hydrogen_bond|frequency,2026091902,0,9,0.0
zolpidem,alpha2,alpha2|BZD_GAMMA2_195|SER|hydrogen_bond|frequency,2026091903,0,9,0.0
zolpidem,alpha2,alpha2|BZD_GAMMA2_195|SER|hydrogen_bond|frequency,2026091904,0,9,0.0
zolpidem,alpha2,alpha2|BZD_GAMMA2_195|SER|hydrogen_bond|frequency,2026091905,0,9,0.0
lorazepam,alpha2,alpha2|BZD_GAMMA2_195|SER|hydrogen_bond|frequency,2026091901,0,9,0.0
lorazepam,alpha2,alpha2|BZD_GAMMA2_195|SER|hydrogen_bond|frequency,2026091902,1,9,0.1111111111111111
lorazepam,alpha2,alpha2|BZD_GAMMA2_195|SER|hydrogen_bond|frequency,2026091903,1,9,0.1111111111111111
lorazepam,alpha2,alpha2|BZD_GAMMA2_195|SER|hydrogen_bond|frequency,2026091904,0,9,0.0
lorazepam,alpha2,alpha2|BZD_GAMMA2_195|SER|hydrogen_bond|frequency,2026091905,1,9,0.1111111111111111
clonazepam,alpha2,alpha2|BZD_GAMMA2_195|SER|hydrogen_bond|frequency,2026091901,0,9,0.0
clonazepam,alpha2,alpha2|BZD_GAMMA2_195|SER|hydrogen_bond|frequency,2026091902,0,9,0.0
clonazepam,alpha2,alpha2|BZD_GAMMA2_195|SER|hydrogen_bond|frequency,2026091903,0,9,0.0
clonazepam,alpha2,alpha2|BZD_GAMMA2_195|SER|hydrogen_bond|frequency,2026091904,0,9,0.0
clonazepam,alpha2,alpha2|BZD_GAMMA2_195|SER|hydrogen_bond|frequency,2026091905,0,9,0.0
midazolam,alpha2,alpha2|BZD_GAMMA2_195|SER|hydrogen_bond|frequency,2026091901,0,9,0.0
midazolam,alpha2,alpha2|BZD_GAMMA2_195|SER|hydrogen_bond|frequency,2026091902,0,9,0.0
midazolam,alpha2,alpha2|BZD_GAMMA2_195|SER|hydrogen_bond|frequency,2026091903,0,9,0.0
midazolam,alpha2,alpha2|BZD_GAMMA2_195|SER|hydrogen_bond|frequency,2026091904,0,9,0.0
midazolam,alpha2,alpha2|BZD_GAMMA2_195|SER|hydrogen_bond|frequency,2026091905,0,9,0.0
temazepam,alpha2,alpha2|BZD_GAMMA2_195|SER|hydrogen_bond|frequency,2026091901,1,9,0.1111111111111111
temazepam,alpha2,alpha2|BZD_GAMMA2_195|SER|hydrogen_bond|frequency,2026091902,0,9,0.0
temazepam,alpha2,alpha2|BZD_GAMMA2_195|SER|hydrogen_bond|frequency,2026091903,0,9,0.0
temazepam,alpha2,alpha2|BZD_GAMMA2_195|SER|hydrogen_bond|frequency,2026091904,0,9,0.0
temazepam,alpha2,alpha2|BZD_GAMMA2_195|SER|hydrogen_bond|frequency,2026091905,2,9,0.2222222222222222
zopiclone,alpha2,alpha2|BZD_GAMMA2_195|SER|hydrogen_bond|frequency,2026091901,0,9,0.0
zopiclone,alpha2,alpha2|BZD_GAMMA2_195|SER|hydrogen_bond|frequency,2026091902,0,9,0.0
zopiclone,alpha2,alpha2|BZD_GAMMA2_195|SER|hydrogen_bond|frequency,2026091903,0,9,0.0
zopiclone,alpha2,alpha2|BZD_GAMMA2_195|SER|hydrogen_bond|frequency,2026091904,0,9,0.0
zopiclone,alpha2,alpha2|BZD_GAMMA2_195|SER|hydrogen_bond|frequency,2026091905,0,9,0.0
zaleplon,alpha2,alpha2|BZD_GAMMA2_195|SER|hydrogen_bond|frequency,2026091901,0,9,0.0
zaleplon,alpha2,alpha2|BZD_GAMMA2_195|SER|hydrogen_bond|frequency,2026091902,0,9,0.0
zaleplon,alpha2,alpha2|BZD_GAMMA2_195|SER|hydrogen_bond|frequency,2026091903,0,9,0.0
zaleplon,alpha2,alpha2|BZD_GAMMA2_195|SER|hydrogen_bond|frequency,2026091904,0,9,0.0
zaleplon,alpha2,alpha2|BZD_GAMMA2_195|SER|hydrogen_bond|frequency,2026091905,0,9,0.0
diazepam,alpha2,alpha2|BZD_GAMMA2_196|TRP|hydrogen_bond|frequency,2026091901,0,9,0.0
diazepam,alpha2,alpha2|BZD_GAMMA2_196|TRP|hydrogen_bond|frequency,2026091902,0,9,0.0
diazepam,alpha2,alpha2|BZD_GAMMA2_196|TRP|hydrogen_bond|frequency,2026091903,0,9,0.0
diazepam,alpha2,alpha2|BZD_GAMMA2_196|TRP|hydrogen_bond|frequency,2026091904,0,9,0.0
diazepam,alpha2,alpha2|BZD_GAMMA2_196|TRP|hydrogen_bond|frequency,2026091905,0,9,0.0
alprazolam,alpha2,alpha2|BZD_GAMMA2_196|TRP|hydrogen_bond|frequency,2026091901,0,9,0.0
alprazolam,alpha2,alpha2|BZD_GAMMA2_196|TRP|hydrogen_bond|frequency,2026091902,0,9,0.0
alprazolam,alpha2,alpha2|BZD_GAMMA2_196|TRP|hydrogen_bond|frequency,2026091903,0,9,0.0
alprazolam,alpha2,alpha2|BZD_GAMMA2_196|TRP|hydrogen_bond|frequency,2026091904,0,9,0.0
alprazolam,alpha2,alpha2|BZD_GAMMA2_196|TRP|hydrogen_bond|frequency,2026091905,0,9,0.0
triazolam,alpha2,alpha2|BZD_GAMMA2_196|TRP|hydrogen_bond|frequency,2026091901,0,9,0.0
triazolam,alpha2,alpha2|BZD_GAMMA2_196|TRP|hydrogen_bond|frequency,2026091902,0,9,0.0
triazolam,alpha2,alpha2|BZD_GAMMA2_196|TRP|hydrogen_bond|frequency,2026091903,0,9,0.0
triazolam,alpha2,alpha2|BZD_GAMMA2_196|TRP|hydrogen_bond|frequency,2026091904,0,9,0.0
triazolam,alpha2,alpha2|BZD_GAMMA2_196|TRP|hydrogen_bond|frequency,2026091905,0,9,0.0
zolpidem,alpha2,alpha2|BZD_GAMMA2_196|TRP|hydrogen_bond|frequency,2026091901,0,9,0.0
zolpidem,alpha2,alpha2|BZD_GAMMA2_196|TRP|hydrogen_bond|frequency,2026091902,0,9,0.0
zolpidem,alpha2,alpha2|BZD_GAMMA2_196|TRP|hydrogen_bond|frequency,2026091903,0,9,0.0
zolpidem,alpha2,alpha2|BZD_GAMMA2_196|TRP|hydrogen_bond|frequency,2026091904,0,9,0.0
zolpidem,alpha2,alpha2|BZD_GAMMA2_196|TRP|hydrogen_bond|frequency,2026091905,0,9,0.0
lorazepam,alpha2,alpha2|BZD_GAMMA2_196|TRP|hydrogen_bond|frequency,2026091901,0,9,0.0
lorazepam,alpha2,alpha2|BZD_GAMMA2_196|TRP|hydrogen_bond|frequency,2026091902,0,9,0.0
lorazepam,alpha2,alpha2|BZD_GAMMA2_196|TRP|hydrogen_bond|frequency,2026091903,1,9,0.1111111111111111
lorazepam,alpha2,alpha2|BZD_GAMMA2_196|TRP|hydrogen_bond|frequency,2026091904,0,9,0.0
lorazepam,alpha2,alpha2|BZD_GAMMA2_196|TRP|hydrogen_bond|frequency,2026091905,1,9,0.1111111111111111
clonazepam,alpha2,alpha2|BZD_GAMMA2_196|TRP|hydrogen_bond|frequency,2026091901,0,9,0.0
clonazepam,alpha2,alpha2|BZD_GAMMA2_196|TRP|hydrogen_bond|frequency,2026091902,0,9,0.0
clonazepam,alpha2,alpha2|BZD_GAMMA2_196|TRP|hydrogen_bond|frequency,2026091903,0,9,0.0
clonazepam,alpha2,alpha2|BZD_GAMMA2_196|TRP|hydrogen_bond|frequency,2026091904,0,9,0.0
clonazepam,alpha2,alpha2|BZD_GAMMA2_196|TRP|hydrogen_bond|frequency,2026091905,0,9,0.0
midazolam,alpha2,alpha2|BZD_GAMMA2_196|TRP|hydrogen_bond|frequency,2026091901,0,9,0.0
midazolam,alpha2,alpha2|BZD_GAMMA2_196|TRP|hydrogen_bond|frequency,2026091902,0,9,0.0
midazolam,alpha2,alpha2|BZD_GAMMA2_196|TRP|hydrogen_bond|frequency,2026091903,0,9,0.0
midazolam,alpha2,alpha2|BZD_GAMMA2_196|TRP|hydrogen_bond|frequency,2026091904,0,9,0.0
midazolam,alpha2,alpha2|BZD_GAMMA2_196|TRP|hydrogen_bond|frequency,2026091905,0,9,0.0
temazepam,alpha2,alpha2|BZD_GAMMA2_196|TRP|hydrogen_bond|frequency,2026091901,0,9,0.0
temazepam,alpha2,alpha2|BZD_GAMMA2_196|TRP|hydrogen_bond|frequency,2026091902,0,9,0.0
temazepam,alpha2,alpha2|BZD_GAMMA2_196|TRP|hydrogen_bond|frequency,2026091903,1,9,0.1111111111111111
temazepam,alpha2,alpha2|BZD_GAMMA2_196|TRP|hydrogen_bond|frequency,2026091904,0,9,0.0
temazepam,alpha2,alpha2|BZD_GAMMA2_196|TRP|hydrogen_bond|frequency,2026091905,0,9,0.0
zopiclone,alpha2,alpha2|BZD_GAMMA2_196|TRP|hydrogen_bond|frequency,2026091901,0,9,0.0
zopiclone,alpha2,alpha2|BZD_GAMMA2_196|TRP|hydrogen_bond|frequency,2026091902,0,9,0.0
zopiclone,alpha2,alpha2|BZD_GAMMA2_196|TRP|hydrogen_bond|frequency,2026091903,0,9,0.0
zopiclone,alpha2,alpha2|BZD_GAMMA2_196|TRP|hydrogen_bond|frequency,2026091904,0,9,0.0
zopiclone,alpha2,alpha2|BZD_GAMMA2_196|TRP|hydrogen_bond|frequency,2026091905,0,9,0.0
zaleplon,alpha2,alpha2|BZD_GAMMA2_196|TRP|hydrogen_bond|frequency,2026091901,0,9,0.0
zaleplon,alpha2,alpha2|BZD_GAMMA2_196|TRP|hydrogen_bond|frequency,2026091902,0,9,0.0
zaleplon,alpha2,alpha2|BZD_GAMMA2_196|TRP|hydrogen_bond|frequency,2026091903,0,9,0.0
zaleplon,alpha2,alpha2|BZD_GAMMA2_196|TRP|hydrogen_bond|frequency,2026091904,0,9,0.0
zaleplon,alpha2,alpha2|BZD_GAMMA2_196|TRP|hydrogen_bond|frequency,2026091905,0,9,0.0
diazepam,alpha2,alpha2|BZD_SITE_100|PHE|hydrophobic_interaction|frequency,2026091901,3,9,0.3333333333333333
diazepam,alpha2,alpha2|BZD_SITE_100|PHE|hydrophobic_interaction|frequency,2026091902,3,9,0.3333333333333333
diazepam,alpha2,alpha2|BZD_SITE_100|PHE|hydrophobic_interaction|frequency,2026091903,3,9,0.3333333333333333
diazepam,alpha2,alpha2|BZD_SITE_100|PHE|hydrophobic_interaction|frequency,2026091904,3,9,0.3333333333333333
diazepam,alpha2,alpha2|BZD_SITE_100|PHE|hydrophobic_interaction|frequency,2026091905,4,9,0.4444444444444444
alprazolam,alpha2,alpha2|BZD_SITE_100|PHE|hydrophobic_interaction|frequency,2026091901,2,9,0.2222222222222222
alprazolam,alpha2,alpha2|BZD_SITE_100|PHE|hydrophobic_interaction|frequency,2026091902,1,9,0.1111111111111111
alprazolam,alpha2,alpha2|BZD_SITE_100|PHE|hydrophobic_interaction|frequency,2026091903,1,9,0.1111111111111111
alprazolam,alpha2,alpha2|BZD_SITE_100|PHE|hydrophobic_interaction|frequency,2026091904,3,9,0.3333333333333333
alprazolam,alpha2,alpha2|BZD_SITE_100|PHE|hydrophobic_interaction|frequency,2026091905,1,9,0.1111111111111111
triazolam,alpha2,alpha2|BZD_SITE_100|PHE|hydrophobic_interaction|frequency,2026091901,1,9,0.1111111111111111
triazolam,alpha2,alpha2|BZD_SITE_100|PHE|hydrophobic_interaction|frequency,2026091902,2,9,0.2222222222222222
triazolam,alpha2,alpha2|BZD_SITE_100|PHE|hydrophobic_interaction|frequency,2026091903,1,9,0.1111111111111111
triazolam,alpha2,alpha2|BZD_SITE_100|PHE|hydrophobic_interaction|frequency,2026091904,0,9,0.0
triazolam,alpha2,alpha2|BZD_SITE_100|PHE|hydrophobic_interaction|frequency,2026091905,1,9,0.1111111111111111
zolpidem,alpha2,alpha2|BZD_SITE_100|PHE|hydrophobic_interaction|frequency,2026091901,5,9,0.5555555555555556
zolpidem,alpha2,alpha2|BZD_SITE_100|PHE|hydrophobic_interaction|frequency,2026091902,6,9,0.6666666666666666
zolpidem,alpha2,alpha2|BZD_SITE_100|PHE|hydrophobic_interaction|frequency,2026091903,6,9,0.6666666666666666
zolpidem,alpha2,alpha2|BZD_SITE_100|PHE|hydrophobic_interaction|frequency,2026091904,6,9,0.6666666666666666
zolpidem,alpha2,alpha2|BZD_SITE_100|PHE|hydrophobic_interaction|frequency,2026091905,5,9,0.5555555555555556
lorazepam,alpha2,alpha2|BZD_SITE_100|PHE|hydrophobic_interaction|frequency,2026091901,0,9,0.0
lorazepam,alpha2,alpha2|BZD_SITE_100|PHE|hydrophobic_interaction|frequency,2026091902,0,9,0.0
lorazepam,alpha2,alpha2|BZD_SITE_100|PHE|hydrophobic_interaction|frequency,2026091903,0,9,0.0
lorazepam,alpha2,alpha2|BZD_SITE_100|PHE|hydrophobic_interaction|frequency,2026091904,0,9,0.0
lorazepam,alpha2,alpha2|BZD_SITE_100|PHE|hydrophobic_interaction|frequency,2026091905,0,9,0.0
clonazepam,alpha2,alpha2|BZD_SITE_100|PHE|hydrophobic_interaction|frequency,2026091901,0,9,0.0
clonazepam,alpha2,alpha2|BZD_SITE_100|PHE|hydrophobic_interaction|frequency,2026091902,0,9,0.0
clonazepam,alpha2,alpha2|BZD_SITE_100|PHE|hydrophobic_interaction|frequency,2026091903,0,9,0.0
clonazepam,alpha2,alpha2|BZD_SITE_100|PHE|hydrophobic_interaction|frequency,2026091904,0,9,0.0
clonazepam,alpha2,alpha2|BZD_SITE_100|PHE|hydrophobic_interaction|frequency,2026091905,0,9,0.0
midazolam,alpha2,alpha2|BZD_SITE_100|PHE|hydrophobic_interaction|frequency,2026091901,2,9,0.2222222222222222
midazolam,alpha2,alpha2|BZD_SITE_100|PHE|hydrophobic_interaction|frequency,2026091902,2,9,0.2222222222222222
midazolam,alpha2,alpha2|BZD_SITE_100|PHE|hydrophobic_interaction|frequency,2026091903,1,9,0.1111111111111111
midazolam,alpha2,alpha2|BZD_SITE_100|PHE|hydrophobic_interaction|frequency,2026091904,2,9,0.2222222222222222
midazolam,alpha2,alpha2|BZD_SITE_100|PHE|hydrophobic_interaction|frequency,2026091905,2,9,0.2222222222222222
temazepam,alpha2,alpha2|BZD_SITE_100|PHE|hydrophobic_interaction|frequency,2026091901,0,9,0.0
temazepam,alpha2,alpha2|BZD_SITE_100|PHE|hydrophobic_interaction|frequency,2026091902,0,9,0.0
temazepam,alpha2,alpha2|BZD_SITE_100|PHE|hydrophobic_interaction|frequency,2026091903,1,9,0.1111111111111111
temazepam,alpha2,alpha2|BZD_SITE_100|PHE|hydrophobic_interaction|frequency,2026091904,0,9,0.0
temazepam,alpha2,alpha2|BZD_SITE_100|PHE|hydrophobic_interaction|frequency,2026091905,0,9,0.0
zopiclone,alpha2,alpha2|BZD_SITE_100|PHE|hydrophobic_interaction|frequency,2026091901,0,9,0.0
zopiclone,alpha2,alpha2|BZD_SITE_100|PHE|hydrophobic_interaction|frequency,2026091902,1,9,0.1111111111111111
zopiclone,alpha2,alpha2|BZD_SITE_100|PHE|hydrophobic_interaction|frequency,2026091903,1,9,0.1111111111111111
zopiclone,alpha2,alpha2|BZD_SITE_100|PHE|hydrophobic_interaction|frequency,2026091904,1,9,0.1111111111111111
zopiclone,alpha2,alpha2|BZD_SITE_100|PHE|hydrophobic_interaction|frequency,2026091905,0,9,0.0
zaleplon,alpha2,alpha2|BZD_SITE_100|PHE|hydrophobic_interaction|frequency,2026091901,5,9,0.5555555555555556
zaleplon,alpha2,alpha2|BZD_SITE_100|PHE|hydrophobic_interaction|frequency,2026091902,0,9,0.0
zaleplon,alpha2,alpha2|BZD_SITE_100|PHE|hydrophobic_interaction|frequency,2026091903,3,9,0.3333333333333333
zaleplon,alpha2,alpha2|BZD_SITE_100|PHE|hydrophobic_interaction|frequency,2026091904,2,9,0.2222222222222222
zaleplon,alpha2,alpha2|BZD_SITE_100|PHE|hydrophobic_interaction|frequency,2026091905,3,9,0.3333333333333333
diazepam,alpha2,alpha2|BZD_SITE_102|HIS|hydrogen_bond|frequency,2026091901,0,9,0.0
diazepam,alpha2,alpha2|BZD_SITE_102|HIS|hydrogen_bond|frequency,2026091902,0,9,0.0
diazepam,alpha2,alpha2|BZD_SITE_102|HIS|hydrogen_bond|frequency,2026091903,0,9,0.0
diazepam,alpha2,alpha2|BZD_SITE_102|HIS|hydrogen_bond|frequency,2026091904,0,9,0.0
diazepam,alpha2,alpha2|BZD_SITE_102|HIS|hydrogen_bond|frequency,2026091905,0,9,0.0
alprazolam,alpha2,alpha2|BZD_SITE_102|HIS|hydrogen_bond|frequency,2026091901,0,9,0.0
alprazolam,alpha2,alpha2|BZD_SITE_102|HIS|hydrogen_bond|frequency,2026091902,0,9,0.0
alprazolam,alpha2,alpha2|BZD_SITE_102|HIS|hydrogen_bond|frequency,2026091903,0,9,0.0
alprazolam,alpha2,alpha2|BZD_SITE_102|HIS|hydrogen_bond|frequency,2026091904,0,9,0.0
alprazolam,alpha2,alpha2|BZD_SITE_102|HIS|hydrogen_bond|frequency,2026091905,0,9,0.0
triazolam,alpha2,alpha2|BZD_SITE_102|HIS|hydrogen_bond|frequency,2026091901,0,9,0.0
triazolam,alpha2,alpha2|BZD_SITE_102|HIS|hydrogen_bond|frequency,2026091902,0,9,0.0
triazolam,alpha2,alpha2|BZD_SITE_102|HIS|hydrogen_bond|frequency,2026091903,0,9,0.0
triazolam,alpha2,alpha2|BZD_SITE_102|HIS|hydrogen_bond|frequency,2026091904,0,9,0.0
triazolam,alpha2,alpha2|BZD_SITE_102|HIS|hydrogen_bond|frequency,2026091905,0,9,0.0
zolpidem,alpha2,alpha2|BZD_SITE_102|HIS|hydrogen_bond|frequency,2026091901,0,9,0.0
zolpidem,alpha2,alpha2|BZD_SITE_102|HIS|hydrogen_bond|frequency,2026091902,0,9,0.0
zolpidem,alpha2,alpha2|BZD_SITE_102|HIS|hydrogen_bond|frequency,2026091903,0,9,0.0
zolpidem,alpha2,alpha2|BZD_SITE_102|HIS|hydrogen_bond|frequency,2026091904,0,9,0.0
zolpidem,alpha2,alpha2|BZD_SITE_102|HIS|hydrogen_bond|frequency,2026091905,0,9,0.0
lorazepam,alpha2,alpha2|BZD_SITE_102|HIS|hydrogen_bond|frequency,2026091901,5,9,0.5555555555555556
lorazepam,alpha2,alpha2|BZD_SITE_102|HIS|hydrogen_bond|frequency,2026091902,3,9,0.3333333333333333
lorazepam,alpha2,alpha2|BZD_SITE_102|HIS|hydrogen_bond|frequency,2026091903,2,9,0.2222222222222222
lorazepam,alpha2,alpha2|BZD_SITE_102|HIS|hydrogen_bond|frequency,2026091904,3,9,0.3333333333333333
lorazepam,alpha2,alpha2|BZD_SITE_102|HIS|hydrogen_bond|frequency,2026091905,3,9,0.3333333333333333
clonazepam,alpha2,alpha2|BZD_SITE_102|HIS|hydrogen_bond|frequency,2026091901,2,9,0.2222222222222222
clonazepam,alpha2,alpha2|BZD_SITE_102|HIS|hydrogen_bond|frequency,2026091902,3,9,0.3333333333333333
clonazepam,alpha2,alpha2|BZD_SITE_102|HIS|hydrogen_bond|frequency,2026091903,2,9,0.2222222222222222
clonazepam,alpha2,alpha2|BZD_SITE_102|HIS|hydrogen_bond|frequency,2026091904,1,9,0.1111111111111111
clonazepam,alpha2,alpha2|BZD_SITE_102|HIS|hydrogen_bond|frequency,2026091905,3,9,0.3333333333333333
midazolam,alpha2,alpha2|BZD_SITE_102|HIS|hydrogen_bond|frequency,2026091901,0,9,0.0
midazolam,alpha2,alpha2|BZD_SITE_102|HIS|hydrogen_bond|frequency,2026091902,0,9,0.0
midazolam,alpha2,alpha2|BZD_SITE_102|HIS|hydrogen_bond|frequency,2026091903,0,9,0.0
midazolam,alpha2,alpha2|BZD_SITE_102|HIS|hydrogen_bond|frequency,2026091904,0,9,0.0
midazolam,alpha2,alpha2|BZD_SITE_102|HIS|hydrogen_bond|frequency,2026091905,0,9,0.0
temazepam,alpha2,alpha2|BZD_SITE_102|HIS|hydrogen_bond|frequency,2026091901,0,9,0.0
temazepam,alpha2,alpha2|BZD_SITE_102|HIS|hydrogen_bond|frequency,2026091902,0,9,0.0
temazepam,alpha2,alpha2|BZD_SITE_102|HIS|hydrogen_bond|frequency,2026091903,1,9,0.1111111111111111
temazepam,alpha2,alpha2|BZD_SITE_102|HIS|hydrogen_bond|frequency,2026091904,0,9,0.0
temazepam,alpha2,alpha2|BZD_SITE_102|HIS|hydrogen_bond|frequency,2026091905,0,9,0.0
zopiclone,alpha2,alpha2|BZD_SITE_102|HIS|hydrogen_bond|frequency,2026091901,0,9,0.0
zopiclone,alpha2,alpha2|BZD_SITE_102|HIS|hydrogen_bond|frequency,2026091902,0,9,0.0
zopiclone,alpha2,alpha2|BZD_SITE_102|HIS|hydrogen_bond|frequency,2026091903,0,9,0.0
zopiclone,alpha2,alpha2|BZD_SITE_102|HIS|hydrogen_bond|frequency,2026091904,0,9,0.0
zopiclone,alpha2,alpha2|BZD_SITE_102|HIS|hydrogen_bond|frequency,2026091905,0,9,0.0
zaleplon,alpha2,alpha2|BZD_SITE_102|HIS|hydrogen_bond|frequency,2026091901,0,9,0.0
zaleplon,alpha2,alpha2|BZD_SITE_102|HIS|hydrogen_bond|frequency,2026091902,0,9,0.0
zaleplon,alpha2,alpha2|BZD_SITE_102|HIS|hydrogen_bond|frequency,2026091903,0,9,0.0
zaleplon,alpha2,alpha2|BZD_SITE_102|HIS|hydrogen_bond|frequency,2026091904,0,9,0.0
zaleplon,alpha2,alpha2|BZD_SITE_102|HIS|hydrogen_bond|frequency,2026091905,0,9,0.0
diazepam,alpha2,alpha2|BZD_SITE_102|HIS|hydrophobic_interaction|frequency,2026091901,2,9,0.2222222222222222
diazepam,alpha2,alpha2|BZD_SITE_102|HIS|hydrophobic_interaction|frequency,2026091902,1,9,0.1111111111111111
diazepam,alpha2,alpha2|BZD_SITE_102|HIS|hydrophobic_interaction|frequency,2026091903,1,9,0.1111111111111111
diazepam,alpha2,alpha2|BZD_SITE_102|HIS|hydrophobic_interaction|frequency,2026091904,1,9,0.1111111111111111
diazepam,alpha2,alpha2|BZD_SITE_102|HIS|hydrophobic_interaction|frequency,2026091905,2,9,0.2222222222222222
alprazolam,alpha2,alpha2|BZD_SITE_102|HIS|hydrophobic_interaction|frequency,2026091901,2,9,0.2222222222222222
alprazolam,alpha2,alpha2|BZD_SITE_102|HIS|hydrophobic_interaction|frequency,2026091902,3,9,0.3333333333333333
alprazolam,alpha2,alpha2|BZD_SITE_102|HIS|hydrophobic_interaction|frequency,2026091903,2,9,0.2222222222222222
alprazolam,alpha2,alpha2|BZD_SITE_102|HIS|hydrophobic_interaction|frequency,2026091904,3,9,0.3333333333333333
alprazolam,alpha2,alpha2|BZD_SITE_102|HIS|hydrophobic_interaction|frequency,2026091905,2,9,0.2222222222222222
triazolam,alpha2,alpha2|BZD_SITE_102|HIS|hydrophobic_interaction|frequency,2026091901,2,9,0.2222222222222222
triazolam,alpha2,alpha2|BZD_SITE_102|HIS|hydrophobic_interaction|frequency,2026091902,3,9,0.3333333333333333
triazolam,alpha2,alpha2|BZD_SITE_102|HIS|hydrophobic_interaction|frequency,2026091903,2,9,0.2222222222222222
triazolam,alpha2,alpha2|BZD_SITE_102|HIS|hydrophobic_interaction|frequency,2026091904,1,9,0.1111111111111111
triazolam,alpha2,alpha2|BZD_SITE_102|HIS|hydrophobic_interaction|frequency,2026091905,2,9,0.2222222222222222
zolpidem,alpha2,alpha2|BZD_SITE_102|HIS|hydrophobic_interaction|frequency,2026091901,1,9,0.1111111111111111
zolpidem,alpha2,alpha2|BZD_SITE_102|HIS|hydrophobic_interaction|frequency,2026091902,0,9,0.0
zolpidem,alpha2,alpha2|BZD_SITE_102|HIS|hydrophobic_interaction|frequency,2026091903,2,9,0.2222222222222222
zolpidem,alpha2,alpha2|BZD_SITE_102|HIS|hydrophobic_interaction|frequency,2026091904,1,9,0.1111111111111111
zolpidem,alpha2,alpha2|BZD_SITE_102|HIS|hydrophobic_interaction|frequency,2026091905,4,9,0.4444444444444444
lorazepam,alpha2,alpha2|BZD_SITE_102|HIS|hydrophobic_interaction|frequency,2026091901,0,9,0.0
lorazepam,alpha2,alpha2|BZD_SITE_102|HIS|hydrophobic_interaction|frequency,2026091902,0,9,0.0
lorazepam,alpha2,alpha2|BZD_SITE_102|HIS|hydrophobic_interaction|frequency,2026091903,1,9,0.1111111111111111
lorazepam,alpha2,alpha2|BZD_SITE_102|HIS|hydrophobic_interaction|frequency,2026091904,0,9,0.0
lorazepam,alpha2,alpha2|BZD_SITE_102|HIS|hydrophobic_interaction|frequency,2026091905,2,9,0.2222222222222222
clonazepam,alpha2,alpha2|BZD_SITE_102|HIS|hydrophobic_interaction|frequency,2026091901,1,9,0.1111111111111111
clonazepam,alpha2,alpha2|BZD_SITE_102|HIS|hydrophobic_interaction|frequency,2026091902,2,9,0.2222222222222222
clonazepam,alpha2,alpha2|BZD_SITE_102|HIS|hydrophobic_interaction|frequency,2026091903,1,9,0.1111111111111111
clonazepam,alpha2,alpha2|BZD_SITE_102|HIS|hydrophobic_interaction|frequency,2026091904,2,9,0.2222222222222222
clonazepam,alpha2,alpha2|BZD_SITE_102|HIS|hydrophobic_interaction|frequency,2026091905,2,9,0.2222222222222222
midazolam,alpha2,alpha2|BZD_SITE_102|HIS|hydrophobic_interaction|frequency,2026091901,0,9,0.0
midazolam,alpha2,alpha2|BZD_SITE_102|HIS|hydrophobic_interaction|frequency,2026091902,2,9,0.2222222222222222
midazolam,alpha2,alpha2|BZD_SITE_102|HIS|hydrophobic_interaction|frequency,2026091903,2,9,0.2222222222222222
midazolam,alpha2,alpha2|BZD_SITE_102|HIS|hydrophobic_interaction|frequency,2026091904,2,9,0.2222222222222222
midazolam,alpha2,alpha2|BZD_SITE_102|HIS|hydrophobic_interaction|frequency,2026091905,1,9,0.1111111111111111
temazepam,alpha2,alpha2|BZD_SITE_102|HIS|hydrophobic_interaction|frequency,2026091901,1,9,0.1111111111111111
temazepam,alpha2,alpha2|BZD_SITE_102|HIS|hydrophobic_interaction|frequency,2026091902,1,9,0.1111111111111111
temazepam,alpha2,alpha2|BZD_SITE_102|HIS|hydrophobic_interaction|frequency,2026091903,0,9,0.0
temazepam,alpha2,alpha2|BZD_SITE_102|HIS|hydrophobic_interaction|frequency,2026091904,0,9,0.0
temazepam,alpha2,alpha2|BZD_SITE_102|HIS|hydrophobic_interaction|frequency,2026091905,1,9,0.1111111111111111
zopiclone,alpha2,alpha2|BZD_SITE_102|HIS|hydrophobic_interaction|frequency,2026091901,0,9,0.0
zopiclone,alpha2,alpha2|BZD_SITE_102|HIS|hydrophobic_interaction|frequency,2026091902,0,9,0.0
zopiclone,alpha2,alpha2|BZD_SITE_102|HIS|hydrophobic_interaction|frequency,2026091903,0,9,0.0
zopiclone,alpha2,alpha2|BZD_SITE_102|HIS|hydrophobic_interaction|frequency,2026091904,0,9,0.0
zopiclone,alpha2,alpha2|BZD_SITE_102|HIS|hydrophobic_interaction|frequency,2026091905,0,9,0.0
zaleplon,alpha2,alpha2|BZD_SITE_102|HIS|hydrophobic_interaction|frequency,2026091901,2,9,0.2222222222222222
zaleplon,alpha2,alpha2|BZD_SITE_102|HIS|hydrophobic_interaction|frequency,2026091902,0,9,0.0
zaleplon,alpha2,alpha2|BZD_SITE_102|HIS|hydrophobic_interaction|frequency,2026091903,1,9,0.1111111111111111
zaleplon,alpha2,alpha2|BZD_SITE_102|HIS|hydrophobic_interaction|frequency,2026091904,1,9,0.1111111111111111
zaleplon,alpha2,alpha2|BZD_SITE_102|HIS|hydrophobic_interaction|frequency,2026091905,1,9,0.1111111111111111
diazepam,alpha2,alpha2|BZD_SITE_102|HIS|pi_cation_interaction|frequency,2026091901,1,9,0.1111111111111111
diazepam,alpha2,alpha2|BZD_SITE_102|HIS|pi_cation_interaction|frequency,2026091902,2,9,0.2222222222222222
diazepam,alpha2,alpha2|BZD_SITE_102|HIS|pi_cation_interaction|frequency,2026091903,1,9,0.1111111111111111
diazepam,alpha2,alpha2|BZD_SITE_102|HIS|pi_cation_interaction|frequency,2026091904,1,9,0.1111111111111111
diazepam,alpha2,alpha2|BZD_SITE_102|HIS|pi_cation_interaction|frequency,2026091905,1,9,0.1111111111111111
alprazolam,alpha2,alpha2|BZD_SITE_102|HIS|pi_cation_interaction|frequency,2026091901,0,9,0.0
alprazolam,alpha2,alpha2|BZD_SITE_102|HIS|pi_cation_interaction|frequency,2026091902,0,9,0.0
alprazolam,alpha2,alpha2|BZD_SITE_102|HIS|pi_cation_interaction|frequency,2026091903,0,9,0.0
alprazolam,alpha2,alpha2|BZD_SITE_102|HIS|pi_cation_interaction|frequency,2026091904,0,9,0.0
alprazolam,alpha2,alpha2|BZD_SITE_102|HIS|pi_cation_interaction|frequency,2026091905,0,9,0.0
triazolam,alpha2,alpha2|BZD_SITE_102|HIS|pi_cation_interaction|frequency,2026091901,0,9,0.0
triazolam,alpha2,alpha2|BZD_SITE_102|HIS|pi_cation_interaction|frequency,2026091902,1,9,0.1111111111111111
triazolam,alpha2,alpha2|BZD_SITE_102|HIS|pi_cation_interaction|frequency,2026091903,0,9,0.0
triazolam,alpha2,alpha2|BZD_SITE_102|HIS|pi_cation_interaction|frequency,2026091904,0,9,0.0
triazolam,alpha2,alpha2|BZD_SITE_102|HIS|pi_cation_interaction|frequency,2026091905,0,9,0.0
zolpidem,alpha2,alpha2|BZD_SITE_102|HIS|pi_cation_interaction|frequency,2026091901,1,9,0.1111111111111111
zolpidem,alpha2,alpha2|BZD_SITE_102|HIS|pi_cation_interaction|frequency,2026091902,1,9,0.1111111111111111
zolpidem,alpha2,alpha2|BZD_SITE_102|HIS|pi_cation_interaction|frequency,2026091903,2,9,0.2222222222222222
zolpidem,alpha2,alpha2|BZD_SITE_102|HIS|pi_cation_interaction|frequency,2026091904,1,9,0.1111111111111111
zolpidem,alpha2,alpha2|BZD_SITE_102|HIS|pi_cation_interaction|frequency,2026091905,1,9,0.1111111111111111
lorazepam,alpha2,alpha2|BZD_SITE_102|HIS|pi_cation_interaction|frequency,2026091901,1,9,0.1111111111111111
lorazepam,alpha2,alpha2|BZD_SITE_102|HIS|pi_cation_interaction|frequency,2026091902,1,9,0.1111111111111111
lorazepam,alpha2,alpha2|BZD_SITE_102|HIS|pi_cation_interaction|frequency,2026091903,0,9,0.0
lorazepam,alpha2,alpha2|BZD_SITE_102|HIS|pi_cation_interaction|frequency,2026091904,0,9,0.0
lorazepam,alpha2,alpha2|BZD_SITE_102|HIS|pi_cation_interaction|frequency,2026091905,0,9,0.0
clonazepam,alpha2,alpha2|BZD_SITE_102|HIS|pi_cation_interaction|frequency,2026091901,0,9,0.0
clonazepam,alpha2,alpha2|BZD_SITE_102|HIS|pi_cation_interaction|frequency,2026091902,1,9,0.1111111111111111
clonazepam,alpha2,alpha2|BZD_SITE_102|HIS|pi_cation_interaction|frequency,2026091903,1,9,0.1111111111111111
clonazepam,alpha2,alpha2|BZD_SITE_102|HIS|pi_cation_interaction|frequency,2026091904,1,9,0.1111111111111111
clonazepam,alpha2,alpha2|BZD_SITE_102|HIS|pi_cation_interaction|frequency,2026091905,0,9,0.0
midazolam,alpha2,alpha2|BZD_SITE_102|HIS|pi_cation_interaction|frequency,2026091901,1,9,0.1111111111111111
midazolam,alpha2,alpha2|BZD_SITE_102|HIS|pi_cation_interaction|frequency,2026091902,0,9,0.0
midazolam,alpha2,alpha2|BZD_SITE_102|HIS|pi_cation_interaction|frequency,2026091903,1,9,0.1111111111111111
midazolam,alpha2,alpha2|BZD_SITE_102|HIS|pi_cation_interaction|frequency,2026091904,0,9,0.0
midazolam,alpha2,alpha2|BZD_SITE_102|HIS|pi_cation_interaction|frequency,2026091905,1,9,0.1111111111111111
temazepam,alpha2,alpha2|BZD_SITE_102|HIS|pi_cation_interaction|frequency,2026091901,0,9,0.0
temazepam,alpha2,alpha2|BZD_SITE_102|HIS|pi_cation_interaction|frequency,2026091902,0,9,0.0
temazepam,alpha2,alpha2|BZD_SITE_102|HIS|pi_cation_interaction|frequency,2026091903,0,9,0.0
temazepam,alpha2,alpha2|BZD_SITE_102|HIS|pi_cation_interaction|frequency,2026091904,0,9,0.0
temazepam,alpha2,alpha2|BZD_SITE_102|HIS|pi_cation_interaction|frequency,2026091905,0,9,0.0
zopiclone,alpha2,alpha2|BZD_SITE_102|HIS|pi_cation_interaction|frequency,2026091901,1,9,0.1111111111111111
zopiclone,alpha2,alpha2|BZD_SITE_102|HIS|pi_cation_interaction|frequency,2026091902,0,9,0.0
zopiclone,alpha2,alpha2|BZD_SITE_102|HIS|pi_cation_interaction|frequency,2026091903,0,9,0.0
zopiclone,alpha2,alpha2|BZD_SITE_102|HIS|pi_cation_interaction|frequency,2026091904,1,9,0.1111111111111111
zopiclone,alpha2,alpha2|BZD_SITE_102|HIS|pi_cation_interaction|frequency,2026091905,0,9,0.0
zaleplon,alpha2,alpha2|BZD_SITE_102|HIS|pi_cation_interaction|frequency,2026091901,0,9,0.0
zaleplon,alpha2,alpha2|BZD_SITE_102|HIS|pi_cation_interaction|frequency,2026091902,0,9,0.0
zaleplon,alpha2,alpha2|BZD_SITE_102|HIS|pi_cation_interaction|frequency,2026091903,0,9,0.0
zaleplon,alpha2,alpha2|BZD_SITE_102|HIS|pi_cation_interaction|frequency,2026091904,0,9,0.0
zaleplon,alpha2,alpha2|BZD_SITE_102|HIS|pi_cation_interaction|frequency,2026091905,0,9,0.0
diazepam,alpha2,alpha2|BZD_SITE_102|HIS|pi_stack|frequency,2026091901,0,9,0.0
diazepam,alpha2,alpha2|BZD_SITE_102|HIS|pi_stack|frequency,2026091902,1,9,0.1111111111111111
diazepam,alpha2,alpha2|BZD_SITE_102|HIS|pi_stack|frequency,2026091903,0,9,0.0
diazepam,alpha2,alpha2|BZD_SITE_102|HIS|pi_stack|frequency,2026091904,1,9,0.1111111111111111
diazepam,alpha2,alpha2|BZD_SITE_102|HIS|pi_stack|frequency,2026091905,0,9,0.0
diazepam,alpha2,alpha2|BZD_SITE_102|HIS|pi_stack|P_frequency,2026091901,0,9,0.0
diazepam,alpha2,alpha2|BZD_SITE_102|HIS|pi_stack|P_frequency,2026091902,0,9,0.0
diazepam,alpha2,alpha2|BZD_SITE_102|HIS|pi_stack|P_frequency,2026091903,0,9,0.0
diazepam,alpha2,alpha2|BZD_SITE_102|HIS|pi_stack|P_frequency,2026091904,0,9,0.0
diazepam,alpha2,alpha2|BZD_SITE_102|HIS|pi_stack|P_frequency,2026091905,0,9,0.0
diazepam,alpha2,alpha2|BZD_SITE_102|HIS|pi_stack|T_frequency,2026091901,0,9,0.0
diazepam,alpha2,alpha2|BZD_SITE_102|HIS|pi_stack|T_frequency,2026091902,1,9,0.1111111111111111
diazepam,alpha2,alpha2|BZD_SITE_102|HIS|pi_stack|T_frequency,2026091903,0,9,0.0
diazepam,alpha2,alpha2|BZD_SITE_102|HIS|pi_stack|T_frequency,2026091904,1,9,0.1111111111111111
diazepam,alpha2,alpha2|BZD_SITE_102|HIS|pi_stack|T_frequency,2026091905,0,9,0.0
alprazolam,alpha2,alpha2|BZD_SITE_102|HIS|pi_stack|frequency,2026091901,0,9,0.0
alprazolam,alpha2,alpha2|BZD_SITE_102|HIS|pi_stack|frequency,2026091902,0,9,0.0
alprazolam,alpha2,alpha2|BZD_SITE_102|HIS|pi_stack|frequency,2026091903,1,9,0.1111111111111111
alprazolam,alpha2,alpha2|BZD_SITE_102|HIS|pi_stack|frequency,2026091904,0,9,0.0
alprazolam,alpha2,alpha2|BZD_SITE_102|HIS|pi_stack|frequency,2026091905,0,9,0.0
alprazolam,alpha2,alpha2|BZD_SITE_102|HIS|pi_stack|P_frequency,2026091901,0,9,0.0
alprazolam,alpha2,alpha2|BZD_SITE_102|HIS|pi_stack|P_frequency,2026091902,0,9,0.0
alprazolam,alpha2,alpha2|BZD_SITE_102|HIS|pi_stack|P_frequency,2026091903,0,9,0.0
alprazolam,alpha2,alpha2|BZD_SITE_102|HIS|pi_stack|P_frequency,2026091904,0,9,0.0
alprazolam,alpha2,alpha2|BZD_SITE_102|HIS|pi_stack|P_frequency,2026091905,0,9,0.0
alprazolam,alpha2,alpha2|BZD_SITE_102|HIS|pi_stack|T_frequency,2026091901,0,9,0.0
alprazolam,alpha2,alpha2|BZD_SITE_102|HIS|pi_stack|T_frequency,2026091902,0,9,0.0
alprazolam,alpha2,alpha2|BZD_SITE_102|HIS|pi_stack|T_frequency,2026091903,1,9,0.1111111111111111
alprazolam,alpha2,alpha2|BZD_SITE_102|HIS|pi_stack|T_frequency,2026091904,0,9,0.0
alprazolam,alpha2,alpha2|BZD_SITE_102|HIS|pi_stack|T_frequency,2026091905,0,9,0.0
triazolam,alpha2,alpha2|BZD_SITE_102|HIS|pi_stack|frequency,2026091901,1,9,0.1111111111111111
triazolam,alpha2,alpha2|BZD_SITE_102|HIS|pi_stack|frequency,2026091902,0,9,0.0
triazolam,alpha2,alpha2|BZD_SITE_102|HIS|pi_stack|frequency,2026091903,1,9,0.1111111111111111
triazolam,alpha2,alpha2|BZD_SITE_102|HIS|pi_stack|frequency,2026091904,1,9,0.1111111111111111
triazolam,alpha2,alpha2|BZD_SITE_102|HIS|pi_stack|frequency,2026091905,1,9,0.1111111111111111
triazolam,alpha2,alpha2|BZD_SITE_102|HIS|pi_stack|P_frequency,2026091901,0,9,0.0
triazolam,alpha2,alpha2|BZD_SITE_102|HIS|pi_stack|P_frequency,2026091902,0,9,0.0
triazolam,alpha2,alpha2|BZD_SITE_102|HIS|pi_stack|P_frequency,2026091903,0,9,0.0
triazolam,alpha2,alpha2|BZD_SITE_102|HIS|pi_stack|P_frequency,2026091904,0,9,0.0
triazolam,alpha2,alpha2|BZD_SITE_102|HIS|pi_stack|P_frequency,2026091905,0,9,0.0
triazolam,alpha2,alpha2|BZD_SITE_102|HIS|pi_stack|T_frequency,2026091901,1,9,0.1111111111111111
triazolam,alpha2,alpha2|BZD_SITE_102|HIS|pi_stack|T_frequency,2026091902,0,9,0.0
triazolam,alpha2,alpha2|BZD_SITE_102|HIS|pi_stack|T_frequency,2026091903,1,9,0.1111111111111111
triazolam,alpha2,alpha2|BZD_SITE_102|HIS|pi_stack|T_frequency,2026091904,1,9,0.1111111111111111
triazolam,alpha2,alpha2|BZD_SITE_102|HIS|pi_stack|T_frequency,2026091905,1,9,0.1111111111111111
zolpidem,alpha2,alpha2|BZD_SITE_102|HIS|pi_stack|frequency,2026091901,0,9,0.0
zolpidem,alpha2,alpha2|BZD_SITE_102|HIS|pi_stack|frequency,2026091902,0,9,0.0
zolpidem,alpha2,alpha2|BZD_SITE_102|HIS|pi_stack|frequency,2026091903,0,9,0.0
zolpidem,alpha2,alpha2|BZD_SITE_102|HIS|pi_stack|frequency,2026091904,0,9,0.0
zolpidem,alpha2,alpha2|BZD_SITE_102|HIS|pi_stack|frequency,2026091905,0,9,0.0
zolpidem,alpha2,alpha2|BZD_SITE_102|HIS|pi_stack|P_frequency,2026091901,0,9,0.0
zolpidem,alpha2,alpha2|BZD_SITE_102|HIS|pi_stack|P_frequency,2026091902,0,9,0.0
zolpidem,alpha2,alpha2|BZD_SITE_102|HIS|pi_stack|P_frequency,2026091903,0,9,0.0
zolpidem,alpha2,alpha2|BZD_SITE_102|HIS|pi_stack|P_frequency,2026091904,0,9,0.0
zolpidem,alpha2,alpha2|BZD_SITE_102|HIS|pi_stack|P_frequency,2026091905,0,9,0.0
zolpidem,alpha2,alpha2|BZD_SITE_102|HIS|pi_stack|T_frequency,2026091901,0,9,0.0
zolpidem,alpha2,alpha2|BZD_SITE_102|HIS|pi_stack|T_frequency,2026091902,0,9,0.0
zolpidem,alpha2,alpha2|BZD_SITE_102|HIS|pi_stack|T_frequency,2026091903,0,9,0.0
zolpidem,alpha2,alpha2|BZD_SITE_102|HIS|pi_stack|T_frequency,2026091904,0,9,0.0
zolpidem,alpha2,alpha2|BZD_SITE_102|HIS|pi_stack|T_frequency,2026091905,0,9,0.0
lorazepam,alpha2,alpha2|BZD_SITE_102|HIS|pi_stack|frequency,2026091901,0,9,0.0
lorazepam,alpha2,alpha2|BZD_SITE_102|HIS|pi_stack|frequency,2026091902,0,9,0.0
lorazepam,alpha2,alpha2|BZD_SITE_102|HIS|pi_stack|frequency,2026091903,0,9,0.0
lorazepam,alpha2,alpha2|BZD_SITE_102|HIS|pi_stack|frequency,2026091904,0,9,0.0
lorazepam,alpha2,alpha2|BZD_SITE_102|HIS|pi_stack|frequency,2026091905,0,9,0.0
lorazepam,alpha2,alpha2|BZD_SITE_102|HIS|pi_stack|P_frequency,2026091901,0,9,0.0
lorazepam,alpha2,alpha2|BZD_SITE_102|HIS|pi_stack|P_frequency,2026091902,0,9,0.0
lorazepam,alpha2,alpha2|BZD_SITE_102|HIS|pi_stack|P_frequency,2026091903,0,9,0.0
lorazepam,alpha2,alpha2|BZD_SITE_102|HIS|pi_stack|P_frequency,2026091904,0,9,0.0
lorazepam,alpha2,alpha2|BZD_SITE_102|HIS|pi_stack|P_frequency,2026091905,0,9,0.0
lorazepam,alpha2,alpha2|BZD_SITE_102|HIS|pi_stack|T_frequency,2026091901,0,9,0.0
lorazepam,alpha2,alpha2|BZD_SITE_102|HIS|pi_stack|T_frequency,2026091902,0,9,0.0
lorazepam,alpha2,alpha2|BZD_SITE_102|HIS|pi_stack|T_frequency,2026091903,0,9,0.0
lorazepam,alpha2,alpha2|BZD_SITE_102|HIS|pi_stack|T_frequency,2026091904,0,9,0.0
lorazepam,alpha2,alpha2|BZD_SITE_102|HIS|pi_stack|T_frequency,2026091905,0,9,0.0
clonazepam,alpha2,alpha2|BZD_SITE_102|HIS|pi_stack|frequency,2026091901,0,9,0.0
clonazepam,alpha2,alpha2|BZD_SITE_102|HIS|pi_stack|frequency,2026091902,0,9,0.0
clonazepam,alpha2,alpha2|BZD_SITE_102|HIS|pi_stack|frequency,2026091903,0,9,0.0
clonazepam,alpha2,alpha2|BZD_SITE_102|HIS|pi_stack|frequency,2026091904,1,9,0.1111111111111111
clonazepam,alpha2,alpha2|BZD_SITE_102|HIS|pi_stack|frequency,2026091905,0,9,0.0
clonazepam,alpha2,alpha2|BZD_SITE_102|HIS|pi_stack|P_frequency,2026091901,0,9,0.0
clonazepam,alpha2,alpha2|BZD_SITE_102|HIS|pi_stack|P_frequency,2026091902,0,9,0.0
clonazepam,alpha2,alpha2|BZD_SITE_102|HIS|pi_stack|P_frequency,2026091903,0,9,0.0
clonazepam,alpha2,alpha2|BZD_SITE_102|HIS|pi_stack|P_frequency,2026091904,0,9,0.0
clonazepam,alpha2,alpha2|BZD_SITE_102|HIS|pi_stack|P_frequency,2026091905,0,9,0.0
clonazepam,alpha2,alpha2|BZD_SITE_102|HIS|pi_stack|T_frequency,2026091901,0,9,0.0
clonazepam,alpha2,alpha2|BZD_SITE_102|HIS|pi_stack|T_frequency,2026091902,0,9,0.0
clonazepam,alpha2,alpha2|BZD_SITE_102|HIS|pi_stack|T_frequency,2026091903,0,9,0.0
clonazepam,alpha2,alpha2|BZD_SITE_102|HIS|pi_stack|T_frequency,2026091904,1,9,0.1111111111111111
clonazepam,alpha2,alpha2|BZD_SITE_102|HIS|pi_stack|T_frequency,2026091905,0,9,0.0
midazolam,alpha2,alpha2|BZD_SITE_102|HIS|pi_stack|frequency,2026091901,0,9,0.0
midazolam,alpha2,alpha2|BZD_SITE_102|HIS|pi_stack|frequency,2026091902,0,9,0.0
midazolam,alpha2,alpha2|BZD_SITE_102|HIS|pi_stack|frequency,2026091903,0,9,0.0
midazolam,alpha2,alpha2|BZD_SITE_102|HIS|pi_stack|frequency,2026091904,0,9,0.0
midazolam,alpha2,alpha2|BZD_SITE_102|HIS|pi_stack|frequency,2026091905,0,9,0.0
midazolam,alpha2,alpha2|BZD_SITE_102|HIS|pi_stack|P_frequency,2026091901,0,9,0.0
midazolam,alpha2,alpha2|BZD_SITE_102|HIS|pi_stack|P_frequency,2026091902,0,9,0.0
midazolam,alpha2,alpha2|BZD_SITE_102|HIS|pi_stack|P_frequency,2026091903,0,9,0.0
midazolam,alpha2,alpha2|BZD_SITE_102|HIS|pi_stack|P_frequency,2026091904,0,9,0.0
midazolam,alpha2,alpha2|BZD_SITE_102|HIS|pi_stack|P_frequency,2026091905,0,9,0.0
midazolam,alpha2,alpha2|BZD_SITE_102|HIS|pi_stack|T_frequency,2026091901,0,9,0.0
midazolam,alpha2,alpha2|BZD_SITE_102|HIS|pi_stack|T_frequency,2026091902,0,9,0.0
midazolam,alpha2,alpha2|BZD_SITE_102|HIS|pi_stack|T_frequency,2026091903,0,9,0.0
midazolam,alpha2,alpha2|BZD_SITE_102|HIS|pi_stack|T_frequency,2026091904,0,9,0.0
midazolam,alpha2,alpha2|BZD_SITE_102|HIS|pi_stack|T_frequency,2026091905,0,9,0.0
temazepam,alpha2,alpha2|BZD_SITE_102|HIS|pi_stack|frequency,2026091901,1,9,0.1111111111111111
temazepam,alpha2,alpha2|BZD_SITE_102|HIS|pi_stack|frequency,2026091902,0,9,0.0
temazepam,alpha2,alpha2|BZD_SITE_102|HIS|pi_stack|frequency,2026091903,0,9,0.0
temazepam,alpha2,alpha2|BZD_SITE_102|HIS|pi_stack|frequency,2026091904,0,9,0.0
temazepam,alpha2,alpha2|BZD_SITE_102|HIS|pi_stack|frequency,2026091905,0,9,0.0
temazepam,alpha2,alpha2|BZD_SITE_102|HIS|pi_stack|P_frequency,2026091901,0,9,0.0
temazepam,alpha2,alpha2|BZD_SITE_102|HIS|pi_stack|P_frequency,2026091902,0,9,0.0
temazepam,alpha2,alpha2|BZD_SITE_102|HIS|pi_stack|P_frequency,2026091903,0,9,0.0
temazepam,alpha2,alpha2|BZD_SITE_102|HIS|pi_stack|P_frequency,2026091904,0,9,0.0
temazepam,alpha2,alpha2|BZD_SITE_102|HIS|pi_stack|P_frequency,2026091905,0,9,0.0
temazepam,alpha2,alpha2|BZD_SITE_102|HIS|pi_stack|T_frequency,2026091901,1,9,0.1111111111111111
temazepam,alpha2,alpha2|BZD_SITE_102|HIS|pi_stack|T_frequency,2026091902,0,9,0.0
temazepam,alpha2,alpha2|BZD_SITE_102|HIS|pi_stack|T_frequency,2026091903,0,9,0.0
temazepam,alpha2,alpha2|BZD_SITE_102|HIS|pi_stack|T_frequency,2026091904,0,9,0.0
temazepam,alpha2,alpha2|BZD_SITE_102|HIS|pi_stack|T_frequency,2026091905,0,9,0.0
zopiclone,alpha2,alpha2|BZD_SITE_102|HIS|pi_stack|frequency,2026091901,0,9,0.0
zopiclone,alpha2,alpha2|BZD_SITE_102|HIS|pi_stack|frequency,2026091902,0,9,0.0
zopiclone,alpha2,alpha2|BZD_SITE_102|HIS|pi_stack|frequency,2026091903,0,9,0.0
zopiclone,alpha2,alpha2|BZD_SITE_102|HIS|pi_stack|frequency,2026091904,0,9,0.0
zopiclone,alpha2,alpha2|BZD_SITE_102|HIS|pi_stack|frequency,2026091905,0,9,0.0
zopiclone,alpha2,alpha2|BZD_SITE_102|HIS|pi_stack|P_frequency,2026091901,0,9,0.0
zopiclone,alpha2,alpha2|BZD_SITE_102|HIS|pi_stack|P_frequency,2026091902,0,9,0.0
zopiclone,alpha2,alpha2|BZD_SITE_102|HIS|pi_stack|P_frequency,2026091903,0,9,0.0
zopiclone,alpha2,alpha2|BZD_SITE_102|HIS|pi_stack|P_frequency,2026091904,0,9,0.0
zopiclone,alpha2,alpha2|BZD_SITE_102|HIS|pi_stack|P_frequency,2026091905,0,9,0.0
zopiclone,alpha2,alpha2|BZD_SITE_102|HIS|pi_stack|T_frequency,2026091901,0,9,0.0
zopiclone,alpha2,alpha2|BZD_SITE_102|HIS|pi_stack|T_frequency,2026091902,0,9,0.0
zopiclone,alpha2,alpha2|BZD_SITE_102|HIS|pi_stack|T_frequency,2026091903,0,9,0.0
zopiclone,alpha2,alpha2|BZD_SITE_102|HIS|pi_stack|T_frequency,2026091904,0,9,0.0
zopiclone,alpha2,alpha2|BZD_SITE_102|HIS|pi_stack|T_frequency,2026091905,0,9,0.0
zaleplon,alpha2,alpha2|BZD_SITE_102|HIS|pi_stack|frequency,2026091901,4,9,0.4444444444444444
zaleplon,alpha2,alpha2|BZD_SITE_102|HIS|pi_stack|frequency,2026091902,1,9,0.1111111111111111
zaleplon,alpha2,alpha2|BZD_SITE_102|HIS|pi_stack|frequency,2026091903,2,9,0.2222222222222222
zaleplon,alpha2,alpha2|BZD_SITE_102|HIS|pi_stack|frequency,2026091904,1,9,0.1111111111111111
zaleplon,alpha2,alpha2|BZD_SITE_102|HIS|pi_stack|frequency,2026091905,1,9,0.1111111111111111
zaleplon,alpha2,alpha2|BZD_SITE_102|HIS|pi_stack|P_frequency,2026091901,0,9,0.0
zaleplon,alpha2,alpha2|BZD_SITE_102|HIS|pi_stack|P_frequency,2026091902,0,9,0.0
zaleplon,alpha2,alpha2|BZD_SITE_102|HIS|pi_stack|P_frequency,2026091903,0,9,0.0
zaleplon,alpha2,alpha2|BZD_SITE_102|HIS|pi_stack|P_frequency,2026091904,0,9,0.0
zaleplon,alpha2,alpha2|BZD_SITE_102|HIS|pi_stack|P_frequency,2026091905,0,9,0.0
zaleplon,alpha2,alpha2|BZD_SITE_102|HIS|pi_stack|T_frequency,2026091901,4,9,0.4444444444444444
zaleplon,alpha2,alpha2|BZD_SITE_102|HIS|pi_stack|T_frequency,2026091902,1,9,0.1111111111111111
zaleplon,alpha2,alpha2|BZD_SITE_102|HIS|pi_stack|T_frequency,2026091903,2,9,0.2222222222222222
zaleplon,alpha2,alpha2|BZD_SITE_102|HIS|pi_stack|T_frequency,2026091904,1,9,0.1111111111111111
zaleplon,alpha2,alpha2|BZD_SITE_102|HIS|pi_stack|T_frequency,2026091905,1,9,0.1111111111111111
diazepam,alpha2,alpha2|BZD_SITE_103|ASN|halogen_bond|frequency,2026091901,0,9,0.0
diazepam,alpha2,alpha2|BZD_SITE_103|ASN|halogen_bond|frequency,2026091902,0,9,0.0
diazepam,alpha2,alpha2|BZD_SITE_103|ASN|halogen_bond|frequency,2026091903,0,9,0.0
diazepam,alpha2,alpha2|BZD_SITE_103|ASN|halogen_bond|frequency,2026091904,0,9,0.0
diazepam,alpha2,alpha2|BZD_SITE_103|ASN|halogen_bond|frequency,2026091905,0,9,0.0
alprazolam,alpha2,alpha2|BZD_SITE_103|ASN|halogen_bond|frequency,2026091901,0,9,0.0
alprazolam,alpha2,alpha2|BZD_SITE_103|ASN|halogen_bond|frequency,2026091902,0,9,0.0
alprazolam,alpha2,alpha2|BZD_SITE_103|ASN|halogen_bond|frequency,2026091903,0,9,0.0
alprazolam,alpha2,alpha2|BZD_SITE_103|ASN|halogen_bond|frequency,2026091904,0,9,0.0
alprazolam,alpha2,alpha2|BZD_SITE_103|ASN|halogen_bond|frequency,2026091905,0,9,0.0
triazolam,alpha2,alpha2|BZD_SITE_103|ASN|halogen_bond|frequency,2026091901,0,9,0.0
triazolam,alpha2,alpha2|BZD_SITE_103|ASN|halogen_bond|frequency,2026091902,0,9,0.0
triazolam,alpha2,alpha2|BZD_SITE_103|ASN|halogen_bond|frequency,2026091903,0,9,0.0
triazolam,alpha2,alpha2|BZD_SITE_103|ASN|halogen_bond|frequency,2026091904,0,9,0.0
triazolam,alpha2,alpha2|BZD_SITE_103|ASN|halogen_bond|frequency,2026091905,1,9,0.1111111111111111
zolpidem,alpha2,alpha2|BZD_SITE_103|ASN|halogen_bond|frequency,2026091901,0,9,0.0
zolpidem,alpha2,alpha2|BZD_SITE_103|ASN|halogen_bond|frequency,2026091902,0,9,0.0
zolpidem,alpha2,alpha2|BZD_SITE_103|ASN|halogen_bond|frequency,2026091903,0,9,0.0
zolpidem,alpha2,alpha2|BZD_SITE_103|ASN|halogen_bond|frequency,2026091904,0,9,0.0
zolpidem,alpha2,alpha2|BZD_SITE_103|ASN|halogen_bond|frequency,2026091905,0,9,0.0
lorazepam,alpha2,alpha2|BZD_SITE_103|ASN|halogen_bond|frequency,2026091901,0,9,0.0
lorazepam,alpha2,alpha2|BZD_SITE_103|ASN|halogen_bond|frequency,2026091902,0,9,0.0
lorazepam,alpha2,alpha2|BZD_SITE_103|ASN|halogen_bond|frequency,2026091903,0,9,0.0
lorazepam,alpha2,alpha2|BZD_SITE_103|ASN|halogen_bond|frequency,2026091904,1,9,0.1111111111111111
lorazepam,alpha2,alpha2|BZD_SITE_103|ASN|halogen_bond|frequency,2026091905,0,9,0.0
clonazepam,alpha2,alpha2|BZD_SITE_103|ASN|halogen_bond|frequency,2026091901,0,9,0.0
clonazepam,alpha2,alpha2|BZD_SITE_103|ASN|halogen_bond|frequency,2026091902,0,9,0.0
clonazepam,alpha2,alpha2|BZD_SITE_103|ASN|halogen_bond|frequency,2026091903,0,9,0.0
clonazepam,alpha2,alpha2|BZD_SITE_103|ASN|halogen_bond|frequency,2026091904,0,9,0.0
clonazepam,alpha2,alpha2|BZD_SITE_103|ASN|halogen_bond|frequency,2026091905,0,9,0.0
midazolam,alpha2,alpha2|BZD_SITE_103|ASN|halogen_bond|frequency,2026091901,0,9,0.0
midazolam,alpha2,alpha2|BZD_SITE_103|ASN|halogen_bond|frequency,2026091902,0,9,0.0
midazolam,alpha2,alpha2|BZD_SITE_103|ASN|halogen_bond|frequency,2026091903,0,9,0.0
midazolam,alpha2,alpha2|BZD_SITE_103|ASN|halogen_bond|frequency,2026091904,0,9,0.0
midazolam,alpha2,alpha2|BZD_SITE_103|ASN|halogen_bond|frequency,2026091905,0,9,0.0
temazepam,alpha2,alpha2|BZD_SITE_103|ASN|halogen_bond|frequency,2026091901,0,9,0.0
temazepam,alpha2,alpha2|BZD_SITE_103|ASN|halogen_bond|frequency,2026091902,0,9,0.0
temazepam,alpha2,alpha2|BZD_SITE_103|ASN|halogen_bond|frequency,2026091903,0,9,0.0
temazepam,alpha2,alpha2|BZD_SITE_103|ASN|halogen_bond|frequency,2026091904,0,9,0.0
temazepam,alpha2,alpha2|BZD_SITE_103|ASN|halogen_bond|frequency,2026091905,0,9,0.0
zopiclone,alpha2,alpha2|BZD_SITE_103|ASN|halogen_bond|frequency,2026091901,0,9,0.0
zopiclone,alpha2,alpha2|BZD_SITE_103|ASN|halogen_bond|frequency,2026091902,0,9,0.0
zopiclone,alpha2,alpha2|BZD_SITE_103|ASN|halogen_bond|frequency,2026091903,0,9,0.0
zopiclone,alpha2,alpha2|BZD_SITE_103|ASN|halogen_bond|frequency,2026091904,0,9,0.0
zopiclone,alpha2,alpha2|BZD_SITE_103|ASN|halogen_bond|frequency,2026091905,0,9,0.0
zaleplon,alpha2,alpha2|BZD_SITE_103|ASN|halogen_bond|frequency,2026091901,0,9,0.0
zaleplon,alpha2,alpha2|BZD_SITE_103|ASN|halogen_bond|frequency,2026091902,0,9,0.0
zaleplon,alpha2,alpha2|BZD_SITE_103|ASN|halogen_bond|frequency,2026091903,0,9,0.0
zaleplon,alpha2,alpha2|BZD_SITE_103|ASN|halogen_bond|frequency,2026091904,0,9,0.0
zaleplon,alpha2,alpha2|BZD_SITE_103|ASN|halogen_bond|frequency,2026091905,0,9,0.0
diazepam,alpha2,alpha2|BZD_SITE_103|ASN|hydrophobic_interaction|frequency,2026091901,1,9,0.1111111111111111
diazepam,alpha2,alpha2|BZD_SITE_103|ASN|hydrophobic_interaction|frequency,2026091902,1,9,0.1111111111111111
diazepam,alpha2,alpha2|BZD_SITE_103|ASN|hydrophobic_interaction|frequency,2026091903,2,9,0.2222222222222222
diazepam,alpha2,alpha2|BZD_SITE_103|ASN|hydrophobic_interaction|frequency,2026091904,1,9,0.1111111111111111
diazepam,alpha2,alpha2|BZD_SITE_103|ASN|hydrophobic_interaction|frequency,2026091905,1,9,0.1111111111111111
alprazolam,alpha2,alpha2|BZD_SITE_103|ASN|hydrophobic_interaction|frequency,2026091901,3,9,0.3333333333333333
alprazolam,alpha2,alpha2|BZD_SITE_103|ASN|hydrophobic_interaction|frequency,2026091902,1,9,0.1111111111111111
alprazolam,alpha2,alpha2|BZD_SITE_103|ASN|hydrophobic_interaction|frequency,2026091903,2,9,0.2222222222222222
alprazolam,alpha2,alpha2|BZD_SITE_103|ASN|hydrophobic_interaction|frequency,2026091904,2,9,0.2222222222222222
alprazolam,alpha2,alpha2|BZD_SITE_103|ASN|hydrophobic_interaction|frequency,2026091905,2,9,0.2222222222222222
triazolam,alpha2,alpha2|BZD_SITE_103|ASN|hydrophobic_interaction|frequency,2026091901,4,9,0.4444444444444444
triazolam,alpha2,alpha2|BZD_SITE_103|ASN|hydrophobic_interaction|frequency,2026091902,3,9,0.3333333333333333
triazolam,alpha2,alpha2|BZD_SITE_103|ASN|hydrophobic_interaction|frequency,2026091903,4,9,0.4444444444444444
triazolam,alpha2,alpha2|BZD_SITE_103|ASN|hydrophobic_interaction|frequency,2026091904,2,9,0.2222222222222222
triazolam,alpha2,alpha2|BZD_SITE_103|ASN|hydrophobic_interaction|frequency,2026091905,2,9,0.2222222222222222
zolpidem,alpha2,alpha2|BZD_SITE_103|ASN|hydrophobic_interaction|frequency,2026091901,0,9,0.0
zolpidem,alpha2,alpha2|BZD_SITE_103|ASN|hydrophobic_interaction|frequency,2026091902,0,9,0.0
zolpidem,alpha2,alpha2|BZD_SITE_103|ASN|hydrophobic_interaction|frequency,2026091903,3,9,0.3333333333333333
zolpidem,alpha2,alpha2|BZD_SITE_103|ASN|hydrophobic_interaction|frequency,2026091904,1,9,0.1111111111111111
zolpidem,alpha2,alpha2|BZD_SITE_103|ASN|hydrophobic_interaction|frequency,2026091905,2,9,0.2222222222222222
lorazepam,alpha2,alpha2|BZD_SITE_103|ASN|hydrophobic_interaction|frequency,2026091901,3,9,0.3333333333333333
lorazepam,alpha2,alpha2|BZD_SITE_103|ASN|hydrophobic_interaction|frequency,2026091902,3,9,0.3333333333333333
lorazepam,alpha2,alpha2|BZD_SITE_103|ASN|hydrophobic_interaction|frequency,2026091903,4,9,0.4444444444444444
lorazepam,alpha2,alpha2|BZD_SITE_103|ASN|hydrophobic_interaction|frequency,2026091904,1,9,0.1111111111111111
lorazepam,alpha2,alpha2|BZD_SITE_103|ASN|hydrophobic_interaction|frequency,2026091905,3,9,0.3333333333333333
clonazepam,alpha2,alpha2|BZD_SITE_103|ASN|hydrophobic_interaction|frequency,2026091901,1,9,0.1111111111111111
clonazepam,alpha2,alpha2|BZD_SITE_103|ASN|hydrophobic_interaction|frequency,2026091902,3,9,0.3333333333333333
clonazepam,alpha2,alpha2|BZD_SITE_103|ASN|hydrophobic_interaction|frequency,2026091903,3,9,0.3333333333333333
clonazepam,alpha2,alpha2|BZD_SITE_103|ASN|hydrophobic_interaction|frequency,2026091904,4,9,0.4444444444444444
clonazepam,alpha2,alpha2|BZD_SITE_103|ASN|hydrophobic_interaction|frequency,2026091905,2,9,0.2222222222222222
midazolam,alpha2,alpha2|BZD_SITE_103|ASN|hydrophobic_interaction|frequency,2026091901,5,9,0.5555555555555556
midazolam,alpha2,alpha2|BZD_SITE_103|ASN|hydrophobic_interaction|frequency,2026091902,3,9,0.3333333333333333
midazolam,alpha2,alpha2|BZD_SITE_103|ASN|hydrophobic_interaction|frequency,2026091903,6,9,0.6666666666666666
midazolam,alpha2,alpha2|BZD_SITE_103|ASN|hydrophobic_interaction|frequency,2026091904,5,9,0.5555555555555556
midazolam,alpha2,alpha2|BZD_SITE_103|ASN|hydrophobic_interaction|frequency,2026091905,4,9,0.4444444444444444
temazepam,alpha2,alpha2|BZD_SITE_103|ASN|hydrophobic_interaction|frequency,2026091901,2,9,0.2222222222222222
temazepam,alpha2,alpha2|BZD_SITE_103|ASN|hydrophobic_interaction|frequency,2026091902,4,9,0.4444444444444444
temazepam,alpha2,alpha2|BZD_SITE_103|ASN|hydrophobic_interaction|frequency,2026091903,3,9,0.3333333333333333
temazepam,alpha2,alpha2|BZD_SITE_103|ASN|hydrophobic_interaction|frequency,2026091904,3,9,0.3333333333333333
temazepam,alpha2,alpha2|BZD_SITE_103|ASN|hydrophobic_interaction|frequency,2026091905,3,9,0.3333333333333333
zopiclone,alpha2,alpha2|BZD_SITE_103|ASN|hydrophobic_interaction|frequency,2026091901,0,9,0.0
zopiclone,alpha2,alpha2|BZD_SITE_103|ASN|hydrophobic_interaction|frequency,2026091902,0,9,0.0
zopiclone,alpha2,alpha2|BZD_SITE_103|ASN|hydrophobic_interaction|frequency,2026091903,0,9,0.0
zopiclone,alpha2,alpha2|BZD_SITE_103|ASN|hydrophobic_interaction|frequency,2026091904,0,9,0.0
zopiclone,alpha2,alpha2|BZD_SITE_103|ASN|hydrophobic_interaction|frequency,2026091905,0,9,0.0
zaleplon,alpha2,alpha2|BZD_SITE_103|ASN|hydrophobic_interaction|frequency,2026091901,0,9,0.0
zaleplon,alpha2,alpha2|BZD_SITE_103|ASN|hydrophobic_interaction|frequency,2026091902,1,9,0.1111111111111111
zaleplon,alpha2,alpha2|BZD_SITE_103|ASN|hydrophobic_interaction|frequency,2026091903,1,9,0.1111111111111111
zaleplon,alpha2,alpha2|BZD_SITE_103|ASN|hydrophobic_interaction|frequency,2026091904,2,9,0.2222222222222222
zaleplon,alpha2,alpha2|BZD_SITE_103|ASN|hydrophobic_interaction|frequency,2026091905,1,9,0.1111111111111111
diazepam,alpha2,alpha2|BZD_SITE_138|GLU|hydrogen_bond|frequency,2026091901,0,9,0.0
diazepam,alpha2,alpha2|BZD_SITE_138|GLU|hydrogen_bond|frequency,2026091902,0,9,0.0
diazepam,alpha2,alpha2|BZD_SITE_138|GLU|hydrogen_bond|frequency,2026091903,0,9,0.0
diazepam,alpha2,alpha2|BZD_SITE_138|GLU|hydrogen_bond|frequency,2026091904,0,9,0.0
diazepam,alpha2,alpha2|BZD_SITE_138|GLU|hydrogen_bond|frequency,2026091905,0,9,0.0
alprazolam,alpha2,alpha2|BZD_SITE_138|GLU|hydrogen_bond|frequency,2026091901,0,9,0.0
alprazolam,alpha2,alpha2|BZD_SITE_138|GLU|hydrogen_bond|frequency,2026091902,0,9,0.0
alprazolam,alpha2,alpha2|BZD_SITE_138|GLU|hydrogen_bond|frequency,2026091903,0,9,0.0
alprazolam,alpha2,alpha2|BZD_SITE_138|GLU|hydrogen_bond|frequency,2026091904,0,9,0.0
alprazolam,alpha2,alpha2|BZD_SITE_138|GLU|hydrogen_bond|frequency,2026091905,0,9,0.0
triazolam,alpha2,alpha2|BZD_SITE_138|GLU|hydrogen_bond|frequency,2026091901,0,9,0.0
triazolam,alpha2,alpha2|BZD_SITE_138|GLU|hydrogen_bond|frequency,2026091902,0,9,0.0
triazolam,alpha2,alpha2|BZD_SITE_138|GLU|hydrogen_bond|frequency,2026091903,0,9,0.0
triazolam,alpha2,alpha2|BZD_SITE_138|GLU|hydrogen_bond|frequency,2026091904,0,9,0.0
triazolam,alpha2,alpha2|BZD_SITE_138|GLU|hydrogen_bond|frequency,2026091905,0,9,0.0
zolpidem,alpha2,alpha2|BZD_SITE_138|GLU|hydrogen_bond|frequency,2026091901,0,9,0.0
zolpidem,alpha2,alpha2|BZD_SITE_138|GLU|hydrogen_bond|frequency,2026091902,0,9,0.0
zolpidem,alpha2,alpha2|BZD_SITE_138|GLU|hydrogen_bond|frequency,2026091903,0,9,0.0
zolpidem,alpha2,alpha2|BZD_SITE_138|GLU|hydrogen_bond|frequency,2026091904,0,9,0.0
zolpidem,alpha2,alpha2|BZD_SITE_138|GLU|hydrogen_bond|frequency,2026091905,0,9,0.0
lorazepam,alpha2,alpha2|BZD_SITE_138|GLU|hydrogen_bond|frequency,2026091901,0,9,0.0
lorazepam,alpha2,alpha2|BZD_SITE_138|GLU|hydrogen_bond|frequency,2026091902,1,9,0.1111111111111111
lorazepam,alpha2,alpha2|BZD_SITE_138|GLU|hydrogen_bond|frequency,2026091903,1,9,0.1111111111111111
lorazepam,alpha2,alpha2|BZD_SITE_138|GLU|hydrogen_bond|frequency,2026091904,0,9,0.0
lorazepam,alpha2,alpha2|BZD_SITE_138|GLU|hydrogen_bond|frequency,2026091905,0,9,0.0
clonazepam,alpha2,alpha2|BZD_SITE_138|GLU|hydrogen_bond|frequency,2026091901,1,9,0.1111111111111111
clonazepam,alpha2,alpha2|BZD_SITE_138|GLU|hydrogen_bond|frequency,2026091902,1,9,0.1111111111111111
clonazepam,alpha2,alpha2|BZD_SITE_138|GLU|hydrogen_bond|frequency,2026091903,0,9,0.0
clonazepam,alpha2,alpha2|BZD_SITE_138|GLU|hydrogen_bond|frequency,2026091904,1,9,0.1111111111111111
clonazepam,alpha2,alpha2|BZD_SITE_138|GLU|hydrogen_bond|frequency,2026091905,2,9,0.2222222222222222
midazolam,alpha2,alpha2|BZD_SITE_138|GLU|hydrogen_bond|frequency,2026091901,0,9,0.0
midazolam,alpha2,alpha2|BZD_SITE_138|GLU|hydrogen_bond|frequency,2026091902,0,9,0.0
midazolam,alpha2,alpha2|BZD_SITE_138|GLU|hydrogen_bond|frequency,2026091903,0,9,0.0
midazolam,alpha2,alpha2|BZD_SITE_138|GLU|hydrogen_bond|frequency,2026091904,0,9,0.0
midazolam,alpha2,alpha2|BZD_SITE_138|GLU|hydrogen_bond|frequency,2026091905,0,9,0.0
temazepam,alpha2,alpha2|BZD_SITE_138|GLU|hydrogen_bond|frequency,2026091901,0,9,0.0
temazepam,alpha2,alpha2|BZD_SITE_138|GLU|hydrogen_bond|frequency,2026091902,1,9,0.1111111111111111
temazepam,alpha2,alpha2|BZD_SITE_138|GLU|hydrogen_bond|frequency,2026091903,0,9,0.0
temazepam,alpha2,alpha2|BZD_SITE_138|GLU|hydrogen_bond|frequency,2026091904,1,9,0.1111111111111111
temazepam,alpha2,alpha2|BZD_SITE_138|GLU|hydrogen_bond|frequency,2026091905,0,9,0.0
zopiclone,alpha2,alpha2|BZD_SITE_138|GLU|hydrogen_bond|frequency,2026091901,0,9,0.0
zopiclone,alpha2,alpha2|BZD_SITE_138|GLU|hydrogen_bond|frequency,2026091902,0,9,0.0
zopiclone,alpha2,alpha2|BZD_SITE_138|GLU|hydrogen_bond|frequency,2026091903,0,9,0.0
zopiclone,alpha2,alpha2|BZD_SITE_138|GLU|hydrogen_bond|frequency,2026091904,0,9,0.0
zopiclone,alpha2,alpha2|BZD_SITE_138|GLU|hydrogen_bond|frequency,2026091905,0,9,0.0
zaleplon,alpha2,alpha2|BZD_SITE_138|GLU|hydrogen_bond|frequency,2026091901,0,9,0.0
zaleplon,alpha2,alpha2|BZD_SITE_138|GLU|hydrogen_bond|frequency,2026091902,0,9,0.0
zaleplon,alpha2,alpha2|BZD_SITE_138|GLU|hydrogen_bond|frequency,2026091903,0,9,0.0
zaleplon,alpha2,alpha2|BZD_SITE_138|GLU|hydrogen_bond|frequency,2026091904,0,9,0.0
zaleplon,alpha2,alpha2|BZD_SITE_138|GLU|hydrogen_bond|frequency,2026091905,0,9,0.0
diazepam,alpha2,alpha2|BZD_SITE_138|GLU|salt_bridge|frequency,2026091901,0,9,0.0
diazepam,alpha2,alpha2|BZD_SITE_138|GLU|salt_bridge|frequency,2026091902,0,9,0.0
diazepam,alpha2,alpha2|BZD_SITE_138|GLU|salt_bridge|frequency,2026091903,0,9,0.0
diazepam,alpha2,alpha2|BZD_SITE_138|GLU|salt_bridge|frequency,2026091904,0,9,0.0
diazepam,alpha2,alpha2|BZD_SITE_138|GLU|salt_bridge|frequency,2026091905,0,9,0.0
alprazolam,alpha2,alpha2|BZD_SITE_138|GLU|salt_bridge|frequency,2026091901,0,9,0.0
alprazolam,alpha2,alpha2|BZD_SITE_138|GLU|salt_bridge|frequency,2026091902,0,9,0.0
alprazolam,alpha2,alpha2|BZD_SITE_138|GLU|salt_bridge|frequency,2026091903,0,9,0.0
alprazolam,alpha2,alpha2|BZD_SITE_138|GLU|salt_bridge|frequency,2026091904,0,9,0.0
alprazolam,alpha2,alpha2|BZD_SITE_138|GLU|salt_bridge|frequency,2026091905,0,9,0.0
triazolam,alpha2,alpha2|BZD_SITE_138|GLU|salt_bridge|frequency,2026091901,0,9,0.0
triazolam,alpha2,alpha2|BZD_SITE_138|GLU|salt_bridge|frequency,2026091902,0,9,0.0
triazolam,alpha2,alpha2|BZD_SITE_138|GLU|salt_bridge|frequency,2026091903,0,9,0.0
triazolam,alpha2,alpha2|BZD_SITE_138|GLU|salt_bridge|frequency,2026091904,0,9,0.0
triazolam,alpha2,alpha2|BZD_SITE_138|GLU|salt_bridge|frequency,2026091905,0,9,0.0
zolpidem,alpha2,alpha2|BZD_SITE_138|GLU|salt_bridge|frequency,2026091901,0,9,0.0
zolpidem,alpha2,alpha2|BZD_SITE_138|GLU|salt_bridge|frequency,2026091902,0,9,0.0
zolpidem,alpha2,alpha2|BZD_SITE_138|GLU|salt_bridge|frequency,2026091903,0,9,0.0
zolpidem,alpha2,alpha2|BZD_SITE_138|GLU|salt_bridge|frequency,2026091904,0,9,0.0
zolpidem,alpha2,alpha2|BZD_SITE_138|GLU|salt_bridge|frequency,2026091905,0,9,0.0
lorazepam,alpha2,alpha2|BZD_SITE_138|GLU|salt_bridge|frequency,2026091901,0,9,0.0
lorazepam,alpha2,alpha2|BZD_SITE_138|GLU|salt_bridge|frequency,2026091902,0,9,0.0
lorazepam,alpha2,alpha2|BZD_SITE_138|GLU|salt_bridge|frequency,2026091903,0,9,0.0
lorazepam,alpha2,alpha2|BZD_SITE_138|GLU|salt_bridge|frequency,2026091904,0,9,0.0
lorazepam,alpha2,alpha2|BZD_SITE_138|GLU|salt_bridge|frequency,2026091905,0,9,0.0
clonazepam,alpha2,alpha2|BZD_SITE_138|GLU|salt_bridge|frequency,2026091901,0,9,0.0
clonazepam,alpha2,alpha2|BZD_SITE_138|GLU|salt_bridge|frequency,2026091902,0,9,0.0
clonazepam,alpha2,alpha2|BZD_SITE_138|GLU|salt_bridge|frequency,2026091903,0,9,0.0
clonazepam,alpha2,alpha2|BZD_SITE_138|GLU|salt_bridge|frequency,2026091904,0,9,0.0
clonazepam,alpha2,alpha2|BZD_SITE_138|GLU|salt_bridge|frequency,2026091905,0,9,0.0
midazolam,alpha2,alpha2|BZD_SITE_138|GLU|salt_bridge|frequency,2026091901,0,9,0.0
midazolam,alpha2,alpha2|BZD_SITE_138|GLU|salt_bridge|frequency,2026091902,0,9,0.0
midazolam,alpha2,alpha2|BZD_SITE_138|GLU|salt_bridge|frequency,2026091903,0,9,0.0
midazolam,alpha2,alpha2|BZD_SITE_138|GLU|salt_bridge|frequency,2026091904,0,9,0.0
midazolam,alpha2,alpha2|BZD_SITE_138|GLU|salt_bridge|frequency,2026091905,0,9,0.0
temazepam,alpha2,alpha2|BZD_SITE_138|GLU|salt_bridge|frequency,2026091901,0,9,0.0
temazepam,alpha2,alpha2|BZD_SITE_138|GLU|salt_bridge|frequency,2026091902,0,9,0.0
temazepam,alpha2,alpha2|BZD_SITE_138|GLU|salt_bridge|frequency,2026091903,0,9,0.0
temazepam,alpha2,alpha2|BZD_SITE_138|GLU|salt_bridge|frequency,2026091904,0,9,0.0
temazepam,alpha2,alpha2|BZD_SITE_138|GLU|salt_bridge|frequency,2026091905,0,9,0.0
zopiclone,alpha2,alpha2|BZD_SITE_138|GLU|salt_bridge|frequency,2026091901,1,9,0.1111111111111111
zopiclone,alpha2,alpha2|BZD_SITE_138|GLU|salt_bridge|frequency,2026091902,1,9,0.1111111111111111
zopiclone,alpha2,alpha2|BZD_SITE_138|GLU|salt_bridge|frequency,2026091903,0,9,0.0
zopiclone,alpha2,alpha2|BZD_SITE_138|GLU|salt_bridge|frequency,2026091904,1,9,0.1111111111111111
zopiclone,alpha2,alpha2|BZD_SITE_138|GLU|salt_bridge|frequency,2026091905,1,9,0.1111111111111111
zaleplon,alpha2,alpha2|BZD_SITE_138|GLU|salt_bridge|frequency,2026091901,0,9,0.0
zaleplon,alpha2,alpha2|BZD_SITE_138|GLU|salt_bridge|frequency,2026091902,0,9,0.0
zaleplon,alpha2,alpha2|BZD_SITE_138|GLU|salt_bridge|frequency,2026091903,0,9,0.0
zaleplon,alpha2,alpha2|BZD_SITE_138|GLU|salt_bridge|frequency,2026091904,0,9,0.0
zaleplon,alpha2,alpha2|BZD_SITE_138|GLU|salt_bridge|frequency,2026091905,0,9,0.0
diazepam,alpha2,alpha2|BZD_SITE_154|PRO|hydrophobic_interaction|frequency,2026091901,0,9,0.0
diazepam,alpha2,alpha2|BZD_SITE_154|PRO|hydrophobic_interaction|frequency,2026091902,0,9,0.0
diazepam,alpha2,alpha2|BZD_SITE_154|PRO|hydrophobic_interaction|frequency,2026091903,0,9,0.0
diazepam,alpha2,alpha2|BZD_SITE_154|PRO|hydrophobic_interaction|frequency,2026091904,0,9,0.0
diazepam,alpha2,alpha2|BZD_SITE_154|PRO|hydrophobic_interaction|frequency,2026091905,0,9,0.0
alprazolam,alpha2,alpha2|BZD_SITE_154|PRO|hydrophobic_interaction|frequency,2026091901,1,9,0.1111111111111111
alprazolam,alpha2,alpha2|BZD_SITE_154|PRO|hydrophobic_interaction|frequency,2026091902,1,9,0.1111111111111111
alprazolam,alpha2,alpha2|BZD_SITE_154|PRO|hydrophobic_interaction|frequency,2026091903,1,9,0.1111111111111111
alprazolam,alpha2,alpha2|BZD_SITE_154|PRO|hydrophobic_interaction|frequency,2026091904,1,9,0.1111111111111111
alprazolam,alpha2,alpha2|BZD_SITE_154|PRO|hydrophobic_interaction|frequency,2026091905,2,9,0.2222222222222222
triazolam,alpha2,alpha2|BZD_SITE_154|PRO|hydrophobic_interaction|frequency,2026091901,1,9,0.1111111111111111
triazolam,alpha2,alpha2|BZD_SITE_154|PRO|hydrophobic_interaction|frequency,2026091902,1,9,0.1111111111111111
triazolam,alpha2,alpha2|BZD_SITE_154|PRO|hydrophobic_interaction|frequency,2026091903,1,9,0.1111111111111111
triazolam,alpha2,alpha2|BZD_SITE_154|PRO|hydrophobic_interaction|frequency,2026091904,1,9,0.1111111111111111
triazolam,alpha2,alpha2|BZD_SITE_154|PRO|hydrophobic_interaction|frequency,2026091905,1,9,0.1111111111111111
zolpidem,alpha2,alpha2|BZD_SITE_154|PRO|hydrophobic_interaction|frequency,2026091901,0,9,0.0
zolpidem,alpha2,alpha2|BZD_SITE_154|PRO|hydrophobic_interaction|frequency,2026091902,0,9,0.0
zolpidem,alpha2,alpha2|BZD_SITE_154|PRO|hydrophobic_interaction|frequency,2026091903,0,9,0.0
zolpidem,alpha2,alpha2|BZD_SITE_154|PRO|hydrophobic_interaction|frequency,2026091904,0,9,0.0
zolpidem,alpha2,alpha2|BZD_SITE_154|PRO|hydrophobic_interaction|frequency,2026091905,0,9,0.0
lorazepam,alpha2,alpha2|BZD_SITE_154|PRO|hydrophobic_interaction|frequency,2026091901,0,9,0.0
lorazepam,alpha2,alpha2|BZD_SITE_154|PRO|hydrophobic_interaction|frequency,2026091902,0,9,0.0
lorazepam,alpha2,alpha2|BZD_SITE_154|PRO|hydrophobic_interaction|frequency,2026091903,0,9,0.0
lorazepam,alpha2,alpha2|BZD_SITE_154|PRO|hydrophobic_interaction|frequency,2026091904,0,9,0.0
lorazepam,alpha2,alpha2|BZD_SITE_154|PRO|hydrophobic_interaction|frequency,2026091905,0,9,0.0
clonazepam,alpha2,alpha2|BZD_SITE_154|PRO|hydrophobic_interaction|frequency,2026091901,0,9,0.0
clonazepam,alpha2,alpha2|BZD_SITE_154|PRO|hydrophobic_interaction|frequency,2026091902,0,9,0.0
clonazepam,alpha2,alpha2|BZD_SITE_154|PRO|hydrophobic_interaction|frequency,2026091903,0,9,0.0
clonazepam,alpha2,alpha2|BZD_SITE_154|PRO|hydrophobic_interaction|frequency,2026091904,0,9,0.0
clonazepam,alpha2,alpha2|BZD_SITE_154|PRO|hydrophobic_interaction|frequency,2026091905,0,9,0.0
midazolam,alpha2,alpha2|BZD_SITE_154|PRO|hydrophobic_interaction|frequency,2026091901,1,9,0.1111111111111111
midazolam,alpha2,alpha2|BZD_SITE_154|PRO|hydrophobic_interaction|frequency,2026091902,0,9,0.0
midazolam,alpha2,alpha2|BZD_SITE_154|PRO|hydrophobic_interaction|frequency,2026091903,0,9,0.0
midazolam,alpha2,alpha2|BZD_SITE_154|PRO|hydrophobic_interaction|frequency,2026091904,0,9,0.0
midazolam,alpha2,alpha2|BZD_SITE_154|PRO|hydrophobic_interaction|frequency,2026091905,1,9,0.1111111111111111
temazepam,alpha2,alpha2|BZD_SITE_154|PRO|hydrophobic_interaction|frequency,2026091901,1,9,0.1111111111111111
temazepam,alpha2,alpha2|BZD_SITE_154|PRO|hydrophobic_interaction|frequency,2026091902,2,9,0.2222222222222222
temazepam,alpha2,alpha2|BZD_SITE_154|PRO|hydrophobic_interaction|frequency,2026091903,1,9,0.1111111111111111
temazepam,alpha2,alpha2|BZD_SITE_154|PRO|hydrophobic_interaction|frequency,2026091904,1,9,0.1111111111111111
temazepam,alpha2,alpha2|BZD_SITE_154|PRO|hydrophobic_interaction|frequency,2026091905,1,9,0.1111111111111111
zopiclone,alpha2,alpha2|BZD_SITE_154|PRO|hydrophobic_interaction|frequency,2026091901,0,9,0.0
zopiclone,alpha2,alpha2|BZD_SITE_154|PRO|hydrophobic_interaction|frequency,2026091902,0,9,0.0
zopiclone,alpha2,alpha2|BZD_SITE_154|PRO|hydrophobic_interaction|frequency,2026091903,0,9,0.0
zopiclone,alpha2,alpha2|BZD_SITE_154|PRO|hydrophobic_interaction|frequency,2026091904,0,9,0.0
zopiclone,alpha2,alpha2|BZD_SITE_154|PRO|hydrophobic_interaction|frequency,2026091905,0,9,0.0
zaleplon,alpha2,alpha2|BZD_SITE_154|PRO|hydrophobic_interaction|frequency,2026091901,0,9,0.0
zaleplon,alpha2,alpha2|BZD_SITE_154|PRO|hydrophobic_interaction|frequency,2026091902,0,9,0.0
zaleplon,alpha2,alpha2|BZD_SITE_154|PRO|hydrophobic_interaction|frequency,2026091903,0,9,0.0
zaleplon,alpha2,alpha2|BZD_SITE_154|PRO|hydrophobic_interaction|frequency,2026091904,0,9,0.0
zaleplon,alpha2,alpha2|BZD_SITE_154|PRO|hydrophobic_interaction|frequency,2026091905,0,9,0.0
diazepam,alpha2,alpha2|BZD_SITE_156|LYS|hydrophobic_interaction|frequency,2026091901,1,9,0.1111111111111111
diazepam,alpha2,alpha2|BZD_SITE_156|LYS|hydrophobic_interaction|frequency,2026091902,0,9,0.0
diazepam,alpha2,alpha2|BZD_SITE_156|LYS|hydrophobic_interaction|frequency,2026091903,1,9,0.1111111111111111
diazepam,alpha2,alpha2|BZD_SITE_156|LYS|hydrophobic_interaction|frequency,2026091904,1,9,0.1111111111111111
diazepam,alpha2,alpha2|BZD_SITE_156|LYS|hydrophobic_interaction|frequency,2026091905,0,9,0.0
alprazolam,alpha2,alpha2|BZD_SITE_156|LYS|hydrophobic_interaction|frequency,2026091901,4,9,0.4444444444444444
alprazolam,alpha2,alpha2|BZD_SITE_156|LYS|hydrophobic_interaction|frequency,2026091902,2,9,0.2222222222222222
alprazolam,alpha2,alpha2|BZD_SITE_156|LYS|hydrophobic_interaction|frequency,2026091903,2,9,0.2222222222222222
alprazolam,alpha2,alpha2|BZD_SITE_156|LYS|hydrophobic_interaction|frequency,2026091904,2,9,0.2222222222222222
alprazolam,alpha2,alpha2|BZD_SITE_156|LYS|hydrophobic_interaction|frequency,2026091905,3,9,0.3333333333333333
triazolam,alpha2,alpha2|BZD_SITE_156|LYS|hydrophobic_interaction|frequency,2026091901,2,9,0.2222222222222222
triazolam,alpha2,alpha2|BZD_SITE_156|LYS|hydrophobic_interaction|frequency,2026091902,4,9,0.4444444444444444
triazolam,alpha2,alpha2|BZD_SITE_156|LYS|hydrophobic_interaction|frequency,2026091903,3,9,0.3333333333333333
triazolam,alpha2,alpha2|BZD_SITE_156|LYS|hydrophobic_interaction|frequency,2026091904,2,9,0.2222222222222222
triazolam,alpha2,alpha2|BZD_SITE_156|LYS|hydrophobic_interaction|frequency,2026091905,3,9,0.3333333333333333
zolpidem,alpha2,alpha2|BZD_SITE_156|LYS|hydrophobic_interaction|frequency,2026091901,0,9,0.0
zolpidem,alpha2,alpha2|BZD_SITE_156|LYS|hydrophobic_interaction|frequency,2026091902,1,9,0.1111111111111111
zolpidem,alpha2,alpha2|BZD_SITE_156|LYS|hydrophobic_interaction|frequency,2026091903,1,9,0.1111111111111111
zolpidem,alpha2,alpha2|BZD_SITE_156|LYS|hydrophobic_interaction|frequency,2026091904,1,9,0.1111111111111111
zolpidem,alpha2,alpha2|BZD_SITE_156|LYS|hydrophobic_interaction|frequency,2026091905,1,9,0.1111111111111111
lorazepam,alpha2,alpha2|BZD_SITE_156|LYS|hydrophobic_interaction|frequency,2026091901,1,9,0.1111111111111111
lorazepam,alpha2,alpha2|BZD_SITE_156|LYS|hydrophobic_interaction|frequency,2026091902,3,9,0.3333333333333333
lorazepam,alpha2,alpha2|BZD_SITE_156|LYS|hydrophobic_interaction|frequency,2026091903,3,9,0.3333333333333333
lorazepam,alpha2,alpha2|BZD_SITE_156|LYS|hydrophobic_interaction|frequency,2026091904,4,9,0.4444444444444444
lorazepam,alpha2,alpha2|BZD_SITE_156|LYS|hydrophobic_interaction|frequency,2026091905,3,9,0.3333333333333333
clonazepam,alpha2,alpha2|BZD_SITE_156|LYS|hydrophobic_interaction|frequency,2026091901,1,9,0.1111111111111111
clonazepam,alpha2,alpha2|BZD_SITE_156|LYS|hydrophobic_interaction|frequency,2026091902,3,9,0.3333333333333333
clonazepam,alpha2,alpha2|BZD_SITE_156|LYS|hydrophobic_interaction|frequency,2026091903,2,9,0.2222222222222222
clonazepam,alpha2,alpha2|BZD_SITE_156|LYS|hydrophobic_interaction|frequency,2026091904,1,9,0.1111111111111111
clonazepam,alpha2,alpha2|BZD_SITE_156|LYS|hydrophobic_interaction|frequency,2026091905,2,9,0.2222222222222222
midazolam,alpha2,alpha2|BZD_SITE_156|LYS|hydrophobic_interaction|frequency,2026091901,3,9,0.3333333333333333
midazolam,alpha2,alpha2|BZD_SITE_156|LYS|hydrophobic_interaction|frequency,2026091902,3,9,0.3333333333333333
midazolam,alpha2,alpha2|BZD_SITE_156|LYS|hydrophobic_interaction|frequency,2026091903,4,9,0.4444444444444444
midazolam,alpha2,alpha2|BZD_SITE_156|LYS|hydrophobic_interaction|frequency,2026091904,4,9,0.4444444444444444
midazolam,alpha2,alpha2|BZD_SITE_156|LYS|hydrophobic_interaction|frequency,2026091905,3,9,0.3333333333333333
temazepam,alpha2,alpha2|BZD_SITE_156|LYS|hydrophobic_interaction|frequency,2026091901,2,9,0.2222222222222222
temazepam,alpha2,alpha2|BZD_SITE_156|LYS|hydrophobic_interaction|frequency,2026091902,3,9,0.3333333333333333
temazepam,alpha2,alpha2|BZD_SITE_156|LYS|hydrophobic_interaction|frequency,2026091903,2,9,0.2222222222222222
temazepam,alpha2,alpha2|BZD_SITE_156|LYS|hydrophobic_interaction|frequency,2026091904,2,9,0.2222222222222222
temazepam,alpha2,alpha2|BZD_SITE_156|LYS|hydrophobic_interaction|frequency,2026091905,3,9,0.3333333333333333
zopiclone,alpha2,alpha2|BZD_SITE_156|LYS|hydrophobic_interaction|frequency,2026091901,0,9,0.0
zopiclone,alpha2,alpha2|BZD_SITE_156|LYS|hydrophobic_interaction|frequency,2026091902,0,9,0.0
zopiclone,alpha2,alpha2|BZD_SITE_156|LYS|hydrophobic_interaction|frequency,2026091903,0,9,0.0
zopiclone,alpha2,alpha2|BZD_SITE_156|LYS|hydrophobic_interaction|frequency,2026091904,0,9,0.0
zopiclone,alpha2,alpha2|BZD_SITE_156|LYS|hydrophobic_interaction|frequency,2026091905,0,9,0.0
zaleplon,alpha2,alpha2|BZD_SITE_156|LYS|hydrophobic_interaction|frequency,2026091901,0,9,0.0
zaleplon,alpha2,alpha2|BZD_SITE_156|LYS|hydrophobic_interaction|frequency,2026091902,0,9,0.0
zaleplon,alpha2,alpha2|BZD_SITE_156|LYS|hydrophobic_interaction|frequency,2026091903,0,9,0.0
zaleplon,alpha2,alpha2|BZD_SITE_156|LYS|hydrophobic_interaction|frequency,2026091904,0,9,0.0
zaleplon,alpha2,alpha2|BZD_SITE_156|LYS|hydrophobic_interaction|frequency,2026091905,0,9,0.0
diazepam,alpha2,alpha2|BZD_SITE_156|LYS|pi_cation_interaction|frequency,2026091901,0,9,0.0
diazepam,alpha2,alpha2|BZD_SITE_156|LYS|pi_cation_interaction|frequency,2026091902,0,9,0.0
diazepam,alpha2,alpha2|BZD_SITE_156|LYS|pi_cation_interaction|frequency,2026091903,0,9,0.0
diazepam,alpha2,alpha2|BZD_SITE_156|LYS|pi_cation_interaction|frequency,2026091904,0,9,0.0
diazepam,alpha2,alpha2|BZD_SITE_156|LYS|pi_cation_interaction|frequency,2026091905,0,9,0.0
alprazolam,alpha2,alpha2|BZD_SITE_156|LYS|pi_cation_interaction|frequency,2026091901,0,9,0.0
alprazolam,alpha2,alpha2|BZD_SITE_156|LYS|pi_cation_interaction|frequency,2026091902,0,9,0.0
alprazolam,alpha2,alpha2|BZD_SITE_156|LYS|pi_cation_interaction|frequency,2026091903,0,9,0.0
alprazolam,alpha2,alpha2|BZD_SITE_156|LYS|pi_cation_interaction|frequency,2026091904,0,9,0.0
alprazolam,alpha2,alpha2|BZD_SITE_156|LYS|pi_cation_interaction|frequency,2026091905,1,9,0.1111111111111111
triazolam,alpha2,alpha2|BZD_SITE_156|LYS|pi_cation_interaction|frequency,2026091901,0,9,0.0
triazolam,alpha2,alpha2|BZD_SITE_156|LYS|pi_cation_interaction|frequency,2026091902,0,9,0.0
triazolam,alpha2,alpha2|BZD_SITE_156|LYS|pi_cation_interaction|frequency,2026091903,0,9,0.0
triazolam,alpha2,alpha2|BZD_SITE_156|LYS|pi_cation_interaction|frequency,2026091904,0,9,0.0
triazolam,alpha2,alpha2|BZD_SITE_156|LYS|pi_cation_interaction|frequency,2026091905,0,9,0.0
zolpidem,alpha2,alpha2|BZD_SITE_156|LYS|pi_cation_interaction|frequency,2026091901,0,9,0.0
zolpidem,alpha2,alpha2|BZD_SITE_156|LYS|pi_cation_interaction|frequency,2026091902,0,9,0.0
zolpidem,alpha2,alpha2|BZD_SITE_156|LYS|pi_cation_interaction|frequency,2026091903,1,9,0.1111111111111111
zolpidem,alpha2,alpha2|BZD_SITE_156|LYS|pi_cation_interaction|frequency,2026091904,0,9,0.0
zolpidem,alpha2,alpha2|BZD_SITE_156|LYS|pi_cation_interaction|frequency,2026091905,1,9,0.1111111111111111
lorazepam,alpha2,alpha2|BZD_SITE_156|LYS|pi_cation_interaction|frequency,2026091901,0,9,0.0
lorazepam,alpha2,alpha2|BZD_SITE_156|LYS|pi_cation_interaction|frequency,2026091902,0,9,0.0
lorazepam,alpha2,alpha2|BZD_SITE_156|LYS|pi_cation_interaction|frequency,2026091903,0,9,0.0
lorazepam,alpha2,alpha2|BZD_SITE_156|LYS|pi_cation_interaction|frequency,2026091904,0,9,0.0
lorazepam,alpha2,alpha2|BZD_SITE_156|LYS|pi_cation_interaction|frequency,2026091905,0,9,0.0
clonazepam,alpha2,alpha2|BZD_SITE_156|LYS|pi_cation_interaction|frequency,2026091901,0,9,0.0
clonazepam,alpha2,alpha2|BZD_SITE_156|LYS|pi_cation_interaction|frequency,2026091902,0,9,0.0
clonazepam,alpha2,alpha2|BZD_SITE_156|LYS|pi_cation_interaction|frequency,2026091903,0,9,0.0
clonazepam,alpha2,alpha2|BZD_SITE_156|LYS|pi_cation_interaction|frequency,2026091904,0,9,0.0
clonazepam,alpha2,alpha2|BZD_SITE_156|LYS|pi_cation_interaction|frequency,2026091905,0,9,0.0
midazolam,alpha2,alpha2|BZD_SITE_156|LYS|pi_cation_interaction|frequency,2026091901,0,9,0.0
midazolam,alpha2,alpha2|BZD_SITE_156|LYS|pi_cation_interaction|frequency,2026091902,0,9,0.0
midazolam,alpha2,alpha2|BZD_SITE_156|LYS|pi_cation_interaction|frequency,2026091903,0,9,0.0
midazolam,alpha2,alpha2|BZD_SITE_156|LYS|pi_cation_interaction|frequency,2026091904,0,9,0.0
midazolam,alpha2,alpha2|BZD_SITE_156|LYS|pi_cation_interaction|frequency,2026091905,1,9,0.1111111111111111
temazepam,alpha2,alpha2|BZD_SITE_156|LYS|pi_cation_interaction|frequency,2026091901,0,9,0.0
temazepam,alpha2,alpha2|BZD_SITE_156|LYS|pi_cation_interaction|frequency,2026091902,0,9,0.0
temazepam,alpha2,alpha2|BZD_SITE_156|LYS|pi_cation_interaction|frequency,2026091903,0,9,0.0
temazepam,alpha2,alpha2|BZD_SITE_156|LYS|pi_cation_interaction|frequency,2026091904,0,9,0.0
temazepam,alpha2,alpha2|BZD_SITE_156|LYS|pi_cation_interaction|frequency,2026091905,0,9,0.0
zopiclone,alpha2,alpha2|BZD_SITE_156|LYS|pi_cation_interaction|frequency,2026091901,0,9,0.0
zopiclone,alpha2,alpha2|BZD_SITE_156|LYS|pi_cation_interaction|frequency,2026091902,0,9,0.0
zopiclone,alpha2,alpha2|BZD_SITE_156|LYS|pi_cation_interaction|frequency,2026091903,0,9,0.0
zopiclone,alpha2,alpha2|BZD_SITE_156|LYS|pi_cation_interaction|frequency,2026091904,0,9,0.0
zopiclone,alpha2,alpha2|BZD_SITE_156|LYS|pi_cation_interaction|frequency,2026091905,0,9,0.0
zaleplon,alpha2,alpha2|BZD_SITE_156|LYS|pi_cation_interaction|frequency,2026091901,0,9,0.0
zaleplon,alpha2,alpha2|BZD_SITE_156|LYS|pi_cation_interaction|frequency,2026091902,0,9,0.0
zaleplon,alpha2,alpha2|BZD_SITE_156|LYS|pi_cation_interaction|frequency,2026091903,0,9,0.0
zaleplon,alpha2,alpha2|BZD_SITE_156|LYS|pi_cation_interaction|frequency,2026091904,0,9,0.0
zaleplon,alpha2,alpha2|BZD_SITE_156|LYS|pi_cation_interaction|frequency,2026091905,0,9,0.0
diazepam,alpha2,alpha2|BZD_SITE_160|TYR|halogen_bond|frequency,2026091901,1,9,0.1111111111111111
diazepam,alpha2,alpha2|BZD_SITE_160|TYR|halogen_bond|frequency,2026091902,1,9,0.1111111111111111
diazepam,alpha2,alpha2|BZD_SITE_160|TYR|halogen_bond|frequency,2026091903,1,9,0.1111111111111111
diazepam,alpha2,alpha2|BZD_SITE_160|TYR|halogen_bond|frequency,2026091904,1,9,0.1111111111111111
diazepam,alpha2,alpha2|BZD_SITE_160|TYR|halogen_bond|frequency,2026091905,1,9,0.1111111111111111
alprazolam,alpha2,alpha2|BZD_SITE_160|TYR|halogen_bond|frequency,2026091901,0,9,0.0
alprazolam,alpha2,alpha2|BZD_SITE_160|TYR|halogen_bond|frequency,2026091902,0,9,0.0
alprazolam,alpha2,alpha2|BZD_SITE_160|TYR|halogen_bond|frequency,2026091903,0,9,0.0
alprazolam,alpha2,alpha2|BZD_SITE_160|TYR|halogen_bond|frequency,2026091904,0,9,0.0
alprazolam,alpha2,alpha2|BZD_SITE_160|TYR|halogen_bond|frequency,2026091905,0,9,0.0
triazolam,alpha2,alpha2|BZD_SITE_160|TYR|halogen_bond|frequency,2026091901,0,9,0.0
triazolam,alpha2,alpha2|BZD_SITE_160|TYR|halogen_bond|frequency,2026091902,0,9,0.0
triazolam,alpha2,alpha2|BZD_SITE_160|TYR|halogen_bond|frequency,2026091903,0,9,0.0
triazolam,alpha2,alpha2|BZD_SITE_160|TYR|halogen_bond|frequency,2026091904,0,9,0.0
triazolam,alpha2,alpha2|BZD_SITE_160|TYR|halogen_bond|frequency,2026091905,0,9,0.0
zolpidem,alpha2,alpha2|BZD_SITE_160|TYR|halogen_bond|frequency,2026091901,0,9,0.0
zolpidem,alpha2,alpha2|BZD_SITE_160|TYR|halogen_bond|frequency,2026091902,0,9,0.0
zolpidem,alpha2,alpha2|BZD_SITE_160|TYR|halogen_bond|frequency,2026091903,0,9,0.0
zolpidem,alpha2,alpha2|BZD_SITE_160|TYR|halogen_bond|frequency,2026091904,0,9,0.0
zolpidem,alpha2,alpha2|BZD_SITE_160|TYR|halogen_bond|frequency,2026091905,0,9,0.0
lorazepam,alpha2,alpha2|BZD_SITE_160|TYR|halogen_bond|frequency,2026091901,0,9,0.0
lorazepam,alpha2,alpha2|BZD_SITE_160|TYR|halogen_bond|frequency,2026091902,0,9,0.0
lorazepam,alpha2,alpha2|BZD_SITE_160|TYR|halogen_bond|frequency,2026091903,0,9,0.0
lorazepam,alpha2,alpha2|BZD_SITE_160|TYR|halogen_bond|frequency,2026091904,0,9,0.0
lorazepam,alpha2,alpha2|BZD_SITE_160|TYR|halogen_bond|frequency,2026091905,0,9,0.0
clonazepam,alpha2,alpha2|BZD_SITE_160|TYR|halogen_bond|frequency,2026091901,0,9,0.0
clonazepam,alpha2,alpha2|BZD_SITE_160|TYR|halogen_bond|frequency,2026091902,0,9,0.0
clonazepam,alpha2,alpha2|BZD_SITE_160|TYR|halogen_bond|frequency,2026091903,0,9,0.0
clonazepam,alpha2,alpha2|BZD_SITE_160|TYR|halogen_bond|frequency,2026091904,0,9,0.0
clonazepam,alpha2,alpha2|BZD_SITE_160|TYR|halogen_bond|frequency,2026091905,0,9,0.0
midazolam,alpha2,alpha2|BZD_SITE_160|TYR|halogen_bond|frequency,2026091901,1,9,0.1111111111111111
midazolam,alpha2,alpha2|BZD_SITE_160|TYR|halogen_bond|frequency,2026091902,1,9,0.1111111111111111
midazolam,alpha2,alpha2|BZD_SITE_160|TYR|halogen_bond|frequency,2026091903,0,9,0.0
midazolam,alpha2,alpha2|BZD_SITE_160|TYR|halogen_bond|frequency,2026091904,1,9,0.1111111111111111
midazolam,alpha2,alpha2|BZD_SITE_160|TYR|halogen_bond|frequency,2026091905,1,9,0.1111111111111111
temazepam,alpha2,alpha2|BZD_SITE_160|TYR|halogen_bond|frequency,2026091901,0,9,0.0
temazepam,alpha2,alpha2|BZD_SITE_160|TYR|halogen_bond|frequency,2026091902,0,9,0.0
temazepam,alpha2,alpha2|BZD_SITE_160|TYR|halogen_bond|frequency,2026091903,0,9,0.0
temazepam,alpha2,alpha2|BZD_SITE_160|TYR|halogen_bond|frequency,2026091904,0,9,0.0
temazepam,alpha2,alpha2|BZD_SITE_160|TYR|halogen_bond|frequency,2026091905,0,9,0.0
zopiclone,alpha2,alpha2|BZD_SITE_160|TYR|halogen_bond|frequency,2026091901,1,9,0.1111111111111111
zopiclone,alpha2,alpha2|BZD_SITE_160|TYR|halogen_bond|frequency,2026091902,1,9,0.1111111111111111
zopiclone,alpha2,alpha2|BZD_SITE_160|TYR|halogen_bond|frequency,2026091903,1,9,0.1111111111111111
zopiclone,alpha2,alpha2|BZD_SITE_160|TYR|halogen_bond|frequency,2026091904,1,9,0.1111111111111111
zopiclone,alpha2,alpha2|BZD_SITE_160|TYR|halogen_bond|frequency,2026091905,0,9,0.0
zaleplon,alpha2,alpha2|BZD_SITE_160|TYR|halogen_bond|frequency,2026091901,0,9,0.0
zaleplon,alpha2,alpha2|BZD_SITE_160|TYR|halogen_bond|frequency,2026091902,0,9,0.0
zaleplon,alpha2,alpha2|BZD_SITE_160|TYR|halogen_bond|frequency,2026091903,0,9,0.0
zaleplon,alpha2,alpha2|BZD_SITE_160|TYR|halogen_bond|frequency,2026091904,0,9,0.0
zaleplon,alpha2,alpha2|BZD_SITE_160|TYR|halogen_bond|frequency,2026091905,0,9,0.0
diazepam,alpha2,alpha2|BZD_SITE_160|TYR|hydrophobic_interaction|frequency,2026091901,0,9,0.0
diazepam,alpha2,alpha2|BZD_SITE_160|TYR|hydrophobic_interaction|frequency,2026091902,0,9,0.0
diazepam,alpha2,alpha2|BZD_SITE_160|TYR|hydrophobic_interaction|frequency,2026091903,0,9,0.0
diazepam,alpha2,alpha2|BZD_SITE_160|TYR|hydrophobic_interaction|frequency,2026091904,0,9,0.0
diazepam,alpha2,alpha2|BZD_SITE_160|TYR|hydrophobic_interaction|frequency,2026091905,0,9,0.0
alprazolam,alpha2,alpha2|BZD_SITE_160|TYR|hydrophobic_interaction|frequency,2026091901,0,9,0.0
alprazolam,alpha2,alpha2|BZD_SITE_160|TYR|hydrophobic_interaction|frequency,2026091902,0,9,0.0
alprazolam,alpha2,alpha2|BZD_SITE_160|TYR|hydrophobic_interaction|frequency,2026091903,0,9,0.0
alprazolam,alpha2,alpha2|BZD_SITE_160|TYR|hydrophobic_interaction|frequency,2026091904,1,9,0.1111111111111111
alprazolam,alpha2,alpha2|BZD_SITE_160|TYR|hydrophobic_interaction|frequency,2026091905,0,9,0.0
triazolam,alpha2,alpha2|BZD_SITE_160|TYR|hydrophobic_interaction|frequency,2026091901,0,9,0.0
triazolam,alpha2,alpha2|BZD_SITE_160|TYR|hydrophobic_interaction|frequency,2026091902,0,9,0.0
triazolam,alpha2,alpha2|BZD_SITE_160|TYR|hydrophobic_interaction|frequency,2026091903,0,9,0.0
triazolam,alpha2,alpha2|BZD_SITE_160|TYR|hydrophobic_interaction|frequency,2026091904,0,9,0.0
triazolam,alpha2,alpha2|BZD_SITE_160|TYR|hydrophobic_interaction|frequency,2026091905,0,9,0.0
zolpidem,alpha2,alpha2|BZD_SITE_160|TYR|hydrophobic_interaction|frequency,2026091901,2,9,0.2222222222222222
zolpidem,alpha2,alpha2|BZD_SITE_160|TYR|hydrophobic_interaction|frequency,2026091902,2,9,0.2222222222222222
zolpidem,alpha2,alpha2|BZD_SITE_160|TYR|hydrophobic_interaction|frequency,2026091903,1,9,0.1111111111111111
zolpidem,alpha2,alpha2|BZD_SITE_160|TYR|hydrophobic_interaction|frequency,2026091904,2,9,0.2222222222222222
zolpidem,alpha2,alpha2|BZD_SITE_160|TYR|hydrophobic_interaction|frequency,2026091905,3,9,0.3333333333333333
lorazepam,alpha2,alpha2|BZD_SITE_160|TYR|hydrophobic_interaction|frequency,2026091901,0,9,0.0
lorazepam,alpha2,alpha2|BZD_SITE_160|TYR|hydrophobic_interaction|frequency,2026091902,0,9,0.0
lorazepam,alpha2,alpha2|BZD_SITE_160|TYR|hydrophobic_interaction|frequency,2026091903,0,9,0.0
lorazepam,alpha2,alpha2|BZD_SITE_160|TYR|hydrophobic_interaction|frequency,2026091904,0,9,0.0
lorazepam,alpha2,alpha2|BZD_SITE_160|TYR|hydrophobic_interaction|frequency,2026091905,0,9,0.0
clonazepam,alpha2,alpha2|BZD_SITE_160|TYR|hydrophobic_interaction|frequency,2026091901,0,9,0.0
clonazepam,alpha2,alpha2|BZD_SITE_160|TYR|hydrophobic_interaction|frequency,2026091902,0,9,0.0
clonazepam,alpha2,alpha2|BZD_SITE_160|TYR|hydrophobic_interaction|frequency,2026091903,0,9,0.0
clonazepam,alpha2,alpha2|BZD_SITE_160|TYR|hydrophobic_interaction|frequency,2026091904,0,9,0.0
clonazepam,alpha2,alpha2|BZD_SITE_160|TYR|hydrophobic_interaction|frequency,2026091905,0,9,0.0
midazolam,alpha2,alpha2|BZD_SITE_160|TYR|hydrophobic_interaction|frequency,2026091901,0,9,0.0
midazolam,alpha2,alpha2|BZD_SITE_160|TYR|hydrophobic_interaction|frequency,2026091902,1,9,0.1111111111111111
midazolam,alpha2,alpha2|BZD_SITE_160|TYR|hydrophobic_interaction|frequency,2026091903,0,9,0.0
midazolam,alpha2,alpha2|BZD_SITE_160|TYR|hydrophobic_interaction|frequency,2026091904,1,9,0.1111111111111111
midazolam,alpha2,alpha2|BZD_SITE_160|TYR|hydrophobic_interaction|frequency,2026091905,0,9,0.0
temazepam,alpha2,alpha2|BZD_SITE_160|TYR|hydrophobic_interaction|frequency,2026091901,0,9,0.0
temazepam,alpha2,alpha2|BZD_SITE_160|TYR|hydrophobic_interaction|frequency,2026091902,0,9,0.0
temazepam,alpha2,alpha2|BZD_SITE_160|TYR|hydrophobic_interaction|frequency,2026091903,1,9,0.1111111111111111
temazepam,alpha2,alpha2|BZD_SITE_160|TYR|hydrophobic_interaction|frequency,2026091904,0,9,0.0
temazepam,alpha2,alpha2|BZD_SITE_160|TYR|hydrophobic_interaction|frequency,2026091905,0,9,0.0
zopiclone,alpha2,alpha2|BZD_SITE_160|TYR|hydrophobic_interaction|frequency,2026091901,0,9,0.0
zopiclone,alpha2,alpha2|BZD_SITE_160|TYR|hydrophobic_interaction|frequency,2026091902,0,9,0.0
zopiclone,alpha2,alpha2|BZD_SITE_160|TYR|hydrophobic_interaction|frequency,2026091903,0,9,0.0
zopiclone,alpha2,alpha2|BZD_SITE_160|TYR|hydrophobic_interaction|frequency,2026091904,0,9,0.0
zopiclone,alpha2,alpha2|BZD_SITE_160|TYR|hydrophobic_interaction|frequency,2026091905,0,9,0.0
zaleplon,alpha2,alpha2|BZD_SITE_160|TYR|hydrophobic_interaction|frequency,2026091901,5,9,0.5555555555555556
zaleplon,alpha2,alpha2|BZD_SITE_160|TYR|hydrophobic_interaction|frequency,2026091902,5,9,0.5555555555555556
zaleplon,alpha2,alpha2|BZD_SITE_160|TYR|hydrophobic_interaction|frequency,2026091903,5,9,0.5555555555555556
zaleplon,alpha2,alpha2|BZD_SITE_160|TYR|hydrophobic_interaction|frequency,2026091904,5,9,0.5555555555555556
zaleplon,alpha2,alpha2|BZD_SITE_160|TYR|hydrophobic_interaction|frequency,2026091905,4,9,0.4444444444444444
diazepam,alpha2,alpha2|BZD_SITE_201|GLU|salt_bridge|frequency,2026091901,0,9,0.0
diazepam,alpha2,alpha2|BZD_SITE_201|GLU|salt_bridge|frequency,2026091902,0,9,0.0
diazepam,alpha2,alpha2|BZD_SITE_201|GLU|salt_bridge|frequency,2026091903,0,9,0.0
diazepam,alpha2,alpha2|BZD_SITE_201|GLU|salt_bridge|frequency,2026091904,0,9,0.0
diazepam,alpha2,alpha2|BZD_SITE_201|GLU|salt_bridge|frequency,2026091905,0,9,0.0
alprazolam,alpha2,alpha2|BZD_SITE_201|GLU|salt_bridge|frequency,2026091901,0,9,0.0
alprazolam,alpha2,alpha2|BZD_SITE_201|GLU|salt_bridge|frequency,2026091902,0,9,0.0
alprazolam,alpha2,alpha2|BZD_SITE_201|GLU|salt_bridge|frequency,2026091903,0,9,0.0
alprazolam,alpha2,alpha2|BZD_SITE_201|GLU|salt_bridge|frequency,2026091904,0,9,0.0
alprazolam,alpha2,alpha2|BZD_SITE_201|GLU|salt_bridge|frequency,2026091905,0,9,0.0
triazolam,alpha2,alpha2|BZD_SITE_201|GLU|salt_bridge|frequency,2026091901,0,9,0.0
triazolam,alpha2,alpha2|BZD_SITE_201|GLU|salt_bridge|frequency,2026091902,0,9,0.0
triazolam,alpha2,alpha2|BZD_SITE_201|GLU|salt_bridge|frequency,2026091903,0,9,0.0
triazolam,alpha2,alpha2|BZD_SITE_201|GLU|salt_bridge|frequency,2026091904,0,9,0.0
triazolam,alpha2,alpha2|BZD_SITE_201|GLU|salt_bridge|frequency,2026091905,0,9,0.0
zolpidem,alpha2,alpha2|BZD_SITE_201|GLU|salt_bridge|frequency,2026091901,0,9,0.0
zolpidem,alpha2,alpha2|BZD_SITE_201|GLU|salt_bridge|frequency,2026091902,0,9,0.0
zolpidem,alpha2,alpha2|BZD_SITE_201|GLU|salt_bridge|frequency,2026091903,0,9,0.0
zolpidem,alpha2,alpha2|BZD_SITE_201|GLU|salt_bridge|frequency,2026091904,0,9,0.0
zolpidem,alpha2,alpha2|BZD_SITE_201|GLU|salt_bridge|frequency,2026091905,0,9,0.0
lorazepam,alpha2,alpha2|BZD_SITE_201|GLU|salt_bridge|frequency,2026091901,0,9,0.0
lorazepam,alpha2,alpha2|BZD_SITE_201|GLU|salt_bridge|frequency,2026091902,0,9,0.0
lorazepam,alpha2,alpha2|BZD_SITE_201|GLU|salt_bridge|frequency,2026091903,0,9,0.0
lorazepam,alpha2,alpha2|BZD_SITE_201|GLU|salt_bridge|frequency,2026091904,0,9,0.0
lorazepam,alpha2,alpha2|BZD_SITE_201|GLU|salt_bridge|frequency,2026091905,0,9,0.0
clonazepam,alpha2,alpha2|BZD_SITE_201|GLU|salt_bridge|frequency,2026091901,0,9,0.0
clonazepam,alpha2,alpha2|BZD_SITE_201|GLU|salt_bridge|frequency,2026091902,0,9,0.0
clonazepam,alpha2,alpha2|BZD_SITE_201|GLU|salt_bridge|frequency,2026091903,0,9,0.0
clonazepam,alpha2,alpha2|BZD_SITE_201|GLU|salt_bridge|frequency,2026091904,0,9,0.0
clonazepam,alpha2,alpha2|BZD_SITE_201|GLU|salt_bridge|frequency,2026091905,0,9,0.0
midazolam,alpha2,alpha2|BZD_SITE_201|GLU|salt_bridge|frequency,2026091901,0,9,0.0
midazolam,alpha2,alpha2|BZD_SITE_201|GLU|salt_bridge|frequency,2026091902,0,9,0.0
midazolam,alpha2,alpha2|BZD_SITE_201|GLU|salt_bridge|frequency,2026091903,0,9,0.0
midazolam,alpha2,alpha2|BZD_SITE_201|GLU|salt_bridge|frequency,2026091904,0,9,0.0
midazolam,alpha2,alpha2|BZD_SITE_201|GLU|salt_bridge|frequency,2026091905,0,9,0.0
temazepam,alpha2,alpha2|BZD_SITE_201|GLU|salt_bridge|frequency,2026091901,0,9,0.0
temazepam,alpha2,alpha2|BZD_SITE_201|GLU|salt_bridge|frequency,2026091902,0,9,0.0
temazepam,alpha2,alpha2|BZD_SITE_201|GLU|salt_bridge|frequency,2026091903,0,9,0.0
temazepam,alpha2,alpha2|BZD_SITE_201|GLU|salt_bridge|frequency,2026091904,0,9,0.0
temazepam,alpha2,alpha2|BZD_SITE_201|GLU|salt_bridge|frequency,2026091905,0,9,0.0
zopiclone,alpha2,alpha2|BZD_SITE_201|GLU|salt_bridge|frequency,2026091901,0,9,0.0
zopiclone,alpha2,alpha2|BZD_SITE_201|GLU|salt_bridge|frequency,2026091902,0,9,0.0
zopiclone,alpha2,alpha2|BZD_SITE_201|GLU|salt_bridge|frequency,2026091903,0,9,0.0
zopiclone,alpha2,alpha2|BZD_SITE_201|GLU|salt_bridge|frequency,2026091904,0,9,0.0
zopiclone,alpha2,alpha2|BZD_SITE_201|GLU|salt_bridge|frequency,2026091905,1,9,0.1111111111111111
zaleplon,alpha2,alpha2|BZD_SITE_201|GLU|salt_bridge|frequency,2026091901,0,9,0.0
zaleplon,alpha2,alpha2|BZD_SITE_201|GLU|salt_bridge|frequency,2026091902,0,9,0.0
zaleplon,alpha2,alpha2|BZD_SITE_201|GLU|salt_bridge|frequency,2026091903,0,9,0.0
zaleplon,alpha2,alpha2|BZD_SITE_201|GLU|salt_bridge|frequency,2026091904,0,9,0.0
zaleplon,alpha2,alpha2|BZD_SITE_201|GLU|salt_bridge|frequency,2026091905,0,9,0.0
diazepam,alpha2,alpha2|BZD_SITE_203|ILE|hydrophobic_interaction|frequency,2026091901,4,9,0.4444444444444444
diazepam,alpha2,alpha2|BZD_SITE_203|ILE|hydrophobic_interaction|frequency,2026091902,5,9,0.5555555555555556
diazepam,alpha2,alpha2|BZD_SITE_203|ILE|hydrophobic_interaction|frequency,2026091903,5,9,0.5555555555555556
diazepam,alpha2,alpha2|BZD_SITE_203|ILE|hydrophobic_interaction|frequency,2026091904,5,9,0.5555555555555556
diazepam,alpha2,alpha2|BZD_SITE_203|ILE|hydrophobic_interaction|frequency,2026091905,4,9,0.4444444444444444
alprazolam,alpha2,alpha2|BZD_SITE_203|ILE|hydrophobic_interaction|frequency,2026091901,3,9,0.3333333333333333
alprazolam,alpha2,alpha2|BZD_SITE_203|ILE|hydrophobic_interaction|frequency,2026091902,6,9,0.6666666666666666
alprazolam,alpha2,alpha2|BZD_SITE_203|ILE|hydrophobic_interaction|frequency,2026091903,5,9,0.5555555555555556
alprazolam,alpha2,alpha2|BZD_SITE_203|ILE|hydrophobic_interaction|frequency,2026091904,2,9,0.2222222222222222
alprazolam,alpha2,alpha2|BZD_SITE_203|ILE|hydrophobic_interaction|frequency,2026091905,6,9,0.6666666666666666
triazolam,alpha2,alpha2|BZD_SITE_203|ILE|hydrophobic_interaction|frequency,2026091901,5,9,0.5555555555555556
triazolam,alpha2,alpha2|BZD_SITE_203|ILE|hydrophobic_interaction|frequency,2026091902,3,9,0.3333333333333333
triazolam,alpha2,alpha2|BZD_SITE_203|ILE|hydrophobic_interaction|frequency,2026091903,5,9,0.5555555555555556
triazolam,alpha2,alpha2|BZD_SITE_203|ILE|hydrophobic_interaction|frequency,2026091904,7,9,0.7777777777777778
triazolam,alpha2,alpha2|BZD_SITE_203|ILE|hydrophobic_interaction|frequency,2026091905,7,9,0.7777777777777778
zolpidem,alpha2,alpha2|BZD_SITE_203|ILE|hydrophobic_interaction|frequency,2026091901,6,9,0.6666666666666666
zolpidem,alpha2,alpha2|BZD_SITE_203|ILE|hydrophobic_interaction|frequency,2026091902,5,9,0.5555555555555556
zolpidem,alpha2,alpha2|BZD_SITE_203|ILE|hydrophobic_interaction|frequency,2026091903,7,9,0.7777777777777778
zolpidem,alpha2,alpha2|BZD_SITE_203|ILE|hydrophobic_interaction|frequency,2026091904,4,9,0.4444444444444444
zolpidem,alpha2,alpha2|BZD_SITE_203|ILE|hydrophobic_interaction|frequency,2026091905,5,9,0.5555555555555556
lorazepam,alpha2,alpha2|BZD_SITE_203|ILE|hydrophobic_interaction|frequency,2026091901,5,9,0.5555555555555556
lorazepam,alpha2,alpha2|BZD_SITE_203|ILE|hydrophobic_interaction|frequency,2026091902,3,9,0.3333333333333333
lorazepam,alpha2,alpha2|BZD_SITE_203|ILE|hydrophobic_interaction|frequency,2026091903,2,9,0.2222222222222222
lorazepam,alpha2,alpha2|BZD_SITE_203|ILE|hydrophobic_interaction|frequency,2026091904,3,9,0.3333333333333333
lorazepam,alpha2,alpha2|BZD_SITE_203|ILE|hydrophobic_interaction|frequency,2026091905,3,9,0.3333333333333333
clonazepam,alpha2,alpha2|BZD_SITE_203|ILE|hydrophobic_interaction|frequency,2026091901,1,9,0.1111111111111111
clonazepam,alpha2,alpha2|BZD_SITE_203|ILE|hydrophobic_interaction|frequency,2026091902,4,9,0.4444444444444444
clonazepam,alpha2,alpha2|BZD_SITE_203|ILE|hydrophobic_interaction|frequency,2026091903,2,9,0.2222222222222222
clonazepam,alpha2,alpha2|BZD_SITE_203|ILE|hydrophobic_interaction|frequency,2026091904,4,9,0.4444444444444444
clonazepam,alpha2,alpha2|BZD_SITE_203|ILE|hydrophobic_interaction|frequency,2026091905,2,9,0.2222222222222222
midazolam,alpha2,alpha2|BZD_SITE_203|ILE|hydrophobic_interaction|frequency,2026091901,6,9,0.6666666666666666
midazolam,alpha2,alpha2|BZD_SITE_203|ILE|hydrophobic_interaction|frequency,2026091902,4,9,0.4444444444444444
midazolam,alpha2,alpha2|BZD_SITE_203|ILE|hydrophobic_interaction|frequency,2026091903,7,9,0.7777777777777778
midazolam,alpha2,alpha2|BZD_SITE_203|ILE|hydrophobic_interaction|frequency,2026091904,4,9,0.4444444444444444
midazolam,alpha2,alpha2|BZD_SITE_203|ILE|hydrophobic_interaction|frequency,2026091905,4,9,0.4444444444444444
temazepam,alpha2,alpha2|BZD_SITE_203|ILE|hydrophobic_interaction|frequency,2026091901,5,9,0.5555555555555556
temazepam,alpha2,alpha2|BZD_SITE_203|ILE|hydrophobic_interaction|frequency,2026091902,4,9,0.4444444444444444
temazepam,alpha2,alpha2|BZD_SITE_203|ILE|hydrophobic_interaction|frequency,2026091903,4,9,0.4444444444444444
temazepam,alpha2,alpha2|BZD_SITE_203|ILE|hydrophobic_interaction|frequency,2026091904,6,9,0.6666666666666666
temazepam,alpha2,alpha2|BZD_SITE_203|ILE|hydrophobic_interaction|frequency,2026091905,4,9,0.4444444444444444
zopiclone,alpha2,alpha2|BZD_SITE_203|ILE|hydrophobic_interaction|frequency,2026091901,2,9,0.2222222222222222
zopiclone,alpha2,alpha2|BZD_SITE_203|ILE|hydrophobic_interaction|frequency,2026091902,2,9,0.2222222222222222
zopiclone,alpha2,alpha2|BZD_SITE_203|ILE|hydrophobic_interaction|frequency,2026091903,2,9,0.2222222222222222
zopiclone,alpha2,alpha2|BZD_SITE_203|ILE|hydrophobic_interaction|frequency,2026091904,3,9,0.3333333333333333
zopiclone,alpha2,alpha2|BZD_SITE_203|ILE|hydrophobic_interaction|frequency,2026091905,2,9,0.2222222222222222
zaleplon,alpha2,alpha2|BZD_SITE_203|ILE|hydrophobic_interaction|frequency,2026091901,7,9,0.7777777777777778
zaleplon,alpha2,alpha2|BZD_SITE_203|ILE|hydrophobic_interaction|frequency,2026091902,6,9,0.6666666666666666
zaleplon,alpha2,alpha2|BZD_SITE_203|ILE|hydrophobic_interaction|frequency,2026091903,5,9,0.5555555555555556
zaleplon,alpha2,alpha2|BZD_SITE_203|ILE|hydrophobic_interaction|frequency,2026091904,7,9,0.7777777777777778
zaleplon,alpha2,alpha2|BZD_SITE_203|ILE|hydrophobic_interaction|frequency,2026091905,5,9,0.5555555555555556
diazepam,alpha2,alpha2|BZD_SITE_204|LYS|halogen_bond|frequency,2026091901,0,9,0.0
diazepam,alpha2,alpha2|BZD_SITE_204|LYS|halogen_bond|frequency,2026091902,0,9,0.0
diazepam,alpha2,alpha2|BZD_SITE_204|LYS|halogen_bond|frequency,2026091903,0,9,0.0
diazepam,alpha2,alpha2|BZD_SITE_204|LYS|halogen_bond|frequency,2026091904,0,9,0.0
diazepam,alpha2,alpha2|BZD_SITE_204|LYS|halogen_bond|frequency,2026091905,0,9,0.0
alprazolam,alpha2,alpha2|BZD_SITE_204|LYS|halogen_bond|frequency,2026091901,0,9,0.0
alprazolam,alpha2,alpha2|BZD_SITE_204|LYS|halogen_bond|frequency,2026091902,1,9,0.1111111111111111
alprazolam,alpha2,alpha2|BZD_SITE_204|LYS|halogen_bond|frequency,2026091903,0,9,0.0
alprazolam,alpha2,alpha2|BZD_SITE_204|LYS|halogen_bond|frequency,2026091904,0,9,0.0
alprazolam,alpha2,alpha2|BZD_SITE_204|LYS|halogen_bond|frequency,2026091905,1,9,0.1111111111111111
triazolam,alpha2,alpha2|BZD_SITE_204|LYS|halogen_bond|frequency,2026091901,1,9,0.1111111111111111
triazolam,alpha2,alpha2|BZD_SITE_204|LYS|halogen_bond|frequency,2026091902,0,9,0.0
triazolam,alpha2,alpha2|BZD_SITE_204|LYS|halogen_bond|frequency,2026091903,1,9,0.1111111111111111
triazolam,alpha2,alpha2|BZD_SITE_204|LYS|halogen_bond|frequency,2026091904,0,9,0.0
triazolam,alpha2,alpha2|BZD_SITE_204|LYS|halogen_bond|frequency,2026091905,1,9,0.1111111111111111
zolpidem,alpha2,alpha2|BZD_SITE_204|LYS|halogen_bond|frequency,2026091901,0,9,0.0
zolpidem,alpha2,alpha2|BZD_SITE_204|LYS|halogen_bond|frequency,2026091902,0,9,0.0
zolpidem,alpha2,alpha2|BZD_SITE_204|LYS|halogen_bond|frequency,2026091903,0,9,0.0
zolpidem,alpha2,alpha2|BZD_SITE_204|LYS|halogen_bond|frequency,2026091904,0,9,0.0
zolpidem,alpha2,alpha2|BZD_SITE_204|LYS|halogen_bond|frequency,2026091905,0,9,0.0
lorazepam,alpha2,alpha2|BZD_SITE_204|LYS|halogen_bond|frequency,2026091901,0,9,0.0
lorazepam,alpha2,alpha2|BZD_SITE_204|LYS|halogen_bond|frequency,2026091902,0,9,0.0
lorazepam,alpha2,alpha2|BZD_SITE_204|LYS|halogen_bond|frequency,2026091903,0,9,0.0
lorazepam,alpha2,alpha2|BZD_SITE_204|LYS|halogen_bond|frequency,2026091904,0,9,0.0
lorazepam,alpha2,alpha2|BZD_SITE_204|LYS|halogen_bond|frequency,2026091905,0,9,0.0
clonazepam,alpha2,alpha2|BZD_SITE_204|LYS|halogen_bond|frequency,2026091901,0,9,0.0
clonazepam,alpha2,alpha2|BZD_SITE_204|LYS|halogen_bond|frequency,2026091902,0,9,0.0
clonazepam,alpha2,alpha2|BZD_SITE_204|LYS|halogen_bond|frequency,2026091903,0,9,0.0
clonazepam,alpha2,alpha2|BZD_SITE_204|LYS|halogen_bond|frequency,2026091904,0,9,0.0
clonazepam,alpha2,alpha2|BZD_SITE_204|LYS|halogen_bond|frequency,2026091905,0,9,0.0
midazolam,alpha2,alpha2|BZD_SITE_204|LYS|halogen_bond|frequency,2026091901,0,9,0.0
midazolam,alpha2,alpha2|BZD_SITE_204|LYS|halogen_bond|frequency,2026091902,0,9,0.0
midazolam,alpha2,alpha2|BZD_SITE_204|LYS|halogen_bond|frequency,2026091903,0,9,0.0
midazolam,alpha2,alpha2|BZD_SITE_204|LYS|halogen_bond|frequency,2026091904,0,9,0.0
midazolam,alpha2,alpha2|BZD_SITE_204|LYS|halogen_bond|frequency,2026091905,0,9,0.0
temazepam,alpha2,alpha2|BZD_SITE_204|LYS|halogen_bond|frequency,2026091901,0,9,0.0
temazepam,alpha2,alpha2|BZD_SITE_204|LYS|halogen_bond|frequency,2026091902,0,9,0.0
temazepam,alpha2,alpha2|BZD_SITE_204|LYS|halogen_bond|frequency,2026091903,1,9,0.1111111111111111
temazepam,alpha2,alpha2|BZD_SITE_204|LYS|halogen_bond|frequency,2026091904,1,9,0.1111111111111111
temazepam,alpha2,alpha2|BZD_SITE_204|LYS|halogen_bond|frequency,2026091905,0,9,0.0
zopiclone,alpha2,alpha2|BZD_SITE_204|LYS|halogen_bond|frequency,2026091901,0,9,0.0
zopiclone,alpha2,alpha2|BZD_SITE_204|LYS|halogen_bond|frequency,2026091902,0,9,0.0
zopiclone,alpha2,alpha2|BZD_SITE_204|LYS|halogen_bond|frequency,2026091903,0,9,0.0
zopiclone,alpha2,alpha2|BZD_SITE_204|LYS|halogen_bond|frequency,2026091904,0,9,0.0
zopiclone,alpha2,alpha2|BZD_SITE_204|LYS|halogen_bond|frequency,2026091905,0,9,0.0
zaleplon,alpha2,alpha2|BZD_SITE_204|LYS|halogen_bond|frequency,2026091901,0,9,0.0
zaleplon,alpha2,alpha2|BZD_SITE_204|LYS|halogen_bond|frequency,2026091902,0,9,0.0
zaleplon,alpha2,alpha2|BZD_SITE_204|LYS|halogen_bond|frequency,2026091903,0,9,0.0
zaleplon,alpha2,alpha2|BZD_SITE_204|LYS|halogen_bond|frequency,2026091904,0,9,0.0
zaleplon,alpha2,alpha2|BZD_SITE_204|LYS|halogen_bond|frequency,2026091905,0,9,0.0
diazepam,alpha2,alpha2|BZD_SITE_206|SER|hydrogen_bond|frequency,2026091901,0,9,0.0
diazepam,alpha2,alpha2|BZD_SITE_206|SER|hydrogen_bond|frequency,2026091902,0,9,0.0
diazepam,alpha2,alpha2|BZD_SITE_206|SER|hydrogen_bond|frequency,2026091903,0,9,0.0
diazepam,alpha2,alpha2|BZD_SITE_206|SER|hydrogen_bond|frequency,2026091904,0,9,0.0
diazepam,alpha2,alpha2|BZD_SITE_206|SER|hydrogen_bond|frequency,2026091905,0,9,0.0
alprazolam,alpha2,alpha2|BZD_SITE_206|SER|hydrogen_bond|frequency,2026091901,0,9,0.0
alprazolam,alpha2,alpha2|BZD_SITE_206|SER|hydrogen_bond|frequency,2026091902,0,9,0.0
alprazolam,alpha2,alpha2|BZD_SITE_206|SER|hydrogen_bond|frequency,2026091903,0,9,0.0
alprazolam,alpha2,alpha2|BZD_SITE_206|SER|hydrogen_bond|frequency,2026091904,0,9,0.0
alprazolam,alpha2,alpha2|BZD_SITE_206|SER|hydrogen_bond|frequency,2026091905,0,9,0.0
triazolam,alpha2,alpha2|BZD_SITE_206|SER|hydrogen_bond|frequency,2026091901,0,9,0.0
triazolam,alpha2,alpha2|BZD_SITE_206|SER|hydrogen_bond|frequency,2026091902,0,9,0.0
triazolam,alpha2,alpha2|BZD_SITE_206|SER|hydrogen_bond|frequency,2026091903,0,9,0.0
triazolam,alpha2,alpha2|BZD_SITE_206|SER|hydrogen_bond|frequency,2026091904,0,9,0.0
triazolam,alpha2,alpha2|BZD_SITE_206|SER|hydrogen_bond|frequency,2026091905,0,9,0.0
zolpidem,alpha2,alpha2|BZD_SITE_206|SER|hydrogen_bond|frequency,2026091901,0,9,0.0
zolpidem,alpha2,alpha2|BZD_SITE_206|SER|hydrogen_bond|frequency,2026091902,0,9,0.0
zolpidem,alpha2,alpha2|BZD_SITE_206|SER|hydrogen_bond|frequency,2026091903,0,9,0.0
zolpidem,alpha2,alpha2|BZD_SITE_206|SER|hydrogen_bond|frequency,2026091904,0,9,0.0
zolpidem,alpha2,alpha2|BZD_SITE_206|SER|hydrogen_bond|frequency,2026091905,0,9,0.0
lorazepam,alpha2,alpha2|BZD_SITE_206|SER|hydrogen_bond|frequency,2026091901,0,9,0.0
lorazepam,alpha2,alpha2|BZD_SITE_206|SER|hydrogen_bond|frequency,2026091902,0,9,0.0
lorazepam,alpha2,alpha2|BZD_SITE_206|SER|hydrogen_bond|frequency,2026091903,0,9,0.0
lorazepam,alpha2,alpha2|BZD_SITE_206|SER|hydrogen_bond|frequency,2026091904,0,9,0.0
lorazepam,alpha2,alpha2|BZD_SITE_206|SER|hydrogen_bond|frequency,2026091905,0,9,0.0
clonazepam,alpha2,alpha2|BZD_SITE_206|SER|hydrogen_bond|frequency,2026091901,0,9,0.0
clonazepam,alpha2,alpha2|BZD_SITE_206|SER|hydrogen_bond|frequency,2026091902,0,9,0.0
clonazepam,alpha2,alpha2|BZD_SITE_206|SER|hydrogen_bond|frequency,2026091903,0,9,0.0
clonazepam,alpha2,alpha2|BZD_SITE_206|SER|hydrogen_bond|frequency,2026091904,0,9,0.0
clonazepam,alpha2,alpha2|BZD_SITE_206|SER|hydrogen_bond|frequency,2026091905,0,9,0.0
midazolam,alpha2,alpha2|BZD_SITE_206|SER|hydrogen_bond|frequency,2026091901,0,9,0.0
midazolam,alpha2,alpha2|BZD_SITE_206|SER|hydrogen_bond|frequency,2026091902,0,9,0.0
midazolam,alpha2,alpha2|BZD_SITE_206|SER|hydrogen_bond|frequency,2026091903,0,9,0.0
midazolam,alpha2,alpha2|BZD_SITE_206|SER|hydrogen_bond|frequency,2026091904,0,9,0.0
midazolam,alpha2,alpha2|BZD_SITE_206|SER|hydrogen_bond|frequency,2026091905,0,9,0.0
temazepam,alpha2,alpha2|BZD_SITE_206|SER|hydrogen_bond|frequency,2026091901,0,9,0.0
temazepam,alpha2,alpha2|BZD_SITE_206|SER|hydrogen_bond|frequency,2026091902,0,9,0.0
temazepam,alpha2,alpha2|BZD_SITE_206|SER|hydrogen_bond|frequency,2026091903,1,9,0.1111111111111111
temazepam,alpha2,alpha2|BZD_SITE_206|SER|hydrogen_bond|frequency,2026091904,0,9,0.0
temazepam,alpha2,alpha2|BZD_SITE_206|SER|hydrogen_bond|frequency,2026091905,0,9,0.0
zopiclone,alpha2,alpha2|BZD_SITE_206|SER|hydrogen_bond|frequency,2026091901,0,9,0.0
zopiclone,alpha2,alpha2|BZD_SITE_206|SER|hydrogen_bond|frequency,2026091902,1,9,0.1111111111111111
zopiclone,alpha2,alpha2|BZD_SITE_206|SER|hydrogen_bond|frequency,2026091903,1,9,0.1111111111111111
zopiclone,alpha2,alpha2|BZD_SITE_206|SER|hydrogen_bond|frequency,2026091904,1,9,0.1111111111111111
zopiclone,alpha2,alpha2|BZD_SITE_206|SER|hydrogen_bond|frequency,2026091905,1,9,0.1111111111111111
zaleplon,alpha2,alpha2|BZD_SITE_206|SER|hydrogen_bond|frequency,2026091901,1,9,0.1111111111111111
zaleplon,alpha2,alpha2|BZD_SITE_206|SER|hydrogen_bond|frequency,2026091902,2,9,0.2222222222222222
zaleplon,alpha2,alpha2|BZD_SITE_206|SER|hydrogen_bond|frequency,2026091903,1,9,0.1111111111111111
zaleplon,alpha2,alpha2|BZD_SITE_206|SER|hydrogen_bond|frequency,2026091904,2,9,0.2222222222222222
zaleplon,alpha2,alpha2|BZD_SITE_206|SER|hydrogen_bond|frequency,2026091905,2,9,0.2222222222222222
diazepam,alpha2,alpha2|BZD_SITE_207|THR|hydrogen_bond|frequency,2026091901,0,9,0.0
diazepam,alpha2,alpha2|BZD_SITE_207|THR|hydrogen_bond|frequency,2026091902,0,9,0.0
diazepam,alpha2,alpha2|BZD_SITE_207|THR|hydrogen_bond|frequency,2026091903,0,9,0.0
diazepam,alpha2,alpha2|BZD_SITE_207|THR|hydrogen_bond|frequency,2026091904,0,9,0.0
diazepam,alpha2,alpha2|BZD_SITE_207|THR|hydrogen_bond|frequency,2026091905,0,9,0.0
alprazolam,alpha2,alpha2|BZD_SITE_207|THR|hydrogen_bond|frequency,2026091901,0,9,0.0
alprazolam,alpha2,alpha2|BZD_SITE_207|THR|hydrogen_bond|frequency,2026091902,0,9,0.0
alprazolam,alpha2,alpha2|BZD_SITE_207|THR|hydrogen_bond|frequency,2026091903,0,9,0.0
alprazolam,alpha2,alpha2|BZD_SITE_207|THR|hydrogen_bond|frequency,2026091904,0,9,0.0
alprazolam,alpha2,alpha2|BZD_SITE_207|THR|hydrogen_bond|frequency,2026091905,0,9,0.0
triazolam,alpha2,alpha2|BZD_SITE_207|THR|hydrogen_bond|frequency,2026091901,0,9,0.0
triazolam,alpha2,alpha2|BZD_SITE_207|THR|hydrogen_bond|frequency,2026091902,0,9,0.0
triazolam,alpha2,alpha2|BZD_SITE_207|THR|hydrogen_bond|frequency,2026091903,0,9,0.0
triazolam,alpha2,alpha2|BZD_SITE_207|THR|hydrogen_bond|frequency,2026091904,0,9,0.0
triazolam,alpha2,alpha2|BZD_SITE_207|THR|hydrogen_bond|frequency,2026091905,0,9,0.0
zolpidem,alpha2,alpha2|BZD_SITE_207|THR|hydrogen_bond|frequency,2026091901,0,9,0.0
zolpidem,alpha2,alpha2|BZD_SITE_207|THR|hydrogen_bond|frequency,2026091902,0,9,0.0
zolpidem,alpha2,alpha2|BZD_SITE_207|THR|hydrogen_bond|frequency,2026091903,0,9,0.0
zolpidem,alpha2,alpha2|BZD_SITE_207|THR|hydrogen_bond|frequency,2026091904,0,9,0.0
zolpidem,alpha2,alpha2|BZD_SITE_207|THR|hydrogen_bond|frequency,2026091905,0,9,0.0
lorazepam,alpha2,alpha2|BZD_SITE_207|THR|hydrogen_bond|frequency,2026091901,0,9,0.0
lorazepam,alpha2,alpha2|BZD_SITE_207|THR|hydrogen_bond|frequency,2026091902,0,9,0.0
lorazepam,alpha2,alpha2|BZD_SITE_207|THR|hydrogen_bond|frequency,2026091903,0,9,0.0
lorazepam,alpha2,alpha2|BZD_SITE_207|THR|hydrogen_bond|frequency,2026091904,0,9,0.0
lorazepam,alpha2,alpha2|BZD_SITE_207|THR|hydrogen_bond|frequency,2026091905,0,9,0.0
clonazepam,alpha2,alpha2|BZD_SITE_207|THR|hydrogen_bond|frequency,2026091901,0,9,0.0
clonazepam,alpha2,alpha2|BZD_SITE_207|THR|hydrogen_bond|frequency,2026091902,0,9,0.0
clonazepam,alpha2,alpha2|BZD_SITE_207|THR|hydrogen_bond|frequency,2026091903,0,9,0.0
clonazepam,alpha2,alpha2|BZD_SITE_207|THR|hydrogen_bond|frequency,2026091904,0,9,0.0
clonazepam,alpha2,alpha2|BZD_SITE_207|THR|hydrogen_bond|frequency,2026091905,0,9,0.0
midazolam,alpha2,alpha2|BZD_SITE_207|THR|hydrogen_bond|frequency,2026091901,0,9,0.0
midazolam,alpha2,alpha2|BZD_SITE_207|THR|hydrogen_bond|frequency,2026091902,0,9,0.0
midazolam,alpha2,alpha2|BZD_SITE_207|THR|hydrogen_bond|frequency,2026091903,0,9,0.0
midazolam,alpha2,alpha2|BZD_SITE_207|THR|hydrogen_bond|frequency,2026091904,0,9,0.0
midazolam,alpha2,alpha2|BZD_SITE_207|THR|hydrogen_bond|frequency,2026091905,0,9,0.0
temazepam,alpha2,alpha2|BZD_SITE_207|THR|hydrogen_bond|frequency,2026091901,0,9,0.0
temazepam,alpha2,alpha2|BZD_SITE_207|THR|hydrogen_bond|frequency,2026091902,0,9,0.0
temazepam,alpha2,alpha2|BZD_SITE_207|THR|hydrogen_bond|frequency,2026091903,1,9,0.1111111111111111
temazepam,alpha2,alpha2|BZD_SITE_207|THR|hydrogen_bond|frequency,2026091904,0,9,0.0
temazepam,alpha2,alpha2|BZD_SITE_207|THR|hydrogen_bond|frequency,2026091905,0,9,0.0
zopiclone,alpha2,alpha2|BZD_SITE_207|THR|hydrogen_bond|frequency,2026091901,0,9,0.0
zopiclone,alpha2,alpha2|BZD_SITE_207|THR|hydrogen_bond|frequency,2026091902,0,9,0.0
zopiclone,alpha2,alpha2|BZD_SITE_207|THR|hydrogen_bond|frequency,2026091903,0,9,0.0
zopiclone,alpha2,alpha2|BZD_SITE_207|THR|hydrogen_bond|frequency,2026091904,0,9,0.0
zopiclone,alpha2,alpha2|BZD_SITE_207|THR|hydrogen_bond|frequency,2026091905,0,9,0.0
zaleplon,alpha2,alpha2|BZD_SITE_207|THR|hydrogen_bond|frequency,2026091901,2,9,0.2222222222222222
zaleplon,alpha2,alpha2|BZD_SITE_207|THR|hydrogen_bond|frequency,2026091902,3,9,0.3333333333333333
zaleplon,alpha2,alpha2|BZD_SITE_207|THR|hydrogen_bond|frequency,2026091903,0,9,0.0
zaleplon,alpha2,alpha2|BZD_SITE_207|THR|hydrogen_bond|frequency,2026091904,1,9,0.1111111111111111
zaleplon,alpha2,alpha2|BZD_SITE_207|THR|hydrogen_bond|frequency,2026091905,2,9,0.2222222222222222
diazepam,alpha2,alpha2|BZD_SITE_207|THR|hydrophobic_interaction|frequency,2026091901,0,9,0.0
diazepam,alpha2,alpha2|BZD_SITE_207|THR|hydrophobic_interaction|frequency,2026091902,0,9,0.0
diazepam,alpha2,alpha2|BZD_SITE_207|THR|hydrophobic_interaction|frequency,2026091903,0,9,0.0
diazepam,alpha2,alpha2|BZD_SITE_207|THR|hydrophobic_interaction|frequency,2026091904,0,9,0.0
diazepam,alpha2,alpha2|BZD_SITE_207|THR|hydrophobic_interaction|frequency,2026091905,0,9,0.0
alprazolam,alpha2,alpha2|BZD_SITE_207|THR|hydrophobic_interaction|frequency,2026091901,0,9,0.0
alprazolam,alpha2,alpha2|BZD_SITE_207|THR|hydrophobic_interaction|frequency,2026091902,0,9,0.0
alprazolam,alpha2,alpha2|BZD_SITE_207|THR|hydrophobic_interaction|frequency,2026091903,0,9,0.0
alprazolam,alpha2,alpha2|BZD_SITE_207|THR|hydrophobic_interaction|frequency,2026091904,0,9,0.0
alprazolam,alpha2,alpha2|BZD_SITE_207|THR|hydrophobic_interaction|frequency,2026091905,0,9,0.0
triazolam,alpha2,alpha2|BZD_SITE_207|THR|hydrophobic_interaction|frequency,2026091901,0,9,0.0
triazolam,alpha2,alpha2|BZD_SITE_207|THR|hydrophobic_interaction|frequency,2026091902,0,9,0.0
triazolam,alpha2,alpha2|BZD_SITE_207|THR|hydrophobic_interaction|frequency,2026091903,0,9,0.0
triazolam,alpha2,alpha2|BZD_SITE_207|THR|hydrophobic_interaction|frequency,2026091904,0,9,0.0
triazolam,alpha2,alpha2|BZD_SITE_207|THR|hydrophobic_interaction|frequency,2026091905,0,9,0.0
zolpidem,alpha2,alpha2|BZD_SITE_207|THR|hydrophobic_interaction|frequency,2026091901,0,9,0.0
zolpidem,alpha2,alpha2|BZD_SITE_207|THR|hydrophobic_interaction|frequency,2026091902,0,9,0.0
zolpidem,alpha2,alpha2|BZD_SITE_207|THR|hydrophobic_interaction|frequency,2026091903,0,9,0.0
zolpidem,alpha2,alpha2|BZD_SITE_207|THR|hydrophobic_interaction|frequency,2026091904,0,9,0.0
zolpidem,alpha2,alpha2|BZD_SITE_207|THR|hydrophobic_interaction|frequency,2026091905,0,9,0.0
lorazepam,alpha2,alpha2|BZD_SITE_207|THR|hydrophobic_interaction|frequency,2026091901,0,9,0.0
lorazepam,alpha2,alpha2|BZD_SITE_207|THR|hydrophobic_interaction|frequency,2026091902,0,9,0.0
lorazepam,alpha2,alpha2|BZD_SITE_207|THR|hydrophobic_interaction|frequency,2026091903,0,9,0.0
lorazepam,alpha2,alpha2|BZD_SITE_207|THR|hydrophobic_interaction|frequency,2026091904,0,9,0.0
lorazepam,alpha2,alpha2|BZD_SITE_207|THR|hydrophobic_interaction|frequency,2026091905,0,9,0.0
clonazepam,alpha2,alpha2|BZD_SITE_207|THR|hydrophobic_interaction|frequency,2026091901,0,9,0.0
clonazepam,alpha2,alpha2|BZD_SITE_207|THR|hydrophobic_interaction|frequency,2026091902,0,9,0.0
clonazepam,alpha2,alpha2|BZD_SITE_207|THR|hydrophobic_interaction|frequency,2026091903,0,9,0.0
clonazepam,alpha2,alpha2|BZD_SITE_207|THR|hydrophobic_interaction|frequency,2026091904,0,9,0.0
clonazepam,alpha2,alpha2|BZD_SITE_207|THR|hydrophobic_interaction|frequency,2026091905,0,9,0.0
midazolam,alpha2,alpha2|BZD_SITE_207|THR|hydrophobic_interaction|frequency,2026091901,0,9,0.0
midazolam,alpha2,alpha2|BZD_SITE_207|THR|hydrophobic_interaction|frequency,2026091902,0,9,0.0
midazolam,alpha2,alpha2|BZD_SITE_207|THR|hydrophobic_interaction|frequency,2026091903,0,9,0.0
midazolam,alpha2,alpha2|BZD_SITE_207|THR|hydrophobic_interaction|frequency,2026091904,0,9,0.0
midazolam,alpha2,alpha2|BZD_SITE_207|THR|hydrophobic_interaction|frequency,2026091905,0,9,0.0
temazepam,alpha2,alpha2|BZD_SITE_207|THR|hydrophobic_interaction|frequency,2026091901,0,9,0.0
temazepam,alpha2,alpha2|BZD_SITE_207|THR|hydrophobic_interaction|frequency,2026091902,0,9,0.0
temazepam,alpha2,alpha2|BZD_SITE_207|THR|hydrophobic_interaction|frequency,2026091903,0,9,0.0
temazepam,alpha2,alpha2|BZD_SITE_207|THR|hydrophobic_interaction|frequency,2026091904,0,9,0.0
temazepam,alpha2,alpha2|BZD_SITE_207|THR|hydrophobic_interaction|frequency,2026091905,0,9,0.0
zopiclone,alpha2,alpha2|BZD_SITE_207|THR|hydrophobic_interaction|frequency,2026091901,0,9,0.0
zopiclone,alpha2,alpha2|BZD_SITE_207|THR|hydrophobic_interaction|frequency,2026091902,0,9,0.0
zopiclone,alpha2,alpha2|BZD_SITE_207|THR|hydrophobic_interaction|frequency,2026091903,0,9,0.0
zopiclone,alpha2,alpha2|BZD_SITE_207|THR|hydrophobic_interaction|frequency,2026091904,0,9,0.0
zopiclone,alpha2,alpha2|BZD_SITE_207|THR|hydrophobic_interaction|frequency,2026091905,0,9,0.0
zaleplon,alpha2,alpha2|BZD_SITE_207|THR|hydrophobic_interaction|frequency,2026091901,0,9,0.0
zaleplon,alpha2,alpha2|BZD_SITE_207|THR|hydrophobic_interaction|frequency,2026091902,1,9,0.1111111111111111
zaleplon,alpha2,alpha2|BZD_SITE_207|THR|hydrophobic_interaction|frequency,2026091903,1,9,0.1111111111111111
zaleplon,alpha2,alpha2|BZD_SITE_207|THR|hydrophobic_interaction|frequency,2026091904,1,9,0.1111111111111111
zaleplon,alpha2,alpha2|BZD_SITE_207|THR|hydrophobic_interaction|frequency,2026091905,1,9,0.1111111111111111
diazepam,alpha2,alpha2|BZD_SITE_210|TYR|hydrogen_bond|frequency,2026091901,0,9,0.0
diazepam,alpha2,alpha2|BZD_SITE_210|TYR|hydrogen_bond|frequency,2026091902,0,9,0.0
diazepam,alpha2,alpha2|BZD_SITE_210|TYR|hydrogen_bond|frequency,2026091903,0,9,0.0
diazepam,alpha2,alpha2|BZD_SITE_210|TYR|hydrogen_bond|frequency,2026091904,0,9,0.0
diazepam,alpha2,alpha2|BZD_SITE_210|TYR|hydrogen_bond|frequency,2026091905,0,9,0.0
alprazolam,alpha2,alpha2|BZD_SITE_210|TYR|hydrogen_bond|frequency,2026091901,0,9,0.0
alprazolam,alpha2,alpha2|BZD_SITE_210|TYR|hydrogen_bond|frequency,2026091902,0,9,0.0
alprazolam,alpha2,alpha2|BZD_SITE_210|TYR|hydrogen_bond|frequency,2026091903,0,9,0.0
alprazolam,alpha2,alpha2|BZD_SITE_210|TYR|hydrogen_bond|frequency,2026091904,0,9,0.0
alprazolam,alpha2,alpha2|BZD_SITE_210|TYR|hydrogen_bond|frequency,2026091905,0,9,0.0
triazolam,alpha2,alpha2|BZD_SITE_210|TYR|hydrogen_bond|frequency,2026091901,0,9,0.0
triazolam,alpha2,alpha2|BZD_SITE_210|TYR|hydrogen_bond|frequency,2026091902,0,9,0.0
triazolam,alpha2,alpha2|BZD_SITE_210|TYR|hydrogen_bond|frequency,2026091903,0,9,0.0
triazolam,alpha2,alpha2|BZD_SITE_210|TYR|hydrogen_bond|frequency,2026091904,0,9,0.0
triazolam,alpha2,alpha2|BZD_SITE_210|TYR|hydrogen_bond|frequency,2026091905,0,9,0.0
zolpidem,alpha2,alpha2|BZD_SITE_210|TYR|hydrogen_bond|frequency,2026091901,0,9,0.0
zolpidem,alpha2,alpha2|BZD_SITE_210|TYR|hydrogen_bond|frequency,2026091902,0,9,0.0
zolpidem,alpha2,alpha2|BZD_SITE_210|TYR|hydrogen_bond|frequency,2026091903,0,9,0.0
zolpidem,alpha2,alpha2|BZD_SITE_210|TYR|hydrogen_bond|frequency,2026091904,0,9,0.0
zolpidem,alpha2,alpha2|BZD_SITE_210|TYR|hydrogen_bond|frequency,2026091905,0,9,0.0
lorazepam,alpha2,alpha2|BZD_SITE_210|TYR|hydrogen_bond|frequency,2026091901,0,9,0.0
lorazepam,alpha2,alpha2|BZD_SITE_210|TYR|hydrogen_bond|frequency,2026091902,0,9,0.0
lorazepam,alpha2,alpha2|BZD_SITE_210|TYR|hydrogen_bond|frequency,2026091903,0,9,0.0
lorazepam,alpha2,alpha2|BZD_SITE_210|TYR|hydrogen_bond|frequency,2026091904,0,9,0.0
lorazepam,alpha2,alpha2|BZD_SITE_210|TYR|hydrogen_bond|frequency,2026091905,0,9,0.0
clonazepam,alpha2,alpha2|BZD_SITE_210|TYR|hydrogen_bond|frequency,2026091901,0,9,0.0
clonazepam,alpha2,alpha2|BZD_SITE_210|TYR|hydrogen_bond|frequency,2026091902,0,9,0.0
clonazepam,alpha2,alpha2|BZD_SITE_210|TYR|hydrogen_bond|frequency,2026091903,0,9,0.0
clonazepam,alpha2,alpha2|BZD_SITE_210|TYR|hydrogen_bond|frequency,2026091904,0,9,0.0
clonazepam,alpha2,alpha2|BZD_SITE_210|TYR|hydrogen_bond|frequency,2026091905,0,9,0.0
midazolam,alpha2,alpha2|BZD_SITE_210|TYR|hydrogen_bond|frequency,2026091901,0,9,0.0
midazolam,alpha2,alpha2|BZD_SITE_210|TYR|hydrogen_bond|frequency,2026091902,0,9,0.0
midazolam,alpha2,alpha2|BZD_SITE_210|TYR|hydrogen_bond|frequency,2026091903,0,9,0.0
midazolam,alpha2,alpha2|BZD_SITE_210|TYR|hydrogen_bond|frequency,2026091904,0,9,0.0
midazolam,alpha2,alpha2|BZD_SITE_210|TYR|hydrogen_bond|frequency,2026091905,0,9,0.0
temazepam,alpha2,alpha2|BZD_SITE_210|TYR|hydrogen_bond|frequency,2026091901,0,9,0.0
temazepam,alpha2,alpha2|BZD_SITE_210|TYR|hydrogen_bond|frequency,2026091902,0,9,0.0
temazepam,alpha2,alpha2|BZD_SITE_210|TYR|hydrogen_bond|frequency,2026091903,0,9,0.0
temazepam,alpha2,alpha2|BZD_SITE_210|TYR|hydrogen_bond|frequency,2026091904,0,9,0.0
temazepam,alpha2,alpha2|BZD_SITE_210|TYR|hydrogen_bond|frequency,2026091905,0,9,0.0
zopiclone,alpha2,alpha2|BZD_SITE_210|TYR|hydrogen_bond|frequency,2026091901,0,9,0.0
zopiclone,alpha2,alpha2|BZD_SITE_210|TYR|hydrogen_bond|frequency,2026091902,0,9,0.0
zopiclone,alpha2,alpha2|BZD_SITE_210|TYR|hydrogen_bond|frequency,2026091903,0,9,0.0
zopiclone,alpha2,alpha2|BZD_SITE_210|TYR|hydrogen_bond|frequency,2026091904,0,9,0.0
zopiclone,alpha2,alpha2|BZD_SITE_210|TYR|hydrogen_bond|frequency,2026091905,0,9,0.0
zaleplon,alpha2,alpha2|BZD_SITE_210|TYR|hydrogen_bond|frequency,2026091901,0,9,0.0
zaleplon,alpha2,alpha2|BZD_SITE_210|TYR|hydrogen_bond|frequency,2026091902,2,9,0.2222222222222222
zaleplon,alpha2,alpha2|BZD_SITE_210|TYR|hydrogen_bond|frequency,2026091903,3,9,0.3333333333333333
zaleplon,alpha2,alpha2|BZD_SITE_210|TYR|hydrogen_bond|frequency,2026091904,0,9,0.0
zaleplon,alpha2,alpha2|BZD_SITE_210|TYR|hydrogen_bond|frequency,2026091905,0,9,0.0
diazepam,alpha2,alpha2|BZD_SITE_210|TYR|hydrophobic_interaction|frequency,2026091901,1,9,0.1111111111111111
diazepam,alpha2,alpha2|BZD_SITE_210|TYR|hydrophobic_interaction|frequency,2026091902,1,9,0.1111111111111111
diazepam,alpha2,alpha2|BZD_SITE_210|TYR|hydrophobic_interaction|frequency,2026091903,1,9,0.1111111111111111
diazepam,alpha2,alpha2|BZD_SITE_210|TYR|hydrophobic_interaction|frequency,2026091904,1,9,0.1111111111111111
diazepam,alpha2,alpha2|BZD_SITE_210|TYR|hydrophobic_interaction|frequency,2026091905,1,9,0.1111111111111111
alprazolam,alpha2,alpha2|BZD_SITE_210|TYR|hydrophobic_interaction|frequency,2026091901,0,9,0.0
alprazolam,alpha2,alpha2|BZD_SITE_210|TYR|hydrophobic_interaction|frequency,2026091902,0,9,0.0
alprazolam,alpha2,alpha2|BZD_SITE_210|TYR|hydrophobic_interaction|frequency,2026091903,2,9,0.2222222222222222
alprazolam,alpha2,alpha2|BZD_SITE_210|TYR|hydrophobic_interaction|frequency,2026091904,1,9,0.1111111111111111
alprazolam,alpha2,alpha2|BZD_SITE_210|TYR|hydrophobic_interaction|frequency,2026091905,0,9,0.0
triazolam,alpha2,alpha2|BZD_SITE_210|TYR|hydrophobic_interaction|frequency,2026091901,0,9,0.0
triazolam,alpha2,alpha2|BZD_SITE_210|TYR|hydrophobic_interaction|frequency,2026091902,0,9,0.0
triazolam,alpha2,alpha2|BZD_SITE_210|TYR|hydrophobic_interaction|frequency,2026091903,0,9,0.0
triazolam,alpha2,alpha2|BZD_SITE_210|TYR|hydrophobic_interaction|frequency,2026091904,0,9,0.0
triazolam,alpha2,alpha2|BZD_SITE_210|TYR|hydrophobic_interaction|frequency,2026091905,0,9,0.0
zolpidem,alpha2,alpha2|BZD_SITE_210|TYR|hydrophobic_interaction|frequency,2026091901,4,9,0.4444444444444444
zolpidem,alpha2,alpha2|BZD_SITE_210|TYR|hydrophobic_interaction|frequency,2026091902,4,9,0.4444444444444444
zolpidem,alpha2,alpha2|BZD_SITE_210|TYR|hydrophobic_interaction|frequency,2026091903,3,9,0.3333333333333333
zolpidem,alpha2,alpha2|BZD_SITE_210|TYR|hydrophobic_interaction|frequency,2026091904,4,9,0.4444444444444444
zolpidem,alpha2,alpha2|BZD_SITE_210|TYR|hydrophobic_interaction|frequency,2026091905,3,9,0.3333333333333333
lorazepam,alpha2,alpha2|BZD_SITE_210|TYR|hydrophobic_interaction|frequency,2026091901,0,9,0.0
lorazepam,alpha2,alpha2|BZD_SITE_210|TYR|hydrophobic_interaction|frequency,2026091902,0,9,0.0
lorazepam,alpha2,alpha2|BZD_SITE_210|TYR|hydrophobic_interaction|frequency,2026091903,0,9,0.0
lorazepam,alpha2,alpha2|BZD_SITE_210|TYR|hydrophobic_interaction|frequency,2026091904,0,9,0.0
lorazepam,alpha2,alpha2|BZD_SITE_210|TYR|hydrophobic_interaction|frequency,2026091905,0,9,0.0
clonazepam,alpha2,alpha2|BZD_SITE_210|TYR|hydrophobic_interaction|frequency,2026091901,0,9,0.0
clonazepam,alpha2,alpha2|BZD_SITE_210|TYR|hydrophobic_interaction|frequency,2026091902,1,9,0.1111111111111111
clonazepam,alpha2,alpha2|BZD_SITE_210|TYR|hydrophobic_interaction|frequency,2026091903,1,9,0.1111111111111111
clonazepam,alpha2,alpha2|BZD_SITE_210|TYR|hydrophobic_interaction|frequency,2026091904,1,9,0.1111111111111111
clonazepam,alpha2,alpha2|BZD_SITE_210|TYR|hydrophobic_interaction|frequency,2026091905,0,9,0.0
midazolam,alpha2,alpha2|BZD_SITE_210|TYR|hydrophobic_interaction|frequency,2026091901,1,9,0.1111111111111111
midazolam,alpha2,alpha2|BZD_SITE_210|TYR|hydrophobic_interaction|frequency,2026091902,1,9,0.1111111111111111
midazolam,alpha2,alpha2|BZD_SITE_210|TYR|hydrophobic_interaction|frequency,2026091903,0,9,0.0
midazolam,alpha2,alpha2|BZD_SITE_210|TYR|hydrophobic_interaction|frequency,2026091904,1,9,0.1111111111111111
midazolam,alpha2,alpha2|BZD_SITE_210|TYR|hydrophobic_interaction|frequency,2026091905,0,9,0.0
temazepam,alpha2,alpha2|BZD_SITE_210|TYR|hydrophobic_interaction|frequency,2026091901,1,9,0.1111111111111111
temazepam,alpha2,alpha2|BZD_SITE_210|TYR|hydrophobic_interaction|frequency,2026091902,0,9,0.0
temazepam,alpha2,alpha2|BZD_SITE_210|TYR|hydrophobic_interaction|frequency,2026091903,0,9,0.0
temazepam,alpha2,alpha2|BZD_SITE_210|TYR|hydrophobic_interaction|frequency,2026091904,0,9,0.0
temazepam,alpha2,alpha2|BZD_SITE_210|TYR|hydrophobic_interaction|frequency,2026091905,0,9,0.0
zopiclone,alpha2,alpha2|BZD_SITE_210|TYR|hydrophobic_interaction|frequency,2026091901,0,9,0.0
zopiclone,alpha2,alpha2|BZD_SITE_210|TYR|hydrophobic_interaction|frequency,2026091902,0,9,0.0
zopiclone,alpha2,alpha2|BZD_SITE_210|TYR|hydrophobic_interaction|frequency,2026091903,0,9,0.0
zopiclone,alpha2,alpha2|BZD_SITE_210|TYR|hydrophobic_interaction|frequency,2026091904,0,9,0.0
zopiclone,alpha2,alpha2|BZD_SITE_210|TYR|hydrophobic_interaction|frequency,2026091905,0,9,0.0
zaleplon,alpha2,alpha2|BZD_SITE_210|TYR|hydrophobic_interaction|frequency,2026091901,6,9,0.6666666666666666
zaleplon,alpha2,alpha2|BZD_SITE_210|TYR|hydrophobic_interaction|frequency,2026091902,5,9,0.5555555555555556
zaleplon,alpha2,alpha2|BZD_SITE_210|TYR|hydrophobic_interaction|frequency,2026091903,7,9,0.7777777777777778
zaleplon,alpha2,alpha2|BZD_SITE_210|TYR|hydrophobic_interaction|frequency,2026091904,6,9,0.6666666666666666
zaleplon,alpha2,alpha2|BZD_SITE_210|TYR|hydrophobic_interaction|frequency,2026091905,7,9,0.7777777777777778
diazepam,alpha2,alpha2|BZD_SITE_210|TYR|pi_stack|frequency,2026091901,0,9,0.0
diazepam,alpha2,alpha2|BZD_SITE_210|TYR|pi_stack|frequency,2026091902,0,9,0.0
diazepam,alpha2,alpha2|BZD_SITE_210|TYR|pi_stack|frequency,2026091903,0,9,0.0
diazepam,alpha2,alpha2|BZD_SITE_210|TYR|pi_stack|frequency,2026091904,0,9,0.0
diazepam,alpha2,alpha2|BZD_SITE_210|TYR|pi_stack|frequency,2026091905,0,9,0.0
diazepam,alpha2,alpha2|BZD_SITE_210|TYR|pi_stack|P_frequency,2026091901,0,9,0.0
diazepam,alpha2,alpha2|BZD_SITE_210|TYR|pi_stack|P_frequency,2026091902,0,9,0.0
diazepam,alpha2,alpha2|BZD_SITE_210|TYR|pi_stack|P_frequency,2026091903,0,9,0.0
diazepam,alpha2,alpha2|BZD_SITE_210|TYR|pi_stack|P_frequency,2026091904,0,9,0.0
diazepam,alpha2,alpha2|BZD_SITE_210|TYR|pi_stack|P_frequency,2026091905,0,9,0.0
diazepam,alpha2,alpha2|BZD_SITE_210|TYR|pi_stack|T_frequency,2026091901,0,9,0.0
diazepam,alpha2,alpha2|BZD_SITE_210|TYR|pi_stack|T_frequency,2026091902,0,9,0.0
diazepam,alpha2,alpha2|BZD_SITE_210|TYR|pi_stack|T_frequency,2026091903,0,9,0.0
diazepam,alpha2,alpha2|BZD_SITE_210|TYR|pi_stack|T_frequency,2026091904,0,9,0.0
diazepam,alpha2,alpha2|BZD_SITE_210|TYR|pi_stack|T_frequency,2026091905,0,9,0.0
alprazolam,alpha2,alpha2|BZD_SITE_210|TYR|pi_stack|frequency,2026091901,0,9,0.0
alprazolam,alpha2,alpha2|BZD_SITE_210|TYR|pi_stack|frequency,2026091902,0,9,0.0
alprazolam,alpha2,alpha2|BZD_SITE_210|TYR|pi_stack|frequency,2026091903,0,9,0.0
alprazolam,alpha2,alpha2|BZD_SITE_210|TYR|pi_stack|frequency,2026091904,0,9,0.0
alprazolam,alpha2,alpha2|BZD_SITE_210|TYR|pi_stack|frequency,2026091905,0,9,0.0
alprazolam,alpha2,alpha2|BZD_SITE_210|TYR|pi_stack|P_frequency,2026091901,0,9,0.0
alprazolam,alpha2,alpha2|BZD_SITE_210|TYR|pi_stack|P_frequency,2026091902,0,9,0.0
alprazolam,alpha2,alpha2|BZD_SITE_210|TYR|pi_stack|P_frequency,2026091903,0,9,0.0
alprazolam,alpha2,alpha2|BZD_SITE_210|TYR|pi_stack|P_frequency,2026091904,0,9,0.0
alprazolam,alpha2,alpha2|BZD_SITE_210|TYR|pi_stack|P_frequency,2026091905,0,9,0.0
alprazolam,alpha2,alpha2|BZD_SITE_210|TYR|pi_stack|T_frequency,2026091901,0,9,0.0
alprazolam,alpha2,alpha2|BZD_SITE_210|TYR|pi_stack|T_frequency,2026091902,0,9,0.0
alprazolam,alpha2,alpha2|BZD_SITE_210|TYR|pi_stack|T_frequency,2026091903,0,9,0.0
alprazolam,alpha2,alpha2|BZD_SITE_210|TYR|pi_stack|T_frequency,2026091904,0,9,0.0
alprazolam,alpha2,alpha2|BZD_SITE_210|TYR|pi_stack|T_frequency,2026091905,0,9,0.0
triazolam,alpha2,alpha2|BZD_SITE_210|TYR|pi_stack|frequency,2026091901,0,9,0.0
triazolam,alpha2,alpha2|BZD_SITE_210|TYR|pi_stack|frequency,2026091902,0,9,0.0
triazolam,alpha2,alpha2|BZD_SITE_210|TYR|pi_stack|frequency,2026091903,0,9,0.0
triazolam,alpha2,alpha2|BZD_SITE_210|TYR|pi_stack|frequency,2026091904,0,9,0.0
triazolam,alpha2,alpha2|BZD_SITE_210|TYR|pi_stack|frequency,2026091905,0,9,0.0
triazolam,alpha2,alpha2|BZD_SITE_210|TYR|pi_stack|P_frequency,2026091901,0,9,0.0
triazolam,alpha2,alpha2|BZD_SITE_210|TYR|pi_stack|P_frequency,2026091902,0,9,0.0
triazolam,alpha2,alpha2|BZD_SITE_210|TYR|pi_stack|P_frequency,2026091903,0,9,0.0
triazolam,alpha2,alpha2|BZD_SITE_210|TYR|pi_stack|P_frequency,2026091904,0,9,0.0
triazolam,alpha2,alpha2|BZD_SITE_210|TYR|pi_stack|P_frequency,2026091905,0,9,0.0
triazolam,alpha2,alpha2|BZD_SITE_210|TYR|pi_stack|T_frequency,2026091901,0,9,0.0
triazolam,alpha2,alpha2|BZD_SITE_210|TYR|pi_stack|T_frequency,2026091902,0,9,0.0
triazolam,alpha2,alpha2|BZD_SITE_210|TYR|pi_stack|T_frequency,2026091903,0,9,0.0
triazolam,alpha2,alpha2|BZD_SITE_210|TYR|pi_stack|T_frequency,2026091904,0,9,0.0
triazolam,alpha2,alpha2|BZD_SITE_210|TYR|pi_stack|T_frequency,2026091905,0,9,0.0
zolpidem,alpha2,alpha2|BZD_SITE_210|TYR|pi_stack|frequency,2026091901,0,9,0.0
zolpidem,alpha2,alpha2|BZD_SITE_210|TYR|pi_stack|frequency,2026091902,0,9,0.0
zolpidem,alpha2,alpha2|BZD_SITE_210|TYR|pi_stack|frequency,2026091903,0,9,0.0
zolpidem,alpha2,alpha2|BZD_SITE_210|TYR|pi_stack|frequency,2026091904,0,9,0.0
zolpidem,alpha2,alpha2|BZD_SITE_210|TYR|pi_stack|frequency,2026091905,0,9,0.0
zolpidem,alpha2,alpha2|BZD_SITE_210|TYR|pi_stack|P_frequency,2026091901,0,9,0.0
zolpidem,alpha2,alpha2|BZD_SITE_210|TYR|pi_stack|P_frequency,2026091902,0,9,0.0
zolpidem,alpha2,alpha2|BZD_SITE_210|TYR|pi_stack|P_frequency,2026091903,0,9,0.0
zolpidem,alpha2,alpha2|BZD_SITE_210|TYR|pi_stack|P_frequency,2026091904,0,9,0.0
zolpidem,alpha2,alpha2|BZD_SITE_210|TYR|pi_stack|P_frequency,2026091905,0,9,0.0
zolpidem,alpha2,alpha2|BZD_SITE_210|TYR|pi_stack|T_frequency,2026091901,0,9,0.0
zolpidem,alpha2,alpha2|BZD_SITE_210|TYR|pi_stack|T_frequency,2026091902,0,9,0.0
zolpidem,alpha2,alpha2|BZD_SITE_210|TYR|pi_stack|T_frequency,2026091903,0,9,0.0
zolpidem,alpha2,alpha2|BZD_SITE_210|TYR|pi_stack|T_frequency,2026091904,0,9,0.0
zolpidem,alpha2,alpha2|BZD_SITE_210|TYR|pi_stack|T_frequency,2026091905,0,9,0.0
lorazepam,alpha2,alpha2|BZD_SITE_210|TYR|pi_stack|frequency,2026091901,0,9,0.0
lorazepam,alpha2,alpha2|BZD_SITE_210|TYR|pi_stack|frequency,2026091902,0,9,0.0
lorazepam,alpha2,alpha2|BZD_SITE_210|TYR|pi_stack|frequency,2026091903,0,9,0.0
lorazepam,alpha2,alpha2|BZD_SITE_210|TYR|pi_stack|frequency,2026091904,0,9,0.0
lorazepam,alpha2,alpha2|BZD_SITE_210|TYR|pi_stack|frequency,2026091905,0,9,0.0
lorazepam,alpha2,alpha2|BZD_SITE_210|TYR|pi_stack|P_frequency,2026091901,0,9,0.0
lorazepam,alpha2,alpha2|BZD_SITE_210|TYR|pi_stack|P_frequency,2026091902,0,9,0.0
lorazepam,alpha2,alpha2|BZD_SITE_210|TYR|pi_stack|P_frequency,2026091903,0,9,0.0
lorazepam,alpha2,alpha2|BZD_SITE_210|TYR|pi_stack|P_frequency,2026091904,0,9,0.0
lorazepam,alpha2,alpha2|BZD_SITE_210|TYR|pi_stack|P_frequency,2026091905,0,9,0.0
lorazepam,alpha2,alpha2|BZD_SITE_210|TYR|pi_stack|T_frequency,2026091901,0,9,0.0
lorazepam,alpha2,alpha2|BZD_SITE_210|TYR|pi_stack|T_frequency,2026091902,0,9,0.0
lorazepam,alpha2,alpha2|BZD_SITE_210|TYR|pi_stack|T_frequency,2026091903,0,9,0.0
lorazepam,alpha2,alpha2|BZD_SITE_210|TYR|pi_stack|T_frequency,2026091904,0,9,0.0
lorazepam,alpha2,alpha2|BZD_SITE_210|TYR|pi_stack|T_frequency,2026091905,0,9,0.0
clonazepam,alpha2,alpha2|BZD_SITE_210|TYR|pi_stack|frequency,2026091901,0,9,0.0
clonazepam,alpha2,alpha2|BZD_SITE_210|TYR|pi_stack|frequency,2026091902,0,9,0.0
clonazepam,alpha2,alpha2|BZD_SITE_210|TYR|pi_stack|frequency,2026091903,0,9,0.0
clonazepam,alpha2,alpha2|BZD_SITE_210|TYR|pi_stack|frequency,2026091904,0,9,0.0
clonazepam,alpha2,alpha2|BZD_SITE_210|TYR|pi_stack|frequency,2026091905,0,9,0.0
clonazepam,alpha2,alpha2|BZD_SITE_210|TYR|pi_stack|P_frequency,2026091901,0,9,0.0
clonazepam,alpha2,alpha2|BZD_SITE_210|TYR|pi_stack|P_frequency,2026091902,0,9,0.0
clonazepam,alpha2,alpha2|BZD_SITE_210|TYR|pi_stack|P_frequency,2026091903,0,9,0.0
clonazepam,alpha2,alpha2|BZD_SITE_210|TYR|pi_stack|P_frequency,2026091904,0,9,0.0
clonazepam,alpha2,alpha2|BZD_SITE_210|TYR|pi_stack|P_frequency,2026091905,0,9,0.0
clonazepam,alpha2,alpha2|BZD_SITE_210|TYR|pi_stack|T_frequency,2026091901,0,9,0.0
clonazepam,alpha2,alpha2|BZD_SITE_210|TYR|pi_stack|T_frequency,2026091902,0,9,0.0
clonazepam,alpha2,alpha2|BZD_SITE_210|TYR|pi_stack|T_frequency,2026091903,0,9,0.0
clonazepam,alpha2,alpha2|BZD_SITE_210|TYR|pi_stack|T_frequency,2026091904,0,9,0.0
clonazepam,alpha2,alpha2|BZD_SITE_210|TYR|pi_stack|T_frequency,2026091905,0,9,0.0
midazolam,alpha2,alpha2|BZD_SITE_210|TYR|pi_stack|frequency,2026091901,0,9,0.0
midazolam,alpha2,alpha2|BZD_SITE_210|TYR|pi_stack|frequency,2026091902,1,9,0.1111111111111111
midazolam,alpha2,alpha2|BZD_SITE_210|TYR|pi_stack|frequency,2026091903,0,9,0.0
midazolam,alpha2,alpha2|BZD_SITE_210|TYR|pi_stack|frequency,2026091904,1,9,0.1111111111111111
midazolam,alpha2,alpha2|BZD_SITE_210|TYR|pi_stack|frequency,2026091905,0,9,0.0
midazolam,alpha2,alpha2|BZD_SITE_210|TYR|pi_stack|P_frequency,2026091901,0,9,0.0
midazolam,alpha2,alpha2|BZD_SITE_210|TYR|pi_stack|P_frequency,2026091902,1,9,0.1111111111111111
midazolam,alpha2,alpha2|BZD_SITE_210|TYR|pi_stack|P_frequency,2026091903,0,9,0.0
midazolam,alpha2,alpha2|BZD_SITE_210|TYR|pi_stack|P_frequency,2026091904,1,9,0.1111111111111111
midazolam,alpha2,alpha2|BZD_SITE_210|TYR|pi_stack|P_frequency,2026091905,0,9,0.0
midazolam,alpha2,alpha2|BZD_SITE_210|TYR|pi_stack|T_frequency,2026091901,0,9,0.0
midazolam,alpha2,alpha2|BZD_SITE_210|TYR|pi_stack|T_frequency,2026091902,0,9,0.0
midazolam,alpha2,alpha2|BZD_SITE_210|TYR|pi_stack|T_frequency,2026091903,0,9,0.0
midazolam,alpha2,alpha2|BZD_SITE_210|TYR|pi_stack|T_frequency,2026091904,0,9,0.0
midazolam,alpha2,alpha2|BZD_SITE_210|TYR|pi_stack|T_frequency,2026091905,0,9,0.0
temazepam,alpha2,alpha2|BZD_SITE_210|TYR|pi_stack|frequency,2026091901,0,9,0.0
temazepam,alpha2,alpha2|BZD_SITE_210|TYR|pi_stack|frequency,2026091902,0,9,0.0
temazepam,alpha2,alpha2|BZD_SITE_210|TYR|pi_stack|frequency,2026091903,1,9,0.1111111111111111
temazepam,alpha2,alpha2|BZD_SITE_210|TYR|pi_stack|frequency,2026091904,0,9,0.0
temazepam,alpha2,alpha2|BZD_SITE_210|TYR|pi_stack|frequency,2026091905,0,9,0.0
temazepam,alpha2,alpha2|BZD_SITE_210|TYR|pi_stack|P_frequency,2026091901,0,9,0.0
temazepam,alpha2,alpha2|BZD_SITE_210|TYR|pi_stack|P_frequency,2026091902,0,9,0.0
temazepam,alpha2,alpha2|BZD_SITE_210|TYR|pi_stack|P_frequency,2026091903,1,9,0.1111111111111111
temazepam,alpha2,alpha2|BZD_SITE_210|TYR|pi_stack|P_frequency,2026091904,0,9,0.0
temazepam,alpha2,alpha2|BZD_SITE_210|TYR|pi_stack|P_frequency,2026091905,0,9,0.0
temazepam,alpha2,alpha2|BZD_SITE_210|TYR|pi_stack|T_frequency,2026091901,0,9,0.0
temazepam,alpha2,alpha2|BZD_SITE_210|TYR|pi_stack|T_frequency,2026091902,0,9,0.0
temazepam,alpha2,alpha2|BZD_SITE_210|TYR|pi_stack|T_frequency,2026091903,0,9,0.0
temazepam,alpha2,alpha2|BZD_SITE_210|TYR|pi_stack|T_frequency,2026091904,0,9,0.0
temazepam,alpha2,alpha2|BZD_SITE_210|TYR|pi_stack|T_frequency,2026091905,0,9,0.0
zopiclone,alpha2,alpha2|BZD_SITE_210|TYR|pi_stack|frequency,2026091901,0,9,0.0
zopiclone,alpha2,alpha2|BZD_SITE_210|TYR|pi_stack|frequency,2026091902,1,9,0.1111111111111111
zopiclone,alpha2,alpha2|BZD_SITE_210|TYR|pi_stack|frequency,2026091903,1,9,0.1111111111111111
zopiclone,alpha2,alpha2|BZD_SITE_210|TYR|pi_stack|frequency,2026091904,1,9,0.1111111111111111
zopiclone,alpha2,alpha2|BZD_SITE_210|TYR|pi_stack|frequency,2026091905,1,9,0.1111111111111111
zopiclone,alpha2,alpha2|BZD_SITE_210|TYR|pi_stack|P_frequency,2026091901,0,9,0.0
zopiclone,alpha2,alpha2|BZD_SITE_210|TYR|pi_stack|P_frequency,2026091902,1,9,0.1111111111111111
zopiclone,alpha2,alpha2|BZD_SITE_210|TYR|pi_stack|P_frequency,2026091903,1,9,0.1111111111111111
zopiclone,alpha2,alpha2|BZD_SITE_210|TYR|pi_stack|P_frequency,2026091904,1,9,0.1111111111111111
zopiclone,alpha2,alpha2|BZD_SITE_210|TYR|pi_stack|P_frequency,2026091905,1,9,0.1111111111111111
zopiclone,alpha2,alpha2|BZD_SITE_210|TYR|pi_stack|T_frequency,2026091901,0,9,0.0
zopiclone,alpha2,alpha2|BZD_SITE_210|TYR|pi_stack|T_frequency,2026091902,0,9,0.0
zopiclone,alpha2,alpha2|BZD_SITE_210|TYR|pi_stack|T_frequency,2026091903,0,9,0.0
zopiclone,alpha2,alpha2|BZD_SITE_210|TYR|pi_stack|T_frequency,2026091904,0,9,0.0
zopiclone,alpha2,alpha2|BZD_SITE_210|TYR|pi_stack|T_frequency,2026091905,0,9,0.0
zaleplon,alpha2,alpha2|BZD_SITE_210|TYR|pi_stack|frequency,2026091901,0,9,0.0
zaleplon,alpha2,alpha2|BZD_SITE_210|TYR|pi_stack|frequency,2026091902,0,9,0.0
zaleplon,alpha2,alpha2|BZD_SITE_210|TYR|pi_stack|frequency,2026091903,1,9,0.1111111111111111
zaleplon,alpha2,alpha2|BZD_SITE_210|TYR|pi_stack|frequency,2026091904,1,9,0.1111111111111111
zaleplon,alpha2,alpha2|BZD_SITE_210|TYR|pi_stack|frequency,2026091905,0,9,0.0
zaleplon,alpha2,alpha2|BZD_SITE_210|TYR|pi_stack|P_frequency,2026091901,0,9,0.0
zaleplon,alpha2,alpha2|BZD_SITE_210|TYR|pi_stack|P_frequency,2026091902,0,9,0.0
zaleplon,alpha2,alpha2|BZD_SITE_210|TYR|pi_stack|P_frequency,2026091903,1,9,0.1111111111111111
zaleplon,alpha2,alpha2|BZD_SITE_210|TYR|pi_stack|P_frequency,2026091904,1,9,0.1111111111111111
zaleplon,alpha2,alpha2|BZD_SITE_210|TYR|pi_stack|P_frequency,2026091905,0,9,0.0
zaleplon,alpha2,alpha2|BZD_SITE_210|TYR|pi_stack|T_frequency,2026091901,0,9,0.0
zaleplon,alpha2,alpha2|BZD_SITE_210|TYR|pi_stack|T_frequency,2026091902,0,9,0.0
zaleplon,alpha2,alpha2|BZD_SITE_210|TYR|pi_stack|T_frequency,2026091903,0,9,0.0
zaleplon,alpha2,alpha2|BZD_SITE_210|TYR|pi_stack|T_frequency,2026091904,0,9,0.0
zaleplon,alpha2,alpha2|BZD_SITE_210|TYR|pi_stack|T_frequency,2026091905,0,9,0.0
diazepam,alpha2,alpha2|BZD_SITE_212|VAL|hydrophobic_interaction|frequency,2026091901,0,9,0.0
diazepam,alpha2,alpha2|BZD_SITE_212|VAL|hydrophobic_interaction|frequency,2026091902,0,9,0.0
diazepam,alpha2,alpha2|BZD_SITE_212|VAL|hydrophobic_interaction|frequency,2026091903,0,9,0.0
diazepam,alpha2,alpha2|BZD_SITE_212|VAL|hydrophobic_interaction|frequency,2026091904,0,9,0.0
diazepam,alpha2,alpha2|BZD_SITE_212|VAL|hydrophobic_interaction|frequency,2026091905,0,9,0.0
alprazolam,alpha2,alpha2|BZD_SITE_212|VAL|hydrophobic_interaction|frequency,2026091901,0,9,0.0
alprazolam,alpha2,alpha2|BZD_SITE_212|VAL|hydrophobic_interaction|frequency,2026091902,0,9,0.0
alprazolam,alpha2,alpha2|BZD_SITE_212|VAL|hydrophobic_interaction|frequency,2026091903,0,9,0.0
alprazolam,alpha2,alpha2|BZD_SITE_212|VAL|hydrophobic_interaction|frequency,2026091904,0,9,0.0
alprazolam,alpha2,alpha2|BZD_SITE_212|VAL|hydrophobic_interaction|frequency,2026091905,0,9,0.0
triazolam,alpha2,alpha2|BZD_SITE_212|VAL|hydrophobic_interaction|frequency,2026091901,0,9,0.0
triazolam,alpha2,alpha2|BZD_SITE_212|VAL|hydrophobic_interaction|frequency,2026091902,0,9,0.0
triazolam,alpha2,alpha2|BZD_SITE_212|VAL|hydrophobic_interaction|frequency,2026091903,0,9,0.0
triazolam,alpha2,alpha2|BZD_SITE_212|VAL|hydrophobic_interaction|frequency,2026091904,0,9,0.0
triazolam,alpha2,alpha2|BZD_SITE_212|VAL|hydrophobic_interaction|frequency,2026091905,0,9,0.0
zolpidem,alpha2,alpha2|BZD_SITE_212|VAL|hydrophobic_interaction|frequency,2026091901,0,9,0.0
zolpidem,alpha2,alpha2|BZD_SITE_212|VAL|hydrophobic_interaction|frequency,2026091902,0,9,0.0
zolpidem,alpha2,alpha2|BZD_SITE_212|VAL|hydrophobic_interaction|frequency,2026091903,0,9,0.0
zolpidem,alpha2,alpha2|BZD_SITE_212|VAL|hydrophobic_interaction|frequency,2026091904,0,9,0.0
zolpidem,alpha2,alpha2|BZD_SITE_212|VAL|hydrophobic_interaction|frequency,2026091905,0,9,0.0
lorazepam,alpha2,alpha2|BZD_SITE_212|VAL|hydrophobic_interaction|frequency,2026091901,0,9,0.0
lorazepam,alpha2,alpha2|BZD_SITE_212|VAL|hydrophobic_interaction|frequency,2026091902,0,9,0.0
lorazepam,alpha2,alpha2|BZD_SITE_212|VAL|hydrophobic_interaction|frequency,2026091903,0,9,0.0
lorazepam,alpha2,alpha2|BZD_SITE_212|VAL|hydrophobic_interaction|frequency,2026091904,0,9,0.0
lorazepam,alpha2,alpha2|BZD_SITE_212|VAL|hydrophobic_interaction|frequency,2026091905,0,9,0.0
clonazepam,alpha2,alpha2|BZD_SITE_212|VAL|hydrophobic_interaction|frequency,2026091901,0,9,0.0
clonazepam,alpha2,alpha2|BZD_SITE_212|VAL|hydrophobic_interaction|frequency,2026091902,0,9,0.0
clonazepam,alpha2,alpha2|BZD_SITE_212|VAL|hydrophobic_interaction|frequency,2026091903,0,9,0.0
clonazepam,alpha2,alpha2|BZD_SITE_212|VAL|hydrophobic_interaction|frequency,2026091904,0,9,0.0
clonazepam,alpha2,alpha2|BZD_SITE_212|VAL|hydrophobic_interaction|frequency,2026091905,0,9,0.0
midazolam,alpha2,alpha2|BZD_SITE_212|VAL|hydrophobic_interaction|frequency,2026091901,0,9,0.0
midazolam,alpha2,alpha2|BZD_SITE_212|VAL|hydrophobic_interaction|frequency,2026091902,0,9,0.0
midazolam,alpha2,alpha2|BZD_SITE_212|VAL|hydrophobic_interaction|frequency,2026091903,0,9,0.0
midazolam,alpha2,alpha2|BZD_SITE_212|VAL|hydrophobic_interaction|frequency,2026091904,0,9,0.0
midazolam,alpha2,alpha2|BZD_SITE_212|VAL|hydrophobic_interaction|frequency,2026091905,0,9,0.0
temazepam,alpha2,alpha2|BZD_SITE_212|VAL|hydrophobic_interaction|frequency,2026091901,0,9,0.0
temazepam,alpha2,alpha2|BZD_SITE_212|VAL|hydrophobic_interaction|frequency,2026091902,0,9,0.0
temazepam,alpha2,alpha2|BZD_SITE_212|VAL|hydrophobic_interaction|frequency,2026091903,0,9,0.0
temazepam,alpha2,alpha2|BZD_SITE_212|VAL|hydrophobic_interaction|frequency,2026091904,0,9,0.0
temazepam,alpha2,alpha2|BZD_SITE_212|VAL|hydrophobic_interaction|frequency,2026091905,0,9,0.0
zopiclone,alpha2,alpha2|BZD_SITE_212|VAL|hydrophobic_interaction|frequency,2026091901,0,9,0.0
zopiclone,alpha2,alpha2|BZD_SITE_212|VAL|hydrophobic_interaction|frequency,2026091902,0,9,0.0
zopiclone,alpha2,alpha2|BZD_SITE_212|VAL|hydrophobic_interaction|frequency,2026091903,0,9,0.0
zopiclone,alpha2,alpha2|BZD_SITE_212|VAL|hydrophobic_interaction|frequency,2026091904,0,9,0.0
zopiclone,alpha2,alpha2|BZD_SITE_212|VAL|hydrophobic_interaction|frequency,2026091905,0,9,0.0
zaleplon,alpha2,alpha2|BZD_SITE_212|VAL|hydrophobic_interaction|frequency,2026091901,0,9,0.0
zaleplon,alpha2,alpha2|BZD_SITE_212|VAL|hydrophobic_interaction|frequency,2026091902,0,9,0.0
zaleplon,alpha2,alpha2|BZD_SITE_212|VAL|hydrophobic_interaction|frequency,2026091903,1,9,0.1111111111111111
zaleplon,alpha2,alpha2|BZD_SITE_212|VAL|hydrophobic_interaction|frequency,2026091904,1,9,0.1111111111111111
zaleplon,alpha2,alpha2|BZD_SITE_212|VAL|hydrophobic_interaction|frequency,2026091905,0,9,0.0
diazepam,alpha1,alpha1|BZD_GAMMA2_056|ASP|any_contact_frequency,2026091901,0,9,0.0
diazepam,alpha1,alpha1|BZD_GAMMA2_056|ASP|any_contact_frequency,2026091902,0,9,0.0
diazepam,alpha1,alpha1|BZD_GAMMA2_056|ASP|any_contact_frequency,2026091903,0,9,0.0
diazepam,alpha1,alpha1|BZD_GAMMA2_056|ASP|any_contact_frequency,2026091904,0,9,0.0
diazepam,alpha1,alpha1|BZD_GAMMA2_056|ASP|any_contact_frequency,2026091905,0,9,0.0
alprazolam,alpha1,alpha1|BZD_GAMMA2_056|ASP|any_contact_frequency,2026091901,0,8,0.0
alprazolam,alpha1,alpha1|BZD_GAMMA2_056|ASP|any_contact_frequency,2026091902,0,7,0.0
alprazolam,alpha1,alpha1|BZD_GAMMA2_056|ASP|any_contact_frequency,2026091903,0,7,0.0
alprazolam,alpha1,alpha1|BZD_GAMMA2_056|ASP|any_contact_frequency,2026091904,0,7,0.0
alprazolam,alpha1,alpha1|BZD_GAMMA2_056|ASP|any_contact_frequency,2026091905,0,6,0.0
triazolam,alpha1,alpha1|BZD_GAMMA2_056|ASP|any_contact_frequency,2026091901,0,9,0.0
triazolam,alpha1,alpha1|BZD_GAMMA2_056|ASP|any_contact_frequency,2026091902,0,8,0.0
triazolam,alpha1,alpha1|BZD_GAMMA2_056|ASP|any_contact_frequency,2026091903,0,8,0.0
triazolam,alpha1,alpha1|BZD_GAMMA2_056|ASP|any_contact_frequency,2026091904,0,9,0.0
triazolam,alpha1,alpha1|BZD_GAMMA2_056|ASP|any_contact_frequency,2026091905,0,6,0.0
zolpidem,alpha1,alpha1|BZD_GAMMA2_056|ASP|any_contact_frequency,2026091901,0,9,0.0
zolpidem,alpha1,alpha1|BZD_GAMMA2_056|ASP|any_contact_frequency,2026091902,0,9,0.0
zolpidem,alpha1,alpha1|BZD_GAMMA2_056|ASP|any_contact_frequency,2026091903,0,9,0.0
zolpidem,alpha1,alpha1|BZD_GAMMA2_056|ASP|any_contact_frequency,2026091904,0,9,0.0
zolpidem,alpha1,alpha1|BZD_GAMMA2_056|ASP|any_contact_frequency,2026091905,0,9,0.0
lorazepam,alpha1,alpha1|BZD_GAMMA2_056|ASP|any_contact_frequency,2026091901,0,9,0.0
lorazepam,alpha1,alpha1|BZD_GAMMA2_056|ASP|any_contact_frequency,2026091902,0,9,0.0
lorazepam,alpha1,alpha1|BZD_GAMMA2_056|ASP|any_contact_frequency,2026091903,0,9,0.0
lorazepam,alpha1,alpha1|BZD_GAMMA2_056|ASP|any_contact_frequency,2026091904,0,9,0.0
lorazepam,alpha1,alpha1|BZD_GAMMA2_056|ASP|any_contact_frequency,2026091905,0,9,0.0
clonazepam,alpha1,alpha1|BZD_GAMMA2_056|ASP|any_contact_frequency,2026091901,0,9,0.0
clonazepam,alpha1,alpha1|BZD_GAMMA2_056|ASP|any_contact_frequency,2026091902,0,9,0.0
clonazepam,alpha1,alpha1|BZD_GAMMA2_056|ASP|any_contact_frequency,2026091903,0,9,0.0
clonazepam,alpha1,alpha1|BZD_GAMMA2_056|ASP|any_contact_frequency,2026091904,0,9,0.0
clonazepam,alpha1,alpha1|BZD_GAMMA2_056|ASP|any_contact_frequency,2026091905,0,9,0.0
midazolam,alpha1,alpha1|BZD_GAMMA2_056|ASP|any_contact_frequency,2026091901,0,7,0.0
midazolam,alpha1,alpha1|BZD_GAMMA2_056|ASP|any_contact_frequency,2026091902,0,9,0.0
midazolam,alpha1,alpha1|BZD_GAMMA2_056|ASP|any_contact_frequency,2026091903,0,9,0.0
midazolam,alpha1,alpha1|BZD_GAMMA2_056|ASP|any_contact_frequency,2026091904,0,9,0.0
midazolam,alpha1,alpha1|BZD_GAMMA2_056|ASP|any_contact_frequency,2026091905,0,9,0.0
temazepam,alpha1,alpha1|BZD_GAMMA2_056|ASP|any_contact_frequency,2026091901,0,9,0.0
temazepam,alpha1,alpha1|BZD_GAMMA2_056|ASP|any_contact_frequency,2026091902,0,9,0.0
temazepam,alpha1,alpha1|BZD_GAMMA2_056|ASP|any_contact_frequency,2026091903,0,9,0.0
temazepam,alpha1,alpha1|BZD_GAMMA2_056|ASP|any_contact_frequency,2026091904,0,9,0.0
temazepam,alpha1,alpha1|BZD_GAMMA2_056|ASP|any_contact_frequency,2026091905,0,9,0.0
zopiclone,alpha1,alpha1|BZD_GAMMA2_056|ASP|any_contact_frequency,2026091901,1,9,0.1111111111111111
zopiclone,alpha1,alpha1|BZD_GAMMA2_056|ASP|any_contact_frequency,2026091902,1,9,0.1111111111111111
zopiclone,alpha1,alpha1|BZD_GAMMA2_056|ASP|any_contact_frequency,2026091903,1,9,0.1111111111111111
zopiclone,alpha1,alpha1|BZD_GAMMA2_056|ASP|any_contact_frequency,2026091904,0,9,0.0
zopiclone,alpha1,alpha1|BZD_GAMMA2_056|ASP|any_contact_frequency,2026091905,1,9,0.1111111111111111
zaleplon,alpha1,alpha1|BZD_GAMMA2_056|ASP|any_contact_frequency,2026091901,0,9,0.0
zaleplon,alpha1,alpha1|BZD_GAMMA2_056|ASP|any_contact_frequency,2026091902,0,9,0.0
zaleplon,alpha1,alpha1|BZD_GAMMA2_056|ASP|any_contact_frequency,2026091903,0,9,0.0
zaleplon,alpha1,alpha1|BZD_GAMMA2_056|ASP|any_contact_frequency,2026091904,0,9,0.0
zaleplon,alpha1,alpha1|BZD_GAMMA2_056|ASP|any_contact_frequency,2026091905,0,9,0.0
diazepam,alpha1,alpha1|BZD_GAMMA2_058|TYR|any_contact_frequency,2026091901,7,9,0.7777777777777778
diazepam,alpha1,alpha1|BZD_GAMMA2_058|TYR|any_contact_frequency,2026091902,8,9,0.8888888888888888
diazepam,alpha1,alpha1|BZD_GAMMA2_058|TYR|any_contact_frequency,2026091903,9,9,1.0
diazepam,alpha1,alpha1|BZD_GAMMA2_058|TYR|any_contact_frequency,2026091904,8,9,0.8888888888888888
diazepam,alpha1,alpha1|BZD_GAMMA2_058|TYR|any_contact_frequency,2026091905,9,9,1.0
alprazolam,alpha1,alpha1|BZD_GAMMA2_058|TYR|any_contact_frequency,2026091901,8,8,1.0
alprazolam,alpha1,alpha1|BZD_GAMMA2_058|TYR|any_contact_frequency,2026091902,6,7,0.8571428571428571
alprazolam,alpha1,alpha1|BZD_GAMMA2_058|TYR|any_contact_frequency,2026091903,5,7,0.7142857142857143
alprazolam,alpha1,alpha1|BZD_GAMMA2_058|TYR|any_contact_frequency,2026091904,6,7,0.8571428571428571
alprazolam,alpha1,alpha1|BZD_GAMMA2_058|TYR|any_contact_frequency,2026091905,6,6,1.0
triazolam,alpha1,alpha1|BZD_GAMMA2_058|TYR|any_contact_frequency,2026091901,6,9,0.6666666666666666
triazolam,alpha1,alpha1|BZD_GAMMA2_058|TYR|any_contact_frequency,2026091902,7,8,0.875
triazolam,alpha1,alpha1|BZD_GAMMA2_058|TYR|any_contact_frequency,2026091903,5,8,0.625
triazolam,alpha1,alpha1|BZD_GAMMA2_058|TYR|any_contact_frequency,2026091904,7,9,0.7777777777777778
triazolam,alpha1,alpha1|BZD_GAMMA2_058|TYR|any_contact_frequency,2026091905,6,6,1.0
zolpidem,alpha1,alpha1|BZD_GAMMA2_058|TYR|any_contact_frequency,2026091901,9,9,1.0
zolpidem,alpha1,alpha1|BZD_GAMMA2_058|TYR|any_contact_frequency,2026091902,9,9,1.0
zolpidem,alpha1,alpha1|BZD_GAMMA2_058|TYR|any_contact_frequency,2026091903,9,9,1.0
zolpidem,alpha1,alpha1|BZD_GAMMA2_058|TYR|any_contact_frequency,2026091904,9,9,1.0
zolpidem,alpha1,alpha1|BZD_GAMMA2_058|TYR|any_contact_frequency,2026091905,9,9,1.0
lorazepam,alpha1,alpha1|BZD_GAMMA2_058|TYR|any_contact_frequency,2026091901,7,9,0.7777777777777778
lorazepam,alpha1,alpha1|BZD_GAMMA2_058|TYR|any_contact_frequency,2026091902,7,9,0.7777777777777778
lorazepam,alpha1,alpha1|BZD_GAMMA2_058|TYR|any_contact_frequency,2026091903,7,9,0.7777777777777778
lorazepam,alpha1,alpha1|BZD_GAMMA2_058|TYR|any_contact_frequency,2026091904,8,9,0.8888888888888888
lorazepam,alpha1,alpha1|BZD_GAMMA2_058|TYR|any_contact_frequency,2026091905,9,9,1.0
clonazepam,alpha1,alpha1|BZD_GAMMA2_058|TYR|any_contact_frequency,2026091901,8,9,0.8888888888888888
clonazepam,alpha1,alpha1|BZD_GAMMA2_058|TYR|any_contact_frequency,2026091902,8,9,0.8888888888888888
clonazepam,alpha1,alpha1|BZD_GAMMA2_058|TYR|any_contact_frequency,2026091903,7,9,0.7777777777777778
clonazepam,alpha1,alpha1|BZD_GAMMA2_058|TYR|any_contact_frequency,2026091904,7,9,0.7777777777777778
clonazepam,alpha1,alpha1|BZD_GAMMA2_058|TYR|any_contact_frequency,2026091905,7,9,0.7777777777777778
midazolam,alpha1,alpha1|BZD_GAMMA2_058|TYR|any_contact_frequency,2026091901,7,7,1.0
midazolam,alpha1,alpha1|BZD_GAMMA2_058|TYR|any_contact_frequency,2026091902,9,9,1.0
midazolam,alpha1,alpha1|BZD_GAMMA2_058|TYR|any_contact_frequency,2026091903,9,9,1.0
midazolam,alpha1,alpha1|BZD_GAMMA2_058|TYR|any_contact_frequency,2026091904,9,9,1.0
midazolam,alpha1,alpha1|BZD_GAMMA2_058|TYR|any_contact_frequency,2026091905,8,9,0.8888888888888888
temazepam,alpha1,alpha1|BZD_GAMMA2_058|TYR|any_contact_frequency,2026091901,8,9,0.8888888888888888
temazepam,alpha1,alpha1|BZD_GAMMA2_058|TYR|any_contact_frequency,2026091902,8,9,0.8888888888888888
temazepam,alpha1,alpha1|BZD_GAMMA2_058|TYR|any_contact_frequency,2026091903,8,9,0.8888888888888888
temazepam,alpha1,alpha1|BZD_GAMMA2_058|TYR|any_contact_frequency,2026091904,9,9,1.0
temazepam,alpha1,alpha1|BZD_GAMMA2_058|TYR|any_contact_frequency,2026091905,8,9,0.8888888888888888
zopiclone,alpha1,alpha1|BZD_GAMMA2_058|TYR|any_contact_frequency,2026091901,5,9,0.5555555555555556
zopiclone,alpha1,alpha1|BZD_GAMMA2_058|TYR|any_contact_frequency,2026091902,4,9,0.4444444444444444
zopiclone,alpha1,alpha1|BZD_GAMMA2_058|TYR|any_contact_frequency,2026091903,3,9,0.3333333333333333
zopiclone,alpha1,alpha1|BZD_GAMMA2_058|TYR|any_contact_frequency,2026091904,5,9,0.5555555555555556
zopiclone,alpha1,alpha1|BZD_GAMMA2_058|TYR|any_contact_frequency,2026091905,3,9,0.3333333333333333
zaleplon,alpha1,alpha1|BZD_GAMMA2_058|TYR|any_contact_frequency,2026091901,8,9,0.8888888888888888
zaleplon,alpha1,alpha1|BZD_GAMMA2_058|TYR|any_contact_frequency,2026091902,8,9,0.8888888888888888
zaleplon,alpha1,alpha1|BZD_GAMMA2_058|TYR|any_contact_frequency,2026091903,9,9,1.0
zaleplon,alpha1,alpha1|BZD_GAMMA2_058|TYR|any_contact_frequency,2026091904,9,9,1.0
zaleplon,alpha1,alpha1|BZD_GAMMA2_058|TYR|any_contact_frequency,2026091905,9,9,1.0
diazepam,alpha1,alpha1|BZD_GAMMA2_060|ASN|any_contact_frequency,2026091901,0,9,0.0
diazepam,alpha1,alpha1|BZD_GAMMA2_060|ASN|any_contact_frequency,2026091902,0,9,0.0
diazepam,alpha1,alpha1|BZD_GAMMA2_060|ASN|any_contact_frequency,2026091903,0,9,0.0
diazepam,alpha1,alpha1|BZD_GAMMA2_060|ASN|any_contact_frequency,2026091904,0,9,0.0
diazepam,alpha1,alpha1|BZD_GAMMA2_060|ASN|any_contact_frequency,2026091905,0,9,0.0
alprazolam,alpha1,alpha1|BZD_GAMMA2_060|ASN|any_contact_frequency,2026091901,1,8,0.125
alprazolam,alpha1,alpha1|BZD_GAMMA2_060|ASN|any_contact_frequency,2026091902,1,7,0.14285714285714285
alprazolam,alpha1,alpha1|BZD_GAMMA2_060|ASN|any_contact_frequency,2026091903,0,7,0.0
alprazolam,alpha1,alpha1|BZD_GAMMA2_060|ASN|any_contact_frequency,2026091904,1,7,0.14285714285714285
alprazolam,alpha1,alpha1|BZD_GAMMA2_060|ASN|any_contact_frequency,2026091905,1,6,0.16666666666666666
triazolam,alpha1,alpha1|BZD_GAMMA2_060|ASN|any_contact_frequency,2026091901,1,9,0.1111111111111111
triazolam,alpha1,alpha1|BZD_GAMMA2_060|ASN|any_contact_frequency,2026091902,0,8,0.0
triazolam,alpha1,alpha1|BZD_GAMMA2_060|ASN|any_contact_frequency,2026091903,0,8,0.0
triazolam,alpha1,alpha1|BZD_GAMMA2_060|ASN|any_contact_frequency,2026091904,0,9,0.0
triazolam,alpha1,alpha1|BZD_GAMMA2_060|ASN|any_contact_frequency,2026091905,0,6,0.0
zolpidem,alpha1,alpha1|BZD_GAMMA2_060|ASN|any_contact_frequency,2026091901,1,9,0.1111111111111111
zolpidem,alpha1,alpha1|BZD_GAMMA2_060|ASN|any_contact_frequency,2026091902,1,9,0.1111111111111111
zolpidem,alpha1,alpha1|BZD_GAMMA2_060|ASN|any_contact_frequency,2026091903,0,9,0.0
zolpidem,alpha1,alpha1|BZD_GAMMA2_060|ASN|any_contact_frequency,2026091904,0,9,0.0
zolpidem,alpha1,alpha1|BZD_GAMMA2_060|ASN|any_contact_frequency,2026091905,1,9,0.1111111111111111
lorazepam,alpha1,alpha1|BZD_GAMMA2_060|ASN|any_contact_frequency,2026091901,3,9,0.3333333333333333
lorazepam,alpha1,alpha1|BZD_GAMMA2_060|ASN|any_contact_frequency,2026091902,2,9,0.2222222222222222
lorazepam,alpha1,alpha1|BZD_GAMMA2_060|ASN|any_contact_frequency,2026091903,2,9,0.2222222222222222
lorazepam,alpha1,alpha1|BZD_GAMMA2_060|ASN|any_contact_frequency,2026091904,2,9,0.2222222222222222
lorazepam,alpha1,alpha1|BZD_GAMMA2_060|ASN|any_contact_frequency,2026091905,2,9,0.2222222222222222
clonazepam,alpha1,alpha1|BZD_GAMMA2_060|ASN|any_contact_frequency,2026091901,1,9,0.1111111111111111
clonazepam,alpha1,alpha1|BZD_GAMMA2_060|ASN|any_contact_frequency,2026091902,2,9,0.2222222222222222
clonazepam,alpha1,alpha1|BZD_GAMMA2_060|ASN|any_contact_frequency,2026091903,0,9,0.0
clonazepam,alpha1,alpha1|BZD_GAMMA2_060|ASN|any_contact_frequency,2026091904,2,9,0.2222222222222222
clonazepam,alpha1,alpha1|BZD_GAMMA2_060|ASN|any_contact_frequency,2026091905,0,9,0.0
midazolam,alpha1,alpha1|BZD_GAMMA2_060|ASN|any_contact_frequency,2026091901,0,7,0.0
midazolam,alpha1,alpha1|BZD_GAMMA2_060|ASN|any_contact_frequency,2026091902,0,9,0.0
midazolam,alpha1,alpha1|BZD_GAMMA2_060|ASN|any_contact_frequency,2026091903,0,9,0.0
midazolam,alpha1,alpha1|BZD_GAMMA2_060|ASN|any_contact_frequency,2026091904,0,9,0.0
midazolam,alpha1,alpha1|BZD_GAMMA2_060|ASN|any_contact_frequency,2026091905,0,9,0.0
temazepam,alpha1,alpha1|BZD_GAMMA2_060|ASN|any_contact_frequency,2026091901,2,9,0.2222222222222222
temazepam,alpha1,alpha1|BZD_GAMMA2_060|ASN|any_contact_frequency,2026091902,3,9,0.3333333333333333
temazepam,alpha1,alpha1|BZD_GAMMA2_060|ASN|any_contact_frequency,2026091903,3,9,0.3333333333333333
temazepam,alpha1,alpha1|BZD_GAMMA2_060|ASN|any_contact_frequency,2026091904,1,9,0.1111111111111111
temazepam,alpha1,alpha1|BZD_GAMMA2_060|ASN|any_contact_frequency,2026091905,1,9,0.1111111111111111
zopiclone,alpha1,alpha1|BZD_GAMMA2_060|ASN|any_contact_frequency,2026091901,5,9,0.5555555555555556
zopiclone,alpha1,alpha1|BZD_GAMMA2_060|ASN|any_contact_frequency,2026091902,6,9,0.6666666666666666
zopiclone,alpha1,alpha1|BZD_GAMMA2_060|ASN|any_contact_frequency,2026091903,5,9,0.5555555555555556
zopiclone,alpha1,alpha1|BZD_GAMMA2_060|ASN|any_contact_frequency,2026091904,5,9,0.5555555555555556
zopiclone,alpha1,alpha1|BZD_GAMMA2_060|ASN|any_contact_frequency,2026091905,5,9,0.5555555555555556
zaleplon,alpha1,alpha1|BZD_GAMMA2_060|ASN|any_contact_frequency,2026091901,2,9,0.2222222222222222
zaleplon,alpha1,alpha1|BZD_GAMMA2_060|ASN|any_contact_frequency,2026091902,2,9,0.2222222222222222
zaleplon,alpha1,alpha1|BZD_GAMMA2_060|ASN|any_contact_frequency,2026091903,1,9,0.1111111111111111
zaleplon,alpha1,alpha1|BZD_GAMMA2_060|ASN|any_contact_frequency,2026091904,1,9,0.1111111111111111
zaleplon,alpha1,alpha1|BZD_GAMMA2_060|ASN|any_contact_frequency,2026091905,2,9,0.2222222222222222
diazepam,alpha1,alpha1|BZD_GAMMA2_077|PHE|any_contact_frequency,2026091901,6,9,0.6666666666666666
diazepam,alpha1,alpha1|BZD_GAMMA2_077|PHE|any_contact_frequency,2026091902,9,9,1.0
diazepam,alpha1,alpha1|BZD_GAMMA2_077|PHE|any_contact_frequency,2026091903,8,9,0.8888888888888888
diazepam,alpha1,alpha1|BZD_GAMMA2_077|PHE|any_contact_frequency,2026091904,8,9,0.8888888888888888
diazepam,alpha1,alpha1|BZD_GAMMA2_077|PHE|any_contact_frequency,2026091905,9,9,1.0
alprazolam,alpha1,alpha1|BZD_GAMMA2_077|PHE|any_contact_frequency,2026091901,7,8,0.875
alprazolam,alpha1,alpha1|BZD_GAMMA2_077|PHE|any_contact_frequency,2026091902,7,7,1.0
alprazolam,alpha1,alpha1|BZD_GAMMA2_077|PHE|any_contact_frequency,2026091903,6,7,0.8571428571428571
alprazolam,alpha1,alpha1|BZD_GAMMA2_077|PHE|any_contact_frequency,2026091904,6,7,0.8571428571428571
alprazolam,alpha1,alpha1|BZD_GAMMA2_077|PHE|any_contact_frequency,2026091905,5,6,0.8333333333333334
triazolam,alpha1,alpha1|BZD_GAMMA2_077|PHE|any_contact_frequency,2026091901,8,9,0.8888888888888888
triazolam,alpha1,alpha1|BZD_GAMMA2_077|PHE|any_contact_frequency,2026091902,5,8,0.625
triazolam,alpha1,alpha1|BZD_GAMMA2_077|PHE|any_contact_frequency,2026091903,5,8,0.625
triazolam,alpha1,alpha1|BZD_GAMMA2_077|PHE|any_contact_frequency,2026091904,8,9,0.8888888888888888
triazolam,alpha1,alpha1|BZD_GAMMA2_077|PHE|any_contact_frequency,2026091905,4,6,0.6666666666666666
zolpidem,alpha1,alpha1|BZD_GAMMA2_077|PHE|any_contact_frequency,2026091901,9,9,1.0
zolpidem,alpha1,alpha1|BZD_GAMMA2_077|PHE|any_contact_frequency,2026091902,9,9,1.0
zolpidem,alpha1,alpha1|BZD_GAMMA2_077|PHE|any_contact_frequency,2026091903,9,9,1.0
zolpidem,alpha1,alpha1|BZD_GAMMA2_077|PHE|any_contact_frequency,2026091904,9,9,1.0
zolpidem,alpha1,alpha1|BZD_GAMMA2_077|PHE|any_contact_frequency,2026091905,9,9,1.0
lorazepam,alpha1,alpha1|BZD_GAMMA2_077|PHE|any_contact_frequency,2026091901,7,9,0.7777777777777778
lorazepam,alpha1,alpha1|BZD_GAMMA2_077|PHE|any_contact_frequency,2026091902,5,9,0.5555555555555556
lorazepam,alpha1,alpha1|BZD_GAMMA2_077|PHE|any_contact_frequency,2026091903,5,9,0.5555555555555556
lorazepam,alpha1,alpha1|BZD_GAMMA2_077|PHE|any_contact_frequency,2026091904,6,9,0.6666666666666666
lorazepam,alpha1,alpha1|BZD_GAMMA2_077|PHE|any_contact_frequency,2026091905,5,9,0.5555555555555556
clonazepam,alpha1,alpha1|BZD_GAMMA2_077|PHE|any_contact_frequency,2026091901,8,9,0.8888888888888888
clonazepam,alpha1,alpha1|BZD_GAMMA2_077|PHE|any_contact_frequency,2026091902,7,9,0.7777777777777778
clonazepam,alpha1,alpha1|BZD_GAMMA2_077|PHE|any_contact_frequency,2026091903,8,9,0.8888888888888888
clonazepam,alpha1,alpha1|BZD_GAMMA2_077|PHE|any_contact_frequency,2026091904,7,9,0.7777777777777778
clonazepam,alpha1,alpha1|BZD_GAMMA2_077|PHE|any_contact_frequency,2026091905,7,9,0.7777777777777778
midazolam,alpha1,alpha1|BZD_GAMMA2_077|PHE|any_contact_frequency,2026091901,4,7,0.5714285714285714
midazolam,alpha1,alpha1|BZD_GAMMA2_077|PHE|any_contact_frequency,2026091902,6,9,0.6666666666666666
midazolam,alpha1,alpha1|BZD_GAMMA2_077|PHE|any_contact_frequency,2026091903,6,9,0.6666666666666666
midazolam,alpha1,alpha1|BZD_GAMMA2_077|PHE|any_contact_frequency,2026091904,6,9,0.6666666666666666
midazolam,alpha1,alpha1|BZD_GAMMA2_077|PHE|any_contact_frequency,2026091905,6,9,0.6666666666666666
temazepam,alpha1,alpha1|BZD_GAMMA2_077|PHE|any_contact_frequency,2026091901,8,9,0.8888888888888888
temazepam,alpha1,alpha1|BZD_GAMMA2_077|PHE|any_contact_frequency,2026091902,8,9,0.8888888888888888
temazepam,alpha1,alpha1|BZD_GAMMA2_077|PHE|any_contact_frequency,2026091903,8,9,0.8888888888888888
temazepam,alpha1,alpha1|BZD_GAMMA2_077|PHE|any_contact_frequency,2026091904,7,9,0.7777777777777778
temazepam,alpha1,alpha1|BZD_GAMMA2_077|PHE|any_contact_frequency,2026091905,6,9,0.6666666666666666
zopiclone,alpha1,alpha1|BZD_GAMMA2_077|PHE|any_contact_frequency,2026091901,4,9,0.4444444444444444
zopiclone,alpha1,alpha1|BZD_GAMMA2_077|PHE|any_contact_frequency,2026091902,4,9,0.4444444444444444
zopiclone,alpha1,alpha1|BZD_GAMMA2_077|PHE|any_contact_frequency,2026091903,5,9,0.5555555555555556
zopiclone,alpha1,alpha1|BZD_GAMMA2_077|PHE|any_contact_frequency,2026091904,4,9,0.4444444444444444
zopiclone,alpha1,alpha1|BZD_GAMMA2_077|PHE|any_contact_frequency,2026091905,4,9,0.4444444444444444
zaleplon,alpha1,alpha1|BZD_GAMMA2_077|PHE|any_contact_frequency,2026091901,9,9,1.0
zaleplon,alpha1,alpha1|BZD_GAMMA2_077|PHE|any_contact_frequency,2026091902,9,9,1.0
zaleplon,alpha1,alpha1|BZD_GAMMA2_077|PHE|any_contact_frequency,2026091903,9,9,1.0
zaleplon,alpha1,alpha1|BZD_GAMMA2_077|PHE|any_contact_frequency,2026091904,9,9,1.0
zaleplon,alpha1,alpha1|BZD_GAMMA2_077|PHE|any_contact_frequency,2026091905,9,9,1.0
diazepam,alpha1,alpha1|BZD_GAMMA2_079|ALA|any_contact_frequency,2026091901,0,9,0.0
diazepam,alpha1,alpha1|BZD_GAMMA2_079|ALA|any_contact_frequency,2026091902,0,9,0.0
diazepam,alpha1,alpha1|BZD_GAMMA2_079|ALA|any_contact_frequency,2026091903,0,9,0.0
diazepam,alpha1,alpha1|BZD_GAMMA2_079|ALA|any_contact_frequency,2026091904,0,9,0.0
diazepam,alpha1,alpha1|BZD_GAMMA2_079|ALA|any_contact_frequency,2026091905,0,9,0.0
alprazolam,alpha1,alpha1|BZD_GAMMA2_079|ALA|any_contact_frequency,2026091901,0,8,0.0
alprazolam,alpha1,alpha1|BZD_GAMMA2_079|ALA|any_contact_frequency,2026091902,0,7,0.0
alprazolam,alpha1,alpha1|BZD_GAMMA2_079|ALA|any_contact_frequency,2026091903,0,7,0.0
alprazolam,alpha1,alpha1|BZD_GAMMA2_079|ALA|any_contact_frequency,2026091904,0,7,0.0
alprazolam,alpha1,alpha1|BZD_GAMMA2_079|ALA|any_contact_frequency,2026091905,0,6,0.0
triazolam,alpha1,alpha1|BZD_GAMMA2_079|ALA|any_contact_frequency,2026091901,0,9,0.0
triazolam,alpha1,alpha1|BZD_GAMMA2_079|ALA|any_contact_frequency,2026091902,0,8,0.0
triazolam,alpha1,alpha1|BZD_GAMMA2_079|ALA|any_contact_frequency,2026091903,0,8,0.0
triazolam,alpha1,alpha1|BZD_GAMMA2_079|ALA|any_contact_frequency,2026091904,0,9,0.0
triazolam,alpha1,alpha1|BZD_GAMMA2_079|ALA|any_contact_frequency,2026091905,0,6,0.0
zolpidem,alpha1,alpha1|BZD_GAMMA2_079|ALA|any_contact_frequency,2026091901,2,9,0.2222222222222222
zolpidem,alpha1,alpha1|BZD_GAMMA2_079|ALA|any_contact_frequency,2026091902,1,9,0.1111111111111111
zolpidem,alpha1,alpha1|BZD_GAMMA2_079|ALA|any_contact_frequency,2026091903,1,9,0.1111111111111111
zolpidem,alpha1,alpha1|BZD_GAMMA2_079|ALA|any_contact_frequency,2026091904,2,9,0.2222222222222222
zolpidem,alpha1,alpha1|BZD_GAMMA2_079|ALA|any_contact_frequency,2026091905,1,9,0.1111111111111111
lorazepam,alpha1,alpha1|BZD_GAMMA2_079|ALA|any_contact_frequency,2026091901,1,9,0.1111111111111111
lorazepam,alpha1,alpha1|BZD_GAMMA2_079|ALA|any_contact_frequency,2026091902,0,9,0.0
lorazepam,alpha1,alpha1|BZD_GAMMA2_079|ALA|any_contact_frequency,2026091903,1,9,0.1111111111111111
lorazepam,alpha1,alpha1|BZD_GAMMA2_079|ALA|any_contact_frequency,2026091904,0,9,0.0
lorazepam,alpha1,alpha1|BZD_GAMMA2_079|ALA|any_contact_frequency,2026091905,0,9,0.0
clonazepam,alpha1,alpha1|BZD_GAMMA2_079|ALA|any_contact_frequency,2026091901,0,9,0.0
clonazepam,alpha1,alpha1|BZD_GAMMA2_079|ALA|any_contact_frequency,2026091902,0,9,0.0
clonazepam,alpha1,alpha1|BZD_GAMMA2_079|ALA|any_contact_frequency,2026091903,0,9,0.0
clonazepam,alpha1,alpha1|BZD_GAMMA2_079|ALA|any_contact_frequency,2026091904,0,9,0.0
clonazepam,alpha1,alpha1|BZD_GAMMA2_079|ALA|any_contact_frequency,2026091905,0,9,0.0
midazolam,alpha1,alpha1|BZD_GAMMA2_079|ALA|any_contact_frequency,2026091901,0,7,0.0
midazolam,alpha1,alpha1|BZD_GAMMA2_079|ALA|any_contact_frequency,2026091902,0,9,0.0
midazolam,alpha1,alpha1|BZD_GAMMA2_079|ALA|any_contact_frequency,2026091903,0,9,0.0
midazolam,alpha1,alpha1|BZD_GAMMA2_079|ALA|any_contact_frequency,2026091904,0,9,0.0
midazolam,alpha1,alpha1|BZD_GAMMA2_079|ALA|any_contact_frequency,2026091905,0,9,0.0
temazepam,alpha1,alpha1|BZD_GAMMA2_079|ALA|any_contact_frequency,2026091901,0,9,0.0
temazepam,alpha1,alpha1|BZD_GAMMA2_079|ALA|any_contact_frequency,2026091902,0,9,0.0
temazepam,alpha1,alpha1|BZD_GAMMA2_079|ALA|any_contact_frequency,2026091903,0,9,0.0
temazepam,alpha1,alpha1|BZD_GAMMA2_079|ALA|any_contact_frequency,2026091904,0,9,0.0
temazepam,alpha1,alpha1|BZD_GAMMA2_079|ALA|any_contact_frequency,2026091905,0,9,0.0
zopiclone,alpha1,alpha1|BZD_GAMMA2_079|ALA|any_contact_frequency,2026091901,0,9,0.0
zopiclone,alpha1,alpha1|BZD_GAMMA2_079|ALA|any_contact_frequency,2026091902,0,9,0.0
zopiclone,alpha1,alpha1|BZD_GAMMA2_079|ALA|any_contact_frequency,2026091903,0,9,0.0
zopiclone,alpha1,alpha1|BZD_GAMMA2_079|ALA|any_contact_frequency,2026091904,0,9,0.0
zopiclone,alpha1,alpha1|BZD_GAMMA2_079|ALA|any_contact_frequency,2026091905,1,9,0.1111111111111111
zaleplon,alpha1,alpha1|BZD_GAMMA2_079|ALA|any_contact_frequency,2026091901,0,9,0.0
zaleplon,alpha1,alpha1|BZD_GAMMA2_079|ALA|any_contact_frequency,2026091902,1,9,0.1111111111111111
zaleplon,alpha1,alpha1|BZD_GAMMA2_079|ALA|any_contact_frequency,2026091903,1,9,0.1111111111111111
zaleplon,alpha1,alpha1|BZD_GAMMA2_079|ALA|any_contact_frequency,2026091904,0,9,0.0
zaleplon,alpha1,alpha1|BZD_GAMMA2_079|ALA|any_contact_frequency,2026091905,2,9,0.2222222222222222
diazepam,alpha1,alpha1|BZD_GAMMA2_142|THR|any_contact_frequency,2026091901,0,9,0.0
diazepam,alpha1,alpha1|BZD_GAMMA2_142|THR|any_contact_frequency,2026091902,1,9,0.1111111111111111
diazepam,alpha1,alpha1|BZD_GAMMA2_142|THR|any_contact_frequency,2026091903,0,9,0.0
diazepam,alpha1,alpha1|BZD_GAMMA2_142|THR|any_contact_frequency,2026091904,0,9,0.0
diazepam,alpha1,alpha1|BZD_GAMMA2_142|THR|any_contact_frequency,2026091905,0,9,0.0
alprazolam,alpha1,alpha1|BZD_GAMMA2_142|THR|any_contact_frequency,2026091901,1,8,0.125
alprazolam,alpha1,alpha1|BZD_GAMMA2_142|THR|any_contact_frequency,2026091902,1,7,0.14285714285714285
alprazolam,alpha1,alpha1|BZD_GAMMA2_142|THR|any_contact_frequency,2026091903,1,7,0.14285714285714285
alprazolam,alpha1,alpha1|BZD_GAMMA2_142|THR|any_contact_frequency,2026091904,1,7,0.14285714285714285
alprazolam,alpha1,alpha1|BZD_GAMMA2_142|THR|any_contact_frequency,2026091905,2,6,0.3333333333333333
triazolam,alpha1,alpha1|BZD_GAMMA2_142|THR|any_contact_frequency,2026091901,2,9,0.2222222222222222
triazolam,alpha1,alpha1|BZD_GAMMA2_142|THR|any_contact_frequency,2026091902,1,8,0.125
triazolam,alpha1,alpha1|BZD_GAMMA2_142|THR|any_contact_frequency,2026091903,2,8,0.25
triazolam,alpha1,alpha1|BZD_GAMMA2_142|THR|any_contact_frequency,2026091904,1,9,0.1111111111111111
triazolam,alpha1,alpha1|BZD_GAMMA2_142|THR|any_contact_frequency,2026091905,0,6,0.0
zolpidem,alpha1,alpha1|BZD_GAMMA2_142|THR|any_contact_frequency,2026091901,4,9,0.4444444444444444
zolpidem,alpha1,alpha1|BZD_GAMMA2_142|THR|any_contact_frequency,2026091902,5,9,0.5555555555555556
zolpidem,alpha1,alpha1|BZD_GAMMA2_142|THR|any_contact_frequency,2026091903,5,9,0.5555555555555556
zolpidem,alpha1,alpha1|BZD_GAMMA2_142|THR|any_contact_frequency,2026091904,5,9,0.5555555555555556
zolpidem,alpha1,alpha1|BZD_GAMMA2_142|THR|any_contact_frequency,2026091905,4,9,0.4444444444444444
lorazepam,alpha1,alpha1|BZD_GAMMA2_142|THR|any_contact_frequency,2026091901,1,9,0.1111111111111111
lorazepam,alpha1,alpha1|BZD_GAMMA2_142|THR|any_contact_frequency,2026091902,1,9,0.1111111111111111
lorazepam,alpha1,alpha1|BZD_GAMMA2_142|THR|any_contact_frequency,2026091903,1,9,0.1111111111111111
lorazepam,alpha1,alpha1|BZD_GAMMA2_142|THR|any_contact_frequency,2026091904,1,9,0.1111111111111111
lorazepam,alpha1,alpha1|BZD_GAMMA2_142|THR|any_contact_frequency,2026091905,0,9,0.0
clonazepam,alpha1,alpha1|BZD_GAMMA2_142|THR|any_contact_frequency,2026091901,0,9,0.0
clonazepam,alpha1,alpha1|BZD_GAMMA2_142|THR|any_contact_frequency,2026091902,0,9,0.0
clonazepam,alpha1,alpha1|BZD_GAMMA2_142|THR|any_contact_frequency,2026091903,0,9,0.0
clonazepam,alpha1,alpha1|BZD_GAMMA2_142|THR|any_contact_frequency,2026091904,0,9,0.0
clonazepam,alpha1,alpha1|BZD_GAMMA2_142|THR|any_contact_frequency,2026091905,1,9,0.1111111111111111
midazolam,alpha1,alpha1|BZD_GAMMA2_142|THR|any_contact_frequency,2026091901,1,7,0.14285714285714285
midazolam,alpha1,alpha1|BZD_GAMMA2_142|THR|any_contact_frequency,2026091902,1,9,0.1111111111111111
midazolam,alpha1,alpha1|BZD_GAMMA2_142|THR|any_contact_frequency,2026091903,0,9,0.0
midazolam,alpha1,alpha1|BZD_GAMMA2_142|THR|any_contact_frequency,2026091904,1,9,0.1111111111111111
midazolam,alpha1,alpha1|BZD_GAMMA2_142|THR|any_contact_frequency,2026091905,0,9,0.0
temazepam,alpha1,alpha1|BZD_GAMMA2_142|THR|any_contact_frequency,2026091901,3,9,0.3333333333333333
temazepam,alpha1,alpha1|BZD_GAMMA2_142|THR|any_contact_frequency,2026091902,2,9,0.2222222222222222
temazepam,alpha1,alpha1|BZD_GAMMA2_142|THR|any_contact_frequency,2026091903,2,9,0.2222222222222222
temazepam,alpha1,alpha1|BZD_GAMMA2_142|THR|any_contact_frequency,2026091904,1,9,0.1111111111111111
temazepam,alpha1,alpha1|BZD_GAMMA2_142|THR|any_contact_frequency,2026091905,3,9,0.3333333333333333
zopiclone,alpha1,alpha1|BZD_GAMMA2_142|THR|any_contact_frequency,2026091901,1,9,0.1111111111111111
zopiclone,alpha1,alpha1|BZD_GAMMA2_142|THR|any_contact_frequency,2026091902,1,9,0.1111111111111111
zopiclone,alpha1,alpha1|BZD_GAMMA2_142|THR|any_contact_frequency,2026091903,2,9,0.2222222222222222
zopiclone,alpha1,alpha1|BZD_GAMMA2_142|THR|any_contact_frequency,2026091904,1,9,0.1111111111111111
zopiclone,alpha1,alpha1|BZD_GAMMA2_142|THR|any_contact_frequency,2026091905,2,9,0.2222222222222222
zaleplon,alpha1,alpha1|BZD_GAMMA2_142|THR|any_contact_frequency,2026091901,4,9,0.4444444444444444
zaleplon,alpha1,alpha1|BZD_GAMMA2_142|THR|any_contact_frequency,2026091902,2,9,0.2222222222222222
zaleplon,alpha1,alpha1|BZD_GAMMA2_142|THR|any_contact_frequency,2026091903,3,9,0.3333333333333333
zaleplon,alpha1,alpha1|BZD_GAMMA2_142|THR|any_contact_frequency,2026091904,4,9,0.4444444444444444
zaleplon,alpha1,alpha1|BZD_GAMMA2_142|THR|any_contact_frequency,2026091905,5,9,0.5555555555555556
diazepam,alpha1,alpha1|BZD_GAMMA2_189|GLU|any_contact_frequency,2026091901,1,9,0.1111111111111111
diazepam,alpha1,alpha1|BZD_GAMMA2_189|GLU|any_contact_frequency,2026091902,1,9,0.1111111111111111
diazepam,alpha1,alpha1|BZD_GAMMA2_189|GLU|any_contact_frequency,2026091903,1,9,0.1111111111111111
diazepam,alpha1,alpha1|BZD_GAMMA2_189|GLU|any_contact_frequency,2026091904,1,9,0.1111111111111111
diazepam,alpha1,alpha1|BZD_GAMMA2_189|GLU|any_contact_frequency,2026091905,0,9,0.0
alprazolam,alpha1,alpha1|BZD_GAMMA2_189|GLU|any_contact_frequency,2026091901,0,8,0.0
alprazolam,alpha1,alpha1|BZD_GAMMA2_189|GLU|any_contact_frequency,2026091902,1,7,0.14285714285714285
alprazolam,alpha1,alpha1|BZD_GAMMA2_189|GLU|any_contact_frequency,2026091903,0,7,0.0
alprazolam,alpha1,alpha1|BZD_GAMMA2_189|GLU|any_contact_frequency,2026091904,1,7,0.14285714285714285
alprazolam,alpha1,alpha1|BZD_GAMMA2_189|GLU|any_contact_frequency,2026091905,1,6,0.16666666666666666
triazolam,alpha1,alpha1|BZD_GAMMA2_189|GLU|any_contact_frequency,2026091901,0,9,0.0
triazolam,alpha1,alpha1|BZD_GAMMA2_189|GLU|any_contact_frequency,2026091902,1,8,0.125
triazolam,alpha1,alpha1|BZD_GAMMA2_189|GLU|any_contact_frequency,2026091903,1,8,0.125
triazolam,alpha1,alpha1|BZD_GAMMA2_189|GLU|any_contact_frequency,2026091904,0,9,0.0
triazolam,alpha1,alpha1|BZD_GAMMA2_189|GLU|any_contact_frequency,2026091905,0,6,0.0
zolpidem,alpha1,alpha1|BZD_GAMMA2_189|GLU|any_contact_frequency,2026091901,0,9,0.0
zolpidem,alpha1,alpha1|BZD_GAMMA2_189|GLU|any_contact_frequency,2026091902,0,9,0.0
zolpidem,alpha1,alpha1|BZD_GAMMA2_189|GLU|any_contact_frequency,2026091903,0,9,0.0
zolpidem,alpha1,alpha1|BZD_GAMMA2_189|GLU|any_contact_frequency,2026091904,0,9,0.0
zolpidem,alpha1,alpha1|BZD_GAMMA2_189|GLU|any_contact_frequency,2026091905,0,9,0.0
lorazepam,alpha1,alpha1|BZD_GAMMA2_189|GLU|any_contact_frequency,2026091901,1,9,0.1111111111111111
lorazepam,alpha1,alpha1|BZD_GAMMA2_189|GLU|any_contact_frequency,2026091902,1,9,0.1111111111111111
lorazepam,alpha1,alpha1|BZD_GAMMA2_189|GLU|any_contact_frequency,2026091903,1,9,0.1111111111111111
lorazepam,alpha1,alpha1|BZD_GAMMA2_189|GLU|any_contact_frequency,2026091904,1,9,0.1111111111111111
lorazepam,alpha1,alpha1|BZD_GAMMA2_189|GLU|any_contact_frequency,2026091905,1,9,0.1111111111111111
clonazepam,alpha1,alpha1|BZD_GAMMA2_189|GLU|any_contact_frequency,2026091901,0,9,0.0
clonazepam,alpha1,alpha1|BZD_GAMMA2_189|GLU|any_contact_frequency,2026091902,0,9,0.0
clonazepam,alpha1,alpha1|BZD_GAMMA2_189|GLU|any_contact_frequency,2026091903,0,9,0.0
clonazepam,alpha1,alpha1|BZD_GAMMA2_189|GLU|any_contact_frequency,2026091904,0,9,0.0
clonazepam,alpha1,alpha1|BZD_GAMMA2_189|GLU|any_contact_frequency,2026091905,1,9,0.1111111111111111
midazolam,alpha1,alpha1|BZD_GAMMA2_189|GLU|any_contact_frequency,2026091901,1,7,0.14285714285714285
midazolam,alpha1,alpha1|BZD_GAMMA2_189|GLU|any_contact_frequency,2026091902,1,9,0.1111111111111111
midazolam,alpha1,alpha1|BZD_GAMMA2_189|GLU|any_contact_frequency,2026091903,1,9,0.1111111111111111
midazolam,alpha1,alpha1|BZD_GAMMA2_189|GLU|any_contact_frequency,2026091904,0,9,0.0
midazolam,alpha1,alpha1|BZD_GAMMA2_189|GLU|any_contact_frequency,2026091905,1,9,0.1111111111111111
temazepam,alpha1,alpha1|BZD_GAMMA2_189|GLU|any_contact_frequency,2026091901,0,9,0.0
temazepam,alpha1,alpha1|BZD_GAMMA2_189|GLU|any_contact_frequency,2026091902,0,9,0.0
temazepam,alpha1,alpha1|BZD_GAMMA2_189|GLU|any_contact_frequency,2026091903,0,9,0.0
temazepam,alpha1,alpha1|BZD_GAMMA2_189|GLU|any_contact_frequency,2026091904,0,9,0.0
temazepam,alpha1,alpha1|BZD_GAMMA2_189|GLU|any_contact_frequency,2026091905,2,9,0.2222222222222222
zopiclone,alpha1,alpha1|BZD_GAMMA2_189|GLU|any_contact_frequency,2026091901,0,9,0.0
zopiclone,alpha1,alpha1|BZD_GAMMA2_189|GLU|any_contact_frequency,2026091902,0,9,0.0
zopiclone,alpha1,alpha1|BZD_GAMMA2_189|GLU|any_contact_frequency,2026091903,0,9,0.0
zopiclone,alpha1,alpha1|BZD_GAMMA2_189|GLU|any_contact_frequency,2026091904,0,9,0.0
zopiclone,alpha1,alpha1|BZD_GAMMA2_189|GLU|any_contact_frequency,2026091905,1,9,0.1111111111111111
zaleplon,alpha1,alpha1|BZD_GAMMA2_189|GLU|any_contact_frequency,2026091901,0,9,0.0
zaleplon,alpha1,alpha1|BZD_GAMMA2_189|GLU|any_contact_frequency,2026091902,0,9,0.0
zaleplon,alpha1,alpha1|BZD_GAMMA2_189|GLU|any_contact_frequency,2026091903,0,9,0.0
zaleplon,alpha1,alpha1|BZD_GAMMA2_189|GLU|any_contact_frequency,2026091904,0,9,0.0
zaleplon,alpha1,alpha1|BZD_GAMMA2_189|GLU|any_contact_frequency,2026091905,0,9,0.0
diazepam,alpha1,alpha1|BZD_GAMMA2_192|ASP|any_contact_frequency,2026091901,0,9,0.0
diazepam,alpha1,alpha1|BZD_GAMMA2_192|ASP|any_contact_frequency,2026091902,0,9,0.0
diazepam,alpha1,alpha1|BZD_GAMMA2_192|ASP|any_contact_frequency,2026091903,0,9,0.0
diazepam,alpha1,alpha1|BZD_GAMMA2_192|ASP|any_contact_frequency,2026091904,0,9,0.0
diazepam,alpha1,alpha1|BZD_GAMMA2_192|ASP|any_contact_frequency,2026091905,0,9,0.0
alprazolam,alpha1,alpha1|BZD_GAMMA2_192|ASP|any_contact_frequency,2026091901,0,8,0.0
alprazolam,alpha1,alpha1|BZD_GAMMA2_192|ASP|any_contact_frequency,2026091902,0,7,0.0
alprazolam,alpha1,alpha1|BZD_GAMMA2_192|ASP|any_contact_frequency,2026091903,0,7,0.0
alprazolam,alpha1,alpha1|BZD_GAMMA2_192|ASP|any_contact_frequency,2026091904,0,7,0.0
alprazolam,alpha1,alpha1|BZD_GAMMA2_192|ASP|any_contact_frequency,2026091905,0,6,0.0
triazolam,alpha1,alpha1|BZD_GAMMA2_192|ASP|any_contact_frequency,2026091901,0,9,0.0
triazolam,alpha1,alpha1|BZD_GAMMA2_192|ASP|any_contact_frequency,2026091902,0,8,0.0
triazolam,alpha1,alpha1|BZD_GAMMA2_192|ASP|any_contact_frequency,2026091903,0,8,0.0
triazolam,alpha1,alpha1|BZD_GAMMA2_192|ASP|any_contact_frequency,2026091904,0,9,0.0
triazolam,alpha1,alpha1|BZD_GAMMA2_192|ASP|any_contact_frequency,2026091905,0,6,0.0
zolpidem,alpha1,alpha1|BZD_GAMMA2_192|ASP|any_contact_frequency,2026091901,0,9,0.0
zolpidem,alpha1,alpha1|BZD_GAMMA2_192|ASP|any_contact_frequency,2026091902,0,9,0.0
zolpidem,alpha1,alpha1|BZD_GAMMA2_192|ASP|any_contact_frequency,2026091903,0,9,0.0
zolpidem,alpha1,alpha1|BZD_GAMMA2_192|ASP|any_contact_frequency,2026091904,0,9,0.0
zolpidem,alpha1,alpha1|BZD_GAMMA2_192|ASP|any_contact_frequency,2026091905,0,9,0.0
lorazepam,alpha1,alpha1|BZD_GAMMA2_192|ASP|any_contact_frequency,2026091901,1,9,0.1111111111111111
lorazepam,alpha1,alpha1|BZD_GAMMA2_192|ASP|any_contact_frequency,2026091902,3,9,0.3333333333333333
lorazepam,alpha1,alpha1|BZD_GAMMA2_192|ASP|any_contact_frequency,2026091903,1,9,0.1111111111111111
lorazepam,alpha1,alpha1|BZD_GAMMA2_192|ASP|any_contact_frequency,2026091904,2,9,0.2222222222222222
lorazepam,alpha1,alpha1|BZD_GAMMA2_192|ASP|any_contact_frequency,2026091905,3,9,0.3333333333333333
clonazepam,alpha1,alpha1|BZD_GAMMA2_192|ASP|any_contact_frequency,2026091901,0,9,0.0
clonazepam,alpha1,alpha1|BZD_GAMMA2_192|ASP|any_contact_frequency,2026091902,0,9,0.0
clonazepam,alpha1,alpha1|BZD_GAMMA2_192|ASP|any_contact_frequency,2026091903,0,9,0.0
clonazepam,alpha1,alpha1|BZD_GAMMA2_192|ASP|any_contact_frequency,2026091904,1,9,0.1111111111111111
clonazepam,alpha1,alpha1|BZD_GAMMA2_192|ASP|any_contact_frequency,2026091905,0,9,0.0
midazolam,alpha1,alpha1|BZD_GAMMA2_192|ASP|any_contact_frequency,2026091901,0,7,0.0
midazolam,alpha1,alpha1|BZD_GAMMA2_192|ASP|any_contact_frequency,2026091902,0,9,0.0
midazolam,alpha1,alpha1|BZD_GAMMA2_192|ASP|any_contact_frequency,2026091903,0,9,0.0
midazolam,alpha1,alpha1|BZD_GAMMA2_192|ASP|any_contact_frequency,2026091904,0,9,0.0
midazolam,alpha1,alpha1|BZD_GAMMA2_192|ASP|any_contact_frequency,2026091905,1,9,0.1111111111111111
temazepam,alpha1,alpha1|BZD_GAMMA2_192|ASP|any_contact_frequency,2026091901,2,9,0.2222222222222222
temazepam,alpha1,alpha1|BZD_GAMMA2_192|ASP|any_contact_frequency,2026091902,2,9,0.2222222222222222
temazepam,alpha1,alpha1|BZD_GAMMA2_192|ASP|any_contact_frequency,2026091903,2,9,0.2222222222222222
temazepam,alpha1,alpha1|BZD_GAMMA2_192|ASP|any_contact_frequency,2026091904,2,9,0.2222222222222222
temazepam,alpha1,alpha1|BZD_GAMMA2_192|ASP|any_contact_frequency,2026091905,1,9,0.1111111111111111
zopiclone,alpha1,alpha1|BZD_GAMMA2_192|ASP|any_contact_frequency,2026091901,1,9,0.1111111111111111
zopiclone,alpha1,alpha1|BZD_GAMMA2_192|ASP|any_contact_frequency,2026091902,2,9,0.2222222222222222
zopiclone,alpha1,alpha1|BZD_GAMMA2_192|ASP|any_contact_frequency,2026091903,1,9,0.1111111111111111
zopiclone,alpha1,alpha1|BZD_GAMMA2_192|ASP|any_contact_frequency,2026091904,1,9,0.1111111111111111
zopiclone,alpha1,alpha1|BZD_GAMMA2_192|ASP|any_contact_frequency,2026091905,1,9,0.1111111111111111
zaleplon,alpha1,alpha1|BZD_GAMMA2_192|ASP|any_contact_frequency,2026091901,0,9,0.0
zaleplon,alpha1,alpha1|BZD_GAMMA2_192|ASP|any_contact_frequency,2026091902,0,9,0.0
zaleplon,alpha1,alpha1|BZD_GAMMA2_192|ASP|any_contact_frequency,2026091903,0,9,0.0
zaleplon,alpha1,alpha1|BZD_GAMMA2_192|ASP|any_contact_frequency,2026091904,0,9,0.0
zaleplon,alpha1,alpha1|BZD_GAMMA2_192|ASP|any_contact_frequency,2026091905,0,9,0.0
diazepam,alpha1,alpha1|BZD_GAMMA2_195|SER|any_contact_frequency,2026091901,0,9,0.0
diazepam,alpha1,alpha1|BZD_GAMMA2_195|SER|any_contact_frequency,2026091902,0,9,0.0
diazepam,alpha1,alpha1|BZD_GAMMA2_195|SER|any_contact_frequency,2026091903,0,9,0.0
diazepam,alpha1,alpha1|BZD_GAMMA2_195|SER|any_contact_frequency,2026091904,0,9,0.0
diazepam,alpha1,alpha1|BZD_GAMMA2_195|SER|any_contact_frequency,2026091905,0,9,0.0
alprazolam,alpha1,alpha1|BZD_GAMMA2_195|SER|any_contact_frequency,2026091901,0,8,0.0
alprazolam,alpha1,alpha1|BZD_GAMMA2_195|SER|any_contact_frequency,2026091902,0,7,0.0
alprazolam,alpha1,alpha1|BZD_GAMMA2_195|SER|any_contact_frequency,2026091903,0,7,0.0
alprazolam,alpha1,alpha1|BZD_GAMMA2_195|SER|any_contact_frequency,2026091904,0,7,0.0
alprazolam,alpha1,alpha1|BZD_GAMMA2_195|SER|any_contact_frequency,2026091905,0,6,0.0
triazolam,alpha1,alpha1|BZD_GAMMA2_195|SER|any_contact_frequency,2026091901,0,9,0.0
triazolam,alpha1,alpha1|BZD_GAMMA2_195|SER|any_contact_frequency,2026091902,0,8,0.0
triazolam,alpha1,alpha1|BZD_GAMMA2_195|SER|any_contact_frequency,2026091903,0,8,0.0
triazolam,alpha1,alpha1|BZD_GAMMA2_195|SER|any_contact_frequency,2026091904,0,9,0.0
triazolam,alpha1,alpha1|BZD_GAMMA2_195|SER|any_contact_frequency,2026091905,0,6,0.0
zolpidem,alpha1,alpha1|BZD_GAMMA2_195|SER|any_contact_frequency,2026091901,0,9,0.0
zolpidem,alpha1,alpha1|BZD_GAMMA2_195|SER|any_contact_frequency,2026091902,0,9,0.0
zolpidem,alpha1,alpha1|BZD_GAMMA2_195|SER|any_contact_frequency,2026091903,0,9,0.0
zolpidem,alpha1,alpha1|BZD_GAMMA2_195|SER|any_contact_frequency,2026091904,0,9,0.0
zolpidem,alpha1,alpha1|BZD_GAMMA2_195|SER|any_contact_frequency,2026091905,0,9,0.0
lorazepam,alpha1,alpha1|BZD_GAMMA2_195|SER|any_contact_frequency,2026091901,0,9,0.0
lorazepam,alpha1,alpha1|BZD_GAMMA2_195|SER|any_contact_frequency,2026091902,0,9,0.0
lorazepam,alpha1,alpha1|BZD_GAMMA2_195|SER|any_contact_frequency,2026091903,0,9,0.0
lorazepam,alpha1,alpha1|BZD_GAMMA2_195|SER|any_contact_frequency,2026091904,0,9,0.0
lorazepam,alpha1,alpha1|BZD_GAMMA2_195|SER|any_contact_frequency,2026091905,0,9,0.0
clonazepam,alpha1,alpha1|BZD_GAMMA2_195|SER|any_contact_frequency,2026091901,0,9,0.0
clonazepam,alpha1,alpha1|BZD_GAMMA2_195|SER|any_contact_frequency,2026091902,1,9,0.1111111111111111
clonazepam,alpha1,alpha1|BZD_GAMMA2_195|SER|any_contact_frequency,2026091903,0,9,0.0
clonazepam,alpha1,alpha1|BZD_GAMMA2_195|SER|any_contact_frequency,2026091904,1,9,0.1111111111111111
clonazepam,alpha1,alpha1|BZD_GAMMA2_195|SER|any_contact_frequency,2026091905,0,9,0.0
midazolam,alpha1,alpha1|BZD_GAMMA2_195|SER|any_contact_frequency,2026091901,0,7,0.0
midazolam,alpha1,alpha1|BZD_GAMMA2_195|SER|any_contact_frequency,2026091902,0,9,0.0
midazolam,alpha1,alpha1|BZD_GAMMA2_195|SER|any_contact_frequency,2026091903,0,9,0.0
midazolam,alpha1,alpha1|BZD_GAMMA2_195|SER|any_contact_frequency,2026091904,0,9,0.0
midazolam,alpha1,alpha1|BZD_GAMMA2_195|SER|any_contact_frequency,2026091905,0,9,0.0
temazepam,alpha1,alpha1|BZD_GAMMA2_195|SER|any_contact_frequency,2026091901,0,9,0.0
temazepam,alpha1,alpha1|BZD_GAMMA2_195|SER|any_contact_frequency,2026091902,0,9,0.0
temazepam,alpha1,alpha1|BZD_GAMMA2_195|SER|any_contact_frequency,2026091903,0,9,0.0
temazepam,alpha1,alpha1|BZD_GAMMA2_195|SER|any_contact_frequency,2026091904,1,9,0.1111111111111111
temazepam,alpha1,alpha1|BZD_GAMMA2_195|SER|any_contact_frequency,2026091905,0,9,0.0
zopiclone,alpha1,alpha1|BZD_GAMMA2_195|SER|any_contact_frequency,2026091901,0,9,0.0
zopiclone,alpha1,alpha1|BZD_GAMMA2_195|SER|any_contact_frequency,2026091902,0,9,0.0
zopiclone,alpha1,alpha1|BZD_GAMMA2_195|SER|any_contact_frequency,2026091903,0,9,0.0
zopiclone,alpha1,alpha1|BZD_GAMMA2_195|SER|any_contact_frequency,2026091904,0,9,0.0
zopiclone,alpha1,alpha1|BZD_GAMMA2_195|SER|any_contact_frequency,2026091905,0,9,0.0
zaleplon,alpha1,alpha1|BZD_GAMMA2_195|SER|any_contact_frequency,2026091901,0,9,0.0
zaleplon,alpha1,alpha1|BZD_GAMMA2_195|SER|any_contact_frequency,2026091902,0,9,0.0
zaleplon,alpha1,alpha1|BZD_GAMMA2_195|SER|any_contact_frequency,2026091903,0,9,0.0
zaleplon,alpha1,alpha1|BZD_GAMMA2_195|SER|any_contact_frequency,2026091904,0,9,0.0
zaleplon,alpha1,alpha1|BZD_GAMMA2_195|SER|any_contact_frequency,2026091905,0,9,0.0
diazepam,alpha1,alpha1|BZD_SITE_100|PHE|any_contact_frequency,2026091901,3,9,0.3333333333333333
diazepam,alpha1,alpha1|BZD_SITE_100|PHE|any_contact_frequency,2026091902,3,9,0.3333333333333333
diazepam,alpha1,alpha1|BZD_SITE_100|PHE|any_contact_frequency,2026091903,3,9,0.3333333333333333
diazepam,alpha1,alpha1|BZD_SITE_100|PHE|any_contact_frequency,2026091904,2,9,0.2222222222222222
diazepam,alpha1,alpha1|BZD_SITE_100|PHE|any_contact_frequency,2026091905,3,9,0.3333333333333333
alprazolam,alpha1,alpha1|BZD_SITE_100|PHE|any_contact_frequency,2026091901,2,8,0.25
alprazolam,alpha1,alpha1|BZD_SITE_100|PHE|any_contact_frequency,2026091902,1,7,0.14285714285714285
alprazolam,alpha1,alpha1|BZD_SITE_100|PHE|any_contact_frequency,2026091903,1,7,0.14285714285714285
alprazolam,alpha1,alpha1|BZD_SITE_100|PHE|any_contact_frequency,2026091904,1,7,0.14285714285714285
alprazolam,alpha1,alpha1|BZD_SITE_100|PHE|any_contact_frequency,2026091905,1,6,0.16666666666666666
triazolam,alpha1,alpha1|BZD_SITE_100|PHE|any_contact_frequency,2026091901,2,9,0.2222222222222222
triazolam,alpha1,alpha1|BZD_SITE_100|PHE|any_contact_frequency,2026091902,2,8,0.25
triazolam,alpha1,alpha1|BZD_SITE_100|PHE|any_contact_frequency,2026091903,1,8,0.125
triazolam,alpha1,alpha1|BZD_SITE_100|PHE|any_contact_frequency,2026091904,1,9,0.1111111111111111
triazolam,alpha1,alpha1|BZD_SITE_100|PHE|any_contact_frequency,2026091905,1,6,0.16666666666666666
zolpidem,alpha1,alpha1|BZD_SITE_100|PHE|any_contact_frequency,2026091901,3,9,0.3333333333333333
zolpidem,alpha1,alpha1|BZD_SITE_100|PHE|any_contact_frequency,2026091902,1,9,0.1111111111111111
zolpidem,alpha1,alpha1|BZD_SITE_100|PHE|any_contact_frequency,2026091903,3,9,0.3333333333333333
zolpidem,alpha1,alpha1|BZD_SITE_100|PHE|any_contact_frequency,2026091904,2,9,0.2222222222222222
zolpidem,alpha1,alpha1|BZD_SITE_100|PHE|any_contact_frequency,2026091905,2,9,0.2222222222222222
lorazepam,alpha1,alpha1|BZD_SITE_100|PHE|any_contact_frequency,2026091901,1,9,0.1111111111111111
lorazepam,alpha1,alpha1|BZD_SITE_100|PHE|any_contact_frequency,2026091902,0,9,0.0
lorazepam,alpha1,alpha1|BZD_SITE_100|PHE|any_contact_frequency,2026091903,0,9,0.0
lorazepam,alpha1,alpha1|BZD_SITE_100|PHE|any_contact_frequency,2026091904,0,9,0.0
lorazepam,alpha1,alpha1|BZD_SITE_100|PHE|any_contact_frequency,2026091905,0,9,0.0
clonazepam,alpha1,alpha1|BZD_SITE_100|PHE|any_contact_frequency,2026091901,2,9,0.2222222222222222
clonazepam,alpha1,alpha1|BZD_SITE_100|PHE|any_contact_frequency,2026091902,2,9,0.2222222222222222
clonazepam,alpha1,alpha1|BZD_SITE_100|PHE|any_contact_frequency,2026091903,3,9,0.3333333333333333
clonazepam,alpha1,alpha1|BZD_SITE_100|PHE|any_contact_frequency,2026091904,2,9,0.2222222222222222
clonazepam,alpha1,alpha1|BZD_SITE_100|PHE|any_contact_frequency,2026091905,1,9,0.1111111111111111
midazolam,alpha1,alpha1|BZD_SITE_100|PHE|any_contact_frequency,2026091901,3,7,0.42857142857142855
midazolam,alpha1,alpha1|BZD_SITE_100|PHE|any_contact_frequency,2026091902,3,9,0.3333333333333333
midazolam,alpha1,alpha1|BZD_SITE_100|PHE|any_contact_frequency,2026091903,2,9,0.2222222222222222
midazolam,alpha1,alpha1|BZD_SITE_100|PHE|any_contact_frequency,2026091904,3,9,0.3333333333333333
midazolam,alpha1,alpha1|BZD_SITE_100|PHE|any_contact_frequency,2026091905,2,9,0.2222222222222222
temazepam,alpha1,alpha1|BZD_SITE_100|PHE|any_contact_frequency,2026091901,1,9,0.1111111111111111
temazepam,alpha1,alpha1|BZD_SITE_100|PHE|any_contact_frequency,2026091902,1,9,0.1111111111111111
temazepam,alpha1,alpha1|BZD_SITE_100|PHE|any_contact_frequency,2026091903,1,9,0.1111111111111111
temazepam,alpha1,alpha1|BZD_SITE_100|PHE|any_contact_frequency,2026091904,1,9,0.1111111111111111
temazepam,alpha1,alpha1|BZD_SITE_100|PHE|any_contact_frequency,2026091905,1,9,0.1111111111111111
zopiclone,alpha1,alpha1|BZD_SITE_100|PHE|any_contact_frequency,2026091901,1,9,0.1111111111111111
zopiclone,alpha1,alpha1|BZD_SITE_100|PHE|any_contact_frequency,2026091902,1,9,0.1111111111111111
zopiclone,alpha1,alpha1|BZD_SITE_100|PHE|any_contact_frequency,2026091903,2,9,0.2222222222222222
zopiclone,alpha1,alpha1|BZD_SITE_100|PHE|any_contact_frequency,2026091904,1,9,0.1111111111111111
zopiclone,alpha1,alpha1|BZD_SITE_100|PHE|any_contact_frequency,2026091905,1,9,0.1111111111111111
zaleplon,alpha1,alpha1|BZD_SITE_100|PHE|any_contact_frequency,2026091901,4,9,0.4444444444444444
zaleplon,alpha1,alpha1|BZD_SITE_100|PHE|any_contact_frequency,2026091902,1,9,0.1111111111111111
zaleplon,alpha1,alpha1|BZD_SITE_100|PHE|any_contact_frequency,2026091903,3,9,0.3333333333333333
zaleplon,alpha1,alpha1|BZD_SITE_100|PHE|any_contact_frequency,2026091904,1,9,0.1111111111111111
zaleplon,alpha1,alpha1|BZD_SITE_100|PHE|any_contact_frequency,2026091905,3,9,0.3333333333333333
diazepam,alpha1,alpha1|BZD_SITE_102|HIS|any_contact_frequency,2026091901,1,9,0.1111111111111111
diazepam,alpha1,alpha1|BZD_SITE_102|HIS|any_contact_frequency,2026091902,1,9,0.1111111111111111
diazepam,alpha1,alpha1|BZD_SITE_102|HIS|any_contact_frequency,2026091903,1,9,0.1111111111111111
diazepam,alpha1,alpha1|BZD_SITE_102|HIS|any_contact_frequency,2026091904,0,9,0.0
diazepam,alpha1,alpha1|BZD_SITE_102|HIS|any_contact_frequency,2026091905,0,9,0.0
alprazolam,alpha1,alpha1|BZD_SITE_102|HIS|any_contact_frequency,2026091901,3,8,0.375
alprazolam,alpha1,alpha1|BZD_SITE_102|HIS|any_contact_frequency,2026091902,2,7,0.2857142857142857
alprazolam,alpha1,alpha1|BZD_SITE_102|HIS|any_contact_frequency,2026091903,3,7,0.42857142857142855
alprazolam,alpha1,alpha1|BZD_SITE_102|HIS|any_contact_frequency,2026091904,2,7,0.2857142857142857
alprazolam,alpha1,alpha1|BZD_SITE_102|HIS|any_contact_frequency,2026091905,1,6,0.16666666666666666
triazolam,alpha1,alpha1|BZD_SITE_102|HIS|any_contact_frequency,2026091901,3,9,0.3333333333333333
triazolam,alpha1,alpha1|BZD_SITE_102|HIS|any_contact_frequency,2026091902,2,8,0.25
triazolam,alpha1,alpha1|BZD_SITE_102|HIS|any_contact_frequency,2026091903,3,8,0.375
triazolam,alpha1,alpha1|BZD_SITE_102|HIS|any_contact_frequency,2026091904,3,9,0.3333333333333333
triazolam,alpha1,alpha1|BZD_SITE_102|HIS|any_contact_frequency,2026091905,1,6,0.16666666666666666
zolpidem,alpha1,alpha1|BZD_SITE_102|HIS|any_contact_frequency,2026091901,3,9,0.3333333333333333
zolpidem,alpha1,alpha1|BZD_SITE_102|HIS|any_contact_frequency,2026091902,2,9,0.2222222222222222
zolpidem,alpha1,alpha1|BZD_SITE_102|HIS|any_contact_frequency,2026091903,1,9,0.1111111111111111
zolpidem,alpha1,alpha1|BZD_SITE_102|HIS|any_contact_frequency,2026091904,0,9,0.0
zolpidem,alpha1,alpha1|BZD_SITE_102|HIS|any_contact_frequency,2026091905,2,9,0.2222222222222222
lorazepam,alpha1,alpha1|BZD_SITE_102|HIS|any_contact_frequency,2026091901,1,9,0.1111111111111111
lorazepam,alpha1,alpha1|BZD_SITE_102|HIS|any_contact_frequency,2026091902,1,9,0.1111111111111111
lorazepam,alpha1,alpha1|BZD_SITE_102|HIS|any_contact_frequency,2026091903,1,9,0.1111111111111111
lorazepam,alpha1,alpha1|BZD_SITE_102|HIS|any_contact_frequency,2026091904,0,9,0.0
lorazepam,alpha1,alpha1|BZD_SITE_102|HIS|any_contact_frequency,2026091905,1,9,0.1111111111111111
clonazepam,alpha1,alpha1|BZD_SITE_102|HIS|any_contact_frequency,2026091901,2,9,0.2222222222222222
clonazepam,alpha1,alpha1|BZD_SITE_102|HIS|any_contact_frequency,2026091902,2,9,0.2222222222222222
clonazepam,alpha1,alpha1|BZD_SITE_102|HIS|any_contact_frequency,2026091903,1,9,0.1111111111111111
clonazepam,alpha1,alpha1|BZD_SITE_102|HIS|any_contact_frequency,2026091904,2,9,0.2222222222222222
clonazepam,alpha1,alpha1|BZD_SITE_102|HIS|any_contact_frequency,2026091905,2,9,0.2222222222222222
midazolam,alpha1,alpha1|BZD_SITE_102|HIS|any_contact_frequency,2026091901,0,7,0.0
midazolam,alpha1,alpha1|BZD_SITE_102|HIS|any_contact_frequency,2026091902,3,9,0.3333333333333333
midazolam,alpha1,alpha1|BZD_SITE_102|HIS|any_contact_frequency,2026091903,1,9,0.1111111111111111
midazolam,alpha1,alpha1|BZD_SITE_102|HIS|any_contact_frequency,2026091904,3,9,0.3333333333333333
midazolam,alpha1,alpha1|BZD_SITE_102|HIS|any_contact_frequency,2026091905,2,9,0.2222222222222222
temazepam,alpha1,alpha1|BZD_SITE_102|HIS|any_contact_frequency,2026091901,3,9,0.3333333333333333
temazepam,alpha1,alpha1|BZD_SITE_102|HIS|any_contact_frequency,2026091902,3,9,0.3333333333333333
temazepam,alpha1,alpha1|BZD_SITE_102|HIS|any_contact_frequency,2026091903,5,9,0.5555555555555556
temazepam,alpha1,alpha1|BZD_SITE_102|HIS|any_contact_frequency,2026091904,3,9,0.3333333333333333
temazepam,alpha1,alpha1|BZD_SITE_102|HIS|any_contact_frequency,2026091905,2,9,0.2222222222222222
zopiclone,alpha1,alpha1|BZD_SITE_102|HIS|any_contact_frequency,2026091901,1,9,0.1111111111111111
zopiclone,alpha1,alpha1|BZD_SITE_102|HIS|any_contact_frequency,2026091902,1,9,0.1111111111111111
zopiclone,alpha1,alpha1|BZD_SITE_102|HIS|any_contact_frequency,2026091903,1,9,0.1111111111111111
zopiclone,alpha1,alpha1|BZD_SITE_102|HIS|any_contact_frequency,2026091904,0,9,0.0
zopiclone,alpha1,alpha1|BZD_SITE_102|HIS|any_contact_frequency,2026091905,1,9,0.1111111111111111
zaleplon,alpha1,alpha1|BZD_SITE_102|HIS|any_contact_frequency,2026091901,2,9,0.2222222222222222
zaleplon,alpha1,alpha1|BZD_SITE_102|HIS|any_contact_frequency,2026091902,2,9,0.2222222222222222
zaleplon,alpha1,alpha1|BZD_SITE_102|HIS|any_contact_frequency,2026091903,1,9,0.1111111111111111
zaleplon,alpha1,alpha1|BZD_SITE_102|HIS|any_contact_frequency,2026091904,1,9,0.1111111111111111
zaleplon,alpha1,alpha1|BZD_SITE_102|HIS|any_contact_frequency,2026091905,2,9,0.2222222222222222
diazepam,alpha1,alpha1|BZD_SITE_103|ASN|any_contact_frequency,2026091901,2,9,0.2222222222222222
diazepam,alpha1,alpha1|BZD_SITE_103|ASN|any_contact_frequency,2026091902,0,9,0.0
diazepam,alpha1,alpha1|BZD_SITE_103|ASN|any_contact_frequency,2026091903,0,9,0.0
diazepam,alpha1,alpha1|BZD_SITE_103|ASN|any_contact_frequency,2026091904,0,9,0.0
diazepam,alpha1,alpha1|BZD_SITE_103|ASN|any_contact_frequency,2026091905,0,9,0.0
alprazolam,alpha1,alpha1|BZD_SITE_103|ASN|any_contact_frequency,2026091901,0,8,0.0
alprazolam,alpha1,alpha1|BZD_SITE_103|ASN|any_contact_frequency,2026091902,0,7,0.0
alprazolam,alpha1,alpha1|BZD_SITE_103|ASN|any_contact_frequency,2026091903,0,7,0.0
alprazolam,alpha1,alpha1|BZD_SITE_103|ASN|any_contact_frequency,2026091904,0,7,0.0
alprazolam,alpha1,alpha1|BZD_SITE_103|ASN|any_contact_frequency,2026091905,0,6,0.0
triazolam,alpha1,alpha1|BZD_SITE_103|ASN|any_contact_frequency,2026091901,0,9,0.0
triazolam,alpha1,alpha1|BZD_SITE_103|ASN|any_contact_frequency,2026091902,0,8,0.0
triazolam,alpha1,alpha1|BZD_SITE_103|ASN|any_contact_frequency,2026091903,0,8,0.0
triazolam,alpha1,alpha1|BZD_SITE_103|ASN|any_contact_frequency,2026091904,0,9,0.0
triazolam,alpha1,alpha1|BZD_SITE_103|ASN|any_contact_frequency,2026091905,0,6,0.0
zolpidem,alpha1,alpha1|BZD_SITE_103|ASN|any_contact_frequency,2026091901,0,9,0.0
zolpidem,alpha1,alpha1|BZD_SITE_103|ASN|any_contact_frequency,2026091902,0,9,0.0
zolpidem,alpha1,alpha1|BZD_SITE_103|ASN|any_contact_frequency,2026091903,0,9,0.0
zolpidem,alpha1,alpha1|BZD_SITE_103|ASN|any_contact_frequency,2026091904,0,9,0.0
zolpidem,alpha1,alpha1|BZD_SITE_103|ASN|any_contact_frequency,2026091905,0,9,0.0
lorazepam,alpha1,alpha1|BZD_SITE_103|ASN|any_contact_frequency,2026091901,1,9,0.1111111111111111
lorazepam,alpha1,alpha1|BZD_SITE_103|ASN|any_contact_frequency,2026091902,0,9,0.0
lorazepam,alpha1,alpha1|BZD_SITE_103|ASN|any_contact_frequency,2026091903,0,9,0.0
lorazepam,alpha1,alpha1|BZD_SITE_103|ASN|any_contact_frequency,2026091904,0,9,0.0
lorazepam,alpha1,alpha1|BZD_SITE_103|ASN|any_contact_frequency,2026091905,0,9,0.0
clonazepam,alpha1,alpha1|BZD_SITE_103|ASN|any_contact_frequency,2026091901,0,9,0.0
clonazepam,alpha1,alpha1|BZD_SITE_103|ASN|any_contact_frequency,2026091902,0,9,0.0
clonazepam,alpha1,alpha1|BZD_SITE_103|ASN|any_contact_frequency,2026091903,0,9,0.0
clonazepam,alpha1,alpha1|BZD_SITE_103|ASN|any_contact_frequency,2026091904,0,9,0.0
clonazepam,alpha1,alpha1|BZD_SITE_103|ASN|any_contact_frequency,2026091905,0,9,0.0
midazolam,alpha1,alpha1|BZD_SITE_103|ASN|any_contact_frequency,2026091901,0,7,0.0
midazolam,alpha1,alpha1|BZD_SITE_103|ASN|any_contact_frequency,2026091902,0,9,0.0
midazolam,alpha1,alpha1|BZD_SITE_103|ASN|any_contact_frequency,2026091903,0,9,0.0
midazolam,alpha1,alpha1|BZD_SITE_103|ASN|any_contact_frequency,2026091904,0,9,0.0
midazolam,alpha1,alpha1|BZD_SITE_103|ASN|any_contact_frequency,2026091905,0,9,0.0
temazepam,alpha1,alpha1|BZD_SITE_103|ASN|any_contact_frequency,2026091901,0,9,0.0
temazepam,alpha1,alpha1|BZD_SITE_103|ASN|any_contact_frequency,2026091902,0,9,0.0
temazepam,alpha1,alpha1|BZD_SITE_103|ASN|any_contact_frequency,2026091903,0,9,0.0
temazepam,alpha1,alpha1|BZD_SITE_103|ASN|any_contact_frequency,2026091904,0,9,0.0
temazepam,alpha1,alpha1|BZD_SITE_103|ASN|any_contact_frequency,2026091905,0,9,0.0
zopiclone,alpha1,alpha1|BZD_SITE_103|ASN|any_contact_frequency,2026091901,0,9,0.0
zopiclone,alpha1,alpha1|BZD_SITE_103|ASN|any_contact_frequency,2026091902,0,9,0.0
zopiclone,alpha1,alpha1|BZD_SITE_103|ASN|any_contact_frequency,2026091903,0,9,0.0
zopiclone,alpha1,alpha1|BZD_SITE_103|ASN|any_contact_frequency,2026091904,0,9,0.0
zopiclone,alpha1,alpha1|BZD_SITE_103|ASN|any_contact_frequency,2026091905,0,9,0.0
zaleplon,alpha1,alpha1|BZD_SITE_103|ASN|any_contact_frequency,2026091901,0,9,0.0
zaleplon,alpha1,alpha1|BZD_SITE_103|ASN|any_contact_frequency,2026091902,0,9,0.0
zaleplon,alpha1,alpha1|BZD_SITE_103|ASN|any_contact_frequency,2026091903,0,9,0.0
zaleplon,alpha1,alpha1|BZD_SITE_103|ASN|any_contact_frequency,2026091904,0,9,0.0
zaleplon,alpha1,alpha1|BZD_SITE_103|ASN|any_contact_frequency,2026091905,0,9,0.0
diazepam,alpha1,alpha1|BZD_SITE_138|GLU|any_contact_frequency,2026091901,0,9,0.0
diazepam,alpha1,alpha1|BZD_SITE_138|GLU|any_contact_frequency,2026091902,0,9,0.0
diazepam,alpha1,alpha1|BZD_SITE_138|GLU|any_contact_frequency,2026091903,0,9,0.0
diazepam,alpha1,alpha1|BZD_SITE_138|GLU|any_contact_frequency,2026091904,0,9,0.0
diazepam,alpha1,alpha1|BZD_SITE_138|GLU|any_contact_frequency,2026091905,0,9,0.0
alprazolam,alpha1,alpha1|BZD_SITE_138|GLU|any_contact_frequency,2026091901,0,8,0.0
alprazolam,alpha1,alpha1|BZD_SITE_138|GLU|any_contact_frequency,2026091902,0,7,0.0
alprazolam,alpha1,alpha1|BZD_SITE_138|GLU|any_contact_frequency,2026091903,0,7,0.0
alprazolam,alpha1,alpha1|BZD_SITE_138|GLU|any_contact_frequency,2026091904,0,7,0.0
alprazolam,alpha1,alpha1|BZD_SITE_138|GLU|any_contact_frequency,2026091905,0,6,0.0
triazolam,alpha1,alpha1|BZD_SITE_138|GLU|any_contact_frequency,2026091901,0,9,0.0
triazolam,alpha1,alpha1|BZD_SITE_138|GLU|any_contact_frequency,2026091902,0,8,0.0
triazolam,alpha1,alpha1|BZD_SITE_138|GLU|any_contact_frequency,2026091903,0,8,0.0
triazolam,alpha1,alpha1|BZD_SITE_138|GLU|any_contact_frequency,2026091904,0,9,0.0
triazolam,alpha1,alpha1|BZD_SITE_138|GLU|any_contact_frequency,2026091905,0,6,0.0
zolpidem,alpha1,alpha1|BZD_SITE_138|GLU|any_contact_frequency,2026091901,0,9,0.0
zolpidem,alpha1,alpha1|BZD_SITE_138|GLU|any_contact_frequency,2026091902,0,9,0.0
zolpidem,alpha1,alpha1|BZD_SITE_138|GLU|any_contact_frequency,2026091903,0,9,0.0
zolpidem,alpha1,alpha1|BZD_SITE_138|GLU|any_contact_frequency,2026091904,0,9,0.0
zolpidem,alpha1,alpha1|BZD_SITE_138|GLU|any_contact_frequency,2026091905,0,9,0.0
lorazepam,alpha1,alpha1|BZD_SITE_138|GLU|any_contact_frequency,2026091901,1,9,0.1111111111111111
lorazepam,alpha1,alpha1|BZD_SITE_138|GLU|any_contact_frequency,2026091902,0,9,0.0
lorazepam,alpha1,alpha1|BZD_SITE_138|GLU|any_contact_frequency,2026091903,0,9,0.0
lorazepam,alpha1,alpha1|BZD_SITE_138|GLU|any_contact_frequency,2026091904,0,9,0.0
lorazepam,alpha1,alpha1|BZD_SITE_138|GLU|any_contact_frequency,2026091905,0,9,0.0
clonazepam,alpha1,alpha1|BZD_SITE_138|GLU|any_contact_frequency,2026091901,0,9,0.0
clonazepam,alpha1,alpha1|BZD_SITE_138|GLU|any_contact_frequency,2026091902,0,9,0.0
clonazepam,alpha1,alpha1|BZD_SITE_138|GLU|any_contact_frequency,2026091903,0,9,0.0
clonazepam,alpha1,alpha1|BZD_SITE_138|GLU|any_contact_frequency,2026091904,0,9,0.0
clonazepam,alpha1,alpha1|BZD_SITE_138|GLU|any_contact_frequency,2026091905,0,9,0.0
midazolam,alpha1,alpha1|BZD_SITE_138|GLU|any_contact_frequency,2026091901,0,7,0.0
midazolam,alpha1,alpha1|BZD_SITE_138|GLU|any_contact_frequency,2026091902,0,9,0.0
midazolam,alpha1,alpha1|BZD_SITE_138|GLU|any_contact_frequency,2026091903,0,9,0.0
midazolam,alpha1,alpha1|BZD_SITE_138|GLU|any_contact_frequency,2026091904,0,9,0.0
midazolam,alpha1,alpha1|BZD_SITE_138|GLU|any_contact_frequency,2026091905,0,9,0.0
temazepam,alpha1,alpha1|BZD_SITE_138|GLU|any_contact_frequency,2026091901,0,9,0.0
temazepam,alpha1,alpha1|BZD_SITE_138|GLU|any_contact_frequency,2026091902,0,9,0.0
temazepam,alpha1,alpha1|BZD_SITE_138|GLU|any_contact_frequency,2026091903,0,9,0.0
temazepam,alpha1,alpha1|BZD_SITE_138|GLU|any_contact_frequency,2026091904,0,9,0.0
temazepam,alpha1,alpha1|BZD_SITE_138|GLU|any_contact_frequency,2026091905,0,9,0.0
zopiclone,alpha1,alpha1|BZD_SITE_138|GLU|any_contact_frequency,2026091901,0,9,0.0
zopiclone,alpha1,alpha1|BZD_SITE_138|GLU|any_contact_frequency,2026091902,0,9,0.0
zopiclone,alpha1,alpha1|BZD_SITE_138|GLU|any_contact_frequency,2026091903,0,9,0.0
zopiclone,alpha1,alpha1|BZD_SITE_138|GLU|any_contact_frequency,2026091904,0,9,0.0
zopiclone,alpha1,alpha1|BZD_SITE_138|GLU|any_contact_frequency,2026091905,0,9,0.0
zaleplon,alpha1,alpha1|BZD_SITE_138|GLU|any_contact_frequency,2026091901,0,9,0.0
zaleplon,alpha1,alpha1|BZD_SITE_138|GLU|any_contact_frequency,2026091902,0,9,0.0
zaleplon,alpha1,alpha1|BZD_SITE_138|GLU|any_contact_frequency,2026091903,0,9,0.0
zaleplon,alpha1,alpha1|BZD_SITE_138|GLU|any_contact_frequency,2026091904,0,9,0.0
zaleplon,alpha1,alpha1|BZD_SITE_138|GLU|any_contact_frequency,2026091905,0,9,0.0
diazepam,alpha1,alpha1|BZD_SITE_156|LYS|any_contact_frequency,2026091901,3,9,0.3333333333333333
diazepam,alpha1,alpha1|BZD_SITE_156|LYS|any_contact_frequency,2026091902,1,9,0.1111111111111111
diazepam,alpha1,alpha1|BZD_SITE_156|LYS|any_contact_frequency,2026091903,0,9,0.0
diazepam,alpha1,alpha1|BZD_SITE_156|LYS|any_contact_frequency,2026091904,1,9,0.1111111111111111
diazepam,alpha1,alpha1|BZD_SITE_156|LYS|any_contact_frequency,2026091905,2,9,0.2222222222222222
alprazolam,alpha1,alpha1|BZD_SITE_156|LYS|any_contact_frequency,2026091901,2,8,0.25
alprazolam,alpha1,alpha1|BZD_SITE_156|LYS|any_contact_frequency,2026091902,2,7,0.2857142857142857
alprazolam,alpha1,alpha1|BZD_SITE_156|LYS|any_contact_frequency,2026091903,1,7,0.14285714285714285
alprazolam,alpha1,alpha1|BZD_SITE_156|LYS|any_contact_frequency,2026091904,1,7,0.14285714285714285
alprazolam,alpha1,alpha1|BZD_SITE_156|LYS|any_contact_frequency,2026091905,1,6,0.16666666666666666
triazolam,alpha1,alpha1|BZD_SITE_156|LYS|any_contact_frequency,2026091901,2,9,0.2222222222222222
triazolam,alpha1,alpha1|BZD_SITE_156|LYS|any_contact_frequency,2026091902,1,8,0.125
triazolam,alpha1,alpha1|BZD_SITE_156|LYS|any_contact_frequency,2026091903,1,8,0.125
triazolam,alpha1,alpha1|BZD_SITE_156|LYS|any_contact_frequency,2026091904,3,9,0.3333333333333333
triazolam,alpha1,alpha1|BZD_SITE_156|LYS|any_contact_frequency,2026091905,1,6,0.16666666666666666
zolpidem,alpha1,alpha1|BZD_SITE_156|LYS|any_contact_frequency,2026091901,1,9,0.1111111111111111
zolpidem,alpha1,alpha1|BZD_SITE_156|LYS|any_contact_frequency,2026091902,1,9,0.1111111111111111
zolpidem,alpha1,alpha1|BZD_SITE_156|LYS|any_contact_frequency,2026091903,1,9,0.1111111111111111
zolpidem,alpha1,alpha1|BZD_SITE_156|LYS|any_contact_frequency,2026091904,1,9,0.1111111111111111
zolpidem,alpha1,alpha1|BZD_SITE_156|LYS|any_contact_frequency,2026091905,1,9,0.1111111111111111
lorazepam,alpha1,alpha1|BZD_SITE_156|LYS|any_contact_frequency,2026091901,1,9,0.1111111111111111
lorazepam,alpha1,alpha1|BZD_SITE_156|LYS|any_contact_frequency,2026091902,1,9,0.1111111111111111
lorazepam,alpha1,alpha1|BZD_SITE_156|LYS|any_contact_frequency,2026091903,3,9,0.3333333333333333
lorazepam,alpha1,alpha1|BZD_SITE_156|LYS|any_contact_frequency,2026091904,2,9,0.2222222222222222
lorazepam,alpha1,alpha1|BZD_SITE_156|LYS|any_contact_frequency,2026091905,4,9,0.4444444444444444
clonazepam,alpha1,alpha1|BZD_SITE_156|LYS|any_contact_frequency,2026091901,1,9,0.1111111111111111
clonazepam,alpha1,alpha1|BZD_SITE_156|LYS|any_contact_frequency,2026091902,2,9,0.2222222222222222
clonazepam,alpha1,alpha1|BZD_SITE_156|LYS|any_contact_frequency,2026091903,2,9,0.2222222222222222
clonazepam,alpha1,alpha1|BZD_SITE_156|LYS|any_contact_frequency,2026091904,2,9,0.2222222222222222
clonazepam,alpha1,alpha1|BZD_SITE_156|LYS|any_contact_frequency,2026091905,1,9,0.1111111111111111
midazolam,alpha1,alpha1|BZD_SITE_156|LYS|any_contact_frequency,2026091901,0,7,0.0
midazolam,alpha1,alpha1|BZD_SITE_156|LYS|any_contact_frequency,2026091902,2,9,0.2222222222222222
midazolam,alpha1,alpha1|BZD_SITE_156|LYS|any_contact_frequency,2026091903,0,9,0.0
midazolam,alpha1,alpha1|BZD_SITE_156|LYS|any_contact_frequency,2026091904,1,9,0.1111111111111111
midazolam,alpha1,alpha1|BZD_SITE_156|LYS|any_contact_frequency,2026091905,2,9,0.2222222222222222
temazepam,alpha1,alpha1|BZD_SITE_156|LYS|any_contact_frequency,2026091901,0,9,0.0
temazepam,alpha1,alpha1|BZD_SITE_156|LYS|any_contact_frequency,2026091902,0,9,0.0
temazepam,alpha1,alpha1|BZD_SITE_156|LYS|any_contact_frequency,2026091903,2,9,0.2222222222222222
temazepam,alpha1,alpha1|BZD_SITE_156|LYS|any_contact_frequency,2026091904,1,9,0.1111111111111111
temazepam,alpha1,alpha1|BZD_SITE_156|LYS|any_contact_frequency,2026091905,0,9,0.0
zopiclone,alpha1,alpha1|BZD_SITE_156|LYS|any_contact_frequency,2026091901,4,9,0.4444444444444444
zopiclone,alpha1,alpha1|BZD_SITE_156|LYS|any_contact_frequency,2026091902,4,9,0.4444444444444444
zopiclone,alpha1,alpha1|BZD_SITE_156|LYS|any_contact_frequency,2026091903,3,9,0.3333333333333333
zopiclone,alpha1,alpha1|BZD_SITE_156|LYS|any_contact_frequency,2026091904,4,9,0.4444444444444444
zopiclone,alpha1,alpha1|BZD_SITE_156|LYS|any_contact_frequency,2026091905,4,9,0.4444444444444444
zaleplon,alpha1,alpha1|BZD_SITE_156|LYS|any_contact_frequency,2026091901,1,9,0.1111111111111111
zaleplon,alpha1,alpha1|BZD_SITE_156|LYS|any_contact_frequency,2026091902,1,9,0.1111111111111111
zaleplon,alpha1,alpha1|BZD_SITE_156|LYS|any_contact_frequency,2026091903,2,9,0.2222222222222222
zaleplon,alpha1,alpha1|BZD_SITE_156|LYS|any_contact_frequency,2026091904,2,9,0.2222222222222222
zaleplon,alpha1,alpha1|BZD_SITE_156|LYS|any_contact_frequency,2026091905,3,9,0.3333333333333333
diazepam,alpha1,alpha1|BZD_SITE_160|TYR|any_contact_frequency,2026091901,2,9,0.2222222222222222
diazepam,alpha1,alpha1|BZD_SITE_160|TYR|any_contact_frequency,2026091902,3,9,0.3333333333333333
diazepam,alpha1,alpha1|BZD_SITE_160|TYR|any_contact_frequency,2026091903,2,9,0.2222222222222222
diazepam,alpha1,alpha1|BZD_SITE_160|TYR|any_contact_frequency,2026091904,2,9,0.2222222222222222
diazepam,alpha1,alpha1|BZD_SITE_160|TYR|any_contact_frequency,2026091905,2,9,0.2222222222222222
alprazolam,alpha1,alpha1|BZD_SITE_160|TYR|any_contact_frequency,2026091901,2,8,0.25
alprazolam,alpha1,alpha1|BZD_SITE_160|TYR|any_contact_frequency,2026091902,1,7,0.14285714285714285
alprazolam,alpha1,alpha1|BZD_SITE_160|TYR|any_contact_frequency,2026091903,2,7,0.2857142857142857
alprazolam,alpha1,alpha1|BZD_SITE_160|TYR|any_contact_frequency,2026091904,2,7,0.2857142857142857
alprazolam,alpha1,alpha1|BZD_SITE_160|TYR|any_contact_frequency,2026091905,2,6,0.3333333333333333
triazolam,alpha1,alpha1|BZD_SITE_160|TYR|any_contact_frequency,2026091901,2,9,0.2222222222222222
triazolam,alpha1,alpha1|BZD_SITE_160|TYR|any_contact_frequency,2026091902,2,8,0.25
triazolam,alpha1,alpha1|BZD_SITE_160|TYR|any_contact_frequency,2026091903,2,8,0.25
triazolam,alpha1,alpha1|BZD_SITE_160|TYR|any_contact_frequency,2026091904,2,9,0.2222222222222222
triazolam,alpha1,alpha1|BZD_SITE_160|TYR|any_contact_frequency,2026091905,1,6,0.16666666666666666
zolpidem,alpha1,alpha1|BZD_SITE_160|TYR|any_contact_frequency,2026091901,6,9,0.6666666666666666
zolpidem,alpha1,alpha1|BZD_SITE_160|TYR|any_contact_frequency,2026091902,5,9,0.5555555555555556
zolpidem,alpha1,alpha1|BZD_SITE_160|TYR|any_contact_frequency,2026091903,7,9,0.7777777777777778
zolpidem,alpha1,alpha1|BZD_SITE_160|TYR|any_contact_frequency,2026091904,5,9,0.5555555555555556
zolpidem,alpha1,alpha1|BZD_SITE_160|TYR|any_contact_frequency,2026091905,5,9,0.5555555555555556
lorazepam,alpha1,alpha1|BZD_SITE_160|TYR|any_contact_frequency,2026091901,2,9,0.2222222222222222
lorazepam,alpha1,alpha1|BZD_SITE_160|TYR|any_contact_frequency,2026091902,1,9,0.1111111111111111
lorazepam,alpha1,alpha1|BZD_SITE_160|TYR|any_contact_frequency,2026091903,1,9,0.1111111111111111
lorazepam,alpha1,alpha1|BZD_SITE_160|TYR|any_contact_frequency,2026091904,1,9,0.1111111111111111
lorazepam,alpha1,alpha1|BZD_SITE_160|TYR|any_contact_frequency,2026091905,1,9,0.1111111111111111
clonazepam,alpha1,alpha1|BZD_SITE_160|TYR|any_contact_frequency,2026091901,5,9,0.5555555555555556
clonazepam,alpha1,alpha1|BZD_SITE_160|TYR|any_contact_frequency,2026091902,2,9,0.2222222222222222
clonazepam,alpha1,alpha1|BZD_SITE_160|TYR|any_contact_frequency,2026091903,3,9,0.3333333333333333
clonazepam,alpha1,alpha1|BZD_SITE_160|TYR|any_contact_frequency,2026091904,1,9,0.1111111111111111
clonazepam,alpha1,alpha1|BZD_SITE_160|TYR|any_contact_frequency,2026091905,3,9,0.3333333333333333
midazolam,alpha1,alpha1|BZD_SITE_160|TYR|any_contact_frequency,2026091901,2,7,0.2857142857142857
midazolam,alpha1,alpha1|BZD_SITE_160|TYR|any_contact_frequency,2026091902,2,9,0.2222222222222222
midazolam,alpha1,alpha1|BZD_SITE_160|TYR|any_contact_frequency,2026091903,2,9,0.2222222222222222
midazolam,alpha1,alpha1|BZD_SITE_160|TYR|any_contact_frequency,2026091904,3,9,0.3333333333333333
midazolam,alpha1,alpha1|BZD_SITE_160|TYR|any_contact_frequency,2026091905,2,9,0.2222222222222222
temazepam,alpha1,alpha1|BZD_SITE_160|TYR|any_contact_frequency,2026091901,3,9,0.3333333333333333
temazepam,alpha1,alpha1|BZD_SITE_160|TYR|any_contact_frequency,2026091902,2,9,0.2222222222222222
temazepam,alpha1,alpha1|BZD_SITE_160|TYR|any_contact_frequency,2026091903,1,9,0.1111111111111111
temazepam,alpha1,alpha1|BZD_SITE_160|TYR|any_contact_frequency,2026091904,1,9,0.1111111111111111
temazepam,alpha1,alpha1|BZD_SITE_160|TYR|any_contact_frequency,2026091905,2,9,0.2222222222222222
zopiclone,alpha1,alpha1|BZD_SITE_160|TYR|any_contact_frequency,2026091901,1,9,0.1111111111111111
zopiclone,alpha1,alpha1|BZD_SITE_160|TYR|any_contact_frequency,2026091902,1,9,0.1111111111111111
zopiclone,alpha1,alpha1|BZD_SITE_160|TYR|any_contact_frequency,2026091903,3,9,0.3333333333333333
zopiclone,alpha1,alpha1|BZD_SITE_160|TYR|any_contact_frequency,2026091904,1,9,0.1111111111111111
zopiclone,alpha1,alpha1|BZD_SITE_160|TYR|any_contact_frequency,2026091905,1,9,0.1111111111111111
zaleplon,alpha1,alpha1|BZD_SITE_160|TYR|any_contact_frequency,2026091901,4,9,0.4444444444444444
zaleplon,alpha1,alpha1|BZD_SITE_160|TYR|any_contact_frequency,2026091902,4,9,0.4444444444444444
zaleplon,alpha1,alpha1|BZD_SITE_160|TYR|any_contact_frequency,2026091903,4,9,0.4444444444444444
zaleplon,alpha1,alpha1|BZD_SITE_160|TYR|any_contact_frequency,2026091904,5,9,0.5555555555555556
zaleplon,alpha1,alpha1|BZD_SITE_160|TYR|any_contact_frequency,2026091905,4,9,0.4444444444444444
diazepam,alpha1,alpha1|BZD_SITE_203|VAL|any_contact_frequency,2026091901,4,9,0.4444444444444444
diazepam,alpha1,alpha1|BZD_SITE_203|VAL|any_contact_frequency,2026091902,4,9,0.4444444444444444
diazepam,alpha1,alpha1|BZD_SITE_203|VAL|any_contact_frequency,2026091903,4,9,0.4444444444444444
diazepam,alpha1,alpha1|BZD_SITE_203|VAL|any_contact_frequency,2026091904,7,9,0.7777777777777778
diazepam,alpha1,alpha1|BZD_SITE_203|VAL|any_contact_frequency,2026091905,4,9,0.4444444444444444
alprazolam,alpha1,alpha1|BZD_SITE_203|VAL|any_contact_frequency,2026091901,5,8,0.625
alprazolam,alpha1,alpha1|BZD_SITE_203|VAL|any_contact_frequency,2026091902,5,7,0.7142857142857143
alprazolam,alpha1,alpha1|BZD_SITE_203|VAL|any_contact_frequency,2026091903,5,7,0.7142857142857143
alprazolam,alpha1,alpha1|BZD_SITE_203|VAL|any_contact_frequency,2026091904,4,7,0.5714285714285714
alprazolam,alpha1,alpha1|BZD_SITE_203|VAL|any_contact_frequency,2026091905,3,6,0.5
triazolam,alpha1,alpha1|BZD_SITE_203|VAL|any_contact_frequency,2026091901,5,9,0.5555555555555556
triazolam,alpha1,alpha1|BZD_SITE_203|VAL|any_contact_frequency,2026091902,5,8,0.625
triazolam,alpha1,alpha1|BZD_SITE_203|VAL|any_contact_frequency,2026091903,5,8,0.625
triazolam,alpha1,alpha1|BZD_SITE_203|VAL|any_contact_frequency,2026091904,8,9,0.8888888888888888
triazolam,alpha1,alpha1|BZD_SITE_203|VAL|any_contact_frequency,2026091905,4,6,0.6666666666666666
zolpidem,alpha1,alpha1|BZD_SITE_203|VAL|any_contact_frequency,2026091901,4,9,0.4444444444444444
zolpidem,alpha1,alpha1|BZD_SITE_203|VAL|any_contact_frequency,2026091902,5,9,0.5555555555555556
zolpidem,alpha1,alpha1|BZD_SITE_203|VAL|any_contact_frequency,2026091903,7,9,0.7777777777777778
zolpidem,alpha1,alpha1|BZD_SITE_203|VAL|any_contact_frequency,2026091904,7,9,0.7777777777777778
zolpidem,alpha1,alpha1|BZD_SITE_203|VAL|any_contact_frequency,2026091905,6,9,0.6666666666666666
lorazepam,alpha1,alpha1|BZD_SITE_203|VAL|any_contact_frequency,2026091901,6,9,0.6666666666666666
lorazepam,alpha1,alpha1|BZD_SITE_203|VAL|any_contact_frequency,2026091902,8,9,0.8888888888888888
lorazepam,alpha1,alpha1|BZD_SITE_203|VAL|any_contact_frequency,2026091903,6,9,0.6666666666666666
lorazepam,alpha1,alpha1|BZD_SITE_203|VAL|any_contact_frequency,2026091904,7,9,0.7777777777777778
lorazepam,alpha1,alpha1|BZD_SITE_203|VAL|any_contact_frequency,2026091905,8,9,0.8888888888888888
clonazepam,alpha1,alpha1|BZD_SITE_203|VAL|any_contact_frequency,2026091901,4,9,0.4444444444444444
clonazepam,alpha1,alpha1|BZD_SITE_203|VAL|any_contact_frequency,2026091902,5,9,0.5555555555555556
clonazepam,alpha1,alpha1|BZD_SITE_203|VAL|any_contact_frequency,2026091903,6,9,0.6666666666666666
clonazepam,alpha1,alpha1|BZD_SITE_203|VAL|any_contact_frequency,2026091904,6,9,0.6666666666666666
clonazepam,alpha1,alpha1|BZD_SITE_203|VAL|any_contact_frequency,2026091905,4,9,0.4444444444444444
midazolam,alpha1,alpha1|BZD_SITE_203|VAL|any_contact_frequency,2026091901,5,7,0.7142857142857143
midazolam,alpha1,alpha1|BZD_SITE_203|VAL|any_contact_frequency,2026091902,6,9,0.6666666666666666
midazolam,alpha1,alpha1|BZD_SITE_203|VAL|any_contact_frequency,2026091903,5,9,0.5555555555555556
midazolam,alpha1,alpha1|BZD_SITE_203|VAL|any_contact_frequency,2026091904,6,9,0.6666666666666666
midazolam,alpha1,alpha1|BZD_SITE_203|VAL|any_contact_frequency,2026091905,5,9,0.5555555555555556
temazepam,alpha1,alpha1|BZD_SITE_203|VAL|any_contact_frequency,2026091901,5,9,0.5555555555555556
temazepam,alpha1,alpha1|BZD_SITE_203|VAL|any_contact_frequency,2026091902,7,9,0.7777777777777778
temazepam,alpha1,alpha1|BZD_SITE_203|VAL|any_contact_frequency,2026091903,8,9,0.8888888888888888
temazepam,alpha1,alpha1|BZD_SITE_203|VAL|any_contact_frequency,2026091904,8,9,0.8888888888888888
temazepam,alpha1,alpha1|BZD_SITE_203|VAL|any_contact_frequency,2026091905,8,9,0.8888888888888888
zopiclone,alpha1,alpha1|BZD_SITE_203|VAL|any_contact_frequency,2026091901,3,9,0.3333333333333333
zopiclone,alpha1,alpha1|BZD_SITE_203|VAL|any_contact_frequency,2026091902,2,9,0.2222222222222222
zopiclone,alpha1,alpha1|BZD_SITE_203|VAL|any_contact_frequency,2026091903,2,9,0.2222222222222222
zopiclone,alpha1,alpha1|BZD_SITE_203|VAL|any_contact_frequency,2026091904,4,9,0.4444444444444444
zopiclone,alpha1,alpha1|BZD_SITE_203|VAL|any_contact_frequency,2026091905,3,9,0.3333333333333333
zaleplon,alpha1,alpha1|BZD_SITE_203|VAL|any_contact_frequency,2026091901,6,9,0.6666666666666666
zaleplon,alpha1,alpha1|BZD_SITE_203|VAL|any_contact_frequency,2026091902,5,9,0.5555555555555556
zaleplon,alpha1,alpha1|BZD_SITE_203|VAL|any_contact_frequency,2026091903,5,9,0.5555555555555556
zaleplon,alpha1,alpha1|BZD_SITE_203|VAL|any_contact_frequency,2026091904,5,9,0.5555555555555556
zaleplon,alpha1,alpha1|BZD_SITE_203|VAL|any_contact_frequency,2026091905,6,9,0.6666666666666666
diazepam,alpha1,alpha1|BZD_SITE_204|GLN|any_contact_frequency,2026091901,1,9,0.1111111111111111
diazepam,alpha1,alpha1|BZD_SITE_204|GLN|any_contact_frequency,2026091902,0,9,0.0
diazepam,alpha1,alpha1|BZD_SITE_204|GLN|any_contact_frequency,2026091903,0,9,0.0
diazepam,alpha1,alpha1|BZD_SITE_204|GLN|any_contact_frequency,2026091904,0,9,0.0
diazepam,alpha1,alpha1|BZD_SITE_204|GLN|any_contact_frequency,2026091905,0,9,0.0
alprazolam,alpha1,alpha1|BZD_SITE_204|GLN|any_contact_frequency,2026091901,2,8,0.25
alprazolam,alpha1,alpha1|BZD_SITE_204|GLN|any_contact_frequency,2026091902,1,7,0.14285714285714285
alprazolam,alpha1,alpha1|BZD_SITE_204|GLN|any_contact_frequency,2026091903,1,7,0.14285714285714285
alprazolam,alpha1,alpha1|BZD_SITE_204|GLN|any_contact_frequency,2026091904,1,7,0.14285714285714285
alprazolam,alpha1,alpha1|BZD_SITE_204|GLN|any_contact_frequency,2026091905,1,6,0.16666666666666666
triazolam,alpha1,alpha1|BZD_SITE_204|GLN|any_contact_frequency,2026091901,0,9,0.0
triazolam,alpha1,alpha1|BZD_SITE_204|GLN|any_contact_frequency,2026091902,0,8,0.0
triazolam,alpha1,alpha1|BZD_SITE_204|GLN|any_contact_frequency,2026091903,0,8,0.0
triazolam,alpha1,alpha1|BZD_SITE_204|GLN|any_contact_frequency,2026091904,0,9,0.0
triazolam,alpha1,alpha1|BZD_SITE_204|GLN|any_contact_frequency,2026091905,0,6,0.0
zolpidem,alpha1,alpha1|BZD_SITE_204|GLN|any_contact_frequency,2026091901,0,9,0.0
zolpidem,alpha1,alpha1|BZD_SITE_204|GLN|any_contact_frequency,2026091902,0,9,0.0
zolpidem,alpha1,alpha1|BZD_SITE_204|GLN|any_contact_frequency,2026091903,0,9,0.0
zolpidem,alpha1,alpha1|BZD_SITE_204|GLN|any_contact_frequency,2026091904,0,9,0.0
zolpidem,alpha1,alpha1|BZD_SITE_204|GLN|any_contact_frequency,2026091905,0,9,0.0
lorazepam,alpha1,alpha1|BZD_SITE_204|GLN|any_contact_frequency,2026091901,0,9,0.0
lorazepam,alpha1,alpha1|BZD_SITE_204|GLN|any_contact_frequency,2026091902,0,9,0.0
lorazepam,alpha1,alpha1|BZD_SITE_204|GLN|any_contact_frequency,2026091903,0,9,0.0
lorazepam,alpha1,alpha1|BZD_SITE_204|GLN|any_contact_frequency,2026091904,0,9,0.0
lorazepam,alpha1,alpha1|BZD_SITE_204|GLN|any_contact_frequency,2026091905,0,9,0.0
clonazepam,alpha1,alpha1|BZD_SITE_204|GLN|any_contact_frequency,2026091901,1,9,0.1111111111111111
clonazepam,alpha1,alpha1|BZD_SITE_204|GLN|any_contact_frequency,2026091902,0,9,0.0
clonazepam,alpha1,alpha1|BZD_SITE_204|GLN|any_contact_frequency,2026091903,0,9,0.0
clonazepam,alpha1,alpha1|BZD_SITE_204|GLN|any_contact_frequency,2026091904,0,9,0.0
clonazepam,alpha1,alpha1|BZD_SITE_204|GLN|any_contact_frequency,2026091905,0,9,0.0
midazolam,alpha1,alpha1|BZD_SITE_204|GLN|any_contact_frequency,2026091901,0,7,0.0
midazolam,alpha1,alpha1|BZD_SITE_204|GLN|any_contact_frequency,2026091902,0,9,0.0
midazolam,alpha1,alpha1|BZD_SITE_204|GLN|any_contact_frequency,2026091903,0,9,0.0
midazolam,alpha1,alpha1|BZD_SITE_204|GLN|any_contact_frequency,2026091904,0,9,0.0
midazolam,alpha1,alpha1|BZD_SITE_204|GLN|any_contact_frequency,2026091905,0,9,0.0
temazepam,alpha1,alpha1|BZD_SITE_204|GLN|any_contact_frequency,2026091901,0,9,0.0
temazepam,alpha1,alpha1|BZD_SITE_204|GLN|any_contact_frequency,2026091902,0,9,0.0
temazepam,alpha1,alpha1|BZD_SITE_204|GLN|any_contact_frequency,2026091903,0,9,0.0
temazepam,alpha1,alpha1|BZD_SITE_204|GLN|any_contact_frequency,2026091904,2,9,0.2222222222222222
temazepam,alpha1,alpha1|BZD_SITE_204|GLN|any_contact_frequency,2026091905,1,9,0.1111111111111111
zopiclone,alpha1,alpha1|BZD_SITE_204|GLN|any_contact_frequency,2026091901,0,9,0.0
zopiclone,alpha1,alpha1|BZD_SITE_204|GLN|any_contact_frequency,2026091902,0,9,0.0
zopiclone,alpha1,alpha1|BZD_SITE_204|GLN|any_contact_frequency,2026091903,0,9,0.0
zopiclone,alpha1,alpha1|BZD_SITE_204|GLN|any_contact_frequency,2026091904,0,9,0.0
zopiclone,alpha1,alpha1|BZD_SITE_204|GLN|any_contact_frequency,2026091905,0,9,0.0
zaleplon,alpha1,alpha1|BZD_SITE_204|GLN|any_contact_frequency,2026091901,0,9,0.0
zaleplon,alpha1,alpha1|BZD_SITE_204|GLN|any_contact_frequency,2026091902,0,9,0.0
zaleplon,alpha1,alpha1|BZD_SITE_204|GLN|any_contact_frequency,2026091903,0,9,0.0
zaleplon,alpha1,alpha1|BZD_SITE_204|GLN|any_contact_frequency,2026091904,0,9,0.0
zaleplon,alpha1,alpha1|BZD_SITE_204|GLN|any_contact_frequency,2026091905,0,9,0.0
diazepam,alpha1,alpha1|BZD_SITE_205|SER|any_contact_frequency,2026091901,1,9,0.1111111111111111
diazepam,alpha1,alpha1|BZD_SITE_205|SER|any_contact_frequency,2026091902,2,9,0.2222222222222222
diazepam,alpha1,alpha1|BZD_SITE_205|SER|any_contact_frequency,2026091903,1,9,0.1111111111111111
diazepam,alpha1,alpha1|BZD_SITE_205|SER|any_contact_frequency,2026091904,2,9,0.2222222222222222
diazepam,alpha1,alpha1|BZD_SITE_205|SER|any_contact_frequency,2026091905,2,9,0.2222222222222222
alprazolam,alpha1,alpha1|BZD_SITE_205|SER|any_contact_frequency,2026091901,2,8,0.25
alprazolam,alpha1,alpha1|BZD_SITE_205|SER|any_contact_frequency,2026091902,2,7,0.2857142857142857
alprazolam,alpha1,alpha1|BZD_SITE_205|SER|any_contact_frequency,2026091903,3,7,0.42857142857142855
alprazolam,alpha1,alpha1|BZD_SITE_205|SER|any_contact_frequency,2026091904,3,7,0.42857142857142855
alprazolam,alpha1,alpha1|BZD_SITE_205|SER|any_contact_frequency,2026091905,2,6,0.3333333333333333
triazolam,alpha1,alpha1|BZD_SITE_205|SER|any_contact_frequency,2026091901,3,9,0.3333333333333333
triazolam,alpha1,alpha1|BZD_SITE_205|SER|any_contact_frequency,2026091902,2,8,0.25
triazolam,alpha1,alpha1|BZD_SITE_205|SER|any_contact_frequency,2026091903,2,8,0.25
triazolam,alpha1,alpha1|BZD_SITE_205|SER|any_contact_frequency,2026091904,2,9,0.2222222222222222
triazolam,alpha1,alpha1|BZD_SITE_205|SER|any_contact_frequency,2026091905,1,6,0.16666666666666666
zolpidem,alpha1,alpha1|BZD_SITE_205|SER|any_contact_frequency,2026091901,6,9,0.6666666666666666
zolpidem,alpha1,alpha1|BZD_SITE_205|SER|any_contact_frequency,2026091902,6,9,0.6666666666666666
zolpidem,alpha1,alpha1|BZD_SITE_205|SER|any_contact_frequency,2026091903,6,9,0.6666666666666666
zolpidem,alpha1,alpha1|BZD_SITE_205|SER|any_contact_frequency,2026091904,6,9,0.6666666666666666
zolpidem,alpha1,alpha1|BZD_SITE_205|SER|any_contact_frequency,2026091905,6,9,0.6666666666666666
lorazepam,alpha1,alpha1|BZD_SITE_205|SER|any_contact_frequency,2026091901,2,9,0.2222222222222222
lorazepam,alpha1,alpha1|BZD_SITE_205|SER|any_contact_frequency,2026091902,2,9,0.2222222222222222
lorazepam,alpha1,alpha1|BZD_SITE_205|SER|any_contact_frequency,2026091903,1,9,0.1111111111111111
lorazepam,alpha1,alpha1|BZD_SITE_205|SER|any_contact_frequency,2026091904,1,9,0.1111111111111111
lorazepam,alpha1,alpha1|BZD_SITE_205|SER|any_contact_frequency,2026091905,1,9,0.1111111111111111
clonazepam,alpha1,alpha1|BZD_SITE_205|SER|any_contact_frequency,2026091901,4,9,0.4444444444444444
clonazepam,alpha1,alpha1|BZD_SITE_205|SER|any_contact_frequency,2026091902,2,9,0.2222222222222222
clonazepam,alpha1,alpha1|BZD_SITE_205|SER|any_contact_frequency,2026091903,3,9,0.3333333333333333
clonazepam,alpha1,alpha1|BZD_SITE_205|SER|any_contact_frequency,2026091904,1,9,0.1111111111111111
clonazepam,alpha1,alpha1|BZD_SITE_205|SER|any_contact_frequency,2026091905,2,9,0.2222222222222222
midazolam,alpha1,alpha1|BZD_SITE_205|SER|any_contact_frequency,2026091901,2,7,0.2857142857142857
midazolam,alpha1,alpha1|BZD_SITE_205|SER|any_contact_frequency,2026091902,2,9,0.2222222222222222
midazolam,alpha1,alpha1|BZD_SITE_205|SER|any_contact_frequency,2026091903,1,9,0.1111111111111111
midazolam,alpha1,alpha1|BZD_SITE_205|SER|any_contact_frequency,2026091904,3,9,0.3333333333333333
midazolam,alpha1,alpha1|BZD_SITE_205|SER|any_contact_frequency,2026091905,1,9,0.1111111111111111
temazepam,alpha1,alpha1|BZD_SITE_205|SER|any_contact_frequency,2026091901,2,9,0.2222222222222222
temazepam,alpha1,alpha1|BZD_SITE_205|SER|any_contact_frequency,2026091902,2,9,0.2222222222222222
temazepam,alpha1,alpha1|BZD_SITE_205|SER|any_contact_frequency,2026091903,2,9,0.2222222222222222
temazepam,alpha1,alpha1|BZD_SITE_205|SER|any_contact_frequency,2026091904,1,9,0.1111111111111111
temazepam,alpha1,alpha1|BZD_SITE_205|SER|any_contact_frequency,2026091905,4,9,0.4444444444444444
zopiclone,alpha1,alpha1|BZD_SITE_205|SER|any_contact_frequency,2026091901,5,9,0.5555555555555556
zopiclone,alpha1,alpha1|BZD_SITE_205|SER|any_contact_frequency,2026091902,4,9,0.4444444444444444
zopiclone,alpha1,alpha1|BZD_SITE_205|SER|any_contact_frequency,2026091903,5,9,0.5555555555555556
zopiclone,alpha1,alpha1|BZD_SITE_205|SER|any_contact_frequency,2026091904,5,9,0.5555555555555556
zopiclone,alpha1,alpha1|BZD_SITE_205|SER|any_contact_frequency,2026091905,4,9,0.4444444444444444
zaleplon,alpha1,alpha1|BZD_SITE_205|SER|any_contact_frequency,2026091901,1,9,0.1111111111111111
zaleplon,alpha1,alpha1|BZD_SITE_205|SER|any_contact_frequency,2026091902,2,9,0.2222222222222222
zaleplon,alpha1,alpha1|BZD_SITE_205|SER|any_contact_frequency,2026091903,1,9,0.1111111111111111
zaleplon,alpha1,alpha1|BZD_SITE_205|SER|any_contact_frequency,2026091904,0,9,0.0
zaleplon,alpha1,alpha1|BZD_SITE_205|SER|any_contact_frequency,2026091905,2,9,0.2222222222222222
diazepam,alpha1,alpha1|BZD_SITE_206|SER|any_contact_frequency,2026091901,0,9,0.0
diazepam,alpha1,alpha1|BZD_SITE_206|SER|any_contact_frequency,2026091902,0,9,0.0
diazepam,alpha1,alpha1|BZD_SITE_206|SER|any_contact_frequency,2026091903,0,9,0.0
diazepam,alpha1,alpha1|BZD_SITE_206|SER|any_contact_frequency,2026091904,0,9,0.0
diazepam,alpha1,alpha1|BZD_SITE_206|SER|any_contact_frequency,2026091905,0,9,0.0
alprazolam,alpha1,alpha1|BZD_SITE_206|SER|any_contact_frequency,2026091901,0,8,0.0
alprazolam,alpha1,alpha1|BZD_SITE_206|SER|any_contact_frequency,2026091902,0,7,0.0
alprazolam,alpha1,alpha1|BZD_SITE_206|SER|any_contact_frequency,2026091903,1,7,0.14285714285714285
alprazolam,alpha1,alpha1|BZD_SITE_206|SER|any_contact_frequency,2026091904,1,7,0.14285714285714285
alprazolam,alpha1,alpha1|BZD_SITE_206|SER|any_contact_frequency,2026091905,1,6,0.16666666666666666
triazolam,alpha1,alpha1|BZD_SITE_206|SER|any_contact_frequency,2026091901,0,9,0.0
triazolam,alpha1,alpha1|BZD_SITE_206|SER|any_contact_frequency,2026091902,0,8,0.0
triazolam,alpha1,alpha1|BZD_SITE_206|SER|any_contact_frequency,2026091903,1,8,0.125
triazolam,alpha1,alpha1|BZD_SITE_206|SER|any_contact_frequency,2026091904,0,9,0.0
triazolam,alpha1,alpha1|BZD_SITE_206|SER|any_contact_frequency,2026091905,1,6,0.16666666666666666
zolpidem,alpha1,alpha1|BZD_SITE_206|SER|any_contact_frequency,2026091901,0,9,0.0
zolpidem,alpha1,alpha1|BZD_SITE_206|SER|any_contact_frequency,2026091902,0,9,0.0
zolpidem,alpha1,alpha1|BZD_SITE_206|SER|any_contact_frequency,2026091903,0,9,0.0
zolpidem,alpha1,alpha1|BZD_SITE_206|SER|any_contact_frequency,2026091904,0,9,0.0
zolpidem,alpha1,alpha1|BZD_SITE_206|SER|any_contact_frequency,2026091905,0,9,0.0
lorazepam,alpha1,alpha1|BZD_SITE_206|SER|any_contact_frequency,2026091901,1,9,0.1111111111111111
lorazepam,alpha1,alpha1|BZD_SITE_206|SER|any_contact_frequency,2026091902,1,9,0.1111111111111111
lorazepam,alpha1,alpha1|BZD_SITE_206|SER|any_contact_frequency,2026091903,0,9,0.0
lorazepam,alpha1,alpha1|BZD_SITE_206|SER|any_contact_frequency,2026091904,0,9,0.0
lorazepam,alpha1,alpha1|BZD_SITE_206|SER|any_contact_frequency,2026091905,1,9,0.1111111111111111
clonazepam,alpha1,alpha1|BZD_SITE_206|SER|any_contact_frequency,2026091901,1,9,0.1111111111111111
clonazepam,alpha1,alpha1|BZD_SITE_206|SER|any_contact_frequency,2026091902,0,9,0.0
clonazepam,alpha1,alpha1|BZD_SITE_206|SER|any_contact_frequency,2026091903,1,9,0.1111111111111111
clonazepam,alpha1,alpha1|BZD_SITE_206|SER|any_contact_frequency,2026091904,0,9,0.0
clonazepam,alpha1,alpha1|BZD_SITE_206|SER|any_contact_frequency,2026091905,1,9,0.1111111111111111
midazolam,alpha1,alpha1|BZD_SITE_206|SER|any_contact_frequency,2026091901,0,7,0.0
midazolam,alpha1,alpha1|BZD_SITE_206|SER|any_contact_frequency,2026091902,0,9,0.0
midazolam,alpha1,alpha1|BZD_SITE_206|SER|any_contact_frequency,2026091903,0,9,0.0
midazolam,alpha1,alpha1|BZD_SITE_206|SER|any_contact_frequency,2026091904,0,9,0.0
midazolam,alpha1,alpha1|BZD_SITE_206|SER|any_contact_frequency,2026091905,0,9,0.0
temazepam,alpha1,alpha1|BZD_SITE_206|SER|any_contact_frequency,2026091901,2,9,0.2222222222222222
temazepam,alpha1,alpha1|BZD_SITE_206|SER|any_contact_frequency,2026091902,1,9,0.1111111111111111
temazepam,alpha1,alpha1|BZD_SITE_206|SER|any_contact_frequency,2026091903,2,9,0.2222222222222222
temazepam,alpha1,alpha1|BZD_SITE_206|SER|any_contact_frequency,2026091904,1,9,0.1111111111111111
temazepam,alpha1,alpha1|BZD_SITE_206|SER|any_contact_frequency,2026091905,3,9,0.3333333333333333
zopiclone,alpha1,alpha1|BZD_SITE_206|SER|any_contact_frequency,2026091901,1,9,0.1111111111111111
zopiclone,alpha1,alpha1|BZD_SITE_206|SER|any_contact_frequency,2026091902,1,9,0.1111111111111111
zopiclone,alpha1,alpha1|BZD_SITE_206|SER|any_contact_frequency,2026091903,1,9,0.1111111111111111
zopiclone,alpha1,alpha1|BZD_SITE_206|SER|any_contact_frequency,2026091904,0,9,0.0
zopiclone,alpha1,alpha1|BZD_SITE_206|SER|any_contact_frequency,2026091905,1,9,0.1111111111111111
zaleplon,alpha1,alpha1|BZD_SITE_206|SER|any_contact_frequency,2026091901,0,9,0.0
zaleplon,alpha1,alpha1|BZD_SITE_206|SER|any_contact_frequency,2026091902,1,9,0.1111111111111111
zaleplon,alpha1,alpha1|BZD_SITE_206|SER|any_contact_frequency,2026091903,1,9,0.1111111111111111
zaleplon,alpha1,alpha1|BZD_SITE_206|SER|any_contact_frequency,2026091904,0,9,0.0
zaleplon,alpha1,alpha1|BZD_SITE_206|SER|any_contact_frequency,2026091905,2,9,0.2222222222222222
diazepam,alpha1,alpha1|BZD_SITE_207|THR|any_contact_frequency,2026091901,1,9,0.1111111111111111
diazepam,alpha1,alpha1|BZD_SITE_207|THR|any_contact_frequency,2026091902,1,9,0.1111111111111111
diazepam,alpha1,alpha1|BZD_SITE_207|THR|any_contact_frequency,2026091903,1,9,0.1111111111111111
diazepam,alpha1,alpha1|BZD_SITE_207|THR|any_contact_frequency,2026091904,2,9,0.2222222222222222
diazepam,alpha1,alpha1|BZD_SITE_207|THR|any_contact_frequency,2026091905,1,9,0.1111111111111111
alprazolam,alpha1,alpha1|BZD_SITE_207|THR|any_contact_frequency,2026091901,0,8,0.0
alprazolam,alpha1,alpha1|BZD_SITE_207|THR|any_contact_frequency,2026091902,0,7,0.0
alprazolam,alpha1,alpha1|BZD_SITE_207|THR|any_contact_frequency,2026091903,0,7,0.0
alprazolam,alpha1,alpha1|BZD_SITE_207|THR|any_contact_frequency,2026091904,0,7,0.0
alprazolam,alpha1,alpha1|BZD_SITE_207|THR|any_contact_frequency,2026091905,1,6,0.16666666666666666
triazolam,alpha1,alpha1|BZD_SITE_207|THR|any_contact_frequency,2026091901,0,9,0.0
triazolam,alpha1,alpha1|BZD_SITE_207|THR|any_contact_frequency,2026091902,0,8,0.0
triazolam,alpha1,alpha1|BZD_SITE_207|THR|any_contact_frequency,2026091903,0,8,0.0
triazolam,alpha1,alpha1|BZD_SITE_207|THR|any_contact_frequency,2026091904,0,9,0.0
triazolam,alpha1,alpha1|BZD_SITE_207|THR|any_contact_frequency,2026091905,0,6,0.0
zolpidem,alpha1,alpha1|BZD_SITE_207|THR|any_contact_frequency,2026091901,3,9,0.3333333333333333
zolpidem,alpha1,alpha1|BZD_SITE_207|THR|any_contact_frequency,2026091902,3,9,0.3333333333333333
zolpidem,alpha1,alpha1|BZD_SITE_207|THR|any_contact_frequency,2026091903,2,9,0.2222222222222222
zolpidem,alpha1,alpha1|BZD_SITE_207|THR|any_contact_frequency,2026091904,2,9,0.2222222222222222
zolpidem,alpha1,alpha1|BZD_SITE_207|THR|any_contact_frequency,2026091905,2,9,0.2222222222222222
lorazepam,alpha1,alpha1|BZD_SITE_207|THR|any_contact_frequency,2026091901,1,9,0.1111111111111111
lorazepam,alpha1,alpha1|BZD_SITE_207|THR|any_contact_frequency,2026091902,1,9,0.1111111111111111
lorazepam,alpha1,alpha1|BZD_SITE_207|THR|any_contact_frequency,2026091903,1,9,0.1111111111111111
lorazepam,alpha1,alpha1|BZD_SITE_207|THR|any_contact_frequency,2026091904,0,9,0.0
lorazepam,alpha1,alpha1|BZD_SITE_207|THR|any_contact_frequency,2026091905,1,9,0.1111111111111111
clonazepam,alpha1,alpha1|BZD_SITE_207|THR|any_contact_frequency,2026091901,0,9,0.0
clonazepam,alpha1,alpha1|BZD_SITE_207|THR|any_contact_frequency,2026091902,1,9,0.1111111111111111
clonazepam,alpha1,alpha1|BZD_SITE_207|THR|any_contact_frequency,2026091903,1,9,0.1111111111111111
clonazepam,alpha1,alpha1|BZD_SITE_207|THR|any_contact_frequency,2026091904,0,9,0.0
clonazepam,alpha1,alpha1|BZD_SITE_207|THR|any_contact_frequency,2026091905,1,9,0.1111111111111111
midazolam,alpha1,alpha1|BZD_SITE_207|THR|any_contact_frequency,2026091901,0,7,0.0
midazolam,alpha1,alpha1|BZD_SITE_207|THR|any_contact_frequency,2026091902,0,9,0.0
midazolam,alpha1,alpha1|BZD_SITE_207|THR|any_contact_frequency,2026091903,0,9,0.0
midazolam,alpha1,alpha1|BZD_SITE_207|THR|any_contact_frequency,2026091904,0,9,0.0
midazolam,alpha1,alpha1|BZD_SITE_207|THR|any_contact_frequency,2026091905,0,9,0.0
temazepam,alpha1,alpha1|BZD_SITE_207|THR|any_contact_frequency,2026091901,1,9,0.1111111111111111
temazepam,alpha1,alpha1|BZD_SITE_207|THR|any_contact_frequency,2026091902,0,9,0.0
temazepam,alpha1,alpha1|BZD_SITE_207|THR|any_contact_frequency,2026091903,1,9,0.1111111111111111
temazepam,alpha1,alpha1|BZD_SITE_207|THR|any_contact_frequency,2026091904,0,9,0.0
temazepam,alpha1,alpha1|BZD_SITE_207|THR|any_contact_frequency,2026091905,1,9,0.1111111111111111
zopiclone,alpha1,alpha1|BZD_SITE_207|THR|any_contact_frequency,2026091901,0,9,0.0
zopiclone,alpha1,alpha1|BZD_SITE_207|THR|any_contact_frequency,2026091902,0,9,0.0
zopiclone,alpha1,alpha1|BZD_SITE_207|THR|any_contact_frequency,2026091903,1,9,0.1111111111111111
zopiclone,alpha1,alpha1|BZD_SITE_207|THR|any_contact_frequency,2026091904,0,9,0.0
zopiclone,alpha1,alpha1|BZD_SITE_207|THR|any_contact_frequency,2026091905,0,9,0.0
zaleplon,alpha1,alpha1|BZD_SITE_207|THR|any_contact_frequency,2026091901,4,9,0.4444444444444444
zaleplon,alpha1,alpha1|BZD_SITE_207|THR|any_contact_frequency,2026091902,1,9,0.1111111111111111
zaleplon,alpha1,alpha1|BZD_SITE_207|THR|any_contact_frequency,2026091903,1,9,0.1111111111111111
zaleplon,alpha1,alpha1|BZD_SITE_207|THR|any_contact_frequency,2026091904,0,9,0.0
zaleplon,alpha1,alpha1|BZD_SITE_207|THR|any_contact_frequency,2026091905,3,9,0.3333333333333333
diazepam,alpha1,alpha1|BZD_SITE_210|TYR|any_contact_frequency,2026091901,2,9,0.2222222222222222
diazepam,alpha1,alpha1|BZD_SITE_210|TYR|any_contact_frequency,2026091902,2,9,0.2222222222222222
diazepam,alpha1,alpha1|BZD_SITE_210|TYR|any_contact_frequency,2026091903,2,9,0.2222222222222222
diazepam,alpha1,alpha1|BZD_SITE_210|TYR|any_contact_frequency,2026091904,2,9,0.2222222222222222
diazepam,alpha1,alpha1|BZD_SITE_210|TYR|any_contact_frequency,2026091905,2,9,0.2222222222222222
alprazolam,alpha1,alpha1|BZD_SITE_210|TYR|any_contact_frequency,2026091901,3,8,0.375
alprazolam,alpha1,alpha1|BZD_SITE_210|TYR|any_contact_frequency,2026091902,3,7,0.42857142857142855
alprazolam,alpha1,alpha1|BZD_SITE_210|TYR|any_contact_frequency,2026091903,5,7,0.7142857142857143
alprazolam,alpha1,alpha1|BZD_SITE_210|TYR|any_contact_frequency,2026091904,4,7,0.5714285714285714
alprazolam,alpha1,alpha1|BZD_SITE_210|TYR|any_contact_frequency,2026091905,3,6,0.5
triazolam,alpha1,alpha1|BZD_SITE_210|TYR|any_contact_frequency,2026091901,4,9,0.4444444444444444
triazolam,alpha1,alpha1|BZD_SITE_210|TYR|any_contact_frequency,2026091902,4,8,0.5
triazolam,alpha1,alpha1|BZD_SITE_210|TYR|any_contact_frequency,2026091903,4,8,0.5
triazolam,alpha1,alpha1|BZD_SITE_210|TYR|any_contact_frequency,2026091904,3,9,0.3333333333333333
triazolam,alpha1,alpha1|BZD_SITE_210|TYR|any_contact_frequency,2026091905,1,6,0.16666666666666666
zolpidem,alpha1,alpha1|BZD_SITE_210|TYR|any_contact_frequency,2026091901,4,9,0.4444444444444444
zolpidem,alpha1,alpha1|BZD_SITE_210|TYR|any_contact_frequency,2026091902,3,9,0.3333333333333333
zolpidem,alpha1,alpha1|BZD_SITE_210|TYR|any_contact_frequency,2026091903,5,9,0.5555555555555556
zolpidem,alpha1,alpha1|BZD_SITE_210|TYR|any_contact_frequency,2026091904,3,9,0.3333333333333333
zolpidem,alpha1,alpha1|BZD_SITE_210|TYR|any_contact_frequency,2026091905,3,9,0.3333333333333333
lorazepam,alpha1,alpha1|BZD_SITE_210|TYR|any_contact_frequency,2026091901,5,9,0.5555555555555556
lorazepam,alpha1,alpha1|BZD_SITE_210|TYR|any_contact_frequency,2026091902,3,9,0.3333333333333333
lorazepam,alpha1,alpha1|BZD_SITE_210|TYR|any_contact_frequency,2026091903,2,9,0.2222222222222222
lorazepam,alpha1,alpha1|BZD_SITE_210|TYR|any_contact_frequency,2026091904,2,9,0.2222222222222222
lorazepam,alpha1,alpha1|BZD_SITE_210|TYR|any_contact_frequency,2026091905,3,9,0.3333333333333333
clonazepam,alpha1,alpha1|BZD_SITE_210|TYR|any_contact_frequency,2026091901,4,9,0.4444444444444444
clonazepam,alpha1,alpha1|BZD_SITE_210|TYR|any_contact_frequency,2026091902,2,9,0.2222222222222222
clonazepam,alpha1,alpha1|BZD_SITE_210|TYR|any_contact_frequency,2026091903,3,9,0.3333333333333333
clonazepam,alpha1,alpha1|BZD_SITE_210|TYR|any_contact_frequency,2026091904,2,9,0.2222222222222222
clonazepam,alpha1,alpha1|BZD_SITE_210|TYR|any_contact_frequency,2026091905,3,9,0.3333333333333333
midazolam,alpha1,alpha1|BZD_SITE_210|TYR|any_contact_frequency,2026091901,4,7,0.5714285714285714
midazolam,alpha1,alpha1|BZD_SITE_210|TYR|any_contact_frequency,2026091902,4,9,0.4444444444444444
midazolam,alpha1,alpha1|BZD_SITE_210|TYR|any_contact_frequency,2026091903,4,9,0.4444444444444444
midazolam,alpha1,alpha1|BZD_SITE_210|TYR|any_contact_frequency,2026091904,4,9,0.4444444444444444
midazolam,alpha1,alpha1|BZD_SITE_210|TYR|any_contact_frequency,2026091905,4,9,0.4444444444444444
temazepam,alpha1,alpha1|BZD_SITE_210|TYR|any_contact_frequency,2026091901,4,9,0.4444444444444444
temazepam,alpha1,alpha1|BZD_SITE_210|TYR|any_contact_frequency,2026091902,2,9,0.2222222222222222
temazepam,alpha1,alpha1|BZD_SITE_210|TYR|any_contact_frequency,2026091903,3,9,0.3333333333333333
temazepam,alpha1,alpha1|BZD_SITE_210|TYR|any_contact_frequency,2026091904,1,9,0.1111111111111111
temazepam,alpha1,alpha1|BZD_SITE_210|TYR|any_contact_frequency,2026091905,3,9,0.3333333333333333
zopiclone,alpha1,alpha1|BZD_SITE_210|TYR|any_contact_frequency,2026091901,4,9,0.4444444444444444
zopiclone,alpha1,alpha1|BZD_SITE_210|TYR|any_contact_frequency,2026091902,4,9,0.4444444444444444
zopiclone,alpha1,alpha1|BZD_SITE_210|TYR|any_contact_frequency,2026091903,3,9,0.3333333333333333
zopiclone,alpha1,alpha1|BZD_SITE_210|TYR|any_contact_frequency,2026091904,2,9,0.2222222222222222
zopiclone,alpha1,alpha1|BZD_SITE_210|TYR|any_contact_frequency,2026091905,5,9,0.5555555555555556
zaleplon,alpha1,alpha1|BZD_SITE_210|TYR|any_contact_frequency,2026091901,4,9,0.4444444444444444
zaleplon,alpha1,alpha1|BZD_SITE_210|TYR|any_contact_frequency,2026091902,4,9,0.4444444444444444
zaleplon,alpha1,alpha1|BZD_SITE_210|TYR|any_contact_frequency,2026091903,4,9,0.4444444444444444
zaleplon,alpha1,alpha1|BZD_SITE_210|TYR|any_contact_frequency,2026091904,4,9,0.4444444444444444
zaleplon,alpha1,alpha1|BZD_SITE_210|TYR|any_contact_frequency,2026091905,4,9,0.4444444444444444
diazepam,alpha2,alpha2|BZD_GAMMA2_056|ASP|any_contact_frequency,2026091901,0,9,0.0
diazepam,alpha2,alpha2|BZD_GAMMA2_056|ASP|any_contact_frequency,2026091902,0,9,0.0
diazepam,alpha2,alpha2|BZD_GAMMA2_056|ASP|any_contact_frequency,2026091903,0,9,0.0
diazepam,alpha2,alpha2|BZD_GAMMA2_056|ASP|any_contact_frequency,2026091904,0,9,0.0
diazepam,alpha2,alpha2|BZD_GAMMA2_056|ASP|any_contact_frequency,2026091905,0,9,0.0
alprazolam,alpha2,alpha2|BZD_GAMMA2_056|ASP|any_contact_frequency,2026091901,0,9,0.0
alprazolam,alpha2,alpha2|BZD_GAMMA2_056|ASP|any_contact_frequency,2026091902,0,9,0.0
alprazolam,alpha2,alpha2|BZD_GAMMA2_056|ASP|any_contact_frequency,2026091903,0,9,0.0
alprazolam,alpha2,alpha2|BZD_GAMMA2_056|ASP|any_contact_frequency,2026091904,0,9,0.0
alprazolam,alpha2,alpha2|BZD_GAMMA2_056|ASP|any_contact_frequency,2026091905,0,9,0.0
triazolam,alpha2,alpha2|BZD_GAMMA2_056|ASP|any_contact_frequency,2026091901,0,9,0.0
triazolam,alpha2,alpha2|BZD_GAMMA2_056|ASP|any_contact_frequency,2026091902,0,9,0.0
triazolam,alpha2,alpha2|BZD_GAMMA2_056|ASP|any_contact_frequency,2026091903,0,9,0.0
triazolam,alpha2,alpha2|BZD_GAMMA2_056|ASP|any_contact_frequency,2026091904,0,9,0.0
triazolam,alpha2,alpha2|BZD_GAMMA2_056|ASP|any_contact_frequency,2026091905,0,9,0.0
zolpidem,alpha2,alpha2|BZD_GAMMA2_056|ASP|any_contact_frequency,2026091901,0,9,0.0
zolpidem,alpha2,alpha2|BZD_GAMMA2_056|ASP|any_contact_frequency,2026091902,0,9,0.0
zolpidem,alpha2,alpha2|BZD_GAMMA2_056|ASP|any_contact_frequency,2026091903,0,9,0.0
zolpidem,alpha2,alpha2|BZD_GAMMA2_056|ASP|any_contact_frequency,2026091904,0,9,0.0
zolpidem,alpha2,alpha2|BZD_GAMMA2_056|ASP|any_contact_frequency,2026091905,0,9,0.0
lorazepam,alpha2,alpha2|BZD_GAMMA2_056|ASP|any_contact_frequency,2026091901,0,9,0.0
lorazepam,alpha2,alpha2|BZD_GAMMA2_056|ASP|any_contact_frequency,2026091902,0,9,0.0
lorazepam,alpha2,alpha2|BZD_GAMMA2_056|ASP|any_contact_frequency,2026091903,0,9,0.0
lorazepam,alpha2,alpha2|BZD_GAMMA2_056|ASP|any_contact_frequency,2026091904,0,9,0.0
lorazepam,alpha2,alpha2|BZD_GAMMA2_056|ASP|any_contact_frequency,2026091905,0,9,0.0
clonazepam,alpha2,alpha2|BZD_GAMMA2_056|ASP|any_contact_frequency,2026091901,0,9,0.0
clonazepam,alpha2,alpha2|BZD_GAMMA2_056|ASP|any_contact_frequency,2026091902,0,9,0.0
clonazepam,alpha2,alpha2|BZD_GAMMA2_056|ASP|any_contact_frequency,2026091903,0,9,0.0
clonazepam,alpha2,alpha2|BZD_GAMMA2_056|ASP|any_contact_frequency,2026091904,0,9,0.0
clonazepam,alpha2,alpha2|BZD_GAMMA2_056|ASP|any_contact_frequency,2026091905,0,9,0.0
midazolam,alpha2,alpha2|BZD_GAMMA2_056|ASP|any_contact_frequency,2026091901,0,9,0.0
midazolam,alpha2,alpha2|BZD_GAMMA2_056|ASP|any_contact_frequency,2026091902,0,9,0.0
midazolam,alpha2,alpha2|BZD_GAMMA2_056|ASP|any_contact_frequency,2026091903,0,9,0.0
midazolam,alpha2,alpha2|BZD_GAMMA2_056|ASP|any_contact_frequency,2026091904,0,9,0.0
midazolam,alpha2,alpha2|BZD_GAMMA2_056|ASP|any_contact_frequency,2026091905,0,9,0.0
temazepam,alpha2,alpha2|BZD_GAMMA2_056|ASP|any_contact_frequency,2026091901,0,9,0.0
temazepam,alpha2,alpha2|BZD_GAMMA2_056|ASP|any_contact_frequency,2026091902,0,9,0.0
temazepam,alpha2,alpha2|BZD_GAMMA2_056|ASP|any_contact_frequency,2026091903,0,9,0.0
temazepam,alpha2,alpha2|BZD_GAMMA2_056|ASP|any_contact_frequency,2026091904,0,9,0.0
temazepam,alpha2,alpha2|BZD_GAMMA2_056|ASP|any_contact_frequency,2026091905,0,9,0.0
zopiclone,alpha2,alpha2|BZD_GAMMA2_056|ASP|any_contact_frequency,2026091901,0,9,0.0
zopiclone,alpha2,alpha2|BZD_GAMMA2_056|ASP|any_contact_frequency,2026091902,1,9,0.1111111111111111
zopiclone,alpha2,alpha2|BZD_GAMMA2_056|ASP|any_contact_frequency,2026091903,1,9,0.1111111111111111
zopiclone,alpha2,alpha2|BZD_GAMMA2_056|ASP|any_contact_frequency,2026091904,1,9,0.1111111111111111
zopiclone,alpha2,alpha2|BZD_GAMMA2_056|ASP|any_contact_frequency,2026091905,1,9,0.1111111111111111
zaleplon,alpha2,alpha2|BZD_GAMMA2_056|ASP|any_contact_frequency,2026091901,0,9,0.0
zaleplon,alpha2,alpha2|BZD_GAMMA2_056|ASP|any_contact_frequency,2026091902,0,9,0.0
zaleplon,alpha2,alpha2|BZD_GAMMA2_056|ASP|any_contact_frequency,2026091903,0,9,0.0
zaleplon,alpha2,alpha2|BZD_GAMMA2_056|ASP|any_contact_frequency,2026091904,0,9,0.0
zaleplon,alpha2,alpha2|BZD_GAMMA2_056|ASP|any_contact_frequency,2026091905,1,9,0.1111111111111111
diazepam,alpha2,alpha2|BZD_GAMMA2_058|TYR|any_contact_frequency,2026091901,6,9,0.6666666666666666
diazepam,alpha2,alpha2|BZD_GAMMA2_058|TYR|any_contact_frequency,2026091902,3,9,0.3333333333333333
diazepam,alpha2,alpha2|BZD_GAMMA2_058|TYR|any_contact_frequency,2026091903,4,9,0.4444444444444444
diazepam,alpha2,alpha2|BZD_GAMMA2_058|TYR|any_contact_frequency,2026091904,4,9,0.4444444444444444
diazepam,alpha2,alpha2|BZD_GAMMA2_058|TYR|any_contact_frequency,2026091905,4,9,0.4444444444444444
alprazolam,alpha2,alpha2|BZD_GAMMA2_058|TYR|any_contact_frequency,2026091901,1,9,0.1111111111111111
alprazolam,alpha2,alpha2|BZD_GAMMA2_058|TYR|any_contact_frequency,2026091902,3,9,0.3333333333333333
alprazolam,alpha2,alpha2|BZD_GAMMA2_058|TYR|any_contact_frequency,2026091903,4,9,0.4444444444444444
alprazolam,alpha2,alpha2|BZD_GAMMA2_058|TYR|any_contact_frequency,2026091904,2,9,0.2222222222222222
alprazolam,alpha2,alpha2|BZD_GAMMA2_058|TYR|any_contact_frequency,2026091905,3,9,0.3333333333333333
triazolam,alpha2,alpha2|BZD_GAMMA2_058|TYR|any_contact_frequency,2026091901,3,9,0.3333333333333333
triazolam,alpha2,alpha2|BZD_GAMMA2_058|TYR|any_contact_frequency,2026091902,2,9,0.2222222222222222
triazolam,alpha2,alpha2|BZD_GAMMA2_058|TYR|any_contact_frequency,2026091903,3,9,0.3333333333333333
triazolam,alpha2,alpha2|BZD_GAMMA2_058|TYR|any_contact_frequency,2026091904,3,9,0.3333333333333333
triazolam,alpha2,alpha2|BZD_GAMMA2_058|TYR|any_contact_frequency,2026091905,2,9,0.2222222222222222
zolpidem,alpha2,alpha2|BZD_GAMMA2_058|TYR|any_contact_frequency,2026091901,5,9,0.5555555555555556
zolpidem,alpha2,alpha2|BZD_GAMMA2_058|TYR|any_contact_frequency,2026091902,6,9,0.6666666666666666
zolpidem,alpha2,alpha2|BZD_GAMMA2_058|TYR|any_contact_frequency,2026091903,5,9,0.5555555555555556
zolpidem,alpha2,alpha2|BZD_GAMMA2_058|TYR|any_contact_frequency,2026091904,6,9,0.6666666666666666
zolpidem,alpha2,alpha2|BZD_GAMMA2_058|TYR|any_contact_frequency,2026091905,6,9,0.6666666666666666
lorazepam,alpha2,alpha2|BZD_GAMMA2_058|TYR|any_contact_frequency,2026091901,5,9,0.5555555555555556
lorazepam,alpha2,alpha2|BZD_GAMMA2_058|TYR|any_contact_frequency,2026091902,4,9,0.4444444444444444
lorazepam,alpha2,alpha2|BZD_GAMMA2_058|TYR|any_contact_frequency,2026091903,4,9,0.4444444444444444
lorazepam,alpha2,alpha2|BZD_GAMMA2_058|TYR|any_contact_frequency,2026091904,2,9,0.2222222222222222
lorazepam,alpha2,alpha2|BZD_GAMMA2_058|TYR|any_contact_frequency,2026091905,5,9,0.5555555555555556
clonazepam,alpha2,alpha2|BZD_GAMMA2_058|TYR|any_contact_frequency,2026091901,4,9,0.4444444444444444
clonazepam,alpha2,alpha2|BZD_GAMMA2_058|TYR|any_contact_frequency,2026091902,2,9,0.2222222222222222
clonazepam,alpha2,alpha2|BZD_GAMMA2_058|TYR|any_contact_frequency,2026091903,2,9,0.2222222222222222
clonazepam,alpha2,alpha2|BZD_GAMMA2_058|TYR|any_contact_frequency,2026091904,3,9,0.3333333333333333
clonazepam,alpha2,alpha2|BZD_GAMMA2_058|TYR|any_contact_frequency,2026091905,4,9,0.4444444444444444
midazolam,alpha2,alpha2|BZD_GAMMA2_058|TYR|any_contact_frequency,2026091901,5,9,0.5555555555555556
midazolam,alpha2,alpha2|BZD_GAMMA2_058|TYR|any_contact_frequency,2026091902,7,9,0.7777777777777778
midazolam,alpha2,alpha2|BZD_GAMMA2_058|TYR|any_contact_frequency,2026091903,5,9,0.5555555555555556
midazolam,alpha2,alpha2|BZD_GAMMA2_058|TYR|any_contact_frequency,2026091904,7,9,0.7777777777777778
midazolam,alpha2,alpha2|BZD_GAMMA2_058|TYR|any_contact_frequency,2026091905,6,9,0.6666666666666666
temazepam,alpha2,alpha2|BZD_GAMMA2_058|TYR|any_contact_frequency,2026091901,5,9,0.5555555555555556
temazepam,alpha2,alpha2|BZD_GAMMA2_058|TYR|any_contact_frequency,2026091902,4,9,0.4444444444444444
temazepam,alpha2,alpha2|BZD_GAMMA2_058|TYR|any_contact_frequency,2026091903,6,9,0.6666666666666666
temazepam,alpha2,alpha2|BZD_GAMMA2_058|TYR|any_contact_frequency,2026091904,6,9,0.6666666666666666
temazepam,alpha2,alpha2|BZD_GAMMA2_058|TYR|any_contact_frequency,2026091905,4,9,0.4444444444444444
zopiclone,alpha2,alpha2|BZD_GAMMA2_058|TYR|any_contact_frequency,2026091901,4,9,0.4444444444444444
zopiclone,alpha2,alpha2|BZD_GAMMA2_058|TYR|any_contact_frequency,2026091902,4,9,0.4444444444444444
zopiclone,alpha2,alpha2|BZD_GAMMA2_058|TYR|any_contact_frequency,2026091903,3,9,0.3333333333333333
zopiclone,alpha2,alpha2|BZD_GAMMA2_058|TYR|any_contact_frequency,2026091904,2,9,0.2222222222222222
zopiclone,alpha2,alpha2|BZD_GAMMA2_058|TYR|any_contact_frequency,2026091905,1,9,0.1111111111111111
zaleplon,alpha2,alpha2|BZD_GAMMA2_058|TYR|any_contact_frequency,2026091901,6,9,0.6666666666666666
zaleplon,alpha2,alpha2|BZD_GAMMA2_058|TYR|any_contact_frequency,2026091902,6,9,0.6666666666666666
zaleplon,alpha2,alpha2|BZD_GAMMA2_058|TYR|any_contact_frequency,2026091903,6,9,0.6666666666666666
zaleplon,alpha2,alpha2|BZD_GAMMA2_058|TYR|any_contact_frequency,2026091904,6,9,0.6666666666666666
zaleplon,alpha2,alpha2|BZD_GAMMA2_058|TYR|any_contact_frequency,2026091905,6,9,0.6666666666666666
diazepam,alpha2,alpha2|BZD_GAMMA2_059|VAL|any_contact_frequency,2026091901,0,9,0.0
diazepam,alpha2,alpha2|BZD_GAMMA2_059|VAL|any_contact_frequency,2026091902,1,9,0.1111111111111111
diazepam,alpha2,alpha2|BZD_GAMMA2_059|VAL|any_contact_frequency,2026091903,0,9,0.0
diazepam,alpha2,alpha2|BZD_GAMMA2_059|VAL|any_contact_frequency,2026091904,0,9,0.0
diazepam,alpha2,alpha2|BZD_GAMMA2_059|VAL|any_contact_frequency,2026091905,0,9,0.0
alprazolam,alpha2,alpha2|BZD_GAMMA2_059|VAL|any_contact_frequency,2026091901,0,9,0.0
alprazolam,alpha2,alpha2|BZD_GAMMA2_059|VAL|any_contact_frequency,2026091902,0,9,0.0
alprazolam,alpha2,alpha2|BZD_GAMMA2_059|VAL|any_contact_frequency,2026091903,0,9,0.0
alprazolam,alpha2,alpha2|BZD_GAMMA2_059|VAL|any_contact_frequency,2026091904,0,9,0.0
alprazolam,alpha2,alpha2|BZD_GAMMA2_059|VAL|any_contact_frequency,2026091905,0,9,0.0
triazolam,alpha2,alpha2|BZD_GAMMA2_059|VAL|any_contact_frequency,2026091901,0,9,0.0
triazolam,alpha2,alpha2|BZD_GAMMA2_059|VAL|any_contact_frequency,2026091902,1,9,0.1111111111111111
triazolam,alpha2,alpha2|BZD_GAMMA2_059|VAL|any_contact_frequency,2026091903,0,9,0.0
triazolam,alpha2,alpha2|BZD_GAMMA2_059|VAL|any_contact_frequency,2026091904,0,9,0.0
triazolam,alpha2,alpha2|BZD_GAMMA2_059|VAL|any_contact_frequency,2026091905,0,9,0.0
zolpidem,alpha2,alpha2|BZD_GAMMA2_059|VAL|any_contact_frequency,2026091901,0,9,0.0
zolpidem,alpha2,alpha2|BZD_GAMMA2_059|VAL|any_contact_frequency,2026091902,0,9,0.0
zolpidem,alpha2,alpha2|BZD_GAMMA2_059|VAL|any_contact_frequency,2026091903,0,9,0.0
zolpidem,alpha2,alpha2|BZD_GAMMA2_059|VAL|any_contact_frequency,2026091904,0,9,0.0
zolpidem,alpha2,alpha2|BZD_GAMMA2_059|VAL|any_contact_frequency,2026091905,0,9,0.0
lorazepam,alpha2,alpha2|BZD_GAMMA2_059|VAL|any_contact_frequency,2026091901,1,9,0.1111111111111111
lorazepam,alpha2,alpha2|BZD_GAMMA2_059|VAL|any_contact_frequency,2026091902,1,9,0.1111111111111111
lorazepam,alpha2,alpha2|BZD_GAMMA2_059|VAL|any_contact_frequency,2026091903,0,9,0.0
lorazepam,alpha2,alpha2|BZD_GAMMA2_059|VAL|any_contact_frequency,2026091904,0,9,0.0
lorazepam,alpha2,alpha2|BZD_GAMMA2_059|VAL|any_contact_frequency,2026091905,0,9,0.0
clonazepam,alpha2,alpha2|BZD_GAMMA2_059|VAL|any_contact_frequency,2026091901,0,9,0.0
clonazepam,alpha2,alpha2|BZD_GAMMA2_059|VAL|any_contact_frequency,2026091902,0,9,0.0
clonazepam,alpha2,alpha2|BZD_GAMMA2_059|VAL|any_contact_frequency,2026091903,0,9,0.0
clonazepam,alpha2,alpha2|BZD_GAMMA2_059|VAL|any_contact_frequency,2026091904,0,9,0.0
clonazepam,alpha2,alpha2|BZD_GAMMA2_059|VAL|any_contact_frequency,2026091905,0,9,0.0
midazolam,alpha2,alpha2|BZD_GAMMA2_059|VAL|any_contact_frequency,2026091901,0,9,0.0
midazolam,alpha2,alpha2|BZD_GAMMA2_059|VAL|any_contact_frequency,2026091902,0,9,0.0
midazolam,alpha2,alpha2|BZD_GAMMA2_059|VAL|any_contact_frequency,2026091903,0,9,0.0
midazolam,alpha2,alpha2|BZD_GAMMA2_059|VAL|any_contact_frequency,2026091904,0,9,0.0
midazolam,alpha2,alpha2|BZD_GAMMA2_059|VAL|any_contact_frequency,2026091905,0,9,0.0
temazepam,alpha2,alpha2|BZD_GAMMA2_059|VAL|any_contact_frequency,2026091901,0,9,0.0
temazepam,alpha2,alpha2|BZD_GAMMA2_059|VAL|any_contact_frequency,2026091902,0,9,0.0
temazepam,alpha2,alpha2|BZD_GAMMA2_059|VAL|any_contact_frequency,2026091903,0,9,0.0
temazepam,alpha2,alpha2|BZD_GAMMA2_059|VAL|any_contact_frequency,2026091904,0,9,0.0
temazepam,alpha2,alpha2|BZD_GAMMA2_059|VAL|any_contact_frequency,2026091905,0,9,0.0
zopiclone,alpha2,alpha2|BZD_GAMMA2_059|VAL|any_contact_frequency,2026091901,0,9,0.0
zopiclone,alpha2,alpha2|BZD_GAMMA2_059|VAL|any_contact_frequency,2026091902,0,9,0.0
zopiclone,alpha2,alpha2|BZD_GAMMA2_059|VAL|any_contact_frequency,2026091903,0,9,0.0
zopiclone,alpha2,alpha2|BZD_GAMMA2_059|VAL|any_contact_frequency,2026091904,0,9,0.0
zopiclone,alpha2,alpha2|BZD_GAMMA2_059|VAL|any_contact_frequency,2026091905,0,9,0.0
zaleplon,alpha2,alpha2|BZD_GAMMA2_059|VAL|any_contact_frequency,2026091901,0,9,0.0
zaleplon,alpha2,alpha2|BZD_GAMMA2_059|VAL|any_contact_frequency,2026091902,0,9,0.0
zaleplon,alpha2,alpha2|BZD_GAMMA2_059|VAL|any_contact_frequency,2026091903,0,9,0.0
zaleplon,alpha2,alpha2|BZD_GAMMA2_059|VAL|any_contact_frequency,2026091904,0,9,0.0
zaleplon,alpha2,alpha2|BZD_GAMMA2_059|VAL|any_contact_frequency,2026091905,0,9,0.0
diazepam,alpha2,alpha2|BZD_GAMMA2_060|ASN|any_contact_frequency,2026091901,0,9,0.0
diazepam,alpha2,alpha2|BZD_GAMMA2_060|ASN|any_contact_frequency,2026091902,1,9,0.1111111111111111
diazepam,alpha2,alpha2|BZD_GAMMA2_060|ASN|any_contact_frequency,2026091903,2,9,0.2222222222222222
diazepam,alpha2,alpha2|BZD_GAMMA2_060|ASN|any_contact_frequency,2026091904,0,9,0.0
diazepam,alpha2,alpha2|BZD_GAMMA2_060|ASN|any_contact_frequency,2026091905,1,9,0.1111111111111111
alprazolam,alpha2,alpha2|BZD_GAMMA2_060|ASN|any_contact_frequency,2026091901,1,9,0.1111111111111111
alprazolam,alpha2,alpha2|BZD_GAMMA2_060|ASN|any_contact_frequency,2026091902,1,9,0.1111111111111111
alprazolam,alpha2,alpha2|BZD_GAMMA2_060|ASN|any_contact_frequency,2026091903,2,9,0.2222222222222222
alprazolam,alpha2,alpha2|BZD_GAMMA2_060|ASN|any_contact_frequency,2026091904,2,9,0.2222222222222222
alprazolam,alpha2,alpha2|BZD_GAMMA2_060|ASN|any_contact_frequency,2026091905,2,9,0.2222222222222222
triazolam,alpha2,alpha2|BZD_GAMMA2_060|ASN|any_contact_frequency,2026091901,2,9,0.2222222222222222
triazolam,alpha2,alpha2|BZD_GAMMA2_060|ASN|any_contact_frequency,2026091902,4,9,0.4444444444444444
triazolam,alpha2,alpha2|BZD_GAMMA2_060|ASN|any_contact_frequency,2026091903,3,9,0.3333333333333333
triazolam,alpha2,alpha2|BZD_GAMMA2_060|ASN|any_contact_frequency,2026091904,2,9,0.2222222222222222
triazolam,alpha2,alpha2|BZD_GAMMA2_060|ASN|any_contact_frequency,2026091905,2,9,0.2222222222222222
zolpidem,alpha2,alpha2|BZD_GAMMA2_060|ASN|any_contact_frequency,2026091901,5,9,0.5555555555555556
zolpidem,alpha2,alpha2|BZD_GAMMA2_060|ASN|any_contact_frequency,2026091902,4,9,0.4444444444444444
zolpidem,alpha2,alpha2|BZD_GAMMA2_060|ASN|any_contact_frequency,2026091903,4,9,0.4444444444444444
zolpidem,alpha2,alpha2|BZD_GAMMA2_060|ASN|any_contact_frequency,2026091904,4,9,0.4444444444444444
zolpidem,alpha2,alpha2|BZD_GAMMA2_060|ASN|any_contact_frequency,2026091905,3,9,0.3333333333333333
lorazepam,alpha2,alpha2|BZD_GAMMA2_060|ASN|any_contact_frequency,2026091901,6,9,0.6666666666666666
lorazepam,alpha2,alpha2|BZD_GAMMA2_060|ASN|any_contact_frequency,2026091902,5,9,0.5555555555555556
lorazepam,alpha2,alpha2|BZD_GAMMA2_060|ASN|any_contact_frequency,2026091903,6,9,0.6666666666666666
lorazepam,alpha2,alpha2|BZD_GAMMA2_060|ASN|any_contact_frequency,2026091904,9,9,1.0
lorazepam,alpha2,alpha2|BZD_GAMMA2_060|ASN|any_contact_frequency,2026091905,7,9,0.7777777777777778
clonazepam,alpha2,alpha2|BZD_GAMMA2_060|ASN|any_contact_frequency,2026091901,6,9,0.6666666666666666
clonazepam,alpha2,alpha2|BZD_GAMMA2_060|ASN|any_contact_frequency,2026091902,4,9,0.4444444444444444
clonazepam,alpha2,alpha2|BZD_GAMMA2_060|ASN|any_contact_frequency,2026091903,5,9,0.5555555555555556
clonazepam,alpha2,alpha2|BZD_GAMMA2_060|ASN|any_contact_frequency,2026091904,5,9,0.5555555555555556
clonazepam,alpha2,alpha2|BZD_GAMMA2_060|ASN|any_contact_frequency,2026091905,4,9,0.4444444444444444
midazolam,alpha2,alpha2|BZD_GAMMA2_060|ASN|any_contact_frequency,2026091901,4,9,0.4444444444444444
midazolam,alpha2,alpha2|BZD_GAMMA2_060|ASN|any_contact_frequency,2026091902,2,9,0.2222222222222222
midazolam,alpha2,alpha2|BZD_GAMMA2_060|ASN|any_contact_frequency,2026091903,4,9,0.4444444444444444
midazolam,alpha2,alpha2|BZD_GAMMA2_060|ASN|any_contact_frequency,2026091904,2,9,0.2222222222222222
midazolam,alpha2,alpha2|BZD_GAMMA2_060|ASN|any_contact_frequency,2026091905,4,9,0.4444444444444444
temazepam,alpha2,alpha2|BZD_GAMMA2_060|ASN|any_contact_frequency,2026091901,4,9,0.4444444444444444
temazepam,alpha2,alpha2|BZD_GAMMA2_060|ASN|any_contact_frequency,2026091902,4,9,0.4444444444444444
temazepam,alpha2,alpha2|BZD_GAMMA2_060|ASN|any_contact_frequency,2026091903,2,9,0.2222222222222222
temazepam,alpha2,alpha2|BZD_GAMMA2_060|ASN|any_contact_frequency,2026091904,3,9,0.3333333333333333
temazepam,alpha2,alpha2|BZD_GAMMA2_060|ASN|any_contact_frequency,2026091905,3,9,0.3333333333333333
zopiclone,alpha2,alpha2|BZD_GAMMA2_060|ASN|any_contact_frequency,2026091901,2,9,0.2222222222222222
zopiclone,alpha2,alpha2|BZD_GAMMA2_060|ASN|any_contact_frequency,2026091902,1,9,0.1111111111111111
zopiclone,alpha2,alpha2|BZD_GAMMA2_060|ASN|any_contact_frequency,2026091903,1,9,0.1111111111111111
zopiclone,alpha2,alpha2|BZD_GAMMA2_060|ASN|any_contact_frequency,2026091904,2,9,0.2222222222222222
zopiclone,alpha2,alpha2|BZD_GAMMA2_060|ASN|any_contact_frequency,2026091905,3,9,0.3333333333333333
zaleplon,alpha2,alpha2|BZD_GAMMA2_060|ASN|any_contact_frequency,2026091901,1,9,0.1111111111111111
zaleplon,alpha2,alpha2|BZD_GAMMA2_060|ASN|any_contact_frequency,2026091902,2,9,0.2222222222222222
zaleplon,alpha2,alpha2|BZD_GAMMA2_060|ASN|any_contact_frequency,2026091903,1,9,0.1111111111111111
zaleplon,alpha2,alpha2|BZD_GAMMA2_060|ASN|any_contact_frequency,2026091904,0,9,0.0
zaleplon,alpha2,alpha2|BZD_GAMMA2_060|ASN|any_contact_frequency,2026091905,1,9,0.1111111111111111
diazepam,alpha2,alpha2|BZD_GAMMA2_061|SER|any_contact_frequency,2026091901,1,9,0.1111111111111111
diazepam,alpha2,alpha2|BZD_GAMMA2_061|SER|any_contact_frequency,2026091902,0,9,0.0
diazepam,alpha2,alpha2|BZD_GAMMA2_061|SER|any_contact_frequency,2026091903,1,9,0.1111111111111111
diazepam,alpha2,alpha2|BZD_GAMMA2_061|SER|any_contact_frequency,2026091904,1,9,0.1111111111111111
diazepam,alpha2,alpha2|BZD_GAMMA2_061|SER|any_contact_frequency,2026091905,0,9,0.0
alprazolam,alpha2,alpha2|BZD_GAMMA2_061|SER|any_contact_frequency,2026091901,0,9,0.0
alprazolam,alpha2,alpha2|BZD_GAMMA2_061|SER|any_contact_frequency,2026091902,0,9,0.0
alprazolam,alpha2,alpha2|BZD_GAMMA2_061|SER|any_contact_frequency,2026091903,0,9,0.0
alprazolam,alpha2,alpha2|BZD_GAMMA2_061|SER|any_contact_frequency,2026091904,0,9,0.0
alprazolam,alpha2,alpha2|BZD_GAMMA2_061|SER|any_contact_frequency,2026091905,1,9,0.1111111111111111
triazolam,alpha2,alpha2|BZD_GAMMA2_061|SER|any_contact_frequency,2026091901,0,9,0.0
triazolam,alpha2,alpha2|BZD_GAMMA2_061|SER|any_contact_frequency,2026091902,0,9,0.0
triazolam,alpha2,alpha2|BZD_GAMMA2_061|SER|any_contact_frequency,2026091903,0,9,0.0
triazolam,alpha2,alpha2|BZD_GAMMA2_061|SER|any_contact_frequency,2026091904,0,9,0.0
triazolam,alpha2,alpha2|BZD_GAMMA2_061|SER|any_contact_frequency,2026091905,0,9,0.0
zolpidem,alpha2,alpha2|BZD_GAMMA2_061|SER|any_contact_frequency,2026091901,0,9,0.0
zolpidem,alpha2,alpha2|BZD_GAMMA2_061|SER|any_contact_frequency,2026091902,0,9,0.0
zolpidem,alpha2,alpha2|BZD_GAMMA2_061|SER|any_contact_frequency,2026091903,0,9,0.0
zolpidem,alpha2,alpha2|BZD_GAMMA2_061|SER|any_contact_frequency,2026091904,0,9,0.0
zolpidem,alpha2,alpha2|BZD_GAMMA2_061|SER|any_contact_frequency,2026091905,0,9,0.0
lorazepam,alpha2,alpha2|BZD_GAMMA2_061|SER|any_contact_frequency,2026091901,0,9,0.0
lorazepam,alpha2,alpha2|BZD_GAMMA2_061|SER|any_contact_frequency,2026091902,0,9,0.0
lorazepam,alpha2,alpha2|BZD_GAMMA2_061|SER|any_contact_frequency,2026091903,0,9,0.0
lorazepam,alpha2,alpha2|BZD_GAMMA2_061|SER|any_contact_frequency,2026091904,0,9,0.0
lorazepam,alpha2,alpha2|BZD_GAMMA2_061|SER|any_contact_frequency,2026091905,0,9,0.0
clonazepam,alpha2,alpha2|BZD_GAMMA2_061|SER|any_contact_frequency,2026091901,2,9,0.2222222222222222
clonazepam,alpha2,alpha2|BZD_GAMMA2_061|SER|any_contact_frequency,2026091902,2,9,0.2222222222222222
clonazepam,alpha2,alpha2|BZD_GAMMA2_061|SER|any_contact_frequency,2026091903,1,9,0.1111111111111111
clonazepam,alpha2,alpha2|BZD_GAMMA2_061|SER|any_contact_frequency,2026091904,2,9,0.2222222222222222
clonazepam,alpha2,alpha2|BZD_GAMMA2_061|SER|any_contact_frequency,2026091905,3,9,0.3333333333333333
midazolam,alpha2,alpha2|BZD_GAMMA2_061|SER|any_contact_frequency,2026091901,0,9,0.0
midazolam,alpha2,alpha2|BZD_GAMMA2_061|SER|any_contact_frequency,2026091902,0,9,0.0
midazolam,alpha2,alpha2|BZD_GAMMA2_061|SER|any_contact_frequency,2026091903,0,9,0.0
midazolam,alpha2,alpha2|BZD_GAMMA2_061|SER|any_contact_frequency,2026091904,0,9,0.0
midazolam,alpha2,alpha2|BZD_GAMMA2_061|SER|any_contact_frequency,2026091905,0,9,0.0
temazepam,alpha2,alpha2|BZD_GAMMA2_061|SER|any_contact_frequency,2026091901,0,9,0.0
temazepam,alpha2,alpha2|BZD_GAMMA2_061|SER|any_contact_frequency,2026091902,1,9,0.1111111111111111
temazepam,alpha2,alpha2|BZD_GAMMA2_061|SER|any_contact_frequency,2026091903,1,9,0.1111111111111111
temazepam,alpha2,alpha2|BZD_GAMMA2_061|SER|any_contact_frequency,2026091904,1,9,0.1111111111111111
temazepam,alpha2,alpha2|BZD_GAMMA2_061|SER|any_contact_frequency,2026091905,0,9,0.0
zopiclone,alpha2,alpha2|BZD_GAMMA2_061|SER|any_contact_frequency,2026091901,0,9,0.0
zopiclone,alpha2,alpha2|BZD_GAMMA2_061|SER|any_contact_frequency,2026091902,0,9,0.0
zopiclone,alpha2,alpha2|BZD_GAMMA2_061|SER|any_contact_frequency,2026091903,0,9,0.0
zopiclone,alpha2,alpha2|BZD_GAMMA2_061|SER|any_contact_frequency,2026091904,0,9,0.0
zopiclone,alpha2,alpha2|BZD_GAMMA2_061|SER|any_contact_frequency,2026091905,0,9,0.0
zaleplon,alpha2,alpha2|BZD_GAMMA2_061|SER|any_contact_frequency,2026091901,0,9,0.0
zaleplon,alpha2,alpha2|BZD_GAMMA2_061|SER|any_contact_frequency,2026091902,0,9,0.0
zaleplon,alpha2,alpha2|BZD_GAMMA2_061|SER|any_contact_frequency,2026091903,0,9,0.0
zaleplon,alpha2,alpha2|BZD_GAMMA2_061|SER|any_contact_frequency,2026091904,0,9,0.0
zaleplon,alpha2,alpha2|BZD_GAMMA2_061|SER|any_contact_frequency,2026091905,0,9,0.0
diazepam,alpha2,alpha2|BZD_GAMMA2_075|ASP|any_contact_frequency,2026091901,1,9,0.1111111111111111
diazepam,alpha2,alpha2|BZD_GAMMA2_075|ASP|any_contact_frequency,2026091902,0,9,0.0
diazepam,alpha2,alpha2|BZD_GAMMA2_075|ASP|any_contact_frequency,2026091903,0,9,0.0
diazepam,alpha2,alpha2|BZD_GAMMA2_075|ASP|any_contact_frequency,2026091904,0,9,0.0
diazepam,alpha2,alpha2|BZD_GAMMA2_075|ASP|any_contact_frequency,2026091905,1,9,0.1111111111111111
alprazolam,alpha2,alpha2|BZD_GAMMA2_075|ASP|any_contact_frequency,2026091901,0,9,0.0
alprazolam,alpha2,alpha2|BZD_GAMMA2_075|ASP|any_contact_frequency,2026091902,0,9,0.0
alprazolam,alpha2,alpha2|BZD_GAMMA2_075|ASP|any_contact_frequency,2026091903,1,9,0.1111111111111111
alprazolam,alpha2,alpha2|BZD_GAMMA2_075|ASP|any_contact_frequency,2026091904,1,9,0.1111111111111111
alprazolam,alpha2,alpha2|BZD_GAMMA2_075|ASP|any_contact_frequency,2026091905,0,9,0.0
triazolam,alpha2,alpha2|BZD_GAMMA2_075|ASP|any_contact_frequency,2026091901,1,9,0.1111111111111111
triazolam,alpha2,alpha2|BZD_GAMMA2_075|ASP|any_contact_frequency,2026091902,1,9,0.1111111111111111
triazolam,alpha2,alpha2|BZD_GAMMA2_075|ASP|any_contact_frequency,2026091903,1,9,0.1111111111111111
triazolam,alpha2,alpha2|BZD_GAMMA2_075|ASP|any_contact_frequency,2026091904,0,9,0.0
triazolam,alpha2,alpha2|BZD_GAMMA2_075|ASP|any_contact_frequency,2026091905,0,9,0.0
zolpidem,alpha2,alpha2|BZD_GAMMA2_075|ASP|any_contact_frequency,2026091901,0,9,0.0
zolpidem,alpha2,alpha2|BZD_GAMMA2_075|ASP|any_contact_frequency,2026091902,0,9,0.0
zolpidem,alpha2,alpha2|BZD_GAMMA2_075|ASP|any_contact_frequency,2026091903,0,9,0.0
zolpidem,alpha2,alpha2|BZD_GAMMA2_075|ASP|any_contact_frequency,2026091904,0,9,0.0
zolpidem,alpha2,alpha2|BZD_GAMMA2_075|ASP|any_contact_frequency,2026091905,0,9,0.0
lorazepam,alpha2,alpha2|BZD_GAMMA2_075|ASP|any_contact_frequency,2026091901,0,9,0.0
lorazepam,alpha2,alpha2|BZD_GAMMA2_075|ASP|any_contact_frequency,2026091902,0,9,0.0
lorazepam,alpha2,alpha2|BZD_GAMMA2_075|ASP|any_contact_frequency,2026091903,1,9,0.1111111111111111
lorazepam,alpha2,alpha2|BZD_GAMMA2_075|ASP|any_contact_frequency,2026091904,0,9,0.0
lorazepam,alpha2,alpha2|BZD_GAMMA2_075|ASP|any_contact_frequency,2026091905,1,9,0.1111111111111111
clonazepam,alpha2,alpha2|BZD_GAMMA2_075|ASP|any_contact_frequency,2026091901,0,9,0.0
clonazepam,alpha2,alpha2|BZD_GAMMA2_075|ASP|any_contact_frequency,2026091902,0,9,0.0
clonazepam,alpha2,alpha2|BZD_GAMMA2_075|ASP|any_contact_frequency,2026091903,0,9,0.0
clonazepam,alpha2,alpha2|BZD_GAMMA2_075|ASP|any_contact_frequency,2026091904,0,9,0.0
clonazepam,alpha2,alpha2|BZD_GAMMA2_075|ASP|any_contact_frequency,2026091905,0,9,0.0
midazolam,alpha2,alpha2|BZD_GAMMA2_075|ASP|any_contact_frequency,2026091901,0,9,0.0
midazolam,alpha2,alpha2|BZD_GAMMA2_075|ASP|any_contact_frequency,2026091902,0,9,0.0
midazolam,alpha2,alpha2|BZD_GAMMA2_075|ASP|any_contact_frequency,2026091903,1,9,0.1111111111111111
midazolam,alpha2,alpha2|BZD_GAMMA2_075|ASP|any_contact_frequency,2026091904,1,9,0.1111111111111111
midazolam,alpha2,alpha2|BZD_GAMMA2_075|ASP|any_contact_frequency,2026091905,1,9,0.1111111111111111
temazepam,alpha2,alpha2|BZD_GAMMA2_075|ASP|any_contact_frequency,2026091901,1,9,0.1111111111111111
temazepam,alpha2,alpha2|BZD_GAMMA2_075|ASP|any_contact_frequency,2026091902,1,9,0.1111111111111111
temazepam,alpha2,alpha2|BZD_GAMMA2_075|ASP|any_contact_frequency,2026091903,1,9,0.1111111111111111
temazepam,alpha2,alpha2|BZD_GAMMA2_075|ASP|any_contact_frequency,2026091904,0,9,0.0
temazepam,alpha2,alpha2|BZD_GAMMA2_075|ASP|any_contact_frequency,2026091905,1,9,0.1111111111111111
zopiclone,alpha2,alpha2|BZD_GAMMA2_075|ASP|any_contact_frequency,2026091901,0,9,0.0
zopiclone,alpha2,alpha2|BZD_GAMMA2_075|ASP|any_contact_frequency,2026091902,0,9,0.0
zopiclone,alpha2,alpha2|BZD_GAMMA2_075|ASP|any_contact_frequency,2026091903,0,9,0.0
zopiclone,alpha2,alpha2|BZD_GAMMA2_075|ASP|any_contact_frequency,2026091904,0,9,0.0
zopiclone,alpha2,alpha2|BZD_GAMMA2_075|ASP|any_contact_frequency,2026091905,0,9,0.0
zaleplon,alpha2,alpha2|BZD_GAMMA2_075|ASP|any_contact_frequency,2026091901,0,9,0.0
zaleplon,alpha2,alpha2|BZD_GAMMA2_075|ASP|any_contact_frequency,2026091902,0,9,0.0
zaleplon,alpha2,alpha2|BZD_GAMMA2_075|ASP|any_contact_frequency,2026091903,0,9,0.0
zaleplon,alpha2,alpha2|BZD_GAMMA2_075|ASP|any_contact_frequency,2026091904,0,9,0.0
zaleplon,alpha2,alpha2|BZD_GAMMA2_075|ASP|any_contact_frequency,2026091905,0,9,0.0
diazepam,alpha2,alpha2|BZD_GAMMA2_077|PHE|any_contact_frequency,2026091901,9,9,1.0
diazepam,alpha2,alpha2|BZD_GAMMA2_077|PHE|any_contact_frequency,2026091902,9,9,1.0
diazepam,alpha2,alpha2|BZD_GAMMA2_077|PHE|any_contact_frequency,2026091903,8,9,0.8888888888888888
diazepam,alpha2,alpha2|BZD_GAMMA2_077|PHE|any_contact_frequency,2026091904,9,9,1.0
diazepam,alpha2,alpha2|BZD_GAMMA2_077|PHE|any_contact_frequency,2026091905,9,9,1.0
alprazolam,alpha2,alpha2|BZD_GAMMA2_077|PHE|any_contact_frequency,2026091901,4,9,0.4444444444444444
alprazolam,alpha2,alpha2|BZD_GAMMA2_077|PHE|any_contact_frequency,2026091902,5,9,0.5555555555555556
alprazolam,alpha2,alpha2|BZD_GAMMA2_077|PHE|any_contact_frequency,2026091903,7,9,0.7777777777777778
alprazolam,alpha2,alpha2|BZD_GAMMA2_077|PHE|any_contact_frequency,2026091904,6,9,0.6666666666666666
alprazolam,alpha2,alpha2|BZD_GAMMA2_077|PHE|any_contact_frequency,2026091905,5,9,0.5555555555555556
triazolam,alpha2,alpha2|BZD_GAMMA2_077|PHE|any_contact_frequency,2026091901,5,9,0.5555555555555556
triazolam,alpha2,alpha2|BZD_GAMMA2_077|PHE|any_contact_frequency,2026091902,5,9,0.5555555555555556
triazolam,alpha2,alpha2|BZD_GAMMA2_077|PHE|any_contact_frequency,2026091903,4,9,0.4444444444444444
triazolam,alpha2,alpha2|BZD_GAMMA2_077|PHE|any_contact_frequency,2026091904,3,9,0.3333333333333333
triazolam,alpha2,alpha2|BZD_GAMMA2_077|PHE|any_contact_frequency,2026091905,3,9,0.3333333333333333
zolpidem,alpha2,alpha2|BZD_GAMMA2_077|PHE|any_contact_frequency,2026091901,6,9,0.6666666666666666
zolpidem,alpha2,alpha2|BZD_GAMMA2_077|PHE|any_contact_frequency,2026091902,7,9,0.7777777777777778
zolpidem,alpha2,alpha2|BZD_GAMMA2_077|PHE|any_contact_frequency,2026091903,8,9,0.8888888888888888
zolpidem,alpha2,alpha2|BZD_GAMMA2_077|PHE|any_contact_frequency,2026091904,8,9,0.8888888888888888
zolpidem,alpha2,alpha2|BZD_GAMMA2_077|PHE|any_contact_frequency,2026091905,8,9,0.8888888888888888
lorazepam,alpha2,alpha2|BZD_GAMMA2_077|PHE|any_contact_frequency,2026091901,4,9,0.4444444444444444
lorazepam,alpha2,alpha2|BZD_GAMMA2_077|PHE|any_contact_frequency,2026091902,5,9,0.5555555555555556
lorazepam,alpha2,alpha2|BZD_GAMMA2_077|PHE|any_contact_frequency,2026091903,4,9,0.4444444444444444
lorazepam,alpha2,alpha2|BZD_GAMMA2_077|PHE|any_contact_frequency,2026091904,2,9,0.2222222222222222
lorazepam,alpha2,alpha2|BZD_GAMMA2_077|PHE|any_contact_frequency,2026091905,3,9,0.3333333333333333
clonazepam,alpha2,alpha2|BZD_GAMMA2_077|PHE|any_contact_frequency,2026091901,5,9,0.5555555555555556
clonazepam,alpha2,alpha2|BZD_GAMMA2_077|PHE|any_contact_frequency,2026091902,4,9,0.4444444444444444
clonazepam,alpha2,alpha2|BZD_GAMMA2_077|PHE|any_contact_frequency,2026091903,4,9,0.4444444444444444
clonazepam,alpha2,alpha2|BZD_GAMMA2_077|PHE|any_contact_frequency,2026091904,3,9,0.3333333333333333
clonazepam,alpha2,alpha2|BZD_GAMMA2_077|PHE|any_contact_frequency,2026091905,4,9,0.4444444444444444
midazolam,alpha2,alpha2|BZD_GAMMA2_077|PHE|any_contact_frequency,2026091901,6,9,0.6666666666666666
midazolam,alpha2,alpha2|BZD_GAMMA2_077|PHE|any_contact_frequency,2026091902,7,9,0.7777777777777778
midazolam,alpha2,alpha2|BZD_GAMMA2_077|PHE|any_contact_frequency,2026091903,6,9,0.6666666666666666
midazolam,alpha2,alpha2|BZD_GAMMA2_077|PHE|any_contact_frequency,2026091904,7,9,0.7777777777777778
midazolam,alpha2,alpha2|BZD_GAMMA2_077|PHE|any_contact_frequency,2026091905,7,9,0.7777777777777778
temazepam,alpha2,alpha2|BZD_GAMMA2_077|PHE|any_contact_frequency,2026091901,7,9,0.7777777777777778
temazepam,alpha2,alpha2|BZD_GAMMA2_077|PHE|any_contact_frequency,2026091902,6,9,0.6666666666666666
temazepam,alpha2,alpha2|BZD_GAMMA2_077|PHE|any_contact_frequency,2026091903,7,9,0.7777777777777778
temazepam,alpha2,alpha2|BZD_GAMMA2_077|PHE|any_contact_frequency,2026091904,6,9,0.6666666666666666
temazepam,alpha2,alpha2|BZD_GAMMA2_077|PHE|any_contact_frequency,2026091905,6,9,0.6666666666666666
zopiclone,alpha2,alpha2|BZD_GAMMA2_077|PHE|any_contact_frequency,2026091901,4,9,0.4444444444444444
zopiclone,alpha2,alpha2|BZD_GAMMA2_077|PHE|any_contact_frequency,2026091902,5,9,0.5555555555555556
zopiclone,alpha2,alpha2|BZD_GAMMA2_077|PHE|any_contact_frequency,2026091903,4,9,0.4444444444444444
zopiclone,alpha2,alpha2|BZD_GAMMA2_077|PHE|any_contact_frequency,2026091904,3,9,0.3333333333333333
zopiclone,alpha2,alpha2|BZD_GAMMA2_077|PHE|any_contact_frequency,2026091905,2,9,0.2222222222222222
zaleplon,alpha2,alpha2|BZD_GAMMA2_077|PHE|any_contact_frequency,2026091901,8,9,0.8888888888888888
zaleplon,alpha2,alpha2|BZD_GAMMA2_077|PHE|any_contact_frequency,2026091902,8,9,0.8888888888888888
zaleplon,alpha2,alpha2|BZD_GAMMA2_077|PHE|any_contact_frequency,2026091903,8,9,0.8888888888888888
zaleplon,alpha2,alpha2|BZD_GAMMA2_077|PHE|any_contact_frequency,2026091904,8,9,0.8888888888888888
zaleplon,alpha2,alpha2|BZD_GAMMA2_077|PHE|any_contact_frequency,2026091905,8,9,0.8888888888888888
diazepam,alpha2,alpha2|BZD_GAMMA2_079|ALA|any_contact_frequency,2026091901,0,9,0.0
diazepam,alpha2,alpha2|BZD_GAMMA2_079|ALA|any_contact_frequency,2026091902,0,9,0.0
diazepam,alpha2,alpha2|BZD_GAMMA2_079|ALA|any_contact_frequency,2026091903,0,9,0.0
diazepam,alpha2,alpha2|BZD_GAMMA2_079|ALA|any_contact_frequency,2026091904,0,9,0.0
diazepam,alpha2,alpha2|BZD_GAMMA2_079|ALA|any_contact_frequency,2026091905,0,9,0.0
alprazolam,alpha2,alpha2|BZD_GAMMA2_079|ALA|any_contact_frequency,2026091901,0,9,0.0
alprazolam,alpha2,alpha2|BZD_GAMMA2_079|ALA|any_contact_frequency,2026091902,0,9,0.0
alprazolam,alpha2,alpha2|BZD_GAMMA2_079|ALA|any_contact_frequency,2026091903,0,9,0.0
alprazolam,alpha2,alpha2|BZD_GAMMA2_079|ALA|any_contact_frequency,2026091904,0,9,0.0
alprazolam,alpha2,alpha2|BZD_GAMMA2_079|ALA|any_contact_frequency,2026091905,0,9,0.0
triazolam,alpha2,alpha2|BZD_GAMMA2_079|ALA|any_contact_frequency,2026091901,0,9,0.0
triazolam,alpha2,alpha2|BZD_GAMMA2_079|ALA|any_contact_frequency,2026091902,0,9,0.0
triazolam,alpha2,alpha2|BZD_GAMMA2_079|ALA|any_contact_frequency,2026091903,0,9,0.0
triazolam,alpha2,alpha2|BZD_GAMMA2_079|ALA|any_contact_frequency,2026091904,0,9,0.0
triazolam,alpha2,alpha2|BZD_GAMMA2_079|ALA|any_contact_frequency,2026091905,0,9,0.0
zolpidem,alpha2,alpha2|BZD_GAMMA2_079|ALA|any_contact_frequency,2026091901,0,9,0.0
zolpidem,alpha2,alpha2|BZD_GAMMA2_079|ALA|any_contact_frequency,2026091902,0,9,0.0
zolpidem,alpha2,alpha2|BZD_GAMMA2_079|ALA|any_contact_frequency,2026091903,0,9,0.0
zolpidem,alpha2,alpha2|BZD_GAMMA2_079|ALA|any_contact_frequency,2026091904,0,9,0.0
zolpidem,alpha2,alpha2|BZD_GAMMA2_079|ALA|any_contact_frequency,2026091905,0,9,0.0
lorazepam,alpha2,alpha2|BZD_GAMMA2_079|ALA|any_contact_frequency,2026091901,0,9,0.0
lorazepam,alpha2,alpha2|BZD_GAMMA2_079|ALA|any_contact_frequency,2026091902,0,9,0.0
lorazepam,alpha2,alpha2|BZD_GAMMA2_079|ALA|any_contact_frequency,2026091903,0,9,0.0
lorazepam,alpha2,alpha2|BZD_GAMMA2_079|ALA|any_contact_frequency,2026091904,0,9,0.0
lorazepam,alpha2,alpha2|BZD_GAMMA2_079|ALA|any_contact_frequency,2026091905,0,9,0.0
clonazepam,alpha2,alpha2|BZD_GAMMA2_079|ALA|any_contact_frequency,2026091901,0,9,0.0
clonazepam,alpha2,alpha2|BZD_GAMMA2_079|ALA|any_contact_frequency,2026091902,0,9,0.0
clonazepam,alpha2,alpha2|BZD_GAMMA2_079|ALA|any_contact_frequency,2026091903,0,9,0.0
clonazepam,alpha2,alpha2|BZD_GAMMA2_079|ALA|any_contact_frequency,2026091904,0,9,0.0
clonazepam,alpha2,alpha2|BZD_GAMMA2_079|ALA|any_contact_frequency,2026091905,0,9,0.0
midazolam,alpha2,alpha2|BZD_GAMMA2_079|ALA|any_contact_frequency,2026091901,0,9,0.0
midazolam,alpha2,alpha2|BZD_GAMMA2_079|ALA|any_contact_frequency,2026091902,0,9,0.0
midazolam,alpha2,alpha2|BZD_GAMMA2_079|ALA|any_contact_frequency,2026091903,0,9,0.0
midazolam,alpha2,alpha2|BZD_GAMMA2_079|ALA|any_contact_frequency,2026091904,0,9,0.0
midazolam,alpha2,alpha2|BZD_GAMMA2_079|ALA|any_contact_frequency,2026091905,0,9,0.0
temazepam,alpha2,alpha2|BZD_GAMMA2_079|ALA|any_contact_frequency,2026091901,0,9,0.0
temazepam,alpha2,alpha2|BZD_GAMMA2_079|ALA|any_contact_frequency,2026091902,0,9,0.0
temazepam,alpha2,alpha2|BZD_GAMMA2_079|ALA|any_contact_frequency,2026091903,0,9,0.0
temazepam,alpha2,alpha2|BZD_GAMMA2_079|ALA|any_contact_frequency,2026091904,0,9,0.0
temazepam,alpha2,alpha2|BZD_GAMMA2_079|ALA|any_contact_frequency,2026091905,0,9,0.0
zopiclone,alpha2,alpha2|BZD_GAMMA2_079|ALA|any_contact_frequency,2026091901,0,9,0.0
zopiclone,alpha2,alpha2|BZD_GAMMA2_079|ALA|any_contact_frequency,2026091902,0,9,0.0
zopiclone,alpha2,alpha2|BZD_GAMMA2_079|ALA|any_contact_frequency,2026091903,0,9,0.0
zopiclone,alpha2,alpha2|BZD_GAMMA2_079|ALA|any_contact_frequency,2026091904,0,9,0.0
zopiclone,alpha2,alpha2|BZD_GAMMA2_079|ALA|any_contact_frequency,2026091905,0,9,0.0
zaleplon,alpha2,alpha2|BZD_GAMMA2_079|ALA|any_contact_frequency,2026091901,0,9,0.0
zaleplon,alpha2,alpha2|BZD_GAMMA2_079|ALA|any_contact_frequency,2026091902,0,9,0.0
zaleplon,alpha2,alpha2|BZD_GAMMA2_079|ALA|any_contact_frequency,2026091903,0,9,0.0
zaleplon,alpha2,alpha2|BZD_GAMMA2_079|ALA|any_contact_frequency,2026091904,0,9,0.0
zaleplon,alpha2,alpha2|BZD_GAMMA2_079|ALA|any_contact_frequency,2026091905,1,9,0.1111111111111111
diazepam,alpha2,alpha2|BZD_GAMMA2_142|THR|any_contact_frequency,2026091901,0,9,0.0
diazepam,alpha2,alpha2|BZD_GAMMA2_142|THR|any_contact_frequency,2026091902,0,9,0.0
diazepam,alpha2,alpha2|BZD_GAMMA2_142|THR|any_contact_frequency,2026091903,0,9,0.0
diazepam,alpha2,alpha2|BZD_GAMMA2_142|THR|any_contact_frequency,2026091904,0,9,0.0
diazepam,alpha2,alpha2|BZD_GAMMA2_142|THR|any_contact_frequency,2026091905,0,9,0.0
alprazolam,alpha2,alpha2|BZD_GAMMA2_142|THR|any_contact_frequency,2026091901,0,9,0.0
alprazolam,alpha2,alpha2|BZD_GAMMA2_142|THR|any_contact_frequency,2026091902,0,9,0.0
alprazolam,alpha2,alpha2|BZD_GAMMA2_142|THR|any_contact_frequency,2026091903,0,9,0.0
alprazolam,alpha2,alpha2|BZD_GAMMA2_142|THR|any_contact_frequency,2026091904,1,9,0.1111111111111111
alprazolam,alpha2,alpha2|BZD_GAMMA2_142|THR|any_contact_frequency,2026091905,0,9,0.0
triazolam,alpha2,alpha2|BZD_GAMMA2_142|THR|any_contact_frequency,2026091901,0,9,0.0
triazolam,alpha2,alpha2|BZD_GAMMA2_142|THR|any_contact_frequency,2026091902,0,9,0.0
triazolam,alpha2,alpha2|BZD_GAMMA2_142|THR|any_contact_frequency,2026091903,0,9,0.0
triazolam,alpha2,alpha2|BZD_GAMMA2_142|THR|any_contact_frequency,2026091904,0,9,0.0
triazolam,alpha2,alpha2|BZD_GAMMA2_142|THR|any_contact_frequency,2026091905,0,9,0.0
zolpidem,alpha2,alpha2|BZD_GAMMA2_142|THR|any_contact_frequency,2026091901,0,9,0.0
zolpidem,alpha2,alpha2|BZD_GAMMA2_142|THR|any_contact_frequency,2026091902,0,9,0.0
zolpidem,alpha2,alpha2|BZD_GAMMA2_142|THR|any_contact_frequency,2026091903,0,9,0.0
zolpidem,alpha2,alpha2|BZD_GAMMA2_142|THR|any_contact_frequency,2026091904,0,9,0.0
zolpidem,alpha2,alpha2|BZD_GAMMA2_142|THR|any_contact_frequency,2026091905,0,9,0.0
lorazepam,alpha2,alpha2|BZD_GAMMA2_142|THR|any_contact_frequency,2026091901,0,9,0.0
lorazepam,alpha2,alpha2|BZD_GAMMA2_142|THR|any_contact_frequency,2026091902,0,9,0.0
lorazepam,alpha2,alpha2|BZD_GAMMA2_142|THR|any_contact_frequency,2026091903,0,9,0.0
lorazepam,alpha2,alpha2|BZD_GAMMA2_142|THR|any_contact_frequency,2026091904,0,9,0.0
lorazepam,alpha2,alpha2|BZD_GAMMA2_142|THR|any_contact_frequency,2026091905,0,9,0.0
clonazepam,alpha2,alpha2|BZD_GAMMA2_142|THR|any_contact_frequency,2026091901,0,9,0.0
clonazepam,alpha2,alpha2|BZD_GAMMA2_142|THR|any_contact_frequency,2026091902,0,9,0.0
clonazepam,alpha2,alpha2|BZD_GAMMA2_142|THR|any_contact_frequency,2026091903,0,9,0.0
clonazepam,alpha2,alpha2|BZD_GAMMA2_142|THR|any_contact_frequency,2026091904,0,9,0.0
clonazepam,alpha2,alpha2|BZD_GAMMA2_142|THR|any_contact_frequency,2026091905,0,9,0.0
midazolam,alpha2,alpha2|BZD_GAMMA2_142|THR|any_contact_frequency,2026091901,0,9,0.0
midazolam,alpha2,alpha2|BZD_GAMMA2_142|THR|any_contact_frequency,2026091902,0,9,0.0
midazolam,alpha2,alpha2|BZD_GAMMA2_142|THR|any_contact_frequency,2026091903,0,9,0.0
midazolam,alpha2,alpha2|BZD_GAMMA2_142|THR|any_contact_frequency,2026091904,0,9,0.0
midazolam,alpha2,alpha2|BZD_GAMMA2_142|THR|any_contact_frequency,2026091905,0,9,0.0
temazepam,alpha2,alpha2|BZD_GAMMA2_142|THR|any_contact_frequency,2026091901,0,9,0.0
temazepam,alpha2,alpha2|BZD_GAMMA2_142|THR|any_contact_frequency,2026091902,0,9,0.0
temazepam,alpha2,alpha2|BZD_GAMMA2_142|THR|any_contact_frequency,2026091903,0,9,0.0
temazepam,alpha2,alpha2|BZD_GAMMA2_142|THR|any_contact_frequency,2026091904,0,9,0.0
temazepam,alpha2,alpha2|BZD_GAMMA2_142|THR|any_contact_frequency,2026091905,0,9,0.0
zopiclone,alpha2,alpha2|BZD_GAMMA2_142|THR|any_contact_frequency,2026091901,0,9,0.0
zopiclone,alpha2,alpha2|BZD_GAMMA2_142|THR|any_contact_frequency,2026091902,0,9,0.0
zopiclone,alpha2,alpha2|BZD_GAMMA2_142|THR|any_contact_frequency,2026091903,0,9,0.0
zopiclone,alpha2,alpha2|BZD_GAMMA2_142|THR|any_contact_frequency,2026091904,0,9,0.0
zopiclone,alpha2,alpha2|BZD_GAMMA2_142|THR|any_contact_frequency,2026091905,0,9,0.0
zaleplon,alpha2,alpha2|BZD_GAMMA2_142|THR|any_contact_frequency,2026091901,1,9,0.1111111111111111
zaleplon,alpha2,alpha2|BZD_GAMMA2_142|THR|any_contact_frequency,2026091902,2,9,0.2222222222222222
zaleplon,alpha2,alpha2|BZD_GAMMA2_142|THR|any_contact_frequency,2026091903,1,9,0.1111111111111111
zaleplon,alpha2,alpha2|BZD_GAMMA2_142|THR|any_contact_frequency,2026091904,3,9,0.3333333333333333
zaleplon,alpha2,alpha2|BZD_GAMMA2_142|THR|any_contact_frequency,2026091905,3,9,0.3333333333333333
diazepam,alpha2,alpha2|BZD_GAMMA2_144|ARG|any_contact_frequency,2026091901,0,9,0.0
diazepam,alpha2,alpha2|BZD_GAMMA2_144|ARG|any_contact_frequency,2026091902,0,9,0.0
diazepam,alpha2,alpha2|BZD_GAMMA2_144|ARG|any_contact_frequency,2026091903,0,9,0.0
diazepam,alpha2,alpha2|BZD_GAMMA2_144|ARG|any_contact_frequency,2026091904,0,9,0.0
diazepam,alpha2,alpha2|BZD_GAMMA2_144|ARG|any_contact_frequency,2026091905,0,9,0.0
alprazolam,alpha2,alpha2|BZD_GAMMA2_144|ARG|any_contact_frequency,2026091901,0,9,0.0
alprazolam,alpha2,alpha2|BZD_GAMMA2_144|ARG|any_contact_frequency,2026091902,0,9,0.0
alprazolam,alpha2,alpha2|BZD_GAMMA2_144|ARG|any_contact_frequency,2026091903,0,9,0.0
alprazolam,alpha2,alpha2|BZD_GAMMA2_144|ARG|any_contact_frequency,2026091904,0,9,0.0
alprazolam,alpha2,alpha2|BZD_GAMMA2_144|ARG|any_contact_frequency,2026091905,0,9,0.0
triazolam,alpha2,alpha2|BZD_GAMMA2_144|ARG|any_contact_frequency,2026091901,0,9,0.0
triazolam,alpha2,alpha2|BZD_GAMMA2_144|ARG|any_contact_frequency,2026091902,0,9,0.0
triazolam,alpha2,alpha2|BZD_GAMMA2_144|ARG|any_contact_frequency,2026091903,0,9,0.0
triazolam,alpha2,alpha2|BZD_GAMMA2_144|ARG|any_contact_frequency,2026091904,0,9,0.0
triazolam,alpha2,alpha2|BZD_GAMMA2_144|ARG|any_contact_frequency,2026091905,0,9,0.0
zolpidem,alpha2,alpha2|BZD_GAMMA2_144|ARG|any_contact_frequency,2026091901,0,9,0.0
zolpidem,alpha2,alpha2|BZD_GAMMA2_144|ARG|any_contact_frequency,2026091902,0,9,0.0
zolpidem,alpha2,alpha2|BZD_GAMMA2_144|ARG|any_contact_frequency,2026091903,0,9,0.0
zolpidem,alpha2,alpha2|BZD_GAMMA2_144|ARG|any_contact_frequency,2026091904,0,9,0.0
zolpidem,alpha2,alpha2|BZD_GAMMA2_144|ARG|any_contact_frequency,2026091905,0,9,0.0
lorazepam,alpha2,alpha2|BZD_GAMMA2_144|ARG|any_contact_frequency,2026091901,0,9,0.0
lorazepam,alpha2,alpha2|BZD_GAMMA2_144|ARG|any_contact_frequency,2026091902,0,9,0.0
lorazepam,alpha2,alpha2|BZD_GAMMA2_144|ARG|any_contact_frequency,2026091903,0,9,0.0
lorazepam,alpha2,alpha2|BZD_GAMMA2_144|ARG|any_contact_frequency,2026091904,0,9,0.0
lorazepam,alpha2,alpha2|BZD_GAMMA2_144|ARG|any_contact_frequency,2026091905,0,9,0.0
clonazepam,alpha2,alpha2|BZD_GAMMA2_144|ARG|any_contact_frequency,2026091901,0,9,0.0
clonazepam,alpha2,alpha2|BZD_GAMMA2_144|ARG|any_contact_frequency,2026091902,0,9,0.0
clonazepam,alpha2,alpha2|BZD_GAMMA2_144|ARG|any_contact_frequency,2026091903,0,9,0.0
clonazepam,alpha2,alpha2|BZD_GAMMA2_144|ARG|any_contact_frequency,2026091904,0,9,0.0
clonazepam,alpha2,alpha2|BZD_GAMMA2_144|ARG|any_contact_frequency,2026091905,1,9,0.1111111111111111
midazolam,alpha2,alpha2|BZD_GAMMA2_144|ARG|any_contact_frequency,2026091901,0,9,0.0
midazolam,alpha2,alpha2|BZD_GAMMA2_144|ARG|any_contact_frequency,2026091902,0,9,0.0
midazolam,alpha2,alpha2|BZD_GAMMA2_144|ARG|any_contact_frequency,2026091903,0,9,0.0
midazolam,alpha2,alpha2|BZD_GAMMA2_144|ARG|any_contact_frequency,2026091904,0,9,0.0
midazolam,alpha2,alpha2|BZD_GAMMA2_144|ARG|any_contact_frequency,2026091905,0,9,0.0
temazepam,alpha2,alpha2|BZD_GAMMA2_144|ARG|any_contact_frequency,2026091901,0,9,0.0
temazepam,alpha2,alpha2|BZD_GAMMA2_144|ARG|any_contact_frequency,2026091902,1,9,0.1111111111111111
temazepam,alpha2,alpha2|BZD_GAMMA2_144|ARG|any_contact_frequency,2026091903,0,9,0.0
temazepam,alpha2,alpha2|BZD_GAMMA2_144|ARG|any_contact_frequency,2026091904,1,9,0.1111111111111111
temazepam,alpha2,alpha2|BZD_GAMMA2_144|ARG|any_contact_frequency,2026091905,1,9,0.1111111111111111
zopiclone,alpha2,alpha2|BZD_GAMMA2_144|ARG|any_contact_frequency,2026091901,0,9,0.0
zopiclone,alpha2,alpha2|BZD_GAMMA2_144|ARG|any_contact_frequency,2026091902,0,9,0.0
zopiclone,alpha2,alpha2|BZD_GAMMA2_144|ARG|any_contact_frequency,2026091903,0,9,0.0
zopiclone,alpha2,alpha2|BZD_GAMMA2_144|ARG|any_contact_frequency,2026091904,0,9,0.0
zopiclone,alpha2,alpha2|BZD_GAMMA2_144|ARG|any_contact_frequency,2026091905,0,9,0.0
zaleplon,alpha2,alpha2|BZD_GAMMA2_144|ARG|any_contact_frequency,2026091901,0,9,0.0
zaleplon,alpha2,alpha2|BZD_GAMMA2_144|ARG|any_contact_frequency,2026091902,0,9,0.0
zaleplon,alpha2,alpha2|BZD_GAMMA2_144|ARG|any_contact_frequency,2026091903,0,9,0.0
zaleplon,alpha2,alpha2|BZD_GAMMA2_144|ARG|any_contact_frequency,2026091904,0,9,0.0
zaleplon,alpha2,alpha2|BZD_GAMMA2_144|ARG|any_contact_frequency,2026091905,0,9,0.0
diazepam,alpha2,alpha2|BZD_GAMMA2_192|ASP|any_contact_frequency,2026091901,0,9,0.0
diazepam,alpha2,alpha2|BZD_GAMMA2_192|ASP|any_contact_frequency,2026091902,0,9,0.0
diazepam,alpha2,alpha2|BZD_GAMMA2_192|ASP|any_contact_frequency,2026091903,0,9,0.0
diazepam,alpha2,alpha2|BZD_GAMMA2_192|ASP|any_contact_frequency,2026091904,1,9,0.1111111111111111
diazepam,alpha2,alpha2|BZD_GAMMA2_192|ASP|any_contact_frequency,2026091905,1,9,0.1111111111111111
alprazolam,alpha2,alpha2|BZD_GAMMA2_192|ASP|any_contact_frequency,2026091901,1,9,0.1111111111111111
alprazolam,alpha2,alpha2|BZD_GAMMA2_192|ASP|any_contact_frequency,2026091902,0,9,0.0
alprazolam,alpha2,alpha2|BZD_GAMMA2_192|ASP|any_contact_frequency,2026091903,0,9,0.0
alprazolam,alpha2,alpha2|BZD_GAMMA2_192|ASP|any_contact_frequency,2026091904,0,9,0.0
alprazolam,alpha2,alpha2|BZD_GAMMA2_192|ASP|any_contact_frequency,2026091905,0,9,0.0
triazolam,alpha2,alpha2|BZD_GAMMA2_192|ASP|any_contact_frequency,2026091901,0,9,0.0
triazolam,alpha2,alpha2|BZD_GAMMA2_192|ASP|any_contact_frequency,2026091902,0,9,0.0
triazolam,alpha2,alpha2|BZD_GAMMA2_192|ASP|any_contact_frequency,2026091903,0,9,0.0
triazolam,alpha2,alpha2|BZD_GAMMA2_192|ASP|any_contact_frequency,2026091904,1,9,0.1111111111111111
triazolam,alpha2,alpha2|BZD_GAMMA2_192|ASP|any_contact_frequency,2026091905,1,9,0.1111111111111111
zolpidem,alpha2,alpha2|BZD_GAMMA2_192|ASP|any_contact_frequency,2026091901,1,9,0.1111111111111111
zolpidem,alpha2,alpha2|BZD_GAMMA2_192|ASP|any_contact_frequency,2026091902,2,9,0.2222222222222222
zolpidem,alpha2,alpha2|BZD_GAMMA2_192|ASP|any_contact_frequency,2026091903,1,9,0.1111111111111111
zolpidem,alpha2,alpha2|BZD_GAMMA2_192|ASP|any_contact_frequency,2026091904,2,9,0.2222222222222222
zolpidem,alpha2,alpha2|BZD_GAMMA2_192|ASP|any_contact_frequency,2026091905,2,9,0.2222222222222222
lorazepam,alpha2,alpha2|BZD_GAMMA2_192|ASP|any_contact_frequency,2026091901,2,9,0.2222222222222222
lorazepam,alpha2,alpha2|BZD_GAMMA2_192|ASP|any_contact_frequency,2026091902,2,9,0.2222222222222222
lorazepam,alpha2,alpha2|BZD_GAMMA2_192|ASP|any_contact_frequency,2026091903,2,9,0.2222222222222222
lorazepam,alpha2,alpha2|BZD_GAMMA2_192|ASP|any_contact_frequency,2026091904,1,9,0.1111111111111111
lorazepam,alpha2,alpha2|BZD_GAMMA2_192|ASP|any_contact_frequency,2026091905,2,9,0.2222222222222222
clonazepam,alpha2,alpha2|BZD_GAMMA2_192|ASP|any_contact_frequency,2026091901,0,9,0.0
clonazepam,alpha2,alpha2|BZD_GAMMA2_192|ASP|any_contact_frequency,2026091902,1,9,0.1111111111111111
clonazepam,alpha2,alpha2|BZD_GAMMA2_192|ASP|any_contact_frequency,2026091903,1,9,0.1111111111111111
clonazepam,alpha2,alpha2|BZD_GAMMA2_192|ASP|any_contact_frequency,2026091904,1,9,0.1111111111111111
clonazepam,alpha2,alpha2|BZD_GAMMA2_192|ASP|any_contact_frequency,2026091905,2,9,0.2222222222222222
midazolam,alpha2,alpha2|BZD_GAMMA2_192|ASP|any_contact_frequency,2026091901,0,9,0.0
midazolam,alpha2,alpha2|BZD_GAMMA2_192|ASP|any_contact_frequency,2026091902,0,9,0.0
midazolam,alpha2,alpha2|BZD_GAMMA2_192|ASP|any_contact_frequency,2026091903,0,9,0.0
midazolam,alpha2,alpha2|BZD_GAMMA2_192|ASP|any_contact_frequency,2026091904,0,9,0.0
midazolam,alpha2,alpha2|BZD_GAMMA2_192|ASP|any_contact_frequency,2026091905,0,9,0.0
temazepam,alpha2,alpha2|BZD_GAMMA2_192|ASP|any_contact_frequency,2026091901,4,9,0.4444444444444444
temazepam,alpha2,alpha2|BZD_GAMMA2_192|ASP|any_contact_frequency,2026091902,4,9,0.4444444444444444
temazepam,alpha2,alpha2|BZD_GAMMA2_192|ASP|any_contact_frequency,2026091903,3,9,0.3333333333333333
temazepam,alpha2,alpha2|BZD_GAMMA2_192|ASP|any_contact_frequency,2026091904,4,9,0.4444444444444444
temazepam,alpha2,alpha2|BZD_GAMMA2_192|ASP|any_contact_frequency,2026091905,5,9,0.5555555555555556
zopiclone,alpha2,alpha2|BZD_GAMMA2_192|ASP|any_contact_frequency,2026091901,2,9,0.2222222222222222
zopiclone,alpha2,alpha2|BZD_GAMMA2_192|ASP|any_contact_frequency,2026091902,2,9,0.2222222222222222
zopiclone,alpha2,alpha2|BZD_GAMMA2_192|ASP|any_contact_frequency,2026091903,3,9,0.3333333333333333
zopiclone,alpha2,alpha2|BZD_GAMMA2_192|ASP|any_contact_frequency,2026091904,2,9,0.2222222222222222
zopiclone,alpha2,alpha2|BZD_GAMMA2_192|ASP|any_contact_frequency,2026091905,1,9,0.1111111111111111
zaleplon,alpha2,alpha2|BZD_GAMMA2_192|ASP|any_contact_frequency,2026091901,0,9,0.0
zaleplon,alpha2,alpha2|BZD_GAMMA2_192|ASP|any_contact_frequency,2026091902,0,9,0.0
zaleplon,alpha2,alpha2|BZD_GAMMA2_192|ASP|any_contact_frequency,2026091903,0,9,0.0
zaleplon,alpha2,alpha2|BZD_GAMMA2_192|ASP|any_contact_frequency,2026091904,0,9,0.0
zaleplon,alpha2,alpha2|BZD_GAMMA2_192|ASP|any_contact_frequency,2026091905,0,9,0.0
diazepam,alpha2,alpha2|BZD_GAMMA2_195|SER|any_contact_frequency,2026091901,0,9,0.0
diazepam,alpha2,alpha2|BZD_GAMMA2_195|SER|any_contact_frequency,2026091902,0,9,0.0
diazepam,alpha2,alpha2|BZD_GAMMA2_195|SER|any_contact_frequency,2026091903,0,9,0.0
diazepam,alpha2,alpha2|BZD_GAMMA2_195|SER|any_contact_frequency,2026091904,0,9,0.0
diazepam,alpha2,alpha2|BZD_GAMMA2_195|SER|any_contact_frequency,2026091905,0,9,0.0
alprazolam,alpha2,alpha2|BZD_GAMMA2_195|SER|any_contact_frequency,2026091901,0,9,0.0
alprazolam,alpha2,alpha2|BZD_GAMMA2_195|SER|any_contact_frequency,2026091902,0,9,0.0
alprazolam,alpha2,alpha2|BZD_GAMMA2_195|SER|any_contact_frequency,2026091903,0,9,0.0
alprazolam,alpha2,alpha2|BZD_GAMMA2_195|SER|any_contact_frequency,2026091904,0,9,0.0
alprazolam,alpha2,alpha2|BZD_GAMMA2_195|SER|any_contact_frequency,2026091905,0,9,0.0
triazolam,alpha2,alpha2|BZD_GAMMA2_195|SER|any_contact_frequency,2026091901,1,9,0.1111111111111111
triazolam,alpha2,alpha2|BZD_GAMMA2_195|SER|any_contact_frequency,2026091902,0,9,0.0
triazolam,alpha2,alpha2|BZD_GAMMA2_195|SER|any_contact_frequency,2026091903,0,9,0.0
triazolam,alpha2,alpha2|BZD_GAMMA2_195|SER|any_contact_frequency,2026091904,1,9,0.1111111111111111
triazolam,alpha2,alpha2|BZD_GAMMA2_195|SER|any_contact_frequency,2026091905,0,9,0.0
zolpidem,alpha2,alpha2|BZD_GAMMA2_195|SER|any_contact_frequency,2026091901,0,9,0.0
zolpidem,alpha2,alpha2|BZD_GAMMA2_195|SER|any_contact_frequency,2026091902,0,9,0.0
zolpidem,alpha2,alpha2|BZD_GAMMA2_195|SER|any_contact_frequency,2026091903,0,9,0.0
zolpidem,alpha2,alpha2|BZD_GAMMA2_195|SER|any_contact_frequency,2026091904,0,9,0.0
zolpidem,alpha2,alpha2|BZD_GAMMA2_195|SER|any_contact_frequency,2026091905,0,9,0.0
lorazepam,alpha2,alpha2|BZD_GAMMA2_195|SER|any_contact_frequency,2026091901,1,9,0.1111111111111111
lorazepam,alpha2,alpha2|BZD_GAMMA2_195|SER|any_contact_frequency,2026091902,2,9,0.2222222222222222
lorazepam,alpha2,alpha2|BZD_GAMMA2_195|SER|any_contact_frequency,2026091903,2,9,0.2222222222222222
lorazepam,alpha2,alpha2|BZD_GAMMA2_195|SER|any_contact_frequency,2026091904,1,9,0.1111111111111111
lorazepam,alpha2,alpha2|BZD_GAMMA2_195|SER|any_contact_frequency,2026091905,3,9,0.3333333333333333
clonazepam,alpha2,alpha2|BZD_GAMMA2_195|SER|any_contact_frequency,2026091901,0,9,0.0
clonazepam,alpha2,alpha2|BZD_GAMMA2_195|SER|any_contact_frequency,2026091902,0,9,0.0
clonazepam,alpha2,alpha2|BZD_GAMMA2_195|SER|any_contact_frequency,2026091903,0,9,0.0
clonazepam,alpha2,alpha2|BZD_GAMMA2_195|SER|any_contact_frequency,2026091904,0,9,0.0
clonazepam,alpha2,alpha2|BZD_GAMMA2_195|SER|any_contact_frequency,2026091905,0,9,0.0
midazolam,alpha2,alpha2|BZD_GAMMA2_195|SER|any_contact_frequency,2026091901,0,9,0.0
midazolam,alpha2,alpha2|BZD_GAMMA2_195|SER|any_contact_frequency,2026091902,0,9,0.0
midazolam,alpha2,alpha2|BZD_GAMMA2_195|SER|any_contact_frequency,2026091903,0,9,0.0
midazolam,alpha2,alpha2|BZD_GAMMA2_195|SER|any_contact_frequency,2026091904,0,9,0.0
midazolam,alpha2,alpha2|BZD_GAMMA2_195|SER|any_contact_frequency,2026091905,1,9,0.1111111111111111
temazepam,alpha2,alpha2|BZD_GAMMA2_195|SER|any_contact_frequency,2026091901,1,9,0.1111111111111111
temazepam,alpha2,alpha2|BZD_GAMMA2_195|SER|any_contact_frequency,2026091902,0,9,0.0
temazepam,alpha2,alpha2|BZD_GAMMA2_195|SER|any_contact_frequency,2026091903,0,9,0.0
temazepam,alpha2,alpha2|BZD_GAMMA2_195|SER|any_contact_frequency,2026091904,0,9,0.0
temazepam,alpha2,alpha2|BZD_GAMMA2_195|SER|any_contact_frequency,2026091905,2,9,0.2222222222222222
zopiclone,alpha2,alpha2|BZD_GAMMA2_195|SER|any_contact_frequency,2026091901,0,9,0.0
zopiclone,alpha2,alpha2|BZD_GAMMA2_195|SER|any_contact_frequency,2026091902,0,9,0.0
zopiclone,alpha2,alpha2|BZD_GAMMA2_195|SER|any_contact_frequency,2026091903,1,9,0.1111111111111111
zopiclone,alpha2,alpha2|BZD_GAMMA2_195|SER|any_contact_frequency,2026091904,0,9,0.0
zopiclone,alpha2,alpha2|BZD_GAMMA2_195|SER|any_contact_frequency,2026091905,0,9,0.0
zaleplon,alpha2,alpha2|BZD_GAMMA2_195|SER|any_contact_frequency,2026091901,0,9,0.0
zaleplon,alpha2,alpha2|BZD_GAMMA2_195|SER|any_contact_frequency,2026091902,0,9,0.0
zaleplon,alpha2,alpha2|BZD_GAMMA2_195|SER|any_contact_frequency,2026091903,0,9,0.0
zaleplon,alpha2,alpha2|BZD_GAMMA2_195|SER|any_contact_frequency,2026091904,0,9,0.0
zaleplon,alpha2,alpha2|BZD_GAMMA2_195|SER|any_contact_frequency,2026091905,0,9,0.0
diazepam,alpha2,alpha2|BZD_GAMMA2_196|TRP|any_contact_frequency,2026091901,0,9,0.0
diazepam,alpha2,alpha2|BZD_GAMMA2_196|TRP|any_contact_frequency,2026091902,0,9,0.0
diazepam,alpha2,alpha2|BZD_GAMMA2_196|TRP|any_contact_frequency,2026091903,0,9,0.0
diazepam,alpha2,alpha2|BZD_GAMMA2_196|TRP|any_contact_frequency,2026091904,0,9,0.0
diazepam,alpha2,alpha2|BZD_GAMMA2_196|TRP|any_contact_frequency,2026091905,0,9,0.0
alprazolam,alpha2,alpha2|BZD_GAMMA2_196|TRP|any_contact_frequency,2026091901,0,9,0.0
alprazolam,alpha2,alpha2|BZD_GAMMA2_196|TRP|any_contact_frequency,2026091902,0,9,0.0
alprazolam,alpha2,alpha2|BZD_GAMMA2_196|TRP|any_contact_frequency,2026091903,0,9,0.0
alprazolam,alpha2,alpha2|BZD_GAMMA2_196|TRP|any_contact_frequency,2026091904,0,9,0.0
alprazolam,alpha2,alpha2|BZD_GAMMA2_196|TRP|any_contact_frequency,2026091905,0,9,0.0
triazolam,alpha2,alpha2|BZD_GAMMA2_196|TRP|any_contact_frequency,2026091901,0,9,0.0
triazolam,alpha2,alpha2|BZD_GAMMA2_196|TRP|any_contact_frequency,2026091902,0,9,0.0
triazolam,alpha2,alpha2|BZD_GAMMA2_196|TRP|any_contact_frequency,2026091903,0,9,0.0
triazolam,alpha2,alpha2|BZD_GAMMA2_196|TRP|any_contact_frequency,2026091904,0,9,0.0
triazolam,alpha2,alpha2|BZD_GAMMA2_196|TRP|any_contact_frequency,2026091905,0,9,0.0
zolpidem,alpha2,alpha2|BZD_GAMMA2_196|TRP|any_contact_frequency,2026091901,0,9,0.0
zolpidem,alpha2,alpha2|BZD_GAMMA2_196|TRP|any_contact_frequency,2026091902,0,9,0.0
zolpidem,alpha2,alpha2|BZD_GAMMA2_196|TRP|any_contact_frequency,2026091903,0,9,0.0
zolpidem,alpha2,alpha2|BZD_GAMMA2_196|TRP|any_contact_frequency,2026091904,0,9,0.0
zolpidem,alpha2,alpha2|BZD_GAMMA2_196|TRP|any_contact_frequency,2026091905,0,9,0.0
lorazepam,alpha2,alpha2|BZD_GAMMA2_196|TRP|any_contact_frequency,2026091901,0,9,0.0
lorazepam,alpha2,alpha2|BZD_GAMMA2_196|TRP|any_contact_frequency,2026091902,0,9,0.0
lorazepam,alpha2,alpha2|BZD_GAMMA2_196|TRP|any_contact_frequency,2026091903,1,9,0.1111111111111111
lorazepam,alpha2,alpha2|BZD_GAMMA2_196|TRP|any_contact_frequency,2026091904,0,9,0.0
lorazepam,alpha2,alpha2|BZD_GAMMA2_196|TRP|any_contact_frequency,2026091905,1,9,0.1111111111111111
clonazepam,alpha2,alpha2|BZD_GAMMA2_196|TRP|any_contact_frequency,2026091901,0,9,0.0
clonazepam,alpha2,alpha2|BZD_GAMMA2_196|TRP|any_contact_frequency,2026091902,0,9,0.0
clonazepam,alpha2,alpha2|BZD_GAMMA2_196|TRP|any_contact_frequency,2026091903,0,9,0.0
clonazepam,alpha2,alpha2|BZD_GAMMA2_196|TRP|any_contact_frequency,2026091904,0,9,0.0
clonazepam,alpha2,alpha2|BZD_GAMMA2_196|TRP|any_contact_frequency,2026091905,0,9,0.0
midazolam,alpha2,alpha2|BZD_GAMMA2_196|TRP|any_contact_frequency,2026091901,0,9,0.0
midazolam,alpha2,alpha2|BZD_GAMMA2_196|TRP|any_contact_frequency,2026091902,0,9,0.0
midazolam,alpha2,alpha2|BZD_GAMMA2_196|TRP|any_contact_frequency,2026091903,0,9,0.0
midazolam,alpha2,alpha2|BZD_GAMMA2_196|TRP|any_contact_frequency,2026091904,0,9,0.0
midazolam,alpha2,alpha2|BZD_GAMMA2_196|TRP|any_contact_frequency,2026091905,0,9,0.0
temazepam,alpha2,alpha2|BZD_GAMMA2_196|TRP|any_contact_frequency,2026091901,0,9,0.0
temazepam,alpha2,alpha2|BZD_GAMMA2_196|TRP|any_contact_frequency,2026091902,0,9,0.0
temazepam,alpha2,alpha2|BZD_GAMMA2_196|TRP|any_contact_frequency,2026091903,1,9,0.1111111111111111
temazepam,alpha2,alpha2|BZD_GAMMA2_196|TRP|any_contact_frequency,2026091904,0,9,0.0
temazepam,alpha2,alpha2|BZD_GAMMA2_196|TRP|any_contact_frequency,2026091905,0,9,0.0
zopiclone,alpha2,alpha2|BZD_GAMMA2_196|TRP|any_contact_frequency,2026091901,0,9,0.0
zopiclone,alpha2,alpha2|BZD_GAMMA2_196|TRP|any_contact_frequency,2026091902,0,9,0.0
zopiclone,alpha2,alpha2|BZD_GAMMA2_196|TRP|any_contact_frequency,2026091903,0,9,0.0
zopiclone,alpha2,alpha2|BZD_GAMMA2_196|TRP|any_contact_frequency,2026091904,0,9,0.0
zopiclone,alpha2,alpha2|BZD_GAMMA2_196|TRP|any_contact_frequency,2026091905,0,9,0.0
zaleplon,alpha2,alpha2|BZD_GAMMA2_196|TRP|any_contact_frequency,2026091901,0,9,0.0
zaleplon,alpha2,alpha2|BZD_GAMMA2_196|TRP|any_contact_frequency,2026091902,0,9,0.0
zaleplon,alpha2,alpha2|BZD_GAMMA2_196|TRP|any_contact_frequency,2026091903,0,9,0.0
zaleplon,alpha2,alpha2|BZD_GAMMA2_196|TRP|any_contact_frequency,2026091904,0,9,0.0
zaleplon,alpha2,alpha2|BZD_GAMMA2_196|TRP|any_contact_frequency,2026091905,0,9,0.0
diazepam,alpha2,alpha2|BZD_SITE_100|PHE|any_contact_frequency,2026091901,3,9,0.3333333333333333
diazepam,alpha2,alpha2|BZD_SITE_100|PHE|any_contact_frequency,2026091902,3,9,0.3333333333333333
diazepam,alpha2,alpha2|BZD_SITE_100|PHE|any_contact_frequency,2026091903,3,9,0.3333333333333333
diazepam,alpha2,alpha2|BZD_SITE_100|PHE|any_contact_frequency,2026091904,3,9,0.3333333333333333
diazepam,alpha2,alpha2|BZD_SITE_100|PHE|any_contact_frequency,2026091905,4,9,0.4444444444444444
alprazolam,alpha2,alpha2|BZD_SITE_100|PHE|any_contact_frequency,2026091901,2,9,0.2222222222222222
alprazolam,alpha2,alpha2|BZD_SITE_100|PHE|any_contact_frequency,2026091902,1,9,0.1111111111111111
alprazolam,alpha2,alpha2|BZD_SITE_100|PHE|any_contact_frequency,2026091903,1,9,0.1111111111111111
alprazolam,alpha2,alpha2|BZD_SITE_100|PHE|any_contact_frequency,2026091904,3,9,0.3333333333333333
alprazolam,alpha2,alpha2|BZD_SITE_100|PHE|any_contact_frequency,2026091905,1,9,0.1111111111111111
triazolam,alpha2,alpha2|BZD_SITE_100|PHE|any_contact_frequency,2026091901,1,9,0.1111111111111111
triazolam,alpha2,alpha2|BZD_SITE_100|PHE|any_contact_frequency,2026091902,2,9,0.2222222222222222
triazolam,alpha2,alpha2|BZD_SITE_100|PHE|any_contact_frequency,2026091903,1,9,0.1111111111111111
triazolam,alpha2,alpha2|BZD_SITE_100|PHE|any_contact_frequency,2026091904,0,9,0.0
triazolam,alpha2,alpha2|BZD_SITE_100|PHE|any_contact_frequency,2026091905,1,9,0.1111111111111111
zolpidem,alpha2,alpha2|BZD_SITE_100|PHE|any_contact_frequency,2026091901,5,9,0.5555555555555556
zolpidem,alpha2,alpha2|BZD_SITE_100|PHE|any_contact_frequency,2026091902,6,9,0.6666666666666666
zolpidem,alpha2,alpha2|BZD_SITE_100|PHE|any_contact_frequency,2026091903,6,9,0.6666666666666666
zolpidem,alpha2,alpha2|BZD_SITE_100|PHE|any_contact_frequency,2026091904,6,9,0.6666666666666666
zolpidem,alpha2,alpha2|BZD_SITE_100|PHE|any_contact_frequency,2026091905,5,9,0.5555555555555556
lorazepam,alpha2,alpha2|BZD_SITE_100|PHE|any_contact_frequency,2026091901,0,9,0.0
lorazepam,alpha2,alpha2|BZD_SITE_100|PHE|any_contact_frequency,2026091902,0,9,0.0
lorazepam,alpha2,alpha2|BZD_SITE_100|PHE|any_contact_frequency,2026091903,0,9,0.0
lorazepam,alpha2,alpha2|BZD_SITE_100|PHE|any_contact_frequency,2026091904,0,9,0.0
lorazepam,alpha2,alpha2|BZD_SITE_100|PHE|any_contact_frequency,2026091905,0,9,0.0
clonazepam,alpha2,alpha2|BZD_SITE_100|PHE|any_contact_frequency,2026091901,0,9,0.0
clonazepam,alpha2,alpha2|BZD_SITE_100|PHE|any_contact_frequency,2026091902,0,9,0.0
clonazepam,alpha2,alpha2|BZD_SITE_100|PHE|any_contact_frequency,2026091903,0,9,0.0
clonazepam,alpha2,alpha2|BZD_SITE_100|PHE|any_contact_frequency,2026091904,0,9,0.0
clonazepam,alpha2,alpha2|BZD_SITE_100|PHE|any_contact_frequency,2026091905,0,9,0.0
midazolam,alpha2,alpha2|BZD_SITE_100|PHE|any_contact_frequency,2026091901,2,9,0.2222222222222222
midazolam,alpha2,alpha2|BZD_SITE_100|PHE|any_contact_frequency,2026091902,2,9,0.2222222222222222
midazolam,alpha2,alpha2|BZD_SITE_100|PHE|any_contact_frequency,2026091903,1,9,0.1111111111111111
midazolam,alpha2,alpha2|BZD_SITE_100|PHE|any_contact_frequency,2026091904,2,9,0.2222222222222222
midazolam,alpha2,alpha2|BZD_SITE_100|PHE|any_contact_frequency,2026091905,2,9,0.2222222222222222
temazepam,alpha2,alpha2|BZD_SITE_100|PHE|any_contact_frequency,2026091901,0,9,0.0
temazepam,alpha2,alpha2|BZD_SITE_100|PHE|any_contact_frequency,2026091902,0,9,0.0
temazepam,alpha2,alpha2|BZD_SITE_100|PHE|any_contact_frequency,2026091903,1,9,0.1111111111111111
temazepam,alpha2,alpha2|BZD_SITE_100|PHE|any_contact_frequency,2026091904,0,9,0.0
temazepam,alpha2,alpha2|BZD_SITE_100|PHE|any_contact_frequency,2026091905,0,9,0.0
zopiclone,alpha2,alpha2|BZD_SITE_100|PHE|any_contact_frequency,2026091901,0,9,0.0
zopiclone,alpha2,alpha2|BZD_SITE_100|PHE|any_contact_frequency,2026091902,1,9,0.1111111111111111
zopiclone,alpha2,alpha2|BZD_SITE_100|PHE|any_contact_frequency,2026091903,1,9,0.1111111111111111
zopiclone,alpha2,alpha2|BZD_SITE_100|PHE|any_contact_frequency,2026091904,1,9,0.1111111111111111
zopiclone,alpha2,alpha2|BZD_SITE_100|PHE|any_contact_frequency,2026091905,0,9,0.0
zaleplon,alpha2,alpha2|BZD_SITE_100|PHE|any_contact_frequency,2026091901,5,9,0.5555555555555556
zaleplon,alpha2,alpha2|BZD_SITE_100|PHE|any_contact_frequency,2026091902,0,9,0.0
zaleplon,alpha2,alpha2|BZD_SITE_100|PHE|any_contact_frequency,2026091903,3,9,0.3333333333333333
zaleplon,alpha2,alpha2|BZD_SITE_100|PHE|any_contact_frequency,2026091904,2,9,0.2222222222222222
zaleplon,alpha2,alpha2|BZD_SITE_100|PHE|any_contact_frequency,2026091905,3,9,0.3333333333333333
diazepam,alpha2,alpha2|BZD_SITE_102|HIS|any_contact_frequency,2026091901,3,9,0.3333333333333333
diazepam,alpha2,alpha2|BZD_SITE_102|HIS|any_contact_frequency,2026091902,4,9,0.4444444444444444
diazepam,alpha2,alpha2|BZD_SITE_102|HIS|any_contact_frequency,2026091903,2,9,0.2222222222222222
diazepam,alpha2,alpha2|BZD_SITE_102|HIS|any_contact_frequency,2026091904,3,9,0.3333333333333333
diazepam,alpha2,alpha2|BZD_SITE_102|HIS|any_contact_frequency,2026091905,3,9,0.3333333333333333
alprazolam,alpha2,alpha2|BZD_SITE_102|HIS|any_contact_frequency,2026091901,2,9,0.2222222222222222
alprazolam,alpha2,alpha2|BZD_SITE_102|HIS|any_contact_frequency,2026091902,3,9,0.3333333333333333
alprazolam,alpha2,alpha2|BZD_SITE_102|HIS|any_contact_frequency,2026091903,2,9,0.2222222222222222
alprazolam,alpha2,alpha2|BZD_SITE_102|HIS|any_contact_frequency,2026091904,3,9,0.3333333333333333
alprazolam,alpha2,alpha2|BZD_SITE_102|HIS|any_contact_frequency,2026091905,2,9,0.2222222222222222
triazolam,alpha2,alpha2|BZD_SITE_102|HIS|any_contact_frequency,2026091901,3,9,0.3333333333333333
triazolam,alpha2,alpha2|BZD_SITE_102|HIS|any_contact_frequency,2026091902,3,9,0.3333333333333333
triazolam,alpha2,alpha2|BZD_SITE_102|HIS|any_contact_frequency,2026091903,3,9,0.3333333333333333
triazolam,alpha2,alpha2|BZD_SITE_102|HIS|any_contact_frequency,2026091904,2,9,0.2222222222222222
triazolam,alpha2,alpha2|BZD_SITE_102|HIS|any_contact_frequency,2026091905,3,9,0.3333333333333333
zolpidem,alpha2,alpha2|BZD_SITE_102|HIS|any_contact_frequency,2026091901,2,9,0.2222222222222222
zolpidem,alpha2,alpha2|BZD_SITE_102|HIS|any_contact_frequency,2026091902,1,9,0.1111111111111111
zolpidem,alpha2,alpha2|BZD_SITE_102|HIS|any_contact_frequency,2026091903,4,9,0.4444444444444444
zolpidem,alpha2,alpha2|BZD_SITE_102|HIS|any_contact_frequency,2026091904,2,9,0.2222222222222222
zolpidem,alpha2,alpha2|BZD_SITE_102|HIS|any_contact_frequency,2026091905,4,9,0.4444444444444444
lorazepam,alpha2,alpha2|BZD_SITE_102|HIS|any_contact_frequency,2026091901,5,9,0.5555555555555556
lorazepam,alpha2,alpha2|BZD_SITE_102|HIS|any_contact_frequency,2026091902,4,9,0.4444444444444444
lorazepam,alpha2,alpha2|BZD_SITE_102|HIS|any_contact_frequency,2026091903,2,9,0.2222222222222222
lorazepam,alpha2,alpha2|BZD_SITE_102|HIS|any_contact_frequency,2026091904,3,9,0.3333333333333333
lorazepam,alpha2,alpha2|BZD_SITE_102|HIS|any_contact_frequency,2026091905,4,9,0.4444444444444444
clonazepam,alpha2,alpha2|BZD_SITE_102|HIS|any_contact_frequency,2026091901,3,9,0.3333333333333333
clonazepam,alpha2,alpha2|BZD_SITE_102|HIS|any_contact_frequency,2026091902,6,9,0.6666666666666666
clonazepam,alpha2,alpha2|BZD_SITE_102|HIS|any_contact_frequency,2026091903,4,9,0.4444444444444444
clonazepam,alpha2,alpha2|BZD_SITE_102|HIS|any_contact_frequency,2026091904,5,9,0.5555555555555556
clonazepam,alpha2,alpha2|BZD_SITE_102|HIS|any_contact_frequency,2026091905,4,9,0.4444444444444444
midazolam,alpha2,alpha2|BZD_SITE_102|HIS|any_contact_frequency,2026091901,1,9,0.1111111111111111
midazolam,alpha2,alpha2|BZD_SITE_102|HIS|any_contact_frequency,2026091902,2,9,0.2222222222222222
midazolam,alpha2,alpha2|BZD_SITE_102|HIS|any_contact_frequency,2026091903,3,9,0.3333333333333333
midazolam,alpha2,alpha2|BZD_SITE_102|HIS|any_contact_frequency,2026091904,2,9,0.2222222222222222
midazolam,alpha2,alpha2|BZD_SITE_102|HIS|any_contact_frequency,2026091905,2,9,0.2222222222222222
temazepam,alpha2,alpha2|BZD_SITE_102|HIS|any_contact_frequency,2026091901,1,9,0.1111111111111111
temazepam,alpha2,alpha2|BZD_SITE_102|HIS|any_contact_frequency,2026091902,1,9,0.1111111111111111
temazepam,alpha2,alpha2|BZD_SITE_102|HIS|any_contact_frequency,2026091903,1,9,0.1111111111111111
temazepam,alpha2,alpha2|BZD_SITE_102|HIS|any_contact_frequency,2026091904,0,9,0.0
temazepam,alpha2,alpha2|BZD_SITE_102|HIS|any_contact_frequency,2026091905,1,9,0.1111111111111111
zopiclone,alpha2,alpha2|BZD_SITE_102|HIS|any_contact_frequency,2026091901,1,9,0.1111111111111111
zopiclone,alpha2,alpha2|BZD_SITE_102|HIS|any_contact_frequency,2026091902,0,9,0.0
zopiclone,alpha2,alpha2|BZD_SITE_102|HIS|any_contact_frequency,2026091903,0,9,0.0
zopiclone,alpha2,alpha2|BZD_SITE_102|HIS|any_contact_frequency,2026091904,1,9,0.1111111111111111
zopiclone,alpha2,alpha2|BZD_SITE_102|HIS|any_contact_frequency,2026091905,0,9,0.0
zaleplon,alpha2,alpha2|BZD_SITE_102|HIS|any_contact_frequency,2026091901,6,9,0.6666666666666666
zaleplon,alpha2,alpha2|BZD_SITE_102|HIS|any_contact_frequency,2026091902,1,9,0.1111111111111111
zaleplon,alpha2,alpha2|BZD_SITE_102|HIS|any_contact_frequency,2026091903,2,9,0.2222222222222222
zaleplon,alpha2,alpha2|BZD_SITE_102|HIS|any_contact_frequency,2026091904,2,9,0.2222222222222222
zaleplon,alpha2,alpha2|BZD_SITE_102|HIS|any_contact_frequency,2026091905,2,9,0.2222222222222222
diazepam,alpha2,alpha2|BZD_SITE_103|ASN|any_contact_frequency,2026091901,1,9,0.1111111111111111
diazepam,alpha2,alpha2|BZD_SITE_103|ASN|any_contact_frequency,2026091902,1,9,0.1111111111111111
diazepam,alpha2,alpha2|BZD_SITE_103|ASN|any_contact_frequency,2026091903,2,9,0.2222222222222222
diazepam,alpha2,alpha2|BZD_SITE_103|ASN|any_contact_frequency,2026091904,1,9,0.1111111111111111
diazepam,alpha2,alpha2|BZD_SITE_103|ASN|any_contact_frequency,2026091905,1,9,0.1111111111111111
alprazolam,alpha2,alpha2|BZD_SITE_103|ASN|any_contact_frequency,2026091901,3,9,0.3333333333333333
alprazolam,alpha2,alpha2|BZD_SITE_103|ASN|any_contact_frequency,2026091902,1,9,0.1111111111111111
alprazolam,alpha2,alpha2|BZD_SITE_103|ASN|any_contact_frequency,2026091903,2,9,0.2222222222222222
alprazolam,alpha2,alpha2|BZD_SITE_103|ASN|any_contact_frequency,2026091904,2,9,0.2222222222222222
alprazolam,alpha2,alpha2|BZD_SITE_103|ASN|any_contact_frequency,2026091905,2,9,0.2222222222222222
triazolam,alpha2,alpha2|BZD_SITE_103|ASN|any_contact_frequency,2026091901,4,9,0.4444444444444444
triazolam,alpha2,alpha2|BZD_SITE_103|ASN|any_contact_frequency,2026091902,3,9,0.3333333333333333
triazolam,alpha2,alpha2|BZD_SITE_103|ASN|any_contact_frequency,2026091903,4,9,0.4444444444444444
triazolam,alpha2,alpha2|BZD_SITE_103|ASN|any_contact_frequency,2026091904,2,9,0.2222222222222222
triazolam,alpha2,alpha2|BZD_SITE_103|ASN|any_contact_frequency,2026091905,3,9,0.3333333333333333
zolpidem,alpha2,alpha2|BZD_SITE_103|ASN|any_contact_frequency,2026091901,0,9,0.0
zolpidem,alpha2,alpha2|BZD_SITE_103|ASN|any_contact_frequency,2026091902,0,9,0.0
zolpidem,alpha2,alpha2|BZD_SITE_103|ASN|any_contact_frequency,2026091903,3,9,0.3333333333333333
zolpidem,alpha2,alpha2|BZD_SITE_103|ASN|any_contact_frequency,2026091904,1,9,0.1111111111111111
zolpidem,alpha2,alpha2|BZD_SITE_103|ASN|any_contact_frequency,2026091905,2,9,0.2222222222222222
lorazepam,alpha2,alpha2|BZD_SITE_103|ASN|any_contact_frequency,2026091901,3,9,0.3333333333333333
lorazepam,alpha2,alpha2|BZD_SITE_103|ASN|any_contact_frequency,2026091902,3,9,0.3333333333333333
lorazepam,alpha2,alpha2|BZD_SITE_103|ASN|any_contact_frequency,2026091903,4,9,0.4444444444444444
lorazepam,alpha2,alpha2|BZD_SITE_103|ASN|any_contact_frequency,2026091904,2,9,0.2222222222222222
lorazepam,alpha2,alpha2|BZD_SITE_103|ASN|any_contact_frequency,2026091905,3,9,0.3333333333333333
clonazepam,alpha2,alpha2|BZD_SITE_103|ASN|any_contact_frequency,2026091901,1,9,0.1111111111111111
clonazepam,alpha2,alpha2|BZD_SITE_103|ASN|any_contact_frequency,2026091902,3,9,0.3333333333333333
clonazepam,alpha2,alpha2|BZD_SITE_103|ASN|any_contact_frequency,2026091903,3,9,0.3333333333333333
clonazepam,alpha2,alpha2|BZD_SITE_103|ASN|any_contact_frequency,2026091904,4,9,0.4444444444444444
clonazepam,alpha2,alpha2|BZD_SITE_103|ASN|any_contact_frequency,2026091905,2,9,0.2222222222222222
midazolam,alpha2,alpha2|BZD_SITE_103|ASN|any_contact_frequency,2026091901,5,9,0.5555555555555556
midazolam,alpha2,alpha2|BZD_SITE_103|ASN|any_contact_frequency,2026091902,3,9,0.3333333333333333
midazolam,alpha2,alpha2|BZD_SITE_103|ASN|any_contact_frequency,2026091903,6,9,0.6666666666666666
midazolam,alpha2,alpha2|BZD_SITE_103|ASN|any_contact_frequency,2026091904,5,9,0.5555555555555556
midazolam,alpha2,alpha2|BZD_SITE_103|ASN|any_contact_frequency,2026091905,4,9,0.4444444444444444
temazepam,alpha2,alpha2|BZD_SITE_103|ASN|any_contact_frequency,2026091901,2,9,0.2222222222222222
temazepam,alpha2,alpha2|BZD_SITE_103|ASN|any_contact_frequency,2026091902,4,9,0.4444444444444444
temazepam,alpha2,alpha2|BZD_SITE_103|ASN|any_contact_frequency,2026091903,3,9,0.3333333333333333
temazepam,alpha2,alpha2|BZD_SITE_103|ASN|any_contact_frequency,2026091904,3,9,0.3333333333333333
temazepam,alpha2,alpha2|BZD_SITE_103|ASN|any_contact_frequency,2026091905,3,9,0.3333333333333333
zopiclone,alpha2,alpha2|BZD_SITE_103|ASN|any_contact_frequency,2026091901,0,9,0.0
zopiclone,alpha2,alpha2|BZD_SITE_103|ASN|any_contact_frequency,2026091902,0,9,0.0
zopiclone,alpha2,alpha2|BZD_SITE_103|ASN|any_contact_frequency,2026091903,0,9,0.0
zopiclone,alpha2,alpha2|BZD_SITE_103|ASN|any_contact_frequency,2026091904,0,9,0.0
zopiclone,alpha2,alpha2|BZD_SITE_103|ASN|any_contact_frequency,2026091905,0,9,0.0
zaleplon,alpha2,alpha2|BZD_SITE_103|ASN|any_contact_frequency,2026091901,0,9,0.0
zaleplon,alpha2,alpha2|BZD_SITE_103|ASN|any_contact_frequency,2026091902,1,9,0.1111111111111111
zaleplon,alpha2,alpha2|BZD_SITE_103|ASN|any_contact_frequency,2026091903,1,9,0.1111111111111111
zaleplon,alpha2,alpha2|BZD_SITE_103|ASN|any_contact_frequency,2026091904,2,9,0.2222222222222222
zaleplon,alpha2,alpha2|BZD_SITE_103|ASN|any_contact_frequency,2026091905,1,9,0.1111111111111111
diazepam,alpha2,alpha2|BZD_SITE_138|GLU|any_contact_frequency,2026091901,0,9,0.0
diazepam,alpha2,alpha2|BZD_SITE_138|GLU|any_contact_frequency,2026091902,0,9,0.0
diazepam,alpha2,alpha2|BZD_SITE_138|GLU|any_contact_frequency,2026091903,0,9,0.0
diazepam,alpha2,alpha2|BZD_SITE_138|GLU|any_contact_frequency,2026091904,0,9,0.0
diazepam,alpha2,alpha2|BZD_SITE_138|GLU|any_contact_frequency,2026091905,0,9,0.0
alprazolam,alpha2,alpha2|BZD_SITE_138|GLU|any_contact_frequency,2026091901,0,9,0.0
alprazolam,alpha2,alpha2|BZD_SITE_138|GLU|any_contact_frequency,2026091902,0,9,0.0
alprazolam,alpha2,alpha2|BZD_SITE_138|GLU|any_contact_frequency,2026091903,0,9,0.0
alprazolam,alpha2,alpha2|BZD_SITE_138|GLU|any_contact_frequency,2026091904,0,9,0.0
alprazolam,alpha2,alpha2|BZD_SITE_138|GLU|any_contact_frequency,2026091905,0,9,0.0
triazolam,alpha2,alpha2|BZD_SITE_138|GLU|any_contact_frequency,2026091901,0,9,0.0
triazolam,alpha2,alpha2|BZD_SITE_138|GLU|any_contact_frequency,2026091902,0,9,0.0
triazolam,alpha2,alpha2|BZD_SITE_138|GLU|any_contact_frequency,2026091903,0,9,0.0
triazolam,alpha2,alpha2|BZD_SITE_138|GLU|any_contact_frequency,2026091904,0,9,0.0
triazolam,alpha2,alpha2|BZD_SITE_138|GLU|any_contact_frequency,2026091905,0,9,0.0
zolpidem,alpha2,alpha2|BZD_SITE_138|GLU|any_contact_frequency,2026091901,0,9,0.0
zolpidem,alpha2,alpha2|BZD_SITE_138|GLU|any_contact_frequency,2026091902,0,9,0.0
zolpidem,alpha2,alpha2|BZD_SITE_138|GLU|any_contact_frequency,2026091903,0,9,0.0
zolpidem,alpha2,alpha2|BZD_SITE_138|GLU|any_contact_frequency,2026091904,0,9,0.0
zolpidem,alpha2,alpha2|BZD_SITE_138|GLU|any_contact_frequency,2026091905,0,9,0.0
lorazepam,alpha2,alpha2|BZD_SITE_138|GLU|any_contact_frequency,2026091901,0,9,0.0
lorazepam,alpha2,alpha2|BZD_SITE_138|GLU|any_contact_frequency,2026091902,1,9,0.1111111111111111
lorazepam,alpha2,alpha2|BZD_SITE_138|GLU|any_contact_frequency,2026091903,1,9,0.1111111111111111
lorazepam,alpha2,alpha2|BZD_SITE_138|GLU|any_contact_frequency,2026091904,0,9,0.0
lorazepam,alpha2,alpha2|BZD_SITE_138|GLU|any_contact_frequency,2026091905,0,9,0.0
clonazepam,alpha2,alpha2|BZD_SITE_138|GLU|any_contact_frequency,2026091901,1,9,0.1111111111111111
clonazepam,alpha2,alpha2|BZD_SITE_138|GLU|any_contact_frequency,2026091902,1,9,0.1111111111111111
clonazepam,alpha2,alpha2|BZD_SITE_138|GLU|any_contact_frequency,2026091903,0,9,0.0
clonazepam,alpha2,alpha2|BZD_SITE_138|GLU|any_contact_frequency,2026091904,1,9,0.1111111111111111
clonazepam,alpha2,alpha2|BZD_SITE_138|GLU|any_contact_frequency,2026091905,2,9,0.2222222222222222
midazolam,alpha2,alpha2|BZD_SITE_138|GLU|any_contact_frequency,2026091901,0,9,0.0
midazolam,alpha2,alpha2|BZD_SITE_138|GLU|any_contact_frequency,2026091902,0,9,0.0
midazolam,alpha2,alpha2|BZD_SITE_138|GLU|any_contact_frequency,2026091903,0,9,0.0
midazolam,alpha2,alpha2|BZD_SITE_138|GLU|any_contact_frequency,2026091904,0,9,0.0
midazolam,alpha2,alpha2|BZD_SITE_138|GLU|any_contact_frequency,2026091905,0,9,0.0
temazepam,alpha2,alpha2|BZD_SITE_138|GLU|any_contact_frequency,2026091901,0,9,0.0
temazepam,alpha2,alpha2|BZD_SITE_138|GLU|any_contact_frequency,2026091902,1,9,0.1111111111111111
temazepam,alpha2,alpha2|BZD_SITE_138|GLU|any_contact_frequency,2026091903,0,9,0.0
temazepam,alpha2,alpha2|BZD_SITE_138|GLU|any_contact_frequency,2026091904,1,9,0.1111111111111111
temazepam,alpha2,alpha2|BZD_SITE_138|GLU|any_contact_frequency,2026091905,0,9,0.0
zopiclone,alpha2,alpha2|BZD_SITE_138|GLU|any_contact_frequency,2026091901,1,9,0.1111111111111111
zopiclone,alpha2,alpha2|BZD_SITE_138|GLU|any_contact_frequency,2026091902,1,9,0.1111111111111111
zopiclone,alpha2,alpha2|BZD_SITE_138|GLU|any_contact_frequency,2026091903,0,9,0.0
zopiclone,alpha2,alpha2|BZD_SITE_138|GLU|any_contact_frequency,2026091904,1,9,0.1111111111111111
zopiclone,alpha2,alpha2|BZD_SITE_138|GLU|any_contact_frequency,2026091905,1,9,0.1111111111111111
zaleplon,alpha2,alpha2|BZD_SITE_138|GLU|any_contact_frequency,2026091901,0,9,0.0
zaleplon,alpha2,alpha2|BZD_SITE_138|GLU|any_contact_frequency,2026091902,0,9,0.0
zaleplon,alpha2,alpha2|BZD_SITE_138|GLU|any_contact_frequency,2026091903,0,9,0.0
zaleplon,alpha2,alpha2|BZD_SITE_138|GLU|any_contact_frequency,2026091904,0,9,0.0
zaleplon,alpha2,alpha2|BZD_SITE_138|GLU|any_contact_frequency,2026091905,0,9,0.0
diazepam,alpha2,alpha2|BZD_SITE_154|PRO|any_contact_frequency,2026091901,0,9,0.0
diazepam,alpha2,alpha2|BZD_SITE_154|PRO|any_contact_frequency,2026091902,0,9,0.0
diazepam,alpha2,alpha2|BZD_SITE_154|PRO|any_contact_frequency,2026091903,0,9,0.0
diazepam,alpha2,alpha2|BZD_SITE_154|PRO|any_contact_frequency,2026091904,0,9,0.0
diazepam,alpha2,alpha2|BZD_SITE_154|PRO|any_contact_frequency,2026091905,0,9,0.0
alprazolam,alpha2,alpha2|BZD_SITE_154|PRO|any_contact_frequency,2026091901,1,9,0.1111111111111111
alprazolam,alpha2,alpha2|BZD_SITE_154|PRO|any_contact_frequency,2026091902,1,9,0.1111111111111111
alprazolam,alpha2,alpha2|BZD_SITE_154|PRO|any_contact_frequency,2026091903,1,9,0.1111111111111111
alprazolam,alpha2,alpha2|BZD_SITE_154|PRO|any_contact_frequency,2026091904,1,9,0.1111111111111111
alprazolam,alpha2,alpha2|BZD_SITE_154|PRO|any_contact_frequency,2026091905,2,9,0.2222222222222222
triazolam,alpha2,alpha2|BZD_SITE_154|PRO|any_contact_frequency,2026091901,1,9,0.1111111111111111
triazolam,alpha2,alpha2|BZD_SITE_154|PRO|any_contact_frequency,2026091902,1,9,0.1111111111111111
triazolam,alpha2,alpha2|BZD_SITE_154|PRO|any_contact_frequency,2026091903,1,9,0.1111111111111111
triazolam,alpha2,alpha2|BZD_SITE_154|PRO|any_contact_frequency,2026091904,1,9,0.1111111111111111
triazolam,alpha2,alpha2|BZD_SITE_154|PRO|any_contact_frequency,2026091905,1,9,0.1111111111111111
zolpidem,alpha2,alpha2|BZD_SITE_154|PRO|any_contact_frequency,2026091901,0,9,0.0
zolpidem,alpha2,alpha2|BZD_SITE_154|PRO|any_contact_frequency,2026091902,0,9,0.0
zolpidem,alpha2,alpha2|BZD_SITE_154|PRO|any_contact_frequency,2026091903,0,9,0.0
zolpidem,alpha2,alpha2|BZD_SITE_154|PRO|any_contact_frequency,2026091904,0,9,0.0
zolpidem,alpha2,alpha2|BZD_SITE_154|PRO|any_contact_frequency,2026091905,0,9,0.0
lorazepam,alpha2,alpha2|BZD_SITE_154|PRO|any_contact_frequency,2026091901,0,9,0.0
lorazepam,alpha2,alpha2|BZD_SITE_154|PRO|any_contact_frequency,2026091902,0,9,0.0
lorazepam,alpha2,alpha2|BZD_SITE_154|PRO|any_contact_frequency,2026091903,0,9,0.0
lorazepam,alpha2,alpha2|BZD_SITE_154|PRO|any_contact_frequency,2026091904,0,9,0.0
lorazepam,alpha2,alpha2|BZD_SITE_154|PRO|any_contact_frequency,2026091905,0,9,0.0
clonazepam,alpha2,alpha2|BZD_SITE_154|PRO|any_contact_frequency,2026091901,0,9,0.0
clonazepam,alpha2,alpha2|BZD_SITE_154|PRO|any_contact_frequency,2026091902,0,9,0.0
clonazepam,alpha2,alpha2|BZD_SITE_154|PRO|any_contact_frequency,2026091903,0,9,0.0
clonazepam,alpha2,alpha2|BZD_SITE_154|PRO|any_contact_frequency,2026091904,0,9,0.0
clonazepam,alpha2,alpha2|BZD_SITE_154|PRO|any_contact_frequency,2026091905,0,9,0.0
midazolam,alpha2,alpha2|BZD_SITE_154|PRO|any_contact_frequency,2026091901,1,9,0.1111111111111111
midazolam,alpha2,alpha2|BZD_SITE_154|PRO|any_contact_frequency,2026091902,0,9,0.0
midazolam,alpha2,alpha2|BZD_SITE_154|PRO|any_contact_frequency,2026091903,0,9,0.0
midazolam,alpha2,alpha2|BZD_SITE_154|PRO|any_contact_frequency,2026091904,0,9,0.0
midazolam,alpha2,alpha2|BZD_SITE_154|PRO|any_contact_frequency,2026091905,1,9,0.1111111111111111
temazepam,alpha2,alpha2|BZD_SITE_154|PRO|any_contact_frequency,2026091901,1,9,0.1111111111111111
temazepam,alpha2,alpha2|BZD_SITE_154|PRO|any_contact_frequency,2026091902,2,9,0.2222222222222222
temazepam,alpha2,alpha2|BZD_SITE_154|PRO|any_contact_frequency,2026091903,1,9,0.1111111111111111
temazepam,alpha2,alpha2|BZD_SITE_154|PRO|any_contact_frequency,2026091904,1,9,0.1111111111111111
temazepam,alpha2,alpha2|BZD_SITE_154|PRO|any_contact_frequency,2026091905,1,9,0.1111111111111111
zopiclone,alpha2,alpha2|BZD_SITE_154|PRO|any_contact_frequency,2026091901,0,9,0.0
zopiclone,alpha2,alpha2|BZD_SITE_154|PRO|any_contact_frequency,2026091902,0,9,0.0
zopiclone,alpha2,alpha2|BZD_SITE_154|PRO|any_contact_frequency,2026091903,0,9,0.0
zopiclone,alpha2,alpha2|BZD_SITE_154|PRO|any_contact_frequency,2026091904,0,9,0.0
zopiclone,alpha2,alpha2|BZD_SITE_154|PRO|any_contact_frequency,2026091905,0,9,0.0
zaleplon,alpha2,alpha2|BZD_SITE_154|PRO|any_contact_frequency,2026091901,0,9,0.0
zaleplon,alpha2,alpha2|BZD_SITE_154|PRO|any_contact_frequency,2026091902,0,9,0.0
zaleplon,alpha2,alpha2|BZD_SITE_154|PRO|any_contact_frequency,2026091903,0,9,0.0
zaleplon,alpha2,alpha2|BZD_SITE_154|PRO|any_contact_frequency,2026091904,0,9,0.0
zaleplon,alpha2,alpha2|BZD_SITE_154|PRO|any_contact_frequency,2026091905,0,9,0.0
diazepam,alpha2,alpha2|BZD_SITE_156|LYS|any_contact_frequency,2026091901,1,9,0.1111111111111111
diazepam,alpha2,alpha2|BZD_SITE_156|LYS|any_contact_frequency,2026091902,0,9,0.0
diazepam,alpha2,alpha2|BZD_SITE_156|LYS|any_contact_frequency,2026091903,1,9,0.1111111111111111
diazepam,alpha2,alpha2|BZD_SITE_156|LYS|any_contact_frequency,2026091904,1,9,0.1111111111111111
diazepam,alpha2,alpha2|BZD_SITE_156|LYS|any_contact_frequency,2026091905,0,9,0.0
alprazolam,alpha2,alpha2|BZD_SITE_156|LYS|any_contact_frequency,2026091901,4,9,0.4444444444444444
alprazolam,alpha2,alpha2|BZD_SITE_156|LYS|any_contact_frequency,2026091902,2,9,0.2222222222222222
alprazolam,alpha2,alpha2|BZD_SITE_156|LYS|any_contact_frequency,2026091903,2,9,0.2222222222222222
alprazolam,alpha2,alpha2|BZD_SITE_156|LYS|any_contact_frequency,2026091904,2,9,0.2222222222222222
alprazolam,alpha2,alpha2|BZD_SITE_156|LYS|any_contact_frequency,2026091905,3,9,0.3333333333333333
triazolam,alpha2,alpha2|BZD_SITE_156|LYS|any_contact_frequency,2026091901,2,9,0.2222222222222222
triazolam,alpha2,alpha2|BZD_SITE_156|LYS|any_contact_frequency,2026091902,4,9,0.4444444444444444
triazolam,alpha2,alpha2|BZD_SITE_156|LYS|any_contact_frequency,2026091903,3,9,0.3333333333333333
triazolam,alpha2,alpha2|BZD_SITE_156|LYS|any_contact_frequency,2026091904,2,9,0.2222222222222222
triazolam,alpha2,alpha2|BZD_SITE_156|LYS|any_contact_frequency,2026091905,3,9,0.3333333333333333
zolpidem,alpha2,alpha2|BZD_SITE_156|LYS|any_contact_frequency,2026091901,0,9,0.0
zolpidem,alpha2,alpha2|BZD_SITE_156|LYS|any_contact_frequency,2026091902,1,9,0.1111111111111111
zolpidem,alpha2,alpha2|BZD_SITE_156|LYS|any_contact_frequency,2026091903,1,9,0.1111111111111111
zolpidem,alpha2,alpha2|BZD_SITE_156|LYS|any_contact_frequency,2026091904,1,9,0.1111111111111111
zolpidem,alpha2,alpha2|BZD_SITE_156|LYS|any_contact_frequency,2026091905,1,9,0.1111111111111111
lorazepam,alpha2,alpha2|BZD_SITE_156|LYS|any_contact_frequency,2026091901,1,9,0.1111111111111111
lorazepam,alpha2,alpha2|BZD_SITE_156|LYS|any_contact_frequency,2026091902,3,9,0.3333333333333333
lorazepam,alpha2,alpha2|BZD_SITE_156|LYS|any_contact_frequency,2026091903,3,9,0.3333333333333333
lorazepam,alpha2,alpha2|BZD_SITE_156|LYS|any_contact_frequency,2026091904,4,9,0.4444444444444444
lorazepam,alpha2,alpha2|BZD_SITE_156|LYS|any_contact_frequency,2026091905,3,9,0.3333333333333333
clonazepam,alpha2,alpha2|BZD_SITE_156|LYS|any_contact_frequency,2026091901,1,9,0.1111111111111111
clonazepam,alpha2,alpha2|BZD_SITE_156|LYS|any_contact_frequency,2026091902,3,9,0.3333333333333333
clonazepam,alpha2,alpha2|BZD_SITE_156|LYS|any_contact_frequency,2026091903,2,9,0.2222222222222222
clonazepam,alpha2,alpha2|BZD_SITE_156|LYS|any_contact_frequency,2026091904,1,9,0.1111111111111111
clonazepam,alpha2,alpha2|BZD_SITE_156|LYS|any_contact_frequency,2026091905,2,9,0.2222222222222222
midazolam,alpha2,alpha2|BZD_SITE_156|LYS|any_contact_frequency,2026091901,3,9,0.3333333333333333
midazolam,alpha2,alpha2|BZD_SITE_156|LYS|any_contact_frequency,2026091902,3,9,0.3333333333333333
midazolam,alpha2,alpha2|BZD_SITE_156|LYS|any_contact_frequency,2026091903,4,9,0.4444444444444444
midazolam,alpha2,alpha2|BZD_SITE_156|LYS|any_contact_frequency,2026091904,4,9,0.4444444444444444
midazolam,alpha2,alpha2|BZD_SITE_156|LYS|any_contact_frequency,2026091905,3,9,0.3333333333333333
temazepam,alpha2,alpha2|BZD_SITE_156|LYS|any_contact_frequency,2026091901,2,9,0.2222222222222222
temazepam,alpha2,alpha2|BZD_SITE_156|LYS|any_contact_frequency,2026091902,3,9,0.3333333333333333
temazepam,alpha2,alpha2|BZD_SITE_156|LYS|any_contact_frequency,2026091903,2,9,0.2222222222222222
temazepam,alpha2,alpha2|BZD_SITE_156|LYS|any_contact_frequency,2026091904,2,9,0.2222222222222222
temazepam,alpha2,alpha2|BZD_SITE_156|LYS|any_contact_frequency,2026091905,3,9,0.3333333333333333
zopiclone,alpha2,alpha2|BZD_SITE_156|LYS|any_contact_frequency,2026091901,0,9,0.0
zopiclone,alpha2,alpha2|BZD_SITE_156|LYS|any_contact_frequency,2026091902,0,9,0.0
zopiclone,alpha2,alpha2|BZD_SITE_156|LYS|any_contact_frequency,2026091903,0,9,0.0
zopiclone,alpha2,alpha2|BZD_SITE_156|LYS|any_contact_frequency,2026091904,0,9,0.0
zopiclone,alpha2,alpha2|BZD_SITE_156|LYS|any_contact_frequency,2026091905,0,9,0.0
zaleplon,alpha2,alpha2|BZD_SITE_156|LYS|any_contact_frequency,2026091901,0,9,0.0
zaleplon,alpha2,alpha2|BZD_SITE_156|LYS|any_contact_frequency,2026091902,0,9,0.0
zaleplon,alpha2,alpha2|BZD_SITE_156|LYS|any_contact_frequency,2026091903,0,9,0.0
zaleplon,alpha2,alpha2|BZD_SITE_156|LYS|any_contact_frequency,2026091904,0,9,0.0
zaleplon,alpha2,alpha2|BZD_SITE_156|LYS|any_contact_frequency,2026091905,0,9,0.0
diazepam,alpha2,alpha2|BZD_SITE_160|TYR|any_contact_frequency,2026091901,1,9,0.1111111111111111
diazepam,alpha2,alpha2|BZD_SITE_160|TYR|any_contact_frequency,2026091902,1,9,0.1111111111111111
diazepam,alpha2,alpha2|BZD_SITE_160|TYR|any_contact_frequency,2026091903,1,9,0.1111111111111111
diazepam,alpha2,alpha2|BZD_SITE_160|TYR|any_contact_frequency,2026091904,1,9,0.1111111111111111
diazepam,alpha2,alpha2|BZD_SITE_160|TYR|any_contact_frequency,2026091905,1,9,0.1111111111111111
alprazolam,alpha2,alpha2|BZD_SITE_160|TYR|any_contact_frequency,2026091901,0,9,0.0
alprazolam,alpha2,alpha2|BZD_SITE_160|TYR|any_contact_frequency,2026091902,0,9,0.0
alprazolam,alpha2,alpha2|BZD_SITE_160|TYR|any_contact_frequency,2026091903,0,9,0.0
alprazolam,alpha2,alpha2|BZD_SITE_160|TYR|any_contact_frequency,2026091904,1,9,0.1111111111111111
alprazolam,alpha2,alpha2|BZD_SITE_160|TYR|any_contact_frequency,2026091905,0,9,0.0
triazolam,alpha2,alpha2|BZD_SITE_160|TYR|any_contact_frequency,2026091901,0,9,0.0
triazolam,alpha2,alpha2|BZD_SITE_160|TYR|any_contact_frequency,2026091902,0,9,0.0
triazolam,alpha2,alpha2|BZD_SITE_160|TYR|any_contact_frequency,2026091903,0,9,0.0
triazolam,alpha2,alpha2|BZD_SITE_160|TYR|any_contact_frequency,2026091904,0,9,0.0
triazolam,alpha2,alpha2|BZD_SITE_160|TYR|any_contact_frequency,2026091905,0,9,0.0
zolpidem,alpha2,alpha2|BZD_SITE_160|TYR|any_contact_frequency,2026091901,2,9,0.2222222222222222
zolpidem,alpha2,alpha2|BZD_SITE_160|TYR|any_contact_frequency,2026091902,2,9,0.2222222222222222
zolpidem,alpha2,alpha2|BZD_SITE_160|TYR|any_contact_frequency,2026091903,1,9,0.1111111111111111
zolpidem,alpha2,alpha2|BZD_SITE_160|TYR|any_contact_frequency,2026091904,2,9,0.2222222222222222
zolpidem,alpha2,alpha2|BZD_SITE_160|TYR|any_contact_frequency,2026091905,3,9,0.3333333333333333
lorazepam,alpha2,alpha2|BZD_SITE_160|TYR|any_contact_frequency,2026091901,0,9,0.0
lorazepam,alpha2,alpha2|BZD_SITE_160|TYR|any_contact_frequency,2026091902,0,9,0.0
lorazepam,alpha2,alpha2|BZD_SITE_160|TYR|any_contact_frequency,2026091903,0,9,0.0
lorazepam,alpha2,alpha2|BZD_SITE_160|TYR|any_contact_frequency,2026091904,0,9,0.0
lorazepam,alpha2,alpha2|BZD_SITE_160|TYR|any_contact_frequency,2026091905,0,9,0.0
clonazepam,alpha2,alpha2|BZD_SITE_160|TYR|any_contact_frequency,2026091901,0,9,0.0
clonazepam,alpha2,alpha2|BZD_SITE_160|TYR|any_contact_frequency,2026091902,0,9,0.0
clonazepam,alpha2,alpha2|BZD_SITE_160|TYR|any_contact_frequency,2026091903,0,9,0.0
clonazepam,alpha2,alpha2|BZD_SITE_160|TYR|any_contact_frequency,2026091904,0,9,0.0
clonazepam,alpha2,alpha2|BZD_SITE_160|TYR|any_contact_frequency,2026091905,0,9,0.0
midazolam,alpha2,alpha2|BZD_SITE_160|TYR|any_contact_frequency,2026091901,1,9,0.1111111111111111
midazolam,alpha2,alpha2|BZD_SITE_160|TYR|any_contact_frequency,2026091902,2,9,0.2222222222222222
midazolam,alpha2,alpha2|BZD_SITE_160|TYR|any_contact_frequency,2026091903,0,9,0.0
midazolam,alpha2,alpha2|BZD_SITE_160|TYR|any_contact_frequency,2026091904,2,9,0.2222222222222222
midazolam,alpha2,alpha2|BZD_SITE_160|TYR|any_contact_frequency,2026091905,1,9,0.1111111111111111
temazepam,alpha2,alpha2|BZD_SITE_160|TYR|any_contact_frequency,2026091901,0,9,0.0
temazepam,alpha2,alpha2|BZD_SITE_160|TYR|any_contact_frequency,2026091902,0,9,0.0
temazepam,alpha2,alpha2|BZD_SITE_160|TYR|any_contact_frequency,2026091903,1,9,0.1111111111111111
temazepam,alpha2,alpha2|BZD_SITE_160|TYR|any_contact_frequency,2026091904,0,9,0.0
temazepam,alpha2,alpha2|BZD_SITE_160|TYR|any_contact_frequency,2026091905,0,9,0.0
zopiclone,alpha2,alpha2|BZD_SITE_160|TYR|any_contact_frequency,2026091901,1,9,0.1111111111111111
zopiclone,alpha2,alpha2|BZD_SITE_160|TYR|any_contact_frequency,2026091902,1,9,0.1111111111111111
zopiclone,alpha2,alpha2|BZD_SITE_160|TYR|any_contact_frequency,2026091903,1,9,0.1111111111111111
zopiclone,alpha2,alpha2|BZD_SITE_160|TYR|any_contact_frequency,2026091904,1,9,0.1111111111111111
zopiclone,alpha2,alpha2|BZD_SITE_160|TYR|any_contact_frequency,2026091905,0,9,0.0
zaleplon,alpha2,alpha2|BZD_SITE_160|TYR|any_contact_frequency,2026091901,5,9,0.5555555555555556
zaleplon,alpha2,alpha2|BZD_SITE_160|TYR|any_contact_frequency,2026091902,5,9,0.5555555555555556
zaleplon,alpha2,alpha2|BZD_SITE_160|TYR|any_contact_frequency,2026091903,5,9,0.5555555555555556
zaleplon,alpha2,alpha2|BZD_SITE_160|TYR|any_contact_frequency,2026091904,5,9,0.5555555555555556
zaleplon,alpha2,alpha2|BZD_SITE_160|TYR|any_contact_frequency,2026091905,4,9,0.4444444444444444
diazepam,alpha2,alpha2|BZD_SITE_201|GLU|any_contact_frequency,2026091901,0,9,0.0
diazepam,alpha2,alpha2|BZD_SITE_201|GLU|any_contact_frequency,2026091902,0,9,0.0
diazepam,alpha2,alpha2|BZD_SITE_201|GLU|any_contact_frequency,2026091903,0,9,0.0
diazepam,alpha2,alpha2|BZD_SITE_201|GLU|any_contact_frequency,2026091904,0,9,0.0
diazepam,alpha2,alpha2|BZD_SITE_201|GLU|any_contact_frequency,2026091905,0,9,0.0
alprazolam,alpha2,alpha2|BZD_SITE_201|GLU|any_contact_frequency,2026091901,0,9,0.0
alprazolam,alpha2,alpha2|BZD_SITE_201|GLU|any_contact_frequency,2026091902,0,9,0.0
alprazolam,alpha2,alpha2|BZD_SITE_201|GLU|any_contact_frequency,2026091903,0,9,0.0
alprazolam,alpha2,alpha2|BZD_SITE_201|GLU|any_contact_frequency,2026091904,0,9,0.0
alprazolam,alpha2,alpha2|BZD_SITE_201|GLU|any_contact_frequency,2026091905,0,9,0.0
triazolam,alpha2,alpha2|BZD_SITE_201|GLU|any_contact_frequency,2026091901,0,9,0.0
triazolam,alpha2,alpha2|BZD_SITE_201|GLU|any_contact_frequency,2026091902,0,9,0.0
triazolam,alpha2,alpha2|BZD_SITE_201|GLU|any_contact_frequency,2026091903,0,9,0.0
triazolam,alpha2,alpha2|BZD_SITE_201|GLU|any_contact_frequency,2026091904,0,9,0.0
triazolam,alpha2,alpha2|BZD_SITE_201|GLU|any_contact_frequency,2026091905,0,9,0.0
zolpidem,alpha2,alpha2|BZD_SITE_201|GLU|any_contact_frequency,2026091901,0,9,0.0
zolpidem,alpha2,alpha2|BZD_SITE_201|GLU|any_contact_frequency,2026091902,0,9,0.0
zolpidem,alpha2,alpha2|BZD_SITE_201|GLU|any_contact_frequency,2026091903,0,9,0.0
zolpidem,alpha2,alpha2|BZD_SITE_201|GLU|any_contact_frequency,2026091904,0,9,0.0
zolpidem,alpha2,alpha2|BZD_SITE_201|GLU|any_contact_frequency,2026091905,0,9,0.0
lorazepam,alpha2,alpha2|BZD_SITE_201|GLU|any_contact_frequency,2026091901,0,9,0.0
lorazepam,alpha2,alpha2|BZD_SITE_201|GLU|any_contact_frequency,2026091902,0,9,0.0
lorazepam,alpha2,alpha2|BZD_SITE_201|GLU|any_contact_frequency,2026091903,0,9,0.0
lorazepam,alpha2,alpha2|BZD_SITE_201|GLU|any_contact_frequency,2026091904,0,9,0.0
lorazepam,alpha2,alpha2|BZD_SITE_201|GLU|any_contact_frequency,2026091905,0,9,0.0
clonazepam,alpha2,alpha2|BZD_SITE_201|GLU|any_contact_frequency,2026091901,0,9,0.0
clonazepam,alpha2,alpha2|BZD_SITE_201|GLU|any_contact_frequency,2026091902,0,9,0.0
clonazepam,alpha2,alpha2|BZD_SITE_201|GLU|any_contact_frequency,2026091903,0,9,0.0
clonazepam,alpha2,alpha2|BZD_SITE_201|GLU|any_contact_frequency,2026091904,0,9,0.0
clonazepam,alpha2,alpha2|BZD_SITE_201|GLU|any_contact_frequency,2026091905,0,9,0.0
midazolam,alpha2,alpha2|BZD_SITE_201|GLU|any_contact_frequency,2026091901,0,9,0.0
midazolam,alpha2,alpha2|BZD_SITE_201|GLU|any_contact_frequency,2026091902,0,9,0.0
midazolam,alpha2,alpha2|BZD_SITE_201|GLU|any_contact_frequency,2026091903,0,9,0.0
midazolam,alpha2,alpha2|BZD_SITE_201|GLU|any_contact_frequency,2026091904,0,9,0.0
midazolam,alpha2,alpha2|BZD_SITE_201|GLU|any_contact_frequency,2026091905,0,9,0.0
temazepam,alpha2,alpha2|BZD_SITE_201|GLU|any_contact_frequency,2026091901,0,9,0.0
temazepam,alpha2,alpha2|BZD_SITE_201|GLU|any_contact_frequency,2026091902,0,9,0.0
temazepam,alpha2,alpha2|BZD_SITE_201|GLU|any_contact_frequency,2026091903,0,9,0.0
temazepam,alpha2,alpha2|BZD_SITE_201|GLU|any_contact_frequency,2026091904,0,9,0.0
temazepam,alpha2,alpha2|BZD_SITE_201|GLU|any_contact_frequency,2026091905,0,9,0.0
zopiclone,alpha2,alpha2|BZD_SITE_201|GLU|any_contact_frequency,2026091901,0,9,0.0
zopiclone,alpha2,alpha2|BZD_SITE_201|GLU|any_contact_frequency,2026091902,0,9,0.0
zopiclone,alpha2,alpha2|BZD_SITE_201|GLU|any_contact_frequency,2026091903,0,9,0.0
zopiclone,alpha2,alpha2|BZD_SITE_201|GLU|any_contact_frequency,2026091904,0,9,0.0
zopiclone,alpha2,alpha2|BZD_SITE_201|GLU|any_contact_frequency,2026091905,1,9,0.1111111111111111
zaleplon,alpha2,alpha2|BZD_SITE_201|GLU|any_contact_frequency,2026091901,0,9,0.0
zaleplon,alpha2,alpha2|BZD_SITE_201|GLU|any_contact_frequency,2026091902,0,9,0.0
zaleplon,alpha2,alpha2|BZD_SITE_201|GLU|any_contact_frequency,2026091903,0,9,0.0
zaleplon,alpha2,alpha2|BZD_SITE_201|GLU|any_contact_frequency,2026091904,0,9,0.0
zaleplon,alpha2,alpha2|BZD_SITE_201|GLU|any_contact_frequency,2026091905,0,9,0.0
diazepam,alpha2,alpha2|BZD_SITE_203|ILE|any_contact_frequency,2026091901,4,9,0.4444444444444444
diazepam,alpha2,alpha2|BZD_SITE_203|ILE|any_contact_frequency,2026091902,5,9,0.5555555555555556
diazepam,alpha2,alpha2|BZD_SITE_203|ILE|any_contact_frequency,2026091903,5,9,0.5555555555555556
diazepam,alpha2,alpha2|BZD_SITE_203|ILE|any_contact_frequency,2026091904,5,9,0.5555555555555556
diazepam,alpha2,alpha2|BZD_SITE_203|ILE|any_contact_frequency,2026091905,4,9,0.4444444444444444
alprazolam,alpha2,alpha2|BZD_SITE_203|ILE|any_contact_frequency,2026091901,3,9,0.3333333333333333
alprazolam,alpha2,alpha2|BZD_SITE_203|ILE|any_contact_frequency,2026091902,6,9,0.6666666666666666
alprazolam,alpha2,alpha2|BZD_SITE_203|ILE|any_contact_frequency,2026091903,5,9,0.5555555555555556
alprazolam,alpha2,alpha2|BZD_SITE_203|ILE|any_contact_frequency,2026091904,2,9,0.2222222222222222
alprazolam,alpha2,alpha2|BZD_SITE_203|ILE|any_contact_frequency,2026091905,6,9,0.6666666666666666
triazolam,alpha2,alpha2|BZD_SITE_203|ILE|any_contact_frequency,2026091901,5,9,0.5555555555555556
triazolam,alpha2,alpha2|BZD_SITE_203|ILE|any_contact_frequency,2026091902,3,9,0.3333333333333333
triazolam,alpha2,alpha2|BZD_SITE_203|ILE|any_contact_frequency,2026091903,5,9,0.5555555555555556
triazolam,alpha2,alpha2|BZD_SITE_203|ILE|any_contact_frequency,2026091904,7,9,0.7777777777777778
triazolam,alpha2,alpha2|BZD_SITE_203|ILE|any_contact_frequency,2026091905,7,9,0.7777777777777778
zolpidem,alpha2,alpha2|BZD_SITE_203|ILE|any_contact_frequency,2026091901,6,9,0.6666666666666666
zolpidem,alpha2,alpha2|BZD_SITE_203|ILE|any_contact_frequency,2026091902,5,9,0.5555555555555556
zolpidem,alpha2,alpha2|BZD_SITE_203|ILE|any_contact_frequency,2026091903,7,9,0.7777777777777778
zolpidem,alpha2,alpha2|BZD_SITE_203|ILE|any_contact_frequency,2026091904,4,9,0.4444444444444444
zolpidem,alpha2,alpha2|BZD_SITE_203|ILE|any_contact_frequency,2026091905,5,9,0.5555555555555556
lorazepam,alpha2,alpha2|BZD_SITE_203|ILE|any_contact_frequency,2026091901,5,9,0.5555555555555556
lorazepam,alpha2,alpha2|BZD_SITE_203|ILE|any_contact_frequency,2026091902,3,9,0.3333333333333333
lorazepam,alpha2,alpha2|BZD_SITE_203|ILE|any_contact_frequency,2026091903,2,9,0.2222222222222222
lorazepam,alpha2,alpha2|BZD_SITE_203|ILE|any_contact_frequency,2026091904,3,9,0.3333333333333333
lorazepam,alpha2,alpha2|BZD_SITE_203|ILE|any_contact_frequency,2026091905,3,9,0.3333333333333333
clonazepam,alpha2,alpha2|BZD_SITE_203|ILE|any_contact_frequency,2026091901,1,9,0.1111111111111111
clonazepam,alpha2,alpha2|BZD_SITE_203|ILE|any_contact_frequency,2026091902,4,9,0.4444444444444444
clonazepam,alpha2,alpha2|BZD_SITE_203|ILE|any_contact_frequency,2026091903,2,9,0.2222222222222222
clonazepam,alpha2,alpha2|BZD_SITE_203|ILE|any_contact_frequency,2026091904,4,9,0.4444444444444444
clonazepam,alpha2,alpha2|BZD_SITE_203|ILE|any_contact_frequency,2026091905,2,9,0.2222222222222222
midazolam,alpha2,alpha2|BZD_SITE_203|ILE|any_contact_frequency,2026091901,6,9,0.6666666666666666
midazolam,alpha2,alpha2|BZD_SITE_203|ILE|any_contact_frequency,2026091902,4,9,0.4444444444444444
midazolam,alpha2,alpha2|BZD_SITE_203|ILE|any_contact_frequency,2026091903,7,9,0.7777777777777778
midazolam,alpha2,alpha2|BZD_SITE_203|ILE|any_contact_frequency,2026091904,4,9,0.4444444444444444
midazolam,alpha2,alpha2|BZD_SITE_203|ILE|any_contact_frequency,2026091905,4,9,0.4444444444444444
temazepam,alpha2,alpha2|BZD_SITE_203|ILE|any_contact_frequency,2026091901,5,9,0.5555555555555556
temazepam,alpha2,alpha2|BZD_SITE_203|ILE|any_contact_frequency,2026091902,4,9,0.4444444444444444
temazepam,alpha2,alpha2|BZD_SITE_203|ILE|any_contact_frequency,2026091903,4,9,0.4444444444444444
temazepam,alpha2,alpha2|BZD_SITE_203|ILE|any_contact_frequency,2026091904,6,9,0.6666666666666666
temazepam,alpha2,alpha2|BZD_SITE_203|ILE|any_contact_frequency,2026091905,4,9,0.4444444444444444
zopiclone,alpha2,alpha2|BZD_SITE_203|ILE|any_contact_frequency,2026091901,2,9,0.2222222222222222
zopiclone,alpha2,alpha2|BZD_SITE_203|ILE|any_contact_frequency,2026091902,2,9,0.2222222222222222
zopiclone,alpha2,alpha2|BZD_SITE_203|ILE|any_contact_frequency,2026091903,2,9,0.2222222222222222
zopiclone,alpha2,alpha2|BZD_SITE_203|ILE|any_contact_frequency,2026091904,3,9,0.3333333333333333
zopiclone,alpha2,alpha2|BZD_SITE_203|ILE|any_contact_frequency,2026091905,2,9,0.2222222222222222
zaleplon,alpha2,alpha2|BZD_SITE_203|ILE|any_contact_frequency,2026091901,7,9,0.7777777777777778
zaleplon,alpha2,alpha2|BZD_SITE_203|ILE|any_contact_frequency,2026091902,6,9,0.6666666666666666
zaleplon,alpha2,alpha2|BZD_SITE_203|ILE|any_contact_frequency,2026091903,5,9,0.5555555555555556
zaleplon,alpha2,alpha2|BZD_SITE_203|ILE|any_contact_frequency,2026091904,7,9,0.7777777777777778
zaleplon,alpha2,alpha2|BZD_SITE_203|ILE|any_contact_frequency,2026091905,5,9,0.5555555555555556
diazepam,alpha2,alpha2|BZD_SITE_204|LYS|any_contact_frequency,2026091901,0,9,0.0
diazepam,alpha2,alpha2|BZD_SITE_204|LYS|any_contact_frequency,2026091902,0,9,0.0
diazepam,alpha2,alpha2|BZD_SITE_204|LYS|any_contact_frequency,2026091903,0,9,0.0
diazepam,alpha2,alpha2|BZD_SITE_204|LYS|any_contact_frequency,2026091904,0,9,0.0
diazepam,alpha2,alpha2|BZD_SITE_204|LYS|any_contact_frequency,2026091905,0,9,0.0
alprazolam,alpha2,alpha2|BZD_SITE_204|LYS|any_contact_frequency,2026091901,0,9,0.0
alprazolam,alpha2,alpha2|BZD_SITE_204|LYS|any_contact_frequency,2026091902,1,9,0.1111111111111111
alprazolam,alpha2,alpha2|BZD_SITE_204|LYS|any_contact_frequency,2026091903,0,9,0.0
alprazolam,alpha2,alpha2|BZD_SITE_204|LYS|any_contact_frequency,2026091904,0,9,0.0
alprazolam,alpha2,alpha2|BZD_SITE_204|LYS|any_contact_frequency,2026091905,1,9,0.1111111111111111
triazolam,alpha2,alpha2|BZD_SITE_204|LYS|any_contact_frequency,2026091901,1,9,0.1111111111111111
triazolam,alpha2,alpha2|BZD_SITE_204|LYS|any_contact_frequency,2026091902,0,9,0.0
triazolam,alpha2,alpha2|BZD_SITE_204|LYS|any_contact_frequency,2026091903,1,9,0.1111111111111111
triazolam,alpha2,alpha2|BZD_SITE_204|LYS|any_contact_frequency,2026091904,0,9,0.0
triazolam,alpha2,alpha2|BZD_SITE_204|LYS|any_contact_frequency,2026091905,1,9,0.1111111111111111
zolpidem,alpha2,alpha2|BZD_SITE_204|LYS|any_contact_frequency,2026091901,0,9,0.0
zolpidem,alpha2,alpha2|BZD_SITE_204|LYS|any_contact_frequency,2026091902,0,9,0.0
zolpidem,alpha2,alpha2|BZD_SITE_204|LYS|any_contact_frequency,2026091903,0,9,0.0
zolpidem,alpha2,alpha2|BZD_SITE_204|LYS|any_contact_frequency,2026091904,0,9,0.0
zolpidem,alpha2,alpha2|BZD_SITE_204|LYS|any_contact_frequency,2026091905,0,9,0.0
lorazepam,alpha2,alpha2|BZD_SITE_204|LYS|any_contact_frequency,2026091901,0,9,0.0
lorazepam,alpha2,alpha2|BZD_SITE_204|LYS|any_contact_frequency,2026091902,0,9,0.0
lorazepam,alpha2,alpha2|BZD_SITE_204|LYS|any_contact_frequency,2026091903,0,9,0.0
lorazepam,alpha2,alpha2|BZD_SITE_204|LYS|any_contact_frequency,2026091904,0,9,0.0
lorazepam,alpha2,alpha2|BZD_SITE_204|LYS|any_contact_frequency,2026091905,0,9,0.0
clonazepam,alpha2,alpha2|BZD_SITE_204|LYS|any_contact_frequency,2026091901,0,9,0.0
clonazepam,alpha2,alpha2|BZD_SITE_204|LYS|any_contact_frequency,2026091902,0,9,0.0
clonazepam,alpha2,alpha2|BZD_SITE_204|LYS|any_contact_frequency,2026091903,0,9,0.0
clonazepam,alpha2,alpha2|BZD_SITE_204|LYS|any_contact_frequency,2026091904,0,9,0.0
clonazepam,alpha2,alpha2|BZD_SITE_204|LYS|any_contact_frequency,2026091905,0,9,0.0
midazolam,alpha2,alpha2|BZD_SITE_204|LYS|any_contact_frequency,2026091901,0,9,0.0
midazolam,alpha2,alpha2|BZD_SITE_204|LYS|any_contact_frequency,2026091902,0,9,0.0
midazolam,alpha2,alpha2|BZD_SITE_204|LYS|any_contact_frequency,2026091903,0,9,0.0
midazolam,alpha2,alpha2|BZD_SITE_204|LYS|any_contact_frequency,2026091904,0,9,0.0
midazolam,alpha2,alpha2|BZD_SITE_204|LYS|any_contact_frequency,2026091905,0,9,0.0
temazepam,alpha2,alpha2|BZD_SITE_204|LYS|any_contact_frequency,2026091901,0,9,0.0
temazepam,alpha2,alpha2|BZD_SITE_204|LYS|any_contact_frequency,2026091902,0,9,0.0
temazepam,alpha2,alpha2|BZD_SITE_204|LYS|any_contact_frequency,2026091903,1,9,0.1111111111111111
temazepam,alpha2,alpha2|BZD_SITE_204|LYS|any_contact_frequency,2026091904,1,9,0.1111111111111111
temazepam,alpha2,alpha2|BZD_SITE_204|LYS|any_contact_frequency,2026091905,0,9,0.0
zopiclone,alpha2,alpha2|BZD_SITE_204|LYS|any_contact_frequency,2026091901,0,9,0.0
zopiclone,alpha2,alpha2|BZD_SITE_204|LYS|any_contact_frequency,2026091902,0,9,0.0
zopiclone,alpha2,alpha2|BZD_SITE_204|LYS|any_contact_frequency,2026091903,0,9,0.0
zopiclone,alpha2,alpha2|BZD_SITE_204|LYS|any_contact_frequency,2026091904,0,9,0.0
zopiclone,alpha2,alpha2|BZD_SITE_204|LYS|any_contact_frequency,2026091905,0,9,0.0
zaleplon,alpha2,alpha2|BZD_SITE_204|LYS|any_contact_frequency,2026091901,0,9,0.0
zaleplon,alpha2,alpha2|BZD_SITE_204|LYS|any_contact_frequency,2026091902,0,9,0.0
zaleplon,alpha2,alpha2|BZD_SITE_204|LYS|any_contact_frequency,2026091903,0,9,0.0
zaleplon,alpha2,alpha2|BZD_SITE_204|LYS|any_contact_frequency,2026091904,0,9,0.0
zaleplon,alpha2,alpha2|BZD_SITE_204|LYS|any_contact_frequency,2026091905,0,9,0.0
diazepam,alpha2,alpha2|BZD_SITE_206|SER|any_contact_frequency,2026091901,0,9,0.0
diazepam,alpha2,alpha2|BZD_SITE_206|SER|any_contact_frequency,2026091902,0,9,0.0
diazepam,alpha2,alpha2|BZD_SITE_206|SER|any_contact_frequency,2026091903,0,9,0.0
diazepam,alpha2,alpha2|BZD_SITE_206|SER|any_contact_frequency,2026091904,0,9,0.0
diazepam,alpha2,alpha2|BZD_SITE_206|SER|any_contact_frequency,2026091905,0,9,0.0
alprazolam,alpha2,alpha2|BZD_SITE_206|SER|any_contact_frequency,2026091901,0,9,0.0
alprazolam,alpha2,alpha2|BZD_SITE_206|SER|any_contact_frequency,2026091902,0,9,0.0
alprazolam,alpha2,alpha2|BZD_SITE_206|SER|any_contact_frequency,2026091903,0,9,0.0
alprazolam,alpha2,alpha2|BZD_SITE_206|SER|any_contact_frequency,2026091904,0,9,0.0
alprazolam,alpha2,alpha2|BZD_SITE_206|SER|any_contact_frequency,2026091905,0,9,0.0
triazolam,alpha2,alpha2|BZD_SITE_206|SER|any_contact_frequency,2026091901,0,9,0.0
triazolam,alpha2,alpha2|BZD_SITE_206|SER|any_contact_frequency,2026091902,0,9,0.0
triazolam,alpha2,alpha2|BZD_SITE_206|SER|any_contact_frequency,2026091903,0,9,0.0
triazolam,alpha2,alpha2|BZD_SITE_206|SER|any_contact_frequency,2026091904,0,9,0.0
triazolam,alpha2,alpha2|BZD_SITE_206|SER|any_contact_frequency,2026091905,0,9,0.0
zolpidem,alpha2,alpha2|BZD_SITE_206|SER|any_contact_frequency,2026091901,0,9,0.0
zolpidem,alpha2,alpha2|BZD_SITE_206|SER|any_contact_frequency,2026091902,0,9,0.0
zolpidem,alpha2,alpha2|BZD_SITE_206|SER|any_contact_frequency,2026091903,0,9,0.0
zolpidem,alpha2,alpha2|BZD_SITE_206|SER|any_contact_frequency,2026091904,0,9,0.0
zolpidem,alpha2,alpha2|BZD_SITE_206|SER|any_contact_frequency,2026091905,0,9,0.0
lorazepam,alpha2,alpha2|BZD_SITE_206|SER|any_contact_frequency,2026091901,0,9,0.0
lorazepam,alpha2,alpha2|BZD_SITE_206|SER|any_contact_frequency,2026091902,0,9,0.0
lorazepam,alpha2,alpha2|BZD_SITE_206|SER|any_contact_frequency,2026091903,0,9,0.0
lorazepam,alpha2,alpha2|BZD_SITE_206|SER|any_contact_frequency,2026091904,0,9,0.0
lorazepam,alpha2,alpha2|BZD_SITE_206|SER|any_contact_frequency,2026091905,0,9,0.0
clonazepam,alpha2,alpha2|BZD_SITE_206|SER|any_contact_frequency,2026091901,0,9,0.0
clonazepam,alpha2,alpha2|BZD_SITE_206|SER|any_contact_frequency,2026091902,0,9,0.0
clonazepam,alpha2,alpha2|BZD_SITE_206|SER|any_contact_frequency,2026091903,0,9,0.0
clonazepam,alpha2,alpha2|BZD_SITE_206|SER|any_contact_frequency,2026091904,0,9,0.0
clonazepam,alpha2,alpha2|BZD_SITE_206|SER|any_contact_frequency,2026091905,0,9,0.0
midazolam,alpha2,alpha2|BZD_SITE_206|SER|any_contact_frequency,2026091901,0,9,0.0
midazolam,alpha2,alpha2|BZD_SITE_206|SER|any_contact_frequency,2026091902,0,9,0.0
midazolam,alpha2,alpha2|BZD_SITE_206|SER|any_contact_frequency,2026091903,0,9,0.0
midazolam,alpha2,alpha2|BZD_SITE_206|SER|any_contact_frequency,2026091904,0,9,0.0
midazolam,alpha2,alpha2|BZD_SITE_206|SER|any_contact_frequency,2026091905,0,9,0.0
temazepam,alpha2,alpha2|BZD_SITE_206|SER|any_contact_frequency,2026091901,0,9,0.0
temazepam,alpha2,alpha2|BZD_SITE_206|SER|any_contact_frequency,2026091902,0,9,0.0
temazepam,alpha2,alpha2|BZD_SITE_206|SER|any_contact_frequency,2026091903,1,9,0.1111111111111111
temazepam,alpha2,alpha2|BZD_SITE_206|SER|any_contact_frequency,2026091904,0,9,0.0
temazepam,alpha2,alpha2|BZD_SITE_206|SER|any_contact_frequency,2026091905,0,9,0.0
zopiclone,alpha2,alpha2|BZD_SITE_206|SER|any_contact_frequency,2026091901,0,9,0.0
zopiclone,alpha2,alpha2|BZD_SITE_206|SER|any_contact_frequency,2026091902,1,9,0.1111111111111111
zopiclone,alpha2,alpha2|BZD_SITE_206|SER|any_contact_frequency,2026091903,1,9,0.1111111111111111
zopiclone,alpha2,alpha2|BZD_SITE_206|SER|any_contact_frequency,2026091904,1,9,0.1111111111111111
zopiclone,alpha2,alpha2|BZD_SITE_206|SER|any_contact_frequency,2026091905,1,9,0.1111111111111111
zaleplon,alpha2,alpha2|BZD_SITE_206|SER|any_contact_frequency,2026091901,1,9,0.1111111111111111
zaleplon,alpha2,alpha2|BZD_SITE_206|SER|any_contact_frequency,2026091902,2,9,0.2222222222222222
zaleplon,alpha2,alpha2|BZD_SITE_206|SER|any_contact_frequency,2026091903,1,9,0.1111111111111111
zaleplon,alpha2,alpha2|BZD_SITE_206|SER|any_contact_frequency,2026091904,2,9,0.2222222222222222
zaleplon,alpha2,alpha2|BZD_SITE_206|SER|any_contact_frequency,2026091905,2,9,0.2222222222222222
diazepam,alpha2,alpha2|BZD_SITE_207|THR|any_contact_frequency,2026091901,0,9,0.0
diazepam,alpha2,alpha2|BZD_SITE_207|THR|any_contact_frequency,2026091902,0,9,0.0
diazepam,alpha2,alpha2|BZD_SITE_207|THR|any_contact_frequency,2026091903,0,9,0.0
diazepam,alpha2,alpha2|BZD_SITE_207|THR|any_contact_frequency,2026091904,0,9,0.0
diazepam,alpha2,alpha2|BZD_SITE_207|THR|any_contact_frequency,2026091905,0,9,0.0
alprazolam,alpha2,alpha2|BZD_SITE_207|THR|any_contact_frequency,2026091901,0,9,0.0
alprazolam,alpha2,alpha2|BZD_SITE_207|THR|any_contact_frequency,2026091902,0,9,0.0
alprazolam,alpha2,alpha2|BZD_SITE_207|THR|any_contact_frequency,2026091903,0,9,0.0
alprazolam,alpha2,alpha2|BZD_SITE_207|THR|any_contact_frequency,2026091904,0,9,0.0
alprazolam,alpha2,alpha2|BZD_SITE_207|THR|any_contact_frequency,2026091905,0,9,0.0
triazolam,alpha2,alpha2|BZD_SITE_207|THR|any_contact_frequency,2026091901,0,9,0.0
triazolam,alpha2,alpha2|BZD_SITE_207|THR|any_contact_frequency,2026091902,0,9,0.0
triazolam,alpha2,alpha2|BZD_SITE_207|THR|any_contact_frequency,2026091903,0,9,0.0
triazolam,alpha2,alpha2|BZD_SITE_207|THR|any_contact_frequency,2026091904,0,9,0.0
triazolam,alpha2,alpha2|BZD_SITE_207|THR|any_contact_frequency,2026091905,0,9,0.0
zolpidem,alpha2,alpha2|BZD_SITE_207|THR|any_contact_frequency,2026091901,0,9,0.0
zolpidem,alpha2,alpha2|BZD_SITE_207|THR|any_contact_frequency,2026091902,0,9,0.0
zolpidem,alpha2,alpha2|BZD_SITE_207|THR|any_contact_frequency,2026091903,0,9,0.0
zolpidem,alpha2,alpha2|BZD_SITE_207|THR|any_contact_frequency,2026091904,0,9,0.0
zolpidem,alpha2,alpha2|BZD_SITE_207|THR|any_contact_frequency,2026091905,0,9,0.0
lorazepam,alpha2,alpha2|BZD_SITE_207|THR|any_contact_frequency,2026091901,0,9,0.0
lorazepam,alpha2,alpha2|BZD_SITE_207|THR|any_contact_frequency,2026091902,0,9,0.0
lorazepam,alpha2,alpha2|BZD_SITE_207|THR|any_contact_frequency,2026091903,0,9,0.0
lorazepam,alpha2,alpha2|BZD_SITE_207|THR|any_contact_frequency,2026091904,0,9,0.0
lorazepam,alpha2,alpha2|BZD_SITE_207|THR|any_contact_frequency,2026091905,0,9,0.0
clonazepam,alpha2,alpha2|BZD_SITE_207|THR|any_contact_frequency,2026091901,0,9,0.0
clonazepam,alpha2,alpha2|BZD_SITE_207|THR|any_contact_frequency,2026091902,0,9,0.0
clonazepam,alpha2,alpha2|BZD_SITE_207|THR|any_contact_frequency,2026091903,0,9,0.0
clonazepam,alpha2,alpha2|BZD_SITE_207|THR|any_contact_frequency,2026091904,0,9,0.0
clonazepam,alpha2,alpha2|BZD_SITE_207|THR|any_contact_frequency,2026091905,0,9,0.0
midazolam,alpha2,alpha2|BZD_SITE_207|THR|any_contact_frequency,2026091901,0,9,0.0
midazolam,alpha2,alpha2|BZD_SITE_207|THR|any_contact_frequency,2026091902,0,9,0.0
midazolam,alpha2,alpha2|BZD_SITE_207|THR|any_contact_frequency,2026091903,0,9,0.0
midazolam,alpha2,alpha2|BZD_SITE_207|THR|any_contact_frequency,2026091904,0,9,0.0
midazolam,alpha2,alpha2|BZD_SITE_207|THR|any_contact_frequency,2026091905,0,9,0.0
temazepam,alpha2,alpha2|BZD_SITE_207|THR|any_contact_frequency,2026091901,0,9,0.0
temazepam,alpha2,alpha2|BZD_SITE_207|THR|any_contact_frequency,2026091902,0,9,0.0
temazepam,alpha2,alpha2|BZD_SITE_207|THR|any_contact_frequency,2026091903,1,9,0.1111111111111111
temazepam,alpha2,alpha2|BZD_SITE_207|THR|any_contact_frequency,2026091904,0,9,0.0
temazepam,alpha2,alpha2|BZD_SITE_207|THR|any_contact_frequency,2026091905,0,9,0.0
zopiclone,alpha2,alpha2|BZD_SITE_207|THR|any_contact_frequency,2026091901,0,9,0.0
zopiclone,alpha2,alpha2|BZD_SITE_207|THR|any_contact_frequency,2026091902,0,9,0.0
zopiclone,alpha2,alpha2|BZD_SITE_207|THR|any_contact_frequency,2026091903,0,9,0.0
zopiclone,alpha2,alpha2|BZD_SITE_207|THR|any_contact_frequency,2026091904,0,9,0.0
zopiclone,alpha2,alpha2|BZD_SITE_207|THR|any_contact_frequency,2026091905,0,9,0.0
zaleplon,alpha2,alpha2|BZD_SITE_207|THR|any_contact_frequency,2026091901,2,9,0.2222222222222222
zaleplon,alpha2,alpha2|BZD_SITE_207|THR|any_contact_frequency,2026091902,4,9,0.4444444444444444
zaleplon,alpha2,alpha2|BZD_SITE_207|THR|any_contact_frequency,2026091903,1,9,0.1111111111111111
zaleplon,alpha2,alpha2|BZD_SITE_207|THR|any_contact_frequency,2026091904,2,9,0.2222222222222222
zaleplon,alpha2,alpha2|BZD_SITE_207|THR|any_contact_frequency,2026091905,2,9,0.2222222222222222
diazepam,alpha2,alpha2|BZD_SITE_210|TYR|any_contact_frequency,2026091901,1,9,0.1111111111111111
diazepam,alpha2,alpha2|BZD_SITE_210|TYR|any_contact_frequency,2026091902,1,9,0.1111111111111111
diazepam,alpha2,alpha2|BZD_SITE_210|TYR|any_contact_frequency,2026091903,1,9,0.1111111111111111
diazepam,alpha2,alpha2|BZD_SITE_210|TYR|any_contact_frequency,2026091904,1,9,0.1111111111111111
diazepam,alpha2,alpha2|BZD_SITE_210|TYR|any_contact_frequency,2026091905,1,9,0.1111111111111111
alprazolam,alpha2,alpha2|BZD_SITE_210|TYR|any_contact_frequency,2026091901,0,9,0.0
alprazolam,alpha2,alpha2|BZD_SITE_210|TYR|any_contact_frequency,2026091902,0,9,0.0
alprazolam,alpha2,alpha2|BZD_SITE_210|TYR|any_contact_frequency,2026091903,2,9,0.2222222222222222
alprazolam,alpha2,alpha2|BZD_SITE_210|TYR|any_contact_frequency,2026091904,1,9,0.1111111111111111
alprazolam,alpha2,alpha2|BZD_SITE_210|TYR|any_contact_frequency,2026091905,0,9,0.0
triazolam,alpha2,alpha2|BZD_SITE_210|TYR|any_contact_frequency,2026091901,0,9,0.0
triazolam,alpha2,alpha2|BZD_SITE_210|TYR|any_contact_frequency,2026091902,0,9,0.0
triazolam,alpha2,alpha2|BZD_SITE_210|TYR|any_contact_frequency,2026091903,0,9,0.0
triazolam,alpha2,alpha2|BZD_SITE_210|TYR|any_contact_frequency,2026091904,0,9,0.0
triazolam,alpha2,alpha2|BZD_SITE_210|TYR|any_contact_frequency,2026091905,0,9,0.0
zolpidem,alpha2,alpha2|BZD_SITE_210|TYR|any_contact_frequency,2026091901,4,9,0.4444444444444444
zolpidem,alpha2,alpha2|BZD_SITE_210|TYR|any_contact_frequency,2026091902,4,9,0.4444444444444444
zolpidem,alpha2,alpha2|BZD_SITE_210|TYR|any_contact_frequency,2026091903,3,9,0.3333333333333333
zolpidem,alpha2,alpha2|BZD_SITE_210|TYR|any_contact_frequency,2026091904,4,9,0.4444444444444444
zolpidem,alpha2,alpha2|BZD_SITE_210|TYR|any_contact_frequency,2026091905,3,9,0.3333333333333333
lorazepam,alpha2,alpha2|BZD_SITE_210|TYR|any_contact_frequency,2026091901,0,9,0.0
lorazepam,alpha2,alpha2|BZD_SITE_210|TYR|any_contact_frequency,2026091902,0,9,0.0
lorazepam,alpha2,alpha2|BZD_SITE_210|TYR|any_contact_frequency,2026091903,0,9,0.0
lorazepam,alpha2,alpha2|BZD_SITE_210|TYR|any_contact_frequency,2026091904,0,9,0.0
lorazepam,alpha2,alpha2|BZD_SITE_210|TYR|any_contact_frequency,2026091905,0,9,0.0
clonazepam,alpha2,alpha2|BZD_SITE_210|TYR|any_contact_frequency,2026091901,0,9,0.0
clonazepam,alpha2,alpha2|BZD_SITE_210|TYR|any_contact_frequency,2026091902,1,9,0.1111111111111111
clonazepam,alpha2,alpha2|BZD_SITE_210|TYR|any_contact_frequency,2026091903,1,9,0.1111111111111111
clonazepam,alpha2,alpha2|BZD_SITE_210|TYR|any_contact_frequency,2026091904,1,9,0.1111111111111111
clonazepam,alpha2,alpha2|BZD_SITE_210|TYR|any_contact_frequency,2026091905,0,9,0.0
midazolam,alpha2,alpha2|BZD_SITE_210|TYR|any_contact_frequency,2026091901,1,9,0.1111111111111111
midazolam,alpha2,alpha2|BZD_SITE_210|TYR|any_contact_frequency,2026091902,2,9,0.2222222222222222
midazolam,alpha2,alpha2|BZD_SITE_210|TYR|any_contact_frequency,2026091903,0,9,0.0
midazolam,alpha2,alpha2|BZD_SITE_210|TYR|any_contact_frequency,2026091904,2,9,0.2222222222222222
midazolam,alpha2,alpha2|BZD_SITE_210|TYR|any_contact_frequency,2026091905,0,9,0.0
temazepam,alpha2,alpha2|BZD_SITE_210|TYR|any_contact_frequency,2026091901,1,9,0.1111111111111111
temazepam,alpha2,alpha2|BZD_SITE_210|TYR|any_contact_frequency,2026091902,0,9,0.0
temazepam,alpha2,alpha2|BZD_SITE_210|TYR|any_contact_frequency,2026091903,1,9,0.1111111111111111
temazepam,alpha2,alpha2|BZD_SITE_210|TYR|any_contact_frequency,2026091904,0,9,0.0
temazepam,alpha2,alpha2|BZD_SITE_210|TYR|any_contact_frequency,2026091905,0,9,0.0
zopiclone,alpha2,alpha2|BZD_SITE_210|TYR|any_contact_frequency,2026091901,0,9,0.0
zopiclone,alpha2,alpha2|BZD_SITE_210|TYR|any_contact_frequency,2026091902,1,9,0.1111111111111111
zopiclone,alpha2,alpha2|BZD_SITE_210|TYR|any_contact_frequency,2026091903,1,9,0.1111111111111111
zopiclone,alpha2,alpha2|BZD_SITE_210|TYR|any_contact_frequency,2026091904,1,9,0.1111111111111111
zopiclone,alpha2,alpha2|BZD_SITE_210|TYR|any_contact_frequency,2026091905,1,9,0.1111111111111111
zaleplon,alpha2,alpha2|BZD_SITE_210|TYR|any_contact_frequency,2026091901,6,9,0.6666666666666666
zaleplon,alpha2,alpha2|BZD_SITE_210|TYR|any_contact_frequency,2026091902,5,9,0.5555555555555556
zaleplon,alpha2,alpha2|BZD_SITE_210|TYR|any_contact_frequency,2026091903,7,9,0.7777777777777778
zaleplon,alpha2,alpha2|BZD_SITE_210|TYR|any_contact_frequency,2026091904,6,9,0.6666666666666666
zaleplon,alpha2,alpha2|BZD_SITE_210|TYR|any_contact_frequency,2026091905,7,9,0.7777777777777778
diazepam,alpha2,alpha2|BZD_SITE_212|VAL|any_contact_frequency,2026091901,0,9,0.0
diazepam,alpha2,alpha2|BZD_SITE_212|VAL|any_contact_frequency,2026091902,0,9,0.0
diazepam,alpha2,alpha2|BZD_SITE_212|VAL|any_contact_frequency,2026091903,0,9,0.0
diazepam,alpha2,alpha2|BZD_SITE_212|VAL|any_contact_frequency,2026091904,0,9,0.0
diazepam,alpha2,alpha2|BZD_SITE_212|VAL|any_contact_frequency,2026091905,0,9,0.0
alprazolam,alpha2,alpha2|BZD_SITE_212|VAL|any_contact_frequency,2026091901,0,9,0.0
alprazolam,alpha2,alpha2|BZD_SITE_212|VAL|any_contact_frequency,2026091902,0,9,0.0
alprazolam,alpha2,alpha2|BZD_SITE_212|VAL|any_contact_frequency,2026091903,0,9,0.0
alprazolam,alpha2,alpha2|BZD_SITE_212|VAL|any_contact_frequency,2026091904,0,9,0.0
alprazolam,alpha2,alpha2|BZD_SITE_212|VAL|any_contact_frequency,2026091905,0,9,0.0
triazolam,alpha2,alpha2|BZD_SITE_212|VAL|any_contact_frequency,2026091901,0,9,0.0
triazolam,alpha2,alpha2|BZD_SITE_212|VAL|any_contact_frequency,2026091902,0,9,0.0
triazolam,alpha2,alpha2|BZD_SITE_212|VAL|any_contact_frequency,2026091903,0,9,0.0
triazolam,alpha2,alpha2|BZD_SITE_212|VAL|any_contact_frequency,2026091904,0,9,0.0
triazolam,alpha2,alpha2|BZD_SITE_212|VAL|any_contact_frequency,2026091905,0,9,0.0
zolpidem,alpha2,alpha2|BZD_SITE_212|VAL|any_contact_frequency,2026091901,0,9,0.0
zolpidem,alpha2,alpha2|BZD_SITE_212|VAL|any_contact_frequency,2026091902,0,9,0.0
zolpidem,alpha2,alpha2|BZD_SITE_212|VAL|any_contact_frequency,2026091903,0,9,0.0
zolpidem,alpha2,alpha2|BZD_SITE_212|VAL|any_contact_frequency,2026091904,0,9,0.0
zolpidem,alpha2,alpha2|BZD_SITE_212|VAL|any_contact_frequency,2026091905,0,9,0.0
lorazepam,alpha2,alpha2|BZD_SITE_212|VAL|any_contact_frequency,2026091901,0,9,0.0
lorazepam,alpha2,alpha2|BZD_SITE_212|VAL|any_contact_frequency,2026091902,0,9,0.0
lorazepam,alpha2,alpha2|BZD_SITE_212|VAL|any_contact_frequency,2026091903,0,9,0.0
lorazepam,alpha2,alpha2|BZD_SITE_212|VAL|any_contact_frequency,2026091904,0,9,0.0
lorazepam,alpha2,alpha2|BZD_SITE_212|VAL|any_contact_frequency,2026091905,0,9,0.0
clonazepam,alpha2,alpha2|BZD_SITE_212|VAL|any_contact_frequency,2026091901,0,9,0.0
clonazepam,alpha2,alpha2|BZD_SITE_212|VAL|any_contact_frequency,2026091902,0,9,0.0
clonazepam,alpha2,alpha2|BZD_SITE_212|VAL|any_contact_frequency,2026091903,0,9,0.0
clonazepam,alpha2,alpha2|BZD_SITE_212|VAL|any_contact_frequency,2026091904,0,9,0.0
clonazepam,alpha2,alpha2|BZD_SITE_212|VAL|any_contact_frequency,2026091905,0,9,0.0
midazolam,alpha2,alpha2|BZD_SITE_212|VAL|any_contact_frequency,2026091901,0,9,0.0
midazolam,alpha2,alpha2|BZD_SITE_212|VAL|any_contact_frequency,2026091902,0,9,0.0
midazolam,alpha2,alpha2|BZD_SITE_212|VAL|any_contact_frequency,2026091903,0,9,0.0
midazolam,alpha2,alpha2|BZD_SITE_212|VAL|any_contact_frequency,2026091904,0,9,0.0
midazolam,alpha2,alpha2|BZD_SITE_212|VAL|any_contact_frequency,2026091905,0,9,0.0
temazepam,alpha2,alpha2|BZD_SITE_212|VAL|any_contact_frequency,2026091901,0,9,0.0
temazepam,alpha2,alpha2|BZD_SITE_212|VAL|any_contact_frequency,2026091902,0,9,0.0
temazepam,alpha2,alpha2|BZD_SITE_212|VAL|any_contact_frequency,2026091903,0,9,0.0
temazepam,alpha2,alpha2|BZD_SITE_212|VAL|any_contact_frequency,2026091904,0,9,0.0
temazepam,alpha2,alpha2|BZD_SITE_212|VAL|any_contact_frequency,2026091905,0,9,0.0
zopiclone,alpha2,alpha2|BZD_SITE_212|VAL|any_contact_frequency,2026091901,0,9,0.0
zopiclone,alpha2,alpha2|BZD_SITE_212|VAL|any_contact_frequency,2026091902,0,9,0.0
zopiclone,alpha2,alpha2|BZD_SITE_212|VAL|any_contact_frequency,2026091903,0,9,0.0
zopiclone,alpha2,alpha2|BZD_SITE_212|VAL|any_contact_frequency,2026091904,0,9,0.0
zopiclone,alpha2,alpha2|BZD_SITE_212|VAL|any_contact_frequency,2026091905,0,9,0.0
zaleplon,alpha2,alpha2|BZD_SITE_212|VAL|any_contact_frequency,2026091901,0,9,0.0
zaleplon,alpha2,alpha2|BZD_SITE_212|VAL|any_contact_frequency,2026091902,0,9,0.0
zaleplon,alpha2,alpha2|BZD_SITE_212|VAL|any_contact_frequency,2026091903,1,9,0.1111111111111111
zaleplon,alpha2,alpha2|BZD_SITE_212|VAL|any_contact_frequency,2026091904,1,9,0.1111111111111111
zaleplon,alpha2,alpha2|BZD_SITE_212|VAL|any_contact_frequency,2026091905,0,9,0.0
