drug_id,receptor,feature,feature_type,total_count,total_evaluable_poses,value,geometry_n_observed,seed_range,seed_sd,unstable_feature
diazepam,alpha1,alpha1|BZD_GAMMA2_056|ASP|salt_bridge|frequency,frequency,0,45,0.0,NA,0.0,0.0,False
alprazolam,alpha1,alpha1|BZD_GAMMA2_056|ASP|salt_bridge|frequency,frequency,0,35,0.0,NA,0.0,0.0,False
triazolam,alpha1,alpha1|BZD_GAMMA2_056|ASP|salt_bridge|frequency,frequency,0,40,0.0,NA,0.0,0.0,False
zolpidem,alpha1,alpha1|BZD_GAMMA2_056|ASP|salt_bridge|frequency,frequency,0,45,0.0,NA,0.0,0.0,False
lorazepam,alpha1,alpha1|BZD_GAMMA2_056|ASP|salt_bridge|frequency,frequency,0,45,0.0,NA,0.0,0.0,False
clonazepam,alpha1,alpha1|BZD_GAMMA2_056|ASP|salt_bridge|frequency,frequency,0,45,0.0,NA,0.0,0.0,False
midazolam,alpha1,alpha1|BZD_GAMMA2_056|ASP|salt_bridge|frequency,frequency,0,43,0.0,NA,0.0,0.0,False
temazepam,alpha1,alpha1|BZD_GAMMA2_056|ASP|salt_bridge|frequency,frequency,0,45,0.0,NA,0.0,0.0,False
zopiclone,alpha1,alpha1|BZD_GAMMA2_056|ASP|salt_bridge|frequency,frequency,4,45,0.08888888888888889,NA,0.1111111111111111,0.049690399499995326,False
zaleplon,alpha1,alpha1|BZD_GAMMA2_056|ASP|salt_bridge|frequency,frequency,0,45,0.0,NA,0.0,0.0,False
diazepam,alpha1,alpha1|BZD_GAMMA2_058|TYR|hydrogen_bond|frequency,frequency,7,45,0.15555555555555556,NA,0.1111111111111111,0.06085806194501846,False
alprazolam,alpha1,alpha1|BZD_GAMMA2_058|TYR|hydrogen_bond|frequency,frequency,0,35,0.0,NA,0.0,0.0,False
triazolam,alpha1,alpha1|BZD_GAMMA2_058|TYR|hydrogen_bond|frequency,frequency,0,40,0.0,NA,0.0,0.0,False
zolpidem,alpha1,alpha1|BZD_GAMMA2_058|TYR|hydrogen_bond|frequency,frequency,0,45,0.0,NA,0.0,0.0,False
lorazepam,alpha1,alpha1|BZD_GAMMA2_058|TYR|hydrogen_bond|frequency,frequency,3,45,0.06666666666666667,NA,0.1111111111111111,0.06085806194501846,False
clonazepam,alpha1,alpha1|BZD_GAMMA2_058|TYR|hydrogen_bond|frequency,frequency,3,45,0.06666666666666667,NA,0.1111111111111111,0.06085806194501846,False
midazolam,alpha1,alpha1|BZD_GAMMA2_058|TYR|hydrogen_bond|frequency,frequency,4,43,0.09302325581395349,NA,0.14285714285714285,0.0549857399228215,False
temazepam,alpha1,alpha1|BZD_GAMMA2_058|TYR|hydrogen_bond|frequency,frequency,7,45,0.15555555555555556,NA,0.1111111111111111,0.06085806194501845,False
zopiclone,alpha1,alpha1|BZD_GAMMA2_058|TYR|hydrogen_bond|frequency,frequency,9,45,0.2,NA,0.1111111111111111,0.049690399499995326,False
zaleplon,alpha1,alpha1|BZD_GAMMA2_058|TYR|hydrogen_bond|frequency,frequency,4,45,0.08888888888888889,NA,0.1111111111111111,0.049690399499995326,False
diazepam,alpha1,alpha1|BZD_GAMMA2_058|TYR|hydrophobic_interaction|frequency,frequency,28,45,0.6222222222222222,NA,0.2222222222222222,0.09938079899999064,False
alprazolam,alpha1,alpha1|BZD_GAMMA2_058|TYR|hydrophobic_interaction|frequency,frequency,24,35,0.6857142857142857,NA,0.3035714285714286,0.12545269500814743,False
triazolam,alpha1,alpha1|BZD_GAMMA2_058|TYR|hydrophobic_interaction|frequency,frequency,28,40,0.7,NA,0.33333333333333337,0.12969575033254171,False
zolpidem,alpha1,alpha1|BZD_GAMMA2_058|TYR|hydrophobic_interaction|frequency,frequency,42,45,0.9333333333333333,NA,0.11111111111111116,0.060858061945018485,False
lorazepam,alpha1,alpha1|BZD_GAMMA2_058|TYR|hydrophobic_interaction|frequency,frequency,23,45,0.5111111111111111,NA,0.3333333333333333,0.12668615834434868,False
clonazepam,alpha1,alpha1|BZD_GAMMA2_058|TYR|hydrophobic_interaction|frequency,frequency,27,45,0.6,NA,0.2222222222222222,0.09938079899999064,False
midazolam,alpha1,alpha1|BZD_GAMMA2_058|TYR|hydrophobic_interaction|frequency,frequency,32,43,0.7441860465116279,NA,0.31746031746031744,0.1211975185321973,False
temazepam,alpha1,alpha1|BZD_GAMMA2_058|TYR|hydrophobic_interaction|frequency,frequency,33,45,0.7333333333333333,NA,0.4444444444444444,0.16850834320114558,True
zopiclone,alpha1,alpha1|BZD_GAMMA2_058|TYR|hydrophobic_interaction|frequency,frequency,9,45,0.2,NA,0.2222222222222222,0.09296222517045283,False
zaleplon,alpha1,alpha1|BZD_GAMMA2_058|TYR|hydrophobic_interaction|frequency,frequency,41,45,0.9111111111111111,NA,0.2222222222222222,0.12171612389003691,False
diazepam,alpha1,alpha1|BZD_GAMMA2_058|TYR|pi_stack|frequency,frequency,19,45,0.4222222222222222,NA,0.33333333333333337,0.14487116456005888,False
diazepam,alpha1,alpha1|BZD_GAMMA2_058|TYR|pi_stack|P_frequency,frequency,19,45,0.4222222222222222,NA,0.33333333333333337,0.14487116456005888,False
diazepam,alpha1,alpha1|BZD_GAMMA2_058|TYR|pi_stack|T_frequency,frequency,0,45,0.0,NA,0.0,0.0,False
diazepam,alpha1,alpha1|BZD_GAMMA2_058|TYR|pi_stack|centdist_mean,geometry,NA,45,3.9242105263157896,19,NA,NA,NA
diazepam,alpha1,alpha1|BZD_GAMMA2_058|TYR|pi_stack|angle_mean,geometry,NA,45,13.968947368421054,19,NA,NA,NA
diazepam,alpha1,alpha1|BZD_GAMMA2_058|TYR|pi_stack|offset_mean,geometry,NA,45,1.239473684210526,19,NA,NA,NA
alprazolam,alpha1,alpha1|BZD_GAMMA2_058|TYR|pi_stack|frequency,frequency,21,35,0.6,NA,0.4047619047619048,0.16374998918142286,True
alprazolam,alpha1,alpha1|BZD_GAMMA2_058|TYR|pi_stack|P_frequency,frequency,21,35,0.6,NA,0.4047619047619048,0.16374998918142286,True
alprazolam,alpha1,alpha1|BZD_GAMMA2_058|TYR|pi_stack|T_frequency,frequency,0,35,0.0,NA,0.0,0.0,False
alprazolam,alpha1,alpha1|BZD_GAMMA2_058|TYR|pi_stack|centdist_mean,geometry,NA,35,3.9166666666666665,21,NA,NA,NA
alprazolam,alpha1,alpha1|BZD_GAMMA2_058|TYR|pi_stack|angle_mean,geometry,NA,35,10.580000000000002,21,NA,NA,NA
alprazolam,alpha1,alpha1|BZD_GAMMA2_058|TYR|pi_stack|offset_mean,geometry,NA,35,1.3099999999999998,21,NA,NA,NA
triazolam,alpha1,alpha1|BZD_GAMMA2_058|TYR|pi_stack|frequency,frequency,14,40,0.35,NA,0.4027777777777778,0.16509677296799125,True
triazolam,alpha1,alpha1|BZD_GAMMA2_058|TYR|pi_stack|P_frequency,frequency,14,40,0.35,NA,0.4027777777777778,0.16509677296799125,True
triazolam,alpha1,alpha1|BZD_GAMMA2_058|TYR|pi_stack|T_frequency,frequency,0,40,0.0,NA,0.0,0.0,False
triazolam,alpha1,alpha1|BZD_GAMMA2_058|TYR|pi_stack|centdist_mean,geometry,NA,40,3.881428571428572,14,NA,NA,NA
triazolam,alpha1,alpha1|BZD_GAMMA2_058|TYR|pi_stack|angle_mean,geometry,NA,40,7.699285714285714,14,NA,NA,NA
triazolam,alpha1,alpha1|BZD_GAMMA2_058|TYR|pi_stack|offset_mean,geometry,NA,40,1.3257142857142858,14,NA,NA,NA
zolpidem,alpha1,alpha1|BZD_GAMMA2_058|TYR|pi_stack|frequency,frequency,13,45,0.28888888888888886,NA,0.1111111111111111,0.06085806194501846,False
zolpidem,alpha1,alpha1|BZD_GAMMA2_058|TYR|pi_stack|P_frequency,frequency,13,45,0.28888888888888886,NA,0.1111111111111111,0.06085806194501846,False
zolpidem,alpha1,alpha1|BZD_GAMMA2_058|TYR|pi_stack|T_frequency,frequency,0,45,0.0,NA,0.0,0.0,False
zolpidem,alpha1,alpha1|BZD_GAMMA2_058|TYR|pi_stack|centdist_mean,geometry,NA,45,4.057692307692308,13,NA,NA,NA
zolpidem,alpha1,alpha1|BZD_GAMMA2_058|TYR|pi_stack|angle_mean,geometry,NA,45,18.563846153846153,13,NA,NA,NA
zolpidem,alpha1,alpha1|BZD_GAMMA2_058|TYR|pi_stack|offset_mean,geometry,NA,45,1.03,13,NA,NA,NA
lorazepam,alpha1,alpha1|BZD_GAMMA2_058|TYR|pi_stack|frequency,frequency,18,45,0.4,NA,0.22222222222222227,0.09938079899999067,False
lorazepam,alpha1,alpha1|BZD_GAMMA2_058|TYR|pi_stack|P_frequency,frequency,18,45,0.4,NA,0.22222222222222227,0.09938079899999067,False
lorazepam,alpha1,alpha1|BZD_GAMMA2_058|TYR|pi_stack|T_frequency,frequency,0,45,0.0,NA,0.0,0.0,False
lorazepam,alpha1,alpha1|BZD_GAMMA2_058|TYR|pi_stack|centdist_mean,geometry,NA,45,4.0294444444444455,18,NA,NA,NA
lorazepam,alpha1,alpha1|BZD_GAMMA2_058|TYR|pi_stack|angle_mean,geometry,NA,45,15.890555555555554,18,NA,NA,NA
lorazepam,alpha1,alpha1|BZD_GAMMA2_058|TYR|pi_stack|offset_mean,geometry,NA,45,1.4272222222222222,18,NA,NA,NA
clonazepam,alpha1,alpha1|BZD_GAMMA2_058|TYR|pi_stack|frequency,frequency,17,45,0.37777777777777777,NA,0.1111111111111111,0.06085806194501845,False
clonazepam,alpha1,alpha1|BZD_GAMMA2_058|TYR|pi_stack|P_frequency,frequency,17,45,0.37777777777777777,NA,0.1111111111111111,0.06085806194501845,False
clonazepam,alpha1,alpha1|BZD_GAMMA2_058|TYR|pi_stack|T_frequency,frequency,0,45,0.0,NA,0.0,0.0,False
clonazepam,alpha1,alpha1|BZD_GAMMA2_058|TYR|pi_stack|centdist_mean,geometry,NA,45,3.806470588235294,17,NA,NA,NA
clonazepam,alpha1,alpha1|BZD_GAMMA2_058|TYR|pi_stack|angle_mean,geometry,NA,45,11.974117647058824,17,NA,NA,NA
clonazepam,alpha1,alpha1|BZD_GAMMA2_058|TYR|pi_stack|offset_mean,geometry,NA,45,1.2429411764705882,17,NA,NA,NA
midazolam,alpha1,alpha1|BZD_GAMMA2_058|TYR|pi_stack|frequency,frequency,31,43,0.7209302325581395,NA,0.33333333333333326,0.14126092356372688,False
midazolam,alpha1,alpha1|BZD_GAMMA2_058|TYR|pi_stack|P_frequency,frequency,30,43,0.6976744186046512,NA,0.3015873015873015,0.11588388729170779,False
midazolam,alpha1,alpha1|BZD_GAMMA2_058|TYR|pi_stack|T_frequency,frequency,1,43,0.023255813953488372,NA,0.1111111111111111,0.04969039949999532,False
midazolam,alpha1,alpha1|BZD_GAMMA2_058|TYR|pi_stack|centdist_mean,geometry,NA,43,4.107419354838709,31,NA,NA,NA
midazolam,alpha1,alpha1|BZD_GAMMA2_058|TYR|pi_stack|angle_mean,geometry,NA,43,16.700322580645164,31,NA,NA,NA
midazolam,alpha1,alpha1|BZD_GAMMA2_058|TYR|pi_stack|offset_mean,geometry,NA,43,1.5203225806451615,31,NA,NA,NA
temazepam,alpha1,alpha1|BZD_GAMMA2_058|TYR|pi_stack|frequency,frequency,20,45,0.4444444444444444,NA,0.22222222222222227,0.11111111111111113,False
temazepam,alpha1,alpha1|BZD_GAMMA2_058|TYR|pi_stack|P_frequency,frequency,20,45,0.4444444444444444,NA,0.22222222222222227,0.11111111111111113,False
temazepam,alpha1,alpha1|BZD_GAMMA2_058|TYR|pi_stack|T_frequency,frequency,0,45,0.0,NA,0.0,0.0,False
temazepam,alpha1,alpha1|BZD_GAMMA2_058|TYR|pi_stack|centdist_mean,geometry,NA,45,3.9255000000000004,20,NA,NA,NA
temazepam,alpha1,alpha1|BZD_GAMMA2_058|TYR|pi_stack|angle_mean,geometry,NA,45,15.219,20,NA,NA,NA
temazepam,alpha1,alpha1|BZD_GAMMA2_058|TYR|pi_stack|offset_mean,geometry,NA,45,1.29,20,NA,NA,NA
zopiclone,alpha1,alpha1|BZD_GAMMA2_058|TYR|pi_stack|frequency,frequency,10,45,0.2222222222222222,NA,0.2222222222222222,0.1111111111111111,False
zopiclone,alpha1,alpha1|BZD_GAMMA2_058|TYR|pi_stack|P_frequency,frequency,10,45,0.2222222222222222,NA,0.2222222222222222,0.1111111111111111,False
zopiclone,alpha1,alpha1|BZD_GAMMA2_058|TYR|pi_stack|T_frequency,frequency,0,45,0.0,NA,0.0,0.0,False
zopiclone,alpha1,alpha1|BZD_GAMMA2_058|TYR|pi_stack|centdist_mean,geometry,NA,45,4.311333333333334,15,NA,NA,NA
zopiclone,alpha1,alpha1|BZD_GAMMA2_058|TYR|pi_stack|angle_mean,geometry,NA,45,13.812666666666667,15,NA,NA,NA
zopiclone,alpha1,alpha1|BZD_GAMMA2_058|TYR|pi_stack|offset_mean,geometry,NA,45,1.656,15,NA,NA,NA
zaleplon,alpha1,alpha1|BZD_GAMMA2_058|TYR|pi_stack|frequency,frequency,20,45,0.4444444444444444,NA,0.33333333333333337,0.13608276348795437,False
zaleplon,alpha1,alpha1|BZD_GAMMA2_058|TYR|pi_stack|P_frequency,frequency,20,45,0.4444444444444444,NA,0.33333333333333337,0.13608276348795437,False
zaleplon,alpha1,alpha1|BZD_GAMMA2_058|TYR|pi_stack|T_frequency,frequency,0,45,0.0,NA,0.0,0.0,False
zaleplon,alpha1,alpha1|BZD_GAMMA2_058|TYR|pi_stack|centdist_mean,geometry,NA,45,4.148260869565217,23,NA,NA,NA
zaleplon,alpha1,alpha1|BZD_GAMMA2_058|TYR|pi_stack|angle_mean,geometry,NA,45,16.790434782608692,23,NA,NA,NA
zaleplon,alpha1,alpha1|BZD_GAMMA2_058|TYR|pi_stack|offset_mean,geometry,NA,45,1.3478260869565217,23,NA,NA,NA
diazepam,alpha1,alpha1|BZD_GAMMA2_060|ASN|hydrogen_bond|frequency,frequency,0,45,0.0,NA,0.0,0.0,False
alprazolam,alpha1,alpha1|BZD_GAMMA2_060|ASN|hydrogen_bond|frequency,frequency,4,35,0.11428571428571428,NA,0.16666666666666666,0.06622943355095773,False
triazolam,alpha1,alpha1|BZD_GAMMA2_060|ASN|hydrogen_bond|frequency,frequency,1,40,0.025,NA,0.1111111111111111,0.04969039949999532,False
zolpidem,alpha1,alpha1|BZD_GAMMA2_060|ASN|hydrogen_bond|frequency,frequency,3,45,0.06666666666666667,NA,0.1111111111111111,0.06085806194501846,False
lorazepam,alpha1,alpha1|BZD_GAMMA2_060|ASN|hydrogen_bond|frequency,frequency,11,45,0.24444444444444444,NA,0.1111111111111111,0.049690399499995326,False
clonazepam,alpha1,alpha1|BZD_GAMMA2_060|ASN|hydrogen_bond|frequency,frequency,5,45,0.1111111111111111,NA,0.2222222222222222,0.1111111111111111,False
midazolam,alpha1,alpha1|BZD_GAMMA2_060|ASN|hydrogen_bond|frequency,frequency,0,43,0.0,NA,0.0,0.0,False
temazepam,alpha1,alpha1|BZD_GAMMA2_060|ASN|hydrogen_bond|frequency,frequency,10,45,0.2222222222222222,NA,0.2222222222222222,0.1111111111111111,False
zopiclone,alpha1,alpha1|BZD_GAMMA2_060|ASN|hydrogen_bond|frequency,frequency,26,45,0.5777777777777777,NA,0.11111111111111105,0.0496903994999953,False
zaleplon,alpha1,alpha1|BZD_GAMMA2_060|ASN|hydrogen_bond|frequency,frequency,8,45,0.17777777777777778,NA,0.1111111111111111,0.06085806194501846,False
diazepam,alpha1,alpha1|BZD_GAMMA2_077|PHE|hydrogen_bond|frequency,frequency,0,45,0.0,NA,0.0,0.0,False
alprazolam,alpha1,alpha1|BZD_GAMMA2_077|PHE|hydrogen_bond|frequency,frequency,0,35,0.0,NA,0.0,0.0,False
triazolam,alpha1,alpha1|BZD_GAMMA2_077|PHE|hydrogen_bond|frequency,frequency,0,40,0.0,NA,0.0,0.0,False
zolpidem,alpha1,alpha1|BZD_GAMMA2_077|PHE|hydrogen_bond|frequency,frequency,0,45,0.0,NA,0.0,0.0,False
lorazepam,alpha1,alpha1|BZD_GAMMA2_077|PHE|hydrogen_bond|frequency,frequency,0,45,0.0,NA,0.0,0.0,False
clonazepam,alpha1,alpha1|BZD_GAMMA2_077|PHE|hydrogen_bond|frequency,frequency,0,45,0.0,NA,0.0,0.0,False
midazolam,alpha1,alpha1|BZD_GAMMA2_077|PHE|hydrogen_bond|frequency,frequency,0,43,0.0,NA,0.0,0.0,False
temazepam,alpha1,alpha1|BZD_GAMMA2_077|PHE|hydrogen_bond|frequency,frequency,1,45,0.022222222222222223,NA,0.1111111111111111,0.04969039949999532,False
zopiclone,alpha1,alpha1|BZD_GAMMA2_077|PHE|hydrogen_bond|frequency,frequency,0,45,0.0,NA,0.0,0.0,False
zaleplon,alpha1,alpha1|BZD_GAMMA2_077|PHE|hydrogen_bond|frequency,frequency,0,45,0.0,NA,0.0,0.0,False
diazepam,alpha1,alpha1|BZD_GAMMA2_077|PHE|hydrophobic_interaction|frequency,frequency,25,45,0.5555555555555556,NA,0.2222222222222222,0.1111111111111111,False
alprazolam,alpha1,alpha1|BZD_GAMMA2_077|PHE|hydrophobic_interaction|frequency,frequency,24,35,0.6857142857142857,NA,0.0892857142857143,0.04028315313259199,False
triazolam,alpha1,alpha1|BZD_GAMMA2_077|PHE|hydrophobic_interaction|frequency,frequency,26,40,0.65,NA,0.2777777777777778,0.13944333775567927,False
zolpidem,alpha1,alpha1|BZD_GAMMA2_077|PHE|hydrophobic_interaction|frequency,frequency,42,45,0.9333333333333333,NA,0.11111111111111116,0.060858061945018485,False
lorazepam,alpha1,alpha1|BZD_GAMMA2_077|PHE|hydrophobic_interaction|frequency,frequency,27,45,0.6,NA,0.33333333333333337,0.12668615834434868,False
clonazepam,alpha1,alpha1|BZD_GAMMA2_077|PHE|hydrophobic_interaction|frequency,frequency,29,45,0.6444444444444445,NA,0.2222222222222222,0.09296222517045283,False
midazolam,alpha1,alpha1|BZD_GAMMA2_077|PHE|hydrophobic_interaction|frequency,frequency,20,43,0.46511627906976744,NA,0.2698412698412699,0.11077045284043113,False
temazepam,alpha1,alpha1|BZD_GAMMA2_077|PHE|hydrophobic_interaction|frequency,frequency,33,45,0.7333333333333333,NA,0.2222222222222222,0.09938079899999067,False
zopiclone,alpha1,alpha1|BZD_GAMMA2_077|PHE|hydrophobic_interaction|frequency,frequency,12,45,0.26666666666666666,NA,0.1111111111111111,0.06085806194501846,False
zaleplon,alpha1,alpha1|BZD_GAMMA2_077|PHE|hydrophobic_interaction|frequency,frequency,40,45,0.8888888888888888,NA,0.0,1.2412670766236366e-16,False
diazepam,alpha1,alpha1|BZD_GAMMA2_077|PHE|pi_stack|frequency,frequency,17,45,0.37777777777777777,NA,0.2222222222222222,0.09938079899999065,False
diazepam,alpha1,alpha1|BZD_GAMMA2_077|PHE|pi_stack|P_frequency,frequency,14,45,0.3111111111111111,NA,0.2222222222222222,0.09296222517045283,False
diazepam,alpha1,alpha1|BZD_GAMMA2_077|PHE|pi_stack|T_frequency,frequency,3,45,0.06666666666666667,NA,0.1111111111111111,0.06085806194501846,False
diazepam,alpha1,alpha1|BZD_GAMMA2_077|PHE|pi_stack|centdist_mean,geometry,NA,45,4.332941176470589,17,NA,NA,NA
diazepam,alpha1,alpha1|BZD_GAMMA2_077|PHE|pi_stack|angle_mean,geometry,NA,45,26.333529411764708,17,NA,NA,NA
diazepam,alpha1,alpha1|BZD_GAMMA2_077|PHE|pi_stack|offset_mean,geometry,NA,45,1.0858823529411765,17,NA,NA,NA
alprazolam,alpha1,alpha1|BZD_GAMMA2_077|PHE|pi_stack|frequency,frequency,8,35,0.22857142857142856,NA,0.19047619047619047,0.08568121054974563,False
alprazolam,alpha1,alpha1|BZD_GAMMA2_077|PHE|pi_stack|P_frequency,frequency,8,35,0.22857142857142856,NA,0.19047619047619047,0.08568121054974563,False
alprazolam,alpha1,alpha1|BZD_GAMMA2_077|PHE|pi_stack|T_frequency,frequency,0,35,0.0,NA,0.0,0.0,False
alprazolam,alpha1,alpha1|BZD_GAMMA2_077|PHE|pi_stack|centdist_mean,geometry,NA,35,4.2787500000000005,8,NA,NA,NA
alprazolam,alpha1,alpha1|BZD_GAMMA2_077|PHE|pi_stack|angle_mean,geometry,NA,35,20.3625,8,NA,NA,NA
alprazolam,alpha1,alpha1|BZD_GAMMA2_077|PHE|pi_stack|offset_mean,geometry,NA,35,1.3325,8,NA,NA,NA
triazolam,alpha1,alpha1|BZD_GAMMA2_077|PHE|pi_stack|frequency,frequency,7,40,0.175,NA,0.09722222222222221,0.04871021643541716,False
triazolam,alpha1,alpha1|BZD_GAMMA2_077|PHE|pi_stack|P_frequency,frequency,7,40,0.175,NA,0.09722222222222221,0.04871021643541716,False
triazolam,alpha1,alpha1|BZD_GAMMA2_077|PHE|pi_stack|T_frequency,frequency,0,40,0.0,NA,0.0,0.0,False
triazolam,alpha1,alpha1|BZD_GAMMA2_077|PHE|pi_stack|centdist_mean,geometry,NA,40,4.331428571428571,7,NA,NA,NA
triazolam,alpha1,alpha1|BZD_GAMMA2_077|PHE|pi_stack|angle_mean,geometry,NA,40,22.41571428571429,7,NA,NA,NA
triazolam,alpha1,alpha1|BZD_GAMMA2_077|PHE|pi_stack|offset_mean,geometry,NA,40,1.33,7,NA,NA,NA
zolpidem,alpha1,alpha1|BZD_GAMMA2_077|PHE|pi_stack|frequency,frequency,28,45,0.6222222222222222,NA,0.33333333333333337,0.12668615834434868,False
zolpidem,alpha1,alpha1|BZD_GAMMA2_077|PHE|pi_stack|P_frequency,frequency,27,45,0.6,NA,0.2222222222222222,0.09938079899999064,False
zolpidem,alpha1,alpha1|BZD_GAMMA2_077|PHE|pi_stack|T_frequency,frequency,1,45,0.022222222222222223,NA,0.1111111111111111,0.04969039949999532,False
zolpidem,alpha1,alpha1|BZD_GAMMA2_077|PHE|pi_stack|centdist_mean,geometry,NA,45,4.182857142857143,28,NA,NA,NA
zolpidem,alpha1,alpha1|BZD_GAMMA2_077|PHE|pi_stack|angle_mean,geometry,NA,45,19.09357142857143,28,NA,NA,NA
zolpidem,alpha1,alpha1|BZD_GAMMA2_077|PHE|pi_stack|offset_mean,geometry,NA,45,1.1099999999999999,28,NA,NA,NA
lorazepam,alpha1,alpha1|BZD_GAMMA2_077|PHE|pi_stack|frequency,frequency,6,45,0.13333333333333333,NA,0.1111111111111111,0.049690399499995326,False
lorazepam,alpha1,alpha1|BZD_GAMMA2_077|PHE|pi_stack|P_frequency,frequency,6,45,0.13333333333333333,NA,0.1111111111111111,0.049690399499995326,False
lorazepam,alpha1,alpha1|BZD_GAMMA2_077|PHE|pi_stack|T_frequency,frequency,0,45,0.0,NA,0.0,0.0,False
lorazepam,alpha1,alpha1|BZD_GAMMA2_077|PHE|pi_stack|centdist_mean,geometry,NA,45,4.1866666666666665,6,NA,NA,NA
lorazepam,alpha1,alpha1|BZD_GAMMA2_077|PHE|pi_stack|angle_mean,geometry,NA,45,24.04666666666667,6,NA,NA,NA
lorazepam,alpha1,alpha1|BZD_GAMMA2_077|PHE|pi_stack|offset_mean,geometry,NA,45,0.8483333333333333,6,NA,NA,NA
clonazepam,alpha1,alpha1|BZD_GAMMA2_077|PHE|pi_stack|frequency,frequency,8,45,0.17777777777777778,NA,0.1111111111111111,0.06085806194501846,False
clonazepam,alpha1,alpha1|BZD_GAMMA2_077|PHE|pi_stack|P_frequency,frequency,8,45,0.17777777777777778,NA,0.1111111111111111,0.06085806194501846,False
clonazepam,alpha1,alpha1|BZD_GAMMA2_077|PHE|pi_stack|T_frequency,frequency,0,45,0.0,NA,0.0,0.0,False
clonazepam,alpha1,alpha1|BZD_GAMMA2_077|PHE|pi_stack|centdist_mean,geometry,NA,45,4.11125,8,NA,NA,NA
clonazepam,alpha1,alpha1|BZD_GAMMA2_077|PHE|pi_stack|angle_mean,geometry,NA,45,15.775,8,NA,NA,NA
clonazepam,alpha1,alpha1|BZD_GAMMA2_077|PHE|pi_stack|offset_mean,geometry,NA,45,0.8674999999999999,8,NA,NA,NA
midazolam,alpha1,alpha1|BZD_GAMMA2_077|PHE|pi_stack|frequency,frequency,16,43,0.37209302325581395,NA,0.23809523809523808,0.10647942749998998,False
midazolam,alpha1,alpha1|BZD_GAMMA2_077|PHE|pi_stack|P_frequency,frequency,16,43,0.37209302325581395,NA,0.23809523809523808,0.10647942749998998,False
midazolam,alpha1,alpha1|BZD_GAMMA2_077|PHE|pi_stack|T_frequency,frequency,0,43,0.0,NA,0.0,0.0,False
midazolam,alpha1,alpha1|BZD_GAMMA2_077|PHE|pi_stack|centdist_mean,geometry,NA,43,4.27375,16,NA,NA,NA
midazolam,alpha1,alpha1|BZD_GAMMA2_077|PHE|pi_stack|angle_mean,geometry,NA,43,22.41125,16,NA,NA,NA
midazolam,alpha1,alpha1|BZD_GAMMA2_077|PHE|pi_stack|offset_mean,geometry,NA,43,1.2512500000000002,16,NA,NA,NA
temazepam,alpha1,alpha1|BZD_GAMMA2_077|PHE|pi_stack|frequency,frequency,4,45,0.08888888888888889,NA,0.2222222222222222,0.09296222517045284,False
temazepam,alpha1,alpha1|BZD_GAMMA2_077|PHE|pi_stack|P_frequency,frequency,4,45,0.08888888888888889,NA,0.2222222222222222,0.09296222517045284,False
temazepam,alpha1,alpha1|BZD_GAMMA2_077|PHE|pi_stack|T_frequency,frequency,0,45,0.0,NA,0.0,0.0,False
temazepam,alpha1,alpha1|BZD_GAMMA2_077|PHE|pi_stack|centdist_mean,geometry,NA,45,4.3475,4,NA,NA,NA
temazepam,alpha1,alpha1|BZD_GAMMA2_077|PHE|pi_stack|angle_mean,geometry,NA,45,20.95,4,NA,NA,NA
temazepam,alpha1,alpha1|BZD_GAMMA2_077|PHE|pi_stack|offset_mean,geometry,NA,45,1.15,4,NA,NA,NA
zopiclone,alpha1,alpha1|BZD_GAMMA2_077|PHE|pi_stack|frequency,frequency,15,45,0.3333333333333333,NA,0.0,0.0,False
zopiclone,alpha1,alpha1|BZD_GAMMA2_077|PHE|pi_stack|P_frequency,frequency,15,45,0.3333333333333333,NA,0.0,0.0,False
zopiclone,alpha1,alpha1|BZD_GAMMA2_077|PHE|pi_stack|T_frequency,frequency,0,45,0.0,NA,0.0,0.0,False
zopiclone,alpha1,alpha1|BZD_GAMMA2_077|PHE|pi_stack|centdist_mean,geometry,NA,45,4.384736842105262,19,NA,NA,NA
zopiclone,alpha1,alpha1|BZD_GAMMA2_077|PHE|pi_stack|angle_mean,geometry,NA,45,25.46842105263158,19,NA,NA,NA
zopiclone,alpha1,alpha1|BZD_GAMMA2_077|PHE|pi_stack|offset_mean,geometry,NA,45,1.3526315789473684,19,NA,NA,NA
zaleplon,alpha1,alpha1|BZD_GAMMA2_077|PHE|pi_stack|frequency,frequency,42,45,0.9333333333333333,NA,0.2222222222222222,0.09938079899999067,False
zaleplon,alpha1,alpha1|BZD_GAMMA2_077|PHE|pi_stack|P_frequency,frequency,42,45,0.9333333333333333,NA,0.2222222222222222,0.09938079899999067,False
zaleplon,alpha1,alpha1|BZD_GAMMA2_077|PHE|pi_stack|T_frequency,frequency,0,45,0.0,NA,0.0,0.0,False
zaleplon,alpha1,alpha1|BZD_GAMMA2_077|PHE|pi_stack|centdist_mean,geometry,NA,45,4.2444186046511625,43,NA,NA,NA
zaleplon,alpha1,alpha1|BZD_GAMMA2_077|PHE|pi_stack|angle_mean,geometry,NA,45,16.812558139534882,43,NA,NA,NA
zaleplon,alpha1,alpha1|BZD_GAMMA2_077|PHE|pi_stack|offset_mean,geometry,NA,45,0.8716279069767441,43,NA,NA,NA
diazepam,alpha1,alpha1|BZD_GAMMA2_079|ALA|hydrophobic_interaction|frequency,frequency,0,45,0.0,NA,0.0,0.0,False
alprazolam,alpha1,alpha1|BZD_GAMMA2_079|ALA|hydrophobic_interaction|frequency,frequency,0,35,0.0,NA,0.0,0.0,False
triazolam,alpha1,alpha1|BZD_GAMMA2_079|ALA|hydrophobic_interaction|frequency,frequency,0,40,0.0,NA,0.0,0.0,False
zolpidem,alpha1,alpha1|BZD_GAMMA2_079|ALA|hydrophobic_interaction|frequency,frequency,7,45,0.15555555555555556,NA,0.1111111111111111,0.06085806194501846,False
lorazepam,alpha1,alpha1|BZD_GAMMA2_079|ALA|hydrophobic_interaction|frequency,frequency,2,45,0.044444444444444446,NA,0.1111111111111111,0.06085806194501846,False
clonazepam,alpha1,alpha1|BZD_GAMMA2_079|ALA|hydrophobic_interaction|frequency,frequency,0,45,0.0,NA,0.0,0.0,False
midazolam,alpha1,alpha1|BZD_GAMMA2_079|ALA|hydrophobic_interaction|frequency,frequency,0,43,0.0,NA,0.0,0.0,False
temazepam,alpha1,alpha1|BZD_GAMMA2_079|ALA|hydrophobic_interaction|frequency,frequency,0,45,0.0,NA,0.0,0.0,False
zopiclone,alpha1,alpha1|BZD_GAMMA2_079|ALA|hydrophobic_interaction|frequency,frequency,1,45,0.022222222222222223,NA,0.1111111111111111,0.04969039949999532,False
zaleplon,alpha1,alpha1|BZD_GAMMA2_079|ALA|hydrophobic_interaction|frequency,frequency,4,45,0.08888888888888889,NA,0.2222222222222222,0.09296222517045283,False
diazepam,alpha1,alpha1|BZD_GAMMA2_142|THR|hydrophobic_interaction|frequency,frequency,1,45,0.022222222222222223,NA,0.1111111111111111,0.04969039949999532,False
alprazolam,alpha1,alpha1|BZD_GAMMA2_142|THR|hydrophobic_interaction|frequency,frequency,6,35,0.17142857142857143,NA,0.20833333333333331,0.08752226797958476,False
triazolam,alpha1,alpha1|BZD_GAMMA2_142|THR|hydrophobic_interaction|frequency,frequency,6,40,0.15,NA,0.25,0.09938079899999064,False
zolpidem,alpha1,alpha1|BZD_GAMMA2_142|THR|hydrophobic_interaction|frequency,frequency,23,45,0.5111111111111111,NA,0.11111111111111116,0.060858061945018485,False
lorazepam,alpha1,alpha1|BZD_GAMMA2_142|THR|hydrophobic_interaction|frequency,frequency,4,45,0.08888888888888889,NA,0.1111111111111111,0.049690399499995326,False
clonazepam,alpha1,alpha1|BZD_GAMMA2_142|THR|hydrophobic_interaction|frequency,frequency,1,45,0.022222222222222223,NA,0.1111111111111111,0.04969039949999532,False
midazolam,alpha1,alpha1|BZD_GAMMA2_142|THR|hydrophobic_interaction|frequency,frequency,3,43,0.06976744186046512,NA,0.14285714285714285,0.06790237979748392,False
temazepam,alpha1,alpha1|BZD_GAMMA2_142|THR|hydrophobic_interaction|frequency,frequency,11,45,0.24444444444444444,NA,0.2222222222222222,0.09296222517045283,False
zopiclone,alpha1,alpha1|BZD_GAMMA2_142|THR|hydrophobic_interaction|frequency,frequency,7,45,0.15555555555555556,NA,0.1111111111111111,0.06085806194501846,False
zaleplon,alpha1,alpha1|BZD_GAMMA2_142|THR|hydrophobic_interaction|frequency,frequency,18,45,0.4,NA,0.33333333333333337,0.12668615834434868,False
diazepam,alpha1,alpha1|BZD_GAMMA2_189|GLU|halogen_bond|frequency,frequency,2,45,0.044444444444444446,NA,0.1111111111111111,0.06085806194501846,False
alprazolam,alpha1,alpha1|BZD_GAMMA2_189|GLU|halogen_bond|frequency,frequency,3,35,0.08571428571428572,NA,0.16666666666666666,0.08316309141225228,False
triazolam,alpha1,alpha1|BZD_GAMMA2_189|GLU|halogen_bond|frequency,frequency,2,40,0.05,NA,0.125,0.06846531968814577,False
zolpidem,alpha1,alpha1|BZD_GAMMA2_189|GLU|halogen_bond|frequency,frequency,0,45,0.0,NA,0.0,0.0,False
lorazepam,alpha1,alpha1|BZD_GAMMA2_189|GLU|halogen_bond|frequency,frequency,5,45,0.1111111111111111,NA,0.0,1.5515838457795457e-17,False
clonazepam,alpha1,alpha1|BZD_GAMMA2_189|GLU|halogen_bond|frequency,frequency,0,45,0.0,NA,0.0,0.0,False
midazolam,alpha1,alpha1|BZD_GAMMA2_189|GLU|halogen_bond|frequency,frequency,0,43,0.0,NA,0.0,0.0,False
temazepam,alpha1,alpha1|BZD_GAMMA2_189|GLU|halogen_bond|frequency,frequency,1,45,0.022222222222222223,NA,0.1111111111111111,0.04969039949999532,False
zopiclone,alpha1,alpha1|BZD_GAMMA2_189|GLU|halogen_bond|frequency,frequency,0,45,0.0,NA,0.0,0.0,False
zaleplon,alpha1,alpha1|BZD_GAMMA2_189|GLU|halogen_bond|frequency,frequency,0,45,0.0,NA,0.0,0.0,False
diazepam,alpha1,alpha1|BZD_GAMMA2_189|GLU|hydrogen_bond|frequency,frequency,2,45,0.044444444444444446,NA,0.1111111111111111,0.06085806194501846,False
alprazolam,alpha1,alpha1|BZD_GAMMA2_189|GLU|hydrogen_bond|frequency,frequency,0,35,0.0,NA,0.0,0.0,False
triazolam,alpha1,alpha1|BZD_GAMMA2_189|GLU|hydrogen_bond|frequency,frequency,0,40,0.0,NA,0.0,0.0,False
zolpidem,alpha1,alpha1|BZD_GAMMA2_189|GLU|hydrogen_bond|frequency,frequency,0,45,0.0,NA,0.0,0.0,False
lorazepam,alpha1,alpha1|BZD_GAMMA2_189|GLU|hydrogen_bond|frequency,frequency,0,45,0.0,NA,0.0,0.0,False
clonazepam,alpha1,alpha1|BZD_GAMMA2_189|GLU|hydrogen_bond|frequency,frequency,1,45,0.022222222222222223,NA,0.1111111111111111,0.04969039949999532,False
midazolam,alpha1,alpha1|BZD_GAMMA2_189|GLU|hydrogen_bond|frequency,frequency,4,43,0.09302325581395349,NA,0.14285714285714285,0.0549857399228215,False
temazepam,alpha1,alpha1|BZD_GAMMA2_189|GLU|hydrogen_bond|frequency,frequency,1,45,0.022222222222222223,NA,0.1111111111111111,0.04969039949999532,False
zopiclone,alpha1,alpha1|BZD_GAMMA2_189|GLU|hydrogen_bond|frequency,frequency,0,45,0.0,NA,0.0,0.0,False
zaleplon,alpha1,alpha1|BZD_GAMMA2_189|GLU|hydrogen_bond|frequency,frequency,0,45,0.0,NA,0.0,0.0,False
diazepam,alpha1,alpha1|BZD_GAMMA2_189|GLU|salt_bridge|frequency,frequency,0,45,0.0,NA,0.0,0.0,False
alprazolam,alpha1,alpha1|BZD_GAMMA2_189|GLU|salt_bridge|frequency,frequency,0,35,0.0,NA,0.0,0.0,False
triazolam,alpha1,alpha1|BZD_GAMMA2_189|GLU|salt_bridge|frequency,frequency,0,40,0.0,NA,0.0,0.0,False
zolpidem,alpha1,alpha1|BZD_GAMMA2_189|GLU|salt_bridge|frequency,frequency,0,45,0.0,NA,0.0,0.0,False
lorazepam,alpha1,alpha1|BZD_GAMMA2_189|GLU|salt_bridge|frequency,frequency,0,45,0.0,NA,0.0,0.0,False
clonazepam,alpha1,alpha1|BZD_GAMMA2_189|GLU|salt_bridge|frequency,frequency,0,45,0.0,NA,0.0,0.0,False
midazolam,alpha1,alpha1|BZD_GAMMA2_189|GLU|salt_bridge|frequency,frequency,0,43,0.0,NA,0.0,0.0,False
temazepam,alpha1,alpha1|BZD_GAMMA2_189|GLU|salt_bridge|frequency,frequency,0,45,0.0,NA,0.0,0.0,False
zopiclone,alpha1,alpha1|BZD_GAMMA2_189|GLU|salt_bridge|frequency,frequency,1,45,0.022222222222222223,NA,0.1111111111111111,0.04969039949999532,False
zaleplon,alpha1,alpha1|BZD_GAMMA2_189|GLU|salt_bridge|frequency,frequency,0,45,0.0,NA,0.0,0.0,False
diazepam,alpha1,alpha1|BZD_GAMMA2_192|ASP|hydrogen_bond|frequency,frequency,0,45,0.0,NA,0.0,0.0,False
alprazolam,alpha1,alpha1|BZD_GAMMA2_192|ASP|hydrogen_bond|frequency,frequency,0,35,0.0,NA,0.0,0.0,False
triazolam,alpha1,alpha1|BZD_GAMMA2_192|ASP|hydrogen_bond|frequency,frequency,0,40,0.0,NA,0.0,0.0,False
zolpidem,alpha1,alpha1|BZD_GAMMA2_192|ASP|hydrogen_bond|frequency,frequency,0,45,0.0,NA,0.0,0.0,False
lorazepam,alpha1,alpha1|BZD_GAMMA2_192|ASP|hydrogen_bond|frequency,frequency,7,45,0.15555555555555556,NA,0.3333333333333333,0.12668615834434865,False
clonazepam,alpha1,alpha1|BZD_GAMMA2_192|ASP|hydrogen_bond|frequency,frequency,1,45,0.022222222222222223,NA,0.1111111111111111,0.04969039949999532,False
midazolam,alpha1,alpha1|BZD_GAMMA2_192|ASP|hydrogen_bond|frequency,frequency,1,43,0.023255813953488372,NA,0.1111111111111111,0.04969039949999532,False
temazepam,alpha1,alpha1|BZD_GAMMA2_192|ASP|hydrogen_bond|frequency,frequency,9,45,0.2,NA,0.1111111111111111,0.049690399499995326,False
zopiclone,alpha1,alpha1|BZD_GAMMA2_192|ASP|hydrogen_bond|frequency,frequency,1,45,0.022222222222222223,NA,0.1111111111111111,0.04969039949999532,False
zaleplon,alpha1,alpha1|BZD_GAMMA2_192|ASP|hydrogen_bond|frequency,frequency,0,45,0.0,NA,0.0,0.0,False
diazepam,alpha1,alpha1|BZD_GAMMA2_192|ASP|hydrophobic_interaction|frequency,frequency,0,45,0.0,NA,0.0,0.0,False
alprazolam,alpha1,alpha1|BZD_GAMMA2_192|ASP|hydrophobic_interaction|frequency,frequency,0,35,0.0,NA,0.0,0.0,False
triazolam,alpha1,alpha1|BZD_GAMMA2_192|ASP|hydrophobic_interaction|frequency,frequency,0,40,0.0,NA,0.0,0.0,False
zolpidem,alpha1,alpha1|BZD_GAMMA2_192|ASP|hydrophobic_interaction|frequency,frequency,0,45,0.0,NA,0.0,0.0,False
lorazepam,alpha1,alpha1|BZD_GAMMA2_192|ASP|hydrophobic_interaction|frequency,frequency,3,45,0.06666666666666667,NA,0.1111111111111111,0.06085806194501846,False
clonazepam,alpha1,alpha1|BZD_GAMMA2_192|ASP|hydrophobic_interaction|frequency,frequency,0,45,0.0,NA,0.0,0.0,False
midazolam,alpha1,alpha1|BZD_GAMMA2_192|ASP|hydrophobic_interaction|frequency,frequency,0,43,0.0,NA,0.0,0.0,False
temazepam,alpha1,alpha1|BZD_GAMMA2_192|ASP|hydrophobic_interaction|frequency,frequency,0,45,0.0,NA,0.0,0.0,False
zopiclone,alpha1,alpha1|BZD_GAMMA2_192|ASP|hydrophobic_interaction|frequency,frequency,0,45,0.0,NA,0.0,0.0,False
zaleplon,alpha1,alpha1|BZD_GAMMA2_192|ASP|hydrophobic_interaction|frequency,frequency,0,45,0.0,NA,0.0,0.0,False
diazepam,alpha1,alpha1|BZD_GAMMA2_192|ASP|salt_bridge|frequency,frequency,0,45,0.0,NA,0.0,0.0,False
alprazolam,alpha1,alpha1|BZD_GAMMA2_192|ASP|salt_bridge|frequency,frequency,0,35,0.0,NA,0.0,0.0,False
triazolam,alpha1,alpha1|BZD_GAMMA2_192|ASP|salt_bridge|frequency,frequency,0,40,0.0,NA,0.0,0.0,False
zolpidem,alpha1,alpha1|BZD_GAMMA2_192|ASP|salt_bridge|frequency,frequency,0,45,0.0,NA,0.0,0.0,False
lorazepam,alpha1,alpha1|BZD_GAMMA2_192|ASP|salt_bridge|frequency,frequency,0,45,0.0,NA,0.0,0.0,False
clonazepam,alpha1,alpha1|BZD_GAMMA2_192|ASP|salt_bridge|frequency,frequency,0,45,0.0,NA,0.0,0.0,False
midazolam,alpha1,alpha1|BZD_GAMMA2_192|ASP|salt_bridge|frequency,frequency,0,43,0.0,NA,0.0,0.0,False
temazepam,alpha1,alpha1|BZD_GAMMA2_192|ASP|salt_bridge|frequency,frequency,0,45,0.0,NA,0.0,0.0,False
zopiclone,alpha1,alpha1|BZD_GAMMA2_192|ASP|salt_bridge|frequency,frequency,5,45,0.1111111111111111,NA,0.0,1.5515838457795457e-17,False
zaleplon,alpha1,alpha1|BZD_GAMMA2_192|ASP|salt_bridge|frequency,frequency,0,45,0.0,NA,0.0,0.0,False
diazepam,alpha1,alpha1|BZD_GAMMA2_195|SER|halogen_bond|frequency,frequency,0,45,0.0,NA,0.0,0.0,False
alprazolam,alpha1,alpha1|BZD_GAMMA2_195|SER|halogen_bond|frequency,frequency,0,35,0.0,NA,0.0,0.0,False
triazolam,alpha1,alpha1|BZD_GAMMA2_195|SER|halogen_bond|frequency,frequency,0,40,0.0,NA,0.0,0.0,False
zolpidem,alpha1,alpha1|BZD_GAMMA2_195|SER|halogen_bond|frequency,frequency,0,45,0.0,NA,0.0,0.0,False
lorazepam,alpha1,alpha1|BZD_GAMMA2_195|SER|halogen_bond|frequency,frequency,0,45,0.0,NA,0.0,0.0,False
clonazepam,alpha1,alpha1|BZD_GAMMA2_195|SER|halogen_bond|frequency,frequency,0,45,0.0,NA,0.0,0.0,False
midazolam,alpha1,alpha1|BZD_GAMMA2_195|SER|halogen_bond|frequency,frequency,0,43,0.0,NA,0.0,0.0,False
temazepam,alpha1,alpha1|BZD_GAMMA2_195|SER|halogen_bond|frequency,frequency,1,45,0.022222222222222223,NA,0.1111111111111111,0.04969039949999532,False
zopiclone,alpha1,alpha1|BZD_GAMMA2_195|SER|halogen_bond|frequency,frequency,0,45,0.0,NA,0.0,0.0,False
zaleplon,alpha1,alpha1|BZD_GAMMA2_195|SER|halogen_bond|frequency,frequency,0,45,0.0,NA,0.0,0.0,False
diazepam,alpha1,alpha1|BZD_GAMMA2_195|SER|hydrogen_bond|frequency,frequency,0,45,0.0,NA,0.0,0.0,False
alprazolam,alpha1,alpha1|BZD_GAMMA2_195|SER|hydrogen_bond|frequency,frequency,0,35,0.0,NA,0.0,0.0,False
triazolam,alpha1,alpha1|BZD_GAMMA2_195|SER|hydrogen_bond|frequency,frequency,0,40,0.0,NA,0.0,0.0,False
zolpidem,alpha1,alpha1|BZD_GAMMA2_195|SER|hydrogen_bond|frequency,frequency,0,45,0.0,NA,0.0,0.0,False
lorazepam,alpha1,alpha1|BZD_GAMMA2_195|SER|hydrogen_bond|frequency,frequency,0,45,0.0,NA,0.0,0.0,False
clonazepam,alpha1,alpha1|BZD_GAMMA2_195|SER|hydrogen_bond|frequency,frequency,2,45,0.044444444444444446,NA,0.1111111111111111,0.06085806194501846,False
midazolam,alpha1,alpha1|BZD_GAMMA2_195|SER|hydrogen_bond|frequency,frequency,0,43,0.0,NA,0.0,0.0,False
temazepam,alpha1,alpha1|BZD_GAMMA2_195|SER|hydrogen_bond|frequency,frequency,0,45,0.0,NA,0.0,0.0,False
zopiclone,alpha1,alpha1|BZD_GAMMA2_195|SER|hydrogen_bond|frequency,frequency,0,45,0.0,NA,0.0,0.0,False
zaleplon,alpha1,alpha1|BZD_GAMMA2_195|SER|hydrogen_bond|frequency,frequency,0,45,0.0,NA,0.0,0.0,False
diazepam,alpha1,alpha1|BZD_SITE_100|PHE|hydrophobic_interaction|frequency,frequency,6,45,0.13333333333333333,NA,0.2222222222222222,0.09296222517045283,False
alprazolam,alpha1,alpha1|BZD_SITE_100|PHE|hydrophobic_interaction|frequency,frequency,6,35,0.17142857142857143,NA,0.10714285714285715,0.04641330640385221,False
triazolam,alpha1,alpha1|BZD_SITE_100|PHE|hydrophobic_interaction|frequency,frequency,7,40,0.175,NA,0.1388888888888889,0.060220787190774436,False
zolpidem,alpha1,alpha1|BZD_SITE_100|PHE|hydrophobic_interaction|frequency,frequency,11,45,0.24444444444444444,NA,0.2222222222222222,0.09296222517045284,False
lorazepam,alpha1,alpha1|BZD_SITE_100|PHE|hydrophobic_interaction|frequency,frequency,1,45,0.022222222222222223,NA,0.1111111111111111,0.04969039949999532,False
clonazepam,alpha1,alpha1|BZD_SITE_100|PHE|hydrophobic_interaction|frequency,frequency,10,45,0.2222222222222222,NA,0.2222222222222222,0.07856742013183861,False
midazolam,alpha1,alpha1|BZD_SITE_100|PHE|hydrophobic_interaction|frequency,frequency,4,43,0.09302325581395349,NA,0.14285714285714285,0.05498573992282149,False
temazepam,alpha1,alpha1|BZD_SITE_100|PHE|hydrophobic_interaction|frequency,frequency,5,45,0.1111111111111111,NA,0.0,1.5515838457795457e-17,False
zopiclone,alpha1,alpha1|BZD_SITE_100|PHE|hydrophobic_interaction|frequency,frequency,6,45,0.13333333333333333,NA,0.1111111111111111,0.049690399499995326,False
zaleplon,alpha1,alpha1|BZD_SITE_100|PHE|hydrophobic_interaction|frequency,frequency,12,45,0.26666666666666666,NA,0.3333333333333333,0.14907119849998596,False
diazepam,alpha1,alpha1|BZD_SITE_100|PHE|pi_stack|frequency,frequency,8,45,0.17777777777777778,NA,0.1111111111111111,0.06085806194501846,False
diazepam,alpha1,alpha1|BZD_SITE_100|PHE|pi_stack|P_frequency,frequency,0,45,0.0,NA,0.0,0.0,False
diazepam,alpha1,alpha1|BZD_SITE_100|PHE|pi_stack|T_frequency,frequency,8,45,0.17777777777777778,NA,0.1111111111111111,0.06085806194501846,False
diazepam,alpha1,alpha1|BZD_SITE_100|PHE|pi_stack|centdist_mean,geometry,NA,45,5.2975,8,NA,NA,NA
diazepam,alpha1,alpha1|BZD_SITE_100|PHE|pi_stack|angle_mean,geometry,NA,45,73.87875,8,NA,NA,NA
diazepam,alpha1,alpha1|BZD_SITE_100|PHE|pi_stack|offset_mean,geometry,NA,45,1.76,8,NA,NA,NA
alprazolam,alpha1,alpha1|BZD_SITE_100|PHE|pi_stack|frequency,frequency,0,35,0.0,NA,0.0,0.0,False
alprazolam,alpha1,alpha1|BZD_SITE_100|PHE|pi_stack|P_frequency,frequency,0,35,0.0,NA,0.0,0.0,False
alprazolam,alpha1,alpha1|BZD_SITE_100|PHE|pi_stack|T_frequency,frequency,0,35,0.0,NA,0.0,0.0,False
alprazolam,alpha1,alpha1|BZD_SITE_100|PHE|pi_stack|centdist_mean,geometry,NA,35,NA,0,NA,NA,NA
alprazolam,alpha1,alpha1|BZD_SITE_100|PHE|pi_stack|angle_mean,geometry,NA,35,NA,0,NA,NA,NA
alprazolam,alpha1,alpha1|BZD_SITE_100|PHE|pi_stack|offset_mean,geometry,NA,35,NA,0,NA,NA,NA
triazolam,alpha1,alpha1|BZD_SITE_100|PHE|pi_stack|frequency,frequency,0,40,0.0,NA,0.0,0.0,False
triazolam,alpha1,alpha1|BZD_SITE_100|PHE|pi_stack|P_frequency,frequency,0,40,0.0,NA,0.0,0.0,False
triazolam,alpha1,alpha1|BZD_SITE_100|PHE|pi_stack|T_frequency,frequency,0,40,0.0,NA,0.0,0.0,False
triazolam,alpha1,alpha1|BZD_SITE_100|PHE|pi_stack|centdist_mean,geometry,NA,40,NA,0,NA,NA,NA
triazolam,alpha1,alpha1|BZD_SITE_100|PHE|pi_stack|angle_mean,geometry,NA,40,NA,0,NA,NA,NA
triazolam,alpha1,alpha1|BZD_SITE_100|PHE|pi_stack|offset_mean,geometry,NA,40,NA,0,NA,NA,NA
zolpidem,alpha1,alpha1|BZD_SITE_100|PHE|pi_stack|frequency,frequency,0,45,0.0,NA,0.0,0.0,False
zolpidem,alpha1,alpha1|BZD_SITE_100|PHE|pi_stack|P_frequency,frequency,0,45,0.0,NA,0.0,0.0,False
zolpidem,alpha1,alpha1|BZD_SITE_100|PHE|pi_stack|T_frequency,frequency,0,45,0.0,NA,0.0,0.0,False
zolpidem,alpha1,alpha1|BZD_SITE_100|PHE|pi_stack|centdist_mean,geometry,NA,45,NA,0,NA,NA,NA
zolpidem,alpha1,alpha1|BZD_SITE_100|PHE|pi_stack|angle_mean,geometry,NA,45,NA,0,NA,NA,NA
zolpidem,alpha1,alpha1|BZD_SITE_100|PHE|pi_stack|offset_mean,geometry,NA,45,NA,0,NA,NA,NA
lorazepam,alpha1,alpha1|BZD_SITE_100|PHE|pi_stack|frequency,frequency,0,45,0.0,NA,0.0,0.0,False
lorazepam,alpha1,alpha1|BZD_SITE_100|PHE|pi_stack|P_frequency,frequency,0,45,0.0,NA,0.0,0.0,False
lorazepam,alpha1,alpha1|BZD_SITE_100|PHE|pi_stack|T_frequency,frequency,0,45,0.0,NA,0.0,0.0,False
lorazepam,alpha1,alpha1|BZD_SITE_100|PHE|pi_stack|centdist_mean,geometry,NA,45,NA,0,NA,NA,NA
lorazepam,alpha1,alpha1|BZD_SITE_100|PHE|pi_stack|angle_mean,geometry,NA,45,NA,0,NA,NA,NA
lorazepam,alpha1,alpha1|BZD_SITE_100|PHE|pi_stack|offset_mean,geometry,NA,45,NA,0,NA,NA,NA
clonazepam,alpha1,alpha1|BZD_SITE_100|PHE|pi_stack|frequency,frequency,0,45,0.0,NA,0.0,0.0,False
clonazepam,alpha1,alpha1|BZD_SITE_100|PHE|pi_stack|P_frequency,frequency,0,45,0.0,NA,0.0,0.0,False
clonazepam,alpha1,alpha1|BZD_SITE_100|PHE|pi_stack|T_frequency,frequency,0,45,0.0,NA,0.0,0.0,False
clonazepam,alpha1,alpha1|BZD_SITE_100|PHE|pi_stack|centdist_mean,geometry,NA,45,NA,0,NA,NA,NA
clonazepam,alpha1,alpha1|BZD_SITE_100|PHE|pi_stack|angle_mean,geometry,NA,45,NA,0,NA,NA,NA
clonazepam,alpha1,alpha1|BZD_SITE_100|PHE|pi_stack|offset_mean,geometry,NA,45,NA,0,NA,NA,NA
midazolam,alpha1,alpha1|BZD_SITE_100|PHE|pi_stack|frequency,frequency,9,43,0.20930232558139536,NA,0.1746031746031746,0.06309399020429139,False
midazolam,alpha1,alpha1|BZD_SITE_100|PHE|pi_stack|P_frequency,frequency,0,43,0.0,NA,0.0,0.0,False
midazolam,alpha1,alpha1|BZD_SITE_100|PHE|pi_stack|T_frequency,frequency,9,43,0.20930232558139536,NA,0.1746031746031746,0.06309399020429139,False
midazolam,alpha1,alpha1|BZD_SITE_100|PHE|pi_stack|centdist_mean,geometry,NA,43,5.157777777777778,9,NA,NA,NA
midazolam,alpha1,alpha1|BZD_SITE_100|PHE|pi_stack|angle_mean,geometry,NA,43,67.02555555555557,9,NA,NA,NA
midazolam,alpha1,alpha1|BZD_SITE_100|PHE|pi_stack|offset_mean,geometry,NA,43,1.267777777777778,9,NA,NA,NA
temazepam,alpha1,alpha1|BZD_SITE_100|PHE|pi_stack|frequency,frequency,0,45,0.0,NA,0.0,0.0,False
temazepam,alpha1,alpha1|BZD_SITE_100|PHE|pi_stack|P_frequency,frequency,0,45,0.0,NA,0.0,0.0,False
temazepam,alpha1,alpha1|BZD_SITE_100|PHE|pi_stack|T_frequency,frequency,0,45,0.0,NA,0.0,0.0,False
temazepam,alpha1,alpha1|BZD_SITE_100|PHE|pi_stack|centdist_mean,geometry,NA,45,NA,0,NA,NA,NA
temazepam,alpha1,alpha1|BZD_SITE_100|PHE|pi_stack|angle_mean,geometry,NA,45,NA,0,NA,NA,NA
temazepam,alpha1,alpha1|BZD_SITE_100|PHE|pi_stack|offset_mean,geometry,NA,45,NA,0,NA,NA,NA
zopiclone,alpha1,alpha1|BZD_SITE_100|PHE|pi_stack|frequency,frequency,0,45,0.0,NA,0.0,0.0,False
zopiclone,alpha1,alpha1|BZD_SITE_100|PHE|pi_stack|P_frequency,frequency,0,45,0.0,NA,0.0,0.0,False
zopiclone,alpha1,alpha1|BZD_SITE_100|PHE|pi_stack|T_frequency,frequency,0,45,0.0,NA,0.0,0.0,False
zopiclone,alpha1,alpha1|BZD_SITE_100|PHE|pi_stack|centdist_mean,geometry,NA,45,NA,0,NA,NA,NA
zopiclone,alpha1,alpha1|BZD_SITE_100|PHE|pi_stack|angle_mean,geometry,NA,45,NA,0,NA,NA,NA
zopiclone,alpha1,alpha1|BZD_SITE_100|PHE|pi_stack|offset_mean,geometry,NA,45,NA,0,NA,NA,NA
zaleplon,alpha1,alpha1|BZD_SITE_100|PHE|pi_stack|frequency,frequency,0,45,0.0,NA,0.0,0.0,False
zaleplon,alpha1,alpha1|BZD_SITE_100|PHE|pi_stack|P_frequency,frequency,0,45,0.0,NA,0.0,0.0,False
zaleplon,alpha1,alpha1|BZD_SITE_100|PHE|pi_stack|T_frequency,frequency,0,45,0.0,NA,0.0,0.0,False
zaleplon,alpha1,alpha1|BZD_SITE_100|PHE|pi_stack|centdist_mean,geometry,NA,45,NA,0,NA,NA,NA
zaleplon,alpha1,alpha1|BZD_SITE_100|PHE|pi_stack|angle_mean,geometry,NA,45,NA,0,NA,NA,NA
zaleplon,alpha1,alpha1|BZD_SITE_100|PHE|pi_stack|offset_mean,geometry,NA,45,NA,0,NA,NA,NA
diazepam,alpha1,alpha1|BZD_SITE_102|HIS|halogen_bond|frequency,frequency,0,45,0.0,NA,0.0,0.0,False
alprazolam,alpha1,alpha1|BZD_SITE_102|HIS|halogen_bond|frequency,frequency,6,35,0.17142857142857143,NA,0.10714285714285715,0.04641330640385221,False
triazolam,alpha1,alpha1|BZD_SITE_102|HIS|halogen_bond|frequency,frequency,8,40,0.2,NA,0.1388888888888889,0.06022078719077445,False
zolpidem,alpha1,alpha1|BZD_SITE_102|HIS|halogen_bond|frequency,frequency,0,45,0.0,NA,0.0,0.0,False
lorazepam,alpha1,alpha1|BZD_SITE_102|HIS|halogen_bond|frequency,frequency,1,45,0.022222222222222223,NA,0.1111111111111111,0.04969039949999532,False
clonazepam,alpha1,alpha1|BZD_SITE_102|HIS|halogen_bond|frequency,frequency,0,45,0.0,NA,0.0,0.0,False
midazolam,alpha1,alpha1|BZD_SITE_102|HIS|halogen_bond|frequency,frequency,0,43,0.0,NA,0.0,0.0,False
temazepam,alpha1,alpha1|BZD_SITE_102|HIS|halogen_bond|frequency,frequency,5,45,0.1111111111111111,NA,0.0,1.5515838457795457e-17,False
zopiclone,alpha1,alpha1|BZD_SITE_102|HIS|halogen_bond|frequency,frequency,0,45,0.0,NA,0.0,0.0,False
zaleplon,alpha1,alpha1|BZD_SITE_102|HIS|halogen_bond|frequency,frequency,0,45,0.0,NA,0.0,0.0,False
diazepam,alpha1,alpha1|BZD_SITE_102|HIS|hydrogen_bond|frequency,frequency,0,45,0.0,NA,0.0,0.0,False
alprazolam,alpha1,alpha1|BZD_SITE_102|HIS|hydrogen_bond|frequency,frequency,0,35,0.0,NA,0.0,0.0,False
triazolam,alpha1,alpha1|BZD_SITE_102|HIS|hydrogen_bond|frequency,frequency,0,40,0.0,NA,0.0,0.0,False
zolpidem,alpha1,alpha1|BZD_SITE_102|HIS|hydrogen_bond|frequency,frequency,0,45,0.0,NA,0.0,0.0,False
lorazepam,alpha1,alpha1|BZD_SITE_102|HIS|hydrogen_bond|frequency,frequency,1,45,0.022222222222222223,NA,0.1111111111111111,0.04969039949999532,False
clonazepam,alpha1,alpha1|BZD_SITE_102|HIS|hydrogen_bond|frequency,frequency,9,45,0.2,NA,0.1111111111111111,0.04969039949999532,False
midazolam,alpha1,alpha1|BZD_SITE_102|HIS|hydrogen_bond|frequency,frequency,0,43,0.0,NA,0.0,0.0,False
temazepam,alpha1,alpha1|BZD_SITE_102|HIS|hydrogen_bond|frequency,frequency,8,45,0.17777777777777778,NA,0.3333333333333333,0.12668615834434865,False
zopiclone,alpha1,alpha1|BZD_SITE_102|HIS|hydrogen_bond|frequency,frequency,0,45,0.0,NA,0.0,0.0,False
zaleplon,alpha1,alpha1|BZD_SITE_102|HIS|hydrogen_bond|frequency,frequency,0,45,0.0,NA,0.0,0.0,False
diazepam,alpha1,alpha1|BZD_SITE_102|HIS|hydrophobic_interaction|frequency,frequency,3,45,0.06666666666666667,NA,0.1111111111111111,0.06085806194501846,False
alprazolam,alpha1,alpha1|BZD_SITE_102|HIS|hydrophobic_interaction|frequency,frequency,5,35,0.14285714285714285,NA,0.2857142857142857,0.10133043542222218,False
triazolam,alpha1,alpha1|BZD_SITE_102|HIS|hydrophobic_interaction|frequency,frequency,4,40,0.1,NA,0.2222222222222222,0.09399402397604793,False
zolpidem,alpha1,alpha1|BZD_SITE_102|HIS|hydrophobic_interaction|frequency,frequency,7,45,0.15555555555555556,NA,0.3333333333333333,0.14907119849998596,False
lorazepam,alpha1,alpha1|BZD_SITE_102|HIS|hydrophobic_interaction|frequency,frequency,2,45,0.044444444444444446,NA,0.1111111111111111,0.06085806194501846,False
clonazepam,alpha1,alpha1|BZD_SITE_102|HIS|hydrophobic_interaction|frequency,frequency,0,45,0.0,NA,0.0,0.0,False
midazolam,alpha1,alpha1|BZD_SITE_102|HIS|hydrophobic_interaction|frequency,frequency,6,43,0.13953488372093023,NA,0.2222222222222222,0.09296222517045283,False
temazepam,alpha1,alpha1|BZD_SITE_102|HIS|hydrophobic_interaction|frequency,frequency,3,45,0.06666666666666667,NA,0.1111111111111111,0.06085806194501846,False
zopiclone,alpha1,alpha1|BZD_SITE_102|HIS|hydrophobic_interaction|frequency,frequency,0,45,0.0,NA,0.0,0.0,False
zaleplon,alpha1,alpha1|BZD_SITE_102|HIS|hydrophobic_interaction|frequency,frequency,8,45,0.17777777777777778,NA,0.1111111111111111,0.06085806194501846,False
diazepam,alpha1,alpha1|BZD_SITE_102|HIS|pi_cation_interaction|frequency,frequency,0,45,0.0,NA,0.0,0.0,False
alprazolam,alpha1,alpha1|BZD_SITE_102|HIS|pi_cation_interaction|frequency,frequency,3,35,0.08571428571428572,NA,0.14285714285714285,0.07824607964359516,False
triazolam,alpha1,alpha1|BZD_SITE_102|HIS|pi_cation_interaction|frequency,frequency,0,40,0.0,NA,0.0,0.0,False
zolpidem,alpha1,alpha1|BZD_SITE_102|HIS|pi_cation_interaction|frequency,frequency,1,45,0.022222222222222223,NA,0.1111111111111111,0.04969039949999532,False
lorazepam,alpha1,alpha1|BZD_SITE_102|HIS|pi_cation_interaction|frequency,frequency,0,45,0.0,NA,0.0,0.0,False
clonazepam,alpha1,alpha1|BZD_SITE_102|HIS|pi_cation_interaction|frequency,frequency,0,45,0.0,NA,0.0,0.0,False
midazolam,alpha1,alpha1|BZD_SITE_102|HIS|pi_cation_interaction|frequency,frequency,0,43,0.0,NA,0.0,0.0,False
temazepam,alpha1,alpha1|BZD_SITE_102|HIS|pi_cation_interaction|frequency,frequency,0,45,0.0,NA,0.0,0.0,False
zopiclone,alpha1,alpha1|BZD_SITE_102|HIS|pi_cation_interaction|frequency,frequency,0,45,0.0,NA,0.0,0.0,False
zaleplon,alpha1,alpha1|BZD_SITE_102|HIS|pi_cation_interaction|frequency,frequency,0,45,0.0,NA,0.0,0.0,False
diazepam,alpha1,alpha1|BZD_SITE_102|HIS|pi_stack|frequency,frequency,0,45,0.0,NA,0.0,0.0,False
diazepam,alpha1,alpha1|BZD_SITE_102|HIS|pi_stack|P_frequency,frequency,0,45,0.0,NA,0.0,0.0,False
diazepam,alpha1,alpha1|BZD_SITE_102|HIS|pi_stack|T_frequency,frequency,0,45,0.0,NA,0.0,0.0,False
diazepam,alpha1,alpha1|BZD_SITE_102|HIS|pi_stack|centdist_mean,geometry,NA,45,NA,0,NA,NA,NA
diazepam,alpha1,alpha1|BZD_SITE_102|HIS|pi_stack|angle_mean,geometry,NA,45,NA,0,NA,NA,NA
diazepam,alpha1,alpha1|BZD_SITE_102|HIS|pi_stack|offset_mean,geometry,NA,45,NA,0,NA,NA,NA
alprazolam,alpha1,alpha1|BZD_SITE_102|HIS|pi_stack|frequency,frequency,1,35,0.02857142857142857,NA,0.14285714285714285,0.06388765649999399,False
alprazolam,alpha1,alpha1|BZD_SITE_102|HIS|pi_stack|P_frequency,frequency,0,35,0.0,NA,0.0,0.0,False
alprazolam,alpha1,alpha1|BZD_SITE_102|HIS|pi_stack|T_frequency,frequency,1,35,0.02857142857142857,NA,0.14285714285714285,0.06388765649999399,False
alprazolam,alpha1,alpha1|BZD_SITE_102|HIS|pi_stack|centdist_mean,geometry,NA,35,4.86,1,NA,NA,NA
alprazolam,alpha1,alpha1|BZD_SITE_102|HIS|pi_stack|angle_mean,geometry,NA,35,79.08,1,NA,NA,NA
alprazolam,alpha1,alpha1|BZD_SITE_102|HIS|pi_stack|offset_mean,geometry,NA,35,1.7,1,NA,NA,NA
triazolam,alpha1,alpha1|BZD_SITE_102|HIS|pi_stack|frequency,frequency,1,40,0.025,NA,0.1111111111111111,0.04969039949999532,False
triazolam,alpha1,alpha1|BZD_SITE_102|HIS|pi_stack|P_frequency,frequency,0,40,0.0,NA,0.0,0.0,False
triazolam,alpha1,alpha1|BZD_SITE_102|HIS|pi_stack|T_frequency,frequency,1,40,0.025,NA,0.1111111111111111,0.04969039949999532,False
triazolam,alpha1,alpha1|BZD_SITE_102|HIS|pi_stack|centdist_mean,geometry,NA,40,4.88,1,NA,NA,NA
triazolam,alpha1,alpha1|BZD_SITE_102|HIS|pi_stack|angle_mean,geometry,NA,40,80.44,1,NA,NA,NA
triazolam,alpha1,alpha1|BZD_SITE_102|HIS|pi_stack|offset_mean,geometry,NA,40,1.84,1,NA,NA,NA
zolpidem,alpha1,alpha1|BZD_SITE_102|HIS|pi_stack|frequency,frequency,0,45,0.0,NA,0.0,0.0,False
zolpidem,alpha1,alpha1|BZD_SITE_102|HIS|pi_stack|P_frequency,frequency,0,45,0.0,NA,0.0,0.0,False
zolpidem,alpha1,alpha1|BZD_SITE_102|HIS|pi_stack|T_frequency,frequency,0,45,0.0,NA,0.0,0.0,False
zolpidem,alpha1,alpha1|BZD_SITE_102|HIS|pi_stack|centdist_mean,geometry,NA,45,NA,0,NA,NA,NA
zolpidem,alpha1,alpha1|BZD_SITE_102|HIS|pi_stack|angle_mean,geometry,NA,45,NA,0,NA,NA,NA
zolpidem,alpha1,alpha1|BZD_SITE_102|HIS|pi_stack|offset_mean,geometry,NA,45,NA,0,NA,NA,NA
lorazepam,alpha1,alpha1|BZD_SITE_102|HIS|pi_stack|frequency,frequency,1,45,0.022222222222222223,NA,0.1111111111111111,0.04969039949999532,False
lorazepam,alpha1,alpha1|BZD_SITE_102|HIS|pi_stack|P_frequency,frequency,0,45,0.0,NA,0.0,0.0,False
lorazepam,alpha1,alpha1|BZD_SITE_102|HIS|pi_stack|T_frequency,frequency,1,45,0.022222222222222223,NA,0.1111111111111111,0.04969039949999532,False
lorazepam,alpha1,alpha1|BZD_SITE_102|HIS|pi_stack|centdist_mean,geometry,NA,45,5.33,1,NA,NA,NA
lorazepam,alpha1,alpha1|BZD_SITE_102|HIS|pi_stack|angle_mean,geometry,NA,45,89.09,1,NA,NA,NA
lorazepam,alpha1,alpha1|BZD_SITE_102|HIS|pi_stack|offset_mean,geometry,NA,45,0.76,1,NA,NA,NA
clonazepam,alpha1,alpha1|BZD_SITE_102|HIS|pi_stack|frequency,frequency,0,45,0.0,NA,0.0,0.0,False
clonazepam,alpha1,alpha1|BZD_SITE_102|HIS|pi_stack|P_frequency,frequency,0,45,0.0,NA,0.0,0.0,False
clonazepam,alpha1,alpha1|BZD_SITE_102|HIS|pi_stack|T_frequency,frequency,0,45,0.0,NA,0.0,0.0,False
clonazepam,alpha1,alpha1|BZD_SITE_102|HIS|pi_stack|centdist_mean,geometry,NA,45,NA,0,NA,NA,NA
clonazepam,alpha1,alpha1|BZD_SITE_102|HIS|pi_stack|angle_mean,geometry,NA,45,NA,0,NA,NA,NA
clonazepam,alpha1,alpha1|BZD_SITE_102|HIS|pi_stack|offset_mean,geometry,NA,45,NA,0,NA,NA,NA
midazolam,alpha1,alpha1|BZD_SITE_102|HIS|pi_stack|frequency,frequency,3,43,0.06976744186046512,NA,0.1111111111111111,0.06085806194501846,False
midazolam,alpha1,alpha1|BZD_SITE_102|HIS|pi_stack|P_frequency,frequency,0,43,0.0,NA,0.0,0.0,False
midazolam,alpha1,alpha1|BZD_SITE_102|HIS|pi_stack|T_frequency,frequency,3,43,0.06976744186046512,NA,0.1111111111111111,0.06085806194501846,False
midazolam,alpha1,alpha1|BZD_SITE_102|HIS|pi_stack|centdist_mean,geometry,NA,43,5.0,3,NA,NA,NA
midazolam,alpha1,alpha1|BZD_SITE_102|HIS|pi_stack|angle_mean,geometry,NA,43,61.653333333333336,3,NA,NA,NA
midazolam,alpha1,alpha1|BZD_SITE_102|HIS|pi_stack|offset_mean,geometry,NA,43,1.7999999999999998,3,NA,NA,NA
temazepam,alpha1,alpha1|BZD_SITE_102|HIS|pi_stack|frequency,frequency,0,45,0.0,NA,0.0,0.0,False
temazepam,alpha1,alpha1|BZD_SITE_102|HIS|pi_stack|P_frequency,frequency,0,45,0.0,NA,0.0,0.0,False
temazepam,alpha1,alpha1|BZD_SITE_102|HIS|pi_stack|T_frequency,frequency,0,45,0.0,NA,0.0,0.0,False
temazepam,alpha1,alpha1|BZD_SITE_102|HIS|pi_stack|centdist_mean,geometry,NA,45,NA,0,NA,NA,NA
temazepam,alpha1,alpha1|BZD_SITE_102|HIS|pi_stack|angle_mean,geometry,NA,45,NA,0,NA,NA,NA
temazepam,alpha1,alpha1|BZD_SITE_102|HIS|pi_stack|offset_mean,geometry,NA,45,NA,0,NA,NA,NA
zopiclone,alpha1,alpha1|BZD_SITE_102|HIS|pi_stack|frequency,frequency,4,45,0.08888888888888889,NA,0.1111111111111111,0.049690399499995326,False
zopiclone,alpha1,alpha1|BZD_SITE_102|HIS|pi_stack|P_frequency,frequency,0,45,0.0,NA,0.0,0.0,False
zopiclone,alpha1,alpha1|BZD_SITE_102|HIS|pi_stack|T_frequency,frequency,4,45,0.08888888888888889,NA,0.1111111111111111,0.049690399499995326,False
zopiclone,alpha1,alpha1|BZD_SITE_102|HIS|pi_stack|centdist_mean,geometry,NA,45,5.365,4,NA,NA,NA
zopiclone,alpha1,alpha1|BZD_SITE_102|HIS|pi_stack|angle_mean,geometry,NA,45,70.96249999999999,4,NA,NA,NA
zopiclone,alpha1,alpha1|BZD_SITE_102|HIS|pi_stack|offset_mean,geometry,NA,45,1.8025,4,NA,NA,NA
zaleplon,alpha1,alpha1|BZD_SITE_102|HIS|pi_stack|frequency,frequency,0,45,0.0,NA,0.0,0.0,False
zaleplon,alpha1,alpha1|BZD_SITE_102|HIS|pi_stack|P_frequency,frequency,0,45,0.0,NA,0.0,0.0,False
zaleplon,alpha1,alpha1|BZD_SITE_102|HIS|pi_stack|T_frequency,frequency,0,45,0.0,NA,0.0,0.0,False
zaleplon,alpha1,alpha1|BZD_SITE_102|HIS|pi_stack|centdist_mean,geometry,NA,45,NA,0,NA,NA,NA
zaleplon,alpha1,alpha1|BZD_SITE_102|HIS|pi_stack|angle_mean,geometry,NA,45,NA,0,NA,NA,NA
zaleplon,alpha1,alpha1|BZD_SITE_102|HIS|pi_stack|offset_mean,geometry,NA,45,NA,0,NA,NA,NA
diazepam,alpha1,alpha1|BZD_SITE_103|ASN|hydrogen_bond|frequency,frequency,0,45,0.0,NA,0.0,0.0,False
alprazolam,alpha1,alpha1|BZD_SITE_103|ASN|hydrogen_bond|frequency,frequency,0,35,0.0,NA,0.0,0.0,False
triazolam,alpha1,alpha1|BZD_SITE_103|ASN|hydrogen_bond|frequency,frequency,0,40,0.0,NA,0.0,0.0,False
zolpidem,alpha1,alpha1|BZD_SITE_103|ASN|hydrogen_bond|frequency,frequency,0,45,0.0,NA,0.0,0.0,False
lorazepam,alpha1,alpha1|BZD_SITE_103|ASN|hydrogen_bond|frequency,frequency,1,45,0.022222222222222223,NA,0.1111111111111111,0.04969039949999532,False
clonazepam,alpha1,alpha1|BZD_SITE_103|ASN|hydrogen_bond|frequency,frequency,0,45,0.0,NA,0.0,0.0,False
midazolam,alpha1,alpha1|BZD_SITE_103|ASN|hydrogen_bond|frequency,frequency,0,43,0.0,NA,0.0,0.0,False
temazepam,alpha1,alpha1|BZD_SITE_103|ASN|hydrogen_bond|frequency,frequency,0,45,0.0,NA,0.0,0.0,False
zopiclone,alpha1,alpha1|BZD_SITE_103|ASN|hydrogen_bond|frequency,frequency,0,45,0.0,NA,0.0,0.0,False
zaleplon,alpha1,alpha1|BZD_SITE_103|ASN|hydrogen_bond|frequency,frequency,0,45,0.0,NA,0.0,0.0,False
diazepam,alpha1,alpha1|BZD_SITE_103|ASN|hydrophobic_interaction|frequency,frequency,2,45,0.044444444444444446,NA,0.2222222222222222,0.09938079899999064,False
alprazolam,alpha1,alpha1|BZD_SITE_103|ASN|hydrophobic_interaction|frequency,frequency,0,35,0.0,NA,0.0,0.0,False
triazolam,alpha1,alpha1|BZD_SITE_103|ASN|hydrophobic_interaction|frequency,frequency,0,40,0.0,NA,0.0,0.0,False
zolpidem,alpha1,alpha1|BZD_SITE_103|ASN|hydrophobic_interaction|frequency,frequency,0,45,0.0,NA,0.0,0.0,False
lorazepam,alpha1,alpha1|BZD_SITE_103|ASN|hydrophobic_interaction|frequency,frequency,0,45,0.0,NA,0.0,0.0,False
clonazepam,alpha1,alpha1|BZD_SITE_103|ASN|hydrophobic_interaction|frequency,frequency,0,45,0.0,NA,0.0,0.0,False
midazolam,alpha1,alpha1|BZD_SITE_103|ASN|hydrophobic_interaction|frequency,frequency,0,43,0.0,NA,0.0,0.0,False
temazepam,alpha1,alpha1|BZD_SITE_103|ASN|hydrophobic_interaction|frequency,frequency,0,45,0.0,NA,0.0,0.0,False
zopiclone,alpha1,alpha1|BZD_SITE_103|ASN|hydrophobic_interaction|frequency,frequency,0,45,0.0,NA,0.0,0.0,False
zaleplon,alpha1,alpha1|BZD_SITE_103|ASN|hydrophobic_interaction|frequency,frequency,0,45,0.0,NA,0.0,0.0,False
diazepam,alpha1,alpha1|BZD_SITE_138|GLU|hydrogen_bond|frequency,frequency,0,45,0.0,NA,0.0,0.0,False
alprazolam,alpha1,alpha1|BZD_SITE_138|GLU|hydrogen_bond|frequency,frequency,0,35,0.0,NA,0.0,0.0,False
triazolam,alpha1,alpha1|BZD_SITE_138|GLU|hydrogen_bond|frequency,frequency,0,40,0.0,NA,0.0,0.0,False
zolpidem,alpha1,alpha1|BZD_SITE_138|GLU|hydrogen_bond|frequency,frequency,0,45,0.0,NA,0.0,0.0,False
lorazepam,alpha1,alpha1|BZD_SITE_138|GLU|hydrogen_bond|frequency,frequency,1,45,0.022222222222222223,NA,0.1111111111111111,0.04969039949999532,False
clonazepam,alpha1,alpha1|BZD_SITE_138|GLU|hydrogen_bond|frequency,frequency,0,45,0.0,NA,0.0,0.0,False
midazolam,alpha1,alpha1|BZD_SITE_138|GLU|hydrogen_bond|frequency,frequency,0,43,0.0,NA,0.0,0.0,False
temazepam,alpha1,alpha1|BZD_SITE_138|GLU|hydrogen_bond|frequency,frequency,0,45,0.0,NA,0.0,0.0,False
zopiclone,alpha1,alpha1|BZD_SITE_138|GLU|hydrogen_bond|frequency,frequency,0,45,0.0,NA,0.0,0.0,False
zaleplon,alpha1,alpha1|BZD_SITE_138|GLU|hydrogen_bond|frequency,frequency,0,45,0.0,NA,0.0,0.0,False
diazepam,alpha1,alpha1|BZD_SITE_156|LYS|halogen_bond|frequency,frequency,0,45,0.0,NA,0.0,0.0,False
alprazolam,alpha1,alpha1|BZD_SITE_156|LYS|halogen_bond|frequency,frequency,0,35,0.0,NA,0.0,0.0,False
triazolam,alpha1,alpha1|BZD_SITE_156|LYS|halogen_bond|frequency,frequency,5,40,0.125,NA,0.05555555555555555,0.02282177322938192,False
zolpidem,alpha1,alpha1|BZD_SITE_156|LYS|halogen_bond|frequency,frequency,0,45,0.0,NA,0.0,0.0,False
lorazepam,alpha1,alpha1|BZD_SITE_156|LYS|halogen_bond|frequency,frequency,2,45,0.044444444444444446,NA,0.1111111111111111,0.06085806194501846,False
clonazepam,alpha1,alpha1|BZD_SITE_156|LYS|halogen_bond|frequency,frequency,5,45,0.1111111111111111,NA,0.0,1.5515838457795457e-17,False
midazolam,alpha1,alpha1|BZD_SITE_156|LYS|halogen_bond|frequency,frequency,0,43,0.0,NA,0.0,0.0,False
temazepam,alpha1,alpha1|BZD_SITE_156|LYS|halogen_bond|frequency,frequency,0,45,0.0,NA,0.0,0.0,False
zopiclone,alpha1,alpha1|BZD_SITE_156|LYS|halogen_bond|frequency,frequency,0,45,0.0,NA,0.0,0.0,False
zaleplon,alpha1,alpha1|BZD_SITE_156|LYS|halogen_bond|frequency,frequency,0,45,0.0,NA,0.0,0.0,False
diazepam,alpha1,alpha1|BZD_SITE_156|LYS|hydrogen_bond|frequency,frequency,4,45,0.08888888888888889,NA,0.1111111111111111,0.04969039949999532,False
alprazolam,alpha1,alpha1|BZD_SITE_156|LYS|hydrogen_bond|frequency,frequency,7,35,0.2,NA,0.14285714285714285,0.06606874726434099,False
triazolam,alpha1,alpha1|BZD_SITE_156|LYS|hydrogen_bond|frequency,frequency,6,40,0.15,NA,0.1111111111111111,0.045431742316100344,False
zolpidem,alpha1,alpha1|BZD_SITE_156|LYS|hydrogen_bond|frequency,frequency,0,45,0.0,NA,0.0,0.0,False
lorazepam,alpha1,alpha1|BZD_SITE_156|LYS|hydrogen_bond|frequency,frequency,10,45,0.2222222222222222,NA,0.3333333333333333,0.13608276348795434,False
clonazepam,alpha1,alpha1|BZD_SITE_156|LYS|hydrogen_bond|frequency,frequency,0,45,0.0,NA,0.0,0.0,False
midazolam,alpha1,alpha1|BZD_SITE_156|LYS|hydrogen_bond|frequency,frequency,0,43,0.0,NA,0.0,0.0,False
temazepam,alpha1,alpha1|BZD_SITE_156|LYS|hydrogen_bond|frequency,frequency,3,45,0.06666666666666667,NA,0.2222222222222222,0.09938079899999065,False
zopiclone,alpha1,alpha1|BZD_SITE_156|LYS|hydrogen_bond|frequency,frequency,19,45,0.4222222222222222,NA,0.1111111111111111,0.049690399499995326,False
zaleplon,alpha1,alpha1|BZD_SITE_156|LYS|hydrogen_bond|frequency,frequency,5,45,0.1111111111111111,NA,0.2222222222222222,0.07856742013183861,False
diazepam,alpha1,alpha1|BZD_SITE_156|LYS|hydrophobic_interaction|frequency,frequency,2,45,0.044444444444444446,NA,0.2222222222222222,0.09938079899999064,False
alprazolam,alpha1,alpha1|BZD_SITE_156|LYS|hydrophobic_interaction|frequency,frequency,5,35,0.14285714285714285,NA,0.04166666666666666,0.014821309045224678,False
triazolam,alpha1,alpha1|BZD_SITE_156|LYS|hydrophobic_interaction|frequency,frequency,5,40,0.125,NA,0.05555555555555555,0.02282177322938192,False
zolpidem,alpha1,alpha1|BZD_SITE_156|LYS|hydrophobic_interaction|frequency,frequency,5,45,0.1111111111111111,NA,0.0,1.5515838457795457e-17,False
lorazepam,alpha1,alpha1|BZD_SITE_156|LYS|hydrophobic_interaction|frequency,frequency,0,45,0.0,NA,0.0,0.0,False
clonazepam,alpha1,alpha1|BZD_SITE_156|LYS|hydrophobic_interaction|frequency,frequency,0,45,0.0,NA,0.0,0.0,False
midazolam,alpha1,alpha1|BZD_SITE_156|LYS|hydrophobic_interaction|frequency,frequency,3,43,0.06976744186046512,NA,0.1111111111111111,0.06085806194501846,False
temazepam,alpha1,alpha1|BZD_SITE_156|LYS|hydrophobic_interaction|frequency,frequency,0,45,0.0,NA,0.0,0.0,False
zopiclone,alpha1,alpha1|BZD_SITE_156|LYS|hydrophobic_interaction|frequency,frequency,0,45,0.0,NA,0.0,0.0,False
zaleplon,alpha1,alpha1|BZD_SITE_156|LYS|hydrophobic_interaction|frequency,frequency,4,45,0.08888888888888889,NA,0.1111111111111111,0.04969039949999532,False
diazepam,alpha1,alpha1|BZD_SITE_156|LYS|pi_cation_interaction|frequency,frequency,2,45,0.044444444444444446,NA,0.1111111111111111,0.06085806194501846,False
alprazolam,alpha1,alpha1|BZD_SITE_156|LYS|pi_cation_interaction|frequency,frequency,2,35,0.05714285714285714,NA,0.14285714285714285,0.07362688617174393,False
triazolam,alpha1,alpha1|BZD_SITE_156|LYS|pi_cation_interaction|frequency,frequency,3,40,0.075,NA,0.2222222222222222,0.09938079899999065,False
zolpidem,alpha1,alpha1|BZD_SITE_156|LYS|pi_cation_interaction|frequency,frequency,0,45,0.0,NA,0.0,0.0,False
lorazepam,alpha1,alpha1|BZD_SITE_156|LYS|pi_cation_interaction|frequency,frequency,2,45,0.044444444444444446,NA,0.1111111111111111,0.06085806194501846,False
clonazepam,alpha1,alpha1|BZD_SITE_156|LYS|pi_cation_interaction|frequency,frequency,3,45,0.06666666666666667,NA,0.1111111111111111,0.06085806194501846,False
midazolam,alpha1,alpha1|BZD_SITE_156|LYS|pi_cation_interaction|frequency,frequency,5,43,0.11627906976744186,NA,0.2222222222222222,0.1111111111111111,False
temazepam,alpha1,alpha1|BZD_SITE_156|LYS|pi_cation_interaction|frequency,frequency,1,45,0.022222222222222223,NA,0.1111111111111111,0.04969039949999532,False
zopiclone,alpha1,alpha1|BZD_SITE_156|LYS|pi_cation_interaction|frequency,frequency,0,45,0.0,NA,0.0,0.0,False
zaleplon,alpha1,alpha1|BZD_SITE_156|LYS|pi_cation_interaction|frequency,frequency,0,45,0.0,NA,0.0,0.0,False
diazepam,alpha1,alpha1|BZD_SITE_160|TYR|halogen_bond|frequency,frequency,1,45,0.022222222222222223,NA,0.1111111111111111,0.04969039949999532,False
alprazolam,alpha1,alpha1|BZD_SITE_160|TYR|halogen_bond|frequency,frequency,0,35,0.0,NA,0.0,0.0,False
triazolam,alpha1,alpha1|BZD_SITE_160|TYR|halogen_bond|frequency,frequency,0,40,0.0,NA,0.0,0.0,False
zolpidem,alpha1,alpha1|BZD_SITE_160|TYR|halogen_bond|frequency,frequency,0,45,0.0,NA,0.0,0.0,False
lorazepam,alpha1,alpha1|BZD_SITE_160|TYR|halogen_bond|frequency,frequency,0,45,0.0,NA,0.0,0.0,False
clonazepam,alpha1,alpha1|BZD_SITE_160|TYR|halogen_bond|frequency,frequency,0,45,0.0,NA,0.0,0.0,False
midazolam,alpha1,alpha1|BZD_SITE_160|TYR|halogen_bond|frequency,frequency,3,43,0.06976744186046512,NA,0.14285714285714285,0.06790237979748392,False
temazepam,alpha1,alpha1|BZD_SITE_160|TYR|halogen_bond|frequency,frequency,0,45,0.0,NA,0.0,0.0,False
zopiclone,alpha1,alpha1|BZD_SITE_160|TYR|halogen_bond|frequency,frequency,0,45,0.0,NA,0.0,0.0,False
zaleplon,alpha1,alpha1|BZD_SITE_160|TYR|halogen_bond|frequency,frequency,0,45,0.0,NA,0.0,0.0,False
diazepam,alpha1,alpha1|BZD_SITE_160|TYR|hydrophobic_interaction|frequency,frequency,10,45,0.2222222222222222,NA,0.0,3.1031676915590914e-17,False
alprazolam,alpha1,alpha1|BZD_SITE_160|TYR|hydrophobic_interaction|frequency,frequency,8,35,0.22857142857142856,NA,0.14285714285714285,0.06734350297014738,False
triazolam,alpha1,alpha1|BZD_SITE_160|TYR|hydrophobic_interaction|frequency,frequency,9,40,0.225,NA,0.08333333333333334,0.03402069087198859,False
zolpidem,alpha1,alpha1|BZD_SITE_160|TYR|hydrophobic_interaction|frequency,frequency,28,45,0.6222222222222222,NA,0.2222222222222222,0.09938079899999064,False
lorazepam,alpha1,alpha1|BZD_SITE_160|TYR|hydrophobic_interaction|frequency,frequency,6,45,0.13333333333333333,NA,0.1111111111111111,0.049690399499995326,False
clonazepam,alpha1,alpha1|BZD_SITE_160|TYR|hydrophobic_interaction|frequency,frequency,14,45,0.3111111111111111,NA,0.4444444444444445,0.16480441082434807,True
midazolam,alpha1,alpha1|BZD_SITE_160|TYR|hydrophobic_interaction|frequency,frequency,8,43,0.18604651162790697,NA,0.1111111111111111,0.053357893060227334,False
temazepam,alpha1,alpha1|BZD_SITE_160|TYR|hydrophobic_interaction|frequency,frequency,9,45,0.2,NA,0.2222222222222222,0.09296222517045284,False
zopiclone,alpha1,alpha1|BZD_SITE_160|TYR|hydrophobic_interaction|frequency,frequency,7,45,0.15555555555555556,NA,0.2222222222222222,0.09938079899999064,False
zaleplon,alpha1,alpha1|BZD_SITE_160|TYR|hydrophobic_interaction|frequency,frequency,21,45,0.4666666666666667,NA,0.11111111111111116,0.04969039949999535,False
diazepam,alpha1,alpha1|BZD_SITE_160|TYR|pi_stack|frequency,frequency,0,45,0.0,NA,0.0,0.0,False
diazepam,alpha1,alpha1|BZD_SITE_160|TYR|pi_stack|P_frequency,frequency,0,45,0.0,NA,0.0,0.0,False
diazepam,alpha1,alpha1|BZD_SITE_160|TYR|pi_stack|T_frequency,frequency,0,45,0.0,NA,0.0,0.0,False
diazepam,alpha1,alpha1|BZD_SITE_160|TYR|pi_stack|centdist_mean,geometry,NA,45,NA,0,NA,NA,NA
diazepam,alpha1,alpha1|BZD_SITE_160|TYR|pi_stack|angle_mean,geometry,NA,45,NA,0,NA,NA,NA
diazepam,alpha1,alpha1|BZD_SITE_160|TYR|pi_stack|offset_mean,geometry,NA,45,NA,0,NA,NA,NA
alprazolam,alpha1,alpha1|BZD_SITE_160|TYR|pi_stack|frequency,frequency,1,35,0.02857142857142857,NA,0.16666666666666666,0.07453559924999299,False
alprazolam,alpha1,alpha1|BZD_SITE_160|TYR|pi_stack|P_frequency,frequency,1,35,0.02857142857142857,NA,0.16666666666666666,0.07453559924999299,False
alprazolam,alpha1,alpha1|BZD_SITE_160|TYR|pi_stack|T_frequency,frequency,0,35,0.0,NA,0.0,0.0,False
alprazolam,alpha1,alpha1|BZD_SITE_160|TYR|pi_stack|centdist_mean,geometry,NA,35,4.51,1,NA,NA,NA
alprazolam,alpha1,alpha1|BZD_SITE_160|TYR|pi_stack|angle_mean,geometry,NA,35,11.49,1,NA,NA,NA
alprazolam,alpha1,alpha1|BZD_SITE_160|TYR|pi_stack|offset_mean,geometry,NA,35,1.89,1,NA,NA,NA
triazolam,alpha1,alpha1|BZD_SITE_160|TYR|pi_stack|frequency,frequency,0,40,0.0,NA,0.0,0.0,False
triazolam,alpha1,alpha1|BZD_SITE_160|TYR|pi_stack|P_frequency,frequency,0,40,0.0,NA,0.0,0.0,False
triazolam,alpha1,alpha1|BZD_SITE_160|TYR|pi_stack|T_frequency,frequency,0,40,0.0,NA,0.0,0.0,False
triazolam,alpha1,alpha1|BZD_SITE_160|TYR|pi_stack|centdist_mean,geometry,NA,40,NA,0,NA,NA,NA
triazolam,alpha1,alpha1|BZD_SITE_160|TYR|pi_stack|angle_mean,geometry,NA,40,NA,0,NA,NA,NA
triazolam,alpha1,alpha1|BZD_SITE_160|TYR|pi_stack|offset_mean,geometry,NA,40,NA,0,NA,NA,NA
zolpidem,alpha1,alpha1|BZD_SITE_160|TYR|pi_stack|frequency,frequency,0,45,0.0,NA,0.0,0.0,False
zolpidem,alpha1,alpha1|BZD_SITE_160|TYR|pi_stack|P_frequency,frequency,0,45,0.0,NA,0.0,0.0,False
zolpidem,alpha1,alpha1|BZD_SITE_160|TYR|pi_stack|T_frequency,frequency,0,45,0.0,NA,0.0,0.0,False
zolpidem,alpha1,alpha1|BZD_SITE_160|TYR|pi_stack|centdist_mean,geometry,NA,45,NA,0,NA,NA,NA
zolpidem,alpha1,alpha1|BZD_SITE_160|TYR|pi_stack|angle_mean,geometry,NA,45,NA,0,NA,NA,NA
zolpidem,alpha1,alpha1|BZD_SITE_160|TYR|pi_stack|offset_mean,geometry,NA,45,NA,0,NA,NA,NA
lorazepam,alpha1,alpha1|BZD_SITE_160|TYR|pi_stack|frequency,frequency,0,45,0.0,NA,0.0,0.0,False
lorazepam,alpha1,alpha1|BZD_SITE_160|TYR|pi_stack|P_frequency,frequency,0,45,0.0,NA,0.0,0.0,False
lorazepam,alpha1,alpha1|BZD_SITE_160|TYR|pi_stack|T_frequency,frequency,0,45,0.0,NA,0.0,0.0,False
lorazepam,alpha1,alpha1|BZD_SITE_160|TYR|pi_stack|centdist_mean,geometry,NA,45,NA,0,NA,NA,NA
lorazepam,alpha1,alpha1|BZD_SITE_160|TYR|pi_stack|angle_mean,geometry,NA,45,NA,0,NA,NA,NA
lorazepam,alpha1,alpha1|BZD_SITE_160|TYR|pi_stack|offset_mean,geometry,NA,45,NA,0,NA,NA,NA
clonazepam,alpha1,alpha1|BZD_SITE_160|TYR|pi_stack|frequency,frequency,0,45,0.0,NA,0.0,0.0,False
clonazepam,alpha1,alpha1|BZD_SITE_160|TYR|pi_stack|P_frequency,frequency,0,45,0.0,NA,0.0,0.0,False
clonazepam,alpha1,alpha1|BZD_SITE_160|TYR|pi_stack|T_frequency,frequency,0,45,0.0,NA,0.0,0.0,False
clonazepam,alpha1,alpha1|BZD_SITE_160|TYR|pi_stack|centdist_mean,geometry,NA,45,NA,0,NA,NA,NA
clonazepam,alpha1,alpha1|BZD_SITE_160|TYR|pi_stack|angle_mean,geometry,NA,45,NA,0,NA,NA,NA
clonazepam,alpha1,alpha1|BZD_SITE_160|TYR|pi_stack|offset_mean,geometry,NA,45,NA,0,NA,NA,NA
midazolam,alpha1,alpha1|BZD_SITE_160|TYR|pi_stack|frequency,frequency,0,43,0.0,NA,0.0,0.0,False
midazolam,alpha1,alpha1|BZD_SITE_160|TYR|pi_stack|P_frequency,frequency,0,43,0.0,NA,0.0,0.0,False
midazolam,alpha1,alpha1|BZD_SITE_160|TYR|pi_stack|T_frequency,frequency,0,43,0.0,NA,0.0,0.0,False
midazolam,alpha1,alpha1|BZD_SITE_160|TYR|pi_stack|centdist_mean,geometry,NA,43,NA,0,NA,NA,NA
midazolam,alpha1,alpha1|BZD_SITE_160|TYR|pi_stack|angle_mean,geometry,NA,43,NA,0,NA,NA,NA
midazolam,alpha1,alpha1|BZD_SITE_160|TYR|pi_stack|offset_mean,geometry,NA,43,NA,0,NA,NA,NA
temazepam,alpha1,alpha1|BZD_SITE_160|TYR|pi_stack|frequency,frequency,0,45,0.0,NA,0.0,0.0,False
temazepam,alpha1,alpha1|BZD_SITE_160|TYR|pi_stack|P_frequency,frequency,0,45,0.0,NA,0.0,0.0,False
temazepam,alpha1,alpha1|BZD_SITE_160|TYR|pi_stack|T_frequency,frequency,0,45,0.0,NA,0.0,0.0,False
temazepam,alpha1,alpha1|BZD_SITE_160|TYR|pi_stack|centdist_mean,geometry,NA,45,NA,0,NA,NA,NA
temazepam,alpha1,alpha1|BZD_SITE_160|TYR|pi_stack|angle_mean,geometry,NA,45,NA,0,NA,NA,NA
temazepam,alpha1,alpha1|BZD_SITE_160|TYR|pi_stack|offset_mean,geometry,NA,45,NA,0,NA,NA,NA
zopiclone,alpha1,alpha1|BZD_SITE_160|TYR|pi_stack|frequency,frequency,0,45,0.0,NA,0.0,0.0,False
zopiclone,alpha1,alpha1|BZD_SITE_160|TYR|pi_stack|P_frequency,frequency,0,45,0.0,NA,0.0,0.0,False
zopiclone,alpha1,alpha1|BZD_SITE_160|TYR|pi_stack|T_frequency,frequency,0,45,0.0,NA,0.0,0.0,False
zopiclone,alpha1,alpha1|BZD_SITE_160|TYR|pi_stack|centdist_mean,geometry,NA,45,NA,0,NA,NA,NA
zopiclone,alpha1,alpha1|BZD_SITE_160|TYR|pi_stack|angle_mean,geometry,NA,45,NA,0,NA,NA,NA
zopiclone,alpha1,alpha1|BZD_SITE_160|TYR|pi_stack|offset_mean,geometry,NA,45,NA,0,NA,NA,NA
zaleplon,alpha1,alpha1|BZD_SITE_160|TYR|pi_stack|frequency,frequency,0,45,0.0,NA,0.0,0.0,False
zaleplon,alpha1,alpha1|BZD_SITE_160|TYR|pi_stack|P_frequency,frequency,0,45,0.0,NA,0.0,0.0,False
zaleplon,alpha1,alpha1|BZD_SITE_160|TYR|pi_stack|T_frequency,frequency,0,45,0.0,NA,0.0,0.0,False
zaleplon,alpha1,alpha1|BZD_SITE_160|TYR|pi_stack|centdist_mean,geometry,NA,45,NA,0,NA,NA,NA
zaleplon,alpha1,alpha1|BZD_SITE_160|TYR|pi_stack|angle_mean,geometry,NA,45,NA,0,NA,NA,NA
zaleplon,alpha1,alpha1|BZD_SITE_160|TYR|pi_stack|offset_mean,geometry,NA,45,NA,0,NA,NA,NA
diazepam,alpha1,alpha1|BZD_SITE_203|VAL|halogen_bond|frequency,frequency,0,45,0.0,NA,0.0,0.0,False
alprazolam,alpha1,alpha1|BZD_SITE_203|VAL|halogen_bond|frequency,frequency,0,35,0.0,NA,0.0,0.0,False
triazolam,alpha1,alpha1|BZD_SITE_203|VAL|halogen_bond|frequency,frequency,0,40,0.0,NA,0.0,0.0,False
zolpidem,alpha1,alpha1|BZD_SITE_203|VAL|halogen_bond|frequency,frequency,0,45,0.0,NA,0.0,0.0,False
lorazepam,alpha1,alpha1|BZD_SITE_203|VAL|halogen_bond|frequency,frequency,1,45,0.022222222222222223,NA,0.1111111111111111,0.04969039949999532,False
clonazepam,alpha1,alpha1|BZD_SITE_203|VAL|halogen_bond|frequency,frequency,0,45,0.0,NA,0.0,0.0,False
midazolam,alpha1,alpha1|BZD_SITE_203|VAL|halogen_bond|frequency,frequency,0,43,0.0,NA,0.0,0.0,False
temazepam,alpha1,alpha1|BZD_SITE_203|VAL|halogen_bond|frequency,frequency,0,45,0.0,NA,0.0,0.0,False
zopiclone,alpha1,alpha1|BZD_SITE_203|VAL|halogen_bond|frequency,frequency,0,45,0.0,NA,0.0,0.0,False
zaleplon,alpha1,alpha1|BZD_SITE_203|VAL|halogen_bond|frequency,frequency,0,45,0.0,NA,0.0,0.0,False
diazepam,alpha1,alpha1|BZD_SITE_203|VAL|hydrophobic_interaction|frequency,frequency,23,45,0.5111111111111111,NA,0.33333333333333337,0.14907119849998599,False
alprazolam,alpha1,alpha1|BZD_SITE_203|VAL|hydrophobic_interaction|frequency,frequency,22,35,0.6285714285714286,NA,0.2142857142857143,0.0927884361197613,False
triazolam,alpha1,alpha1|BZD_SITE_203|VAL|hydrophobic_interaction|frequency,frequency,27,40,0.675,NA,0.33333333333333326,0.12752087701264475,False
zolpidem,alpha1,alpha1|BZD_SITE_203|VAL|hydrophobic_interaction|frequency,frequency,29,45,0.6444444444444445,NA,0.33333333333333337,0.14487116456005886,False
lorazepam,alpha1,alpha1|BZD_SITE_203|VAL|hydrophobic_interaction|frequency,frequency,34,45,0.7555555555555555,NA,0.33333333333333326,0.14487116456005883,False
clonazepam,alpha1,alpha1|BZD_SITE_203|VAL|hydrophobic_interaction|frequency,frequency,25,45,0.5555555555555556,NA,0.2222222222222222,0.1111111111111111,False
midazolam,alpha1,alpha1|BZD_SITE_203|VAL|hydrophobic_interaction|frequency,frequency,27,43,0.627906976744186,NA,0.15873015873015872,0.07221786137191952,False
temazepam,alpha1,alpha1|BZD_SITE_203|VAL|hydrophobic_interaction|frequency,frequency,36,45,0.8,NA,0.33333333333333326,0.14487116456005883,False
zopiclone,alpha1,alpha1|BZD_SITE_203|VAL|hydrophobic_interaction|frequency,frequency,14,45,0.3111111111111111,NA,0.2222222222222222,0.09296222517045284,False
zaleplon,alpha1,alpha1|BZD_SITE_203|VAL|hydrophobic_interaction|frequency,frequency,27,45,0.6,NA,0.11111111111111105,0.06085806194501842,False
diazepam,alpha1,alpha1|BZD_SITE_204|GLN|halogen_bond|frequency,frequency,1,45,0.022222222222222223,NA,0.1111111111111111,0.04969039949999532,False
alprazolam,alpha1,alpha1|BZD_SITE_204|GLN|halogen_bond|frequency,frequency,0,35,0.0,NA,0.0,0.0,False
triazolam,alpha1,alpha1|BZD_SITE_204|GLN|halogen_bond|frequency,frequency,0,40,0.0,NA,0.0,0.0,False
zolpidem,alpha1,alpha1|BZD_SITE_204|GLN|halogen_bond|frequency,frequency,0,45,0.0,NA,0.0,0.0,False
lorazepam,alpha1,alpha1|BZD_SITE_204|GLN|halogen_bond|frequency,frequency,0,45,0.0,NA,0.0,0.0,False
clonazepam,alpha1,alpha1|BZD_SITE_204|GLN|halogen_bond|frequency,frequency,1,45,0.022222222222222223,NA,0.1111111111111111,0.04969039949999532,False
midazolam,alpha1,alpha1|BZD_SITE_204|GLN|halogen_bond|frequency,frequency,0,43,0.0,NA,0.0,0.0,False
temazepam,alpha1,alpha1|BZD_SITE_204|GLN|halogen_bond|frequency,frequency,0,45,0.0,NA,0.0,0.0,False
zopiclone,alpha1,alpha1|BZD_SITE_204|GLN|halogen_bond|frequency,frequency,0,45,0.0,NA,0.0,0.0,False
zaleplon,alpha1,alpha1|BZD_SITE_204|GLN|halogen_bond|frequency,frequency,0,45,0.0,NA,0.0,0.0,False
diazepam,alpha1,alpha1|BZD_SITE_204|GLN|hydrogen_bond|frequency,frequency,0,45,0.0,NA,0.0,0.0,False
alprazolam,alpha1,alpha1|BZD_SITE_204|GLN|hydrogen_bond|frequency,frequency,5,35,0.14285714285714285,NA,0.04166666666666666,0.014821309045224678,False
triazolam,alpha1,alpha1|BZD_SITE_204|GLN|hydrogen_bond|frequency,frequency,0,40,0.0,NA,0.0,0.0,False
zolpidem,alpha1,alpha1|BZD_SITE_204|GLN|hydrogen_bond|frequency,frequency,0,45,0.0,NA,0.0,0.0,False
lorazepam,alpha1,alpha1|BZD_SITE_204|GLN|hydrogen_bond|frequency,frequency,0,45,0.0,NA,0.0,0.0,False
clonazepam,alpha1,alpha1|BZD_SITE_204|GLN|hydrogen_bond|frequency,frequency,0,45,0.0,NA,0.0,0.0,False
midazolam,alpha1,alpha1|BZD_SITE_204|GLN|hydrogen_bond|frequency,frequency,0,43,0.0,NA,0.0,0.0,False
temazepam,alpha1,alpha1|BZD_SITE_204|GLN|hydrogen_bond|frequency,frequency,3,45,0.06666666666666667,NA,0.2222222222222222,0.09938079899999065,False
zopiclone,alpha1,alpha1|BZD_SITE_204|GLN|hydrogen_bond|frequency,frequency,0,45,0.0,NA,0.0,0.0,False
zaleplon,alpha1,alpha1|BZD_SITE_204|GLN|hydrogen_bond|frequency,frequency,0,45,0.0,NA,0.0,0.0,False
diazepam,alpha1,alpha1|BZD_SITE_204|GLN|hydrophobic_interaction|frequency,frequency,0,45,0.0,NA,0.0,0.0,False
alprazolam,alpha1,alpha1|BZD_SITE_204|GLN|hydrophobic_interaction|frequency,frequency,1,35,0.02857142857142857,NA,0.125,0.055901699437494755,False
triazolam,alpha1,alpha1|BZD_SITE_204|GLN|hydrophobic_interaction|frequency,frequency,0,40,0.0,NA,0.0,0.0,False
zolpidem,alpha1,alpha1|BZD_SITE_204|GLN|hydrophobic_interaction|frequency,frequency,0,45,0.0,NA,0.0,0.0,False
lorazepam,alpha1,alpha1|BZD_SITE_204|GLN|hydrophobic_interaction|frequency,frequency,0,45,0.0,NA,0.0,0.0,False
clonazepam,alpha1,alpha1|BZD_SITE_204|GLN|hydrophobic_interaction|frequency,frequency,0,45,0.0,NA,0.0,0.0,False
midazolam,alpha1,alpha1|BZD_SITE_204|GLN|hydrophobic_interaction|frequency,frequency,0,43,0.0,NA,0.0,0.0,False
temazepam,alpha1,alpha1|BZD_SITE_204|GLN|hydrophobic_interaction|frequency,frequency,0,45,0.0,NA,0.0,0.0,False
zopiclone,alpha1,alpha1|BZD_SITE_204|GLN|hydrophobic_interaction|frequency,frequency,0,45,0.0,NA,0.0,0.0,False
zaleplon,alpha1,alpha1|BZD_SITE_204|GLN|hydrophobic_interaction|frequency,frequency,0,45,0.0,NA,0.0,0.0,False
diazepam,alpha1,alpha1|BZD_SITE_205|SER|hydrogen_bond|frequency,frequency,8,45,0.17777777777777778,NA,0.1111111111111111,0.06085806194501846,False
alprazolam,alpha1,alpha1|BZD_SITE_205|SER|hydrogen_bond|frequency,frequency,12,35,0.34285714285714286,NA,0.17857142857142855,0.08161493571906003,False
triazolam,alpha1,alpha1|BZD_SITE_205|SER|hydrogen_bond|frequency,frequency,10,40,0.25,NA,0.16666666666666666,0.06022078719077444,False
zolpidem,alpha1,alpha1|BZD_SITE_205|SER|hydrogen_bond|frequency,frequency,30,45,0.6666666666666666,NA,0.0,0.0,False
lorazepam,alpha1,alpha1|BZD_SITE_205|SER|hydrogen_bond|frequency,frequency,7,45,0.15555555555555556,NA,0.1111111111111111,0.06085806194501845,False
clonazepam,alpha1,alpha1|BZD_SITE_205|SER|hydrogen_bond|frequency,frequency,12,45,0.26666666666666666,NA,0.3333333333333333,0.12668615834434865,False
midazolam,alpha1,alpha1|BZD_SITE_205|SER|hydrogen_bond|frequency,frequency,9,43,0.20930232558139536,NA,0.2222222222222222,0.10076552538478652,False
temazepam,alpha1,alpha1|BZD_SITE_205|SER|hydrogen_bond|frequency,frequency,11,45,0.24444444444444444,NA,0.3333333333333333,0.12171612389003691,False
zopiclone,alpha1,alpha1|BZD_SITE_205|SER|hydrogen_bond|frequency,frequency,23,45,0.5111111111111111,NA,0.11111111111111116,0.060858061945018485,False
zaleplon,alpha1,alpha1|BZD_SITE_205|SER|hydrogen_bond|frequency,frequency,6,45,0.13333333333333333,NA,0.2222222222222222,0.09296222517045283,False
diazepam,alpha1,alpha1|BZD_SITE_206|SER|hydrogen_bond|frequency,frequency,0,45,0.0,NA,0.0,0.0,False
alprazolam,alpha1,alpha1|BZD_SITE_206|SER|hydrogen_bond|frequency,frequency,3,35,0.08571428571428572,NA,0.16666666666666666,0.08316309141225228,False
triazolam,alpha1,alpha1|BZD_SITE_206|SER|hydrogen_bond|frequency,frequency,2,40,0.05,NA,0.16666666666666666,0.08122328620674137,False
zolpidem,alpha1,alpha1|BZD_SITE_206|SER|hydrogen_bond|frequency,frequency,0,45,0.0,NA,0.0,0.0,False
lorazepam,alpha1,alpha1|BZD_SITE_206|SER|hydrogen_bond|frequency,frequency,3,45,0.06666666666666667,NA,0.1111111111111111,0.06085806194501846,False
clonazepam,alpha1,alpha1|BZD_SITE_206|SER|hydrogen_bond|frequency,frequency,3,45,0.06666666666666667,NA,0.1111111111111111,0.06085806194501846,False
midazolam,alpha1,alpha1|BZD_SITE_206|SER|hydrogen_bond|frequency,frequency,0,43,0.0,NA,0.0,0.0,False
temazepam,alpha1,alpha1|BZD_SITE_206|SER|hydrogen_bond|frequency,frequency,9,45,0.2,NA,0.2222222222222222,0.09296222517045283,False
zopiclone,alpha1,alpha1|BZD_SITE_206|SER|hydrogen_bond|frequency,frequency,4,45,0.08888888888888889,NA,0.1111111111111111,0.049690399499995326,False
zaleplon,alpha1,alpha1|BZD_SITE_206|SER|hydrogen_bond|frequency,frequency,4,45,0.08888888888888889,NA,0.2222222222222222,0.09296222517045283,False
diazepam,alpha1,alpha1|BZD_SITE_207|THR|hydrogen_bond|frequency,frequency,6,45,0.13333333333333333,NA,0.1111111111111111,0.049690399499995326,False
alprazolam,alpha1,alpha1|BZD_SITE_207|THR|hydrogen_bond|frequency,frequency,0,35,0.0,NA,0.0,0.0,False
triazolam,alpha1,alpha1|BZD_SITE_207|THR|hydrogen_bond|frequency,frequency,0,40,0.0,NA,0.0,0.0,False
zolpidem,alpha1,alpha1|BZD_SITE_207|THR|hydrogen_bond|frequency,frequency,0,45,0.0,NA,0.0,0.0,False
lorazepam,alpha1,alpha1|BZD_SITE_207|THR|hydrogen_bond|frequency,frequency,4,45,0.08888888888888889,NA,0.1111111111111111,0.049690399499995326,False
clonazepam,alpha1,alpha1|BZD_SITE_207|THR|hydrogen_bond|frequency,frequency,0,45,0.0,NA,0.0,0.0,False
midazolam,alpha1,alpha1|BZD_SITE_207|THR|hydrogen_bond|frequency,frequency,0,43,0.0,NA,0.0,0.0,False
temazepam,alpha1,alpha1|BZD_SITE_207|THR|hydrogen_bond|frequency,frequency,0,45,0.0,NA,0.0,0.0,False
zopiclone,alpha1,alpha1|BZD_SITE_207|THR|hydrogen_bond|frequency,frequency,1,45,0.022222222222222223,NA,0.1111111111111111,0.04969039949999532,False
zaleplon,alpha1,alpha1|BZD_SITE_207|THR|hydrogen_bond|frequency,frequency,3,45,0.06666666666666667,NA,0.2222222222222222,0.09938079899999065,False
diazepam,alpha1,alpha1|BZD_SITE_207|THR|hydrophobic_interaction|frequency,frequency,0,45,0.0,NA,0.0,0.0,False
alprazolam,alpha1,alpha1|BZD_SITE_207|THR|hydrophobic_interaction|frequency,frequency,1,35,0.02857142857142857,NA,0.16666666666666666,0.07453559924999299,False
triazolam,alpha1,alpha1|BZD_SITE_207|THR|hydrophobic_interaction|frequency,frequency,0,40,0.0,NA,0.0,0.0,False
zolpidem,alpha1,alpha1|BZD_SITE_207|THR|hydrophobic_interaction|frequency,frequency,12,45,0.26666666666666666,NA,0.1111111111111111,0.06085806194501846,False
lorazepam,alpha1,alpha1|BZD_SITE_207|THR|hydrophobic_interaction|frequency,frequency,3,45,0.06666666666666667,NA,0.1111111111111111,0.06085806194501846,False
clonazepam,alpha1,alpha1|BZD_SITE_207|THR|hydrophobic_interaction|frequency,frequency,3,45,0.06666666666666667,NA,0.1111111111111111,0.06085806194501846,False
midazolam,alpha1,alpha1|BZD_SITE_207|THR|hydrophobic_interaction|frequency,frequency,0,43,0.0,NA,0.0,0.0,False
temazepam,alpha1,alpha1|BZD_SITE_207|THR|hydrophobic_interaction|frequency,frequency,3,45,0.06666666666666667,NA,0.1111111111111111,0.06085806194501846,False
zopiclone,alpha1,alpha1|BZD_SITE_207|THR|hydrophobic_interaction|frequency,frequency,0,45,0.0,NA,0.0,0.0,False
zaleplon,alpha1,alpha1|BZD_SITE_207|THR|hydrophobic_interaction|frequency,frequency,6,45,0.13333333333333333,NA,0.2222222222222222,0.09296222517045283,False
diazepam,alpha1,alpha1|BZD_SITE_210|TYR|hydrogen_bond|frequency,frequency,0,45,0.0,NA,0.0,0.0,False
alprazolam,alpha1,alpha1|BZD_SITE_210|TYR|hydrogen_bond|frequency,frequency,0,35,0.0,NA,0.0,0.0,False
triazolam,alpha1,alpha1|BZD_SITE_210|TYR|hydrogen_bond|frequency,frequency,0,40,0.0,NA,0.0,0.0,False
zolpidem,alpha1,alpha1|BZD_SITE_210|TYR|hydrogen_bond|frequency,frequency,0,45,0.0,NA,0.0,0.0,False
lorazepam,alpha1,alpha1|BZD_SITE_210|TYR|hydrogen_bond|frequency,frequency,1,45,0.022222222222222223,NA,0.1111111111111111,0.04969039949999532,False
clonazepam,alpha1,alpha1|BZD_SITE_210|TYR|hydrogen_bond|frequency,frequency,0,45,0.0,NA,0.0,0.0,False
midazolam,alpha1,alpha1|BZD_SITE_210|TYR|hydrogen_bond|frequency,frequency,0,43,0.0,NA,0.0,0.0,False
temazepam,alpha1,alpha1|BZD_SITE_210|TYR|hydrogen_bond|frequency,frequency,0,45,0.0,NA,0.0,0.0,False
zopiclone,alpha1,alpha1|BZD_SITE_210|TYR|hydrogen_bond|frequency,frequency,0,45,0.0,NA,0.0,0.0,False
zaleplon,alpha1,alpha1|BZD_SITE_210|TYR|hydrogen_bond|frequency,frequency,0,45,0.0,NA,0.0,0.0,False
diazepam,alpha1,alpha1|BZD_SITE_210|TYR|hydrophobic_interaction|frequency,frequency,9,45,0.2,NA,0.1111111111111111,0.049690399499995326,False
alprazolam,alpha1,alpha1|BZD_SITE_210|TYR|hydrophobic_interaction|frequency,frequency,16,35,0.45714285714285713,NA,0.1964285714285714,0.0761811750275055,False
triazolam,alpha1,alpha1|BZD_SITE_210|TYR|hydrophobic_interaction|frequency,frequency,16,40,0.4,NA,0.33333333333333337,0.14163943093313291,False
zolpidem,alpha1,alpha1|BZD_SITE_210|TYR|hydrophobic_interaction|frequency,frequency,12,45,0.26666666666666666,NA,0.2222222222222222,0.09938079899999065,False
lorazepam,alpha1,alpha1|BZD_SITE_210|TYR|hydrophobic_interaction|frequency,frequency,13,45,0.28888888888888886,NA,0.1111111111111111,0.06085806194501846,False
clonazepam,alpha1,alpha1|BZD_SITE_210|TYR|hydrophobic_interaction|frequency,frequency,11,45,0.24444444444444444,NA,0.1111111111111111,0.04969039949999532,False
midazolam,alpha1,alpha1|BZD_SITE_210|TYR|hydrophobic_interaction|frequency,frequency,20,43,0.46511627906976744,NA,0.12698412698412698,0.05678902799999466,False
temazepam,alpha1,alpha1|BZD_SITE_210|TYR|hydrophobic_interaction|frequency,frequency,13,45,0.28888888888888886,NA,0.3333333333333333,0.12668615834434865,False
zopiclone,alpha1,alpha1|BZD_SITE_210|TYR|hydrophobic_interaction|frequency,frequency,3,45,0.06666666666666667,NA,0.1111111111111111,0.06085806194501846,False
zaleplon,alpha1,alpha1|BZD_SITE_210|TYR|hydrophobic_interaction|frequency,frequency,16,45,0.35555555555555557,NA,0.1111111111111111,0.04969039949999532,False
diazepam,alpha1,alpha1|BZD_SITE_210|TYR|pi_cation_interaction|frequency,frequency,0,45,0.0,NA,0.0,0.0,False
alprazolam,alpha1,alpha1|BZD_SITE_210|TYR|pi_cation_interaction|frequency,frequency,0,35,0.0,NA,0.0,0.0,False
triazolam,alpha1,alpha1|BZD_SITE_210|TYR|pi_cation_interaction|frequency,frequency,0,40,0.0,NA,0.0,0.0,False
zolpidem,alpha1,alpha1|BZD_SITE_210|TYR|pi_cation_interaction|frequency,frequency,0,45,0.0,NA,0.0,0.0,False
lorazepam,alpha1,alpha1|BZD_SITE_210|TYR|pi_cation_interaction|frequency,frequency,0,45,0.0,NA,0.0,0.0,False
clonazepam,alpha1,alpha1|BZD_SITE_210|TYR|pi_cation_interaction|frequency,frequency,0,45,0.0,NA,0.0,0.0,False
midazolam,alpha1,alpha1|BZD_SITE_210|TYR|pi_cation_interaction|frequency,frequency,0,43,0.0,NA,0.0,0.0,False
temazepam,alpha1,alpha1|BZD_SITE_210|TYR|pi_cation_interaction|frequency,frequency,0,45,0.0,NA,0.0,0.0,False
zopiclone,alpha1,alpha1|BZD_SITE_210|TYR|pi_cation_interaction|frequency,frequency,3,45,0.06666666666666667,NA,0.1111111111111111,0.06085806194501846,False
zaleplon,alpha1,alpha1|BZD_SITE_210|TYR|pi_cation_interaction|frequency,frequency,0,45,0.0,NA,0.0,0.0,False
diazepam,alpha1,alpha1|BZD_SITE_210|TYR|pi_stack|frequency,frequency,6,45,0.13333333333333333,NA,0.1111111111111111,0.049690399499995326,False
diazepam,alpha1,alpha1|BZD_SITE_210|TYR|pi_stack|P_frequency,frequency,5,45,0.1111111111111111,NA,0.0,1.5515838457795457e-17,False
diazepam,alpha1,alpha1|BZD_SITE_210|TYR|pi_stack|T_frequency,frequency,1,45,0.022222222222222223,NA,0.1111111111111111,0.04969039949999532,False
diazepam,alpha1,alpha1|BZD_SITE_210|TYR|pi_stack|centdist_mean,geometry,NA,45,4.3549999999999995,6,NA,NA,NA
diazepam,alpha1,alpha1|BZD_SITE_210|TYR|pi_stack|angle_mean,geometry,NA,45,33.305,6,NA,NA,NA
diazepam,alpha1,alpha1|BZD_SITE_210|TYR|pi_stack|offset_mean,geometry,NA,45,1.0350000000000001,6,NA,NA,NA
alprazolam,alpha1,alpha1|BZD_SITE_210|TYR|pi_stack|frequency,frequency,8,35,0.22857142857142856,NA,0.14285714285714285,0.06734350297014738,False
alprazolam,alpha1,alpha1|BZD_SITE_210|TYR|pi_stack|P_frequency,frequency,8,35,0.22857142857142856,NA,0.14285714285714285,0.06734350297014738,False
alprazolam,alpha1,alpha1|BZD_SITE_210|TYR|pi_stack|T_frequency,frequency,0,35,0.0,NA,0.0,0.0,False
alprazolam,alpha1,alpha1|BZD_SITE_210|TYR|pi_stack|centdist_mean,geometry,NA,35,4.210000000000001,8,NA,NA,NA
alprazolam,alpha1,alpha1|BZD_SITE_210|TYR|pi_stack|angle_mean,geometry,NA,35,25.42625,8,NA,NA,NA
alprazolam,alpha1,alpha1|BZD_SITE_210|TYR|pi_stack|offset_mean,geometry,NA,35,1.25,8,NA,NA,NA
triazolam,alpha1,alpha1|BZD_SITE_210|TYR|pi_stack|frequency,frequency,7,40,0.175,NA,0.1388888888888889,0.060220787190774436,False
triazolam,alpha1,alpha1|BZD_SITE_210|TYR|pi_stack|P_frequency,frequency,7,40,0.175,NA,0.1388888888888889,0.060220787190774436,False
triazolam,alpha1,alpha1|BZD_SITE_210|TYR|pi_stack|T_frequency,frequency,0,40,0.0,NA,0.0,0.0,False
triazolam,alpha1,alpha1|BZD_SITE_210|TYR|pi_stack|centdist_mean,geometry,NA,40,4.254285714285714,7,NA,NA,NA
triazolam,alpha1,alpha1|BZD_SITE_210|TYR|pi_stack|angle_mean,geometry,NA,40,24.219999999999995,7,NA,NA,NA
triazolam,alpha1,alpha1|BZD_SITE_210|TYR|pi_stack|offset_mean,geometry,NA,40,1.3814285714285715,7,NA,NA,NA
zolpidem,alpha1,alpha1|BZD_SITE_210|TYR|pi_stack|frequency,frequency,12,45,0.26666666666666666,NA,0.2222222222222222,0.09938079899999065,False
zolpidem,alpha1,alpha1|BZD_SITE_210|TYR|pi_stack|P_frequency,frequency,12,45,0.26666666666666666,NA,0.2222222222222222,0.09938079899999065,False
zolpidem,alpha1,alpha1|BZD_SITE_210|TYR|pi_stack|T_frequency,frequency,0,45,0.0,NA,0.0,0.0,False
zolpidem,alpha1,alpha1|BZD_SITE_210|TYR|pi_stack|centdist_mean,geometry,NA,45,4.3875,12,NA,NA,NA
zolpidem,alpha1,alpha1|BZD_SITE_210|TYR|pi_stack|angle_mean,geometry,NA,45,19.64166666666667,12,NA,NA,NA
zolpidem,alpha1,alpha1|BZD_SITE_210|TYR|pi_stack|offset_mean,geometry,NA,45,1.5691666666666668,12,NA,NA,NA
lorazepam,alpha1,alpha1|BZD_SITE_210|TYR|pi_stack|frequency,frequency,1,45,0.022222222222222223,NA,0.1111111111111111,0.04969039949999532,False
lorazepam,alpha1,alpha1|BZD_SITE_210|TYR|pi_stack|P_frequency,frequency,0,45,0.0,NA,0.0,0.0,False
lorazepam,alpha1,alpha1|BZD_SITE_210|TYR|pi_stack|T_frequency,frequency,1,45,0.022222222222222223,NA,0.1111111111111111,0.04969039949999532,False
lorazepam,alpha1,alpha1|BZD_SITE_210|TYR|pi_stack|centdist_mean,geometry,NA,45,4.77,1,NA,NA,NA
lorazepam,alpha1,alpha1|BZD_SITE_210|TYR|pi_stack|angle_mean,geometry,NA,45,77.09,1,NA,NA,NA
lorazepam,alpha1,alpha1|BZD_SITE_210|TYR|pi_stack|offset_mean,geometry,NA,45,1.25,1,NA,NA,NA
clonazepam,alpha1,alpha1|BZD_SITE_210|TYR|pi_stack|frequency,frequency,8,45,0.17777777777777778,NA,0.2222222222222222,0.09938079899999065,False
clonazepam,alpha1,alpha1|BZD_SITE_210|TYR|pi_stack|P_frequency,frequency,8,45,0.17777777777777778,NA,0.2222222222222222,0.09938079899999065,False
clonazepam,alpha1,alpha1|BZD_SITE_210|TYR|pi_stack|T_frequency,frequency,0,45,0.0,NA,0.0,0.0,False
clonazepam,alpha1,alpha1|BZD_SITE_210|TYR|pi_stack|centdist_mean,geometry,NA,45,4.32375,8,NA,NA,NA
clonazepam,alpha1,alpha1|BZD_SITE_210|TYR|pi_stack|angle_mean,geometry,NA,45,21.619999999999997,8,NA,NA,NA
clonazepam,alpha1,alpha1|BZD_SITE_210|TYR|pi_stack|offset_mean,geometry,NA,45,1.5150000000000001,8,NA,NA,NA
midazolam,alpha1,alpha1|BZD_SITE_210|TYR|pi_stack|frequency,frequency,0,43,0.0,NA,0.0,0.0,False
midazolam,alpha1,alpha1|BZD_SITE_210|TYR|pi_stack|P_frequency,frequency,0,43,0.0,NA,0.0,0.0,False
midazolam,alpha1,alpha1|BZD_SITE_210|TYR|pi_stack|T_frequency,frequency,0,43,0.0,NA,0.0,0.0,False
midazolam,alpha1,alpha1|BZD_SITE_210|TYR|pi_stack|centdist_mean,geometry,NA,43,NA,0,NA,NA,NA
midazolam,alpha1,alpha1|BZD_SITE_210|TYR|pi_stack|angle_mean,geometry,NA,43,NA,0,NA,NA,NA
midazolam,alpha1,alpha1|BZD_SITE_210|TYR|pi_stack|offset_mean,geometry,NA,43,NA,0,NA,NA,NA
temazepam,alpha1,alpha1|BZD_SITE_210|TYR|pi_stack|frequency,frequency,5,45,0.1111111111111111,NA,0.0,1.5515838457795457e-17,False
temazepam,alpha1,alpha1|BZD_SITE_210|TYR|pi_stack|P_frequency,frequency,5,45,0.1111111111111111,NA,0.0,1.5515838457795457e-17,False
temazepam,alpha1,alpha1|BZD_SITE_210|TYR|pi_stack|T_frequency,frequency,0,45,0.0,NA,0.0,0.0,False
temazepam,alpha1,alpha1|BZD_SITE_210|TYR|pi_stack|centdist_mean,geometry,NA,45,4.178,5,NA,NA,NA
temazepam,alpha1,alpha1|BZD_SITE_210|TYR|pi_stack|angle_mean,geometry,NA,45,23.996,5,NA,NA,NA
temazepam,alpha1,alpha1|BZD_SITE_210|TYR|pi_stack|offset_mean,geometry,NA,45,1.29,5,NA,NA,NA
zopiclone,alpha1,alpha1|BZD_SITE_210|TYR|pi_stack|frequency,frequency,12,45,0.26666666666666666,NA,0.1111111111111111,0.06085806194501846,False
zopiclone,alpha1,alpha1|BZD_SITE_210|TYR|pi_stack|P_frequency,frequency,12,45,0.26666666666666666,NA,0.1111111111111111,0.06085806194501846,False
zopiclone,alpha1,alpha1|BZD_SITE_210|TYR|pi_stack|T_frequency,frequency,0,45,0.0,NA,0.0,0.0,False
zopiclone,alpha1,alpha1|BZD_SITE_210|TYR|pi_stack|centdist_mean,geometry,NA,45,3.919166666666667,12,NA,NA,NA
zopiclone,alpha1,alpha1|BZD_SITE_210|TYR|pi_stack|angle_mean,geometry,NA,45,14.108333333333334,12,NA,NA,NA
zopiclone,alpha1,alpha1|BZD_SITE_210|TYR|pi_stack|offset_mean,geometry,NA,45,0.9549999999999997,12,NA,NA,NA
zaleplon,alpha1,alpha1|BZD_SITE_210|TYR|pi_stack|frequency,frequency,4,45,0.08888888888888889,NA,0.1111111111111111,0.04969039949999532,False
zaleplon,alpha1,alpha1|BZD_SITE_210|TYR|pi_stack|P_frequency,frequency,4,45,0.08888888888888889,NA,0.1111111111111111,0.04969039949999532,False
zaleplon,alpha1,alpha1|BZD_SITE_210|TYR|pi_stack|T_frequency,frequency,0,45,0.0,NA,0.0,0.0,False
zaleplon,alpha1,alpha1|BZD_SITE_210|TYR|pi_stack|centdist_mean,geometry,NA,45,4.3475,4,NA,NA,NA
zaleplon,alpha1,alpha1|BZD_SITE_210|TYR|pi_stack|angle_mean,geometry,NA,45,23.63,4,NA,NA,NA
zaleplon,alpha1,alpha1|BZD_SITE_210|TYR|pi_stack|offset_mean,geometry,NA,45,1.4825,4,NA,NA,NA
diazepam,alpha2,alpha2|BZD_GAMMA2_056|ASP|halogen_bond|frequency,frequency,0,45,0.0,NA,0.0,0.0,False
alprazolam,alpha2,alpha2|BZD_GAMMA2_056|ASP|halogen_bond|frequency,frequency,0,45,0.0,NA,0.0,0.0,False
triazolam,alpha2,alpha2|BZD_GAMMA2_056|ASP|halogen_bond|frequency,frequency,0,45,0.0,NA,0.0,0.0,False
zolpidem,alpha2,alpha2|BZD_GAMMA2_056|ASP|halogen_bond|frequency,frequency,0,45,0.0,NA,0.0,0.0,False
lorazepam,alpha2,alpha2|BZD_GAMMA2_056|ASP|halogen_bond|frequency,frequency,0,45,0.0,NA,0.0,0.0,False
clonazepam,alpha2,alpha2|BZD_GAMMA2_056|ASP|halogen_bond|frequency,frequency,0,45,0.0,NA,0.0,0.0,False
midazolam,alpha2,alpha2|BZD_GAMMA2_056|ASP|halogen_bond|frequency,frequency,0,45,0.0,NA,0.0,0.0,False
temazepam,alpha2,alpha2|BZD_GAMMA2_056|ASP|halogen_bond|frequency,frequency,0,45,0.0,NA,0.0,0.0,False
zopiclone,alpha2,alpha2|BZD_GAMMA2_056|ASP|halogen_bond|frequency,frequency,4,45,0.08888888888888889,NA,0.1111111111111111,0.04969039949999532,False
zaleplon,alpha2,alpha2|BZD_GAMMA2_056|ASP|halogen_bond|frequency,frequency,0,45,0.0,NA,0.0,0.0,False
diazepam,alpha2,alpha2|BZD_GAMMA2_056|ASP|hydrophobic_interaction|frequency,frequency,0,45,0.0,NA,0.0,0.0,False
alprazolam,alpha2,alpha2|BZD_GAMMA2_056|ASP|hydrophobic_interaction|frequency,frequency,0,45,0.0,NA,0.0,0.0,False
triazolam,alpha2,alpha2|BZD_GAMMA2_056|ASP|hydrophobic_interaction|frequency,frequency,0,45,0.0,NA,0.0,0.0,False
zolpidem,alpha2,alpha2|BZD_GAMMA2_056|ASP|hydrophobic_interaction|frequency,frequency,0,45,0.0,NA,0.0,0.0,False
lorazepam,alpha2,alpha2|BZD_GAMMA2_056|ASP|hydrophobic_interaction|frequency,frequency,0,45,0.0,NA,0.0,0.0,False
clonazepam,alpha2,alpha2|BZD_GAMMA2_056|ASP|hydrophobic_interaction|frequency,frequency,0,45,0.0,NA,0.0,0.0,False
midazolam,alpha2,alpha2|BZD_GAMMA2_056|ASP|hydrophobic_interaction|frequency,frequency,0,45,0.0,NA,0.0,0.0,False
temazepam,alpha2,alpha2|BZD_GAMMA2_056|ASP|hydrophobic_interaction|frequency,frequency,0,45,0.0,NA,0.0,0.0,False
zopiclone,alpha2,alpha2|BZD_GAMMA2_056|ASP|hydrophobic_interaction|frequency,frequency,0,45,0.0,NA,0.0,0.0,False
zaleplon,alpha2,alpha2|BZD_GAMMA2_056|ASP|hydrophobic_interaction|frequency,frequency,1,45,0.022222222222222223,NA,0.1111111111111111,0.04969039949999532,False
diazepam,alpha2,alpha2|BZD_GAMMA2_058|TYR|halogen_bond|frequency,frequency,0,45,0.0,NA,0.0,0.0,False
alprazolam,alpha2,alpha2|BZD_GAMMA2_058|TYR|halogen_bond|frequency,frequency,0,45,0.0,NA,0.0,0.0,False
triazolam,alpha2,alpha2|BZD_GAMMA2_058|TYR|halogen_bond|frequency,frequency,0,45,0.0,NA,0.0,0.0,False
zolpidem,alpha2,alpha2|BZD_GAMMA2_058|TYR|halogen_bond|frequency,frequency,0,45,0.0,NA,0.0,0.0,False
lorazepam,alpha2,alpha2|BZD_GAMMA2_058|TYR|halogen_bond|frequency,frequency,6,45,0.13333333333333333,NA,0.1111111111111111,0.049690399499995326,False
clonazepam,alpha2,alpha2|BZD_GAMMA2_058|TYR|halogen_bond|frequency,frequency,5,45,0.1111111111111111,NA,0.2222222222222222,0.07856742013183861,False
midazolam,alpha2,alpha2|BZD_GAMMA2_058|TYR|halogen_bond|frequency,frequency,0,45,0.0,NA,0.0,0.0,False
temazepam,alpha2,alpha2|BZD_GAMMA2_058|TYR|halogen_bond|frequency,frequency,0,45,0.0,NA,0.0,0.0,False
zopiclone,alpha2,alpha2|BZD_GAMMA2_058|TYR|halogen_bond|frequency,frequency,0,45,0.0,NA,0.0,0.0,False
zaleplon,alpha2,alpha2|BZD_GAMMA2_058|TYR|halogen_bond|frequency,frequency,0,45,0.0,NA,0.0,0.0,False
diazepam,alpha2,alpha2|BZD_GAMMA2_058|TYR|hydrogen_bond|frequency,frequency,0,45,0.0,NA,0.0,0.0,False
alprazolam,alpha2,alpha2|BZD_GAMMA2_058|TYR|hydrogen_bond|frequency,frequency,0,45,0.0,NA,0.0,0.0,False
triazolam,alpha2,alpha2|BZD_GAMMA2_058|TYR|hydrogen_bond|frequency,frequency,0,45,0.0,NA,0.0,0.0,False
zolpidem,alpha2,alpha2|BZD_GAMMA2_058|TYR|hydrogen_bond|frequency,frequency,0,45,0.0,NA,0.0,0.0,False
lorazepam,alpha2,alpha2|BZD_GAMMA2_058|TYR|hydrogen_bond|frequency,frequency,13,45,0.28888888888888886,NA,0.2222222222222222,0.09938079899999065,False
clonazepam,alpha2,alpha2|BZD_GAMMA2_058|TYR|hydrogen_bond|frequency,frequency,8,45,0.17777777777777778,NA,0.1111111111111111,0.06085806194501846,False
midazolam,alpha2,alpha2|BZD_GAMMA2_058|TYR|hydrogen_bond|frequency,frequency,0,45,0.0,NA,0.0,0.0,False
temazepam,alpha2,alpha2|BZD_GAMMA2_058|TYR|hydrogen_bond|frequency,frequency,3,45,0.06666666666666667,NA,0.1111111111111111,0.06085806194501846,False
zopiclone,alpha2,alpha2|BZD_GAMMA2_058|TYR|hydrogen_bond|frequency,frequency,0,45,0.0,NA,0.0,0.0,False
zaleplon,alpha2,alpha2|BZD_GAMMA2_058|TYR|hydrogen_bond|frequency,frequency,0,45,0.0,NA,0.0,0.0,False
diazepam,alpha2,alpha2|BZD_GAMMA2_058|TYR|hydrophobic_interaction|frequency,frequency,21,45,0.4666666666666667,NA,0.3333333333333333,0.12171612389003691,False
alprazolam,alpha2,alpha2|BZD_GAMMA2_058|TYR|hydrophobic_interaction|frequency,frequency,13,45,0.28888888888888886,NA,0.3333333333333333,0.12668615834434868,False
triazolam,alpha2,alpha2|BZD_GAMMA2_058|TYR|hydrophobic_interaction|frequency,frequency,13,45,0.28888888888888886,NA,0.1111111111111111,0.06085806194501846,False
zolpidem,alpha2,alpha2|BZD_GAMMA2_058|TYR|hydrophobic_interaction|frequency,frequency,27,45,0.6,NA,0.11111111111111105,0.06085806194501842,False
lorazepam,alpha2,alpha2|BZD_GAMMA2_058|TYR|hydrophobic_interaction|frequency,frequency,6,45,0.13333333333333333,NA,0.2222222222222222,0.09296222517045283,False
clonazepam,alpha2,alpha2|BZD_GAMMA2_058|TYR|hydrophobic_interaction|frequency,frequency,14,45,0.3111111111111111,NA,0.2222222222222222,0.09296222517045283,False
midazolam,alpha2,alpha2|BZD_GAMMA2_058|TYR|hydrophobic_interaction|frequency,frequency,30,45,0.6666666666666666,NA,0.2222222222222222,0.1111111111111111,False
temazepam,alpha2,alpha2|BZD_GAMMA2_058|TYR|hydrophobic_interaction|frequency,frequency,22,45,0.4888888888888889,NA,0.11111111111111116,0.060858061945018485,False
zopiclone,alpha2,alpha2|BZD_GAMMA2_058|TYR|hydrophobic_interaction|frequency,frequency,10,45,0.2222222222222222,NA,0.2222222222222222,0.1111111111111111,False
zaleplon,alpha2,alpha2|BZD_GAMMA2_058|TYR|hydrophobic_interaction|frequency,frequency,26,45,0.5777777777777777,NA,0.2222222222222222,0.09296222517045283,False
diazepam,alpha2,alpha2|BZD_GAMMA2_058|TYR|pi_stack|frequency,frequency,0,45,0.0,NA,0.0,0.0,False
diazepam,alpha2,alpha2|BZD_GAMMA2_058|TYR|pi_stack|P_frequency,frequency,0,45,0.0,NA,0.0,0.0,False
diazepam,alpha2,alpha2|BZD_GAMMA2_058|TYR|pi_stack|T_frequency,frequency,0,45,0.0,NA,0.0,0.0,False
diazepam,alpha2,alpha2|BZD_GAMMA2_058|TYR|pi_stack|centdist_mean,geometry,NA,45,NA,0,NA,NA,NA
diazepam,alpha2,alpha2|BZD_GAMMA2_058|TYR|pi_stack|angle_mean,geometry,NA,45,NA,0,NA,NA,NA
diazepam,alpha2,alpha2|BZD_GAMMA2_058|TYR|pi_stack|offset_mean,geometry,NA,45,NA,0,NA,NA,NA
alprazolam,alpha2,alpha2|BZD_GAMMA2_058|TYR|pi_stack|frequency,frequency,0,45,0.0,NA,0.0,0.0,False
alprazolam,alpha2,alpha2|BZD_GAMMA2_058|TYR|pi_stack|P_frequency,frequency,0,45,0.0,NA,0.0,0.0,False
alprazolam,alpha2,alpha2|BZD_GAMMA2_058|TYR|pi_stack|T_frequency,frequency,0,45,0.0,NA,0.0,0.0,False
alprazolam,alpha2,alpha2|BZD_GAMMA2_058|TYR|pi_stack|centdist_mean,geometry,NA,45,NA,0,NA,NA,NA
alprazolam,alpha2,alpha2|BZD_GAMMA2_058|TYR|pi_stack|angle_mean,geometry,NA,45,NA,0,NA,NA,NA
alprazolam,alpha2,alpha2|BZD_GAMMA2_058|TYR|pi_stack|offset_mean,geometry,NA,45,NA,0,NA,NA,NA
triazolam,alpha2,alpha2|BZD_GAMMA2_058|TYR|pi_stack|frequency,frequency,0,45,0.0,NA,0.0,0.0,False
triazolam,alpha2,alpha2|BZD_GAMMA2_058|TYR|pi_stack|P_frequency,frequency,0,45,0.0,NA,0.0,0.0,False
triazolam,alpha2,alpha2|BZD_GAMMA2_058|TYR|pi_stack|T_frequency,frequency,0,45,0.0,NA,0.0,0.0,False
triazolam,alpha2,alpha2|BZD_GAMMA2_058|TYR|pi_stack|centdist_mean,geometry,NA,45,NA,0,NA,NA,NA
triazolam,alpha2,alpha2|BZD_GAMMA2_058|TYR|pi_stack|angle_mean,geometry,NA,45,NA,0,NA,NA,NA
triazolam,alpha2,alpha2|BZD_GAMMA2_058|TYR|pi_stack|offset_mean,geometry,NA,45,NA,0,NA,NA,NA
zolpidem,alpha2,alpha2|BZD_GAMMA2_058|TYR|pi_stack|frequency,frequency,6,45,0.13333333333333333,NA,0.1111111111111111,0.049690399499995326,False
zolpidem,alpha2,alpha2|BZD_GAMMA2_058|TYR|pi_stack|P_frequency,frequency,0,45,0.0,NA,0.0,0.0,False
zolpidem,alpha2,alpha2|BZD_GAMMA2_058|TYR|pi_stack|T_frequency,frequency,6,45,0.13333333333333333,NA,0.1111111111111111,0.049690399499995326,False
zolpidem,alpha2,alpha2|BZD_GAMMA2_058|TYR|pi_stack|centdist_mean,geometry,NA,45,5.111666666666667,6,NA,NA,NA
zolpidem,alpha2,alpha2|BZD_GAMMA2_058|TYR|pi_stack|angle_mean,geometry,NA,45,79.65166666666666,6,NA,NA,NA
zolpidem,alpha2,alpha2|BZD_GAMMA2_058|TYR|pi_stack|offset_mean,geometry,NA,45,0.985,6,NA,NA,NA
lorazepam,alpha2,alpha2|BZD_GAMMA2_058|TYR|pi_stack|frequency,frequency,0,45,0.0,NA,0.0,0.0,False
lorazepam,alpha2,alpha2|BZD_GAMMA2_058|TYR|pi_stack|P_frequency,frequency,0,45,0.0,NA,0.0,0.0,False
lorazepam,alpha2,alpha2|BZD_GAMMA2_058|TYR|pi_stack|T_frequency,frequency,0,45,0.0,NA,0.0,0.0,False
lorazepam,alpha2,alpha2|BZD_GAMMA2_058|TYR|pi_stack|centdist_mean,geometry,NA,45,NA,0,NA,NA,NA
lorazepam,alpha2,alpha2|BZD_GAMMA2_058|TYR|pi_stack|angle_mean,geometry,NA,45,NA,0,NA,NA,NA
lorazepam,alpha2,alpha2|BZD_GAMMA2_058|TYR|pi_stack|offset_mean,geometry,NA,45,NA,0,NA,NA,NA
clonazepam,alpha2,alpha2|BZD_GAMMA2_058|TYR|pi_stack|frequency,frequency,0,45,0.0,NA,0.0,0.0,False
clonazepam,alpha2,alpha2|BZD_GAMMA2_058|TYR|pi_stack|P_frequency,frequency,0,45,0.0,NA,0.0,0.0,False
clonazepam,alpha2,alpha2|BZD_GAMMA2_058|TYR|pi_stack|T_frequency,frequency,0,45,0.0,NA,0.0,0.0,False
clonazepam,alpha2,alpha2|BZD_GAMMA2_058|TYR|pi_stack|centdist_mean,geometry,NA,45,NA,0,NA,NA,NA
clonazepam,alpha2,alpha2|BZD_GAMMA2_058|TYR|pi_stack|angle_mean,geometry,NA,45,NA,0,NA,NA,NA
clonazepam,alpha2,alpha2|BZD_GAMMA2_058|TYR|pi_stack|offset_mean,geometry,NA,45,NA,0,NA,NA,NA
midazolam,alpha2,alpha2|BZD_GAMMA2_058|TYR|pi_stack|frequency,frequency,2,45,0.044444444444444446,NA,0.1111111111111111,0.06085806194501846,False
midazolam,alpha2,alpha2|BZD_GAMMA2_058|TYR|pi_stack|P_frequency,frequency,0,45,0.0,NA,0.0,0.0,False
midazolam,alpha2,alpha2|BZD_GAMMA2_058|TYR|pi_stack|T_frequency,frequency,2,45,0.044444444444444446,NA,0.1111111111111111,0.06085806194501846,False
midazolam,alpha2,alpha2|BZD_GAMMA2_058|TYR|pi_stack|centdist_mean,geometry,NA,45,5.015000000000001,2,NA,NA,NA
midazolam,alpha2,alpha2|BZD_GAMMA2_058|TYR|pi_stack|angle_mean,geometry,NA,45,80.2,2,NA,NA,NA
midazolam,alpha2,alpha2|BZD_GAMMA2_058|TYR|pi_stack|offset_mean,geometry,NA,45,1.045,2,NA,NA,NA
temazepam,alpha2,alpha2|BZD_GAMMA2_058|TYR|pi_stack|frequency,frequency,0,45,0.0,NA,0.0,0.0,False
temazepam,alpha2,alpha2|BZD_GAMMA2_058|TYR|pi_stack|P_frequency,frequency,0,45,0.0,NA,0.0,0.0,False
temazepam,alpha2,alpha2|BZD_GAMMA2_058|TYR|pi_stack|T_frequency,frequency,0,45,0.0,NA,0.0,0.0,False
temazepam,alpha2,alpha2|BZD_GAMMA2_058|TYR|pi_stack|centdist_mean,geometry,NA,45,NA,0,NA,NA,NA
temazepam,alpha2,alpha2|BZD_GAMMA2_058|TYR|pi_stack|angle_mean,geometry,NA,45,NA,0,NA,NA,NA
temazepam,alpha2,alpha2|BZD_GAMMA2_058|TYR|pi_stack|offset_mean,geometry,NA,45,NA,0,NA,NA,NA
zopiclone,alpha2,alpha2|BZD_GAMMA2_058|TYR|pi_stack|frequency,frequency,5,45,0.1111111111111111,NA,0.2222222222222222,0.07856742013183861,False
zopiclone,alpha2,alpha2|BZD_GAMMA2_058|TYR|pi_stack|P_frequency,frequency,0,45,0.0,NA,0.0,0.0,False
zopiclone,alpha2,alpha2|BZD_GAMMA2_058|TYR|pi_stack|T_frequency,frequency,5,45,0.1111111111111111,NA,0.2222222222222222,0.07856742013183861,False
zopiclone,alpha2,alpha2|BZD_GAMMA2_058|TYR|pi_stack|centdist_mean,geometry,NA,45,5.199999999999999,9,NA,NA,NA
zopiclone,alpha2,alpha2|BZD_GAMMA2_058|TYR|pi_stack|angle_mean,geometry,NA,45,77.71111111111111,9,NA,NA,NA
zopiclone,alpha2,alpha2|BZD_GAMMA2_058|TYR|pi_stack|offset_mean,geometry,NA,45,1.0933333333333333,9,NA,NA,NA
zaleplon,alpha2,alpha2|BZD_GAMMA2_058|TYR|pi_stack|frequency,frequency,11,45,0.24444444444444444,NA,0.3333333333333333,0.1217161238900369,False
zaleplon,alpha2,alpha2|BZD_GAMMA2_058|TYR|pi_stack|P_frequency,frequency,0,45,0.0,NA,0.0,0.0,False
zaleplon,alpha2,alpha2|BZD_GAMMA2_058|TYR|pi_stack|T_frequency,frequency,11,45,0.24444444444444444,NA,0.3333333333333333,0.1217161238900369,False
zaleplon,alpha2,alpha2|BZD_GAMMA2_058|TYR|pi_stack|centdist_mean,geometry,NA,45,5.1984615384615385,13,NA,NA,NA
zaleplon,alpha2,alpha2|BZD_GAMMA2_058|TYR|pi_stack|angle_mean,geometry,NA,45,71.61999999999999,13,NA,NA,NA
zaleplon,alpha2,alpha2|BZD_GAMMA2_058|TYR|pi_stack|offset_mean,geometry,NA,45,0.8430769230769231,13,NA,NA,NA
diazepam,alpha2,alpha2|BZD_GAMMA2_059|VAL|halogen_bond|frequency,frequency,1,45,0.022222222222222223,NA,0.1111111111111111,0.04969039949999532,False
alprazolam,alpha2,alpha2|BZD_GAMMA2_059|VAL|halogen_bond|frequency,frequency,0,45,0.0,NA,0.0,0.0,False
triazolam,alpha2,alpha2|BZD_GAMMA2_059|VAL|halogen_bond|frequency,frequency,1,45,0.022222222222222223,NA,0.1111111111111111,0.04969039949999532,False
zolpidem,alpha2,alpha2|BZD_GAMMA2_059|VAL|halogen_bond|frequency,frequency,0,45,0.0,NA,0.0,0.0,False
lorazepam,alpha2,alpha2|BZD_GAMMA2_059|VAL|halogen_bond|frequency,frequency,2,45,0.044444444444444446,NA,0.1111111111111111,0.06085806194501846,False
clonazepam,alpha2,alpha2|BZD_GAMMA2_059|VAL|halogen_bond|frequency,frequency,0,45,0.0,NA,0.0,0.0,False
midazolam,alpha2,alpha2|BZD_GAMMA2_059|VAL|halogen_bond|frequency,frequency,0,45,0.0,NA,0.0,0.0,False
temazepam,alpha2,alpha2|BZD_GAMMA2_059|VAL|halogen_bond|frequency,frequency,0,45,0.0,NA,0.0,0.0,False
zopiclone,alpha2,alpha2|BZD_GAMMA2_059|VAL|halogen_bond|frequency,frequency,0,45,0.0,NA,0.0,0.0,False
zaleplon,alpha2,alpha2|BZD_GAMMA2_059|VAL|halogen_bond|frequency,frequency,0,45,0.0,NA,0.0,0.0,False
diazepam,alpha2,alpha2|BZD_GAMMA2_060|ASN|halogen_bond|frequency,frequency,0,45,0.0,NA,0.0,0.0,False
alprazolam,alpha2,alpha2|BZD_GAMMA2_060|ASN|halogen_bond|frequency,frequency,0,45,0.0,NA,0.0,0.0,False
triazolam,alpha2,alpha2|BZD_GAMMA2_060|ASN|halogen_bond|frequency,frequency,0,45,0.0,NA,0.0,0.0,False
zolpidem,alpha2,alpha2|BZD_GAMMA2_060|ASN|halogen_bond|frequency,frequency,0,45,0.0,NA,0.0,0.0,False
lorazepam,alpha2,alpha2|BZD_GAMMA2_060|ASN|halogen_bond|frequency,frequency,7,45,0.15555555555555556,NA,0.1111111111111111,0.06085806194501846,False
clonazepam,alpha2,alpha2|BZD_GAMMA2_060|ASN|halogen_bond|frequency,frequency,6,45,0.13333333333333333,NA,0.1111111111111111,0.049690399499995326,False
midazolam,alpha2,alpha2|BZD_GAMMA2_060|ASN|halogen_bond|frequency,frequency,0,45,0.0,NA,0.0,0.0,False
temazepam,alpha2,alpha2|BZD_GAMMA2_060|ASN|halogen_bond|frequency,frequency,0,45,0.0,NA,0.0,0.0,False
zopiclone,alpha2,alpha2|BZD_GAMMA2_060|ASN|halogen_bond|frequency,frequency,0,45,0.0,NA,0.0,0.0,False
zaleplon,alpha2,alpha2|BZD_GAMMA2_060|ASN|halogen_bond|frequency,frequency,0,45,0.0,NA,0.0,0.0,False
diazepam,alpha2,alpha2|BZD_GAMMA2_060|ASN|hydrogen_bond|frequency,frequency,0,45,0.0,NA,0.0,0.0,False
alprazolam,alpha2,alpha2|BZD_GAMMA2_060|ASN|hydrogen_bond|frequency,frequency,0,45,0.0,NA,0.0,0.0,False
triazolam,alpha2,alpha2|BZD_GAMMA2_060|ASN|hydrogen_bond|frequency,frequency,2,45,0.044444444444444446,NA,0.2222222222222222,0.09938079899999064,False
zolpidem,alpha2,alpha2|BZD_GAMMA2_060|ASN|hydrogen_bond|frequency,frequency,0,45,0.0,NA,0.0,0.0,False
lorazepam,alpha2,alpha2|BZD_GAMMA2_060|ASN|hydrogen_bond|frequency,frequency,11,45,0.24444444444444444,NA,0.2222222222222222,0.09296222517045283,False
clonazepam,alpha2,alpha2|BZD_GAMMA2_060|ASN|hydrogen_bond|frequency,frequency,6,45,0.13333333333333333,NA,0.2222222222222222,0.09296222517045284,False
midazolam,alpha2,alpha2|BZD_GAMMA2_060|ASN|hydrogen_bond|frequency,frequency,0,45,0.0,NA,0.0,0.0,False
temazepam,alpha2,alpha2|BZD_GAMMA2_060|ASN|hydrogen_bond|frequency,frequency,12,45,0.26666666666666666,NA,0.3333333333333333,0.14907119849998596,False
zopiclone,alpha2,alpha2|BZD_GAMMA2_060|ASN|hydrogen_bond|frequency,frequency,0,45,0.0,NA,0.0,0.0,False
zaleplon,alpha2,alpha2|BZD_GAMMA2_060|ASN|hydrogen_bond|frequency,frequency,0,45,0.0,NA,0.0,0.0,False
diazepam,alpha2,alpha2|BZD_GAMMA2_060|ASN|hydrophobic_interaction|frequency,frequency,4,45,0.08888888888888889,NA,0.2222222222222222,0.09296222517045283,False
alprazolam,alpha2,alpha2|BZD_GAMMA2_060|ASN|hydrophobic_interaction|frequency,frequency,8,45,0.17777777777777778,NA,0.1111111111111111,0.06085806194501846,False
triazolam,alpha2,alpha2|BZD_GAMMA2_060|ASN|hydrophobic_interaction|frequency,frequency,12,45,0.26666666666666666,NA,0.3333333333333333,0.12668615834434865,False
zolpidem,alpha2,alpha2|BZD_GAMMA2_060|ASN|hydrophobic_interaction|frequency,frequency,20,45,0.4444444444444444,NA,0.22222222222222227,0.07856742013183864,False
lorazepam,alpha2,alpha2|BZD_GAMMA2_060|ASN|hydrophobic_interaction|frequency,frequency,19,45,0.4222222222222222,NA,0.4444444444444444,0.16480441082434805,True
clonazepam,alpha2,alpha2|BZD_GAMMA2_060|ASN|hydrophobic_interaction|frequency,frequency,21,45,0.4666666666666667,NA,0.3333333333333333,0.12171612389003691,False
midazolam,alpha2,alpha2|BZD_GAMMA2_060|ASN|hydrophobic_interaction|frequency,frequency,16,45,0.35555555555555557,NA,0.2222222222222222,0.12171612389003691,False
temazepam,alpha2,alpha2|BZD_GAMMA2_060|ASN|hydrophobic_interaction|frequency,frequency,6,45,0.13333333333333333,NA,0.1111111111111111,0.049690399499995326,False
zopiclone,alpha2,alpha2|BZD_GAMMA2_060|ASN|hydrophobic_interaction|frequency,frequency,9,45,0.2,NA,0.2222222222222222,0.09296222517045283,False
zaleplon,alpha2,alpha2|BZD_GAMMA2_060|ASN|hydrophobic_interaction|frequency,frequency,5,45,0.1111111111111111,NA,0.2222222222222222,0.07856742013183861,False
diazepam,alpha2,alpha2|BZD_GAMMA2_061|SER|hydrogen_bond|frequency,frequency,3,45,0.06666666666666667,NA,0.1111111111111111,0.06085806194501846,False
alprazolam,alpha2,alpha2|BZD_GAMMA2_061|SER|hydrogen_bond|frequency,frequency,1,45,0.022222222222222223,NA,0.1111111111111111,0.04969039949999532,False
triazolam,alpha2,alpha2|BZD_GAMMA2_061|SER|hydrogen_bond|frequency,frequency,0,45,0.0,NA,0.0,0.0,False
zolpidem,alpha2,alpha2|BZD_GAMMA2_061|SER|hydrogen_bond|frequency,frequency,0,45,0.0,NA,0.0,0.0,False
lorazepam,alpha2,alpha2|BZD_GAMMA2_061|SER|hydrogen_bond|frequency,frequency,0,45,0.0,NA,0.0,0.0,False
clonazepam,alpha2,alpha2|BZD_GAMMA2_061|SER|hydrogen_bond|frequency,frequency,10,45,0.2222222222222222,NA,0.2222222222222222,0.07856742013183861,False
midazolam,alpha2,alpha2|BZD_GAMMA2_061|SER|hydrogen_bond|frequency,frequency,0,45,0.0,NA,0.0,0.0,False
temazepam,alpha2,alpha2|BZD_GAMMA2_061|SER|hydrogen_bond|frequency,frequency,3,45,0.06666666666666667,NA,0.1111111111111111,0.06085806194501846,False
zopiclone,alpha2,alpha2|BZD_GAMMA2_061|SER|hydrogen_bond|frequency,frequency,0,45,0.0,NA,0.0,0.0,False
zaleplon,alpha2,alpha2|BZD_GAMMA2_061|SER|hydrogen_bond|frequency,frequency,0,45,0.0,NA,0.0,0.0,False
diazepam,alpha2,alpha2|BZD_GAMMA2_075|ASP|halogen_bond|frequency,frequency,2,45,0.044444444444444446,NA,0.1111111111111111,0.06085806194501846,False
alprazolam,alpha2,alpha2|BZD_GAMMA2_075|ASP|halogen_bond|frequency,frequency,2,45,0.044444444444444446,NA,0.1111111111111111,0.06085806194501846,False
triazolam,alpha2,alpha2|BZD_GAMMA2_075|ASP|halogen_bond|frequency,frequency,3,45,0.06666666666666667,NA,0.1111111111111111,0.06085806194501846,False
zolpidem,alpha2,alpha2|BZD_GAMMA2_075|ASP|halogen_bond|frequency,frequency,0,45,0.0,NA,0.0,0.0,False
lorazepam,alpha2,alpha2|BZD_GAMMA2_075|ASP|halogen_bond|frequency,frequency,2,45,0.044444444444444446,NA,0.1111111111111111,0.06085806194501846,False
clonazepam,alpha2,alpha2|BZD_GAMMA2_075|ASP|halogen_bond|frequency,frequency,0,45,0.0,NA,0.0,0.0,False
midazolam,alpha2,alpha2|BZD_GAMMA2_075|ASP|halogen_bond|frequency,frequency,3,45,0.06666666666666667,NA,0.1111111111111111,0.06085806194501846,False
temazepam,alpha2,alpha2|BZD_GAMMA2_075|ASP|halogen_bond|frequency,frequency,3,45,0.06666666666666667,NA,0.1111111111111111,0.06085806194501846,False
zopiclone,alpha2,alpha2|BZD_GAMMA2_075|ASP|halogen_bond|frequency,frequency,0,45,0.0,NA,0.0,0.0,False
zaleplon,alpha2,alpha2|BZD_GAMMA2_075|ASP|halogen_bond|frequency,frequency,0,45,0.0,NA,0.0,0.0,False
diazepam,alpha2,alpha2|BZD_GAMMA2_075|ASP|hydrogen_bond|frequency,frequency,0,45,0.0,NA,0.0,0.0,False
alprazolam,alpha2,alpha2|BZD_GAMMA2_075|ASP|hydrogen_bond|frequency,frequency,0,45,0.0,NA,0.0,0.0,False
triazolam,alpha2,alpha2|BZD_GAMMA2_075|ASP|hydrogen_bond|frequency,frequency,0,45,0.0,NA,0.0,0.0,False
zolpidem,alpha2,alpha2|BZD_GAMMA2_075|ASP|hydrogen_bond|frequency,frequency,0,45,0.0,NA,0.0,0.0,False
lorazepam,alpha2,alpha2|BZD_GAMMA2_075|ASP|hydrogen_bond|frequency,frequency,0,45,0.0,NA,0.0,0.0,False
clonazepam,alpha2,alpha2|BZD_GAMMA2_075|ASP|hydrogen_bond|frequency,frequency,0,45,0.0,NA,0.0,0.0,False
midazolam,alpha2,alpha2|BZD_GAMMA2_075|ASP|hydrogen_bond|frequency,frequency,0,45,0.0,NA,0.0,0.0,False
temazepam,alpha2,alpha2|BZD_GAMMA2_075|ASP|hydrogen_bond|frequency,frequency,1,45,0.022222222222222223,NA,0.1111111111111111,0.04969039949999532,False
zopiclone,alpha2,alpha2|BZD_GAMMA2_075|ASP|hydrogen_bond|frequency,frequency,0,45,0.0,NA,0.0,0.0,False
zaleplon,alpha2,alpha2|BZD_GAMMA2_075|ASP|hydrogen_bond|frequency,frequency,0,45,0.0,NA,0.0,0.0,False
diazepam,alpha2,alpha2|BZD_GAMMA2_077|PHE|hydrophobic_interaction|frequency,frequency,34,45,0.7555555555555555,NA,0.11111111111111116,0.049690399499995354,False
alprazolam,alpha2,alpha2|BZD_GAMMA2_077|PHE|hydrophobic_interaction|frequency,frequency,17,45,0.37777777777777777,NA,0.33333333333333337,0.12668615834434868,False
triazolam,alpha2,alpha2|BZD_GAMMA2_077|PHE|hydrophobic_interaction|frequency,frequency,19,45,0.4222222222222222,NA,0.22222222222222227,0.09296222517045286,False
zolpidem,alpha2,alpha2|BZD_GAMMA2_077|PHE|hydrophobic_interaction|frequency,frequency,27,45,0.6,NA,0.33333333333333337,0.12668615834434868,False
lorazepam,alpha2,alpha2|BZD_GAMMA2_077|PHE|hydrophobic_interaction|frequency,frequency,18,45,0.4,NA,0.33333333333333337,0.12668615834434868,False
clonazepam,alpha2,alpha2|BZD_GAMMA2_077|PHE|hydrophobic_interaction|frequency,frequency,20,45,0.4444444444444444,NA,0.22222222222222227,0.07856742013183864,False
midazolam,alpha2,alpha2|BZD_GAMMA2_077|PHE|hydrophobic_interaction|frequency,frequency,33,45,0.7333333333333333,NA,0.11111111111111116,0.060858061945018485,False
temazepam,alpha2,alpha2|BZD_GAMMA2_077|PHE|hydrophobic_interaction|frequency,frequency,32,45,0.7111111111111111,NA,0.11111111111111116,0.060858061945018485,False
zopiclone,alpha2,alpha2|BZD_GAMMA2_077|PHE|hydrophobic_interaction|frequency,frequency,15,45,0.3333333333333333,NA,0.2222222222222222,0.07856742013183861,False
zaleplon,alpha2,alpha2|BZD_GAMMA2_077|PHE|hydrophobic_interaction|frequency,frequency,37,45,0.8222222222222222,NA,0.11111111111111105,0.06085806194501842,False
diazepam,alpha2,alpha2|BZD_GAMMA2_077|PHE|pi_stack|frequency,frequency,15,45,0.3333333333333333,NA,0.0,0.0,False
diazepam,alpha2,alpha2|BZD_GAMMA2_077|PHE|pi_stack|P_frequency,frequency,0,45,0.0,NA,0.0,0.0,False
diazepam,alpha2,alpha2|BZD_GAMMA2_077|PHE|pi_stack|T_frequency,frequency,15,45,0.3333333333333333,NA,0.0,0.0,False
diazepam,alpha2,alpha2|BZD_GAMMA2_077|PHE|pi_stack|centdist_mean,geometry,NA,45,4.826,15,NA,NA,NA
diazepam,alpha2,alpha2|BZD_GAMMA2_077|PHE|pi_stack|angle_mean,geometry,NA,45,72.57799999999999,15,NA,NA,NA
diazepam,alpha2,alpha2|BZD_GAMMA2_077|PHE|pi_stack|offset_mean,geometry,NA,45,1.454666666666667,15,NA,NA,NA
alprazolam,alpha2,alpha2|BZD_GAMMA2_077|PHE|pi_stack|frequency,frequency,11,45,0.24444444444444444,NA,0.1111111111111111,0.049690399499995326,False
alprazolam,alpha2,alpha2|BZD_GAMMA2_077|PHE|pi_stack|P_frequency,frequency,1,45,0.022222222222222223,NA,0.1111111111111111,0.04969039949999532,False
alprazolam,alpha2,alpha2|BZD_GAMMA2_077|PHE|pi_stack|T_frequency,frequency,10,45,0.2222222222222222,NA,0.0,3.1031676915590914e-17,False
alprazolam,alpha2,alpha2|BZD_GAMMA2_077|PHE|pi_stack|centdist_mean,geometry,NA,45,4.787272727272727,11,NA,NA,NA
alprazolam,alpha2,alpha2|BZD_GAMMA2_077|PHE|pi_stack|angle_mean,geometry,NA,45,69.1590909090909,11,NA,NA,NA
alprazolam,alpha2,alpha2|BZD_GAMMA2_077|PHE|pi_stack|offset_mean,geometry,NA,45,1.420909090909091,11,NA,NA,NA
triazolam,alpha2,alpha2|BZD_GAMMA2_077|PHE|pi_stack|frequency,frequency,1,45,0.022222222222222223,NA,0.1111111111111111,0.04969039949999532,False
triazolam,alpha2,alpha2|BZD_GAMMA2_077|PHE|pi_stack|P_frequency,frequency,0,45,0.0,NA,0.0,0.0,False
triazolam,alpha2,alpha2|BZD_GAMMA2_077|PHE|pi_stack|T_frequency,frequency,1,45,0.022222222222222223,NA,0.1111111111111111,0.04969039949999532,False
triazolam,alpha2,alpha2|BZD_GAMMA2_077|PHE|pi_stack|centdist_mean,geometry,NA,45,4.94,1,NA,NA,NA
triazolam,alpha2,alpha2|BZD_GAMMA2_077|PHE|pi_stack|angle_mean,geometry,NA,45,87.68,1,NA,NA,NA
triazolam,alpha2,alpha2|BZD_GAMMA2_077|PHE|pi_stack|offset_mean,geometry,NA,45,1.7,1,NA,NA,NA
zolpidem,alpha2,alpha2|BZD_GAMMA2_077|PHE|pi_stack|frequency,frequency,11,45,0.24444444444444444,NA,0.2222222222222222,0.09296222517045284,False
zolpidem,alpha2,alpha2|BZD_GAMMA2_077|PHE|pi_stack|P_frequency,frequency,0,45,0.0,NA,0.0,0.0,False
zolpidem,alpha2,alpha2|BZD_GAMMA2_077|PHE|pi_stack|T_frequency,frequency,11,45,0.24444444444444444,NA,0.2222222222222222,0.09296222517045284,False
zolpidem,alpha2,alpha2|BZD_GAMMA2_077|PHE|pi_stack|centdist_mean,geometry,NA,45,4.658181818181819,11,NA,NA,NA
zolpidem,alpha2,alpha2|BZD_GAMMA2_077|PHE|pi_stack|angle_mean,geometry,NA,45,73.29818181818182,11,NA,NA,NA
zolpidem,alpha2,alpha2|BZD_GAMMA2_077|PHE|pi_stack|offset_mean,geometry,NA,45,0.8236363636363635,11,NA,NA,NA
lorazepam,alpha2,alpha2|BZD_GAMMA2_077|PHE|pi_stack|frequency,frequency,0,45,0.0,NA,0.0,0.0,False
lorazepam,alpha2,alpha2|BZD_GAMMA2_077|PHE|pi_stack|P_frequency,frequency,0,45,0.0,NA,0.0,0.0,False
lorazepam,alpha2,alpha2|BZD_GAMMA2_077|PHE|pi_stack|T_frequency,frequency,0,45,0.0,NA,0.0,0.0,False
lorazepam,alpha2,alpha2|BZD_GAMMA2_077|PHE|pi_stack|centdist_mean,geometry,NA,45,NA,0,NA,NA,NA
lorazepam,alpha2,alpha2|BZD_GAMMA2_077|PHE|pi_stack|angle_mean,geometry,NA,45,NA,0,NA,NA,NA
lorazepam,alpha2,alpha2|BZD_GAMMA2_077|PHE|pi_stack|offset_mean,geometry,NA,45,NA,0,NA,NA,NA
clonazepam,alpha2,alpha2|BZD_GAMMA2_077|PHE|pi_stack|frequency,frequency,0,45,0.0,NA,0.0,0.0,False
clonazepam,alpha2,alpha2|BZD_GAMMA2_077|PHE|pi_stack|P_frequency,frequency,0,45,0.0,NA,0.0,0.0,False
clonazepam,alpha2,alpha2|BZD_GAMMA2_077|PHE|pi_stack|T_frequency,frequency,0,45,0.0,NA,0.0,0.0,False
clonazepam,alpha2,alpha2|BZD_GAMMA2_077|PHE|pi_stack|centdist_mean,geometry,NA,45,NA,0,NA,NA,NA
clonazepam,alpha2,alpha2|BZD_GAMMA2_077|PHE|pi_stack|angle_mean,geometry,NA,45,NA,0,NA,NA,NA
clonazepam,alpha2,alpha2|BZD_GAMMA2_077|PHE|pi_stack|offset_mean,geometry,NA,45,NA,0,NA,NA,NA
midazolam,alpha2,alpha2|BZD_GAMMA2_077|PHE|pi_stack|frequency,frequency,4,45,0.08888888888888889,NA,0.1111111111111111,0.04969039949999532,False
midazolam,alpha2,alpha2|BZD_GAMMA2_077|PHE|pi_stack|P_frequency,frequency,0,45,0.0,NA,0.0,0.0,False
midazolam,alpha2,alpha2|BZD_GAMMA2_077|PHE|pi_stack|T_frequency,frequency,4,45,0.08888888888888889,NA,0.1111111111111111,0.04969039949999532,False
midazolam,alpha2,alpha2|BZD_GAMMA2_077|PHE|pi_stack|centdist_mean,geometry,NA,45,4.6025,4,NA,NA,NA
midazolam,alpha2,alpha2|BZD_GAMMA2_077|PHE|pi_stack|angle_mean,geometry,NA,45,63.845,4,NA,NA,NA
midazolam,alpha2,alpha2|BZD_GAMMA2_077|PHE|pi_stack|offset_mean,geometry,NA,45,1.1575,4,NA,NA,NA
temazepam,alpha2,alpha2|BZD_GAMMA2_077|PHE|pi_stack|frequency,frequency,0,45,0.0,NA,0.0,0.0,False
temazepam,alpha2,alpha2|BZD_GAMMA2_077|PHE|pi_stack|P_frequency,frequency,0,45,0.0,NA,0.0,0.0,False
temazepam,alpha2,alpha2|BZD_GAMMA2_077|PHE|pi_stack|T_frequency,frequency,0,45,0.0,NA,0.0,0.0,False
temazepam,alpha2,alpha2|BZD_GAMMA2_077|PHE|pi_stack|centdist_mean,geometry,NA,45,NA,0,NA,NA,NA
temazepam,alpha2,alpha2|BZD_GAMMA2_077|PHE|pi_stack|angle_mean,geometry,NA,45,NA,0,NA,NA,NA
temazepam,alpha2,alpha2|BZD_GAMMA2_077|PHE|pi_stack|offset_mean,geometry,NA,45,NA,0,NA,NA,NA
zopiclone,alpha2,alpha2|BZD_GAMMA2_077|PHE|pi_stack|frequency,frequency,7,45,0.15555555555555556,NA,0.1111111111111111,0.06085806194501845,False
zopiclone,alpha2,alpha2|BZD_GAMMA2_077|PHE|pi_stack|P_frequency,frequency,4,45,0.08888888888888889,NA,0.1111111111111111,0.04969039949999532,False
zopiclone,alpha2,alpha2|BZD_GAMMA2_077|PHE|pi_stack|T_frequency,frequency,3,45,0.06666666666666667,NA,0.1111111111111111,0.06085806194501846,False
zopiclone,alpha2,alpha2|BZD_GAMMA2_077|PHE|pi_stack|centdist_mean,geometry,NA,45,4.538571428571428,7,NA,NA,NA
zopiclone,alpha2,alpha2|BZD_GAMMA2_077|PHE|pi_stack|angle_mean,geometry,NA,45,45.34571428571429,7,NA,NA,NA
zopiclone,alpha2,alpha2|BZD_GAMMA2_077|PHE|pi_stack|offset_mean,geometry,NA,45,1.3271428571428572,7,NA,NA,NA
zaleplon,alpha2,alpha2|BZD_GAMMA2_077|PHE|pi_stack|frequency,frequency,11,45,0.24444444444444444,NA,0.2222222222222222,0.09296222517045283,False
zaleplon,alpha2,alpha2|BZD_GAMMA2_077|PHE|pi_stack|P_frequency,frequency,10,45,0.2222222222222222,NA,0.2222222222222222,0.1111111111111111,False
zaleplon,alpha2,alpha2|BZD_GAMMA2_077|PHE|pi_stack|T_frequency,frequency,1,45,0.022222222222222223,NA,0.1111111111111111,0.04969039949999532,False
zaleplon,alpha2,alpha2|BZD_GAMMA2_077|PHE|pi_stack|centdist_mean,geometry,NA,45,4.112727272727273,11,NA,NA,NA
zaleplon,alpha2,alpha2|BZD_GAMMA2_077|PHE|pi_stack|angle_mean,geometry,NA,45,23.548181818181817,11,NA,NA,NA
zaleplon,alpha2,alpha2|BZD_GAMMA2_077|PHE|pi_stack|offset_mean,geometry,NA,45,1.0545454545454547,11,NA,NA,NA
diazepam,alpha2,alpha2|BZD_GAMMA2_079|ALA|hydrophobic_interaction|frequency,frequency,0,45,0.0,NA,0.0,0.0,False
alprazolam,alpha2,alpha2|BZD_GAMMA2_079|ALA|hydrophobic_interaction|frequency,frequency,0,45,0.0,NA,0.0,0.0,False
triazolam,alpha2,alpha2|BZD_GAMMA2_079|ALA|hydrophobic_interaction|frequency,frequency,0,45,0.0,NA,0.0,0.0,False
zolpidem,alpha2,alpha2|BZD_GAMMA2_079|ALA|hydrophobic_interaction|frequency,frequency,0,45,0.0,NA,0.0,0.0,False
lorazepam,alpha2,alpha2|BZD_GAMMA2_079|ALA|hydrophobic_interaction|frequency,frequency,0,45,0.0,NA,0.0,0.0,False
clonazepam,alpha2,alpha2|BZD_GAMMA2_079|ALA|hydrophobic_interaction|frequency,frequency,0,45,0.0,NA,0.0,0.0,False
midazolam,alpha2,alpha2|BZD_GAMMA2_079|ALA|hydrophobic_interaction|frequency,frequency,0,45,0.0,NA,0.0,0.0,False
temazepam,alpha2,alpha2|BZD_GAMMA2_079|ALA|hydrophobic_interaction|frequency,frequency,0,45,0.0,NA,0.0,0.0,False
zopiclone,alpha2,alpha2|BZD_GAMMA2_079|ALA|hydrophobic_interaction|frequency,frequency,0,45,0.0,NA,0.0,0.0,False
zaleplon,alpha2,alpha2|BZD_GAMMA2_079|ALA|hydrophobic_interaction|frequency,frequency,1,45,0.022222222222222223,NA,0.1111111111111111,0.04969039949999532,False
diazepam,alpha2,alpha2|BZD_GAMMA2_142|THR|hydrophobic_interaction|frequency,frequency,0,45,0.0,NA,0.0,0.0,False
alprazolam,alpha2,alpha2|BZD_GAMMA2_142|THR|hydrophobic_interaction|frequency,frequency,1,45,0.022222222222222223,NA,0.1111111111111111,0.04969039949999532,False
triazolam,alpha2,alpha2|BZD_GAMMA2_142|THR|hydrophobic_interaction|frequency,frequency,0,45,0.0,NA,0.0,0.0,False
zolpidem,alpha2,alpha2|BZD_GAMMA2_142|THR|hydrophobic_interaction|frequency,frequency,0,45,0.0,NA,0.0,0.0,False
lorazepam,alpha2,alpha2|BZD_GAMMA2_142|THR|hydrophobic_interaction|frequency,frequency,0,45,0.0,NA,0.0,0.0,False
clonazepam,alpha2,alpha2|BZD_GAMMA2_142|THR|hydrophobic_interaction|frequency,frequency,0,45,0.0,NA,0.0,0.0,False
midazolam,alpha2,alpha2|BZD_GAMMA2_142|THR|hydrophobic_interaction|frequency,frequency,0,45,0.0,NA,0.0,0.0,False
temazepam,alpha2,alpha2|BZD_GAMMA2_142|THR|hydrophobic_interaction|frequency,frequency,0,45,0.0,NA,0.0,0.0,False
zopiclone,alpha2,alpha2|BZD_GAMMA2_142|THR|hydrophobic_interaction|frequency,frequency,0,45,0.0,NA,0.0,0.0,False
zaleplon,alpha2,alpha2|BZD_GAMMA2_142|THR|hydrophobic_interaction|frequency,frequency,10,45,0.2222222222222222,NA,0.2222222222222222,0.1111111111111111,False
diazepam,alpha2,alpha2|BZD_GAMMA2_144|ARG|halogen_bond|frequency,frequency,0,45,0.0,NA,0.0,0.0,False
alprazolam,alpha2,alpha2|BZD_GAMMA2_144|ARG|halogen_bond|frequency,frequency,0,45,0.0,NA,0.0,0.0,False
triazolam,alpha2,alpha2|BZD_GAMMA2_144|ARG|halogen_bond|frequency,frequency,0,45,0.0,NA,0.0,0.0,False
zolpidem,alpha2,alpha2|BZD_GAMMA2_144|ARG|halogen_bond|frequency,frequency,0,45,0.0,NA,0.0,0.0,False
lorazepam,alpha2,alpha2|BZD_GAMMA2_144|ARG|halogen_bond|frequency,frequency,0,45,0.0,NA,0.0,0.0,False
clonazepam,alpha2,alpha2|BZD_GAMMA2_144|ARG|halogen_bond|frequency,frequency,0,45,0.0,NA,0.0,0.0,False
midazolam,alpha2,alpha2|BZD_GAMMA2_144|ARG|halogen_bond|frequency,frequency,0,45,0.0,NA,0.0,0.0,False
temazepam,alpha2,alpha2|BZD_GAMMA2_144|ARG|halogen_bond|frequency,frequency,3,45,0.06666666666666667,NA,0.1111111111111111,0.06085806194501846,False
zopiclone,alpha2,alpha2|BZD_GAMMA2_144|ARG|halogen_bond|frequency,frequency,0,45,0.0,NA,0.0,0.0,False
zaleplon,alpha2,alpha2|BZD_GAMMA2_144|ARG|halogen_bond|frequency,frequency,0,45,0.0,NA,0.0,0.0,False
diazepam,alpha2,alpha2|BZD_GAMMA2_144|ARG|hydrogen_bond|frequency,frequency,0,45,0.0,NA,0.0,0.0,False
alprazolam,alpha2,alpha2|BZD_GAMMA2_144|ARG|hydrogen_bond|frequency,frequency,0,45,0.0,NA,0.0,0.0,False
triazolam,alpha2,alpha2|BZD_GAMMA2_144|ARG|hydrogen_bond|frequency,frequency,0,45,0.0,NA,0.0,0.0,False
zolpidem,alpha2,alpha2|BZD_GAMMA2_144|ARG|hydrogen_bond|frequency,frequency,0,45,0.0,NA,0.0,0.0,False
lorazepam,alpha2,alpha2|BZD_GAMMA2_144|ARG|hydrogen_bond|frequency,frequency,0,45,0.0,NA,0.0,0.0,False
clonazepam,alpha2,alpha2|BZD_GAMMA2_144|ARG|hydrogen_bond|frequency,frequency,1,45,0.022222222222222223,NA,0.1111111111111111,0.04969039949999532,False
midazolam,alpha2,alpha2|BZD_GAMMA2_144|ARG|hydrogen_bond|frequency,frequency,0,45,0.0,NA,0.0,0.0,False
temazepam,alpha2,alpha2|BZD_GAMMA2_144|ARG|hydrogen_bond|frequency,frequency,0,45,0.0,NA,0.0,0.0,False
zopiclone,alpha2,alpha2|BZD_GAMMA2_144|ARG|hydrogen_bond|frequency,frequency,0,45,0.0,NA,0.0,0.0,False
zaleplon,alpha2,alpha2|BZD_GAMMA2_144|ARG|hydrogen_bond|frequency,frequency,0,45,0.0,NA,0.0,0.0,False
diazepam,alpha2,alpha2|BZD_GAMMA2_192|ASP|halogen_bond|frequency,frequency,0,45,0.0,NA,0.0,0.0,False
alprazolam,alpha2,alpha2|BZD_GAMMA2_192|ASP|halogen_bond|frequency,frequency,1,45,0.022222222222222223,NA,0.1111111111111111,0.04969039949999532,False
triazolam,alpha2,alpha2|BZD_GAMMA2_192|ASP|halogen_bond|frequency,frequency,2,45,0.044444444444444446,NA,0.1111111111111111,0.06085806194501846,False
zolpidem,alpha2,alpha2|BZD_GAMMA2_192|ASP|halogen_bond|frequency,frequency,0,45,0.0,NA,0.0,0.0,False
lorazepam,alpha2,alpha2|BZD_GAMMA2_192|ASP|halogen_bond|frequency,frequency,1,45,0.022222222222222223,NA,0.1111111111111111,0.04969039949999532,False
clonazepam,alpha2,alpha2|BZD_GAMMA2_192|ASP|halogen_bond|frequency,frequency,0,45,0.0,NA,0.0,0.0,False
midazolam,alpha2,alpha2|BZD_GAMMA2_192|ASP|halogen_bond|frequency,frequency,0,45,0.0,NA,0.0,0.0,False
temazepam,alpha2,alpha2|BZD_GAMMA2_192|ASP|halogen_bond|frequency,frequency,0,45,0.0,NA,0.0,0.0,False
zopiclone,alpha2,alpha2|BZD_GAMMA2_192|ASP|halogen_bond|frequency,frequency,0,45,0.0,NA,0.0,0.0,False
zaleplon,alpha2,alpha2|BZD_GAMMA2_192|ASP|halogen_bond|frequency,frequency,0,45,0.0,NA,0.0,0.0,False
diazepam,alpha2,alpha2|BZD_GAMMA2_192|ASP|hydrogen_bond|frequency,frequency,0,45,0.0,NA,0.0,0.0,False
alprazolam,alpha2,alpha2|BZD_GAMMA2_192|ASP|hydrogen_bond|frequency,frequency,0,45,0.0,NA,0.0,0.0,False
triazolam,alpha2,alpha2|BZD_GAMMA2_192|ASP|hydrogen_bond|frequency,frequency,0,45,0.0,NA,0.0,0.0,False
zolpidem,alpha2,alpha2|BZD_GAMMA2_192|ASP|hydrogen_bond|frequency,frequency,0,45,0.0,NA,0.0,0.0,False
lorazepam,alpha2,alpha2|BZD_GAMMA2_192|ASP|hydrogen_bond|frequency,frequency,1,45,0.022222222222222223,NA,0.1111111111111111,0.04969039949999532,False
clonazepam,alpha2,alpha2|BZD_GAMMA2_192|ASP|hydrogen_bond|frequency,frequency,0,45,0.0,NA,0.0,0.0,False
midazolam,alpha2,alpha2|BZD_GAMMA2_192|ASP|hydrogen_bond|frequency,frequency,0,45,0.0,NA,0.0,0.0,False
temazepam,alpha2,alpha2|BZD_GAMMA2_192|ASP|hydrogen_bond|frequency,frequency,18,45,0.4,NA,0.1111111111111111,0.06085806194501846,False
zopiclone,alpha2,alpha2|BZD_GAMMA2_192|ASP|hydrogen_bond|frequency,frequency,0,45,0.0,NA,0.0,0.0,False
zaleplon,alpha2,alpha2|BZD_GAMMA2_192|ASP|hydrogen_bond|frequency,frequency,0,45,0.0,NA,0.0,0.0,False
diazepam,alpha2,alpha2|BZD_GAMMA2_192|ASP|hydrophobic_interaction|frequency,frequency,2,45,0.044444444444444446,NA,0.1111111111111111,0.06085806194501846,False
alprazolam,alpha2,alpha2|BZD_GAMMA2_192|ASP|hydrophobic_interaction|frequency,frequency,0,45,0.0,NA,0.0,0.0,False
triazolam,alpha2,alpha2|BZD_GAMMA2_192|ASP|hydrophobic_interaction|frequency,frequency,0,45,0.0,NA,0.0,0.0,False
zolpidem,alpha2,alpha2|BZD_GAMMA2_192|ASP|hydrophobic_interaction|frequency,frequency,8,45,0.17777777777777778,NA,0.1111111111111111,0.06085806194501846,False
lorazepam,alpha2,alpha2|BZD_GAMMA2_192|ASP|hydrophobic_interaction|frequency,frequency,7,45,0.15555555555555556,NA,0.1111111111111111,0.06085806194501845,False
clonazepam,alpha2,alpha2|BZD_GAMMA2_192|ASP|hydrophobic_interaction|frequency,frequency,5,45,0.1111111111111111,NA,0.2222222222222222,0.07856742013183861,False
midazolam,alpha2,alpha2|BZD_GAMMA2_192|ASP|hydrophobic_interaction|frequency,frequency,0,45,0.0,NA,0.0,0.0,False
temazepam,alpha2,alpha2|BZD_GAMMA2_192|ASP|hydrophobic_interaction|frequency,frequency,2,45,0.044444444444444446,NA,0.1111111111111111,0.06085806194501846,False
zopiclone,alpha2,alpha2|BZD_GAMMA2_192|ASP|hydrophobic_interaction|frequency,frequency,1,45,0.022222222222222223,NA,0.1111111111111111,0.04969039949999532,False
zaleplon,alpha2,alpha2|BZD_GAMMA2_192|ASP|hydrophobic_interaction|frequency,frequency,0,45,0.0,NA,0.0,0.0,False
diazepam,alpha2,alpha2|BZD_GAMMA2_192|ASP|salt_bridge|frequency,frequency,0,45,0.0,NA,0.0,0.0,False
alprazolam,alpha2,alpha2|BZD_GAMMA2_192|ASP|salt_bridge|frequency,frequency,0,45,0.0,NA,0.0,0.0,False
triazolam,alpha2,alpha2|BZD_GAMMA2_192|ASP|salt_bridge|frequency,frequency,0,45,0.0,NA,0.0,0.0,False
zolpidem,alpha2,alpha2|BZD_GAMMA2_192|ASP|salt_bridge|frequency,frequency,0,45,0.0,NA,0.0,0.0,False
lorazepam,alpha2,alpha2|BZD_GAMMA2_192|ASP|salt_bridge|frequency,frequency,0,45,0.0,NA,0.0,0.0,False
clonazepam,alpha2,alpha2|BZD_GAMMA2_192|ASP|salt_bridge|frequency,frequency,0,45,0.0,NA,0.0,0.0,False
midazolam,alpha2,alpha2|BZD_GAMMA2_192|ASP|salt_bridge|frequency,frequency,0,45,0.0,NA,0.0,0.0,False
temazepam,alpha2,alpha2|BZD_GAMMA2_192|ASP|salt_bridge|frequency,frequency,0,45,0.0,NA,0.0,0.0,False
zopiclone,alpha2,alpha2|BZD_GAMMA2_192|ASP|salt_bridge|frequency,frequency,9,45,0.2,NA,0.1111111111111111,0.049690399499995326,False
zaleplon,alpha2,alpha2|BZD_GAMMA2_192|ASP|salt_bridge|frequency,frequency,0,45,0.0,NA,0.0,0.0,False
diazepam,alpha2,alpha2|BZD_GAMMA2_195|SER|halogen_bond|frequency,frequency,0,45,0.0,NA,0.0,0.0,False
alprazolam,alpha2,alpha2|BZD_GAMMA2_195|SER|halogen_bond|frequency,frequency,0,45,0.0,NA,0.0,0.0,False
triazolam,alpha2,alpha2|BZD_GAMMA2_195|SER|halogen_bond|frequency,frequency,2,45,0.044444444444444446,NA,0.1111111111111111,0.06085806194501846,False
zolpidem,alpha2,alpha2|BZD_GAMMA2_195|SER|halogen_bond|frequency,frequency,0,45,0.0,NA,0.0,0.0,False
lorazepam,alpha2,alpha2|BZD_GAMMA2_195|SER|halogen_bond|frequency,frequency,6,45,0.13333333333333333,NA,0.1111111111111111,0.049690399499995326,False
clonazepam,alpha2,alpha2|BZD_GAMMA2_195|SER|halogen_bond|frequency,frequency,0,45,0.0,NA,0.0,0.0,False
midazolam,alpha2,alpha2|BZD_GAMMA2_195|SER|halogen_bond|frequency,frequency,1,45,0.022222222222222223,NA,0.1111111111111111,0.04969039949999532,False
temazepam,alpha2,alpha2|BZD_GAMMA2_195|SER|halogen_bond|frequency,frequency,0,45,0.0,NA,0.0,0.0,False
zopiclone,alpha2,alpha2|BZD_GAMMA2_195|SER|halogen_bond|frequency,frequency,1,45,0.022222222222222223,NA,0.1111111111111111,0.04969039949999532,False
zaleplon,alpha2,alpha2|BZD_GAMMA2_195|SER|halogen_bond|frequency,frequency,0,45,0.0,NA,0.0,0.0,False
diazepam,alpha2,alpha2|BZD_GAMMA2_195|SER|hydrogen_bond|frequency,frequency,0,45,0.0,NA,0.0,0.0,False
alprazolam,alpha2,alpha2|BZD_GAMMA2_195|SER|hydrogen_bond|frequency,frequency,0,45,0.0,NA,0.0,0.0,False
triazolam,alpha2,alpha2|BZD_GAMMA2_195|SER|hydrogen_bond|frequency,frequency,0,45,0.0,NA,0.0,0.0,False
zolpidem,alpha2,alpha2|BZD_GAMMA2_195|SER|hydrogen_bond|frequency,frequency,0,45,0.0,NA,0.0,0.0,False
lorazepam,alpha2,alpha2|BZD_GAMMA2_195|SER|hydrogen_bond|frequency,frequency,3,45,0.06666666666666667,NA,0.1111111111111111,0.06085806194501846,False
clonazepam,alpha2,alpha2|BZD_GAMMA2_195|SER|hydrogen_bond|frequency,frequency,0,45,0.0,NA,0.0,0.0,False
midazolam,alpha2,alpha2|BZD_GAMMA2_195|SER|hydrogen_bond|frequency,frequency,0,45,0.0,NA,0.0,0.0,False
temazepam,alpha2,alpha2|BZD_GAMMA2_195|SER|hydrogen_bond|frequency,frequency,3,45,0.06666666666666667,NA,0.2222222222222222,0.09938079899999065,False
zopiclone,alpha2,alpha2|BZD_GAMMA2_195|SER|hydrogen_bond|frequency,frequency,0,45,0.0,NA,0.0,0.0,False
zaleplon,alpha2,alpha2|BZD_GAMMA2_195|SER|hydrogen_bond|frequency,frequency,0,45,0.0,NA,0.0,0.0,False
diazepam,alpha2,alpha2|BZD_GAMMA2_196|TRP|hydrogen_bond|frequency,frequency,0,45,0.0,NA,0.0,0.0,False
alprazolam,alpha2,alpha2|BZD_GAMMA2_196|TRP|hydrogen_bond|frequency,frequency,0,45,0.0,NA,0.0,0.0,False
triazolam,alpha2,alpha2|BZD_GAMMA2_196|TRP|hydrogen_bond|frequency,frequency,0,45,0.0,NA,0.0,0.0,False
zolpidem,alpha2,alpha2|BZD_GAMMA2_196|TRP|hydrogen_bond|frequency,frequency,0,45,0.0,NA,0.0,0.0,False
lorazepam,alpha2,alpha2|BZD_GAMMA2_196|TRP|hydrogen_bond|frequency,frequency,2,45,0.044444444444444446,NA,0.1111111111111111,0.06085806194501846,False
clonazepam,alpha2,alpha2|BZD_GAMMA2_196|TRP|hydrogen_bond|frequency,frequency,0,45,0.0,NA,0.0,0.0,False
midazolam,alpha2,alpha2|BZD_GAMMA2_196|TRP|hydrogen_bond|frequency,frequency,0,45,0.0,NA,0.0,0.0,False
temazepam,alpha2,alpha2|BZD_GAMMA2_196|TRP|hydrogen_bond|frequency,frequency,1,45,0.022222222222222223,NA,0.1111111111111111,0.04969039949999532,False
zopiclone,alpha2,alpha2|BZD_GAMMA2_196|TRP|hydrogen_bond|frequency,frequency,0,45,0.0,NA,0.0,0.0,False
zaleplon,alpha2,alpha2|BZD_GAMMA2_196|TRP|hydrogen_bond|frequency,frequency,0,45,0.0,NA,0.0,0.0,False
diazepam,alpha2,alpha2|BZD_SITE_100|PHE|hydrophobic_interaction|frequency,frequency,16,45,0.35555555555555557,NA,0.1111111111111111,0.049690399499995326,False
alprazolam,alpha2,alpha2|BZD_SITE_100|PHE|hydrophobic_interaction|frequency,frequency,8,45,0.17777777777777778,NA,0.2222222222222222,0.09938079899999065,False
triazolam,alpha2,alpha2|BZD_SITE_100|PHE|hydrophobic_interaction|frequency,frequency,5,45,0.1111111111111111,NA,0.2222222222222222,0.07856742013183861,False
zolpidem,alpha2,alpha2|BZD_SITE_100|PHE|hydrophobic_interaction|frequency,frequency,28,45,0.6222222222222222,NA,0.11111111111111105,0.06085806194501842,False
lorazepam,alpha2,alpha2|BZD_SITE_100|PHE|hydrophobic_interaction|frequency,frequency,0,45,0.0,NA,0.0,0.0,False
clonazepam,alpha2,alpha2|BZD_SITE_100|PHE|hydrophobic_interaction|frequency,frequency,0,45,0.0,NA,0.0,0.0,False
midazolam,alpha2,alpha2|BZD_SITE_100|PHE|hydrophobic_interaction|frequency,frequency,9,45,0.2,NA,0.1111111111111111,0.04969039949999532,False
temazepam,alpha2,alpha2|BZD_SITE_100|PHE|hydrophobic_interaction|frequency,frequency,1,45,0.022222222222222223,NA,0.1111111111111111,0.04969039949999532,False
zopiclone,alpha2,alpha2|BZD_SITE_100|PHE|hydrophobic_interaction|frequency,frequency,3,45,0.06666666666666667,NA,0.1111111111111111,0.06085806194501846,False
zaleplon,alpha2,alpha2|BZD_SITE_100|PHE|hydrophobic_interaction|frequency,frequency,13,45,0.28888888888888886,NA,0.5555555555555556,0.2018433569398328,True
diazepam,alpha2,alpha2|BZD_SITE_102|HIS|hydrogen_bond|frequency,frequency,0,45,0.0,NA,0.0,0.0,False
alprazolam,alpha2,alpha2|BZD_SITE_102|HIS|hydrogen_bond|frequency,frequency,0,45,0.0,NA,0.0,0.0,False
triazolam,alpha2,alpha2|BZD_SITE_102|HIS|hydrogen_bond|frequency,frequency,0,45,0.0,NA,0.0,0.0,False
zolpidem,alpha2,alpha2|BZD_SITE_102|HIS|hydrogen_bond|frequency,frequency,0,45,0.0,NA,0.0,0.0,False
lorazepam,alpha2,alpha2|BZD_SITE_102|HIS|hydrogen_bond|frequency,frequency,16,45,0.35555555555555557,NA,0.33333333333333337,0.12171612389003694,False
clonazepam,alpha2,alpha2|BZD_SITE_102|HIS|hydrogen_bond|frequency,frequency,11,45,0.24444444444444444,NA,0.2222222222222222,0.09296222517045283,False
midazolam,alpha2,alpha2|BZD_SITE_102|HIS|hydrogen_bond|frequency,frequency,0,45,0.0,NA,0.0,0.0,False
temazepam,alpha2,alpha2|BZD_SITE_102|HIS|hydrogen_bond|frequency,frequency,1,45,0.022222222222222223,NA,0.1111111111111111,0.04969039949999532,False
zopiclone,alpha2,alpha2|BZD_SITE_102|HIS|hydrogen_bond|frequency,frequency,0,45,0.0,NA,0.0,0.0,False
zaleplon,alpha2,alpha2|BZD_SITE_102|HIS|hydrogen_bond|frequency,frequency,0,45,0.0,NA,0.0,0.0,False
diazepam,alpha2,alpha2|BZD_SITE_102|HIS|hydrophobic_interaction|frequency,frequency,7,45,0.15555555555555556,NA,0.1111111111111111,0.06085806194501846,False
alprazolam,alpha2,alpha2|BZD_SITE_102|HIS|hydrophobic_interaction|frequency,frequency,12,45,0.26666666666666666,NA,0.1111111111111111,0.06085806194501845,False
triazolam,alpha2,alpha2|BZD_SITE_102|HIS|hydrophobic_interaction|frequency,frequency,10,45,0.2222222222222222,NA,0.2222222222222222,0.07856742013183861,False
zolpidem,alpha2,alpha2|BZD_SITE_102|HIS|hydrophobic_interaction|frequency,frequency,8,45,0.17777777777777778,NA,0.4444444444444444,0.16850834320114555,True
lorazepam,alpha2,alpha2|BZD_SITE_102|HIS|hydrophobic_interaction|frequency,frequency,3,45,0.06666666666666667,NA,0.2222222222222222,0.09938079899999065,False
clonazepam,alpha2,alpha2|BZD_SITE_102|HIS|hydrophobic_interaction|frequency,frequency,8,45,0.17777777777777778,NA,0.1111111111111111,0.06085806194501846,False
midazolam,alpha2,alpha2|BZD_SITE_102|HIS|hydrophobic_interaction|frequency,frequency,7,45,0.15555555555555556,NA,0.2222222222222222,0.09938079899999065,False
temazepam,alpha2,alpha2|BZD_SITE_102|HIS|hydrophobic_interaction|frequency,frequency,3,45,0.06666666666666667,NA,0.1111111111111111,0.06085806194501846,False
zopiclone,alpha2,alpha2|BZD_SITE_102|HIS|hydrophobic_interaction|frequency,frequency,0,45,0.0,NA,0.0,0.0,False
zaleplon,alpha2,alpha2|BZD_SITE_102|HIS|hydrophobic_interaction|frequency,frequency,5,45,0.1111111111111111,NA,0.2222222222222222,0.07856742013183861,False
diazepam,alpha2,alpha2|BZD_SITE_102|HIS|pi_cation_interaction|frequency,frequency,6,45,0.13333333333333333,NA,0.1111111111111111,0.049690399499995326,False
alprazolam,alpha2,alpha2|BZD_SITE_102|HIS|pi_cation_interaction|frequency,frequency,0,45,0.0,NA,0.0,0.0,False
triazolam,alpha2,alpha2|BZD_SITE_102|HIS|pi_cation_interaction|frequency,frequency,1,45,0.022222222222222223,NA,0.1111111111111111,0.04969039949999532,False
zolpidem,alpha2,alpha2|BZD_SITE_102|HIS|pi_cation_interaction|frequency,frequency,6,45,0.13333333333333333,NA,0.1111111111111111,0.049690399499995326,False
lorazepam,alpha2,alpha2|BZD_SITE_102|HIS|pi_cation_interaction|frequency,frequency,2,45,0.044444444444444446,NA,0.1111111111111111,0.06085806194501846,False
clonazepam,alpha2,alpha2|BZD_SITE_102|HIS|pi_cation_interaction|frequency,frequency,3,45,0.06666666666666667,NA,0.1111111111111111,0.06085806194501846,False
midazolam,alpha2,alpha2|BZD_SITE_102|HIS|pi_cation_interaction|frequency,frequency,3,45,0.06666666666666667,NA,0.1111111111111111,0.06085806194501846,False
temazepam,alpha2,alpha2|BZD_SITE_102|HIS|pi_cation_interaction|frequency,frequency,0,45,0.0,NA,0.0,0.0,False
zopiclone,alpha2,alpha2|BZD_SITE_102|HIS|pi_cation_interaction|frequency,frequency,2,45,0.044444444444444446,NA,0.1111111111111111,0.06085806194501846,False
zaleplon,alpha2,alpha2|BZD_SITE_102|HIS|pi_cation_interaction|frequency,frequency,0,45,0.0,NA,0.0,0.0,False
diazepam,alpha2,alpha2|BZD_SITE_102|HIS|pi_stack|frequency,frequency,2,45,0.044444444444444446,NA,0.1111111111111111,0.06085806194501846,False
diazepam,alpha2,alpha2|BZD_SITE_102|HIS|pi_stack|P_frequency,frequency,0,45,0.0,NA,0.0,0.0,False
diazepam,alpha2,alpha2|BZD_SITE_102|HIS|pi_stack|T_frequency,frequency,2,45,0.044444444444444446,NA,0.1111111111111111,0.06085806194501846,False
diazepam,alpha2,alpha2|BZD_SITE_102|HIS|pi_stack|centdist_mean,geometry,NA,45,4.425000000000001,2,NA,NA,NA
diazepam,alpha2,alpha2|BZD_SITE_102|HIS|pi_stack|angle_mean,geometry,NA,45,60.385,2,NA,NA,NA
diazepam,alpha2,alpha2|BZD_SITE_102|HIS|pi_stack|offset_mean,geometry,NA,45,0.92,2,NA,NA,NA
alprazolam,alpha2,alpha2|BZD_SITE_102|HIS|pi_stack|frequency,frequency,1,45,0.022222222222222223,NA,0.1111111111111111,0.04969039949999532,False
alprazolam,alpha2,alpha2|BZD_SITE_102|HIS|pi_stack|P_frequency,frequency,0,45,0.0,NA,0.0,0.0,False
alprazolam,alpha2,alpha2|BZD_SITE_102|HIS|pi_stack|T_frequency,frequency,1,45,0.022222222222222223,NA,0.1111111111111111,0.04969039949999532,False
alprazolam,alpha2,alpha2|BZD_SITE_102|HIS|pi_stack|centdist_mean,geometry,NA,45,5.14,1,NA,NA,NA
alprazolam,alpha2,alpha2|BZD_SITE_102|HIS|pi_stack|angle_mean,geometry,NA,45,61.25,1,NA,NA,NA
alprazolam,alpha2,alpha2|BZD_SITE_102|HIS|pi_stack|offset_mean,geometry,NA,45,0.96,1,NA,NA,NA
triazolam,alpha2,alpha2|BZD_SITE_102|HIS|pi_stack|frequency,frequency,4,45,0.08888888888888889,NA,0.1111111111111111,0.04969039949999532,False
triazolam,alpha2,alpha2|BZD_SITE_102|HIS|pi_stack|P_frequency,frequency,0,45,0.0,NA,0.0,0.0,False
triazolam,alpha2,alpha2|BZD_SITE_102|HIS|pi_stack|T_frequency,frequency,4,45,0.08888888888888889,NA,0.1111111111111111,0.04969039949999532,False
triazolam,alpha2,alpha2|BZD_SITE_102|HIS|pi_stack|centdist_mean,geometry,NA,45,4.4425,4,NA,NA,NA
triazolam,alpha2,alpha2|BZD_SITE_102|HIS|pi_stack|angle_mean,geometry,NA,45,71.5625,4,NA,NA,NA
triazolam,alpha2,alpha2|BZD_SITE_102|HIS|pi_stack|offset_mean,geometry,NA,45,0.645,4,NA,NA,NA
zolpidem,alpha2,alpha2|BZD_SITE_102|HIS|pi_stack|frequency,frequency,0,45,0.0,NA,0.0,0.0,False
zolpidem,alpha2,alpha2|BZD_SITE_102|HIS|pi_stack|P_frequency,frequency,0,45,0.0,NA,0.0,0.0,False
zolpidem,alpha2,alpha2|BZD_SITE_102|HIS|pi_stack|T_frequency,frequency,0,45,0.0,NA,0.0,0.0,False
zolpidem,alpha2,alpha2|BZD_SITE_102|HIS|pi_stack|centdist_mean,geometry,NA,45,NA,0,NA,NA,NA
zolpidem,alpha2,alpha2|BZD_SITE_102|HIS|pi_stack|angle_mean,geometry,NA,45,NA,0,NA,NA,NA
zolpidem,alpha2,alpha2|BZD_SITE_102|HIS|pi_stack|offset_mean,geometry,NA,45,NA,0,NA,NA,NA
lorazepam,alpha2,alpha2|BZD_SITE_102|HIS|pi_stack|frequency,frequency,0,45,0.0,NA,0.0,0.0,False
lorazepam,alpha2,alpha2|BZD_SITE_102|HIS|pi_stack|P_frequency,frequency,0,45,0.0,NA,0.0,0.0,False
lorazepam,alpha2,alpha2|BZD_SITE_102|HIS|pi_stack|T_frequency,frequency,0,45,0.0,NA,0.0,0.0,False
lorazepam,alpha2,alpha2|BZD_SITE_102|HIS|pi_stack|centdist_mean,geometry,NA,45,NA,0,NA,NA,NA
lorazepam,alpha2,alpha2|BZD_SITE_102|HIS|pi_stack|angle_mean,geometry,NA,45,NA,0,NA,NA,NA
lorazepam,alpha2,alpha2|BZD_SITE_102|HIS|pi_stack|offset_mean,geometry,NA,45,NA,0,NA,NA,NA
clonazepam,alpha2,alpha2|BZD_SITE_102|HIS|pi_stack|frequency,frequency,1,45,0.022222222222222223,NA,0.1111111111111111,0.04969039949999532,False
clonazepam,alpha2,alpha2|BZD_SITE_102|HIS|pi_stack|P_frequency,frequency,0,45,0.0,NA,0.0,0.0,False
clonazepam,alpha2,alpha2|BZD_SITE_102|HIS|pi_stack|T_frequency,frequency,1,45,0.022222222222222223,NA,0.1111111111111111,0.04969039949999532,False
clonazepam,alpha2,alpha2|BZD_SITE_102|HIS|pi_stack|centdist_mean,geometry,NA,45,4.43,1,NA,NA,NA
clonazepam,alpha2,alpha2|BZD_SITE_102|HIS|pi_stack|angle_mean,geometry,NA,45,65.98,1,NA,NA,NA
clonazepam,alpha2,alpha2|BZD_SITE_102|HIS|pi_stack|offset_mean,geometry,NA,45,0.87,1,NA,NA,NA
midazolam,alpha2,alpha2|BZD_SITE_102|HIS|pi_stack|frequency,frequency,0,45,0.0,NA,0.0,0.0,False
midazolam,alpha2,alpha2|BZD_SITE_102|HIS|pi_stack|P_frequency,frequency,0,45,0.0,NA,0.0,0.0,False
midazolam,alpha2,alpha2|BZD_SITE_102|HIS|pi_stack|T_frequency,frequency,0,45,0.0,NA,0.0,0.0,False
midazolam,alpha2,alpha2|BZD_SITE_102|HIS|pi_stack|centdist_mean,geometry,NA,45,NA,0,NA,NA,NA
midazolam,alpha2,alpha2|BZD_SITE_102|HIS|pi_stack|angle_mean,geometry,NA,45,NA,0,NA,NA,NA
midazolam,alpha2,alpha2|BZD_SITE_102|HIS|pi_stack|offset_mean,geometry,NA,45,NA,0,NA,NA,NA
temazepam,alpha2,alpha2|BZD_SITE_102|HIS|pi_stack|frequency,frequency,1,45,0.022222222222222223,NA,0.1111111111111111,0.04969039949999532,False
temazepam,alpha2,alpha2|BZD_SITE_102|HIS|pi_stack|P_frequency,frequency,0,45,0.0,NA,0.0,0.0,False
temazepam,alpha2,alpha2|BZD_SITE_102|HIS|pi_stack|T_frequency,frequency,1,45,0.022222222222222223,NA,0.1111111111111111,0.04969039949999532,False
temazepam,alpha2,alpha2|BZD_SITE_102|HIS|pi_stack|centdist_mean,geometry,NA,45,5.08,1,NA,NA,NA
temazepam,alpha2,alpha2|BZD_SITE_102|HIS|pi_stack|angle_mean,geometry,NA,45,70.96,1,NA,NA,NA
temazepam,alpha2,alpha2|BZD_SITE_102|HIS|pi_stack|offset_mean,geometry,NA,45,0.31,1,NA,NA,NA
zopiclone,alpha2,alpha2|BZD_SITE_102|HIS|pi_stack|frequency,frequency,0,45,0.0,NA,0.0,0.0,False
zopiclone,alpha2,alpha2|BZD_SITE_102|HIS|pi_stack|P_frequency,frequency,0,45,0.0,NA,0.0,0.0,False
zopiclone,alpha2,alpha2|BZD_SITE_102|HIS|pi_stack|T_frequency,frequency,0,45,0.0,NA,0.0,0.0,False
zopiclone,alpha2,alpha2|BZD_SITE_102|HIS|pi_stack|centdist_mean,geometry,NA,45,NA,0,NA,NA,NA
zopiclone,alpha2,alpha2|BZD_SITE_102|HIS|pi_stack|angle_mean,geometry,NA,45,NA,0,NA,NA,NA
zopiclone,alpha2,alpha2|BZD_SITE_102|HIS|pi_stack|offset_mean,geometry,NA,45,NA,0,NA,NA,NA
zaleplon,alpha2,alpha2|BZD_SITE_102|HIS|pi_stack|frequency,frequency,9,45,0.2,NA,0.3333333333333333,0.14487116456005886,False
zaleplon,alpha2,alpha2|BZD_SITE_102|HIS|pi_stack|P_frequency,frequency,0,45,0.0,NA,0.0,0.0,False
zaleplon,alpha2,alpha2|BZD_SITE_102|HIS|pi_stack|T_frequency,frequency,9,45,0.2,NA,0.3333333333333333,0.14487116456005886,False
zaleplon,alpha2,alpha2|BZD_SITE_102|HIS|pi_stack|centdist_mean,geometry,NA,45,4.884444444444444,9,NA,NA,NA
zaleplon,alpha2,alpha2|BZD_SITE_102|HIS|pi_stack|angle_mean,geometry,NA,45,82.97,9,NA,NA,NA
zaleplon,alpha2,alpha2|BZD_SITE_102|HIS|pi_stack|offset_mean,geometry,NA,45,1.3933333333333333,9,NA,NA,NA
diazepam,alpha2,alpha2|BZD_SITE_103|ASN|halogen_bond|frequency,frequency,0,45,0.0,NA,0.0,0.0,False
alprazolam,alpha2,alpha2|BZD_SITE_103|ASN|halogen_bond|frequency,frequency,0,45,0.0,NA,0.0,0.0,False
triazolam,alpha2,alpha2|BZD_SITE_103|ASN|halogen_bond|frequency,frequency,1,45,0.022222222222222223,NA,0.1111111111111111,0.04969039949999532,False
zolpidem,alpha2,alpha2|BZD_SITE_103|ASN|halogen_bond|frequency,frequency,0,45,0.0,NA,0.0,0.0,False
lorazepam,alpha2,alpha2|BZD_SITE_103|ASN|halogen_bond|frequency,frequency,1,45,0.022222222222222223,NA,0.1111111111111111,0.04969039949999532,False
clonazepam,alpha2,alpha2|BZD_SITE_103|ASN|halogen_bond|frequency,frequency,0,45,0.0,NA,0.0,0.0,False
midazolam,alpha2,alpha2|BZD_SITE_103|ASN|halogen_bond|frequency,frequency,0,45,0.0,NA,0.0,0.0,False
temazepam,alpha2,alpha2|BZD_SITE_103|ASN|halogen_bond|frequency,frequency,0,45,0.0,NA,0.0,0.0,False
zopiclone,alpha2,alpha2|BZD_SITE_103|ASN|halogen_bond|frequency,frequency,0,45,0.0,NA,0.0,0.0,False
zaleplon,alpha2,alpha2|BZD_SITE_103|ASN|halogen_bond|frequency,frequency,0,45,0.0,NA,0.0,0.0,False
diazepam,alpha2,alpha2|BZD_SITE_103|ASN|hydrophobic_interaction|frequency,frequency,6,45,0.13333333333333333,NA,0.1111111111111111,0.049690399499995326,False
alprazolam,alpha2,alpha2|BZD_SITE_103|ASN|hydrophobic_interaction|frequency,frequency,10,45,0.2222222222222222,NA,0.2222222222222222,0.07856742013183861,False
triazolam,alpha2,alpha2|BZD_SITE_103|ASN|hydrophobic_interaction|frequency,frequency,15,45,0.3333333333333333,NA,0.2222222222222222,0.1111111111111111,False
zolpidem,alpha2,alpha2|BZD_SITE_103|ASN|hydrophobic_interaction|frequency,frequency,6,45,0.13333333333333333,NA,0.3333333333333333,0.14487116456005886,False
lorazepam,alpha2,alpha2|BZD_SITE_103|ASN|hydrophobic_interaction|frequency,frequency,14,45,0.3111111111111111,NA,0.3333333333333333,0.12171612389003691,False
clonazepam,alpha2,alpha2|BZD_SITE_103|ASN|hydrophobic_interaction|frequency,frequency,13,45,0.28888888888888886,NA,0.3333333333333333,0.12668615834434865,False
midazolam,alpha2,alpha2|BZD_SITE_103|ASN|hydrophobic_interaction|frequency,frequency,23,45,0.5111111111111111,NA,0.3333333333333333,0.12668615834434868,False
temazepam,alpha2,alpha2|BZD_SITE_103|ASN|hydrophobic_interaction|frequency,frequency,15,45,0.3333333333333333,NA,0.2222222222222222,0.07856742013183861,False
zopiclone,alpha2,alpha2|BZD_SITE_103|ASN|hydrophobic_interaction|frequency,frequency,0,45,0.0,NA,0.0,0.0,False
zaleplon,alpha2,alpha2|BZD_SITE_103|ASN|hydrophobic_interaction|frequency,frequency,5,45,0.1111111111111111,NA,0.2222222222222222,0.07856742013183861,False
diazepam,alpha2,alpha2|BZD_SITE_138|GLU|hydrogen_bond|frequency,frequency,0,45,0.0,NA,0.0,0.0,False
alprazolam,alpha2,alpha2|BZD_SITE_138|GLU|hydrogen_bond|frequency,frequency,0,45,0.0,NA,0.0,0.0,False
triazolam,alpha2,alpha2|BZD_SITE_138|GLU|hydrogen_bond|frequency,frequency,0,45,0.0,NA,0.0,0.0,False
zolpidem,alpha2,alpha2|BZD_SITE_138|GLU|hydrogen_bond|frequency,frequency,0,45,0.0,NA,0.0,0.0,False
lorazepam,alpha2,alpha2|BZD_SITE_138|GLU|hydrogen_bond|frequency,frequency,2,45,0.044444444444444446,NA,0.1111111111111111,0.06085806194501846,False
clonazepam,alpha2,alpha2|BZD_SITE_138|GLU|hydrogen_bond|frequency,frequency,5,45,0.1111111111111111,NA,0.2222222222222222,0.07856742013183861,False
midazolam,alpha2,alpha2|BZD_SITE_138|GLU|hydrogen_bond|frequency,frequency,0,45,0.0,NA,0.0,0.0,False
temazepam,alpha2,alpha2|BZD_SITE_138|GLU|hydrogen_bond|frequency,frequency,2,45,0.044444444444444446,NA,0.1111111111111111,0.06085806194501846,False
zopiclone,alpha2,alpha2|BZD_SITE_138|GLU|hydrogen_bond|frequency,frequency,0,45,0.0,NA,0.0,0.0,False
zaleplon,alpha2,alpha2|BZD_SITE_138|GLU|hydrogen_bond|frequency,frequency,0,45,0.0,NA,0.0,0.0,False
diazepam,alpha2,alpha2|BZD_SITE_138|GLU|salt_bridge|frequency,frequency,0,45,0.0,NA,0.0,0.0,False
alprazolam,alpha2,alpha2|BZD_SITE_138|GLU|salt_bridge|frequency,frequency,0,45,0.0,NA,0.0,0.0,False
triazolam,alpha2,alpha2|BZD_SITE_138|GLU|salt_bridge|frequency,frequency,0,45,0.0,NA,0.0,0.0,False
zolpidem,alpha2,alpha2|BZD_SITE_138|GLU|salt_bridge|frequency,frequency,0,45,0.0,NA,0.0,0.0,False
lorazepam,alpha2,alpha2|BZD_SITE_138|GLU|salt_bridge|frequency,frequency,0,45,0.0,NA,0.0,0.0,False
clonazepam,alpha2,alpha2|BZD_SITE_138|GLU|salt_bridge|frequency,frequency,0,45,0.0,NA,0.0,0.0,False
midazolam,alpha2,alpha2|BZD_SITE_138|GLU|salt_bridge|frequency,frequency,0,45,0.0,NA,0.0,0.0,False
temazepam,alpha2,alpha2|BZD_SITE_138|GLU|salt_bridge|frequency,frequency,0,45,0.0,NA,0.0,0.0,False
zopiclone,alpha2,alpha2|BZD_SITE_138|GLU|salt_bridge|frequency,frequency,4,45,0.08888888888888889,NA,0.1111111111111111,0.04969039949999532,False
zaleplon,alpha2,alpha2|BZD_SITE_138|GLU|salt_bridge|frequency,frequency,0,45,0.0,NA,0.0,0.0,False
diazepam,alpha2,alpha2|BZD_SITE_154|PRO|hydrophobic_interaction|frequency,frequency,0,45,0.0,NA,0.0,0.0,False
alprazolam,alpha2,alpha2|BZD_SITE_154|PRO|hydrophobic_interaction|frequency,frequency,6,45,0.13333333333333333,NA,0.1111111111111111,0.049690399499995326,False
triazolam,alpha2,alpha2|BZD_SITE_154|PRO|hydrophobic_interaction|frequency,frequency,5,45,0.1111111111111111,NA,0.0,1.5515838457795457e-17,False
zolpidem,alpha2,alpha2|BZD_SITE_154|PRO|hydrophobic_interaction|frequency,frequency,0,45,0.0,NA,0.0,0.0,False
lorazepam,alpha2,alpha2|BZD_SITE_154|PRO|hydrophobic_interaction|frequency,frequency,0,45,0.0,NA,0.0,0.0,False
clonazepam,alpha2,alpha2|BZD_SITE_154|PRO|hydrophobic_interaction|frequency,frequency,0,45,0.0,NA,0.0,0.0,False
midazolam,alpha2,alpha2|BZD_SITE_154|PRO|hydrophobic_interaction|frequency,frequency,2,45,0.044444444444444446,NA,0.1111111111111111,0.06085806194501846,False
temazepam,alpha2,alpha2|BZD_SITE_154|PRO|hydrophobic_interaction|frequency,frequency,6,45,0.13333333333333333,NA,0.1111111111111111,0.049690399499995326,False
zopiclone,alpha2,alpha2|BZD_SITE_154|PRO|hydrophobic_interaction|frequency,frequency,0,45,0.0,NA,0.0,0.0,False
zaleplon,alpha2,alpha2|BZD_SITE_154|PRO|hydrophobic_interaction|frequency,frequency,0,45,0.0,NA,0.0,0.0,False
diazepam,alpha2,alpha2|BZD_SITE_156|LYS|hydrophobic_interaction|frequency,frequency,3,45,0.06666666666666667,NA,0.1111111111111111,0.06085806194501846,False
alprazolam,alpha2,alpha2|BZD_SITE_156|LYS|hydrophobic_interaction|frequency,frequency,13,45,0.28888888888888886,NA,0.2222222222222222,0.09938079899999065,False
triazolam,alpha2,alpha2|BZD_SITE_156|LYS|hydrophobic_interaction|frequency,frequency,14,45,0.3111111111111111,NA,0.2222222222222222,0.09296222517045283,False
zolpidem,alpha2,alpha2|BZD_SITE_156|LYS|hydrophobic_interaction|frequency,frequency,4,45,0.08888888888888889,NA,0.1111111111111111,0.04969039949999532,False
lorazepam,alpha2,alpha2|BZD_SITE_156|LYS|hydrophobic_interaction|frequency,frequency,14,45,0.3111111111111111,NA,0.3333333333333333,0.1217161238900369,False
clonazepam,alpha2,alpha2|BZD_SITE_156|LYS|hydrophobic_interaction|frequency,frequency,9,45,0.2,NA,0.2222222222222222,0.09296222517045284,False
midazolam,alpha2,alpha2|BZD_SITE_156|LYS|hydrophobic_interaction|frequency,frequency,17,45,0.37777777777777777,NA,0.1111111111111111,0.06085806194501846,False
temazepam,alpha2,alpha2|BZD_SITE_156|LYS|hydrophobic_interaction|frequency,frequency,12,45,0.26666666666666666,NA,0.1111111111111111,0.06085806194501846,False
zopiclone,alpha2,alpha2|BZD_SITE_156|LYS|hydrophobic_interaction|frequency,frequency,0,45,0.0,NA,0.0,0.0,False
zaleplon,alpha2,alpha2|BZD_SITE_156|LYS|hydrophobic_interaction|frequency,frequency,0,45,0.0,NA,0.0,0.0,False
diazepam,alpha2,alpha2|BZD_SITE_156|LYS|pi_cation_interaction|frequency,frequency,0,45,0.0,NA,0.0,0.0,False
alprazolam,alpha2,alpha2|BZD_SITE_156|LYS|pi_cation_interaction|frequency,frequency,1,45,0.022222222222222223,NA,0.1111111111111111,0.04969039949999532,False
triazolam,alpha2,alpha2|BZD_SITE_156|LYS|pi_cation_interaction|frequency,frequency,0,45,0.0,NA,0.0,0.0,False
zolpidem,alpha2,alpha2|BZD_SITE_156|LYS|pi_cation_interaction|frequency,frequency,2,45,0.044444444444444446,NA,0.1111111111111111,0.06085806194501846,False
lorazepam,alpha2,alpha2|BZD_SITE_156|LYS|pi_cation_interaction|frequency,frequency,0,45,0.0,NA,0.0,0.0,False
clonazepam,alpha2,alpha2|BZD_SITE_156|LYS|pi_cation_interaction|frequency,frequency,0,45,0.0,NA,0.0,0.0,False
midazolam,alpha2,alpha2|BZD_SITE_156|LYS|pi_cation_interaction|frequency,frequency,1,45,0.022222222222222223,NA,0.1111111111111111,0.04969039949999532,False
temazepam,alpha2,alpha2|BZD_SITE_156|LYS|pi_cation_interaction|frequency,frequency,0,45,0.0,NA,0.0,0.0,False
zopiclone,alpha2,alpha2|BZD_SITE_156|LYS|pi_cation_interaction|frequency,frequency,0,45,0.0,NA,0.0,0.0,False
zaleplon,alpha2,alpha2|BZD_SITE_156|LYS|pi_cation_interaction|frequency,frequency,0,45,0.0,NA,0.0,0.0,False
diazepam,alpha2,alpha2|BZD_SITE_160|TYR|halogen_bond|frequency,frequency,5,45,0.1111111111111111,NA,0.0,1.5515838457795457e-17,False
alprazolam,alpha2,alpha2|BZD_SITE_160|TYR|halogen_bond|frequency,frequency,0,45,0.0,NA,0.0,0.0,False
triazolam,alpha2,alpha2|BZD_SITE_160|TYR|halogen_bond|frequency,frequency,0,45,0.0,NA,0.0,0.0,False
zolpidem,alpha2,alpha2|BZD_SITE_160|TYR|halogen_bond|frequency,frequency,0,45,0.0,NA,0.0,0.0,False
lorazepam,alpha2,alpha2|BZD_SITE_160|TYR|halogen_bond|frequency,frequency,0,45,0.0,NA,0.0,0.0,False
clonazepam,alpha2,alpha2|BZD_SITE_160|TYR|halogen_bond|frequency,frequency,0,45,0.0,NA,0.0,0.0,False
midazolam,alpha2,alpha2|BZD_SITE_160|TYR|halogen_bond|frequency,frequency,4,45,0.08888888888888889,NA,0.1111111111111111,0.04969039949999532,False
temazepam,alpha2,alpha2|BZD_SITE_160|TYR|halogen_bond|frequency,frequency,0,45,0.0,NA,0.0,0.0,False
zopiclone,alpha2,alpha2|BZD_SITE_160|TYR|halogen_bond|frequency,frequency,4,45,0.08888888888888889,NA,0.1111111111111111,0.049690399499995326,False
zaleplon,alpha2,alpha2|BZD_SITE_160|TYR|halogen_bond|frequency,frequency,0,45,0.0,NA,0.0,0.0,False
diazepam,alpha2,alpha2|BZD_SITE_160|TYR|hydrophobic_interaction|frequency,frequency,0,45,0.0,NA,0.0,0.0,False
alprazolam,alpha2,alpha2|BZD_SITE_160|TYR|hydrophobic_interaction|frequency,frequency,1,45,0.022222222222222223,NA,0.1111111111111111,0.04969039949999532,False
triazolam,alpha2,alpha2|BZD_SITE_160|TYR|hydrophobic_interaction|frequency,frequency,0,45,0.0,NA,0.0,0.0,False
zolpidem,alpha2,alpha2|BZD_SITE_160|TYR|hydrophobic_interaction|frequency,frequency,10,45,0.2222222222222222,NA,0.2222222222222222,0.07856742013183861,False
lorazepam,alpha2,alpha2|BZD_SITE_160|TYR|hydrophobic_interaction|frequency,frequency,0,45,0.0,NA,0.0,0.0,False
clonazepam,alpha2,alpha2|BZD_SITE_160|TYR|hydrophobic_interaction|frequency,frequency,0,45,0.0,NA,0.0,0.0,False
midazolam,alpha2,alpha2|BZD_SITE_160|TYR|hydrophobic_interaction|frequency,frequency,2,45,0.044444444444444446,NA,0.1111111111111111,0.06085806194501846,False
temazepam,alpha2,alpha2|BZD_SITE_160|TYR|hydrophobic_interaction|frequency,frequency,1,45,0.022222222222222223,NA,0.1111111111111111,0.04969039949999532,False
zopiclone,alpha2,alpha2|BZD_SITE_160|TYR|hydrophobic_interaction|frequency,frequency,0,45,0.0,NA,0.0,0.0,False
zaleplon,alpha2,alpha2|BZD_SITE_160|TYR|hydrophobic_interaction|frequency,frequency,24,45,0.5333333333333333,NA,0.11111111111111116,0.04969039949999535,False
diazepam,alpha2,alpha2|BZD_SITE_201|GLU|salt_bridge|frequency,frequency,0,45,0.0,NA,0.0,0.0,False
alprazolam,alpha2,alpha2|BZD_SITE_201|GLU|salt_bridge|frequency,frequency,0,45,0.0,NA,0.0,0.0,False
triazolam,alpha2,alpha2|BZD_SITE_201|GLU|salt_bridge|frequency,frequency,0,45,0.0,NA,0.0,0.0,False
zolpidem,alpha2,alpha2|BZD_SITE_201|GLU|salt_bridge|frequency,frequency,0,45,0.0,NA,0.0,0.0,False
lorazepam,alpha2,alpha2|BZD_SITE_201|GLU|salt_bridge|frequency,frequency,0,45,0.0,NA,0.0,0.0,False
clonazepam,alpha2,alpha2|BZD_SITE_201|GLU|salt_bridge|frequency,frequency,0,45,0.0,NA,0.0,0.0,False
midazolam,alpha2,alpha2|BZD_SITE_201|GLU|salt_bridge|frequency,frequency,0,45,0.0,NA,0.0,0.0,False
temazepam,alpha2,alpha2|BZD_SITE_201|GLU|salt_bridge|frequency,frequency,0,45,0.0,NA,0.0,0.0,False
zopiclone,alpha2,alpha2|BZD_SITE_201|GLU|salt_bridge|frequency,frequency,1,45,0.022222222222222223,NA,0.1111111111111111,0.04969039949999532,False
zaleplon,alpha2,alpha2|BZD_SITE_201|GLU|salt_bridge|frequency,frequency,0,45,0.0,NA,0.0,0.0,False
diazepam,alpha2,alpha2|BZD_SITE_203|ILE|hydrophobic_interaction|frequency,frequency,23,45,0.5111111111111111,NA,0.11111111111111116,0.060858061945018485,False
alprazolam,alpha2,alpha2|BZD_SITE_203|ILE|hydrophobic_interaction|frequency,frequency,22,45,0.4888888888888889,NA,0.4444444444444444,0.2018433569398328,True
triazolam,alpha2,alpha2|BZD_SITE_203|ILE|hydrophobic_interaction|frequency,frequency,27,45,0.6,NA,0.4444444444444445,0.18592445034090568,True
zolpidem,alpha2,alpha2|BZD_SITE_203|ILE|hydrophobic_interaction|frequency,frequency,27,45,0.6,NA,0.33333333333333337,0.12668615834434868,False
lorazepam,alpha2,alpha2|BZD_SITE_203|ILE|hydrophobic_interaction|frequency,frequency,16,45,0.35555555555555557,NA,0.33333333333333337,0.12171612389003694,False
clonazepam,alpha2,alpha2|BZD_SITE_203|ILE|hydrophobic_interaction|frequency,frequency,13,45,0.28888888888888886,NA,0.3333333333333333,0.14907119849998596,False
midazolam,alpha2,alpha2|BZD_SITE_203|ILE|hydrophobic_interaction|frequency,frequency,25,45,0.5555555555555556,NA,0.33333333333333337,0.15713484026367724,False
temazepam,alpha2,alpha2|BZD_SITE_203|ILE|hydrophobic_interaction|frequency,frequency,23,45,0.5111111111111111,NA,0.2222222222222222,0.09938079899999067,False
zopiclone,alpha2,alpha2|BZD_SITE_203|ILE|hydrophobic_interaction|frequency,frequency,11,45,0.24444444444444444,NA,0.1111111111111111,0.049690399499995326,False
zaleplon,alpha2,alpha2|BZD_SITE_203|ILE|hydrophobic_interaction|frequency,frequency,30,45,0.6666666666666666,NA,0.2222222222222222,0.1111111111111111,False
diazepam,alpha2,alpha2|BZD_SITE_204|LYS|halogen_bond|frequency,frequency,0,45,0.0,NA,0.0,0.0,False
alprazolam,alpha2,alpha2|BZD_SITE_204|LYS|halogen_bond|frequency,frequency,2,45,0.044444444444444446,NA,0.1111111111111111,0.06085806194501846,False
triazolam,alpha2,alpha2|BZD_SITE_204|LYS|halogen_bond|frequency,frequency,3,45,0.06666666666666667,NA,0.1111111111111111,0.06085806194501846,False
zolpidem,alpha2,alpha2|BZD_SITE_204|LYS|halogen_bond|frequency,frequency,0,45,0.0,NA,0.0,0.0,False
lorazepam,alpha2,alpha2|BZD_SITE_204|LYS|halogen_bond|frequency,frequency,0,45,0.0,NA,0.0,0.0,False
clonazepam,alpha2,alpha2|BZD_SITE_204|LYS|halogen_bond|frequency,frequency,0,45,0.0,NA,0.0,0.0,False
midazolam,alpha2,alpha2|BZD_SITE_204|LYS|halogen_bond|frequency,frequency,0,45,0.0,NA,0.0,0.0,False
temazepam,alpha2,alpha2|BZD_SITE_204|LYS|halogen_bond|frequency,frequency,2,45,0.044444444444444446,NA,0.1111111111111111,0.06085806194501846,False
zopiclone,alpha2,alpha2|BZD_SITE_204|LYS|halogen_bond|frequency,frequency,0,45,0.0,NA,0.0,0.0,False
zaleplon,alpha2,alpha2|BZD_SITE_204|LYS|halogen_bond|frequency,frequency,0,45,0.0,NA,0.0,0.0,False
diazepam,alpha2,alpha2|BZD_SITE_206|SER|hydrogen_bond|frequency,frequency,0,45,0.0,NA,0.0,0.0,False
alprazolam,alpha2,alpha2|BZD_SITE_206|SER|hydrogen_bond|frequency,frequency,0,45,0.0,NA,0.0,0.0,False
triazolam,alpha2,alpha2|BZD_SITE_206|SER|hydrogen_bond|frequency,frequency,0,45,0.0,NA,0.0,0.0,False
zolpidem,alpha2,alpha2|BZD_SITE_206|SER|hydrogen_bond|frequency,frequency,0,45,0.0,NA,0.0,0.0,False
lorazepam,alpha2,alpha2|BZD_SITE_206|SER|hydrogen_bond|frequency,frequency,0,45,0.0,NA,0.0,0.0,False
clonazepam,alpha2,alpha2|BZD_SITE_206|SER|hydrogen_bond|frequency,frequency,0,45,0.0,NA,0.0,0.0,False
midazolam,alpha2,alpha2|BZD_SITE_206|SER|hydrogen_bond|frequency,frequency,0,45,0.0,NA,0.0,0.0,False
temazepam,alpha2,alpha2|BZD_SITE_206|SER|hydrogen_bond|frequency,frequency,1,45,0.022222222222222223,NA,0.1111111111111111,0.04969039949999532,False
zopiclone,alpha2,alpha2|BZD_SITE_206|SER|hydrogen_bond|frequency,frequency,4,45,0.08888888888888889,NA,0.1111111111111111,0.04969039949999532,False
zaleplon,alpha2,alpha2|BZD_SITE_206|SER|hydrogen_bond|frequency,frequency,8,45,0.17777777777777778,NA,0.1111111111111111,0.06085806194501846,False
diazepam,alpha2,alpha2|BZD_SITE_207|THR|hydrogen_bond|frequency,frequency,0,45,0.0,NA,0.0,0.0,False
alprazolam,alpha2,alpha2|BZD_SITE_207|THR|hydrogen_bond|frequency,frequency,0,45,0.0,NA,0.0,0.0,False
triazolam,alpha2,alpha2|BZD_SITE_207|THR|hydrogen_bond|frequency,frequency,0,45,0.0,NA,0.0,0.0,False
zolpidem,alpha2,alpha2|BZD_SITE_207|THR|hydrogen_bond|frequency,frequency,0,45,0.0,NA,0.0,0.0,False
lorazepam,alpha2,alpha2|BZD_SITE_207|THR|hydrogen_bond|frequency,frequency,0,45,0.0,NA,0.0,0.0,False
clonazepam,alpha2,alpha2|BZD_SITE_207|THR|hydrogen_bond|frequency,frequency,0,45,0.0,NA,0.0,0.0,False
midazolam,alpha2,alpha2|BZD_SITE_207|THR|hydrogen_bond|frequency,frequency,0,45,0.0,NA,0.0,0.0,False
temazepam,alpha2,alpha2|BZD_SITE_207|THR|hydrogen_bond|frequency,frequency,1,45,0.022222222222222223,NA,0.1111111111111111,0.04969039949999532,False
zopiclone,alpha2,alpha2|BZD_SITE_207|THR|hydrogen_bond|frequency,frequency,0,45,0.0,NA,0.0,0.0,False
zaleplon,alpha2,alpha2|BZD_SITE_207|THR|hydrogen_bond|frequency,frequency,8,45,0.17777777777777778,NA,0.3333333333333333,0.12668615834434865,False
diazepam,alpha2,alpha2|BZD_SITE_207|THR|hydrophobic_interaction|frequency,frequency,0,45,0.0,NA,0.0,0.0,False
alprazolam,alpha2,alpha2|BZD_SITE_207|THR|hydrophobic_interaction|frequency,frequency,0,45,0.0,NA,0.0,0.0,False
triazolam,alpha2,alpha2|BZD_SITE_207|THR|hydrophobic_interaction|frequency,frequency,0,45,0.0,NA,0.0,0.0,False
zolpidem,alpha2,alpha2|BZD_SITE_207|THR|hydrophobic_interaction|frequency,frequency,0,45,0.0,NA,0.0,0.0,False
lorazepam,alpha2,alpha2|BZD_SITE_207|THR|hydrophobic_interaction|frequency,frequency,0,45,0.0,NA,0.0,0.0,False
clonazepam,alpha2,alpha2|BZD_SITE_207|THR|hydrophobic_interaction|frequency,frequency,0,45,0.0,NA,0.0,0.0,False
midazolam,alpha2,alpha2|BZD_SITE_207|THR|hydrophobic_interaction|frequency,frequency,0,45,0.0,NA,0.0,0.0,False
temazepam,alpha2,alpha2|BZD_SITE_207|THR|hydrophobic_interaction|frequency,frequency,0,45,0.0,NA,0.0,0.0,False
zopiclone,alpha2,alpha2|BZD_SITE_207|THR|hydrophobic_interaction|frequency,frequency,0,45,0.0,NA,0.0,0.0,False
zaleplon,alpha2,alpha2|BZD_SITE_207|THR|hydrophobic_interaction|frequency,frequency,4,45,0.08888888888888889,NA,0.1111111111111111,0.04969039949999532,False
diazepam,alpha2,alpha2|BZD_SITE_210|TYR|hydrogen_bond|frequency,frequency,0,45,0.0,NA,0.0,0.0,False
alprazolam,alpha2,alpha2|BZD_SITE_210|TYR|hydrogen_bond|frequency,frequency,0,45,0.0,NA,0.0,0.0,False
triazolam,alpha2,alpha2|BZD_SITE_210|TYR|hydrogen_bond|frequency,frequency,0,45,0.0,NA,0.0,0.0,False
zolpidem,alpha2,alpha2|BZD_SITE_210|TYR|hydrogen_bond|frequency,frequency,0,45,0.0,NA,0.0,0.0,False
lorazepam,alpha2,alpha2|BZD_SITE_210|TYR|hydrogen_bond|frequency,frequency,0,45,0.0,NA,0.0,0.0,False
clonazepam,alpha2,alpha2|BZD_SITE_210|TYR|hydrogen_bond|frequency,frequency,0,45,0.0,NA,0.0,0.0,False
midazolam,alpha2,alpha2|BZD_SITE_210|TYR|hydrogen_bond|frequency,frequency,0,45,0.0,NA,0.0,0.0,False
temazepam,alpha2,alpha2|BZD_SITE_210|TYR|hydrogen_bond|frequency,frequency,0,45,0.0,NA,0.0,0.0,False
zopiclone,alpha2,alpha2|BZD_SITE_210|TYR|hydrogen_bond|frequency,frequency,0,45,0.0,NA,0.0,0.0,False
zaleplon,alpha2,alpha2|BZD_SITE_210|TYR|hydrogen_bond|frequency,frequency,5,45,0.1111111111111111,NA,0.3333333333333333,0.15713484026367722,False
diazepam,alpha2,alpha2|BZD_SITE_210|TYR|hydrophobic_interaction|frequency,frequency,5,45,0.1111111111111111,NA,0.0,1.5515838457795457e-17,False
alprazolam,alpha2,alpha2|BZD_SITE_210|TYR|hydrophobic_interaction|frequency,frequency,3,45,0.06666666666666667,NA,0.2222222222222222,0.09938079899999065,False
triazolam,alpha2,alpha2|BZD_SITE_210|TYR|hydrophobic_interaction|frequency,frequency,0,45,0.0,NA,0.0,0.0,False
zolpidem,alpha2,alpha2|BZD_SITE_210|TYR|hydrophobic_interaction|frequency,frequency,18,45,0.4,NA,0.1111111111111111,0.06085806194501846,False
lorazepam,alpha2,alpha2|BZD_SITE_210|TYR|hydrophobic_interaction|frequency,frequency,0,45,0.0,NA,0.0,0.0,False
clonazepam,alpha2,alpha2|BZD_SITE_210|TYR|hydrophobic_interaction|frequency,frequency,3,45,0.06666666666666667,NA,0.1111111111111111,0.06085806194501846,False
midazolam,alpha2,alpha2|BZD_SITE_210|TYR|hydrophobic_interaction|frequency,frequency,3,45,0.06666666666666667,NA,0.1111111111111111,0.06085806194501846,False
temazepam,alpha2,alpha2|BZD_SITE_210|TYR|hydrophobic_interaction|frequency,frequency,1,45,0.022222222222222223,NA,0.1111111111111111,0.04969039949999532,False
zopiclone,alpha2,alpha2|BZD_SITE_210|TYR|hydrophobic_interaction|frequency,frequency,0,45,0.0,NA,0.0,0.0,False
zaleplon,alpha2,alpha2|BZD_SITE_210|TYR|hydrophobic_interaction|frequency,frequency,31,45,0.6888888888888889,NA,0.2222222222222222,0.09296222517045284,False
diazepam,alpha2,alpha2|BZD_SITE_210|TYR|pi_stack|frequency,frequency,0,45,0.0,NA,0.0,0.0,False
diazepam,alpha2,alpha2|BZD_SITE_210|TYR|pi_stack|P_frequency,frequency,0,45,0.0,NA,0.0,0.0,False
diazepam,alpha2,alpha2|BZD_SITE_210|TYR|pi_stack|T_frequency,frequency,0,45,0.0,NA,0.0,0.0,False
diazepam,alpha2,alpha2|BZD_SITE_210|TYR|pi_stack|centdist_mean,geometry,NA,45,NA,0,NA,NA,NA
diazepam,alpha2,alpha2|BZD_SITE_210|TYR|pi_stack|angle_mean,geometry,NA,45,NA,0,NA,NA,NA
diazepam,alpha2,alpha2|BZD_SITE_210|TYR|pi_stack|offset_mean,geometry,NA,45,NA,0,NA,NA,NA
alprazolam,alpha2,alpha2|BZD_SITE_210|TYR|pi_stack|frequency,frequency,0,45,0.0,NA,0.0,0.0,False
alprazolam,alpha2,alpha2|BZD_SITE_210|TYR|pi_stack|P_frequency,frequency,0,45,0.0,NA,0.0,0.0,False
alprazolam,alpha2,alpha2|BZD_SITE_210|TYR|pi_stack|T_frequency,frequency,0,45,0.0,NA,0.0,0.0,False
alprazolam,alpha2,alpha2|BZD_SITE_210|TYR|pi_stack|centdist_mean,geometry,NA,45,NA,0,NA,NA,NA
alprazolam,alpha2,alpha2|BZD_SITE_210|TYR|pi_stack|angle_mean,geometry,NA,45,NA,0,NA,NA,NA
alprazolam,alpha2,alpha2|BZD_SITE_210|TYR|pi_stack|offset_mean,geometry,NA,45,NA,0,NA,NA,NA
triazolam,alpha2,alpha2|BZD_SITE_210|TYR|pi_stack|frequency,frequency,0,45,0.0,NA,0.0,0.0,False
triazolam,alpha2,alpha2|BZD_SITE_210|TYR|pi_stack|P_frequency,frequency,0,45,0.0,NA,0.0,0.0,False
triazolam,alpha2,alpha2|BZD_SITE_210|TYR|pi_stack|T_frequency,frequency,0,45,0.0,NA,0.0,0.0,False
triazolam,alpha2,alpha2|BZD_SITE_210|TYR|pi_stack|centdist_mean,geometry,NA,45,NA,0,NA,NA,NA
triazolam,alpha2,alpha2|BZD_SITE_210|TYR|pi_stack|angle_mean,geometry,NA,45,NA,0,NA,NA,NA
triazolam,alpha2,alpha2|BZD_SITE_210|TYR|pi_stack|offset_mean,geometry,NA,45,NA,0,NA,NA,NA
zolpidem,alpha2,alpha2|BZD_SITE_210|TYR|pi_stack|frequency,frequency,0,45,0.0,NA,0.0,0.0,False
zolpidem,alpha2,alpha2|BZD_SITE_210|TYR|pi_stack|P_frequency,frequency,0,45,0.0,NA,0.0,0.0,False
zolpidem,alpha2,alpha2|BZD_SITE_210|TYR|pi_stack|T_frequency,frequency,0,45,0.0,NA,0.0,0.0,False
zolpidem,alpha2,alpha2|BZD_SITE_210|TYR|pi_stack|centdist_mean,geometry,NA,45,NA,0,NA,NA,NA
zolpidem,alpha2,alpha2|BZD_SITE_210|TYR|pi_stack|angle_mean,geometry,NA,45,NA,0,NA,NA,NA
zolpidem,alpha2,alpha2|BZD_SITE_210|TYR|pi_stack|offset_mean,geometry,NA,45,NA,0,NA,NA,NA
lorazepam,alpha2,alpha2|BZD_SITE_210|TYR|pi_stack|frequency,frequency,0,45,0.0,NA,0.0,0.0,False
lorazepam,alpha2,alpha2|BZD_SITE_210|TYR|pi_stack|P_frequency,frequency,0,45,0.0,NA,0.0,0.0,False
lorazepam,alpha2,alpha2|BZD_SITE_210|TYR|pi_stack|T_frequency,frequency,0,45,0.0,NA,0.0,0.0,False
lorazepam,alpha2,alpha2|BZD_SITE_210|TYR|pi_stack|centdist_mean,geometry,NA,45,NA,0,NA,NA,NA
lorazepam,alpha2,alpha2|BZD_SITE_210|TYR|pi_stack|angle_mean,geometry,NA,45,NA,0,NA,NA,NA
lorazepam,alpha2,alpha2|BZD_SITE_210|TYR|pi_stack|offset_mean,geometry,NA,45,NA,0,NA,NA,NA
clonazepam,alpha2,alpha2|BZD_SITE_210|TYR|pi_stack|frequency,frequency,0,45,0.0,NA,0.0,0.0,False
clonazepam,alpha2,alpha2|BZD_SITE_210|TYR|pi_stack|P_frequency,frequency,0,45,0.0,NA,0.0,0.0,False
clonazepam,alpha2,alpha2|BZD_SITE_210|TYR|pi_stack|T_frequency,frequency,0,45,0.0,NA,0.0,0.0,False
clonazepam,alpha2,alpha2|BZD_SITE_210|TYR|pi_stack|centdist_mean,geometry,NA,45,NA,0,NA,NA,NA
clonazepam,alpha2,alpha2|BZD_SITE_210|TYR|pi_stack|angle_mean,geometry,NA,45,NA,0,NA,NA,NA
clonazepam,alpha2,alpha2|BZD_SITE_210|TYR|pi_stack|offset_mean,geometry,NA,45,NA,0,NA,NA,NA
midazolam,alpha2,alpha2|BZD_SITE_210|TYR|pi_stack|frequency,frequency,2,45,0.044444444444444446,NA,0.1111111111111111,0.06085806194501846,False
midazolam,alpha2,alpha2|BZD_SITE_210|TYR|pi_stack|P_frequency,frequency,2,45,0.044444444444444446,NA,0.1111111111111111,0.06085806194501846,False
midazolam,alpha2,alpha2|BZD_SITE_210|TYR|pi_stack|T_frequency,frequency,0,45,0.0,NA,0.0,0.0,False
midazolam,alpha2,alpha2|BZD_SITE_210|TYR|pi_stack|centdist_mean,geometry,NA,45,4.135,2,NA,NA,NA
midazolam,alpha2,alpha2|BZD_SITE_210|TYR|pi_stack|angle_mean,geometry,NA,45,29.369999999999997,2,NA,NA,NA
midazolam,alpha2,alpha2|BZD_SITE_210|TYR|pi_stack|offset_mean,geometry,NA,45,1.4649999999999999,2,NA,NA,NA
temazepam,alpha2,alpha2|BZD_SITE_210|TYR|pi_stack|frequency,frequency,1,45,0.022222222222222223,NA,0.1111111111111111,0.04969039949999532,False
temazepam,alpha2,alpha2|BZD_SITE_210|TYR|pi_stack|P_frequency,frequency,1,45,0.022222222222222223,NA,0.1111111111111111,0.04969039949999532,False
temazepam,alpha2,alpha2|BZD_SITE_210|TYR|pi_stack|T_frequency,frequency,0,45,0.0,NA,0.0,0.0,False
temazepam,alpha2,alpha2|BZD_SITE_210|TYR|pi_stack|centdist_mean,geometry,NA,45,4.25,1,NA,NA,NA
temazepam,alpha2,alpha2|BZD_SITE_210|TYR|pi_stack|angle_mean,geometry,NA,45,20.79,1,NA,NA,NA
temazepam,alpha2,alpha2|BZD_SITE_210|TYR|pi_stack|offset_mean,geometry,NA,45,1.9,1,NA,NA,NA
zopiclone,alpha2,alpha2|BZD_SITE_210|TYR|pi_stack|frequency,frequency,4,45,0.08888888888888889,NA,0.1111111111111111,0.04969039949999532,False
zopiclone,alpha2,alpha2|BZD_SITE_210|TYR|pi_stack|P_frequency,frequency,4,45,0.08888888888888889,NA,0.1111111111111111,0.04969039949999532,False
zopiclone,alpha2,alpha2|BZD_SITE_210|TYR|pi_stack|T_frequency,frequency,0,45,0.0,NA,0.0,0.0,False
zopiclone,alpha2,alpha2|BZD_SITE_210|TYR|pi_stack|centdist_mean,geometry,NA,45,4.01,4,NA,NA,NA
zopiclone,alpha2,alpha2|BZD_SITE_210|TYR|pi_stack|angle_mean,geometry,NA,45,13.3325,4,NA,NA,NA
zopiclone,alpha2,alpha2|BZD_SITE_210|TYR|pi_stack|offset_mean,geometry,NA,45,1.085,4,NA,NA,NA
zaleplon,alpha2,alpha2|BZD_SITE_210|TYR|pi_stack|frequency,frequency,2,45,0.044444444444444446,NA,0.1111111111111111,0.06085806194501846,False
zaleplon,alpha2,alpha2|BZD_SITE_210|TYR|pi_stack|P_frequency,frequency,2,45,0.044444444444444446,NA,0.1111111111111111,0.06085806194501846,False
zaleplon,alpha2,alpha2|BZD_SITE_210|TYR|pi_stack|T_frequency,frequency,0,45,0.0,NA,0.0,0.0,False
zaleplon,alpha2,alpha2|BZD_SITE_210|TYR|pi_stack|centdist_mean,geometry,NA,45,4.6,2,NA,NA,NA
zaleplon,alpha2,alpha2|BZD_SITE_210|TYR|pi_stack|angle_mean,geometry,NA,45,14.785,2,NA,NA,NA
zaleplon,alpha2,alpha2|BZD_SITE_210|TYR|pi_stack|offset_mean,geometry,NA,45,1.58,2,NA,NA,NA
diazepam,alpha2,alpha2|BZD_SITE_212|VAL|hydrophobic_interaction|frequency,frequency,0,45,0.0,NA,0.0,0.0,False
alprazolam,alpha2,alpha2|BZD_SITE_212|VAL|hydrophobic_interaction|frequency,frequency,0,45,0.0,NA,0.0,0.0,False
triazolam,alpha2,alpha2|BZD_SITE_212|VAL|hydrophobic_interaction|frequency,frequency,0,45,0.0,NA,0.0,0.0,False
zolpidem,alpha2,alpha2|BZD_SITE_212|VAL|hydrophobic_interaction|frequency,frequency,0,45,0.0,NA,0.0,0.0,False
lorazepam,alpha2,alpha2|BZD_SITE_212|VAL|hydrophobic_interaction|frequency,frequency,0,45,0.0,NA,0.0,0.0,False
clonazepam,alpha2,alpha2|BZD_SITE_212|VAL|hydrophobic_interaction|frequency,frequency,0,45,0.0,NA,0.0,0.0,False
midazolam,alpha2,alpha2|BZD_SITE_212|VAL|hydrophobic_interaction|frequency,frequency,0,45,0.0,NA,0.0,0.0,False
temazepam,alpha2,alpha2|BZD_SITE_212|VAL|hydrophobic_interaction|frequency,frequency,0,45,0.0,NA,0.0,0.0,False
zopiclone,alpha2,alpha2|BZD_SITE_212|VAL|hydrophobic_interaction|frequency,frequency,0,45,0.0,NA,0.0,0.0,False
zaleplon,alpha2,alpha2|BZD_SITE_212|VAL|hydrophobic_interaction|frequency,frequency,2,45,0.044444444444444446,NA,0.1111111111111111,0.06085806194501846,False
