drug_id,receptor,seed,pose_rank,pose_id,status,n_interactions,xml_sha256,complex_input_sha256,ligand_sdf_sha256,started_at,finished_at,ligand_heavy_atoms
diazepam,alpha1,2026091901,1,2026091901:1,success,8,1cf21a762c8ade5464d5441ac3205efb6bf2ad0bc627138a6d63920430b711cb,d1ef7ae718ba8e6ecb26ca27d2c87e8ddf5128aefd90658d13b76fb917ea64ce,f316c5e01760f835e62651bb11ee80347bdaf8222daaaba4486b8281ce46a65f,2026-09-19T07:27:56.694000+09:00,2026-09-19T07:27:57.808664+09:00,20
diazepam,alpha1,2026091901,2,2026091901:2,success,4,ec89d95a2b036f48b6e32e5d242844a28976ad753087721cd932a7c54ebc081b,a4387e12f7b39e35b5954adf49ff7fbfa02825f991af92aa501ea92972b84c83,f55525d0bee8c89ae425335db2bbb1ef4ef2e0015ab1ec2f91068f8c790afacb,2026-09-19T07:27:57.842717+09:00,2026-09-19T07:27:58.918059+09:00,20
diazepam,alpha1,2026091901,3,2026091901:3,success,5,fb4efcdf23c6403ed8c37fa467cce348d8b74b40174c292313119d7919a4169f,4cfce6f3450c0f91bce0bdb5f75cbd71bf5c90931cad132a9346be75efc9a602,1764d454f5f673e0a5ea061301c098ed6d2e436c0c8048ab5b33310c0e4eb0e2,2026-09-19T07:27:58.949506+09:00,2026-09-19T07:28:00.001037+09:00,20
diazepam,alpha1,2026091901,4,2026091901:4,success,7,190f92c70ee0a18186455f77a4d8faea07af37c8acc5b171796ffcfa67621968,f46e96026416a7f88ce971b5364e4208298576cc33e58d511668d2634887d88f,17cdaa4ccc8787ff52dcaf38781bdb4749addad89017d32c87581989b4cd643b,2026-09-19T07:28:00.036137+09:00,2026-09-19T07:28:01.170625+09:00,20
diazepam,alpha1,2026091901,5,2026091901:5,success,4,e77b27c78350116795ed920fdf8e7e23d46a22523b33f9ddbc7722d27ea43db0,c79ca0cada44b0dff9a2ec1bfda8895283efdd0614a50488d4ef7e438deeb952,eab664792e1a1d851ea19ba9340b4d352f405a805afd1e0fcf01982200177539,2026-09-19T07:28:01.204324+09:00,2026-09-19T07:28:02.342836+09:00,20
diazepam,alpha1,2026091901,6,2026091901:6,success,5,2d6b0cc515363b229af0de50ab2e1910f74b672e9056356f7ea78c5c0d7d77e2,30665780c62c4c0c15ed4f06cb8c741a9e5f06251dfaba95af90644f52433d43,f4f01deb0d29ba8ae8a5fef25e1137e1b92c1e2cafdb7a3ed649015bd2bfdf73,2026-09-19T07:28:02.378790+09:00,2026-09-19T07:28:03.553483+09:00,20
diazepam,alpha1,2026091901,7,2026091901:7,success,4,d85ddcaf1ae5e88443ac53284940e1b9ac14b6b3c539739fa42cb1c4667e6c54,65a159aad85b5eb0dbf53ed9af6dee9ce15d1a9220957869913028f810524901,9742c3c51b4234181f0af423f68304adf70533b1ed4090717c437818d42f5da4,2026-09-19T07:28:03.591242+09:00,2026-09-19T07:28:04.718995+09:00,20
diazepam,alpha1,2026091901,8,2026091901:8,success,5,d846e32e2326b534b262aa13617ae198c3f19102f81203847b129efe28727bf7,4a51c2cd7669c90b3019f1f08633436378ed81679143970de6061569e67b0768,7d52ca383c5878aad2f3149e2106798e50a6c26d285b75e0535a477edd283b68,2026-09-19T07:28:04.756123+09:00,2026-09-19T07:28:05.888408+09:00,20
diazepam,alpha1,2026091901,9,2026091901:9,success,3,b8f43db80da97df8d1c45df3d9ed4bb6a16e87dea2cebc282680808d79aacabd,1ab8109835c07f9f65351be53a640b8b07ed7462838593a22cf1398cd36725c5,95a44a4a469e10605513af2b5ce658fa6a1fb0655ead1752c1152893e8916afc,2026-09-19T07:28:05.923194+09:00,2026-09-19T07:28:07.087118+09:00,20
diazepam,alpha1,2026091902,1,2026091902:1,success,8,9f21b7aae1c2bcf51e23a4819be2d40cc7b68135f8c4b8330f923f8b9df52a69,c80d337d427d5538e187a3156f0f64cb233c9635c84d406bdaf80aa57f7837c1,6414c6f7b6678541d2300e51ccbd2cf31ba8e4f2fb8ae242fd7b676cb73e8190,2026-09-19T07:28:36.913759+09:00,2026-09-19T07:28:38.375797+09:00,20
diazepam,alpha1,2026091902,2,2026091902:2,success,5,f078c19b827981737a6618f57cf93d24f3f10898a4e3cbbeab3b60b177e3711b,450c28fd8e5b3d37bb2cef9fe1ad6e327bd623ee7804c3e14c180d4f0eab6eee,6b077783fa511610c4310dbd9a3fc0b0551ee5f9d9509bf52038fbfb5e28bc41,2026-09-19T07:28:38.422051+09:00,2026-09-19T07:28:40.495423+09:00,20
diazepam,alpha1,2026091902,3,2026091902:3,success,4,83171cf10f071a7ba653ae313d9b1ac881c20b9fb1b185682c64d9016197099c,3700e759795c4590acc2171e386cfad7c499aa6622bb74b3df90c38abbd8d268,5672209b2e0add7d7f432b0986293e35a745848821a47897ecbdd8c24628f2b2,2026-09-19T07:28:40.556389+09:00,2026-09-19T07:28:42.176921+09:00,20
diazepam,alpha1,2026091902,4,2026091902:4,success,7,61a3c0decf4bb68a4ff5b683950f9703c46eb33e60ff4e7a5bcefe02df1cd2b0,be877f863ced89ffcbc99aa429fc3f2229c7a14de18743be8d0ffe51fdda54c6,fdae4e8d75f03c0e6e7d028797342e642f5fff2d9101c5e0f8486c3e4b9195ae,2026-09-19T07:28:42.217955+09:00,2026-09-19T07:28:43.975855+09:00,20
diazepam,alpha1,2026091902,5,2026091902:5,success,4,e384a19b9e6132398023b74e1412b1069e51b6bcaa3bcaa76c2a4ac35ab77c8c,8ea58c8d1bb208aafaea0abf91cfd593cd58e5d43a5ba344daeb32c05715aee6,6a503859c2b2bcd21a6d7c3a65b16685e051f855807fb21099506e0096789ddf,2026-09-19T07:28:44.033540+09:00,2026-09-19T07:28:45.622800+09:00,20
diazepam,alpha1,2026091902,6,2026091902:6,success,3,5e6d0cdaac8f888012e90b5d3fb548917478fb8b7c770149af4a6277e66f6ad5,509298638fc9eef826d9888e24591d07560f5f6c03b788375fcaa62a2f56c84d,685c5735ecd665bb34e58845664a7ac51aecd1139a16dfc00ccea389bfe7b666,2026-09-19T07:28:45.670651+09:00,2026-09-19T07:28:47.236056+09:00,20
diazepam,alpha1,2026091902,7,2026091902:7,success,5,e1abb29f59735eb19ae7d6543d37cf164abb06bb5786387eddc2f87b53b8b4a2,bd1231adf92b942dbb64e928b80c6033aab3c88268c488ee5b537fa9f7cad95d,a86668e9d8c312fe2eef027311682ec0e31af286279a26113d2ac5ee44af273c,2026-09-19T07:28:47.274364+09:00,2026-09-19T07:28:48.861948+09:00,20
diazepam,alpha1,2026091902,8,2026091902:8,success,4,c06530bfbeeb50871f44491c04ded2f027bdee1949139b465b50cc79c8b30da2,cb67d9695fb6cc7a8ce6815aeb0451a8781370a875dccfc3a974a25d2e1b6279,eeaf20e375d3673bbc6f86288f5e0ed6a9e24e0b48244d15fb98c96bda629c4c,2026-09-19T07:28:48.913021+09:00,2026-09-19T07:28:50.524806+09:00,20
diazepam,alpha1,2026091902,9,2026091902:9,success,4,a54d7c5398ea5c0d2e7c131b4d4017b5a8bb6db53a25530ed3eeb20e045db753,e773246c3e4939a091416973b96b75388bbe4d0577e547be86c002c887bae909,0bab5de29ad6498f3ae55e1cc7afeef7c649617b77634dd2957e88c506c3c1d9,2026-09-19T07:28:50.573089+09:00,2026-09-19T07:28:52.210687+09:00,20
diazepam,alpha1,2026091903,1,2026091903:1,success,8,b7a2560d8938190abbf9a00d9ca552b1beffe789e708cf515d0537330aa8eff5,3b29683c7a6abda7ac46da33f6e0bc673feeb44061e27fa41602460e57a89681,f50207ed57e11b3c1fff0e31abf17d2f0c61bf273e85b4189fbd0ba33b79c413,2026-09-19T07:28:36.938863+09:00,2026-09-19T07:28:38.482357+09:00,20
diazepam,alpha1,2026091903,2,2026091903:2,success,5,8c6a3abc2590a47b4702bfbf498f4689806b8b69508397d532b978e7b09d4270,7163c4ccc289bd20532bb532fa55546666048625b20de199c5f815e413a16554,d2230d0fe07015b6dc6a579e2e52cc22a2ecb66787580cbcc80d0b0d4dde1462,2026-09-19T07:28:38.537383+09:00,2026-09-19T07:28:40.520853+09:00,20
diazepam,alpha1,2026091903,3,2026091903:3,success,5,4e2c155e12e7724cdac557fba63622a9f4536557cc505cafcf390cb172ca8452,ae18b04635bbeb81a82d5159c614527639030fb56cba58f7a062ac380f558271,c75c3777d208cda6ff36a56fd5a44857581c7174d3b222eaddf0284faaa510e3,2026-09-19T07:28:40.581806+09:00,2026-09-19T07:28:42.255116+09:00,20
diazepam,alpha1,2026091903,4,2026091903:4,success,6,6d0076df44ad6f514813617c15d6c88d35cbd48b0047d8e43d61ae5c652e895d,693f1e293300e4004262d879353692d8915903ff71799765d15279d4300847be,1b73dfa537edbe87aa3b3ce93772a66331de7b2148d08203677448f7624b2e87,2026-09-19T07:28:42.300184+09:00,2026-09-19T07:28:43.935519+09:00,20
diazepam,alpha1,2026091903,5,2026091903:5,success,4,343f6d466fa572444668951fe4ef325baa4a87e4ae89d3ea32d0f5007742c95c,12abc464e2d567666d814e73b1c1b7851a2f8b294813bdaec055c760d2d148fc,ae02826b996b6e2d7cf11e03300cacf97cf2e53be6bab1478e142a7d3ff9501c,2026-09-19T07:28:43.983038+09:00,2026-09-19T07:28:45.585313+09:00,20
diazepam,alpha1,2026091903,6,2026091903:6,success,3,29add6802592e3262bcc23aadac8c03c3827c051e2cff1d708e89e5eb05dd853,2e767fb0b3d7368cf5597e4c1dfd09cf68b373680b2119f5459f7ec85a871ead,a34808be032f853ff57d82603c6546039f5961386d897609c1cb621a9308262a,2026-09-19T07:28:45.629651+09:00,2026-09-19T07:28:47.263533+09:00,20
diazepam,alpha1,2026091903,7,2026091903:7,success,4,ced8c5708a8c91d187c7b1ea42d4541351783472b6efdebeb75de59a34a7b3af,0eac96a695260b99f6b3ab9b2e53dab639b91342bc3935d8e5f15b87a1b2161e,3af3c9d80f7b8bd16ec55e4570f4281869b7244b8db92b12dd5de0c83006a644,2026-09-19T07:28:47.304928+09:00,2026-09-19T07:28:48.875076+09:00,20
diazepam,alpha1,2026091903,8,2026091903:8,success,6,188bf3c2b8d440dc52c8b2cf4c8ce85148dbabea631d99beeadbd33627a19ba6,a7025bb77311f1d915028fa75dfdb2f71a11e887262d6184ab7c4f243c5f35bb,aa517af44987d1cac46689996c4121ff06d320576f01d351040635542df6a6c4,2026-09-19T07:28:48.923317+09:00,2026-09-19T07:28:50.528606+09:00,20
diazepam,alpha1,2026091903,9,2026091903:9,success,4,fcad388b6a4df5d924f5854559039816624fdf5a87bd579c62815f6f9027a46b,f5b043fe6a10121c021d92ddf74b8b8ed11262ebbe07071ae86f15d7c6adb2a7,b74e92b16f4caf9353ce509606e8e49d481f2f99529cafb743a501534c2765dc,2026-09-19T07:28:50.573628+09:00,2026-09-19T07:28:52.179792+09:00,20
diazepam,alpha1,2026091904,1,2026091904:1,success,7,71cbd38d3356e075b7467de1a3294a23d4084e89e2ab23572ad9c3ac1e3f510c,bb2ea3c7891168225ba1c3f950b8a8a839a19428cb7116713d17694d163dd222,5a7870ad201a68fd947f0e47ca78d234a0afabb5fe62094ce38f24ed79084c17,2026-09-19T07:28:36.938091+09:00,2026-09-19T07:28:38.444805+09:00,20
diazepam,alpha1,2026091904,2,2026091904:2,success,5,7664d69fa70061adcbf58d7f40ae81f83bbdb5a93495f7520c76ef4ab26173a8,a02b657c4b7efb6927e77fd13fedfacdf80b700c05b0ba1cb90bac29c1b47e0f,cd4a7b203e85d99f94b57f4edf33a9e01cbaf584e4f5c3c7f94aa81a043bbb89,2026-09-19T07:28:38.498525+09:00,2026-09-19T07:28:40.435401+09:00,20
diazepam,alpha1,2026091904,3,2026091904:3,success,5,7526b88ef841711f58f51dd8f2697a0127aabc9758ba69c6c933f258f3b80267,3f19f60b585b2f8d8dfc0cfdc35e7bbab1605eaa0873ec49136206b81ecddac4,5898d87f44fbf1fb091f8d8407b82e98b531004bc9fac1251fd856f1183c6bc6,2026-09-19T07:28:40.480258+09:00,2026-09-19T07:28:42.135517+09:00,20
diazepam,alpha1,2026091904,4,2026091904:4,success,7,8558ebcba40c22997d41901ee6266ebb13bc588024bd3685b07eb4c80f579764,4161d3469c0731d6e25295f1051c8b35565d770dc3d33b88715db21f0d236c08,279c7f71631b0c5a473140dbcc45d26129777701310dcf7552da5440093c6c80,2026-09-19T07:28:42.184813+09:00,2026-09-19T07:28:43.893271+09:00,20
diazepam,alpha1,2026091904,5,2026091904:5,success,6,211a386652c0d0038bf8c5aeb84cb43c2a9f7f09c16f8c8c37dc6d4236cc1e7c,72e9ba30599ccd30004bb3c79f322e7c0bffb0949d464cb7e4c3f2df6176add6,263bc604166b6ac101a9f696044060a2db7435d8383b8e4f70d8e09611d31f8c,2026-09-19T07:28:43.947832+09:00,2026-09-19T07:28:45.544041+09:00,20
diazepam,alpha1,2026091904,6,2026091904:6,success,4,1b5525952855b0070fcb60d8e9d981c7134fa2afd6ba2b2f1f12ecdf02c4f708,944c655060ff17c8e9d4efb80f462185a4d0967b30e1ea653de5059fe762fe89,3472633119eb46f13c3cb01f90301b244e9ec11cb5f7078162761d328a0a46d1,2026-09-19T07:28:45.590221+09:00,2026-09-19T07:28:47.170792+09:00,20
diazepam,alpha1,2026091904,7,2026091904:7,success,4,f374c83b89d92460089afb9814f3cfcea38530bae5316e691fce5270aaee6c29,14fa3d36f4f1e59243fa176e5318972a87827a301ce4bd4e51a1d7fb89e34cea,3cbe5ee1eafc3b558614954e9dde314ce6047d731f4716c34f0c2ec28b42fcbf,2026-09-19T07:28:47.210522+09:00,2026-09-19T07:28:48.806979+09:00,20
diazepam,alpha1,2026091904,8,2026091904:8,success,2,0862dda232e8523201f1d8b792f236f36c2c35913b520134beebf2163248f718,85af6e4951aeb74b3b4ac6cc48624b23b1e306c686c8f1787c38e2543fdff18e,2316911a1382e848ffe59119bc2790cc1c8eef6703cf605beb7332ccc8e1d92c,2026-09-19T07:28:48.849984+09:00,2026-09-19T07:28:50.443495+09:00,20
diazepam,alpha1,2026091904,9,2026091904:9,success,4,4f3ca02de8e80bd9e94b0c45313e35280ab6e1901f1171c88493ae21bd4e720f,e1476231d0548660c7e4873976b0d76b055466a1deb4c608d98f5cc3373aee41,3ce0125dbf86765d4c8d927a132c40b00ce13311c5e07ff9c4f885653fbc1cb7,2026-09-19T07:28:50.494334+09:00,2026-09-19T07:28:52.141312+09:00,20
diazepam,alpha1,2026091905,1,2026091905:1,success,8,88aabcca420974e71c8194d2f80c2aaf636d7e107723d8621c6596feea3de0f0,876250958221501b9f18735b37c89d93ed27cf522068aa08b3a3d4b37bc85b17,1676b9ae03a19a901d1593a6a8217870960e32f438c27fc988f4085730ad1dd6,2026-09-19T07:28:43.184554+09:00,2026-09-19T07:28:44.752789+09:00,20
diazepam,alpha1,2026091905,2,2026091905:2,success,5,c67a4866335bdcfa198428d14d9614490aaa8ebae9dbeaf786d37f56062b56d9,d0785f7955ea37ed48bbb2f34317c8016a2cb58b62e8bc8924098bd34137cec0,651d7ea3efb0f3f02a5e8dfcee8b466e228a56e63002eaae42b6eafb4dd38eeb,2026-09-19T07:28:44.792919+09:00,2026-09-19T07:28:46.355554+09:00,20
diazepam,alpha1,2026091905,3,2026091905:3,success,6,52b25408426d52ad025fdc685931adecf3c376faa8e2eb2629d1e2472269fca2,dfda6972d69e62a4cfb7d4a33151594087dd6a857945b4f9018571acf7b58894,193e25bbeaa5ea564f4462d7a36546cdbeafd889f585b71a879c57b06988144b,2026-09-19T07:28:46.401141+09:00,2026-09-19T07:28:47.906187+09:00,20
diazepam,alpha1,2026091905,4,2026091905:4,success,7,f3d393e74940162ad476599d7fbff009b63ff72d357c9959fd58405b7a3c6825,7bb2a3bd9aaaddce7c2385a5669695127fa480ed019c6e539aecdfa592b23cad,5eb626f316432adb356f94eab992114897181727dbc7aadf7c6fd4f9604265a8,2026-09-19T07:28:47.957506+09:00,2026-09-19T07:28:49.666648+09:00,20
diazepam,alpha1,2026091905,5,2026091905:5,success,4,43b8ad5ca303ba5aa5ab88f0eaa237678b29fe0d1dea8fb52c35857b26a8516f,d8447dafd6f684a1027015f36cd35572b40206bb044091633c5980095f06b57b,bd3067ab0b9f047b1bad9bf36f9e8681096f6198887c20f9217c1aafc27d8328,2026-09-19T07:28:49.709055+09:00,2026-09-19T07:28:51.342833+09:00,20
diazepam,alpha1,2026091905,6,2026091905:6,success,5,ee79d39c920f832a7db64f342401140f609e357282ae52c518a99338e198e779,8fcdd4aa9e0f4a849040de81f5aaa01b4f28cb70ab06cf8b0727fbf784396cb5,e6826fb81d36a795f1cecc38a12688bf6a1aeb8534eb6091ca0eb9dec8763137,2026-09-19T07:28:51.388549+09:00,2026-09-19T07:28:53.036484+09:00,20
diazepam,alpha1,2026091905,7,2026091905:7,success,4,da85e17776f188f0cf1a5f212dc9b45c6ee2f9a8f6c91817eda10aef0ff58b24,5ecd4bb2983cfca48702221307c1801326dfee06b2fc806608d3e52ca75fb032,6352cea3b4b0cfbb0e57a387eaf6b4ca58166f2fb6038b5d701c1888cc48c171,2026-09-19T07:28:53.088878+09:00,2026-09-19T07:28:54.656424+09:00,20
diazepam,alpha1,2026091905,8,2026091905:8,success,5,18b93f43c10460b4104b4af1ae16135dc05401673bd6bf4b1975cf6a9b606bb0,89bd34450169e90cf108c6bcb5d9a83a74193da6a6ea27b99cf5a2259246d9e2,0e5e23a2bcf4a7794545fe0e786d49df4ffded0707fd31d6db38d50c28048b0f,2026-09-19T07:28:54.701819+09:00,2026-09-19T07:28:56.413436+09:00,20
diazepam,alpha1,2026091905,9,2026091905:9,success,6,4e8b1020ea2546abceedd41eb54ceb462bc99d22455d336108a77ec60dd63e65,415e31aed0dcd63361b79628e81f562538b0baae614ead612c9b535b7be6a804,439ee3707a31837edc431f39b4abc1d060be75ae2a9454d7b84920ceef76bf7f,2026-09-19T07:28:56.462316+09:00,2026-09-19T07:28:58.042833+09:00,20
diazepam,alpha2,2026091901,1,2026091901:1,success,4,9a7e4c96f9c2e06532685692fee0f503fab547d6c6258a3e90de6c7c2f1f52a6,7a2742b32b40c2f7daf307187df122c0058d1e5496b4c35c7ba5a2ae1c6657b9,6dcf85d841b9bd32fe45d332f47f4ab6ff190796196f0d1004bb0d76854c9d70,2026-09-19T07:28:58.539302+09:00,2026-09-19T07:28:59.206422+09:00,20
diazepam,alpha2,2026091901,2,2026091901:2,success,6,4c7539f25664e5085bd5972689b94286e06dedffb7dbe2a3bfba8157b8c4dee5,9db57f4e5dcc73841e3723d094989b1ae115c5e2ffceb4f13953af1909910028,9e374b2e67e39bb010130eca853e1d70138a9b586398ed69aea5c3f1d76895e8,2026-09-19T07:28:59.230105+09:00,2026-09-19T07:28:59.836953+09:00,20
diazepam,alpha2,2026091901,3,2026091901:3,success,5,1e8b4754ecbe1db7a2dfd0279f1c1c7777c30e05d40c3c4c6f00ec050469b81e,578ab3a5d5800d64a0d97b104d978dfe548b70d63cb74eaf8a9140540ee2ebfd,a47f0dedbd894f2c41d85694c1b39c6062fbdf1fcfd9667d287d37a272d70b92,2026-09-19T07:28:59.865083+09:00,2026-09-19T07:29:00.476679+09:00,20
diazepam,alpha2,2026091901,4,2026091901:4,success,2,8f35c45f1cbded56f6d541ccf05dbb3ed304e32100484b32dce1514a88c1842c,a1bc7a96d44579143df51495103078edafefd0af695a8dc1dfac64a1f03479b1,17e34a83614e360951890fb3d139e2b687ce991824743de9bf8eaf7d14e9f2f4,2026-09-19T07:29:00.504314+09:00,2026-09-19T07:29:01.185068+09:00,20
diazepam,alpha2,2026091901,5,2026091901:5,success,3,2f8b9bb70eb5d5657618d9827fa8b4368328a891d634dd10608074cbf59f6990,8875abb381a9ff435302bac593f9d07255328d33fb0b16939ba0f89e80f360f7,414663eb063d0608a15f7f496c964b6f4ac4ad0d640d6fdd0fd4a2949f7f086e,2026-09-19T07:29:01.213106+09:00,2026-09-19T07:29:01.821623+09:00,20
diazepam,alpha2,2026091901,6,2026091901:6,success,5,0543ca34265dc5ced5c0bd8a1200590655cbb3a1145b1657f610b5d5490c5fd9,c04aa0b546ee09ffde67cf70534b3b645db3dc7fad44a9a1f19b4852cc34de0c,0ad158ae110e3d5f7ea71b2683df7736060a3f2388032c9c209aa96b8b91b05e,2026-09-19T07:29:01.848039+09:00,2026-09-19T07:29:02.566289+09:00,20
diazepam,alpha2,2026091901,7,2026091901:7,success,3,46a932107c0e9e49c9fd644d3836bd38af46927855f6300c9742af33565400a8,92078ec1cc0b56cceeebd8cbd77466bc28c27c438c59f03f436073c65bfcd9e1,6b2740a5581f35e93f769d6f5356d07f48c40d1c6a02f0ba690a7f4872504198,2026-09-19T07:29:02.589175+09:00,2026-09-19T07:29:03.216194+09:00,20
diazepam,alpha2,2026091901,8,2026091901:8,success,4,34ecf08011cd9baf538ee7e4cf6d909a2b2fed3703a16ce61def9cd198489072,aa03b05ccb56d358678e72fd3fe2a63a3c3ee3216552f018f847ffd6c89a498c,7745eed05d883211a41c2d5ea8e4c7c21dc55b809c37318eff0d7b0e6f4173a6,2026-09-19T07:29:03.235639+09:00,2026-09-19T07:29:03.874277+09:00,20
diazepam,alpha2,2026091901,9,2026091901:9,success,4,3b5684bbb85f677bebb94d8c6edf8f683b8ad681b8a935e8679ccb2b227b0fa5,4b8519b46b7e17176c2b12c27632083255a6523ad83b0cab06938a419404e1e8,234c962caee698518aef03b6e97d3346b8bf97aefdc3391dabbf1e492c429056,2026-09-19T07:29:03.896994+09:00,2026-09-19T07:29:04.629054+09:00,20
diazepam,alpha2,2026091902,1,2026091902:1,success,4,33b50d4f76daf6730d4c469d722de781f92af47fa5b88da2c34333fcc8b36306,3fd0d3585d12b9039539377aff88dd68437e25a3decd50511c95cf8ac7b36a09,01ecaf0010281e2a23d2248bf6cc8cb1627bc4f28b59fab5f1ab6e781a4d8552,2026-09-19T07:28:58.604089+09:00,2026-09-19T07:28:59.254598+09:00,20
diazepam,alpha2,2026091902,2,2026091902:2,success,6,624fefe890d4da9b41af55905894d0b92231682323a13944422d546f49de48a5,9ccae333abcf719e238db5da9b7d89ef333206444553da091a37164636232cbb,d00129d9fe2e5a704fea5fbd3846c6557b59e356183a925f7a7c24732a101ebf,2026-09-19T07:28:59.279050+09:00,2026-09-19T07:28:59.950659+09:00,20
diazepam,alpha2,2026091902,3,2026091902:3,success,5,cf4b8cfaf49b227505f4627c7194169841478973fb681f4301f946d412d6a67a,c48d0419c3257b13ae9f355448ebb600dab73583e31a54a63d84af4fe58d6a35,f1f7fe4dd4aadee5fb86f0fb92db15226c8207c5138aa98ddc8084f1e4283819,2026-09-19T07:28:59.975429+09:00,2026-09-19T07:29:00.596817+09:00,20
diazepam,alpha2,2026091902,4,2026091902:4,success,3,4038cf68b4e2f05e6c56c1e08912e95f5322bd7b2acbc6ffb7dc5dbb65386f85,61ae0f031672881a0bd38261eaadb167b71abfe4d418ce8c5de50ed340eaae14,1521c1e95888b3b8d8205a19624a6eac9b458548295ee7cfe2d363d2b820336b,2026-09-19T07:29:00.621146+09:00,2026-09-19T07:29:01.334877+09:00,20
diazepam,alpha2,2026091902,5,2026091902:5,success,3,63286d1b0778607f81be86f6bef44c5cbd2fc473959b1dc055a7186832aa4c00,f850128a764f0c8c66a12bea23c11919e8ed1af984349b07b7a469bdc770df29,bb986af220fe3ee03de4d5683f9ece9ac584cbc5bb4e7f51a5cea3161bc40614,2026-09-19T07:29:01.358461+09:00,2026-09-19T07:29:02.017282+09:00,20
diazepam,alpha2,2026091902,6,2026091902:6,success,5,b0f816553af3a55de08810502c26d21afb09732b8b89c19debed02dce44a9cbe,8f2d5503d2953f4e112feb747a90b2528c80a87f01e1d1968f698cbd35ba76a8,48c600385a545285844c5ce82fa53ebc9d5231c1acad62fc2782eeb103d60edf,2026-09-19T07:29:02.045864+09:00,2026-09-19T07:29:02.708120+09:00,20
diazepam,alpha2,2026091902,7,2026091902:7,success,2,c0781190b6bd67c255cb8431e09752712a3e47ced34c04a66fed814f3d9ff618,69f7a39e8c6247cd2abc85f716a285339f4ce9420dae6cbb61b45305bf0060d6,82d6993a480c2bc428ff8d24aed3eec1779959cc5e2fae579a054abbf248acc6,2026-09-19T07:29:02.735449+09:00,2026-09-19T07:29:03.370713+09:00,20
diazepam,alpha2,2026091902,8,2026091902:8,success,4,24f1a5df7c55cd108723d75f354ac866a6883314c4ad4a1c0205a6f4f7b928bc,590d3548250d9058890c84b1ae15eb2b2a3f370b5a44406542f7d13e748d919c,8a268389c04cf5fe82b237c7e7323d7f132f77d716640c199186b194b9c61310,2026-09-19T07:29:03.391486+09:00,2026-09-19T07:29:04.025777+09:00,20
diazepam,alpha2,2026091902,9,2026091902:9,success,4,c9d2360ee35a26316f45ea6a38aa71ab34b58f7826140f1aaa52df7629cbbe2a,4e05601ad034b72fc0ece18b18305accd23e76b34206d3a212194e84d4d92e1c,452f7899aed21285d12fcf0716bee5aa4fb954a25e190b9d529b21c1cce0134d,2026-09-19T07:29:04.046634+09:00,2026-09-19T07:29:04.750856+09:00,20
diazepam,alpha2,2026091903,1,2026091903:1,success,6,59bafce6173151dd3717d2720038a1f642ff480984375e5ea02c86768f86027d,72bd566a14440fd9cdc538ac3a3f0a185b5126f282c706451bbe5c5797b514d6,41f4171677828b9f709dda5d4b93dd3fbeeacf2d8310e575c47b6cfef685c4cb,2026-09-19T07:28:58.659636+09:00,2026-09-19T07:28:59.304974+09:00,20
diazepam,alpha2,2026091903,2,2026091903:2,success,5,07c61fd7f701264f295f2415306f4b4c407bd62bdf41a4ff9b897104d4930be9,ca246e9a4caa86cfde4f624de27d4b466b2cee07b108dc9516151003680c7fbd,e32a51d011576d09f27949f2d709b42315ab420b2df83afe26ff410c507673c7,2026-09-19T07:28:59.326754+09:00,2026-09-19T07:28:59.962868+09:00,20
diazepam,alpha2,2026091903,3,2026091903:3,success,3,d55486199797acf12c3580715c91570c23a2a95e1d958c541391776c5b9699e8,127bb06d7300663ccab1a55fdf97749fd61d3eb9016708b99965c6970c96bc71,e8d9ab0cc4c847312d776084581a496c414f99a292cf9bc3dee0d6d7d1f43373,2026-09-19T07:28:59.989635+09:00,2026-09-19T07:29:00.631787+09:00,20
diazepam,alpha2,2026091903,4,2026091903:4,success,2,a6f69d2086c7c08d4570a232590d062f5cf66950823ac498cfedfc85491d8dbb,2752f420483abfa747457b2ac936e369bbdefc0ed98150bc7dbe085f99265882,0c241c6ab30cf139dfad32459dc63a446b707b390771cf61f9e013df04272cc0,2026-09-19T07:29:00.656756+09:00,2026-09-19T07:29:01.350618+09:00,20
diazepam,alpha2,2026091903,5,2026091903:5,success,5,69f7ac64c28d404c305d6f213ce596e3405ee01f1d945e79bec9777f2f0cb189,f499085c8d68d302ad8094dbbec09bda68497221cf160b7ad1c1032dac44e49a,7c5eecbb9ab07146cd37e23f727f78f1e63312defbb58d7b1c373c06a7b547d3,2026-09-19T07:29:01.377881+09:00,2026-09-19T07:29:02.005099+09:00,20
diazepam,alpha2,2026091903,6,2026091903:6,success,3,fc6573add818edb0d9f59793ce9860c1d5ae0ec997ad820d5e0ac490c9f4c122,4875859b5e8037181199324cb5559f434cfe1ec0747940048d193ad77344c2cb,624bec4c183a132281e9bd40155794967a17a3667a4e67bee821732a41bf2725,2026-09-19T07:29:02.029750+09:00,2026-09-19T07:29:02.688408+09:00,20
diazepam,alpha2,2026091903,7,2026091903:7,success,3,a1a779fcdc42572c35f5123be4c24ef72e5aaf8edfc9cc8c74a69c13c16aa35d,0c3e36b378fe4925a3023c4fc9010caea6ab89f6d8fceef1fc21ae6a6531380d,68454e95e44fd57794fdb730cc50bc067f5c7a3cd3d569db0cda08f91eafb348,2026-09-19T07:29:02.726708+09:00,2026-09-19T07:29:03.429351+09:00,20
diazepam,alpha2,2026091903,8,2026091903:8,success,4,45b437de6984fad6f136dd7c3e48cb158a4cbcf782d0b91c6762d918ab19f504,bd06d0f8836cb201f5f97463377305514e5b9431774f983a3c6a8b4f309a29fe,1d9f8a5d620d2ab126ca54add6d5bf6db2bee4431a61acb14c4b40d0f0644be5,2026-09-19T07:29:03.451119+09:00,2026-09-19T07:29:04.084978+09:00,20
diazepam,alpha2,2026091903,9,2026091903:9,success,4,085cd83924e7585c37dd72d175e96415bdca02dbc696e76a3f97391de7a048a4,a78ab8cf3b372f9f90d162f10b4e5246c41c49454174053989ceeeb2c0373f96,c5a90ee49b22cb6a7b7e9453ff67dd7f792fe5f5b6e46e82a4c024d95b8ec4e1,2026-09-19T07:29:04.113876+09:00,2026-09-19T07:29:04.832319+09:00,20
diazepam,alpha2,2026091904,1,2026091904:1,success,6,32c68ad80684afd8870e78bcc70a283bd4e5feb7fd8b2acac2dae5e89c7a88f2,f0f9306a7bd867199e9790c5f7c0972b71c4ab18064572c3635b402101d3db66,af82c916c00c8ba075f386f5a0f9cdc09cfc2781b39cb7c10cc20f655518bd68,2026-09-19T07:29:04.086169+09:00,2026-09-19T07:29:04.745428+09:00,20
diazepam,alpha2,2026091904,2,2026091904:2,success,5,9d18132121c98006bf2cf8b191ee3d9f93546726a8298e34136462285a449fc5,5430cf8ba9916d057a26b9b985e7ab17f92ca974de393c5558468c056c3e1898,d086c4d26a7e1df21861d9190bf097cd9933196c5f48b02c2bf4f70b5f247854,2026-09-19T07:29:04.769830+09:00,2026-09-19T07:29:05.428526+09:00,20
diazepam,alpha2,2026091904,3,2026091904:3,success,3,3de4b040ae30512c5e1f76b053ee4c371994474a8ab0507f75c31dea0f44f556,c78647f3c343e90a0d9ce7def706f62004549b20b3299802e905cea7c16b6694,40a92d61e765240aa6b5c47182e754ee62ce8ea225a907be859863b2b606f871,2026-09-19T07:29:05.450215+09:00,2026-09-19T07:29:06.083206+09:00,20
diazepam,alpha2,2026091904,4,2026091904:4,success,5,3e6e932dbb8d03de3e5b07cc2fceb3232ffac0a941d3f063724df8b8e989ed9f,0181cf44f6a87cbd156e204365a2a3f50c7b7e969155c0a4465f3870e4c318ce,549ce3502a1d0e1b73be4a41f018dd5756fabfc0181359a0378730ff3fda128b,2026-09-19T07:29:06.107660+09:00,2026-09-19T07:29:06.823575+09:00,20
diazepam,alpha2,2026091904,5,2026091904:5,success,2,4a52df143525cb0e8362b9ae4edf34b4746391ae20f4ba12ef0288e1045c7313,2da4b2d259d079ff968f22d3d5f44705835bfa2e5869b215dc7ec3bd6cebe506,d4fb37f8fcd981dc3e0ff2adda6cde0809128ba9e5b63c1bd85d688a652cad56,2026-09-19T07:29:06.848581+09:00,2026-09-19T07:29:07.483402+09:00,20
diazepam,alpha2,2026091904,6,2026091904:6,success,3,09b299f2ca754d425e7a63e137789a04ab4c6d42d3e95bbe3a99e62e312a2336,d12981e4cc35032d1e3a21534ca48e151f26de06f14f6d80749bfe1c902973f8,63802ef0a803e573f41ca5e39eef7f2523eb2ef0925095fed5c9d6d0beeb116b,2026-09-19T07:29:07.510992+09:00,2026-09-19T07:29:08.173560+09:00,20
diazepam,alpha2,2026091904,7,2026091904:7,success,4,091cc4ce32b03d37c166f73c62f98ea2bf607b06f5a1fad499e0b3bc27b7517b,77e079ebaf772ccd7517760291f66075453bedea8486268a4ddd2ad394455a35,f117648fa3f9f609bbe460d74b9cce3bd4b49a75038ab88b2f64c1e98b34bb0f,2026-09-19T07:29:08.199681+09:00,2026-09-19T07:29:08.848295+09:00,20
diazepam,alpha2,2026091904,8,2026091904:8,success,4,5995d3324d4c66f8769bc556af74cec14242887e9ec50b044d9de40b0ec71373,7c6187cbd9c491fea2bdf7b783d597b9d3b4dcde690418b739b3ce5a096918a3,8e2a787e1498d0b59a74c74b13b79c98fd62adfa67772ef6278cfa9659e8866f,2026-09-19T07:29:08.874672+09:00,2026-09-19T07:29:09.465892+09:00,20
diazepam,alpha2,2026091904,9,2026091904:9,success,2,5d914b2c61c20c7dfb90886d8eebd7be5e7f4d96c084d0d0692b32f7532d59c8,23b3b6f492497b63df060c929efb2631e39c887b7d9442baa765cebfe12f0d90,d6e7ffe4bc988f56b94dc8b80f24680815da18d1bcb0012f7133f21ae2a09ba0,2026-09-19T07:29:09.495736+09:00,2026-09-19T07:29:10.196377+09:00,20
diazepam,alpha2,2026091905,1,2026091905:1,success,6,39d89b923ca4e7e0a70799841d6bd0ed5d54ddd362010f9e7cf6b97de9dc141a,15a78e591ee5979df88b3a7950dedd0cfcf1cbf2d7a555d93d4f041a630227a4,fbdcb3d95fd98ac9382809a8b4157e01abecc492c3a143af0e1a9896205d16fd,2026-09-19T07:29:11.105635+09:00,2026-09-19T07:29:11.780569+09:00,20
diazepam,alpha2,2026091905,2,2026091905:2,success,5,346b9232b7a59c624491bee9aba3f2253d85d912afdfcf95e5abd2ca528f168b,6a78304b71677b7dae1360a3fc495d86b05363b0050b1644dcab84095f2b1787,d251acb2d6c9e200f510b3505a5f9f9fe56cdb9525297e3d4cb640e543964005,2026-09-19T07:29:11.806913+09:00,2026-09-19T07:29:12.425135+09:00,20
diazepam,alpha2,2026091905,3,2026091905:3,success,4,cc618228fea9e8ea494f3fc186a0e5dc3fdffb75a8d40c5db9c3c31510a783df,e21b986ac1c59da4702a18dcea6cf00e07be842f66267909678360c5c732d215,24435f43b419197f912a080ed16dc9f5b9647af560dc838e9e6bddcf291a5266,2026-09-19T07:29:12.451500+09:00,2026-09-19T07:29:13.086483+09:00,20
diazepam,alpha2,2026091905,4,2026091905:4,success,2,2cd9060d8a90b6b92588e92fe213a31ed3c41fdd36447707fa80c68c35825b27,bbc8f659e37d9daeb4e1a632865ef8bf9192d620b980074becf48e3c6b89f75a,5b5ca8221e8d708c583b317bc2dd261689cddc155a43d94fa7267773a138cfcb,2026-09-19T07:29:13.112037+09:00,2026-09-19T07:29:13.813063+09:00,20
diazepam,alpha2,2026091905,5,2026091905:5,success,3,a88d68a2194705caad15bef25e2ee5c4fae999d4a3e8c7406388cbbf8c4e092d,705998da12a497113f212a1b51409df20d769ac58ca59ec6eed6d7b234c063e6,91e23313075a41e5fb8e5155d996edfbb11550e3e37c222dafcae2a08edbfa27,2026-09-19T07:29:13.833657+09:00,2026-09-19T07:29:14.453176+09:00,20
diazepam,alpha2,2026091905,6,2026091905:6,success,5,2ba81944e9ceca741d6144537a7e5e34c89d5905aea23b85b9e45e67622ecef4,fadc2d0caebd71f8923ea658f7e4a6edfdd2480b3a22be20a662ac42a80ac310,fdc7f5ed7961dfe94b6f58588b1628aba6e573ea1d7c7274334cbc9f22ad113e,2026-09-19T07:29:14.480596+09:00,2026-09-19T07:29:15.199786+09:00,20
diazepam,alpha2,2026091905,7,2026091905:7,success,3,2cafc4557cb157eed8601bf184cfe4a0fdb489dd3caa27cfda2aeca5a88bad62,ca9779e179b933c7bbf0682c52c412a0ea45ca01662dd8a28bbfee5c5716fe13,5769bd74fd136c3cd44fabd59176124524877dc1348a2a3d7a91a8d04c37f4d3,2026-09-19T07:29:15.230195+09:00,2026-09-19T07:29:15.891216+09:00,20
diazepam,alpha2,2026091905,8,2026091905:8,success,4,42fcfd7e25a76891a5b84413420ee84223d6a1b7b5f14a07b874fa80682c95ef,183389248a99107ae7fc0a6f96933f232d0ceee077e645152ea622ef860e8797,1091a9978f8a6bdd88c6ece16c23d578edb522a09c43c587fb0a998783ef93c6,2026-09-19T07:29:15.914251+09:00,2026-09-19T07:29:16.544553+09:00,20
diazepam,alpha2,2026091905,9,2026091905:9,success,2,280681fea9a725fe1edf11816f16d75ca6c6224e98282546e0e01789b7d001a7,019ce0f9750a449c88902273508dd24d7859ebb0e1f40c34ae6d708f4eb15909,ba34c2ec46b5aee9dffca8856ef8df987ff790d56b9915e70b799282fa46a466,2026-09-19T07:29:16.568656+09:00,2026-09-19T07:29:17.276307+09:00,20
alprazolam,alpha1,2026091901,1,2026091901:1,success,9,03674489c95c5605dcac4871035f610e241ee0614cd6fd9b2f6e64b6c45fafec,ccfe243bd3a04533354a6c5780e0202a843d017a7182effcbe0ed91b373b66cf,8c9a52a59aca112c55795d45fb9ef0ec28811f74aba463f0b7ee0c80e3296622,2026-09-19T07:29:11.194997+09:00,2026-09-19T07:29:12.840154+09:00,22
alprazolam,alpha1,2026091901,2,2026091901:2,success,9,eb6a47bca7e17aad59d902d879fd3180afb2e59fbd14cae1b0807b36fb82a896,c7d29aa720a2a2d9dececf9256d02541a018480f6a1ca79aafb889a56ccf055e,c5b3552ed85ca54bda57a8310bb33ceb526df3edee2f9283c2859e5144bbb701,2026-09-19T07:29:12.887382+09:00,2026-09-19T07:29:14.446238+09:00,22
alprazolam,alpha1,2026091901,3,2026091901:3,success,5,d21e79aefb5d36805e5eecb82098f721d46e95febd56606f213a952b5c9e7190,c5f070d2328f2edf4ef1a46d5b3c4ac07e4a894ab8ca6b19c198755a296d6e01,a609be2f93dd440cb7d70ccd2021d42818383a289c2de65cbbe0e0f1808867c4,2026-09-19T07:29:14.493261+09:00,2026-09-19T07:29:16.020934+09:00,22
alprazolam,alpha1,2026091901,4,2026091901:4,success,6,273b9579af54c7b676d0c1885a43a08d8365dfba9d6ae1607a7594c7b8c7da2d,8c1c1c8b42fae7feea673f6a40c11b7755d011579269c0b073417ca3a931cb34,351f0b968501e999f8c4d672280836985cbd750b9a90274daffdd6a0b58c6a91,2026-09-19T07:29:16.066030+09:00,2026-09-19T07:29:17.774597+09:00,22
alprazolam,alpha1,2026091901,5,2026091901:5,success,6,5d87cff241fed32fed8cf144627696347b7213b66cfa29e7c9feabfb178cb6c3,9785581413dea6aa92dd8852e04423522e13da6b08018144e969bceb2bfd002f,f72c524d37251f2c3c18dcfa2f0d5944924899ed0360070a373aec72117ebc10,2026-09-19T07:29:17.822455+09:00,2026-09-19T07:29:19.496056+09:00,22
alprazolam,alpha1,2026091901,6,2026091901:6,success,5,182abdeaf891f40ec18bd1d00647d400c060ac789b3a3bff2b9552b61c6ba96b,1ec6a6d8672ec3ce478aca149a7dcc9559a599caf8be65b4b8b2e65374f75b8c,ba35aef68daa987a2e5b488aa509e7aef24f7b532a5614060ae012c53870f295,2026-09-19T07:29:19.547842+09:00,2026-09-19T07:29:21.193458+09:00,22
alprazolam,alpha1,2026091901,7,2026091901:7,success,5,ff56873887a848aa5044f8f1246914ae09c5ff1b4bb99e90ff4043c2b23a8fb0,21d3d0c41ec4020c2aa4654b5f7d32413d3cac6741e30044bdac452c3197e9d8,0d6ef6d88afbd04602617aaef68f4c9909222ed89cd9bdf3889e91998bb4bcd4,2026-09-19T07:29:21.236845+09:00,2026-09-19T07:29:22.801466+09:00,22
alprazolam,alpha1,2026091901,8,2026091901:8,success,4,0637c40edda959319324ccf9c1b00e339e4c3d4cdeea44a8c08804e93334965f,92c131b08b434b361206ecd4d61e85cd2fc1c39c6cc55a2b706c3691352e0182,9c103a641bd9f7435bf9df87526123c4ae6529ff2127c32cb41030bd5e02ec37,2026-09-19T07:29:22.849715+09:00,2026-09-19T07:29:24.474058+09:00,22
alprazolam,alpha1,2026091902,1,2026091902:1,success,9,9dd3f221f31a5537c68095895338c3db2e2c0dbd2966b109067c45feca16f847,469552728c0251502d303942f84acabb75fe53994fc03b53cc777cb9ea2770f2,574fee35fa81167730688b5c54dbdac3077f91087953d8578401576a338497b3,2026-09-19T07:29:11.268823+09:00,2026-09-19T07:29:12.817303+09:00,22
alprazolam,alpha1,2026091902,2,2026091902:2,success,5,019e91bcd4a1a7b256fcfc7471c472e251333f661bb0d06ece893ca151919bec,feda33af3b441342e6ef01e004c970b45f04cc22233581a122350568c7c9de5c,0a95353c79e1323cc289fcd0fa1de204af9aaab9af16fb73e358af8e6c9dee50,2026-09-19T07:29:12.863508+09:00,2026-09-19T07:29:14.521045+09:00,22
alprazolam,alpha1,2026091902,3,2026091902:3,success,8,576e6c66d3170b22b2ab7f7cc4a85af394dacadafcb6d5daa3987a6ba31479c6,f49b933dcce1248c1e3d5fdbf0d70e499678d21c109b7ff3f1934266d43d0196,fb8ef318161b47b36996e73ae4318d799877b7c3b20b91a9edb2f4df419f1d36,2026-09-19T07:29:14.575268+09:00,2026-09-19T07:29:16.124475+09:00,22
alprazolam,alpha1,2026091902,4,2026091902:4,success,7,02a26a08f3094f8ffc6f732001b1ff9dacb267b06825efa26b507e0bc7fe0d06,a82c13f1f215052e3806873857af0f2d2f0258d9e86b97986710cec464b89723,75bd4400a323c31a4a71b22554b35832027f1df2434265a0907a573fdb7c37fd,2026-09-19T07:29:16.176213+09:00,2026-09-19T07:29:17.898530+09:00,22
alprazolam,alpha1,2026091902,5,2026091902:5,success,6,7dcd5b142448463bc97736dfc86ef3320ea1aecf46a8fe15e850beab2fb3bcb5,e9606116fa321688073135459f6341cce38cfee3a1354a6f5478ee2a3a791426,757185a43af45a627c97d4617517530e7306e73be3a57c2a7856df1676e27e5c,2026-09-19T07:29:17.948108+09:00,2026-09-19T07:29:19.627916+09:00,22
alprazolam,alpha1,2026091902,6,2026091902:6,success,6,b476a92a22ac6f6d8dc94a78ddc377a0f2706317e0efdf6b360ccd0c43b2f71e,1bbaa9b2b6d28df69d813545f058dd074afe47599994fd579aadfc6b6afa58c0,29657e82057fbceb7f5edbf3d3ebc096a386240be062dce1fdcdb323efd49626,2026-09-19T07:29:19.681132+09:00,2026-09-19T07:29:21.291772+09:00,22
alprazolam,alpha1,2026091902,7,2026091902:7,success,5,10e1df14e0af1197c3ae767fae46313c17cc4e19d93379d1befdd2b412e8e488,05dcbd613a6d78d082f42bee85be99f32e9a50a7ec5c81dd215c84a5907d3d05,62d49370bd768ac5e26c0c7a971dd708f9f68c0142060217101b7219f9b7b1ec,2026-09-19T07:29:21.336029+09:00,2026-09-19T07:29:22.913060+09:00,22
alprazolam,alpha1,2026091903,1,2026091903:1,success,10,da3d8a90b0f7d3bb2c6a4924b3a72990eb1917fce379982313de63a892e0e677,af9aa1bd794029eada18d582866e91ab17eaa8096e4c7d2b788d514aba331f02,40ec35bc150c277e8feb2790a5df551393370a6390cd4410c55fa8043afb218b,2026-09-19T07:29:16.221388+09:00,2026-09-19T07:29:17.839231+09:00,22
alprazolam,alpha1,2026091903,2,2026091903:2,success,5,a2d818c07b0c3c063ffab5a60f7758a10ed9b2cdb63fa2e9de33a465efad7fa4,8ab09ecee7680bfeb651e936c0a1428bdc9b0072e471ac987e0ebe881b71cfeb,f521a05fd8ea925bb70793a306a2847be6a8070ed68bdc74712eea2812a7bc97,2026-09-19T07:29:17.882238+09:00,2026-09-19T07:29:19.593097+09:00,22
alprazolam,alpha1,2026091903,3,2026091903:3,success,8,853a55afbe17c952b76f3662be3decdeef4ca2f2777a77243c72aa6f6096ce6a,49db653e5e8d9e79dafe05cfafaaa1f553cdfa081139fc676a66a9289df74b7c,572391baeb9907a93e7ea1265bfa945a516750d520f46147e8a2a49b8f74df77,2026-09-19T07:29:19.640205+09:00,2026-09-19T07:29:21.192029+09:00,22
alprazolam,alpha1,2026091903,4,2026091903:4,success,10,5a96c8463eee6597a0c951a814e0240af39139275f329e9a9bbe8ed98da7a285,1c496c1c2bb36a84468b5437f79edcd53467786f4bf11d8df89b899abcdc70bf,3f1f7b5e5bfab323c0cfd6dfbcce78ebffe516f148c1bef6423de187ca7ebb53,2026-09-19T07:29:21.244294+09:00,2026-09-19T07:29:22.981073+09:00,22
alprazolam,alpha1,2026091903,5,2026091903:5,success,6,2ed10fc531c05281fe4fd9156f65883a94570462898761fb2368f95e41b60a8e,e54d40e2761ba6dff722f7c42bc06337619520895dd50d2c46807f06ffd8d1fb,a63827e0d8904e8eb8c42b15da97922fdee89c6d0e48deb8ae6343890f9002d0,2026-09-19T07:29:23.021791+09:00,2026-09-19T07:29:24.677053+09:00,22
alprazolam,alpha1,2026091903,6,2026091903:6,success,7,6a1502f36fdeedfa156ed9adee9804d2fa06329a5c2485d88ce0596daa77f309,5ad5ffe3f716df61044229e329c91143e04bc5bd2d4f0afc5bd858b4e638666a,b0b7d3864fc83edac8281d8cc65ace8404beef746eb371e011a134a4fdaf32f3,2026-09-19T07:29:24.722932+09:00,2026-09-19T07:29:26.383573+09:00,22
alprazolam,alpha1,2026091903,7,2026091903:7,success,4,cc3252229f8eaa03b00eba22cb650774d942685d8bfecec861231b80ded4f800,a0ec91a44e80296441531edeff54a5c072a0281724e41f3d6687e51d5979b994,1fd257d431f45f6488328affe9eaec294200350c1e2b8c828c896b9621294395,2026-09-19T07:29:26.433446+09:00,2026-09-19T07:29:28.046066+09:00,22
alprazolam,alpha1,2026091904,1,2026091904:1,success,9,68f2113c791e1a400eacf6a6ee909d9d4fcbcfdc3b6902151f60ada6a24e7832,14ad692caf2fb950d17254ef0a0c3fc4876eda847de476ce7c23c22479dae690,e034247b1ae5d59810a0231ba9c64f9f6837d6ec628a29ed2a7d043aa01a2d17,2026-09-19T07:29:23.359253+09:00,2026-09-19T07:29:25.017418+09:00,22
alprazolam,alpha1,2026091904,2,2026091904:2,success,10,8744215654965a8e2af083a67fb8075efb3b208b866a0c1b3ecb76def489c343,b266c0042224bbafedd01ca20d216ccec355c7b2398d54681f3cc3a3ef4eda34,57bba58cbb8d8edfe1fa325cc189343a4a90ee1e252292c5cdb9f02d6bbf183a,2026-09-19T07:29:25.068459+09:00,2026-09-19T07:29:26.644056+09:00,22
alprazolam,alpha1,2026091904,3,2026091904:3,success,5,17d7f9aa434b59e25b50a750c950b529d26e22b7b0ee1d6d5ee070be7a94e37c,76547a8ba005e9a4f170de33c9465618265ca5f5baadda4125de96a9ac99ed7b,b4d3e026bf459d5c7d56814be140326a840b5fd2519e8986ae9f4d66e5d32bd9,2026-09-19T07:29:26.694321+09:00,2026-09-19T07:29:28.299063+09:00,22
alprazolam,alpha1,2026091904,4,2026091904:4,success,8,0198b13926849530efd2acf1980c1c89ba3ea7d14197d4ade80762e13f86ae8c,d7fe74e918a28405943b37627b7d0d6dd7e8e6aa24c6e03bd4d185a78a4c74c2,9b23f79203717202c0b80e27d6b5cf62e4252469da568e696c55e133db6bb25a,2026-09-19T07:29:28.343085+09:00,2026-09-19T07:29:29.983583+09:00,22
alprazolam,alpha1,2026091904,5,2026091904:5,success,6,88896d34a21e881f3556bf2a281c52deb8166da92048119c5f168be830e83fa8,770c5b8b8bc6b475ea8b465c4bb85d298fd0b3fcd3969b8408557b6abadfa619,47c3276bb3149305a1e1744dc42ce4906237a6b23634c9487eeec24aaab64ee1,2026-09-19T07:29:30.025869+09:00,2026-09-19T07:29:31.692605+09:00,22
alprazolam,alpha1,2026091904,6,2026091904:6,success,6,8d8a7bd9b80e03a61884d045aff8295db0157a71c347800b3fd040cac982924b,3224132171ae306e9ecf636de6d0866a52bbf8aa5888a1932803e25f784abd50,550d93da9d1a9583cde8f3d0378bae92f2f04afc0e0e18aab12f1d4279e54933,2026-09-19T07:29:31.736130+09:00,2026-09-19T07:29:33.387368+09:00,22
alprazolam,alpha1,2026091904,7,2026091904:7,success,4,0dd91f332bc8cab59d5acfd84794eb35624430c3b66cdb3d53b5bf2f0eb65721,9e9810de1d1d819e510829bb330ceb1f3ac2a1806b5570cec69e872eeb8f25fe,c1042bfdecb0442e26da45f91416648e938fb0c87d51f287e95227e4482c1ddb,2026-09-19T07:29:33.435308+09:00,2026-09-19T07:29:34.986951+09:00,22
alprazolam,alpha1,2026091905,1,2026091905:1,success,9,219008eebfd9bc5e5838ac8ca959b8aa8571851a99fb7dcc64bf938bf61c31df,00085824230f28bfb66f925548b42a254cb309cf9a82cc0ebd2e8e474644d82b,7cad9c5f4b85bc58f28b0a9f2a89d7428585ec16edf884838c53ee611979aabc,2026-09-19T07:29:29.086103+09:00,2026-09-19T07:29:30.754671+09:00,22
alprazolam,alpha1,2026091905,2,2026091905:2,success,5,1f6af0a1759989593e30224b979a20030dacd636e543c9ecfdf7f736a3f523bf,76f4c5bdf0dac5916ff5c0c7fe7584acfbdfbd73a307f7f5b7094013fc0d0115,9ccb6573db9ddf63d3359e7c2446cf0961716a7119a7da2a2de20d2bfc707e7c,2026-09-19T07:29:30.797045+09:00,2026-09-19T07:29:32.422234+09:00,22
alprazolam,alpha1,2026091905,3,2026091905:3,success,6,feaf056e2c23396f1acc4d1a299cfcee33aaa4b15ac9b8b476f6e69abc520f0d,b0ea3625704a03fb169fc2ac81ab74a3f45a58a902e1a834517f3a84328c30d5,86c3edfefe45ed7732b7b351a560f4b4cb216b299784a22a48af54a29054b53f,2026-09-19T07:29:32.473338+09:00,2026-09-19T07:29:34.085104+09:00,22
alprazolam,alpha1,2026091905,4,2026091905:4,success,12,a59bc390b6de052a397c57445b1e73ea64c6625ab84c09e34308b367f60bf56b,ca30c49bf6080c7a5cdca798c6add643ffcc0e71eed0e433103993ce1ce6011c,16433fca8ed444a9a55d553b891b34e66bc5fae52bfa9ea03c24ee41e65c8793,2026-09-19T07:29:34.131603+09:00,2026-09-19T07:29:35.986921+09:00,22
alprazolam,alpha1,2026091905,5,2026091905:5,success,6,9b23754fc9a02a45ed31ca9da0ae9d5e41374b26b7042f8eb55b5517e7168aa4,ea77412b56d114ee5e166c48eb05ab407e49c8060bc89653ee0fbafc5185fc7a,819bda0760bb3517499096eed900ddf875103940421fccb5d3032f8e4e1c48ad,2026-09-19T07:29:36.036894+09:00,2026-09-19T07:29:37.665397+09:00,22
alprazolam,alpha1,2026091905,6,2026091905:6,success,4,8a5096e04a2aa797a135ff1c0356cc4449fa9f1be7b35f031d75aaece2a3070c,e5ac47f4e6547eb8fa5715cefb974ef46544ca23aae2b7467d157e627e3e69db,8c91666cc3320a1444355c46a2eab2cbf4e75d5e50ad8e22505194a0128c8f4c,2026-09-19T07:29:37.711166+09:00,2026-09-19T07:29:39.379939+09:00,22
alprazolam,alpha2,2026091901,1,2026091901:1,success,5,b232ecdd4396a570772f6d34ae60764553743a77b1c2b1c6df5e71a8450a2379,50b2c90653f98b5a03cbeb3e7ba305ccbbd0256b720e7f914d8617df1c5dab79,e8b612dded2124b2b2c91ccb0b04f3d6d0102ec0553b9206aa9bf29b40e7cd6e,2026-09-19T07:29:30.518745+09:00,2026-09-19T07:29:31.224434+09:00,22
alprazolam,alpha2,2026091901,2,2026091901:2,success,3,172967b3510fdfa72f1bb12825182d1c6ac628e48d196d40c55720af604ee1d4,f08200747451bc038b2fd86b303cc497e8bcb43040dfce8e61553cd50d66b8ef,ce25e97ce6f76c8b710ce932024f3908281db2ce3a3958c0aa7cc0ca1c615e96,2026-09-19T07:29:31.254394+09:00,2026-09-19T07:29:31.905135+09:00,22
alprazolam,alpha2,2026091901,3,2026091901:3,success,3,0ad8f711c6344bba8988bf619c3c80dd645da9c6ba497b1da9e3c0e8c8196c20,df2fdaf7fad3a04af53d7ebdae1776dab4fd5a6a5793771d5b64156c4b2bc4bc,3a074d7d791c566a70c4136b50ffb162e9eac7dea757e23f2a62aa01c70c0b64,2026-09-19T07:29:31.931105+09:00,2026-09-19T07:29:32.535193+09:00,22
alprazolam,alpha2,2026091901,4,2026091901:4,success,3,900d61642bad095ddcef73a51ab081f0b4d202c822ccc7f6373c2a5106a00b3a,192f54527d2ed8f4cd8388cadd23107732bd2e9bc310a2dc19ee831edc4e582a,aa30a472a9a3ec5914472a339cacbcb481df2c920f5347906ec399a8bef85506,2026-09-19T07:29:32.560425+09:00,2026-09-19T07:29:33.260101+09:00,22
alprazolam,alpha2,2026091901,5,2026091901:5,success,2,ff261afacfc8c8660e88cd1899c28ae9074c742653ac315062441b02f1d101de,811a42edd3ec88bc3da75312b5015c12a4b6b3e09e41ea48435fa87968dab61d,388a7d8f7cd202c0dfbaee957b7b5c0bf975ab12485d5a2b489bbbe702135d25,2026-09-19T07:29:33.284041+09:00,2026-09-19T07:29:33.939803+09:00,22
alprazolam,alpha2,2026091901,6,2026091901:6,success,4,222963d25fa8bc917c2d664439b92762607d566754b5275140e88294a9839385,2ebe1b35e93c303584273616c4e541bb150498482a7e09963817b62a9ae3a5b4,796b66571bacd235fbb464aa1f22020bdf4c4200ab5a4cf48f7cad2cdc9f4e1c,2026-09-19T07:29:33.963197+09:00,2026-09-19T07:29:34.697556+09:00,22
alprazolam,alpha2,2026091901,7,2026091901:7,success,1,0e572769c680e374e6b6201ec6adb702dac0c5a522c4dd41c06ee426b9375a66,1fb02a2e901e146f661d7069b50b78cf31b9ee9dad85d39c491656061feae3cd,f55bbbf5bafdb7e4cf9105e9c3f0ab59fddd0ee5fa8ef158f6a515efe6ea3118,2026-09-19T07:29:34.721215+09:00,2026-09-19T07:29:35.335462+09:00,22
alprazolam,alpha2,2026091901,8,2026091901:8,success,1,d0ca046523a76acac5e883cce48d25d75a2cec389ee734d94454a93f7083818b,adbede8be428c518acc0fc64691be0f9f9b1b8588e12244689fdb2d44c0e3eb5,3e232bf9ab1a747fc443ca18e49bf25daf2a519a9b46af81d0f1006222858032,2026-09-19T07:29:35.355989+09:00,2026-09-19T07:29:36.014372+09:00,22
alprazolam,alpha2,2026091901,9,2026091901:9,success,3,3812f1082b1ece89db6f7c98c6ebc55e8d972158f5a9a5392c3a7827fa8f25ee,64c59aafb2fe77a022b75920b709e0b9d1ea96f2e7f237b73f12425c4a82caf7,819cc2e4379cd4633cb4cc54de6055934a1526655ea911bb2b1b90dd64afbd0e,2026-09-19T07:29:36.039971+09:00,2026-09-19T07:29:36.808387+09:00,22
alprazolam,alpha2,2026091902,1,2026091902:1,success,5,46ba6c8b3c38cb720046b8d5cd7be030dd1e3ec79bac246897e387d85dde98d0,73df54d14eb923e016492f51c3e5c8bfb76987d80c98019362ce620b4c41c0b5,9c093198c6427fe4ceca005d5c9fdc77a4623dbf9f9850a1d4ab636c60077449,2026-09-19T07:29:34.226126+09:00,2026-09-19T07:29:34.916564+09:00,22
alprazolam,alpha2,2026091902,2,2026091902:2,success,3,9ca62b3c51b91ac302bd78267152ab7713ed358fa226d4d1d779caa19b8f6718,ef2fd267c2765ebe5749ed11288cffa5e72b7735fd3541e2cb84f7d8c5c7a081,24bbfc027d4078bff5faa2ab383c03dc24e2f9c1a3ea687d4c75290b5fd9a202,2026-09-19T07:29:34.939160+09:00,2026-09-19T07:29:35.574061+09:00,22
alprazolam,alpha2,2026091902,3,2026091902:3,success,2,a8103a25fa4f13314f6cea5d9b12e4954781356974dd957eb9018295c213b041,772be039decda4f931b2a73f06673f24d02a48042d9d83b394aedab98f6d86cd,1fc6d88f7b9b0b42d3e864028d9f93abe99072c6698976403811a8e7e16620c1,2026-09-19T07:29:35.602362+09:00,2026-09-19T07:29:36.240772+09:00,22
alprazolam,alpha2,2026091902,4,2026091902:4,success,3,0372f4f4d1aa377538b5b440ee86919a46fa1e0e80af4e0379241d3b494e9678,deba49082ac763652b534cc5323209755d9e16857529e8b9379671706cd9a246,b81386f144d776f08068ff1293e6c8e2b1d94e669f3abbdc26251245a5de13c8,2026-09-19T07:29:36.268477+09:00,2026-09-19T07:29:37.014452+09:00,22
alprazolam,alpha2,2026091902,5,2026091902:5,success,3,e222b7c1c321581cb7d1606633d22b60df7b85c8fb8719e35c297a8f65fe4e46,ac0bf0a81426a16342d6e9f229b9d720ea58c7b38fb08595eb3aafeec38442e7,d6487373725449a4d72e7044ea899be31cd25d970b2a902d26f8a8c47d335b0f,2026-09-19T07:29:37.044341+09:00,2026-09-19T07:29:37.695343+09:00,22
alprazolam,alpha2,2026091902,6,2026091902:6,success,3,fb754fe110580d08c28b4458a04a7aa637ecf461e42b8bacbce38a6abaab685f,8746b31d4231c8a35b317898341d8fae4807a82ed34bac56845067aa531a4667,e8672510304cef9d67a011ab0c911ecaa78c17eb614014f4fb50a560f1f78021,2026-09-19T07:29:37.724518+09:00,2026-09-19T07:29:38.434923+09:00,22
alprazolam,alpha2,2026091902,7,2026091902:7,success,5,a55505848b410c6fca196852fff803a4cfca9399517616dcef6d69e29f185b4f,61e72ed705e227b6404b936f084401ed6608c356bdd76808a817dbc827a7fff3,ad26822ce77ffb9a4362b3724a94ce7ada45e366ab1d23e671665b2ba993f433,2026-09-19T07:29:38.461889+09:00,2026-09-19T07:29:39.114646+09:00,22
alprazolam,alpha2,2026091902,8,2026091902:8,success,2,5bd191460a924512f4137bd1c31125dabeacc687eb6445f2b649c19a57c2c6ee,addccffa409d2ae72cf4cf23725a5d1e6fda0a01201bec48dd856058dacec0aa,d9126838c66f35138524d62483c2b550914be4d5c7a2b7ffee17b8b8116fd167,2026-09-19T07:29:39.139215+09:00,2026-09-19T07:29:39.760616+09:00,22
alprazolam,alpha2,2026091902,9,2026091902:9,success,1,a41a50de530ef3f4a85e656621def47ff7cc7a9de06ed7cfe6bcc70f12113f3d,4fcd82390e0e045363629587834b8886a1116e82d89fdadde46ff2ab0e84b96c,0bed01b1a6d8387ebc560b1aa9e063a320d8cad93529c877f82a8e5b3128e993,2026-09-19T07:29:39.788449+09:00,2026-09-19T07:29:40.540262+09:00,22
alprazolam,alpha2,2026091903,1,2026091903:1,success,5,77c3ac0e1b99f0e56b3117f0509526a75e8dd30e43f965539fc72c93d9afb53f,a76de85159473c9a3aa830716cc9b00cbf20241d2dce4b358b813c2c3798c197,952e0ed8050e9c7a643ae74a0d17c2e342fb1eda51c5190c3e0533f5826d1b99,2026-09-19T07:29:41.176073+09:00,2026-09-19T07:29:41.853804+09:00,22
alprazolam,alpha2,2026091903,2,2026091903:2,success,3,0f51a46bb058c5610ed123bb83cda3a3ca89e63866dcbbc02ad4adb518b206d5,84718a65b1bd4858f530415c6abf6534b3d6f44669a516e82c10214616d09a81,4fa94dca64634483aa57853ebd959debdb1240967d45e95f6218f9fee132c215,2026-09-19T07:29:41.881588+09:00,2026-09-19T07:29:42.523751+09:00,22
alprazolam,alpha2,2026091903,3,2026091903:3,success,3,01447867f592a059ce41e3e9eb92794470d1655d72298f51d30ac13d4692b0cd,f5c48cfae3a781479d4cb0476358bce6fd186bb0045357c4f5f3dfeafa5b904f,46e11a94f7b7bb70fb40bcdbff4cb3fcc5c62a3e25ea96443de227e5e11d810b,2026-09-19T07:29:42.551644+09:00,2026-09-19T07:29:43.201205+09:00,22
alprazolam,alpha2,2026091903,4,2026091903:4,success,3,4d8499781709f96c453c73d57ecb06ab5dce3f48008952c088b8280bd05b6c67,e118fdc2569ecddfd99aa208e9bb85017adaef53b7f1d75f18e598172084e166,5310fd343462273afebecbb9d83a450edbb7b1954bbcb5e0c73badf36971bc16,2026-09-19T07:29:43.228709+09:00,2026-09-19T07:29:43.966008+09:00,22
alprazolam,alpha2,2026091903,5,2026091903:5,success,5,d566c929cc900aa8b333f7c0ed6df49ce503605a41e393e1ccf3d6af8c8ad860,9ffd55fc0f732593bc72930712b3b95b9760846ed3b7726296fbb6d5dcb3c6c4,608d0b16b744240ea9792a6cd7b0a8661e2799b915e71ab7ce32d827d60c93ca,2026-09-19T07:29:43.994193+09:00,2026-09-19T07:29:44.621776+09:00,22
alprazolam,alpha2,2026091903,6,2026091903:6,success,3,7d25637c8c713c4a882cddd5031b82f36b7d9528079b642981bfe6507b19a80e,e8194e6d964f0d7905631044342c55596e7149cf7db52c154b46b115be721305,3544d3364b6633e4abe113819d7e8be1e5060cba2bac0d323ec7bf6b96770286,2026-09-19T07:29:44.647084+09:00,2026-09-19T07:29:45.393987+09:00,22
alprazolam,alpha2,2026091903,7,2026091903:7,success,5,5844f90d45b15671af49a8bbb6b0ae89160555fbc10c88c3fcf934cb64b1b0d6,e8adf47a47abf4e6c5b2b328f669039f1ba6444df840e62f01bfd511ac2d641f,876e946e1d36b54bdf137a9dcd1143337fd6e4d0eeb1d6c597c60e138b6da221,2026-09-19T07:29:45.419586+09:00,2026-09-19T07:29:46.072320+09:00,22
alprazolam,alpha2,2026091903,8,2026091903:8,success,6,a6829c05f89bb2134750c26b33d7e8455b9540138d4c7898802ed3b0d5846d9b,bcbafa305f1002fb1d01e67a58dde85cbd675b7bf0501252c14b8c3e2b67df45,72ad480d78911dea8dfcdfc5fa17b385b0911108ff30fb31872e369620e4526d,2026-09-19T07:29:46.100099+09:00,2026-09-19T07:29:46.755486+09:00,22
alprazolam,alpha2,2026091903,9,2026091903:9,success,1,b756e9185ed5b6832c0e99c167c95831e50d0c2c8240b4137f2429ce127c933b,5d5470f67acdbe2ab04b38ff338b6a96813c631c1411ba8b7e618d96b1721306,f9ef7f72f8653a7187c9516528dfb7e4d4ffe7f5dac95e6b7c6d510b4f6ca868,2026-09-19T07:29:46.787818+09:00,2026-09-19T07:29:47.519706+09:00,22
alprazolam,alpha2,2026091904,1,2026091904:1,success,5,0bb406e4b53679c62054a5a8067e9153f90969269d10fcff279327e2462e871a,5cd836b0c4685d8c836060c22f20e7a62d940284c47192e1e495c31cb75391d2,8f82968aedcfc7dcda1adc20d807016d1e6aecd36b69d92d9b02e355acdcbeb3,2026-09-19T07:29:42.887737+09:00,2026-09-19T07:29:43.602614+09:00,22
alprazolam,alpha2,2026091904,2,2026091904:2,success,3,0af47a668f609e90b282e3dbcb62a6351f18c484d55795f5db53a2906f80e9b3,353de23a50a1a813ddb8d2affeed54dd60a2c33fbe90f035c3775fde6cb12454,8dcfa2d1f67345a92d4246927879b11a0c1a6f0b266e37330b37c6089971c6ef,2026-09-19T07:29:43.625331+09:00,2026-09-19T07:29:44.268591+09:00,22
alprazolam,alpha2,2026091904,3,2026091904:3,success,3,f65221f31bfc85edafb989cfda4338def0708048c7bdcf5a99dff08f9425222c,dfe7035ffcb4a53ce09275e28a354678fc01ab7bf87d18b966154c7f35e08824,5f3e45774ee26e87c8334d0ef2285ef4aee67c4cd5f8fb256125b52829e567c6,2026-09-19T07:29:44.294839+09:00,2026-09-19T07:29:44.976543+09:00,22
alprazolam,alpha2,2026091904,4,2026091904:4,success,3,cb574ee321a26d7374b593a887fd15ac83f4070c6622069f3a600141f4213362,2b698887a388f1055b2167416784276b21aa20256e83780f5cd1aa086ca9292b,177e56272bcf34d696c677b9bc99055167253d0c262abf2f1f6b212b56bbf457,2026-09-19T07:29:45.000689+09:00,2026-09-19T07:29:45.743102+09:00,22
alprazolam,alpha2,2026091904,5,2026091904:5,success,9,0761c966b582a66edf8f0874fac69144af28c4ae491273d63147cb124fb93dbb,061396a1512af2d5457945f2210df7eb46c7f182253665c1afacaa3f485de648,dd75ef8d65952bde8a5cadd23e2d0c5fe048c1674430031ba0ac69c36d25ea2c,2026-09-19T07:29:45.772176+09:00,2026-09-19T07:29:46.460808+09:00,22
alprazolam,alpha2,2026091904,6,2026091904:6,success,2,82b229e1a78ff5606b8a0ab93a305a685d741fcb47cded16794fb62313de5557,1be63aa2dd0c114d88cc2438a4919d45c554b78c44c3e0af5212049b29a6eaf9,42942c5002406e44f00992e54301c92c94bcced546fd1a112cf8be86647a8d50,2026-09-19T07:29:46.489693+09:00,2026-09-19T07:29:47.182728+09:00,22
alprazolam,alpha2,2026091904,7,2026091904:7,success,4,9ea6f13e65e4bf546ebe01f2f3fa661806ae19e20832e447d79447ed7562e2ed,6ea3ccdb7ba9bf8529f86354c14c3c24df94915a1d42d038886eb1c170f3c3cb,bdaf68aefa0a51f997616f6e2e8b1ac7780ba96c578111032b0819051ce8f6ce,2026-09-19T07:29:47.211155+09:00,2026-09-19T07:29:47.879255+09:00,22
alprazolam,alpha2,2026091904,8,2026091904:8,success,1,a68dd87245fc794dd48010b6e739441c3f7dcaea7864f935c6fd806321823099,fe9bed43ae570affba0b71960ec0707933f6f3ce5737d93b75a9d1ad83d82b64,021e1b94b6e245f65f98ec26196724c2c5ab6c9e0c106751d3474c589c58fbdc,2026-09-19T07:29:47.901816+09:00,2026-09-19T07:29:48.546145+09:00,22
alprazolam,alpha2,2026091904,9,2026091904:9,success,3,aa73e385fc6b548e4c8bfe474a3de49dbf7b3af5ddc478429ffcfd6fee52c00c,f908af55bd13a863c1a4e11b44f2bbf4a36e0f4cfe578d27c9f95db802eea635,e65f75cfc922e8d91fe9960bf9d147c69f32023cd0bc772b24ce0970097f91d8,2026-09-19T07:29:48.575751+09:00,2026-09-19T07:29:49.330160+09:00,22
alprazolam,alpha2,2026091905,1,2026091905:1,success,5,9dfc52900a142850d1a2e04e0084eaeee655fbc214cd95d220ffb5042422f75b,d4b2230b7a8aebb74857213a926d28871233476ff36b0e5b6a88e262f09a8aa0,a7d07736cb9a6a09159a3768043bcc14d5c99297d43b3e2675e84b7b3eb1208a,2026-09-19T07:29:45.460191+09:00,2026-09-19T07:29:46.165842+09:00,22
alprazolam,alpha2,2026091905,2,2026091905:2,success,3,ec496e250722094e3d339c287a0f39891a4d9f30207a8a42eaf1fbe7bb466dc9,9df5151781f5f597a523ebdacfb2bdd9d4876e1482b971cbba4294831fe86e74,c181490b5bed829ab0d36c0fff7d0cd5387d69d42ff8883411294d2ab30ec058,2026-09-19T07:29:46.191975+09:00,2026-09-19T07:29:46.871631+09:00,22
alprazolam,alpha2,2026091905,3,2026091905:3,success,3,1795c9272e0be67c3dd0739dccf27c8c05061dda8a128a1ae64cd0a28244d249,44c53b49c70177b2250de5845117344cc4b23b23353ee210d5c20429e4337ea1,f1224934481b018456da0591bce556335122196557b914dd92299984b5a4ed24,2026-09-19T07:29:46.902482+09:00,2026-09-19T07:29:47.586485+09:00,22
alprazolam,alpha2,2026091905,4,2026091905:4,success,3,8186fab2384fc2482085f327dc37c84ec7358316383d5527b905db00f9620a8d,e8837e97562fb77fda6cffe9727d5efb653b4010272f509f483fe45ceddfaf5e,f903a16e0f87d0f0fcab2d88ae4a07abe45e2f4ab22c02010b50f6eaea064283,2026-09-19T07:29:47.612174+09:00,2026-09-19T07:29:48.350633+09:00,22
alprazolam,alpha2,2026091905,5,2026091905:5,success,3,1333656e358c8f8d9fa6f7c3b26ed3411bfa40e1864347fd25456aedb5c3d220,0ef1adc75b534d9e2b6c17931d0710ff5df8f1a6eac956eedfa45c9c13861d36,324f7f1a163ff9f221c97757374240a7ec477e9031cc9a1099f0a6c70cffd6f9,2026-09-19T07:29:48.379523+09:00,2026-09-19T07:29:49.026451+09:00,22
alprazolam,alpha2,2026091905,6,2026091905:6,success,5,38733c408a66795bd7056966377be08925f1afeb42ff56286548c65b3bb671f0,ce7fd2839624067f39bcae05a3b69caa7ccf652f93393298b0e7459957680f00,a2f49ee9d20f40e02b977aa8030857e19c5bdef13a039d6695334b52b3b322a1,2026-09-19T07:29:49.055392+09:00,2026-09-19T07:29:49.775959+09:00,22
alprazolam,alpha2,2026091905,7,2026091905:7,success,3,42a6298cdfd4eb1dc9924e25454ca05c2c2d1ffbfe0a4f3161a9dafee6c8332f,56bfc7a562f95c7780506a88d6fd570359bfc5e9946c107fab4d79ab84065604,a341c763b905da2885eb70530f8366b893b234ced84e4759768854465f5007b9,2026-09-19T07:29:49.801210+09:00,2026-09-19T07:29:50.447886+09:00,22
alprazolam,alpha2,2026091905,8,2026091905:8,success,5,a0b86837e1a213709741e7f5d732cdac209261d7229b2120d62b5dfb80e2126b,42bc8061b8dc02ef2269873aa7c25d68d2c253ce9ca01bba7e574f5ad4b9e26e,6119b405d09ca87a99e26dec2198e14da7dac765fed0d1796cef79380c4bcb02,2026-09-19T07:29:50.471877+09:00,2026-09-19T07:29:51.165285+09:00,22
alprazolam,alpha2,2026091905,9,2026091905:9,success,3,6964a90d57d107260ddad7f45a593c2a2d633ff9b3c62dcb68dbdfe9b508df7c,a20288cc8376789c8a79f4c823039cb3970af26e2a20cb3ce902f687f5a1047b,9a8445247d83b6d15351ce4190e56d5ece10b9117806a2a919f6eef6cc82aa28,2026-09-19T07:29:51.194253+09:00,2026-09-19T07:29:51.949891+09:00,22
triazolam,alpha1,2026091901,1,2026091901:1,success,9,7e870755ded3e1ee7049b1ee2a9560fd3e0d54837cb4b66343e91545f304cced,e91a3fcc978bfa1c944f1a57a65d579447ad021f9417bb410b0b865a6be06e08,4457e7f11fc957c887a792fae568659d54280a329484436cb1982513aa88a8d3,2026-09-19T07:29:46.668668+09:00,2026-09-19T07:29:48.381286+09:00,23
triazolam,alpha1,2026091901,2,2026091901:2,success,6,609044282684019f923edd595e3c0d193b49a18d42e392b251e49d8d2cfe38e3,5a33df47a463cd5e11d800c2778ac0aa8e722f5eb0368eb31f0619f8a467b3fc,9a0185097ee04bfd1f7faf1500c685076b28b08812554747541604cacf6a7c61,2026-09-19T07:29:48.430145+09:00,2026-09-19T07:29:50.134762+09:00,23
triazolam,alpha1,2026091901,3,2026091901:3,success,5,4e7588732e5a6338ef00f97009ed2244833cc4094b8310dcb2c36a2da2181a69,506b3d52a24eb49ce83570381b9657ddc966ca071423e49873a0862d764e397f,21f8cb21a11d745bdfc6288e5fbef2675d63a6d75d7a8fddc88ad4530ab5645c,2026-09-19T07:29:50.180315+09:00,2026-09-19T07:29:51.839553+09:00,23
triazolam,alpha1,2026091901,4,2026091901:4,success,9,2dec85c63137505ed3b4ca57e1c4cf44af92d4a4248bb9b300ba4b7d69fd1db6,4342d9f35ad409a1bc735fa3c3d73153b72854b1d0d60a3c51b8fae03092ec1a,a533cb93675281d2128ea069852e03292187f1e70deb33d8e0a8effeb6b576ce,2026-09-19T07:29:51.884500+09:00,2026-09-19T07:29:53.670229+09:00,23
triazolam,alpha1,2026091901,5,2026091901:5,success,6,887e2cb213dd37dacb8863641ce96376f48c2e86ad4b6b886eda28bc9b59a497,e70e95366eeb9a75161558f70789cd8eb1486128470843eee2b5e1a7e3b94982,c4cc102c222cba342cdc55bbcb379d6261bc0b3bf59ed8725309906c545571a7,2026-09-19T07:29:53.722598+09:00,2026-09-19T07:29:55.404713+09:00,23
triazolam,alpha1,2026091901,6,2026091901:6,success,2,6f5b7e2266fd65cce1d0cf691a4d0d70df7917dda822718cbeedce00949539ea,69ad3f083d1176cb7641a381d536659538a3a17d05a4cab618c98477c5fabdce,cb97972389146764cafad2fc62370548ea54a8caf8d7a8abb7b69f11f56c4dec,2026-09-19T07:29:55.460844+09:00,2026-09-19T07:29:57.171392+09:00,23
triazolam,alpha1,2026091901,7,2026091901:7,success,2,b9c994b2c8749d0a6c3c76206836f746deb11bb19fe93654d0fffd983d4bed8d,0d28f390bbae0353425a91d3cff8f97dbc275c458561213e5853ff3d9f5105b6,069569d3d5238cd59971e278a8a1d9b0596d9eebdfa0592564eadfd99b0ed0a4,2026-09-19T07:29:57.220563+09:00,2026-09-19T07:29:58.833873+09:00,23
triazolam,alpha1,2026091901,8,2026091901:8,success,6,b48fec6c2435c0ad23bbbba3119407179459400f26c8a160dc9974b56c926a7f,08b3f4cde1a54d6e50fb53809f1e7415e6a61085361ba592817bd6fa367651e7,49653f86686fd6b62b79107a6fcaea71a9649e6872756a1a6f11d8afdedd0462,2026-09-19T07:29:58.879779+09:00,2026-09-19T07:30:00.688562+09:00,23
triazolam,alpha1,2026091901,9,2026091901:9,success,6,58d4fecef8704225e7b613d974ed5063280cf9b7d0fd741062d93e7292a54939,74044d049a895827252abd16378a181ba201971de5e22a9d1314f4389661ecc4,306414bfa9df8ee887e88395f06b3e95be1c7766af695f9b7dd32d19d55af37a,2026-09-19T07:30:00.735178+09:00,2026-09-19T07:30:02.472219+09:00,23
triazolam,alpha1,2026091902,1,2026091902:1,success,9,aafb78a37416852d24d04ff1c29df5033107b7a4bcf075a23fb2fe7fa61d571e,3a3f51dd1f11dde718d2d6b40f55acc010aa0390e208db988750b9e7b33ed52b,4ad041aca35da49df1c0274605a71af840bcf0ecea309394463b131218716ff9,2026-09-19T07:29:53.700390+09:00,2026-09-19T07:29:55.370365+09:00,23
triazolam,alpha1,2026091902,2,2026091902:2,success,6,b031637cdaa77e3219d1ca2945c454faa608a64ef8d89b5dcb4addd0e0dfc333,247d2b5b8689b01d1f524b51bc08a790b9746047e189c159b21318b7b4d24725,c08a9ce97963f3a018efdf9970e97e15d0615c4866a922f42de813d503fc2301,2026-09-19T07:29:55.417887+09:00,2026-09-19T07:29:57.136150+09:00,23
triazolam,alpha1,2026091902,3,2026091902:3,success,5,bbc6c6b4c7bea34674b6faf6fecad8782e9bfb42bc4e5cbe0904b2700b470d20,0d4349ec535d2b8928d0d0048cf32b65eeb5cd4412bbed2bab85437350c0bd2e,9bddd1fcce32f4b33106f4a5d8ccd71ca4389fc73b7ebe9258e3a2dd465a2c44,2026-09-19T07:29:57.180677+09:00,2026-09-19T07:29:58.798144+09:00,23
triazolam,alpha1,2026091902,4,2026091902:4,success,7,698d8c9a272aa528f8ae51049a6499475f85732a573a5ed24ef89265236dca3b,8ab780f273e1dc794d4b8d6e2214dff69095dbe0c09e508e18c31524c4e26fe7,c650092511c7fc791a4bd52095f923e92a5257a1ac3b715fdf0cf7d77875d8da,2026-09-19T07:29:58.853705+09:00,2026-09-19T07:30:00.529468+09:00,23
triazolam,alpha1,2026091902,5,2026091902:5,success,3,e46e567ba350fc2d3e0d98de232223f564bcf3f2fcfa0778676fb8fc6152c9e3,48fb825e6f2558e83ee8b6ef9bbd5e0a35c61d5e295ed40d296b15631f5efe10,872a311c51699aa920bf83e6a83eab153b76c198825b9a0fca6ff09956cb2f23,2026-09-19T07:30:00.581662+09:00,2026-09-19T07:30:02.279611+09:00,23
triazolam,alpha1,2026091902,6,2026091902:6,success,3,6b4e78509be6a704a0f1c25494a0e4d69fbd42dc97de1c81d741eaf2080019cc,2f1b3f8d2b342aed9ee6adbf9a4cc1a4c4283bf06f6984e6b5fd6a046830576b,bda072e5ff930501f2fdb41094df3e1d8ae0e37d926e3aad685da922f53402e3,2026-09-19T07:30:02.330322+09:00,2026-09-19T07:30:04.119086+09:00,23
triazolam,alpha1,2026091902,7,2026091902:7,success,7,e95a131e8df513b5c632435578e0a0af742b3083f25fffcb4f1af6d6ab1b623f,607f99320f6c30a51fc30fa16b40144895b51ac00f645c840f1dab908eeaf0a3,815f0e48289a1b26aedb17a0d99068b6e93a642f2138802eaea8e464aea37e16,2026-09-19T07:30:04.174036+09:00,2026-09-19T07:30:05.790658+09:00,23
triazolam,alpha1,2026091902,8,2026091902:8,success,2,b7c99fd56f6fe076ff39600e02b2bb084366ed21b7b8caaf09b529b4c708998b,9bc95aeba3d4cfa204bbcf5f060553607255821a51a8d512f680dfe841d662f9,ea1592566fb4a33879f1170ff52e60df04a908263cbb1f39161619e696066fc9,2026-09-19T07:30:05.843346+09:00,2026-09-19T07:30:07.591581+09:00,23
triazolam,alpha1,2026091903,1,2026091903:1,success,10,034d803ed06ced4b1ffadf0787d151c45582999268dee2b9e823bf494733d6d7,d43282d92f20fab2abade06fe1c44ab8f763865ebd184fe27d32017eadca81fb,588985059988b53ae8b51b77b1100664dcf2a7fdf5b0cbb492243507827796ab,2026-09-19T07:29:55.543379+09:00,2026-09-19T07:29:57.243747+09:00,23
triazolam,alpha1,2026091903,2,2026091903:2,success,9,895f6f2e5c57f2222a3cb5b52f970047a5243a4909335e41321e2d7183dd73df,f055dbbdcabbef3e22179674ab6fc6845ec68d596f29b9a1f6183f6e2de5fd26,6d3d195650dac3d54cf94b3c1829f3b4d072675f23a0388af6e6455d1a66317b,2026-09-19T07:29:57.291511+09:00,2026-09-19T07:29:58.909773+09:00,23
triazolam,alpha1,2026091903,3,2026091903:3,success,5,4f1e738a55a0e3eece40ad0fab662bf02390be8dec70aed7f113915d1121e903,e1089c92ea2e8f959fbcdf4da1cd1e8fe6c73a53f11fa1070f10a101acf9fd00,6f48b9b6f8feef5d0ada12feb432e26054f1de88a9835ab80fc0ee3a401054ca,2026-09-19T07:29:58.957832+09:00,2026-09-19T07:30:00.642823+09:00,23
triazolam,alpha1,2026091903,4,2026091903:4,success,5,9d32a4030e1a2be33b1e126091de44d3313bd657d991612a4d77593f91959e21,7974a2f003caf6869483e7a9b9ab59b65c0633801fe7d103b17f2520988d59ae,8a22d0aef1261a52e70d4de3cb1cb9c9f6d43fa4031bc15df66c4290c170689b,2026-09-19T07:30:00.690787+09:00,2026-09-19T07:30:02.476540+09:00,23
triazolam,alpha1,2026091903,5,2026091903:5,success,7,ced0baeda7cb6dee9a9eccda78a131914304a25ad852b7c6687183a54b118dc2,7b23fe1a1b37276837e8a871d04ec3725cfd80241728d23ea2b4cd22f71bc237,67e60ddce10e58965de6f4b5ee26ac2d97d84915372f74aefa432dc51461e3db,2026-09-19T07:30:02.521570+09:00,2026-09-19T07:30:04.233731+09:00,23
triazolam,alpha1,2026091903,6,2026091903:6,success,2,6befe558ef6397f97152ae7842d407fa25fa4e54a0430175390e066bf0d3653c,5de38b2a7db125be4cdb8e52fcef4104c10dced7c614849795c79b434cada351,95544544cb0785460393f36c3b349a48ad6725652cc610943a066c7a7ed33f79,2026-09-19T07:30:04.291713+09:00,2026-09-19T07:30:05.936633+09:00,23
triazolam,alpha1,2026091903,7,2026091903:7,success,2,e871265e7470b3c26939d2ddf2a828a445024b787f0f056306c945f6a4ae6c55,ffa287f4d283445a0a021ab4e19fa5eb238a332c6e2ac3916be35e8a82fb0c76,af01a68ff47336220b49b6664ea17c1be950397cabe75340d0381b936ad9a657,2026-09-19T07:30:05.978181+09:00,2026-09-19T07:30:07.576628+09:00,23
triazolam,alpha1,2026091903,8,2026091903:8,success,2,42253b783e2bfe9f91eb01b3bb27bcb941760383a056bde56f13d1dd5c72411f,49624fe2bf63771992e7057e6e5c518af58368b8d063c1bd56d4e8b003133970,feef189a4fe443287bbe836a1519c15f767733745be53b3dc2f575d4ec379947,2026-09-19T07:30:07.624657+09:00,2026-09-19T07:30:09.264798+09:00,23
triazolam,alpha1,2026091904,1,2026091904:1,success,9,3810be165be67a0dd28db0a5802797d6284081428970f7d2fb1c301ee456dbd5,79001f56569779e147d8dd14e39c1fcb80c25dfae1abf251eb98ee77e18d3b77,a4b9b4904c7508bb111918486f223bac7b329112899dafb31bb6199c9322d4a2,2026-09-19T07:29:58.317063+09:00,2026-09-19T07:29:59.967946+09:00,23
triazolam,alpha1,2026091904,2,2026091904:2,success,9,ff86c783a0f3424517d699207e4914b13c2ff98f1616cd55855d4d85ca023f9d,13393e6c049db54681a9d789d653fa37af18a6360a927929523f9f6ca7b4e614,86f46b060f0a56fba650af274c957360538cb376222dd01a224850d5aed897da,2026-09-19T07:30:00.018701+09:00,2026-09-19T07:30:01.660596+09:00,23
triazolam,alpha1,2026091904,3,2026091904:3,success,6,5e464a727a78df8423d77f09a26a13e7756e8d2b7e5ded17d84d2364a73a502f,e920e2dae3dd2d1cdfe58c31706b0895123621deafbab3cd1a8701d7316fc9a7,e69a9879c5ddc226e097ae5bd816ba2c2bde8b4ac062959379b947f2b37845c8,2026-09-19T07:30:01.709201+09:00,2026-09-19T07:30:03.324926+09:00,23
triazolam,alpha1,2026091904,4,2026091904:4,success,6,2504a7a37e9cdce381b5a5a268e666c4ca02224f4adf607ff67d7c1957a5866f,fa38bde457502418fe85b9004bcb45787ada9370ad9baae480dae72f7aac4afb,760e6a8889f8ffa4f30b7a47f2a2ed47ee586e41c7e61de24d6bc9b4ddb8d3df,2026-09-19T07:30:03.383528+09:00,2026-09-19T07:30:05.157797+09:00,23
triazolam,alpha1,2026091904,5,2026091904:5,success,3,0df3520c520f40ee1c31aa81813433d3fe7d8a55aa18f3418d5e99382be41206,6a6e867da3d58f218a3d6384b3040909b03ad626fd6999ec252dc7368278eef8,3a7e447da8688fd65cb596688ef18e4af0bdede7c59654cd4280482db1401b90,2026-09-19T07:30:05.206643+09:00,2026-09-19T07:30:06.907113+09:00,23
triazolam,alpha1,2026091904,6,2026091904:6,success,6,e30dcf1771504f1c56e0434223f27d97d742cab1dd6a3014de5d0615799a3e26,0bcb99e5fdc015991dc9b3a432b1a168ec234b66e44c55a0b5f164696365a447,bdb2d7c500ffc75f5c4389ca57d124dbaa5801161f48a59269d1b73878e7e75d,2026-09-19T07:30:06.957318+09:00,2026-09-19T07:30:08.629057+09:00,23
triazolam,alpha1,2026091904,7,2026091904:7,success,3,a50292f42871984c4b60d253f58e8e4444e4d7e2dd01fe72cfa83a7c8d9eedb1,40ed1eee0a102df29d1d9bd8c70c386a69653fa4ab02d2a50fff1dac2332bd53,f09d8e05fd82a1af3d8680c41135677988202eda21b2ba07f9dd751e673cf4be,2026-09-19T07:30:08.676271+09:00,2026-09-19T07:30:10.277154+09:00,23
triazolam,alpha1,2026091904,8,2026091904:8,success,6,60faec40159645165848397ab8ff2ed51ee6074db50dedf4076ac19a657e174e,b1ab3157dda43c81f37d41d6765149fc175ad720971bdb2e980df2c1106e2599,6d7fb577c1da97e06e7587ac254fea7e78f58a0f5a192b96897457119be5a743,2026-09-19T07:30:10.332771+09:00,2026-09-19T07:30:12.105728+09:00,23
triazolam,alpha1,2026091904,9,2026091904:9,success,6,a0317c210a0114050edfcc7438b5264f487d5bf0dd7ed111ce1c87d757e4f2d9,04cd2310a49b7200ab541bd54af5665cca8424741fdc428b65d9aca8b807f300,f667369ff1bf4722757fd718c3c6bf4650aaef4a3460582570bcd7a0b70e122b,2026-09-19T07:30:12.149742+09:00,2026-09-19T07:30:13.826352+09:00,23
triazolam,alpha1,2026091905,1,2026091905:1,success,10,48cb1de7b10ad490a400372977a6f212b676c657b42da91f11f2c8df345428d2,e72f52326e8db1467722d6db555e5a2b35fb74923399f57c37f47a648cd99380,951ee737e95b54263b63fa4aefdae71f92b4075a945b78eb6aff0d76e10624d1,2026-09-19T07:30:08.913670+09:00,2026-09-19T07:30:10.568833+09:00,23
triazolam,alpha1,2026091905,2,2026091905:2,success,7,bdb3e1c5a5c5a7df79c402f90a17f01ecdbfd8115c8757aaf72aeefdf8ddaabc,42aea8d000962f5593c4d1078f32b2b8db513a01360c38ce299df912064dc18f,3ae68d75a5f201c93038f35bdf5885dc63a8363ce44b960fca605a55b3846531,2026-09-19T07:30:10.615726+09:00,2026-09-19T07:30:12.270232+09:00,23
triazolam,alpha1,2026091905,3,2026091905:3,success,3,9d6c60e0bba460c173a4c0ce9fa5a853e10a6812f88afed0b8d5227270b96408,a06081c413605f6b115f5703da5513910daf0a7ecc6954b74cd4a27db3670eef,4bbe4fdb43016d9283086419e5e7528766110efda3e3f7d911e8ffaef0d0df72,2026-09-19T07:30:12.321492+09:00,2026-09-19T07:30:13.920574+09:00,23
triazolam,alpha1,2026091905,4,2026091905:4,success,6,6e184f1c28ac237af725f4b99f9e48f32751d7d4c466d339795768f26a3dd821,eb7971209fec1ea79406e24316f27d9935a7b27814cb65f1641507b212dbae90,b3e9c49aac990ba031e158494f66d9ead81220e9496bebfbbac2184589eabe06,2026-09-19T07:30:13.973029+09:00,2026-09-19T07:30:15.739321+09:00,23
triazolam,alpha1,2026091905,5,2026091905:5,success,2,92aafa10826cd970f6acf5316295b7e2757721d4e33ad4c4d27533027f34580a,db71e1bb7cadd9312f5ce5d8eff8a07ab4bb6e6a0cae6c9e53f6dc05a8c5d3b0,a895770feedae724266dee3b3436d4b4d3f20a71579fa179ebfbe96f5bb90256,2026-09-19T07:30:15.783691+09:00,2026-09-19T07:30:17.483412+09:00,23
triazolam,alpha1,2026091905,6,2026091905:6,success,1,2c45f7eb3c11f8d59c2be8708acdaede1a11fc59547c3f250085979906285485,cbe99d55d059850a97b6e9988ac7b9da1cbe9f8fdd10be4a691108c997bb2245,84b7b4e308903a1dddc77143eb7d4da81281d00930fbe23d1ff77d3336dce949,2026-09-19T07:30:17.536440+09:00,2026-09-19T07:30:19.193408+09:00,23
triazolam,alpha2,2026091901,1,2026091901:1,success,4,5fedc3ef660da46b672ac11b279836dd09420682d2d18cb893390a83cbecf562,d230541ebb60e33e047c02970a27e34b595e843898c8b31c936e366ac726be30,5249aa1fe2d8cf809e32b1140c3f0b7e98fe2f07220242813d79d985161a536d,2026-09-19T07:30:13.777597+09:00,2026-09-19T07:30:14.492037+09:00,23
triazolam,alpha2,2026091901,2,2026091901:2,success,3,0a4406ce8072f2b7c2a38a8b0a2a013a1df3c5bf59b30ad28e571e59eababf65,469749b3287479e1397a0e04e60eacaf66e8fdb5c8f8e8275560d043c3eb54af,595730189a046feb051a0aa4b1abce634226e62d850f36bb03bb81964bb87405,2026-09-19T07:30:14.519241+09:00,2026-09-19T07:30:15.181076+09:00,23
triazolam,alpha2,2026091901,3,2026091901:3,success,5,8c2a005ce3ae27f08dc7eed736ecde815d68e5aab5360f785c9f0cc1e713b04d,bc6f09535473cf74c4f583e51003d5ca81a397173ffb481c3059d7795ebca9ac,c322194aa9fffd8ee543e028d07eaba9ea354f1d64ff263d6c849929125fb999,2026-09-19T07:30:15.208532+09:00,2026-09-19T07:30:15.858997+09:00,23
triazolam,alpha2,2026091901,4,2026091901:4,success,4,90d9a07e06afed4228e28ff909dbeb6fbe6119e6449861f45bcfab115a6b5658,189ded9863edbf259cbfac5cc873f90a0f250e7f42dd83ad874acaa8ae4a9ed0,d125b5f64cf131e087c54a5ecaf1e209d3e9a11e387400e5cbecf4fd6871df1a,2026-09-19T07:30:15.884111+09:00,2026-09-19T07:30:16.614407+09:00,23
triazolam,alpha2,2026091901,5,2026091901:5,success,3,921504d25539f17003f99cf33a14fcd5c06b075d1e5c8312afd6b8cfc9864268,358e9a973e4584ea8b53673bc8f81233f8bf7322fa3822d7dc04c9db9d04d7cc,65ddf3cde88ec7e20730f2e3933fd64b724435c26582463ef44cb309f07e57e3,2026-09-19T07:30:16.640468+09:00,2026-09-19T07:30:17.327683+09:00,23
triazolam,alpha2,2026091901,6,2026091901:6,success,7,97282bb4e72e1f724bd350d7c3e0ed238739c9418314c77a3a359e17f01022bf,c934ba3fff65ce7faca8d6ac14287e314e4074f72d3499c7ed171a009367b0b6,93c749892aa8797e59b42d21a5dfb47577fa15f13459dfc770907f174ab9b08e,2026-09-19T07:30:17.359934+09:00,2026-09-19T07:30:18.098877+09:00,23
triazolam,alpha2,2026091901,7,2026091901:7,success,1,b5add40b372df1fffa9c356945f27988326555d3cb58edc4463b68d1b12e3d42,feab349af739dff783644eba6696776b612392f5b70c65dd4b90d3fc87206c1a,bc7a6bf28c6379c54f877c375203be0c306686a27c86d0d54cdddcf582db128b,2026-09-19T07:30:18.125733+09:00,2026-09-19T07:30:18.786506+09:00,23
triazolam,alpha2,2026091901,8,2026091901:8,success,3,1d909220e1580cf6deb14f1d1d3983212f33ec86f069c1cdca50d7484f852eb9,c26189ca490084e074fcdc60f74c821f4c1017fc9d63dac2cd732ddcd0bd8074,df6cf30cfb3047aa0780c52186171d6074db140fa334bc6bbf7a728d377fd6b7,2026-09-19T07:30:18.817015+09:00,2026-09-19T07:30:19.478361+09:00,23
triazolam,alpha2,2026091901,9,2026091901:9,success,1,bda85a3e4cd617665d17efb9cb57657c56b912190a969db3be5de6fb3785c72e,fcfe926d6d2c583c2a04668acfa672b2432699cb8c50779e7936ab2dfa4c7de0,796af8e2b8c8c772aa474c7237349847fe4a0f03152da73a3ce83f99d61b1170,2026-09-19T07:30:19.501333+09:00,2026-09-19T07:30:20.240272+09:00,23
triazolam,alpha2,2026091902,1,2026091902:1,success,3,5036d8629797f5cfc4b10b7718c189b23252fabef3ac37b7f153da86bb8058e7,d83196f83d2cff7877d34caf0dde2a1bb703c95263c5e45e8ac51295ca834427,80ea3d62629ce125a411ac4269b1884ed975976d152a2d0efd80bc82489e1d9c,2026-09-19T07:30:15.457404+09:00,2026-09-19T07:30:16.171303+09:00,23
triazolam,alpha2,2026091902,2,2026091902:2,success,5,ba593431b012264c10b450213673cdf5ba16e240269c7a6d24057f4be37598c6,755272d94745424b8a2cf6ea842d732d376c05f782e5f746ae5805c67a142cd1,a27f814fd79640ce6bb448b397979e107b1994ade6bee50fc601e7d2c75dcec1,2026-09-19T07:30:16.198780+09:00,2026-09-19T07:30:16.874030+09:00,23
triazolam,alpha2,2026091902,3,2026091902:3,success,3,2b0941cb3e45e4dea62e81ffbd73bcebfa4cc59e5a3e80836f00a8f219b5ec43,fe9546e8ea5901199236b4ccbebe9bdf1bc78466217ee2fb8e049b37ce72afc8,66cb5e075299f3dc9c2e8476d8795d240defa41569e707e4ea06e77f24f62390,2026-09-19T07:30:16.898021+09:00,2026-09-19T07:30:17.536512+09:00,23
triazolam,alpha2,2026091902,4,2026091902:4,success,3,63204995b5deb23a21195e63c339acbd46da784db4ba9629ca13b81d8c595f19,fbe9f21661c7fa1d9d1c47f0f9e0898e7980935cbba3c9f3a93f84ddc097b61d,e4ba37250789804b4a764c2e6e90aaf343e1918d509e7bfc15f3e3a2d8e50200,2026-09-19T07:30:17.563172+09:00,2026-09-19T07:30:18.347225+09:00,23
triazolam,alpha2,2026091902,5,2026091902:5,success,3,1162db49006ad81803aeb30b0f7973d9309d8c7de4cb3d0d41a6cfe82202b7a4,f1ada77e6f266f8d41ac301985a2b37e2a65f16269cc44d8422513d639aa5861,015bb596aab8f9bca1d9b876243a5589f938c5caed455bb6ced47b327cd1df37,2026-09-19T07:30:18.374574+09:00,2026-09-19T07:30:19.019607+09:00,23
triazolam,alpha2,2026091902,6,2026091902:6,success,6,1bf5a8ee5681b202acb06f743a30e988eb5339b0ff76ce36c960cb85df3e7a06,61743d090cabaee5117fd7722ce8e56b5f76a46814cf4012e161819d2bdf3bcc,76b7e866588b8051c794a37d6d441070c14588765bd08232c1913572320a5f2e,2026-09-19T07:30:19.045035+09:00,2026-09-19T07:30:19.811867+09:00,23
triazolam,alpha2,2026091902,7,2026091902:7,success,2,1f1b7ebc3e44e71f89d664353bb1c1c4f4ade4b1514ea02a311fad3554e26216,056926c95d85ee20b09f26ced5f35648457ae893df6641519ed12086b6c64c97,4fc2b525025810361178f7361416742204c76c0ce0fa5a59ad45109fa2682e37,2026-09-19T07:30:19.840518+09:00,2026-09-19T07:30:20.540687+09:00,23
triazolam,alpha2,2026091902,8,2026091902:8,success,2,26939b51057a700201d4c7aa235f39a12f07c890c9159ea07b7bacdd8af7acfa,eca4de403a6be322271295777c5eac20df4aa1af3ef84b11acbdb8821ea77f56,c91eddeda1387e1be0fe3886f36caa84d28c988d95301fddffaa18ebcbf8bf29,2026-09-19T07:30:20.563392+09:00,2026-09-19T07:30:21.299020+09:00,23
triazolam,alpha2,2026091902,9,2026091902:9,success,4,8d17692c4a0448352539ae01c1c07f2057523759c8dc1d4313916c7f375f6d58,3cb1f3f41619797190b452c25016fa8dd072349ccb27e06ba162f0d626ccd956,f6830a32a61985aa2ae572361f1dec9e2d0ee088b2b2645de5d0796e4c2c327e,2026-09-19T07:30:21.325664+09:00,2026-09-19T07:30:22.078487+09:00,23
triazolam,alpha2,2026091903,1,2026091903:1,success,3,d405e04db750571ccafed7626c6e34ea4d8cef85f8238dd34d3cdb0372df4570,1c666ad8e7cdb376e2c44aafc0395f91ba9e015ccb6ffa4330bc6acbc48c8ca0,9402f57785bef059b7bba52e347abe01fee18e817df4258683594a9278280387,2026-09-19T07:30:20.041420+09:00,2026-09-19T07:30:20.765928+09:00,23
triazolam,alpha2,2026091903,2,2026091903:2,success,3,ffe5c551202733de04d3e9a31b2904449e414abd610c36d903565cb0affbe012,330bda9e94a446fdd051879ab5ea3fa664922b5e8b5c2a904318e91aa2ff20af,9538d34e8e367973c2244f7390e13a63143baca65c7a5684e6884bc84bdc8fce,2026-09-19T07:30:20.789565+09:00,2026-09-19T07:30:21.497042+09:00,23
triazolam,alpha2,2026091903,3,2026091903:3,success,5,a9715870347ff9085c34236d9a872e58e8dec837fb2edf580b7e82eedc02ed39,dc695b13bcc51ce801b973f816d0324cb5222cb3d7259439f6c395c622ac52c5,e14d298bbd5d13999ee0ea2bcaa2a9542ef4985963d73688b3643b2f2c146a21,2026-09-19T07:30:21.518934+09:00,2026-09-19T07:30:22.163568+09:00,23
triazolam,alpha2,2026091903,4,2026091903:4,success,4,76e5621903d1d02816d85214d84991d599005dc498e6182bca5e63250a9ce875,71b20749482457edbd6643a6b6bac5423467203aaefce528d1ba3daa8b5185a2,088e9c3d50175851311fd9a0f1d41952311ff4d52283c728261a7245c0b97aa3,2026-09-19T07:30:22.187247+09:00,2026-09-19T07:30:22.905989+09:00,23
triazolam,alpha2,2026091903,5,2026091903:5,success,7,02fcd65434eed75187d98a70e4178b491e69d563b51e7ec1944b14cfbb449a2f,b254794b46002bf16b0644314c63a71e3c4978385780658ba92d15f530f862b8,da3338e59fed1aa92ea63d592bd7088b37fc2c0ef85b26355ea8d0f987401d25,2026-09-19T07:30:22.932791+09:00,2026-09-19T07:30:23.570759+09:00,23
triazolam,alpha2,2026091903,6,2026091903:6,success,3,c0db96dcdb547964a706973e54c9bfbf39e32f1e602e9e2ed9629a08d4114475,fc284f6c9002bc8c9084dad16a638d1188f925b9a0bb590dec08daa763f1adac,8b59d41d7418c72a9177d39b8b4d031e44921f23f3314ad8af4c84f3b460eba3,2026-09-19T07:30:23.605534+09:00,2026-09-19T07:30:24.342480+09:00,23
triazolam,alpha2,2026091903,7,2026091903:7,success,2,76246c7e913111a7f01f7d8d14243cab75ed19989f82dd660bb5ffde6b18b782,955501d7e7fcb0fb1cdf4304c7268c666e91b84508fce45d0e0b809b76e2fd42,6b1e0bba7b2091d03f09d34e660a9e95f5dc6c3040a68d6faf2594a506d85870,2026-09-19T07:30:24.367108+09:00,2026-09-19T07:30:25.060112+09:00,23
triazolam,alpha2,2026091903,8,2026091903:8,success,1,083398c2fc9d0d1e6c1882ca59f9856830cec3fd74e6d68067656da12e1e8a39,b119aa9db21264598c6778e3969c7af9b3be34d5659706c7480bb5289c8abc73,689388d8bf0849cd4ffee3fa5e2bc32fe8829f64dc83f30d3aa8934dd957ead3,2026-09-19T07:30:25.089135+09:00,2026-09-19T07:30:25.764784+09:00,23
triazolam,alpha2,2026091903,9,2026091903:9,success,3,8a62d2109009d34233e98b6e133d6195dbab9cf17cedc8365a7c0677e0f22b51,b7844b99fc51250c073b94f05997c4914437f21be3240d1265079fd6fd721049,d44b1ff9b96e8d315f7622459bd6ab0646bda7ec578ac29e966ad74d168ce370,2026-09-19T07:30:25.790787+09:00,2026-09-19T07:30:26.535642+09:00,23
triazolam,alpha2,2026091904,1,2026091904:1,success,4,702158c7025680fec66a777e730d04a10c9258aa6f31e9477c0bba4920154314,03c874f7b1412e8ed8dc49c29ac6d91bffb278a6c26c13e356ffd9e7541b0801,4a00cdc5c8a8af15b3ab567f56471ce66aedfedcfe4142b81e15656b118ad384,2026-09-19T07:30:25.445057+09:00,2026-09-19T07:30:26.167915+09:00,23
triazolam,alpha2,2026091904,2,2026091904:2,success,3,12c8227bbfb917219bddd7576ce18ac45b2dbd9ee22e3fc880c8ab34f0a1c791,ca7c68b25ce90f96eee1e8728d57b7752979228a143f4732200c203aa8ec338b,3b0fd2fa6d1fdc2c8bc293023b6ca4b4201d2b949e2cc42290744a907891b430,2026-09-19T07:30:26.202426+09:00,2026-09-19T07:30:26.864679+09:00,23
triazolam,alpha2,2026091904,3,2026091904:3,success,4,14c0ee4a656d26b7cbf8a4b50d5650be2870cd24e958b6acb7e5833e018b55a2,b6da99bc33817d12f0bf66ed1737446a74a8661281e961be105938cd62fd9e1c,7db2be1e607a0b6b4d5b709a98fbadd1d70080dd40b7a9167d5289a193af1807,2026-09-19T07:30:26.893396+09:00,2026-09-19T07:30:27.570060+09:00,23
triazolam,alpha2,2026091904,4,2026091904:4,success,2,b27b0bfd62d1feac0e9019a8fed6ae7315f4f737b92a98489692f373f24a9fd7,885a44419ef33621d52bd6e73d1d6cbd812d554c784ab0a6dd55ed4ea406071b,d7fdd07310bdba9e71cc8bfb7b7d30dac1981e46fc2eeb554746d807ae7dfe35,2026-09-19T07:30:27.602498+09:00,2026-09-19T07:30:28.307722+09:00,23
triazolam,alpha2,2026091904,5,2026091904:5,success,5,164f25e1262bcf39505d2d58ab2a94ca2ec3e556efe05c462fb74fd1cd69e229,a24e2a11cb1d3e297ac813a5eb3d026d06848ce489295471f187705c9dea2457,91a373da93a28d71d292186162887a8db72abf2833b26e1ea4199339d7690c6a,2026-09-19T07:30:28.334954+09:00,2026-09-19T07:30:28.976126+09:00,23
triazolam,alpha2,2026091904,6,2026091904:6,success,2,9e71f32f20b1cb0882e71fea3212404db13cda4f6f7d51f726e97db7354abe67,b716e12aa08a0fd77b80938b4d335fdd24fd7e052be66ca80235ee47e62be241,105ad633719fe5bf4585d9ee21ea2f619a14fb6375a542ce42450e57c931aa5c,2026-09-19T07:30:29.002121+09:00,2026-09-19T07:30:29.767289+09:00,23
triazolam,alpha2,2026091904,7,2026091904:7,success,4,d8b77c0f893afd89b1cb4e9e5cdad0297940a65a487c97ad11a8579b40aba4c1,69ab703f11dfc69c9318245a48f1dd482964bca5409846e9c5229dbc704f51e3,036029f664ddb8685f0ed705623f933b2cc2c0546254d8faf7202aa7802cbd17,2026-09-19T07:30:29.808371+09:00,2026-09-19T07:30:30.510864+09:00,23
triazolam,alpha2,2026091904,8,2026091904:8,success,4,72d87bcaa60a969f81cd48ac82a550d42fbf727c973bd17fadd9c4288e703285,0dde52a6b1e79901c6f98c450d6130a17f17acb1b4d59ed09427c4f15c2dca8e,0dc4dae7ce29d53c3e4ac62467046129b272da9a4e819bf0529dcefd505f7ffc,2026-09-19T07:30:30.533346+09:00,2026-09-19T07:30:31.164588+09:00,23
triazolam,alpha2,2026091904,9,2026091904:9,success,3,2f148d7846609bce8eaf8a95220932101807d7fe629e2e79410cf70ea4f35791,4f3574fd179767c945d2d69b4a30bc6e6b85581648d2ab713387c6ef702d6c25,65a27cdd920d5bf7e6acd09c92ee9a98c32e23555d22850ef40a4e7dc86d8484,2026-09-19T07:30:31.188704+09:00,2026-09-19T07:30:31.926464+09:00,23
triazolam,alpha2,2026091905,1,2026091905:1,success,3,3a8ab87d9d953a3ecf02d55fa6a31c38517da41e17112161e1b76ccaf0251e06,e906b1b6c39af23b6f957ebcddf75b43e52c875f968399c5b33121cfd2997741,2bf5e039ccf5c08464722e6ba1e839f3a90f0f34b0090fa2b875cb1db5f0f921,2026-09-19T07:30:26.442428+09:00,2026-09-19T07:30:27.177165+09:00,23
triazolam,alpha2,2026091905,2,2026091905:2,success,4,8ffd313761b54c2ce264c67b8193f614226f8fc34294d904690361d3168937a1,51cfe100c8ec707d6a67724babb38a1d20acb9b0ca3877d5a6275eff14d4a729,644a272f809ed9ef26c1e3db1d28d5a9cf1047ebdd9328546a9d50f2836c325d,2026-09-19T07:30:27.209728+09:00,2026-09-19T07:30:27.917934+09:00,23
triazolam,alpha2,2026091905,3,2026091905:3,success,3,9ec1094f1403d8d0c37377b9060e21afe29c39ac72240dc5e18d297caaa237af,40e6fb83302745e94a2c263d167b0967d0936e79da32909c13990a1ee14af023,3a4397130bea3a65b208a63157840ed58b086397d8f98fc6cd6da437eb08b904,2026-09-19T07:30:27.948703+09:00,2026-09-19T07:30:28.606552+09:00,23
triazolam,alpha2,2026091905,4,2026091905:4,success,4,aaf6d80228628c3c439b6cac3eb04712771c7cd27f513a7ffee59d64e1a90d7f,798937f6805558e4d8810b83a132091f3ff179e93ff676ae520cc4766cce1cb7,104d12c0ff2e4d49aff9c485bac38ce4036e758c0e581358e1fed0f4a9fa3b42,2026-09-19T07:30:28.631977+09:00,2026-09-19T07:30:29.376613+09:00,23
triazolam,alpha2,2026091905,5,2026091905:5,success,7,c98b83ccaf79a40405d761105507476620ae943c8bc4f90445f31fdb13e8936e,e77f687240bf92a28576f3b388b5bf59e6b61d6fd4ab1fcb4bf88127cf81b11a,7c32193a69545e0fad470234f38afaf6adaf873a9a109c07d8f6177d8ade133e,2026-09-19T07:30:29.403616+09:00,2026-09-19T07:30:30.096349+09:00,23
triazolam,alpha2,2026091905,6,2026091905:6,success,1,5fdb97f649a16576e75efc56ba82ba36bf744e781f3ea5ddad7bfe9a37faa66b,29247ce6e0069d9772aafc8fe0cd7b9e4adcff9a78aedc4037354c34461d7a0a,9811602da92500bd62e54e0ba2c9fe5977e8f6cede34326d3f535d0e903df5ed,2026-09-19T07:30:30.140548+09:00,2026-09-19T07:30:30.864600+09:00,23
triazolam,alpha2,2026091905,7,2026091905:7,success,2,ca7bebab8b878bfb9454575c181766ecaa90713698741451eac28ed545ca559c,71f85e71070739d596df229c6934335842ebc6d5c014396ed9e8e58f5ffa2a39,5649cd146cf952ebce780adc48a2be949c88a5ba11f08f2807df5d72369d76e0,2026-09-19T07:30:30.891351+09:00,2026-09-19T07:30:31.569098+09:00,23
triazolam,alpha2,2026091905,8,2026091905:8,success,4,77cfee06a4719ff37c6fc09de92b7aef70213e8a67584eb87b59974e64ef3152,805c317d1195e2252eef52aff940ad31ee271caf968a10314dcb6281425fae51,fc220e332eeba88a89042157b791ae1dfc089894305f360fe39791f145c6af62,2026-09-19T07:30:31.591158+09:00,2026-09-19T07:30:32.296047+09:00,23
triazolam,alpha2,2026091905,9,2026091905:9,success,2,19050dc2407f9170e08c2118261f0883bc96c1b6eff1e63a8dd19149808ecaf2,8eee0a16749f279e82580035bb5272a19cea5056c91223837960f267dcb71e09,a8ae0fe160bcc6c5b5d33470dcec22e80a19bece4cf616532dbe8353fd275af0,2026-09-19T07:30:32.324242+09:00,2026-09-19T07:30:33.019626+09:00,23
zolpidem,alpha1,2026091901,1,2026091901:1,success,13,01bd1ceaaf9b7c367a825f8087f0bfdc64e03a2ee66a05653aa2cd1c892e6b5f,a056e8dc9649c593d4d8c56492883360fc9b7c700bd0b0cb6a320de311e74738,b087d55461195914a549d015ef858d390899ceeaa391f7be923328f1e19cdd3d,2026-09-19T07:30:28.190610+09:00,2026-09-19T07:30:29.942168+09:00,23
zolpidem,alpha1,2026091901,2,2026091901:2,success,12,a8b18a6fa61cb87c052267a941fa62aec369a29b315f2e7b29a0c0f97a7613de,ff58f1fe5116cba7581ddcdab68456d6eca5425669ea3c74c76d88ace3b4bc81,4062b9b514d3b6ea758d8a6d4724c843d65db442c257cac6db27ae33c72d5899,2026-09-19T07:30:29.995794+09:00,2026-09-19T07:30:31.741339+09:00,23
zolpidem,alpha1,2026091901,3,2026091901:3,success,10,1f6c3c8e4f110fcd2893b61cbff0dd960880cdd80f97a0bff770aa5c66b81d01,95a38a8fc89f4ae584af10937bfa607d510455e1f75e47de3e9709be44752b55,66ef0336b73131658f5800572fbdcae6ea5ed52f4f4e291affbb24e9fad2b80d,2026-09-19T07:30:31.788142+09:00,2026-09-19T07:30:33.481680+09:00,23
zolpidem,alpha1,2026091901,4,2026091901:4,success,9,1227082848583d15b374a1a1d9106356c6f8bf6033fff62f3bfa527a8d753e06,7ccf94585eaa77f7c1742f170c353fb745af16be7c425ffa0b4054efe088191c,6980bfe80532fa2a69be266ed349e87e664471fb54c091c9973968d0a6f77707,2026-09-19T07:30:33.536695+09:00,2026-09-19T07:30:35.444026+09:00,23
zolpidem,alpha1,2026091901,5,2026091901:5,success,8,6a2add23e9113b2013624dae9a41ce0edd2878fe7f9ace0d101a214ad87bb5bf,875447970634506fecbef32cacee0d8bf548a80e4a18099976f40d25f48a0008,053ca90eb4d94be7ce20e555ea8d4b8530cfa2edf833b25ece5bb081604c668d,2026-09-19T07:30:35.493112+09:00,2026-09-19T07:30:37.229925+09:00,23
zolpidem,alpha1,2026091901,6,2026091901:6,success,8,ed0969106102b0eac3ae7ac372bf65975226b57b589141186a9ae448ac019410,b12db326eccd56a214357a64c6f1f88ed42d7962b53058f06092c33435456915,a4c4dafabbf3bd763bae50becd65a7cc312e62cf78f6c90e06e7b2ed15f1f674,2026-09-19T07:30:37.272509+09:00,2026-09-19T07:30:39.094694+09:00,23
zolpidem,alpha1,2026091901,7,2026091901:7,success,9,dd01c6e2d69e8049ccb01b33aa00094617914d10e6857fda4feca490624ed740,d6f5e971ad7db6fccba959c2c6b8a79ce4c02ce338cfc2815f319f1cfd4fb20d,57d25aad6676b607bf75564144f5e27026b31e0fd2f1eadc525ce6e9c7069dc4,2026-09-19T07:30:39.141315+09:00,2026-09-19T07:30:40.906463+09:00,23
zolpidem,alpha1,2026091901,8,2026091901:8,success,10,9ecc4a7997d6df564679010efa2d09e32e16338ab8dfb01ba2c7c1b24cd9ee86,a354e8f7b944189e1caea51610864b415ee057f8c112524e1f9c8573af733f22,dfcd9df608e02f95c775da9c08ee6cf0c623058444776f513b40d8ad908b6dc0,2026-09-19T07:30:40.958806+09:00,2026-09-19T07:30:42.694204+09:00,23
zolpidem,alpha1,2026091901,9,2026091901:9,success,5,f08d0aaffe35502445dfbc99b89ecc5a79b9012a71036752408bebda3dbddd3a,8e22dda8b578243b2b62840c0c6ff327982b103d3699018421b7c54184946a25,6f1cebb8cab573ad4c30bdcf5626998cc0ce417e4a96af39a4c908bb1e7b7e45,2026-09-19T07:30:42.743046+09:00,2026-09-19T07:30:44.537526+09:00,23
zolpidem,alpha1,2026091902,1,2026091902:1,success,13,c77e9e300ecab1773093d63a9d520bb6caa559c7fe8864cd892ef3c9e61e5ef1,817cd9856f6eb5b9392a9dca2410ad9a7df2a4e18a0fc5f5fc95b7f1de9f1ecc,5bfeef23239df1f76fa31674f1e63ce2f3ff8267c0807ae3969f27a4c40027fd,2026-09-19T07:30:32.842192+09:00,2026-09-19T07:30:34.557001+09:00,23
zolpidem,alpha1,2026091902,2,2026091902:2,success,11,323830947033f1a345505ac9b0b332c1686867d1b70a4caaec8ec6edfe3a7aeb,e046c57fab1cf0b25bf2cf1dfc424e1afbe132715b46787fd77f233f34b8270a,c9d2a8ba1d5bf7cb108255847be241d1e13649028a4ff16787213bea0f2192b8,2026-09-19T07:30:34.609416+09:00,2026-09-19T07:30:36.368904+09:00,23
zolpidem,alpha1,2026091902,3,2026091902:3,success,10,6281a9ecf601694e95f5c20c577033124f204e7a72816a2de9d2f9cadd0cc96a,6711bbe5b16f36a9952e3bedf7b7baf10f77acf2c1b6701b435edfa9d14e05dd,98678e25e719171bbaca623f2233602d816481f2d03681862f342a5e6b56708e,2026-09-19T07:30:36.409184+09:00,2026-09-19T07:30:38.153522+09:00,23
zolpidem,alpha1,2026091902,4,2026091902:4,success,9,e8d5a77d4c0817f1a4f55146dfa6b706c9e2a1920812a19a1fb79094e03736b9,a0dad60feadbde0e102d015a13493667f325f8287181350a2fbe49acd3e3102b,4e2315ff75e12f445517e1cf7c60e3dd4ffb2a2ca7ec4c6393193825f8b56c88,2026-09-19T07:30:38.198087+09:00,2026-09-19T07:30:40.079462+09:00,23
zolpidem,alpha1,2026091902,5,2026091902:5,success,8,fcbdfd65fa2cae41d3160cfbd57d65557dbdb638458f6bdcb2d6d101a32d55a1,733c35c49d4b2cea24f5ed47df5c93f45632016c2b28046fe0ce4d1a1e3e690d,af280fbb836babec31d43291c6fba9f4a6c92c3fa90150763373ef10b2fd896a,2026-09-19T07:30:40.133275+09:00,2026-09-19T07:30:41.904349+09:00,23
zolpidem,alpha1,2026091902,6,2026091902:6,success,9,94803cae7e0bc8b57ecbaea18b831b5c6eb6f6f03cbd08d10df49494301034b5,4f96a65cfa838951bca95c093b3fe362ec341b441e70431475ae213638189172,209c4685a644f2d6494f8b24d5384e5e54ed9ad8743a447ad9079c27b7b48165,2026-09-19T07:30:41.956329+09:00,2026-09-19T07:30:43.763607+09:00,23
zolpidem,alpha1,2026091902,7,2026091902:7,success,6,652848e7868eb924bf2e3c6a499d69277da4fbf2fad3f1e058d9cc54f8ab3279,6d68d44db448fd5ef23ec528969a97d322d18f96af419399d2e35ce58cc09132,5e7ab2143a19a14a17a9fffb0e2dfe28169d84f420cbe8a307b891ad62f9e4d0,2026-09-19T07:30:43.813530+09:00,2026-09-19T07:30:45.733687+09:00,23
zolpidem,alpha1,2026091902,8,2026091902:8,success,5,a5f1cdc2590b4eba0412ca55034d0f8d333b7da54d259ac035505fa8b3ccea21,f8678b26519b6d6d6155de354e6e027416b1219dff08f09411dd988c18b9fb1c,d20345aa01fe6b731db33baa9c9540c68c18043ef624b6994d0239ab4f01269d,2026-09-19T07:30:45.782106+09:00,2026-09-19T07:30:47.379880+09:00,23
zolpidem,alpha1,2026091902,9,2026091902:9,success,3,4cc06b171616910826c8a78303ab8f972a88510e320fff27b597f5f42dfed4d8,f509328eebe814c8f6903f3769238eaaeb359d19fb685f20f4c4e32dc499d40d,80c4ec5671c95b538e0b37b6ff239640dd60347811ddeb7f2234be5be47688ac,2026-09-19T07:30:47.428826+09:00,2026-09-19T07:30:49.175359+09:00,23
zolpidem,alpha1,2026091903,1,2026091903:1,success,13,a6a5e682e324519c139ab52762339f707e124246cb162eea91798298bd6c2540,5c57c65c9e2366f5aae10d4ca383c912066cff7daed433e2911ea5700bfbc577,e0f822903bffde2d0587a380dab9c750da1ad12218ec50178018c3d9f678f934,2026-09-19T07:30:38.426080+09:00,2026-09-19T07:30:40.143694+09:00,23
zolpidem,alpha1,2026091903,2,2026091903:2,success,12,89e2e4c530acf24205cb91ec46343e25366aa6d2949acffb6b56f3d1fbb84d90,637a7786c0dbdbd0e5deaccc38827949021e6fac2e146e0388e652225885340e,03d74256f2bcf301151166db9ed00cee0d7793f99b40c76a61b54df4bcc98e91,2026-09-19T07:30:40.206506+09:00,2026-09-19T07:30:41.907564+09:00,23
zolpidem,alpha1,2026091903,3,2026091903:3,success,10,bb7f257cd3c00a177e429781c92fb6b1c0b74b6cdc492e8ba49fe33f41bbaca6,bf70aa6e65685742d5ed4c83b5093bc2a2f64c41c6b909e7cd6ef7b87bbefbd6,db6030649fb1165ba32c307d1b86f482b5a098353a59365fa117a9b05a152a0d,2026-09-19T07:30:41.957081+09:00,2026-09-19T07:30:43.624869+09:00,23
zolpidem,alpha1,2026091903,4,2026091903:4,success,8,9d427600ed73acd3bf1f8228712cc8f2ebd85a7462af99f65f997e6b5b33a260,f65f2dd7e4afed52441d6f56c3fa2f24f48047db69ebbc5ca8e0b85ccfbfea89,71cb7801dfe118ebcd88b4be98c352836952a77a40144926dc73abfcb02123d8,2026-09-19T07:30:43.674895+09:00,2026-09-19T07:30:45.488363+09:00,23
zolpidem,alpha1,2026091903,5,2026091903:5,success,9,af581b2a5878b9c2c570bb022a3fadc86e7a3fd441f3200c8ece996657e9319d,2f7b8592f91c85d7bb4f09b8f65ba837806743a881dfedd60977b1e67afe3afa,919b0421bf4c57cd8f81d4f371efbfa23e4e9bd5b9c6f7896def6efaba89c3ab,2026-09-19T07:30:45.536927+09:00,2026-09-19T07:30:47.240103+09:00,23
zolpidem,alpha1,2026091903,6,2026091903:6,success,9,4f14beca2e84f2798f8b219072d52a138feee7510d5fdb662d2a208230f90f5a,98845721c14eb1b4e3d131161377d13d882eba0676159f7de5b98ec29dd0f23c,38b10752453477777c57fe4b438194ffb87b37efe16f86cc8582fdc63643320e,2026-09-19T07:30:47.292941+09:00,2026-09-19T07:30:49.067529+09:00,23
zolpidem,alpha1,2026091903,7,2026091903:7,success,10,f21e3de7322adf8fe50e147c00da64efe68c3d01c96a9fb254e2aa8e47abc026,ee535e699dc18900545d35d230d4626528d6ae79a4159908d2be660771d383d6,87a3fccee1ec02715adfde90b4f40722583e2ec4966791315bc7f628bcce6eff,2026-09-19T07:30:49.117195+09:00,2026-09-19T07:30:50.882150+09:00,23
zolpidem,alpha1,2026091903,8,2026091903:8,success,10,182f3b927df312a111263ab9fae15e52c1ac41d4d3b56b4915a766612de02eb2,8a43cb053ab22cef3221d8f940e8fce3e5db7462f76b9d2193a4e45d7da7880c,7443b06f8c94031be0a51ef69dbe07867101f6c16728e2efe62a18bf64473188,2026-09-19T07:30:50.932523+09:00,2026-09-19T07:30:52.711327+09:00,23
zolpidem,alpha1,2026091903,9,2026091903:9,success,3,280bd121f2dce07218b3b1a631ebc103a921dadece8a9b149be968d808b68133,c9e8d9570dd56ba51456e9a0e10acba29912078a4bd615864b5469afbcc96bb1,1618590162c04c53fc3a9ed140a1fc018f8d1dced6686459be91b71c7f404f92,2026-09-19T07:30:52.760260+09:00,2026-09-19T07:30:54.578849+09:00,23
zolpidem,alpha1,2026091904,1,2026091904:1,success,13,b2a29dccc43df508c4d48b4677015ff025ed5389bbdc017382e1728e4307e09d,13c9d397202586851b719ac53e0a2e6a9b850fcc72537ac16372fdd0cb3d0023,f378cdc12067bba0b68ee64cfd4aa7989c72c2de6fe5801e450603261644fcd4,2026-09-19T07:30:39.456619+09:00,2026-09-19T07:30:41.186719+09:00,23
zolpidem,alpha1,2026091904,2,2026091904:2,success,12,c18c13383aea44ccb39d8eed66c6ae0fe3178d198da61c0c47e5c9462f8ad191,dc3da90fe99a18bb3526c93631be6297ea5358d6d657243690b2a62a8f843701,c5a72d11789acd87e9abcf14f5132a07356d097553ccb4c2408f4c42524732e0,2026-09-19T07:30:41.239199+09:00,2026-09-19T07:30:42.933522+09:00,23
zolpidem,alpha1,2026091904,3,2026091904:3,success,10,f2176fee17c1282b9c2228276caef2ab7a08d101472b37541c93f6bcdbfb49ea,0a8b6cfdfdffe5f840f555a8891391034a807aed49ecd47276f359a951d14755,19fb7206e2e57b406435f906647d2a315179c8487c6cdf6271b825455cddf9c4,2026-09-19T07:30:42.983337+09:00,2026-09-19T07:30:44.678352+09:00,23
zolpidem,alpha1,2026091904,4,2026091904:4,success,8,13be5ac82a578ad3b35fbef8ba21e96b9087abd95958d5cf1e740f25979e0a50,d609290d47c6f528a09c999297f4623455a6c786789a91476036e5bdca704d46,e5eeec9392b92fe06ba3d1b5ffc958531d973f423d4d7a8315c7dab911cea0cb,2026-09-19T07:30:44.727480+09:00,2026-09-19T07:30:46.567919+09:00,23
zolpidem,alpha1,2026091904,5,2026091904:5,success,7,db907b6eb939c298d3f2761201c8125dd06211e84c044987ae2a85dca15587a7,f3e8c6b4b5173db6162ea81c569c62f1e3b8f28405e384f1768c65398d8ad44e,7f8fd13010487277ef4b6672ca3ee0b2308e4e6fc4de1cc14caa9fe209dae590,2026-09-19T07:30:46.619867+09:00,2026-09-19T07:30:48.402792+09:00,23
zolpidem,alpha1,2026091904,6,2026091904:6,success,9,c29234d874998f10ec1eda28b48aa9c80f45d8dd9f325532fac2d7d5a2bcc15d,e309b06b9ba78f3c64a9b0d9de30f3eff15fe4ee9147b15a3f22b0d7cd8ee511,339c83b965f361e383f9dd5197143bb8c68294e9cd53ef44137ae175f1f6ad29,2026-09-19T07:30:48.454478+09:00,2026-09-19T07:30:50.202288+09:00,23
zolpidem,alpha1,2026091904,7,2026091904:7,success,9,db8978c59ef5e86a1f66b2eca68ee024f6bb3c29b3e66d7af34d9abd607fac23,dd9247f437a5efbfaffd5b1610498e2c6c3c9e441eedcf5749cbf5d18c31d07c,a4d5e01c3a76d6bb419a1b3813d9244d182510601901764123f63026e471bb75,2026-09-19T07:30:50.254958+09:00,2026-09-19T07:30:52.051851+09:00,23
zolpidem,alpha1,2026091904,8,2026091904:8,success,3,8c051962d822daf2ded5c4d7663e82bfacf4edcf630f386e5c5f19a42e185137,d89bdb2838b5137f4a5ab9b191a51b328d993ee7082a0eb83bd59da4a2c60641,7800820d58d37023083e1db7aefc26d2097d74ca75062488fb9ded85fa04dd47,2026-09-19T07:30:52.098730+09:00,2026-09-19T07:30:53.736860+09:00,23
zolpidem,alpha1,2026091904,9,2026091904:9,success,4,b5386b57c2ff02d33e6190809e0728bc27f806cdbf121710bbe2238f7e5dddb6,99cdc2d5ac6999f2289a0df6cd93dcd50fdee4ca8ff96f06083226ae3c291d99,4f457dcb10493e3cc6d472db0979288b3c8deb1a29af46e58892ae2e157e943f,2026-09-19T07:30:53.779670+09:00,2026-09-19T07:30:55.570513+09:00,23
zolpidem,alpha1,2026091905,1,2026091905:1,success,13,ee5c846b4dc16429b25cddd6aaab16fec3645181d522fc3ea200d35c628b2205,b4438637258d11cf8f1bb8227e73f3a3f2be8f94cf2ef4ba843dcec69f1602b3,cb9e613b02a797a935b711f235bc64cf0d6f7e928ef5b347b5f82d8a8c850081,2026-09-19T07:30:51.094405+09:00,2026-09-19T07:30:52.865792+09:00,23
zolpidem,alpha1,2026091905,2,2026091905:2,success,12,01d3b5309274b37e7b1402553337e550f3dded7fabf80a233e5aec993c067a42,181fef43e6ea3c92628a53725d54c27ee3f2af25c3ceb89f7bd26c976ad9b691,ad4ddb3df674a814c870f60017b2cc7a41236624db787795da7b29cf80f81829,2026-09-19T07:30:52.914537+09:00,2026-09-19T07:30:54.685149+09:00,23
zolpidem,alpha1,2026091905,3,2026091905:3,success,10,a86f907709770489649d92d83dabc61e675b2a8d268a53d6dca36896b1c466d1,aa3009de70db0586c389a2e73bd07b6cb73b8f7cf08581d3dfbb77e4086cac86,92ea43053ec95f3c7e756f1522c43c409c1eb42c18ee5cbe61f6ecd199ea531a,2026-09-19T07:30:54.734717+09:00,2026-09-19T07:30:56.381200+09:00,23
zolpidem,alpha1,2026091905,4,2026091905:4,success,9,03a614f892b658fc7e351a30bb5790927c66aa6601298fbb656459775c8cc2d5,0c7f845f88fb9155d8ad0d6e552ba07cc3ff9f80cfec31360d8f3a7ec2bc9c92,14f61bf964cac1904144163e59d97aeb0fa0e3aa006e677065f48f7ccbd6fa7f,2026-09-19T07:30:56.437756+09:00,2026-09-19T07:30:58.258078+09:00,23
zolpidem,alpha1,2026091905,5,2026091905:5,success,9,df444b26c968c4a531005ba35214a5128f4be7c0ff042ac43f4333386edabd89,789e81a0f750e10382e44f9059c4c984d474464b4d9703345e0e432e796d0ab8,70f62b6acc585e8a0c042512e6b60ea1e1eaef73fc6643a2972e492d490bc84c,2026-09-19T07:30:58.305866+09:00,2026-09-19T07:31:00.074086+09:00,23
zolpidem,alpha1,2026091905,6,2026091905:6,success,6,681a9bf1fd25f921c92cec666a853d52e9e1c97dcbc00cae031239f2d8e6ca4f,8ed45161dc9892865c6cde519ace98654967f8387536020f9b4df847153a9147,ec5fc43cec895ad39bbc543869c7a067b007e05a94214706f945b5a8628f7137,2026-09-19T07:31:00.123427+09:00,2026-09-19T07:31:01.924417+09:00,23
zolpidem,alpha1,2026091905,7,2026091905:7,success,5,fd62e6a347f731f0224970aaee68a727a95414203df2218bcfbab255cca7617f,d2bef056ad2411b4ed2ae877fb273e29b951501fad2a21415398f27c5e7fd440,dbc21f2d8559f04c33e4aea8ab584a86e213a33a3642d91f55bf38e219fc3868,2026-09-19T07:31:01.975340+09:00,2026-09-19T07:31:03.778344+09:00,23
zolpidem,alpha1,2026091905,8,2026091905:8,success,8,af733a46bfea8bc43214c9da8ada23bb298fd41d673e8ae6162e977e11ae8631,da1b87a73bb35ff24642efea829aa0b68af7ed8004c5af2fc5b564cfb0eae19c,44422f5268663c653e5f6cb2ea78c856092df1220995cfd8e4534ee6072810d0,2026-09-19T07:31:03.824387+09:00,2026-09-19T07:31:05.640777+09:00,23
zolpidem,alpha1,2026091905,9,2026091905:9,success,5,aab97edce9ba855054168a2c1a7741ede0d569df7bbcdb8d424151a2f86d199e,e45202e2ef921515e88bed62c80c917f88fd77ba0d93a8709f8b54765973e0a2,df47620238a35a691b6808bf6707f8172bb90b618398ff4742862a91a5efd52b,2026-09-19T07:31:05.696657+09:00,2026-09-19T07:31:07.564698+09:00,23
zolpidem,alpha2,2026091901,1,2026091901:1,success,7,c93dad5cca6c5b119dded70cc7deeaf6464425c28db35577a85aa4044750d919,d42c737a2cd42c9bc9d919fbbb5fd52d8d178286be87c6ab394eccf0dd2d60a9,7c0924d04a19b70f52def17c71ee8f0fa66c14d94e9bccd59d8a26fed33592ab,2026-09-19T07:30:55.588858+09:00,2026-09-19T07:30:56.318726+09:00,23
zolpidem,alpha2,2026091901,2,2026091901:2,success,4,63da903480e3e1196f42939185611ba3a75d8d734b0794dc304686636dfdd608,a88ffb10c85789287f09570e48b7ff4486ccc04f019e002b6d054df88bdb28b6,12ed02a055fe13c4452265b45bf381221c49f9c1ad44b8d3decd84a51abecba4,2026-09-19T07:30:56.349017+09:00,2026-09-19T07:30:57.085599+09:00,23
zolpidem,alpha2,2026091901,3,2026091901:3,success,5,1bff4346bfd099da0fc5993c4f2769d4edda054458aa72efc5b0ac0bd9df34c5,b09b96ae5c1fa0c6c540244907ecb2c170ccfdf37e45d934a92545f6a1d57bf2,f4a186b8e631230f2b34cd4d5d34088651f4611d15fbe76398b293cfb51dccc5,2026-09-19T07:30:57.114333+09:00,2026-09-19T07:30:57.821269+09:00,23
zolpidem,alpha2,2026091901,4,2026091901:4,success,6,33e606c61a98dcac79423188f1f52f061b60f322e2f9c9efb95ce12d66e6f1d9,de8631232b125363dfcca265f6a7cc13697b2e4ba0b85d6232b856cf33dcbced,9bad9abb2616935b6ab9d6f46f2b6336d37f740a9eca1d185ad561b95fd683c0,2026-09-19T07:30:57.848263+09:00,2026-09-19T07:30:58.595689+09:00,23
zolpidem,alpha2,2026091901,5,2026091901:5,success,7,cd7aa15104368d49d8cbefbe7593fea24db4bab69daa99fbb0c29c8a47986b3c,901f70f6e80adb82f0259cbe55feee150a2125a45541bd9e92dd3d0a03c50628,ceb69fd60757844ce2d186b76406acbd7a55ae62bf9a26efc130a5a6b2299592,2026-09-19T07:30:58.625140+09:00,2026-09-19T07:30:59.322737+09:00,23
zolpidem,alpha2,2026091901,6,2026091901:6,success,2,1abffd1e958fee0e4eb900c302e2124cb0d7399ff5a97fa659b69aeb3e18f519,552cd39692a76ea2619a9923284ecd803931157d4cb424fe94026323807638f4,e191db9dd44188a3f4d12196f6ae962a221ce1109bb949ee95bdfd1ae1be229b,2026-09-19T07:30:59.347646+09:00,2026-09-19T07:31:00.117897+09:00,23
zolpidem,alpha2,2026091901,7,2026091901:7,success,5,95c97dca1fca1add7254ee49ae16ba0144ac0525b3b40f353fd2fe3bc988daa0,7dd59d8fa56a76fd54b5403f04426448f0b3e7d9a4a113067f72999044ba283a,d957d48e01016bf82d8d422a889c598ffdf62a91920ffe7e87ded990d289268a,2026-09-19T07:31:00.140741+09:00,2026-09-19T07:31:00.871176+09:00,23
zolpidem,alpha2,2026091901,8,2026091901:8,success,4,7ecdcea9fa36849b025cda6203d82b406a705df9a59042e37024f2e3864f5fb2,5e7f28f455e063c890482b00939be9bad67a6221d65483d3787af3dd4aa1eede,abb9105398c8fd75aa50c519fd17a113b9fb07f200fa697f75a69c2f13284e9f,2026-09-19T07:31:00.898168+09:00,2026-09-19T07:31:01.621881+09:00,23
zolpidem,alpha2,2026091901,9,2026091901:9,success,3,400471223c2b71edac67360e0eaf0da397e44da4e6763f51306f755558fe4131,5d2bfee6da0ef486d21212612921184f417eea7ab4aaefb39f340653badccf77,a1e6279de9c0f8b9dac20c590452ec287f09cf0823b2f3058d9f0c02884575c1,2026-09-19T07:31:01.648709+09:00,2026-09-19T07:31:02.469610+09:00,23
zolpidem,alpha2,2026091902,1,2026091902:1,success,7,ee63a5d6e066d5c0ae1b5b13ac8d969a88df2db218a6ace2800f02d0d3131ab0,66f4db37d90b2a8d92387980ca171ea5442c2c52311ad641c8c0f964f3c83761,f448c9c736e0374c7fd80e25a50b335e3d5afc6a1bce531f7ed604ffac6a0395,2026-09-19T07:31:00.980987+09:00,2026-09-19T07:31:01.693950+09:00,23
zolpidem,alpha2,2026091902,2,2026091902:2,success,4,e1868e8f42fd7c783e170799d9fe4e4b7382c22bad20e315d6fba35eba1077eb,52296c6f9d6467ccd959b6068366b1f779c85c6c1848d8f83b19e40848af24c6,5b0b1cb7acaba9600a86d8066bdc5595a288549c20f24ed06969558d0940a66b,2026-09-19T07:31:01.723443+09:00,2026-09-19T07:31:02.456061+09:00,23
zolpidem,alpha2,2026091902,3,2026091902:3,success,5,ea267f690eaa284d9713a85a0fc88c4443b85c250fc342d24878976ca51af009,cbcb65a4c03276b27fdaa7f427c8aee88cb785c1df0de7b8e9f93109a5074efe,280204844ff43f938a63aa6ea23fe830aa055ce329d1631c7b208f8f807a50b1,2026-09-19T07:31:02.480820+09:00,2026-09-19T07:31:03.187144+09:00,23
zolpidem,alpha2,2026091902,4,2026091902:4,success,5,0af1efb5ffbe773ffbb33dfc5e84ee991ff0f33dcbd0e511469b1a2ddd4d0bc7,67f6457f2133e4651f4575e041f06bd0369a1e43176e6fd49a2454c2ad582da4,8c49a8efd92186d088cc29048660e7fdb72a2cd8a3c030945660b8d30d38da9c,2026-09-19T07:31:03.214373+09:00,2026-09-19T07:31:04.037445+09:00,23
zolpidem,alpha2,2026091902,5,2026091902:5,success,7,9d21d1244cfdff9cdd843089e9768cbf921b8eec2588cb4fe5f862ba39c04113,ce4b26a590a279f7cfd6130e6613e7f0c5f51455d1d13ba0c2e28d75f5dac13a,3f81e15e1dd1d2dcc0c220613510e0b060d5fd2cb96b264821c7aeb8a352040d,2026-09-19T07:31:04.065996+09:00,2026-09-19T07:31:04.827023+09:00,23
zolpidem,alpha2,2026091902,6,2026091902:6,success,5,fd2d168008c265a55a9d9cf76ad86ca3ecfa57a377c16db5371db111f7b7af2d,4424724580adea57cd2448ed31fc838c8c4e2e6a3aeecc4f261f62c2c1bcf585,f8084159551b04ce480fdbf70a9f93484a0193c263dbb1430cf8aaa28475091c,2026-09-19T07:31:04.855225+09:00,2026-09-19T07:31:05.629463+09:00,23
zolpidem,alpha2,2026091902,7,2026091902:7,success,5,a4d414cf3410a4ce0f0bbb1e508a3e0d1910a89f0551b8a35971c0180b368e63,d98dee97c3446991d43a110590947933daf899db088de24f6429221c6864d0b8,fab3dea5984be82ef9e09e788b34f26e67b7cba5ad83e477adfe982711eb5e27,2026-09-19T07:31:05.654495+09:00,2026-09-19T07:31:06.330489+09:00,23
zolpidem,alpha2,2026091902,8,2026091902:8,success,3,a5585a219553172d4ddb5a44929175a3b2ce4c5abe897a3a03e76c1c8333eda1,6345ac7c9333fd511d619f390ce57437a6ee747e9d24acea94f0b2da81184eda,7207236e452bc9caa3cee7064ecca29c237f54811be153d612fde2b77cfc5318,2026-09-19T07:31:06.356456+09:00,2026-09-19T07:31:07.107035+09:00,23
zolpidem,alpha2,2026091902,9,2026091902:9,success,2,4f39d435b0fa7fb4a1126f4481e84e19a65adf082e60dffb0f17aaf12e7919b6,d2e560cd18afbf602e5caad25fe091398031dcbd50c76d9b1e227fbf1a3d3d66,b725ab1e43422ef7db85fed9168f9234ed0f2af15b38b036d8eb61a813dc7b3b,2026-09-19T07:31:07.135590+09:00,2026-09-19T07:31:07.926158+09:00,23
zolpidem,alpha2,2026091903,1,2026091903:1,success,7,1e5ef553fcc285eb446b8f5f2b87784430db26b01e61499d76900493cebe1de0,1d3dbbd953cd91350f66a0fe807fcdde7a7f7c462805b69b3351974ddd1ff05f,1fa6171d57f58d51e99d903ad2d78f198a8e95910dd968757f4c31be948c578d,2026-09-19T07:31:02.097625+09:00,2026-09-19T07:31:02.849911+09:00,23
zolpidem,alpha2,2026091903,2,2026091903:2,success,5,e442264d59b5792ba99f1c764758884775b01851f13eba283a7b511acef4d998,759950de0a86f73cdde776419eb0b87a97664771351af2fa2267c5290aa6ad64,4e8670a0ccb4de05cd9ebd59618ffc07c5587fcaf2f4674b4299f47d2b101e2e,2026-09-19T07:31:02.879590+09:00,2026-09-19T07:31:03.573459+09:00,23
zolpidem,alpha2,2026091903,3,2026091903:3,success,5,a90c6a9d776dbbfdd335cf780aaeeac191ab74c8300fc86ecd252745d64ee984,c54a81cd9073538d61bfa793d6d094887da700ec4586bceb3a473cabaaadcc54,abae2e4aa372dde73b2cc077ce5b9d0356f7749b093591b227e1fa863965917a,2026-09-19T07:31:03.607613+09:00,2026-09-19T07:31:04.328169+09:00,23
zolpidem,alpha2,2026091903,4,2026091903:4,success,6,8e8076fc9fa300ad9fc013e5252734a0d85d25c65526a4f17127628b6da56db3,ea5e0c25e9e36f5cce1019e11da8740c03ee0385924dd5c4f2d9435739b25571,2fb79d2d991c5cf18705ec471822156dea86d0d6bb52c38a4e15ffca73945304,2026-09-19T07:31:04.359324+09:00,2026-09-19T07:31:05.123779+09:00,23
zolpidem,alpha2,2026091903,5,2026091903:5,success,6,fdd117086824b20c63c8ef6e5f9adfc351b3817ef63b157fc587ba5f57feaba2,9c12f5a8b6da335d9d7e9f6c488d8a9179f30f6de603f41da997bd97069c022c,6997da75655551aba562bf60411210414839bd22c244d8c72e5237e4e325df03,2026-09-19T07:31:05.154740+09:00,2026-09-19T07:31:05.840318+09:00,23
zolpidem,alpha2,2026091903,6,2026091903:6,success,8,3e6ca10761e4a7ca6dcc0bd96d54e4bc9f2de0b93002f822273d0c61ad90547a,4e193a606ee907b468d29c88ef2c20c071a9dace3e6b2bc97d5a394adafa825b,dffc75bddb8c01ad9433451ed7bd50c13ef31e6c85fdeaafef66ff77489d01f0,2026-09-19T07:31:05.867827+09:00,2026-09-19T07:31:06.637234+09:00,23
zolpidem,alpha2,2026091903,7,2026091903:7,success,4,cd7c2f3b24292f32b39a1331ac955fdf9a4fe57aa156901a3882edcbd8cab290,6fe670dcd01c42bb2f4092cbec5e3ff90eb596eb2277be769cbb0f1d87795332,51ba4136d765a854d956e0dd9f4b60eee92378cd3d31f55edd4ed44e048c21e7,2026-09-19T07:31:06.668363+09:00,2026-09-19T07:31:07.418034+09:00,23
zolpidem,alpha2,2026091903,8,2026091903:8,success,3,34d450fe7e34617fc57b08ad03079fca0b370838a26fd1dfeed0b33a47b29011,fc73a0fb752a9bd345f0aaf318cd7baa2f1c1c494c55f11e1acafd143eb30dfa,21fe12ede37a37606ee3d608c8e2e1d9cfd3059c10feb2a6430c0d83d410dd9a,2026-09-19T07:31:07.445756+09:00,2026-09-19T07:31:08.144783+09:00,23
zolpidem,alpha2,2026091903,9,2026091903:9,success,7,f1db367809a3ee208bf1f1b2ae04239af80841977834567c9c4a5427cdbd10a5,f8ff05e4417426d9cbd1a51d0f7affd50a714b1cbb6ca310c2932373d6863590,f1f90a9968d081c53d0b67dc2518e950db503ef8f1ff79b75328b7c84cfd8176,2026-09-19T07:31:08.169206+09:00,2026-09-19T07:31:08.981156+09:00,23
zolpidem,alpha2,2026091904,1,2026091904:1,success,7,f310f5db46be787b00c580b1501732e09d9d21524241ed40e42f77bdc9869216,2d4a5f8c96a04532ed85fc7009dbef0c0e4d721a74e6dbcc615c3002c71effa6,4b7db1c3da26e7bfdfe37ee72a90831b8d51acdb7a06f3df9e1ea7028695673c,2026-09-19T07:31:08.916783+09:00,2026-09-19T07:31:09.726199+09:00,23
zolpidem,alpha2,2026091904,2,2026091904:2,success,4,8f6e5d32e49a774f31fd5f3958ebb64660bba1fdd263c4f49e399168b566ee3e,514a4b0a516860a449ec33b52b8b1bb20390895c69bccfe5b4743560147e6123,dcb52486dd86441b0363e811be3db2f00cb5e1d3255676d7defaa2b9917971f2,2026-09-19T07:31:09.756485+09:00,2026-09-19T07:31:10.448693+09:00,23
zolpidem,alpha2,2026091904,3,2026091904:3,success,7,25c9ee7d71715ad4a02635dae4b7efd42f9b7ad43c5a720981141fa0b7a56bf0,482ab8a317a4a4d3ac8b2479f17c1ed6728a2c9107f7f7c78a33857cd3e540f4,ed0ca98926e8151e9aec8d3a18d5d2e695615e6a8ff4ad311ace7e076e2eb640,2026-09-19T07:31:10.471937+09:00,2026-09-19T07:31:11.150092+09:00,23
zolpidem,alpha2,2026091904,4,2026091904:4,success,5,68b7d3f4ab42ccd5d5125d3b75f001b1133ad66c293d5e2e830a3282e1069312,835c588b81fdcdeb81a48ad172ddb1018a2c8c1b392e46c59323b4a51350a7be,2d63895a83fe6fcb96ab76617c3a82c09f3e41ea73c7d0fb7ce3058c1c7215ec,2026-09-19T07:31:11.177658+09:00,2026-09-19T07:31:12.019125+09:00,23
zolpidem,alpha2,2026091904,5,2026091904:5,success,4,d5c1aced94bbe42136a8f1b52a1b2f3832d5c341707d692cb571b51e264c9692,5eb81e8ae5fbc97e22d4bfc0a58cfb63f45adc3f81cbc3f3a6c0852e6867e2b5,dd1f765c21cb09821cc6395c55a946f4f011923dd567483151968c7f953c75d7,2026-09-19T07:31:12.041169+09:00,2026-09-19T07:31:12.726910+09:00,23
zolpidem,alpha2,2026091904,6,2026091904:6,success,7,8065b993abbc083101255b374f2a7a5ece2d5dd9631b824ec30b748ac17e4419,b211636aa28fa839a3acdbc5ac26f199fb1c249cf4fd2f1f2974dedd2bd35e0e,ab2262e75d903e8300c2c802c3934a81aef7d9464324d37243ee1ca8a082cc34,2026-09-19T07:31:12.762065+09:00,2026-09-19T07:31:13.563264+09:00,23
zolpidem,alpha2,2026091904,7,2026091904:7,success,2,0c7032c0e52f25b4b04c73046e7970a74a17a8897b9d1503db4e37dff786d056,114868f31df902c51d55a438b9b8b92ace8a37bc92f0e6084d391fb0983c50af,f7af2a5bfefab0e0d29e5ed3743868796f7785cad259742149c712aac8ce9b0d,2026-09-19T07:31:13.594811+09:00,2026-09-19T07:31:14.320545+09:00,23
zolpidem,alpha2,2026091904,8,2026091904:8,success,5,8058810ed92c4f4e46ae0e29e9f8f0b2a50da76f517691facd91e3ac1eebece7,e6d3135af5271ef1f337e1a81e4f6323c79777717842b45c01df8a0bfbc6868e,789919c9e791024990703e601369a837638e3d73d6478a9e167e84f5441e5b20,2026-09-19T07:31:14.346246+09:00,2026-09-19T07:31:15.012476+09:00,23
zolpidem,alpha2,2026091904,9,2026091904:9,success,4,421fd62469ca69d3b6c66e56c7463cd0086726d1db97f1b6adee7c423d3f038e,281abc3e939edd7d7b5a70b90734bedb525ac0b20ae288f728ec3ee988a28203,5292359d434cde328829f785c87639a926d0f9604521fa2afae90323af2949ec,2026-09-19T07:31:15.038131+09:00,2026-09-19T07:31:15.874536+09:00,23
zolpidem,alpha2,2026091905,1,2026091905:1,success,7,ab5dd7e882450014eaaa164577c4b11bc2a37a8f30c1d871ac5a3cacd1c8ddf2,2fde0642c372aafde9c37d918be6ef34a081101fedc8aae740307f3fb5514c6d,cb4527d34def19387b3925c95fb299a566bc5b1c1dc4fad972370a8604cf6ad0,2026-09-19T07:31:14.181536+09:00,2026-09-19T07:31:14.963690+09:00,23
zolpidem,alpha2,2026091905,2,2026091905:2,success,4,824317cf402ce29605ffccae19409c4c7e6734643459747ce1edd430a85e47ad,d4fbdf3f3692dd893d3944bbe0244862eaedc1ed25d98ba7a0aa6c1dd8703aec,502fad8b036e3e07263b5e231d78fad4e46eb751de932d376b52ddd28a71054f,2026-09-19T07:31:14.989378+09:00,2026-09-19T07:31:15.650837+09:00,23
zolpidem,alpha2,2026091905,3,2026091905:3,success,5,309822194e7ee98a0b582ddfb9711494c2ae4db9753bce5fe79358b924e2cd52,6dfc698565609778ebc7a8bb1c7ae6e97474a1eabca93badcbc165ac3c72143d,547cd80034e7802f41ab689ae0870752d7e39747c3c367401ab0b7ee6c401adc,2026-09-19T07:31:15.676795+09:00,2026-09-19T07:31:16.390349+09:00,23
zolpidem,alpha2,2026091905,4,2026091905:4,success,8,38166b2e2a8ade1cbb309b77a18aa375885da9edf68827c4c36aa187200c8af7,d1c7df4a0a4a3a59b6e67b8a36c651634b4449325c919b446812642817c9da49,eedbca3609aac50f38c693dda88cc63e47406a74b26a6bf8f186b3930508500c,2026-09-19T07:31:16.418167+09:00,2026-09-19T07:31:17.172241+09:00,23
zolpidem,alpha2,2026091905,5,2026091905:5,success,8,decb4fbb205448e58e9aa1b830752a4ecb63f411ef37e5f98226a1347597eb44,01d296925d44b020bdd462c252d5e97910e04e9f20c72297f6917d035266a349,c93e25b40b167ec6e68cf1cc6a2e9b373d77cc39c630e88441f393d24b00d9a8,2026-09-19T07:31:17.203988+09:00,2026-09-19T07:31:17.896712+09:00,23
zolpidem,alpha2,2026091905,6,2026091905:6,success,7,22d21ee39baa956e01927bb7502a011d204861faf73de9b112f886b29e1b4421,f2a26cbc7691d2312646d6497d4f5ec1128c70af9e353f58c073b6ee677e73fb,10f0eadb7f3ffafecf02613ca2c8ea1eb0aa46e8f1dbdafebec02fc5c63cd8fa,2026-09-19T07:31:17.925696+09:00,2026-09-19T07:31:18.700055+09:00,23
zolpidem,alpha2,2026091905,7,2026091905:7,success,3,a1d801f73337a6059ea186eee0f26be05d94a2155d3db6b75cb5c092dbe232ff,bb9b50efd1cd257183248a5937d97b43d6e501889f64af628a211e7fb967cf87,d15a0d3882bdd02ccc36db7af6aa06aa5343ce0cff26995fb48ec70c3dc8795f,2026-09-19T07:31:18.731558+09:00,2026-09-19T07:31:19.448752+09:00,23
zolpidem,alpha2,2026091905,8,2026091905:8,success,5,fb0e12c119156d98daf965f8c78acd1d57694d1aa6ed5dbacdc62a08158bc544,f4f18d7e164876f919e9c080829a84e51c58793cca8f48989bc9e1a5a3ba094f,27169757a411520d7beccf18adca546cc5ce215b56f6ab34adc633485d225264,2026-09-19T07:31:19.476605+09:00,2026-09-19T07:31:20.219250+09:00,23
zolpidem,alpha2,2026091905,9,2026091905:9,success,2,fd6401da1734cc07f3e0c7e87c0e3eb7ffd05f0ba834b962d29400dd6017910b,1ca461fcfbf083b1d25d1ea98c74218fd5e660778c20c2c6a89fc0d8c113b1ee,4d273960809b7373722c64a856255c0831b489e22d791fa274af3294b773daf3,2026-09-19T07:31:20.251056+09:00,2026-09-19T07:31:21.080606+09:00,23
lorazepam,alpha1,2026091901,1,2026091901:1,success,5,edd76ad849dbc2acb780635895a1201ffdb884753cfb07acbfeab2a6535ec88c,a3effc6f50c41d5f8930ef40b1731cbf2636d932bb7fd45a77b7e4a459f904c3,1043c9c7a9d37f9b2f6b04fc908d9280f140b0c07a9dd2e52c33b26c87f0bcd7,2026-09-19T07:31:14.486324+09:00,2026-09-19T07:31:16.212977+09:00,21
lorazepam,alpha1,2026091901,2,2026091901:2,success,5,8a3edee019cb85600849624f61024e0667f4609b75db40a8fd2df67384e8583f,2a5911d398e9262b51506e264d1b69b0fb0fe1999468deabbe36301849117ae9,9d943412d7675aa1725563c9456541edf38a8a97145848608f84791f2c3a7665,2026-09-19T07:31:16.267497+09:00,2026-09-19T07:31:17.903167+09:00,21
lorazepam,alpha1,2026091901,3,2026091901:3,success,9,bb38a1e4a4ca958430789f9c0f4044f118100d7fb397884045fccb8f22f8851b,3a474abca62f1fc4797be59066fb19b99ee36b412724adabf708d23cdc0ce506,5927df705e36f714a2f51701bafdb8699362e16fb1bfbad974c69ef0618445ce,2026-09-19T07:31:17.954388+09:00,2026-09-19T07:31:19.603479+09:00,21
lorazepam,alpha1,2026091901,4,2026091901:4,success,8,e4e37efe6fde9f5f3077a47b73e421c1d5b6f9fb7dc994351edb4e638127cf86,8b8b8e1c76d7c5a47c7eaf5c7cbd6a200e3d9fb8169d2b1dacbd117d965ef3f0,876fd1a1f9bbe17673e32987b65d44182059cb3067de9b77f2c03383e463c2b3,2026-09-19T07:31:19.651355+09:00,2026-09-19T07:31:21.515715+09:00,21
lorazepam,alpha1,2026091901,5,2026091901:5,success,7,181606919ea54bde54b013a70122f7d84cc28c35602fa20525e3af8e48741664,ff3d9191aa13419365a1b83319bf50a172953d90cae8be4bf0b22b450d7111b7,e460c026ebc21791c82552774daa49f5a378a460f7ffc57eb367b8c351c3fb7a,2026-09-19T07:31:21.568122+09:00,2026-09-19T07:31:23.454802+09:00,21
lorazepam,alpha1,2026091901,6,2026091901:6,success,3,2ae74fb2dba1d9b2bdd2578c34c489cdb1e7f1240e2b1b9a4ab85f1980301889,10c5b6eb08a562f8772e8a73d2b7d19217e35339fc30307ce2c28d6dc06e33b2,8796934079c85cbe80fce6629bbeee873a75fb814dcbd5223489188e2ff98f72,2026-09-19T07:31:23.505810+09:00,2026-09-19T07:31:25.331427+09:00,21
lorazepam,alpha1,2026091901,7,2026091901:7,success,6,02b91d1c188d692fc9b56ac49906279f4f880370a010eca15ed2ec0245b44f07,f3e334ac11c94784a43b4c45d504862e7d7d26108a35e2844efac5b0de0ed582,935d5a1ad50c367839b079e2cec752f81df8a6d360513803f2cb113132986d98,2026-09-19T07:31:25.395011+09:00,2026-09-19T07:31:27.116027+09:00,21
lorazepam,alpha1,2026091901,8,2026091901:8,success,8,3bf99c76ff552cb6f2d42dd505d615ea1cc07d6613ef0128c53b536dfbe4f2c0,9395b39f044dc2ca06a3a5a8cf6f8bcab57b909df9021ad8f8373c16ddfb6b85,1ad0ff0a50bf12c05ff89cc69e53a3f494f8735d2fa6b4cae8093b6c1d89b6c9,2026-09-19T07:31:27.170747+09:00,2026-09-19T07:31:28.887662+09:00,21
lorazepam,alpha1,2026091901,9,2026091901:9,success,5,84dae268155ece79b22beeaa6e811f30978de6872594881673f5fc00197d9bee,4e4760f3d146392c81eb43682bc8a1a16eacdec08de267b116409a04caa19252,56df056f90e495d157744ba59a9f228e6c4d85272a757522197e5eafc9de5a7f,2026-09-19T07:31:28.937036+09:00,2026-09-19T07:31:30.695848+09:00,21
lorazepam,alpha1,2026091902,1,2026091902:1,success,5,aca333b594f76197d2ac794645822b58c56e51bd9c6f5a247ca4ad617162a2b3,79c0a974927a073ce2039390b90703309c005c7396143bb6ca7f8c1d45d8ed46,1f75551207d56c8147b1d8d748dd5f611225455c029ed960ae5af1d1226337b4,2026-09-19T07:31:15.430235+09:00,2026-09-19T07:31:17.132930+09:00,21
lorazepam,alpha1,2026091902,2,2026091902:2,success,5,2de47bb8f32c15a063df669cd7591431b5c7a31cec6cbb81163f20f32faeb4d8,20338eef30cc4498cbc884b016a503c559f41feb01af1288440e593d8f8e756e,fbb89c6d4d2cf5f2ef48dbe8ca467392924a779d2b05b57f642754bbd9a1e7f1,2026-09-19T07:31:17.180011+09:00,2026-09-19T07:31:18.862086+09:00,21
lorazepam,alpha1,2026091902,3,2026091902:3,success,6,3bbc804272812bcd78fde41bbdbdda88478878a0b8a439eff59ef2fcfb181f7c,476a3d1f2e8101ae8c2456f192654fd42cc920a0cedf24bb7c8b8be0649e90b5,58e86d16a6155862057a3de927251a2c161f2bd9601c3c1c65e3d0bbc6ea8032,2026-09-19T07:31:18.912700+09:00,2026-09-19T07:31:20.537250+09:00,21
lorazepam,alpha1,2026091902,4,2026091902:4,success,6,27f7b8e604872e920db4ebf850ac57712d99963ab6aa76386ea35f3ec02a4cd3,05cec4409bf092fb061c3738a593c1597bbfcca5452e419dbb8d804b25665c25,c62fa4af0b85856a2354ef25f0262b90028101cb0c97bae7c08e2b2c294bd4da,2026-09-19T07:31:20.593640+09:00,2026-09-19T07:31:22.302824+09:00,21
lorazepam,alpha1,2026091902,5,2026091902:5,success,9,2d9c72ea40c71473704e301ad3025cfd3b5bc264fdce707bcca25e9eda3312ad,0ce03fbd971c3f80c76e9a3f5e926f8886ec20346215bb9ac066053fbf090526,c8e8e465e46a5a939a92c4eaa475663b568a630d42d01c45b1c675bb3d5bafa4,2026-09-19T07:31:22.361802+09:00,2026-09-19T07:31:24.252510+09:00,21
lorazepam,alpha1,2026091902,6,2026091902:6,success,4,afab53136e9e81259f961d1f77b1e5880b7b8ca410b37155cfb8c941b623ba30,45c5f86f091ec379c110ec5d154ae2cb06b015183f082788571ba888fad18f9e,2c6f626f5746828a8f573135f11cfc974fcdfc35d0e1d09c07fcf7d6cd02a97f,2026-09-19T07:31:24.303952+09:00,2026-09-19T07:31:26.052801+09:00,21
lorazepam,alpha1,2026091902,7,2026091902:7,success,5,85e6ce5bde41cc3273859e47d014fa023a7fd7a42280a415a4712369cca43581,e1ec53701a5afe2d10787055bc3b762076581de4a3ac29a35f024db75ef5d8ce,07a694a775b620fb70b41b7f9c28fa8733baae35cca50181428495bb36baeac3,2026-09-19T07:31:26.106443+09:00,2026-09-19T07:31:27.766836+09:00,21
lorazepam,alpha1,2026091902,8,2026091902:8,success,5,c67d0890000b77feeb4b80be047358b597a0ed4406bfab495ca6f9a1d6fccabf,4387f281ce037f0795ff6f3f341b04f6654f9762b52657db1944d012b7ce76f5,413e351676ee2f11e426c1b84299649508b6b31150bc537a377c4c355d3f3dc1,2026-09-19T07:31:27.822287+09:00,2026-09-19T07:31:29.669436+09:00,21
lorazepam,alpha1,2026091902,9,2026091902:9,success,6,9a89be8d0ad9faac2b2f3a9009d8143800b270d46bbda5d7260898afe913da0c,10b78c81d1e40128724699d86136c466fa841f4cd7952687f484e4976365e089,108f9bee71d68313acc0903e9f7b2ebf9561ca0005dccb9c0e8b0d1b8262fa18,2026-09-19T07:31:29.713097+09:00,2026-09-19T07:31:31.509418+09:00,21
lorazepam,alpha1,2026091903,1,2026091903:1,success,6,654f26f42812ad5d113a3188bc36ead205758dcc49724d97cdae5bc9ad3d26ba,e876dc35de3ef1c1390207a10e9f64142334b9c7e273e488d040a86df0a56c71,b377712af133e6586e5d6233265779fef0443701f04df3f028794afa680499d2,2026-09-19T07:31:22.434108+09:00,2026-09-19T07:31:24.278880+09:00,21
lorazepam,alpha1,2026091903,2,2026091903:2,success,4,a1715d577783f09e79d0bbd0ff7eed3d1bee2915bddb27d155df0ad028527a8c,fe188023e0addf6559b897e46cb508ddd5c65289631eea4e846b7d88176487b4,d44ce1b5d9c9d253b5894f9df0acf3aacb99860b741f2d595a544d066677a9f3,2026-09-19T07:31:24.333819+09:00,2026-09-19T07:31:26.041630+09:00,21
lorazepam,alpha1,2026091903,3,2026091903:3,success,7,5e0fcca71210c79580d9ca60b88b06e183873efec3c4f5a6c00009e6dca21d5e,1db4c1a1005933fb9513eaf63a6b37fb4b19273dd0e5d2f110f330933e41d170,baf07a57df9ad7d4fc1d77d208f47536d53a63cd7bc549cdc99a1257aef233b5,2026-09-19T07:31:26.110267+09:00,2026-09-19T07:31:27.746006+09:00,21
lorazepam,alpha1,2026091903,4,2026091903:4,success,4,fc12e7d237c82d885a328cc6e7ae8da929e832819c711480a26f9d6a1c6b015b,276434bbcb5278d2cdf29c87c217fd825d7bdd8dd1c58fcc5383f7ec83cf65de,e37fa7e41408a36698647751bda6a11d20463d7e107e475a445c7fb23471ea1f,2026-09-19T07:31:27.798917+09:00,2026-09-19T07:31:29.625346+09:00,21
lorazepam,alpha1,2026091903,5,2026091903:5,success,3,7685e609031cdaaf4d11469856ac749f58a2ca95e6b78a31f31c1195e88dd1b1,f871c8ce1c0ad8b340fd31bf6a169fd8fd1419e72f6b36c27bf1b61c3034a074,f4199d16a5766fe294a7c8e98dd4c97a13435511acfe0d88cca821935fc7f223,2026-09-19T07:31:29.677334+09:00,2026-09-19T07:31:31.486603+09:00,21
lorazepam,alpha1,2026091903,6,2026091903:6,success,5,fb2c17c47ea6cbf3062a5ba4f96ced174be89c8776a29772532c650e4b560301,026d0f2d7782fce8936e8561a1d177a4345a9a2515f44be4eebae8f0cf4b437b,b30eb6f5dc1b453069b64bab6246f3b89df10265f4762a587fb08a17dff4fecd,2026-09-19T07:31:31.537814+09:00,2026-09-19T07:31:33.374322+09:00,21
lorazepam,alpha1,2026091903,7,2026091903:7,success,8,7b4654ae4f09e831e0f06b200bd3ab00363bc8be410d5f84d7247359acb89620,8228eda822e55f5197b7aaed9c49158e220e33a6470cc3d26ca1f5f34819a9f6,6ed4d86f2b0ccbffa3291dcac498361efca0fdee1770ca0bbbbc496552953327,2026-09-19T07:31:33.421221+09:00,2026-09-19T07:31:35.139412+09:00,21
lorazepam,alpha1,2026091903,8,2026091903:8,success,4,e1b8f04b1df4e810f495900237d86d04854cab04d866bc0e4ee8f1e759ac4d83,cba92addbf5f6b7650585c2593e5d7752c75d16efe7deccc98b9837864c61727,a995853ddf2343d6a943713260b5f52b3ff884ad0d0692b042d6aacba2a0ba9f,2026-09-19T07:31:35.201263+09:00,2026-09-19T07:31:36.986673+09:00,21
lorazepam,alpha1,2026091903,9,2026091903:9,success,4,1b8d43463742b3153b6714bb1fa2f06e6528f11588483f8450a9b01bbbbc5547,9e8f7573748587b14043b3e5d4b7fd22103118f1fe13f325ef09c692fa1574ec,4101785cd8372eb900001796cee8e332450f1b49a017604b187f82e8c1e9dc07,2026-09-19T07:31:37.042231+09:00,2026-09-19T07:31:38.877367+09:00,21
lorazepam,alpha1,2026091904,1,2026091904:1,success,5,41daf4736faad6f2843204b034a43424d6f308f2178658acb88d7da3bba5074b,9305e6c65396b2f88f970c952d91439e254edb6be423217024d1ed4708f6d6bc,c3a35e42ee9d590298cd4ddfd857b3aa7a307e521f0c33af2546c1f9104adeb5,2026-09-19T07:31:27.835443+09:00,2026-09-19T07:31:29.633763+09:00,21
lorazepam,alpha1,2026091904,2,2026091904:2,success,5,2bceb3faa1c9061c8d86c5977ec83d73f011f09e8c8112e9ba1a2366783c218f,8cc0778d0a0363e0227361a8444f3bfe3644db306753fec4fec2c6cbd945b198,e92d48d634b140b48175e1645ba69a5f89d910a763514faeeda4b66ce21f23cf,2026-09-19T07:31:29.680970+09:00,2026-09-19T07:31:31.443755+09:00,21
lorazepam,alpha1,2026091904,3,2026091904:3,success,6,8951c8361b7ec082a512bc3d97d0f6275ab75ba73f1a20decae33c332b46de05,202aacda43fc79145013c7b62d99aa066cfac99ee61b612b21d54fc665b32507,1e215202fd6e5a97b9e6ced05d4bbceda2421c166f269782a161aa855acdfec3,2026-09-19T07:31:31.491023+09:00,2026-09-19T07:31:33.180385+09:00,21
lorazepam,alpha1,2026091904,4,2026091904:4,success,7,0e9af6cafe8785b8e50080bc9bd70685e02bae714638e6f666157f460664c229,5300aac98d6d61e0a3be6c9826c16927613e411ffc309e80b49968d6c469c6d5,5463f90eff27dd144e95691cad3b6406584db70eee1c843d470d0a7f7c281655,2026-09-19T07:31:33.233777+09:00,2026-09-19T07:31:35.053166+09:00,21
lorazepam,alpha1,2026091904,5,2026091904:5,success,4,bf4a7955194f2286dc6a25d2800ebf6d759d9f961946de430ba47ce080fa263d,3462b9f72c3630e03c6ec6dc7779087d5026c3c0adba4954b7dccb005033db98,b8dcc308225e03d9ac8e5c2ccf869508d1922287e19f02f1f2903b286f63e099,2026-09-19T07:31:35.104068+09:00,2026-09-19T07:31:36.964207+09:00,21
lorazepam,alpha1,2026091904,6,2026091904:6,success,4,441729dec934f2fecb8d076f9e11be1f370d22992465cee9c7115326986f1de1,63494f6f0db77c793134a4173a0864461965117f30956f28e25b94c30af32fc9,4f27f5488da15f5850d4ee2d81442a2a2db584489cb187b8a88c5e72b9813d6a,2026-09-19T07:31:37.013120+09:00,2026-09-19T07:31:38.770571+09:00,21
lorazepam,alpha1,2026091904,7,2026091904:7,success,5,9c18efce73344b4c9cb4442dd625582fcc170ba91e52d888d9cca9a0154258ab,416b2da523611ca71dc0d62ff29a942b049b10f874eaa815af06f2ad09f632f1,852d929c3fbaf4850fc0162bb7f5a248a795f589f3c0da3a97eb6923fde1267d,2026-09-19T07:31:38.826502+09:00,2026-09-19T07:31:40.544748+09:00,21
lorazepam,alpha1,2026091904,8,2026091904:8,success,8,045e0a03efe9d78b8e09687e077ae9d647c374998240a465d19e60eb20640869,ac7c086a8482c272946e931cab3591c8af190593cd18fb5de21e0543eefb2997,535ca37993e52ee31f9ba39e315eb3a9d2687f97b02bc33b8664e2d6896c97e8,2026-09-19T07:31:40.592758+09:00,2026-09-19T07:31:42.336249+09:00,21
lorazepam,alpha1,2026091904,9,2026091904:9,success,4,e770ecb37b38b6016f00aaa77d676225ea9d08f423c6ae83508f3f4ec57b0649,f1fd99cd1ee02faa24f2559de650afd7979950743f36061052ce2a170440938b,fd3e5e3342e2c658955decc9e08a3517190c6f8bc801e77c1733549177fc0e95,2026-09-19T07:31:42.387453+09:00,2026-09-19T07:31:44.168439+09:00,21
lorazepam,alpha1,2026091905,1,2026091905:1,success,6,9e574833d4e3f9ba2c464e39c346fa79ce9e0fb6e279f407ce460a0964cbee67,c206aab41f76f0d8c02e66efd84cfa8dc467a1a8785e0aafadcd0a677eb350c5,5f7b3e763812ea5f6ca2582c6a59779b20269dd46f001b402809b8d5c5ddd592,2026-09-19T07:31:37.677033+09:00,2026-09-19T07:31:39.447056+09:00,21
lorazepam,alpha1,2026091905,2,2026091905:2,success,6,373874c1998919eb677672344a48d9d62a221f2e68284b8a6f1a7b6f5b9d247a,9301154e8859983916280e37f0c1f47b1e5e49cda73e988552fea321c9d863a2,c6c0e5dc3c63b47e0ef7c3cd2bb608d36f7ec338286bfbbbdc62aa3ad7b9bc83,2026-09-19T07:31:39.502160+09:00,2026-09-19T07:31:41.170562+09:00,21
lorazepam,alpha1,2026091905,3,2026091905:3,success,9,ecb98641b88d86715adecbcf9531f20fb3940c4622ed2dfdad849b10fe4be281,ed653a83476fb2fe101bc8904c5fe4ae8f006994aba3da262e6df7774249587e,a7ad917484b186f435b293310a3a1b603bb6f9db99193adad339abf849f524f0,2026-09-19T07:31:41.233375+09:00,2026-09-19T07:31:42.939018+09:00,21
lorazepam,alpha1,2026091905,4,2026091905:4,success,4,d2ce502d167873d68231f589b8c10d7f5edde82be5f2361baed6eb0ba6a83eda,acbf00cc02803e6b97ba441ba20195a34602002531602f779682288f7e8deacc,fde713dbe311abf442f93e4f560e3d0297cb12778a8cd7b5fd5d1ad1cbd25302,2026-09-19T07:31:42.992175+09:00,2026-09-19T07:31:44.802917+09:00,21
lorazepam,alpha1,2026091905,5,2026091905:5,success,5,166da51a1be60d7ad64b1efd34b65d5d7c3bbf7784bbef617121e04906814212,806bdcb4be26b57c0a4e738df84e00abf08e0597bb137906beb39c771064742d,56e37224afaf884cea828769ae0692fc173133189a336dca9e4d6680cf12c9ef,2026-09-19T07:31:44.850604+09:00,2026-09-19T07:31:46.603293+09:00,21
lorazepam,alpha1,2026091905,6,2026091905:6,success,5,cbdb43f90517ef702057308d9b028f7dbcb8f4aff06ec574209c389ca4c9afbf,e251b6d8822a35a0b11acf42d0c28b32520948b803f40e7f5a109f7ee08973b2,c8ffd6df845c0a6367541f4948c3e997e83af115f73d35c69038ef46b7704c02,2026-09-19T07:31:46.654201+09:00,2026-09-19T07:31:48.505361+09:00,21
lorazepam,alpha1,2026091905,7,2026091905:7,success,4,4af1f2db502ecdab2834a7c6917cb9c1229225aaf0b210af0f39bb743f61db80,bf7cf17d6c2123953a3667a94f647d01e8b1c5030bf3b17821d0d7c23dd6fa7b,0bf8996d63bc043bcb6b205a8bb20f5557d84a3405e9a2ac92e31642853fd38b,2026-09-19T07:31:48.553933+09:00,2026-09-19T07:31:50.577484+09:00,21
lorazepam,alpha1,2026091905,8,2026091905:8,success,6,3a77a124c04732642755c9ee316e4e5b7a23977cc097b43a136d4444d3bd980e,546c8ff1ca2e587768514e72ed648940f5986de8782294fdfb772aaf8d5fd60a,bc8dc8c9f813aeefff3143d684324d9ed16b0050aca8aec5115a0f3ed6537478,2026-09-19T07:31:50.649771+09:00,2026-09-19T07:31:52.771703+09:00,21
lorazepam,alpha1,2026091905,9,2026091905:9,success,6,c9b36dd3aa537e33997430248e7fd3cc40ff9d9b456846b5875cd1fe6ae4c89f,a77a2bbe83486ae8a768de2069161ac34f274b92396bf4b43c8df107724930ba,d67609583ff8f2a628a97a79ba52763d978df295e604f231e7d9da102100734e,2026-09-19T07:31:52.821824+09:00,2026-09-19T07:31:54.616826+09:00,21
lorazepam,alpha2,2026091901,1,2026091901:1,success,3,c13bc49dd0beaa3678a104101f1c84b4af130f8b0c000ee4e28e9b0687cbea9b,6eed5451b7503cab97a1a440d145dccfad362e82f1b24978e6397bba6df6d58a,bd48d92bf39166fee42eed3cfc992e8c621cd5e4a8155b9e7a0b5202f718a291,2026-09-19T07:31:38.429390+09:00,2026-09-19T07:31:39.173816+09:00,21
lorazepam,alpha2,2026091901,2,2026091901:2,success,4,7c9a7de9a322eebc002c40af99c6e702bdb765eec1c0fbc29ca0e94d2b78d694,e8be97b7dc1ca3c16f08dd869a52039c0a981fa615891e536ef77a5155891c15,bb2b6e351a4d062f8e0321aa9b7d9d0ca56b0ae53d178af0641482cd1918bcf5,2026-09-19T07:31:39.201491+09:00,2026-09-19T07:31:39.882359+09:00,21
lorazepam,alpha2,2026091901,3,2026091901:3,success,5,6e20786a95d4b126412fd10a1fb426d193fa47efb893a3a657783c625ae5b103,0100b38b828830880ba398116a465e2af544ab2880583e382a9674402f64f199,59d2b90e6c601e4ee7844dea04700edf84ff255aae68b9e1538197616221e0d2,2026-09-19T07:31:39.911204+09:00,2026-09-19T07:31:40.609049+09:00,21
lorazepam,alpha2,2026091901,4,2026091901:4,success,6,5e4310f4ddb82adb71458aa8fd6f9c858f466a98907cd95f8d1c4c2fc7e744af,f2739123963b6c99a19afcc5c872655cf7ef7e70c54f5927814a50023c5375c1,a42a6a2d185ba766b25b71b82b89e52e79123c8684808d665a8c15ea8696e034,2026-09-19T07:31:40.640749+09:00,2026-09-19T07:31:41.409784+09:00,21
lorazepam,alpha2,2026091901,5,2026091901:5,success,5,9a9d431d5a9cd4e9045417aa1bd317a5e3b6b825db4fc3b0524ff8b1b96f7453,f0f95d3bcb68226696df9c9fdcb626c7ec9d23130fa47a211f75d1e59ed02400,ea700997b93e70b7690ebc8a61bfd40e5d5663dbd690a94536e7c863bd860736,2026-09-19T07:31:41.435695+09:00,2026-09-19T07:31:42.180496+09:00,21
lorazepam,alpha2,2026091901,6,2026091901:6,success,3,15d2d8f8c53669663f7d38c9f2697570a784212f894e29a8508e48bb87e610bf,231855b713bb0d937fe7a790f0fad659ed26ca01ff7f12c65d0e5adb47ec7adf,acb1da32a79d3b5b78ca9890714be8e458725a6f6d1445bf959aa53390c0357d,2026-09-19T07:31:42.209392+09:00,2026-09-19T07:31:42.997034+09:00,21
lorazepam,alpha2,2026091901,7,2026091901:7,success,4,0d15597da71327e067388c13b42a7c03e359912fe101a61d7c4902766be942f0,1cb4e491c03a654b81201b840d2b7702baa5d3cf74244a2a89ec4772d3fa78bc,3a751386018f6d46f54699fe95f7a470afebfd3ef4b4e9a5b59ddf2d38cb4327,2026-09-19T07:31:43.026110+09:00,2026-09-19T07:31:43.670429+09:00,21
lorazepam,alpha2,2026091901,8,2026091901:8,success,5,0891da3fad544560deb052108adf075ce28317294bcc19b273c1ba285eb18f28,175c398f685b7dd2afcbdc66878cc421b02fddda81ee755d6d9130f09d0ca706,536fe61fae9a0853983c05e99e68fcdd42ce18fab9b4ce75479eece5a2f4dbd7,2026-09-19T07:31:43.696988+09:00,2026-09-19T07:31:44.401788+09:00,21
lorazepam,alpha2,2026091901,9,2026091901:9,success,2,f61bf99c95f9a301978d7caef3c06b34935ab5c51c2debe68e4a1cfd9e7be965,0cb96455f064af9b3c12c1256d7eacd025bcbb1aa3382f9307452e64844fee25,0745b141c66b9cf9c2638cea48372a5963bb7a868bae214e095bf36fafa4dc52,2026-09-19T07:31:44.427472+09:00,2026-09-19T07:31:45.216675+09:00,21
lorazepam,alpha2,2026091902,1,2026091902:1,success,3,baa1f745e88916fbb98c98e1daed67ce6827d7c7013c759ed808ddb7886c282b,60f1acf44b707831de5a4cacc8cccf79cc375dd0b7c45195da98bc0e9f591b48,137a247f97dcb451b3f160512d7539ed5d1cdde03155362692f3c3463c6e80f5,2026-09-19T07:31:45.586802+09:00,2026-09-19T07:31:46.284608+09:00,21
lorazepam,alpha2,2026091902,2,2026091902:2,success,4,b393ca328b09e29566e80a8e3a4f5e6c4c01c570e5757751f8380f7c72cb7d5e,2824a5f34b215e01c6969a8384dceb0a965aeb7dad3d468f286ce1084823f443,0ae33b404817e516f0a331706545fbf43550df416178dcfa4204d51334a0f6b9,2026-09-19T07:31:46.311546+09:00,2026-09-19T07:31:47.009578+09:00,21
lorazepam,alpha2,2026091902,3,2026091902:3,success,4,1f110a501a76f13463dabf91ecfdc432f11a838e51eb9e582bbd3f7ab47143cb,42b542d1ebab2708203aa0ea792b80e1541085a633b026041f01e062d5ee9ee8,824416fcba086a90f2aab262250aa77685506e989c17f8a21c8ffa9bb9e04ffb,2026-09-19T07:31:47.036939+09:00,2026-09-19T07:31:47.740201+09:00,21
lorazepam,alpha2,2026091902,4,2026091902:4,success,5,5aeaf1a05b3ddee47775a35a211864f87391bcbcb4309b202be377ce558c2079,39957e3e6054a4436995af30157e43aa953e4d14bb19976cf32f29c4164155ec,4baa0531effb70b2a2cb8d222fa228de95f8dcc0d50c153ced82755ec6cc354c,2026-09-19T07:31:47.763623+09:00,2026-09-19T07:31:48.548289+09:00,21
lorazepam,alpha2,2026091902,5,2026091902:5,success,5,cce5619ad9b399ea310e46f3c710785013d7090b792df3c4a5bdbdf22f164317,b7ee2534f2317329ffd4d5e8028d84c9c76b80cb22d4ca637c7ce29ecb959f13,8ed1f73046a5fa441bf236e9c836854c437d9115f19080b98e88c1901613fae6,2026-09-19T07:31:48.572454+09:00,2026-09-19T07:31:49.328998+09:00,21
lorazepam,alpha2,2026091902,6,2026091902:6,success,4,da26638b8ef965325411fbe4d9a428b5ad7231ee3784a4d5466014bccffcc554,e8d47ffae7ed43d55dd3862526f2450b6e34391c9e8a1958fbe34c901394e05c,832d65fda3287d4f988d6c828c4dd352f8b016be17e52a1b3beaf2e8bc977839,2026-09-19T07:31:49.363749+09:00,2026-09-19T07:31:50.320016+09:00,21
lorazepam,alpha2,2026091902,7,2026091902:7,success,4,3dfa455fa17c4fb633d8890d8e0c82820c7829271bc1bf112f6b7de033fdbd12,a491207b423cf29ea80957a002ed5ffa15d8791ad5822f7e4a416a4483b9b196,b2990129c7a48df3dcc8eea6ddeceb5dfcc4b1323b60ee22a58cd4dbe6ed21a0,2026-09-19T07:31:50.354664+09:00,2026-09-19T07:31:51.306471+09:00,21
lorazepam,alpha2,2026091902,8,2026091902:8,success,3,856b009263d976871769c5bdcf5173a01586e41d335eb6211e2e3ea364429372,fcb4d301a402fee102019ffa15793aeb18e56d658a632369ea10fabd7e5215ae,c1dbb6d98ed9767359eae966d1a18de23564866a8b1008016c332d18901b36d2,2026-09-19T07:31:51.339828+09:00,2026-09-19T07:31:52.103406+09:00,21
lorazepam,alpha2,2026091902,9,2026091902:9,success,3,fd50314d0db7d0d275879fdc27ddaaea570e1a6b5f9c32192e3e973f15ea13a0,2da591c9d74ff584c9053f95f90452c9863a7b49f0d744133f33f21cba7bc133,fece1fbd70dc928f520d4754f792a8f1d7cb787b32d1652f912cbbf2eefd29a4,2026-09-19T07:31:52.128143+09:00,2026-09-19T07:31:52.929362+09:00,21
lorazepam,alpha2,2026091903,1,2026091903:1,success,3,3e3fb8329a9fa9baef8d20412c293c55dabeac8d62cbbd06f4c1e88698005aea,ba6f950b27c00bfdf9fe9c2ac609d55c560e7445d71b88e0b5b5992b6c4f5f4f,e6b338d8f55abc71f05b1394e8f4c21f72b66ef13e3aa53c8c25c62f98ec08cf,2026-09-19T07:31:51.544202+09:00,2026-09-19T07:31:52.261385+09:00,21
lorazepam,alpha2,2026091903,2,2026091903:2,success,3,5b7accb65493d0ce9b17dc0c008d68566e0e417a70eed41ee6720254e3b79aaa,61543bc67cb1382f4a62123d34961572c9e2125d81d544ce40a4fd5dc27a6f0d,3f02e1959616c3f685648a052f295eb0965a19b31b8a8e62341715231ad0c6f3,2026-09-19T07:31:52.289967+09:00,2026-09-19T07:31:52.968137+09:00,21
lorazepam,alpha2,2026091903,3,2026091903:3,success,5,598eeac58be313fff13b1bdd204f0fe5d01d9e37e6ecc0c90362fcfa78f8a039,513a93ba5a83919062df4fb46e77798ee3eb2270d846e0121a01f7846895d076,5e93cf17506452c81fb4cc6d134883cdc1df9b7785cba00defe19659472e9989,2026-09-19T07:31:52.997754+09:00,2026-09-19T07:31:53.677408+09:00,21
lorazepam,alpha2,2026091903,4,2026091903:4,success,5,ec8159a2afb9b1e6c73c90236158c6a04967e8e5976e8f70fcb906f7491c8d8d,4ba5dfe5e156d11f7cd75b870048571e08f13825cf80a17c89a58992c7e76936,1182ce09d6bef003c923b2269c6f3cc1f6b8cc015d1b687b88bb5e80e2dac5fb,2026-09-19T07:31:53.708187+09:00,2026-09-19T07:31:54.518933+09:00,21
lorazepam,alpha2,2026091903,5,2026091903:5,success,5,ce6b257ab5f4ac9d0590369fec447dd8b3ddf863619075c9a1304a64ab37893d,1f37cb060689660a3033ffa7789fdc4575b0dcf0002c1a4b80bd1b45a5471f66,a44abf8597eb18f5cc5814f0451c42b41c08a2ea7238d555a455ea5f1e7e8349,2026-09-19T07:31:54.545499+09:00,2026-09-19T07:31:55.217710+09:00,21
lorazepam,alpha2,2026091903,6,2026091903:6,success,4,93c7ed5b884f2c4c9fb5291f3fd6220e9e0a104d9c86ce73a864869e02dced8b,b4ab5ae530c32408d80b2e4676c7ec70f6270b0972b1859dca8a734a889428c8,7b740a45d7f997f785d5b469f7781e8ca3105915b77da79ae732417a367aff95,2026-09-19T07:31:55.250526+09:00,2026-09-19T07:31:56.056315+09:00,21
lorazepam,alpha2,2026091903,7,2026091903:7,success,2,0065f655efec9ae04de54b29752525ee9ff613c431c013d1e7e6c64e759adb00,fc044d2b68c6d1e2188914d63b606c39aa709d710def94e22426f3ea61b40356,b2f385d12971624720804e6ed736e1481d642289efed11f91dfbf8a0f1b20559,2026-09-19T07:31:56.085719+09:00,2026-09-19T07:31:56.796992+09:00,21
lorazepam,alpha2,2026091903,8,2026091903:8,success,6,26a12f72a0a9e15d73d775c0d91650f4a6814cc294389ad572ee26cf1ddf193b,791ba721c941c649c55cbc7cdafaa0b4a58537902974105b60b2c78517343071,637d8a67b1b078b91f856fcbd7fff8d4e460423a724991827677030ac4f4b4e0,2026-09-19T07:31:56.821391+09:00,2026-09-19T07:31:57.473494+09:00,21
lorazepam,alpha2,2026091903,9,2026091903:9,success,4,d5923f29c135f367ffc5db401ffe5d7ce52ae991fbe638904f74cf05151899cf,fb2003262b90e78a7071616a04062f0a62e3df5222ad995ee8f34a12f3330506,ad76f1b0e1b96680a5ea9ed884f458cb05a2352e440c7ab198546f4c0da52860,2026-09-19T07:31:57.503910+09:00,2026-09-19T07:31:58.279030+09:00,21
lorazepam,alpha2,2026091904,1,2026091904:1,success,3,e55a99a8bb05732d9bd2405ee140b8ba7b37a684c9e4f78d91c2db8d5fa8443e,dbf21cba15f2de4235f38f0285092ca6b09e160b12a402d807d3be5cad2c75d9,23be54ea91d5b59fa49c0b4da38ec6e86744a14e3309dd405f869d439ec19023,2026-09-19T07:31:52.590099+09:00,2026-09-19T07:31:53.356773+09:00,21
lorazepam,alpha2,2026091904,2,2026091904:2,success,3,e6cc2a359cee17bcdee417f608265b6e565a5b16c7ac12746868f3f7add2847c,c61f93e3492b0fb6ddcee1f6c7b5a20ce7d9d97afad4dc324baeea2ce0db5c6a,1e92f5af6d3251ab5cab38f458f389b3189b929de659d9975cf710faad27c85f,2026-09-19T07:31:53.384074+09:00,2026-09-19T07:31:54.028175+09:00,21
lorazepam,alpha2,2026091904,3,2026091904:3,success,4,88d36b9c914f0a4e07025c6d275811a525d8cd5309cf34a361a65c2901919fb5,152878ceb37ec955a4da1deea06e4956951e2b003b61568bc5610e2951176a2c,57a58601fca1273e8dea8294bd623bcde6741731ceeb62b2479b937c5435cdb0,2026-09-19T07:31:54.054956+09:00,2026-09-19T07:31:54.744705+09:00,21
lorazepam,alpha2,2026091904,4,2026091904:4,success,5,20deeb8b17a3e39ce3641ddadab33f899763c5fb9b8705ccc0e329a638674e08,d8c4bcc72435e696e9edf2378fa3775a16ab035190e86125978f2ea0a665e054,1d65599f6ba458be5c105df55cb72003ca2b44113ab896162f0afc9ef233792f,2026-09-19T07:31:54.772274+09:00,2026-09-19T07:31:55.507967+09:00,21
lorazepam,alpha2,2026091904,5,2026091904:5,success,4,383508d252f1bd8641a91d212bb720afed2e8177ea0a894fecf61328a05a1b61,702b14b4d3e2939e477964f77e57703a4f3c39d406954794b24972b2e4a9db41,59605b06ca1779240e081229711a87e6e452ba13a0a8edb49fa66ad843f87abb,2026-09-19T07:31:55.538321+09:00,2026-09-19T07:31:56.191316+09:00,21
lorazepam,alpha2,2026091904,6,2026091904:6,success,2,99061506df7c51d37cdee98b57c1cbcb6c11191355bba6d7d5dec960a8efa097,d7dcdcc040d2592d5fb78c6d84fdaec3b8279606f96850a2b5779658985bdb3a,87a4475460277e8b5c5744caa23128cb5d1b3bc95d3b76bf63dcedfb9e4e5a93,2026-09-19T07:31:56.220853+09:00,2026-09-19T07:31:56.968216+09:00,21
lorazepam,alpha2,2026091904,7,2026091904:7,success,4,9e8e6c1740987c2add38e05537928424163d45963adbcaa038fd97be7b397202,bf8328e3b54d1479cf6bd18950e31b9fc597e7888a15c10deb51f7a5c30c789f,d5e6bd105308f2c2db478a1e3bd37a5f5860f584c4acc39e46c4ede3cd0caa69,2026-09-19T07:31:56.989090+09:00,2026-09-19T07:31:57.656340+09:00,21
lorazepam,alpha2,2026091904,8,2026091904:8,success,4,ae0e6ed272a0869e5be69e378a27a3a1f0254506ecbcda84ad0b1064ac595b2a,f127c7db8b1e1efbfa30d211c49cf52b540448a974609ba843be90ef4f814cdd,aa2620aa1af12cf82deaa0e19091ed504b7e459e081809c5908ba2a4905dab5c,2026-09-19T07:31:57.686012+09:00,2026-09-19T07:31:58.350129+09:00,21
lorazepam,alpha2,2026091904,9,2026091904:9,success,3,ebdf96b5d3727a915f1bb0ca22f962a28340183592a2531a4eab972bf1a3fb59,e6b7b8b4934a4852b7736ab1e2ffa48a678bc82aad024c9511621905c773b880,0bb9411dc8b565c257239c1bbc6ca79c963ee6ad1591aaee4100c508679397c4,2026-09-19T07:31:58.377002+09:00,2026-09-19T07:31:59.133569+09:00,21
lorazepam,alpha2,2026091905,1,2026091905:1,success,3,19d635e059e80a3a5290029d62bac8c191be2b5c7670ed03fba9f17dd2041326,bea8d08fba54a87a0fa72167a6018072eeecaf4ab945efad31fdcd035f5c3bad,e19042784f4071beb58518fcaf3121b5951910a9ce5c1a05c27d82467bf6afb2,2026-09-19T07:31:59.498395+09:00,2026-09-19T07:32:00.214071+09:00,21
lorazepam,alpha2,2026091905,2,2026091905:2,success,3,ecc02ac43516dbe1b11c32a74f3e2a2e2b78082d499b3b61ae06b498aff42fea,68fa41d4580909bbe0d14a5502649e0829f4ef52425a5df3c78df2bdd204ae1f,5cfc31e548d23cd457ba7a26905011092cd8d883e3adc0fa06df11fd16b74eef,2026-09-19T07:32:00.238740+09:00,2026-09-19T07:32:00.937407+09:00,21
lorazepam,alpha2,2026091905,3,2026091905:3,success,5,5f185078d7361c1ad6bdd715d9c7c83f7d817cb68f90beeece2db61d90386096,83370dc2f90b2e209d95ebe21204da10c29325af77e7815450fe7f21d9a7bf19,118e6600094538c5aefaded004494b9a6af4fb7b5a7a91845d242fac75d4476b,2026-09-19T07:32:00.968850+09:00,2026-09-19T07:32:01.611595+09:00,21
lorazepam,alpha2,2026091905,4,2026091905:4,success,5,fd5b01c0d9bfd9206035880e5727ea3f6f6a9ea869b8d0907c41e4a09dbb75f0,a04593f71822753ca1554ecf5a3f15a4c064dfba6bd556648ea12100269b6184,93c0a791deee4209bc0c3f4985f2f25a4affa3b40f6903ebaff50246c493aaaf,2026-09-19T07:32:01.639246+09:00,2026-09-19T07:32:02.403875+09:00,21
lorazepam,alpha2,2026091905,5,2026091905:5,success,5,b406ae1d9f619ab646262d686ac53d538d8fee8f40e46bfd6a2145784d65c2d3,65b9a1f2532a704da4df0eba1d6cd589fce9a7b3227d400acaa96dfe7b0c6b69,a564303283399a7129ea9b62655598c93eddd3d7d15337e784a88eb0e6d044a5,2026-09-19T07:32:02.432128+09:00,2026-09-19T07:32:03.129064+09:00,21
lorazepam,alpha2,2026091905,6,2026091905:6,success,3,f0d65cb148cd39a369a2d139a773c553e406e95400d12479dafeeaefab46243f,992922b0c10b9972384a8352e54b758c140e3231b2e73389e675f3fa82d83c95,89ed8002d3c21dbd1471fbdce384e5c0dbe80770a05ae33662449a011c1f1b66,2026-09-19T07:32:03.158599+09:00,2026-09-19T07:32:03.905713+09:00,21
lorazepam,alpha2,2026091905,7,2026091905:7,success,5,6a3939f0ef1274a6896bf962e8a9f1ba79db009f02eef48febc37509c208cc0b,0e67a9188b41a71a9ffcd9539c135d2d545ebf3b33caab2d807f4e8cdc7ff584,ed211732412ad799f80c59d4e01e1351789d9588d6aa55a516027d0795a35a29,2026-09-19T07:32:03.934227+09:00,2026-09-19T07:32:04.605440+09:00,21
lorazepam,alpha2,2026091905,8,2026091905:8,success,3,9498262e9ee4c13d19ab7f5f29d91e6ec1b4b4b6f4df61ace8737e4b1ad73ec1,99d327aaf66f6cdf17607b9d335bdabf395d9387c096cdbd01bdba749160e499,4d551a1a0c58e908e0ebfb3357343e18352875b32aeb430d67dbf7ec58437a15,2026-09-19T07:32:04.635793+09:00,2026-09-19T07:32:05.348699+09:00,21
lorazepam,alpha2,2026091905,9,2026091905:9,success,6,3c97f4dbe7b980776159b383541837af6c5d5e0f32038a65b71eea910b2cd342,2ce74f739cc9c703dd5023b6dc82d0d28f6cd0300de163848decf5558dd5ba1a,6a184a9c0ba84981e8860f579371a257dcd36129158f551602a09571ce26741b,2026-09-19T07:32:05.379673+09:00,2026-09-19T07:32:06.126993+09:00,21
clonazepam,alpha1,2026091901,1,2026091901:1,success,8,8e2091c1e9977cd71e2b80f39115226267fe3fc4654b4e0b6941f5c0f048edd2,3b8bd5ccab127028ab12047eb8b02a5786211808c789a31f73ff6af725f97eaa,b0c9760a6d2a440691ac03739ec078d3adb3222a6d418806108a6fe08c34498a,2026-09-19T07:32:01.232920+09:00,2026-09-19T07:32:02.980827+09:00,22
clonazepam,alpha1,2026091901,2,2026091901:2,success,6,d55ea62a252a30e7d6a03c02119c93206adf7158f84e42de6efde8081896166e,26b3a5b6f6c94bf5e2b95ed2b4ec882056274cae17f5bbcca1a5db892298a2e8,9edc0874056a0b907736a9582f685553648d428bea158925e886388875c9bbb5,2026-09-19T07:32:03.035902+09:00,2026-09-19T07:32:04.749411+09:00,22
clonazepam,alpha1,2026091901,3,2026091901:3,success,7,67d36a077e76979c7fa3fc290b01768a166528be2e992cb8eb967bb22ce13262,4b84f6439c20f1043cd289df2e85b12a73345d2a862d4ea0db2e90c8dbdaf03e,7fdba2d67b0bbbd25de3376882289b51b63cc1da17e09bf49a88d70b5fd2142d,2026-09-19T07:32:04.800934+09:00,2026-09-19T07:32:06.479860+09:00,22
clonazepam,alpha1,2026091901,4,2026091901:4,success,7,9840b2d4c7f93f7e94ba0cf8b670acda7da65ef6b77816f20b8cdcc014a1f7e4,fd26bd695bf7b96d8b8e03ba06cb1045c3cf7ffb0feea50707ce93e818d3586a,2083811b432e8bd3354fdef5b55128b19eeb87291ee90eb535d5d6d0807f41b5,2026-09-19T07:32:06.529973+09:00,2026-09-19T07:32:08.368882+09:00,22
clonazepam,alpha1,2026091901,5,2026091901:5,success,5,83f6a797d43bf0d0c3b1bf2655d6cb40eafa5ecb05a64883a6f259c948141b45,35f5819cae8b7e9a8abe8c754ebf6929ff438cf17c0107f4837235b7c38aabca,2369608758505403ed99e71caf0f66af7ac6b6b980ca6f584cc2bac51c3e9851,2026-09-19T07:32:08.419713+09:00,2026-09-19T07:32:10.245581+09:00,22
clonazepam,alpha1,2026091901,6,2026091901:6,success,9,7d4cebfd20700832e0ffbd011ec26b9a2dee9cb473c2c785e1bbb7e20ce24ea3,d2c7d7c347204413ce640470b4c2d70cc33c4223a90edebd61768ae4650de0f0,8f507d4f5df08c99ae60c7876ce58bc4a19ea37f5ff074e1049fef87a5d9b684,2026-09-19T07:32:10.291054+09:00,2026-09-19T07:32:12.097025+09:00,22
clonazepam,alpha1,2026091901,7,2026091901:7,success,4,51b4d434548178c9caf3e7f48ffcf46b4991423eb3754a5fc1291ce4264ec789,badd0e5361ce099da9f81e825a28fc22648a2351a73c27d5d2c327b4d9ca559e,3f26d922779df196ff37703ee6dc1475c7b2f8b885528e11124cb25fa1089fcd,2026-09-19T07:32:12.145470+09:00,2026-09-19T07:32:13.891636+09:00,22
clonazepam,alpha1,2026091901,8,2026091901:8,success,6,37b294dc0b1e2351ba7621eadac2480a1e5531d79b4c51606b1511a8967053ab,56d5c94c20103322747239f56d0c0685873f4c7c33fe46acfe6f210be50c5f84,824e62d1376163ad62c6f03f581a6a862d7291396c06339a1dc38b47b923fe00,2026-09-19T07:32:13.944355+09:00,2026-09-19T07:32:15.647732+09:00,22
clonazepam,alpha1,2026091901,9,2026091901:9,success,2,9f7f306290b00306e423eaf8059538a7f326b321fd0a1867a65cb8e84983d11b,8f67ff7d49615fd0180b9adcb171cd5e44ac4beb8c2c82bc20b74a49f3661dac,478ccc1dd6b9cff6c03b231cab03eed028df20ba16e0568f1ecd4bda9551e746,2026-09-19T07:32:15.695129+09:00,2026-09-19T07:32:17.641502+09:00,22
clonazepam,alpha1,2026091902,1,2026091902:1,success,8,df487454856c45d93ed741872a3ac16f8479eee92d1eb595ba5dfdbb0a09ea7f,a31efa9f1f16aa31deedeb69086de838759b3b758bdb03fa95584718fb71604b,c68ea455067588a25307c8242701a5434617a6e8fafe1578818260324003911d,2026-09-19T07:32:04.873999+09:00,2026-09-19T07:32:06.613926+09:00,22
clonazepam,alpha1,2026091902,2,2026091902:2,success,6,61d34f1b51ce16e50f0d2410345e3f7e67abd2dacd409dfc42426b8aeea6c029,a836fdc4d6ae5c9e5dc1e926bf3da7778eb9d3ecf056b252189af4bf96b03e4f,203821866e21924c4aa9b47a5183a006b315a144d9dbefecbe49cb931c9a0972,2026-09-19T07:32:06.659524+09:00,2026-09-19T07:32:08.424449+09:00,22
clonazepam,alpha1,2026091902,3,2026091902:3,success,7,c7077d76f797a8708b44fb46fc14eb4894fd211f71f9bbb6bbbcb5ad969f7b54,914f68a825bcfa9a1d150f14a9f7c9468825dcb06fa9d602c69bf251197f49ba,396314d4aa913e3e92ad27adefc2d7cdcf18c3216f3b594d4df1141bc8e0a43d,2026-09-19T07:32:08.472457+09:00,2026-09-19T07:32:10.224873+09:00,22
clonazepam,alpha1,2026091902,4,2026091902:4,success,4,c473e03163d1db7e0ad2825f8e1253351c5e43fb203b7d50d86fbadd4b4212a1,4ba9731e5f21610e5e009c52affa978368824034ea5e47c05743c6ee1c87471c,ece9be4deb1139aa6843f4f84ebb1024d91968445a3cf964f7d3e7ff3a917f5b,2026-09-19T07:32:10.271212+09:00,2026-09-19T07:32:12.114040+09:00,22
clonazepam,alpha1,2026091902,5,2026091902:5,success,4,3704047669833ecc806c0e9a268ce6d3fc48b352e7f63f40148b3732f4008c1b,f5633d8cefd5b348d1fa3755119ddb9ecd4d6debc8c0f9073d2b3be9dcdab9ed,bc6135a144cd530592632590967e6e80b56085a822b4797460fbe4cf011056a1,2026-09-19T07:32:12.166079+09:00,2026-09-19T07:32:14.009708+09:00,22
clonazepam,alpha1,2026091902,6,2026091902:6,success,6,f4dfc2cbf0b846cf2c3641010d6112283bf7287552a6e6685e6e7d45ed5e8082,79899c8cc751b86fc0a9844a29f3a7b21e6b53b681be24ad510d16dafda576dc,1a6eb17faae215bac56ce7bc421f5400b7c31c935295dff7da401eff541a6fc8,2026-09-19T07:32:14.061121+09:00,2026-09-19T07:32:15.902351+09:00,22
clonazepam,alpha1,2026091902,7,2026091902:7,success,6,e01c27a93b2037af2000d84835673d06afe05b82acc0e5a6de584bf7d267bee2,a957403ad08bde5a2c67767be7461601e7038d3235145149098a4dcb5c01f6b2,a22bc1eb555e5f52934c1532583aa8eda5e044258d3690e68e7fd0b1f8db9b04,2026-09-19T07:32:15.950159+09:00,2026-09-19T07:32:17.839699+09:00,22
clonazepam,alpha1,2026091902,8,2026091902:8,success,3,cd4d84d205306d207a1ccb3944546175828c9e3ba0ab7999ed98d46968b4335b,2e32ce1321153f8e9b04d3c2ec84866409b5f8143190c0c049eb3fbe7b9bf66e,a5a95acc638c59b29f6d6641678983559ec08e484db0e7951aaa5ece155b8bb1,2026-09-19T07:32:17.891479+09:00,2026-09-19T07:32:19.738024+09:00,22
clonazepam,alpha1,2026091902,9,2026091902:9,success,1,731bf732fc53619aebf65e8f2f1044081470a09b08ec53bdf9cbc397ae0cf454,c0cb5498326e788d2ecaf4edc73aac155e9ee31c7f0f7cd7f149648da20a2a9e,d0e97c62d36e775edee90f587e8a03f3737190f319412d521cc0e1107c880815,2026-09-19T07:32:19.791378+09:00,2026-09-19T07:32:21.690661+09:00,22
clonazepam,alpha1,2026091903,1,2026091903:1,success,8,91ac42d5eaa550809322e4fa01c58a7145e81492210fe56c4fca3e6976c2d74a,b21eaed382c081dd7caa9d3a92189b027d2d6ce645d4b7170c966001ac93b471,d4de1fe5a2b0d73ffb74eea0fb7faafedb03a275447f5d929eb995023b972ccd,2026-09-19T07:32:05.724787+09:00,2026-09-19T07:32:07.433482+09:00,22
clonazepam,alpha1,2026091903,2,2026091903:2,success,6,a859ef2b04c7bb37491a39ea4df3b3d54245590bad39d8e02f9630b9fe624478,4a3f300d62698815306a91aedc6b618943ba1082d8d0b3c58f8218acbe797317,c2a19e328ab3d2fd98774795067cf5a5ada19af762decd41d8b338eb15d774ec,2026-09-19T07:32:07.479028+09:00,2026-09-19T07:32:09.267931+09:00,22
clonazepam,alpha1,2026091903,3,2026091903:3,success,6,8fa9f2970900cc0f3fd8e0ef0e9882d6ce8bb19a97d1b96225bff2c18dfddb6f,f7bcf8c03b691aa901c193e1e9e29e729e6ff488161b6b65296b5ae9e6f20abb,9bd0b35bcfd1fd1785c421dd3483706463fe405a9fad55073ba1f39144c5fc04,2026-09-19T07:32:09.316388+09:00,2026-09-19T07:32:10.947376+09:00,22
clonazepam,alpha1,2026091903,4,2026091903:4,success,10,b024d088fcf329c529c60ba63b01c832470da1fb1bbc2c3066d20e5acec3c913,11881ecdf44d29f75f828a645f364aa003c8063653a0f0c7e10f82ed3bd25f0f,240a8299fcb578bd6774c997886acc79aa3eb6540047acd67babeb3e0015e38c,2026-09-19T07:32:10.996249+09:00,2026-09-19T07:32:12.807121+09:00,22
clonazepam,alpha1,2026091903,5,2026091903:5,success,4,cd9d28dab6641ed2f3e3dc9bb9cebd3638f822affc0a83f4df85dc318d702c6b,9ac27d1821b73f6a1b4296c1452e2f9918042db2b72e9dc41e23fb74b947959b,f8ae4297d1adadadfd780964599d26eb42a416cd9a7aa853099eae53eae116bb,2026-09-19T07:32:12.858581+09:00,2026-09-19T07:32:14.640981+09:00,22
clonazepam,alpha1,2026091903,6,2026091903:6,success,5,e9a97bb0b5d99e0e0a7dafa4eeecf3ee307771babaa6ccc9ccc00546df700a6f,ae69eae504cf5c6e5a4838e8590f17c9684a4578e5fc5aeb0669f47a8d1aa371,ec13f28e8ec2ff46c21373351783adf45930208c87e65842f50ded3cdfc69a17,2026-09-19T07:32:14.692636+09:00,2026-09-19T07:32:16.516962+09:00,22
clonazepam,alpha1,2026091903,7,2026091903:7,success,2,9fcdf71283c96f89b9a45aadae3d20fa4192b13f9455257711b7156a74406cce,2be0410e1cf37a427564b962dca95b17c6c6961b04b0475d8ae70ba57f8a7fb7,2ec33fe0ab370534c9c8ed271babe7babc5c94b158a4a33d048f0560a4dca8eb,2026-09-19T07:32:16.564694+09:00,2026-09-19T07:32:18.512199+09:00,22
clonazepam,alpha1,2026091903,8,2026091903:8,success,2,d8ebb715b72439c2ffeb5a1392f6cb08008a1c1747546e25be6b55eed3c0c1de,70a7e0f23ce9553c70f3dde4d862360f275556660921245df4eed1fef17ea773,f3d65dd28ec0e5aae92fba494a2fe363d6e2330d097d13d9ece01204dbd8bc40,2026-09-19T07:32:18.562879+09:00,2026-09-19T07:32:20.412644+09:00,22
clonazepam,alpha1,2026091903,9,2026091903:9,success,4,9d1de487a7e888d300f4e46dd915a9f3dad801c8f1c7e4252bfe6a39f1b8dfa1,1995ec22241efb6a4224cba97b7b3f325036aa63f01880725d0655b30099c6f7,c0c3191f0e8f97b30ab89efdb5ecc803519dd58f9da20ab08740f9a3020e956e,2026-09-19T07:32:20.463606+09:00,2026-09-19T07:32:22.516200+09:00,22
clonazepam,alpha1,2026091904,1,2026091904:1,success,8,4bd6ed46962ddc6048de1a58c6a64a6139b99f4e92020070c380e0704daa6fc3,59f043e54079ba6d09f69dbb02bbfa39979e33a584435b938bb0d0178dac53f8,598c2dff671a47db26c060f68b70b204cdc662096ace62c811ace5bdfafd04d3,2026-09-19T07:32:12.813110+09:00,2026-09-19T07:32:14.596169+09:00,22
clonazepam,alpha1,2026091904,2,2026091904:2,success,7,267e0d32d5ca7ae40b5c8aba6052a1b6cef3068930dd20ac793cc1d7d53bc9a4,533b5be40e58b293a944bfc9284689abd526356353624e5a31123e0dc81b1c80,4343eb15eb822a2cd4329effabe930f12d411a4b417e72be739046d9ca2d85d5,2026-09-19T07:32:14.654610+09:00,2026-09-19T07:32:16.383974+09:00,22
clonazepam,alpha1,2026091904,3,2026091904:3,success,4,dabc12f2d27a8f671aa3cde286b12d2ec290c893377c99204a46c432211fd0ee,319c236913dbc8661f6e3c69fc3b581d0b60c49e665c0a675a907d04ba3c9f2c,4701f9e19133ac97067369d858364ae23fa0d09086a7d34c633495a1e1fb3670,2026-09-19T07:32:16.443543+09:00,2026-09-19T07:32:18.337597+09:00,22
clonazepam,alpha1,2026091904,4,2026091904:4,success,2,34b72a78b06fcbf992917d614ca8748cb84c8fc9b449c0ec9697f1b3645317a3,81b915d68cc5b153685ad84f7804060f9410f3ebf730d83d91f40c50cae202d6,ddbba69b3a24d03f25b3bb925dcd8cee77a34ded36eae7dec6db37974e254ead,2026-09-19T07:32:18.387475+09:00,2026-09-19T07:32:20.177537+09:00,22
clonazepam,alpha1,2026091904,5,2026091904:5,success,5,88120b1d9651ccb116acd14a75e6846e597b491a116c9ef16eea71bb7405bf06,1de97f9421cbdd4c11b4d0712222f6f13a9f0045f6e6ef376c843384392392e2,855eba0c5f6a5e4c8cecbc35a574e93a8f715fa177541063a01be67bdbe3ab45,2026-09-19T07:32:20.218146+09:00,2026-09-19T07:32:22.199124+09:00,22
clonazepam,alpha1,2026091904,6,2026091904:6,success,6,a4db74542087fc2949f3cb504a6995d7b670ce2c63f551f83fbac3126f5f7ada,ac1388eaf63833006d81044a9a7118a70f9e893ad1f0cd6d3f8c9032391bd006,6aad8bad55cb956976ff2a77e896347d83ceb294bd3d6d10661273dcdb1aeb6a,2026-09-19T07:32:22.249280+09:00,2026-09-19T07:32:24.247678+09:00,22
clonazepam,alpha1,2026091904,7,2026091904:7,success,2,37e57c1db14be99b019cb55cb4bbbe835170a6c7d9ee3850a91e8495ee69cabf,d128cf25db343c21798d3f7fc1f5c463f96f378d5bf686f39117f84649615323,9c2ff433bf5f0629d42b32b857fb0c65745e600c5276fbecb795850b0ba95a92,2026-09-19T07:32:24.296445+09:00,2026-09-19T07:32:26.062281+09:00,22
clonazepam,alpha1,2026091904,8,2026091904:8,success,1,da31992165a10b6c0f8b1150c628596c46d3992aeef9ee4a1e26bee86814896e,009b086aa912424623669e29dd0c985445171ad1f647f46d573a4c81406370de,cb5a02ee3d0ed8c1bd0789109744890a1b582a5d8e4e240a7c693b54e7564b66,2026-09-19T07:32:26.115506+09:00,2026-09-19T07:32:27.923687+09:00,22
clonazepam,alpha1,2026091904,9,2026091904:9,success,5,4584af0acf3a728646a416b8948d234e7724b6963f311cfb928ba4ade91b7972,92fc1f747034f0714de16fcd3dbf27af0f31851059d6006c3e0dbed92d6f6253,e35c2208b2346343e3d0e67ab544a213855888cffc2d8b7794c4cbbb00c8965d,2026-09-19T07:32:27.974890+09:00,2026-09-19T07:32:29.720216+09:00,22
clonazepam,alpha1,2026091905,1,2026091905:1,success,8,3625482e337ae5e1daa88137ed6e02f4a663c51a914ed62f234694fa9533e329,7a34e70c92e5327e62779f3532b922fdb26b1ae07a39c8f30df67959d0bf8e87,30776aec466083b83a2a08d5e0b60181caed9a5b8b6069597605e96839d87ab6,2026-09-19T07:32:24.958271+09:00,2026-09-19T07:32:26.752590+09:00,22
clonazepam,alpha1,2026091905,2,2026091905:2,success,7,8f7821b5e7655652d6c9a5b07c97134fdbd4c4fcddd68387fb1379b046be737e,cfe48d92da34ef43d57aa9260d2e1a4c1024fc60c327fd5e36c7351d7eb3a551,2d6f6219a4a586b0fe2d3db8343a8d684fdf8b4a9b2ca3c2d43fd3609254ef49,2026-09-19T07:32:26.802353+09:00,2026-09-19T07:32:28.621864+09:00,22
clonazepam,alpha1,2026091905,3,2026091905:3,success,7,135c774fdf406b536b8e9fcbf30ac7773e0df7b2005390e3ef1aadebfc95e4ef,26ebf4020b10667e5e27a698762910bfd4366124b1227b7535910a98fb45f71b,5c6cfd47eea50cdab400c588fa41005dea274798908efdd872013fe6a271ac6a,2026-09-19T07:32:28.670674+09:00,2026-09-19T07:32:30.433710+09:00,22
clonazepam,alpha1,2026091905,4,2026091905:4,success,4,9545707f51acd033cfadfdf9bf0595c8d894318d2d6bb4c0a66777d70ea97591,f671fe8ed3e91a6fbd93b85d4860beace1c42128cca1eb84944f29e84aad0df9,547051b7e228606dcbb2765f4f09862f98385fc6a5fd87a33f705fb00e04454f,2026-09-19T07:32:30.485560+09:00,2026-09-19T07:32:32.373238+09:00,22
clonazepam,alpha1,2026091905,5,2026091905:5,success,3,13a8e79b83663bf6b2e3e0da8f6607a3d8945727f7d543fb2e1e9060f210cd48,fc68b47d3ab9e05b5e3b958c92447fd3fa15cf20b79db9893eec9eb5a58eeca9,2ac16353a9123d3337ef26bb86eb2c6974d68573073f326f44505ed38f2961cc,2026-09-19T07:32:32.422646+09:00,2026-09-19T07:32:34.214557+09:00,22
clonazepam,alpha1,2026091905,6,2026091905:6,success,2,d88b228cc202963c2c1e8a2cf62259ad1c0b047bd0c9c0b8f92d40611e327059,5d6093cadcc08a5e8af2e8a084f54030ee44faafcf56b26c1bb90e038eb0e171,dc0e3a24cd36cc3483b3d08bd062a193f35543de5f3637de490e06aa67b4e3b8,2026-09-19T07:32:34.267168+09:00,2026-09-19T07:32:36.122552+09:00,22
clonazepam,alpha1,2026091905,7,2026091905:7,success,2,2fbfc739f445f1bad4aab150abdcf2d5f14f5bd02566d8ca700852acea84f35e,37b34ec3b3231368ea587a48656e9195aa2397dbeb9217937557ed0a53b84df1,cfc6ef7bd0b3fa4de22abfb4aa3427b0f76ad95001a51f39eb3804ea5adcc2f1,2026-09-19T07:32:36.170269+09:00,2026-09-19T07:32:37.801126+09:00,22
clonazepam,alpha1,2026091905,8,2026091905:8,success,6,54956578f2003638a3ab7fb63d73501c6f09e8af4fcc2427bf58f0c24ecb0261,a4cc1fb78858bef5db5f582ab6515147039cdf7a51ee5162c8f139999b00a2d4,308514ea8b626d6fb1dd238f1432d9eebd95aca3e6cd7748296152bf7d13e488,2026-09-19T07:32:37.844629+09:00,2026-09-19T07:32:39.674908+09:00,22
clonazepam,alpha1,2026091905,9,2026091905:9,success,1,272fa679ca54b5158dfcd1817ee76fbab11624075f53c10d41ea5fff9618f9b9,bc48b7d0630f0f78101d237b717f6ae3afc26d169fb442be30ad1d54b19ecc4c,e5b2a1a5156d69202f482ea0f21a4b7127495952f15883cb8e9dd9511d5681af,2026-09-19T07:32:39.731616+09:00,2026-09-19T07:32:41.445041+09:00,22
clonazepam,alpha2,2026091901,1,2026091901:1,success,3,5f8ebe61c21eb3fbe65fd14abfee7b1e5d91f6862f147270d738b3ca4ef68678,8f353f2d4d4acad0b3937cfbf0a3d561b05ecd82ebfb12e82e796679453f5450,76dbdff0c0a33fc0b43e443bd3a22f2c7fe3e9be28e7255a5c25ead49d641466,2026-09-19T07:32:28.837505+09:00,2026-09-19T07:32:29.581684+09:00,22
clonazepam,alpha2,2026091901,2,2026091901:2,success,5,710895e0650f4acbe59f2dfc8a0cfdddb64237fd825c603785500d405526a2e0,fbbe5d72102f23e9fe2b159b0a192b5a23c3aeca5bd401b66f5ede23957ae8f4,63b4b635e914a47b6dda30dd0c0231f1071d0fef393573a6e81fd38264882ff2,2026-09-19T07:32:29.610753+09:00,2026-09-19T07:32:30.339205+09:00,22
clonazepam,alpha2,2026091901,3,2026091901:3,success,3,6ca1814b42babf41f7a39b86bb4f964aaccc15cfefd7b0137e6b65fc3ed38e8d,f92f6f569a1873a8b1fe755a913478602911ed8cd25ce7ca68999d195bdde2e4,60840f2107156033f0b24c716bbc1ec777adad4f259b26916b0ab44ef6212328,2026-09-19T07:32:30.364146+09:00,2026-09-19T07:32:31.096683+09:00,22
clonazepam,alpha2,2026091901,4,2026091901:4,success,7,f93b0b2601dd56b568be057165ec944e2556ac1d46b216a3028e6e1c1c92d04e,69569a05d07f4396330270c4a5b780a77b6f62d26cad134aba94b3bb964a8007,a16b1909e728e268e3012786a6be5a9a75eac74916e99ee0d339533583d3ab53,2026-09-19T07:32:31.122898+09:00,2026-09-19T07:32:31.879608+09:00,22
clonazepam,alpha2,2026091901,5,2026091901:5,success,3,a160a414ac3ba98ed3117046da98bda67c27e49b4fa8480b379368c5dac76c55,f15412f144c3b8202f853c827d5b8157d06259fd73ee66479f3b69d93d7e433b,0c8257c75f4188ea1d4d6e6740bd2f3876893cf2d9e58f4873aa616c7df2d126,2026-09-19T07:32:31.904908+09:00,2026-09-19T07:32:32.600414+09:00,22
clonazepam,alpha2,2026091901,6,2026091901:6,success,4,62d9e66ce1417d60626fdaf312bd642ae8838c12af82886ccea61f998346def5,a62c79cf6ba4a858d1b163fbbdf0c02c44752ed5a5dd91777e99fa45a785ba2e,9b3f50f5334750c3c61a8ba7880d59ef98519dd2645736363a2497111f9a6712,2026-09-19T07:32:32.631059+09:00,2026-09-19T07:32:33.423933+09:00,22
clonazepam,alpha2,2026091901,7,2026091901:7,success,2,1455626326b33d62ed103f521fb32d2a73c4330de87e1a0e1adc7dad87d51888,ed9e9741e8a709e781cef69e35f848fdb1c6e121ba831d4499c6246484315f7d,4db9c050c979badafcf3e0ffdd5b768d873fd803adb32aeb41bb797bc006e1dc,2026-09-19T07:32:33.452792+09:00,2026-09-19T07:32:34.182533+09:00,22
clonazepam,alpha2,2026091901,8,2026091901:8,success,2,ef5edaefe574d827805c092e5e347ec3c01a927402ab14370a0d733943873d88,45cf26d9fd2791226719b82eecb9767e83de0199ca5ac0b2df9403245b91864b,f0aade5af5edb692af52a92ad6e42d4aa246b739c03a79a302b4808b1ac3dd9d,2026-09-19T07:32:34.209106+09:00,2026-09-19T07:32:34.940559+09:00,22
clonazepam,alpha2,2026091901,9,2026091901:9,success,3,3ec7b82c16eb4b8617c673ef43db4e43ede267aa88c3d36b517feca5658309fe,e5517216277b0d351173c96c2a6c0a1f4731b862e84737098934040c91094eec,8fe35f4ffbe4f46642e01869b72195d8b235e0694e9cc85e22f75b7e043b7669,2026-09-19T07:32:34.970560+09:00,2026-09-19T07:32:35.788888+09:00,22
clonazepam,alpha2,2026091902,1,2026091902:1,success,3,d566509359575a21d71cb2bb6c3fed81a002597a467d7667b186dc05a99a3fbb,67d6cadab1ed26ca527693f76d17ce72628c6cd1f104d94535a27027d2c4fc14,544b171b5d265702eea04931395ee515e2cb2ae4526ad1876b7ac4f7f9ffa204,2026-09-19T07:32:29.572867+09:00,2026-09-19T07:32:30.361945+09:00,22
clonazepam,alpha2,2026091902,2,2026091902:2,success,4,c8cf662eecb4a31eb2cf1247512ffebaa8d2cedc29a83de9782309270ad1798c,2b3e3c4849255d8aaf8b95d4f523c56b9a97ae67c5565d92970daef7b8a6d2af,691582c5a71ae19aa1e3b762ce86bd61ac86c60f98a4b729491563ecc3a765b6,2026-09-19T07:32:30.392182+09:00,2026-09-19T07:32:31.140991+09:00,22
clonazepam,alpha2,2026091902,3,2026091902:3,success,5,72e408d01cdd9474fde1f3bdf6c6e821ef959210b7b83c3ceec2d1c07f1baec7,8a85639345c6a86c6a491446b9272e9f58a4bba1412c35a96f698b0d8d6ed3fb,94f340bf22bf6c8c77bf52ddca48f04896c72b86995999255fd51283d512781f,2026-09-19T07:32:31.168519+09:00,2026-09-19T07:32:31.885030+09:00,22
clonazepam,alpha2,2026091902,4,2026091902:4,success,3,99f38d828bd0a8df5630388d8cb95d3e10a5175bee5b0312278340e2a25d34cb,cf7a62a2f3f58503823226cefa0c9b4e89cbae633430e586eab279d8fb26933c,eae74ac73a27285f48b3c27d71bb83f3c0d7a525b4f3d9dd4aecb89e493b86d8,2026-09-19T07:32:31.912502+09:00,2026-09-19T07:32:32.664434+09:00,22
clonazepam,alpha2,2026091902,5,2026091902:5,success,7,f943a46096bf0fc4fe5163c60faaf106e4abc27ca0c24cd86a3b123a71d076c6,358961a252401e0aac865b379e2963b0d153a52b9878f2fbafbd3d3a07bc1533,e049df1be9578c8379f26fa5a658ab797bf7e842296ed0d8362361f624820e13,2026-09-19T07:32:32.694026+09:00,2026-09-19T07:32:33.412498+09:00,22
clonazepam,alpha2,2026091902,6,2026091902:6,success,3,945b24d66d6d82d321a70414f88d54c87d360951067fd1c9db3aafbb95fc65df,0711432b53fb15ab33e964ba0c70a186b50ead19c6ac2a70f22c5ce7f9545124,78f36be9ab8c44f49872dae460f60c6a3fe1573446ab80ed560c3824fcc235cf,2026-09-19T07:32:33.448009+09:00,2026-09-19T07:32:34.207569+09:00,22
clonazepam,alpha2,2026091902,7,2026091902:7,success,2,5d77191c627bedb9fd6ccd4694abcf24d6bd500f77690fde799091f3ea3c001c,ea85d8d37ca752fac25f62b42399350dbb69ebca487c9eb52ddeb732f4352089,ab7f089b0d9e050dc5711e3c70a759160e10182d18d491bdd166d19d3ba5d3eb,2026-09-19T07:32:34.238129+09:00,2026-09-19T07:32:34.951152+09:00,22
clonazepam,alpha2,2026091902,8,2026091902:8,success,4,baf9d7e692e663d71933ea95a89b2e148d6feed1dd05a92460dcb41058625bb2,838c86183eb729cdd6797261a9ff0d4a33e23c320d41675168930bb6d50685b0,93406882f9dc6917a68d3fa9a6c4895f833374b2d05665eb716dc063870fe846,2026-09-19T07:32:34.979519+09:00,2026-09-19T07:32:35.662441+09:00,22
clonazepam,alpha2,2026091902,9,2026091902:9,success,4,7394b8a6e13eef1d576bf8916f979f32136bed5a1ff6316c62ac8e7deeee9ff4,6750ea9aba02682a00b4fdeeea033e0e4d7cd7b90624254b8e2916779b4296c2,a3682b2f6442bf8b05a0a70e348cac370b830df83955c444f4f2a090c3f22fb5,2026-09-19T07:32:35.684572+09:00,2026-09-19T07:32:36.481630+09:00,22
clonazepam,alpha2,2026091903,1,2026091903:1,success,3,cb15ec2e0854f94a6956200a330352bbc7ff32c5e8b056e2f2a00f15ff418479,be47ef31f0219d66379a77a85a6d7b603ab1ca924aed96a40874739329e462b7,39e903ea9e3974e694bf3145e2be559eef3be0c88282b4b7a95ff874976e4f44,2026-09-19T07:32:36.586044+09:00,2026-09-19T07:32:37.309247+09:00,22
clonazepam,alpha2,2026091903,2,2026091903:2,success,4,dc79a4d21198f1a6eb88f48248595a0573694604f6eee437ff4a970a131744b9,9182ef0c49371b63cd7cf1388e1ca82772f4c4d7ba588f4aa84d9345fbc634c7,7c435b83c8e45f7112d6a7cc514c273dc4aff4085d401541d200f685cadc2685,2026-09-19T07:32:37.337948+09:00,2026-09-19T07:32:38.066273+09:00,22
clonazepam,alpha2,2026091903,3,2026091903:3,success,6,e7c07ce97f16bf0145d977a0c83ffb028ad5e737d5f60e8f368ca73ee1d0124a,b3ae1a9974a82c0a4240b39b496825711ba550d38df8fbf1b41e68791e794c26,fe971c6eb76d9ea516b8ed0d78129cf95b79b088c15665b250a1f73e13baf8da,2026-09-19T07:32:38.095330+09:00,2026-09-19T07:32:38.842878+09:00,22
clonazepam,alpha2,2026091903,4,2026091903:4,success,5,5f3781533c96a52903ac1f8943bd2d173bb95312cdcf1e1dd170bd600b61f280,e5c307e7051d2220052129b1becac9aa670aa35228fb844431c4df49a2c9eec3,bd745be6c7f50ecbdb6240eee882c711af8b6568c66232ca0cb2eaf2e5dcf018,2026-09-19T07:32:38.870365+09:00,2026-09-19T07:32:39.658605+09:00,22
clonazepam,alpha2,2026091903,5,2026091903:5,success,3,8c13a1f02153905fb03f19e08017ca4b296a0f7f006b6908ec195f58b5094788,7243be85039bd1be58e8e349b210b1f35b603a19f9e19462f7b0f2c663c81aa0,f161d0c7687b1bd101df28ceb123e8997a1c4cd77ce59ba376d5e3ddb95c70df,2026-09-19T07:32:39.689571+09:00,2026-09-19T07:32:40.357507+09:00,22
clonazepam,alpha2,2026091903,6,2026091903:6,success,2,94b8c1a6277147c0b26ab4fc3f0a259825fc07cae76f29b9f7ad3384f660ab8f,86d8ed894482834d6dce19a13d9d51c68e7f3e3bb56758d89e6c4d9d32815621,af2b469045820c122cd80ca1e8a319b46a3bafebfe8103d00358807e0d65e62a,2026-09-19T07:32:40.387631+09:00,2026-09-19T07:32:41.187261+09:00,22
clonazepam,alpha2,2026091903,7,2026091903:7,success,2,020d9530a44a6e20c3fc04275fe43175eccb4699299ec074891d0b94f55c5f40,8b53bf61bbcc5906eac7f05104d409ff8db99da206d69126e53229ddce7ab361,10d665d1f79de4e7dd70fbfc65e9d8d4965861fc1188f84c08ddb8a9e033396e,2026-09-19T07:32:41.212751+09:00,2026-09-19T07:32:41.887303+09:00,22
clonazepam,alpha2,2026091903,8,2026091903:8,success,4,4e75f6f8e5624c2ddc36c5441ff8e93e09011136114b65dddfb29f74643cd7ae,804676fc4c252959de246e72ee5bac07c1dba8a12edeb057418e276f82d6a53c,7da1af3df143ce7231f3823b4ccce6aae83ba7d900b5dc96a9ea52aca6afc364,2026-09-19T07:32:41.912869+09:00,2026-09-19T07:32:42.608315+09:00,22
clonazepam,alpha2,2026091903,9,2026091903:9,success,3,f4e6e8be44d57a0a19d689b3d9e32f2c08097b466ace087f41fdb25eb0cf1f3c,cf9566aa92a438afeacdd1c0c50ce948edd74338e82ffc7cce2930cfd4c7b914,984f8422fac8bd4d4787a449fa3e2555cece2a3bf8e909071647c99018410065,2026-09-19T07:32:42.637614+09:00,2026-09-19T07:32:43.433785+09:00,22
clonazepam,alpha2,2026091904,1,2026091904:1,success,3,a2c73196ac91639c61eca4591eb49b96887ba8e596212bc23b7913a220efdb90,a2ad87fdf7f301ad1920f84e96c7040350abf124fde2c68d691d64a0cb31f441,75fa7899ab20660e4b3020d6528ff03fca421780437b0be055c91d03b77fe41a,2026-09-19T07:32:42.678650+09:00,2026-09-19T07:32:43.419701+09:00,22
clonazepam,alpha2,2026091904,2,2026091904:2,success,4,8ccd75b8146f97f3ad201368a610be0d4b350f0e06bf37067f2a9761f9a444b6,c440cbae55030e38ec7151aa066a5b0792b36b23b80d76c8528be36d7a3df2a4,6e940e175313bcdceb2ec92b3e5560cdc60748ca326bafec1da3ae7a0e7f5962,2026-09-19T07:32:43.447756+09:00,2026-09-19T07:32:44.151199+09:00,22
clonazepam,alpha2,2026091904,3,2026091904:3,success,5,f9f0eb0325a5e42d2c7838eb7188e2b2efb604b8fb77e7164a847462ecddead4,0560041dc308e9c2d5103d2a97b21ce72e1341deefe023beda99a175748574b1,04e23f1adeb6a3fa874cb7b3c20190ad8660a3455c50b48ab83cffdf6ac2f186,2026-09-19T07:32:44.181669+09:00,2026-09-19T07:32:44.882580+09:00,22
clonazepam,alpha2,2026091904,4,2026091904:4,success,5,a7f55cfa9457a6308e8dc65eff656d3124a83b8fbb80d1cc8af4cc0799aa98f3,9329aaabb3e42ac00004a20cf4ca10ebdbb999622a9c5ba79761f1ba00d95ba1,c131cb5ad6f9579aead68334b346193b025b0a46e84a2a0b538c3abf2012156e,2026-09-19T07:32:44.913080+09:00,2026-09-19T07:32:45.723346+09:00,22
clonazepam,alpha2,2026091904,5,2026091904:5,success,2,8ad56d5161d2b7699c00397cceb257d62aae79c2955282e917872f0b8da1223e,8d9508be5a14e712b2494fcf1ef468dbed822e6a7aa0605fbcda841f10f37f33,3c7d653719d9b7d0e7852ca1e385a2ebbd25b01f6cbf6f54fa0c3ba654ebc26d,2026-09-19T07:32:45.748378+09:00,2026-09-19T07:32:46.529954+09:00,22
clonazepam,alpha2,2026091904,6,2026091904:6,success,3,c005ad6a4d256aff54fb45e43dba1a3e794211cc63502a75d88e0928d47ac03a,c83ca960181ed0734a801ae5492015eb74dcd9594b79f21072a925d5afc876f1,6adae354360474e85a921611c49e44b1f81b2664fdf7bb6595d95722f6ee628b,2026-09-19T07:32:46.553327+09:00,2026-09-19T07:32:47.352787+09:00,22
clonazepam,alpha2,2026091904,7,2026091904:7,success,4,d9bb7cb7a985b1f8d65c1da66ba7f15ee473e4f7b4c50d863de8392e26908cd3,0fc8c701e1f04df29ac80f0e67b15c499364ecbc48fe5913dbd57fb53b06ffbd,81f81b00c56fc2424cd8980e006c91c8cebede8ee5f08d8a5e410b1079aafa1e,2026-09-19T07:32:47.377025+09:00,2026-09-19T07:32:48.073526+09:00,22
clonazepam,alpha2,2026091904,8,2026091904:8,success,5,811f5bae7b73f97305c5df3d82811a1276e5229bdaa220919408b9cc6ae4de08,710f7d0cc09c62a0f300d0ba63b43766c9deb514554eb7f66db3e028eca7deb5,7047c990104d2d94da2050f8607d428eb48bd931f41bdd450fbeb87142bbbfe0,2026-09-19T07:32:48.103368+09:00,2026-09-19T07:32:48.818823+09:00,22
clonazepam,alpha2,2026091904,9,2026091904:9,success,5,d7341bedd66789e9b3c95f3535ac7e966cadf4862f20526bfca7ddfa79e361a8,9a373c1546a30423df89b54fd27944f6bc70aee679b6e3632b398a9cd47e48df,dd5d571dcc17b0ce18adc0bdf0e1d31c15f3ae66bc8af6d5ce8030c47de22318,2026-09-19T07:32:48.845008+09:00,2026-09-19T07:32:49.669395+09:00,22
clonazepam,alpha2,2026091905,1,2026091905:1,success,3,1161d9d0592ad569c647f1761a263d13088ddf26d5afb88a0ed81aceb2f4ce0b,f78072a7a9e775df0cb126241debef0a792caf1ab1400fbfe40c9e95e81ba6e7,52f446fe890b10cfc4e1640d51f895ff98216570b9a235b9a44c606b365e294b,2026-09-19T07:32:43.309942+09:00,2026-09-19T07:32:44.044135+09:00,22
clonazepam,alpha2,2026091905,2,2026091905:2,success,5,c34e9ee481579c9fe5068d84d9c61589a84810e0b6643ee3d1b968a6b7f53920,bdaef28ef990c3fe60f8239704f1313d79b5753ec96495c15ddc81cb05dd843b,3c62f687b89ffd13a80daab01ff1294e32f12d0ce8506456f0a36d7448c02c9a,2026-09-19T07:32:44.070045+09:00,2026-09-19T07:32:44.736318+09:00,22
clonazepam,alpha2,2026091905,3,2026091905:3,success,6,704b271402363f5678afaeb5c159c4239c2afcb03bb337c67cc2939e7561b951,771a6c2cb1ab6c8b19c99a8aa5b8fc8227e4643c6f04a4a7f1b461d42376f904,8ef307b8aeb8b38e2f4e33332fa3250f404eae5b6db45e79015d23c04ac85d3b,2026-09-19T07:32:44.767652+09:00,2026-09-19T07:32:45.461473+09:00,22
clonazepam,alpha2,2026091905,4,2026091905:4,success,4,4cec52432c2da2124ea3a44aec23a6789f1c24e35b47e7b5476636fa7716a0cf,c9a796d641f821e75fc3293e60efa71731418a67cf880b50c4e3535771bbccc2,805507a1d55994b8c20de01f1e3c8a59fa57e23a8cce69080ed58c17c81a0f92,2026-09-19T07:32:45.494585+09:00,2026-09-19T07:32:46.285204+09:00,22
clonazepam,alpha2,2026091905,5,2026091905:5,success,4,bab50afa047bdeb10d6a7fd198e2d7c36c71f84ce29df5afdbb1c52579bebf47,736ba051164fd5ab921d1dcabac0358f4ac1e2bc84955ed329937118db274bf7,96643e11ebed61bc9c15f940b2b09d9c912592b34137a5a9b42b9b37cf1235e4,2026-09-19T07:32:46.337615+09:00,2026-09-19T07:32:47.060257+09:00,22
clonazepam,alpha2,2026091905,6,2026091905:6,success,3,11da7c8d0d8b26791ef0ef66f263005638d1b9eee0664738f696235e1e5c34c9,4f9116b0d21f4bf81f28c414f43622575998cbdf7bef1d973104986cc4fb9425,ded1490123dbc6f7251880687c1d486320ad5d46521744cbd938595903f89bc7,2026-09-19T07:32:47.091016+09:00,2026-09-19T07:32:47.898199+09:00,22
clonazepam,alpha2,2026091905,7,2026091905:7,success,5,6fd17b872f8e59058a6990fe661a1e100ad90fe080cbc506cb6b8b96d419cef2,c970a30a7680227b1f583f24cc073f616e8ee6c6e6a521136a7af2e8efbc5eac,118c08d13617cb41dd2c1a8c69d2025cab710422094268a8efc18cbdbb9dea9b,2026-09-19T07:32:47.925704+09:00,2026-09-19T07:32:48.634675+09:00,22
clonazepam,alpha2,2026091905,8,2026091905:8,success,6,580d09bd9f0d498d1a33014b742a3f78616631e4f55bc6da45790133f1a6689d,a9083846fb67b82a1d834851675d74d72f49b550e65d3221a0cf16d517c44be7,94d23d7ed71428eabb504decd54e050f72fc7e46d07598ef9146276a40c46dd2,2026-09-19T07:32:48.662091+09:00,2026-09-19T07:32:49.365074+09:00,22
clonazepam,alpha2,2026091905,9,2026091905:9,success,3,99a08cc6d2dffc81d956f4ddf8bd595807904e82f7e46e095c743d05ce8cbdc5,e49878ad644b1c1d690285ee3f62cbd5b68b0c9c1a1c258fc28764e65107f695,492b0e0d10b0235eefc4a51f1105f6cf00b4d36f57335775210b9c0faa2c6445,2026-09-19T07:32:49.396985+09:00,2026-09-19T07:32:50.180053+09:00,22
midazolam,alpha1,2026091901,1,2026091901:1,success,12,e4a63770186be8176215d6464c2a5d12887f93df769cdead9ce2358e56c13b4d,56750e0d8037da2f0838ce0e5072d80c8ac4367350a0cfd4060e70596d2d59ee,37b9da083614439fba6ef0c1ccc199869a2734b014a5482c19098fdc19eebf01,2026-09-19T07:32:48.306286+09:00,2026-09-19T07:32:50.109594+09:00,23
midazolam,alpha1,2026091901,2,2026091901:2,success,6,ddcd05c60c72e8e9c438c3dd56106dcdfa3c125b9f27d1700ae06f2944013415,50e381e71ea0ad5fc8594e16c5de7a5c4c9f40d666f208d56e61adaf6adbe77f,1027f87bcd0c9fba58d0707692f0e484e5301715b1df5238504e5b375547acd4,2026-09-19T07:32:50.163088+09:00,2026-09-19T07:32:52.058199+09:00,23
midazolam,alpha1,2026091901,3,2026091901:3,success,4,7317d5b33247c18fe7cc7e691f5204b81ec47fc09bfeb1f3e310dedce4c2893a,f82d78c763f9c4b79698cc998f09b88c1b1e735279ab1333bf85fde1a4437355,9d45137cff977474ac9e38a0f95deb70a2ad5d6a7a024e3815f2f071883c07ed,2026-09-19T07:32:52.114503+09:00,2026-09-19T07:32:53.845583+09:00,23
midazolam,alpha1,2026091901,4,2026091901:4,success,9,e25afa55a253ad20b33e0d73f4698bedd6362f5db7aa00c4f21886ad7975c4df,a830d164ec2704126e833bf2d38ef5479fd5ec51d966eb403a5bebee5fe44d9c,37374c9755aca9f6857f3b41b8811cd18a2b2f6adc714ee9ca6525373de9ff88,2026-09-19T07:32:53.893045+09:00,2026-09-19T07:32:55.852834+09:00,23
midazolam,alpha1,2026091901,5,2026091901:5,success,7,063617f5da496e30b4765c9eb6db264c90ddfb9783d75cb4f5d968471a083bd9,8223d4563c66517a2374a97c014333dc1d07a5408d68f6effce9a4b74d5e2b2d,7c573a8db5e2d02220d1cf595e8780a4933806b3bcf0a977de474f0aefd0446a,2026-09-19T07:32:55.921855+09:00,2026-09-19T07:32:57.839637+09:00,23
midazolam,alpha1,2026091901,6,2026091901:6,success,2,78cdf3781158669b295644b1473219f5fe1ccec6c3752e3399fbcd13599c7f3c,341ad13d599f86521b65b99edaae90a003796754e649696bd2c6e7e5c7a69c85,a622886536c3a6a26a5c9fa9968668ae3a56c4d6e02b63d5a6c27fbf90871aac,2026-09-19T07:32:57.898477+09:00,2026-09-19T07:32:59.709726+09:00,23
midazolam,alpha1,2026091901,7,2026091901:7,success,5,ad99702f0a7a10addbd2399f52274d85937c6f32d8c26b96a3c82d2ad00cb511,2af01adb3e774d17890e8c1cfe77ec4a836661157e7041f4fd44a6d928da68e5,f4d560e85e32268b82d54233de6a4c294c59d29bd1e618d9da0338deb5d84f80,2026-09-19T07:32:59.760735+09:00,2026-09-19T07:33:01.494668+09:00,23
midazolam,alpha1,2026091902,1,2026091902:1,success,12,f95c3c1c8e0ef3075683de542667c3a6e9d4e50030faff2c0ab6a5c49b2e44e4,ab7f05f8ab67c38a22489e5b68b07d07587d909574331310075cde4de19038c5,5fca772d23c5436e986bf462120a537dcef990bb1c0fa943bcde094df49cf312,2026-09-19T07:32:50.187917+09:00,2026-09-19T07:32:52.185398+09:00,23
midazolam,alpha1,2026091902,2,2026091902:2,success,5,39f907dd4dd96104a0e536d83ca1ad1ac325b60d4a6c56a6cb76df6366b0d920,0cec7f3c9d60b8f8a2fc07f14aa60c6707f3b213f31f2189d48e0910beba0b67,3ba2463b2d0151689406ad6254812c8431cf590bd95d005491f6464cbb55b8b4,2026-09-19T07:32:52.237440+09:00,2026-09-19T07:32:54.029972+09:00,23
midazolam,alpha1,2026091902,3,2026091902:3,success,4,9d0cf125c1db12500cfc67f3aab8a683294ce8da719c68d6d936268623357791,2e1adaa91ac1533473dfe9877d4ec13efd81c47e0fb84eb826745dda882d3d97,210fdd5b65d1f248623a84399ad476c5e5a57495066ae470b426ea0df7d941e0,2026-09-19T07:32:54.081057+09:00,2026-09-19T07:32:55.866780+09:00,23
midazolam,alpha1,2026091902,4,2026091902:4,success,7,8d5b72237d381f7d5d7703e354a7fd9be76e01075e6397bb31e95765a684afba,5ed8695873c1d6641d81b206029542838b845dca556c740bd1290c64340d4807,1ee5aee93899c92ec8361d94e12a8d979c4ef59d0284e8ca16fb85e68b75c67c,2026-09-19T07:32:55.920493+09:00,2026-09-19T07:32:57.814403+09:00,23
midazolam,alpha1,2026091902,5,2026091902:5,success,6,01635dc2aefda640a1839c5bb988f71fc69dd361795b6d1f24ce21db2ea42f59,0628008b835e3373cccf13ed8929e863b0773fb109b9b155ff72f540b84f548e,1b540409000125e699ec83ba2e3bf08dfac216cb7023440aafc3de71afae67e9,2026-09-19T07:32:57.873005+09:00,2026-09-19T07:32:59.704479+09:00,23
midazolam,alpha1,2026091902,6,2026091902:6,success,9,58fd369038235cba56e761759e98af8d49b5de8fe9298e93a58441c9f58c79b2,1f1340951569c777ca47ad55d49d332d6ebd594c3053e0590af4a8c83ebe0d2f,2cb70a8d8d64f12797dcf402e8ef94654722ec9544dcd9075549754a4c76bb07,2026-09-19T07:32:59.757822+09:00,2026-09-19T07:33:01.666169+09:00,23
midazolam,alpha1,2026091902,7,2026091902:7,success,5,4a8d46ecdae2868e1a2da329caadc593aa50b4a6deccf8aef277d361033525a4,372f8736477121b8ef470a994651564861933549210bbc4ef116d883b3d89643,a8ca1d76f8d80b2464149dcb179a1cff38fda1aa209dc00ef6c4c384cbacf1a6,2026-09-19T07:33:01.715185+09:00,2026-09-19T07:33:03.481776+09:00,23
midazolam,alpha1,2026091902,8,2026091902:8,success,5,1fb34aee4e46311161394831638ddf3fb83b96e8e58a0bb02a2fd5037cf324eb,42b8e19d0dd76138e004f5d94b0a8fe331911bda056034c1f9417c855df3b7a7,c202cc33680630ce601c50182188d8621a06f56de78af7b9ed2a106effb64708,2026-09-19T07:33:03.535184+09:00,2026-09-19T07:33:05.325130+09:00,23
midazolam,alpha1,2026091902,9,2026091902:9,success,5,6934b8fbbb7586a345aa105ecefe70bf45b41298f21df0315b3a2db2876fe825,7abc755658902b22e81fb33b3c362acfb63608663f91f2dc4371e9a749d74088,c3597f544c33b66f573ef79278cbd120a3522ef9268181f5cc3725ab4c9e7670,2026-09-19T07:33:05.376709+09:00,2026-09-19T07:33:07.142338+09:00,23
midazolam,alpha1,2026091903,1,2026091903:1,success,12,4d745fd6342ee50ab1de4ac7867377daaa991217e74f07f65a00efb3e0ff5b1c,b40754b8c12908bb861f75af5f139805d7fbd85b2d7202365af3f593ce11c42e,9a9d22c3f6419c7017b4e51dffcba8840721c21a529473fccb0b79f0fc8ed452,2026-09-19T07:32:56.802284+09:00,2026-09-19T07:32:58.630819+09:00,23
midazolam,alpha1,2026091903,2,2026091903:2,success,5,3ba6528906c83cbdc65d069178db6a628985026e23fb7cc9ace575354b9177b2,ecd5b25b06120d52364b6ba1d2f13e66e0763d96e4a9af8e87bc8f722843fccf,6267dc63d14f2dde870bd4cd4372274c63462c22160298705533858f8410ea65,2026-09-19T07:32:58.687548+09:00,2026-09-19T07:33:00.551299+09:00,23
midazolam,alpha1,2026091903,3,2026091903:3,success,4,1c5a3f726f3ef43a32d70614b436f6bf17ca1aae579a8bb89539ee516c353bae,943ba6d857f625ed971444230064f172396dde40c01a53bc0c2d97b7ba5f088e,c79a5ee618f57c45f7da968fde5bb022f9c8f8507fd9ebbe8115702e7e3dfa85,2026-09-19T07:33:00.605987+09:00,2026-09-19T07:33:02.332694+09:00,23
midazolam,alpha1,2026091903,4,2026091903:4,success,6,b4b4ced889d50bc33656e031e7fe09ec6aed2fe62f8a4c0047bbc7c87ad59777,cecaf0c599b7b94d467bc232efd382c85080bda4913c91c22deec0c5dff1675f,2e1825e945d9979a78f41d2879079abbb885f7ce61d861694973040dad8f5b12,2026-09-19T07:33:02.386629+09:00,2026-09-19T07:33:04.286631+09:00,23
midazolam,alpha1,2026091903,5,2026091903:5,success,10,059424e4ba10e9a3143be9a88893d8e1d0b3f6015593de513c9545fdee48cd45,72258d3467b676a3c040197375f235760d841474207c97110f266c6a4515ce55,27e95f56c39facdfb7ec89dab6e0f2e42d643dfea60f6609071fa99bd9e16a8d,2026-09-19T07:33:04.347701+09:00,2026-09-19T07:33:06.209566+09:00,23
midazolam,alpha1,2026091903,6,2026091903:6,success,5,ae84e007efdcd9d52a6ec5f65e68d2417777077f634339f4cb59a09cf1c5d160,1cc75151d3bd12d926a00706171818448499fd6fd83a34dc48c2be9a24e883fa,08e8b73e6cea68322260ab1377238d2fe3d1e95c95cd1037b14c600e54c6c032,2026-09-19T07:33:06.264182+09:00,2026-09-19T07:33:08.096303+09:00,23
midazolam,alpha1,2026091903,7,2026091903:7,success,5,22c9354eea6e1d359ff11be50013296b17d8e2de285c861cdd034f996a4e34a9,b91f269411f055ace15990478c8f0d59a499ec5848fb8411c3cb313f9e4543b2,614f349e8067c5893ddd11cd29b52f8758cda3e2d0e708c4add80d7f3533279d,2026-09-19T07:33:08.145643+09:00,2026-09-19T07:33:09.942854+09:00,23
midazolam,alpha1,2026091903,8,2026091903:8,success,5,eff2cd5b8a19b6a5336d8d3c5329ddbfaa4a6d1c5341ec45d3bcb2acd4cd2b49,90ecd22f6701a5b0a1618dbac56a1cd039f229782d863cbd9923dddcd741d90c,d0e1de4fd636b2adb4cb5687c100d00f0fd7fca191a9f29e769ee1ff19d5b753,2026-09-19T07:33:09.996030+09:00,2026-09-19T07:33:11.791900+09:00,23
midazolam,alpha1,2026091903,9,2026091903:9,success,2,ae393809fa0a7991629e0912e7e79575b2d8c44589300ecfa5cbca71f98a7d87,56951d337a167de05c31ee3c78c8e81ad8714da46fc2c76719ec6078a7baeeda,2197bbb7459dc5d253e14231a627854f2986a841aabf77af8549f9ce013ff72b,2026-09-19T07:33:11.837107+09:00,2026-09-19T07:33:13.709295+09:00,23
midazolam,alpha1,2026091904,1,2026091904:1,success,12,5b4d2f2c0ca4d46f42462e969d2181a8f32fdba51d2dbccef3fdbb4565ef6dcb,316ba39ee03cba2f23f6ec5dd559031c8bc3f58f54de6b3f18014ad48a5f34c0,5307f2a54581bd7cf28abb737f73656f7c4b9730796b09acb599d84075d7482c,2026-09-19T07:32:57.377830+09:00,2026-09-19T07:32:59.309911+09:00,23
midazolam,alpha1,2026091904,2,2026091904:2,success,5,0a912c25ffa394a56eff5bcb02fc1dfbb4709805929fe1a93848f8d9219d0c62,949ef2302984846369d3a583705a828cc4c65d7c1d7402b81d4f1df84cde08d9,4564b31323e70701abc2422592e8d8934e71727f10e97b4061dcca8ad5ce332b,2026-09-19T07:32:59.359343+09:00,2026-09-19T07:33:01.246405+09:00,23
midazolam,alpha1,2026091904,3,2026091904:3,success,4,177863e03c2434e06726c6810ea24126be0ed621207e443c63b7f750dcbac869,1813c2a41c7d5da63bfd63d8b64c1381010000501f5fdfd69ab2a949a809da16,b9894db59b2485bd612668e3f50e45e11294220618abd1e8f659caf58aeb3e32,2026-09-19T07:33:01.299508+09:00,2026-09-19T07:33:03.102405+09:00,23
midazolam,alpha1,2026091904,4,2026091904:4,success,7,9afe4805daadaebc5c12e2ac7a8b4cff6d7cef95454a470341da85109726513f,de063042a6cf497ade3c5cadbaaf4f01217b7e6d0605bd0cc3d8495f851be826,76036fd254f2edc2f82224013ea9d47df299e6ec6ef86012defd95aea51ca74b,2026-09-19T07:33:03.153108+09:00,2026-09-19T07:33:05.030036+09:00,23
midazolam,alpha1,2026091904,5,2026091904:5,success,6,fd25d5f35f13db2110ea94c6157ed4faed28ea9b94e4494bbc5f8d3f97090af1,8387a8f2b986d1cf451e0f9da41a2f9b8f05c8de415bd9ccaff6bdb86890eb0c,5f5c5138f89585d65aef0d2bf78a695f6e6c457933dfe5030ce7fee75764bf83,2026-09-19T07:33:05.081121+09:00,2026-09-19T07:33:06.923373+09:00,23
midazolam,alpha1,2026091904,6,2026091904:6,success,9,4e18dabca64d9e87bd66e31fdf290e7686b33540314a068c69c2784aaef459a8,5563247f38af61ad7a49ba586bf530b3a2a83f32918d1ee91bcdf59918c84ebb,cf13f1c87ec2ae4ed9f8cff206fc58d5126f1868afbf1c25f78ce71cea0c100a,2026-09-19T07:33:06.979519+09:00,2026-09-19T07:33:08.812428+09:00,23
midazolam,alpha1,2026091904,7,2026091904:7,success,5,373d2862b270a5a91853ce8417bf24858c8fe8b1121d1972d8da6a416ef37903,3e0a732b159727ca3aae57d1d0bdfb029beca8f6e142226a83a42c99034ed022,d75724ccf2f49bca180ec9e03186a26a1b00bf34682756a6675528cc8d99fd35,2026-09-19T07:33:08.868544+09:00,2026-09-19T07:33:10.689892+09:00,23
midazolam,alpha1,2026091904,8,2026091904:8,success,4,c85a39169886a55a8a9c5fba6ebb11e8a3f180556dc49147c7abaed3dd329585,850e7251f922d3305e16341a812d52088986e5147c07aab4cf357d9524aec472,5e445052640d72858143c6b203fdda703303ab544984f0b93ad7996fc54d4274,2026-09-19T07:33:10.749477+09:00,2026-09-19T07:33:12.539176+09:00,23
midazolam,alpha1,2026091904,9,2026091904:9,success,5,241e60b476a6c0ac8a42b63c70d419471d95758203fdad212b569089386ec3eb,0c21a60b8dd432ff86cb27c33fe22f94aad24bd2567f7aceae395a3250d2f450,c89af4003a0f2cf4efffbb863da190100f251567dcd29befba2247c9901eb335,2026-09-19T07:33:12.594850+09:00,2026-09-19T07:33:14.485198+09:00,23
midazolam,alpha1,2026091905,1,2026091905:1,success,12,a353c5b0b46cedb476851a43c62a923b53f8087b905c2823fe52086ec85b4206,18a631473aabb5fe744a64b9b0d1990fe46d34ea23323ae0bafcfc70c985272e,227bd8f5090de250061c074f9e2eff708a9b0011da64762744471a3f9a3e83a4,2026-09-19T07:33:08.361564+09:00,2026-09-19T07:33:10.199898+09:00,23
midazolam,alpha1,2026091905,2,2026091905:2,success,5,831f9a45fe580741ff763e5b3de8fb6473a0871d04bbaa8bbace03c3244b2455,f1f22b825ef500f47bce9449947afe5609ad371ac3c160e45c97acead4a3a113,e55557261eef5960f7f203ad984157d0040f82857cef33b8498b831b8c95f7a1,2026-09-19T07:33:10.258666+09:00,2026-09-19T07:33:12.061183+09:00,23
midazolam,alpha1,2026091905,3,2026091905:3,success,4,179eb47b20ea482d5ba3bec2cbc7bc342641d8180101ef98249d8f3aae6c281b,4c183a9112071ac0bae222b8eaca29692bd9bb28bdbbc9d1684d6a8078583b25,faae641d1df0f5e78ff876923b5b4f2c86b33b3f6a991cbcb9d6a8b7e055b1f8,2026-09-19T07:33:12.115391+09:00,2026-09-19T07:33:13.842820+09:00,23
midazolam,alpha1,2026091905,4,2026091905:4,success,7,ffc678d6782386ed2bd9fbc45ac6e045dda3f8af859e20f9cdad88cbf92a89af,b5873e29c308b6e795944c440e22ca9a4df5cb8edba8b24937e4b58d8385f562,aff20ac0d37b0232e9f33acac0ae66c1a8e868d7bcca4ce09a23083b1ca7bd88,2026-09-19T07:33:13.890962+09:00,2026-09-19T07:33:15.742617+09:00,23
midazolam,alpha1,2026091905,5,2026091905:5,success,5,28c273ed2dbaa361a0b5513a3196c568a6f59a3aa5574d2b0e0e0192b55d9833,c205d4fafd408e703ea879038b7e38d0c47834cc694a18dd46f3ad0bdac4fad5,30750c7dba4299111e2fdaa7e9e64023260b554cff7699b66472d8dbb5b5b8f3,2026-09-19T07:33:15.790875+09:00,2026-09-19T07:33:17.561655+09:00,23
midazolam,alpha1,2026091905,6,2026091905:6,success,5,5d36a96bace34884d8f6de725a2773bdaf87d37af1f742055ef7a2db0c3fbf0a,b1ecb6b6baf5e1064a14aaad5a42fad1793cf414b039ad9aeeb2f2a2e04f3093,c58f8400140d5056ba43c17c722fa53bafbbee15c4fe68d3213836be4df52a56,2026-09-19T07:33:17.608182+09:00,2026-09-19T07:33:19.442392+09:00,23
midazolam,alpha1,2026091905,7,2026091905:7,success,4,039f32574107c481de5637a8b5c0c14d6a7c2fc0c198572ba3fbd907849754d0,222e94c702cfa0f78f8c378db78d01fa6480ddcad0b6f58a39ab3f97da8d0931,d67f1a5364b2aced91c1e1e6f3441f32184f200d08f1ba7fb8871c54e8c61a2b,2026-09-19T07:33:19.491373+09:00,2026-09-19T07:33:21.296429+09:00,23
midazolam,alpha1,2026091905,8,2026091905:8,success,4,c3c68bb6f128baeac4641a4530b0dd6715d1569be1864a390e466277702a5377,b02fe5e648be205b2b5c7e226a8964be4dde302429a1e6d7a9561040d80a2c0d,313ddc1d9943212a4ea86813a94d90970f131b5a53d9ceaf467b6e4d2064da24,2026-09-19T07:33:21.348309+09:00,2026-09-19T07:33:23.259973+09:00,23
midazolam,alpha1,2026091905,9,2026091905:9,success,5,4785dcc9387af6a476f7dddf5cf2c1a3cf6b551ee4d37cd00590a654b309d728,478972b4363931c43ecf7da0ca05982867f4217a61835c0524b8b1fc0175742a,b8a9fb978742a3dbdb8163cd404d72de225619671cc6cf9edfa4e8a8a594a49b,2026-09-19T07:33:23.315956+09:00,2026-09-19T07:33:25.159628+09:00,23
midazolam,alpha2,2026091901,1,2026091901:1,success,5,5d4cb24e3aacba77fbab5644637d3898f222eabf81f4356d69a67442e4fdb492,a4493a1c37e09dbd24808c6a91dd4540854147fccbb019ae3f89cb47b912ec1d,90caab8b4a90bd8d53edc0ee2d7e8256ec4ccbfb0a325721e2412f9faeea07c1,2026-09-19T07:33:14.046775+09:00,2026-09-19T07:33:14.829499+09:00,23
midazolam,alpha2,2026091901,2,2026091901:2,success,9,fb8decce5664ceda722f9ddc99facf6cb004b28f3c612c20a0745b4b872f56dc,65434fe3ee3e014870e7bc7b0966ccfe123e7fa20cecf55922e5133145626d0f,fdbfc6baef3f76ddc5541673ec41bcc308539000b2f5cbefa7d87d63707ccb08,2026-09-19T07:33:14.859763+09:00,2026-09-19T07:33:15.592043+09:00,23
midazolam,alpha2,2026091901,3,2026091901:3,success,5,2229f151d6ea3bd3d6414ee45a69a910fcb42d74a265f69f2b29d5b4692bf054,32e23553d37665a40277f2c32f3ba8022e5ef51b9d5d097eed58c694897d3466,4db3f7c57c0d63fb0add97fdf1292bfe33095b2cf8aaf2a7abff8d859041d23c,2026-09-19T07:33:15.623491+09:00,2026-09-19T07:33:16.350563+09:00,23
midazolam,alpha2,2026091901,4,2026091901:4,success,5,c7651d66ace6ad0788b51654b2ce406ed482fa6cb230c1b0b01b0ab604f478bb,2ff31f9d5b698193441321c451e03031e8f3b162defdb1d124ee730a75252ed8,947acc854918f45c5f6fbc83aa8bf11a857de878dbc4ad7758645b52093b8248,2026-09-19T07:33:16.384199+09:00,2026-09-19T07:33:17.179099+09:00,23
midazolam,alpha2,2026091901,5,2026091901:5,success,3,9025d154f59c0e32f95efdbfcbb40fd9930b4e80c05cb3b7eff087e854e2022e,39f74ad16135527408ed98962e2fd090c93fc6d8081a4b8466a71186f8eab433,c4b8d95a2c83e398aa5bc48231bfd6db6e04dbed323d9ad4397128afcf9e399d,2026-09-19T07:33:17.204588+09:00,2026-09-19T07:33:17.935217+09:00,23
midazolam,alpha2,2026091901,6,2026091901:6,success,3,aa38324e1301b365c87ded1adb58fbae42369eb407e8bfb9fce292cba886e0a9,810ad942c690a865fd7e16ae7889b32da7fe2155702067a0d9cbb933bb470566,3f197fa558a9a38e239a54f30ec71738c61f20f54bbcdf0b4e16adf462364da6,2026-09-19T07:33:17.962257+09:00,2026-09-19T07:33:18.759942+09:00,23
midazolam,alpha2,2026091901,7,2026091901:7,success,4,ac504a6afc9ea52c657e1a2401294ce61c39d8588260d4cf742d1a40f126fab9,731153ce28abacfab34904d6d19ba51ab86212c8b4734425d3fc65ad64c2f4c6,5fe6054616bbc854b504511635587a2b3819118af68305291fe33226dadf19db,2026-09-19T07:33:18.788986+09:00,2026-09-19T07:33:19.510158+09:00,23
midazolam,alpha2,2026091901,8,2026091901:8,success,4,ab437781792ff417debd2c18b33dc601d3cd68e155878cde45e91562fe22b346,f14e17f1e61cdc7b9aae68e827f9cfbc8eca91765b8b3841866f950921f37742,da20241cca60354b9df944daefe764567de390ae5a6e418067520fcc40a83cc6,2026-09-19T07:33:19.537268+09:00,2026-09-19T07:33:20.219009+09:00,23
midazolam,alpha2,2026091901,9,2026091901:9,success,2,d9a89e4640bc5e93e2c072bf41e559292a1f89965be73aa9565febde557c09bc,84a0390675ba7fea2951fce76a321071036c9a8a76390e6ebc9668a49b20580d,0eae2a96cc408ce44abf7558fc78b8a42361ea22248944a2632fe0d62d303139,2026-09-19T07:33:20.249021+09:00,2026-09-19T07:33:21.069548+09:00,23
midazolam,alpha2,2026091902,1,2026091902:1,success,5,1d1d9d30527343a52c66ddd2ca7b6627575034859d762272db4a5fc0c0c959c3,4fd46b66aca246144b5e962d6502edd4a48ffb0d83bd94716a3f590aa5812587,00c18f905390ace119f8c6e18fe8629a104c45fc96da893d5cce40cf83e601f0,2026-09-19T07:33:20.607572+09:00,2026-09-19T07:33:21.397104+09:00,23
midazolam,alpha2,2026091902,2,2026091902:2,success,9,e8de968d0c34f11fef249c8b10d8b41fac687e42bc54cd0926691815a603df93,1f0cdb5cc325721f87bb6d82a275978f464922cc91004c1770f6c3148edbd47a,2d4a2781f23bef30254bbf4995f67aa271c010905d868ae613cb69108386987f,2026-09-19T07:33:21.424443+09:00,2026-09-19T07:33:22.190334+09:00,23
midazolam,alpha2,2026091902,3,2026091902:3,success,6,317a12ab2741c1c7396ed631b90231a85de83388fc739fde9709db79c4d555b3,fdcadfb47dbc84029f82bf0d0d3742db5dc9000328fb04690f999656004c40fd,4989f47c9ab34b78874eb12d87396437278eec8f7a1aedabeffedd13771aaf53,2026-09-19T07:33:22.223840+09:00,2026-09-19T07:33:22.994192+09:00,23
midazolam,alpha2,2026091902,4,2026091902:4,success,7,f241e38aa88a9d1482469194ed41907d08ee88c986a97cc3f97c7634a42c1eab,4792ab6e09d3511cd78b588095738812ec45ee09fae777cb8871da449b69bf2e,9a0548ef868394aa511c786aa18716a479f072105432fdb73abb5ac4cf65be99,2026-09-19T07:33:23.025915+09:00,2026-09-19T07:33:23.821677+09:00,23
midazolam,alpha2,2026091902,5,2026091902:5,success,5,7b04fa1565154c08f2254495bfd816cc0bab692cde27eb3d13ebaaca49b558b3,8f966345b6bb563e889eedc88b7a884f09f1843f7d836863acedf87488255450,1018f599479f5cb9d6f09cfd3649c2aee44ceea4951112b579bc5aac23444955,2026-09-19T07:33:23.853525+09:00,2026-09-19T07:33:24.605889+09:00,23
midazolam,alpha2,2026091902,6,2026091902:6,success,2,17041884b694dd49612ccec6ebb1e503dbdd1e929ce40f1e40b63ef4960b59eb,de05178671d56ad8d15c3e2b4d1afa72ffce9670a3d7379ec54381815e5cc052,f7b226cb816f206c0dbdc7e22ba1a6575ef32e43e10944d57c912fb055e4c691,2026-09-19T07:33:24.633470+09:00,2026-09-19T07:33:25.504070+09:00,23
midazolam,alpha2,2026091902,7,2026091902:7,success,3,68832d3f4cabcfe0d439781715b9a49823f1ee3cf37aeb480fc4b7f4dc822a64,db94051503dd0e8c133b4a06fb45e30378da8ccec3c162ff865619ed6b329760,bcb14dc1ff21a8504c9e588ad1b03773d7996b9c492133ef2ebc326f71d81648,2026-09-19T07:33:25.534249+09:00,2026-09-19T07:33:26.338897+09:00,23
midazolam,alpha2,2026091902,8,2026091902:8,success,3,17d771aca85f3d8048de98dac2519a7d1b04931613749dff2f1910b734284592,7566c96d4f9fae5a8e74c945770cca72d9be1834b94555af078cdbb2cd2d0b22,f4cc73ac936ef700cd86f72e999dca6029b543f4450124141ca3f4ef0ae93f46,2026-09-19T07:33:26.367059+09:00,2026-09-19T07:33:27.176509+09:00,23
midazolam,alpha2,2026091902,9,2026091902:9,success,2,2b0e334c187f5d963584e7b8806d42d3b8816e43af2c1986de7e7f82bd07aec4,d8be1469ffb8fa9a0b440b4f85df967b072833191b5338f8c71fe3cffb47a405,fdd9c631ba7e2dd2fd0699d45400f2102cb5482d735707d70e9eb4fe6c7dc0a7,2026-09-19T07:33:27.209053+09:00,2026-09-19T07:33:28.193619+09:00,23
midazolam,alpha2,2026091903,1,2026091903:1,success,6,bda9bcbc26f8a391a590add513ac56a0c91433ca064f0a895403ac1058ed3d94,3395cf9f17c308b47eaac8fb2fc74659366a61c341f79f873e7c1f52e09faf30,5cb65782e354b97c432c5cfeca4dbf6247bdfa635f4305bf3e35c7abeb591112,2026-09-19T07:33:21.361627+09:00,2026-09-19T07:33:22.094861+09:00,23
midazolam,alpha2,2026091903,2,2026091903:2,success,6,ac11c9b8a3c3eff85cf7ec2ec2d8f0201b44529a6693fd628df4519ebe768a33,4075e3495df4bdf63a5720167d82a29c6eedd7f5731d39b82d9c5fb8776063b4,53f5cb9e9941a82c19cc14812a055d041d299d7464a8d49d4e314477f3e3c04a,2026-09-19T07:33:22.127462+09:00,2026-09-19T07:33:22.868215+09:00,23
midazolam,alpha2,2026091903,3,2026091903:3,success,5,dcfff1f168f27c51f4977b2da5a1df9376495a9a4b8c2d18967efb745306f391,3cf767e175e81d65e25475db250994563f7cfd7119dbe7790436069910176a6f,a947638f0c3119d6724a8a208d002972a0aaafa9e9e64640c15ea8f7e69012e2,2026-09-19T07:33:22.895688+09:00,2026-09-19T07:33:23.662479+09:00,23
midazolam,alpha2,2026091903,4,2026091903:4,success,5,67ef415c331e5f77b354d7a846b9e33995a0de6e69b61954cff68229512de4e4,ec58426868421934f94836e25c3a0881285b40a342460818bba1f707bae00f25,274e63458f93be34b395c39bf7e6548beb092ea27de859da98e9ee74e345028f,2026-09-19T07:33:23.691388+09:00,2026-09-19T07:33:24.503005+09:00,23
midazolam,alpha2,2026091903,5,2026091903:5,success,3,2e98b5d5a602955aed224d0c13deaed1f2b41c8ad6582f67f2c7f579f65bfd93,5d1d4b2f6dc97c57c69bbb44707df6a11c8c8ad575696f9ed604664561981dcc,93c3d9630e6fe131600598480f97f18f51fef99544a1897ea86269b19a31edd1,2026-09-19T07:33:24.533248+09:00,2026-09-19T07:33:25.228968+09:00,23
midazolam,alpha2,2026091903,6,2026091903:6,success,5,7c902d98823af13ac970e39d1ae2e4be2489a6ec5cb7f4535687a613ab0d0d9b,af9aa98f6a5dc8d13b255cf24df08e95d137b8f860a929abdc48a6fd9dda572d,e8e8aae94bbd75521ad115ce9570650ca62d153130354541a846e66e493a72a6,2026-09-19T07:33:25.255956+09:00,2026-09-19T07:33:26.173890+09:00,23
midazolam,alpha2,2026091903,7,2026091903:7,success,3,11b0575d01d4cb4bbd8dc6d07e60365ed4ff8508201ac6776c85a56c0b2a1ef0,aa5daa23ed6ad1fa5912fd50e4c2253c8f44efc6173bc7bc36224147b6fc8a14,7aab204ed5ec343cd9963d22a2acb0b4a2f179bf22aa6069e5e056b8c6bd1130,2026-09-19T07:33:26.206757+09:00,2026-09-19T07:33:27.060510+09:00,23
midazolam,alpha2,2026091903,8,2026091903:8,success,4,05f644543ea9a99d522a369c5ca76c4bc150d7a8772f90b7ca903f9b0a5c0984,d9b741b92075c67e2ffbbc977fe42eb557142e64550d1268d7b28724183d9e04,99f4bcc31a89a59cdd29c0f8c34943dbdf57fef7cfdafc08f3cb149d7d3f9067,2026-09-19T07:33:27.106141+09:00,2026-09-19T07:33:27.883734+09:00,23
midazolam,alpha2,2026091903,9,2026091903:9,success,2,5eca2fcb4e0c7808045f2e722398e0e68767c2217281c0e70fe9788f1fb1b50a,8c2557617a78d887964117bb5d09ddbbf0082d1ab4c4b8d5230ca4ec49d5bb43,b94ae6be43400d56f977f553b3c9b4732d89e33e2e6070aaed1d6fd78280febf,2026-09-19T07:33:27.916025+09:00,2026-09-19T07:33:28.855236+09:00,23
midazolam,alpha2,2026091904,1,2026091904:1,success,5,1b0d65a53500ab931899d5ab40a0caf820efa9d6796093f64f381da3b057d3d5,e8d2ec647eea195473504038cebe679a04b5d214b44b3742de32dee9d3f922d0,546c356bbb5cd1582c04d414faddfbaab392522f8048361ef8224c0f91f7a0de,2026-09-19T07:33:28.175505+09:00,2026-09-19T07:33:29.065066+09:00,23
midazolam,alpha2,2026091904,2,2026091904:2,success,9,2dda9c5593e1b6734ac0fc99dbe6322bc2a1c246619c32c5e8f2d891cc743319,1a28c044ed56ce8eaac1fecbeae2cab168808d93f72aa5682efa07f2ffc1de8a,d948c8aa7e7a33ccc6e481d948833ae5b8f0d875aade20306ad58ea5408ad4f4,2026-09-19T07:33:29.098985+09:00,2026-09-19T07:33:29.959025+09:00,23
midazolam,alpha2,2026091904,3,2026091904:3,success,6,ab8662f9024b33beb5cb984f59e3b30401517f3de95af2cf030dcaa6c085b83b,656596d8d3e8fab0582995ed49d583962ff2837bfcad7560169a8f9b004ef761,3f9815f5cb252c9dcbaadbe1cb35fa19a8d3f13042ece7dc9b93f86b8cd209a1,2026-09-19T07:33:29.981863+09:00,2026-09-19T07:33:30.732722+09:00,23
midazolam,alpha2,2026091904,4,2026091904:4,success,7,bf8dfa9ba0b69df26163df7af1f2e1c1481f8f37d07de3eaa446c052cd463f44,3e78fec1da6fce42fbd812c311438b9635f366027a9c1937edebd0646e81425f,43ae14bdcb5d54ab8a2ba139aa1922ef9628678c25598e1cb8ada0eb487febf7,2026-09-19T07:33:30.761718+09:00,2026-09-19T07:33:31.582374+09:00,23
midazolam,alpha2,2026091904,5,2026091904:5,success,5,8eaa8e42974a4714dfd89a630b3adb68b3b61a1066012a9395263574d5b73c13,bf5e407a507189b0ae98f17892964d341bd8afe16dc573460f4384a01781b5fa,dbcdd1d3b6f7ff777a0c18f122af9fcd3ba1bb98df33a329fefc91d8abf0757d,2026-09-19T07:33:31.610260+09:00,2026-09-19T07:33:32.304514+09:00,23
midazolam,alpha2,2026091904,6,2026091904:6,success,2,3e3cb72b3c3589be0dbc1c110e37a96fc515204b6e849b522bf5f70365d2a1dc,a59ff3e08dda57fe53101bbecf2b2b4f1357360ff25d5dab66a4f916b4bd6488,42f07a4681d771865b98f945f4ad0706e0702596dfd18b7b4eccbb4bb8bec4a1,2026-09-19T07:33:32.330966+09:00,2026-09-19T07:33:33.158026+09:00,23
midazolam,alpha2,2026091904,7,2026091904:7,success,5,9a69e02a063d672580f04a853f3c10532af7adc729452006fe280cb5fd4aff6f,e2d6ced058fa1b98fccf646328d5e838cfe18da8d59b8da334e0a3491a933187,5b68695c7a9a0c653ba60f0816faae2bc7385e519921edb0c69d3d6f8aab3a66,2026-09-19T07:33:33.184831+09:00,2026-09-19T07:33:33.940829+09:00,23
midazolam,alpha2,2026091904,8,2026091904:8,success,5,361649d2b087a84f42728875b8b69e025cba52da94b63ed828610f0e6671f34c,07e183dde4ab43c567cf1d436c22231b2ff1e038a026788e312535841bd05fc3,55b1cbaf4c0a50d340394e7e0f5255ec54efda60c1bd1f0a9c4c5cc7f706caef,2026-09-19T07:33:33.970534+09:00,2026-09-19T07:33:34.742332+09:00,23
midazolam,alpha2,2026091904,9,2026091904:9,success,2,36ed8c6c49d39f86be60f26057e9c7ebee104da3ffb7d2601acb02964717836c,aa2423c90acc4261437af7b6e1eb52981fd3e976d1066f01a5c8ad4db103b273,0c85f98164f75d59dbb7da6f1079623a87eebd89d84a8acad0d33bfeac9a38df,2026-09-19T07:33:34.769584+09:00,2026-09-19T07:33:35.758335+09:00,23
midazolam,alpha2,2026091905,1,2026091905:1,success,6,c557598045191405dff753eb53d6f06629231873ad166e4cddb524253902452c,d0d2c459ccbb0ad6ecc41a045087af710c4776f14f00255b575deaf9ab0e06e7,042eb39ca9d1a75cef6406f0c512eb585cb4b4956ce79f1d691b74ba46900cdd,2026-09-19T07:33:32.485151+09:00,2026-09-19T07:33:33.245170+09:00,23
midazolam,alpha2,2026091905,2,2026091905:2,success,7,a4c4e7286864dbbe46380f06b52e5f43741e7d1979a093dea5b056df38571c46,1814b146b3f3eb405622d74dcff202cc92fe276bfe9f9489e3515c1c8a05c4c5,0ed2ee70c45dd427b48089d649f2bdab09cde02400d40be4d60c799bc6853a62,2026-09-19T07:33:33.273021+09:00,2026-09-19T07:33:33.966898+09:00,23
midazolam,alpha2,2026091905,3,2026091905:3,success,6,74a6c15a469df57a39bc4bd56d38f6d61384778b27e1b1a1c39927dc708047a3,77585253408fac4f18f6ac5329227bc949fd1fcaba8a0c02c8cb1c3bcec1379c,50715e9058e46cedaaf6cc4fa91d542f85da8d64ab475a34ea6efed040e10dbb,2026-09-19T07:33:33.996294+09:00,2026-09-19T07:33:34.739316+09:00,23
midazolam,alpha2,2026091905,4,2026091905:4,success,2,9faf54b86762c7deb6a8770b31c2fad851a1e420f0f136f9c54862929516e7b1,4b34356f572494aced31e722a796c86df9dcc132fc222aa1a67c56f42cbfcc85,13a5aa827b5d85ba4870b7f5499f11478e8b87410a14086c0d813e699f9e5014,2026-09-19T07:33:34.765885+09:00,2026-09-19T07:33:35.680102+09:00,23
midazolam,alpha2,2026091905,5,2026091905:5,success,5,c0d3ed59f22451cf32294376000653ec960208baa24dcc9cc73c49bd005ae192,e951ac0c63048cdf3c852eff9b72f5480abf357d84cfd5f297278c2e35475dbb,12f8b2a6e1bbf3316e9fbba159986baa7a464864757c7484063bbf2e6709da44,2026-09-19T07:33:35.711056+09:00,2026-09-19T07:33:36.697516+09:00,23
midazolam,alpha2,2026091905,6,2026091905:6,success,3,739fd86d786c51a3a85243be8c314b04a01a5571c3801f4c741e8c9b37c6f2dc,7cc5a639b44187401d1ddc8e7b67adf4265e72c355638d36c1bd9445af827e20,78298a1c369f17362784e42afcd5362acd4a284bab0d4df5e0d3c0d3c00520e2,2026-09-19T07:33:36.734870+09:00,2026-09-19T07:33:37.891849+09:00,23
midazolam,alpha2,2026091905,7,2026091905:7,success,3,4df844ac0aa85e921a154e27407f97c7a0c8fb13eee31becf7ad67e103277e4c,31157c3212b0060dd4d89d1cf1d9edb8f279d50c884cbae30d6fc562624db9cc,86718895cd9a8a1b1234a59df5f205800b03cb6dd2fa16236866f5dc18e705d7,2026-09-19T07:33:37.919391+09:00,2026-09-19T07:33:38.659417+09:00,23
midazolam,alpha2,2026091905,8,2026091905:8,success,6,62fc6986f94e29c4cbf2a3d48b0325945c2548a7f03558681b2b1b9cb1e855b2,c513082a3b33001a0ff1d19c28c236ac65ba9a1031d75b46f817031a24cafdfb,e762804ac88068a0d6def0d5d136076eb5e45460d01a3b04a16d99abc7bea300,2026-09-19T07:33:38.688472+09:00,2026-09-19T07:33:39.411187+09:00,23
midazolam,alpha2,2026091905,9,2026091905:9,success,4,7c304a43c5fc108bfa73f3506d62bd15053675ba59c9e6da5c9f0d2c50da4e22,55fc537f8f13286688086a6ba449113038f13b3b7fc4b1dd6a213014c2d5f94d,96e20eed26c5d353f98e2470137045cf97fd44d512997ce812dae531ce5c4e83,2026-09-19T07:33:39.438551+09:00,2026-09-19T07:33:40.223237+09:00,23
temazepam,alpha1,2026091901,1,2026091901:1,success,11,f54c3693d12381807a5d46dba208622241f5525f31a87cbbb57172cf25e7d1a1,4cf1bb0a1dde6688684cbf40be5273717384f24b9dc7150fae7415620c653af5,fc80318a6962cf718e67c69995094dbddd9f444c7bcb59b2947fa48a27277484,2026-09-19T07:33:34.977495+09:00,2026-09-19T07:33:37.413252+09:00,21
temazepam,alpha1,2026091901,2,2026091901:2,success,5,1ed29855c018402901e3de6969075fe0556694c8a11dfffa026323227d694a76,d7f85dc49a868fa12b6dfc85dc406d8d63516daf284681d13227c485b173a8a6,c6f4277f15602f13fa363da0df612efcb4e2f0d33b1d3942e8ffe3ab689c29a4,2026-09-19T07:33:37.484526+09:00,2026-09-19T07:33:39.413423+09:00,21
temazepam,alpha1,2026091901,3,2026091901:3,success,9,0a8dc46e4c062d1f797addea13335933bd5a97abac43ef791970b6546f3b2b79,c71e2e535dbc9ff56df80e47bb30abeb90a085450079f2f6dda2620136614448,9ecbabced87b407627b2ea44bf71f7cb4e22fb52b083b2eb214ca2f3cadf8082,2026-09-19T07:33:39.466924+09:00,2026-09-19T07:33:41.246575+09:00,21
temazepam,alpha1,2026091901,4,2026091901:4,success,5,266e22a87bc9f6d2769ea00bbe737b7f4b8dfdbab321d9f8e0e37e54f95d6a2e,51c6bf02f878a1cf4b41df3e6435f8da96cf70bdfca041fec32528a187697c50,9959b4f5f6aabff5621ac1709cb9e15e492ddd26a869d106ecf8671aa5da735c,2026-09-19T07:33:41.298084+09:00,2026-09-19T07:33:43.142257+09:00,21
temazepam,alpha1,2026091901,5,2026091901:5,success,4,00206e20c4a1d83a3248da1b443e39f9734280266e1f1c09261ab62806213a21,59e26b2a3f6cca2e29c9c6ac0d701e1541fc329fc7d42bc3853fe428061a45d5,9db1a147b526303325b4c44e05c33420adcd590543684559d8a586493928b05c,2026-09-19T07:33:43.191664+09:00,2026-09-19T07:33:45.033024+09:00,21
temazepam,alpha1,2026091901,6,2026091901:6,success,7,8abce1e6b89033ec165eb9bf8d1c8ae33fd8b38b6151fefcfabcf9437f1dfae7,a3872b5e2c56a879fab112cc7f9875dd6a537b4f5659be406a39a5d9a31fb649,1fa0c6da2d237ea8809c8b65fff34a22dc57159db29d010a3801855dc360d135,2026-09-19T07:33:45.088819+09:00,2026-09-19T07:33:46.882934+09:00,21
temazepam,alpha1,2026091901,7,2026091901:7,success,6,ecdc01565e3c8bad3d3fc481328930a6297f933e79fec1bc302fa9beb87c1208,ce021f4e72768a15fc8c24d3782a676278ee260f8e97de454347dad814d31ab2,df23c6d4f0179115fa10da6cd02743ba46f27e7f3698601b7f898afb7b7e8505,2026-09-19T07:33:46.927542+09:00,2026-09-19T07:33:48.819993+09:00,21
temazepam,alpha1,2026091901,8,2026091901:8,success,4,6d77c63b6eaef64ebb9af02127a57622732958d36050518d1683217fcd7f0d36,17a03e5adc3f807a6449b8c4578a891e5566ae77a50dd40f2b355edf6c236546,a536d308fc9c5e7f8d03f9d36e0f01fe622e333a6bd561c33125da2110057afd,2026-09-19T07:33:48.870922+09:00,2026-09-19T07:33:50.610098+09:00,21
temazepam,alpha1,2026091901,9,2026091901:9,success,6,4bdcfe18beed0363d5d27dedcf9d869a2eb61d8add6f255a97cc04ef1d79c9d3,f0ccec5f0a6120744f72480070211ff4624ca54c6a69907ae7d295a1558a8dcb,1c5cd081fcdbe5593325c200519aae0e9f9d8b666ec080445f447b9b60927723,2026-09-19T07:33:50.674993+09:00,2026-09-19T07:33:52.552136+09:00,21
temazepam,alpha1,2026091902,1,2026091902:1,success,10,3873a37bb7a46d48f424ea9dd3403991619463537f0984deec5c338bdcb75936,445d6c9e5c6de2eaece3e023ec451fc53b5bc0c9bd740b8f6917ef5a0663d051,e558e9c0a15c7d8653af31177edca464f749308cabf9ea904721a50f5858830c,2026-09-19T07:33:35.999121+09:00,2026-09-19T07:33:38.302389+09:00,21
temazepam,alpha1,2026091902,2,2026091902:2,success,4,fe7a0e79566a83e5f8ab85197772bb8cf6746d15236fa543446e6d860bb32d68,356185d08ae3c77df551ed6d7d46639b2da55c5a5c18f1bd987017acde12970a,cf27eeee7e3542cd68f842b53aed6b409ece907bcd3f83d63bda240ca4525854,2026-09-19T07:33:38.358676+09:00,2026-09-19T07:33:40.207716+09:00,21
temazepam,alpha1,2026091902,3,2026091902:3,success,9,d4115c30486be87a72b1d49b9404d3769b86ee11cc31abe83bcd96391a57249b,b0e621a9bbcd9d098210dea148aa661442e44269a189a5bdbaa728eb5c40071a,575b9134f5f3449aa4f0510a8a783b7063d4ee09b2bd7644d0034c8636aa230d,2026-09-19T07:33:40.262612+09:00,2026-09-19T07:33:41.999853+09:00,21
temazepam,alpha1,2026091902,4,2026091902:4,success,4,9a2ecae9761eb3bfdab862979644d50346606e630915e630c438221f2522a8f6,1644dc089501a4d64554315a023c8cf216e40fb4e73f5e7077660c0195132f38,290cf4b514ea7434fba42482eb03978833927087b8b4b840b0975e9d7769fc3b,2026-09-19T07:33:42.052603+09:00,2026-09-19T07:33:43.881817+09:00,21
temazepam,alpha1,2026091902,5,2026091902:5,success,7,29c501313011f8c33603233264e76a9e83546ed227a6af1981d1fea1da08ed24,8fbf087ce08977dd2e0b9d5248ed207407c990c5a82ac8b7ad70a1aaae9efe87,d346264278d57d22769d08fc23d04a5120d38c7ca34446506384296fbfe67d37,2026-09-19T07:33:43.932641+09:00,2026-09-19T07:33:45.660644+09:00,21
temazepam,alpha1,2026091902,6,2026091902:6,success,7,a1a11964744bc017f704898df70f6ef6cea8c7bff04fc80c69edc9ea668da083,16addb63c51229b5c860f760f0fb4f170b4d5201cbc57194dbd96f50ac7538d0,70f0cd682d7f50fe82c778955d95e507ffb9b8894b8fad07c00733d33e1fdde4,2026-09-19T07:33:45.716113+09:00,2026-09-19T07:33:47.511471+09:00,21
temazepam,alpha1,2026091902,7,2026091902:7,success,4,418941247fd6193dda3dacd012c44bab945e0d75d35060f152308adfebac3150,e4aba5b3f1af175136966f59e68d312e9b93b596f89361ef7b1a9fe6359f5f1f,3d33e5f60d7d79c925094e215a03a7d7fe9acdc126bb3ea622ea812c160a4605,2026-09-19T07:33:47.587203+09:00,2026-09-19T07:33:49.367254+09:00,21
temazepam,alpha1,2026091902,8,2026091902:8,success,6,eea549f3e8e3fa77b8a23916527f707857e854ebd28e95deb885d6fc80b0d87d,fcd1bd4ebdb1b5cf4a958ae1b3db6e9a2059981f7ff514e9afe6244ed4c7f129,aa9ac73830ec873c9b91e5ebf48f6ff0bc0c6ce01432d0598c1affc2afaac66f,2026-09-19T07:33:49.418009+09:00,2026-09-19T07:33:51.324189+09:00,21
temazepam,alpha1,2026091902,9,2026091902:9,success,6,9a19f39be378ecf956aca81ff34d9f3743e0d361761ec7f7cab147b9a76b5c7b,24bf9c5bb60a877096f13bba9a55ace821374f44aaef7b29d113e28a977258aa,3d14651e2e01b821441c89defc3508b4312105449c5f3befd5d822b09e131872,2026-09-19T07:33:51.384798+09:00,2026-09-19T07:33:53.244449+09:00,21
temazepam,alpha1,2026091903,1,2026091903:1,success,11,45efdc646cd9b1e9aede4977c255248f5aea2c48db2f601c39b574550edb7a67,a292bf4a167ce77d56306c5464dd9b143d3345e8589f61ba05e53e9b0966af7a,c61f4d6c454bd5b229a4c161a175ae28a7c31ddd3e17ff694b71235733a2e757,2026-09-19T07:33:43.078980+09:00,2026-09-19T07:33:44.851695+09:00,21
temazepam,alpha1,2026091903,2,2026091903:2,success,8,ef30ab17f6b2ed802ecad05d49ae5e8a0568f438ad13cfdb0b08d908e83217b4,1be2716007d04be03befae6c268799a2def584bc862d37b348ddf36935045cb0,2e9150c003a5437595b3b3430404b48b404e51ad05f4d74707816d4a0be29829,2026-09-19T07:33:44.905312+09:00,2026-09-19T07:33:46.741752+09:00,21
temazepam,alpha1,2026091903,3,2026091903:3,success,7,b450cd18534fd7c50fcacfe24b739590bb87bb65f333584af62b65d68855393c,f8402a7056b45904394b7b91c4c299ad58da6be7794ef8d8e5fc1f6a02428967,e1becdca2f99d8957069e8070e627429de3b0695d57e3f51c2cc1b87ac6f408b,2026-09-19T07:33:46.792351+09:00,2026-09-19T07:33:48.516855+09:00,21
temazepam,alpha1,2026091903,4,2026091903:4,success,8,fd3d0ea373fd2a9a884f60036908620f9ece66ce04636374e9f6ef529311464a,c9d73c808e2ea41a4544384d3689e8acef66a5d55cc586e5aff92bfc52b18625,8cfd345b3bb381a52fa65c90f7e789a0ca0edf0679e300447bce2a135c67477b,2026-09-19T07:33:48.566897+09:00,2026-09-19T07:33:50.377051+09:00,21
temazepam,alpha1,2026091903,5,2026091903:5,success,7,267536f0099a50552d0836308f6c5135549245f99633a4c749e6fcd54896cd05,1b9a0073c64755928bae1edce2439d6b8e223462e08a1b3ef292819394d51fcb,ab51d9a046784800f66e7857d90dcb718b478875c9bcdab3700f2eeb1471fcb5,2026-09-19T07:33:50.432784+09:00,2026-09-19T07:33:52.290119+09:00,21
temazepam,alpha1,2026091903,6,2026091903:6,success,4,3ca2a88db7dced3aa578358d1dd949b05480fb4a2f9505e04ed3bd30813a2871,61ed03ef02c327c29a82a8ec6816b03d9c13a08c42617fbdc88f309781bed119,1a1b315082038467ef1fad6d947b1fd8c66f8beb3efcbeaccf45fc79e12ecd33,2026-09-19T07:33:52.341782+09:00,2026-09-19T07:33:54.205448+09:00,21
temazepam,alpha1,2026091903,7,2026091903:7,success,5,53089a4f1984c0856bb4b80d9c7db4785cfc1f20b359c0471012d8e78cbdd546,7da8dee5b61d04361f07a777bcc612d0647afd08c9d92931a1bc6fd93023e84c,b8bcd26ebe65528609107d0d7d80d5d1457c276108f8bf4d0068ab4c7864adfa,2026-09-19T07:33:54.250395+09:00,2026-09-19T07:33:55.948797+09:00,21
temazepam,alpha1,2026091903,8,2026091903:8,success,8,456c34eef90ec1925f3729fc7a42e0cbf2c5e0d67cad6e4171166aaf3faa0fcc,ff2a04a98b043d3ba59807c66a45b46e7004c1f03b602d65bbb8c4f131482aef,5b72cb54ce634c50320ff1097316e753107618457046a62b2969c33cb0f64a72,2026-09-19T07:33:56.016166+09:00,2026-09-19T07:33:57.840255+09:00,21
temazepam,alpha1,2026091903,9,2026091903:9,success,4,a084b1665da5616ac54b670c0d9c71ad615eca47d3099e24672b9fa1b321588d,6747418d8ced63102b9c0dabd58949185be418fd98fe7652d8f3cc149c190ca0,69edf6418d3cf6121ead7fd2e40422202b6b08ffacb6e21a459e71fe96171c53,2026-09-19T07:33:57.893406+09:00,2026-09-19T07:33:59.685644+09:00,21
temazepam,alpha1,2026091904,1,2026091904:1,success,10,7852d99ffedb0b710a1ac3edd600a9e7d95a7561b3c8d1573abffa12c72be52d,ec98c7c1eef7a8af3ad010aef22e0c3245e6cc79a9877aa5e7ccab5413e74bab,7e279bcafeae9442dc2198f5e908c064285f2e69c1061f51c2b01d9bb0b731af,2026-09-19T07:33:46.934378+09:00,2026-09-19T07:33:48.711422+09:00,21
temazepam,alpha1,2026091904,2,2026091904:2,success,5,25de7741c18188b2ac1a21ace519369844825625325bb37315544b2b7d8ac344,4200eca2eaa95898694e6777e39389f18937d307312b2b1bb41a6fa2f2861bc0,7d0202ea89f835aa90423ffa7a1190dad46cb0927a9cdc7fd01a4446ed40f229,2026-09-19T07:33:48.766845+09:00,2026-09-19T07:33:50.537694+09:00,21
temazepam,alpha1,2026091904,3,2026091904:3,success,6,01b8cbb44ba9daa34a89887bc2141e8fc8aa30351d600671757678c63063aac3,96a05c1da9c716b30df42a8a38da7ae849608204655ace2b0a894b81772235a2,7550e349e3b61089da6491b761a25d5b321ed6b046ac4ae125bbffb2690ea4a5,2026-09-19T07:33:50.605936+09:00,2026-09-19T07:33:52.340333+09:00,21
temazepam,alpha1,2026091904,4,2026091904:4,success,6,e8b96ff1ba6fab4bc4eaa583e3e2421055ba0608a33cc56384bddcc173524314,d73b14f9b77ba0d2c64188822c99b29113fe12d06eb643bbddbbcc2bae78063d,326181236ada40f8d5f8387eede92b3998e4eaa27fe55002b3606f928dcec512,2026-09-19T07:33:52.392721+09:00,2026-09-19T07:33:54.298147+09:00,21
temazepam,alpha1,2026091904,5,2026091904:5,success,6,3b42322c738825f6e481fb4c1f4e7b3324e9fc398e660482f9f3131e54afe2b4,703a94f0f9e2ea08c9f92c97375019bb3afe0b58f1131a17c16f1fe1e36c1d1e,a65abee1a16870656da519111b60c40b706db9417e59302ace2049f499519e6b,2026-09-19T07:33:54.350822+09:00,2026-09-19T07:33:56.140248+09:00,21
temazepam,alpha1,2026091904,6,2026091904:6,success,5,cf7362f12f52145f0b93359c9aec2255f104ce09bc7d5c0eb7e9cea1f954b625,8a1f7ac82c1c0509dbdcf083d336e46c2702dc3bb0bc8c597994009967d6e1a0,4db8a8a81f181916672ed96645be62f6a32f52db27754dd79ffb15f8f675bb31,2026-09-19T07:33:56.190988+09:00,2026-09-19T07:33:57.983938+09:00,21
temazepam,alpha1,2026091904,7,2026091904:7,success,4,aad1eb51cc19e779339553478ed739df17162de63d5331247ea3add3461d698a,20a980ffd06f5881d3416a00a52e399d7c3101e9ed4a7c6a60e26384a53d9689,d64f701714c837cff0ac826221b7394d02298c817776afba09faaae4f66edc25,2026-09-19T07:33:58.035080+09:00,2026-09-19T07:33:59.724735+09:00,21
temazepam,alpha1,2026091904,8,2026091904:8,success,4,ad3b915b5f1b9cd714c32bbf698becab8154656c140fef68c3ea20da2f31dc7a,c7f6ebdc044edd2a2db0ad6052efca7c1f0905cd486f589ec212c632e299e74d,70e836e2087de7e4625bc3c40019e90e2159f69babbe7ad4ab6424f359d2dd97,2026-09-19T07:33:59.774799+09:00,2026-09-19T07:34:01.550189+09:00,21
temazepam,alpha1,2026091904,9,2026091904:9,success,6,64d3030c1ce38c7666b565e1b21aefdfa724c05afe3ae6a6890f6a0ca1a447cd,179100bad23ba3e5ce6186c46353bed25433bbcea03f6a0d0da0334001e0f664,2e248fdc21980f6b43a929241853fbb6be4383c146f8f1f99e80f11067634906,2026-09-19T07:34:01.601953+09:00,2026-09-19T07:34:03.358418+09:00,21
temazepam,alpha1,2026091905,1,2026091905:1,success,11,3025bb4301d46eb83e0cb5d1d67cafceb5c6a31cece1919dd534689afba35b44,bce76939035337eee9e66afb8b604f3cbdd2a2f15783be4878497134e334e0b3,a6ea4e789464d6924c7f9758ca8e0e50153cf5fdc070c5f83f762d038ba0b1de,2026-09-19T07:33:59.631509+09:00,2026-09-19T07:34:01.445325+09:00,21
temazepam,alpha1,2026091905,2,2026091905:2,success,9,f94908aa3cea3065ea9e596a1926b551cd96e8170a7f266f97039387a8e4a665,1a1522994fbf0a92cefcd39b85f5d5726daa11bd6216c535fbe7b719bae97ba2,3ed08c103961dbbdf8b90ce4b991b60ee1d30596b9e8835ebaeb962208afc22b,2026-09-19T07:34:01.493722+09:00,2026-09-19T07:34:03.366348+09:00,21
temazepam,alpha1,2026091905,3,2026091905:3,success,7,ce131da4774c54e0c6c66573d16b4fd6ac2996d816fa4481deda45f549419f08,d32da15c7da1ccb9e6e85b1f75ae74de20fc5f0a95707a53b61b883564409999,642d542a24e26f3adae1306790694479161c99ea57422f4e75ed7154588ba5c9,2026-09-19T07:34:03.418378+09:00,2026-09-19T07:34:05.184718+09:00,21
temazepam,alpha1,2026091905,4,2026091905:4,success,5,314c0dde16199262d4169ce3afd7961ccdfbb5b13d69021bb43b9ab9d0a7f9de,58d8984782e6d8944477fc846618b368f0a18c574813201bdb390c633a39aa4e,4cf2678eac3e0e7f70f668ac32d5db5ebeafc90dac57206e952ab1e97510af23,2026-09-19T07:34:05.240014+09:00,2026-09-19T07:34:07.127170+09:00,21
temazepam,alpha1,2026091905,5,2026091905:5,success,4,f6b8cae49e8a9e338f9f0b91abcb591090ec231239b9a44cecbb0bc6aa97aac1,f8e95369a9e2944f910f15e3de6f34d44e6c93cef5fbb4f2373a4aad5424422e,63f2c7fc0b399e1252c08484459a8e218fbfe2e911d79573e89c40f20a7a5fe1,2026-09-19T07:34:07.175573+09:00,2026-09-19T07:34:08.964711+09:00,21
temazepam,alpha1,2026091905,6,2026091905:6,success,8,425aab1667e75149ed25245598dc63f71613c2ff2ed90d9212feafa64959b8a3,19e2669d1a659e878f65083773292d6fae64c7a9be89f0be46d46a1a769f5cc0,7c7b0d60e30ea76b21b3d7baf8266bf1f07294f5edbaf7a66a2a843194aa89f9,2026-09-19T07:34:09.020271+09:00,2026-09-19T07:34:11.044583+09:00,21
temazepam,alpha1,2026091905,7,2026091905:7,success,4,abc33277cbb3d8ed8f1396b29eb5802a90f8654cef7f8ff4591b80c7daa81487,ddf16091878415ea830bb100a064633e5d65211a2a00b72de2c6848f8ad956cb,4a5c150cd62ef5ded25376c0853f3a0151ccad0808f04146abeab2f7344f5b4c,2026-09-19T07:34:11.097343+09:00,2026-09-19T07:34:12.908617+09:00,21
temazepam,alpha1,2026091905,8,2026091905:8,success,6,698aa7a732f20154683d3860ce7ab0c9c31f339aeffb7300743f24ca73172ef1,0a08e3b109af84afe5f46c259b11ba00c7c6f0a2ef051640d638be8dfa08b684,5582effee1c7cc874f9cae541b9e3305a3fffdf81ef230c34c08b204e41b2a84,2026-09-19T07:34:12.974371+09:00,2026-09-19T07:34:14.799271+09:00,21
temazepam,alpha1,2026091905,9,2026091905:9,success,4,68a85126a76ed1035b3963c8ff798e630aa198de11a0b64e27ec032d25bce166,2dc4935ac3b0ead20851caa6de3d0173415dd9ca32f73419eb25ad48f9950e1c,96ebeafc61bae974a6409a04c5a03f3aaa633b6cbeed1a089c21e176c823213c,2026-09-19T07:34:14.858529+09:00,2026-09-19T07:34:16.657898+09:00,21
temazepam,alpha2,2026091901,1,2026091901:1,success,4,e50c93070a3c669f4c41073d9edfaa3a6614c40bcc6b07423773c16b471f7626,4b6506aa0e2cf95d54db7bbde07a241e9d383e5c13c128cd99b04f9e4be4ba6d,b276459bac301f3248b0367317950d1ce4fe3e0f5680d9b034eec66b7624e4e1,2026-09-19T07:34:00.247724+09:00,2026-09-19T07:34:01.015986+09:00,21
temazepam,alpha2,2026091901,2,2026091901:2,success,4,620995154ec523100646a30aee2e8a8d9c93a8e4ed5f515d3dc0743a5b8c7efb,78968abc102329bf515f36533f5a867b09aac353504afcbb6b8e9c33dda29c6c,f21d742e3ab8eea01a31e3e08ab59f81caf9f12beb48ba829dca7b3608d2bdb0,2026-09-19T07:34:01.045325+09:00,2026-09-19T07:34:01.738346+09:00,21
temazepam,alpha2,2026091901,3,2026091901:3,success,5,302d3a959eb5a652836de43de13f2f958f9cd4b1dbefa02c59db202dc185865a,40ff4b3dd3deee7221b7e2d8734f390321f9ba7232b5b795f6a8cbeb17af5e59,d68cda9986a085a0c8dca6396803e0394fced4864a2581b6bcfc5f0cdbb450ee,2026-09-19T07:34:01.771116+09:00,2026-09-19T07:34:02.521688+09:00,21
temazepam,alpha2,2026091901,4,2026091901:4,success,3,c228daa8d665936d8a369a661bdd41ac9e654b15940317f63c7506cff7e2f3b0,247c2b6ba7f4eac18afb2ef3d185f8161c376bb86cb0ef0bde73e2f77abe6d4f,9c7dfd439dd616488ed3dd0bf0d0e68131e312575b9d6aafafe70298f83f31eb,2026-09-19T07:34:02.553569+09:00,2026-09-19T07:34:03.338416+09:00,21
temazepam,alpha2,2026091901,5,2026091901:5,success,2,4e6dbad0cb8cc8986dacfcb4b372890c79f8bc69be76d596a9e7aa7516e91dc3,48dbd3f20d15a8d4d1e3eaf298774019e459e53f847587794badc3663da0984c,168a1bfe1b031bb9980768e02c64d47db7520d56bcc1a41f5de82410b543269e,2026-09-19T07:34:03.370099+09:00,2026-09-19T07:34:04.069198+09:00,21
temazepam,alpha2,2026091901,6,2026091901:6,success,8,0bda577c007f0b482c43c532a910fe649ad5d628296519e4204aee04dc0d1dbc,a35c239161115cf927bcb75050c3e69325026602c20ca2fee5f4443c10721560,53d4c0b5c1bea1286eae97a377fd0dd71dd74a217db32fa9927313923f6913a2,2026-09-19T07:34:04.094004+09:00,2026-09-19T07:34:04.880474+09:00,21
temazepam,alpha2,2026091901,7,2026091901:7,success,5,a985729b7ac926ac1c985ae8dda3d33deca51c48fc83de5ed1a53f23c59ed0a4,fd808bf9eef7225bc21bca853da5d0481bd281a65d68fbc4a168346043d4e8eb,aad35f0e9f414ddb6c369b852952e9eb4a64383df503a263a8bbd64e1abff2c9,2026-09-19T07:34:04.912161+09:00,2026-09-19T07:34:05.582270+09:00,21
temazepam,alpha2,2026091901,8,2026091901:8,success,6,f096d1f0502b4ab3a98378dcdb4c1fb258aca86a1100b9027b35e9c6fc13a50c,0daacae787de8390ad91745b11b6fdac98606bcc5ace1383c3f8a9af2f3ac498,ab1cbb118af3afdeccbd5ab425958aaad306a796d692cb7230745c9ec5c6a81a,2026-09-19T07:34:05.606273+09:00,2026-09-19T07:34:06.365427+09:00,21
temazepam,alpha2,2026091901,9,2026091901:9,success,3,ee8376129ba768b8555952b7534dfe3865187a0034fb5b28e433092ca24deca5,d7e6381e12cdf190c9e0abfde4063d578ae4a670c4089e6b939e8c9c4cbb9256,7c526990a535472dbd03a493c81c533cac9b33cf7a98336cef6e50246b3fb508,2026-09-19T07:34:06.391322+09:00,2026-09-19T07:34:07.190490+09:00,21
temazepam,alpha2,2026091902,1,2026091902:1,success,4,2b585ebf3501a8006bfe8ec5f68323d98d5e574402e58211e8150898290bf9b0,f15e8da14aa046339ada8d3115d61e75949ace89cbc0d3d1ea3fb48fda52203f,a4d2cf7ccb40a72bca358178ce4f521f1afa1f5da7ef3fe8eb288d72d66467e7,2026-09-19T07:34:06.466730+09:00,2026-09-19T07:34:07.227305+09:00,21
temazepam,alpha2,2026091902,2,2026091902:2,success,4,5f34c8c94e7d5967f44c2f5f2e913773917a8bad3fa1e3086859230ca13d4711,63e6efc6e80906d315fbbc6b1de0927f160207edf8e0c24bb08afcef9e7485c5,26508fbd9e86bbcefe3421ff34171aa6ada775c40655c5bee90b8d431ba2449c,2026-09-19T07:34:07.251319+09:00,2026-09-19T07:34:07.948501+09:00,21
temazepam,alpha2,2026091902,3,2026091902:3,success,6,e6f5fe39da560c921e1d0cf5fe86b2465d261615083d75ad94303fe57e90e3d5,f016e2a3611b153d89b0f03110b9da5615a0f8be2f5189b2dcb456dfcd896356,f5c64fee8aff01b1c7e70e1a925d89beab91903d69d45698f3373821af47da77,2026-09-19T07:34:07.977317+09:00,2026-09-19T07:34:08.714217+09:00,21
temazepam,alpha2,2026091902,4,2026091902:4,success,5,fd20f02bba050f180b6138c3cb7e4eaba6776daad012c818f097615c8d20a592,04496c8a1b9d4e139e803c926f052f5093c94c1e129fab463b4728e6777a3641,9bf67ab005495a83d0375069cfc5afcd7cd427c7eed267e2a233e4c6e091a75c,2026-09-19T07:34:08.743038+09:00,2026-09-19T07:34:09.538247+09:00,21
temazepam,alpha2,2026091902,5,2026091902:5,success,3,3fe0050f3165eac1514d134e7246bd75d2c48dfcb87131214549d976130bef54,99326634919802b90d82c60f0265d5b9d137147a1e65d93529ebf7554ca22cb3,b04ce44365b2398a93fb00b5f62ebb54c885343bd0fa9322bcae4674d9cba209,2026-09-19T07:34:09.561852+09:00,2026-09-19T07:34:10.356057+09:00,21
temazepam,alpha2,2026091902,6,2026091902:6,success,8,67a17983477e65b71e31c16c9e0061d086c2c83513ac8da70fe93f7f134df8fc,f84363d8548c3ecb6b975d3c5b3d2533b2a14cdf7373134259340d9c77d90f3e,6634ac45614759a71d9569bfb750bcb8029dba21d836c2d1193e85224784a344,2026-09-19T07:34:10.411309+09:00,2026-09-19T07:34:11.272400+09:00,21
temazepam,alpha2,2026091902,7,2026091902:7,success,4,f289a080f68aef564056f5a30ad35f33cbb35cb704bde11382f43bce556a6112,fc8419192de343dd1a9eae82efe0084346c8366823141c1997bf92adc9ea7d09,94873e542e075abdd81b90ac5a197325d9e35c4fde59ff3b913e05aa47783a3c,2026-09-19T07:34:11.303320+09:00,2026-09-19T07:34:12.017816+09:00,21
temazepam,alpha2,2026091902,8,2026091902:8,success,4,6b059bd7e0aa21818772621d5722e86d3455e32292ddff3e266129400416dc1f,2bafba057eaca4e3760eb89e33c8cec424ac98def68d649ec91bfabdfbe619c6,86518117288ca294dfb4855f8bd71c8dff8ee4b0705bb35210f5df3e27de510a,2026-09-19T07:34:12.047546+09:00,2026-09-19T07:34:12.797322+09:00,21
temazepam,alpha2,2026091902,9,2026091902:9,success,3,90b6498c049ab12819ddd0e9d9adf7114326654b1678ec67904ede6e7eecd5fd,76fcd5a2f231f44b10477ee51d9a1a5deaafcc11db16f94cf8ef2d923e6e77ed,19845821cd7d3f1e48543a21b29114eadebf2eb229ad34c451db8e4c9929689b,2026-09-19T07:34:12.829786+09:00,2026-09-19T07:34:13.670977+09:00,21
temazepam,alpha2,2026091903,1,2026091903:1,success,4,c25bbdf77a0bbb17da21150c452fe34bc4f26f7cb5475e64a9d6f786615a835e,988d70bb8ee0c0e2488e9c4df4895643f57faf79ca3918d761c6e7426899c820,c4f0139651f29c03e5762552745d5e9249e69c26e8cb8fa2106aa4f280254784,2026-09-19T07:34:10.157906+09:00,2026-09-19T07:34:11.186411+09:00,21
temazepam,alpha2,2026091903,2,2026091903:2,success,6,91e417ae06fa4f6d8b51ff20df719b43c7ae51536611dd0eb9c3b92fe39a3ec6,3e1b5fd1b3d32cafd4068ede1aaf726d13c0071b7dade1e20b6086ddfc5fe3e3,ed597d751ebaa5295a9043fb8d23625f6b919e4119e9471a217debcc4426ee34,2026-09-19T07:34:11.214816+09:00,2026-09-19T07:34:11.964053+09:00,21
temazepam,alpha2,2026091903,3,2026091903:3,success,4,d0364a6cff9fbb00fdbee3395eba76f569b16a35417e400e48e8b3d2fa2fc55b,57844075e2c113df5de54a6c7a22628d83fd9ea8609a3d5f49abc309577567ea,ba0174d31ebc29344e0a4cd11959417faa315fc59981f3002b7317a5b83ce002,2026-09-19T07:34:11.992922+09:00,2026-09-19T07:34:12.715795+09:00,21
temazepam,alpha2,2026091903,4,2026091903:4,success,9,8f0b330a4f56763837fa06121fba3eaab9ca8e6487588fedeb5a493777bfb109,0c7bbf30439125b69cf57e93e0543e5528824aac23a3142df0b4918f2128c9e3,3f0fafafb397579f0f15c7eb4c2aa5be27b49e87e8067ce195e5efca6e5319af,2026-09-19T07:34:12.743278+09:00,2026-09-19T07:34:13.570613+09:00,21
temazepam,alpha2,2026091903,5,2026091903:5,success,3,2a464d725078eb7987f41bf4e07b8ffb8accd369bcb79359f9d77e762e85e103,fb7a9fef5a8bf454c955ec0c4ac9126061b2635478f9d48f4619ce0c6f2bad7d,1a76045bd7c415a6bd1d6fe39a1418edc8c6a337e7e5c382e78fc3457a95c9d6,2026-09-19T07:34:13.600277+09:00,2026-09-19T07:34:14.312877+09:00,21
temazepam,alpha2,2026091903,6,2026091903:6,success,7,911e0fbee5f9cd34d6cf0e20191ce0b91b2218e351f59ad458ebf07dcd3a04e4,4d1a68df0e1dcf9602f3f2e0fa6de9be6f157fd60b09a479783d7d6ec0c89c8c,76a30f6421ab818fbebd6216e43b51078e573bcf1b35921e85d3dd6f5af632ca,2026-09-19T07:34:14.341022+09:00,2026-09-19T07:34:15.156796+09:00,21
temazepam,alpha2,2026091903,7,2026091903:7,success,4,7afc83103e8650be54cb0a78be8dc753fca17c7944e6aebf1c9069a793a6171c,2dacf0bf4a4485e45e6f607a0c8e949bbc1b47b4cdc94134cba863395c5028fe,9ff9691a8dd805264f8445df2446311cd7e8754edc23c47a75b7473fda957335,2026-09-19T07:34:15.186422+09:00,2026-09-19T07:34:15.930071+09:00,21
temazepam,alpha2,2026091903,8,2026091903:8,success,3,295a88b89b27605a5bd864737f93f222068554363a6541359e27fab5621201c0,95c3aaba66125a128c3aca27437603181aeee3fe55b8a5fc3e0e53c8a043018e,199e9e77b3c2cacbd5be6bdce47668ba98f0bae331a8bbfa0af727861ed7b3f1,2026-09-19T07:34:15.956335+09:00,2026-09-19T07:34:16.711594+09:00,21
temazepam,alpha2,2026091903,9,2026091903:9,success,4,061ebb1c628293258fc551733a6a32a4c2efcb3c7ec58e757eb98de0b1cd3261,545deac6bb0c6301152a2d5d3d6e9f3e21071e5358fd9b41a041c1d953c3a359,2e6603631764abf1fa872a2e5c8c17aa2792c094b229e0b08ba98c5ba8028619,2026-09-19T07:34:16.738689+09:00,2026-09-19T07:34:17.539512+09:00,21
temazepam,alpha2,2026091904,1,2026091904:1,success,4,936b3f86febe50563bbdcc095f8f5186ef4f3cb7b8a522fcd70d87f07d03fd12,c51c9ad3eaccc6fc0cf79cb4a40083c04fd3e103941cdc1c984cfb79ee051151,cf879582d5cb7a37fc57be362181678e06aabdd7947a421b348dc04579ea903f,2026-09-19T07:34:14.302675+09:00,2026-09-19T07:34:15.037910+09:00,21
temazepam,alpha2,2026091904,2,2026091904:2,success,3,357bb765bf829ed74bd79848c27da45670da76aa615d32cfcdb90e4c7373e90c,8ff11c1ecd5e77b58fb212d2f3fca1557c67ebe678ed90c8a21ed79963b29604,96800f8631524784c858226815da2a3fa9f5f496887b9f02822c65ca3440c9b1,2026-09-19T07:34:15.066018+09:00,2026-09-19T07:34:15.767465+09:00,21
temazepam,alpha2,2026091904,3,2026091904:3,success,5,7c9e8622a22d9bb525e0e2121991dcef97b7f52a42143ec666d2ec92a0403968,ca2d4a4047b834f4955376c2769d449b98bbd6b5d48e42e40679ca92da9d512f,e63e83faa3f45a1c0bedd133fd5f6d834f5d737d5d3a276e728da885500272cf,2026-09-19T07:34:15.797702+09:00,2026-09-19T07:34:16.548094+09:00,21
temazepam,alpha2,2026091904,4,2026091904:4,success,6,ff25d02bff4a6857b8833c0330c225eb4e75c6c8971d5ace02f2f9f150f275e2,c13b0f847ceec85f91cfa5b41881e555d5f5a2e2e240c5fa89298a5756c07d07,ee303ec6f1a2f799fcc67e75e9262d737d540fc5ea772d9a0fd9b63d4bc84f1a,2026-09-19T07:34:16.579502+09:00,2026-09-19T07:34:17.374254+09:00,21
temazepam,alpha2,2026091904,5,2026091904:5,success,3,084ea9df31e81047d175ea0c120b4b2b1f87fec2bfb470d0d47a0454ef31a1e5,71a627d3fe76ee1b4c91a946e6c97bb5ee6e5c8dfd31466ece946788f6fe0f93,a84ca899a8ae1ba82346eca5aecbf1d43a5a8a775d2c35b44d5127a58e9613d0,2026-09-19T07:34:17.403903+09:00,2026-09-19T07:34:18.149260+09:00,21
temazepam,alpha2,2026091904,6,2026091904:6,success,6,f55626b95b88fc0d4a7a21678e688e152a157acd88033cd81ce011c4d2e4ae65,3ee72488bbbd586958453dc91e7fdd9ec20b8e362bc44099be29fb2cbdf4764b,3029cfc8167406fddd6b98238d71ca5fefb2d183d975f1fd00199dffbb827427,2026-09-19T07:34:18.179073+09:00,2026-09-19T07:34:18.988113+09:00,21
temazepam,alpha2,2026091904,7,2026091904:7,success,3,5e7e85a0c4353085d383339453f006f3e8fdf1055a4362747e116fc077acf004,3720e51b440dfdbe9cba103e5a36ff3429af97b161c53d7bcf46bbb7fed543ff,02814502dc05af80bf971d19cb60fd03d8bd660fcf86a0ada97fccc53ff5f86c,2026-09-19T07:34:19.015185+09:00,2026-09-19T07:34:19.717658+09:00,21
temazepam,alpha2,2026091904,8,2026091904:8,success,4,fa644f40fa36e84254747539a23fc52755a34a143ab16307077285d7ba8b91df,65b76465abdf91648a2f9e5f05863b51c210d2e7661bf551a07bc253693e19ae,3f5a14483ea69b425a0d755e2d0bb41060a296125c3dfe246df46c2caa9bebf1,2026-09-19T07:34:19.743294+09:00,2026-09-19T07:34:20.430138+09:00,21
temazepam,alpha2,2026091904,9,2026091904:9,success,3,f3051fe16e603ad91d715f140c65f04082a6a32c8a5f230d5c2adcbe04a18c9e,e6fcae8f2e99a1888dee99fc07f82558ba9c5736d43a9bd5b7f59658a61edef6,10d9ac2550ec0848e12933f89d16bae897234ab49996b5f14436bc64628aa876,2026-09-19T07:34:20.462261+09:00,2026-09-19T07:34:21.241845+09:00,21
temazepam,alpha2,2026091905,1,2026091905:1,success,4,6dce859b8be861518e044ffff12edb8ba2bc1d9e8f3395b7c5b7f9237d3a4709,5e78dd515971fc0e6c51b9985771cfc06dcd6990fc73ed7fba8f9d1144079f3b,8dcd57b0607ddd6d064a2f0660df17cad20ef0618f4bf5562c61ac6ff587ea5c,2026-09-19T07:34:20.547485+09:00,2026-09-19T07:34:21.371465+09:00,21
temazepam,alpha2,2026091905,2,2026091905:2,success,4,07fb5d507694b42bf9ea2e868bd410dee95848d1602952de8dec2dd2a7fc8699,8a98653ee58af19d052b64b750cd6b85261fe0846e8df40407d2225df7abcbd0,c0f653b72877fe780586d8e6b4213bad23caf705bb25da0e69dfd9b74c5cbcdf,2026-09-19T07:34:21.416815+09:00,2026-09-19T07:34:22.142957+09:00,21
temazepam,alpha2,2026091905,3,2026091905:3,success,5,039e41b802b2469eae219120f1d89adf959db38727c708b7b992f2e6d1be3752,e357ec8d9ea9eb7a0dcf7c2a46f8029ecf8c1972976e736edb1a04653d9dfa0b,f154de7647588aa5aff6a05f59231e0aeab8d07d4e8b66204fda4d9aaced00bd,2026-09-19T07:34:22.173133+09:00,2026-09-19T07:34:22.909437+09:00,21
temazepam,alpha2,2026091905,4,2026091905:4,success,3,528d4c1c5d6eb00a354eecc609bef9dbb2f3dccdee8e8d1edb1b2ba5715591ec,6b3e04344656551d244af8bc8acfe2698913ac5e8be1b1d137873d3e5cabe704,50aa6e973fdd10e421f44b389b4b50f8fbaf1cff6f71720fb7d0b61acd44d5cf,2026-09-19T07:34:22.935836+09:00,2026-09-19T07:34:23.688389+09:00,21
temazepam,alpha2,2026091905,5,2026091905:5,success,3,49e5077b85f4011e19eab37c4c4fa8bdba55dfb542495116c61f8048180353f1,2030a0268e9d16cca9b15e999cde78ca896d9b511fff48216477d5817078d23c,577fa92e021fcbbe7816b475809a0755c06eb0edb0a63757287e55ba837af11e,2026-09-19T07:34:23.716748+09:00,2026-09-19T07:34:24.448704+09:00,21
temazepam,alpha2,2026091905,6,2026091905:6,success,8,df113d8a432bdddbf20b70dcc3607cf2b128e9eb8011121d40f14440f4010ef8,edb96f5a233b4486ad778190eae4a0abd4b32c0338a97b2807bc578045cedc13,4f673805bb98ad9308ab3b18bc5abae439951fce271c2b41e9be669e92c66307,2026-09-19T07:34:24.474028+09:00,2026-09-19T07:34:25.254265+09:00,21
temazepam,alpha2,2026091905,7,2026091905:7,success,5,0b322b4ab836e4d6f6de77b2db1ee470f5bf23d9f60f6b202010105eb5f239e6,b3174e393f571c8cdb40d99b07ee44bf87d25f3951220a565a729d32d45effe4,73cb42de062bd53b86a8f79656790734669af9d5c42d7f829f02923c0afa7b65,2026-09-19T07:34:25.280694+09:00,2026-09-19T07:34:25.962607+09:00,21
temazepam,alpha2,2026091905,8,2026091905:8,success,3,d25905aaaaaac4623b49d2183c76cdb274c652f94a4cf660ef9fd6c82318f735,701e88580002794f50a213748a4d5576a2b306f6bbcf791e2d70f0e681cd6a9a,a7f8893e8901f98fa2159fa292419cee8a1e93225eb9271b8b654f65505327fb,2026-09-19T07:34:25.992800+09:00,2026-09-19T07:34:26.717381+09:00,21
temazepam,alpha2,2026091905,9,2026091905:9,success,3,daac26a4b0b55afd8db55cc2e2a38858556c225298f83320a2461143565f0aea,600b4f6a54289c1102ac4f6467357a4c45cb41555cb15a4289624b81d0690aa4,71b0cfb49eae19c52b67eb6474c652727fcf2e5289ec15c132de105f0cfe7970,2026-09-19T07:34:26.746889+09:00,2026-09-19T07:34:27.532932+09:00,21
zopiclone,alpha1,2026091901,1,2026091901:1,success,6,6bd441714586fa73a2023d2ed1b0caddddfa7e9406a6e63bbe575f0d31188fe9,00bc57cac66c6733a2547e238cdb580f24932953d13d1788657d5f976622bbdf,cff866b2402e13012b19bd5c3cd24cfa315202c44b4915c6ab2b7bd9f3914b9f,2026-09-19T07:34:23.543469+09:00,2026-09-19T07:34:25.449660+09:00,27
zopiclone,alpha1,2026091901,2,2026091901:2,success,3,95fa387f4372bcfeef4b0e8927dbfc6bd78073676b772fa2a96b262a59ac24ec,f6e7690a4b16a304572564e6c3b6ac7330454c75a83ca84fba2abecba9fdd3f9,9d746f33e97b33e6804f27f6db05cc15f06e14d10a33b8bd4940e5e86b4b8fdc,2026-09-19T07:34:25.501434+09:00,2026-09-19T07:34:27.333185+09:00,27
zopiclone,alpha1,2026091901,3,2026091901:3,success,4,28ced8ff7d841cf000dd8f2bfa00fa2f16eca1835252706b8893da71e79a6970,c446f7e4a9e87ec24681dc9056d32c73991b7da3fc89064a352246b08a6bf458,9292e28186aac07c8c4e9167834ec0d9868f320786ac4ce50f1ce7c7ed46d058,2026-09-19T07:34:27.385400+09:00,2026-09-19T07:34:29.201213+09:00,27
zopiclone,alpha1,2026091901,4,2026091901:4,success,4,68ffddf3ac9dd221602c9d27929561817599c9e2717ccbf9063a1b8f1d5872f5,1799d50066ad853410a9360d7bdeb4558e70b062ac46fbae981289f473c878a2,282592190f72dcb107b88c3f7e90c10e4c6423f417806a5e3d92b02f05538404,2026-09-19T07:34:29.269684+09:00,2026-09-19T07:34:31.229436+09:00,27
zopiclone,alpha1,2026091901,5,2026091901:5,success,4,2d9abde8391c30ba8a17b891b6edeb7160992eb0e2b2da7b88a71d9717d706f9,c2618e8fa36ab4d0265e9bfd46138a8e7881154db7c70116428fb417c18d6bb2,ac0e4d13a511fadbc75c819835224046b0eef72b8b7ce20c7f074a9de109b43f,2026-09-19T07:34:31.280781+09:00,2026-09-19T07:34:33.097794+09:00,27
zopiclone,alpha1,2026091901,6,2026091901:6,success,6,aff04da6fdfa4668fc7493e44ad3465fb35db9e065f617540d71dc60098a3915,f608e739cd78b6c624d502f28132fdee4acded04539dd2aa4022ff5b7efb2184,6a7fbc8b6741ff1a34522224510311448dd1ed64b53d77b7b44da1a2e3293b4c,2026-09-19T07:34:33.147710+09:00,2026-09-19T07:34:34.940275+09:00,27
zopiclone,alpha1,2026091901,7,2026091901:7,success,5,ebe815b3169a5ef90ddbb27f004de11941deb1382e000d18b869cf8e9b1d92e9,84401745ad20633e1bb400093f5b2903d74716a9211c710e5ee0e0019229fcd2,c05032f0000a7ce47808da178e0ddf34284689304d7b4a3e0f9dc38e71e2322f,2026-09-19T07:34:34.988978+09:00,2026-09-19T07:34:36.664061+09:00,27
zopiclone,alpha1,2026091901,8,2026091901:8,success,5,5321cb58cf79886eb131cec8849bddfe5588048c1d764c22d23fadd71e5649e5,7300bc499c071c822f7c3f7de15bf76a58fe310336d5bf06fe280b897451f210,b49056fe0be615d2bad4da85d17c6fe70a00a9fe53d1699b7ea6b972dc083459,2026-09-19T07:34:36.709937+09:00,2026-09-19T07:34:38.326734+09:00,27
zopiclone,alpha1,2026091901,9,2026091901:9,success,6,60b4ca60973b22fc9fa0ef0e6b021efc0e3777822c43cebe90908a93d0fdf5a4,81eba7eb0f56cd6acab0f544dbbd2f213ebd1fd9d780a8cce486f6798ac9ac0e,6297c7b4754549c3670ed8e4e00b834e98e7f4a6c1753eacc7e185cfe2ef74a7,2026-09-19T07:34:38.375347+09:00,2026-09-19T07:34:40.078410+09:00,27
zopiclone,alpha1,2026091902,1,2026091902:1,success,6,0107ed9e4dc06c8b496187cc824df8a668b47e94839eab7e25b267be49015a15,cd3eda6fff2ab1254035508710dd25bd9aae0a4c4771a1ee6c9b837044966ca3,bfdbda0dea6b9d8c1a136d3a19681e9d1b31f48f0f333e2b4f397a2d79129604,2026-09-19T07:34:24.412831+09:00,2026-09-19T07:34:26.237710+09:00,27
zopiclone,alpha1,2026091902,2,2026091902:2,success,3,a5209ef40a562ea31e82abd346756f156d90154a7f87c31e610c4be3318f7fa0,6f932a69c9865be23f8c7523168759ee41502ea16786745e5186d2c1b9a8d228,d26c60e4659007fedd919cc00c667d8476293664ceb690fb15319368f746aacf,2026-09-19T07:34:26.287497+09:00,2026-09-19T07:34:28.126303+09:00,27
zopiclone,alpha1,2026091902,3,2026091902:3,success,4,0ecd8d1ea4a113bda6ac71f23df76cf8c90a415ef0ec61088ca2f7d14dabc0d1,dcdb085e2fc8374c2eaa6df5c07b768fee38966a07e96a01404298d173423292,645d45daba6a5822ba1af15cd7bc5280336aadb3004629cda212102adff4b8bf,2026-09-19T07:34:28.179896+09:00,2026-09-19T07:34:29.971978+09:00,27
zopiclone,alpha1,2026091902,4,2026091902:4,success,4,a40fad891624cd0ba05ebb0a72626740ef527e8f2c348bcd502b668c3259e281,ccdef4da683c7050ec5a23817ef0887dd55bf640c9af9c91561b4802a8e3e4f7,da56d4a250bdcb75dd38303b1aa8e6cb58541c6c9d647763811885715a08a2a5,2026-09-19T07:34:30.023261+09:00,2026-09-19T07:34:31.923358+09:00,27
zopiclone,alpha1,2026091902,5,2026091902:5,success,5,ea0ae3591d8d3b23f61a20a58fb0a8384ea049eef67f2d0fe90fe39c9890f615,29ef132fa6d683d892214727e6f8aa7ffa657ba372c62f3e06508e64e3cbddcc,01c050f0e60c794ea9eb768b73ecc6b2a6dd0178af29237034a08a42377ce26c,2026-09-19T07:34:31.974742+09:00,2026-09-19T07:34:33.738585+09:00,27
zopiclone,alpha1,2026091902,6,2026091902:6,success,6,914ba32110f761a4be17af9234a8fcef31984e275071fdf8635329674c7d1385,917092fc616401a643f7e0a0175c9c2363ffa70ff62c11f837dd5fe73f9eb2c7,c0aa58b9571060f4f4d0236a9ae800cd0479b47d75f286c3e2b875e4424708b4,2026-09-19T07:34:33.789765+09:00,2026-09-19T07:34:35.485279+09:00,27
zopiclone,alpha1,2026091902,7,2026091902:7,success,5,a8ed64e6a1e74b2b6224a5979ab39dad03c9fe2b448e8512b1347a598ce144cd,f781d8a12e9069dc37684258b5b40d2916eb976c16afd07bc8cde5cf65d420cc,f6ee3c4d8b8c4ca634efa95005f91e97d97b4f3e0146ad3d962df8bf70d07410,2026-09-19T07:34:35.533003+09:00,2026-09-19T07:34:37.170412+09:00,27
zopiclone,alpha1,2026091902,8,2026091902:8,success,6,e690d434f186390890d23f48a780f057d52f3d4f2417e30a0ca899fed3a4a054,22b7458553f793ee33f59c8aaf8f8c7224fb7276743208fe073c5714c712b2f8,e1b5fd53e1c37e8745f8866e04c4efd76b0cf67d95dd51f95808a844928a0f12,2026-09-19T07:34:37.216090+09:00,2026-09-19T07:34:38.826617+09:00,27
zopiclone,alpha1,2026091902,9,2026091902:9,success,3,7d6cce1c522febd2154e3d2bc59ca3c4b8f59b24bad09bf550940a99d4eb3288,377ae5768e4296769181ff73909c6a29a4507975c8d22cbd635717088b550a32,7a8b146a31231f98c55fb23040c8ef9ac24538b9659e30261eb0b0474b26c150,2026-09-19T07:34:38.876980+09:00,2026-09-19T07:34:40.534980+09:00,27
zopiclone,alpha1,2026091903,1,2026091903:1,success,6,020765f6706e6fc08d1c325e36795e25b11b9c5b53313e1c4ec0b920c8484792,2d831ba40440aca86a3abe4194fc0c3f5875e8a7c49f1195d85b4e94d9e4fa11,a4b0464b770779a37c8be6409d4893515aa2d734403334d40e17fd5364a3ded0,2026-09-19T07:34:27.904406+09:00,2026-09-19T07:34:29.807262+09:00,27
zopiclone,alpha1,2026091903,2,2026091903:2,success,3,68834cac545bbb4372fa505565548e7693ff55c2edd209bf702a13e680ede5e9,ff417e9acad2bb3547e31785f41189945ca0a00bb0cb590c71e3d68b96279da2,72b40d5bc48f93ba4716d49c8ed8e1c2f90085889384699cb8f6c44377dbbab3,2026-09-19T07:34:29.861823+09:00,2026-09-19T07:34:31.760492+09:00,27
zopiclone,alpha1,2026091903,3,2026091903:3,success,4,dfeb4f2e49e435654c7a5159ab1df8d1c84a83dd58befdd8f160733a3b47ec56,aad8aa606a3dbdc213e39f53bb2f2f5e28775eae67db9a5e5e3aa42941a317a1,614fe5ff7e4e175cfda862213471777516552ea1166f49d7b1ed2fdc30a5bb7a,2026-09-19T07:34:31.810757+09:00,2026-09-19T07:34:33.540525+09:00,27
zopiclone,alpha1,2026091903,4,2026091903:4,success,6,ece3d4323499b28917168b146bc20b76446e97b9a82388571ab41c04e1ea6fc8,64b6ee37cdfc7420ab4a994beda2468583666460f70714f91528499d602c4586,4d6b15d8cf3261b3a660ebfa98c93445926f767260757261f3e6168aa21f9802,2026-09-19T07:34:33.598639+09:00,2026-09-19T07:34:35.377080+09:00,27
zopiclone,alpha1,2026091903,5,2026091903:5,success,4,4deecc49a60caef4845e675aced8973663931cce507684a13295c91c5bf6dcf7,0d8226f1cee915f985ef0b7c83f23e213be21fc4adaf23695b513dbba165fc83,73c076487eff0b73e9d06a99230f07331877010ea3d55cb05cd830ffafcdb9c3,2026-09-19T07:34:35.423281+09:00,2026-09-19T07:34:37.079112+09:00,27
zopiclone,alpha1,2026091903,6,2026091903:6,success,5,ec7d0616bf8023bed3fb32f18d25024ffe4da5bc94fb36faaaa0a760138cc3ab,1f3c3e40747366a2434fb11ada29dcf7d91acabfd4204400488be4749a752f2b,be81bb5301a77b4c5343ebbfcd94b5fc97a3c52be719dbc7f1b1b4a682c1ad7f,2026-09-19T07:34:37.125379+09:00,2026-09-19T07:34:38.837314+09:00,27
zopiclone,alpha1,2026091903,7,2026091903:7,success,5,1606f7f94c3b8e933449de8c0a592d82022610b42c32bb40d6c4b4c840ca99d6,2c7dda7b489bda6202a20f90d08098d48f75bcf4c072872e9de33df05327b56d,c859923ae9357e1e6bc003d455818de8e97e50ba2f7a439e79b77b7121983bbd,2026-09-19T07:34:38.885456+09:00,2026-09-19T07:34:40.585170+09:00,27
zopiclone,alpha1,2026091903,8,2026091903:8,success,6,739bbfaa3af9f57beffddd1e0d16d592c8f9a9062ed74080b1160f05918167c6,d1288ef5fa2c0aa537bb12842b954bf1b7ae0ded19455e006aa79aebbd82da52,26757dace03edd0aa2fbc8773525acb0cb3d92b92a915114b47cab9678362bd4,2026-09-19T07:34:40.627986+09:00,2026-09-19T07:34:42.096545+09:00,27
zopiclone,alpha1,2026091903,9,2026091903:9,success,4,2b9637aff9bf6d8c17192158826d36e6d2427bd5a11b62e566c162c0f3d63d70,296e43d73b4ee81109bfa8117d721581dc3e29aad9531bcf93f8d677bec13cd4,15fddb75f4eeff3e2e508db4d83549be00a66ea74fbabbf053c856bd1262860e,2026-09-19T07:34:42.142836+09:00,2026-09-19T07:34:43.745679+09:00,27
zopiclone,alpha1,2026091904,1,2026091904:1,success,6,afcba2228803422597ae0c3f1634d7efd029e90503fe3d39a2f27857f42ddceb,6ee375078540784959f8346229e1291b2ed2a590327eab07da5829f52c0dbcde,6bf80822de4a0869655d97ae7a56e633ac816c6902aa254879f4ab07e21a83f7,2026-09-19T07:34:34.312058+09:00,2026-09-19T07:34:36.008143+09:00,27
zopiclone,alpha1,2026091904,2,2026091904:2,success,3,6d2ce84999c62bccec56277784605202759143868c2c88001915d3fa0a506b21,58e11e280c910dafeba0a5e2cbd41dbf3533f1baa66b8714d3bed3bd6e21a758,fd413395c8e03d1a935e3bfaadbf92f2d384672e05caa5ab09d5965cc2306156,2026-09-19T07:34:36.050750+09:00,2026-09-19T07:34:37.742358+09:00,27
zopiclone,alpha1,2026091904,3,2026091904:3,success,4,94bc98d9870cc91d0210a66992012d0aeda8704651f1964391f96e1898e52dee,8f28ae1d5530cf371e15cdee3d5b45a59882e495e655bd5a095ddfff378caba6,f3e0decaf85efb8ebe0532173ded69c8d5b0565668d44795eff92c0ad27f03c1,2026-09-19T07:34:37.789936+09:00,2026-09-19T07:34:39.417201+09:00,27
zopiclone,alpha1,2026091904,4,2026091904:4,success,5,3546e9aab691e75d48ced7e7956abaae90af8acb511a0ec04fe70da58e9fe9ec,003b4331518a6d636f1186a690e45573eb78852bc7992adf511db782c29cebfb,b9a2af0caa3df58bd6596bdf84f9068abab6c48e314f79b0440e9b520aee5bcd,2026-09-19T07:34:39.465127+09:00,2026-09-19T07:34:41.061917+09:00,27
zopiclone,alpha1,2026091904,5,2026091904:5,success,4,80e481af68491a634551860bab7ca9a54970f086d0032899e4d55514401e99f2,f571966314efc43ac942f9087c02e6cc8e032f7628cc4c8e0cf87a1fce5fd94e,e5bd70079ed2d1e054bca9d2efa48212a4532ee57fdb4f8315204749b6290119,2026-09-19T07:34:41.105948+09:00,2026-09-19T07:34:42.628733+09:00,27
zopiclone,alpha1,2026091904,6,2026091904:6,success,6,c1846c9a6daee1810aca194b9c6fe2eec8e65a6c1e7c0c11c86d4f8ccdfc6e71,a49a39d6f1628270f676c60d1c1a6245ee57eb9ca148db747c9c6cb1447d32f0,2f450b9f99c34817ccc1d899a265dab327c5d27a44a27ed08b72b6d863522c75,2026-09-19T07:34:42.678027+09:00,2026-09-19T07:34:44.198116+09:00,27
zopiclone,alpha1,2026091904,7,2026091904:7,success,5,e6fcc38c45d066b2f86a6bf653609148c659f48026529c790d719c3f6a518601,74a0e7bea2e52c65b3738b3dc5afb50ae1b7ace36c0efae8eba8d7f3ee3f504c,a573b7a146a3586f3213806f4d45a190897a644e57fb4212b972fa7570002b41,2026-09-19T07:34:44.238220+09:00,2026-09-19T07:34:45.781363+09:00,27
zopiclone,alpha1,2026091904,8,2026091904:8,success,3,109f810f1fada369828c86f98de702f1d6d205798766356cba507e8439e4c55f,4622ade5f65cac908aaa74a54d90c340ba5e24babed093753af7ab12bcb0262c,73153cb403976e141f8fe528f24bcf34d48a926cf9365616b1b944c32fdd8f59,2026-09-19T07:34:45.825271+09:00,2026-09-19T07:34:47.216271+09:00,27
zopiclone,alpha1,2026091904,9,2026091904:9,success,3,be5c4ca5b709994d27da15edb1a48d4985d539e5c4a4827acff04aa37f8587c7,77293519fea5e983ef3d28098eb9e0c0da867fffd9f0f34b05e49311764738af,893b7e6d087e6e8463faee043927ae4f2740dab1c6789510b58a5b7823ad2ca0,2026-09-19T07:34:47.258330+09:00,2026-09-19T07:34:48.755415+09:00,27
zopiclone,alpha1,2026091905,1,2026091905:1,success,6,86cbc8eed01716f47b1972fa8a0636e96947defb5ba62c26f76e0d02b16f15ab,7b642a8fcaa3f655c3d7731ee50211f921ecbc53ee1e083a48ce5774b8d4ea90,51363762fbbb826f615419dbda1b743817a6d5d5f774389aff0c5b0085a54931,2026-09-19T07:34:46.123962+09:00,2026-09-19T07:34:47.586871+09:00,27
zopiclone,alpha1,2026091905,2,2026091905:2,success,3,b3f5c548d03de7d0235221edf66110e3825c00d68ab649d60103adbce67ab593,24a3b8b3b6dca80eb982026933d294b58bc2e18240e110759c8651fc78cc55a2,d90bbdf5bdf12e8541c3fbedb1d539f1c600a24d2611f8d5440ac15651712be6,2026-09-19T07:34:47.631955+09:00,2026-09-19T07:34:49.094301+09:00,27
zopiclone,alpha1,2026091905,3,2026091905:3,success,4,e79320ff3d1bd200eaae0e3a42b13530d351e074f0eb2b771802ee8ada6818f3,a6fd3bb4dd8212ba5180fe072467205760253a996d63f84cca6e74f2ce9efcb9,4ed94fc220922d4290e14ede3d5660eb72472e7d24f7c85561ec403b80d4d3ee,2026-09-19T07:34:49.137717+09:00,2026-09-19T07:34:50.612736+09:00,27
zopiclone,alpha1,2026091905,4,2026091905:4,success,4,2ece6e0bdd45cbdbde1a44f9fc9ccf15e60cd670d2f1e9cd6b3d9c5c0cb9e1a1,99d73daa0e6dd8ba2b80294d4223b68492f129e160f08fd67ecf0d99168dcb10,4e56b4c2fa9fdfd5e095aed507720b11eee89f7ae10f5f27a71b27fa3e8507c0,2026-09-19T07:34:50.659933+09:00,2026-09-19T07:34:52.412610+09:00,27
zopiclone,alpha1,2026091905,5,2026091905:5,success,6,06bd53af3246de28b22ea7021ca1b67dada57370343b650a2f0db18c35c1703e,432aa8911fb5103f86815bce9a7253e9ca2a0c6945000a2e245569a92edd2dbd,1a4efe0dd8a50c874db25a1f027b81c98ebc8c86d859b528351c9f4dc00a2eb5,2026-09-19T07:34:52.457404+09:00,2026-09-19T07:34:53.995141+09:00,27
zopiclone,alpha1,2026091905,6,2026091905:6,success,6,cd4c65d0154ab2fdbc17b86a256dd11a1d212def74f57586faf951a747c13e50,5c42ccac1ffc6d2990117d587b15c7d9bc82cf103fb0fad7020dc10e81648316,5b5c03562eea5dc41cfad47bb5c3897c23fcd53e9582f9e5803e773f5dd8ad94,2026-09-19T07:34:54.040513+09:00,2026-09-19T07:34:55.563972+09:00,27
zopiclone,alpha1,2026091905,7,2026091905:7,success,5,e61025e679f79c54ffce7364250e7d468cc3ab763ae472181ce41b33137366cb,2c51d57410abdccf5b4bb0412e290349208e72f2ff6d56ad0f1a93539cf58555,dae9e1eaffa7d331b0947dcbf14a8a33a53fd2bfe503fe26d07e19de118100bd,2026-09-19T07:34:55.609837+09:00,2026-09-19T07:34:57.141677+09:00,27
zopiclone,alpha1,2026091905,8,2026091905:8,success,4,3715f4f7db581ca52799b514502afcb9478f31b63dddcf1803ad0766be886692,c8ec0d674aa3a620765c29090ce950568b470af657325e7184bdf476b29d2bb9,2d1be627572e9ca17b811bc7411b294fb4e9f2fc35e691a32770d6c774069861,2026-09-19T07:34:57.185669+09:00,2026-09-19T07:34:58.597195+09:00,27
zopiclone,alpha1,2026091905,9,2026091905:9,success,5,5c07a68eb7b64b99a2541b696e97b5b32548ccd4a532af851ff6ffc632c93e11,b27e21b53bf021365a2f9e6dfb5aa889fa55edb6492735e3cd36bd4700e2898f,5c49d8fced0a1ce56488c4f31e48537cab7dd4f54bffed12d64a7ea7dca22bbe,2026-09-19T07:34:58.639380+09:00,2026-09-19T07:35:00.154396+09:00,27
zopiclone,alpha2,2026091901,1,2026091901:1,success,1,08ed424f09439b07ef5ad2484637fd407f9549da9c5eb099aad266bde31e6035,b1fba4db15bf8e4abf6a7bf0752fd70dba666ce44e0621e927c1f1420f81adbd,dc8387ea4ea5e029edaa84ccedb74198d67a1fbe256657a247971ca428454b65,2026-09-19T07:34:46.504176+09:00,2026-09-19T07:34:47.139060+09:00,27
zopiclone,alpha2,2026091901,2,2026091901:2,success,4,49333cc0c3569400748531fc0dee748efa64a055e0b54ba5a6f25d5c3f275847,0830d02461cb391c736b14838c3bc9fc2c0557e884b7087a50a8769de63741b2,d17cf818edc3fe52ffe26667f8196980f9faed3544222ce9a6a413b0f67611c9,2026-09-19T07:34:47.161083+09:00,2026-09-19T07:34:47.786150+09:00,27
zopiclone,alpha2,2026091901,3,2026091901:3,success,1,b01b641880ac34e7c4af320fd2a67a86758cbdb04ea7463ad51263fd702196ce,c1cb989b13239fe1768cabbb182d797b4edeb48f8d7e9bd7347f8e3d733e79a4,a3ef522b15478ea6cf71651b8cfeb754aeabc4b29213a79354cd8f713a4c02e2,2026-09-19T07:34:47.810882+09:00,2026-09-19T07:34:48.421700+09:00,27
zopiclone,alpha2,2026091901,4,2026091901:4,success,3,651537781d059513f07b1b75b71ff18afa1eb6c78d8eacd1aa5be391d01fab25,6d935e398f338fb98d8df9b5f2328b2783eafdab52c07f71bd4efc21c9902122,b0fbd4443cb5727cc931f16de0ba7965180a428d2483a02094b1d70e463bfa63,2026-09-19T07:34:48.446442+09:00,2026-09-19T07:34:49.107338+09:00,27
zopiclone,alpha2,2026091901,5,2026091901:5,success,2,0d408b01475cef9a1c2ea4f006c7af6802c96e126dd22d4c51e6b8fbca95acc8,4a03907cc98939b1acd3bd8a8c20f610f5e0f643e93fd7f435efb6d7bae92156,51ac0784c57434320d59e2c9380e021fee5d3b3c1981761d49223600f2b86afd,2026-09-19T07:34:49.130131+09:00,2026-09-19T07:34:49.753325+09:00,27
zopiclone,alpha2,2026091901,6,2026091901:6,success,1,d0cac6f0dd2adaa8da346642a61e6a81b0ad253b361530f30402517ccf8a8ff7,b07547c9b1314575b6e12609f689b3c1cd558df08269d2443d4cd266a54eac7c,e81cc5c3d2440439c12264b988f410540e211445874c5b7cee82e39be4ffd5bb,2026-09-19T07:34:49.779118+09:00,2026-09-19T07:34:50.468698+09:00,27
zopiclone,alpha2,2026091901,7,2026091901:7,success,3,440ef9f48c07ac2db4d02a35be59098d272743677e6f9950845346519e0d5e31,3d5567be621cb16642dc6a4855b299bbfbd521a17290add790980149106eae74,de3749c6587a7b3dc9720e4bb88562a8c214563cfd882147e3e979bdf7e8b6a0,2026-09-19T07:34:50.493160+09:00,2026-09-19T07:34:51.134352+09:00,27
zopiclone,alpha2,2026091901,8,2026091901:8,success,2,96e9781ecfb1998f13860b1da765871081f7e541fe48fb236498311bd4a922bf,a3c71753ceaffadabf5b6d577a104d62014c679578ac1249087bc8b3b2a5f702,7dbdad64c6d20abe1d8d5b367070601901ab01255609d46df741b78bac3fa8b3,2026-09-19T07:34:51.159694+09:00,2026-09-19T07:34:51.922070+09:00,27
zopiclone,alpha2,2026091901,9,2026091901:9,success,1,e5c159741485abd1920780311d7c158cc32df8518273398d9dd5248e675c3238,0f1a0f5dfbc5742dd70891cfcffbad9731a3b93a81c12b53e09dcbcb01db9aaa,0891c12978922b26bd65627357f5e1364e0a6f8962694264537a5856f6009d30,2026-09-19T07:34:51.944854+09:00,2026-09-19T07:34:52.654063+09:00,27
zopiclone,alpha2,2026091902,1,2026091902:1,success,6,c5315d7ab7a2986b8994cac918a03458079e26f70f53a8688a54c13fa67732a2,ec27567cc3dbe5b866bee7ec2acb7373736a23f9b291495fe5d7213c08303c59,1c4c6c84ee2992d4d62205feff5828b6d284e801251db85dc9fb190365267243,2026-09-19T07:34:49.417453+09:00,2026-09-19T07:34:50.107435+09:00,27
zopiclone,alpha2,2026091902,2,2026091902:2,success,1,0ea0adea0e5660875da1eeb33f4e951d1fd6e564b942efe4d21d37c16951fe97,7aef3dbcd3802bd9f32a852ea9098cd6867cd127a19f765e87f10a1be80809a4,2f0a321cc7945cdc9620d40f35c3e5ab67925d815834c35ce49a5184f075dfbd,2026-09-19T07:34:50.132767+09:00,2026-09-19T07:34:50.753167+09:00,27
zopiclone,alpha2,2026091902,3,2026091902:3,success,5,54adca6fa33958d8c69a0d7b64cd38d92466e75f6e0df27ff035140c4e739c15,003b9bea3d50c8b29c5acde390f64cfce4cae68c317152e87597288bd0d49178,373df78de157745ee9948877d2f9a109b49693576ceef807aaabb8e07d4d95c9,2026-09-19T07:34:50.778968+09:00,2026-09-19T07:34:51.448375+09:00,27
zopiclone,alpha2,2026091902,4,2026091902:4,success,1,4bbb4d105ab6330c52d2b04587be8e003720630175cff7b15280f5ce6bb8d13f,da4549374777487aa39faa1e053a6930bf82c4efd9bbcf81727c94f0e6504131,cca0d1ed6e1fe1b3fb79e4522f003a10825a817729fe2f19b79cb7c70e814be2,2026-09-19T07:34:51.477115+09:00,2026-09-19T07:34:52.284521+09:00,27
zopiclone,alpha2,2026091902,5,2026091902:5,success,4,941518b2109e0bb125c3cae23ce99c07b3edf6ef9b3ac0d478dfc3549c031fdc,dec0c3d79b4de0ce2120dc59a3b2d98ea2e5555adce7f70904dd3503f0a4e9df,37f3243565dd741e687dfe6b98e30a976fa16fe56f2dce23cb1f87177d69980c,2026-09-19T07:34:52.306352+09:00,2026-09-19T07:34:52.952255+09:00,27
zopiclone,alpha2,2026091902,6,2026091902:6,success,1,7ac8b3629dc7d8ca5e5c0078bf70ba161f4c07c822b07d8c46913f52d81c7455,dfed04a5e0e9749f30120144759ce512b4e247d613e78a83af8b43eb99ddeb76,e4107ff3fb90952593cab8a1df24f7dc534e797f50f6f0d9d91c20b6c0cd6920,2026-09-19T07:34:52.977199+09:00,2026-09-19T07:34:53.662857+09:00,27
zopiclone,alpha2,2026091902,7,2026091902:7,success,1,e659a7aed39cd2c70f2191f330191eab680cf97463cb1f249b046250f420e18b,5feb9bc385b2d9516d79172df2ef4d829a0ad25f37ce10a8fb851bc21c27fd1d,7a42156724b21f275a6fe521c98068794838c9fbc5991a74b6df9749eb5a9fcc,2026-09-19T07:34:53.687147+09:00,2026-09-19T07:34:54.302186+09:00,27
zopiclone,alpha2,2026091902,8,2026091902:8,success,3,0d47ff7d4eb9526e6ebde0096f14f5f167dc811b32b7e2b735006d9884ecd7c9,55a3fcae087f623d5d2ababc6d2f3c8a4d933cc0292df075cfc1e32572e69c7d,c22ef2c0bc313117299e2d15ac4849013f9f675fadefb17320f215362a03641e,2026-09-19T07:34:54.328285+09:00,2026-09-19T07:34:54.963261+09:00,27
zopiclone,alpha2,2026091902,9,2026091902:9,success,2,6b263652f53310b23f4109755ea67d69347e258953b64168f5de143a530479b3,d0abe1b7bb6b42b3fd221a4da8bcf0d108f9a3ffbc87d8f533496403447749d2,bc0db535ae00d543ee13c067f713e530a16cf380beb9b83dfbb657efa2060a5d,2026-09-19T07:34:54.986423+09:00,2026-09-19T07:34:55.695294+09:00,27
zopiclone,alpha2,2026091903,1,2026091903:1,success,6,a7386a25620b5c4a8d8d7ed2ec67ffe2e73a9529004dab802d52e0333d191cde,153874e0aeb01efed77a2fa2010c6732cd8cc0b60dec16b013091060406126a8,be2c99cb2cf5f115dc1fc7ddb810c0c09fef26a3886920a6e9116c721a5ca8b5,2026-09-19T07:34:54.647524+09:00,2026-09-19T07:34:55.319259+09:00,27
zopiclone,alpha2,2026091903,2,2026091903:2,success,1,21a6dc151a297fc9289c175c5870079b3ee83d2e1022d6cbc23b4b7f8b63bed3,217a6a5b7414a14b96e0ff69d5316284b13f9dce6401cbb18ed415e5983bc42f,09164531464c3b4843ebabcbacb5ee3dbc3eb74f756d4e6d80a0781bb61d7cab,2026-09-19T07:34:55.343388+09:00,2026-09-19T07:34:55.988218+09:00,27
zopiclone,alpha2,2026091903,3,2026091903:3,success,5,1dedd96e4d8f0bea2a0bab1af9e742ec59a4ba1e34c8e53d71eafb08738769de,6596f1bb12435a7145ea50611eaf19ad81fc697eb226423e65d3927d139be83d,e0b72902ce96f1fe1cf081982e63a5697c8a384eca36e67709aba1d27168a085,2026-09-19T07:34:56.012655+09:00,2026-09-19T07:34:56.646505+09:00,27
zopiclone,alpha2,2026091903,4,2026091903:4,success,1,301d27da4109a0eb619e8ec5e3ad01e0474a85b27cdc55b6ddd936b44660ce81,8489030ed7080d129174a731ae93661ddfe3e401f6fff2039d56bc5672ad9f6f,e333cb4d1ae4c5e27e4daa730eaa986da4c536a5566a3d0002b4dad3ec1cb9fd,2026-09-19T07:34:56.671600+09:00,2026-09-19T07:34:57.330813+09:00,27
zopiclone,alpha2,2026091903,5,2026091903:5,success,1,b0a3992fe01e01a6a64d9e9f57aa7c8c3adbd9dfff017716cd5dd581ef1eb307,e603c9f27ae920a330833f0a9d605f11faa6e9edeb67793ec6da6aa21fca3877,e1adaf415241996c8d50f7d57f1d357ce1158c1adf908fe1841d0de2019ec236,2026-09-19T07:34:57.354260+09:00,2026-09-19T07:34:57.971722+09:00,27
zopiclone,alpha2,2026091903,6,2026091903:6,success,3,f1e0f41656701b900806079ea6d8d983284abdd6934e386c8aa66c5d7e062ff3,5a26ddaaa1dc941e880110b01cdd0ad30b3dc35f19ad7a53516926e10e77deb6,9e12557c3896b1d554cceb6c0bcbe23d89ca701c4c37ad86459e50590c114216,2026-09-19T07:34:57.995212+09:00,2026-09-19T07:34:58.638530+09:00,27
zopiclone,alpha2,2026091903,7,2026091903:7,success,2,4732ef2681e69bd0d2a2dbb01747578c9f1b6592b045408459f20ab23c732b7b,544d23a3240e5ef7ca30a2364947bb8c8115848e3639bf994ea00d9e1cd2c3c7,c1dcf1bd3396ea1d715d4389e4c98fcd5ef220648a185323e612ed55d8ad82e1,2026-09-19T07:34:58.659958+09:00,2026-09-19T07:34:59.253094+09:00,27
zopiclone,alpha2,2026091903,8,2026091903:8,success,1,d351154f2afa78e78b9577cc76a752eb350adde196271c2a43fa883524da7190,9dbd031173a6fe89605f217e00901d698caa4226a622b2915c1d25be94aef9c0,99de018c9e22e43f518595950662385c655e51c8e1b7b2525eb2596243b7dd1e,2026-09-19T07:34:59.276325+09:00,2026-09-19T07:34:59.860374+09:00,27
zopiclone,alpha2,2026091903,9,2026091903:9,success,2,2a5e6e96afcf3fe7f5263f90933532ec2ab8e323db516e16c61236fa390d0f65,b560d41770acd00f56e3f1f95bd770f624bca904e9d21f8b941d5a587d9a8ec9,50f8e468020c68128844f743f83fa01fb361da57d7c942643f4903b69c93c019,2026-09-19T07:34:59.884466+09:00,2026-09-19T07:35:00.536849+09:00,27
zopiclone,alpha2,2026091904,1,2026091904:1,success,6,cda0a3dba25c55feb86d404bec191500451fbd8a7b9cca9db5d5d86aced521e8,91a186fa501c1798cf3ccfc53a061badf7b94aef59bdd4ee654e8a1fece5cd58,3b6c99c203b5518f276400e9a3d8b9c6ad5d33adc91dea6865fe26f02354c801,2026-09-19T07:34:58.331367+09:00,2026-09-19T07:34:58.987030+09:00,27
zopiclone,alpha2,2026091904,2,2026091904:2,success,2,a90de483edca2f7793d64ba1d65881aea139904969727faa6ff977e6b9126091,f73e73e1e430b37d905b87c37f821e11b333082383f7faf2aeebea7f7aae553c,11db8f9e1c828bcf450ae70365e24cfd6b907f48eff30f44b9aa99ee3403a109,2026-09-19T07:34:59.011637+09:00,2026-09-19T07:34:59.606272+09:00,27
zopiclone,alpha2,2026091904,3,2026091904:3,success,5,f7e8473d5cfd06d6e25e845a83caf700e97741ad7360e2f3759dd1a253a1b4de,7661f1a5939746b42cb45741fff3b809a918b3dfeaad412078a4c47593d8acbe,b6cfdb60735b15e2bcb9b8aee8389d106f1a342380b54e57311604388074aa40,2026-09-19T07:34:59.628643+09:00,2026-09-19T07:35:00.244019+09:00,27
zopiclone,alpha2,2026091904,4,2026091904:4,success,1,0b46637ebedcdbea1d7654272b40e0058a875a0a047912edc91e636d78f2c4c9,4d4c8271e00b69a847ca5fab4448042ab01b7aaee4c6b9c3ad13100b6f29415b,3709355978663f648e046f4c3150ee164fc9825197572db921908c2cab015b88,2026-09-19T07:35:00.267302+09:00,2026-09-19T07:35:00.887682+09:00,27
zopiclone,alpha2,2026091904,5,2026091904:5,success,2,3df0d86c88e2825acd0e2bc9f6c3ad5f25a7e00e149e3b55e3bae181e64ab983,f950d732277d6a146cfdeb9a0c456ec9c367e342c815652db8386d0b0d1ec667,1e29b65ab86e1278bfa5a519484594263b76b7ae53d5aa45d17159fd4193c981,2026-09-19T07:35:00.909810+09:00,2026-09-19T07:35:01.457696+09:00,27
zopiclone,alpha2,2026091904,6,2026091904:6,success,2,996626aa0c2952a7e74a91a585981a6c7860ddb2f7d09247cec53e676b58f24b,08d7987845d854b0bded7fc7983b20ecf2b112b40fe1757ea986bc59fdc477f5,62cfa99c3779214e228de29c9c5e74c77086e7e13bef7402c22565cb6fd3eae5,2026-09-19T07:35:01.481885+09:00,2026-09-19T07:35:02.145954+09:00,27
zopiclone,alpha2,2026091904,7,2026091904:7,success,1,a9054e0c01d4dc3ef40fe65807f4f938ebb19dd2fda485fcaca37e138f383a6f,711801ae6b3c773b66ee548b58f6687691cab8bd4a0e19f3fc80f83e9d6ba09a,07e71ef8efeb47a159977d35a4da12930f91ac3fbf0ea31143fbdcc3e050f3bd,2026-09-19T07:35:02.167953+09:00,2026-09-19T07:35:02.741173+09:00,27
zopiclone,alpha2,2026091904,8,2026091904:8,success,2,f26524f607a7e21f3ce53f3c617ad1d2bfd4058c9b1a4dfe831e9a594e4f189d,d8ba1667e3a7efcfdd7791ca4ee758f0176e341d9d655b1677fc3827e1478056,8c691d7b987ed80ef32cbfab8525d2d187a45a9c771fe052a07fc4a1fdb32418,2026-09-19T07:35:02.765536+09:00,2026-09-19T07:35:03.335418+09:00,27
zopiclone,alpha2,2026091904,9,2026091904:9,success,1,db5a2e003447c8947bbddc6d51173998d24ef15be4c3cf22982badb189f8354e,51e96d333ab6cd3f7ce67c325868c4ab3e3bbe19f9d62a3c2bab69c54e8af012,99c6b0d5894c40c05e05259de795a2d0b67de770a642a023283758ce436f8e10,2026-09-19T07:35:03.359104+09:00,2026-09-19T07:35:04.009979+09:00,27
zopiclone,alpha2,2026091905,1,2026091905:1,success,6,395b531da36729d02e09c209c42f3f0c6d8477aa622663b3b13b989285f5cd44,6363d6f8ee27e39715ef0582722bb063103a517113296015514cb362b95acc1d,6a514400f77320e3468c60414ef1ab8999ed06b50779e3efac3fc98a3af3b84d,2026-09-19T07:35:01.195349+09:00,2026-09-19T07:35:01.830173+09:00,27
zopiclone,alpha2,2026091905,2,2026091905:2,success,1,4ec73ada130f10293109821a9ebf6bf2fd9153eac277a0c3db1ceab186ebde64,0eda819e7891057850c0fc9897ca7dfa186397fb7ec23449ade9ea063b4f205e,37d70281f9e8c291950cb4d4ac2a720607c4e1339884aa0e46900fe6095c947b,2026-09-19T07:35:01.854918+09:00,2026-09-19T07:35:02.442606+09:00,27
zopiclone,alpha2,2026091905,3,2026091905:3,success,1,a4b7685d9f66f601d5742828388c91705f0bd07c670a6a76e956f8b72aea14b2,42b0426c64472e52665021ba38137399e9bfae5ca188dcc8c5a15bbbeb6f35de,e5889d00b9d85f3d760a482066a5547a57165b1d7a5811e09a2aaa8d59b0fb4a,2026-09-19T07:35:02.467864+09:00,2026-09-19T07:35:03.052618+09:00,27
zopiclone,alpha2,2026091905,4,2026091905:4,success,2,e1bff855b05d66b81cd59a3c9ce7f804b6859a47390a5235303967bf106599ed,1a25c28219c3e4517652dc77ed20547e4d9dc856e5e563d00eb9f57ab4db8028,ab6f781b678579ccbb21660d6526e5506f03e2e875d72055cb777996eba77cce,2026-09-19T07:35:03.075220+09:00,2026-09-19T07:35:03.737905+09:00,27
zopiclone,alpha2,2026091905,5,2026091905:5,success,1,d0b3b36db6f6e854767f3c8021f8c1c8c73ec799bdf5ffd62d1fc6f2b3054140,459ff54bd8b9e61b9b947fe386e69fb877613ea0a6044feb8cb37839b9a218f4,67b51806b89ef0041b030ea57436ba7853e8fe723ee845d489efbed4f58906a2,2026-09-19T07:35:03.761545+09:00,2026-09-19T07:35:04.329495+09:00,27
zopiclone,alpha2,2026091905,6,2026091905:6,success,2,e1322fccb018df123440eb74935d1ce3f822490ff466849f31b623212d849adc,906e742daf8c9d95ead0d2245c7aa8f7449638ba2006bae7354ed00927c57bd9,f208f667557b216674e348b737b34c7446dbf295b2c53ff88a9cb97a7516a349,2026-09-19T07:35:04.353307+09:00,2026-09-19T07:35:04.986293+09:00,27
zopiclone,alpha2,2026091905,7,2026091905:7,success,0,a61a38bbfc2d9bdfe7ed76a1dd19170a259e161bd53950eab4b9da5fba99cf6d,2fe613e45092f2bcbc2a46eae134af6cfaae9b55ab24f3456e7bf8e018ecb942,a0517ea61b8c9f17582576707f6d0483342ade7c6f10bd12fe1117bfd14dde36,2026-09-19T07:35:05.009519+09:00,2026-09-19T07:35:05.617599+09:00,27
zopiclone,alpha2,2026091905,8,2026091905:8,success,2,91b2eb75a5dd80c3c3a03362a44e3d05d0d24c3021cde374678d8ed026ee3485,481d65d491e8e01f0e7ce46a4dc63ba97a0696a9916dbad274af55821b92d8e2,996d9797af1b7e156f98b42136a5542d8a101df6323b7f15a1c4097cc2b17a49,2026-09-19T07:35:05.641944+09:00,2026-09-19T07:35:06.259932+09:00,27
zopiclone,alpha2,2026091905,9,2026091905:9,success,1,f3c0151e50dc0bfed9a1afca2466afe8c8135a25aca3591cde94d5238ba90cf7,f9aab42446d2788be95da53bf6dde66512266cd7f6f48daddb7381b67ed84da6,9711746b340c9ca19bdb7838883b9f4fabfde2fe0beb43f61885dbe4677b4eb4,2026-09-19T07:35:06.285011+09:00,2026-09-19T07:35:07.008550+09:00,27
zaleplon,alpha1,2026091901,1,2026091901:1,success,9,a7a8d51093aec68d4da6974344e07e43d0754487fd7000a6053e50b1b3a694e1,4ceb85425bb268c0abe09a6b0169492c1cdc102b61a8476748a78859a480ea52,bbd70511338296ba37a499f7fa0d8457c22facc8406ac7eeedb24e53ab9e1ad6,2026-09-19T07:35:05.710572+09:00,2026-09-19T07:35:07.215984+09:00,23
zaleplon,alpha1,2026091901,2,2026091901:2,success,7,551500f4a564c33b1f09c6d9e5934249955f17af894019eeed26e2b19c886317,f72729de2f234a177f1b8f3bf43d4570337fdec518ed0fc538011bcafbca096c,ea5f2800f9138be38c4507c6ac9df9b19d9e93e4f34c1e1a55c0993e2e681078,2026-09-19T07:35:07.259071+09:00,2026-09-19T07:35:08.774038+09:00,23
zaleplon,alpha1,2026091901,3,2026091901:3,success,7,d1fa6f484a46e18a99bb1cd4e2140c327c45e5ae8531ec42aecf6ac6ff2f8c39,ad29e1787b424f29f508fca76b4be15d0cdb14b4b2c35cdaef5293e11f466036,a928b6b89df865e56ff77315b5f423ccb0e13867b6a19d4ef9f5effc7d2b3c81,2026-09-19T07:35:08.819824+09:00,2026-09-19T07:35:10.292128+09:00,23
zaleplon,alpha1,2026091901,4,2026091901:4,success,5,429d0f082656be9a84a3576528c45ecb83965afb851008e01cb3679ff73182cc,eadbd93e7a87b605d55bdf2fc3b018bef887cbc1f7359a0ed3e79212876e4b6b,85ded92840d2756cf60b9efdc27e4db88e21e911e83b212a63c9a83b2c17c66b,2026-09-19T07:35:10.336566+09:00,2026-09-19T07:35:12.098884+09:00,23
zaleplon,alpha1,2026091901,5,2026091901:5,success,11,54d2c2b45ef6137e491732ca5088af295309c14cf2df36d8f3a607b9f359c11f,98a380ee84b7f95664a0c53929084000759d96f79e62cc31a98c588d79d62028,a143dd3eb9a957860e32aa46ec56e9687108ce31d8130727fe6ab6c384268667,2026-09-19T07:35:12.148272+09:00,2026-09-19T07:35:13.950438+09:00,23
zaleplon,alpha1,2026091901,6,2026091901:6,success,12,b0c752bd7c024fe100e6afb4b0dcbe62ec694387836dbf125c444ab9b834b325,3b3140621312ecb35f200c4cee6d78357482fcc9fe7547ea5b584692e9a04320,1eafd6f9e13c9152d166e71a56b8ff339213dc8c8e8b71fc7e59c18f782c3809,2026-09-19T07:35:14.001368+09:00,2026-09-19T07:35:15.584194+09:00,23
zaleplon,alpha1,2026091901,7,2026091901:7,success,8,fe623d2f38aefca2dcaa25c77947fc4f40cf953c6ca83ee3ab0f1886275866ab,77f61b9f8883c617a4dfdabd897a58f7db7781bb36f5e7966a7708cdf21a2168,eec93f558f67ec65a6f7af16de211a3ae850a7d8f00ea6aed22c157b775e28c1,2026-09-19T07:35:15.631894+09:00,2026-09-19T07:35:17.162118+09:00,23
zaleplon,alpha1,2026091901,8,2026091901:8,success,7,69022eb106bd5c0c0020790498a4fe2063a0fd875a4cdb8cc476b6ddf320900e,c2367c7fe32d3fc83caa382e4b08ed6217527eb65d1af2f07e8cc6971af7e1fc,9b66a0adaed7bfd7247f9d3ec0cf3ff33f7a32a04559f5144fd5b5cf4872e7b6,2026-09-19T07:35:17.206842+09:00,2026-09-19T07:35:18.686359+09:00,23
zaleplon,alpha1,2026091901,9,2026091901:9,success,2,c0908951e86d4b57bfb7c3d18bb363953187f7e01ea96096471dc13a22f5dcdd,50abd3a5586e6888426a1cdce6cdca755348897c51d46cdf1c40789b9d92fcbe,b5cb1cea04ddbed07c485737525e4bddf823de5954b2657d1c07a07a6ee86060,2026-09-19T07:35:18.731884+09:00,2026-09-19T07:35:20.278948+09:00,23
zaleplon,alpha1,2026091902,1,2026091902:1,success,8,ae35e78557e070b05b68cfe4559db27d3bbffb5094c324ee9fc551a2c4ec0977,b404f05c85cdfe220a3040c496a64af9bc22e17873daa96eb03f4d2bed8eaa9d,6cbc2e4faee822c37a3ad3ae78566badcda0cb9a39af6bc913bc66c5f1629465,2026-09-19T07:35:06.088426+09:00,2026-09-19T07:35:07.602878+09:00,23
zaleplon,alpha1,2026091902,2,2026091902:2,success,6,11d119b90996b6d5bc0682e60d0942b15092444591cef567b424f8477da12473,d61e38bbf9608718e72dfc3a54f58d5b9caeca12d0818df9d65ff7087e56f361,70be8650bda53f48e259f6e82d8b340378a9e3c50cc276faf2d4f2f982b19559,2026-09-19T07:35:07.648642+09:00,2026-09-19T07:35:09.171871+09:00,23
zaleplon,alpha1,2026091902,3,2026091902:3,success,7,189fb6df7211cb3b989d232f105ccc9ba5a390e976af4bd40dedd2ab59d6e95c,20058ad9c67958c2ad7e064bb40a382c5bec79b1d16eba2e897f5696409120df,eaf55077fb9cd17979156b95c2c9da9062d42d333d4b3dd4ca3ff2be11cebb99,2026-09-19T07:35:09.218954+09:00,2026-09-19T07:35:10.707273+09:00,23
zaleplon,alpha1,2026091902,4,2026091902:4,success,8,16fddab16fa9c1ea76e3a319881038884401c1c4207c2e8020e4f2afce1b9dec,88cd5f64b6d0100d80f9bcf2899e65fd672cb7535708e7b710a2afd5948f30f0,90daf767e852f7c97e8663dafaaca839c294603e0bbbea396da2fb1b7e3025f2,2026-09-19T07:35:10.754287+09:00,2026-09-19T07:35:12.619331+09:00,23
zaleplon,alpha1,2026091902,5,2026091902:5,success,13,5e710dee8abb1f1b9a707fe13768061bff59eb3ed92bf42344fc636086d56163,7c08694ed96aac8564fb0e1c639be98a6f03dd3d53677e30c1b3ca8a1cb6e348,eef3d21bd85263530fb3953b352129df61ca2af7398bd8b94bb8d6d3f85e1678,2026-09-19T07:35:12.668132+09:00,2026-09-19T07:35:14.391383+09:00,23
zaleplon,alpha1,2026091902,6,2026091902:6,success,7,011a0ae16badcd69d9af037149e2c591a0b1218b6dc285ffa987d0e3705c8e16,808da84842f26b67133321da4ef0bb43488a009f59f7810e359d108272c356fa,ddbe4de7f352b4aadbe6c62a8d453fa98e4895082e568571ff2fca8a8d5fa3dd,2026-09-19T07:35:14.436708+09:00,2026-09-19T07:35:16.050924+09:00,23
zaleplon,alpha1,2026091902,7,2026091902:7,success,9,3176c642656f7b0448beac9c500feda372ed69bab5536b49ae9297f4b5bcfd6c,efea3ae134d00271157df199248e1bd1b345a6e4187f37ae55e13ae1dd464055,460f2a1d67e97654d09c9ce027e5d059caefe8168ff65d7a9f94b25842b78418,2026-09-19T07:35:16.097558+09:00,2026-09-19T07:35:17.675654+09:00,23
zaleplon,alpha1,2026091902,8,2026091902:8,success,6,59fd999a1190bfdeee67a90250fa857b47ab5850e37e72dfd93b6f302d39e245,1529953dd163dac7776717f196f8aa0a644abbf0ae2708c6c9792719defffbbd,2bc7c137b30934df64b381e389ad112e97adabe8c37b8de09d8ba92d0bcd9453,2026-09-19T07:35:17.717899+09:00,2026-09-19T07:35:19.210683+09:00,23
zaleplon,alpha1,2026091902,9,2026091902:9,success,5,a7b07721ba97f5b6be0775ca4847d4e1bd7ac51312dc694053e9fc7ee48aaa87,77ba5a8fd13a3a65c6613da078c39acdc571713a493ec7008587748f9f71dabd,e0d03c42172664d4318c1069f9db6366980e48d34e9cc3174be5dc83c51633a6,2026-09-19T07:35:19.255035+09:00,2026-09-19T07:35:20.854635+09:00,23
zaleplon,alpha1,2026091903,1,2026091903:1,success,9,8b76aad9f3350d2e762f0f5f525428b977413abac3300c6747b0ca65d55c5f3e,9c2ec6659c18d51bf2c0e176d402606cd90eeea0d3c0d3fd0689b6cc5f2c0798,41e5ed51e7d07a632934337a9ca9afac96216c8bd141160e419aa3930a5cfac8,2026-09-19T07:35:09.688744+09:00,2026-09-19T07:35:11.275039+09:00,23
zaleplon,alpha1,2026091903,2,2026091903:2,success,7,d8f73c2d4102462f4c2c8f69821ed042c1bcc455db4a66d61fcc8f47b2f0932d,03daa6f945538c0ed302ecb0cbc6df2e4e74680956f39a25675fb6ed5fba87f0,5f749d8bd388484a69dafc83dab8399e12bb3601e1000a8a7798c33a3ff8740d,2026-09-19T07:35:11.327756+09:00,2026-09-19T07:35:13.115028+09:00,23
zaleplon,alpha1,2026091903,3,2026091903:3,success,8,eb3ce54935bb06350353a7a4a3326884db05d649e90c689b0a6442746fe8c3e6,66a3326eaee0dd95eec288dbdd1386dc0c14d82286eb3bfb3c0b8698fbed93ef,7f06cf99fd2325449ac862b997bdf93afdffdecd63b4214fc0956f7d37429b9e,2026-09-19T07:35:13.171260+09:00,2026-09-19T07:35:14.757157+09:00,23
zaleplon,alpha1,2026091903,4,2026091903:4,success,7,1a3237daa64e6f1526687ad2df9ac6fc092786d6440b9fae4c59e6cbe96658d5,2656692366c24a86e7b5c0b0f524cb83836d9f940f377dfa99d119ed2abb71ec,d550103a1c89e6c87755ef96c67091046b2e1b528d7695c2feb6a267511b80c4,2026-09-19T07:35:14.803855+09:00,2026-09-19T07:35:16.419680+09:00,23
zaleplon,alpha1,2026091903,5,2026091903:5,success,7,d71c229870bc15765d596c3d87589ed309bb0c368957daf21b5606bc1dff4597,4818dcc1821dd108fdf181a26a281aea42ca8d80c085b4b7abaa7dfbec6e252a,6f26e2b2ea930519e7549bf1d6a316226b29a38d726c29a0693771678b1749aa,2026-09-19T07:35:16.464491+09:00,2026-09-19T07:35:18.011354+09:00,23
zaleplon,alpha1,2026091903,6,2026091903:6,success,11,0e6570f87ce4abd3f1b4a15838e3f01a08afb0af81c18430bbda466dccc1c531,0d030243dbedc7a26982231405d9c45726225f930237ee2196d604758cfc923e,65600e193445660002a14e97cb21a24688ce908d3f318b979af82adf97e3ecd3,2026-09-19T07:35:18.054353+09:00,2026-09-19T07:35:19.578492+09:00,23
zaleplon,alpha1,2026091903,7,2026091903:7,success,9,30630bba0412c407f2aa6780f8ca1b9427f00afcb01b9afa15a7277541f9eec8,9acf7a8faa6aade10ec4e7f319b49dc211a373f02c5483964b1890c16c51b5e6,eb95ba00f678f0a7f53044f6ec129ae7e159e2aafd4f609141af3605f9a07c9e,2026-09-19T07:35:19.623693+09:00,2026-09-19T07:35:21.187170+09:00,23
zaleplon,alpha1,2026091903,8,2026091903:8,success,8,a0091e45da78b4ba9abee5f5fd6738860edb521bcd745ba6f029626eb71f5001,a854cc6c8914bc0d54372cb5367b741f2a1944d5b343f7a956dd2500aaf864b4,1d28d05a4060e939b57dbdd4bdd7aa68e2dd4512790012411cfc2c47ff80a472,2026-09-19T07:35:21.229069+09:00,2026-09-19T07:35:22.675595+09:00,23
zaleplon,alpha1,2026091903,9,2026091903:9,success,6,5b5086d6ad3ab24d27b3e6d00d96b662500e2284cb8982eb71a6ed7d76a12300,79e40c795b8c1c3a0a5b83a55567286f17d81f1101791aa6d75eece70be050a0,b9a3109f314536c3656c114f98d65f60a0c57c469926c5e55bcba3ccb0060bd6,2026-09-19T07:35:22.719723+09:00,2026-09-19T07:35:24.300997+09:00,23
zaleplon,alpha1,2026091904,1,2026091904:1,success,9,0ed185c6265f30395532d4c6aa132c6d32d5c877da2134a45f9b898490892cd2,fa52c9c1935f150e861d90440289851125ff68aef2e68e6bc642de166b25e0cb,a112e3850741839eafe6a0157d7515684a4c41d7e4fb0fe0c6315718eb1fb897,2026-09-19T07:35:13.201701+09:00,2026-09-19T07:35:14.806316+09:00,23
zaleplon,alpha1,2026091904,2,2026091904:2,success,8,d4c5b7b80526b90809465621ad0bf8e67168a7d67fafd0925e21a3c4a72e63a1,7eb1adf2ce287223d756d48e514d857a7b322833a7568dd08f3300417a140d4e,da9abb8006431abe2dd000822c6c5930c4367cfb3bd9586447645190e7996fd7,2026-09-19T07:35:14.853025+09:00,2026-09-19T07:35:16.418162+09:00,23
zaleplon,alpha1,2026091904,3,2026091904:3,success,8,61f5efa17744e60493dd2abbfaa3bc40f08c4bf8eab5c800fb9b0c82f1a834dd,2b59cd236c3fd9c9a7d7e877028e3b8081c613758643906398e598c2eefeb797,fc8dffd6858ef14d8e698cd99ab3ff35d28d8ed91b3964888efe5302ff71a57c,2026-09-19T07:35:16.462358+09:00,2026-09-19T07:35:17.961909+09:00,23
zaleplon,alpha1,2026091904,4,2026091904:4,success,12,57c555f1b07883612ef0fe74448a3233d43b3cd086420fc7a19761d2448da488,f6a36c498e2b11a91e6a96e19957bb713370b51cf443e6e67a96a0d54eb0aec8,17002c94d04ba7647b622eb1d654e0948b3115ac55ae09f938ad8c1379419e18,2026-09-19T07:35:18.006884+09:00,2026-09-19T07:35:19.577918+09:00,23
zaleplon,alpha1,2026091904,5,2026091904:5,success,7,a032435f7ca91393ee6eaa13c34d90e45c23c3d033f20ef51b8b6811056c09d6,4d602aaf5a4e37c3124491d784e264a30eec936e70890f5c959da52bd2f08f95,c6255297d744a7111c6d0e38493fd64389a626ac4db560c49f76dffee1016852,2026-09-19T07:35:19.622754+09:00,2026-09-19T07:35:21.185570+09:00,23
zaleplon,alpha1,2026091904,6,2026091904:6,success,6,912d3a806f52e1f0eb806ddd0ae120dda257b5536095c54cdbffc6919db5b872,69050eaffe01dbf159fc69138d16ac4e10c27168f13af4073f04c34bd6d9654a,837798608dbd01a1c8bd171ead342dc80a1f169cb43ede123ac6997d1842abe2,2026-09-19T07:35:21.227933+09:00,2026-09-19T07:35:22.731115+09:00,23
zaleplon,alpha1,2026091904,7,2026091904:7,success,11,4b610952bfe0ed968e30668a9ed366506a973615115da000e3ff2dd4415eb1d4,093b225431a151afea98f7db20f972f9d2fd9325a5f558e207527b7e190c289c,cd7576876c1be6e238eeddf4f3cda63ceca4aa3aa63d2a8d7829dbf93092c5f5,2026-09-19T07:35:22.773813+09:00,2026-09-19T07:35:24.315670+09:00,23
zaleplon,alpha1,2026091904,8,2026091904:8,success,5,7d47942f6e401f738f4a562219e83a89282cabbc83a5ed55e1116a10b8dc4d0a,ec3330b496d79309b6900a3316ed6bfdf2120b9997ec5702d56f3bc4f5e7e611,5fc9d52e968c7a00e59c2a23390314fa600438766b2560c38317a0000637e3f9,2026-09-19T07:35:24.356551+09:00,2026-09-19T07:35:25.800628+09:00,23
zaleplon,alpha1,2026091904,9,2026091904:9,success,5,90ffef996647182a757a54e561af03dd969470adfc424f75dfbca5051fca55e0,bf7da169f732e24de95ae058399d397dce518580c84e77a2eff0002f5d0d424b,6f9d46eac281f7984d27b1034f57cb80e93565255d0dea04ecf6d3f3ce4513dc,2026-09-19T07:35:25.844811+09:00,2026-09-19T07:35:27.424633+09:00,23
zaleplon,alpha1,2026091905,1,2026091905:1,success,9,2d1d4ccb09fd114c00c25d78692c3338dcb4e8ac4c7e648ccd685eaf11edd85b,e3bbf41b2c26f15c834235d02e566ef49d29d3a1efda21c228b5c545cfbf9a75,5e509900449fd6a67d0a751441f66134a2558d150e55ca178ff0e2c479ff5065,2026-09-19T07:35:26.142624+09:00,2026-09-19T07:35:27.673365+09:00,23
zaleplon,alpha1,2026091905,2,2026091905:2,success,9,dccbee81de0166d3f58c92f00a63c20f1e0e2a6f874111d822b908d32c7089dd,529c108892d4a4edae5b5a9b8112bc1d3775cd1210572c6ac6e432998483fb5b,f634d2f2a99d0691027a5247fcac8a65fe00ef920ecfc5a32894ef9d67c3dbb5,2026-09-19T07:35:27.719269+09:00,2026-09-19T07:35:29.371808+09:00,23
zaleplon,alpha1,2026091905,3,2026091905:3,success,9,56a5dc66a5fe2c0dc3964eae02a7cae08977ab546c155025a8a35edd4abc4b6b,1b64af623f08b09400a37f6e95c77232ffb2659a82c5d878cffba7ea9627c0ba,c532bc062f236b21831a7ed0b6258db01d7d10d7b4e455ccb438227395fe7dba,2026-09-19T07:35:29.416488+09:00,2026-09-19T07:35:30.880812+09:00,23
zaleplon,alpha1,2026091905,4,2026091905:4,success,8,b0339c9a7141940859f4083f22c55db49e34fe950f750f21f72fbe2ee54aa51e,1d75aa53cf5a6c3a382115d77a39142f95b1c618c44941e36af77157d25d0513,4bd66453b699636bc91cdb3ec073efb064ae7e2b6677dcf31472e61133f17aa1,2026-09-19T07:35:30.923121+09:00,2026-09-19T07:35:32.476487+09:00,23
zaleplon,alpha1,2026091905,5,2026091905:5,success,7,f71ea38c1ff6f91da3d1463d0627c8a8b496500921c3d0ffe2746cbc3bdd407c,4f5fddfd5eeb8abe3c52095d67a9b2100c1143e959cabe4e784070307e11ef25,65fde1393489541ceb80cc92b6646a05be2d1240aeb07b28ff5c07fcb2aad2b0,2026-09-19T07:35:32.520539+09:00,2026-09-19T07:35:33.974274+09:00,23
zaleplon,alpha1,2026091905,6,2026091905:6,success,15,1d9ecf687b6fda38571ece8126a3fc73418aee0becb6d76457a7fc19f4465576,9df3d161729929855c859c6653e4ba07faa3cbe7e4296c09229883dc74e65a0c,bad586ffd81c072bbfb29c9c4952213f36be88a470f90982f2b6959770773dee,2026-09-19T07:35:34.019101+09:00,2026-09-19T07:35:35.482385+09:00,23
zaleplon,alpha1,2026091905,7,2026091905:7,success,12,68cb6ab54a700002de0d8e99c80f505fae4c83854876ce6ed88a21a67761f63e,e7191f900fbadf4001a931f655028afe6e594912fe86d0e1b22f2df28a919567,4f46d296660088431a5d866d271f7d96477cb82fd8a3b69d74e561a6275b0f91,2026-09-19T07:35:35.522882+09:00,2026-09-19T07:35:36.999518+09:00,23
zaleplon,alpha1,2026091905,8,2026091905:8,success,12,8087fbf89d4ae5988e3a9edf9aabd524d58fe5aeb3b77aa5f91130340d455cf5,99233ae27e94ab3c3120ae1d2778f15718973ad86119ce5c9b31dcbe4dcc2461,ebf9c2d84417c7576d083a6496b5dfdf164a11879f3d855e441ce7e4c8d03869,2026-09-19T07:35:37.044201+09:00,2026-09-19T07:35:38.497113+09:00,23
zaleplon,alpha1,2026091905,9,2026091905:9,success,9,45efd2f13de5b84f1a9b6327f25d9d0324a68e9a2090e588bbe30df34f500468,606ac6f58e3862534ca20ac4fbcfeb1f8d165c01629ae30e4f915a448b02604c,9da8782635eeafcd6e789260178d65b8206378bbc9442bb4ef251e4ccc5d4984,2026-09-19T07:35:38.542964+09:00,2026-09-19T07:35:40.025840+09:00,23
zaleplon,alpha2,2026091901,1,2026091901:1,success,5,a96aefe15cc7bf968a23e0e6dc7b8e0e3b5261b5bc11b66e4572843c26ae6a58,f23298f51f1bb13a46bb1574719ef5f938a63261a49c72d22e4404baa9a56165,52d1e2f0f3643c397818d7bec08ff2522b19452606222fd59ba3815960816823,2026-09-19T07:35:26.709696+09:00,2026-09-19T07:35:27.387724+09:00,23
zaleplon,alpha2,2026091901,2,2026091901:2,success,14,e2e5646ea36db1a4690cad68a192b3ac280c0260424b7bdf0ca0f1f14dfb0510,1527adb63c4d9a1f21d72c5faf7170b1dbb0e020bc1ff5240259b739afea39c5,17405e6f9ae5c0c081ce98819a0e002d31921995badad529f6fb3a1b9b63ce9a,2026-09-19T07:35:27.413102+09:00,2026-09-19T07:35:28.067412+09:00,23
zaleplon,alpha2,2026091901,3,2026091901:3,success,10,b7cac19b4c70bc558c1408cfe65e3df0b4524fd1842b71cbc02b70a1bb3a7174,e9016ae29f2f7cbfba14e676769e035da205371777df688e9f88dcdf1640051f,a64a4d3b2c77800bec71343c42242b45da694727fd5cd7f9e2148a09a8931587,2026-09-19T07:35:28.092848+09:00,2026-09-19T07:35:28.742200+09:00,23
zaleplon,alpha2,2026091901,4,2026091901:4,success,5,bb76dade103c797ea08aa84d17c9e1fede0df9bd7796c33e48354636bf645b2b,7eeee274a4a358240bd80c1c884f136f83104eccce5986590a7bb7ac869febb8,2d3ac40898789acfe1c4f524f18c6b77e2d26bc7f268b61df3a7a17b055d6732,2026-09-19T07:35:28.767512+09:00,2026-09-19T07:35:29.613840+09:00,23
zaleplon,alpha2,2026091901,5,2026091901:5,success,8,55cbc88c273fc4d354ec27ccdc7d3656db9aa71893be2d199f0a2fcdf7fe02a5,17218c81ec85962a4da2c56b1061e5d195b8da04233faf8653c975aede5ba1f4,e1369a2c2b77ead69b2e5d48a93d6117cd73bc54ea47e749c087f8ac463fa3c2,2026-09-19T07:35:29.637235+09:00,2026-09-19T07:35:30.266940+09:00,23
zaleplon,alpha2,2026091901,6,2026091901:6,success,8,c0f5739a932fb123614106e4f6411b89eb46effa19f90d6a50306961b6ae526a,4bd3959b40536f24408e03f8df97f5d289be1374dfb74d9e4b291b781f9bfab5,64cdae0355cdb7b65f403c6cbdf67d7fb66c10903bb9441387f404e780ba0c79,2026-09-19T07:35:30.289283+09:00,2026-09-19T07:35:30.978198+09:00,23
zaleplon,alpha2,2026091901,7,2026091901:7,success,7,b1e2dd5eec740762fa089b6c625fefa3396b97a4b6dd649ebcb0bcea85b14516,4e5fcf23b288dc74368725e95f5cd1c602e7f25940a35609af7d2797b3418b07,15e8cd4d35153c8a76c33362641f51bd9da2bb481a5ffb3a2ab4994193301507,2026-09-19T07:35:31.003443+09:00,2026-09-19T07:35:31.630887+09:00,23
zaleplon,alpha2,2026091901,8,2026091901:8,success,5,ac7339cb1302c248cb61032e5c132836b89fffa54034826b4fe14c1a16006794,9a2552de0f421cd5404bbe09cef3f2fb624d95ab57bbc429d797f6be520bc23d,1d93abf96585e2897b213dcebe9ecd4549aa8f590d8b7e6af63cffbef54816e3,2026-09-19T07:35:31.656155+09:00,2026-09-19T07:35:32.267155+09:00,23
zaleplon,alpha2,2026091901,9,2026091901:9,success,1,a9ec0c27b83f219293342855d78713f4ce3035beaf8e02d14ced73a59db0dcb2,30d03ba6610c9cd0398dca7d86eded84130c0c432dfdd6ad950554707fa2fe3b,29c5dd4ed1f153d7f6b08ae1a94aabea50707e06388fcac977239bbb61236b99,2026-09-19T07:35:32.292366+09:00,2026-09-19T07:35:32.993513+09:00,23
zaleplon,alpha2,2026091902,1,2026091902:1,success,5,3c9688bc7cc10959b3a8d8a8d9736f73f9214d452dfa4f0cf52bc294016a4e32,47e51780bef2a637cef5dd0f909a636e730fa73503bfc59546a66aa769e5cead,1507a5e1551a7f5ed90e4e20ea0a82a7f069edbeb5ab1e8ddee57627e716250d,2026-09-19T07:35:30.286862+09:00,2026-09-19T07:35:30.928238+09:00,23
zaleplon,alpha2,2026091902,2,2026091902:2,success,14,7c62ac656755f53c2ac9e556a362e2b9f17de7f847fea17e1af07c5bdb8bcc7e,f8ff5f2fda5c332e0fc2868cc293c1bd68ccf197e69b520dafa4d860db53fada,89122c9316452bd125a220c7ee0314172c9e064ebe601a3e4e2b4bbbde1d998c,2026-09-19T07:35:30.953047+09:00,2026-09-19T07:35:31.574310+09:00,23
zaleplon,alpha2,2026091902,3,2026091902:3,success,7,1f6eb33d2f6f7fc5790907b595c42a22d27cbde984e2ab784de3e682f0a85038,354a88fbaca2f7232d023108d04882e906c2f19eacd73928e5a1ca8fa0f27c74,8ee389c84ad06151dc0c80e71aa09360d10f221f0c6a08b743298f04a037fcfb,2026-09-19T07:35:31.598394+09:00,2026-09-19T07:35:32.206961+09:00,23
zaleplon,alpha2,2026091902,4,2026091902:4,success,13,f4c791abdd6982d15660d5cbb703a050aecf37c4be10577491e32e837b2b88c9,4a9bc48d24d64b01cc90fbb277332d3692b302703079ff628e0e4ebf6ca970e3,fdf6b3afdd662ee286d725618cc8cb594f3bcb5525aac5d709b3b236ff529533,2026-09-19T07:35:32.230813+09:00,2026-09-19T07:35:32.890389+09:00,23
zaleplon,alpha2,2026091902,5,2026091902:5,success,10,4fcf3fef9f9ee8acfcf5bbaed92b358386885342b6852049257623ac46f596d8,9f0269e28725cfed14e7d4c33035f33515505c245fffb760b36bc80f7887518d,9621d60f16922d91a8801c9a7fc31a5adc8a60fc5258ed27e925aab27206af4f,2026-09-19T07:35:32.915562+09:00,2026-09-19T07:35:33.500895+09:00,23
zaleplon,alpha2,2026091902,6,2026091902:6,success,3,ec6233acfab5adde96ee39661377a3ee5919afc85dd6843fde7550a6e9112fb3,4a37a15467ac6fce540431998c97a28c3c71cb1953671775e43238a54ea9da92,e4bff22be3d0b1c28923208503ffb352faeb106bf88b4a0c169462c523d54163,2026-09-19T07:35:33.525237+09:00,2026-09-19T07:35:34.183066+09:00,23
zaleplon,alpha2,2026091902,7,2026091902:7,success,5,08b004536cf4370852cfc173e88051b95e35717f13317f9d0720e856b391ed8e,6af399bca361311dc05259a7759f27da96227bca5323a997662308501f35fdb0,1b2895edd555e2b5b335a3ea43dd79ff94dfb8ba18542d9c6dbf952726bd2388,2026-09-19T07:35:34.207873+09:00,2026-09-19T07:35:34.819689+09:00,23
zaleplon,alpha2,2026091902,8,2026091902:8,success,3,fc1a0af30518a0cdc8abeb06dc3c983fcbe6f34a3d0879d573ffbf94876427af,32645564e91941f53a552dafa3e50600caf62110c6646176503f07a84964fa00,a3a9e01440e1fa5834f109f441dd598dc6af74aa54241a033b1a7bea45260f94,2026-09-19T07:35:34.843405+09:00,2026-09-19T07:35:35.432156+09:00,23
zaleplon,alpha2,2026091902,9,2026091902:9,success,4,7e7b0f05f52226af5d6a99539301e2bdfdd6ae754bc0b505a6534a20a10eb4fd,e870ec6ee0623711c582709e4243e7a3ea0b84e31859c830c87d460d6d83290c,2b803f5a1454661a611ed68321fa3a6eda25d107b821dbeb6ed2bf51f90f2977,2026-09-19T07:35:35.456179+09:00,2026-09-19T07:35:36.137207+09:00,23
zaleplon,alpha2,2026091903,1,2026091903:1,success,4,9f2b3ea0a2462d7b2732a641ae6f1705e7b1208dff7a57b97627630c7064d21a,ee93652bba05a9a178becf53f9c953949b8c1128dd43825d5abacc233448e707,4031bc082e6bce614758599864d1684190cae9840b4e5805753d216f6c87445a,2026-09-19T07:35:33.288128+09:00,2026-09-19T07:35:33.914513+09:00,23
zaleplon,alpha2,2026091903,2,2026091903:2,success,7,efacc30674b3671a5b6fefb813a36b94069f4a7bb35240e609ff25559b48ce19,62cbbaab6a4c3ddf6cc9c30f39a0a3bc0a100305f6fc96cc464e426076fb6985,61824b0d4193af0f68cf48004c6784890a402df259ab82e494e5e9414e516c8b,2026-09-19T07:35:33.939451+09:00,2026-09-19T07:35:34.551614+09:00,23
zaleplon,alpha2,2026091903,3,2026091903:3,success,8,3dd098a665bf14f2a0559fcf9d5a6d561cf65616c5b1b5655d117bad7f2ec455,85b14c52f7b09669c977f279a040a1ba0da56134f6ea9fa2d01a713b7f5c301a,42ddb834776279405c0348af62df25ce0a6f06108c3ba279288eb44a2968531d,2026-09-19T07:35:34.575131+09:00,2026-09-19T07:35:35.158963+09:00,23
zaleplon,alpha2,2026091903,4,2026091903:4,success,11,9b7f41d96062dfdd95a594c227cdd6bdff47985421ab2615dca24c70c7f4adbf,a0c0abf3fcbe7d679622a60ab4de58736e6f55200b9619413e4bb1d510dcd6f0,e127b414f762fa52f47c619a00bce20b6b8e6d05b20693fd2eb338b5b4f04d46,2026-09-19T07:35:35.185351+09:00,2026-09-19T07:35:35.840088+09:00,23
zaleplon,alpha2,2026091903,5,2026091903:5,success,6,838368bb3e695c2e59d6acbba76e2815f476fe265d81795b611278d19e233588,d8b60b1651b423fc2c975fffa70c83ea3d2e2dd6f42f70b7ec4edbcb64f324a2,7625a2c9856f82c7341931aaeab635c8168cdd32058add101fe6177e21c6416c,2026-09-19T07:35:35.867150+09:00,2026-09-19T07:35:36.466265+09:00,23
zaleplon,alpha2,2026091903,6,2026091903:6,success,11,0b927a82d2e57c934a7af791e2f8e04e1c82db918b17dec6adfcac3fe33ccca9,b374b73adf9cca97c44eff020ab8e96b517fc44146829a8194c59b3805fbca41,1d5bd3baf36bbf06598faadb9e2b1ffbe576f5976e9646a8254837a7e936d292,2026-09-19T07:35:36.489258+09:00,2026-09-19T07:35:37.150895+09:00,23
zaleplon,alpha2,2026091903,7,2026091903:7,success,7,1bf0d504f95d048f38b4f0073ddb51790d74e5eece3b045f9c503d772afd0b52,be2750549c82e030eb22f62c960292f905d2fee7ad1131c84f1ff38f3af29ede,eab9fab42357a8ea7ce737896e61fbaa5552a6e4c67109ef3663b7249eebd8ac,2026-09-19T07:35:37.174825+09:00,2026-09-19T07:35:37.803583+09:00,23
zaleplon,alpha2,2026091903,8,2026091903:8,success,1,f692fe6831daa9dcdef88ebce8e6953a1bfd44da6af542b3ec8691a178539cc5,b4168488a96fe90cd4eb80a994c4fb175b3b807eba46dd969ebac1b8c90824eb,e07ba12856a40857f7fd564847fff278f2dcc2e38d92dbf108eb56429d520768,2026-09-19T07:35:37.828864+09:00,2026-09-19T07:35:38.438379+09:00,23
zaleplon,alpha2,2026091903,9,2026091903:9,success,4,f8b568c177ad85accb8d95d8ecda10afd207a31124c8d7a7c162eaba7cf680cf,a55658ad214b5b415e0a68dcc50e01f849ed60c95e5aab2c3a0ab6ef31978ee5,ff5f164dfd7a0087091d73aa5d3f2af7b6bf07c57ff7848dd36ef19d450dc6d2,2026-09-19T07:35:38.463635+09:00,2026-09-19T07:35:39.176433+09:00,23
zaleplon,alpha2,2026091904,1,2026091904:1,success,5,1f4bf9ad6f3fa00cc2e818d0539f9a6b4bc31c25828af5195ddd10f4a8c5858b,d5f9b8682a5b2563fe24672f5d05da1e54bc0ef2d18e5a268146ff2334924fd7,274d1a5a115007afaf619778aa94a76dfd3450348212ff4fdc9f0462fe7bb338,2026-09-19T07:35:38.569395+09:00,2026-09-19T07:35:39.249110+09:00,23
zaleplon,alpha2,2026091904,2,2026091904:2,success,14,771cfa1afdf7f7478bbd9164cb656698262ba48da672a470f3b6f75b0cc5a149,426ccb3b820e162242e23e133534e866e5d9f818761b3eb41a65cfcdf5078b69,cbd963a159cdad1205f4aa6b5582d2dd9d84d761d2e88bd582b120afdf56dba4,2026-09-19T07:35:39.274820+09:00,2026-09-19T07:35:39.829195+09:00,23
zaleplon,alpha2,2026091904,3,2026091904:3,success,13,5066591ce7753a6d614dae713f4d209353b4d92ca68c17b2ab53920589e4dfef,f72fce7a0f38b52f80cafcd80bbe39b8ad80d73b822444dfcb59be2eea3e542a,bfd501e3ac2d06aae4bce36490041333729d70567fb4c2e083c94db4e8fa7cf4,2026-09-19T07:35:39.850731+09:00,2026-09-19T07:35:40.389836+09:00,23
zaleplon,alpha2,2026091904,4,2026091904:4,success,11,57e2ba0fe375de200910de2e1c1772288289fa8a5288549feec57e6b6325818f,6a640dbcb2fd1074c0a04da08e7747a479f8d0aa4725b8a360c534cbdfdb6e08,642d1f4859af818467b80df4eaf5b4468f1fd64be96f54b246b92bb9a4a84fef,2026-09-19T07:35:40.409353+09:00,2026-09-19T07:35:40.853116+09:00,23
zaleplon,alpha2,2026091904,5,2026091904:5,success,8,cbf1112a553f6e521764ac414bd4ec4ab2dd65e952060f7c92fb05368f153182,27822ddbb51c8b98ea5110eb59a239ad635ae210f2f37264abf98606fbe46cba,25369893e745e9a46005425238b6833b60000d5adcfd75900246bd1816d7b1c8,2026-09-19T07:35:40.869354+09:00,2026-09-19T07:35:41.259956+09:00,23
zaleplon,alpha2,2026091904,6,2026091904:6,success,4,d7acee2d7507f51407527f3c0ca2bd7fa07929c6fbaa6845caa1baa37639e0f5,f200ead25a3058b54ec65947e68eb054915a84c192366392b308cdc470ad0e60,ea0d58334f653e26d4e7f9c6e1a9ee1c5763839c3e2fd314b07588f1ecb39d7b,2026-09-19T07:35:41.275573+09:00,2026-09-19T07:35:41.722617+09:00,23
zaleplon,alpha2,2026091904,7,2026091904:7,success,5,a52462bcde3dae0189a55a0ee123c9456a4a599b5ac9a61f7e15b9c698427b2f,ae55264adeea6098d84a48a882e4c3eaeb9d8302872d810446d50689289bfba0,779b5122f99899e26ebf69331f8f33d389cdd77e59ef88d4152c939472fa51ea,2026-09-19T07:35:41.739015+09:00,2026-09-19T07:35:42.136175+09:00,23
zaleplon,alpha2,2026091904,8,2026091904:8,success,1,de13c21e35753bafddf764a30790a9524a6c17cc6bd1c37102c05c4822116d48,bb1ec805b8b3329f0ff4b27ccd48ec24cb674e613396f622a35dfc9497c191d3,1def02846d3e0ceb0f90897802416d08bad7a29a6b565cb0456679533c9c8395,2026-09-19T07:35:42.152843+09:00,2026-09-19T07:35:42.551057+09:00,23
zaleplon,alpha2,2026091904,9,2026091904:9,success,4,3e164972ebc56e3aeb00cf69ff2793affaeb9e070383caaeb7621604d66cce4f,85efe79b29282885b67f34723da2bc514ce4fb45599e6d4498bf1bb2f554b1ce,b2c53cbb10d2140dac0cff6adcf38161dc0802553355340f23055cf1e6912eab,2026-09-19T07:35:42.567724+09:00,2026-09-19T07:35:43.022340+09:00,23
zaleplon,alpha2,2026091905,1,2026091905:1,success,5,2524c39d285655f6e67e0b188b08e65a9eac6767460ceae2102cbd91a60c2cff,ea956be58688ac8ba870275f6e898dc448f89b82df6e28a694524cb0fecafc80,e31a934b7dc7119fd076f1ba1d1cb0b5951d5971aa6ee2cdaade2b13b10ce9e2,2026-09-19T07:35:41.226108+09:00,2026-09-19T07:35:41.640618+09:00,23
zaleplon,alpha2,2026091905,2,2026091905:2,success,13,d44808aaf532aaa30c8c55ff56586ed1b5abf41f1dadddcd37ed9b9c30cd4fd2,800e8e6967f864ccd43aff189d48c1144e3a8f874e49848f5349da656c03ecfe,275b03b134f58b42717d7e776726e11b2e305f86f8d31eccdf20c137e3b9d1b7,2026-09-19T07:35:41.656497+09:00,2026-09-19T07:35:42.049751+09:00,23
zaleplon,alpha2,2026091905,3,2026091905:3,success,11,e191ec0e594ab5db588c12e23914344e915230803caa14b092856187ba20e8e1,d93eb6d201888d9924e0c471c3105ea9f82af1e163b8774b285fdf10f99b1f0c,96cdea750063491af735bccac33db720ad63ef08bba1f34ebcab5af45a708174,2026-09-19T07:35:42.066402+09:00,2026-09-19T07:35:42.457037+09:00,23
zaleplon,alpha2,2026091905,4,2026091905:4,success,7,fb9a9cfd141b62aafa4b4c67928359f57d713cb032043ee4354184b760682759,5ca689130b3964284769f64e2706eeb949444378817fa56b04c10a4c4d636ff7,bbf16e258ff2f34e9a42f5434b95b487a3227fde9081c767bb21ed52ea5fbe28,2026-09-19T07:35:42.473677+09:00,2026-09-19T07:35:42.913746+09:00,23
zaleplon,alpha2,2026091905,5,2026091905:5,success,6,f598d99ce304c8ee8f96bc5fba0eee21f99719dc739a17a88d4abc24189128e9,a51c50d78d57db03e5190f8b5d139564a142ab2b793523d6b4fbd092b5314092,80ff64217d44854c8da02d93e9fe0f7178ba65c6e5ca2f52f37fc1916ed12991,2026-09-19T07:35:42.931005+09:00,2026-09-19T07:35:43.303419+09:00,23
zaleplon,alpha2,2026091905,6,2026091905:6,success,5,46f0e1a5fc0e9a00ad603b832c27c6643fa6dabf92741e33495217b1908dd150,03e24e92939d48cedbb62d78ef4aeb276485ebbe576ce9f1cc89700dc7417e1f,d4295875d8a285d3b124eaf82c0b6f0611442c30a0b2318f4a6c29fd1fdd3479,2026-09-19T07:35:43.316864+09:00,2026-09-19T07:35:43.681899+09:00,23
zaleplon,alpha2,2026091905,7,2026091905:7,success,4,c45528f67e672a4c19de109fcac65af9d64ec8800286ffb409cc4e66cae5ae27,63cdb11609c86c332e171d521c92f989bf267a576f88de5713be0f02b4d5a310,f804cc56fd889775c26c64296b39a73b715008b25f525f1cedd98a2594bcf6d1,2026-09-19T07:35:43.694557+09:00,2026-09-19T07:35:44.014029+09:00,23
zaleplon,alpha2,2026091905,8,2026091905:8,success,5,349d4a97f3f55fa8f4db53217a1f518fb01322856c8f3b73e2ec4a0ef1d3a678,2658aaf1d7fa65a795669dc547e1067a5c0555ba272bc19ed4fc8f100b49b666,b7bd0b85acd2770fe05d7aed1cc71f3486fc20ad93fbffef93814597a414d554,2026-09-19T07:35:44.027989+09:00,2026-09-19T07:35:44.354467+09:00,23
zaleplon,alpha2,2026091905,9,2026091905:9,success,2,31371b7c2ae329632e3eb484d8025d1ea467ad93e04f0ac3837c1781fb976cc0,473cbabe912afe8be71bf5699a4329ab3ec2610b99676e6d1fe99ee6370b79ce,863cc943c94efe9adfe7d3b61aa396562e03194907a762e48d3865a1e1f209fc,2026-09-19T07:35:44.368365+09:00,2026-09-19T07:35:44.738233+09:00,23
