drug,receptor_block,seed,pose_rank,vina_score_kcal_mol,rmsd_lb,rmsd_ub,source_file,line_number,record_index,record_status,raw_record
diazepam,alpha1,2026091901,1,-10.124,0.0,0.0,runs/20260919_0724_10drug_standardized_redocking/raw/archives/diazepam.tar.gz::diazepam/alpha1/2026091901/poses.pdbqt,2,1,valid,REMARK VINA RESULT:   -10.124      0.000      0.000
diazepam,alpha1,2026091901,2,-9.433,3.01,5.965,runs/20260919_0724_10drug_standardized_redocking/raw/archives/diazepam.tar.gz::diazepam/alpha1/2026091901/poses.pdbqt,38,2,valid,REMARK VINA RESULT:    -9.433      3.010      5.965
diazepam,alpha1,2026091901,3,-9.246,2.549,3.352,runs/20260919_0724_10drug_standardized_redocking/raw/archives/diazepam.tar.gz::diazepam/alpha1/2026091901/poses.pdbqt,74,3,valid,REMARK VINA RESULT:    -9.246      2.549      3.352
diazepam,alpha1,2026091901,4,-8.813,1.845,4.704,runs/20260919_0724_10drug_standardized_redocking/raw/archives/diazepam.tar.gz::diazepam/alpha1/2026091901/poses.pdbqt,110,4,valid,REMARK VINA RESULT:    -8.813      1.845      4.704
diazepam,alpha1,2026091901,5,-7.847,3.339,5.005,runs/20260919_0724_10drug_standardized_redocking/raw/archives/diazepam.tar.gz::diazepam/alpha1/2026091901/poses.pdbqt,146,5,valid,REMARK VINA RESULT:    -7.847      3.339      5.005
diazepam,alpha1,2026091901,6,-6.717,5.133,7.245,runs/20260919_0724_10drug_standardized_redocking/raw/archives/diazepam.tar.gz::diazepam/alpha1/2026091901/poses.pdbqt,182,6,valid,REMARK VINA RESULT:    -6.717      5.133      7.245
diazepam,alpha1,2026091901,7,-6.643,5.08,7.178,runs/20260919_0724_10drug_standardized_redocking/raw/archives/diazepam.tar.gz::diazepam/alpha1/2026091901/poses.pdbqt,218,7,valid,REMARK VINA RESULT:    -6.643      5.080      7.178
diazepam,alpha1,2026091901,8,-6.603,4.729,7.072,runs/20260919_0724_10drug_standardized_redocking/raw/archives/diazepam.tar.gz::diazepam/alpha1/2026091901/poses.pdbqt,254,8,valid,REMARK VINA RESULT:    -6.603      4.729      7.072
diazepam,alpha1,2026091901,9,-6.563,6.296,8.891,runs/20260919_0724_10drug_standardized_redocking/raw/archives/diazepam.tar.gz::diazepam/alpha1/2026091901/poses.pdbqt,290,9,valid,REMARK VINA RESULT:    -6.563      6.296      8.891
diazepam,alpha1,2026091902,1,-10.124,0.0,0.0,runs/20260919_0724_10drug_standardized_redocking/raw/archives/diazepam.tar.gz::diazepam/alpha1/2026091902/poses.pdbqt,2,1,valid,REMARK VINA RESULT:   -10.124      0.000      0.000
diazepam,alpha1,2026091902,2,-9.397,3.007,5.975,runs/20260919_0724_10drug_standardized_redocking/raw/archives/diazepam.tar.gz::diazepam/alpha1/2026091902/poses.pdbqt,38,2,valid,REMARK VINA RESULT:    -9.397      3.007      5.975
diazepam,alpha1,2026091902,3,-9.234,2.556,3.376,runs/20260919_0724_10drug_standardized_redocking/raw/archives/diazepam.tar.gz::diazepam/alpha1/2026091902/poses.pdbqt,74,3,valid,REMARK VINA RESULT:    -9.234      2.556      3.376
diazepam,alpha1,2026091902,4,-8.593,1.766,4.568,runs/20260919_0724_10drug_standardized_redocking/raw/archives/diazepam.tar.gz::diazepam/alpha1/2026091902/poses.pdbqt,110,4,valid,REMARK VINA RESULT:    -8.593      1.766      4.568
diazepam,alpha1,2026091902,5,-8.289,3.121,5.022,runs/20260919_0724_10drug_standardized_redocking/raw/archives/diazepam.tar.gz::diazepam/alpha1/2026091902/poses.pdbqt,146,5,valid,REMARK VINA RESULT:    -8.289      3.121      5.022
diazepam,alpha1,2026091902,6,-7.697,3.06,4.579,runs/20260919_0724_10drug_standardized_redocking/raw/archives/diazepam.tar.gz::diazepam/alpha1/2026091902/poses.pdbqt,182,6,valid,REMARK VINA RESULT:    -7.697      3.060      4.579
diazepam,alpha1,2026091902,7,-7.627,2.507,4.921,runs/20260919_0724_10drug_standardized_redocking/raw/archives/diazepam.tar.gz::diazepam/alpha1/2026091902/poses.pdbqt,218,7,valid,REMARK VINA RESULT:    -7.627      2.507      4.921
diazepam,alpha1,2026091902,8,-7.258,4.199,6.61,runs/20260919_0724_10drug_standardized_redocking/raw/archives/diazepam.tar.gz::diazepam/alpha1/2026091902/poses.pdbqt,254,8,valid,REMARK VINA RESULT:    -7.258      4.199      6.610
diazepam,alpha1,2026091902,9,-6.658,4.184,6.341,runs/20260919_0724_10drug_standardized_redocking/raw/archives/diazepam.tar.gz::diazepam/alpha1/2026091902/poses.pdbqt,290,9,valid,REMARK VINA RESULT:    -6.658      4.184      6.341
diazepam,alpha1,2026091903,1,-10.155,0.0,0.0,runs/20260919_0724_10drug_standardized_redocking/raw/archives/diazepam.tar.gz::diazepam/alpha1/2026091903/poses.pdbqt,2,1,valid,REMARK VINA RESULT:   -10.155      0.000      0.000
diazepam,alpha1,2026091903,2,-9.439,2.987,5.985,runs/20260919_0724_10drug_standardized_redocking/raw/archives/diazepam.tar.gz::diazepam/alpha1/2026091903/poses.pdbqt,38,2,valid,REMARK VINA RESULT:    -9.439      2.987      5.985
diazepam,alpha1,2026091903,3,-9.249,2.543,3.352,runs/20260919_0724_10drug_standardized_redocking/raw/archives/diazepam.tar.gz::diazepam/alpha1/2026091903/poses.pdbqt,74,3,valid,REMARK VINA RESULT:    -9.249      2.543      3.352
diazepam,alpha1,2026091903,4,-8.829,1.854,4.711,runs/20260919_0724_10drug_standardized_redocking/raw/archives/diazepam.tar.gz::diazepam/alpha1/2026091903/poses.pdbqt,110,4,valid,REMARK VINA RESULT:    -8.829      1.854      4.711
diazepam,alpha1,2026091903,5,-8.305,3.121,5.002,runs/20260919_0724_10drug_standardized_redocking/raw/archives/diazepam.tar.gz::diazepam/alpha1/2026091903/poses.pdbqt,146,5,valid,REMARK VINA RESULT:    -8.305      3.121      5.002
diazepam,alpha1,2026091903,6,-8.032,2.334,4.959,runs/20260919_0724_10drug_standardized_redocking/raw/archives/diazepam.tar.gz::diazepam/alpha1/2026091903/poses.pdbqt,182,6,valid,REMARK VINA RESULT:    -8.032      2.334      4.959
diazepam,alpha1,2026091903,7,-7.223,4.25,6.662,runs/20260919_0724_10drug_standardized_redocking/raw/archives/diazepam.tar.gz::diazepam/alpha1/2026091903/poses.pdbqt,218,7,valid,REMARK VINA RESULT:    -7.223      4.250      6.662
diazepam,alpha1,2026091903,8,-7.152,2.931,4.794,runs/20260919_0724_10drug_standardized_redocking/raw/archives/diazepam.tar.gz::diazepam/alpha1/2026091903/poses.pdbqt,254,8,valid,REMARK VINA RESULT:    -7.152      2.931      4.794
diazepam,alpha1,2026091903,9,-6.695,4.62,7.208,runs/20260919_0724_10drug_standardized_redocking/raw/archives/diazepam.tar.gz::diazepam/alpha1/2026091903/poses.pdbqt,290,9,valid,REMARK VINA RESULT:    -6.695      4.620      7.208
diazepam,alpha1,2026091904,1,-10.153,0.0,0.0,runs/20260919_0724_10drug_standardized_redocking/raw/archives/diazepam.tar.gz::diazepam/alpha1/2026091904/poses.pdbqt,2,1,valid,REMARK VINA RESULT:   -10.153      0.000      0.000
diazepam,alpha1,2026091904,2,-9.442,2.987,5.957,runs/20260919_0724_10drug_standardized_redocking/raw/archives/diazepam.tar.gz::diazepam/alpha1/2026091904/poses.pdbqt,38,2,valid,REMARK VINA RESULT:    -9.442      2.987      5.957
diazepam,alpha1,2026091904,3,-9.264,2.63,3.464,runs/20260919_0724_10drug_standardized_redocking/raw/archives/diazepam.tar.gz::diazepam/alpha1/2026091904/poses.pdbqt,74,3,valid,REMARK VINA RESULT:    -9.264      2.630      3.464
diazepam,alpha1,2026091904,4,-8.568,2.972,5.373,runs/20260919_0724_10drug_standardized_redocking/raw/archives/diazepam.tar.gz::diazepam/alpha1/2026091904/poses.pdbqt,110,4,valid,REMARK VINA RESULT:    -8.568      2.972      5.373
diazepam,alpha1,2026091904,5,-8.248,2.997,6.078,runs/20260919_0724_10drug_standardized_redocking/raw/archives/diazepam.tar.gz::diazepam/alpha1/2026091904/poses.pdbqt,146,5,valid,REMARK VINA RESULT:    -8.248      2.997      6.078
diazepam,alpha1,2026091904,6,-7.948,3.561,5.267,runs/20260919_0724_10drug_standardized_redocking/raw/archives/diazepam.tar.gz::diazepam/alpha1/2026091904/poses.pdbqt,182,6,valid,REMARK VINA RESULT:    -7.948      3.561      5.267
diazepam,alpha1,2026091904,7,-7.268,4.238,6.641,runs/20260919_0724_10drug_standardized_redocking/raw/archives/diazepam.tar.gz::diazepam/alpha1/2026091904/poses.pdbqt,218,7,valid,REMARK VINA RESULT:    -7.268      4.238      6.641
diazepam,alpha1,2026091904,8,-6.514,3.607,6.941,runs/20260919_0724_10drug_standardized_redocking/raw/archives/diazepam.tar.gz::diazepam/alpha1/2026091904/poses.pdbqt,254,8,valid,REMARK VINA RESULT:    -6.514      3.607      6.941
diazepam,alpha1,2026091904,9,-6.39,4.147,6.353,runs/20260919_0724_10drug_standardized_redocking/raw/archives/diazepam.tar.gz::diazepam/alpha1/2026091904/poses.pdbqt,290,9,valid,REMARK VINA RESULT:    -6.390      4.147      6.353
diazepam,alpha1,2026091905,1,-10.13,0.0,0.0,runs/20260919_0724_10drug_standardized_redocking/raw/archives/diazepam.tar.gz::diazepam/alpha1/2026091905/poses.pdbqt,2,1,valid,REMARK VINA RESULT:   -10.130      0.000      0.000
diazepam,alpha1,2026091905,2,-9.436,3.004,5.963,runs/20260919_0724_10drug_standardized_redocking/raw/archives/diazepam.tar.gz::diazepam/alpha1/2026091905/poses.pdbqt,38,2,valid,REMARK VINA RESULT:    -9.436      3.004      5.963
diazepam,alpha1,2026091905,3,-9.243,2.554,3.357,runs/20260919_0724_10drug_standardized_redocking/raw/archives/diazepam.tar.gz::diazepam/alpha1/2026091905/poses.pdbqt,74,3,valid,REMARK VINA RESULT:    -9.243      2.554      3.357
diazepam,alpha1,2026091905,4,-8.81,1.844,4.703,runs/20260919_0724_10drug_standardized_redocking/raw/archives/diazepam.tar.gz::diazepam/alpha1/2026091905/poses.pdbqt,110,4,valid,REMARK VINA RESULT:    -8.810      1.844      4.703
diazepam,alpha1,2026091905,5,-7.904,3.277,4.855,runs/20260919_0724_10drug_standardized_redocking/raw/archives/diazepam.tar.gz::diazepam/alpha1/2026091905/poses.pdbqt,146,5,valid,REMARK VINA RESULT:    -7.904      3.277      4.855
diazepam,alpha1,2026091905,6,-7.858,3.056,6.194,runs/20260919_0724_10drug_standardized_redocking/raw/archives/diazepam.tar.gz::diazepam/alpha1/2026091905/poses.pdbqt,182,6,valid,REMARK VINA RESULT:    -7.858      3.056      6.194
diazepam,alpha1,2026091905,7,-7.355,3.398,6.129,runs/20260919_0724_10drug_standardized_redocking/raw/archives/diazepam.tar.gz::diazepam/alpha1/2026091905/poses.pdbqt,218,7,valid,REMARK VINA RESULT:    -7.355      3.398      6.129
diazepam,alpha1,2026091905,8,-7.227,4.151,6.557,runs/20260919_0724_10drug_standardized_redocking/raw/archives/diazepam.tar.gz::diazepam/alpha1/2026091905/poses.pdbqt,254,8,valid,REMARK VINA RESULT:    -7.227      4.151      6.557
diazepam,alpha1,2026091905,9,-6.931,4.701,6.768,runs/20260919_0724_10drug_standardized_redocking/raw/archives/diazepam.tar.gz::diazepam/alpha1/2026091905/poses.pdbqt,290,9,valid,REMARK VINA RESULT:    -6.931      4.701      6.768
diazepam,alpha2,2026091901,1,-7.902,0.0,0.0,runs/20260919_0724_10drug_standardized_redocking/raw/archives/diazepam.tar.gz::diazepam/alpha2/2026091901/poses.pdbqt,2,1,valid,REMARK VINA RESULT:    -7.902      0.000      0.000
diazepam,alpha2,2026091901,2,-7.103,2.802,5.379,runs/20260919_0724_10drug_standardized_redocking/raw/archives/diazepam.tar.gz::diazepam/alpha2/2026091901/poses.pdbqt,38,2,valid,REMARK VINA RESULT:    -7.103      2.802      5.379
diazepam,alpha2,2026091901,3,-6.672,3.32,6.117,runs/20260919_0724_10drug_standardized_redocking/raw/archives/diazepam.tar.gz::diazepam/alpha2/2026091901/poses.pdbqt,74,3,valid,REMARK VINA RESULT:    -6.672      3.320      6.117
diazepam,alpha2,2026091901,4,-6.381,4.949,7.074,runs/20260919_0724_10drug_standardized_redocking/raw/archives/diazepam.tar.gz::diazepam/alpha2/2026091901/poses.pdbqt,110,4,valid,REMARK VINA RESULT:    -6.381      4.949      7.074
diazepam,alpha2,2026091901,5,-6.367,4.423,7.392,runs/20260919_0724_10drug_standardized_redocking/raw/archives/diazepam.tar.gz::diazepam/alpha2/2026091901/poses.pdbqt,146,5,valid,REMARK VINA RESULT:    -6.367      4.423      7.392
diazepam,alpha2,2026091901,6,-6.32,2.908,4.45,runs/20260919_0724_10drug_standardized_redocking/raw/archives/diazepam.tar.gz::diazepam/alpha2/2026091901/poses.pdbqt,182,6,valid,REMARK VINA RESULT:    -6.320      2.908      4.450
diazepam,alpha2,2026091901,7,-6.195,4.979,8.214,runs/20260919_0724_10drug_standardized_redocking/raw/archives/diazepam.tar.gz::diazepam/alpha2/2026091901/poses.pdbqt,218,7,valid,REMARK VINA RESULT:    -6.195      4.979      8.214
diazepam,alpha2,2026091901,8,-6.142,5.628,8.826,runs/20260919_0724_10drug_standardized_redocking/raw/archives/diazepam.tar.gz::diazepam/alpha2/2026091901/poses.pdbqt,254,8,valid,REMARK VINA RESULT:    -6.142      5.628      8.826
diazepam,alpha2,2026091901,9,-6.065,5.176,8.235,runs/20260919_0724_10drug_standardized_redocking/raw/archives/diazepam.tar.gz::diazepam/alpha2/2026091901/poses.pdbqt,290,9,valid,REMARK VINA RESULT:    -6.065      5.176      8.235
diazepam,alpha2,2026091902,1,-7.907,0.0,0.0,runs/20260919_0724_10drug_standardized_redocking/raw/archives/diazepam.tar.gz::diazepam/alpha2/2026091902/poses.pdbqt,2,1,valid,REMARK VINA RESULT:    -7.907      0.000      0.000
diazepam,alpha2,2026091902,2,-7.145,2.796,5.373,runs/20260919_0724_10drug_standardized_redocking/raw/archives/diazepam.tar.gz::diazepam/alpha2/2026091902/poses.pdbqt,38,2,valid,REMARK VINA RESULT:    -7.145      2.796      5.373
diazepam,alpha2,2026091902,3,-6.688,3.324,6.118,runs/20260919_0724_10drug_standardized_redocking/raw/archives/diazepam.tar.gz::diazepam/alpha2/2026091902/poses.pdbqt,74,3,valid,REMARK VINA RESULT:    -6.688      3.324      6.118
diazepam,alpha2,2026091902,4,-6.482,3.206,6.109,runs/20260919_0724_10drug_standardized_redocking/raw/archives/diazepam.tar.gz::diazepam/alpha2/2026091902/poses.pdbqt,110,4,valid,REMARK VINA RESULT:    -6.482      3.206      6.109
diazepam,alpha2,2026091902,5,-6.364,4.409,7.306,runs/20260919_0724_10drug_standardized_redocking/raw/archives/diazepam.tar.gz::diazepam/alpha2/2026091902/poses.pdbqt,146,5,valid,REMARK VINA RESULT:    -6.364      4.409      7.306
diazepam,alpha2,2026091902,6,-6.358,2.892,4.429,runs/20260919_0724_10drug_standardized_redocking/raw/archives/diazepam.tar.gz::diazepam/alpha2/2026091902/poses.pdbqt,182,6,valid,REMARK VINA RESULT:    -6.358      2.892      4.429
diazepam,alpha2,2026091902,7,-6.35,4.939,7.063,runs/20260919_0724_10drug_standardized_redocking/raw/archives/diazepam.tar.gz::diazepam/alpha2/2026091902/poses.pdbqt,218,7,valid,REMARK VINA RESULT:    -6.350      4.939      7.063
diazepam,alpha2,2026091902,8,-6.114,4.575,7.733,runs/20260919_0724_10drug_standardized_redocking/raw/archives/diazepam.tar.gz::diazepam/alpha2/2026091902/poses.pdbqt,254,8,valid,REMARK VINA RESULT:    -6.114      4.575      7.733
diazepam,alpha2,2026091902,9,-5.937,4.405,6.146,runs/20260919_0724_10drug_standardized_redocking/raw/archives/diazepam.tar.gz::diazepam/alpha2/2026091902/poses.pdbqt,290,9,valid,REMARK VINA RESULT:    -5.937      4.405      6.146
diazepam,alpha2,2026091903,1,-7.733,0.0,0.0,runs/20260919_0724_10drug_standardized_redocking/raw/archives/diazepam.tar.gz::diazepam/alpha2/2026091903/poses.pdbqt,2,1,valid,REMARK VINA RESULT:    -7.733      0.000      0.000
diazepam,alpha2,2026091903,2,-7.311,4.074,5.474,runs/20260919_0724_10drug_standardized_redocking/raw/archives/diazepam.tar.gz::diazepam/alpha2/2026091903/poses.pdbqt,38,2,valid,REMARK VINA RESULT:    -7.311      4.074      5.474
diazepam,alpha2,2026091903,3,-7.259,2.781,4.141,runs/20260919_0724_10drug_standardized_redocking/raw/archives/diazepam.tar.gz::diazepam/alpha2/2026091903/poses.pdbqt,74,3,valid,REMARK VINA RESULT:    -7.259      2.781      4.141
diazepam,alpha2,2026091903,4,-7.02,4.653,7.867,runs/20260919_0724_10drug_standardized_redocking/raw/archives/diazepam.tar.gz::diazepam/alpha2/2026091903/poses.pdbqt,110,4,valid,REMARK VINA RESULT:    -7.020      4.653      7.867
diazepam,alpha2,2026091903,5,-6.957,3.257,5.898,runs/20260919_0724_10drug_standardized_redocking/raw/archives/diazepam.tar.gz::diazepam/alpha2/2026091903/poses.pdbqt,146,5,valid,REMARK VINA RESULT:    -6.957      3.257      5.898
diazepam,alpha2,2026091903,6,-6.95,4.072,6.292,runs/20260919_0724_10drug_standardized_redocking/raw/archives/diazepam.tar.gz::diazepam/alpha2/2026091903/poses.pdbqt,182,6,valid,REMARK VINA RESULT:    -6.950      4.072      6.292
diazepam,alpha2,2026091903,7,-6.829,5.232,7.882,runs/20260919_0724_10drug_standardized_redocking/raw/archives/diazepam.tar.gz::diazepam/alpha2/2026091903/poses.pdbqt,218,7,valid,REMARK VINA RESULT:    -6.829      5.232      7.882
diazepam,alpha2,2026091903,8,-6.744,4.807,7.255,runs/20260919_0724_10drug_standardized_redocking/raw/archives/diazepam.tar.gz::diazepam/alpha2/2026091903/poses.pdbqt,254,8,valid,REMARK VINA RESULT:    -6.744      4.807      7.255
diazepam,alpha2,2026091903,9,-6.398,5.429,8.018,runs/20260919_0724_10drug_standardized_redocking/raw/archives/diazepam.tar.gz::diazepam/alpha2/2026091903/poses.pdbqt,290,9,valid,REMARK VINA RESULT:    -6.398      5.429      8.018
diazepam,alpha2,2026091904,1,-7.774,0.0,0.0,runs/20260919_0724_10drug_standardized_redocking/raw/archives/diazepam.tar.gz::diazepam/alpha2/2026091904/poses.pdbqt,2,1,valid,REMARK VINA RESULT:    -7.774      0.000      0.000
diazepam,alpha2,2026091904,2,-7.298,4.073,5.462,runs/20260919_0724_10drug_standardized_redocking/raw/archives/diazepam.tar.gz::diazepam/alpha2/2026091904/poses.pdbqt,38,2,valid,REMARK VINA RESULT:    -7.298      4.073      5.462
diazepam,alpha2,2026091904,3,-6.987,4.111,6.258,runs/20260919_0724_10drug_standardized_redocking/raw/archives/diazepam.tar.gz::diazepam/alpha2/2026091904/poses.pdbqt,74,3,valid,REMARK VINA RESULT:    -6.987      4.111      6.258
diazepam,alpha2,2026091904,4,-6.974,3.254,5.88,runs/20260919_0724_10drug_standardized_redocking/raw/archives/diazepam.tar.gz::diazepam/alpha2/2026091904/poses.pdbqt,110,4,valid,REMARK VINA RESULT:    -6.974      3.254      5.880
diazepam,alpha2,2026091904,5,-6.964,4.661,7.862,runs/20260919_0724_10drug_standardized_redocking/raw/archives/diazepam.tar.gz::diazepam/alpha2/2026091904/poses.pdbqt,146,5,valid,REMARK VINA RESULT:    -6.964      4.661      7.862
diazepam,alpha2,2026091904,6,-6.821,5.269,7.92,runs/20260919_0724_10drug_standardized_redocking/raw/archives/diazepam.tar.gz::diazepam/alpha2/2026091904/poses.pdbqt,182,6,valid,REMARK VINA RESULT:    -6.821      5.269      7.920
diazepam,alpha2,2026091904,7,-6.739,4.759,7.191,runs/20260919_0724_10drug_standardized_redocking/raw/archives/diazepam.tar.gz::diazepam/alpha2/2026091904/poses.pdbqt,218,7,valid,REMARK VINA RESULT:    -6.739      4.759      7.191
diazepam,alpha2,2026091904,8,-6.578,4.545,6.588,runs/20260919_0724_10drug_standardized_redocking/raw/archives/diazepam.tar.gz::diazepam/alpha2/2026091904/poses.pdbqt,254,8,valid,REMARK VINA RESULT:    -6.578      4.545      6.588
diazepam,alpha2,2026091904,9,-6.499,5.565,7.83,runs/20260919_0724_10drug_standardized_redocking/raw/archives/diazepam.tar.gz::diazepam/alpha2/2026091904/poses.pdbqt,290,9,valid,REMARK VINA RESULT:    -6.499      5.565      7.830
diazepam,alpha2,2026091905,1,-7.757,0.0,0.0,runs/20260919_0724_10drug_standardized_redocking/raw/archives/diazepam.tar.gz::diazepam/alpha2/2026091905/poses.pdbqt,2,1,valid,REMARK VINA RESULT:    -7.757      0.000      0.000
diazepam,alpha2,2026091905,2,-7.288,4.093,5.466,runs/20260919_0724_10drug_standardized_redocking/raw/archives/diazepam.tar.gz::diazepam/alpha2/2026091905/poses.pdbqt,38,2,valid,REMARK VINA RESULT:    -7.288      4.093      5.466
diazepam,alpha2,2026091905,3,-7.129,2.771,4.283,runs/20260919_0724_10drug_standardized_redocking/raw/archives/diazepam.tar.gz::diazepam/alpha2/2026091905/poses.pdbqt,74,3,valid,REMARK VINA RESULT:    -7.129      2.771      4.283
diazepam,alpha2,2026091905,4,-6.982,4.651,7.871,runs/20260919_0724_10drug_standardized_redocking/raw/archives/diazepam.tar.gz::diazepam/alpha2/2026091905/poses.pdbqt,110,4,valid,REMARK VINA RESULT:    -6.982      4.651      7.871
diazepam,alpha2,2026091905,5,-6.936,4.159,6.433,runs/20260919_0724_10drug_standardized_redocking/raw/archives/diazepam.tar.gz::diazepam/alpha2/2026091905/poses.pdbqt,146,5,valid,REMARK VINA RESULT:    -6.936      4.159      6.433
diazepam,alpha2,2026091905,6,-6.897,3.235,5.828,runs/20260919_0724_10drug_standardized_redocking/raw/archives/diazepam.tar.gz::diazepam/alpha2/2026091905/poses.pdbqt,182,6,valid,REMARK VINA RESULT:    -6.897      3.235      5.828
diazepam,alpha2,2026091905,7,-6.803,5.153,7.804,runs/20260919_0724_10drug_standardized_redocking/raw/archives/diazepam.tar.gz::diazepam/alpha2/2026091905/poses.pdbqt,218,7,valid,REMARK VINA RESULT:    -6.803      5.153      7.804
diazepam,alpha2,2026091905,8,-6.79,5.575,8.403,runs/20260919_0724_10drug_standardized_redocking/raw/archives/diazepam.tar.gz::diazepam/alpha2/2026091905/poses.pdbqt,254,8,valid,REMARK VINA RESULT:    -6.790      5.575      8.403
diazepam,alpha2,2026091905,9,-6.479,5.578,7.856,runs/20260919_0724_10drug_standardized_redocking/raw/archives/diazepam.tar.gz::diazepam/alpha2/2026091905/poses.pdbqt,290,9,valid,REMARK VINA RESULT:    -6.479      5.578      7.856
alprazolam,alpha1,2026091901,1,-10.585,0.0,0.0,runs/20260919_0724_10drug_standardized_redocking/raw/archives/alprazolam.tar.gz::alprazolam/alpha1/2026091901/poses.pdbqt,2,1,valid,REMARK VINA RESULT:   -10.585      0.000      0.000
alprazolam,alpha1,2026091901,2,-10.545,0.07,1.032,runs/20260919_0724_10drug_standardized_redocking/raw/archives/alprazolam.tar.gz::alprazolam/alpha1/2026091901/poses.pdbqt,40,2,valid,REMARK VINA RESULT:   -10.545      0.070      1.032
alprazolam,alpha1,2026091901,3,-9.092,2.889,6.356,runs/20260919_0724_10drug_standardized_redocking/raw/archives/alprazolam.tar.gz::alprazolam/alpha1/2026091901/poses.pdbqt,78,3,valid,REMARK VINA RESULT:    -9.092      2.889      6.356
alprazolam,alpha1,2026091901,4,-7.593,3.946,5.889,runs/20260919_0724_10drug_standardized_redocking/raw/archives/alprazolam.tar.gz::alprazolam/alpha1/2026091901/poses.pdbqt,116,4,valid,REMARK VINA RESULT:    -7.593      3.946      5.889
alprazolam,alpha1,2026091901,5,-7.211,4.427,7.077,runs/20260919_0724_10drug_standardized_redocking/raw/archives/alprazolam.tar.gz::alprazolam/alpha1/2026091901/poses.pdbqt,154,5,valid,REMARK VINA RESULT:    -7.211      4.427      7.077
alprazolam,alpha1,2026091901,6,-7.071,3.397,6.674,runs/20260919_0724_10drug_standardized_redocking/raw/archives/alprazolam.tar.gz::alprazolam/alpha1/2026091901/poses.pdbqt,192,6,valid,REMARK VINA RESULT:    -7.071      3.397      6.674
alprazolam,alpha1,2026091901,7,-6.632,2.813,4.5,runs/20260919_0724_10drug_standardized_redocking/raw/archives/alprazolam.tar.gz::alprazolam/alpha1/2026091901/poses.pdbqt,230,7,valid,REMARK VINA RESULT:    -6.632      2.813      4.500
alprazolam,alpha1,2026091901,8,-6.617,4.219,7.212,runs/20260919_0724_10drug_standardized_redocking/raw/archives/alprazolam.tar.gz::alprazolam/alpha1/2026091901/poses.pdbqt,268,8,valid,REMARK VINA RESULT:    -6.617      4.219      7.212
alprazolam,alpha1,2026091902,1,-10.575,0.0,0.0,runs/20260919_0724_10drug_standardized_redocking/raw/archives/alprazolam.tar.gz::alprazolam/alpha1/2026091902/poses.pdbqt,2,1,valid,REMARK VINA RESULT:   -10.575      0.000      0.000
alprazolam,alpha1,2026091902,2,-9.125,2.913,6.385,runs/20260919_0724_10drug_standardized_redocking/raw/archives/alprazolam.tar.gz::alprazolam/alpha1/2026091902/poses.pdbqt,40,2,valid,REMARK VINA RESULT:    -9.125      2.913      6.385
alprazolam,alpha1,2026091902,3,-8.544,2.014,4.906,runs/20260919_0724_10drug_standardized_redocking/raw/archives/alprazolam.tar.gz::alprazolam/alpha1/2026091902/poses.pdbqt,78,3,valid,REMARK VINA RESULT:    -8.544      2.014      4.906
alprazolam,alpha1,2026091902,4,-7.533,4.001,5.948,runs/20260919_0724_10drug_standardized_redocking/raw/archives/alprazolam.tar.gz::alprazolam/alpha1/2026091902/poses.pdbqt,116,4,valid,REMARK VINA RESULT:    -7.533      4.001      5.948
alprazolam,alpha1,2026091902,5,-7.264,4.409,7.084,runs/20260919_0724_10drug_standardized_redocking/raw/archives/alprazolam.tar.gz::alprazolam/alpha1/2026091902/poses.pdbqt,154,5,valid,REMARK VINA RESULT:    -7.264      4.409      7.084
alprazolam,alpha1,2026091902,6,-7.215,3.267,6.58,runs/20260919_0724_10drug_standardized_redocking/raw/archives/alprazolam.tar.gz::alprazolam/alpha1/2026091902/poses.pdbqt,192,6,valid,REMARK VINA RESULT:    -7.215      3.267      6.580
alprazolam,alpha1,2026091902,7,-6.58,2.947,4.574,runs/20260919_0724_10drug_standardized_redocking/raw/archives/alprazolam.tar.gz::alprazolam/alpha1/2026091902/poses.pdbqt,230,7,valid,REMARK VINA RESULT:    -6.580      2.947      4.574
alprazolam,alpha1,2026091903,1,-10.589,0.0,0.0,runs/20260919_0724_10drug_standardized_redocking/raw/archives/alprazolam.tar.gz::alprazolam/alpha1/2026091903/poses.pdbqt,2,1,valid,REMARK VINA RESULT:   -10.589      0.000      0.000
alprazolam,alpha1,2026091903,2,-9.107,2.889,6.349,runs/20260919_0724_10drug_standardized_redocking/raw/archives/alprazolam.tar.gz::alprazolam/alpha1/2026091903/poses.pdbqt,40,2,valid,REMARK VINA RESULT:    -9.107      2.889      6.349
alprazolam,alpha1,2026091903,3,-8.546,2.019,4.92,runs/20260919_0724_10drug_standardized_redocking/raw/archives/alprazolam.tar.gz::alprazolam/alpha1/2026091903/poses.pdbqt,78,3,valid,REMARK VINA RESULT:    -8.546      2.019      4.920
alprazolam,alpha1,2026091903,4,-7.984,1.731,2.336,runs/20260919_0724_10drug_standardized_redocking/raw/archives/alprazolam.tar.gz::alprazolam/alpha1/2026091903/poses.pdbqt,116,4,valid,REMARK VINA RESULT:    -7.984      1.731      2.336
alprazolam,alpha1,2026091903,5,-7.27,4.412,7.091,runs/20260919_0724_10drug_standardized_redocking/raw/archives/alprazolam.tar.gz::alprazolam/alpha1/2026091903/poses.pdbqt,154,5,valid,REMARK VINA RESULT:    -7.270      4.412      7.091
alprazolam,alpha1,2026091903,6,-7.194,1.988,2.699,runs/20260919_0724_10drug_standardized_redocking/raw/archives/alprazolam.tar.gz::alprazolam/alpha1/2026091903/poses.pdbqt,192,6,valid,REMARK VINA RESULT:    -7.194      1.988      2.699
alprazolam,alpha1,2026091903,7,-6.68,2.865,4.647,runs/20260919_0724_10drug_standardized_redocking/raw/archives/alprazolam.tar.gz::alprazolam/alpha1/2026091903/poses.pdbqt,230,7,valid,REMARK VINA RESULT:    -6.680      2.865      4.647
alprazolam,alpha1,2026091904,1,-10.581,0.0,0.0,runs/20260919_0724_10drug_standardized_redocking/raw/archives/alprazolam.tar.gz::alprazolam/alpha1/2026091904/poses.pdbqt,2,1,valid,REMARK VINA RESULT:   -10.581      0.000      0.000
alprazolam,alpha1,2026091904,2,-9.296,1.317,1.575,runs/20260919_0724_10drug_standardized_redocking/raw/archives/alprazolam.tar.gz::alprazolam/alpha1/2026091904/poses.pdbqt,40,2,valid,REMARK VINA RESULT:    -9.296      1.317      1.575
alprazolam,alpha1,2026091904,3,-9.089,2.892,6.358,runs/20260919_0724_10drug_standardized_redocking/raw/archives/alprazolam.tar.gz::alprazolam/alpha1/2026091904/poses.pdbqt,78,3,valid,REMARK VINA RESULT:    -9.089      2.892      6.358
alprazolam,alpha1,2026091904,4,-8.546,2.025,4.912,runs/20260919_0724_10drug_standardized_redocking/raw/archives/alprazolam.tar.gz::alprazolam/alpha1/2026091904/poses.pdbqt,116,4,valid,REMARK VINA RESULT:    -8.546      2.025      4.912
alprazolam,alpha1,2026091904,5,-7.24,4.386,7.057,runs/20260919_0724_10drug_standardized_redocking/raw/archives/alprazolam.tar.gz::alprazolam/alpha1/2026091904/poses.pdbqt,154,5,valid,REMARK VINA RESULT:    -7.240      4.386      7.057
alprazolam,alpha1,2026091904,6,-7.219,3.294,6.603,runs/20260919_0724_10drug_standardized_redocking/raw/archives/alprazolam.tar.gz::alprazolam/alpha1/2026091904/poses.pdbqt,192,6,valid,REMARK VINA RESULT:    -7.219      3.294      6.603
alprazolam,alpha1,2026091904,7,-6.664,2.861,4.651,runs/20260919_0724_10drug_standardized_redocking/raw/archives/alprazolam.tar.gz::alprazolam/alpha1/2026091904/poses.pdbqt,230,7,valid,REMARK VINA RESULT:    -6.664      2.861      4.651
alprazolam,alpha1,2026091905,1,-10.574,0.0,0.0,runs/20260919_0724_10drug_standardized_redocking/raw/archives/alprazolam.tar.gz::alprazolam/alpha1/2026091905/poses.pdbqt,2,1,valid,REMARK VINA RESULT:   -10.574      0.000      0.000
alprazolam,alpha1,2026091905,2,-9.103,2.91,6.377,runs/20260919_0724_10drug_standardized_redocking/raw/archives/alprazolam.tar.gz::alprazolam/alpha1/2026091905/poses.pdbqt,40,2,valid,REMARK VINA RESULT:    -9.103      2.910      6.377
alprazolam,alpha1,2026091905,3,-7.255,4.412,7.091,runs/20260919_0724_10drug_standardized_redocking/raw/archives/alprazolam.tar.gz::alprazolam/alpha1/2026091905/poses.pdbqt,78,3,valid,REMARK VINA RESULT:    -7.255      4.412      7.091
alprazolam,alpha1,2026091905,4,-7.247,2.847,3.914,runs/20260919_0724_10drug_standardized_redocking/raw/archives/alprazolam.tar.gz::alprazolam/alpha1/2026091905/poses.pdbqt,116,4,valid,REMARK VINA RESULT:    -7.247      2.847      3.914
alprazolam,alpha1,2026091905,5,-7.201,3.248,6.573,runs/20260919_0724_10drug_standardized_redocking/raw/archives/alprazolam.tar.gz::alprazolam/alpha1/2026091905/poses.pdbqt,154,5,valid,REMARK VINA RESULT:    -7.201      3.248      6.573
alprazolam,alpha1,2026091905,6,-6.681,2.853,4.647,runs/20260919_0724_10drug_standardized_redocking/raw/archives/alprazolam.tar.gz::alprazolam/alpha1/2026091905/poses.pdbqt,192,6,valid,REMARK VINA RESULT:    -6.681      2.853      4.647
alprazolam,alpha2,2026091901,1,-7.657,0.0,0.0,runs/20260919_0724_10drug_standardized_redocking/raw/archives/alprazolam.tar.gz::alprazolam/alpha2/2026091901/poses.pdbqt,2,1,valid,REMARK VINA RESULT:    -7.657      0.000      0.000
alprazolam,alpha2,2026091901,2,-7.564,3.368,5.112,runs/20260919_0724_10drug_standardized_redocking/raw/archives/alprazolam.tar.gz::alprazolam/alpha2/2026091901/poses.pdbqt,40,2,valid,REMARK VINA RESULT:    -7.564      3.368      5.112
alprazolam,alpha2,2026091901,3,-7.326,3.156,6.029,runs/20260919_0724_10drug_standardized_redocking/raw/archives/alprazolam.tar.gz::alprazolam/alpha2/2026091901/poses.pdbqt,78,3,valid,REMARK VINA RESULT:    -7.326      3.156      6.029
alprazolam,alpha2,2026091901,4,-7.321,3.252,4.774,runs/20260919_0724_10drug_standardized_redocking/raw/archives/alprazolam.tar.gz::alprazolam/alpha2/2026091901/poses.pdbqt,116,4,valid,REMARK VINA RESULT:    -7.321      3.252      4.774
alprazolam,alpha2,2026091901,5,-7.007,2.848,4.755,runs/20260919_0724_10drug_standardized_redocking/raw/archives/alprazolam.tar.gz::alprazolam/alpha2/2026091901/poses.pdbqt,154,5,valid,REMARK VINA RESULT:    -7.007      2.848      4.755
alprazolam,alpha2,2026091901,6,-6.784,1.901,2.256,runs/20260919_0724_10drug_standardized_redocking/raw/archives/alprazolam.tar.gz::alprazolam/alpha2/2026091901/poses.pdbqt,192,6,valid,REMARK VINA RESULT:    -6.784      1.901      2.256
alprazolam,alpha2,2026091901,7,-6.651,2.783,5.148,runs/20260919_0724_10drug_standardized_redocking/raw/archives/alprazolam.tar.gz::alprazolam/alpha2/2026091901/poses.pdbqt,230,7,valid,REMARK VINA RESULT:    -6.651      2.783      5.148
alprazolam,alpha2,2026091901,8,-6.629,3.247,5.282,runs/20260919_0724_10drug_standardized_redocking/raw/archives/alprazolam.tar.gz::alprazolam/alpha2/2026091901/poses.pdbqt,268,8,valid,REMARK VINA RESULT:    -6.629      3.247      5.282
alprazolam,alpha2,2026091901,9,-6.344,2.829,5.426,runs/20260919_0724_10drug_standardized_redocking/raw/archives/alprazolam.tar.gz::alprazolam/alpha2/2026091901/poses.pdbqt,306,9,valid,REMARK VINA RESULT:    -6.344      2.829      5.426
alprazolam,alpha2,2026091902,1,-7.65,0.0,0.0,runs/20260919_0724_10drug_standardized_redocking/raw/archives/alprazolam.tar.gz::alprazolam/alpha2/2026091902/poses.pdbqt,2,1,valid,REMARK VINA RESULT:    -7.650      0.000      0.000
alprazolam,alpha2,2026091902,2,-7.614,3.331,5.072,runs/20260919_0724_10drug_standardized_redocking/raw/archives/alprazolam.tar.gz::alprazolam/alpha2/2026091902/poses.pdbqt,40,2,valid,REMARK VINA RESULT:    -7.614      3.331      5.072
alprazolam,alpha2,2026091902,3,-7.399,3.043,4.595,runs/20260919_0724_10drug_standardized_redocking/raw/archives/alprazolam.tar.gz::alprazolam/alpha2/2026091902/poses.pdbqt,78,3,valid,REMARK VINA RESULT:    -7.399      3.043      4.595
alprazolam,alpha2,2026091902,4,-7.328,3.24,4.767,runs/20260919_0724_10drug_standardized_redocking/raw/archives/alprazolam.tar.gz::alprazolam/alpha2/2026091902/poses.pdbqt,116,4,valid,REMARK VINA RESULT:    -7.328      3.240      4.767
alprazolam,alpha2,2026091902,5,-7.314,3.168,6.082,runs/20260919_0724_10drug_standardized_redocking/raw/archives/alprazolam.tar.gz::alprazolam/alpha2/2026091902/poses.pdbqt,154,5,valid,REMARK VINA RESULT:    -7.314      3.168      6.082
alprazolam,alpha2,2026091902,6,-7.068,3.14,4.477,runs/20260919_0724_10drug_standardized_redocking/raw/archives/alprazolam.tar.gz::alprazolam/alpha2/2026091902/poses.pdbqt,192,6,valid,REMARK VINA RESULT:    -7.068      3.140      4.477
alprazolam,alpha2,2026091902,7,-6.893,3.34,6.28,runs/20260919_0724_10drug_standardized_redocking/raw/archives/alprazolam.tar.gz::alprazolam/alpha2/2026091902/poses.pdbqt,230,7,valid,REMARK VINA RESULT:    -6.893      3.340      6.280
alprazolam,alpha2,2026091902,8,-6.658,3.232,5.2,runs/20260919_0724_10drug_standardized_redocking/raw/archives/alprazolam.tar.gz::alprazolam/alpha2/2026091902/poses.pdbqt,268,8,valid,REMARK VINA RESULT:    -6.658      3.232      5.200
alprazolam,alpha2,2026091902,9,-6.642,2.751,5.118,runs/20260919_0724_10drug_standardized_redocking/raw/archives/alprazolam.tar.gz::alprazolam/alpha2/2026091902/poses.pdbqt,306,9,valid,REMARK VINA RESULT:    -6.642      2.751      5.118
alprazolam,alpha2,2026091903,1,-7.656,0.0,0.0,runs/20260919_0724_10drug_standardized_redocking/raw/archives/alprazolam.tar.gz::alprazolam/alpha2/2026091903/poses.pdbqt,2,1,valid,REMARK VINA RESULT:    -7.656      0.000      0.000
alprazolam,alpha2,2026091903,2,-7.596,3.322,5.064,runs/20260919_0724_10drug_standardized_redocking/raw/archives/alprazolam.tar.gz::alprazolam/alpha2/2026091903/poses.pdbqt,40,2,valid,REMARK VINA RESULT:    -7.596      3.322      5.064
alprazolam,alpha2,2026091903,3,-7.44,3.191,6.109,runs/20260919_0724_10drug_standardized_redocking/raw/archives/alprazolam.tar.gz::alprazolam/alpha2/2026091903/poses.pdbqt,78,3,valid,REMARK VINA RESULT:    -7.440      3.191      6.109
alprazolam,alpha2,2026091903,4,-7.341,3.239,4.757,runs/20260919_0724_10drug_standardized_redocking/raw/archives/alprazolam.tar.gz::alprazolam/alpha2/2026091903/poses.pdbqt,116,4,valid,REMARK VINA RESULT:    -7.341      3.239      4.757
alprazolam,alpha2,2026091903,5,-7.22,1.804,2.51,runs/20260919_0724_10drug_standardized_redocking/raw/archives/alprazolam.tar.gz::alprazolam/alpha2/2026091903/poses.pdbqt,154,5,valid,REMARK VINA RESULT:    -7.220      1.804      2.510
alprazolam,alpha2,2026091903,6,-7.089,3.132,4.475,runs/20260919_0724_10drug_standardized_redocking/raw/archives/alprazolam.tar.gz::alprazolam/alpha2/2026091903/poses.pdbqt,192,6,valid,REMARK VINA RESULT:    -7.089      3.132      4.475
alprazolam,alpha2,2026091903,7,-7.026,3.853,4.95,runs/20260919_0724_10drug_standardized_redocking/raw/archives/alprazolam.tar.gz::alprazolam/alpha2/2026091903/poses.pdbqt,230,7,valid,REMARK VINA RESULT:    -7.026      3.853      4.950
alprazolam,alpha2,2026091903,8,-6.991,2.825,3.757,runs/20260919_0724_10drug_standardized_redocking/raw/archives/alprazolam.tar.gz::alprazolam/alpha2/2026091903/poses.pdbqt,268,8,valid,REMARK VINA RESULT:    -6.991      2.825      3.757
alprazolam,alpha2,2026091903,9,-6.66,3.232,5.218,runs/20260919_0724_10drug_standardized_redocking/raw/archives/alprazolam.tar.gz::alprazolam/alpha2/2026091903/poses.pdbqt,306,9,valid,REMARK VINA RESULT:    -6.660      3.232      5.218
alprazolam,alpha2,2026091904,1,-7.657,0.0,0.0,runs/20260919_0724_10drug_standardized_redocking/raw/archives/alprazolam.tar.gz::alprazolam/alpha2/2026091904/poses.pdbqt,2,1,valid,REMARK VINA RESULT:    -7.657      0.000      0.000
alprazolam,alpha2,2026091904,2,-7.621,3.331,5.072,runs/20260919_0724_10drug_standardized_redocking/raw/archives/alprazolam.tar.gz::alprazolam/alpha2/2026091904/poses.pdbqt,40,2,valid,REMARK VINA RESULT:    -7.621      3.331      5.072
alprazolam,alpha2,2026091904,3,-7.354,3.161,6.054,runs/20260919_0724_10drug_standardized_redocking/raw/archives/alprazolam.tar.gz::alprazolam/alpha2/2026091904/poses.pdbqt,78,3,valid,REMARK VINA RESULT:    -7.354      3.161      6.054
alprazolam,alpha2,2026091904,4,-7.342,3.237,4.752,runs/20260919_0724_10drug_standardized_redocking/raw/archives/alprazolam.tar.gz::alprazolam/alpha2/2026091904/poses.pdbqt,116,4,valid,REMARK VINA RESULT:    -7.342      3.237      4.752
alprazolam,alpha2,2026091904,5,-7.123,5.104,8.823,runs/20260919_0724_10drug_standardized_redocking/raw/archives/alprazolam.tar.gz::alprazolam/alpha2/2026091904/poses.pdbqt,154,5,valid,REMARK VINA RESULT:    -7.123      5.104      8.823
alprazolam,alpha2,2026091904,6,-6.793,2.926,5.142,runs/20260919_0724_10drug_standardized_redocking/raw/archives/alprazolam.tar.gz::alprazolam/alpha2/2026091904/poses.pdbqt,192,6,valid,REMARK VINA RESULT:    -6.793      2.926      5.142
alprazolam,alpha2,2026091904,7,-6.675,1.514,1.996,runs/20260919_0724_10drug_standardized_redocking/raw/archives/alprazolam.tar.gz::alprazolam/alpha2/2026091904/poses.pdbqt,230,7,valid,REMARK VINA RESULT:    -6.675      1.514      1.996
alprazolam,alpha2,2026091904,8,-6.671,2.776,5.16,runs/20260919_0724_10drug_standardized_redocking/raw/archives/alprazolam.tar.gz::alprazolam/alpha2/2026091904/poses.pdbqt,268,8,valid,REMARK VINA RESULT:    -6.671      2.776      5.160
alprazolam,alpha2,2026091904,9,-6.653,2.219,2.734,runs/20260919_0724_10drug_standardized_redocking/raw/archives/alprazolam.tar.gz::alprazolam/alpha2/2026091904/poses.pdbqt,306,9,valid,REMARK VINA RESULT:    -6.653      2.219      2.734
alprazolam,alpha2,2026091905,1,-7.66,0.0,0.0,runs/20260919_0724_10drug_standardized_redocking/raw/archives/alprazolam.tar.gz::alprazolam/alpha2/2026091905/poses.pdbqt,2,1,valid,REMARK VINA RESULT:    -7.660      0.000      0.000
alprazolam,alpha2,2026091905,2,-7.62,3.337,5.074,runs/20260919_0724_10drug_standardized_redocking/raw/archives/alprazolam.tar.gz::alprazolam/alpha2/2026091905/poses.pdbqt,40,2,valid,REMARK VINA RESULT:    -7.620      3.337      5.074
alprazolam,alpha2,2026091905,3,-7.325,3.242,4.765,runs/20260919_0724_10drug_standardized_redocking/raw/archives/alprazolam.tar.gz::alprazolam/alpha2/2026091905/poses.pdbqt,78,3,valid,REMARK VINA RESULT:    -7.325      3.242      4.765
alprazolam,alpha2,2026091905,4,-7.316,3.151,6.002,runs/20260919_0724_10drug_standardized_redocking/raw/archives/alprazolam.tar.gz::alprazolam/alpha2/2026091905/poses.pdbqt,116,4,valid,REMARK VINA RESULT:    -7.316      3.151      6.002
alprazolam,alpha2,2026091905,5,-7.004,3.103,4.436,runs/20260919_0724_10drug_standardized_redocking/raw/archives/alprazolam.tar.gz::alprazolam/alpha2/2026091905/poses.pdbqt,154,5,valid,REMARK VINA RESULT:    -7.004      3.103      4.436
alprazolam,alpha2,2026091905,6,-6.919,3.296,6.241,runs/20260919_0724_10drug_standardized_redocking/raw/archives/alprazolam.tar.gz::alprazolam/alpha2/2026091905/poses.pdbqt,192,6,valid,REMARK VINA RESULT:    -6.919      3.296      6.241
alprazolam,alpha2,2026091905,7,-6.701,3.494,5.633,runs/20260919_0724_10drug_standardized_redocking/raw/archives/alprazolam.tar.gz::alprazolam/alpha2/2026091905/poses.pdbqt,230,7,valid,REMARK VINA RESULT:    -6.701      3.494      5.633
alprazolam,alpha2,2026091905,8,-6.662,2.605,4.988,runs/20260919_0724_10drug_standardized_redocking/raw/archives/alprazolam.tar.gz::alprazolam/alpha2/2026091905/poses.pdbqt,268,8,valid,REMARK VINA RESULT:    -6.662      2.605      4.988
alprazolam,alpha2,2026091905,9,-6.587,3.194,4.875,runs/20260919_0724_10drug_standardized_redocking/raw/archives/alprazolam.tar.gz::alprazolam/alpha2/2026091905/poses.pdbqt,306,9,valid,REMARK VINA RESULT:    -6.587      3.194      4.875
triazolam,alpha1,2026091901,1,-10.889,0.0,0.0,runs/20260919_0724_10drug_standardized_redocking/raw/archives/triazolam.tar.gz::triazolam/alpha1/2026091901/poses.pdbqt,2,1,valid,REMARK VINA RESULT:   -10.889      0.000      0.000
triazolam,alpha1,2026091901,2,-10.118,0.861,1.048,runs/20260919_0724_10drug_standardized_redocking/raw/archives/triazolam.tar.gz::triazolam/alpha1/2026091901/poses.pdbqt,41,2,valid,REMARK VINA RESULT:   -10.118      0.861      1.048
triazolam,alpha1,2026091901,3,-8.747,2.517,6.403,runs/20260919_0724_10drug_standardized_redocking/raw/archives/triazolam.tar.gz::triazolam/alpha1/2026091901/poses.pdbqt,80,3,valid,REMARK VINA RESULT:    -8.747      2.517      6.403
triazolam,alpha1,2026091901,4,-8.723,2.262,5.223,runs/20260919_0724_10drug_standardized_redocking/raw/archives/triazolam.tar.gz::triazolam/alpha1/2026091901/poses.pdbqt,119,4,valid,REMARK VINA RESULT:    -8.723      2.262      5.223
triazolam,alpha1,2026091901,5,-7.836,4.442,7.343,runs/20260919_0724_10drug_standardized_redocking/raw/archives/triazolam.tar.gz::triazolam/alpha1/2026091901/poses.pdbqt,158,5,valid,REMARK VINA RESULT:    -7.836      4.442      7.343
triazolam,alpha1,2026091901,6,-7.463,4.453,7.26,runs/20260919_0724_10drug_standardized_redocking/raw/archives/triazolam.tar.gz::triazolam/alpha1/2026091901/poses.pdbqt,197,6,valid,REMARK VINA RESULT:    -7.463      4.453      7.260
triazolam,alpha1,2026091901,7,-7.31,3.695,6.602,runs/20260919_0724_10drug_standardized_redocking/raw/archives/triazolam.tar.gz::triazolam/alpha1/2026091901/poses.pdbqt,236,7,valid,REMARK VINA RESULT:    -7.310      3.695      6.602
triazolam,alpha1,2026091901,8,-7.303,4.002,5.981,runs/20260919_0724_10drug_standardized_redocking/raw/archives/triazolam.tar.gz::triazolam/alpha1/2026091901/poses.pdbqt,275,8,valid,REMARK VINA RESULT:    -7.303      4.002      5.981
triazolam,alpha1,2026091901,9,-7.262,2.755,4.735,runs/20260919_0724_10drug_standardized_redocking/raw/archives/triazolam.tar.gz::triazolam/alpha1/2026091901/poses.pdbqt,314,9,valid,REMARK VINA RESULT:    -7.262      2.755      4.735
triazolam,alpha1,2026091902,1,-10.873,0.0,0.0,runs/20260919_0724_10drug_standardized_redocking/raw/archives/triazolam.tar.gz::triazolam/alpha1/2026091902/poses.pdbqt,2,1,valid,REMARK VINA RESULT:   -10.873      0.000      0.000
triazolam,alpha1,2026091902,2,-10.161,0.878,1.058,runs/20260919_0724_10drug_standardized_redocking/raw/archives/triazolam.tar.gz::triazolam/alpha1/2026091902/poses.pdbqt,41,2,valid,REMARK VINA RESULT:   -10.161      0.878      1.058
triazolam,alpha1,2026091902,3,-8.726,2.525,6.421,runs/20260919_0724_10drug_standardized_redocking/raw/archives/triazolam.tar.gz::triazolam/alpha1/2026091902/poses.pdbqt,80,3,valid,REMARK VINA RESULT:    -8.726      2.525      6.421
triazolam,alpha1,2026091902,4,-7.829,4.428,7.334,runs/20260919_0724_10drug_standardized_redocking/raw/archives/triazolam.tar.gz::triazolam/alpha1/2026091902/poses.pdbqt,119,4,valid,REMARK VINA RESULT:    -7.829      4.428      7.334
triazolam,alpha1,2026091902,5,-7.286,3.71,7.172,runs/20260919_0724_10drug_standardized_redocking/raw/archives/triazolam.tar.gz::triazolam/alpha1/2026091902/poses.pdbqt,158,5,valid,REMARK VINA RESULT:    -7.286      3.710      7.172
triazolam,alpha1,2026091902,6,-7.273,3.68,6.6,runs/20260919_0724_10drug_standardized_redocking/raw/archives/triazolam.tar.gz::triazolam/alpha1/2026091902/poses.pdbqt,197,6,valid,REMARK VINA RESULT:    -7.273      3.680      6.600
triazolam,alpha1,2026091902,7,-7.235,2.666,5.823,runs/20260919_0724_10drug_standardized_redocking/raw/archives/triazolam.tar.gz::triazolam/alpha1/2026091902/poses.pdbqt,236,7,valid,REMARK VINA RESULT:    -7.235      2.666      5.823
triazolam,alpha1,2026091902,8,-6.941,3.854,6.882,runs/20260919_0724_10drug_standardized_redocking/raw/archives/triazolam.tar.gz::triazolam/alpha1/2026091902/poses.pdbqt,275,8,valid,REMARK VINA RESULT:    -6.941      3.854      6.882
triazolam,alpha1,2026091903,1,-10.889,0.0,0.0,runs/20260919_0724_10drug_standardized_redocking/raw/archives/triazolam.tar.gz::triazolam/alpha1/2026091903/poses.pdbqt,2,1,valid,REMARK VINA RESULT:   -10.889      0.000      0.000
triazolam,alpha1,2026091903,2,-8.754,2.267,5.227,runs/20260919_0724_10drug_standardized_redocking/raw/archives/triazolam.tar.gz::triazolam/alpha1/2026091903/poses.pdbqt,41,2,valid,REMARK VINA RESULT:    -8.754      2.267      5.227
triazolam,alpha1,2026091903,3,-8.723,2.509,6.401,runs/20260919_0724_10drug_standardized_redocking/raw/archives/triazolam.tar.gz::triazolam/alpha1/2026091903/poses.pdbqt,80,3,valid,REMARK VINA RESULT:    -8.723      2.509      6.401
triazolam,alpha1,2026091903,4,-8.633,1.813,2.322,runs/20260919_0724_10drug_standardized_redocking/raw/archives/triazolam.tar.gz::triazolam/alpha1/2026091903/poses.pdbqt,119,4,valid,REMARK VINA RESULT:    -8.633      1.813      2.322
triazolam,alpha1,2026091903,5,-7.822,4.466,7.353,runs/20260919_0724_10drug_standardized_redocking/raw/archives/triazolam.tar.gz::triazolam/alpha1/2026091903/poses.pdbqt,158,5,valid,REMARK VINA RESULT:    -7.822      4.466      7.353
triazolam,alpha1,2026091903,6,-7.703,4.421,7.156,runs/20260919_0724_10drug_standardized_redocking/raw/archives/triazolam.tar.gz::triazolam/alpha1/2026091903/poses.pdbqt,197,6,valid,REMARK VINA RESULT:    -7.703      4.421      7.156
triazolam,alpha1,2026091903,7,-7.324,3.689,6.475,runs/20260919_0724_10drug_standardized_redocking/raw/archives/triazolam.tar.gz::triazolam/alpha1/2026091903/poses.pdbqt,236,7,valid,REMARK VINA RESULT:    -7.324      3.689      6.475
triazolam,alpha1,2026091903,8,-7.279,3.761,7.219,runs/20260919_0724_10drug_standardized_redocking/raw/archives/triazolam.tar.gz::triazolam/alpha1/2026091903/poses.pdbqt,275,8,valid,REMARK VINA RESULT:    -7.279      3.761      7.219
triazolam,alpha1,2026091904,1,-10.871,0.0,0.0,runs/20260919_0724_10drug_standardized_redocking/raw/archives/triazolam.tar.gz::triazolam/alpha1/2026091904/poses.pdbqt,2,1,valid,REMARK VINA RESULT:   -10.871      0.000      0.000
triazolam,alpha1,2026091904,2,-8.755,2.271,5.223,runs/20260919_0724_10drug_standardized_redocking/raw/archives/triazolam.tar.gz::triazolam/alpha1/2026091904/poses.pdbqt,41,2,valid,REMARK VINA RESULT:    -8.755      2.271      5.223
triazolam,alpha1,2026091904,3,-8.283,1.933,2.555,runs/20260919_0724_10drug_standardized_redocking/raw/archives/triazolam.tar.gz::triazolam/alpha1/2026091904/poses.pdbqt,80,3,valid,REMARK VINA RESULT:    -8.283      1.933      2.555
triazolam,alpha1,2026091904,4,-7.852,4.449,7.345,runs/20260919_0724_10drug_standardized_redocking/raw/archives/triazolam.tar.gz::triazolam/alpha1/2026091904/poses.pdbqt,119,4,valid,REMARK VINA RESULT:    -7.852      4.449      7.345
triazolam,alpha1,2026091904,5,-7.573,4.366,7.17,runs/20260919_0724_10drug_standardized_redocking/raw/archives/triazolam.tar.gz::triazolam/alpha1/2026091904/poses.pdbqt,158,5,valid,REMARK VINA RESULT:    -7.573      4.366      7.170
triazolam,alpha1,2026091904,6,-7.406,2.794,4.683,runs/20260919_0724_10drug_standardized_redocking/raw/archives/triazolam.tar.gz::triazolam/alpha1/2026091904/poses.pdbqt,197,6,valid,REMARK VINA RESULT:    -7.406      2.794      4.683
triazolam,alpha1,2026091904,7,-7.334,3.671,6.577,runs/20260919_0724_10drug_standardized_redocking/raw/archives/triazolam.tar.gz::triazolam/alpha1/2026091904/poses.pdbqt,236,7,valid,REMARK VINA RESULT:    -7.334      3.671      6.577
triazolam,alpha1,2026091904,8,-7.263,4.016,5.999,runs/20260919_0724_10drug_standardized_redocking/raw/archives/triazolam.tar.gz::triazolam/alpha1/2026091904/poses.pdbqt,275,8,valid,REMARK VINA RESULT:    -7.263      4.016      5.999
triazolam,alpha1,2026091904,9,-7.191,3.846,5.724,runs/20260919_0724_10drug_standardized_redocking/raw/archives/triazolam.tar.gz::triazolam/alpha1/2026091904/poses.pdbqt,314,9,valid,REMARK VINA RESULT:    -7.191      3.846      5.724
triazolam,alpha1,2026091905,1,-10.887,0.0,0.0,runs/20260919_0724_10drug_standardized_redocking/raw/archives/triazolam.tar.gz::triazolam/alpha1/2026091905/poses.pdbqt,2,1,valid,REMARK VINA RESULT:   -10.887      0.000      0.000
triazolam,alpha1,2026091905,2,-7.836,4.444,7.353,runs/20260919_0724_10drug_standardized_redocking/raw/archives/triazolam.tar.gz::triazolam/alpha1/2026091905/poses.pdbqt,41,2,valid,REMARK VINA RESULT:    -7.836      4.444      7.353
triazolam,alpha1,2026091905,3,-7.706,4.417,7.194,runs/20260919_0724_10drug_standardized_redocking/raw/archives/triazolam.tar.gz::triazolam/alpha1/2026091905/poses.pdbqt,80,3,valid,REMARK VINA RESULT:    -7.706      4.417      7.194
triazolam,alpha1,2026091905,4,-7.408,2.791,4.682,runs/20260919_0724_10drug_standardized_redocking/raw/archives/triazolam.tar.gz::triazolam/alpha1/2026091905/poses.pdbqt,119,4,valid,REMARK VINA RESULT:    -7.408      2.791      4.682
triazolam,alpha1,2026091905,5,-7.284,3.799,6.647,runs/20260919_0724_10drug_standardized_redocking/raw/archives/triazolam.tar.gz::triazolam/alpha1/2026091905/poses.pdbqt,158,5,valid,REMARK VINA RESULT:    -7.284      3.799      6.647
triazolam,alpha1,2026091905,6,-7.177,3.846,7.229,runs/20260919_0724_10drug_standardized_redocking/raw/archives/triazolam.tar.gz::triazolam/alpha1/2026091905/poses.pdbqt,197,6,valid,REMARK VINA RESULT:    -7.177      3.846      7.229
triazolam,alpha2,2026091901,1,-6.901,0.0,0.0,runs/20260919_0724_10drug_standardized_redocking/raw/archives/triazolam.tar.gz::triazolam/alpha2/2026091901/poses.pdbqt,2,1,valid,REMARK VINA RESULT:    -6.901      0.000      0.000
triazolam,alpha2,2026091901,2,-6.786,2.963,6.08,runs/20260919_0724_10drug_standardized_redocking/raw/archives/triazolam.tar.gz::triazolam/alpha2/2026091901/poses.pdbqt,41,2,valid,REMARK VINA RESULT:    -6.786      2.963      6.080
triazolam,alpha2,2026091901,3,-6.719,2.687,6.254,runs/20260919_0724_10drug_standardized_redocking/raw/archives/triazolam.tar.gz::triazolam/alpha2/2026091901/poses.pdbqt,80,3,valid,REMARK VINA RESULT:    -6.719      2.687      6.254
triazolam,alpha2,2026091901,4,-6.684,2.565,5.387,runs/20260919_0724_10drug_standardized_redocking/raw/archives/triazolam.tar.gz::triazolam/alpha2/2026091901/poses.pdbqt,119,4,valid,REMARK VINA RESULT:    -6.684      2.565      5.387
triazolam,alpha2,2026091901,5,-6.505,2.916,5.094,runs/20260919_0724_10drug_standardized_redocking/raw/archives/triazolam.tar.gz::triazolam/alpha2/2026091901/poses.pdbqt,158,5,valid,REMARK VINA RESULT:    -6.505      2.916      5.094
triazolam,alpha2,2026091901,6,-6.461,3.166,4.257,runs/20260919_0724_10drug_standardized_redocking/raw/archives/triazolam.tar.gz::triazolam/alpha2/2026091901/poses.pdbqt,197,6,valid,REMARK VINA RESULT:    -6.461      3.166      4.257
triazolam,alpha2,2026091901,7,-6.224,1.687,1.984,runs/20260919_0724_10drug_standardized_redocking/raw/archives/triazolam.tar.gz::triazolam/alpha2/2026091901/poses.pdbqt,236,7,valid,REMARK VINA RESULT:    -6.224      1.687      1.984
triazolam,alpha2,2026091901,8,-6.223,3.101,4.78,runs/20260919_0724_10drug_standardized_redocking/raw/archives/triazolam.tar.gz::triazolam/alpha2/2026091901/poses.pdbqt,275,8,valid,REMARK VINA RESULT:    -6.223      3.101      4.780
triazolam,alpha2,2026091901,9,-6.11,2.816,5.475,runs/20260919_0724_10drug_standardized_redocking/raw/archives/triazolam.tar.gz::triazolam/alpha2/2026091901/poses.pdbqt,314,9,valid,REMARK VINA RESULT:    -6.110      2.816      5.475
triazolam,alpha2,2026091902,1,-6.817,0.0,0.0,runs/20260919_0724_10drug_standardized_redocking/raw/archives/triazolam.tar.gz::triazolam/alpha2/2026091902/poses.pdbqt,2,1,valid,REMARK VINA RESULT:    -6.817      0.000      0.000
triazolam,alpha2,2026091902,2,-6.774,2.68,6.248,runs/20260919_0724_10drug_standardized_redocking/raw/archives/triazolam.tar.gz::triazolam/alpha2/2026091902/poses.pdbqt,41,2,valid,REMARK VINA RESULT:    -6.774      2.680      6.248
triazolam,alpha2,2026091902,3,-6.758,2.963,6.04,runs/20260919_0724_10drug_standardized_redocking/raw/archives/triazolam.tar.gz::triazolam/alpha2/2026091902/poses.pdbqt,80,3,valid,REMARK VINA RESULT:    -6.758      2.963      6.040
triazolam,alpha2,2026091902,4,-6.671,2.976,4.687,runs/20260919_0724_10drug_standardized_redocking/raw/archives/triazolam.tar.gz::triazolam/alpha2/2026091902/poses.pdbqt,119,4,valid,REMARK VINA RESULT:    -6.671      2.976      4.687
triazolam,alpha2,2026091902,5,-6.478,2.856,4.811,runs/20260919_0724_10drug_standardized_redocking/raw/archives/triazolam.tar.gz::triazolam/alpha2/2026091902/poses.pdbqt,158,5,valid,REMARK VINA RESULT:    -6.478      2.856      4.811
triazolam,alpha2,2026091902,6,-6.307,2.881,5.839,runs/20260919_0724_10drug_standardized_redocking/raw/archives/triazolam.tar.gz::triazolam/alpha2/2026091902/poses.pdbqt,197,6,valid,REMARK VINA RESULT:    -6.307      2.881      5.839
triazolam,alpha2,2026091902,7,-6.263,3.177,4.877,runs/20260919_0724_10drug_standardized_redocking/raw/archives/triazolam.tar.gz::triazolam/alpha2/2026091902/poses.pdbqt,236,7,valid,REMARK VINA RESULT:    -6.263      3.177      4.877
triazolam,alpha2,2026091902,8,-6.237,2.824,5.847,runs/20260919_0724_10drug_standardized_redocking/raw/archives/triazolam.tar.gz::triazolam/alpha2/2026091902/poses.pdbqt,275,8,valid,REMARK VINA RESULT:    -6.237      2.824      5.847
triazolam,alpha2,2026091902,9,-6.197,2.997,6.129,runs/20260919_0724_10drug_standardized_redocking/raw/archives/triazolam.tar.gz::triazolam/alpha2/2026091902/poses.pdbqt,314,9,valid,REMARK VINA RESULT:    -6.197      2.997      6.129
triazolam,alpha2,2026091903,1,-6.82,0.0,0.0,runs/20260919_0724_10drug_standardized_redocking/raw/archives/triazolam.tar.gz::triazolam/alpha2/2026091903/poses.pdbqt,2,1,valid,REMARK VINA RESULT:    -6.820      0.000      0.000
triazolam,alpha2,2026091903,2,-6.75,2.954,6.039,runs/20260919_0724_10drug_standardized_redocking/raw/archives/triazolam.tar.gz::triazolam/alpha2/2026091903/poses.pdbqt,41,2,valid,REMARK VINA RESULT:    -6.750      2.954      6.039
triazolam,alpha2,2026091903,3,-6.75,2.681,6.251,runs/20260919_0724_10drug_standardized_redocking/raw/archives/triazolam.tar.gz::triazolam/alpha2/2026091903/poses.pdbqt,80,3,valid,REMARK VINA RESULT:    -6.750      2.681      6.251
triazolam,alpha2,2026091903,4,-6.671,2.639,5.363,runs/20260919_0724_10drug_standardized_redocking/raw/archives/triazolam.tar.gz::triazolam/alpha2/2026091903/poses.pdbqt,119,4,valid,REMARK VINA RESULT:    -6.671      2.639      5.363
triazolam,alpha2,2026091903,5,-6.479,3.14,4.141,runs/20260919_0724_10drug_standardized_redocking/raw/archives/triazolam.tar.gz::triazolam/alpha2/2026091903/poses.pdbqt,158,5,valid,REMARK VINA RESULT:    -6.479      3.140      4.141
triazolam,alpha2,2026091903,6,-6.329,3.224,5.373,runs/20260919_0724_10drug_standardized_redocking/raw/archives/triazolam.tar.gz::triazolam/alpha2/2026091903/poses.pdbqt,197,6,valid,REMARK VINA RESULT:    -6.329      3.224      5.373
triazolam,alpha2,2026091903,7,-6.264,3.176,4.852,runs/20260919_0724_10drug_standardized_redocking/raw/archives/triazolam.tar.gz::triazolam/alpha2/2026091903/poses.pdbqt,236,7,valid,REMARK VINA RESULT:    -6.264      3.176      4.852
triazolam,alpha2,2026091903,8,-6.207,1.664,1.987,runs/20260919_0724_10drug_standardized_redocking/raw/archives/triazolam.tar.gz::triazolam/alpha2/2026091903/poses.pdbqt,275,8,valid,REMARK VINA RESULT:    -6.207      1.664      1.987
triazolam,alpha2,2026091903,9,-6.149,2.467,5.387,runs/20260919_0724_10drug_standardized_redocking/raw/archives/triazolam.tar.gz::triazolam/alpha2/2026091903/poses.pdbqt,314,9,valid,REMARK VINA RESULT:    -6.149      2.467      5.387
triazolam,alpha2,2026091904,1,-6.87,0.0,0.0,runs/20260919_0724_10drug_standardized_redocking/raw/archives/triazolam.tar.gz::triazolam/alpha2/2026091904/poses.pdbqt,2,1,valid,REMARK VINA RESULT:    -6.870      0.000      0.000
triazolam,alpha2,2026091904,2,-6.761,2.976,6.108,runs/20260919_0724_10drug_standardized_redocking/raw/archives/triazolam.tar.gz::triazolam/alpha2/2026091904/poses.pdbqt,41,2,valid,REMARK VINA RESULT:    -6.761      2.976      6.108
triazolam,alpha2,2026091904,3,-6.659,2.569,5.382,runs/20260919_0724_10drug_standardized_redocking/raw/archives/triazolam.tar.gz::triazolam/alpha2/2026091904/poses.pdbqt,80,3,valid,REMARK VINA RESULT:    -6.659      2.569      5.382
triazolam,alpha2,2026091904,4,-6.279,3.072,4.753,runs/20260919_0724_10drug_standardized_redocking/raw/archives/triazolam.tar.gz::triazolam/alpha2/2026091904/poses.pdbqt,119,4,valid,REMARK VINA RESULT:    -6.279      3.072      4.753
triazolam,alpha2,2026091904,5,-6.174,2.53,5.395,runs/20260919_0724_10drug_standardized_redocking/raw/archives/triazolam.tar.gz::triazolam/alpha2/2026091904/poses.pdbqt,158,5,valid,REMARK VINA RESULT:    -6.174      2.530      5.395
triazolam,alpha2,2026091904,6,-6.123,2.035,5.223,runs/20260919_0724_10drug_standardized_redocking/raw/archives/triazolam.tar.gz::triazolam/alpha2/2026091904/poses.pdbqt,197,6,valid,REMARK VINA RESULT:    -6.123      2.035      5.223
triazolam,alpha2,2026091904,7,-5.84,3.597,4.484,runs/20260919_0724_10drug_standardized_redocking/raw/archives/triazolam.tar.gz::triazolam/alpha2/2026091904/poses.pdbqt,236,7,valid,REMARK VINA RESULT:    -5.840      3.597      4.484
triazolam,alpha2,2026091904,8,-5.785,2.999,5.901,runs/20260919_0724_10drug_standardized_redocking/raw/archives/triazolam.tar.gz::triazolam/alpha2/2026091904/poses.pdbqt,275,8,valid,REMARK VINA RESULT:    -5.785      2.999      5.901
triazolam,alpha2,2026091904,9,-5.665,3.878,7.161,runs/20260919_0724_10drug_standardized_redocking/raw/archives/triazolam.tar.gz::triazolam/alpha2/2026091904/poses.pdbqt,314,9,valid,REMARK VINA RESULT:    -5.665      3.878      7.161
triazolam,alpha2,2026091905,1,-6.806,0.0,0.0,runs/20260919_0724_10drug_standardized_redocking/raw/archives/triazolam.tar.gz::triazolam/alpha2/2026091905/poses.pdbqt,2,1,valid,REMARK VINA RESULT:    -6.806      0.000      0.000
triazolam,alpha2,2026091905,2,-6.778,2.844,4.649,runs/20260919_0724_10drug_standardized_redocking/raw/archives/triazolam.tar.gz::triazolam/alpha2/2026091905/poses.pdbqt,41,2,valid,REMARK VINA RESULT:    -6.778      2.844      4.649
triazolam,alpha2,2026091905,3,-6.757,2.981,6.056,runs/20260919_0724_10drug_standardized_redocking/raw/archives/triazolam.tar.gz::triazolam/alpha2/2026091905/poses.pdbqt,80,3,valid,REMARK VINA RESULT:    -6.757      2.981      6.056
triazolam,alpha2,2026091905,4,-6.664,2.64,5.372,runs/20260919_0724_10drug_standardized_redocking/raw/archives/triazolam.tar.gz::triazolam/alpha2/2026091905/poses.pdbqt,119,4,valid,REMARK VINA RESULT:    -6.664      2.640      5.372
triazolam,alpha2,2026091905,5,-6.428,3.201,4.238,runs/20260919_0724_10drug_standardized_redocking/raw/archives/triazolam.tar.gz::triazolam/alpha2/2026091905/poses.pdbqt,158,5,valid,REMARK VINA RESULT:    -6.428      3.201      4.238
triazolam,alpha2,2026091905,6,-6.38,3.356,6.136,runs/20260919_0724_10drug_standardized_redocking/raw/archives/triazolam.tar.gz::triazolam/alpha2/2026091905/poses.pdbqt,197,6,valid,REMARK VINA RESULT:    -6.380      3.356      6.136
triazolam,alpha2,2026091905,7,-6.283,3.191,4.896,runs/20260919_0724_10drug_standardized_redocking/raw/archives/triazolam.tar.gz::triazolam/alpha2/2026091905/poses.pdbqt,236,7,valid,REMARK VINA RESULT:    -6.283      3.191      4.896
triazolam,alpha2,2026091905,8,-6.133,2.468,5.404,runs/20260919_0724_10drug_standardized_redocking/raw/archives/triazolam.tar.gz::triazolam/alpha2/2026091905/poses.pdbqt,275,8,valid,REMARK VINA RESULT:    -6.133      2.468      5.404
triazolam,alpha2,2026091905,9,-6.093,2.066,5.212,runs/20260919_0724_10drug_standardized_redocking/raw/archives/triazolam.tar.gz::triazolam/alpha2/2026091905/poses.pdbqt,314,9,valid,REMARK VINA RESULT:    -6.093      2.066      5.212
zolpidem,alpha1,2026091901,1,-10.365,0.0,0.0,runs/20260919_0724_10drug_standardized_redocking/raw/archives/zolpidem.tar.gz::zolpidem/alpha1/2026091901/poses.pdbqt,2,1,valid,REMARK VINA RESULT:   -10.365      0.000      0.000
zolpidem,alpha1,2026091901,2,-9.257,2.603,4.9,runs/20260919_0724_10drug_standardized_redocking/raw/archives/zolpidem.tar.gz::zolpidem/alpha1/2026091901/poses.pdbqt,46,2,valid,REMARK VINA RESULT:    -9.257      2.603      4.900
zolpidem,alpha1,2026091901,3,-9.088,1.886,5.322,runs/20260919_0724_10drug_standardized_redocking/raw/archives/zolpidem.tar.gz::zolpidem/alpha1/2026091901/poses.pdbqt,90,3,valid,REMARK VINA RESULT:    -9.088      1.886      5.322
zolpidem,alpha1,2026091901,4,-8.54,3.09,6.485,runs/20260919_0724_10drug_standardized_redocking/raw/archives/zolpidem.tar.gz::zolpidem/alpha1/2026091901/poses.pdbqt,134,4,valid,REMARK VINA RESULT:    -8.540      3.090      6.485
zolpidem,alpha1,2026091901,5,-8.52,2.478,5.269,runs/20260919_0724_10drug_standardized_redocking/raw/archives/zolpidem.tar.gz::zolpidem/alpha1/2026091901/poses.pdbqt,178,5,valid,REMARK VINA RESULT:    -8.520      2.478      5.269
zolpidem,alpha1,2026091901,6,-8.497,1.931,3.972,runs/20260919_0724_10drug_standardized_redocking/raw/archives/zolpidem.tar.gz::zolpidem/alpha1/2026091901/poses.pdbqt,222,6,valid,REMARK VINA RESULT:    -8.497      1.931      3.972
zolpidem,alpha1,2026091901,7,-8.43,2.679,7.451,runs/20260919_0724_10drug_standardized_redocking/raw/archives/zolpidem.tar.gz::zolpidem/alpha1/2026091901/poses.pdbqt,266,7,valid,REMARK VINA RESULT:    -8.430      2.679      7.451
zolpidem,alpha1,2026091901,8,-8.423,1.337,5.988,runs/20260919_0724_10drug_standardized_redocking/raw/archives/zolpidem.tar.gz::zolpidem/alpha1/2026091901/poses.pdbqt,310,8,valid,REMARK VINA RESULT:    -8.423      1.337      5.988
zolpidem,alpha1,2026091901,9,-8.198,4.559,8.404,runs/20260919_0724_10drug_standardized_redocking/raw/archives/zolpidem.tar.gz::zolpidem/alpha1/2026091901/poses.pdbqt,354,9,valid,REMARK VINA RESULT:    -8.198      4.559      8.404
zolpidem,alpha1,2026091902,1,-10.348,0.0,0.0,runs/20260919_0724_10drug_standardized_redocking/raw/archives/zolpidem.tar.gz::zolpidem/alpha1/2026091902/poses.pdbqt,2,1,valid,REMARK VINA RESULT:   -10.348      0.000      0.000
zolpidem,alpha1,2026091902,2,-9.277,2.591,4.876,runs/20260919_0724_10drug_standardized_redocking/raw/archives/zolpidem.tar.gz::zolpidem/alpha1/2026091902/poses.pdbqt,46,2,valid,REMARK VINA RESULT:    -9.277      2.591      4.876
zolpidem,alpha1,2026091902,3,-9.144,1.834,5.107,runs/20260919_0724_10drug_standardized_redocking/raw/archives/zolpidem.tar.gz::zolpidem/alpha1/2026091902/poses.pdbqt,90,3,valid,REMARK VINA RESULT:    -9.144      1.834      5.107
zolpidem,alpha1,2026091902,4,-8.544,3.076,6.447,runs/20260919_0724_10drug_standardized_redocking/raw/archives/zolpidem.tar.gz::zolpidem/alpha1/2026091902/poses.pdbqt,134,4,valid,REMARK VINA RESULT:    -8.544      3.076      6.447
zolpidem,alpha1,2026091902,5,-8.504,2.465,5.236,runs/20260919_0724_10drug_standardized_redocking/raw/archives/zolpidem.tar.gz::zolpidem/alpha1/2026091902/poses.pdbqt,178,5,valid,REMARK VINA RESULT:    -8.504      2.465      5.236
zolpidem,alpha1,2026091902,6,-8.486,2.657,7.505,runs/20260919_0724_10drug_standardized_redocking/raw/archives/zolpidem.tar.gz::zolpidem/alpha1/2026091902/poses.pdbqt,222,6,valid,REMARK VINA RESULT:    -8.486      2.657      7.505
zolpidem,alpha1,2026091902,7,-8.307,2.972,6.608,runs/20260919_0724_10drug_standardized_redocking/raw/archives/zolpidem.tar.gz::zolpidem/alpha1/2026091902/poses.pdbqt,266,7,valid,REMARK VINA RESULT:    -8.307      2.972      6.608
zolpidem,alpha1,2026091902,8,-8.158,4.52,8.369,runs/20260919_0724_10drug_standardized_redocking/raw/archives/zolpidem.tar.gz::zolpidem/alpha1/2026091902/poses.pdbqt,310,8,valid,REMARK VINA RESULT:    -8.158      4.520      8.369
zolpidem,alpha1,2026091902,9,-7.893,4.021,7.19,runs/20260919_0724_10drug_standardized_redocking/raw/archives/zolpidem.tar.gz::zolpidem/alpha1/2026091902/poses.pdbqt,354,9,valid,REMARK VINA RESULT:    -7.893      4.021      7.190
zolpidem,alpha1,2026091903,1,-10.359,0.0,0.0,runs/20260919_0724_10drug_standardized_redocking/raw/archives/zolpidem.tar.gz::zolpidem/alpha1/2026091903/poses.pdbqt,2,1,valid,REMARK VINA RESULT:   -10.359      0.000      0.000
zolpidem,alpha1,2026091903,2,-9.288,2.602,4.885,runs/20260919_0724_10drug_standardized_redocking/raw/archives/zolpidem.tar.gz::zolpidem/alpha1/2026091903/poses.pdbqt,46,2,valid,REMARK VINA RESULT:    -9.288      2.602      4.885
zolpidem,alpha1,2026091903,3,-9.153,1.825,5.088,runs/20260919_0724_10drug_standardized_redocking/raw/archives/zolpidem.tar.gz::zolpidem/alpha1/2026091903/poses.pdbqt,90,3,valid,REMARK VINA RESULT:    -9.153      1.825      5.088
zolpidem,alpha1,2026091903,4,-8.553,3.086,6.473,runs/20260919_0724_10drug_standardized_redocking/raw/archives/zolpidem.tar.gz::zolpidem/alpha1/2026091903/poses.pdbqt,134,4,valid,REMARK VINA RESULT:    -8.553      3.086      6.473
zolpidem,alpha1,2026091903,5,-8.26,2.57,7.321,runs/20260919_0724_10drug_standardized_redocking/raw/archives/zolpidem.tar.gz::zolpidem/alpha1/2026091903/poses.pdbqt,178,5,valid,REMARK VINA RESULT:    -8.260      2.570      7.321
zolpidem,alpha1,2026091903,6,-8.145,2.106,5.523,runs/20260919_0724_10drug_standardized_redocking/raw/archives/zolpidem.tar.gz::zolpidem/alpha1/2026091903/poses.pdbqt,222,6,valid,REMARK VINA RESULT:    -8.145      2.106      5.523
zolpidem,alpha1,2026091903,7,-8.031,3.05,6.515,runs/20260919_0724_10drug_standardized_redocking/raw/archives/zolpidem.tar.gz::zolpidem/alpha1/2026091903/poses.pdbqt,266,7,valid,REMARK VINA RESULT:    -8.031      3.050      6.515
zolpidem,alpha1,2026091903,8,-7.949,3.078,6.746,runs/20260919_0724_10drug_standardized_redocking/raw/archives/zolpidem.tar.gz::zolpidem/alpha1/2026091903/poses.pdbqt,310,8,valid,REMARK VINA RESULT:    -7.949      3.078      6.746
zolpidem,alpha1,2026091903,9,-7.898,4.049,7.209,runs/20260919_0724_10drug_standardized_redocking/raw/archives/zolpidem.tar.gz::zolpidem/alpha1/2026091903/poses.pdbqt,354,9,valid,REMARK VINA RESULT:    -7.898      4.049      7.209
zolpidem,alpha1,2026091904,1,-10.374,0.0,0.0,runs/20260919_0724_10drug_standardized_redocking/raw/archives/zolpidem.tar.gz::zolpidem/alpha1/2026091904/poses.pdbqt,2,1,valid,REMARK VINA RESULT:   -10.374      0.000      0.000
zolpidem,alpha1,2026091904,2,-9.284,2.593,4.896,runs/20260919_0724_10drug_standardized_redocking/raw/archives/zolpidem.tar.gz::zolpidem/alpha1/2026091904/poses.pdbqt,46,2,valid,REMARK VINA RESULT:    -9.284      2.593      4.896
zolpidem,alpha1,2026091904,3,-9.156,1.835,5.102,runs/20260919_0724_10drug_standardized_redocking/raw/archives/zolpidem.tar.gz::zolpidem/alpha1/2026091904/poses.pdbqt,90,3,valid,REMARK VINA RESULT:    -9.156      1.835      5.102
zolpidem,alpha1,2026091904,4,-8.567,3.087,6.478,runs/20260919_0724_10drug_standardized_redocking/raw/archives/zolpidem.tar.gz::zolpidem/alpha1/2026091904/poses.pdbqt,134,4,valid,REMARK VINA RESULT:    -8.567      3.087      6.478
zolpidem,alpha1,2026091904,5,-8.504,1.92,3.975,runs/20260919_0724_10drug_standardized_redocking/raw/archives/zolpidem.tar.gz::zolpidem/alpha1/2026091904/poses.pdbqt,178,5,valid,REMARK VINA RESULT:    -8.504      1.920      3.975
zolpidem,alpha1,2026091904,6,-8.432,2.492,5.231,runs/20260919_0724_10drug_standardized_redocking/raw/archives/zolpidem.tar.gz::zolpidem/alpha1/2026091904/poses.pdbqt,222,6,valid,REMARK VINA RESULT:    -8.432      2.492      5.231
zolpidem,alpha1,2026091904,7,-8.293,2.53,7.137,runs/20260919_0724_10drug_standardized_redocking/raw/archives/zolpidem.tar.gz::zolpidem/alpha1/2026091904/poses.pdbqt,266,7,valid,REMARK VINA RESULT:    -8.293      2.530      7.137
zolpidem,alpha1,2026091904,8,-7.892,4.005,7.164,runs/20260919_0724_10drug_standardized_redocking/raw/archives/zolpidem.tar.gz::zolpidem/alpha1/2026091904/poses.pdbqt,310,8,valid,REMARK VINA RESULT:    -7.892      4.005      7.164
zolpidem,alpha1,2026091904,9,-7.83,3.497,7.524,runs/20260919_0724_10drug_standardized_redocking/raw/archives/zolpidem.tar.gz::zolpidem/alpha1/2026091904/poses.pdbqt,354,9,valid,REMARK VINA RESULT:    -7.830      3.497      7.524
zolpidem,alpha1,2026091905,1,-10.35,0.0,0.0,runs/20260919_0724_10drug_standardized_redocking/raw/archives/zolpidem.tar.gz::zolpidem/alpha1/2026091905/poses.pdbqt,2,1,valid,REMARK VINA RESULT:   -10.350      0.000      0.000
zolpidem,alpha1,2026091905,2,-9.279,2.597,4.875,runs/20260919_0724_10drug_standardized_redocking/raw/archives/zolpidem.tar.gz::zolpidem/alpha1/2026091905/poses.pdbqt,46,2,valid,REMARK VINA RESULT:    -9.279      2.597      4.875
zolpidem,alpha1,2026091905,3,-9.148,1.823,5.082,runs/20260919_0724_10drug_standardized_redocking/raw/archives/zolpidem.tar.gz::zolpidem/alpha1/2026091905/poses.pdbqt,90,3,valid,REMARK VINA RESULT:    -9.148      1.823      5.082
zolpidem,alpha1,2026091905,4,-8.539,3.073,6.459,runs/20260919_0724_10drug_standardized_redocking/raw/archives/zolpidem.tar.gz::zolpidem/alpha1/2026091905/poses.pdbqt,134,4,valid,REMARK VINA RESULT:    -8.539      3.073      6.459
zolpidem,alpha1,2026091905,5,-8.435,2.646,7.439,runs/20260919_0724_10drug_standardized_redocking/raw/archives/zolpidem.tar.gz::zolpidem/alpha1/2026091905/poses.pdbqt,178,5,valid,REMARK VINA RESULT:    -8.435      2.646      7.439
zolpidem,alpha1,2026091905,6,-8.269,2.969,6.652,runs/20260919_0724_10drug_standardized_redocking/raw/archives/zolpidem.tar.gz::zolpidem/alpha1/2026091905/poses.pdbqt,222,6,valid,REMARK VINA RESULT:    -8.269      2.969      6.652
zolpidem,alpha1,2026091905,7,-8.167,4.52,8.336,runs/20260919_0724_10drug_standardized_redocking/raw/archives/zolpidem.tar.gz::zolpidem/alpha1/2026091905/poses.pdbqt,266,7,valid,REMARK VINA RESULT:    -8.167      4.520      8.336
zolpidem,alpha1,2026091905,8,-7.783,3.838,6.31,runs/20260919_0724_10drug_standardized_redocking/raw/archives/zolpidem.tar.gz::zolpidem/alpha1/2026091905/poses.pdbqt,310,8,valid,REMARK VINA RESULT:    -7.783      3.838      6.310
zolpidem,alpha1,2026091905,9,-7.761,3.492,7.471,runs/20260919_0724_10drug_standardized_redocking/raw/archives/zolpidem.tar.gz::zolpidem/alpha1/2026091905/poses.pdbqt,354,9,valid,REMARK VINA RESULT:    -7.761      3.492      7.471
zolpidem,alpha2,2026091901,1,-7.499,0.0,0.0,runs/20260919_0724_10drug_standardized_redocking/raw/archives/zolpidem.tar.gz::zolpidem/alpha2/2026091901/poses.pdbqt,2,1,valid,REMARK VINA RESULT:    -7.499      0.000      0.000
zolpidem,alpha2,2026091901,2,-7.372,1.115,1.624,runs/20260919_0724_10drug_standardized_redocking/raw/archives/zolpidem.tar.gz::zolpidem/alpha2/2026091901/poses.pdbqt,46,2,valid,REMARK VINA RESULT:    -7.372      1.115      1.624
zolpidem,alpha2,2026091901,3,-7.197,2.444,5.005,runs/20260919_0724_10drug_standardized_redocking/raw/archives/zolpidem.tar.gz::zolpidem/alpha2/2026091901/poses.pdbqt,90,3,valid,REMARK VINA RESULT:    -7.197      2.444      5.005
zolpidem,alpha2,2026091901,4,-6.879,2.026,4.112,runs/20260919_0724_10drug_standardized_redocking/raw/archives/zolpidem.tar.gz::zolpidem/alpha2/2026091901/poses.pdbqt,134,4,valid,REMARK VINA RESULT:    -6.879      2.026      4.112
zolpidem,alpha2,2026091901,5,-6.512,2.115,6.693,runs/20260919_0724_10drug_standardized_redocking/raw/archives/zolpidem.tar.gz::zolpidem/alpha2/2026091901/poses.pdbqt,178,5,valid,REMARK VINA RESULT:    -6.512      2.115      6.693
zolpidem,alpha2,2026091901,6,-6.258,2.42,6.823,runs/20260919_0724_10drug_standardized_redocking/raw/archives/zolpidem.tar.gz::zolpidem/alpha2/2026091901/poses.pdbqt,222,6,valid,REMARK VINA RESULT:    -6.258      2.420      6.823
zolpidem,alpha2,2026091901,7,-6.055,3.358,4.314,runs/20260919_0724_10drug_standardized_redocking/raw/archives/zolpidem.tar.gz::zolpidem/alpha2/2026091901/poses.pdbqt,266,7,valid,REMARK VINA RESULT:    -6.055      3.358      4.314
zolpidem,alpha2,2026091901,8,-5.874,2.232,6.067,runs/20260919_0724_10drug_standardized_redocking/raw/archives/zolpidem.tar.gz::zolpidem/alpha2/2026091901/poses.pdbqt,310,8,valid,REMARK VINA RESULT:    -5.874      2.232      6.067
zolpidem,alpha2,2026091901,9,-5.78,4.047,5.987,runs/20260919_0724_10drug_standardized_redocking/raw/archives/zolpidem.tar.gz::zolpidem/alpha2/2026091901/poses.pdbqt,354,9,valid,REMARK VINA RESULT:    -5.780      4.047      5.987
zolpidem,alpha2,2026091902,1,-7.528,0.0,0.0,runs/20260919_0724_10drug_standardized_redocking/raw/archives/zolpidem.tar.gz::zolpidem/alpha2/2026091902/poses.pdbqt,2,1,valid,REMARK VINA RESULT:    -7.528      0.000      0.000
zolpidem,alpha2,2026091902,2,-7.417,1.142,1.346,runs/20260919_0724_10drug_standardized_redocking/raw/archives/zolpidem.tar.gz::zolpidem/alpha2/2026091902/poses.pdbqt,46,2,valid,REMARK VINA RESULT:    -7.417      1.142      1.346
zolpidem,alpha2,2026091902,3,-7.196,2.402,4.935,runs/20260919_0724_10drug_standardized_redocking/raw/archives/zolpidem.tar.gz::zolpidem/alpha2/2026091902/poses.pdbqt,90,3,valid,REMARK VINA RESULT:    -7.196      2.402      4.935
zolpidem,alpha2,2026091902,4,-7.055,2.464,4.81,runs/20260919_0724_10drug_standardized_redocking/raw/archives/zolpidem.tar.gz::zolpidem/alpha2/2026091902/poses.pdbqt,134,4,valid,REMARK VINA RESULT:    -7.055      2.464      4.810
zolpidem,alpha2,2026091902,5,-6.86,2.247,6.579,runs/20260919_0724_10drug_standardized_redocking/raw/archives/zolpidem.tar.gz::zolpidem/alpha2/2026091902/poses.pdbqt,178,5,valid,REMARK VINA RESULT:    -6.860      2.247      6.579
zolpidem,alpha2,2026091902,6,-6.128,1.943,6.55,runs/20260919_0724_10drug_standardized_redocking/raw/archives/zolpidem.tar.gz::zolpidem/alpha2/2026091902/poses.pdbqt,222,6,valid,REMARK VINA RESULT:    -6.128      1.943      6.550
zolpidem,alpha2,2026091902,7,-6.11,3.317,4.293,runs/20260919_0724_10drug_standardized_redocking/raw/archives/zolpidem.tar.gz::zolpidem/alpha2/2026091902/poses.pdbqt,266,7,valid,REMARK VINA RESULT:    -6.110      3.317      4.293
zolpidem,alpha2,2026091902,8,-5.982,3.141,5.511,runs/20260919_0724_10drug_standardized_redocking/raw/archives/zolpidem.tar.gz::zolpidem/alpha2/2026091902/poses.pdbqt,310,8,valid,REMARK VINA RESULT:    -5.982      3.141      5.511
zolpidem,alpha2,2026091902,9,-5.977,4.87,6.046,runs/20260919_0724_10drug_standardized_redocking/raw/archives/zolpidem.tar.gz::zolpidem/alpha2/2026091902/poses.pdbqt,354,9,valid,REMARK VINA RESULT:    -5.977      4.870      6.046
zolpidem,alpha2,2026091903,1,-7.545,0.0,0.0,runs/20260919_0724_10drug_standardized_redocking/raw/archives/zolpidem.tar.gz::zolpidem/alpha2/2026091903/poses.pdbqt,2,1,valid,REMARK VINA RESULT:    -7.545      0.000      0.000
zolpidem,alpha2,2026091903,2,-7.197,2.417,4.922,runs/20260919_0724_10drug_standardized_redocking/raw/archives/zolpidem.tar.gz::zolpidem/alpha2/2026091903/poses.pdbqt,46,2,valid,REMARK VINA RESULT:    -7.197      2.417      4.922
zolpidem,alpha2,2026091903,3,-7.002,1.56,1.835,runs/20260919_0724_10drug_standardized_redocking/raw/archives/zolpidem.tar.gz::zolpidem/alpha2/2026091903/poses.pdbqt,90,3,valid,REMARK VINA RESULT:    -7.002      1.560      1.835
zolpidem,alpha2,2026091903,4,-6.988,1.973,4.132,runs/20260919_0724_10drug_standardized_redocking/raw/archives/zolpidem.tar.gz::zolpidem/alpha2/2026091903/poses.pdbqt,134,4,valid,REMARK VINA RESULT:    -6.988      1.973      4.132
zolpidem,alpha2,2026091903,5,-6.835,2.397,6.897,runs/20260919_0724_10drug_standardized_redocking/raw/archives/zolpidem.tar.gz::zolpidem/alpha2/2026091903/poses.pdbqt,178,5,valid,REMARK VINA RESULT:    -6.835      2.397      6.897
zolpidem,alpha2,2026091903,6,-6.663,2.819,6.56,runs/20260919_0724_10drug_standardized_redocking/raw/archives/zolpidem.tar.gz::zolpidem/alpha2/2026091903/poses.pdbqt,222,6,valid,REMARK VINA RESULT:    -6.663      2.819      6.560
zolpidem,alpha2,2026091903,7,-6.499,2.471,6.858,runs/20260919_0724_10drug_standardized_redocking/raw/archives/zolpidem.tar.gz::zolpidem/alpha2/2026091903/poses.pdbqt,266,7,valid,REMARK VINA RESULT:    -6.499      2.471      6.858
zolpidem,alpha2,2026091903,8,-6.256,2.448,6.837,runs/20260919_0724_10drug_standardized_redocking/raw/archives/zolpidem.tar.gz::zolpidem/alpha2/2026091903/poses.pdbqt,310,8,valid,REMARK VINA RESULT:    -6.256      2.448      6.837
zolpidem,alpha2,2026091903,9,-6.103,1.552,6.009,runs/20260919_0724_10drug_standardized_redocking/raw/archives/zolpidem.tar.gz::zolpidem/alpha2/2026091903/poses.pdbqt,354,9,valid,REMARK VINA RESULT:    -6.103      1.552      6.009
zolpidem,alpha2,2026091904,1,-7.522,0.0,0.0,runs/20260919_0724_10drug_standardized_redocking/raw/archives/zolpidem.tar.gz::zolpidem/alpha2/2026091904/poses.pdbqt,2,1,valid,REMARK VINA RESULT:    -7.522      0.000      0.000
zolpidem,alpha2,2026091904,2,-7.372,1.142,1.647,runs/20260919_0724_10drug_standardized_redocking/raw/archives/zolpidem.tar.gz::zolpidem/alpha2/2026091904/poses.pdbqt,46,2,valid,REMARK VINA RESULT:    -7.372      1.142      1.647
zolpidem,alpha2,2026091904,3,-7.262,1.931,4.088,runs/20260919_0724_10drug_standardized_redocking/raw/archives/zolpidem.tar.gz::zolpidem/alpha2/2026091904/poses.pdbqt,90,3,valid,REMARK VINA RESULT:    -7.262      1.931      4.088
zolpidem,alpha2,2026091904,4,-7.221,2.43,4.939,runs/20260919_0724_10drug_standardized_redocking/raw/archives/zolpidem.tar.gz::zolpidem/alpha2/2026091904/poses.pdbqt,134,4,valid,REMARK VINA RESULT:    -7.221      2.430      4.939
zolpidem,alpha2,2026091904,5,-7.046,2.608,4.892,runs/20260919_0724_10drug_standardized_redocking/raw/archives/zolpidem.tar.gz::zolpidem/alpha2/2026091904/poses.pdbqt,178,5,valid,REMARK VINA RESULT:    -7.046      2.608      4.892
zolpidem,alpha2,2026091904,6,-6.88,2.173,6.449,runs/20260919_0724_10drug_standardized_redocking/raw/archives/zolpidem.tar.gz::zolpidem/alpha2/2026091904/poses.pdbqt,222,6,valid,REMARK VINA RESULT:    -6.880      2.173      6.449
zolpidem,alpha2,2026091904,7,-6.201,2.551,6.943,runs/20260919_0724_10drug_standardized_redocking/raw/archives/zolpidem.tar.gz::zolpidem/alpha2/2026091904/poses.pdbqt,266,7,valid,REMARK VINA RESULT:    -6.201      2.551      6.943
zolpidem,alpha2,2026091904,8,-6.128,3.332,4.298,runs/20260919_0724_10drug_standardized_redocking/raw/archives/zolpidem.tar.gz::zolpidem/alpha2/2026091904/poses.pdbqt,310,8,valid,REMARK VINA RESULT:    -6.128      3.332      4.298
zolpidem,alpha2,2026091904,9,-5.895,2.712,7.23,runs/20260919_0724_10drug_standardized_redocking/raw/archives/zolpidem.tar.gz::zolpidem/alpha2/2026091904/poses.pdbqt,354,9,valid,REMARK VINA RESULT:    -5.895      2.712      7.230
zolpidem,alpha2,2026091905,1,-7.525,0.0,0.0,runs/20260919_0724_10drug_standardized_redocking/raw/archives/zolpidem.tar.gz::zolpidem/alpha2/2026091905/poses.pdbqt,2,1,valid,REMARK VINA RESULT:    -7.525      0.000      0.000
zolpidem,alpha2,2026091905,2,-7.405,1.152,1.652,runs/20260919_0724_10drug_standardized_redocking/raw/archives/zolpidem.tar.gz::zolpidem/alpha2/2026091905/poses.pdbqt,46,2,valid,REMARK VINA RESULT:    -7.405      1.152      1.652
zolpidem,alpha2,2026091905,3,-7.236,2.428,4.937,runs/20260919_0724_10drug_standardized_redocking/raw/archives/zolpidem.tar.gz::zolpidem/alpha2/2026091905/poses.pdbqt,90,3,valid,REMARK VINA RESULT:    -7.236      2.428      4.937
zolpidem,alpha2,2026091905,4,-6.864,2.194,6.487,runs/20260919_0724_10drug_standardized_redocking/raw/archives/zolpidem.tar.gz::zolpidem/alpha2/2026091905/poses.pdbqt,134,4,valid,REMARK VINA RESULT:    -6.864      2.194      6.487
zolpidem,alpha2,2026091905,5,-6.588,2.812,6.356,runs/20260919_0724_10drug_standardized_redocking/raw/archives/zolpidem.tar.gz::zolpidem/alpha2/2026091905/poses.pdbqt,178,5,valid,REMARK VINA RESULT:    -6.588      2.812      6.356
zolpidem,alpha2,2026091905,6,-6.439,1.395,5.971,runs/20260919_0724_10drug_standardized_redocking/raw/archives/zolpidem.tar.gz::zolpidem/alpha2/2026091905/poses.pdbqt,222,6,valid,REMARK VINA RESULT:    -6.439      1.395      5.971
zolpidem,alpha2,2026091905,7,-6.342,2.532,6.986,runs/20260919_0724_10drug_standardized_redocking/raw/archives/zolpidem.tar.gz::zolpidem/alpha2/2026091905/poses.pdbqt,266,7,valid,REMARK VINA RESULT:    -6.342      2.532      6.986
zolpidem,alpha2,2026091905,8,-6.241,1.877,6.474,runs/20260919_0724_10drug_standardized_redocking/raw/archives/zolpidem.tar.gz::zolpidem/alpha2/2026091905/poses.pdbqt,310,8,valid,REMARK VINA RESULT:    -6.241      1.877      6.474
zolpidem,alpha2,2026091905,9,-6.119,2.745,7.132,runs/20260919_0724_10drug_standardized_redocking/raw/archives/zolpidem.tar.gz::zolpidem/alpha2/2026091905/poses.pdbqt,354,9,valid,REMARK VINA RESULT:    -6.119      2.745      7.132
lorazepam,alpha1,2026091901,1,-8.499,0.0,0.0,runs/20260919_0724_10drug_standardized_redocking/raw/archives/lorazepam.tar.gz::lorazepam/alpha1/2026091901/poses.pdbqt,2,1,valid,REMARK VINA RESULT:    -8.499      0.000      0.000
lorazepam,alpha1,2026091901,2,-8.306,1.53,1.996,runs/20260919_0724_10drug_standardized_redocking/raw/archives/lorazepam.tar.gz::lorazepam/alpha1/2026091901/poses.pdbqt,43,2,valid,REMARK VINA RESULT:    -8.306      1.530      1.996
lorazepam,alpha1,2026091901,3,-8.001,1.795,2.272,runs/20260919_0724_10drug_standardized_redocking/raw/archives/lorazepam.tar.gz::lorazepam/alpha1/2026091901/poses.pdbqt,84,3,valid,REMARK VINA RESULT:    -8.001      1.795      2.272
lorazepam,alpha1,2026091901,4,-7.64,3.503,6.47,runs/20260919_0724_10drug_standardized_redocking/raw/archives/lorazepam.tar.gz::lorazepam/alpha1/2026091901/poses.pdbqt,125,4,valid,REMARK VINA RESULT:    -7.640      3.503      6.470
lorazepam,alpha1,2026091901,5,-7.568,3.229,5.51,runs/20260919_0724_10drug_standardized_redocking/raw/archives/lorazepam.tar.gz::lorazepam/alpha1/2026091901/poses.pdbqt,166,5,valid,REMARK VINA RESULT:    -7.568      3.229      5.510
lorazepam,alpha1,2026091901,6,-7.507,2.661,4.987,runs/20260919_0724_10drug_standardized_redocking/raw/archives/lorazepam.tar.gz::lorazepam/alpha1/2026091901/poses.pdbqt,207,6,valid,REMARK VINA RESULT:    -7.507      2.661      4.987
lorazepam,alpha1,2026091901,7,-7.463,4.405,6.368,runs/20260919_0724_10drug_standardized_redocking/raw/archives/lorazepam.tar.gz::lorazepam/alpha1/2026091901/poses.pdbqt,248,7,valid,REMARK VINA RESULT:    -7.463      4.405      6.368
lorazepam,alpha1,2026091901,8,-7.208,4.597,6.171,runs/20260919_0724_10drug_standardized_redocking/raw/archives/lorazepam.tar.gz::lorazepam/alpha1/2026091901/poses.pdbqt,289,8,valid,REMARK VINA RESULT:    -7.208      4.597      6.171
lorazepam,alpha1,2026091901,9,-7.101,2.996,5.81,runs/20260919_0724_10drug_standardized_redocking/raw/archives/lorazepam.tar.gz::lorazepam/alpha1/2026091901/poses.pdbqt,330,9,valid,REMARK VINA RESULT:    -7.101      2.996      5.810
lorazepam,alpha1,2026091902,1,-8.496,0.0,0.0,runs/20260919_0724_10drug_standardized_redocking/raw/archives/lorazepam.tar.gz::lorazepam/alpha1/2026091902/poses.pdbqt,2,1,valid,REMARK VINA RESULT:    -8.496      0.000      0.000
lorazepam,alpha1,2026091902,2,-8.282,1.54,1.995,runs/20260919_0724_10drug_standardized_redocking/raw/archives/lorazepam.tar.gz::lorazepam/alpha1/2026091902/poses.pdbqt,43,2,valid,REMARK VINA RESULT:    -8.282      1.540      1.995
lorazepam,alpha1,2026091902,3,-7.798,1.263,1.562,runs/20260919_0724_10drug_standardized_redocking/raw/archives/lorazepam.tar.gz::lorazepam/alpha1/2026091902/poses.pdbqt,84,3,valid,REMARK VINA RESULT:    -7.798      1.263      1.562
lorazepam,alpha1,2026091902,4,-7.781,2.995,5.188,runs/20260919_0724_10drug_standardized_redocking/raw/archives/lorazepam.tar.gz::lorazepam/alpha1/2026091902/poses.pdbqt,125,4,valid,REMARK VINA RESULT:    -7.781      2.995      5.188
lorazepam,alpha1,2026091902,5,-7.656,3.505,6.475,runs/20260919_0724_10drug_standardized_redocking/raw/archives/lorazepam.tar.gz::lorazepam/alpha1/2026091902/poses.pdbqt,166,5,valid,REMARK VINA RESULT:    -7.656      3.505      6.475
lorazepam,alpha1,2026091902,6,-7.538,2.649,4.982,runs/20260919_0724_10drug_standardized_redocking/raw/archives/lorazepam.tar.gz::lorazepam/alpha1/2026091902/poses.pdbqt,207,6,valid,REMARK VINA RESULT:    -7.538      2.649      4.982
lorazepam,alpha1,2026091902,7,-6.945,3.087,5.968,runs/20260919_0724_10drug_standardized_redocking/raw/archives/lorazepam.tar.gz::lorazepam/alpha1/2026091902/poses.pdbqt,248,7,valid,REMARK VINA RESULT:    -6.945      3.087      5.968
lorazepam,alpha1,2026091902,8,-6.817,4.007,5.381,runs/20260919_0724_10drug_standardized_redocking/raw/archives/lorazepam.tar.gz::lorazepam/alpha1/2026091902/poses.pdbqt,289,8,valid,REMARK VINA RESULT:    -6.817      4.007      5.381
lorazepam,alpha1,2026091902,9,-6.372,5.221,7.178,runs/20260919_0724_10drug_standardized_redocking/raw/archives/lorazepam.tar.gz::lorazepam/alpha1/2026091902/poses.pdbqt,330,9,valid,REMARK VINA RESULT:    -6.372      5.221      7.178
lorazepam,alpha1,2026091903,1,-8.546,0.0,0.0,runs/20260919_0724_10drug_standardized_redocking/raw/archives/lorazepam.tar.gz::lorazepam/alpha1/2026091903/poses.pdbqt,2,1,valid,REMARK VINA RESULT:    -8.546      0.000      0.000
lorazepam,alpha1,2026091903,2,-8.316,1.546,2.012,runs/20260919_0724_10drug_standardized_redocking/raw/archives/lorazepam.tar.gz::lorazepam/alpha1/2026091903/poses.pdbqt,43,2,valid,REMARK VINA RESULT:    -8.316      1.546      2.012
lorazepam,alpha1,2026091903,3,-7.797,3.193,5.438,runs/20260919_0724_10drug_standardized_redocking/raw/archives/lorazepam.tar.gz::lorazepam/alpha1/2026091903/poses.pdbqt,84,3,valid,REMARK VINA RESULT:    -7.797      3.193      5.438
lorazepam,alpha1,2026091903,4,-7.564,2.645,4.987,runs/20260919_0724_10drug_standardized_redocking/raw/archives/lorazepam.tar.gz::lorazepam/alpha1/2026091903/poses.pdbqt,125,4,valid,REMARK VINA RESULT:    -7.564      2.645      4.987
lorazepam,alpha1,2026091903,5,-7.504,2.924,5.146,runs/20260919_0724_10drug_standardized_redocking/raw/archives/lorazepam.tar.gz::lorazepam/alpha1/2026091903/poses.pdbqt,166,5,valid,REMARK VINA RESULT:    -7.504      2.924      5.146
lorazepam,alpha1,2026091903,6,-7.041,3.416,4.925,runs/20260919_0724_10drug_standardized_redocking/raw/archives/lorazepam.tar.gz::lorazepam/alpha1/2026091903/poses.pdbqt,207,6,valid,REMARK VINA RESULT:    -7.041      3.416      4.925
lorazepam,alpha1,2026091903,7,-6.836,2.935,4.787,runs/20260919_0724_10drug_standardized_redocking/raw/archives/lorazepam.tar.gz::lorazepam/alpha1/2026091903/poses.pdbqt,248,7,valid,REMARK VINA RESULT:    -6.836      2.935      4.787
lorazepam,alpha1,2026091903,8,-6.805,4.118,5.486,runs/20260919_0724_10drug_standardized_redocking/raw/archives/lorazepam.tar.gz::lorazepam/alpha1/2026091903/poses.pdbqt,289,8,valid,REMARK VINA RESULT:    -6.805      4.118      5.486
lorazepam,alpha1,2026091903,9,-6.109,4.581,7.744,runs/20260919_0724_10drug_standardized_redocking/raw/archives/lorazepam.tar.gz::lorazepam/alpha1/2026091903/poses.pdbqt,330,9,valid,REMARK VINA RESULT:    -6.109      4.581      7.744
lorazepam,alpha1,2026091904,1,-8.524,0.0,0.0,runs/20260919_0724_10drug_standardized_redocking/raw/archives/lorazepam.tar.gz::lorazepam/alpha1/2026091904/poses.pdbqt,2,1,valid,REMARK VINA RESULT:    -8.524      0.000      0.000
lorazepam,alpha1,2026091904,2,-8.319,1.53,2.001,runs/20260919_0724_10drug_standardized_redocking/raw/archives/lorazepam.tar.gz::lorazepam/alpha1/2026091904/poses.pdbqt,43,2,valid,REMARK VINA RESULT:    -8.319      1.530      2.001
lorazepam,alpha1,2026091904,3,-7.776,2.986,5.183,runs/20260919_0724_10drug_standardized_redocking/raw/archives/lorazepam.tar.gz::lorazepam/alpha1/2026091904/poses.pdbqt,84,3,valid,REMARK VINA RESULT:    -7.776      2.986      5.183
lorazepam,alpha1,2026091904,4,-7.67,1.417,1.81,runs/20260919_0724_10drug_standardized_redocking/raw/archives/lorazepam.tar.gz::lorazepam/alpha1/2026091904/poses.pdbqt,125,4,valid,REMARK VINA RESULT:    -7.670      1.417      1.810
lorazepam,alpha1,2026091904,5,-7.554,2.655,4.984,runs/20260919_0724_10drug_standardized_redocking/raw/archives/lorazepam.tar.gz::lorazepam/alpha1/2026091904/poses.pdbqt,166,5,valid,REMARK VINA RESULT:    -7.554      2.655      4.984
lorazepam,alpha1,2026091904,6,-7.494,2.949,5.176,runs/20260919_0724_10drug_standardized_redocking/raw/archives/lorazepam.tar.gz::lorazepam/alpha1/2026091904/poses.pdbqt,207,6,valid,REMARK VINA RESULT:    -7.494      2.949      5.176
lorazepam,alpha1,2026091904,7,-7.088,2.982,5.795,runs/20260919_0724_10drug_standardized_redocking/raw/archives/lorazepam.tar.gz::lorazepam/alpha1/2026091904/poses.pdbqt,248,7,valid,REMARK VINA RESULT:    -7.088      2.982      5.795
lorazepam,alpha1,2026091904,8,-7.002,3.319,4.615,runs/20260919_0724_10drug_standardized_redocking/raw/archives/lorazepam.tar.gz::lorazepam/alpha1/2026091904/poses.pdbqt,289,8,valid,REMARK VINA RESULT:    -7.002      3.319      4.615
lorazepam,alpha1,2026091904,9,-6.813,4.032,5.399,runs/20260919_0724_10drug_standardized_redocking/raw/archives/lorazepam.tar.gz::lorazepam/alpha1/2026091904/poses.pdbqt,330,9,valid,REMARK VINA RESULT:    -6.813      4.032      5.399
lorazepam,alpha1,2026091905,1,-8.494,0.0,0.0,runs/20260919_0724_10drug_standardized_redocking/raw/archives/lorazepam.tar.gz::lorazepam/alpha1/2026091905/poses.pdbqt,2,1,valid,REMARK VINA RESULT:    -8.494      0.000      0.000
lorazepam,alpha1,2026091905,2,-8.301,1.524,1.978,runs/20260919_0724_10drug_standardized_redocking/raw/archives/lorazepam.tar.gz::lorazepam/alpha1/2026091905/poses.pdbqt,43,2,valid,REMARK VINA RESULT:    -8.301      1.524      1.978
lorazepam,alpha1,2026091905,3,-7.655,3.501,6.483,runs/20260919_0724_10drug_standardized_redocking/raw/archives/lorazepam.tar.gz::lorazepam/alpha1/2026091905/poses.pdbqt,84,3,valid,REMARK VINA RESULT:    -7.655      3.501      6.483
lorazepam,alpha1,2026091905,4,-7.555,2.657,4.978,runs/20260919_0724_10drug_standardized_redocking/raw/archives/lorazepam.tar.gz::lorazepam/alpha1/2026091905/poses.pdbqt,125,4,valid,REMARK VINA RESULT:    -7.555      2.657      4.978
lorazepam,alpha1,2026091905,5,-7.32,1.618,2.147,runs/20260919_0724_10drug_standardized_redocking/raw/archives/lorazepam.tar.gz::lorazepam/alpha1/2026091905/poses.pdbqt,166,5,valid,REMARK VINA RESULT:    -7.320      1.618      2.147
lorazepam,alpha1,2026091905,6,-7.007,3.328,4.844,runs/20260919_0724_10drug_standardized_redocking/raw/archives/lorazepam.tar.gz::lorazepam/alpha1/2026091905/poses.pdbqt,207,6,valid,REMARK VINA RESULT:    -7.007      3.328      4.844
lorazepam,alpha1,2026091905,7,-6.79,4.05,5.413,runs/20260919_0724_10drug_standardized_redocking/raw/archives/lorazepam.tar.gz::lorazepam/alpha1/2026091905/poses.pdbqt,248,7,valid,REMARK VINA RESULT:    -6.790      4.050      5.413
lorazepam,alpha1,2026091905,8,-6.692,4.343,6.615,runs/20260919_0724_10drug_standardized_redocking/raw/archives/lorazepam.tar.gz::lorazepam/alpha1/2026091905/poses.pdbqt,289,8,valid,REMARK VINA RESULT:    -6.692      4.343      6.615
lorazepam,alpha1,2026091905,9,-6.482,4.445,5.849,runs/20260919_0724_10drug_standardized_redocking/raw/archives/lorazepam.tar.gz::lorazepam/alpha1/2026091905/poses.pdbqt,330,9,valid,REMARK VINA RESULT:    -6.482      4.445      5.849
lorazepam,alpha2,2026091901,1,-6.861,0.0,0.0,runs/20260919_0724_10drug_standardized_redocking/raw/archives/lorazepam.tar.gz::lorazepam/alpha2/2026091901/poses.pdbqt,2,1,valid,REMARK VINA RESULT:    -6.861      0.000      0.000
lorazepam,alpha2,2026091901,2,-6.787,2.958,4.459,runs/20260919_0724_10drug_standardized_redocking/raw/archives/lorazepam.tar.gz::lorazepam/alpha2/2026091901/poses.pdbqt,43,2,valid,REMARK VINA RESULT:    -6.787      2.958      4.459
lorazepam,alpha2,2026091901,3,-6.662,2.489,4.406,runs/20260919_0724_10drug_standardized_redocking/raw/archives/lorazepam.tar.gz::lorazepam/alpha2/2026091901/poses.pdbqt,84,3,valid,REMARK VINA RESULT:    -6.662      2.489      4.406
lorazepam,alpha2,2026091901,4,-6.579,3.365,4.497,runs/20260919_0724_10drug_standardized_redocking/raw/archives/lorazepam.tar.gz::lorazepam/alpha2/2026091901/poses.pdbqt,125,4,valid,REMARK VINA RESULT:    -6.579      3.365      4.497
lorazepam,alpha2,2026091901,5,-6.458,2.829,5.322,runs/20260919_0724_10drug_standardized_redocking/raw/archives/lorazepam.tar.gz::lorazepam/alpha2/2026091901/poses.pdbqt,166,5,valid,REMARK VINA RESULT:    -6.458      2.829      5.322
lorazepam,alpha2,2026091901,6,-6.184,3.522,4.852,runs/20260919_0724_10drug_standardized_redocking/raw/archives/lorazepam.tar.gz::lorazepam/alpha2/2026091901/poses.pdbqt,207,6,valid,REMARK VINA RESULT:    -6.184      3.522      4.852
lorazepam,alpha2,2026091901,7,-6.067,3.329,5.59,runs/20260919_0724_10drug_standardized_redocking/raw/archives/lorazepam.tar.gz::lorazepam/alpha2/2026091901/poses.pdbqt,248,7,valid,REMARK VINA RESULT:    -6.067      3.329      5.590
lorazepam,alpha2,2026091901,8,-6.055,3.166,4.242,runs/20260919_0724_10drug_standardized_redocking/raw/archives/lorazepam.tar.gz::lorazepam/alpha2/2026091901/poses.pdbqt,289,8,valid,REMARK VINA RESULT:    -6.055      3.166      4.242
lorazepam,alpha2,2026091901,9,-5.652,1.77,2.177,runs/20260919_0724_10drug_standardized_redocking/raw/archives/lorazepam.tar.gz::lorazepam/alpha2/2026091901/poses.pdbqt,330,9,valid,REMARK VINA RESULT:    -5.652      1.770      2.177
lorazepam,alpha2,2026091902,1,-6.882,0.0,0.0,runs/20260919_0724_10drug_standardized_redocking/raw/archives/lorazepam.tar.gz::lorazepam/alpha2/2026091902/poses.pdbqt,2,1,valid,REMARK VINA RESULT:    -6.882      0.000      0.000
lorazepam,alpha2,2026091902,2,-6.807,2.978,4.434,runs/20260919_0724_10drug_standardized_redocking/raw/archives/lorazepam.tar.gz::lorazepam/alpha2/2026091902/poses.pdbqt,43,2,valid,REMARK VINA RESULT:    -6.807      2.978      4.434
lorazepam,alpha2,2026091902,3,-6.679,2.483,4.426,runs/20260919_0724_10drug_standardized_redocking/raw/archives/lorazepam.tar.gz::lorazepam/alpha2/2026091902/poses.pdbqt,84,3,valid,REMARK VINA RESULT:    -6.679      2.483      4.426
lorazepam,alpha2,2026091902,4,-6.583,3.359,4.468,runs/20260919_0724_10drug_standardized_redocking/raw/archives/lorazepam.tar.gz::lorazepam/alpha2/2026091902/poses.pdbqt,125,4,valid,REMARK VINA RESULT:    -6.583      3.359      4.468
lorazepam,alpha2,2026091902,5,-6.505,2.952,5.603,runs/20260919_0724_10drug_standardized_redocking/raw/archives/lorazepam.tar.gz::lorazepam/alpha2/2026091902/poses.pdbqt,166,5,valid,REMARK VINA RESULT:    -6.505      2.952      5.603
lorazepam,alpha2,2026091902,6,-6.436,2.84,5.342,runs/20260919_0724_10drug_standardized_redocking/raw/archives/lorazepam.tar.gz::lorazepam/alpha2/2026091902/poses.pdbqt,207,6,valid,REMARK VINA RESULT:    -6.436      2.840      5.342
lorazepam,alpha2,2026091902,7,-6.418,2.655,4.077,runs/20260919_0724_10drug_standardized_redocking/raw/archives/lorazepam.tar.gz::lorazepam/alpha2/2026091902/poses.pdbqt,248,7,valid,REMARK VINA RESULT:    -6.418      2.655      4.077
lorazepam,alpha2,2026091902,8,-6.21,2.99,5.687,runs/20260919_0724_10drug_standardized_redocking/raw/archives/lorazepam.tar.gz::lorazepam/alpha2/2026091902/poses.pdbqt,289,8,valid,REMARK VINA RESULT:    -6.210      2.990      5.687
lorazepam,alpha2,2026091902,9,-6.134,2.838,4.464,runs/20260919_0724_10drug_standardized_redocking/raw/archives/lorazepam.tar.gz::lorazepam/alpha2/2026091902/poses.pdbqt,330,9,valid,REMARK VINA RESULT:    -6.134      2.838      4.464
lorazepam,alpha2,2026091903,1,-6.819,0.0,0.0,runs/20260919_0724_10drug_standardized_redocking/raw/archives/lorazepam.tar.gz::lorazepam/alpha2/2026091903/poses.pdbqt,2,1,valid,REMARK VINA RESULT:    -6.819      0.000      0.000
lorazepam,alpha2,2026091903,2,-6.806,2.978,4.449,runs/20260919_0724_10drug_standardized_redocking/raw/archives/lorazepam.tar.gz::lorazepam/alpha2/2026091903/poses.pdbqt,43,2,valid,REMARK VINA RESULT:    -6.806      2.978      4.449
lorazepam,alpha2,2026091903,3,-6.694,2.496,4.395,runs/20260919_0724_10drug_standardized_redocking/raw/archives/lorazepam.tar.gz::lorazepam/alpha2/2026091903/poses.pdbqt,84,3,valid,REMARK VINA RESULT:    -6.694      2.496      4.395
lorazepam,alpha2,2026091903,4,-6.581,3.369,4.515,runs/20260919_0724_10drug_standardized_redocking/raw/archives/lorazepam.tar.gz::lorazepam/alpha2/2026091903/poses.pdbqt,125,4,valid,REMARK VINA RESULT:    -6.581      3.369      4.515
lorazepam,alpha2,2026091903,5,-6.538,2.935,5.59,runs/20260919_0724_10drug_standardized_redocking/raw/archives/lorazepam.tar.gz::lorazepam/alpha2/2026091903/poses.pdbqt,166,5,valid,REMARK VINA RESULT:    -6.538      2.935      5.590
lorazepam,alpha2,2026091903,6,-6.417,2.692,4.954,runs/20260919_0724_10drug_standardized_redocking/raw/archives/lorazepam.tar.gz::lorazepam/alpha2/2026091903/poses.pdbqt,207,6,valid,REMARK VINA RESULT:    -6.417      2.692      4.954
lorazepam,alpha2,2026091903,7,-6.161,2.839,4.581,runs/20260919_0724_10drug_standardized_redocking/raw/archives/lorazepam.tar.gz::lorazepam/alpha2/2026091903/poses.pdbqt,248,7,valid,REMARK VINA RESULT:    -6.161      2.839      4.581
lorazepam,alpha2,2026091903,8,-6.047,3.066,5.361,runs/20260919_0724_10drug_standardized_redocking/raw/archives/lorazepam.tar.gz::lorazepam/alpha2/2026091903/poses.pdbqt,289,8,valid,REMARK VINA RESULT:    -6.047      3.066      5.361
lorazepam,alpha2,2026091903,9,-5.869,3.14,4.863,runs/20260919_0724_10drug_standardized_redocking/raw/archives/lorazepam.tar.gz::lorazepam/alpha2/2026091903/poses.pdbqt,330,9,valid,REMARK VINA RESULT:    -5.869      3.140      4.863
lorazepam,alpha2,2026091904,1,-6.848,0.0,0.0,runs/20260919_0724_10drug_standardized_redocking/raw/archives/lorazepam.tar.gz::lorazepam/alpha2/2026091904/poses.pdbqt,2,1,valid,REMARK VINA RESULT:    -6.848      0.000      0.000
lorazepam,alpha2,2026091904,2,-6.793,2.979,4.426,runs/20260919_0724_10drug_standardized_redocking/raw/archives/lorazepam.tar.gz::lorazepam/alpha2/2026091904/poses.pdbqt,43,2,valid,REMARK VINA RESULT:    -6.793      2.979      4.426
lorazepam,alpha2,2026091904,3,-6.689,2.485,4.4,runs/20260919_0724_10drug_standardized_redocking/raw/archives/lorazepam.tar.gz::lorazepam/alpha2/2026091904/poses.pdbqt,84,3,valid,REMARK VINA RESULT:    -6.689      2.485      4.400
lorazepam,alpha2,2026091904,4,-6.588,3.364,4.487,runs/20260919_0724_10drug_standardized_redocking/raw/archives/lorazepam.tar.gz::lorazepam/alpha2/2026091904/poses.pdbqt,125,4,valid,REMARK VINA RESULT:    -6.588      3.364      4.487
lorazepam,alpha2,2026091904,5,-5.998,3.174,4.381,runs/20260919_0724_10drug_standardized_redocking/raw/archives/lorazepam.tar.gz::lorazepam/alpha2/2026091904/poses.pdbqt,166,5,valid,REMARK VINA RESULT:    -5.998      3.174      4.381
lorazepam,alpha2,2026091904,6,-5.969,3.946,5.456,runs/20260919_0724_10drug_standardized_redocking/raw/archives/lorazepam.tar.gz::lorazepam/alpha2/2026091904/poses.pdbqt,207,6,valid,REMARK VINA RESULT:    -5.969      3.946      5.456
lorazepam,alpha2,2026091904,7,-5.856,3.483,5.297,runs/20260919_0724_10drug_standardized_redocking/raw/archives/lorazepam.tar.gz::lorazepam/alpha2/2026091904/poses.pdbqt,248,7,valid,REMARK VINA RESULT:    -5.856      3.483      5.297
lorazepam,alpha2,2026091904,8,-5.762,2.75,3.863,runs/20260919_0724_10drug_standardized_redocking/raw/archives/lorazepam.tar.gz::lorazepam/alpha2/2026091904/poses.pdbqt,289,8,valid,REMARK VINA RESULT:    -5.762      2.750      3.863
lorazepam,alpha2,2026091904,9,-5.679,3.188,4.322,runs/20260919_0724_10drug_standardized_redocking/raw/archives/lorazepam.tar.gz::lorazepam/alpha2/2026091904/poses.pdbqt,330,9,valid,REMARK VINA RESULT:    -5.679      3.188      4.322
lorazepam,alpha2,2026091905,1,-6.813,0.0,0.0,runs/20260919_0724_10drug_standardized_redocking/raw/archives/lorazepam.tar.gz::lorazepam/alpha2/2026091905/poses.pdbqt,2,1,valid,REMARK VINA RESULT:    -6.813      0.000      0.000
lorazepam,alpha2,2026091905,2,-6.801,2.982,4.451,runs/20260919_0724_10drug_standardized_redocking/raw/archives/lorazepam.tar.gz::lorazepam/alpha2/2026091905/poses.pdbqt,43,2,valid,REMARK VINA RESULT:    -6.801      2.982      4.451
lorazepam,alpha2,2026091905,3,-6.659,2.515,4.392,runs/20260919_0724_10drug_standardized_redocking/raw/archives/lorazepam.tar.gz::lorazepam/alpha2/2026091905/poses.pdbqt,84,3,valid,REMARK VINA RESULT:    -6.659      2.515      4.392
lorazepam,alpha2,2026091905,4,-6.587,3.4,4.547,runs/20260919_0724_10drug_standardized_redocking/raw/archives/lorazepam.tar.gz::lorazepam/alpha2/2026091905/poses.pdbqt,125,4,valid,REMARK VINA RESULT:    -6.587      3.400      4.547
lorazepam,alpha2,2026091905,5,-6.226,2.824,5.122,runs/20260919_0724_10drug_standardized_redocking/raw/archives/lorazepam.tar.gz::lorazepam/alpha2/2026091905/poses.pdbqt,166,5,valid,REMARK VINA RESULT:    -6.226      2.824      5.122
lorazepam,alpha2,2026091905,6,-6.153,2.824,4.539,runs/20260919_0724_10drug_standardized_redocking/raw/archives/lorazepam.tar.gz::lorazepam/alpha2/2026091905/poses.pdbqt,207,6,valid,REMARK VINA RESULT:    -6.153      2.824      4.539
lorazepam,alpha2,2026091905,7,-6.105,3.232,5.065,runs/20260919_0724_10drug_standardized_redocking/raw/archives/lorazepam.tar.gz::lorazepam/alpha2/2026091905/poses.pdbqt,248,7,valid,REMARK VINA RESULT:    -6.105      3.232      5.065
lorazepam,alpha2,2026091905,8,-6.055,2.621,4.049,runs/20260919_0724_10drug_standardized_redocking/raw/archives/lorazepam.tar.gz::lorazepam/alpha2/2026091905/poses.pdbqt,289,8,valid,REMARK VINA RESULT:    -6.055      2.621      4.049
lorazepam,alpha2,2026091905,9,-6.051,3.072,5.373,runs/20260919_0724_10drug_standardized_redocking/raw/archives/lorazepam.tar.gz::lorazepam/alpha2/2026091905/poses.pdbqt,330,9,valid,REMARK VINA RESULT:    -6.051      3.072      5.373
clonazepam,alpha1,2026091901,1,-9.497,0.0,0.0,runs/20260919_0724_10drug_standardized_redocking/raw/archives/clonazepam.tar.gz::clonazepam/alpha1/2026091901/poses.pdbqt,2,1,valid,REMARK VINA RESULT:    -9.497      0.000      0.000
clonazepam,alpha1,2026091901,2,-8.995,3.484,5.672,runs/20260919_0724_10drug_standardized_redocking/raw/archives/clonazepam.tar.gz::clonazepam/alpha1/2026091901/poses.pdbqt,43,2,valid,REMARK VINA RESULT:    -8.995      3.484      5.672
clonazepam,alpha1,2026091901,3,-8.936,3.387,6.013,runs/20260919_0724_10drug_standardized_redocking/raw/archives/clonazepam.tar.gz::clonazepam/alpha1/2026091901/poses.pdbqt,84,3,valid,REMARK VINA RESULT:    -8.936      3.387      6.013
clonazepam,alpha1,2026091901,4,-8.837,1.855,2.307,runs/20260919_0724_10drug_standardized_redocking/raw/archives/clonazepam.tar.gz::clonazepam/alpha1/2026091901/poses.pdbqt,125,4,valid,REMARK VINA RESULT:    -8.837      1.855      2.307
clonazepam,alpha1,2026091901,5,-8.125,3.168,5.905,runs/20260919_0724_10drug_standardized_redocking/raw/archives/clonazepam.tar.gz::clonazepam/alpha1/2026091901/poses.pdbqt,166,5,valid,REMARK VINA RESULT:    -8.125      3.168      5.905
clonazepam,alpha1,2026091901,6,-7.696,3.314,5.411,runs/20260919_0724_10drug_standardized_redocking/raw/archives/clonazepam.tar.gz::clonazepam/alpha1/2026091901/poses.pdbqt,207,6,valid,REMARK VINA RESULT:    -7.696      3.314      5.411
clonazepam,alpha1,2026091901,7,-7.469,2.258,4.453,runs/20260919_0724_10drug_standardized_redocking/raw/archives/clonazepam.tar.gz::clonazepam/alpha1/2026091901/poses.pdbqt,248,7,valid,REMARK VINA RESULT:    -7.469      2.258      4.453
clonazepam,alpha1,2026091901,8,-7.239,2.405,5.247,runs/20260919_0724_10drug_standardized_redocking/raw/archives/clonazepam.tar.gz::clonazepam/alpha1/2026091901/poses.pdbqt,289,8,valid,REMARK VINA RESULT:    -7.239      2.405      5.247
clonazepam,alpha1,2026091901,9,-6.954,4.206,6.419,runs/20260919_0724_10drug_standardized_redocking/raw/archives/clonazepam.tar.gz::clonazepam/alpha1/2026091901/poses.pdbqt,330,9,valid,REMARK VINA RESULT:    -6.954      4.206      6.419
clonazepam,alpha1,2026091902,1,-9.493,0.0,0.0,runs/20260919_0724_10drug_standardized_redocking/raw/archives/clonazepam.tar.gz::clonazepam/alpha1/2026091902/poses.pdbqt,2,1,valid,REMARK VINA RESULT:    -9.493      0.000      0.000
clonazepam,alpha1,2026091902,2,-8.961,3.503,5.703,runs/20260919_0724_10drug_standardized_redocking/raw/archives/clonazepam.tar.gz::clonazepam/alpha1/2026091902/poses.pdbqt,43,2,valid,REMARK VINA RESULT:    -8.961      3.503      5.703
clonazepam,alpha1,2026091902,3,-8.942,3.379,5.991,runs/20260919_0724_10drug_standardized_redocking/raw/archives/clonazepam.tar.gz::clonazepam/alpha1/2026091902/poses.pdbqt,84,3,valid,REMARK VINA RESULT:    -8.942      3.379      5.991
clonazepam,alpha1,2026091902,4,-8.215,3.238,6.414,runs/20260919_0724_10drug_standardized_redocking/raw/archives/clonazepam.tar.gz::clonazepam/alpha1/2026091902/poses.pdbqt,125,4,valid,REMARK VINA RESULT:    -8.215      3.238      6.414
clonazepam,alpha1,2026091902,5,-8.11,2.956,5.873,runs/20260919_0724_10drug_standardized_redocking/raw/archives/clonazepam.tar.gz::clonazepam/alpha1/2026091902/poses.pdbqt,166,5,valid,REMARK VINA RESULT:    -8.110      2.956      5.873
clonazepam,alpha1,2026091902,6,-7.246,2.402,5.242,runs/20260919_0724_10drug_standardized_redocking/raw/archives/clonazepam.tar.gz::clonazepam/alpha1/2026091902/poses.pdbqt,207,6,valid,REMARK VINA RESULT:    -7.246      2.402      5.242
clonazepam,alpha1,2026091902,7,-7.155,4.278,6.969,runs/20260919_0724_10drug_standardized_redocking/raw/archives/clonazepam.tar.gz::clonazepam/alpha1/2026091902/poses.pdbqt,248,7,valid,REMARK VINA RESULT:    -7.155      4.278      6.969
clonazepam,alpha1,2026091902,8,-6.929,4.208,6.45,runs/20260919_0724_10drug_standardized_redocking/raw/archives/clonazepam.tar.gz::clonazepam/alpha1/2026091902/poses.pdbqt,289,8,valid,REMARK VINA RESULT:    -6.929      4.208      6.450
clonazepam,alpha1,2026091902,9,-6.854,4.017,7.366,runs/20260919_0724_10drug_standardized_redocking/raw/archives/clonazepam.tar.gz::clonazepam/alpha1/2026091902/poses.pdbqt,330,9,valid,REMARK VINA RESULT:    -6.854      4.017      7.366
clonazepam,alpha1,2026091903,1,-9.485,0.0,0.0,runs/20260919_0724_10drug_standardized_redocking/raw/archives/clonazepam.tar.gz::clonazepam/alpha1/2026091903/poses.pdbqt,2,1,valid,REMARK VINA RESULT:    -9.485      0.000      0.000
clonazepam,alpha1,2026091903,2,-8.937,3.435,6.05,runs/20260919_0724_10drug_standardized_redocking/raw/archives/clonazepam.tar.gz::clonazepam/alpha1/2026091903/poses.pdbqt,43,2,valid,REMARK VINA RESULT:    -8.937      3.435      6.050
clonazepam,alpha1,2026091903,3,-8.935,3.507,5.698,runs/20260919_0724_10drug_standardized_redocking/raw/archives/clonazepam.tar.gz::clonazepam/alpha1/2026091903/poses.pdbqt,84,3,valid,REMARK VINA RESULT:    -8.935      3.507      5.698
clonazepam,alpha1,2026091903,4,-8.662,1.735,2.165,runs/20260919_0724_10drug_standardized_redocking/raw/archives/clonazepam.tar.gz::clonazepam/alpha1/2026091903/poses.pdbqt,125,4,valid,REMARK VINA RESULT:    -8.662      1.735      2.165
clonazepam,alpha1,2026091903,5,-8.232,2.901,5.816,runs/20260919_0724_10drug_standardized_redocking/raw/archives/clonazepam.tar.gz::clonazepam/alpha1/2026091903/poses.pdbqt,166,5,valid,REMARK VINA RESULT:    -8.232      2.901      5.816
clonazepam,alpha1,2026091903,6,-8.166,3.243,6.415,runs/20260919_0724_10drug_standardized_redocking/raw/archives/clonazepam.tar.gz::clonazepam/alpha1/2026091903/poses.pdbqt,207,6,valid,REMARK VINA RESULT:    -8.166      3.243      6.415
clonazepam,alpha1,2026091903,7,-7.352,1.637,2.193,runs/20260919_0724_10drug_standardized_redocking/raw/archives/clonazepam.tar.gz::clonazepam/alpha1/2026091903/poses.pdbqt,248,7,valid,REMARK VINA RESULT:    -7.352      1.637      2.193
clonazepam,alpha1,2026091903,8,-6.905,4.184,6.427,runs/20260919_0724_10drug_standardized_redocking/raw/archives/clonazepam.tar.gz::clonazepam/alpha1/2026091903/poses.pdbqt,289,8,valid,REMARK VINA RESULT:    -6.905      4.184      6.427
clonazepam,alpha1,2026091903,9,-6.79,4.591,6.375,runs/20260919_0724_10drug_standardized_redocking/raw/archives/clonazepam.tar.gz::clonazepam/alpha1/2026091903/poses.pdbqt,330,9,valid,REMARK VINA RESULT:    -6.790      4.591      6.375
clonazepam,alpha1,2026091904,1,-9.502,0.0,0.0,runs/20260919_0724_10drug_standardized_redocking/raw/archives/clonazepam.tar.gz::clonazepam/alpha1/2026091904/poses.pdbqt,2,1,valid,REMARK VINA RESULT:    -9.502      0.000      0.000
clonazepam,alpha1,2026091904,2,-8.988,3.403,6.0,runs/20260919_0724_10drug_standardized_redocking/raw/archives/clonazepam.tar.gz::clonazepam/alpha1/2026091904/poses.pdbqt,43,2,valid,REMARK VINA RESULT:    -8.988      3.403      6.000
clonazepam,alpha1,2026091904,3,-8.095,2.887,5.797,runs/20260919_0724_10drug_standardized_redocking/raw/archives/clonazepam.tar.gz::clonazepam/alpha1/2026091904/poses.pdbqt,84,3,valid,REMARK VINA RESULT:    -8.095      2.887      5.797
clonazepam,alpha1,2026091904,4,-7.433,1.548,2.073,runs/20260919_0724_10drug_standardized_redocking/raw/archives/clonazepam.tar.gz::clonazepam/alpha1/2026091904/poses.pdbqt,125,4,valid,REMARK VINA RESULT:    -7.433      1.548      2.073
clonazepam,alpha1,2026091904,5,-7.218,2.317,5.154,runs/20260919_0724_10drug_standardized_redocking/raw/archives/clonazepam.tar.gz::clonazepam/alpha1/2026091904/poses.pdbqt,166,5,valid,REMARK VINA RESULT:    -7.218      2.317      5.154
clonazepam,alpha1,2026091904,6,-7.159,4.237,6.905,runs/20260919_0724_10drug_standardized_redocking/raw/archives/clonazepam.tar.gz::clonazepam/alpha1/2026091904/poses.pdbqt,207,6,valid,REMARK VINA RESULT:    -7.159      4.237      6.905
clonazepam,alpha1,2026091904,7,-6.938,4.195,6.434,runs/20260919_0724_10drug_standardized_redocking/raw/archives/clonazepam.tar.gz::clonazepam/alpha1/2026091904/poses.pdbqt,248,7,valid,REMARK VINA RESULT:    -6.938      4.195      6.434
clonazepam,alpha1,2026091904,8,-6.862,4.144,7.479,runs/20260919_0724_10drug_standardized_redocking/raw/archives/clonazepam.tar.gz::clonazepam/alpha1/2026091904/poses.pdbqt,289,8,valid,REMARK VINA RESULT:    -6.862      4.144      7.479
clonazepam,alpha1,2026091904,9,-6.517,3.838,6.531,runs/20260919_0724_10drug_standardized_redocking/raw/archives/clonazepam.tar.gz::clonazepam/alpha1/2026091904/poses.pdbqt,330,9,valid,REMARK VINA RESULT:    -6.517      3.838      6.531
clonazepam,alpha1,2026091905,1,-9.503,0.0,0.0,runs/20260919_0724_10drug_standardized_redocking/raw/archives/clonazepam.tar.gz::clonazepam/alpha1/2026091905/poses.pdbqt,2,1,valid,REMARK VINA RESULT:    -9.503      0.000      0.000
clonazepam,alpha1,2026091905,2,-9.092,1.655,1.99,runs/20260919_0724_10drug_standardized_redocking/raw/archives/clonazepam.tar.gz::clonazepam/alpha1/2026091905/poses.pdbqt,43,2,valid,REMARK VINA RESULT:    -9.092      1.655      1.990
clonazepam,alpha1,2026091905,3,-8.989,3.41,6.022,runs/20260919_0724_10drug_standardized_redocking/raw/archives/clonazepam.tar.gz::clonazepam/alpha1/2026091905/poses.pdbqt,84,3,valid,REMARK VINA RESULT:    -8.989      3.410      6.022
clonazepam,alpha1,2026091905,4,-8.179,3.237,6.408,runs/20260919_0724_10drug_standardized_redocking/raw/archives/clonazepam.tar.gz::clonazepam/alpha1/2026091905/poses.pdbqt,125,4,valid,REMARK VINA RESULT:    -8.179      3.237      6.408
clonazepam,alpha1,2026091905,5,-7.928,2.982,5.869,runs/20260919_0724_10drug_standardized_redocking/raw/archives/clonazepam.tar.gz::clonazepam/alpha1/2026091905/poses.pdbqt,166,5,valid,REMARK VINA RESULT:    -7.928      2.982      5.869
clonazepam,alpha1,2026091905,6,-7.443,1.511,2.019,runs/20260919_0724_10drug_standardized_redocking/raw/archives/clonazepam.tar.gz::clonazepam/alpha1/2026091905/poses.pdbqt,207,6,valid,REMARK VINA RESULT:    -7.443      1.511      2.019
clonazepam,alpha1,2026091905,7,-6.961,4.174,6.411,runs/20260919_0724_10drug_standardized_redocking/raw/archives/clonazepam.tar.gz::clonazepam/alpha1/2026091905/poses.pdbqt,248,7,valid,REMARK VINA RESULT:    -6.961      4.174      6.411
clonazepam,alpha1,2026091905,8,-6.91,3.329,4.714,runs/20260919_0724_10drug_standardized_redocking/raw/archives/clonazepam.tar.gz::clonazepam/alpha1/2026091905/poses.pdbqt,289,8,valid,REMARK VINA RESULT:    -6.910      3.329      4.714
clonazepam,alpha1,2026091905,9,-6.887,3.986,7.327,runs/20260919_0724_10drug_standardized_redocking/raw/archives/clonazepam.tar.gz::clonazepam/alpha1/2026091905/poses.pdbqt,330,9,valid,REMARK VINA RESULT:    -6.887      3.986      7.327
clonazepam,alpha2,2026091901,1,-6.875,0.0,0.0,runs/20260919_0724_10drug_standardized_redocking/raw/archives/clonazepam.tar.gz::clonazepam/alpha2/2026091901/poses.pdbqt,2,1,valid,REMARK VINA RESULT:    -6.875      0.000      0.000
clonazepam,alpha2,2026091901,2,-6.813,2.643,4.714,runs/20260919_0724_10drug_standardized_redocking/raw/archives/clonazepam.tar.gz::clonazepam/alpha2/2026091901/poses.pdbqt,43,2,valid,REMARK VINA RESULT:    -6.813      2.643      4.714
clonazepam,alpha2,2026091901,3,-6.762,3.577,4.707,runs/20260919_0724_10drug_standardized_redocking/raw/archives/clonazepam.tar.gz::clonazepam/alpha2/2026091901/poses.pdbqt,84,3,valid,REMARK VINA RESULT:    -6.762      3.577      4.707
clonazepam,alpha2,2026091901,4,-6.723,3.715,5.73,runs/20260919_0724_10drug_standardized_redocking/raw/archives/clonazepam.tar.gz::clonazepam/alpha2/2026091901/poses.pdbqt,125,4,valid,REMARK VINA RESULT:    -6.723      3.715      5.730
clonazepam,alpha2,2026091901,5,-6.637,2.881,5.0,runs/20260919_0724_10drug_standardized_redocking/raw/archives/clonazepam.tar.gz::clonazepam/alpha2/2026091901/poses.pdbqt,166,5,valid,REMARK VINA RESULT:    -6.637      2.881      5.000
clonazepam,alpha2,2026091901,6,-6.554,3.452,5.493,runs/20260919_0724_10drug_standardized_redocking/raw/archives/clonazepam.tar.gz::clonazepam/alpha2/2026091901/poses.pdbqt,207,6,valid,REMARK VINA RESULT:    -6.554      3.452      5.493
clonazepam,alpha2,2026091901,7,-6.518,3.187,4.952,runs/20260919_0724_10drug_standardized_redocking/raw/archives/clonazepam.tar.gz::clonazepam/alpha2/2026091901/poses.pdbqt,248,7,valid,REMARK VINA RESULT:    -6.518      3.187      4.952
clonazepam,alpha2,2026091901,8,-6.465,2.228,2.544,runs/20260919_0724_10drug_standardized_redocking/raw/archives/clonazepam.tar.gz::clonazepam/alpha2/2026091901/poses.pdbqt,289,8,valid,REMARK VINA RESULT:    -6.465      2.228      2.544
clonazepam,alpha2,2026091901,9,-6.419,2.582,5.514,runs/20260919_0724_10drug_standardized_redocking/raw/archives/clonazepam.tar.gz::clonazepam/alpha2/2026091901/poses.pdbqt,330,9,valid,REMARK VINA RESULT:    -6.419      2.582      5.514
clonazepam,alpha2,2026091902,1,-6.873,0.0,0.0,runs/20260919_0724_10drug_standardized_redocking/raw/archives/clonazepam.tar.gz::clonazepam/alpha2/2026091902/poses.pdbqt,2,1,valid,REMARK VINA RESULT:    -6.873      0.000      0.000
clonazepam,alpha2,2026091902,2,-6.845,4.227,7.995,runs/20260919_0724_10drug_standardized_redocking/raw/archives/clonazepam.tar.gz::clonazepam/alpha2/2026091902/poses.pdbqt,43,2,valid,REMARK VINA RESULT:    -6.845      4.227      7.995
clonazepam,alpha2,2026091902,3,-6.789,2.631,4.685,runs/20260919_0724_10drug_standardized_redocking/raw/archives/clonazepam.tar.gz::clonazepam/alpha2/2026091902/poses.pdbqt,84,3,valid,REMARK VINA RESULT:    -6.789      2.631      4.685
clonazepam,alpha2,2026091902,4,-6.717,3.564,4.683,runs/20260919_0724_10drug_standardized_redocking/raw/archives/clonazepam.tar.gz::clonazepam/alpha2/2026091902/poses.pdbqt,125,4,valid,REMARK VINA RESULT:    -6.717      3.564      4.683
clonazepam,alpha2,2026091902,5,-6.692,3.752,5.731,runs/20260919_0724_10drug_standardized_redocking/raw/archives/clonazepam.tar.gz::clonazepam/alpha2/2026091902/poses.pdbqt,166,5,valid,REMARK VINA RESULT:    -6.692      3.752      5.731
clonazepam,alpha2,2026091902,6,-6.63,2.227,2.62,runs/20260919_0724_10drug_standardized_redocking/raw/archives/clonazepam.tar.gz::clonazepam/alpha2/2026091902/poses.pdbqt,207,6,valid,REMARK VINA RESULT:    -6.630      2.227      2.620
clonazepam,alpha2,2026091902,7,-6.501,3.191,4.935,runs/20260919_0724_10drug_standardized_redocking/raw/archives/clonazepam.tar.gz::clonazepam/alpha2/2026091902/poses.pdbqt,248,7,valid,REMARK VINA RESULT:    -6.501      3.191      4.935
clonazepam,alpha2,2026091902,8,-6.335,3.079,4.382,runs/20260919_0724_10drug_standardized_redocking/raw/archives/clonazepam.tar.gz::clonazepam/alpha2/2026091902/poses.pdbqt,289,8,valid,REMARK VINA RESULT:    -6.335      3.079      4.382
clonazepam,alpha2,2026091902,9,-6.176,2.742,3.514,runs/20260919_0724_10drug_standardized_redocking/raw/archives/clonazepam.tar.gz::clonazepam/alpha2/2026091902/poses.pdbqt,330,9,valid,REMARK VINA RESULT:    -6.176      2.742      3.514
clonazepam,alpha2,2026091903,1,-6.879,0.0,0.0,runs/20260919_0724_10drug_standardized_redocking/raw/archives/clonazepam.tar.gz::clonazepam/alpha2/2026091903/poses.pdbqt,2,1,valid,REMARK VINA RESULT:    -6.879      0.000      0.000
clonazepam,alpha2,2026091903,2,-6.84,4.17,7.954,runs/20260919_0724_10drug_standardized_redocking/raw/archives/clonazepam.tar.gz::clonazepam/alpha2/2026091903/poses.pdbqt,43,2,valid,REMARK VINA RESULT:    -6.840      4.170      7.954
clonazepam,alpha2,2026091903,3,-6.719,3.724,5.715,runs/20260919_0724_10drug_standardized_redocking/raw/archives/clonazepam.tar.gz::clonazepam/alpha2/2026091903/poses.pdbqt,84,3,valid,REMARK VINA RESULT:    -6.719      3.724      5.715
clonazepam,alpha2,2026091903,4,-6.61,2.88,4.684,runs/20260919_0724_10drug_standardized_redocking/raw/archives/clonazepam.tar.gz::clonazepam/alpha2/2026091903/poses.pdbqt,125,4,valid,REMARK VINA RESULT:    -6.610      2.880      4.684
clonazepam,alpha2,2026091903,5,-6.586,3.497,4.66,runs/20260919_0724_10drug_standardized_redocking/raw/archives/clonazepam.tar.gz::clonazepam/alpha2/2026091903/poses.pdbqt,166,5,valid,REMARK VINA RESULT:    -6.586      3.497      4.660
clonazepam,alpha2,2026091903,6,-6.498,2.141,2.451,runs/20260919_0724_10drug_standardized_redocking/raw/archives/clonazepam.tar.gz::clonazepam/alpha2/2026091903/poses.pdbqt,207,6,valid,REMARK VINA RESULT:    -6.498      2.141      2.451
clonazepam,alpha2,2026091903,7,-6.497,3.179,4.941,runs/20260919_0724_10drug_standardized_redocking/raw/archives/clonazepam.tar.gz::clonazepam/alpha2/2026091903/poses.pdbqt,248,7,valid,REMARK VINA RESULT:    -6.497      3.179      4.941
clonazepam,alpha2,2026091903,8,-6.402,2.892,4.957,runs/20260919_0724_10drug_standardized_redocking/raw/archives/clonazepam.tar.gz::clonazepam/alpha2/2026091903/poses.pdbqt,289,8,valid,REMARK VINA RESULT:    -6.402      2.892      4.957
clonazepam,alpha2,2026091903,9,-6.222,2.951,4.023,runs/20260919_0724_10drug_standardized_redocking/raw/archives/clonazepam.tar.gz::clonazepam/alpha2/2026091903/poses.pdbqt,330,9,valid,REMARK VINA RESULT:    -6.222      2.951      4.023
clonazepam,alpha2,2026091904,1,-6.87,0.0,0.0,runs/20260919_0724_10drug_standardized_redocking/raw/archives/clonazepam.tar.gz::clonazepam/alpha2/2026091904/poses.pdbqt,2,1,valid,REMARK VINA RESULT:    -6.870      0.000      0.000
clonazepam,alpha2,2026091904,2,-6.819,4.158,7.929,runs/20260919_0724_10drug_standardized_redocking/raw/archives/clonazepam.tar.gz::clonazepam/alpha2/2026091904/poses.pdbqt,43,2,valid,REMARK VINA RESULT:    -6.819      4.158      7.929
clonazepam,alpha2,2026091904,3,-6.719,3.767,5.741,runs/20260919_0724_10drug_standardized_redocking/raw/archives/clonazepam.tar.gz::clonazepam/alpha2/2026091904/poses.pdbqt,84,3,valid,REMARK VINA RESULT:    -6.719      3.767      5.741
clonazepam,alpha2,2026091904,4,-6.525,3.004,4.844,runs/20260919_0724_10drug_standardized_redocking/raw/archives/clonazepam.tar.gz::clonazepam/alpha2/2026091904/poses.pdbqt,125,4,valid,REMARK VINA RESULT:    -6.525      3.004      4.844
clonazepam,alpha2,2026091904,5,-6.516,3.203,4.985,runs/20260919_0724_10drug_standardized_redocking/raw/archives/clonazepam.tar.gz::clonazepam/alpha2/2026091904/poses.pdbqt,166,5,valid,REMARK VINA RESULT:    -6.516      3.203      4.985
clonazepam,alpha2,2026091904,6,-6.477,2.958,5.715,runs/20260919_0724_10drug_standardized_redocking/raw/archives/clonazepam.tar.gz::clonazepam/alpha2/2026091904/poses.pdbqt,207,6,valid,REMARK VINA RESULT:    -6.477      2.958      5.715
clonazepam,alpha2,2026091904,7,-6.362,2.912,4.97,runs/20260919_0724_10drug_standardized_redocking/raw/archives/clonazepam.tar.gz::clonazepam/alpha2/2026091904/poses.pdbqt,248,7,valid,REMARK VINA RESULT:    -6.362      2.912      4.970
clonazepam,alpha2,2026091904,8,-6.151,2.638,4.538,runs/20260919_0724_10drug_standardized_redocking/raw/archives/clonazepam.tar.gz::clonazepam/alpha2/2026091904/poses.pdbqt,289,8,valid,REMARK VINA RESULT:    -6.151      2.638      4.538
clonazepam,alpha2,2026091904,9,-6.141,3.228,5.002,runs/20260919_0724_10drug_standardized_redocking/raw/archives/clonazepam.tar.gz::clonazepam/alpha2/2026091904/poses.pdbqt,330,9,valid,REMARK VINA RESULT:    -6.141      3.228      5.002
clonazepam,alpha2,2026091905,1,-6.871,0.0,0.0,runs/20260919_0724_10drug_standardized_redocking/raw/archives/clonazepam.tar.gz::clonazepam/alpha2/2026091905/poses.pdbqt,2,1,valid,REMARK VINA RESULT:    -6.871      0.000      0.000
clonazepam,alpha2,2026091905,2,-6.764,2.635,4.679,runs/20260919_0724_10drug_standardized_redocking/raw/archives/clonazepam.tar.gz::clonazepam/alpha2/2026091905/poses.pdbqt,43,2,valid,REMARK VINA RESULT:    -6.764      2.635      4.679
clonazepam,alpha2,2026091905,3,-6.75,3.751,5.768,runs/20260919_0724_10drug_standardized_redocking/raw/archives/clonazepam.tar.gz::clonazepam/alpha2/2026091905/poses.pdbqt,84,3,valid,REMARK VINA RESULT:    -6.750      3.751      5.768
clonazepam,alpha2,2026091905,4,-6.647,2.891,5.001,runs/20260919_0724_10drug_standardized_redocking/raw/archives/clonazepam.tar.gz::clonazepam/alpha2/2026091905/poses.pdbqt,125,4,valid,REMARK VINA RESULT:    -6.647      2.891      5.001
clonazepam,alpha2,2026091905,5,-6.633,2.233,2.638,runs/20260919_0724_10drug_standardized_redocking/raw/archives/clonazepam.tar.gz::clonazepam/alpha2/2026091905/poses.pdbqt,166,5,valid,REMARK VINA RESULT:    -6.633      2.233      2.638
clonazepam,alpha2,2026091905,6,-6.625,3.429,4.61,runs/20260919_0724_10drug_standardized_redocking/raw/archives/clonazepam.tar.gz::clonazepam/alpha2/2026091905/poses.pdbqt,207,6,valid,REMARK VINA RESULT:    -6.625      3.429      4.610
clonazepam,alpha2,2026091905,7,-6.379,2.667,3.084,runs/20260919_0724_10drug_standardized_redocking/raw/archives/clonazepam.tar.gz::clonazepam/alpha2/2026091905/poses.pdbqt,248,7,valid,REMARK VINA RESULT:    -6.379      2.667      3.084
clonazepam,alpha2,2026091905,8,-6.355,2.255,2.67,runs/20260919_0724_10drug_standardized_redocking/raw/archives/clonazepam.tar.gz::clonazepam/alpha2/2026091905/poses.pdbqt,289,8,valid,REMARK VINA RESULT:    -6.355      2.255      2.670
clonazepam,alpha2,2026091905,9,-6.242,3.066,4.606,runs/20260919_0724_10drug_standardized_redocking/raw/archives/clonazepam.tar.gz::clonazepam/alpha2/2026091905/poses.pdbqt,330,9,valid,REMARK VINA RESULT:    -6.242      3.066      4.606
midazolam,alpha1,2026091901,1,-10.754,0.0,0.0,runs/20260919_0724_10drug_standardized_redocking/raw/archives/midazolam.tar.gz::midazolam/alpha1/2026091901/poses.pdbqt,2,1,valid,REMARK VINA RESULT:   -10.754      0.000      0.000
midazolam,alpha1,2026091901,2,-10.098,2.944,6.221,runs/20260919_0724_10drug_standardized_redocking/raw/archives/midazolam.tar.gz::midazolam/alpha1/2026091901/poses.pdbqt,41,2,valid,REMARK VINA RESULT:   -10.098      2.944      6.221
midazolam,alpha1,2026091901,3,-9.71,2.377,3.682,runs/20260919_0724_10drug_standardized_redocking/raw/archives/midazolam.tar.gz::midazolam/alpha1/2026091901/poses.pdbqt,80,3,valid,REMARK VINA RESULT:    -9.710      2.377      3.682
midazolam,alpha1,2026091901,4,-8.556,2.32,4.708,runs/20260919_0724_10drug_standardized_redocking/raw/archives/midazolam.tar.gz::midazolam/alpha1/2026091901/poses.pdbqt,119,4,valid,REMARK VINA RESULT:    -8.556      2.320      4.708
midazolam,alpha1,2026091901,5,-8.298,2.998,5.915,runs/20260919_0724_10drug_standardized_redocking/raw/archives/midazolam.tar.gz::midazolam/alpha1/2026091901/poses.pdbqt,158,5,valid,REMARK VINA RESULT:    -8.298      2.998      5.915
midazolam,alpha1,2026091901,6,-6.965,4.676,7.912,runs/20260919_0724_10drug_standardized_redocking/raw/archives/midazolam.tar.gz::midazolam/alpha1/2026091901/poses.pdbqt,197,6,valid,REMARK VINA RESULT:    -6.965      4.676      7.912
midazolam,alpha1,2026091901,7,-6.883,4.956,7.196,runs/20260919_0724_10drug_standardized_redocking/raw/archives/midazolam.tar.gz::midazolam/alpha1/2026091901/poses.pdbqt,236,7,valid,REMARK VINA RESULT:    -6.883      4.956      7.196
midazolam,alpha1,2026091902,1,-10.754,0.0,0.0,runs/20260919_0724_10drug_standardized_redocking/raw/archives/midazolam.tar.gz::midazolam/alpha1/2026091902/poses.pdbqt,2,1,valid,REMARK VINA RESULT:   -10.754      0.000      0.000
midazolam,alpha1,2026091902,2,-10.116,2.946,6.226,runs/20260919_0724_10drug_standardized_redocking/raw/archives/midazolam.tar.gz::midazolam/alpha1/2026091902/poses.pdbqt,41,2,valid,REMARK VINA RESULT:   -10.116      2.946      6.226
midazolam,alpha1,2026091902,3,-9.707,2.367,3.662,runs/20260919_0724_10drug_standardized_redocking/raw/archives/midazolam.tar.gz::midazolam/alpha1/2026091902/poses.pdbqt,80,3,valid,REMARK VINA RESULT:    -9.707      2.367      3.662
midazolam,alpha1,2026091902,4,-9.434,2.451,3.642,runs/20260919_0724_10drug_standardized_redocking/raw/archives/midazolam.tar.gz::midazolam/alpha1/2026091902/poses.pdbqt,119,4,valid,REMARK VINA RESULT:    -9.434      2.451      3.642
midazolam,alpha1,2026091902,5,-8.881,2.973,5.297,runs/20260919_0724_10drug_standardized_redocking/raw/archives/midazolam.tar.gz::midazolam/alpha1/2026091902/poses.pdbqt,158,5,valid,REMARK VINA RESULT:    -8.881      2.973      5.297
midazolam,alpha1,2026091902,6,-8.564,2.315,4.71,runs/20260919_0724_10drug_standardized_redocking/raw/archives/midazolam.tar.gz::midazolam/alpha1/2026091902/poses.pdbqt,197,6,valid,REMARK VINA RESULT:    -8.564      2.315      4.710
midazolam,alpha1,2026091902,7,-7.262,4.17,6.575,runs/20260919_0724_10drug_standardized_redocking/raw/archives/midazolam.tar.gz::midazolam/alpha1/2026091902/poses.pdbqt,236,7,valid,REMARK VINA RESULT:    -7.262      4.170      6.575
midazolam,alpha1,2026091902,8,-6.941,4.432,6.243,runs/20260919_0724_10drug_standardized_redocking/raw/archives/midazolam.tar.gz::midazolam/alpha1/2026091902/poses.pdbqt,275,8,valid,REMARK VINA RESULT:    -6.941      4.432      6.243
midazolam,alpha1,2026091902,9,-6.875,4.976,7.24,runs/20260919_0724_10drug_standardized_redocking/raw/archives/midazolam.tar.gz::midazolam/alpha1/2026091902/poses.pdbqt,314,9,valid,REMARK VINA RESULT:    -6.875      4.976      7.240
midazolam,alpha1,2026091903,1,-10.745,0.0,0.0,runs/20260919_0724_10drug_standardized_redocking/raw/archives/midazolam.tar.gz::midazolam/alpha1/2026091903/poses.pdbqt,2,1,valid,REMARK VINA RESULT:   -10.745      0.000      0.000
midazolam,alpha1,2026091903,2,-10.104,2.947,6.228,runs/20260919_0724_10drug_standardized_redocking/raw/archives/midazolam.tar.gz::midazolam/alpha1/2026091903/poses.pdbqt,41,2,valid,REMARK VINA RESULT:   -10.104      2.947      6.228
midazolam,alpha1,2026091903,3,-9.684,2.373,3.663,runs/20260919_0724_10drug_standardized_redocking/raw/archives/midazolam.tar.gz::midazolam/alpha1/2026091903/poses.pdbqt,80,3,valid,REMARK VINA RESULT:    -9.684      2.373      3.663
midazolam,alpha1,2026091903,4,-8.889,2.963,5.302,runs/20260919_0724_10drug_standardized_redocking/raw/archives/midazolam.tar.gz::midazolam/alpha1/2026091903/poses.pdbqt,119,4,valid,REMARK VINA RESULT:    -8.889      2.963      5.302
midazolam,alpha1,2026091903,5,-8.718,1.171,1.556,runs/20260919_0724_10drug_standardized_redocking/raw/archives/midazolam.tar.gz::midazolam/alpha1/2026091903/poses.pdbqt,158,5,valid,REMARK VINA RESULT:    -8.718      1.171      1.556
midazolam,alpha1,2026091903,6,-8.399,2.673,4.397,runs/20260919_0724_10drug_standardized_redocking/raw/archives/midazolam.tar.gz::midazolam/alpha1/2026091903/poses.pdbqt,197,6,valid,REMARK VINA RESULT:    -8.399      2.673      4.397
midazolam,alpha1,2026091903,7,-7.375,2.958,5.924,runs/20260919_0724_10drug_standardized_redocking/raw/archives/midazolam.tar.gz::midazolam/alpha1/2026091903/poses.pdbqt,236,7,valid,REMARK VINA RESULT:    -7.375      2.958      5.924
midazolam,alpha1,2026091903,8,-6.866,4.975,7.234,runs/20260919_0724_10drug_standardized_redocking/raw/archives/midazolam.tar.gz::midazolam/alpha1/2026091903/poses.pdbqt,275,8,valid,REMARK VINA RESULT:    -6.866      4.975      7.234
midazolam,alpha1,2026091903,9,-6.776,4.407,7.527,runs/20260919_0724_10drug_standardized_redocking/raw/archives/midazolam.tar.gz::midazolam/alpha1/2026091903/poses.pdbqt,314,9,valid,REMARK VINA RESULT:    -6.776      4.407      7.527
midazolam,alpha1,2026091904,1,-10.753,0.0,0.0,runs/20260919_0724_10drug_standardized_redocking/raw/archives/midazolam.tar.gz::midazolam/alpha1/2026091904/poses.pdbqt,2,1,valid,REMARK VINA RESULT:   -10.753      0.000      0.000
midazolam,alpha1,2026091904,2,-10.094,2.957,6.229,runs/20260919_0724_10drug_standardized_redocking/raw/archives/midazolam.tar.gz::midazolam/alpha1/2026091904/poses.pdbqt,41,2,valid,REMARK VINA RESULT:   -10.094      2.957      6.229
midazolam,alpha1,2026091904,3,-9.713,2.371,3.662,runs/20260919_0724_10drug_standardized_redocking/raw/archives/midazolam.tar.gz::midazolam/alpha1/2026091904/poses.pdbqt,80,3,valid,REMARK VINA RESULT:    -9.713      2.371      3.662
midazolam,alpha1,2026091904,4,-9.448,2.294,3.348,runs/20260919_0724_10drug_standardized_redocking/raw/archives/midazolam.tar.gz::midazolam/alpha1/2026091904/poses.pdbqt,119,4,valid,REMARK VINA RESULT:    -9.448      2.294      3.348
midazolam,alpha1,2026091904,5,-8.874,2.971,5.299,runs/20260919_0724_10drug_standardized_redocking/raw/archives/midazolam.tar.gz::midazolam/alpha1/2026091904/poses.pdbqt,158,5,valid,REMARK VINA RESULT:    -8.874      2.971      5.299
midazolam,alpha1,2026091904,6,-8.56,2.316,4.716,runs/20260919_0724_10drug_standardized_redocking/raw/archives/midazolam.tar.gz::midazolam/alpha1/2026091904/poses.pdbqt,197,6,valid,REMARK VINA RESULT:    -8.560      2.316      4.716
midazolam,alpha1,2026091904,7,-7.364,3.393,6.551,runs/20260919_0724_10drug_standardized_redocking/raw/archives/midazolam.tar.gz::midazolam/alpha1/2026091904/poses.pdbqt,236,7,valid,REMARK VINA RESULT:    -7.364      3.393      6.551
midazolam,alpha1,2026091904,8,-6.907,4.407,7.284,runs/20260919_0724_10drug_standardized_redocking/raw/archives/midazolam.tar.gz::midazolam/alpha1/2026091904/poses.pdbqt,275,8,valid,REMARK VINA RESULT:    -6.907      4.407      7.284
midazolam,alpha1,2026091904,9,-6.899,4.399,6.187,runs/20260919_0724_10drug_standardized_redocking/raw/archives/midazolam.tar.gz::midazolam/alpha1/2026091904/poses.pdbqt,314,9,valid,REMARK VINA RESULT:    -6.899      4.399      6.187
midazolam,alpha1,2026091905,1,-10.731,0.0,0.0,runs/20260919_0724_10drug_standardized_redocking/raw/archives/midazolam.tar.gz::midazolam/alpha1/2026091905/poses.pdbqt,2,1,valid,REMARK VINA RESULT:   -10.731      0.000      0.000
midazolam,alpha1,2026091905,2,-10.075,2.957,6.232,runs/20260919_0724_10drug_standardized_redocking/raw/archives/midazolam.tar.gz::midazolam/alpha1/2026091905/poses.pdbqt,41,2,valid,REMARK VINA RESULT:   -10.075      2.957      6.232
midazolam,alpha1,2026091905,3,-9.675,2.371,3.659,runs/20260919_0724_10drug_standardized_redocking/raw/archives/midazolam.tar.gz::midazolam/alpha1/2026091905/poses.pdbqt,80,3,valid,REMARK VINA RESULT:    -9.675      2.371      3.659
midazolam,alpha1,2026091905,4,-9.386,2.295,3.336,runs/20260919_0724_10drug_standardized_redocking/raw/archives/midazolam.tar.gz::midazolam/alpha1/2026091905/poses.pdbqt,119,4,valid,REMARK VINA RESULT:    -9.386      2.295      3.336
midazolam,alpha1,2026091905,5,-8.3,2.675,4.395,runs/20260919_0724_10drug_standardized_redocking/raw/archives/midazolam.tar.gz::midazolam/alpha1/2026091905/poses.pdbqt,158,5,valid,REMARK VINA RESULT:    -8.300      2.675      4.395
midazolam,alpha1,2026091905,6,-7.656,4.081,6.404,runs/20260919_0724_10drug_standardized_redocking/raw/archives/midazolam.tar.gz::midazolam/alpha1/2026091905/poses.pdbqt,197,6,valid,REMARK VINA RESULT:    -7.656      4.081      6.404
midazolam,alpha1,2026091905,7,-7.157,3.62,5.684,runs/20260919_0724_10drug_standardized_redocking/raw/archives/midazolam.tar.gz::midazolam/alpha1/2026091905/poses.pdbqt,236,7,valid,REMARK VINA RESULT:    -7.157      3.620      5.684
midazolam,alpha1,2026091905,8,-6.863,4.484,6.346,runs/20260919_0724_10drug_standardized_redocking/raw/archives/midazolam.tar.gz::midazolam/alpha1/2026091905/poses.pdbqt,275,8,valid,REMARK VINA RESULT:    -6.863      4.484      6.346
midazolam,alpha1,2026091905,9,-6.831,4.994,7.266,runs/20260919_0724_10drug_standardized_redocking/raw/archives/midazolam.tar.gz::midazolam/alpha1/2026091905/poses.pdbqt,314,9,valid,REMARK VINA RESULT:    -6.831      4.994      7.266
midazolam,alpha2,2026091901,1,-7.516,0.0,0.0,runs/20260919_0724_10drug_standardized_redocking/raw/archives/midazolam.tar.gz::midazolam/alpha2/2026091901/poses.pdbqt,2,1,valid,REMARK VINA RESULT:    -7.516      0.000      0.000
midazolam,alpha2,2026091901,2,-7.422,2.665,4.286,runs/20260919_0724_10drug_standardized_redocking/raw/archives/midazolam.tar.gz::midazolam/alpha2/2026091901/poses.pdbqt,41,2,valid,REMARK VINA RESULT:    -7.422      2.665      4.286
midazolam,alpha2,2026091901,3,-7.232,3.344,5.019,runs/20260919_0724_10drug_standardized_redocking/raw/archives/midazolam.tar.gz::midazolam/alpha2/2026091901/poses.pdbqt,80,3,valid,REMARK VINA RESULT:    -7.232      3.344      5.019
midazolam,alpha2,2026091901,4,-6.911,3.439,6.327,runs/20260919_0724_10drug_standardized_redocking/raw/archives/midazolam.tar.gz::midazolam/alpha2/2026091901/poses.pdbqt,119,4,valid,REMARK VINA RESULT:    -6.911      3.439      6.327
midazolam,alpha2,2026091901,5,-6.836,3.776,5.527,runs/20260919_0724_10drug_standardized_redocking/raw/archives/midazolam.tar.gz::midazolam/alpha2/2026091901/poses.pdbqt,158,5,valid,REMARK VINA RESULT:    -6.836      3.776      5.527
midazolam,alpha2,2026091901,6,-6.818,2.896,5.868,runs/20260919_0724_10drug_standardized_redocking/raw/archives/midazolam.tar.gz::midazolam/alpha2/2026091901/poses.pdbqt,197,6,valid,REMARK VINA RESULT:    -6.818      2.896      5.868
midazolam,alpha2,2026091901,7,-6.706,4.679,7.446,runs/20260919_0724_10drug_standardized_redocking/raw/archives/midazolam.tar.gz::midazolam/alpha2/2026091901/poses.pdbqt,236,7,valid,REMARK VINA RESULT:    -6.706      4.679      7.446
midazolam,alpha2,2026091901,8,-6.628,3.153,5.494,runs/20260919_0724_10drug_standardized_redocking/raw/archives/midazolam.tar.gz::midazolam/alpha2/2026091901/poses.pdbqt,275,8,valid,REMARK VINA RESULT:    -6.628      3.153      5.494
midazolam,alpha2,2026091901,9,-6.53,3.841,6.342,runs/20260919_0724_10drug_standardized_redocking/raw/archives/midazolam.tar.gz::midazolam/alpha2/2026091901/poses.pdbqt,314,9,valid,REMARK VINA RESULT:    -6.530      3.841      6.342
midazolam,alpha2,2026091902,1,-7.546,0.0,0.0,runs/20260919_0724_10drug_standardized_redocking/raw/archives/midazolam.tar.gz::midazolam/alpha2/2026091902/poses.pdbqt,2,1,valid,REMARK VINA RESULT:    -7.546      0.000      0.000
midazolam,alpha2,2026091902,2,-7.405,2.691,4.321,runs/20260919_0724_10drug_standardized_redocking/raw/archives/midazolam.tar.gz::midazolam/alpha2/2026091902/poses.pdbqt,41,2,valid,REMARK VINA RESULT:    -7.405      2.691      4.321
midazolam,alpha2,2026091902,3,-7.254,3.348,5.033,runs/20260919_0724_10drug_standardized_redocking/raw/archives/midazolam.tar.gz::midazolam/alpha2/2026091902/poses.pdbqt,80,3,valid,REMARK VINA RESULT:    -7.254      3.348      5.033
midazolam,alpha2,2026091902,4,-7.055,3.009,6.482,runs/20260919_0724_10drug_standardized_redocking/raw/archives/midazolam.tar.gz::midazolam/alpha2/2026091902/poses.pdbqt,119,4,valid,REMARK VINA RESULT:    -7.055      3.009      6.482
midazolam,alpha2,2026091902,5,-6.918,3.407,6.261,runs/20260919_0724_10drug_standardized_redocking/raw/archives/midazolam.tar.gz::midazolam/alpha2/2026091902/poses.pdbqt,158,5,valid,REMARK VINA RESULT:    -6.918      3.407      6.261
midazolam,alpha2,2026091902,6,-6.902,3.179,4.757,runs/20260919_0724_10drug_standardized_redocking/raw/archives/midazolam.tar.gz::midazolam/alpha2/2026091902/poses.pdbqt,197,6,valid,REMARK VINA RESULT:    -6.902      3.179      4.757
midazolam,alpha2,2026091902,7,-6.888,3.751,5.519,runs/20260919_0724_10drug_standardized_redocking/raw/archives/midazolam.tar.gz::midazolam/alpha2/2026091902/poses.pdbqt,236,7,valid,REMARK VINA RESULT:    -6.888      3.751      5.519
midazolam,alpha2,2026091902,8,-6.571,3.83,6.303,runs/20260919_0724_10drug_standardized_redocking/raw/archives/midazolam.tar.gz::midazolam/alpha2/2026091902/poses.pdbqt,275,8,valid,REMARK VINA RESULT:    -6.571      3.830      6.303
midazolam,alpha2,2026091902,9,-6.557,5.076,6.803,runs/20260919_0724_10drug_standardized_redocking/raw/archives/midazolam.tar.gz::midazolam/alpha2/2026091902/poses.pdbqt,314,9,valid,REMARK VINA RESULT:    -6.557      5.076      6.803
midazolam,alpha2,2026091903,1,-7.614,0.0,0.0,runs/20260919_0724_10drug_standardized_redocking/raw/archives/midazolam.tar.gz::midazolam/alpha2/2026091903/poses.pdbqt,2,1,valid,REMARK VINA RESULT:    -7.614      0.000      0.000
midazolam,alpha2,2026091903,2,-7.268,3.385,5.059,runs/20260919_0724_10drug_standardized_redocking/raw/archives/midazolam.tar.gz::midazolam/alpha2/2026091903/poses.pdbqt,41,2,valid,REMARK VINA RESULT:    -7.268      3.385      5.059
midazolam,alpha2,2026091903,3,-6.94,3.453,6.312,runs/20260919_0724_10drug_standardized_redocking/raw/archives/midazolam.tar.gz::midazolam/alpha2/2026091903/poses.pdbqt,80,3,valid,REMARK VINA RESULT:    -6.940      3.453      6.312
midazolam,alpha2,2026091903,4,-6.928,4.312,7.03,runs/20260919_0724_10drug_standardized_redocking/raw/archives/midazolam.tar.gz::midazolam/alpha2/2026091903/poses.pdbqt,119,4,valid,REMARK VINA RESULT:    -6.928      4.312      7.030
midazolam,alpha2,2026091903,5,-6.793,2.965,5.825,runs/20260919_0724_10drug_standardized_redocking/raw/archives/midazolam.tar.gz::midazolam/alpha2/2026091903/poses.pdbqt,158,5,valid,REMARK VINA RESULT:    -6.793      2.965      5.825
midazolam,alpha2,2026091903,6,-6.738,4.559,6.301,runs/20260919_0724_10drug_standardized_redocking/raw/archives/midazolam.tar.gz::midazolam/alpha2/2026091903/poses.pdbqt,197,6,valid,REMARK VINA RESULT:    -6.738      4.559      6.301
midazolam,alpha2,2026091903,7,-6.725,3.235,4.897,runs/20260919_0724_10drug_standardized_redocking/raw/archives/midazolam.tar.gz::midazolam/alpha2/2026091903/poses.pdbqt,236,7,valid,REMARK VINA RESULT:    -6.725      3.235      4.897
midazolam,alpha2,2026091903,8,-6.673,3.204,5.549,runs/20260919_0724_10drug_standardized_redocking/raw/archives/midazolam.tar.gz::midazolam/alpha2/2026091903/poses.pdbqt,275,8,valid,REMARK VINA RESULT:    -6.673      3.204      5.549
midazolam,alpha2,2026091903,9,-6.581,3.847,6.327,runs/20260919_0724_10drug_standardized_redocking/raw/archives/midazolam.tar.gz::midazolam/alpha2/2026091903/poses.pdbqt,314,9,valid,REMARK VINA RESULT:    -6.581      3.847      6.327
midazolam,alpha2,2026091904,1,-7.661,0.0,0.0,runs/20260919_0724_10drug_standardized_redocking/raw/archives/midazolam.tar.gz::midazolam/alpha2/2026091904/poses.pdbqt,2,1,valid,REMARK VINA RESULT:    -7.661      0.000      0.000
midazolam,alpha2,2026091904,2,-7.472,2.66,4.277,runs/20260919_0724_10drug_standardized_redocking/raw/archives/midazolam.tar.gz::midazolam/alpha2/2026091904/poses.pdbqt,41,2,valid,REMARK VINA RESULT:    -7.472      2.660      4.277
midazolam,alpha2,2026091904,3,-7.293,3.388,5.062,runs/20260919_0724_10drug_standardized_redocking/raw/archives/midazolam.tar.gz::midazolam/alpha2/2026091904/poses.pdbqt,80,3,valid,REMARK VINA RESULT:    -7.293      3.388      5.062
midazolam,alpha2,2026091904,4,-7.091,2.979,6.47,runs/20260919_0724_10drug_standardized_redocking/raw/archives/midazolam.tar.gz::midazolam/alpha2/2026091904/poses.pdbqt,119,4,valid,REMARK VINA RESULT:    -7.091      2.979      6.470
midazolam,alpha2,2026091904,5,-6.987,3.446,6.321,runs/20260919_0724_10drug_standardized_redocking/raw/archives/midazolam.tar.gz::midazolam/alpha2/2026091904/poses.pdbqt,158,5,valid,REMARK VINA RESULT:    -6.987      3.446      6.321
midazolam,alpha2,2026091904,6,-6.914,3.167,4.738,runs/20260919_0724_10drug_standardized_redocking/raw/archives/midazolam.tar.gz::midazolam/alpha2/2026091904/poses.pdbqt,197,6,valid,REMARK VINA RESULT:    -6.914      3.167      4.738
midazolam,alpha2,2026091904,7,-6.73,4.55,6.282,runs/20260919_0724_10drug_standardized_redocking/raw/archives/midazolam.tar.gz::midazolam/alpha2/2026091904/poses.pdbqt,236,7,valid,REMARK VINA RESULT:    -6.730      4.550      6.282
midazolam,alpha2,2026091904,8,-6.728,4.163,7.012,runs/20260919_0724_10drug_standardized_redocking/raw/archives/midazolam.tar.gz::midazolam/alpha2/2026091904/poses.pdbqt,275,8,valid,REMARK VINA RESULT:    -6.728      4.163      7.012
midazolam,alpha2,2026091904,9,-6.618,3.855,6.335,runs/20260919_0724_10drug_standardized_redocking/raw/archives/midazolam.tar.gz::midazolam/alpha2/2026091904/poses.pdbqt,314,9,valid,REMARK VINA RESULT:    -6.618      3.855      6.335
midazolam,alpha2,2026091905,1,-7.489,0.0,0.0,runs/20260919_0724_10drug_standardized_redocking/raw/archives/midazolam.tar.gz::midazolam/alpha2/2026091905/poses.pdbqt,2,1,valid,REMARK VINA RESULT:    -7.489      0.000      0.000
midazolam,alpha2,2026091905,2,-7.446,2.695,4.267,runs/20260919_0724_10drug_standardized_redocking/raw/archives/midazolam.tar.gz::midazolam/alpha2/2026091905/poses.pdbqt,41,2,valid,REMARK VINA RESULT:    -7.446      2.695      4.267
midazolam,alpha2,2026091905,3,-7.211,3.355,5.036,runs/20260919_0724_10drug_standardized_redocking/raw/archives/midazolam.tar.gz::midazolam/alpha2/2026091905/poses.pdbqt,80,3,valid,REMARK VINA RESULT:    -7.211      3.355      5.036
midazolam,alpha2,2026091905,4,-6.926,3.196,4.75,runs/20260919_0724_10drug_standardized_redocking/raw/archives/midazolam.tar.gz::midazolam/alpha2/2026091905/poses.pdbqt,119,4,valid,REMARK VINA RESULT:    -6.926      3.196      4.750
midazolam,alpha2,2026091905,5,-6.862,3.388,6.25,runs/20260919_0724_10drug_standardized_redocking/raw/archives/midazolam.tar.gz::midazolam/alpha2/2026091905/poses.pdbqt,158,5,valid,REMARK VINA RESULT:    -6.862      3.388      6.250
midazolam,alpha2,2026091905,6,-6.793,3.815,5.58,runs/20260919_0724_10drug_standardized_redocking/raw/archives/midazolam.tar.gz::midazolam/alpha2/2026091905/poses.pdbqt,197,6,valid,REMARK VINA RESULT:    -6.793      3.815      5.580
midazolam,alpha2,2026091905,7,-6.767,4.44,7.28,runs/20260919_0724_10drug_standardized_redocking/raw/archives/midazolam.tar.gz::midazolam/alpha2/2026091905/poses.pdbqt,236,7,valid,REMARK VINA RESULT:    -6.767      4.440      7.280
midazolam,alpha2,2026091905,8,-6.706,4.713,7.245,runs/20260919_0724_10drug_standardized_redocking/raw/archives/midazolam.tar.gz::midazolam/alpha2/2026091905/poses.pdbqt,275,8,valid,REMARK VINA RESULT:    -6.706      4.713      7.245
midazolam,alpha2,2026091905,9,-6.622,3.148,5.484,runs/20260919_0724_10drug_standardized_redocking/raw/archives/midazolam.tar.gz::midazolam/alpha2/2026091905/poses.pdbqt,314,9,valid,REMARK VINA RESULT:    -6.622      3.148      5.484
temazepam,alpha1,2026091901,1,-9.8,0.0,0.0,runs/20260919_0724_10drug_standardized_redocking/raw/archives/temazepam.tar.gz::temazepam/alpha1/2026091901/poses.pdbqt,2,1,valid,REMARK VINA RESULT:    -9.800      0.000      0.000
temazepam,alpha1,2026091901,2,-8.43,3.25,6.11,runs/20260919_0724_10drug_standardized_redocking/raw/archives/temazepam.tar.gz::temazepam/alpha1/2026091901/poses.pdbqt,42,2,valid,REMARK VINA RESULT:    -8.430      3.250      6.110
temazepam,alpha1,2026091901,3,-8.119,2.643,3.603,runs/20260919_0724_10drug_standardized_redocking/raw/archives/temazepam.tar.gz::temazepam/alpha1/2026091901/poses.pdbqt,82,3,valid,REMARK VINA RESULT:    -8.119      2.643      3.603
temazepam,alpha1,2026091901,4,-7.832,3.175,5.747,runs/20260919_0724_10drug_standardized_redocking/raw/archives/temazepam.tar.gz::temazepam/alpha1/2026091901/poses.pdbqt,122,4,valid,REMARK VINA RESULT:    -7.832      3.175      5.747
temazepam,alpha1,2026091901,5,-7.365,3.383,5.888,runs/20260919_0724_10drug_standardized_redocking/raw/archives/temazepam.tar.gz::temazepam/alpha1/2026091901/poses.pdbqt,162,5,valid,REMARK VINA RESULT:    -7.365      3.383      5.888
temazepam,alpha1,2026091901,6,-7.285,3.33,4.874,runs/20260919_0724_10drug_standardized_redocking/raw/archives/temazepam.tar.gz::temazepam/alpha1/2026091901/poses.pdbqt,202,6,valid,REMARK VINA RESULT:    -7.285      3.330      4.874
temazepam,alpha1,2026091901,7,-7.149,4.328,5.76,runs/20260919_0724_10drug_standardized_redocking/raw/archives/temazepam.tar.gz::temazepam/alpha1/2026091901/poses.pdbqt,242,7,valid,REMARK VINA RESULT:    -7.149      4.328      5.760
temazepam,alpha1,2026091901,8,-6.996,4.763,6.91,runs/20260919_0724_10drug_standardized_redocking/raw/archives/temazepam.tar.gz::temazepam/alpha1/2026091901/poses.pdbqt,282,8,valid,REMARK VINA RESULT:    -6.996      4.763      6.910
temazepam,alpha1,2026091901,9,-6.914,4.053,5.658,runs/20260919_0724_10drug_standardized_redocking/raw/archives/temazepam.tar.gz::temazepam/alpha1/2026091901/poses.pdbqt,322,9,valid,REMARK VINA RESULT:    -6.914      4.053      5.658
temazepam,alpha1,2026091902,1,-9.787,0.0,0.0,runs/20260919_0724_10drug_standardized_redocking/raw/archives/temazepam.tar.gz::temazepam/alpha1/2026091902/poses.pdbqt,2,1,valid,REMARK VINA RESULT:    -9.787      0.000      0.000
temazepam,alpha1,2026091902,2,-8.416,3.263,6.13,runs/20260919_0724_10drug_standardized_redocking/raw/archives/temazepam.tar.gz::temazepam/alpha1/2026091902/poses.pdbqt,42,2,valid,REMARK VINA RESULT:    -8.416      3.263      6.130
temazepam,alpha1,2026091902,3,-8.003,1.86,4.832,runs/20260919_0724_10drug_standardized_redocking/raw/archives/temazepam.tar.gz::temazepam/alpha1/2026091902/poses.pdbqt,82,3,valid,REMARK VINA RESULT:    -8.003      1.860      4.832
temazepam,alpha1,2026091902,4,-7.405,3.056,5.619,runs/20260919_0724_10drug_standardized_redocking/raw/archives/temazepam.tar.gz::temazepam/alpha1/2026091902/poses.pdbqt,122,4,valid,REMARK VINA RESULT:    -7.405      3.056      5.619
temazepam,alpha1,2026091902,5,-7.207,3.335,4.898,runs/20260919_0724_10drug_standardized_redocking/raw/archives/temazepam.tar.gz::temazepam/alpha1/2026091902/poses.pdbqt,162,5,valid,REMARK VINA RESULT:    -7.207      3.335      4.898
temazepam,alpha1,2026091902,6,-7.168,4.33,5.771,runs/20260919_0724_10drug_standardized_redocking/raw/archives/temazepam.tar.gz::temazepam/alpha1/2026091902/poses.pdbqt,202,6,valid,REMARK VINA RESULT:    -7.168      4.330      5.771
temazepam,alpha1,2026091902,7,-7.002,4.767,6.911,runs/20260919_0724_10drug_standardized_redocking/raw/archives/temazepam.tar.gz::temazepam/alpha1/2026091902/poses.pdbqt,242,7,valid,REMARK VINA RESULT:    -7.002      4.767      6.911
temazepam,alpha1,2026091902,8,-6.937,4.074,5.697,runs/20260919_0724_10drug_standardized_redocking/raw/archives/temazepam.tar.gz::temazepam/alpha1/2026091902/poses.pdbqt,282,8,valid,REMARK VINA RESULT:    -6.937      4.074      5.697
temazepam,alpha1,2026091902,9,-6.464,3.012,4.522,runs/20260919_0724_10drug_standardized_redocking/raw/archives/temazepam.tar.gz::temazepam/alpha1/2026091902/poses.pdbqt,322,9,valid,REMARK VINA RESULT:    -6.464      3.012      4.522
temazepam,alpha1,2026091903,1,-9.786,0.0,0.0,runs/20260919_0724_10drug_standardized_redocking/raw/archives/temazepam.tar.gz::temazepam/alpha1/2026091903/poses.pdbqt,2,1,valid,REMARK VINA RESULT:    -9.786      0.000      0.000
temazepam,alpha1,2026091903,2,-8.031,2.813,3.965,runs/20260919_0724_10drug_standardized_redocking/raw/archives/temazepam.tar.gz::temazepam/alpha1/2026091903/poses.pdbqt,42,2,valid,REMARK VINA RESULT:    -8.031      2.813      3.965
temazepam,alpha1,2026091903,3,-7.972,1.869,4.834,runs/20260919_0724_10drug_standardized_redocking/raw/archives/temazepam.tar.gz::temazepam/alpha1/2026091903/poses.pdbqt,82,3,valid,REMARK VINA RESULT:    -7.972      1.869      4.834
temazepam,alpha1,2026091903,4,-7.165,3.32,4.915,runs/20260919_0724_10drug_standardized_redocking/raw/archives/temazepam.tar.gz::temazepam/alpha1/2026091903/poses.pdbqt,122,4,valid,REMARK VINA RESULT:    -7.165      3.320      4.915
temazepam,alpha1,2026091903,5,-7.138,4.327,5.768,runs/20260919_0724_10drug_standardized_redocking/raw/archives/temazepam.tar.gz::temazepam/alpha1/2026091903/poses.pdbqt,162,5,valid,REMARK VINA RESULT:    -7.138      4.327      5.768
temazepam,alpha1,2026091903,6,-6.959,4.759,6.87,runs/20260919_0724_10drug_standardized_redocking/raw/archives/temazepam.tar.gz::temazepam/alpha1/2026091903/poses.pdbqt,202,6,valid,REMARK VINA RESULT:    -6.959      4.759      6.870
temazepam,alpha1,2026091903,7,-6.925,4.055,5.667,runs/20260919_0724_10drug_standardized_redocking/raw/archives/temazepam.tar.gz::temazepam/alpha1/2026091903/poses.pdbqt,242,7,valid,REMARK VINA RESULT:    -6.925      4.055      5.667
temazepam,alpha1,2026091903,8,-6.707,4.892,6.542,runs/20260919_0724_10drug_standardized_redocking/raw/archives/temazepam.tar.gz::temazepam/alpha1/2026091903/poses.pdbqt,282,8,valid,REMARK VINA RESULT:    -6.707      4.892      6.542
temazepam,alpha1,2026091903,9,-6.43,4.642,6.958,runs/20260919_0724_10drug_standardized_redocking/raw/archives/temazepam.tar.gz::temazepam/alpha1/2026091903/poses.pdbqt,322,9,valid,REMARK VINA RESULT:    -6.430      4.642      6.958
temazepam,alpha1,2026091904,1,-9.788,0.0,0.0,runs/20260919_0724_10drug_standardized_redocking/raw/archives/temazepam.tar.gz::temazepam/alpha1/2026091904/poses.pdbqt,2,1,valid,REMARK VINA RESULT:    -9.788      0.000      0.000
temazepam,alpha1,2026091904,2,-8.457,3.257,6.126,runs/20260919_0724_10drug_standardized_redocking/raw/archives/temazepam.tar.gz::temazepam/alpha1/2026091904/poses.pdbqt,42,2,valid,REMARK VINA RESULT:    -8.457      3.257      6.126
temazepam,alpha1,2026091904,3,-7.154,4.348,5.791,runs/20260919_0724_10drug_standardized_redocking/raw/archives/temazepam.tar.gz::temazepam/alpha1/2026091904/poses.pdbqt,82,3,valid,REMARK VINA RESULT:    -7.154      4.348      5.791
temazepam,alpha1,2026091904,4,-7.051,4.844,6.979,runs/20260919_0724_10drug_standardized_redocking/raw/archives/temazepam.tar.gz::temazepam/alpha1/2026091904/poses.pdbqt,122,4,valid,REMARK VINA RESULT:    -7.051      4.844      6.979
temazepam,alpha1,2026091904,5,-6.942,4.072,5.694,runs/20260919_0724_10drug_standardized_redocking/raw/archives/temazepam.tar.gz::temazepam/alpha1/2026091904/poses.pdbqt,162,5,valid,REMARK VINA RESULT:    -6.942      4.072      5.694
temazepam,alpha1,2026091904,6,-6.473,2.998,4.512,runs/20260919_0724_10drug_standardized_redocking/raw/archives/temazepam.tar.gz::temazepam/alpha1/2026091904/poses.pdbqt,202,6,valid,REMARK VINA RESULT:    -6.473      2.998      4.512
temazepam,alpha1,2026091904,7,-6.223,4.335,6.856,runs/20260919_0724_10drug_standardized_redocking/raw/archives/temazepam.tar.gz::temazepam/alpha1/2026091904/poses.pdbqt,242,7,valid,REMARK VINA RESULT:    -6.223      4.335      6.856
temazepam,alpha1,2026091904,8,-6.179,4.087,6.327,runs/20260919_0724_10drug_standardized_redocking/raw/archives/temazepam.tar.gz::temazepam/alpha1/2026091904/poses.pdbqt,282,8,valid,REMARK VINA RESULT:    -6.179      4.087      6.327
temazepam,alpha1,2026091904,9,-5.891,3.676,5.489,runs/20260919_0724_10drug_standardized_redocking/raw/archives/temazepam.tar.gz::temazepam/alpha1/2026091904/poses.pdbqt,322,9,valid,REMARK VINA RESULT:    -5.891      3.676      5.489
temazepam,alpha1,2026091905,1,-9.788,0.0,0.0,runs/20260919_0724_10drug_standardized_redocking/raw/archives/temazepam.tar.gz::temazepam/alpha1/2026091905/poses.pdbqt,2,1,valid,REMARK VINA RESULT:    -9.788      0.000      0.000
temazepam,alpha1,2026091905,2,-8.151,2.63,3.579,runs/20260919_0724_10drug_standardized_redocking/raw/archives/temazepam.tar.gz::temazepam/alpha1/2026091905/poses.pdbqt,42,2,valid,REMARK VINA RESULT:    -8.151      2.630      3.579
temazepam,alpha1,2026091905,3,-7.995,1.863,4.834,runs/20260919_0724_10drug_standardized_redocking/raw/archives/temazepam.tar.gz::temazepam/alpha1/2026091905/poses.pdbqt,82,3,valid,REMARK VINA RESULT:    -7.995      1.863      4.834
temazepam,alpha1,2026091905,4,-7.166,3.32,4.902,runs/20260919_0724_10drug_standardized_redocking/raw/archives/temazepam.tar.gz::temazepam/alpha1/2026091905/poses.pdbqt,122,4,valid,REMARK VINA RESULT:    -7.166      3.320      4.902
temazepam,alpha1,2026091905,5,-6.946,4.741,6.833,runs/20260919_0724_10drug_standardized_redocking/raw/archives/temazepam.tar.gz::temazepam/alpha1/2026091905/poses.pdbqt,162,5,valid,REMARK VINA RESULT:    -6.946      4.741      6.833
temazepam,alpha1,2026091905,6,-6.574,2.663,5.244,runs/20260919_0724_10drug_standardized_redocking/raw/archives/temazepam.tar.gz::temazepam/alpha1/2026091905/poses.pdbqt,202,6,valid,REMARK VINA RESULT:    -6.574      2.663      5.244
temazepam,alpha1,2026091905,7,-6.47,2.935,4.423,runs/20260919_0724_10drug_standardized_redocking/raw/archives/temazepam.tar.gz::temazepam/alpha1/2026091905/poses.pdbqt,242,7,valid,REMARK VINA RESULT:    -6.470      2.935      4.423
temazepam,alpha1,2026091905,8,-6.352,4.058,6.686,runs/20260919_0724_10drug_standardized_redocking/raw/archives/temazepam.tar.gz::temazepam/alpha1/2026091905/poses.pdbqt,282,8,valid,REMARK VINA RESULT:    -6.352      4.058      6.686
temazepam,alpha1,2026091905,9,-6.176,4.082,6.299,runs/20260919_0724_10drug_standardized_redocking/raw/archives/temazepam.tar.gz::temazepam/alpha1/2026091905/poses.pdbqt,322,9,valid,REMARK VINA RESULT:    -6.176      4.082      6.299
temazepam,alpha2,2026091901,1,-6.913,0.0,0.0,runs/20260919_0724_10drug_standardized_redocking/raw/archives/temazepam.tar.gz::temazepam/alpha2/2026091901/poses.pdbqt,2,1,valid,REMARK VINA RESULT:    -6.913      0.000      0.000
temazepam,alpha2,2026091901,2,-6.72,3.709,5.328,runs/20260919_0724_10drug_standardized_redocking/raw/archives/temazepam.tar.gz::temazepam/alpha2/2026091901/poses.pdbqt,42,2,valid,REMARK VINA RESULT:    -6.720      3.709      5.328
temazepam,alpha2,2026091901,3,-6.613,1.398,1.837,runs/20260919_0724_10drug_standardized_redocking/raw/archives/temazepam.tar.gz::temazepam/alpha2/2026091901/poses.pdbqt,82,3,valid,REMARK VINA RESULT:    -6.613      1.398      1.837
temazepam,alpha2,2026091901,4,-6.485,2.147,4.62,runs/20260919_0724_10drug_standardized_redocking/raw/archives/temazepam.tar.gz::temazepam/alpha2/2026091901/poses.pdbqt,122,4,valid,REMARK VINA RESULT:    -6.485      2.147      4.620
temazepam,alpha2,2026091901,5,-6.369,2.691,3.43,runs/20260919_0724_10drug_standardized_redocking/raw/archives/temazepam.tar.gz::temazepam/alpha2/2026091901/poses.pdbqt,162,5,valid,REMARK VINA RESULT:    -6.369      2.691      3.430
temazepam,alpha2,2026091901,6,-6.328,3.543,5.345,runs/20260919_0724_10drug_standardized_redocking/raw/archives/temazepam.tar.gz::temazepam/alpha2/2026091901/poses.pdbqt,202,6,valid,REMARK VINA RESULT:    -6.328      3.543      5.345
temazepam,alpha2,2026091901,7,-6.323,3.314,5.473,runs/20260919_0724_10drug_standardized_redocking/raw/archives/temazepam.tar.gz::temazepam/alpha2/2026091901/poses.pdbqt,242,7,valid,REMARK VINA RESULT:    -6.323      3.314      5.473
temazepam,alpha2,2026091901,8,-6.136,2.737,4.516,runs/20260919_0724_10drug_standardized_redocking/raw/archives/temazepam.tar.gz::temazepam/alpha2/2026091901/poses.pdbqt,282,8,valid,REMARK VINA RESULT:    -6.136      2.737      4.516
temazepam,alpha2,2026091901,9,-6.098,3.245,4.809,runs/20260919_0724_10drug_standardized_redocking/raw/archives/temazepam.tar.gz::temazepam/alpha2/2026091901/poses.pdbqt,322,9,valid,REMARK VINA RESULT:    -6.098      3.245      4.809
temazepam,alpha2,2026091902,1,-6.893,0.0,0.0,runs/20260919_0724_10drug_standardized_redocking/raw/archives/temazepam.tar.gz::temazepam/alpha2/2026091902/poses.pdbqt,2,1,valid,REMARK VINA RESULT:    -6.893      0.000      0.000
temazepam,alpha2,2026091902,2,-6.719,3.739,5.348,runs/20260919_0724_10drug_standardized_redocking/raw/archives/temazepam.tar.gz::temazepam/alpha2/2026091902/poses.pdbqt,42,2,valid,REMARK VINA RESULT:    -6.719      3.739      5.348
temazepam,alpha2,2026091902,3,-6.634,3.869,6.277,runs/20260919_0724_10drug_standardized_redocking/raw/archives/temazepam.tar.gz::temazepam/alpha2/2026091902/poses.pdbqt,82,3,valid,REMARK VINA RESULT:    -6.634      3.869      6.277
temazepam,alpha2,2026091902,4,-6.623,1.381,1.827,runs/20260919_0724_10drug_standardized_redocking/raw/archives/temazepam.tar.gz::temazepam/alpha2/2026091902/poses.pdbqt,122,4,valid,REMARK VINA RESULT:    -6.623      1.381      1.827
temazepam,alpha2,2026091902,5,-6.438,2.127,4.596,runs/20260919_0724_10drug_standardized_redocking/raw/archives/temazepam.tar.gz::temazepam/alpha2/2026091902/poses.pdbqt,162,5,valid,REMARK VINA RESULT:    -6.438      2.127      4.596
temazepam,alpha2,2026091902,6,-6.359,3.509,5.218,runs/20260919_0724_10drug_standardized_redocking/raw/archives/temazepam.tar.gz::temazepam/alpha2/2026091902/poses.pdbqt,202,6,valid,REMARK VINA RESULT:    -6.359      3.509      5.218
temazepam,alpha2,2026091902,7,-6.334,3.33,5.511,runs/20260919_0724_10drug_standardized_redocking/raw/archives/temazepam.tar.gz::temazepam/alpha2/2026091902/poses.pdbqt,242,7,valid,REMARK VINA RESULT:    -6.334      3.330      5.511
temazepam,alpha2,2026091902,8,-6.301,4.118,5.99,runs/20260919_0724_10drug_standardized_redocking/raw/archives/temazepam.tar.gz::temazepam/alpha2/2026091902/poses.pdbqt,282,8,valid,REMARK VINA RESULT:    -6.301      4.118      5.990
temazepam,alpha2,2026091902,9,-6.244,3.628,5.536,runs/20260919_0724_10drug_standardized_redocking/raw/archives/temazepam.tar.gz::temazepam/alpha2/2026091902/poses.pdbqt,322,9,valid,REMARK VINA RESULT:    -6.244      3.628      5.536
temazepam,alpha2,2026091903,1,-6.899,0.0,0.0,runs/20260919_0724_10drug_standardized_redocking/raw/archives/temazepam.tar.gz::temazepam/alpha2/2026091903/poses.pdbqt,2,1,valid,REMARK VINA RESULT:    -6.899      0.000      0.000
temazepam,alpha2,2026091903,2,-6.571,3.935,6.357,runs/20260919_0724_10drug_standardized_redocking/raw/archives/temazepam.tar.gz::temazepam/alpha2/2026091903/poses.pdbqt,42,2,valid,REMARK VINA RESULT:    -6.571      3.935      6.357
temazepam,alpha2,2026091903,3,-6.566,1.411,1.88,runs/20260919_0724_10drug_standardized_redocking/raw/archives/temazepam.tar.gz::temazepam/alpha2/2026091903/poses.pdbqt,82,3,valid,REMARK VINA RESULT:    -6.566      1.411      1.880
temazepam,alpha2,2026091903,4,-6.514,5.297,6.973,runs/20260919_0724_10drug_standardized_redocking/raw/archives/temazepam.tar.gz::temazepam/alpha2/2026091903/poses.pdbqt,122,4,valid,REMARK VINA RESULT:    -6.514      5.297      6.973
temazepam,alpha2,2026091903,5,-6.442,2.126,4.617,runs/20260919_0724_10drug_standardized_redocking/raw/archives/temazepam.tar.gz::temazepam/alpha2/2026091903/poses.pdbqt,162,5,valid,REMARK VINA RESULT:    -6.442      2.126      4.617
temazepam,alpha2,2026091903,6,-6.357,3.532,5.331,runs/20260919_0724_10drug_standardized_redocking/raw/archives/temazepam.tar.gz::temazepam/alpha2/2026091903/poses.pdbqt,202,6,valid,REMARK VINA RESULT:    -6.357      3.532      5.331
temazepam,alpha2,2026091903,7,-6.313,3.311,5.501,runs/20260919_0724_10drug_standardized_redocking/raw/archives/temazepam.tar.gz::temazepam/alpha2/2026091903/poses.pdbqt,242,7,valid,REMARK VINA RESULT:    -6.313      3.311      5.501
temazepam,alpha2,2026091903,8,-6.1,3.516,5.522,runs/20260919_0724_10drug_standardized_redocking/raw/archives/temazepam.tar.gz::temazepam/alpha2/2026091903/poses.pdbqt,282,8,valid,REMARK VINA RESULT:    -6.100      3.516      5.522
temazepam,alpha2,2026091903,9,-6.094,1.731,2.416,runs/20260919_0724_10drug_standardized_redocking/raw/archives/temazepam.tar.gz::temazepam/alpha2/2026091903/poses.pdbqt,322,9,valid,REMARK VINA RESULT:    -6.094      1.731      2.416
temazepam,alpha2,2026091904,1,-6.885,0.0,0.0,runs/20260919_0724_10drug_standardized_redocking/raw/archives/temazepam.tar.gz::temazepam/alpha2/2026091904/poses.pdbqt,2,1,valid,REMARK VINA RESULT:    -6.885      0.000      0.000
temazepam,alpha2,2026091904,2,-6.709,3.723,5.332,runs/20260919_0724_10drug_standardized_redocking/raw/archives/temazepam.tar.gz::temazepam/alpha2/2026091904/poses.pdbqt,42,2,valid,REMARK VINA RESULT:    -6.709      3.723      5.332
temazepam,alpha2,2026091904,3,-6.621,1.433,1.881,runs/20260919_0724_10drug_standardized_redocking/raw/archives/temazepam.tar.gz::temazepam/alpha2/2026091904/poses.pdbqt,82,3,valid,REMARK VINA RESULT:    -6.621      1.433      1.881
temazepam,alpha2,2026091904,4,-6.533,3.89,6.272,runs/20260919_0724_10drug_standardized_redocking/raw/archives/temazepam.tar.gz::temazepam/alpha2/2026091904/poses.pdbqt,122,4,valid,REMARK VINA RESULT:    -6.533      3.890      6.272
temazepam,alpha2,2026091904,5,-6.445,2.143,4.609,runs/20260919_0724_10drug_standardized_redocking/raw/archives/temazepam.tar.gz::temazepam/alpha2/2026091904/poses.pdbqt,162,5,valid,REMARK VINA RESULT:    -6.445      2.143      4.609
temazepam,alpha2,2026091904,6,-6.378,3.497,5.225,runs/20260919_0724_10drug_standardized_redocking/raw/archives/temazepam.tar.gz::temazepam/alpha2/2026091904/poses.pdbqt,202,6,valid,REMARK VINA RESULT:    -6.378      3.497      5.225
temazepam,alpha2,2026091904,7,-6.362,2.272,2.82,runs/20260919_0724_10drug_standardized_redocking/raw/archives/temazepam.tar.gz::temazepam/alpha2/2026091904/poses.pdbqt,242,7,valid,REMARK VINA RESULT:    -6.362      2.272      2.820
temazepam,alpha2,2026091904,8,-6.115,1.741,2.439,runs/20260919_0724_10drug_standardized_redocking/raw/archives/temazepam.tar.gz::temazepam/alpha2/2026091904/poses.pdbqt,282,8,valid,REMARK VINA RESULT:    -6.115      1.741      2.439
temazepam,alpha2,2026091904,9,-6.059,3.239,4.858,runs/20260919_0724_10drug_standardized_redocking/raw/archives/temazepam.tar.gz::temazepam/alpha2/2026091904/poses.pdbqt,322,9,valid,REMARK VINA RESULT:    -6.059      3.239      4.858
temazepam,alpha2,2026091905,1,-6.886,0.0,0.0,runs/20260919_0724_10drug_standardized_redocking/raw/archives/temazepam.tar.gz::temazepam/alpha2/2026091905/poses.pdbqt,2,1,valid,REMARK VINA RESULT:    -6.886      0.000      0.000
temazepam,alpha2,2026091905,2,-6.689,3.728,5.339,runs/20260919_0724_10drug_standardized_redocking/raw/archives/temazepam.tar.gz::temazepam/alpha2/2026091905/poses.pdbqt,42,2,valid,REMARK VINA RESULT:    -6.689      3.728      5.339
temazepam,alpha2,2026091905,3,-6.615,1.381,1.826,runs/20260919_0724_10drug_standardized_redocking/raw/archives/temazepam.tar.gz::temazepam/alpha2/2026091905/poses.pdbqt,82,3,valid,REMARK VINA RESULT:    -6.615      1.381      1.826
temazepam,alpha2,2026091905,4,-6.489,3.134,3.935,runs/20260919_0724_10drug_standardized_redocking/raw/archives/temazepam.tar.gz::temazepam/alpha2/2026091905/poses.pdbqt,122,4,valid,REMARK VINA RESULT:    -6.489      3.134      3.935
temazepam,alpha2,2026091905,5,-6.418,2.109,4.599,runs/20260919_0724_10drug_standardized_redocking/raw/archives/temazepam.tar.gz::temazepam/alpha2/2026091905/poses.pdbqt,162,5,valid,REMARK VINA RESULT:    -6.418      2.109      4.599
temazepam,alpha2,2026091905,6,-6.357,3.508,5.207,runs/20260919_0724_10drug_standardized_redocking/raw/archives/temazepam.tar.gz::temazepam/alpha2/2026091905/poses.pdbqt,202,6,valid,REMARK VINA RESULT:    -6.357      3.508      5.207
temazepam,alpha2,2026091905,7,-6.298,3.318,5.475,runs/20260919_0724_10drug_standardized_redocking/raw/archives/temazepam.tar.gz::temazepam/alpha2/2026091905/poses.pdbqt,242,7,valid,REMARK VINA RESULT:    -6.298      3.318      5.475
temazepam,alpha2,2026091905,8,-6.035,3.492,5.537,runs/20260919_0724_10drug_standardized_redocking/raw/archives/temazepam.tar.gz::temazepam/alpha2/2026091905/poses.pdbqt,282,8,valid,REMARK VINA RESULT:    -6.035      3.492      5.537
temazepam,alpha2,2026091905,9,-5.975,3.291,5.005,runs/20260919_0724_10drug_standardized_redocking/raw/archives/temazepam.tar.gz::temazepam/alpha2/2026091905/poses.pdbqt,322,9,valid,REMARK VINA RESULT:    -5.975      3.291      5.005
zopiclone,alpha1,2026091901,1,-9.652,0.0,0.0,runs/20260919_0724_10drug_standardized_redocking/raw/archives/zopiclone.tar.gz::zopiclone/alpha1/2026091901/poses.pdbqt,2,1,valid,REMARK VINA RESULT:    -9.652      0.000      0.000
zopiclone,alpha1,2026091901,2,-8.581,3.05,5.481,runs/20260919_0724_10drug_standardized_redocking/raw/archives/zopiclone.tar.gz::zopiclone/alpha1/2026091901/poses.pdbqt,50,2,valid,REMARK VINA RESULT:    -8.581      3.050      5.481
zopiclone,alpha1,2026091901,3,-8.155,2.336,5.981,runs/20260919_0724_10drug_standardized_redocking/raw/archives/zopiclone.tar.gz::zopiclone/alpha1/2026091901/poses.pdbqt,98,3,valid,REMARK VINA RESULT:    -8.155      2.336      5.981
zopiclone,alpha1,2026091901,4,-8.151,3.869,6.787,runs/20260919_0724_10drug_standardized_redocking/raw/archives/zopiclone.tar.gz::zopiclone/alpha1/2026091901/poses.pdbqt,146,4,valid,REMARK VINA RESULT:    -8.151      3.869      6.787
zopiclone,alpha1,2026091901,5,-7.867,4.385,7.257,runs/20260919_0724_10drug_standardized_redocking/raw/archives/zopiclone.tar.gz::zopiclone/alpha1/2026091901/poses.pdbqt,194,5,valid,REMARK VINA RESULT:    -7.867      4.385      7.257
zopiclone,alpha1,2026091901,6,-7.865,4.209,6.515,runs/20260919_0724_10drug_standardized_redocking/raw/archives/zopiclone.tar.gz::zopiclone/alpha1/2026091901/poses.pdbqt,242,6,valid,REMARK VINA RESULT:    -7.865      4.209      6.515
zopiclone,alpha1,2026091901,7,-7.865,3.977,6.881,runs/20260919_0724_10drug_standardized_redocking/raw/archives/zopiclone.tar.gz::zopiclone/alpha1/2026091901/poses.pdbqt,290,7,valid,REMARK VINA RESULT:    -7.865      3.977      6.881
zopiclone,alpha1,2026091901,8,-7.799,3.75,6.144,runs/20260919_0724_10drug_standardized_redocking/raw/archives/zopiclone.tar.gz::zopiclone/alpha1/2026091901/poses.pdbqt,338,8,valid,REMARK VINA RESULT:    -7.799      3.750      6.144
zopiclone,alpha1,2026091901,9,-7.567,3.347,7.191,runs/20260919_0724_10drug_standardized_redocking/raw/archives/zopiclone.tar.gz::zopiclone/alpha1/2026091901/poses.pdbqt,386,9,valid,REMARK VINA RESULT:    -7.567      3.347      7.191
zopiclone,alpha1,2026091902,1,-9.653,0.0,0.0,runs/20260919_0724_10drug_standardized_redocking/raw/archives/zopiclone.tar.gz::zopiclone/alpha1/2026091902/poses.pdbqt,2,1,valid,REMARK VINA RESULT:    -9.653      0.000      0.000
zopiclone,alpha1,2026091902,2,-8.595,3.057,5.485,runs/20260919_0724_10drug_standardized_redocking/raw/archives/zopiclone.tar.gz::zopiclone/alpha1/2026091902/poses.pdbqt,50,2,valid,REMARK VINA RESULT:    -8.595      3.057      5.485
zopiclone,alpha1,2026091902,3,-8.169,2.329,5.975,runs/20260919_0724_10drug_standardized_redocking/raw/archives/zopiclone.tar.gz::zopiclone/alpha1/2026091902/poses.pdbqt,98,3,valid,REMARK VINA RESULT:    -8.169      2.329      5.975
zopiclone,alpha1,2026091902,4,-8.16,3.858,6.763,runs/20260919_0724_10drug_standardized_redocking/raw/archives/zopiclone.tar.gz::zopiclone/alpha1/2026091902/poses.pdbqt,146,4,valid,REMARK VINA RESULT:    -8.160      3.858      6.763
zopiclone,alpha1,2026091902,5,-7.859,3.905,6.83,runs/20260919_0724_10drug_standardized_redocking/raw/archives/zopiclone.tar.gz::zopiclone/alpha1/2026091902/poses.pdbqt,194,5,valid,REMARK VINA RESULT:    -7.859      3.905      6.830
zopiclone,alpha1,2026091902,6,-7.828,4.405,6.83,runs/20260919_0724_10drug_standardized_redocking/raw/archives/zopiclone.tar.gz::zopiclone/alpha1/2026091902/poses.pdbqt,242,6,valid,REMARK VINA RESULT:    -7.828      4.405      6.830
zopiclone,alpha1,2026091902,7,-7.796,3.764,6.149,runs/20260919_0724_10drug_standardized_redocking/raw/archives/zopiclone.tar.gz::zopiclone/alpha1/2026091902/poses.pdbqt,290,7,valid,REMARK VINA RESULT:    -7.796      3.764      6.149
zopiclone,alpha1,2026091902,8,-7.583,3.375,7.239,runs/20260919_0724_10drug_standardized_redocking/raw/archives/zopiclone.tar.gz::zopiclone/alpha1/2026091902/poses.pdbqt,338,8,valid,REMARK VINA RESULT:    -7.583      3.375      7.239
zopiclone,alpha1,2026091902,9,-7.547,4.204,8.48,runs/20260919_0724_10drug_standardized_redocking/raw/archives/zopiclone.tar.gz::zopiclone/alpha1/2026091902/poses.pdbqt,386,9,valid,REMARK VINA RESULT:    -7.547      4.204      8.480
zopiclone,alpha1,2026091903,1,-9.699,0.0,0.0,runs/20260919_0724_10drug_standardized_redocking/raw/archives/zopiclone.tar.gz::zopiclone/alpha1/2026091903/poses.pdbqt,2,1,valid,REMARK VINA RESULT:    -9.699      0.000      0.000
zopiclone,alpha1,2026091903,2,-8.64,3.067,5.499,runs/20260919_0724_10drug_standardized_redocking/raw/archives/zopiclone.tar.gz::zopiclone/alpha1/2026091903/poses.pdbqt,50,2,valid,REMARK VINA RESULT:    -8.640      3.067      5.499
zopiclone,alpha1,2026091903,3,-8.162,3.869,6.795,runs/20260919_0724_10drug_standardized_redocking/raw/archives/zopiclone.tar.gz::zopiclone/alpha1/2026091903/poses.pdbqt,98,3,valid,REMARK VINA RESULT:    -8.162      3.869      6.795
zopiclone,alpha1,2026091903,4,-8.024,2.393,5.953,runs/20260919_0724_10drug_standardized_redocking/raw/archives/zopiclone.tar.gz::zopiclone/alpha1/2026091903/poses.pdbqt,146,4,valid,REMARK VINA RESULT:    -8.024      2.393      5.953
zopiclone,alpha1,2026091903,5,-7.895,3.925,6.879,runs/20260919_0724_10drug_standardized_redocking/raw/archives/zopiclone.tar.gz::zopiclone/alpha1/2026091903/poses.pdbqt,194,5,valid,REMARK VINA RESULT:    -7.895      3.925      6.879
zopiclone,alpha1,2026091903,6,-7.846,4.208,6.493,runs/20260919_0724_10drug_standardized_redocking/raw/archives/zopiclone.tar.gz::zopiclone/alpha1/2026091903/poses.pdbqt,242,6,valid,REMARK VINA RESULT:    -7.846      4.208      6.493
zopiclone,alpha1,2026091903,7,-7.786,2.709,5.018,runs/20260919_0724_10drug_standardized_redocking/raw/archives/zopiclone.tar.gz::zopiclone/alpha1/2026091903/poses.pdbqt,290,7,valid,REMARK VINA RESULT:    -7.786      2.709      5.018
zopiclone,alpha1,2026091903,8,-7.66,3.904,6.402,runs/20260919_0724_10drug_standardized_redocking/raw/archives/zopiclone.tar.gz::zopiclone/alpha1/2026091903/poses.pdbqt,338,8,valid,REMARK VINA RESULT:    -7.660      3.904      6.402
zopiclone,alpha1,2026091903,9,-7.168,3.803,7.793,runs/20260919_0724_10drug_standardized_redocking/raw/archives/zopiclone.tar.gz::zopiclone/alpha1/2026091903/poses.pdbqt,386,9,valid,REMARK VINA RESULT:    -7.168      3.803      7.793
zopiclone,alpha1,2026091904,1,-9.687,0.0,0.0,runs/20260919_0724_10drug_standardized_redocking/raw/archives/zopiclone.tar.gz::zopiclone/alpha1/2026091904/poses.pdbqt,2,1,valid,REMARK VINA RESULT:    -9.687      0.000      0.000
zopiclone,alpha1,2026091904,2,-8.619,3.064,5.493,runs/20260919_0724_10drug_standardized_redocking/raw/archives/zopiclone.tar.gz::zopiclone/alpha1/2026091904/poses.pdbqt,50,2,valid,REMARK VINA RESULT:    -8.619      3.064      5.493
zopiclone,alpha1,2026091904,3,-8.177,3.866,6.785,runs/20260919_0724_10drug_standardized_redocking/raw/archives/zopiclone.tar.gz::zopiclone/alpha1/2026091904/poses.pdbqt,98,3,valid,REMARK VINA RESULT:    -8.177      3.866      6.785
zopiclone,alpha1,2026091904,4,-7.889,3.951,6.89,runs/20260919_0724_10drug_standardized_redocking/raw/archives/zopiclone.tar.gz::zopiclone/alpha1/2026091904/poses.pdbqt,146,4,valid,REMARK VINA RESULT:    -7.889      3.951      6.890
zopiclone,alpha1,2026091904,5,-7.866,4.406,7.263,runs/20260919_0724_10drug_standardized_redocking/raw/archives/zopiclone.tar.gz::zopiclone/alpha1/2026091904/poses.pdbqt,194,5,valid,REMARK VINA RESULT:    -7.866      4.406      7.263
zopiclone,alpha1,2026091904,6,-7.855,4.24,6.549,runs/20260919_0724_10drug_standardized_redocking/raw/archives/zopiclone.tar.gz::zopiclone/alpha1/2026091904/poses.pdbqt,242,6,valid,REMARK VINA RESULT:    -7.855      4.240      6.549
zopiclone,alpha1,2026091904,7,-7.841,3.768,6.167,runs/20260919_0724_10drug_standardized_redocking/raw/archives/zopiclone.tar.gz::zopiclone/alpha1/2026091904/poses.pdbqt,290,7,valid,REMARK VINA RESULT:    -7.841      3.768      6.167
zopiclone,alpha1,2026091904,8,-7.677,2.879,4.326,runs/20260919_0724_10drug_standardized_redocking/raw/archives/zopiclone.tar.gz::zopiclone/alpha1/2026091904/poses.pdbqt,338,8,valid,REMARK VINA RESULT:    -7.677      2.879      4.326
zopiclone,alpha1,2026091904,9,-7.533,3.899,8.065,runs/20260919_0724_10drug_standardized_redocking/raw/archives/zopiclone.tar.gz::zopiclone/alpha1/2026091904/poses.pdbqt,386,9,valid,REMARK VINA RESULT:    -7.533      3.899      8.065
zopiclone,alpha1,2026091905,1,-9.677,0.0,0.0,runs/20260919_0724_10drug_standardized_redocking/raw/archives/zopiclone.tar.gz::zopiclone/alpha1/2026091905/poses.pdbqt,2,1,valid,REMARK VINA RESULT:    -9.677      0.000      0.000
zopiclone,alpha1,2026091905,2,-8.605,3.064,5.494,runs/20260919_0724_10drug_standardized_redocking/raw/archives/zopiclone.tar.gz::zopiclone/alpha1/2026091905/poses.pdbqt,50,2,valid,REMARK VINA RESULT:    -8.605      3.064      5.494
zopiclone,alpha1,2026091905,3,-8.192,2.325,6.005,runs/20260919_0724_10drug_standardized_redocking/raw/archives/zopiclone.tar.gz::zopiclone/alpha1/2026091905/poses.pdbqt,98,3,valid,REMARK VINA RESULT:    -8.192      2.325      6.005
zopiclone,alpha1,2026091905,4,-8.159,3.878,6.804,runs/20260919_0724_10drug_standardized_redocking/raw/archives/zopiclone.tar.gz::zopiclone/alpha1/2026091905/poses.pdbqt,146,4,valid,REMARK VINA RESULT:    -8.159      3.878      6.804
zopiclone,alpha1,2026091905,5,-8.079,1.714,2.64,runs/20260919_0724_10drug_standardized_redocking/raw/archives/zopiclone.tar.gz::zopiclone/alpha1/2026091905/poses.pdbqt,194,5,valid,REMARK VINA RESULT:    -8.079      1.714      2.640
zopiclone,alpha1,2026091905,6,-7.925,4.208,6.519,runs/20260919_0724_10drug_standardized_redocking/raw/archives/zopiclone.tar.gz::zopiclone/alpha1/2026091905/poses.pdbqt,242,6,valid,REMARK VINA RESULT:    -7.925      4.208      6.519
zopiclone,alpha1,2026091905,7,-7.883,3.952,6.903,runs/20260919_0724_10drug_standardized_redocking/raw/archives/zopiclone.tar.gz::zopiclone/alpha1/2026091905/poses.pdbqt,290,7,valid,REMARK VINA RESULT:    -7.883      3.952      6.903
zopiclone,alpha1,2026091905,8,-7.879,4.413,7.279,runs/20260919_0724_10drug_standardized_redocking/raw/archives/zopiclone.tar.gz::zopiclone/alpha1/2026091905/poses.pdbqt,338,8,valid,REMARK VINA RESULT:    -7.879      4.413      7.279
zopiclone,alpha1,2026091905,9,-7.598,3.394,7.259,runs/20260919_0724_10drug_standardized_redocking/raw/archives/zopiclone.tar.gz::zopiclone/alpha1/2026091905/poses.pdbqt,386,9,valid,REMARK VINA RESULT:    -7.598      3.394      7.259
zopiclone,alpha2,2026091901,1,-7.333,0.0,0.0,runs/20260919_0724_10drug_standardized_redocking/raw/archives/zopiclone.tar.gz::zopiclone/alpha2/2026091901/poses.pdbqt,2,1,valid,REMARK VINA RESULT:    -7.333      0.000      0.000
zopiclone,alpha2,2026091901,2,-7.196,2.956,5.313,runs/20260919_0724_10drug_standardized_redocking/raw/archives/zopiclone.tar.gz::zopiclone/alpha2/2026091901/poses.pdbqt,50,2,valid,REMARK VINA RESULT:    -7.196      2.956      5.313
zopiclone,alpha2,2026091901,3,-7.056,2.123,4.372,runs/20260919_0724_10drug_standardized_redocking/raw/archives/zopiclone.tar.gz::zopiclone/alpha2/2026091901/poses.pdbqt,98,3,valid,REMARK VINA RESULT:    -7.056      2.123      4.372
zopiclone,alpha2,2026091901,4,-6.842,2.701,5.236,runs/20260919_0724_10drug_standardized_redocking/raw/archives/zopiclone.tar.gz::zopiclone/alpha2/2026091901/poses.pdbqt,146,4,valid,REMARK VINA RESULT:    -6.842      2.701      5.236
zopiclone,alpha2,2026091901,5,-6.769,2.263,5.847,runs/20260919_0724_10drug_standardized_redocking/raw/archives/zopiclone.tar.gz::zopiclone/alpha2/2026091901/poses.pdbqt,194,5,valid,REMARK VINA RESULT:    -6.769      2.263      5.847
zopiclone,alpha2,2026091901,6,-6.649,3.323,5.445,runs/20260919_0724_10drug_standardized_redocking/raw/archives/zopiclone.tar.gz::zopiclone/alpha2/2026091901/poses.pdbqt,242,6,valid,REMARK VINA RESULT:    -6.649      3.323      5.445
zopiclone,alpha2,2026091901,7,-6.56,2.817,6.4,runs/20260919_0724_10drug_standardized_redocking/raw/archives/zopiclone.tar.gz::zopiclone/alpha2/2026091901/poses.pdbqt,290,7,valid,REMARK VINA RESULT:    -6.560      2.817      6.400
zopiclone,alpha2,2026091901,8,-6.505,2.849,6.716,runs/20260919_0724_10drug_standardized_redocking/raw/archives/zopiclone.tar.gz::zopiclone/alpha2/2026091901/poses.pdbqt,338,8,valid,REMARK VINA RESULT:    -6.505      2.849      6.716
zopiclone,alpha2,2026091901,9,-6.407,2.62,5.692,runs/20260919_0724_10drug_standardized_redocking/raw/archives/zopiclone.tar.gz::zopiclone/alpha2/2026091901/poses.pdbqt,386,9,valid,REMARK VINA RESULT:    -6.407      2.620      5.692
zopiclone,alpha2,2026091902,1,-8.112,0.0,0.0,runs/20260919_0724_10drug_standardized_redocking/raw/archives/zopiclone.tar.gz::zopiclone/alpha2/2026091902/poses.pdbqt,2,1,valid,REMARK VINA RESULT:    -8.112      0.000      0.000
zopiclone,alpha2,2026091902,2,-7.698,4.067,6.333,runs/20260919_0724_10drug_standardized_redocking/raw/archives/zopiclone.tar.gz::zopiclone/alpha2/2026091902/poses.pdbqt,50,2,valid,REMARK VINA RESULT:    -7.698      4.067      6.333
zopiclone,alpha2,2026091902,3,-7.621,3.234,5.983,runs/20260919_0724_10drug_standardized_redocking/raw/archives/zopiclone.tar.gz::zopiclone/alpha2/2026091902/poses.pdbqt,98,3,valid,REMARK VINA RESULT:    -7.621      3.234      5.983
zopiclone,alpha2,2026091902,4,-7.46,4.471,6.782,runs/20260919_0724_10drug_standardized_redocking/raw/archives/zopiclone.tar.gz::zopiclone/alpha2/2026091902/poses.pdbqt,146,4,valid,REMARK VINA RESULT:    -7.460      4.471      6.782
zopiclone,alpha2,2026091902,5,-7.254,4.208,7.274,runs/20260919_0724_10drug_standardized_redocking/raw/archives/zopiclone.tar.gz::zopiclone/alpha2/2026091902/poses.pdbqt,194,5,valid,REMARK VINA RESULT:    -7.254      4.208      7.274
zopiclone,alpha2,2026091902,6,-7.113,3.751,7.779,runs/20260919_0724_10drug_standardized_redocking/raw/archives/zopiclone.tar.gz::zopiclone/alpha2/2026091902/poses.pdbqt,242,6,valid,REMARK VINA RESULT:    -7.113      3.751      7.779
zopiclone,alpha2,2026091902,7,-7.025,6.128,8.433,runs/20260919_0724_10drug_standardized_redocking/raw/archives/zopiclone.tar.gz::zopiclone/alpha2/2026091902/poses.pdbqt,290,7,valid,REMARK VINA RESULT:    -7.025      6.128      8.433
zopiclone,alpha2,2026091902,8,-6.941,4.088,6.913,runs/20260919_0724_10drug_standardized_redocking/raw/archives/zopiclone.tar.gz::zopiclone/alpha2/2026091902/poses.pdbqt,338,8,valid,REMARK VINA RESULT:    -6.941      4.088      6.913
zopiclone,alpha2,2026091902,9,-6.886,5.124,7.862,runs/20260919_0724_10drug_standardized_redocking/raw/archives/zopiclone.tar.gz::zopiclone/alpha2/2026091902/poses.pdbqt,386,9,valid,REMARK VINA RESULT:    -6.886      5.124      7.862
zopiclone,alpha2,2026091903,1,-8.09,0.0,0.0,runs/20260919_0724_10drug_standardized_redocking/raw/archives/zopiclone.tar.gz::zopiclone/alpha2/2026091903/poses.pdbqt,2,1,valid,REMARK VINA RESULT:    -8.090      0.000      0.000
zopiclone,alpha2,2026091903,2,-7.691,4.083,6.3,runs/20260919_0724_10drug_standardized_redocking/raw/archives/zopiclone.tar.gz::zopiclone/alpha2/2026091903/poses.pdbqt,50,2,valid,REMARK VINA RESULT:    -7.691      4.083      6.300
zopiclone,alpha2,2026091903,3,-7.573,3.217,5.949,runs/20260919_0724_10drug_standardized_redocking/raw/archives/zopiclone.tar.gz::zopiclone/alpha2/2026091903/poses.pdbqt,98,3,valid,REMARK VINA RESULT:    -7.573      3.217      5.949
zopiclone,alpha2,2026091903,4,-7.422,4.478,6.818,runs/20260919_0724_10drug_standardized_redocking/raw/archives/zopiclone.tar.gz::zopiclone/alpha2/2026091903/poses.pdbqt,146,4,valid,REMARK VINA RESULT:    -7.422      4.478      6.818
zopiclone,alpha2,2026091903,5,-6.974,4.17,7.409,runs/20260919_0724_10drug_standardized_redocking/raw/archives/zopiclone.tar.gz::zopiclone/alpha2/2026091903/poses.pdbqt,194,5,valid,REMARK VINA RESULT:    -6.974      4.170      7.409
zopiclone,alpha2,2026091903,6,-6.886,4.102,6.954,runs/20260919_0724_10drug_standardized_redocking/raw/archives/zopiclone.tar.gz::zopiclone/alpha2/2026091903/poses.pdbqt,242,6,valid,REMARK VINA RESULT:    -6.886      4.102      6.954
zopiclone,alpha2,2026091903,7,-6.827,5.095,7.854,runs/20260919_0724_10drug_standardized_redocking/raw/archives/zopiclone.tar.gz::zopiclone/alpha2/2026091903/poses.pdbqt,290,7,valid,REMARK VINA RESULT:    -6.827      5.095      7.854
zopiclone,alpha2,2026091903,8,-6.78,4.578,8.971,runs/20260919_0724_10drug_standardized_redocking/raw/archives/zopiclone.tar.gz::zopiclone/alpha2/2026091903/poses.pdbqt,338,8,valid,REMARK VINA RESULT:    -6.780      4.578      8.971
zopiclone,alpha2,2026091903,9,-6.755,5.028,8.055,runs/20260919_0724_10drug_standardized_redocking/raw/archives/zopiclone.tar.gz::zopiclone/alpha2/2026091903/poses.pdbqt,386,9,valid,REMARK VINA RESULT:    -6.755      5.028      8.055
zopiclone,alpha2,2026091904,1,-8.104,0.0,0.0,runs/20260919_0724_10drug_standardized_redocking/raw/archives/zopiclone.tar.gz::zopiclone/alpha2/2026091904/poses.pdbqt,2,1,valid,REMARK VINA RESULT:    -8.104      0.000      0.000
zopiclone,alpha2,2026091904,2,-7.689,4.091,6.353,runs/20260919_0724_10drug_standardized_redocking/raw/archives/zopiclone.tar.gz::zopiclone/alpha2/2026091904/poses.pdbqt,50,2,valid,REMARK VINA RESULT:    -7.689      4.091      6.353
zopiclone,alpha2,2026091904,3,-7.597,3.233,5.971,runs/20260919_0724_10drug_standardized_redocking/raw/archives/zopiclone.tar.gz::zopiclone/alpha2/2026091904/poses.pdbqt,98,3,valid,REMARK VINA RESULT:    -7.597      3.233      5.971
zopiclone,alpha2,2026091904,4,-7.444,4.483,6.799,runs/20260919_0724_10drug_standardized_redocking/raw/archives/zopiclone.tar.gz::zopiclone/alpha2/2026091904/poses.pdbqt,146,4,valid,REMARK VINA RESULT:    -7.444      4.483      6.799
zopiclone,alpha2,2026091904,5,-7.135,3.672,7.675,runs/20260919_0724_10drug_standardized_redocking/raw/archives/zopiclone.tar.gz::zopiclone/alpha2/2026091904/poses.pdbqt,194,5,valid,REMARK VINA RESULT:    -7.135      3.672      7.675
zopiclone,alpha2,2026091904,6,-7.067,4.123,7.375,runs/20260919_0724_10drug_standardized_redocking/raw/archives/zopiclone.tar.gz::zopiclone/alpha2/2026091904/poses.pdbqt,242,6,valid,REMARK VINA RESULT:    -7.067      4.123      7.375
zopiclone,alpha2,2026091904,7,-7.016,6.064,8.358,runs/20260919_0724_10drug_standardized_redocking/raw/archives/zopiclone.tar.gz::zopiclone/alpha2/2026091904/poses.pdbqt,290,7,valid,REMARK VINA RESULT:    -7.016      6.064      8.358
zopiclone,alpha2,2026091904,8,-6.853,5.109,7.855,runs/20260919_0724_10drug_standardized_redocking/raw/archives/zopiclone.tar.gz::zopiclone/alpha2/2026091904/poses.pdbqt,338,8,valid,REMARK VINA RESULT:    -6.853      5.109      7.855
zopiclone,alpha2,2026091904,9,-6.77,5.023,8.065,runs/20260919_0724_10drug_standardized_redocking/raw/archives/zopiclone.tar.gz::zopiclone/alpha2/2026091904/poses.pdbqt,386,9,valid,REMARK VINA RESULT:    -6.770      5.023      8.065
zopiclone,alpha2,2026091905,1,-8.1,0.0,0.0,runs/20260919_0724_10drug_standardized_redocking/raw/archives/zopiclone.tar.gz::zopiclone/alpha2/2026091905/poses.pdbqt,2,1,valid,REMARK VINA RESULT:    -8.100      0.000      0.000
zopiclone,alpha2,2026091905,2,-7.706,4.066,6.319,runs/20260919_0724_10drug_standardized_redocking/raw/archives/zopiclone.tar.gz::zopiclone/alpha2/2026091905/poses.pdbqt,50,2,valid,REMARK VINA RESULT:    -7.706      4.066      6.319
zopiclone,alpha2,2026091905,3,-7.447,4.487,6.802,runs/20260919_0724_10drug_standardized_redocking/raw/archives/zopiclone.tar.gz::zopiclone/alpha2/2026091905/poses.pdbqt,98,3,valid,REMARK VINA RESULT:    -7.447      4.487      6.802
zopiclone,alpha2,2026091905,4,-7.18,4.073,7.295,runs/20260919_0724_10drug_standardized_redocking/raw/archives/zopiclone.tar.gz::zopiclone/alpha2/2026091905/poses.pdbqt,146,4,valid,REMARK VINA RESULT:    -7.180      4.073      7.295
zopiclone,alpha2,2026091905,5,-7.024,6.156,8.471,runs/20260919_0724_10drug_standardized_redocking/raw/archives/zopiclone.tar.gz::zopiclone/alpha2/2026091905/poses.pdbqt,194,5,valid,REMARK VINA RESULT:    -7.024      6.156      8.471
zopiclone,alpha2,2026091905,6,-6.863,5.152,7.899,runs/20260919_0724_10drug_standardized_redocking/raw/archives/zopiclone.tar.gz::zopiclone/alpha2/2026091905/poses.pdbqt,242,6,valid,REMARK VINA RESULT:    -6.863      5.152      7.899
zopiclone,alpha2,2026091905,7,-6.851,4.776,9.26,runs/20260919_0724_10drug_standardized_redocking/raw/archives/zopiclone.tar.gz::zopiclone/alpha2/2026091905/poses.pdbqt,290,7,valid,REMARK VINA RESULT:    -6.851      4.776      9.260
zopiclone,alpha2,2026091905,8,-6.807,7.933,9.887,runs/20260919_0724_10drug_standardized_redocking/raw/archives/zopiclone.tar.gz::zopiclone/alpha2/2026091905/poses.pdbqt,338,8,valid,REMARK VINA RESULT:    -6.807      7.933      9.887
zopiclone,alpha2,2026091905,9,-6.788,4.99,7.996,runs/20260919_0724_10drug_standardized_redocking/raw/archives/zopiclone.tar.gz::zopiclone/alpha2/2026091905/poses.pdbqt,386,9,valid,REMARK VINA RESULT:    -6.788      4.990      7.996
zaleplon,alpha1,2026091901,1,-9.18,0.0,0.0,runs/20260919_0724_10drug_standardized_redocking/raw/archives/zaleplon.tar.gz::zaleplon/alpha1/2026091901/poses.pdbqt,2,1,valid,REMARK VINA RESULT:    -9.180      0.000      0.000
zaleplon,alpha1,2026091901,2,-8.846,1.945,6.83,runs/20260919_0724_10drug_standardized_redocking/raw/archives/zaleplon.tar.gz::zaleplon/alpha1/2026091901/poses.pdbqt,47,2,valid,REMARK VINA RESULT:    -8.846      1.945      6.830
zaleplon,alpha1,2026091901,3,-8.68,1.714,3.078,runs/20260919_0724_10drug_standardized_redocking/raw/archives/zaleplon.tar.gz::zaleplon/alpha1/2026091901/poses.pdbqt,92,3,valid,REMARK VINA RESULT:    -8.680      1.714      3.078
zaleplon,alpha1,2026091901,4,-8.522,1.495,2.554,runs/20260919_0724_10drug_standardized_redocking/raw/archives/zaleplon.tar.gz::zaleplon/alpha1/2026091901/poses.pdbqt,137,4,valid,REMARK VINA RESULT:    -8.522      1.495      2.554
zaleplon,alpha1,2026091901,5,-8.514,2.058,3.765,runs/20260919_0724_10drug_standardized_redocking/raw/archives/zaleplon.tar.gz::zaleplon/alpha1/2026091901/poses.pdbqt,182,5,valid,REMARK VINA RESULT:    -8.514      2.058      3.765
zaleplon,alpha1,2026091901,6,-8.436,2.09,3.356,runs/20260919_0724_10drug_standardized_redocking/raw/archives/zaleplon.tar.gz::zaleplon/alpha1/2026091901/poses.pdbqt,227,6,valid,REMARK VINA RESULT:    -8.436      2.090      3.356
zaleplon,alpha1,2026091901,7,-8.291,1.729,3.524,runs/20260919_0724_10drug_standardized_redocking/raw/archives/zaleplon.tar.gz::zaleplon/alpha1/2026091901/poses.pdbqt,272,7,valid,REMARK VINA RESULT:    -8.291      1.729      3.524
zaleplon,alpha1,2026091901,8,-8.273,2.601,7.309,runs/20260919_0724_10drug_standardized_redocking/raw/archives/zaleplon.tar.gz::zaleplon/alpha1/2026091901/poses.pdbqt,317,8,valid,REMARK VINA RESULT:    -8.273      2.601      7.309
zaleplon,alpha1,2026091901,9,-8.025,2.572,7.423,runs/20260919_0724_10drug_standardized_redocking/raw/archives/zaleplon.tar.gz::zaleplon/alpha1/2026091901/poses.pdbqt,362,9,valid,REMARK VINA RESULT:    -8.025      2.572      7.423
zaleplon,alpha1,2026091902,1,-9.171,0.0,0.0,runs/20260919_0724_10drug_standardized_redocking/raw/archives/zaleplon.tar.gz::zaleplon/alpha1/2026091902/poses.pdbqt,2,1,valid,REMARK VINA RESULT:    -9.171      0.000      0.000
zaleplon,alpha1,2026091902,2,-8.731,1.632,3.013,runs/20260919_0724_10drug_standardized_redocking/raw/archives/zaleplon.tar.gz::zaleplon/alpha1/2026091902/poses.pdbqt,47,2,valid,REMARK VINA RESULT:    -8.731      1.632      3.013
zaleplon,alpha1,2026091902,3,-8.711,2.223,6.935,runs/20260919_0724_10drug_standardized_redocking/raw/archives/zaleplon.tar.gz::zaleplon/alpha1/2026091902/poses.pdbqt,92,3,valid,REMARK VINA RESULT:    -8.711      2.223      6.935
zaleplon,alpha1,2026091902,4,-8.698,2.317,7.321,runs/20260919_0724_10drug_standardized_redocking/raw/archives/zaleplon.tar.gz::zaleplon/alpha1/2026091902/poses.pdbqt,137,4,valid,REMARK VINA RESULT:    -8.698      2.317      7.321
zaleplon,alpha1,2026091902,5,-8.556,2.783,4.521,runs/20260919_0724_10drug_standardized_redocking/raw/archives/zaleplon.tar.gz::zaleplon/alpha1/2026091902/poses.pdbqt,182,5,valid,REMARK VINA RESULT:    -8.556      2.783      4.521
zaleplon,alpha1,2026091902,6,-8.501,2.699,7.361,runs/20260919_0724_10drug_standardized_redocking/raw/archives/zaleplon.tar.gz::zaleplon/alpha1/2026091902/poses.pdbqt,227,6,valid,REMARK VINA RESULT:    -8.501      2.699      7.361
zaleplon,alpha1,2026091902,7,-8.19,2.033,3.446,runs/20260919_0724_10drug_standardized_redocking/raw/archives/zaleplon.tar.gz::zaleplon/alpha1/2026091902/poses.pdbqt,272,7,valid,REMARK VINA RESULT:    -8.190      2.033      3.446
zaleplon,alpha1,2026091902,8,-8.104,2.635,7.503,runs/20260919_0724_10drug_standardized_redocking/raw/archives/zaleplon.tar.gz::zaleplon/alpha1/2026091902/poses.pdbqt,317,8,valid,REMARK VINA RESULT:    -8.104      2.635      7.503
zaleplon,alpha1,2026091902,9,-7.922,1.789,2.816,runs/20260919_0724_10drug_standardized_redocking/raw/archives/zaleplon.tar.gz::zaleplon/alpha1/2026091902/poses.pdbqt,362,9,valid,REMARK VINA RESULT:    -7.922      1.789      2.816
zaleplon,alpha1,2026091903,1,-9.174,0.0,0.0,runs/20260919_0724_10drug_standardized_redocking/raw/archives/zaleplon.tar.gz::zaleplon/alpha1/2026091903/poses.pdbqt,2,1,valid,REMARK VINA RESULT:    -9.174      0.000      0.000
zaleplon,alpha1,2026091903,2,-8.842,1.94,6.839,runs/20260919_0724_10drug_standardized_redocking/raw/archives/zaleplon.tar.gz::zaleplon/alpha1/2026091903/poses.pdbqt,47,2,valid,REMARK VINA RESULT:    -8.842      1.940      6.839
zaleplon,alpha1,2026091903,3,-8.702,2.316,7.296,runs/20260919_0724_10drug_standardized_redocking/raw/archives/zaleplon.tar.gz::zaleplon/alpha1/2026091903/poses.pdbqt,92,3,valid,REMARK VINA RESULT:    -8.702      2.316      7.296
zaleplon,alpha1,2026091903,4,-8.615,1.703,3.114,runs/20260919_0724_10drug_standardized_redocking/raw/archives/zaleplon.tar.gz::zaleplon/alpha1/2026091903/poses.pdbqt,137,4,valid,REMARK VINA RESULT:    -8.615      1.703      3.114
zaleplon,alpha1,2026091903,5,-8.567,2.844,7.41,runs/20260919_0724_10drug_standardized_redocking/raw/archives/zaleplon.tar.gz::zaleplon/alpha1/2026091903/poses.pdbqt,182,5,valid,REMARK VINA RESULT:    -8.567      2.844      7.410
zaleplon,alpha1,2026091903,6,-8.523,2.458,3.732,runs/20260919_0724_10drug_standardized_redocking/raw/archives/zaleplon.tar.gz::zaleplon/alpha1/2026091903/poses.pdbqt,227,6,valid,REMARK VINA RESULT:    -8.523      2.458      3.732
zaleplon,alpha1,2026091903,7,-8.319,1.537,2.627,runs/20260919_0724_10drug_standardized_redocking/raw/archives/zaleplon.tar.gz::zaleplon/alpha1/2026091903/poses.pdbqt,272,7,valid,REMARK VINA RESULT:    -8.319      1.537      2.627
zaleplon,alpha1,2026091903,8,-8.19,1.663,2.12,runs/20260919_0724_10drug_standardized_redocking/raw/archives/zaleplon.tar.gz::zaleplon/alpha1/2026091903/poses.pdbqt,317,8,valid,REMARK VINA RESULT:    -8.190      1.663      2.120
zaleplon,alpha1,2026091903,9,-8.139,2.61,7.509,runs/20260919_0724_10drug_standardized_redocking/raw/archives/zaleplon.tar.gz::zaleplon/alpha1/2026091903/poses.pdbqt,362,9,valid,REMARK VINA RESULT:    -8.139      2.610      7.509
zaleplon,alpha1,2026091904,1,-9.182,0.0,0.0,runs/20260919_0724_10drug_standardized_redocking/raw/archives/zaleplon.tar.gz::zaleplon/alpha1/2026091904/poses.pdbqt,2,1,valid,REMARK VINA RESULT:    -9.182      0.000      0.000
zaleplon,alpha1,2026091904,2,-8.749,2.218,6.946,runs/20260919_0724_10drug_standardized_redocking/raw/archives/zaleplon.tar.gz::zaleplon/alpha1/2026091904/poses.pdbqt,47,2,valid,REMARK VINA RESULT:    -8.749      2.218      6.946
zaleplon,alpha1,2026091904,3,-8.741,2.345,7.301,runs/20260919_0724_10drug_standardized_redocking/raw/archives/zaleplon.tar.gz::zaleplon/alpha1/2026091904/poses.pdbqt,92,3,valid,REMARK VINA RESULT:    -8.741      2.345      7.301
zaleplon,alpha1,2026091904,4,-8.724,1.244,2.247,runs/20260919_0724_10drug_standardized_redocking/raw/archives/zaleplon.tar.gz::zaleplon/alpha1/2026091904/poses.pdbqt,137,4,valid,REMARK VINA RESULT:    -8.724      1.244      2.247
zaleplon,alpha1,2026091904,5,-8.707,1.667,3.038,runs/20260919_0724_10drug_standardized_redocking/raw/archives/zaleplon.tar.gz::zaleplon/alpha1/2026091904/poses.pdbqt,182,5,valid,REMARK VINA RESULT:    -8.707      1.667      3.038
zaleplon,alpha1,2026091904,6,-8.608,2.82,7.412,runs/20260919_0724_10drug_standardized_redocking/raw/archives/zaleplon.tar.gz::zaleplon/alpha1/2026091904/poses.pdbqt,227,6,valid,REMARK VINA RESULT:    -8.608      2.820      7.412
zaleplon,alpha1,2026091904,7,-8.552,1.5,2.026,runs/20260919_0724_10drug_standardized_redocking/raw/archives/zaleplon.tar.gz::zaleplon/alpha1/2026091904/poses.pdbqt,272,7,valid,REMARK VINA RESULT:    -8.552      1.500      2.026
zaleplon,alpha1,2026091904,8,-8.174,2.498,7.473,runs/20260919_0724_10drug_standardized_redocking/raw/archives/zaleplon.tar.gz::zaleplon/alpha1/2026091904/poses.pdbqt,317,8,valid,REMARK VINA RESULT:    -8.174      2.498      7.473
zaleplon,alpha1,2026091904,9,-7.664,2.678,7.497,runs/20260919_0724_10drug_standardized_redocking/raw/archives/zaleplon.tar.gz::zaleplon/alpha1/2026091904/poses.pdbqt,362,9,valid,REMARK VINA RESULT:    -7.664      2.678      7.497
zaleplon,alpha1,2026091905,1,-9.208,0.0,0.0,runs/20260919_0724_10drug_standardized_redocking/raw/archives/zaleplon.tar.gz::zaleplon/alpha1/2026091905/poses.pdbqt,2,1,valid,REMARK VINA RESULT:    -9.208      0.000      0.000
zaleplon,alpha1,2026091905,2,-8.741,2.229,6.913,runs/20260919_0724_10drug_standardized_redocking/raw/archives/zaleplon.tar.gz::zaleplon/alpha1/2026091905/poses.pdbqt,47,2,valid,REMARK VINA RESULT:    -8.741      2.229      6.913
zaleplon,alpha1,2026091905,3,-8.713,2.308,7.317,runs/20260919_0724_10drug_standardized_redocking/raw/archives/zaleplon.tar.gz::zaleplon/alpha1/2026091905/poses.pdbqt,92,3,valid,REMARK VINA RESULT:    -8.713      2.308      7.317
zaleplon,alpha1,2026091905,4,-8.693,1.7,3.079,runs/20260919_0724_10drug_standardized_redocking/raw/archives/zaleplon.tar.gz::zaleplon/alpha1/2026091905/poses.pdbqt,137,4,valid,REMARK VINA RESULT:    -8.693      1.700      3.079
zaleplon,alpha1,2026091905,5,-8.579,2.754,7.371,runs/20260919_0724_10drug_standardized_redocking/raw/archives/zaleplon.tar.gz::zaleplon/alpha1/2026091905/poses.pdbqt,182,5,valid,REMARK VINA RESULT:    -8.579      2.754      7.371
zaleplon,alpha1,2026091905,6,-8.486,2.587,4.321,runs/20260919_0724_10drug_standardized_redocking/raw/archives/zaleplon.tar.gz::zaleplon/alpha1/2026091905/poses.pdbqt,227,6,valid,REMARK VINA RESULT:    -8.486      2.587      4.321
zaleplon,alpha1,2026091905,7,-8.485,2.471,3.731,runs/20260919_0724_10drug_standardized_redocking/raw/archives/zaleplon.tar.gz::zaleplon/alpha1/2026091905/poses.pdbqt,272,7,valid,REMARK VINA RESULT:    -8.485      2.471      3.731
zaleplon,alpha1,2026091905,8,-8.44,2.061,3.283,runs/20260919_0724_10drug_standardized_redocking/raw/archives/zaleplon.tar.gz::zaleplon/alpha1/2026091905/poses.pdbqt,317,8,valid,REMARK VINA RESULT:    -8.440      2.061      3.283
zaleplon,alpha1,2026091905,9,-8.255,1.628,2.048,runs/20260919_0724_10drug_standardized_redocking/raw/archives/zaleplon.tar.gz::zaleplon/alpha1/2026091905/poses.pdbqt,362,9,valid,REMARK VINA RESULT:    -8.255      1.628      2.048
zaleplon,alpha2,2026091901,1,-8.62,0.0,0.0,runs/20260919_0724_10drug_standardized_redocking/raw/archives/zaleplon.tar.gz::zaleplon/alpha2/2026091901/poses.pdbqt,2,1,valid,REMARK VINA RESULT:    -8.620      0.000      0.000
zaleplon,alpha2,2026091901,2,-8.461,2.029,6.904,runs/20260919_0724_10drug_standardized_redocking/raw/archives/zaleplon.tar.gz::zaleplon/alpha2/2026091901/poses.pdbqt,47,2,valid,REMARK VINA RESULT:    -8.461      2.029      6.904
zaleplon,alpha2,2026091901,3,-7.755,2.609,7.215,runs/20260919_0724_10drug_standardized_redocking/raw/archives/zaleplon.tar.gz::zaleplon/alpha2/2026091901/poses.pdbqt,92,3,valid,REMARK VINA RESULT:    -7.755      2.609      7.215
zaleplon,alpha2,2026091901,4,-7.717,2.716,7.134,runs/20260919_0724_10drug_standardized_redocking/raw/archives/zaleplon.tar.gz::zaleplon/alpha2/2026091901/poses.pdbqt,137,4,valid,REMARK VINA RESULT:    -7.717      2.716      7.134
zaleplon,alpha2,2026091901,5,-7.596,1.751,1.997,runs/20260919_0724_10drug_standardized_redocking/raw/archives/zaleplon.tar.gz::zaleplon/alpha2/2026091901/poses.pdbqt,182,5,valid,REMARK VINA RESULT:    -7.596      1.751      1.997
zaleplon,alpha2,2026091901,6,-7.433,3.339,8.069,runs/20260919_0724_10drug_standardized_redocking/raw/archives/zaleplon.tar.gz::zaleplon/alpha2/2026091901/poses.pdbqt,227,6,valid,REMARK VINA RESULT:    -7.433      3.339      8.069
zaleplon,alpha2,2026091901,7,-6.992,3.787,8.261,runs/20260919_0724_10drug_standardized_redocking/raw/archives/zaleplon.tar.gz::zaleplon/alpha2/2026091901/poses.pdbqt,272,7,valid,REMARK VINA RESULT:    -6.992      3.787      8.261
zaleplon,alpha2,2026091901,8,-6.909,2.13,3.461,runs/20260919_0724_10drug_standardized_redocking/raw/archives/zaleplon.tar.gz::zaleplon/alpha2/2026091901/poses.pdbqt,317,8,valid,REMARK VINA RESULT:    -6.909      2.130      3.461
zaleplon,alpha2,2026091901,9,-6.846,4.7,7.48,runs/20260919_0724_10drug_standardized_redocking/raw/archives/zaleplon.tar.gz::zaleplon/alpha2/2026091901/poses.pdbqt,362,9,valid,REMARK VINA RESULT:    -6.846      4.700      7.480
zaleplon,alpha2,2026091902,1,-8.601,0.0,0.0,runs/20260919_0724_10drug_standardized_redocking/raw/archives/zaleplon.tar.gz::zaleplon/alpha2/2026091902/poses.pdbqt,2,1,valid,REMARK VINA RESULT:    -8.601      0.000      0.000
zaleplon,alpha2,2026091902,2,-8.376,2.005,6.92,runs/20260919_0724_10drug_standardized_redocking/raw/archives/zaleplon.tar.gz::zaleplon/alpha2/2026091902/poses.pdbqt,47,2,valid,REMARK VINA RESULT:    -8.376      2.005      6.920
zaleplon,alpha2,2026091902,3,-8.142,2.537,7.31,runs/20260919_0724_10drug_standardized_redocking/raw/archives/zaleplon.tar.gz::zaleplon/alpha2/2026091902/poses.pdbqt,92,3,valid,REMARK VINA RESULT:    -8.142      2.537      7.310
zaleplon,alpha2,2026091902,4,-7.905,1.925,6.522,runs/20260919_0724_10drug_standardized_redocking/raw/archives/zaleplon.tar.gz::zaleplon/alpha2/2026091902/poses.pdbqt,137,4,valid,REMARK VINA RESULT:    -7.905      1.925      6.522
zaleplon,alpha2,2026091902,5,-7.599,2.422,7.247,runs/20260919_0724_10drug_standardized_redocking/raw/archives/zaleplon.tar.gz::zaleplon/alpha2/2026091902/poses.pdbqt,182,5,valid,REMARK VINA RESULT:    -7.599      2.422      7.247
zaleplon,alpha2,2026091902,6,-6.824,4.562,7.506,runs/20260919_0724_10drug_standardized_redocking/raw/archives/zaleplon.tar.gz::zaleplon/alpha2/2026091902/poses.pdbqt,227,6,valid,REMARK VINA RESULT:    -6.824      4.562      7.506
zaleplon,alpha2,2026091902,7,-6.784,2.061,3.332,runs/20260919_0724_10drug_standardized_redocking/raw/archives/zaleplon.tar.gz::zaleplon/alpha2/2026091902/poses.pdbqt,272,7,valid,REMARK VINA RESULT:    -6.784      2.061      3.332
zaleplon,alpha2,2026091902,8,-6.75,2.886,4.864,runs/20260919_0724_10drug_standardized_redocking/raw/archives/zaleplon.tar.gz::zaleplon/alpha2/2026091902/poses.pdbqt,317,8,valid,REMARK VINA RESULT:    -6.750      2.886      4.864
zaleplon,alpha2,2026091902,9,-6.612,2.519,4.38,runs/20260919_0724_10drug_standardized_redocking/raw/archives/zaleplon.tar.gz::zaleplon/alpha2/2026091902/poses.pdbqt,362,9,valid,REMARK VINA RESULT:    -6.612      2.519      4.380
zaleplon,alpha2,2026091903,1,-8.629,0.0,0.0,runs/20260919_0724_10drug_standardized_redocking/raw/archives/zaleplon.tar.gz::zaleplon/alpha2/2026091903/poses.pdbqt,2,1,valid,REMARK VINA RESULT:    -8.629      0.000      0.000
zaleplon,alpha2,2026091903,2,-8.213,2.464,7.251,runs/20260919_0724_10drug_standardized_redocking/raw/archives/zaleplon.tar.gz::zaleplon/alpha2/2026091903/poses.pdbqt,47,2,valid,REMARK VINA RESULT:    -8.213      2.464      7.251
zaleplon,alpha2,2026091903,3,-8.107,1.687,2.245,runs/20260919_0724_10drug_standardized_redocking/raw/archives/zaleplon.tar.gz::zaleplon/alpha2/2026091903/poses.pdbqt,92,3,valid,REMARK VINA RESULT:    -8.107      1.687      2.245
zaleplon,alpha2,2026091903,4,-7.727,1.738,2.872,runs/20260919_0724_10drug_standardized_redocking/raw/archives/zaleplon.tar.gz::zaleplon/alpha2/2026091903/poses.pdbqt,137,4,valid,REMARK VINA RESULT:    -7.727      1.738      2.872
zaleplon,alpha2,2026091903,5,-7.579,2.327,7.19,runs/20260919_0724_10drug_standardized_redocking/raw/archives/zaleplon.tar.gz::zaleplon/alpha2/2026091903/poses.pdbqt,182,5,valid,REMARK VINA RESULT:    -7.579      2.327      7.190
zaleplon,alpha2,2026091903,6,-7.154,2.963,7.621,runs/20260919_0724_10drug_standardized_redocking/raw/archives/zaleplon.tar.gz::zaleplon/alpha2/2026091903/poses.pdbqt,227,6,valid,REMARK VINA RESULT:    -7.154      2.963      7.621
zaleplon,alpha2,2026091903,7,-7.124,3.189,7.931,runs/20260919_0724_10drug_standardized_redocking/raw/archives/zaleplon.tar.gz::zaleplon/alpha2/2026091903/poses.pdbqt,272,7,valid,REMARK VINA RESULT:    -7.124      3.189      7.931
zaleplon,alpha2,2026091903,8,-6.889,4.691,7.567,runs/20260919_0724_10drug_standardized_redocking/raw/archives/zaleplon.tar.gz::zaleplon/alpha2/2026091903/poses.pdbqt,317,8,valid,REMARK VINA RESULT:    -6.889      4.691      7.567
zaleplon,alpha2,2026091903,9,-6.837,2.23,3.615,runs/20260919_0724_10drug_standardized_redocking/raw/archives/zaleplon.tar.gz::zaleplon/alpha2/2026091903/poses.pdbqt,362,9,valid,REMARK VINA RESULT:    -6.837      2.230      3.615
zaleplon,alpha2,2026091904,1,-8.536,0.0,0.0,runs/20260919_0724_10drug_standardized_redocking/raw/archives/zaleplon.tar.gz::zaleplon/alpha2/2026091904/poses.pdbqt,2,1,valid,REMARK VINA RESULT:    -8.536      0.000      0.000
zaleplon,alpha2,2026091904,2,-8.46,2.307,6.884,runs/20260919_0724_10drug_standardized_redocking/raw/archives/zaleplon.tar.gz::zaleplon/alpha2/2026091904/poses.pdbqt,47,2,valid,REMARK VINA RESULT:    -8.460      2.307      6.884
zaleplon,alpha2,2026091904,3,-7.534,1.857,2.943,runs/20260919_0724_10drug_standardized_redocking/raw/archives/zaleplon.tar.gz::zaleplon/alpha2/2026091904/poses.pdbqt,92,3,valid,REMARK VINA RESULT:    -7.534      1.857      2.943
zaleplon,alpha2,2026091904,4,-7.51,2.006,6.576,runs/20260919_0724_10drug_standardized_redocking/raw/archives/zaleplon.tar.gz::zaleplon/alpha2/2026091904/poses.pdbqt,137,4,valid,REMARK VINA RESULT:    -7.510      2.006      6.576
zaleplon,alpha2,2026091904,5,-6.986,3.18,7.751,runs/20260919_0724_10drug_standardized_redocking/raw/archives/zaleplon.tar.gz::zaleplon/alpha2/2026091904/poses.pdbqt,182,5,valid,REMARK VINA RESULT:    -6.986      3.180      7.751
zaleplon,alpha2,2026091904,6,-6.907,2.278,3.779,runs/20260919_0724_10drug_standardized_redocking/raw/archives/zaleplon.tar.gz::zaleplon/alpha2/2026091904/poses.pdbqt,227,6,valid,REMARK VINA RESULT:    -6.907      2.278      3.779
zaleplon,alpha2,2026091904,7,-6.851,3.611,8.404,runs/20260919_0724_10drug_standardized_redocking/raw/archives/zaleplon.tar.gz::zaleplon/alpha2/2026091904/poses.pdbqt,272,7,valid,REMARK VINA RESULT:    -6.851      3.611      8.404
zaleplon,alpha2,2026091904,8,-6.831,4.444,7.451,runs/20260919_0724_10drug_standardized_redocking/raw/archives/zaleplon.tar.gz::zaleplon/alpha2/2026091904/poses.pdbqt,317,8,valid,REMARK VINA RESULT:    -6.831      4.444      7.451
zaleplon,alpha2,2026091904,9,-6.586,3.442,6.478,runs/20260919_0724_10drug_standardized_redocking/raw/archives/zaleplon.tar.gz::zaleplon/alpha2/2026091904/poses.pdbqt,362,9,valid,REMARK VINA RESULT:    -6.586      3.442      6.478
zaleplon,alpha2,2026091905,1,-8.593,0.0,0.0,runs/20260919_0724_10drug_standardized_redocking/raw/archives/zaleplon.tar.gz::zaleplon/alpha2/2026091905/poses.pdbqt,2,1,valid,REMARK VINA RESULT:    -8.593      0.000      0.000
zaleplon,alpha2,2026091905,2,-8.534,2.076,6.89,runs/20260919_0724_10drug_standardized_redocking/raw/archives/zaleplon.tar.gz::zaleplon/alpha2/2026091905/poses.pdbqt,47,2,valid,REMARK VINA RESULT:    -8.534      2.076      6.890
zaleplon,alpha2,2026091905,3,-7.812,1.915,6.648,runs/20260919_0724_10drug_standardized_redocking/raw/archives/zaleplon.tar.gz::zaleplon/alpha2/2026091905/poses.pdbqt,92,3,valid,REMARK VINA RESULT:    -7.812      1.915      6.648
zaleplon,alpha2,2026091905,4,-7.262,3.348,7.23,runs/20260919_0724_10drug_standardized_redocking/raw/archives/zaleplon.tar.gz::zaleplon/alpha2/2026091905/poses.pdbqt,137,4,valid,REMARK VINA RESULT:    -7.262      3.348      7.230
zaleplon,alpha2,2026091905,5,-7.107,3.269,8.009,runs/20260919_0724_10drug_standardized_redocking/raw/archives/zaleplon.tar.gz::zaleplon/alpha2/2026091905/poses.pdbqt,182,5,valid,REMARK VINA RESULT:    -7.107      3.269      8.009
zaleplon,alpha2,2026091905,6,-6.984,3.153,7.48,runs/20260919_0724_10drug_standardized_redocking/raw/archives/zaleplon.tar.gz::zaleplon/alpha2/2026091905/poses.pdbqt,227,6,valid,REMARK VINA RESULT:    -6.984      3.153      7.480
zaleplon,alpha2,2026091905,7,-6.963,2.22,3.613,runs/20260919_0724_10drug_standardized_redocking/raw/archives/zaleplon.tar.gz::zaleplon/alpha2/2026091905/poses.pdbqt,272,7,valid,REMARK VINA RESULT:    -6.963      2.220      3.613
zaleplon,alpha2,2026091905,8,-6.928,3.454,8.458,runs/20260919_0724_10drug_standardized_redocking/raw/archives/zaleplon.tar.gz::zaleplon/alpha2/2026091905/poses.pdbqt,317,8,valid,REMARK VINA RESULT:    -6.928      3.454      8.458
zaleplon,alpha2,2026091905,9,-6.854,4.731,7.512,runs/20260919_0724_10drug_standardized_redocking/raw/archives/zaleplon.tar.gz::zaleplon/alpha2/2026091905/poses.pdbqt,362,9,valid,REMARK VINA RESULT:    -6.854      4.731      7.512
