source_row_id,drug_id,receptor_id,pose_id,interaction_type,residue_number,residue_chain,raw_attributes,residue_name,common_position,interface_subunit,mapping_status,mapping_method,qc_required,original_mapping_status,recovery_status,recovery_reason
0,diazepam,alpha1_beta3_gamma2,1,hydrophobic_interaction,58,C,"{""dist"": ""3.32"", ""id"": ""1"", ""ligcarbonidx"": ""13802"", ""protcarbonidx"": ""5801"", ""reschain"": ""C"", ""reschain_lig"": ""Z"", ""resnr"": ""58"", ""resnr_lig"": ""1"", ""restype"": ""TYR"", ""restype_lig"": ""LIG""}",TYR,BZD_GAMMA2_058,gamma2,mapped_gamma2_sequence_alignment,global sequence alignment (Biopython PairwiseAligner) + PDB residue lookup,False,unresolved,recovered_bzd_interface,gamma2_C_to_E_alignment
1,diazepam,alpha1_beta3_gamma2,1,hydrophobic_interaction,77,C,"{""dist"": ""3.57"", ""id"": ""2"", ""ligcarbonidx"": ""13793"", ""protcarbonidx"": ""5953"", ""reschain"": ""C"", ""reschain_lig"": ""Z"", ""resnr"": ""77"", ""resnr_lig"": ""1"", ""restype"": ""PHE"", ""restype_lig"": ""LIG""}",PHE,BZD_GAMMA2_077,gamma2,mapped_gamma2_sequence_alignment,global sequence alignment (Biopython PairwiseAligner) + PDB residue lookup,False,unresolved,recovered_bzd_interface,gamma2_C_to_E_alignment
2,diazepam,alpha1_beta3_gamma2,1,hydrophobic_interaction,77,C,"{""dist"": ""3.52"", ""id"": ""3"", ""ligcarbonidx"": ""13799"", ""protcarbonidx"": ""5950"", ""reschain"": ""C"", ""reschain_lig"": ""Z"", ""resnr"": ""77"", ""resnr_lig"": ""1"", ""restype"": ""PHE"", ""restype_lig"": ""LIG""}",PHE,BZD_GAMMA2_077,gamma2,mapped_gamma2_sequence_alignment,global sequence alignment (Biopython PairwiseAligner) + PDB residue lookup,False,unresolved,recovered_bzd_interface,gamma2_C_to_E_alignment
3,diazepam,alpha1_beta3_gamma2,1,hydrophobic_interaction,100,D,"{""dist"": ""2.92"", ""id"": ""4"", ""ligcarbonidx"": ""13794"", ""protcarbonidx"": ""8994"", ""reschain"": ""D"", ""reschain_lig"": ""Z"", ""resnr"": ""100"", ""resnr_lig"": ""1"", ""restype"": ""PHE"", ""restype_lig"": ""LIG""}",PHE,BZD_SITE_101,,mapped_global_sequence_alignment,global sequence alignment (Biopython PairwiseAligner) + PDB residue lookup,False,mapped_prior_or_not_in_prior_qc,already_mapped_prior,prior_alpha_chain_mapping
4,diazepam,alpha1_beta3_gamma2,1,hydrophobic_interaction,160,D,"{""dist"": ""3.36"", ""id"": ""5"", ""ligcarbonidx"": ""13794"", ""protcarbonidx"": ""9467"", ""reschain"": ""D"", ""reschain_lig"": ""Z"", ""resnr"": ""160"", ""resnr_lig"": ""1"", ""restype"": ""TYR"", ""restype_lig"": ""LIG""}",TYR,BZD_SITE_161,,mapped_global_sequence_alignment,global sequence alignment (Biopython PairwiseAligner) + PDB residue lookup,False,mapped_prior_or_not_in_prior_qc,already_mapped_prior,prior_alpha_chain_mapping
5,diazepam,alpha1_beta3_gamma2,1,pi_stack,58,C,"{""angle"": ""22.39"", ""centdist"": ""4.07"", ""id"": ""1"", ""offset"": ""1.82"", ""reschain"": ""C"", ""reschain_lig"": ""Z"", ""resnr"": ""58"", ""resnr_lig"": ""1"", ""restype"": ""TYR"", ""restype_lig"": ""LIG"", ""type"": ""P""}",TYR,BZD_GAMMA2_058,gamma2,mapped_gamma2_sequence_alignment,global sequence alignment (Biopython PairwiseAligner) + PDB residue lookup,False,unresolved,recovered_bzd_interface,gamma2_C_to_E_alignment
6,diazepam,alpha1_beta3_gamma2,1,pi_stack,210,D,"{""angle"": ""63.89"", ""centdist"": ""4.58"", ""id"": ""2"", ""offset"": ""1.19"", ""reschain"": ""D"", ""reschain_lig"": ""Z"", ""resnr"": ""210"", ""resnr_lig"": ""1"", ""restype"": ""TYR"", ""restype_lig"": ""LIG"", ""type"": ""T""}",TYR,BZD_SITE_211,,mapped_global_sequence_alignment,global sequence alignment (Biopython PairwiseAligner) + PDB residue lookup,False,mapped_prior_or_not_in_prior_qc,already_mapped_prior,prior_alpha_chain_mapping
7,diazepam,alpha1_beta3_gamma2,2,hydrophobic_interaction,58,C,"{""dist"": ""3.95"", ""id"": ""1"", ""ligcarbonidx"": ""13799"", ""protcarbonidx"": ""5806"", ""reschain"": ""C"", ""reschain_lig"": ""Z"", ""resnr"": ""58"", ""resnr_lig"": ""1"", ""restype"": ""TYR"", ""restype_lig"": ""LIG""}",TYR,BZD_GAMMA2_058,gamma2,mapped_gamma2_sequence_alignment,global sequence alignment (Biopython PairwiseAligner) + PDB residue lookup,False,unresolved,recovered_bzd_interface,gamma2_C_to_E_alignment
8,diazepam,alpha1_beta3_gamma2,2,hydrophobic_interaction,77,C,"{""dist"": ""3.37"", ""id"": ""2"", ""ligcarbonidx"": ""13793"", ""protcarbonidx"": ""5953"", ""reschain"": ""C"", ""reschain_lig"": ""Z"", ""resnr"": ""77"", ""resnr_lig"": ""1"", ""restype"": ""PHE"", ""restype_lig"": ""LIG""}",PHE,BZD_GAMMA2_077,gamma2,mapped_gamma2_sequence_alignment,global sequence alignment (Biopython PairwiseAligner) + PDB residue lookup,False,unresolved,recovered_bzd_interface,gamma2_C_to_E_alignment
9,diazepam,alpha1_beta3_gamma2,2,hydrophobic_interaction,100,D,"{""dist"": ""3.30"", ""id"": ""3"", ""ligcarbonidx"": ""13794"", ""protcarbonidx"": ""8994"", ""reschain"": ""D"", ""reschain_lig"": ""Z"", ""resnr"": ""100"", ""resnr_lig"": ""1"", ""restype"": ""PHE"", ""restype_lig"": ""LIG""}",PHE,BZD_SITE_101,,mapped_global_sequence_alignment,global sequence alignment (Biopython PairwiseAligner) + PDB residue lookup,False,mapped_prior_or_not_in_prior_qc,already_mapped_prior,prior_alpha_chain_mapping
10,diazepam,alpha1_beta3_gamma2,2,hydrophobic_interaction,160,D,"{""dist"": ""3.97"", ""id"": ""4"", ""ligcarbonidx"": ""13794"", ""protcarbonidx"": ""9467"", ""reschain"": ""D"", ""reschain_lig"": ""Z"", ""resnr"": ""160"", ""resnr_lig"": ""1"", ""restype"": ""TYR"", ""restype_lig"": ""LIG""}",TYR,BZD_SITE_161,,mapped_global_sequence_alignment,global sequence alignment (Biopython PairwiseAligner) + PDB residue lookup,False,mapped_prior_or_not_in_prior_qc,already_mapped_prior,prior_alpha_chain_mapping
11,diazepam,alpha1_beta3_gamma2,2,hydrophobic_interaction,203,D,"{""dist"": ""3.67"", ""id"": ""5"", ""ligcarbonidx"": ""13803"", ""protcarbonidx"": ""9810"", ""reschain"": ""D"", ""reschain_lig"": ""Z"", ""resnr"": ""203"", ""resnr_lig"": ""1"", ""restype"": ""VAL"", ""restype_lig"": ""LIG""}",VAL,BZD_SITE_204,,mapped_global_sequence_alignment,global sequence alignment (Biopython PairwiseAligner) + PDB residue lookup,False,mapped_prior_or_not_in_prior_qc,already_mapped_prior,prior_alpha_chain_mapping
12,diazepam,alpha1_beta3_gamma2,2,hydrophobic_interaction,203,D,"{""dist"": ""3.74"", ""id"": ""6"", ""ligcarbonidx"": ""13798"", ""protcarbonidx"": ""9810"", ""reschain"": ""D"", ""reschain_lig"": ""Z"", ""resnr"": ""203"", ""resnr_lig"": ""1"", ""restype"": ""VAL"", ""restype_lig"": ""LIG""}",VAL,BZD_SITE_204,,mapped_global_sequence_alignment,global sequence alignment (Biopython PairwiseAligner) + PDB residue lookup,False,mapped_prior_or_not_in_prior_qc,already_mapped_prior,prior_alpha_chain_mapping
13,diazepam,alpha1_beta3_gamma2,2,hydrophobic_interaction,210,D,"{""dist"": ""3.40"", ""id"": ""7"", ""ligcarbonidx"": ""13796"", ""protcarbonidx"": ""9860"", ""reschain"": ""D"", ""reschain_lig"": ""Z"", ""resnr"": ""210"", ""resnr_lig"": ""1"", ""restype"": ""TYR"", ""restype_lig"": ""LIG""}",TYR,BZD_SITE_211,,mapped_global_sequence_alignment,global sequence alignment (Biopython PairwiseAligner) + PDB residue lookup,False,mapped_prior_or_not_in_prior_qc,already_mapped_prior,prior_alpha_chain_mapping
14,diazepam,alpha1_beta3_gamma2,2,pi_stack,102,D,"{""angle"": ""75.69"", ""centdist"": ""4.81"", ""id"": ""1"", ""offset"": ""1.34"", ""reschain"": ""D"", ""reschain_lig"": ""Z"", ""resnr"": ""102"", ""resnr_lig"": ""1"", ""restype"": ""HIS"", ""restype_lig"": ""LIG"", ""type"": ""T""}",HIS,BZD_SITE_103,,mapped_global_sequence_alignment,global sequence alignment (Biopython PairwiseAligner) + PDB residue lookup,False,mapped_prior_or_not_in_prior_qc,already_mapped_prior,prior_alpha_chain_mapping
15,diazepam,alpha1_beta3_gamma2,3,hydrophobic_interaction,77,C,"{""dist"": ""3.30"", ""id"": ""1"", ""ligcarbonidx"": ""13793"", ""protcarbonidx"": ""5953"", ""reschain"": ""C"", ""reschain_lig"": ""Z"", ""resnr"": ""77"", ""resnr_lig"": ""1"", ""restype"": ""PHE"", ""restype_lig"": ""LIG""}",PHE,BZD_GAMMA2_077,gamma2,mapped_gamma2_sequence_alignment,global sequence alignment (Biopython PairwiseAligner) + PDB residue lookup,False,unresolved,recovered_bzd_interface,gamma2_C_to_E_alignment
16,diazepam,alpha1_beta3_gamma2,3,hydrophobic_interaction,100,D,"{""dist"": ""3.85"", ""id"": ""2"", ""ligcarbonidx"": ""13794"", ""protcarbonidx"": ""8994"", ""reschain"": ""D"", ""reschain_lig"": ""Z"", ""resnr"": ""100"", ""resnr_lig"": ""1"", ""restype"": ""PHE"", ""restype_lig"": ""LIG""}",PHE,BZD_SITE_101,,mapped_global_sequence_alignment,global sequence alignment (Biopython PairwiseAligner) + PDB residue lookup,False,mapped_prior_or_not_in_prior_qc,already_mapped_prior,prior_alpha_chain_mapping
17,diazepam,alpha1_beta3_gamma2,3,hydrophobic_interaction,210,D,"{""dist"": ""3.29"", ""id"": ""3"", ""ligcarbonidx"": ""13796"", ""protcarbonidx"": ""9860"", ""reschain"": ""D"", ""reschain_lig"": ""Z"", ""resnr"": ""210"", ""resnr_lig"": ""1"", ""restype"": ""TYR"", ""restype_lig"": ""LIG""}",TYR,BZD_SITE_211,,mapped_global_sequence_alignment,global sequence alignment (Biopython PairwiseAligner) + PDB residue lookup,False,mapped_prior_or_not_in_prior_qc,already_mapped_prior,prior_alpha_chain_mapping
18,diazepam,alpha1_beta3_gamma2,3,hydrophobic_interaction,210,D,"{""dist"": ""3.99"", ""id"": ""4"", ""ligcarbonidx"": ""13795"", ""protcarbonidx"": ""9862"", ""reschain"": ""D"", ""reschain_lig"": ""Z"", ""resnr"": ""210"", ""resnr_lig"": ""1"", ""restype"": ""TYR"", ""restype_lig"": ""LIG""}",TYR,BZD_SITE_211,,mapped_global_sequence_alignment,global sequence alignment (Biopython PairwiseAligner) + PDB residue lookup,False,mapped_prior_or_not_in_prior_qc,already_mapped_prior,prior_alpha_chain_mapping
19,diazepam,alpha1_beta3_gamma2,3,pi_stack,58,C,"{""angle"": ""12.92"", ""centdist"": ""3.94"", ""id"": ""1"", ""offset"": ""1.55"", ""reschain"": ""C"", ""reschain_lig"": ""Z"", ""resnr"": ""58"", ""resnr_lig"": ""1"", ""restype"": ""TYR"", ""restype_lig"": ""LIG"", ""type"": ""P""}",TYR,BZD_GAMMA2_058,gamma2,mapped_gamma2_sequence_alignment,global sequence alignment (Biopython PairwiseAligner) + PDB residue lookup,False,unresolved,recovered_bzd_interface,gamma2_C_to_E_alignment
20,diazepam,alpha1_beta3_gamma2,4,hydrophobic_interaction,58,C,"{""dist"": ""3.17"", ""id"": ""1"", ""ligcarbonidx"": ""13796"", ""protcarbonidx"": ""5801"", ""reschain"": ""C"", ""reschain_lig"": ""Z"", ""resnr"": ""58"", ""resnr_lig"": ""1"", ""restype"": ""TYR"", ""restype_lig"": ""LIG""}",TYR,BZD_GAMMA2_058,gamma2,mapped_gamma2_sequence_alignment,global sequence alignment (Biopython PairwiseAligner) + PDB residue lookup,False,unresolved,recovered_bzd_interface,gamma2_C_to_E_alignment
21,diazepam,alpha1_beta3_gamma2,4,hydrophobic_interaction,77,C,"{""dist"": ""3.72"", ""id"": ""2"", ""ligcarbonidx"": ""13803"", ""protcarbonidx"": ""5955"", ""reschain"": ""C"", ""reschain_lig"": ""Z"", ""resnr"": ""77"", ""resnr_lig"": ""1"", ""restype"": ""PHE"", ""restype_lig"": ""LIG""}",PHE,BZD_GAMMA2_077,gamma2,mapped_gamma2_sequence_alignment,global sequence alignment (Biopython PairwiseAligner) + PDB residue lookup,False,unresolved,recovered_bzd_interface,gamma2_C_to_E_alignment
22,diazepam,alpha1_beta3_gamma2,4,hydrophobic_interaction,77,C,"{""dist"": ""3.41"", ""id"": ""3"", ""ligcarbonidx"": ""13796"", ""protcarbonidx"": ""5949"", ""reschain"": ""C"", ""reschain_lig"": ""Z"", ""resnr"": ""77"", ""resnr_lig"": ""1"", ""restype"": ""PHE"", ""restype_lig"": ""LIG""}",PHE,BZD_GAMMA2_077,gamma2,mapped_gamma2_sequence_alignment,global sequence alignment (Biopython PairwiseAligner) + PDB residue lookup,False,unresolved,recovered_bzd_interface,gamma2_C_to_E_alignment
23,diazepam,alpha1_beta3_gamma2,4,hydrophobic_interaction,100,D,"{""dist"": ""3.72"", ""id"": ""4"", ""ligcarbonidx"": ""13802"", ""protcarbonidx"": ""8994"", ""reschain"": ""D"", ""reschain_lig"": ""Z"", ""resnr"": ""100"", ""resnr_lig"": ""1"", ""restype"": ""PHE"", ""restype_lig"": ""LIG""}",PHE,BZD_SITE_101,,mapped_global_sequence_alignment,global sequence alignment (Biopython PairwiseAligner) + PDB residue lookup,False,mapped_prior_or_not_in_prior_qc,already_mapped_prior,prior_alpha_chain_mapping
24,diazepam,alpha1_beta3_gamma2,4,pi_stack,58,C,"{""angle"": ""13.43"", ""centdist"": ""4.13"", ""id"": ""1"", ""offset"": ""1.69"", ""reschain"": ""C"", ""reschain_lig"": ""Z"", ""resnr"": ""58"", ""resnr_lig"": ""1"", ""restype"": ""TYR"", ""restype_lig"": ""LIG"", ""type"": ""P""}",TYR,BZD_GAMMA2_058,gamma2,mapped_gamma2_sequence_alignment,global sequence alignment (Biopython PairwiseAligner) + PDB residue lookup,False,unresolved,recovered_bzd_interface,gamma2_C_to_E_alignment
25,diazepam,alpha1_beta3_gamma2,5,hydrophobic_interaction,58,C,"{""dist"": ""3.50"", ""id"": ""1"", ""ligcarbonidx"": ""13796"", ""protcarbonidx"": ""5803"", ""reschain"": ""C"", ""reschain_lig"": ""Z"", ""resnr"": ""58"", ""resnr_lig"": ""1"", ""restype"": ""TYR"", ""restype_lig"": ""LIG""}",TYR,BZD_GAMMA2_058,gamma2,mapped_gamma2_sequence_alignment,global sequence alignment (Biopython PairwiseAligner) + PDB residue lookup,False,unresolved,recovered_bzd_interface,gamma2_C_to_E_alignment
26,diazepam,alpha1_beta3_gamma2,5,hydrophobic_interaction,58,C,"{""dist"": ""3.21"", ""id"": ""2"", ""ligcarbonidx"": ""13795"", ""protcarbonidx"": ""5801"", ""reschain"": ""C"", ""reschain_lig"": ""Z"", ""resnr"": ""58"", ""resnr_lig"": ""1"", ""restype"": ""TYR"", ""restype_lig"": ""LIG""}",TYR,BZD_GAMMA2_058,gamma2,mapped_gamma2_sequence_alignment,global sequence alignment (Biopython PairwiseAligner) + PDB residue lookup,False,unresolved,recovered_bzd_interface,gamma2_C_to_E_alignment
27,diazepam,alpha1_beta3_gamma2,5,hydrophobic_interaction,77,C,"{""dist"": ""3.85"", ""id"": ""3"", ""ligcarbonidx"": ""13798"", ""protcarbonidx"": ""5955"", ""reschain"": ""C"", ""reschain_lig"": ""Z"", ""resnr"": ""77"", ""resnr_lig"": ""1"", ""restype"": ""PHE"", ""restype_lig"": ""LIG""}",PHE,BZD_GAMMA2_077,gamma2,mapped_gamma2_sequence_alignment,global sequence alignment (Biopython PairwiseAligner) + PDB residue lookup,False,unresolved,recovered_bzd_interface,gamma2_C_to_E_alignment
28,diazepam,alpha1_beta3_gamma2,5,hydrophobic_interaction,77,C,"{""dist"": ""3.24"", ""id"": ""4"", ""ligcarbonidx"": ""13799"", ""protcarbonidx"": ""5954"", ""reschain"": ""C"", ""reschain_lig"": ""Z"", ""resnr"": ""77"", ""resnr_lig"": ""1"", ""restype"": ""PHE"", ""restype_lig"": ""LIG""}",PHE,BZD_GAMMA2_077,gamma2,mapped_gamma2_sequence_alignment,global sequence alignment (Biopython PairwiseAligner) + PDB residue lookup,False,unresolved,recovered_bzd_interface,gamma2_C_to_E_alignment
29,diazepam,alpha1_beta3_gamma2,5,hydrophobic_interaction,77,C,"{""dist"": ""3.41"", ""id"": ""5"", ""ligcarbonidx"": ""13793"", ""protcarbonidx"": ""5949"", ""reschain"": ""C"", ""reschain_lig"": ""Z"", ""resnr"": ""77"", ""resnr_lig"": ""1"", ""restype"": ""PHE"", ""restype_lig"": ""LIG""}",PHE,BZD_GAMMA2_077,gamma2,mapped_gamma2_sequence_alignment,global sequence alignment (Biopython PairwiseAligner) + PDB residue lookup,False,unresolved,recovered_bzd_interface,gamma2_C_to_E_alignment
30,diazepam,alpha1_beta3_gamma2,5,hydrophobic_interaction,203,D,"{""dist"": ""3.44"", ""id"": ""6"", ""ligcarbonidx"": ""13803"", ""protcarbonidx"": ""9810"", ""reschain"": ""D"", ""reschain_lig"": ""Z"", ""resnr"": ""203"", ""resnr_lig"": ""1"", ""restype"": ""VAL"", ""restype_lig"": ""LIG""}",VAL,BZD_SITE_204,,mapped_global_sequence_alignment,global sequence alignment (Biopython PairwiseAligner) + PDB residue lookup,False,mapped_prior_or_not_in_prior_qc,already_mapped_prior,prior_alpha_chain_mapping
31,diazepam,alpha1_beta3_gamma2,6,hydrophobic_interaction,58,C,"{""dist"": ""3.34"", ""id"": ""1"", ""ligcarbonidx"": ""13799"", ""protcarbonidx"": ""5806"", ""reschain"": ""C"", ""reschain_lig"": ""Z"", ""resnr"": ""58"", ""resnr_lig"": ""1"", ""restype"": ""TYR"", ""restype_lig"": ""LIG""}",TYR,BZD_GAMMA2_058,gamma2,mapped_gamma2_sequence_alignment,global sequence alignment (Biopython PairwiseAligner) + PDB residue lookup,False,unresolved,recovered_bzd_interface,gamma2_C_to_E_alignment
32,diazepam,alpha1_beta3_gamma2,6,hydrophobic_interaction,58,C,"{""dist"": ""3.89"", ""id"": ""2"", ""ligcarbonidx"": ""13793"", ""protcarbonidx"": ""5801"", ""reschain"": ""C"", ""reschain_lig"": ""Z"", ""resnr"": ""58"", ""resnr_lig"": ""1"", ""restype"": ""TYR"", ""restype_lig"": ""LIG""}",TYR,BZD_GAMMA2_058,gamma2,mapped_gamma2_sequence_alignment,global sequence alignment (Biopython PairwiseAligner) + PDB residue lookup,False,unresolved,recovered_bzd_interface,gamma2_C_to_E_alignment
33,diazepam,alpha1_beta3_gamma2,6,hydrophobic_interaction,203,D,"{""dist"": ""3.87"", ""id"": ""3"", ""ligcarbonidx"": ""13803"", ""protcarbonidx"": ""9810"", ""reschain"": ""D"", ""reschain_lig"": ""Z"", ""resnr"": ""203"", ""resnr_lig"": ""1"", ""restype"": ""VAL"", ""restype_lig"": ""LIG""}",VAL,BZD_SITE_204,,mapped_global_sequence_alignment,global sequence alignment (Biopython PairwiseAligner) + PDB residue lookup,False,mapped_prior_or_not_in_prior_qc,already_mapped_prior,prior_alpha_chain_mapping
34,diazepam,alpha1_beta3_gamma2,6,hydrogen_bond,205,D,"{""acceptoridx"": ""13790"", ""acceptortype"": ""N2"", ""dist_d-a"": ""3.25"", ""dist_h-a"": ""2.75"", ""don_angle"": ""112.56"", ""donoridx"": ""9826"", ""donortype"": ""O3"", ""id"": ""1"", ""protisdon"": ""True"", ""reschain"": ""D"", ""reschain_lig"": ""Z"", ""resnr"": ""205"", ""resnr_lig"": ""1"", ""restype"": ""SER"", ""restype_lig"": ""LIG"", ""sidechain"": ""True""}",SER,BZD_SITE_206,,mapped_global_sequence_alignment,global sequence alignment (Biopython PairwiseAligner) + PDB residue lookup,False,mapped_prior_or_not_in_prior_qc,already_mapped_prior,prior_alpha_chain_mapping
35,diazepam,alpha1_beta3_gamma2,6,pi_stack,58,C,"{""angle"": ""26.01"", ""centdist"": ""3.73"", ""id"": ""1"", ""offset"": ""1.09"", ""reschain"": ""C"", ""reschain_lig"": ""Z"", ""resnr"": ""58"", ""resnr_lig"": ""1"", ""restype"": ""TYR"", ""restype_lig"": ""LIG"", ""type"": ""P""}",TYR,BZD_GAMMA2_058,gamma2,mapped_gamma2_sequence_alignment,global sequence alignment (Biopython PairwiseAligner) + PDB residue lookup,False,unresolved,recovered_bzd_interface,gamma2_C_to_E_alignment
36,diazepam,alpha1_beta3_gamma2,6,pi_stack,77,C,"{""angle"": ""16.90"", ""centdist"": ""4.73"", ""id"": ""2"", ""offset"": ""1.71"", ""reschain"": ""C"", ""reschain_lig"": ""Z"", ""resnr"": ""77"", ""resnr_lig"": ""1"", ""restype"": ""PHE"", ""restype_lig"": ""LIG"", ""type"": ""P""}",PHE,BZD_GAMMA2_077,gamma2,mapped_gamma2_sequence_alignment,global sequence alignment (Biopython PairwiseAligner) + PDB residue lookup,False,unresolved,recovered_bzd_interface,gamma2_C_to_E_alignment
37,diazepam,alpha1_beta3_gamma2,6,halogen_bond,60,C,"{""acc_angle"": ""101.99"", ""acc_idx"": ""5822"", ""acceptortype"": ""O2"", ""dist"": ""3.15"", ""don_angle"": ""137.67"", ""don_idx"": ""13801"", ""donortype"": ""Cl"", ""id"": ""1"", ""reschain"": ""C"", ""reschain_lig"": ""Z"", ""resnr"": ""60"", ""resnr_lig"": ""1"", ""restype"": ""ASN"", ""restype_lig"": ""LIG"", ""sidechain"": ""True""}",ASN,BZD_GAMMA2_060,gamma2,mapped_gamma2_sequence_alignment,global sequence alignment (Biopython PairwiseAligner) + PDB residue lookup,False,unresolved,recovered_bzd_interface,gamma2_C_to_E_alignment
38,diazepam,alpha1_beta3_gamma2,7,hydrophobic_interaction,58,C,"{""dist"": ""3.49"", ""id"": ""1"", ""ligcarbonidx"": ""13796"", ""protcarbonidx"": ""5806"", ""reschain"": ""C"", ""reschain_lig"": ""Z"", ""resnr"": ""58"", ""resnr_lig"": ""1"", ""restype"": ""TYR"", ""restype_lig"": ""LIG""}",TYR,BZD_GAMMA2_058,gamma2,mapped_gamma2_sequence_alignment,global sequence alignment (Biopython PairwiseAligner) + PDB residue lookup,False,unresolved,recovered_bzd_interface,gamma2_C_to_E_alignment
39,diazepam,alpha1_beta3_gamma2,7,hydrophobic_interaction,77,C,"{""dist"": ""3.81"", ""id"": ""2"", ""ligcarbonidx"": ""13793"", ""protcarbonidx"": ""5954"", ""reschain"": ""C"", ""reschain_lig"": ""Z"", ""resnr"": ""77"", ""resnr_lig"": ""1"", ""restype"": ""PHE"", ""restype_lig"": ""LIG""}",PHE,BZD_GAMMA2_077,gamma2,mapped_gamma2_sequence_alignment,global sequence alignment (Biopython PairwiseAligner) + PDB residue lookup,False,unresolved,recovered_bzd_interface,gamma2_C_to_E_alignment
40,diazepam,alpha1_beta3_gamma2,7,hydrophobic_interaction,203,D,"{""dist"": ""3.91"", ""id"": ""3"", ""ligcarbonidx"": ""13797"", ""protcarbonidx"": ""9810"", ""reschain"": ""D"", ""reschain_lig"": ""Z"", ""resnr"": ""203"", ""resnr_lig"": ""1"", ""restype"": ""VAL"", ""restype_lig"": ""LIG""}",VAL,BZD_SITE_204,,mapped_global_sequence_alignment,global sequence alignment (Biopython PairwiseAligner) + PDB residue lookup,False,mapped_prior_or_not_in_prior_qc,already_mapped_prior,prior_alpha_chain_mapping
41,diazepam,alpha1_beta3_gamma2,7,hydrogen_bond,156,D,"{""acceptoridx"": ""13788"", ""acceptortype"": ""O2"", ""dist_d-a"": ""3.68"", ""dist_h-a"": ""2.86"", ""don_angle"": ""137.26"", ""donoridx"": ""9439"", ""donortype"": ""N3"", ""id"": ""1"", ""protisdon"": ""True"", ""reschain"": ""D"", ""reschain_lig"": ""Z"", ""resnr"": ""156"", ""resnr_lig"": ""1"", ""restype"": ""LYS"", ""restype_lig"": ""LIG"", ""sidechain"": ""True""}",LYS,BZD_SITE_157,,mapped_global_sequence_alignment,global sequence alignment (Biopython PairwiseAligner) + PDB residue lookup,False,mapped_prior_or_not_in_prior_qc,already_mapped_prior,prior_alpha_chain_mapping
42,diazepam,alpha1_beta3_gamma2,8,hydrophobic_interaction,77,C,"{""dist"": ""3.21"", ""id"": ""1"", ""ligcarbonidx"": ""13797"", ""protcarbonidx"": ""5955"", ""reschain"": ""C"", ""reschain_lig"": ""Z"", ""resnr"": ""77"", ""resnr_lig"": ""1"", ""restype"": ""PHE"", ""restype_lig"": ""LIG""}",PHE,BZD_GAMMA2_077,gamma2,mapped_gamma2_sequence_alignment,global sequence alignment (Biopython PairwiseAligner) + PDB residue lookup,False,unresolved,recovered_bzd_interface,gamma2_C_to_E_alignment
43,diazepam,alpha1_beta3_gamma2,8,hydrophobic_interaction,77,C,"{""dist"": ""3.47"", ""id"": ""2"", ""ligcarbonidx"": ""13796"", ""protcarbonidx"": ""5954"", ""reschain"": ""C"", ""reschain_lig"": ""Z"", ""resnr"": ""77"", ""resnr_lig"": ""1"", ""restype"": ""PHE"", ""restype_lig"": ""LIG""}",PHE,BZD_GAMMA2_077,gamma2,mapped_gamma2_sequence_alignment,global sequence alignment (Biopython PairwiseAligner) + PDB residue lookup,False,unresolved,recovered_bzd_interface,gamma2_C_to_E_alignment
44,diazepam,alpha1_beta3_gamma2,8,hydrophobic_interaction,203,D,"{""dist"": ""3.45"", ""id"": ""3"", ""ligcarbonidx"": ""13793"", ""protcarbonidx"": ""9810"", ""reschain"": ""D"", ""reschain_lig"": ""Z"", ""resnr"": ""203"", ""resnr_lig"": ""1"", ""restype"": ""VAL"", ""restype_lig"": ""LIG""}",VAL,BZD_SITE_204,,mapped_global_sequence_alignment,global sequence alignment (Biopython PairwiseAligner) + PDB residue lookup,False,mapped_prior_or_not_in_prior_qc,already_mapped_prior,prior_alpha_chain_mapping
45,diazepam,alpha1_beta3_gamma2,8,pi_stack,77,C,"{""angle"": ""17.47"", ""centdist"": ""4.32"", ""id"": ""1"", ""offset"": ""1.09"", ""reschain"": ""C"", ""reschain_lig"": ""Z"", ""resnr"": ""77"", ""resnr_lig"": ""1"", ""restype"": ""PHE"", ""restype_lig"": ""LIG"", ""type"": ""P""}",PHE,BZD_GAMMA2_077,gamma2,mapped_gamma2_sequence_alignment,global sequence alignment (Biopython PairwiseAligner) + PDB residue lookup,False,unresolved,recovered_bzd_interface,gamma2_C_to_E_alignment
46,diazepam,alpha1_beta3_gamma2,9,hydrophobic_interaction,58,C,"{""dist"": ""3.63"", ""id"": ""1"", ""ligcarbonidx"": ""13793"", ""protcarbonidx"": ""5805"", ""reschain"": ""C"", ""reschain_lig"": ""Z"", ""resnr"": ""58"", ""resnr_lig"": ""1"", ""restype"": ""TYR"", ""restype_lig"": ""LIG""}",TYR,BZD_GAMMA2_058,gamma2,mapped_gamma2_sequence_alignment,global sequence alignment (Biopython PairwiseAligner) + PDB residue lookup,False,unresolved,recovered_bzd_interface,gamma2_C_to_E_alignment
47,diazepam,alpha1_beta3_gamma2,9,hydrophobic_interaction,58,C,"{""dist"": ""3.66"", ""id"": ""2"", ""ligcarbonidx"": ""13799"", ""protcarbonidx"": ""5806"", ""reschain"": ""C"", ""reschain_lig"": ""Z"", ""resnr"": ""58"", ""resnr_lig"": ""1"", ""restype"": ""TYR"", ""restype_lig"": ""LIG""}",TYR,BZD_GAMMA2_058,gamma2,mapped_gamma2_sequence_alignment,global sequence alignment (Biopython PairwiseAligner) + PDB residue lookup,False,unresolved,recovered_bzd_interface,gamma2_C_to_E_alignment
48,diazepam,alpha1_beta3_gamma2,9,hydrophobic_interaction,203,D,"{""dist"": ""3.08"", ""id"": ""3"", ""ligcarbonidx"": ""13797"", ""protcarbonidx"": ""9810"", ""reschain"": ""D"", ""reschain_lig"": ""Z"", ""resnr"": ""203"", ""resnr_lig"": ""1"", ""restype"": ""VAL"", ""restype_lig"": ""LIG""}",VAL,BZD_SITE_204,,mapped_global_sequence_alignment,global sequence alignment (Biopython PairwiseAligner) + PDB residue lookup,False,mapped_prior_or_not_in_prior_qc,already_mapped_prior,prior_alpha_chain_mapping
49,diazepam,alpha1_beta3_gamma2,9,hydrogen_bond,205,D,"{""acceptoridx"": ""13788"", ""acceptortype"": ""O2"", ""dist_d-a"": ""3.30"", ""dist_h-a"": ""2.80"", ""don_angle"": ""112.96"", ""donoridx"": ""9826"", ""donortype"": ""O3"", ""id"": ""1"", ""protisdon"": ""True"", ""reschain"": ""D"", ""reschain_lig"": ""Z"", ""resnr"": ""205"", ""resnr_lig"": ""1"", ""restype"": ""SER"", ""restype_lig"": ""LIG"", ""sidechain"": ""True""}",SER,BZD_SITE_206,,mapped_global_sequence_alignment,global sequence alignment (Biopython PairwiseAligner) + PDB residue lookup,False,mapped_prior_or_not_in_prior_qc,already_mapped_prior,prior_alpha_chain_mapping
50,triazolam,alpha1_beta3_gamma2,1,hydrophobic_interaction,58,C,"{""dist"": ""3.80"", ""id"": ""1"", ""ligcarbonidx"": ""13797"", ""protcarbonidx"": ""5806"", ""reschain"": ""C"", ""reschain_lig"": ""Z"", ""resnr"": ""58"", ""resnr_lig"": ""1"", ""restype"": ""TYR"", ""restype_lig"": ""LIG""}",TYR,BZD_GAMMA2_058,gamma2,mapped_gamma2_sequence_alignment,global sequence alignment (Biopython PairwiseAligner) + PDB residue lookup,False,unresolved,recovered_bzd_interface,gamma2_C_to_E_alignment
51,triazolam,alpha1_beta3_gamma2,1,hydrophobic_interaction,203,D,"{""dist"": ""3.61"", ""id"": ""2"", ""ligcarbonidx"": ""13785"", ""protcarbonidx"": ""9811"", ""reschain"": ""D"", ""reschain_lig"": ""Z"", ""resnr"": ""203"", ""resnr_lig"": ""1"", ""restype"": ""VAL"", ""restype_lig"": ""LIG""}",VAL,BZD_SITE_204,,mapped_global_sequence_alignment,global sequence alignment (Biopython PairwiseAligner) + PDB residue lookup,False,mapped_prior_or_not_in_prior_qc,already_mapped_prior,prior_alpha_chain_mapping
52,triazolam,alpha1_beta3_gamma2,1,hydrophobic_interaction,203,D,"{""dist"": ""3.16"", ""id"": ""3"", ""ligcarbonidx"": ""13800"", ""protcarbonidx"": ""9810"", ""reschain"": ""D"", ""reschain_lig"": ""Z"", ""resnr"": ""203"", ""resnr_lig"": ""1"", ""restype"": ""VAL"", ""restype_lig"": ""LIG""}",VAL,BZD_SITE_204,,mapped_global_sequence_alignment,global sequence alignment (Biopython PairwiseAligner) + PDB residue lookup,False,mapped_prior_or_not_in_prior_qc,already_mapped_prior,prior_alpha_chain_mapping
53,triazolam,alpha1_beta3_gamma2,1,hydrophobic_interaction,210,D,"{""dist"": ""3.58"", ""id"": ""4"", ""ligcarbonidx"": ""13801"", ""protcarbonidx"": ""9860"", ""reschain"": ""D"", ""reschain_lig"": ""Z"", ""resnr"": ""210"", ""resnr_lig"": ""1"", ""restype"": ""TYR"", ""restype_lig"": ""LIG""}",TYR,BZD_SITE_211,,mapped_global_sequence_alignment,global sequence alignment (Biopython PairwiseAligner) + PDB residue lookup,False,mapped_prior_or_not_in_prior_qc,already_mapped_prior,prior_alpha_chain_mapping
54,triazolam,alpha1_beta3_gamma2,1,hydrophobic_interaction,210,D,"{""dist"": ""3.60"", ""id"": ""5"", ""ligcarbonidx"": ""13802"", ""protcarbonidx"": ""9862"", ""reschain"": ""D"", ""reschain_lig"": ""Z"", ""resnr"": ""210"", ""resnr_lig"": ""1"", ""restype"": ""TYR"", ""restype_lig"": ""LIG""}",TYR,BZD_SITE_211,,mapped_global_sequence_alignment,global sequence alignment (Biopython PairwiseAligner) + PDB residue lookup,False,mapped_prior_or_not_in_prior_qc,already_mapped_prior,prior_alpha_chain_mapping
55,triazolam,alpha1_beta3_gamma2,1,hydrogen_bond,60,C,"{""acceptoridx"": ""13788"", ""acceptortype"": ""Nar"", ""dist_d-a"": ""3.90"", ""dist_h-a"": ""3.28"", ""don_angle"": ""122.81"", ""donoridx"": ""5823"", ""donortype"": ""Nam"", ""id"": ""1"", ""protisdon"": ""True"", ""reschain"": ""C"", ""reschain_lig"": ""Z"", ""resnr"": ""60"", ""resnr_lig"": ""1"", ""restype"": ""ASN"", ""restype_lig"": ""LIG"", ""sidechain"": ""True""}",ASN,BZD_GAMMA2_060,gamma2,mapped_gamma2_sequence_alignment,global sequence alignment (Biopython PairwiseAligner) + PDB residue lookup,False,unresolved,recovered_bzd_interface,gamma2_C_to_E_alignment
56,triazolam,alpha1_beta3_gamma2,1,hydrogen_bond,156,D,"{""acceptoridx"": ""13787"", ""acceptortype"": ""Nar"", ""dist_d-a"": ""3.61"", ""dist_h-a"": ""3.05"", ""don_angle"": ""115.64"", ""donoridx"": ""9439"", ""donortype"": ""N3"", ""id"": ""2"", ""protisdon"": ""True"", ""reschain"": ""D"", ""reschain_lig"": ""Z"", ""resnr"": ""156"", ""resnr_lig"": ""1"", ""restype"": ""LYS"", ""restype_lig"": ""LIG"", ""sidechain"": ""True""}",LYS,BZD_SITE_157,,mapped_global_sequence_alignment,global sequence alignment (Biopython PairwiseAligner) + PDB residue lookup,False,mapped_prior_or_not_in_prior_qc,already_mapped_prior,prior_alpha_chain_mapping
57,triazolam,alpha1_beta3_gamma2,2,hydrophobic_interaction,58,C,"{""dist"": ""3.68"", ""id"": ""1"", ""ligcarbonidx"": ""13800"", ""protcarbonidx"": ""5806"", ""reschain"": ""C"", ""reschain_lig"": ""Z"", ""resnr"": ""58"", ""resnr_lig"": ""1"", ""restype"": ""TYR"", ""restype_lig"": ""LIG""}",TYR,BZD_GAMMA2_058,gamma2,mapped_gamma2_sequence_alignment,global sequence alignment (Biopython PairwiseAligner) + PDB residue lookup,False,unresolved,recovered_bzd_interface,gamma2_C_to_E_alignment
58,triazolam,alpha1_beta3_gamma2,2,hydrophobic_interaction,58,C,"{""dist"": ""3.57"", ""id"": ""2"", ""ligcarbonidx"": ""13785"", ""protcarbonidx"": ""5804"", ""reschain"": ""C"", ""reschain_lig"": ""Z"", ""resnr"": ""58"", ""resnr_lig"": ""1"", ""restype"": ""TYR"", ""restype_lig"": ""LIG""}",TYR,BZD_GAMMA2_058,gamma2,mapped_gamma2_sequence_alignment,global sequence alignment (Biopython PairwiseAligner) + PDB residue lookup,False,unresolved,recovered_bzd_interface,gamma2_C_to_E_alignment
59,triazolam,alpha1_beta3_gamma2,2,hydrophobic_interaction,77,C,"{""dist"": ""3.54"", ""id"": ""3"", ""ligcarbonidx"": ""13785"", ""protcarbonidx"": ""5950"", ""reschain"": ""C"", ""reschain_lig"": ""Z"", ""resnr"": ""77"", ""resnr_lig"": ""1"", ""restype"": ""PHE"", ""restype_lig"": ""LIG""}",PHE,BZD_GAMMA2_077,gamma2,mapped_gamma2_sequence_alignment,global sequence alignment (Biopython PairwiseAligner) + PDB residue lookup,False,unresolved,recovered_bzd_interface,gamma2_C_to_E_alignment
60,triazolam,alpha1_beta3_gamma2,2,hydrophobic_interaction,203,D,"{""dist"": ""3.49"", ""id"": ""4"", ""ligcarbonidx"": ""13797"", ""protcarbonidx"": ""9810"", ""reschain"": ""D"", ""reschain_lig"": ""Z"", ""resnr"": ""203"", ""resnr_lig"": ""1"", ""restype"": ""VAL"", ""restype_lig"": ""LIG""}",VAL,BZD_SITE_204,,mapped_global_sequence_alignment,global sequence alignment (Biopython PairwiseAligner) + PDB residue lookup,False,mapped_prior_or_not_in_prior_qc,already_mapped_prior,prior_alpha_chain_mapping
61,triazolam,alpha1_beta3_gamma2,2,pi_stack,58,C,"{""angle"": ""17.65"", ""centdist"": ""4.34"", ""id"": ""1"", ""offset"": ""1.35"", ""reschain"": ""C"", ""reschain_lig"": ""Z"", ""resnr"": ""58"", ""resnr_lig"": ""1"", ""restype"": ""TYR"", ""restype_lig"": ""LIG"", ""type"": ""P""}",TYR,BZD_GAMMA2_058,gamma2,mapped_gamma2_sequence_alignment,global sequence alignment (Biopython PairwiseAligner) + PDB residue lookup,False,unresolved,recovered_bzd_interface,gamma2_C_to_E_alignment
62,triazolam,alpha1_beta3_gamma2,3,hydrophobic_interaction,58,C,"{""dist"": ""3.49"", ""id"": ""1"", ""ligcarbonidx"": ""13785"", ""protcarbonidx"": ""5801"", ""reschain"": ""C"", ""reschain_lig"": ""Z"", ""resnr"": ""58"", ""resnr_lig"": ""1"", ""restype"": ""TYR"", ""restype_lig"": ""LIG""}",TYR,BZD_GAMMA2_058,gamma2,mapped_gamma2_sequence_alignment,global sequence alignment (Biopython PairwiseAligner) + PDB residue lookup,False,unresolved,recovered_bzd_interface,gamma2_C_to_E_alignment
63,triazolam,alpha1_beta3_gamma2,3,hydrophobic_interaction,77,C,"{""dist"": ""3.86"", ""id"": ""2"", ""ligcarbonidx"": ""13800"", ""protcarbonidx"": ""5954"", ""reschain"": ""C"", ""reschain_lig"": ""Z"", ""resnr"": ""77"", ""resnr_lig"": ""1"", ""restype"": ""PHE"", ""restype_lig"": ""LIG""}",PHE,BZD_GAMMA2_077,gamma2,mapped_gamma2_sequence_alignment,global sequence alignment (Biopython PairwiseAligner) + PDB residue lookup,False,unresolved,recovered_bzd_interface,gamma2_C_to_E_alignment
64,triazolam,alpha1_beta3_gamma2,3,hydrophobic_interaction,77,C,"{""dist"": ""3.59"", ""id"": ""3"", ""ligcarbonidx"": ""13785"", ""protcarbonidx"": ""5949"", ""reschain"": ""C"", ""reschain_lig"": ""Z"", ""resnr"": ""77"", ""resnr_lig"": ""1"", ""restype"": ""PHE"", ""restype_lig"": ""LIG""}",PHE,BZD_GAMMA2_077,gamma2,mapped_gamma2_sequence_alignment,global sequence alignment (Biopython PairwiseAligner) + PDB residue lookup,False,unresolved,recovered_bzd_interface,gamma2_C_to_E_alignment
65,triazolam,alpha1_beta3_gamma2,3,hydrophobic_interaction,102,D,"{""dist"": ""3.51"", ""id"": ""4"", ""ligcarbonidx"": ""13803"", ""protcarbonidx"": ""9010"", ""reschain"": ""D"", ""reschain_lig"": ""Z"", ""resnr"": ""102"", ""resnr_lig"": ""1"", ""restype"": ""HIS"", ""restype_lig"": ""LIG""}",HIS,BZD_SITE_103,,mapped_global_sequence_alignment,global sequence alignment (Biopython PairwiseAligner) + PDB residue lookup,False,mapped_prior_or_not_in_prior_qc,already_mapped_prior,prior_alpha_chain_mapping
66,triazolam,alpha1_beta3_gamma2,3,hydrophobic_interaction,203,D,"{""dist"": ""3.08"", ""id"": ""5"", ""ligcarbonidx"": ""13796"", ""protcarbonidx"": ""9810"", ""reschain"": ""D"", ""reschain_lig"": ""Z"", ""resnr"": ""203"", ""resnr_lig"": ""1"", ""restype"": ""VAL"", ""restype_lig"": ""LIG""}",VAL,BZD_SITE_204,,mapped_global_sequence_alignment,global sequence alignment (Biopython PairwiseAligner) + PDB residue lookup,False,mapped_prior_or_not_in_prior_qc,already_mapped_prior,prior_alpha_chain_mapping
67,triazolam,alpha1_beta3_gamma2,3,pi_stack,58,C,"{""angle"": ""21.85"", ""centdist"": ""4.38"", ""id"": ""1"", ""offset"": ""1.93"", ""reschain"": ""C"", ""reschain_lig"": ""Z"", ""resnr"": ""58"", ""resnr_lig"": ""1"", ""restype"": ""TYR"", ""restype_lig"": ""LIG"", ""type"": ""P""}",TYR,BZD_GAMMA2_058,gamma2,mapped_gamma2_sequence_alignment,global sequence alignment (Biopython PairwiseAligner) + PDB residue lookup,False,unresolved,recovered_bzd_interface,gamma2_C_to_E_alignment
68,triazolam,alpha1_beta3_gamma2,3,pi_stack,77,C,"{""angle"": ""29.78"", ""centdist"": ""4.19"", ""id"": ""2"", ""offset"": ""1.33"", ""reschain"": ""C"", ""reschain_lig"": ""Z"", ""resnr"": ""77"", ""resnr_lig"": ""1"", ""restype"": ""PHE"", ""restype_lig"": ""LIG"", ""type"": ""P""}",PHE,BZD_GAMMA2_077,gamma2,mapped_gamma2_sequence_alignment,global sequence alignment (Biopython PairwiseAligner) + PDB residue lookup,False,unresolved,recovered_bzd_interface,gamma2_C_to_E_alignment
69,triazolam,alpha1_beta3_gamma2,4,hydrophobic_interaction,58,C,"{""dist"": ""3.75"", ""id"": ""1"", ""ligcarbonidx"": ""13785"", ""protcarbonidx"": ""5805"", ""reschain"": ""C"", ""reschain_lig"": ""Z"", ""resnr"": ""58"", ""resnr_lig"": ""1"", ""restype"": ""TYR"", ""restype_lig"": ""LIG""}",TYR,BZD_GAMMA2_058,gamma2,mapped_gamma2_sequence_alignment,global sequence alignment (Biopython PairwiseAligner) + PDB residue lookup,False,unresolved,recovered_bzd_interface,gamma2_C_to_E_alignment
70,triazolam,alpha1_beta3_gamma2,4,hydrophobic_interaction,203,D,"{""dist"": ""3.83"", ""id"": ""2"", ""ligcarbonidx"": ""13796"", ""protcarbonidx"": ""9811"", ""reschain"": ""D"", ""reschain_lig"": ""Z"", ""resnr"": ""203"", ""resnr_lig"": ""1"", ""restype"": ""VAL"", ""restype_lig"": ""LIG""}",VAL,BZD_SITE_204,,mapped_global_sequence_alignment,global sequence alignment (Biopython PairwiseAligner) + PDB residue lookup,False,mapped_prior_or_not_in_prior_qc,already_mapped_prior,prior_alpha_chain_mapping
71,triazolam,alpha1_beta3_gamma2,4,hydrophobic_interaction,203,D,"{""dist"": ""3.50"", ""id"": ""3"", ""ligcarbonidx"": ""13792"", ""protcarbonidx"": ""9810"", ""reschain"": ""D"", ""reschain_lig"": ""Z"", ""resnr"": ""203"", ""resnr_lig"": ""1"", ""restype"": ""VAL"", ""restype_lig"": ""LIG""}",VAL,BZD_SITE_204,,mapped_global_sequence_alignment,global sequence alignment (Biopython PairwiseAligner) + PDB residue lookup,False,mapped_prior_or_not_in_prior_qc,already_mapped_prior,prior_alpha_chain_mapping
72,triazolam,alpha1_beta3_gamma2,4,pi_stack,58,C,"{""angle"": ""11.68"", ""centdist"": ""3.87"", ""id"": ""1"", ""offset"": ""1.64"", ""reschain"": ""C"", ""reschain_lig"": ""Z"", ""resnr"": ""58"", ""resnr_lig"": ""1"", ""restype"": ""TYR"", ""restype_lig"": ""LIG"", ""type"": ""P""}",TYR,BZD_GAMMA2_058,gamma2,mapped_gamma2_sequence_alignment,global sequence alignment (Biopython PairwiseAligner) + PDB residue lookup,False,unresolved,recovered_bzd_interface,gamma2_C_to_E_alignment
73,triazolam,alpha1_beta3_gamma2,5,hydrophobic_interaction,58,C,"{""dist"": ""3.75"", ""id"": ""1"", ""ligcarbonidx"": ""13800"", ""protcarbonidx"": ""5805"", ""reschain"": ""C"", ""reschain_lig"": ""Z"", ""resnr"": ""58"", ""resnr_lig"": ""1"", ""restype"": ""TYR"", ""restype_lig"": ""LIG""}",TYR,BZD_GAMMA2_058,gamma2,mapped_gamma2_sequence_alignment,global sequence alignment (Biopython PairwiseAligner) + PDB residue lookup,False,unresolved,recovered_bzd_interface,gamma2_C_to_E_alignment
74,triazolam,alpha1_beta3_gamma2,5,pi_stack,58,C,"{""angle"": ""9.71"", ""centdist"": ""3.92"", ""id"": ""1"", ""offset"": ""1.55"", ""reschain"": ""C"", ""reschain_lig"": ""Z"", ""resnr"": ""58"", ""resnr_lig"": ""1"", ""restype"": ""TYR"", ""restype_lig"": ""LIG"", ""type"": ""P""}",TYR,BZD_GAMMA2_058,gamma2,mapped_gamma2_sequence_alignment,global sequence alignment (Biopython PairwiseAligner) + PDB residue lookup,False,unresolved,recovered_bzd_interface,gamma2_C_to_E_alignment
75,triazolam,alpha1_beta3_gamma2,6,hydrophobic_interaction,58,C,"{""dist"": ""3.68"", ""id"": ""1"", ""ligcarbonidx"": ""13802"", ""protcarbonidx"": ""5806"", ""reschain"": ""C"", ""reschain_lig"": ""Z"", ""resnr"": ""58"", ""resnr_lig"": ""1"", ""restype"": ""TYR"", ""restype_lig"": ""LIG""}",TYR,BZD_GAMMA2_058,gamma2,mapped_gamma2_sequence_alignment,global sequence alignment (Biopython PairwiseAligner) + PDB residue lookup,False,unresolved,recovered_bzd_interface,gamma2_C_to_E_alignment
76,triazolam,alpha1_beta3_gamma2,6,hydrophobic_interaction,77,C,"{""dist"": ""3.49"", ""id"": ""2"", ""ligcarbonidx"": ""13803"", ""protcarbonidx"": ""5954"", ""reschain"": ""C"", ""reschain_lig"": ""Z"", ""resnr"": ""77"", ""resnr_lig"": ""1"", ""restype"": ""PHE"", ""restype_lig"": ""LIG""}",PHE,BZD_GAMMA2_077,gamma2,mapped_gamma2_sequence_alignment,global sequence alignment (Biopython PairwiseAligner) + PDB residue lookup,False,unresolved,recovered_bzd_interface,gamma2_C_to_E_alignment
77,triazolam,alpha1_beta3_gamma2,6,hydrophobic_interaction,203,D,"{""dist"": ""3.49"", ""id"": ""3"", ""ligcarbonidx"": ""13800"", ""protcarbonidx"": ""9810"", ""reschain"": ""D"", ""reschain_lig"": ""Z"", ""resnr"": ""203"", ""resnr_lig"": ""1"", ""restype"": ""VAL"", ""restype_lig"": ""LIG""}",VAL,BZD_SITE_204,,mapped_global_sequence_alignment,global sequence alignment (Biopython PairwiseAligner) + PDB residue lookup,False,mapped_prior_or_not_in_prior_qc,already_mapped_prior,prior_alpha_chain_mapping
78,triazolam,alpha1_beta3_gamma2,6,hydrogen_bond,156,D,"{""acceptoridx"": ""13788"", ""acceptortype"": ""Nar"", ""dist_d-a"": ""3.54"", ""dist_h-a"": ""2.57"", ""don_angle"": ""157.71"", ""donoridx"": ""9439"", ""donortype"": ""N3"", ""id"": ""1"", ""protisdon"": ""True"", ""reschain"": ""D"", ""reschain_lig"": ""Z"", ""resnr"": ""156"", ""resnr_lig"": ""1"", ""restype"": ""LYS"", ""restype_lig"": ""LIG"", ""sidechain"": ""True""}",LYS,BZD_SITE_157,,mapped_global_sequence_alignment,global sequence alignment (Biopython PairwiseAligner) + PDB residue lookup,False,mapped_prior_or_not_in_prior_qc,already_mapped_prior,prior_alpha_chain_mapping
79,triazolam,alpha1_beta3_gamma2,6,halogen_bond,60,C,"{""acc_angle"": ""120.92"", ""acc_idx"": ""5819"", ""acceptortype"": ""O2"", ""dist"": ""3.21"", ""don_angle"": ""143.14"", ""don_idx"": ""13795"", ""donortype"": ""Cl"", ""id"": ""1"", ""reschain"": ""C"", ""reschain_lig"": ""Z"", ""resnr"": ""60"", ""resnr_lig"": ""1"", ""restype"": ""ASN"", ""restype_lig"": ""LIG"", ""sidechain"": ""False""}",ASN,BZD_GAMMA2_060,gamma2,mapped_gamma2_sequence_alignment,global sequence alignment (Biopython PairwiseAligner) + PDB residue lookup,False,unresolved,recovered_bzd_interface,gamma2_C_to_E_alignment
80,triazolam,alpha1_beta3_gamma2,7,hydrophobic_interaction,203,D,"{""dist"": ""3.49"", ""id"": ""1"", ""ligcarbonidx"": ""13802"", ""protcarbonidx"": ""9811"", ""reschain"": ""D"", ""reschain_lig"": ""Z"", ""resnr"": ""203"", ""resnr_lig"": ""1"", ""restype"": ""VAL"", ""restype_lig"": ""LIG""}",VAL,BZD_SITE_204,,mapped_global_sequence_alignment,global sequence alignment (Biopython PairwiseAligner) + PDB residue lookup,False,mapped_prior_or_not_in_prior_qc,already_mapped_prior,prior_alpha_chain_mapping
81,triazolam,alpha1_beta3_gamma2,7,hydrogen_bond,189,C,"{""acceptoridx"": ""13788"", ""acceptortype"": ""Nar"", ""dist_d-a"": ""3.95"", ""dist_h-a"": ""3.25"", ""don_angle"": ""133.09"", ""donoridx"": ""6910"", ""donortype"": ""O3"", ""id"": ""1"", ""protisdon"": ""True"", ""reschain"": ""C"", ""reschain_lig"": ""Z"", ""resnr"": ""189"", ""resnr_lig"": ""1"", ""restype"": ""GLU"", ""restype_lig"": ""LIG"", ""sidechain"": ""True""}",GLU,BZD_GAMMA2_189,gamma2,mapped_gamma2_sequence_alignment,global sequence alignment (Biopython PairwiseAligner) + PDB residue lookup,False,unresolved,recovered_bzd_interface,gamma2_C_to_E_alignment
82,triazolam,alpha1_beta3_gamma2,7,pi_stack,58,C,"{""angle"": ""15.51"", ""centdist"": ""4.20"", ""id"": ""1"", ""offset"": ""1.60"", ""reschain"": ""C"", ""reschain_lig"": ""Z"", ""resnr"": ""58"", ""resnr_lig"": ""1"", ""restype"": ""TYR"", ""restype_lig"": ""LIG"", ""type"": ""P""}",TYR,BZD_GAMMA2_058,gamma2,mapped_gamma2_sequence_alignment,global sequence alignment (Biopython PairwiseAligner) + PDB residue lookup,False,unresolved,recovered_bzd_interface,gamma2_C_to_E_alignment
83,triazolam,alpha1_beta3_gamma2,8,hydrophobic_interaction,58,C,"{""dist"": ""3.91"", ""id"": ""1"", ""ligcarbonidx"": ""13792"", ""protcarbonidx"": ""5806"", ""reschain"": ""C"", ""reschain_lig"": ""Z"", ""resnr"": ""58"", ""resnr_lig"": ""1"", ""restype"": ""TYR"", ""restype_lig"": ""LIG""}",TYR,BZD_GAMMA2_058,gamma2,mapped_gamma2_sequence_alignment,global sequence alignment (Biopython PairwiseAligner) + PDB residue lookup,False,unresolved,recovered_bzd_interface,gamma2_C_to_E_alignment
84,triazolam,alpha1_beta3_gamma2,8,hydrophobic_interaction,203,D,"{""dist"": ""3.85"", ""id"": ""2"", ""ligcarbonidx"": ""13801"", ""protcarbonidx"": ""9811"", ""reschain"": ""D"", ""reschain_lig"": ""Z"", ""resnr"": ""203"", ""resnr_lig"": ""1"", ""restype"": ""VAL"", ""restype_lig"": ""LIG""}",VAL,BZD_SITE_204,,mapped_global_sequence_alignment,global sequence alignment (Biopython PairwiseAligner) + PDB residue lookup,False,mapped_prior_or_not_in_prior_qc,already_mapped_prior,prior_alpha_chain_mapping
85,triazolam,alpha1_beta3_gamma2,8,hydrophobic_interaction,203,D,"{""dist"": ""3.49"", ""id"": ""3"", ""ligcarbonidx"": ""13800"", ""protcarbonidx"": ""9810"", ""reschain"": ""D"", ""reschain_lig"": ""Z"", ""resnr"": ""203"", ""resnr_lig"": ""1"", ""restype"": ""VAL"", ""restype_lig"": ""LIG""}",VAL,BZD_SITE_204,,mapped_global_sequence_alignment,global sequence alignment (Biopython PairwiseAligner) + PDB residue lookup,False,mapped_prior_or_not_in_prior_qc,already_mapped_prior,prior_alpha_chain_mapping
86,triazolam,alpha1_beta3_gamma2,9,hydrophobic_interaction,58,C,"{""dist"": ""3.82"", ""id"": ""1"", ""ligcarbonidx"": ""13803"", ""protcarbonidx"": ""5806"", ""reschain"": ""C"", ""reschain_lig"": ""Z"", ""resnr"": ""58"", ""resnr_lig"": ""1"", ""restype"": ""TYR"", ""restype_lig"": ""LIG""}",TYR,BZD_GAMMA2_058,gamma2,mapped_gamma2_sequence_alignment,global sequence alignment (Biopython PairwiseAligner) + PDB residue lookup,False,unresolved,recovered_bzd_interface,gamma2_C_to_E_alignment
87,triazolam,alpha1_beta3_gamma2,9,hydrophobic_interaction,77,C,"{""dist"": ""3.81"", ""id"": ""2"", ""ligcarbonidx"": ""13802"", ""protcarbonidx"": ""5955"", ""reschain"": ""C"", ""reschain_lig"": ""Z"", ""resnr"": ""77"", ""resnr_lig"": ""1"", ""restype"": ""PHE"", ""restype_lig"": ""LIG""}",PHE,BZD_GAMMA2_077,gamma2,mapped_gamma2_sequence_alignment,global sequence alignment (Biopython PairwiseAligner) + PDB residue lookup,False,unresolved,recovered_bzd_interface,gamma2_C_to_E_alignment
88,triazolam,alpha1_beta3_gamma2,9,hydrophobic_interaction,77,C,"{""dist"": ""3.87"", ""id"": ""3"", ""ligcarbonidx"": ""13803"", ""protcarbonidx"": ""5954"", ""reschain"": ""C"", ""reschain_lig"": ""Z"", ""resnr"": ""77"", ""resnr_lig"": ""1"", ""restype"": ""PHE"", ""restype_lig"": ""LIG""}",PHE,BZD_GAMMA2_077,gamma2,mapped_gamma2_sequence_alignment,global sequence alignment (Biopython PairwiseAligner) + PDB residue lookup,False,unresolved,recovered_bzd_interface,gamma2_C_to_E_alignment
89,triazolam,alpha1_beta3_gamma2,9,hydrophobic_interaction,203,D,"{""dist"": ""3.59"", ""id"": ""4"", ""ligcarbonidx"": ""13785"", ""protcarbonidx"": ""9811"", ""reschain"": ""D"", ""reschain_lig"": ""Z"", ""resnr"": ""203"", ""resnr_lig"": ""1"", ""restype"": ""VAL"", ""restype_lig"": ""LIG""}",VAL,BZD_SITE_204,,mapped_global_sequence_alignment,global sequence alignment (Biopython PairwiseAligner) + PDB residue lookup,False,mapped_prior_or_not_in_prior_qc,already_mapped_prior,prior_alpha_chain_mapping
90,triazolam,alpha1_beta3_gamma2,9,hydrophobic_interaction,203,D,"{""dist"": ""3.30"", ""id"": ""5"", ""ligcarbonidx"": ""13800"", ""protcarbonidx"": ""9810"", ""reschain"": ""D"", ""reschain_lig"": ""Z"", ""resnr"": ""203"", ""resnr_lig"": ""1"", ""restype"": ""VAL"", ""restype_lig"": ""LIG""}",VAL,BZD_SITE_204,,mapped_global_sequence_alignment,global sequence alignment (Biopython PairwiseAligner) + PDB residue lookup,False,mapped_prior_or_not_in_prior_qc,already_mapped_prior,prior_alpha_chain_mapping
91,triazolam,alpha1_beta3_gamma2,9,hydrogen_bond,156,D,"{""acceptoridx"": ""13806"", ""acceptortype"": ""N2"", ""dist_d-a"": ""3.88"", ""dist_h-a"": ""3.18"", ""don_angle"": ""126.45"", ""donoridx"": ""9439"", ""donortype"": ""N3"", ""id"": ""1"", ""protisdon"": ""True"", ""reschain"": ""D"", ""reschain_lig"": ""Z"", ""resnr"": ""156"", ""resnr_lig"": ""1"", ""restype"": ""LYS"", ""restype_lig"": ""LIG"", ""sidechain"": ""True""}",LYS,BZD_SITE_157,,mapped_global_sequence_alignment,global sequence alignment (Biopython PairwiseAligner) + PDB residue lookup,False,mapped_prior_or_not_in_prior_qc,already_mapped_prior,prior_alpha_chain_mapping
92,zolpidem,alpha1_beta3_gamma2,1,hydrophobic_interaction,58,C,"{""dist"": ""3.74"", ""id"": ""1"", ""ligcarbonidx"": ""13795"", ""protcarbonidx"": ""5806"", ""reschain"": ""C"", ""reschain_lig"": ""Z"", ""resnr"": ""58"", ""resnr_lig"": ""1"", ""restype"": ""TYR"", ""restype_lig"": ""LIG""}",TYR,BZD_GAMMA2_058,gamma2,mapped_gamma2_sequence_alignment,global sequence alignment (Biopython PairwiseAligner) + PDB residue lookup,False,unresolved,recovered_bzd_interface,gamma2_C_to_E_alignment
93,zolpidem,alpha1_beta3_gamma2,1,hydrophobic_interaction,77,C,"{""dist"": ""3.63"", ""id"": ""2"", ""ligcarbonidx"": ""13793"", ""protcarbonidx"": ""5954"", ""reschain"": ""C"", ""reschain_lig"": ""Z"", ""resnr"": ""77"", ""resnr_lig"": ""1"", ""restype"": ""PHE"", ""restype_lig"": ""LIG""}",PHE,BZD_GAMMA2_077,gamma2,mapped_gamma2_sequence_alignment,global sequence alignment (Biopython PairwiseAligner) + PDB residue lookup,False,unresolved,recovered_bzd_interface,gamma2_C_to_E_alignment
94,zolpidem,alpha1_beta3_gamma2,1,hydrophobic_interaction,102,D,"{""dist"": ""3.93"", ""id"": ""3"", ""ligcarbonidx"": ""13806"", ""protcarbonidx"": ""9010"", ""reschain"": ""D"", ""reschain_lig"": ""Z"", ""resnr"": ""102"", ""resnr_lig"": ""1"", ""restype"": ""HIS"", ""restype_lig"": ""LIG""}",HIS,BZD_SITE_103,,mapped_global_sequence_alignment,global sequence alignment (Biopython PairwiseAligner) + PDB residue lookup,False,mapped_prior_or_not_in_prior_qc,already_mapped_prior,prior_alpha_chain_mapping
95,zolpidem,alpha1_beta3_gamma2,1,hydrophobic_interaction,103,D,"{""dist"": ""3.48"", ""id"": ""4"", ""ligcarbonidx"": ""13807"", ""protcarbonidx"": ""9020"", ""reschain"": ""D"", ""reschain_lig"": ""Z"", ""resnr"": ""103"", ""resnr_lig"": ""1"", ""restype"": ""ASN"", ""restype_lig"": ""LIG""}",ASN,BZD_SITE_104,,mapped_global_sequence_alignment,global sequence alignment (Biopython PairwiseAligner) + PDB residue lookup,False,mapped_prior_or_not_in_prior_qc,already_mapped_prior,prior_alpha_chain_mapping
96,zolpidem,alpha1_beta3_gamma2,1,hydrophobic_interaction,156,D,"{""dist"": ""3.54"", ""id"": ""5"", ""ligcarbonidx"": ""13807"", ""protcarbonidx"": ""9437"", ""reschain"": ""D"", ""reschain_lig"": ""Z"", ""resnr"": ""156"", ""resnr_lig"": ""1"", ""restype"": ""LYS"", ""restype_lig"": ""LIG""}",LYS,BZD_SITE_157,,mapped_global_sequence_alignment,global sequence alignment (Biopython PairwiseAligner) + PDB residue lookup,False,mapped_prior_or_not_in_prior_qc,already_mapped_prior,prior_alpha_chain_mapping
97,zolpidem,alpha1_beta3_gamma2,1,hydrophobic_interaction,203,D,"{""dist"": ""3.84"", ""id"": ""6"", ""ligcarbonidx"": ""13795"", ""protcarbonidx"": ""9810"", ""reschain"": ""D"", ""reschain_lig"": ""Z"", ""resnr"": ""203"", ""resnr_lig"": ""1"", ""restype"": ""VAL"", ""restype_lig"": ""LIG""}",VAL,BZD_SITE_204,,mapped_global_sequence_alignment,global sequence alignment (Biopython PairwiseAligner) + PDB residue lookup,False,mapped_prior_or_not_in_prior_qc,already_mapped_prior,prior_alpha_chain_mapping
98,zolpidem,alpha1_beta3_gamma2,1,hydrogen_bond,60,C,"{""acceptoridx"": ""13791"", ""acceptortype"": ""Nar"", ""dist_d-a"": ""3.35"", ""dist_h-a"": ""2.91"", ""don_angle"": ""107.92"", ""donoridx"": ""5823"", ""donortype"": ""Nam"", ""id"": ""1"", ""protisdon"": ""True"", ""reschain"": ""C"", ""reschain_lig"": ""Z"", ""resnr"": ""60"", ""resnr_lig"": ""1"", ""restype"": ""ASN"", ""restype_lig"": ""LIG"", ""sidechain"": ""True""}",ASN,BZD_GAMMA2_060,gamma2,mapped_gamma2_sequence_alignment,global sequence alignment (Biopython PairwiseAligner) + PDB residue lookup,False,unresolved,recovered_bzd_interface,gamma2_C_to_E_alignment
99,zolpidem,alpha1_beta3_gamma2,2,hydrophobic_interaction,58,C,"{""dist"": ""3.78"", ""id"": ""1"", ""ligcarbonidx"": ""13788"", ""protcarbonidx"": ""5804"", ""reschain"": ""C"", ""reschain_lig"": ""Z"", ""resnr"": ""58"", ""resnr_lig"": ""1"", ""restype"": ""TYR"", ""restype_lig"": ""LIG""}",TYR,BZD_GAMMA2_058,gamma2,mapped_gamma2_sequence_alignment,global sequence alignment (Biopython PairwiseAligner) + PDB residue lookup,False,unresolved,recovered_bzd_interface,gamma2_C_to_E_alignment
100,zolpidem,alpha1_beta3_gamma2,2,hydrophobic_interaction,77,C,"{""dist"": ""3.78"", ""id"": ""2"", ""ligcarbonidx"": ""13785"", ""protcarbonidx"": ""5951"", ""reschain"": ""C"", ""reschain_lig"": ""Z"", ""resnr"": ""77"", ""resnr_lig"": ""1"", ""restype"": ""PHE"", ""restype_lig"": ""LIG""}",PHE,BZD_GAMMA2_077,gamma2,mapped_gamma2_sequence_alignment,global sequence alignment (Biopython PairwiseAligner) + PDB residue lookup,False,unresolved,recovered_bzd_interface,gamma2_C_to_E_alignment
101,zolpidem,alpha1_beta3_gamma2,2,hydrophobic_interaction,160,D,"{""dist"": ""3.97"", ""id"": ""3"", ""ligcarbonidx"": ""13785"", ""protcarbonidx"": ""9469"", ""reschain"": ""D"", ""reschain_lig"": ""Z"", ""resnr"": ""160"", ""resnr_lig"": ""1"", ""restype"": ""TYR"", ""restype_lig"": ""LIG""}",TYR,BZD_SITE_161,,mapped_global_sequence_alignment,global sequence alignment (Biopython PairwiseAligner) + PDB residue lookup,False,mapped_prior_or_not_in_prior_qc,already_mapped_prior,prior_alpha_chain_mapping
102,zolpidem,alpha1_beta3_gamma2,2,hydrophobic_interaction,203,D,"{""dist"": ""3.26"", ""id"": ""4"", ""ligcarbonidx"": ""13806"", ""protcarbonidx"": ""9810"", ""reschain"": ""D"", ""reschain_lig"": ""Z"", ""resnr"": ""203"", ""resnr_lig"": ""1"", ""restype"": ""VAL"", ""restype_lig"": ""LIG""}",VAL,BZD_SITE_204,,mapped_global_sequence_alignment,global sequence alignment (Biopython PairwiseAligner) + PDB residue lookup,False,mapped_prior_or_not_in_prior_qc,already_mapped_prior,prior_alpha_chain_mapping
103,zolpidem,alpha1_beta3_gamma2,2,pi_stack,77,C,"{""angle"": ""70.60"", ""centdist"": ""4.70"", ""id"": ""1"", ""offset"": ""0.47"", ""reschain"": ""C"", ""reschain_lig"": ""Z"", ""resnr"": ""77"", ""resnr_lig"": ""1"", ""restype"": ""PHE"", ""restype_lig"": ""LIG"", ""type"": ""T""}",PHE,BZD_GAMMA2_077,gamma2,mapped_gamma2_sequence_alignment,global sequence alignment (Biopython PairwiseAligner) + PDB residue lookup,False,unresolved,recovered_bzd_interface,gamma2_C_to_E_alignment
104,zolpidem,alpha1_beta3_gamma2,3,hydrophobic_interaction,77,C,"{""dist"": ""3.41"", ""id"": ""1"", ""ligcarbonidx"": ""13807"", ""protcarbonidx"": ""5954"", ""reschain"": ""C"", ""reschain_lig"": ""Z"", ""resnr"": ""77"", ""resnr_lig"": ""1"", ""restype"": ""PHE"", ""restype_lig"": ""LIG""}",PHE,BZD_GAMMA2_077,gamma2,mapped_gamma2_sequence_alignment,global sequence alignment (Biopython PairwiseAligner) + PDB residue lookup,False,unresolved,recovered_bzd_interface,gamma2_C_to_E_alignment
105,zolpidem,alpha1_beta3_gamma2,3,hydrophobic_interaction,103,D,"{""dist"": ""3.58"", ""id"": ""2"", ""ligcarbonidx"": ""13794"", ""protcarbonidx"": ""9020"", ""reschain"": ""D"", ""reschain_lig"": ""Z"", ""resnr"": ""103"", ""resnr_lig"": ""1"", ""restype"": ""ASN"", ""restype_lig"": ""LIG""}",ASN,BZD_SITE_104,,mapped_global_sequence_alignment,global sequence alignment (Biopython PairwiseAligner) + PDB residue lookup,False,mapped_prior_or_not_in_prior_qc,already_mapped_prior,prior_alpha_chain_mapping
106,zolpidem,alpha1_beta3_gamma2,3,hydrophobic_interaction,203,D,"{""dist"": ""3.03"", ""id"": ""3"", ""ligcarbonidx"": ""13787"", ""protcarbonidx"": ""9810"", ""reschain"": ""D"", ""reschain_lig"": ""Z"", ""resnr"": ""203"", ""resnr_lig"": ""1"", ""restype"": ""VAL"", ""restype_lig"": ""LIG""}",VAL,BZD_SITE_204,,mapped_global_sequence_alignment,global sequence alignment (Biopython PairwiseAligner) + PDB residue lookup,False,mapped_prior_or_not_in_prior_qc,already_mapped_prior,prior_alpha_chain_mapping
107,zolpidem,alpha1_beta3_gamma2,3,hydrogen_bond,60,C,"{""acceptoridx"": ""13791"", ""acceptortype"": ""Nar"", ""dist_d-a"": ""2.99"", ""dist_h-a"": ""2.18"", ""don_angle"": ""138.65"", ""donoridx"": ""5823"", ""donortype"": ""Nam"", ""id"": ""1"", ""protisdon"": ""True"", ""reschain"": ""C"", ""reschain_lig"": ""Z"", ""resnr"": ""60"", ""resnr_lig"": ""1"", ""restype"": ""ASN"", ""restype_lig"": ""LIG"", ""sidechain"": ""True""}",ASN,BZD_GAMMA2_060,gamma2,mapped_gamma2_sequence_alignment,global sequence alignment (Biopython PairwiseAligner) + PDB residue lookup,False,unresolved,recovered_bzd_interface,gamma2_C_to_E_alignment
108,zolpidem,alpha1_beta3_gamma2,4,hydrophobic_interaction,77,C,"{""dist"": ""3.42"", ""id"": ""1"", ""ligcarbonidx"": ""13796"", ""protcarbonidx"": ""5951"", ""reschain"": ""C"", ""reschain_lig"": ""Z"", ""resnr"": ""77"", ""resnr_lig"": ""1"", ""restype"": ""PHE"", ""restype_lig"": ""LIG""}",PHE,BZD_GAMMA2_077,gamma2,mapped_gamma2_sequence_alignment,global sequence alignment (Biopython PairwiseAligner) + PDB residue lookup,False,unresolved,recovered_bzd_interface,gamma2_C_to_E_alignment
109,zolpidem,alpha1_beta3_gamma2,4,pi_stack,58,C,"{""angle"": ""17.03"", ""centdist"": ""4.03"", ""id"": ""1"", ""offset"": ""1.25"", ""reschain"": ""C"", ""reschain_lig"": ""Z"", ""resnr"": ""58"", ""resnr_lig"": ""1"", ""restype"": ""TYR"", ""restype_lig"": ""LIG"", ""type"": ""P""}",TYR,BZD_GAMMA2_058,gamma2,mapped_gamma2_sequence_alignment,global sequence alignment (Biopython PairwiseAligner) + PDB residue lookup,False,unresolved,recovered_bzd_interface,gamma2_C_to_E_alignment
110,zolpidem,alpha1_beta3_gamma2,5,hydrophobic_interaction,77,C,"{""dist"": ""3.52"", ""id"": ""1"", ""ligcarbonidx"": ""13796"", ""protcarbonidx"": ""5955"", ""reschain"": ""C"", ""reschain_lig"": ""Z"", ""resnr"": ""77"", ""resnr_lig"": ""1"", ""restype"": ""PHE"", ""restype_lig"": ""LIG""}",PHE,BZD_GAMMA2_077,gamma2,mapped_gamma2_sequence_alignment,global sequence alignment (Biopython PairwiseAligner) + PDB residue lookup,False,unresolved,recovered_bzd_interface,gamma2_C_to_E_alignment
111,zolpidem,alpha1_beta3_gamma2,5,hydrophobic_interaction,203,D,"{""dist"": ""3.50"", ""id"": ""2"", ""ligcarbonidx"": ""13800"", ""protcarbonidx"": ""9810"", ""reschain"": ""D"", ""reschain_lig"": ""Z"", ""resnr"": ""203"", ""resnr_lig"": ""1"", ""restype"": ""VAL"", ""restype_lig"": ""LIG""}",VAL,BZD_SITE_204,,mapped_global_sequence_alignment,global sequence alignment (Biopython PairwiseAligner) + PDB residue lookup,False,mapped_prior_or_not_in_prior_qc,already_mapped_prior,prior_alpha_chain_mapping
112,zolpidem,alpha1_beta3_gamma2,5,pi_stack,58,C,"{""angle"": ""13.03"", ""centdist"": ""3.89"", ""id"": ""1"", ""offset"": ""1.16"", ""reschain"": ""C"", ""reschain_lig"": ""Z"", ""resnr"": ""58"", ""resnr_lig"": ""1"", ""restype"": ""TYR"", ""restype_lig"": ""LIG"", ""type"": ""P""}",TYR,BZD_GAMMA2_058,gamma2,mapped_gamma2_sequence_alignment,global sequence alignment (Biopython PairwiseAligner) + PDB residue lookup,False,unresolved,recovered_bzd_interface,gamma2_C_to_E_alignment
113,zolpidem,alpha1_beta3_gamma2,6,hydrophobic_interaction,58,C,"{""dist"": ""3.59"", ""id"": ""1"", ""ligcarbonidx"": ""13806"", ""protcarbonidx"": ""5806"", ""reschain"": ""C"", ""reschain_lig"": ""Z"", ""resnr"": ""58"", ""resnr_lig"": ""1"", ""restype"": ""TYR"", ""restype_lig"": ""LIG""}",TYR,BZD_GAMMA2_058,gamma2,mapped_gamma2_sequence_alignment,global sequence alignment (Biopython PairwiseAligner) + PDB residue lookup,False,unresolved,recovered_bzd_interface,gamma2_C_to_E_alignment
114,zolpidem,alpha1_beta3_gamma2,6,hydrophobic_interaction,77,C,"{""dist"": ""3.27"", ""id"": ""2"", ""ligcarbonidx"": ""13807"", ""protcarbonidx"": ""5954"", ""reschain"": ""C"", ""reschain_lig"": ""Z"", ""resnr"": ""77"", ""resnr_lig"": ""1"", ""restype"": ""PHE"", ""restype_lig"": ""LIG""}",PHE,BZD_GAMMA2_077,gamma2,mapped_gamma2_sequence_alignment,global sequence alignment (Biopython PairwiseAligner) + PDB residue lookup,False,unresolved,recovered_bzd_interface,gamma2_C_to_E_alignment
115,zolpidem,alpha1_beta3_gamma2,6,hydrophobic_interaction,203,D,"{""dist"": ""3.42"", ""id"": ""3"", ""ligcarbonidx"": ""13788"", ""protcarbonidx"": ""9810"", ""reschain"": ""D"", ""reschain_lig"": ""Z"", ""resnr"": ""203"", ""resnr_lig"": ""1"", ""restype"": ""VAL"", ""restype_lig"": ""LIG""}",VAL,BZD_SITE_204,,mapped_global_sequence_alignment,global sequence alignment (Biopython PairwiseAligner) + PDB residue lookup,False,mapped_prior_or_not_in_prior_qc,already_mapped_prior,prior_alpha_chain_mapping
116,zolpidem,alpha1_beta3_gamma2,6,hydrogen_bond,60,C,"{""acceptoridx"": ""13791"", ""acceptortype"": ""Nar"", ""dist_d-a"": ""3.56"", ""dist_h-a"": ""3.01"", ""don_angle"": ""116.29"", ""donoridx"": ""5823"", ""donortype"": ""Nam"", ""id"": ""1"", ""protisdon"": ""True"", ""reschain"": ""C"", ""reschain_lig"": ""Z"", ""resnr"": ""60"", ""resnr_lig"": ""1"", ""restype"": ""ASN"", ""restype_lig"": ""LIG"", ""sidechain"": ""True""}",ASN,BZD_GAMMA2_060,gamma2,mapped_gamma2_sequence_alignment,global sequence alignment (Biopython PairwiseAligner) + PDB residue lookup,False,unresolved,recovered_bzd_interface,gamma2_C_to_E_alignment
117,zolpidem,alpha1_beta3_gamma2,7,hydrophobic_interaction,58,C,"{""dist"": ""3.96"", ""id"": ""1"", ""ligcarbonidx"": ""13795"", ""protcarbonidx"": ""5806"", ""reschain"": ""C"", ""reschain_lig"": ""Z"", ""resnr"": ""58"", ""resnr_lig"": ""1"", ""restype"": ""TYR"", ""restype_lig"": ""LIG""}",TYR,BZD_GAMMA2_058,gamma2,mapped_gamma2_sequence_alignment,global sequence alignment (Biopython PairwiseAligner) + PDB residue lookup,False,unresolved,recovered_bzd_interface,gamma2_C_to_E_alignment
118,zolpidem,alpha1_beta3_gamma2,7,hydrophobic_interaction,58,C,"{""dist"": ""3.71"", ""id"": ""2"", ""ligcarbonidx"": ""13796"", ""protcarbonidx"": ""5804"", ""reschain"": ""C"", ""reschain_lig"": ""Z"", ""resnr"": ""58"", ""resnr_lig"": ""1"", ""restype"": ""TYR"", ""restype_lig"": ""LIG""}",TYR,BZD_GAMMA2_058,gamma2,mapped_gamma2_sequence_alignment,global sequence alignment (Biopython PairwiseAligner) + PDB residue lookup,False,unresolved,recovered_bzd_interface,gamma2_C_to_E_alignment
119,zolpidem,alpha1_beta3_gamma2,7,hydrophobic_interaction,77,C,"{""dist"": ""3.88"", ""id"": ""3"", ""ligcarbonidx"": ""13794"", ""protcarbonidx"": ""5955"", ""reschain"": ""C"", ""reschain_lig"": ""Z"", ""resnr"": ""77"", ""resnr_lig"": ""1"", ""restype"": ""PHE"", ""restype_lig"": ""LIG""}",PHE,BZD_GAMMA2_077,gamma2,mapped_gamma2_sequence_alignment,global sequence alignment (Biopython PairwiseAligner) + PDB residue lookup,False,unresolved,recovered_bzd_interface,gamma2_C_to_E_alignment
120,zolpidem,alpha1_beta3_gamma2,7,hydrophobic_interaction,77,C,"{""dist"": ""3.71"", ""id"": ""4"", ""ligcarbonidx"": ""13796"", ""protcarbonidx"": ""5952"", ""reschain"": ""C"", ""reschain_lig"": ""Z"", ""resnr"": ""77"", ""resnr_lig"": ""1"", ""restype"": ""PHE"", ""restype_lig"": ""LIG""}",PHE,BZD_GAMMA2_077,gamma2,mapped_gamma2_sequence_alignment,global sequence alignment (Biopython PairwiseAligner) + PDB residue lookup,False,unresolved,recovered_bzd_interface,gamma2_C_to_E_alignment
121,zolpidem,alpha1_beta3_gamma2,7,hydrophobic_interaction,203,D,"{""dist"": ""3.64"", ""id"": ""5"", ""ligcarbonidx"": ""13806"", ""protcarbonidx"": ""9811"", ""reschain"": ""D"", ""reschain_lig"": ""Z"", ""resnr"": ""203"", ""resnr_lig"": ""1"", ""restype"": ""VAL"", ""restype_lig"": ""LIG""}",VAL,BZD_SITE_204,,mapped_global_sequence_alignment,global sequence alignment (Biopython PairwiseAligner) + PDB residue lookup,False,mapped_prior_or_not_in_prior_qc,already_mapped_prior,prior_alpha_chain_mapping
122,zolpidem,alpha1_beta3_gamma2,8,hydrophobic_interaction,58,C,"{""dist"": ""3.42"", ""id"": ""1"", ""ligcarbonidx"": ""13793"", ""protcarbonidx"": ""5806"", ""reschain"": ""C"", ""reschain_lig"": ""Z"", ""resnr"": ""58"", ""resnr_lig"": ""1"", ""restype"": ""TYR"", ""restype_lig"": ""LIG""}",TYR,BZD_GAMMA2_058,gamma2,mapped_gamma2_sequence_alignment,global sequence alignment (Biopython PairwiseAligner) + PDB residue lookup,False,unresolved,recovered_bzd_interface,gamma2_C_to_E_alignment
123,zolpidem,alpha1_beta3_gamma2,8,hydrophobic_interaction,77,C,"{""dist"": ""3.48"", ""id"": ""2"", ""ligcarbonidx"": ""13796"", ""protcarbonidx"": ""5955"", ""reschain"": ""C"", ""reschain_lig"": ""Z"", ""resnr"": ""77"", ""resnr_lig"": ""1"", ""restype"": ""PHE"", ""restype_lig"": ""LIG""}",PHE,BZD_GAMMA2_077,gamma2,mapped_gamma2_sequence_alignment,global sequence alignment (Biopython PairwiseAligner) + PDB residue lookup,False,unresolved,recovered_bzd_interface,gamma2_C_to_E_alignment
124,zolpidem,alpha1_beta3_gamma2,8,hydrophobic_interaction,77,C,"{""dist"": ""3.52"", ""id"": ""3"", ""ligcarbonidx"": ""13794"", ""protcarbonidx"": ""5954"", ""reschain"": ""C"", ""reschain_lig"": ""Z"", ""resnr"": ""77"", ""resnr_lig"": ""1"", ""restype"": ""PHE"", ""restype_lig"": ""LIG""}",PHE,BZD_GAMMA2_077,gamma2,mapped_gamma2_sequence_alignment,global sequence alignment (Biopython PairwiseAligner) + PDB residue lookup,False,unresolved,recovered_bzd_interface,gamma2_C_to_E_alignment
125,zolpidem,alpha1_beta3_gamma2,8,hydrophobic_interaction,203,D,"{""dist"": ""3.88"", ""id"": ""4"", ""ligcarbonidx"": ""13788"", ""protcarbonidx"": ""9810"", ""reschain"": ""D"", ""reschain_lig"": ""Z"", ""resnr"": ""203"", ""resnr_lig"": ""1"", ""restype"": ""VAL"", ""restype_lig"": ""LIG""}",VAL,BZD_SITE_204,,mapped_global_sequence_alignment,global sequence alignment (Biopython PairwiseAligner) + PDB residue lookup,False,mapped_prior_or_not_in_prior_qc,already_mapped_prior,prior_alpha_chain_mapping
126,zolpidem,alpha1_beta3_gamma2,8,hydrophobic_interaction,203,D,"{""dist"": ""3.77"", ""id"": ""5"", ""ligcarbonidx"": ""13800"", ""protcarbonidx"": ""9811"", ""reschain"": ""D"", ""reschain_lig"": ""Z"", ""resnr"": ""203"", ""resnr_lig"": ""1"", ""restype"": ""VAL"", ""restype_lig"": ""LIG""}",VAL,BZD_SITE_204,,mapped_global_sequence_alignment,global sequence alignment (Biopython PairwiseAligner) + PDB residue lookup,False,mapped_prior_or_not_in_prior_qc,already_mapped_prior,prior_alpha_chain_mapping
127,zolpidem,alpha1_beta3_gamma2,9,hydrophobic_interaction,58,C,"{""dist"": ""3.94"", ""id"": ""1"", ""ligcarbonidx"": ""13793"", ""protcarbonidx"": ""5806"", ""reschain"": ""C"", ""reschain_lig"": ""Z"", ""resnr"": ""58"", ""resnr_lig"": ""1"", ""restype"": ""TYR"", ""restype_lig"": ""LIG""}",TYR,BZD_GAMMA2_058,gamma2,mapped_gamma2_sequence_alignment,global sequence alignment (Biopython PairwiseAligner) + PDB residue lookup,False,unresolved,recovered_bzd_interface,gamma2_C_to_E_alignment
128,zolpidem,alpha1_beta3_gamma2,9,hydrophobic_interaction,103,D,"{""dist"": ""3.47"", ""id"": ""2"", ""ligcarbonidx"": ""13785"", ""protcarbonidx"": ""9020"", ""reschain"": ""D"", ""reschain_lig"": ""Z"", ""resnr"": ""103"", ""resnr_lig"": ""1"", ""restype"": ""ASN"", ""restype_lig"": ""LIG""}",ASN,BZD_SITE_104,,mapped_global_sequence_alignment,global sequence alignment (Biopython PairwiseAligner) + PDB residue lookup,False,mapped_prior_or_not_in_prior_qc,already_mapped_prior,prior_alpha_chain_mapping
129,zolpidem,alpha1_beta3_gamma2,9,hydrophobic_interaction,156,D,"{""dist"": ""3.91"", ""id"": ""3"", ""ligcarbonidx"": ""13807"", ""protcarbonidx"": ""9437"", ""reschain"": ""D"", ""reschain_lig"": ""Z"", ""resnr"": ""156"", ""resnr_lig"": ""1"", ""restype"": ""LYS"", ""restype_lig"": ""LIG""}",LYS,BZD_SITE_157,,mapped_global_sequence_alignment,global sequence alignment (Biopython PairwiseAligner) + PDB residue lookup,False,mapped_prior_or_not_in_prior_qc,already_mapped_prior,prior_alpha_chain_mapping
130,zolpidem,alpha1_beta3_gamma2,9,hydrophobic_interaction,203,D,"{""dist"": ""3.76"", ""id"": ""4"", ""ligcarbonidx"": ""13794"", ""protcarbonidx"": ""9810"", ""reschain"": ""D"", ""reschain_lig"": ""Z"", ""resnr"": ""203"", ""resnr_lig"": ""1"", ""restype"": ""VAL"", ""restype_lig"": ""LIG""}",VAL,BZD_SITE_204,,mapped_global_sequence_alignment,global sequence alignment (Biopython PairwiseAligner) + PDB residue lookup,False,mapped_prior_or_not_in_prior_qc,already_mapped_prior,prior_alpha_chain_mapping
131,zolpidem,alpha1_beta3_gamma2,9,hydrogen_bond,156,D,"{""acceptoridx"": ""13802"", ""acceptortype"": ""O2"", ""dist_d-a"": ""4.08"", ""dist_h-a"": ""3.22"", ""don_angle"": ""143.53"", ""donoridx"": ""9439"", ""donortype"": ""N3"", ""id"": ""1"", ""protisdon"": ""True"", ""reschain"": ""D"", ""reschain_lig"": ""Z"", ""resnr"": ""156"", ""resnr_lig"": ""1"", ""restype"": ""LYS"", ""restype_lig"": ""LIG"", ""sidechain"": ""True""}",LYS,BZD_SITE_157,,mapped_global_sequence_alignment,global sequence alignment (Biopython PairwiseAligner) + PDB residue lookup,False,mapped_prior_or_not_in_prior_qc,already_mapped_prior,prior_alpha_chain_mapping
132,diazepam,alpha2_beta3_gamma2_local_9CTJ,1,hydrophobic_interaction,58,E,"{""dist"": ""3.68"", ""id"": ""1"", ""ligcarbonidx"": ""7110"", ""protcarbonidx"": ""5639"", ""reschain"": ""E"", ""reschain_lig"": ""Z"", ""resnr"": ""58"", ""resnr_lig"": ""1"", ""restype"": ""TYR"", ""restype_lig"": ""LIG""}",TYR,BZD_GAMMA2_058,gamma2,mapped_gamma2_sequence_alignment,global sequence alignment (Biopython PairwiseAligner) + PDB residue lookup,False,unresolved,recovered_bzd_interface,gamma2_C_to_E_alignment
133,diazepam,alpha2_beta3_gamma2_local_9CTJ,1,hydrophobic_interaction,77,E,"{""dist"": ""3.66"", ""id"": ""2"", ""ligcarbonidx"": ""7112"", ""protcarbonidx"": ""5787"", ""reschain"": ""E"", ""reschain_lig"": ""Z"", ""resnr"": ""77"", ""resnr_lig"": ""1"", ""restype"": ""PHE"", ""restype_lig"": ""LIG""}",PHE,BZD_GAMMA2_077,gamma2,mapped_gamma2_sequence_alignment,global sequence alignment (Biopython PairwiseAligner) + PDB residue lookup,False,unresolved,recovered_bzd_interface,gamma2_C_to_E_alignment
134,diazepam,alpha2_beta3_gamma2_local_9CTJ,1,hydrophobic_interaction,77,E,"{""dist"": ""3.47"", ""id"": ""3"", ""ligcarbonidx"": ""7116"", ""protcarbonidx"": ""5785"", ""reschain"": ""E"", ""reschain_lig"": ""Z"", ""resnr"": ""77"", ""resnr_lig"": ""1"", ""restype"": ""PHE"", ""restype_lig"": ""LIG""}",PHE,BZD_GAMMA2_077,gamma2,mapped_gamma2_sequence_alignment,global sequence alignment (Biopython PairwiseAligner) + PDB residue lookup,False,unresolved,recovered_bzd_interface,gamma2_C_to_E_alignment
135,diazepam,alpha2_beta3_gamma2_local_9CTJ,1,hydrophobic_interaction,202,D,"{""dist"": ""3.75"", ""id"": ""4"", ""ligcarbonidx"": ""7107"", ""protcarbonidx"": ""4260"", ""reschain"": ""D"", ""reschain_lig"": ""Z"", ""resnr"": ""202"", ""resnr_lig"": ""1"", ""restype"": ""ILE"", ""restype_lig"": ""LIG""}",ILE,BZD_SITE_203,,mapped_global_sequence_alignment,global sequence alignment (Biopython PairwiseAligner) + PDB residue lookup,False,mapped_prior_or_not_in_prior_qc,already_mapped_prior,prior_alpha_chain_mapping
136,diazepam,alpha2_beta3_gamma2_local_9CTJ,2,hydrophobic_interaction,58,E,"{""dist"": ""3.88"", ""id"": ""1"", ""ligcarbonidx"": ""7113"", ""protcarbonidx"": ""5639"", ""reschain"": ""E"", ""reschain_lig"": ""Z"", ""resnr"": ""58"", ""resnr_lig"": ""1"", ""restype"": ""TYR"", ""restype_lig"": ""LIG""}",TYR,BZD_GAMMA2_058,gamma2,mapped_gamma2_sequence_alignment,global sequence alignment (Biopython PairwiseAligner) + PDB residue lookup,False,unresolved,recovered_bzd_interface,gamma2_C_to_E_alignment
137,diazepam,alpha2_beta3_gamma2_local_9CTJ,2,hydrophobic_interaction,77,E,"{""dist"": ""3.90"", ""id"": ""2"", ""ligcarbonidx"": ""7108"", ""protcarbonidx"": ""5788"", ""reschain"": ""E"", ""reschain_lig"": ""Z"", ""resnr"": ""77"", ""resnr_lig"": ""1"", ""restype"": ""PHE"", ""restype_lig"": ""LIG""}",PHE,BZD_GAMMA2_077,gamma2,mapped_gamma2_sequence_alignment,global sequence alignment (Biopython PairwiseAligner) + PDB residue lookup,False,unresolved,recovered_bzd_interface,gamma2_C_to_E_alignment
138,diazepam,alpha2_beta3_gamma2_local_9CTJ,2,hydrophobic_interaction,77,E,"{""dist"": ""3.16"", ""id"": ""3"", ""ligcarbonidx"": ""7107"", ""protcarbonidx"": ""5787"", ""reschain"": ""E"", ""reschain_lig"": ""Z"", ""resnr"": ""77"", ""resnr_lig"": ""1"", ""restype"": ""PHE"", ""restype_lig"": ""LIG""}",PHE,BZD_GAMMA2_077,gamma2,mapped_gamma2_sequence_alignment,global sequence alignment (Biopython PairwiseAligner) + PDB residue lookup,False,unresolved,recovered_bzd_interface,gamma2_C_to_E_alignment
139,diazepam,alpha2_beta3_gamma2_local_9CTJ,2,hydrophobic_interaction,99,D,"{""dist"": ""3.53"", ""id"": ""4"", ""ligcarbonidx"": ""7108"", ""protcarbonidx"": ""3448"", ""reschain"": ""D"", ""reschain_lig"": ""Z"", ""resnr"": ""99"", ""resnr_lig"": ""1"", ""restype"": ""PHE"", ""restype_lig"": ""LIG""}",PHE,BZD_SITE_100,,mapped_global_sequence_alignment,global sequence alignment (Biopython PairwiseAligner) + PDB residue lookup,False,mapped_prior_or_not_in_prior_qc,already_mapped_prior,prior_alpha_chain_mapping
140,diazepam,alpha2_beta3_gamma2_local_9CTJ,2,hydrophobic_interaction,209,D,"{""dist"": ""3.27"", ""id"": ""5"", ""ligcarbonidx"": ""7110"", ""protcarbonidx"": ""4310"", ""reschain"": ""D"", ""reschain_lig"": ""Z"", ""resnr"": ""209"", ""resnr_lig"": ""1"", ""restype"": ""TYR"", ""restype_lig"": ""LIG""}",TYR,BZD_SITE_210,,mapped_global_sequence_alignment,global sequence alignment (Biopython PairwiseAligner) + PDB residue lookup,False,mapped_prior_or_not_in_prior_qc,already_mapped_prior,prior_alpha_chain_mapping
141,diazepam,alpha2_beta3_gamma2_local_9CTJ,2,pi_stack,101,D,"{""angle"": ""63.61"", ""centdist"": ""4.40"", ""id"": ""1"", ""offset"": ""1.42"", ""reschain"": ""D"", ""reschain_lig"": ""Z"", ""resnr"": ""101"", ""resnr_lig"": ""1"", ""restype"": ""HIS"", ""restype_lig"": ""LIG"", ""type"": ""T""}",HIS,BZD_SITE_102,,mapped_global_sequence_alignment,global sequence alignment (Biopython PairwiseAligner) + PDB residue lookup,False,mapped_prior_or_not_in_prior_qc,already_mapped_prior,prior_alpha_chain_mapping
142,diazepam,alpha2_beta3_gamma2_local_9CTJ,3,hydrophobic_interaction,60,E,"{""dist"": ""3.66"", ""id"": ""1"", ""ligcarbonidx"": ""7116"", ""protcarbonidx"": ""5653"", ""reschain"": ""E"", ""reschain_lig"": ""Z"", ""resnr"": ""60"", ""resnr_lig"": ""1"", ""restype"": ""ASN"", ""restype_lig"": ""LIG""}",ASN,BZD_GAMMA2_060,gamma2,mapped_gamma2_sequence_alignment,global sequence alignment (Biopython PairwiseAligner) + PDB residue lookup,False,unresolved,recovered_bzd_interface,gamma2_C_to_E_alignment
143,diazepam,alpha2_beta3_gamma2_local_9CTJ,3,hydrophobic_interaction,102,D,"{""dist"": ""3.94"", ""id"": ""2"", ""ligcarbonidx"": ""7111"", ""protcarbonidx"": ""3474"", ""reschain"": ""D"", ""reschain_lig"": ""Z"", ""resnr"": ""102"", ""resnr_lig"": ""1"", ""restype"": ""ASN"", ""restype_lig"": ""LIG""}",ASN,BZD_SITE_103,,mapped_global_sequence_alignment,global sequence alignment (Biopython PairwiseAligner) + PDB residue lookup,False,mapped_prior_or_not_in_prior_qc,already_mapped_prior,prior_alpha_chain_mapping
144,diazepam,alpha2_beta3_gamma2_local_9CTJ,3,hydrophobic_interaction,153,D,"{""dist"": ""3.61"", ""id"": ""3"", ""ligcarbonidx"": ""7109"", ""protcarbonidx"": ""3875"", ""reschain"": ""D"", ""reschain_lig"": ""Z"", ""resnr"": ""153"", ""resnr_lig"": ""1"", ""restype"": ""PRO"", ""restype_lig"": ""LIG""}",PRO,BZD_SITE_154,,mapped_global_sequence_alignment,global sequence alignment (Biopython PairwiseAligner) + PDB residue lookup,False,mapped_prior_or_not_in_prior_qc,already_mapped_prior,prior_alpha_chain_mapping
145,diazepam,alpha2_beta3_gamma2_local_9CTJ,3,hydrophobic_interaction,155,D,"{""dist"": ""3.68"", ""id"": ""4"", ""ligcarbonidx"": ""7110"", ""protcarbonidx"": ""3891"", ""reschain"": ""D"", ""reschain_lig"": ""Z"", ""resnr"": ""155"", ""resnr_lig"": ""1"", ""restype"": ""LYS"", ""restype_lig"": ""LIG""}",LYS,BZD_SITE_156,,mapped_global_sequence_alignment,global sequence alignment (Biopython PairwiseAligner) + PDB residue lookup,False,mapped_prior_or_not_in_prior_qc,already_mapped_prior,prior_alpha_chain_mapping
146,diazepam,alpha2_beta3_gamma2_local_9CTJ,3,halogen_bond,195,E,"{""acc_angle"": ""107.59"", ""acc_idx"": ""6784"", ""acceptortype"": ""O2"", ""dist"": ""3.81"", ""don_angle"": ""153.72"", ""don_idx"": ""7115"", ""donortype"": ""Cl"", ""id"": ""1"", ""reschain"": ""E"", ""reschain_lig"": ""Z"", ""resnr"": ""195"", ""resnr_lig"": ""1"", ""restype"": ""SER"", ""restype_lig"": ""LIG"", ""sidechain"": ""False""}",SER,BZD_GAMMA2_195,gamma2,mapped_gamma2_sequence_alignment,global sequence alignment (Biopython PairwiseAligner) + PDB residue lookup,False,unresolved,recovered_bzd_interface,gamma2_C_to_E_alignment
147,diazepam,alpha2_beta3_gamma2_local_9CTJ,4,hydrophobic_interaction,58,E,"{""dist"": ""3.51"", ""id"": ""1"", ""ligcarbonidx"": ""7107"", ""protcarbonidx"": ""5639"", ""reschain"": ""E"", ""reschain_lig"": ""Z"", ""resnr"": ""58"", ""resnr_lig"": ""1"", ""restype"": ""TYR"", ""restype_lig"": ""LIG""}",TYR,BZD_GAMMA2_058,gamma2,mapped_gamma2_sequence_alignment,global sequence alignment (Biopython PairwiseAligner) + PDB residue lookup,False,unresolved,recovered_bzd_interface,gamma2_C_to_E_alignment
148,diazepam,alpha2_beta3_gamma2_local_9CTJ,4,hydrophobic_interaction,77,E,"{""dist"": ""3.57"", ""id"": ""2"", ""ligcarbonidx"": ""7107"", ""protcarbonidx"": ""5787"", ""reschain"": ""E"", ""reschain_lig"": ""Z"", ""resnr"": ""77"", ""resnr_lig"": ""1"", ""restype"": ""PHE"", ""restype_lig"": ""LIG""}",PHE,BZD_GAMMA2_077,gamma2,mapped_gamma2_sequence_alignment,global sequence alignment (Biopython PairwiseAligner) + PDB residue lookup,False,unresolved,recovered_bzd_interface,gamma2_C_to_E_alignment
149,diazepam,alpha2_beta3_gamma2_local_9CTJ,4,hydrophobic_interaction,202,D,"{""dist"": ""3.54"", ""id"": ""3"", ""ligcarbonidx"": ""7110"", ""protcarbonidx"": ""4260"", ""reschain"": ""D"", ""reschain_lig"": ""Z"", ""resnr"": ""202"", ""resnr_lig"": ""1"", ""restype"": ""ILE"", ""restype_lig"": ""LIG""}",ILE,BZD_SITE_203,,mapped_global_sequence_alignment,global sequence alignment (Biopython PairwiseAligner) + PDB residue lookup,False,mapped_prior_or_not_in_prior_qc,already_mapped_prior,prior_alpha_chain_mapping
150,diazepam,alpha2_beta3_gamma2_local_9CTJ,4,hydrophobic_interaction,202,D,"{""dist"": ""3.80"", ""id"": ""4"", ""ligcarbonidx"": ""7116"", ""protcarbonidx"": ""4261"", ""reschain"": ""D"", ""reschain_lig"": ""Z"", ""resnr"": ""202"", ""resnr_lig"": ""1"", ""restype"": ""ILE"", ""restype_lig"": ""LIG""}",ILE,BZD_SITE_203,,mapped_global_sequence_alignment,global sequence alignment (Biopython PairwiseAligner) + PDB residue lookup,False,mapped_prior_or_not_in_prior_qc,already_mapped_prior,prior_alpha_chain_mapping
151,diazepam,alpha2_beta3_gamma2_local_9CTJ,5,hydrophobic_interaction,77,E,"{""dist"": ""3.57"", ""id"": ""1"", ""ligcarbonidx"": ""7108"", ""protcarbonidx"": ""5787"", ""reschain"": ""E"", ""reschain_lig"": ""Z"", ""resnr"": ""77"", ""resnr_lig"": ""1"", ""restype"": ""PHE"", ""restype_lig"": ""LIG""}",PHE,BZD_GAMMA2_077,gamma2,mapped_gamma2_sequence_alignment,global sequence alignment (Biopython PairwiseAligner) + PDB residue lookup,False,unresolved,recovered_bzd_interface,gamma2_C_to_E_alignment
152,diazepam,alpha2_beta3_gamma2_local_9CTJ,5,hydrophobic_interaction,202,D,"{""dist"": ""3.72"", ""id"": ""2"", ""ligcarbonidx"": ""7110"", ""protcarbonidx"": ""4260"", ""reschain"": ""D"", ""reschain_lig"": ""Z"", ""resnr"": ""202"", ""resnr_lig"": ""1"", ""restype"": ""ILE"", ""restype_lig"": ""LIG""}",ILE,BZD_SITE_203,,mapped_global_sequence_alignment,global sequence alignment (Biopython PairwiseAligner) + PDB residue lookup,False,mapped_prior_or_not_in_prior_qc,already_mapped_prior,prior_alpha_chain_mapping
153,diazepam,alpha2_beta3_gamma2_local_9CTJ,6,hydrophobic_interaction,77,E,"{""dist"": ""3.87"", ""id"": ""1"", ""ligcarbonidx"": ""7116"", ""protcarbonidx"": ""5787"", ""reschain"": ""E"", ""reschain_lig"": ""Z"", ""resnr"": ""77"", ""resnr_lig"": ""1"", ""restype"": ""PHE"", ""restype_lig"": ""LIG""}",PHE,BZD_GAMMA2_077,gamma2,mapped_gamma2_sequence_alignment,global sequence alignment (Biopython PairwiseAligner) + PDB residue lookup,False,unresolved,recovered_bzd_interface,gamma2_C_to_E_alignment
154,diazepam,alpha2_beta3_gamma2_local_9CTJ,6,hydrophobic_interaction,102,D,"{""dist"": ""3.46"", ""id"": ""2"", ""ligcarbonidx"": ""7109"", ""protcarbonidx"": ""3474"", ""reschain"": ""D"", ""reschain_lig"": ""Z"", ""resnr"": ""102"", ""resnr_lig"": ""1"", ""restype"": ""ASN"", ""restype_lig"": ""LIG""}",ASN,BZD_SITE_103,,mapped_global_sequence_alignment,global sequence alignment (Biopython PairwiseAligner) + PDB residue lookup,False,mapped_prior_or_not_in_prior_qc,already_mapped_prior,prior_alpha_chain_mapping
155,diazepam,alpha2_beta3_gamma2_local_9CTJ,6,hydrophobic_interaction,155,D,"{""dist"": ""3.76"", ""id"": ""3"", ""ligcarbonidx"": ""7110"", ""protcarbonidx"": ""3891"", ""reschain"": ""D"", ""reschain_lig"": ""Z"", ""resnr"": ""155"", ""resnr_lig"": ""1"", ""restype"": ""LYS"", ""restype_lig"": ""LIG""}",LYS,BZD_SITE_156,,mapped_global_sequence_alignment,global sequence alignment (Biopython PairwiseAligner) + PDB residue lookup,False,mapped_prior_or_not_in_prior_qc,already_mapped_prior,prior_alpha_chain_mapping
156,diazepam,alpha2_beta3_gamma2_local_9CTJ,7,hydrophobic_interaction,77,E,"{""dist"": ""3.42"", ""id"": ""1"", ""ligcarbonidx"": ""7116"", ""protcarbonidx"": ""5787"", ""reschain"": ""E"", ""reschain_lig"": ""Z"", ""resnr"": ""77"", ""resnr_lig"": ""1"", ""restype"": ""PHE"", ""restype_lig"": ""LIG""}",PHE,BZD_GAMMA2_077,gamma2,mapped_gamma2_sequence_alignment,global sequence alignment (Biopython PairwiseAligner) + PDB residue lookup,False,unresolved,recovered_bzd_interface,gamma2_C_to_E_alignment
157,diazepam,alpha2_beta3_gamma2_local_9CTJ,7,hydrophobic_interaction,202,D,"{""dist"": ""3.76"", ""id"": ""2"", ""ligcarbonidx"": ""7113"", ""protcarbonidx"": ""4260"", ""reschain"": ""D"", ""reschain_lig"": ""Z"", ""resnr"": ""202"", ""resnr_lig"": ""1"", ""restype"": ""ILE"", ""restype_lig"": ""LIG""}",ILE,BZD_SITE_203,,mapped_global_sequence_alignment,global sequence alignment (Biopython PairwiseAligner) + PDB residue lookup,False,mapped_prior_or_not_in_prior_qc,already_mapped_prior,prior_alpha_chain_mapping
158,diazepam,alpha2_beta3_gamma2_local_9CTJ,7,hydrophobic_interaction,202,D,"{""dist"": ""3.59"", ""id"": ""3"", ""ligcarbonidx"": ""7107"", ""protcarbonidx"": ""4261"", ""reschain"": ""D"", ""reschain_lig"": ""Z"", ""resnr"": ""202"", ""resnr_lig"": ""1"", ""restype"": ""ILE"", ""restype_lig"": ""LIG""}",ILE,BZD_SITE_203,,mapped_global_sequence_alignment,global sequence alignment (Biopython PairwiseAligner) + PDB residue lookup,False,mapped_prior_or_not_in_prior_qc,already_mapped_prior,prior_alpha_chain_mapping
159,diazepam,alpha2_beta3_gamma2_local_9CTJ,7,pi_stack,101,D,"{""angle"": ""63.45"", ""centdist"": ""4.38"", ""id"": ""1"", ""offset"": ""0.80"", ""reschain"": ""D"", ""reschain_lig"": ""Z"", ""resnr"": ""101"", ""resnr_lig"": ""1"", ""restype"": ""HIS"", ""restype_lig"": ""LIG"", ""type"": ""T""}",HIS,BZD_SITE_102,,mapped_global_sequence_alignment,global sequence alignment (Biopython PairwiseAligner) + PDB residue lookup,False,mapped_prior_or_not_in_prior_qc,already_mapped_prior,prior_alpha_chain_mapping
160,diazepam,alpha2_beta3_gamma2_local_9CTJ,8,hydrophobic_interaction,60,E,"{""dist"": ""3.56"", ""id"": ""1"", ""ligcarbonidx"": ""7116"", ""protcarbonidx"": ""5653"", ""reschain"": ""E"", ""reschain_lig"": ""Z"", ""resnr"": ""60"", ""resnr_lig"": ""1"", ""restype"": ""ASN"", ""restype_lig"": ""LIG""}",ASN,BZD_GAMMA2_060,gamma2,mapped_gamma2_sequence_alignment,global sequence alignment (Biopython PairwiseAligner) + PDB residue lookup,False,unresolved,recovered_bzd_interface,gamma2_C_to_E_alignment
161,diazepam,alpha2_beta3_gamma2_local_9CTJ,8,hydrophobic_interaction,202,D,"{""dist"": ""3.73"", ""id"": ""2"", ""ligcarbonidx"": ""7108"", ""protcarbonidx"": ""4261"", ""reschain"": ""D"", ""reschain_lig"": ""Z"", ""resnr"": ""202"", ""resnr_lig"": ""1"", ""restype"": ""ILE"", ""restype_lig"": ""LIG""}",ILE,BZD_SITE_203,,mapped_global_sequence_alignment,global sequence alignment (Biopython PairwiseAligner) + PDB residue lookup,False,mapped_prior_or_not_in_prior_qc,already_mapped_prior,prior_alpha_chain_mapping
162,diazepam,alpha2_beta3_gamma2_local_9CTJ,8,halogen_bond,195,E,"{""acc_angle"": ""136.02"", ""acc_idx"": ""6786"", ""acceptortype"": ""O3"", ""dist"": ""3.48"", ""don_angle"": ""149.77"", ""don_idx"": ""7115"", ""donortype"": ""Cl"", ""id"": ""1"", ""reschain"": ""E"", ""reschain_lig"": ""Z"", ""resnr"": ""195"", ""resnr_lig"": ""1"", ""restype"": ""SER"", ""restype_lig"": ""LIG"", ""sidechain"": ""True""}",SER,BZD_GAMMA2_195,gamma2,mapped_gamma2_sequence_alignment,global sequence alignment (Biopython PairwiseAligner) + PDB residue lookup,False,unresolved,recovered_bzd_interface,gamma2_C_to_E_alignment
163,diazepam,alpha2_beta3_gamma2_local_9CTJ,9,hydrophobic_interaction,60,E,"{""dist"": ""3.48"", ""id"": ""1"", ""ligcarbonidx"": ""7109"", ""protcarbonidx"": ""5653"", ""reschain"": ""E"", ""reschain_lig"": ""Z"", ""resnr"": ""60"", ""resnr_lig"": ""1"", ""restype"": ""ASN"", ""restype_lig"": ""LIG""}",ASN,BZD_GAMMA2_060,gamma2,mapped_gamma2_sequence_alignment,global sequence alignment (Biopython PairwiseAligner) + PDB residue lookup,False,unresolved,recovered_bzd_interface,gamma2_C_to_E_alignment
164,diazepam,alpha2_beta3_gamma2_local_9CTJ,9,hydrophobic_interaction,202,D,"{""dist"": ""3.42"", ""id"": ""2"", ""ligcarbonidx"": ""7117"", ""protcarbonidx"": ""4260"", ""reschain"": ""D"", ""reschain_lig"": ""Z"", ""resnr"": ""202"", ""resnr_lig"": ""1"", ""restype"": ""ILE"", ""restype_lig"": ""LIG""}",ILE,BZD_SITE_203,,mapped_global_sequence_alignment,global sequence alignment (Biopython PairwiseAligner) + PDB residue lookup,False,mapped_prior_or_not_in_prior_qc,already_mapped_prior,prior_alpha_chain_mapping
165,diazepam,alpha2_beta3_gamma2_local_9CTJ,9,hydrogen_bond,204,D,"{""acceptoridx"": ""7102"", ""acceptortype"": ""O2"", ""dist_d-a"": ""3.89"", ""dist_h-a"": ""3.33"", ""don_angle"": ""118.23"", ""donoridx"": ""4276"", ""donortype"": ""O3"", ""id"": ""1"", ""protisdon"": ""True"", ""reschain"": ""D"", ""reschain_lig"": ""Z"", ""resnr"": ""204"", ""resnr_lig"": ""1"", ""restype"": ""SER"", ""restype_lig"": ""LIG"", ""sidechain"": ""True""}",SER,BZD_SITE_205,,mapped_global_sequence_alignment,global sequence alignment (Biopython PairwiseAligner) + PDB residue lookup,False,mapped_prior_or_not_in_prior_qc,already_mapped_prior,prior_alpha_chain_mapping
166,triazolam,alpha2_beta3_gamma2_local_9CTJ,1,hydrophobic_interaction,77,E,"{""dist"": ""3.50"", ""id"": ""1"", ""ligcarbonidx"": ""7117"", ""protcarbonidx"": ""5787"", ""reschain"": ""E"", ""reschain_lig"": ""Z"", ""resnr"": ""77"", ""resnr_lig"": ""1"", ""restype"": ""PHE"", ""restype_lig"": ""LIG""}",PHE,BZD_GAMMA2_077,gamma2,mapped_gamma2_sequence_alignment,global sequence alignment (Biopython PairwiseAligner) + PDB residue lookup,False,unresolved,recovered_bzd_interface,gamma2_C_to_E_alignment
167,triazolam,alpha2_beta3_gamma2_local_9CTJ,1,hydrophobic_interaction,202,D,"{""dist"": ""3.47"", ""id"": ""2"", ""ligcarbonidx"": ""7115"", ""protcarbonidx"": ""4260"", ""reschain"": ""D"", ""reschain_lig"": ""Z"", ""resnr"": ""202"", ""resnr_lig"": ""1"", ""restype"": ""ILE"", ""restype_lig"": ""LIG""}",ILE,BZD_SITE_203,,mapped_global_sequence_alignment,global sequence alignment (Biopython PairwiseAligner) + PDB residue lookup,False,mapped_prior_or_not_in_prior_qc,already_mapped_prior,prior_alpha_chain_mapping
168,triazolam,alpha2_beta3_gamma2_local_9CTJ,1,halogen_bond,59,E,"{""acc_angle"": ""118.01"", ""acc_idx"": ""5645"", ""acceptortype"": ""O2"", ""dist"": ""3.15"", ""don_angle"": ""151.69"", ""don_idx"": ""7109"", ""donortype"": ""Cl"", ""id"": ""1"", ""reschain"": ""E"", ""reschain_lig"": ""Z"", ""resnr"": ""59"", ""resnr_lig"": ""1"", ""restype"": ""VAL"", ""restype_lig"": ""LIG"", ""sidechain"": ""False""}",VAL,BZD_GAMMA2_059,gamma2,mapped_gamma2_sequence_alignment,global sequence alignment (Biopython PairwiseAligner) + PDB residue lookup,False,unresolved,recovered_bzd_interface,gamma2_C_to_E_alignment
169,triazolam,alpha2_beta3_gamma2_local_9CTJ,2,hydrophobic_interaction,102,D,"{""dist"": ""3.45"", ""id"": ""1"", ""ligcarbonidx"": ""7116"", ""protcarbonidx"": ""3474"", ""reschain"": ""D"", ""reschain_lig"": ""Z"", ""resnr"": ""102"", ""resnr_lig"": ""1"", ""restype"": ""ASN"", ""restype_lig"": ""LIG""}",ASN,BZD_SITE_103,,mapped_global_sequence_alignment,global sequence alignment (Biopython PairwiseAligner) + PDB residue lookup,False,mapped_prior_or_not_in_prior_qc,already_mapped_prior,prior_alpha_chain_mapping
170,triazolam,alpha2_beta3_gamma2_local_9CTJ,2,hydrophobic_interaction,155,D,"{""dist"": ""3.86"", ""id"": ""2"", ""ligcarbonidx"": ""7115"", ""protcarbonidx"": ""3891"", ""reschain"": ""D"", ""reschain_lig"": ""Z"", ""resnr"": ""155"", ""resnr_lig"": ""1"", ""restype"": ""LYS"", ""restype_lig"": ""LIG""}",LYS,BZD_SITE_156,,mapped_global_sequence_alignment,global sequence alignment (Biopython PairwiseAligner) + PDB residue lookup,False,mapped_prior_or_not_in_prior_qc,already_mapped_prior,prior_alpha_chain_mapping
171,triazolam,alpha2_beta3_gamma2_local_9CTJ,2,hydrophobic_interaction,202,D,"{""dist"": ""3.60"", ""id"": ""3"", ""ligcarbonidx"": ""7099"", ""protcarbonidx"": ""4260"", ""reschain"": ""D"", ""reschain_lig"": ""Z"", ""resnr"": ""202"", ""resnr_lig"": ""1"", ""restype"": ""ILE"", ""restype_lig"": ""LIG""}",ILE,BZD_SITE_203,,mapped_global_sequence_alignment,global sequence alignment (Biopython PairwiseAligner) + PDB residue lookup,False,mapped_prior_or_not_in_prior_qc,already_mapped_prior,prior_alpha_chain_mapping
172,triazolam,alpha2_beta3_gamma2_local_9CTJ,2,hydrogen_bond,195,E,"{""acceptoridx"": ""7120"", ""acceptortype"": ""N2"", ""dist_d-a"": ""3.95"", ""dist_h-a"": ""3.23"", ""don_angle"": ""132.85"", ""donoridx"": ""6786"", ""donortype"": ""O3"", ""id"": ""1"", ""protisdon"": ""True"", ""reschain"": ""E"", ""reschain_lig"": ""Z"", ""resnr"": ""195"", ""resnr_lig"": ""1"", ""restype"": ""SER"", ""restype_lig"": ""LIG"", ""sidechain"": ""True""}",SER,BZD_GAMMA2_195,gamma2,mapped_gamma2_sequence_alignment,global sequence alignment (Biopython PairwiseAligner) + PDB residue lookup,False,unresolved,recovered_bzd_interface,gamma2_C_to_E_alignment
173,triazolam,alpha2_beta3_gamma2_local_9CTJ,2,halogen_bond,60,E,"{""acc_angle"": ""110.66"", ""acc_idx"": ""5652"", ""acceptortype"": ""O2"", ""dist"": ""3.58"", ""don_angle"": ""142.10"", ""don_idx"": ""7119"", ""donortype"": ""Cl"", ""id"": ""1"", ""reschain"": ""E"", ""reschain_lig"": ""Z"", ""resnr"": ""60"", ""resnr_lig"": ""1"", ""restype"": ""ASN"", ""restype_lig"": ""LIG"", ""sidechain"": ""False""}",ASN,BZD_GAMMA2_060,gamma2,mapped_gamma2_sequence_alignment,global sequence alignment (Biopython PairwiseAligner) + PDB residue lookup,False,unresolved,recovered_bzd_interface,gamma2_C_to_E_alignment
174,triazolam,alpha2_beta3_gamma2_local_9CTJ,3,hydrophobic_interaction,58,E,"{""dist"": ""3.81"", ""id"": ""1"", ""ligcarbonidx"": ""7117"", ""protcarbonidx"": ""5639"", ""reschain"": ""E"", ""reschain_lig"": ""Z"", ""resnr"": ""58"", ""resnr_lig"": ""1"", ""restype"": ""TYR"", ""restype_lig"": ""LIG""}",TYR,BZD_GAMMA2_058,gamma2,mapped_gamma2_sequence_alignment,global sequence alignment (Biopython PairwiseAligner) + PDB residue lookup,False,unresolved,recovered_bzd_interface,gamma2_C_to_E_alignment
175,triazolam,alpha2_beta3_gamma2_local_9CTJ,3,hydrophobic_interaction,77,E,"{""dist"": ""3.60"", ""id"": ""2"", ""ligcarbonidx"": ""7116"", ""protcarbonidx"": ""5787"", ""reschain"": ""E"", ""reschain_lig"": ""Z"", ""resnr"": ""77"", ""resnr_lig"": ""1"", ""restype"": ""PHE"", ""restype_lig"": ""LIG""}",PHE,BZD_GAMMA2_077,gamma2,mapped_gamma2_sequence_alignment,global sequence alignment (Biopython PairwiseAligner) + PDB residue lookup,False,unresolved,recovered_bzd_interface,gamma2_C_to_E_alignment
176,triazolam,alpha2_beta3_gamma2_local_9CTJ,3,hydrophobic_interaction,101,D,"{""dist"": ""3.67"", ""id"": ""3"", ""ligcarbonidx"": ""7115"", ""protcarbonidx"": ""3464"", ""reschain"": ""D"", ""reschain_lig"": ""Z"", ""resnr"": ""101"", ""resnr_lig"": ""1"", ""restype"": ""HIS"", ""restype_lig"": ""LIG""}",HIS,BZD_SITE_102,,mapped_global_sequence_alignment,global sequence alignment (Biopython PairwiseAligner) + PDB residue lookup,False,mapped_prior_or_not_in_prior_qc,already_mapped_prior,prior_alpha_chain_mapping
177,triazolam,alpha2_beta3_gamma2_local_9CTJ,3,hydrophobic_interaction,102,D,"{""dist"": ""3.92"", ""id"": ""4"", ""ligcarbonidx"": ""7099"", ""protcarbonidx"": ""3474"", ""reschain"": ""D"", ""reschain_lig"": ""Z"", ""resnr"": ""102"", ""resnr_lig"": ""1"", ""restype"": ""ASN"", ""restype_lig"": ""LIG""}",ASN,BZD_SITE_103,,mapped_global_sequence_alignment,global sequence alignment (Biopython PairwiseAligner) + PDB residue lookup,False,mapped_prior_or_not_in_prior_qc,already_mapped_prior,prior_alpha_chain_mapping
178,triazolam,alpha2_beta3_gamma2_local_9CTJ,3,hydrogen_bond,195,E,"{""acceptoridx"": ""7102"", ""acceptortype"": ""Nar"", ""dist_d-a"": ""4.09"", ""dist_h-a"": ""3.63"", ""don_angle"": ""111.76"", ""donoridx"": ""6786"", ""donortype"": ""O3"", ""id"": ""1"", ""protisdon"": ""True"", ""reschain"": ""E"", ""reschain_lig"": ""Z"", ""resnr"": ""195"", ""resnr_lig"": ""1"", ""restype"": ""SER"", ""restype_lig"": ""LIG"", ""sidechain"": ""True""}",SER,BZD_GAMMA2_195,gamma2,mapped_gamma2_sequence_alignment,global sequence alignment (Biopython PairwiseAligner) + PDB residue lookup,False,unresolved,recovered_bzd_interface,gamma2_C_to_E_alignment
179,triazolam,alpha2_beta3_gamma2_local_9CTJ,4,hydrophobic_interaction,58,E,"{""dist"": ""3.91"", ""id"": ""1"", ""ligcarbonidx"": ""7110"", ""protcarbonidx"": ""5639"", ""reschain"": ""E"", ""reschain_lig"": ""Z"", ""resnr"": ""58"", ""resnr_lig"": ""1"", ""restype"": ""TYR"", ""restype_lig"": ""LIG""}",TYR,BZD_GAMMA2_058,gamma2,mapped_gamma2_sequence_alignment,global sequence alignment (Biopython PairwiseAligner) + PDB residue lookup,False,unresolved,recovered_bzd_interface,gamma2_C_to_E_alignment
180,triazolam,alpha2_beta3_gamma2_local_9CTJ,4,hydrophobic_interaction,101,D,"{""dist"": ""3.65"", ""id"": ""2"", ""ligcarbonidx"": ""7116"", ""protcarbonidx"": ""3464"", ""reschain"": ""D"", ""reschain_lig"": ""Z"", ""resnr"": ""101"", ""resnr_lig"": ""1"", ""restype"": ""HIS"", ""restype_lig"": ""LIG""}",HIS,BZD_SITE_102,,mapped_global_sequence_alignment,global sequence alignment (Biopython PairwiseAligner) + PDB residue lookup,False,mapped_prior_or_not_in_prior_qc,already_mapped_prior,prior_alpha_chain_mapping
181,triazolam,alpha2_beta3_gamma2_local_9CTJ,4,hydrophobic_interaction,155,D,"{""dist"": ""3.95"", ""id"": ""3"", ""ligcarbonidx"": ""7115"", ""protcarbonidx"": ""3891"", ""reschain"": ""D"", ""reschain_lig"": ""Z"", ""resnr"": ""155"", ""resnr_lig"": ""1"", ""restype"": ""LYS"", ""restype_lig"": ""LIG""}",LYS,BZD_SITE_156,,mapped_global_sequence_alignment,global sequence alignment (Biopython PairwiseAligner) + PDB residue lookup,False,mapped_prior_or_not_in_prior_qc,already_mapped_prior,prior_alpha_chain_mapping
182,triazolam,alpha2_beta3_gamma2_local_9CTJ,4,hydrophobic_interaction,202,D,"{""dist"": ""3.65"", ""id"": ""4"", ""ligcarbonidx"": ""7107"", ""protcarbonidx"": ""4260"", ""reschain"": ""D"", ""reschain_lig"": ""Z"", ""resnr"": ""202"", ""resnr_lig"": ""1"", ""restype"": ""ILE"", ""restype_lig"": ""LIG""}",ILE,BZD_SITE_203,,mapped_global_sequence_alignment,global sequence alignment (Biopython PairwiseAligner) + PDB residue lookup,False,mapped_prior_or_not_in_prior_qc,already_mapped_prior,prior_alpha_chain_mapping
183,triazolam,alpha2_beta3_gamma2_local_9CTJ,4,halogen_bond,60,E,"{""acc_angle"": ""102.02"", ""acc_idx"": ""5652"", ""acceptortype"": ""O2"", ""dist"": ""3.41"", ""don_angle"": ""157.48"", ""don_idx"": ""7119"", ""donortype"": ""Cl"", ""id"": ""1"", ""reschain"": ""E"", ""reschain_lig"": ""Z"", ""resnr"": ""60"", ""resnr_lig"": ""1"", ""restype"": ""ASN"", ""restype_lig"": ""LIG"", ""sidechain"": ""False""}",ASN,BZD_GAMMA2_060,gamma2,mapped_gamma2_sequence_alignment,global sequence alignment (Biopython PairwiseAligner) + PDB residue lookup,False,unresolved,recovered_bzd_interface,gamma2_C_to_E_alignment
184,triazolam,alpha2_beta3_gamma2_local_9CTJ,5,hydrophobic_interaction,60,E,"{""dist"": ""3.47"", ""id"": ""1"", ""ligcarbonidx"": ""7099"", ""protcarbonidx"": ""5653"", ""reschain"": ""E"", ""reschain_lig"": ""Z"", ""resnr"": ""60"", ""resnr_lig"": ""1"", ""restype"": ""ASN"", ""restype_lig"": ""LIG""}",ASN,BZD_GAMMA2_060,gamma2,mapped_gamma2_sequence_alignment,global sequence alignment (Biopython PairwiseAligner) + PDB residue lookup,False,unresolved,recovered_bzd_interface,gamma2_C_to_E_alignment
185,triazolam,alpha2_beta3_gamma2_local_9CTJ,5,hydrophobic_interaction,77,E,"{""dist"": ""3.89"", ""id"": ""2"", ""ligcarbonidx"": ""7107"", ""protcarbonidx"": ""5787"", ""reschain"": ""E"", ""reschain_lig"": ""Z"", ""resnr"": ""77"", ""resnr_lig"": ""1"", ""restype"": ""PHE"", ""restype_lig"": ""LIG""}",PHE,BZD_GAMMA2_077,gamma2,mapped_gamma2_sequence_alignment,global sequence alignment (Biopython PairwiseAligner) + PDB residue lookup,False,unresolved,recovered_bzd_interface,gamma2_C_to_E_alignment
186,triazolam,alpha2_beta3_gamma2_local_9CTJ,5,hydrophobic_interaction,192,E,"{""dist"": ""3.87"", ""id"": ""3"", ""ligcarbonidx"": ""7115"", ""protcarbonidx"": ""6759"", ""reschain"": ""E"", ""reschain_lig"": ""Z"", ""resnr"": ""192"", ""resnr_lig"": ""1"", ""restype"": ""ASP"", ""restype_lig"": ""LIG""}",ASP,BZD_GAMMA2_192,gamma2,mapped_gamma2_sequence_alignment,global sequence alignment (Biopython PairwiseAligner) + PDB residue lookup,False,unresolved,recovered_bzd_interface,gamma2_C_to_E_alignment
187,triazolam,alpha2_beta3_gamma2_local_9CTJ,6,hydrophobic_interaction,60,E,"{""dist"": ""3.56"", ""id"": ""1"", ""ligcarbonidx"": ""7117"", ""protcarbonidx"": ""5653"", ""reschain"": ""E"", ""reschain_lig"": ""Z"", ""resnr"": ""60"", ""resnr_lig"": ""1"", ""restype"": ""ASN"", ""restype_lig"": ""LIG""}",ASN,BZD_GAMMA2_060,gamma2,mapped_gamma2_sequence_alignment,global sequence alignment (Biopython PairwiseAligner) + PDB residue lookup,False,unresolved,recovered_bzd_interface,gamma2_C_to_E_alignment
188,triazolam,alpha2_beta3_gamma2_local_9CTJ,6,hydrophobic_interaction,101,D,"{""dist"": ""3.60"", ""id"": ""2"", ""ligcarbonidx"": ""7115"", ""protcarbonidx"": ""3464"", ""reschain"": ""D"", ""reschain_lig"": ""Z"", ""resnr"": ""101"", ""resnr_lig"": ""1"", ""restype"": ""HIS"", ""restype_lig"": ""LIG""}",HIS,BZD_SITE_102,,mapped_global_sequence_alignment,global sequence alignment (Biopython PairwiseAligner) + PDB residue lookup,False,mapped_prior_or_not_in_prior_qc,already_mapped_prior,prior_alpha_chain_mapping
189,triazolam,alpha2_beta3_gamma2_local_9CTJ,6,hydrophobic_interaction,155,D,"{""dist"": ""3.96"", ""id"": ""3"", ""ligcarbonidx"": ""7099"", ""protcarbonidx"": ""3891"", ""reschain"": ""D"", ""reschain_lig"": ""Z"", ""resnr"": ""155"", ""resnr_lig"": ""1"", ""restype"": ""LYS"", ""restype_lig"": ""LIG""}",LYS,BZD_SITE_156,,mapped_global_sequence_alignment,global sequence alignment (Biopython PairwiseAligner) + PDB residue lookup,False,mapped_prior_or_not_in_prior_qc,already_mapped_prior,prior_alpha_chain_mapping
190,triazolam,alpha2_beta3_gamma2_local_9CTJ,7,hydrophobic_interaction,60,E,"{""dist"": ""3.43"", ""id"": ""1"", ""ligcarbonidx"": ""7107"", ""protcarbonidx"": ""5653"", ""reschain"": ""E"", ""reschain_lig"": ""Z"", ""resnr"": ""60"", ""resnr_lig"": ""1"", ""restype"": ""ASN"", ""restype_lig"": ""LIG""}",ASN,BZD_GAMMA2_060,gamma2,mapped_gamma2_sequence_alignment,global sequence alignment (Biopython PairwiseAligner) + PDB residue lookup,False,unresolved,recovered_bzd_interface,gamma2_C_to_E_alignment
191,triazolam,alpha2_beta3_gamma2_local_9CTJ,7,hydrophobic_interaction,77,E,"{""dist"": ""4.00"", ""id"": ""2"", ""ligcarbonidx"": ""7099"", ""protcarbonidx"": ""5788"", ""reschain"": ""E"", ""reschain_lig"": ""Z"", ""resnr"": ""77"", ""resnr_lig"": ""1"", ""restype"": ""PHE"", ""restype_lig"": ""LIG""}",PHE,BZD_GAMMA2_077,gamma2,mapped_gamma2_sequence_alignment,global sequence alignment (Biopython PairwiseAligner) + PDB residue lookup,False,unresolved,recovered_bzd_interface,gamma2_C_to_E_alignment
192,triazolam,alpha2_beta3_gamma2_local_9CTJ,7,hydrophobic_interaction,102,D,"{""dist"": ""3.64"", ""id"": ""3"", ""ligcarbonidx"": ""7115"", ""protcarbonidx"": ""3474"", ""reschain"": ""D"", ""reschain_lig"": ""Z"", ""resnr"": ""102"", ""resnr_lig"": ""1"", ""restype"": ""ASN"", ""restype_lig"": ""LIG""}",ASN,BZD_SITE_103,,mapped_global_sequence_alignment,global sequence alignment (Biopython PairwiseAligner) + PDB residue lookup,False,mapped_prior_or_not_in_prior_qc,already_mapped_prior,prior_alpha_chain_mapping
193,triazolam,alpha2_beta3_gamma2_local_9CTJ,7,hydrophobic_interaction,153,D,"{""dist"": ""3.59"", ""id"": ""4"", ""ligcarbonidx"": ""7116"", ""protcarbonidx"": ""3875"", ""reschain"": ""D"", ""reschain_lig"": ""Z"", ""resnr"": ""153"", ""resnr_lig"": ""1"", ""restype"": ""PRO"", ""restype_lig"": ""LIG""}",PRO,BZD_SITE_154,,mapped_global_sequence_alignment,global sequence alignment (Biopython PairwiseAligner) + PDB residue lookup,False,mapped_prior_or_not_in_prior_qc,already_mapped_prior,prior_alpha_chain_mapping
194,triazolam,alpha2_beta3_gamma2_local_9CTJ,7,hydrophobic_interaction,155,D,"{""dist"": ""3.11"", ""id"": ""5"", ""ligcarbonidx"": ""7115"", ""protcarbonidx"": ""3891"", ""reschain"": ""D"", ""reschain_lig"": ""Z"", ""resnr"": ""155"", ""resnr_lig"": ""1"", ""restype"": ""LYS"", ""restype_lig"": ""LIG""}",LYS,BZD_SITE_156,,mapped_global_sequence_alignment,global sequence alignment (Biopython PairwiseAligner) + PDB residue lookup,False,mapped_prior_or_not_in_prior_qc,already_mapped_prior,prior_alpha_chain_mapping
195,triazolam,alpha2_beta3_gamma2_local_9CTJ,7,halogen_bond,195,E,"{""acc_angle"": ""105.87"", ""acc_idx"": ""6784"", ""acceptortype"": ""O2"", ""dist"": ""3.80"", ""don_angle"": ""154.02"", ""don_idx"": ""7109"", ""donortype"": ""Cl"", ""id"": ""1"", ""reschain"": ""E"", ""reschain_lig"": ""Z"", ""resnr"": ""195"", ""resnr_lig"": ""1"", ""restype"": ""SER"", ""restype_lig"": ""LIG"", ""sidechain"": ""False""}",SER,BZD_GAMMA2_195,gamma2,mapped_gamma2_sequence_alignment,global sequence alignment (Biopython PairwiseAligner) + PDB residue lookup,False,unresolved,recovered_bzd_interface,gamma2_C_to_E_alignment
196,triazolam,alpha2_beta3_gamma2_local_9CTJ,8,hydrophobic_interaction,60,E,"{""dist"": ""3.74"", ""id"": ""1"", ""ligcarbonidx"": ""7107"", ""protcarbonidx"": ""5653"", ""reschain"": ""E"", ""reschain_lig"": ""Z"", ""resnr"": ""60"", ""resnr_lig"": ""1"", ""restype"": ""ASN"", ""restype_lig"": ""LIG""}",ASN,BZD_GAMMA2_060,gamma2,mapped_gamma2_sequence_alignment,global sequence alignment (Biopython PairwiseAligner) + PDB residue lookup,False,unresolved,recovered_bzd_interface,gamma2_C_to_E_alignment
197,triazolam,alpha2_beta3_gamma2_local_9CTJ,8,hydrophobic_interaction,101,D,"{""dist"": ""3.85"", ""id"": ""2"", ""ligcarbonidx"": ""7099"", ""protcarbonidx"": ""3464"", ""reschain"": ""D"", ""reschain_lig"": ""Z"", ""resnr"": ""101"", ""resnr_lig"": ""1"", ""restype"": ""HIS"", ""restype_lig"": ""LIG""}",HIS,BZD_SITE_102,,mapped_global_sequence_alignment,global sequence alignment (Biopython PairwiseAligner) + PDB residue lookup,False,mapped_prior_or_not_in_prior_qc,already_mapped_prior,prior_alpha_chain_mapping
198,triazolam,alpha2_beta3_gamma2_local_9CTJ,8,hydrophobic_interaction,202,D,"{""dist"": ""3.37"", ""id"": ""3"", ""ligcarbonidx"": ""7114"", ""protcarbonidx"": ""4261"", ""reschain"": ""D"", ""reschain_lig"": ""Z"", ""resnr"": ""202"", ""resnr_lig"": ""1"", ""restype"": ""ILE"", ""restype_lig"": ""LIG""}",ILE,BZD_SITE_203,,mapped_global_sequence_alignment,global sequence alignment (Biopython PairwiseAligner) + PDB residue lookup,False,mapped_prior_or_not_in_prior_qc,already_mapped_prior,prior_alpha_chain_mapping
199,triazolam,alpha2_beta3_gamma2_local_9CTJ,8,pi_stack,58,E,"{""angle"": ""88.08"", ""centdist"": ""5.39"", ""id"": ""1"", ""offset"": ""1.11"", ""reschain"": ""E"", ""reschain_lig"": ""Z"", ""resnr"": ""58"", ""resnr_lig"": ""1"", ""restype"": ""TYR"", ""restype_lig"": ""LIG"", ""type"": ""T""}",TYR,BZD_GAMMA2_058,gamma2,mapped_gamma2_sequence_alignment,global sequence alignment (Biopython PairwiseAligner) + PDB residue lookup,False,unresolved,recovered_bzd_interface,gamma2_C_to_E_alignment
200,triazolam,alpha2_beta3_gamma2_local_9CTJ,8,halogen_bond,192,E,"{""acc_angle"": ""110.99"", ""acc_idx"": ""6761"", ""acceptortype"": ""O3"", ""dist"": ""3.02"", ""don_angle"": ""162.23"", ""don_idx"": ""7109"", ""donortype"": ""Cl"", ""id"": ""1"", ""reschain"": ""E"", ""reschain_lig"": ""Z"", ""resnr"": ""192"", ""resnr_lig"": ""1"", ""restype"": ""ASP"", ""restype_lig"": ""LIG"", ""sidechain"": ""True""}",ASP,BZD_GAMMA2_192,gamma2,mapped_gamma2_sequence_alignment,global sequence alignment (Biopython PairwiseAligner) + PDB residue lookup,False,unresolved,recovered_bzd_interface,gamma2_C_to_E_alignment
201,triazolam,alpha2_beta3_gamma2_local_9CTJ,9,hydrophobic_interaction,60,E,"{""dist"": ""3.57"", ""id"": ""1"", ""ligcarbonidx"": ""7106"", ""protcarbonidx"": ""5653"", ""reschain"": ""E"", ""reschain_lig"": ""Z"", ""resnr"": ""60"", ""resnr_lig"": ""1"", ""restype"": ""ASN"", ""restype_lig"": ""LIG""}",ASN,BZD_GAMMA2_060,gamma2,mapped_gamma2_sequence_alignment,global sequence alignment (Biopython PairwiseAligner) + PDB residue lookup,False,unresolved,recovered_bzd_interface,gamma2_C_to_E_alignment
202,triazolam,alpha2_beta3_gamma2_local_9CTJ,9,hydrophobic_interaction,101,D,"{""dist"": ""3.74"", ""id"": ""2"", ""ligcarbonidx"": ""7099"", ""protcarbonidx"": ""3464"", ""reschain"": ""D"", ""reschain_lig"": ""Z"", ""resnr"": ""101"", ""resnr_lig"": ""1"", ""restype"": ""HIS"", ""restype_lig"": ""LIG""}",HIS,BZD_SITE_102,,mapped_global_sequence_alignment,global sequence alignment (Biopython PairwiseAligner) + PDB residue lookup,False,mapped_prior_or_not_in_prior_qc,already_mapped_prior,prior_alpha_chain_mapping
203,triazolam,alpha2_beta3_gamma2_local_9CTJ,9,hydrophobic_interaction,155,D,"{""dist"": ""3.71"", ""id"": ""3"", ""ligcarbonidx"": ""7115"", ""protcarbonidx"": ""3891"", ""reschain"": ""D"", ""reschain_lig"": ""Z"", ""resnr"": ""155"", ""resnr_lig"": ""1"", ""restype"": ""LYS"", ""restype_lig"": ""LIG""}",LYS,BZD_SITE_156,,mapped_global_sequence_alignment,global sequence alignment (Biopython PairwiseAligner) + PDB residue lookup,False,mapped_prior_or_not_in_prior_qc,already_mapped_prior,prior_alpha_chain_mapping
204,zolpidem,alpha2_beta3_gamma2_local_9CTJ,1,hydrophobic_interaction,60,E,"{""dist"": ""3.89"", ""id"": ""1"", ""ligcarbonidx"": ""7102"", ""protcarbonidx"": ""5653"", ""reschain"": ""E"", ""reschain_lig"": ""Z"", ""resnr"": ""60"", ""resnr_lig"": ""1"", ""restype"": ""ASN"", ""restype_lig"": ""LIG""}",ASN,BZD_GAMMA2_060,gamma2,mapped_gamma2_sequence_alignment,global sequence alignment (Biopython PairwiseAligner) + PDB residue lookup,False,unresolved,recovered_bzd_interface,gamma2_C_to_E_alignment
205,zolpidem,alpha2_beta3_gamma2_local_9CTJ,1,hydrophobic_interaction,77,E,"{""dist"": ""3.58"", ""id"": ""2"", ""ligcarbonidx"": ""7107"", ""protcarbonidx"": ""5788"", ""reschain"": ""E"", ""reschain_lig"": ""Z"", ""resnr"": ""77"", ""resnr_lig"": ""1"", ""restype"": ""PHE"", ""restype_lig"": ""LIG""}",PHE,BZD_GAMMA2_077,gamma2,mapped_gamma2_sequence_alignment,global sequence alignment (Biopython PairwiseAligner) + PDB residue lookup,False,unresolved,recovered_bzd_interface,gamma2_C_to_E_alignment
206,zolpidem,alpha2_beta3_gamma2_local_9CTJ,1,hydrophobic_interaction,77,E,"{""dist"": ""3.36"", ""id"": ""3"", ""ligcarbonidx"": ""7108"", ""protcarbonidx"": ""5787"", ""reschain"": ""E"", ""reschain_lig"": ""Z"", ""resnr"": ""77"", ""resnr_lig"": ""1"", ""restype"": ""PHE"", ""restype_lig"": ""LIG""}",PHE,BZD_GAMMA2_077,gamma2,mapped_gamma2_sequence_alignment,global sequence alignment (Biopython PairwiseAligner) + PDB residue lookup,False,unresolved,recovered_bzd_interface,gamma2_C_to_E_alignment
207,zolpidem,alpha2_beta3_gamma2_local_9CTJ,1,hydrophobic_interaction,99,D,"{""dist"": ""3.73"", ""id"": ""4"", ""ligcarbonidx"": ""7107"", ""protcarbonidx"": ""3448"", ""reschain"": ""D"", ""reschain_lig"": ""Z"", ""resnr"": ""99"", ""resnr_lig"": ""1"", ""restype"": ""PHE"", ""restype_lig"": ""LIG""}",PHE,BZD_SITE_100,,mapped_global_sequence_alignment,global sequence alignment (Biopython PairwiseAligner) + PDB residue lookup,False,mapped_prior_or_not_in_prior_qc,already_mapped_prior,prior_alpha_chain_mapping
208,zolpidem,alpha2_beta3_gamma2_local_9CTJ,2,hydrophobic_interaction,58,E,"{""dist"": ""3.95"", ""id"": ""1"", ""ligcarbonidx"": ""7114"", ""protcarbonidx"": ""5639"", ""reschain"": ""E"", ""reschain_lig"": ""Z"", ""resnr"": ""58"", ""resnr_lig"": ""1"", ""restype"": ""TYR"", ""restype_lig"": ""LIG""}",TYR,BZD_GAMMA2_058,gamma2,mapped_gamma2_sequence_alignment,global sequence alignment (Biopython PairwiseAligner) + PDB residue lookup,False,unresolved,recovered_bzd_interface,gamma2_C_to_E_alignment
209,zolpidem,alpha2_beta3_gamma2_local_9CTJ,2,hydrophobic_interaction,77,E,"{""dist"": ""3.11"", ""id"": ""2"", ""ligcarbonidx"": ""7101"", ""protcarbonidx"": ""5787"", ""reschain"": ""E"", ""reschain_lig"": ""Z"", ""resnr"": ""77"", ""resnr_lig"": ""1"", ""restype"": ""PHE"", ""restype_lig"": ""LIG""}",PHE,BZD_GAMMA2_077,gamma2,mapped_gamma2_sequence_alignment,global sequence alignment (Biopython PairwiseAligner) + PDB residue lookup,False,unresolved,recovered_bzd_interface,gamma2_C_to_E_alignment
210,zolpidem,alpha2_beta3_gamma2_local_9CTJ,2,hydrophobic_interaction,202,D,"{""dist"": ""3.30"", ""id"": ""3"", ""ligcarbonidx"": ""7120"", ""protcarbonidx"": ""4260"", ""reschain"": ""D"", ""reschain_lig"": ""Z"", ""resnr"": ""202"", ""resnr_lig"": ""1"", ""restype"": ""ILE"", ""restype_lig"": ""LIG""}",ILE,BZD_SITE_203,,mapped_global_sequence_alignment,global sequence alignment (Biopython PairwiseAligner) + PDB residue lookup,False,mapped_prior_or_not_in_prior_qc,already_mapped_prior,prior_alpha_chain_mapping
211,zolpidem,alpha2_beta3_gamma2_local_9CTJ,2,hydrophobic_interaction,209,D,"{""dist"": ""3.55"", ""id"": ""4"", ""ligcarbonidx"": ""7121"", ""protcarbonidx"": ""4310"", ""reschain"": ""D"", ""reschain_lig"": ""Z"", ""resnr"": ""209"", ""resnr_lig"": ""1"", ""restype"": ""TYR"", ""restype_lig"": ""LIG""}",TYR,BZD_SITE_210,,mapped_global_sequence_alignment,global sequence alignment (Biopython PairwiseAligner) + PDB residue lookup,False,mapped_prior_or_not_in_prior_qc,already_mapped_prior,prior_alpha_chain_mapping
212,zolpidem,alpha2_beta3_gamma2_local_9CTJ,2,pi_stack,58,E,"{""angle"": ""77.53"", ""centdist"": ""5.35"", ""id"": ""1"", ""offset"": ""1.53"", ""reschain"": ""E"", ""reschain_lig"": ""Z"", ""resnr"": ""58"", ""resnr_lig"": ""1"", ""restype"": ""TYR"", ""restype_lig"": ""LIG"", ""type"": ""T""}",TYR,BZD_GAMMA2_058,gamma2,mapped_gamma2_sequence_alignment,global sequence alignment (Biopython PairwiseAligner) + PDB residue lookup,False,unresolved,recovered_bzd_interface,gamma2_C_to_E_alignment
213,zolpidem,alpha2_beta3_gamma2_local_9CTJ,3,hydrophobic_interaction,58,E,"{""dist"": ""3.56"", ""id"": ""1"", ""ligcarbonidx"": ""7120"", ""protcarbonidx"": ""5639"", ""reschain"": ""E"", ""reschain_lig"": ""Z"", ""resnr"": ""58"", ""resnr_lig"": ""1"", ""restype"": ""TYR"", ""restype_lig"": ""LIG""}",TYR,BZD_GAMMA2_058,gamma2,mapped_gamma2_sequence_alignment,global sequence alignment (Biopython PairwiseAligner) + PDB residue lookup,False,unresolved,recovered_bzd_interface,gamma2_C_to_E_alignment
214,zolpidem,alpha2_beta3_gamma2_local_9CTJ,3,hydrophobic_interaction,60,E,"{""dist"": ""3.54"", ""id"": ""2"", ""ligcarbonidx"": ""7107"", ""protcarbonidx"": ""5653"", ""reschain"": ""E"", ""reschain_lig"": ""Z"", ""resnr"": ""60"", ""resnr_lig"": ""1"", ""restype"": ""ASN"", ""restype_lig"": ""LIG""}",ASN,BZD_GAMMA2_060,gamma2,mapped_gamma2_sequence_alignment,global sequence alignment (Biopython PairwiseAligner) + PDB residue lookup,False,unresolved,recovered_bzd_interface,gamma2_C_to_E_alignment
215,zolpidem,alpha2_beta3_gamma2_local_9CTJ,3,hydrophobic_interaction,77,E,"{""dist"": ""3.59"", ""id"": ""3"", ""ligcarbonidx"": ""7121"", ""protcarbonidx"": ""5787"", ""reschain"": ""E"", ""reschain_lig"": ""Z"", ""resnr"": ""77"", ""resnr_lig"": ""1"", ""restype"": ""PHE"", ""restype_lig"": ""LIG""}",PHE,BZD_GAMMA2_077,gamma2,mapped_gamma2_sequence_alignment,global sequence alignment (Biopython PairwiseAligner) + PDB residue lookup,False,unresolved,recovered_bzd_interface,gamma2_C_to_E_alignment
216,zolpidem,alpha2_beta3_gamma2_local_9CTJ,3,hydrophobic_interaction,202,D,"{""dist"": ""3.63"", ""id"": ""4"", ""ligcarbonidx"": ""7101"", ""protcarbonidx"": ""4260"", ""reschain"": ""D"", ""reschain_lig"": ""Z"", ""resnr"": ""202"", ""resnr_lig"": ""1"", ""restype"": ""ILE"", ""restype_lig"": ""LIG""}",ILE,BZD_SITE_203,,mapped_global_sequence_alignment,global sequence alignment (Biopython PairwiseAligner) + PDB residue lookup,False,mapped_prior_or_not_in_prior_qc,already_mapped_prior,prior_alpha_chain_mapping
217,zolpidem,alpha2_beta3_gamma2_local_9CTJ,4,hydrophobic_interaction,58,E,"{""dist"": ""3.58"", ""id"": ""1"", ""ligcarbonidx"": ""7121"", ""protcarbonidx"": ""5639"", ""reschain"": ""E"", ""reschain_lig"": ""Z"", ""resnr"": ""58"", ""resnr_lig"": ""1"", ""restype"": ""TYR"", ""restype_lig"": ""LIG""}",TYR,BZD_GAMMA2_058,gamma2,mapped_gamma2_sequence_alignment,global sequence alignment (Biopython PairwiseAligner) + PDB residue lookup,False,unresolved,recovered_bzd_interface,gamma2_C_to_E_alignment
218,zolpidem,alpha2_beta3_gamma2_local_9CTJ,4,hydrophobic_interaction,77,E,"{""dist"": ""3.39"", ""id"": ""2"", ""ligcarbonidx"": ""7121"", ""protcarbonidx"": ""5787"", ""reschain"": ""E"", ""reschain_lig"": ""Z"", ""resnr"": ""77"", ""resnr_lig"": ""1"", ""restype"": ""PHE"", ""restype_lig"": ""LIG""}",PHE,BZD_GAMMA2_077,gamma2,mapped_gamma2_sequence_alignment,global sequence alignment (Biopython PairwiseAligner) + PDB residue lookup,False,unresolved,recovered_bzd_interface,gamma2_C_to_E_alignment
219,zolpidem,alpha2_beta3_gamma2_local_9CTJ,4,hydrophobic_interaction,102,D,"{""dist"": ""3.40"", ""id"": ""3"", ""ligcarbonidx"": ""7107"", ""protcarbonidx"": ""3474"", ""reschain"": ""D"", ""reschain_lig"": ""Z"", ""resnr"": ""102"", ""resnr_lig"": ""1"", ""restype"": ""ASN"", ""restype_lig"": ""LIG""}",ASN,BZD_SITE_103,,mapped_global_sequence_alignment,global sequence alignment (Biopython PairwiseAligner) + PDB residue lookup,False,mapped_prior_or_not_in_prior_qc,already_mapped_prior,prior_alpha_chain_mapping
220,zolpidem,alpha2_beta3_gamma2_local_9CTJ,4,hydrophobic_interaction,155,D,"{""dist"": ""3.59"", ""id"": ""4"", ""ligcarbonidx"": ""7108"", ""protcarbonidx"": ""3891"", ""reschain"": ""D"", ""reschain_lig"": ""Z"", ""resnr"": ""155"", ""resnr_lig"": ""1"", ""restype"": ""LYS"", ""restype_lig"": ""LIG""}",LYS,BZD_SITE_156,,mapped_global_sequence_alignment,global sequence alignment (Biopython PairwiseAligner) + PDB residue lookup,False,mapped_prior_or_not_in_prior_qc,already_mapped_prior,prior_alpha_chain_mapping
221,zolpidem,alpha2_beta3_gamma2_local_9CTJ,4,hydrophobic_interaction,202,D,"{""dist"": ""3.61"", ""id"": ""5"", ""ligcarbonidx"": ""7101"", ""protcarbonidx"": ""4260"", ""reschain"": ""D"", ""reschain_lig"": ""Z"", ""resnr"": ""202"", ""resnr_lig"": ""1"", ""restype"": ""ILE"", ""restype_lig"": ""LIG""}",ILE,BZD_SITE_203,,mapped_global_sequence_alignment,global sequence alignment (Biopython PairwiseAligner) + PDB residue lookup,False,mapped_prior_or_not_in_prior_qc,already_mapped_prior,prior_alpha_chain_mapping
222,zolpidem,alpha2_beta3_gamma2_local_9CTJ,5,hydrophobic_interaction,77,E,"{""dist"": ""3.54"", ""id"": ""1"", ""ligcarbonidx"": ""7110"", ""protcarbonidx"": ""5787"", ""reschain"": ""E"", ""reschain_lig"": ""Z"", ""resnr"": ""77"", ""resnr_lig"": ""1"", ""restype"": ""PHE"", ""restype_lig"": ""LIG""}",PHE,BZD_GAMMA2_077,gamma2,mapped_gamma2_sequence_alignment,global sequence alignment (Biopython PairwiseAligner) + PDB residue lookup,False,unresolved,recovered_bzd_interface,gamma2_C_to_E_alignment
223,zolpidem,alpha2_beta3_gamma2_local_9CTJ,5,hydrophobic_interaction,99,D,"{""dist"": ""3.58"", ""id"": ""2"", ""ligcarbonidx"": ""7110"", ""protcarbonidx"": ""3448"", ""reschain"": ""D"", ""reschain_lig"": ""Z"", ""resnr"": ""99"", ""resnr_lig"": ""1"", ""restype"": ""PHE"", ""restype_lig"": ""LIG""}",PHE,BZD_SITE_100,,mapped_global_sequence_alignment,global sequence alignment (Biopython PairwiseAligner) + PDB residue lookup,False,mapped_prior_or_not_in_prior_qc,already_mapped_prior,prior_alpha_chain_mapping
224,zolpidem,alpha2_beta3_gamma2_local_9CTJ,5,hydrophobic_interaction,192,E,"{""dist"": ""3.71"", ""id"": ""3"", ""ligcarbonidx"": ""7099"", ""protcarbonidx"": ""6759"", ""reschain"": ""E"", ""reschain_lig"": ""Z"", ""resnr"": ""192"", ""resnr_lig"": ""1"", ""restype"": ""ASP"", ""restype_lig"": ""LIG""}",ASP,BZD_GAMMA2_192,gamma2,mapped_gamma2_sequence_alignment,global sequence alignment (Biopython PairwiseAligner) + PDB residue lookup,False,unresolved,recovered_bzd_interface,gamma2_C_to_E_alignment
225,zolpidem,alpha2_beta3_gamma2_local_9CTJ,6,hydrophobic_interaction,77,E,"{""dist"": ""3.39"", ""id"": ""1"", ""ligcarbonidx"": ""7110"", ""protcarbonidx"": ""5788"", ""reschain"": ""E"", ""reschain_lig"": ""Z"", ""resnr"": ""77"", ""resnr_lig"": ""1"", ""restype"": ""PHE"", ""restype_lig"": ""LIG""}",PHE,BZD_GAMMA2_077,gamma2,mapped_gamma2_sequence_alignment,global sequence alignment (Biopython PairwiseAligner) + PDB residue lookup,False,unresolved,recovered_bzd_interface,gamma2_C_to_E_alignment
226,zolpidem,alpha2_beta3_gamma2_local_9CTJ,6,hydrophobic_interaction,77,E,"{""dist"": ""3.42"", ""id"": ""2"", ""ligcarbonidx"": ""7108"", ""protcarbonidx"": ""5787"", ""reschain"": ""E"", ""reschain_lig"": ""Z"", ""resnr"": ""77"", ""resnr_lig"": ""1"", ""restype"": ""PHE"", ""restype_lig"": ""LIG""}",PHE,BZD_GAMMA2_077,gamma2,mapped_gamma2_sequence_alignment,global sequence alignment (Biopython PairwiseAligner) + PDB residue lookup,False,unresolved,recovered_bzd_interface,gamma2_C_to_E_alignment
227,zolpidem,alpha2_beta3_gamma2_local_9CTJ,6,hydrophobic_interaction,99,D,"{""dist"": ""3.60"", ""id"": ""3"", ""ligcarbonidx"": ""7110"", ""protcarbonidx"": ""3447"", ""reschain"": ""D"", ""reschain_lig"": ""Z"", ""resnr"": ""99"", ""resnr_lig"": ""1"", ""restype"": ""PHE"", ""restype_lig"": ""LIG""}",PHE,BZD_SITE_100,,mapped_global_sequence_alignment,global sequence alignment (Biopython PairwiseAligner) + PDB residue lookup,False,mapped_prior_or_not_in_prior_qc,already_mapped_prior,prior_alpha_chain_mapping
228,zolpidem,alpha2_beta3_gamma2_local_9CTJ,6,hydrophobic_interaction,101,D,"{""dist"": ""3.89"", ""id"": ""4"", ""ligcarbonidx"": ""7110"", ""protcarbonidx"": ""3464"", ""reschain"": ""D"", ""reschain_lig"": ""Z"", ""resnr"": ""101"", ""resnr_lig"": ""1"", ""restype"": ""HIS"", ""restype_lig"": ""LIG""}",HIS,BZD_SITE_102,,mapped_global_sequence_alignment,global sequence alignment (Biopython PairwiseAligner) + PDB residue lookup,False,mapped_prior_or_not_in_prior_qc,already_mapped_prior,prior_alpha_chain_mapping
229,zolpidem,alpha2_beta3_gamma2_local_9CTJ,6,hydrophobic_interaction,192,E,"{""dist"": ""3.63"", ""id"": ""5"", ""ligcarbonidx"": ""7099"", ""protcarbonidx"": ""6759"", ""reschain"": ""E"", ""reschain_lig"": ""Z"", ""resnr"": ""192"", ""resnr_lig"": ""1"", ""restype"": ""ASP"", ""restype_lig"": ""LIG""}",ASP,BZD_GAMMA2_192,gamma2,mapped_gamma2_sequence_alignment,global sequence alignment (Biopython PairwiseAligner) + PDB residue lookup,False,unresolved,recovered_bzd_interface,gamma2_C_to_E_alignment
230,zolpidem,alpha2_beta3_gamma2_local_9CTJ,7,hydrophobic_interaction,58,E,"{""dist"": ""3.76"", ""id"": ""1"", ""ligcarbonidx"": ""7114"", ""protcarbonidx"": ""5639"", ""reschain"": ""E"", ""reschain_lig"": ""Z"", ""resnr"": ""58"", ""resnr_lig"": ""1"", ""restype"": ""TYR"", ""restype_lig"": ""LIG""}",TYR,BZD_GAMMA2_058,gamma2,mapped_gamma2_sequence_alignment,global sequence alignment (Biopython PairwiseAligner) + PDB residue lookup,False,unresolved,recovered_bzd_interface,gamma2_C_to_E_alignment
231,zolpidem,alpha2_beta3_gamma2_local_9CTJ,7,hydrophobic_interaction,60,E,"{""dist"": ""3.54"", ""id"": ""2"", ""ligcarbonidx"": ""7110"", ""protcarbonidx"": ""5653"", ""reschain"": ""E"", ""reschain_lig"": ""Z"", ""resnr"": ""60"", ""resnr_lig"": ""1"", ""restype"": ""ASN"", ""restype_lig"": ""LIG""}",ASN,BZD_GAMMA2_060,gamma2,mapped_gamma2_sequence_alignment,global sequence alignment (Biopython PairwiseAligner) + PDB residue lookup,False,unresolved,recovered_bzd_interface,gamma2_C_to_E_alignment
232,zolpidem,alpha2_beta3_gamma2_local_9CTJ,7,hydrophobic_interaction,202,D,"{""dist"": ""3.54"", ""id"": ""3"", ""ligcarbonidx"": ""7120"", ""protcarbonidx"": ""4261"", ""reschain"": ""D"", ""reschain_lig"": ""Z"", ""resnr"": ""202"", ""resnr_lig"": ""1"", ""restype"": ""ILE"", ""restype_lig"": ""LIG""}",ILE,BZD_SITE_203,,mapped_global_sequence_alignment,global sequence alignment (Biopython PairwiseAligner) + PDB residue lookup,False,mapped_prior_or_not_in_prior_qc,already_mapped_prior,prior_alpha_chain_mapping
233,zolpidem,alpha2_beta3_gamma2_local_9CTJ,8,hydrophobic_interaction,101,D,"{""dist"": ""3.75"", ""id"": ""1"", ""ligcarbonidx"": ""7110"", ""protcarbonidx"": ""3464"", ""reschain"": ""D"", ""reschain_lig"": ""Z"", ""resnr"": ""101"", ""resnr_lig"": ""1"", ""restype"": ""HIS"", ""restype_lig"": ""LIG""}",HIS,BZD_SITE_102,,mapped_global_sequence_alignment,global sequence alignment (Biopython PairwiseAligner) + PDB residue lookup,False,mapped_prior_or_not_in_prior_qc,already_mapped_prior,prior_alpha_chain_mapping
234,zolpidem,alpha2_beta3_gamma2_local_9CTJ,8,hydrophobic_interaction,102,D,"{""dist"": ""3.88"", ""id"": ""2"", ""ligcarbonidx"": ""7110"", ""protcarbonidx"": ""3474"", ""reschain"": ""D"", ""reschain_lig"": ""Z"", ""resnr"": ""102"", ""resnr_lig"": ""1"", ""restype"": ""ASN"", ""restype_lig"": ""LIG""}",ASN,BZD_SITE_103,,mapped_global_sequence_alignment,global sequence alignment (Biopython PairwiseAligner) + PDB residue lookup,False,mapped_prior_or_not_in_prior_qc,already_mapped_prior,prior_alpha_chain_mapping
235,zolpidem,alpha2_beta3_gamma2_local_9CTJ,8,hydrophobic_interaction,155,D,"{""dist"": ""3.75"", ""id"": ""3"", ""ligcarbonidx"": ""7108"", ""protcarbonidx"": ""3891"", ""reschain"": ""D"", ""reschain_lig"": ""Z"", ""resnr"": ""155"", ""resnr_lig"": ""1"", ""restype"": ""LYS"", ""restype_lig"": ""LIG""}",LYS,BZD_SITE_156,,mapped_global_sequence_alignment,global sequence alignment (Biopython PairwiseAligner) + PDB residue lookup,False,mapped_prior_or_not_in_prior_qc,already_mapped_prior,prior_alpha_chain_mapping
236,zolpidem,alpha2_beta3_gamma2_local_9CTJ,8,hydrophobic_interaction,202,D,"{""dist"": ""3.45"", ""id"": ""4"", ""ligcarbonidx"": ""7120"", ""protcarbonidx"": ""4260"", ""reschain"": ""D"", ""reschain_lig"": ""Z"", ""resnr"": ""202"", ""resnr_lig"": ""1"", ""restype"": ""ILE"", ""restype_lig"": ""LIG""}",ILE,BZD_SITE_203,,mapped_global_sequence_alignment,global sequence alignment (Biopython PairwiseAligner) + PDB residue lookup,False,mapped_prior_or_not_in_prior_qc,already_mapped_prior,prior_alpha_chain_mapping
237,zolpidem,alpha2_beta3_gamma2_local_9CTJ,9,hydrophobic_interaction,202,D,"{""dist"": ""3.98"", ""id"": ""1"", ""ligcarbonidx"": ""7114"", ""protcarbonidx"": ""4261"", ""reschain"": ""D"", ""reschain_lig"": ""Z"", ""resnr"": ""202"", ""resnr_lig"": ""1"", ""restype"": ""ILE"", ""restype_lig"": ""LIG""}",ILE,BZD_SITE_203,,mapped_global_sequence_alignment,global sequence alignment (Biopython PairwiseAligner) + PDB residue lookup,False,mapped_prior_or_not_in_prior_qc,already_mapped_prior,prior_alpha_chain_mapping
238,alprazolam,alpha1_beta3_gamma2,1,hydrophobic_interaction,58,C,"{""dist"": ""3.85"", ""id"": ""1"", ""ligcarbonidx"": ""13794"", ""protcarbonidx"": ""5806"", ""reschain"": ""C"", ""reschain_lig"": ""Z"", ""resnr"": ""58"", ""resnr_lig"": ""1"", ""restype"": ""TYR"", ""restype_lig"": ""LIG""}",TYR,BZD_GAMMA2_058,gamma2,mapped_gamma2_sequence_alignment,global sequence alignment (Biopython PairwiseAligner) + PDB residue lookup,False,unresolved,recovered_bzd_interface,gamma2_C_to_E_alignment
239,alprazolam,alpha1_beta3_gamma2,1,hydrophobic_interaction,58,C,"{""dist"": ""3.74"", ""id"": ""2"", ""ligcarbonidx"": ""13795"", ""protcarbonidx"": ""5805"", ""reschain"": ""C"", ""reschain_lig"": ""Z"", ""resnr"": ""58"", ""resnr_lig"": ""1"", ""restype"": ""TYR"", ""restype_lig"": ""LIG""}",TYR,BZD_GAMMA2_058,gamma2,mapped_gamma2_sequence_alignment,global sequence alignment (Biopython PairwiseAligner) + PDB residue lookup,False,unresolved,recovered_bzd_interface,gamma2_C_to_E_alignment
240,alprazolam,alpha1_beta3_gamma2,1,hydrophobic_interaction,77,C,"{""dist"": ""3.46"", ""id"": ""3"", ""ligcarbonidx"": ""13800"", ""protcarbonidx"": ""5953"", ""reschain"": ""C"", ""reschain_lig"": ""Z"", ""resnr"": ""77"", ""resnr_lig"": ""1"", ""restype"": ""PHE"", ""restype_lig"": ""LIG""}",PHE,BZD_GAMMA2_077,gamma2,mapped_gamma2_sequence_alignment,global sequence alignment (Biopython PairwiseAligner) + PDB residue lookup,False,unresolved,recovered_bzd_interface,gamma2_C_to_E_alignment
241,alprazolam,alpha1_beta3_gamma2,1,hydrophobic_interaction,100,D,"{""dist"": ""3.35"", ""id"": ""4"", ""ligcarbonidx"": ""13801"", ""protcarbonidx"": ""8994"", ""reschain"": ""D"", ""reschain_lig"": ""Z"", ""resnr"": ""100"", ""resnr_lig"": ""1"", ""restype"": ""PHE"", ""restype_lig"": ""LIG""}",PHE,BZD_SITE_101,,mapped_global_sequence_alignment,global sequence alignment (Biopython PairwiseAligner) + PDB residue lookup,False,mapped_prior_or_not_in_prior_qc,already_mapped_prior,prior_alpha_chain_mapping
242,alprazolam,alpha1_beta3_gamma2,1,hydrophobic_interaction,160,D,"{""dist"": ""3.94"", ""id"": ""5"", ""ligcarbonidx"": ""13801"", ""protcarbonidx"": ""9467"", ""reschain"": ""D"", ""reschain_lig"": ""Z"", ""resnr"": ""160"", ""resnr_lig"": ""1"", ""restype"": ""TYR"", ""restype_lig"": ""LIG""}",TYR,BZD_SITE_161,,mapped_global_sequence_alignment,global sequence alignment (Biopython PairwiseAligner) + PDB residue lookup,False,mapped_prior_or_not_in_prior_qc,already_mapped_prior,prior_alpha_chain_mapping
243,alprazolam,alpha1_beta3_gamma2,1,hydrophobic_interaction,203,D,"{""dist"": ""3.56"", ""id"": ""6"", ""ligcarbonidx"": ""13785"", ""protcarbonidx"": ""9811"", ""reschain"": ""D"", ""reschain_lig"": ""Z"", ""resnr"": ""203"", ""resnr_lig"": ""1"", ""restype"": ""VAL"", ""restype_lig"": ""LIG""}",VAL,BZD_SITE_204,,mapped_global_sequence_alignment,global sequence alignment (Biopython PairwiseAligner) + PDB residue lookup,False,mapped_prior_or_not_in_prior_qc,already_mapped_prior,prior_alpha_chain_mapping
244,alprazolam,alpha1_beta3_gamma2,1,hydrophobic_interaction,203,D,"{""dist"": ""3.80"", ""id"": ""7"", ""ligcarbonidx"": ""13792"", ""protcarbonidx"": ""9810"", ""reschain"": ""D"", ""reschain_lig"": ""Z"", ""resnr"": ""203"", ""resnr_lig"": ""1"", ""restype"": ""VAL"", ""restype_lig"": ""LIG""}",VAL,BZD_SITE_204,,mapped_global_sequence_alignment,global sequence alignment (Biopython PairwiseAligner) + PDB residue lookup,False,mapped_prior_or_not_in_prior_qc,already_mapped_prior,prior_alpha_chain_mapping
245,alprazolam,alpha1_beta3_gamma2,1,hydrophobic_interaction,203,D,"{""dist"": ""3.80"", ""id"": ""8"", ""ligcarbonidx"": ""13797"", ""protcarbonidx"": ""9810"", ""reschain"": ""D"", ""reschain_lig"": ""Z"", ""resnr"": ""203"", ""resnr_lig"": ""1"", ""restype"": ""VAL"", ""restype_lig"": ""LIG""}",VAL,BZD_SITE_204,,mapped_global_sequence_alignment,global sequence alignment (Biopython PairwiseAligner) + PDB residue lookup,False,mapped_prior_or_not_in_prior_qc,already_mapped_prior,prior_alpha_chain_mapping
246,alprazolam,alpha1_beta3_gamma2,1,hydrophobic_interaction,210,D,"{""dist"": ""3.32"", ""id"": ""9"", ""ligcarbonidx"": ""13803"", ""protcarbonidx"": ""9860"", ""reschain"": ""D"", ""reschain_lig"": ""Z"", ""resnr"": ""210"", ""resnr_lig"": ""1"", ""restype"": ""TYR"", ""restype_lig"": ""LIG""}",TYR,BZD_SITE_211,,mapped_global_sequence_alignment,global sequence alignment (Biopython PairwiseAligner) + PDB residue lookup,False,mapped_prior_or_not_in_prior_qc,already_mapped_prior,prior_alpha_chain_mapping
247,alprazolam,alpha1_beta3_gamma2,1,hydrogen_bond,156,D,"{""acceptoridx"": ""13787"", ""acceptortype"": ""Nar"", ""dist_d-a"": ""3.31"", ""dist_h-a"": ""2.79"", ""don_angle"": ""112.27"", ""donoridx"": ""9439"", ""donortype"": ""N3"", ""id"": ""1"", ""protisdon"": ""True"", ""reschain"": ""D"", ""reschain_lig"": ""Z"", ""resnr"": ""156"", ""resnr_lig"": ""1"", ""restype"": ""LYS"", ""restype_lig"": ""LIG"", ""sidechain"": ""True""}",LYS,BZD_SITE_157,,mapped_global_sequence_alignment,global sequence alignment (Biopython PairwiseAligner) + PDB residue lookup,False,mapped_prior_or_not_in_prior_qc,already_mapped_prior,prior_alpha_chain_mapping
248,alprazolam,alpha1_beta3_gamma2,1,pi_stack,102,D,"{""angle"": ""60.12"", ""centdist"": ""5.21"", ""id"": ""1"", ""offset"": ""1.43"", ""reschain"": ""D"", ""reschain_lig"": ""Z"", ""resnr"": ""102"", ""resnr_lig"": ""1"", ""restype"": ""HIS"", ""restype_lig"": ""LIG"", ""type"": ""T""}",HIS,BZD_SITE_103,,mapped_global_sequence_alignment,global sequence alignment (Biopython PairwiseAligner) + PDB residue lookup,False,mapped_prior_or_not_in_prior_qc,already_mapped_prior,prior_alpha_chain_mapping
249,alprazolam,alpha1_beta3_gamma2,1,pi_stack,102,D,"{""angle"": ""73.52"", ""centdist"": ""4.79"", ""id"": ""2"", ""offset"": ""1.45"", ""reschain"": ""D"", ""reschain_lig"": ""Z"", ""resnr"": ""102"", ""resnr_lig"": ""1"", ""restype"": ""HIS"", ""restype_lig"": ""LIG"", ""type"": ""T""}",HIS,BZD_SITE_103,,mapped_global_sequence_alignment,global sequence alignment (Biopython PairwiseAligner) + PDB residue lookup,False,mapped_prior_or_not_in_prior_qc,already_mapped_prior,prior_alpha_chain_mapping
250,alprazolam,alpha1_beta3_gamma2,2,hydrophobic_interaction,58,C,"{""dist"": ""3.58"", ""id"": ""1"", ""ligcarbonidx"": ""13795"", ""protcarbonidx"": ""5803"", ""reschain"": ""C"", ""reschain_lig"": ""Z"", ""resnr"": ""58"", ""resnr_lig"": ""1"", ""restype"": ""TYR"", ""restype_lig"": ""LIG""}",TYR,BZD_GAMMA2_058,gamma2,mapped_gamma2_sequence_alignment,global sequence alignment (Biopython PairwiseAligner) + PDB residue lookup,False,unresolved,recovered_bzd_interface,gamma2_C_to_E_alignment
251,alprazolam,alpha1_beta3_gamma2,2,hydrophobic_interaction,210,D,"{""dist"": ""3.45"", ""id"": ""2"", ""ligcarbonidx"": ""13803"", ""protcarbonidx"": ""9860"", ""reschain"": ""D"", ""reschain_lig"": ""Z"", ""resnr"": ""210"", ""resnr_lig"": ""1"", ""restype"": ""TYR"", ""restype_lig"": ""LIG""}",TYR,BZD_SITE_211,,mapped_global_sequence_alignment,global sequence alignment (Biopython PairwiseAligner) + PDB residue lookup,False,mapped_prior_or_not_in_prior_qc,already_mapped_prior,prior_alpha_chain_mapping
252,alprazolam,alpha1_beta3_gamma2,2,pi_stack,58,C,"{""angle"": ""9.52"", ""centdist"": ""3.93"", ""id"": ""1"", ""offset"": ""1.56"", ""reschain"": ""C"", ""reschain_lig"": ""Z"", ""resnr"": ""58"", ""resnr_lig"": ""1"", ""restype"": ""TYR"", ""restype_lig"": ""LIG"", ""type"": ""P""}",TYR,BZD_GAMMA2_058,gamma2,mapped_gamma2_sequence_alignment,global sequence alignment (Biopython PairwiseAligner) + PDB residue lookup,False,unresolved,recovered_bzd_interface,gamma2_C_to_E_alignment
253,alprazolam,alpha1_beta3_gamma2,2,pi_stack,77,C,"{""angle"": ""83.64"", ""centdist"": ""4.92"", ""id"": ""2"", ""offset"": ""1.96"", ""reschain"": ""C"", ""reschain_lig"": ""Z"", ""resnr"": ""77"", ""resnr_lig"": ""1"", ""restype"": ""PHE"", ""restype_lig"": ""LIG"", ""type"": ""T""}",PHE,BZD_GAMMA2_077,gamma2,mapped_gamma2_sequence_alignment,global sequence alignment (Biopython PairwiseAligner) + PDB residue lookup,False,unresolved,recovered_bzd_interface,gamma2_C_to_E_alignment
254,alprazolam,alpha1_beta3_gamma2,3,hydrophobic_interaction,58,C,"{""dist"": ""3.06"", ""id"": ""1"", ""ligcarbonidx"": ""13801"", ""protcarbonidx"": ""5805"", ""reschain"": ""C"", ""reschain_lig"": ""Z"", ""resnr"": ""58"", ""resnr_lig"": ""1"", ""restype"": ""TYR"", ""restype_lig"": ""LIG""}",TYR,BZD_GAMMA2_058,gamma2,mapped_gamma2_sequence_alignment,global sequence alignment (Biopython PairwiseAligner) + PDB residue lookup,False,unresolved,recovered_bzd_interface,gamma2_C_to_E_alignment
255,alprazolam,alpha1_beta3_gamma2,3,hydrophobic_interaction,58,C,"{""dist"": ""3.77"", ""id"": ""2"", ""ligcarbonidx"": ""13796"", ""protcarbonidx"": ""5806"", ""reschain"": ""C"", ""reschain_lig"": ""Z"", ""resnr"": ""58"", ""resnr_lig"": ""1"", ""restype"": ""TYR"", ""restype_lig"": ""LIG""}",TYR,BZD_GAMMA2_058,gamma2,mapped_gamma2_sequence_alignment,global sequence alignment (Biopython PairwiseAligner) + PDB residue lookup,False,unresolved,recovered_bzd_interface,gamma2_C_to_E_alignment
256,alprazolam,alpha1_beta3_gamma2,3,hydrophobic_interaction,58,C,"{""dist"": ""3.24"", ""id"": ""3"", ""ligcarbonidx"": ""13800"", ""protcarbonidx"": ""5803"", ""reschain"": ""C"", ""reschain_lig"": ""Z"", ""resnr"": ""58"", ""resnr_lig"": ""1"", ""restype"": ""TYR"", ""restype_lig"": ""LIG""}",TYR,BZD_GAMMA2_058,gamma2,mapped_gamma2_sequence_alignment,global sequence alignment (Biopython PairwiseAligner) + PDB residue lookup,False,unresolved,recovered_bzd_interface,gamma2_C_to_E_alignment
257,alprazolam,alpha1_beta3_gamma2,3,hydrophobic_interaction,77,C,"{""dist"": ""3.92"", ""id"": ""4"", ""ligcarbonidx"": ""13795"", ""protcarbonidx"": ""5954"", ""reschain"": ""C"", ""reschain_lig"": ""Z"", ""resnr"": ""77"", ""resnr_lig"": ""1"", ""restype"": ""PHE"", ""restype_lig"": ""LIG""}",PHE,BZD_GAMMA2_077,gamma2,mapped_gamma2_sequence_alignment,global sequence alignment (Biopython PairwiseAligner) + PDB residue lookup,False,unresolved,recovered_bzd_interface,gamma2_C_to_E_alignment
258,alprazolam,alpha1_beta3_gamma2,3,hydrophobic_interaction,203,D,"{""dist"": ""3.84"", ""id"": ""5"", ""ligcarbonidx"": ""13804"", ""protcarbonidx"": ""9810"", ""reschain"": ""D"", ""reschain_lig"": ""Z"", ""resnr"": ""203"", ""resnr_lig"": ""1"", ""restype"": ""VAL"", ""restype_lig"": ""LIG""}",VAL,BZD_SITE_204,,mapped_global_sequence_alignment,global sequence alignment (Biopython PairwiseAligner) + PDB residue lookup,False,mapped_prior_or_not_in_prior_qc,already_mapped_prior,prior_alpha_chain_mapping
259,alprazolam,alpha1_beta3_gamma2,3,hydrophobic_interaction,210,D,"{""dist"": ""3.76"", ""id"": ""6"", ""ligcarbonidx"": ""13785"", ""protcarbonidx"": ""9858"", ""reschain"": ""D"", ""reschain_lig"": ""Z"", ""resnr"": ""210"", ""resnr_lig"": ""1"", ""restype"": ""TYR"", ""restype_lig"": ""LIG""}",TYR,BZD_SITE_211,,mapped_global_sequence_alignment,global sequence alignment (Biopython PairwiseAligner) + PDB residue lookup,False,mapped_prior_or_not_in_prior_qc,already_mapped_prior,prior_alpha_chain_mapping
260,alprazolam,alpha1_beta3_gamma2,3,hydrogen_bond,205,D,"{""acceptoridx"": ""13805"", ""acceptortype"": ""N2"", ""dist_d-a"": ""3.00"", ""dist_h-a"": ""2.47"", ""don_angle"": ""113.82"", ""donoridx"": ""9826"", ""donortype"": ""O3"", ""id"": ""1"", ""protisdon"": ""True"", ""reschain"": ""D"", ""reschain_lig"": ""Z"", ""resnr"": ""205"", ""resnr_lig"": ""1"", ""restype"": ""SER"", ""restype_lig"": ""LIG"", ""sidechain"": ""True""}",SER,BZD_SITE_206,,mapped_global_sequence_alignment,global sequence alignment (Biopython PairwiseAligner) + PDB residue lookup,False,mapped_prior_or_not_in_prior_qc,already_mapped_prior,prior_alpha_chain_mapping
261,alprazolam,alpha1_beta3_gamma2,3,pi_stack,77,C,"{""angle"": ""21.49"", ""centdist"": ""3.87"", ""id"": ""1"", ""offset"": ""0.61"", ""reschain"": ""C"", ""reschain_lig"": ""Z"", ""resnr"": ""77"", ""resnr_lig"": ""1"", ""restype"": ""PHE"", ""restype_lig"": ""LIG"", ""type"": ""P""}",PHE,BZD_GAMMA2_077,gamma2,mapped_gamma2_sequence_alignment,global sequence alignment (Biopython PairwiseAligner) + PDB residue lookup,False,unresolved,recovered_bzd_interface,gamma2_C_to_E_alignment
262,alprazolam,alpha1_beta3_gamma2,4,hydrophobic_interaction,58,C,"{""dist"": ""3.13"", ""id"": ""1"", ""ligcarbonidx"": ""13803"", ""protcarbonidx"": ""5801"", ""reschain"": ""C"", ""reschain_lig"": ""Z"", ""resnr"": ""58"", ""resnr_lig"": ""1"", ""restype"": ""TYR"", ""restype_lig"": ""LIG""}",TYR,BZD_GAMMA2_058,gamma2,mapped_gamma2_sequence_alignment,global sequence alignment (Biopython PairwiseAligner) + PDB residue lookup,False,unresolved,recovered_bzd_interface,gamma2_C_to_E_alignment
263,alprazolam,alpha1_beta3_gamma2,4,hydrophobic_interaction,77,C,"{""dist"": ""3.37"", ""id"": ""2"", ""ligcarbonidx"": ""13785"", ""protcarbonidx"": ""5955"", ""reschain"": ""C"", ""reschain_lig"": ""Z"", ""resnr"": ""77"", ""resnr_lig"": ""1"", ""restype"": ""PHE"", ""restype_lig"": ""LIG""}",PHE,BZD_GAMMA2_077,gamma2,mapped_gamma2_sequence_alignment,global sequence alignment (Biopython PairwiseAligner) + PDB residue lookup,False,unresolved,recovered_bzd_interface,gamma2_C_to_E_alignment
264,alprazolam,alpha1_beta3_gamma2,4,hydrophobic_interaction,77,C,"{""dist"": ""3.24"", ""id"": ""3"", ""ligcarbonidx"": ""13803"", ""protcarbonidx"": ""5949"", ""reschain"": ""C"", ""reschain_lig"": ""Z"", ""resnr"": ""77"", ""resnr_lig"": ""1"", ""restype"": ""PHE"", ""restype_lig"": ""LIG""}",PHE,BZD_GAMMA2_077,gamma2,mapped_gamma2_sequence_alignment,global sequence alignment (Biopython PairwiseAligner) + PDB residue lookup,False,unresolved,recovered_bzd_interface,gamma2_C_to_E_alignment
265,alprazolam,alpha1_beta3_gamma2,4,hydrophobic_interaction,100,D,"{""dist"": ""3.91"", ""id"": ""4"", ""ligcarbonidx"": ""13793"", ""protcarbonidx"": ""8994"", ""reschain"": ""D"", ""reschain_lig"": ""Z"", ""resnr"": ""100"", ""resnr_lig"": ""1"", ""restype"": ""PHE"", ""restype_lig"": ""LIG""}",PHE,BZD_SITE_101,,mapped_global_sequence_alignment,global sequence alignment (Biopython PairwiseAligner) + PDB residue lookup,False,mapped_prior_or_not_in_prior_qc,already_mapped_prior,prior_alpha_chain_mapping
266,alprazolam,alpha1_beta3_gamma2,4,hydrophobic_interaction,210,D,"{""dist"": ""3.38"", ""id"": ""5"", ""ligcarbonidx"": ""13795"", ""protcarbonidx"": ""9862"", ""reschain"": ""D"", ""reschain_lig"": ""Z"", ""resnr"": ""210"", ""resnr_lig"": ""1"", ""restype"": ""TYR"", ""restype_lig"": ""LIG""}",TYR,BZD_SITE_211,,mapped_global_sequence_alignment,global sequence alignment (Biopython PairwiseAligner) + PDB residue lookup,False,mapped_prior_or_not_in_prior_qc,already_mapped_prior,prior_alpha_chain_mapping
267,alprazolam,alpha1_beta3_gamma2,4,pi_stack,58,C,"{""angle"": ""14.48"", ""centdist"": ""4.15"", ""id"": ""1"", ""offset"": ""1.70"", ""reschain"": ""C"", ""reschain_lig"": ""Z"", ""resnr"": ""58"", ""resnr_lig"": ""1"", ""restype"": ""TYR"", ""restype_lig"": ""LIG"", ""type"": ""P""}",TYR,BZD_GAMMA2_058,gamma2,mapped_gamma2_sequence_alignment,global sequence alignment (Biopython PairwiseAligner) + PDB residue lookup,False,unresolved,recovered_bzd_interface,gamma2_C_to_E_alignment
268,alprazolam,alpha1_beta3_gamma2,4,pi_stack,77,C,"{""angle"": ""25.47"", ""centdist"": ""4.72"", ""id"": ""2"", ""offset"": ""1.18"", ""reschain"": ""C"", ""reschain_lig"": ""Z"", ""resnr"": ""77"", ""resnr_lig"": ""1"", ""restype"": ""PHE"", ""restype_lig"": ""LIG"", ""type"": ""P""}",PHE,BZD_GAMMA2_077,gamma2,mapped_gamma2_sequence_alignment,global sequence alignment (Biopython PairwiseAligner) + PDB residue lookup,False,unresolved,recovered_bzd_interface,gamma2_C_to_E_alignment
269,alprazolam,alpha1_beta3_gamma2,5,hydrophobic_interaction,58,C,"{""dist"": ""3.81"", ""id"": ""1"", ""ligcarbonidx"": ""13804"", ""protcarbonidx"": ""5806"", ""reschain"": ""C"", ""reschain_lig"": ""Z"", ""resnr"": ""58"", ""resnr_lig"": ""1"", ""restype"": ""TYR"", ""restype_lig"": ""LIG""}",TYR,BZD_GAMMA2_058,gamma2,mapped_gamma2_sequence_alignment,global sequence alignment (Biopython PairwiseAligner) + PDB residue lookup,False,unresolved,recovered_bzd_interface,gamma2_C_to_E_alignment
270,alprazolam,alpha1_beta3_gamma2,5,hydrophobic_interaction,58,C,"{""dist"": ""3.38"", ""id"": ""2"", ""ligcarbonidx"": ""13785"", ""protcarbonidx"": ""5801"", ""reschain"": ""C"", ""reschain_lig"": ""Z"", ""resnr"": ""58"", ""resnr_lig"": ""1"", ""restype"": ""TYR"", ""restype_lig"": ""LIG""}",TYR,BZD_GAMMA2_058,gamma2,mapped_gamma2_sequence_alignment,global sequence alignment (Biopython PairwiseAligner) + PDB residue lookup,False,unresolved,recovered_bzd_interface,gamma2_C_to_E_alignment
271,alprazolam,alpha1_beta3_gamma2,5,hydrophobic_interaction,77,C,"{""dist"": ""3.29"", ""id"": ""3"", ""ligcarbonidx"": ""13785"", ""protcarbonidx"": ""5949"", ""reschain"": ""C"", ""reschain_lig"": ""Z"", ""resnr"": ""77"", ""resnr_lig"": ""1"", ""restype"": ""PHE"", ""restype_lig"": ""LIG""}",PHE,BZD_GAMMA2_077,gamma2,mapped_gamma2_sequence_alignment,global sequence alignment (Biopython PairwiseAligner) + PDB residue lookup,False,unresolved,recovered_bzd_interface,gamma2_C_to_E_alignment
272,alprazolam,alpha1_beta3_gamma2,5,hydrophobic_interaction,102,D,"{""dist"": ""3.73"", ""id"": ""4"", ""ligcarbonidx"": ""13801"", ""protcarbonidx"": ""9010"", ""reschain"": ""D"", ""reschain_lig"": ""Z"", ""resnr"": ""102"", ""resnr_lig"": ""1"", ""restype"": ""HIS"", ""restype_lig"": ""LIG""}",HIS,BZD_SITE_103,,mapped_global_sequence_alignment,global sequence alignment (Biopython PairwiseAligner) + PDB residue lookup,False,mapped_prior_or_not_in_prior_qc,already_mapped_prior,prior_alpha_chain_mapping
273,alprazolam,alpha1_beta3_gamma2,5,hydrophobic_interaction,203,D,"{""dist"": ""3.40"", ""id"": ""5"", ""ligcarbonidx"": ""13796"", ""protcarbonidx"": ""9810"", ""reschain"": ""D"", ""reschain_lig"": ""Z"", ""resnr"": ""203"", ""resnr_lig"": ""1"", ""restype"": ""VAL"", ""restype_lig"": ""LIG""}",VAL,BZD_SITE_204,,mapped_global_sequence_alignment,global sequence alignment (Biopython PairwiseAligner) + PDB residue lookup,False,mapped_prior_or_not_in_prior_qc,already_mapped_prior,prior_alpha_chain_mapping
274,alprazolam,alpha1_beta3_gamma2,5,pi_stack,58,C,"{""angle"": ""21.92"", ""centdist"": ""4.03"", ""id"": ""1"", ""offset"": ""1.12"", ""reschain"": ""C"", ""reschain_lig"": ""Z"", ""resnr"": ""58"", ""resnr_lig"": ""1"", ""restype"": ""TYR"", ""restype_lig"": ""LIG"", ""type"": ""P""}",TYR,BZD_GAMMA2_058,gamma2,mapped_gamma2_sequence_alignment,global sequence alignment (Biopython PairwiseAligner) + PDB residue lookup,False,unresolved,recovered_bzd_interface,gamma2_C_to_E_alignment
275,alprazolam,alpha1_beta3_gamma2,6,hydrophobic_interaction,58,C,"{""dist"": ""3.85"", ""id"": ""1"", ""ligcarbonidx"": ""13804"", ""protcarbonidx"": ""5806"", ""reschain"": ""C"", ""reschain_lig"": ""Z"", ""resnr"": ""58"", ""resnr_lig"": ""1"", ""restype"": ""TYR"", ""restype_lig"": ""LIG""}",TYR,BZD_GAMMA2_058,gamma2,mapped_gamma2_sequence_alignment,global sequence alignment (Biopython PairwiseAligner) + PDB residue lookup,False,unresolved,recovered_bzd_interface,gamma2_C_to_E_alignment
276,alprazolam,alpha1_beta3_gamma2,6,hydrophobic_interaction,58,C,"{""dist"": ""3.52"", ""id"": ""2"", ""ligcarbonidx"": ""13785"", ""protcarbonidx"": ""5804"", ""reschain"": ""C"", ""reschain_lig"": ""Z"", ""resnr"": ""58"", ""resnr_lig"": ""1"", ""restype"": ""TYR"", ""restype_lig"": ""LIG""}",TYR,BZD_GAMMA2_058,gamma2,mapped_gamma2_sequence_alignment,global sequence alignment (Biopython PairwiseAligner) + PDB residue lookup,False,unresolved,recovered_bzd_interface,gamma2_C_to_E_alignment
277,alprazolam,alpha1_beta3_gamma2,6,hydrophobic_interaction,77,C,"{""dist"": ""3.76"", ""id"": ""3"", ""ligcarbonidx"": ""13785"", ""protcarbonidx"": ""5952"", ""reschain"": ""C"", ""reschain_lig"": ""Z"", ""resnr"": ""77"", ""resnr_lig"": ""1"", ""restype"": ""PHE"", ""restype_lig"": ""LIG""}",PHE,BZD_GAMMA2_077,gamma2,mapped_gamma2_sequence_alignment,global sequence alignment (Biopython PairwiseAligner) + PDB residue lookup,False,unresolved,recovered_bzd_interface,gamma2_C_to_E_alignment
278,alprazolam,alpha1_beta3_gamma2,6,pi_stack,58,C,"{""angle"": ""20.17"", ""centdist"": ""4.60"", ""id"": ""1"", ""offset"": ""1.75"", ""reschain"": ""C"", ""reschain_lig"": ""Z"", ""resnr"": ""58"", ""resnr_lig"": ""1"", ""restype"": ""TYR"", ""restype_lig"": ""LIG"", ""type"": ""P""}",TYR,BZD_GAMMA2_058,gamma2,mapped_gamma2_sequence_alignment,global sequence alignment (Biopython PairwiseAligner) + PDB residue lookup,False,unresolved,recovered_bzd_interface,gamma2_C_to_E_alignment
279,alprazolam,alpha1_beta3_gamma2,7,hydrophobic_interaction,58,C,"{""dist"": ""3.10"", ""id"": ""1"", ""ligcarbonidx"": ""13800"", ""protcarbonidx"": ""5805"", ""reschain"": ""C"", ""reschain_lig"": ""Z"", ""resnr"": ""58"", ""resnr_lig"": ""1"", ""restype"": ""TYR"", ""restype_lig"": ""LIG""}",TYR,BZD_GAMMA2_058,gamma2,mapped_gamma2_sequence_alignment,global sequence alignment (Biopython PairwiseAligner) + PDB residue lookup,False,unresolved,recovered_bzd_interface,gamma2_C_to_E_alignment
280,alprazolam,alpha1_beta3_gamma2,7,hydrophobic_interaction,58,C,"{""dist"": ""3.43"", ""id"": ""2"", ""ligcarbonidx"": ""13796"", ""protcarbonidx"": ""5806"", ""reschain"": ""C"", ""reschain_lig"": ""Z"", ""resnr"": ""58"", ""resnr_lig"": ""1"", ""restype"": ""TYR"", ""restype_lig"": ""LIG""}",TYR,BZD_GAMMA2_058,gamma2,mapped_gamma2_sequence_alignment,global sequence alignment (Biopython PairwiseAligner) + PDB residue lookup,False,unresolved,recovered_bzd_interface,gamma2_C_to_E_alignment
281,alprazolam,alpha1_beta3_gamma2,7,hydrophobic_interaction,77,C,"{""dist"": ""3.59"", ""id"": ""3"", ""ligcarbonidx"": ""13792"", ""protcarbonidx"": ""5955"", ""reschain"": ""C"", ""reschain_lig"": ""Z"", ""resnr"": ""77"", ""resnr_lig"": ""1"", ""restype"": ""PHE"", ""restype_lig"": ""LIG""}",PHE,BZD_GAMMA2_077,gamma2,mapped_gamma2_sequence_alignment,global sequence alignment (Biopython PairwiseAligner) + PDB residue lookup,False,unresolved,recovered_bzd_interface,gamma2_C_to_E_alignment
282,alprazolam,alpha1_beta3_gamma2,7,hydrophobic_interaction,100,D,"{""dist"": ""3.97"", ""id"": ""4"", ""ligcarbonidx"": ""13785"", ""protcarbonidx"": ""8994"", ""reschain"": ""D"", ""reschain_lig"": ""Z"", ""resnr"": ""100"", ""resnr_lig"": ""1"", ""restype"": ""PHE"", ""restype_lig"": ""LIG""}",PHE,BZD_SITE_101,,mapped_global_sequence_alignment,global sequence alignment (Biopython PairwiseAligner) + PDB residue lookup,False,mapped_prior_or_not_in_prior_qc,already_mapped_prior,prior_alpha_chain_mapping
283,alprazolam,alpha1_beta3_gamma2,7,hydrophobic_interaction,203,D,"{""dist"": ""3.04"", ""id"": ""5"", ""ligcarbonidx"": ""13804"", ""protcarbonidx"": ""9810"", ""reschain"": ""D"", ""reschain_lig"": ""Z"", ""resnr"": ""203"", ""resnr_lig"": ""1"", ""restype"": ""VAL"", ""restype_lig"": ""LIG""}",VAL,BZD_SITE_204,,mapped_global_sequence_alignment,global sequence alignment (Biopython PairwiseAligner) + PDB residue lookup,False,mapped_prior_or_not_in_prior_qc,already_mapped_prior,prior_alpha_chain_mapping
284,alprazolam,alpha1_beta3_gamma2,7,hydrogen_bond,205,D,"{""acceptoridx"": ""13788"", ""acceptortype"": ""Nar"", ""dist_d-a"": ""3.25"", ""dist_h-a"": ""2.50"", ""don_angle"": ""134.04"", ""donoridx"": ""9826"", ""donortype"": ""O3"", ""id"": ""1"", ""protisdon"": ""True"", ""reschain"": ""D"", ""reschain_lig"": ""Z"", ""resnr"": ""205"", ""resnr_lig"": ""1"", ""restype"": ""SER"", ""restype_lig"": ""LIG"", ""sidechain"": ""True""}",SER,BZD_SITE_206,,mapped_global_sequence_alignment,global sequence alignment (Biopython PairwiseAligner) + PDB residue lookup,False,mapped_prior_or_not_in_prior_qc,already_mapped_prior,prior_alpha_chain_mapping
285,alprazolam,alpha1_beta3_gamma2,7,pi_stack,77,C,"{""angle"": ""7.22"", ""centdist"": ""4.77"", ""id"": ""1"", ""offset"": ""1.71"", ""reschain"": ""C"", ""reschain_lig"": ""Z"", ""resnr"": ""77"", ""resnr_lig"": ""1"", ""restype"": ""PHE"", ""restype_lig"": ""LIG"", ""type"": ""P""}",PHE,BZD_GAMMA2_077,gamma2,mapped_gamma2_sequence_alignment,global sequence alignment (Biopython PairwiseAligner) + PDB residue lookup,False,unresolved,recovered_bzd_interface,gamma2_C_to_E_alignment
286,alprazolam,alpha1_beta3_gamma2,8,hydrophobic_interaction,58,C,"{""dist"": ""3.57"", ""id"": ""1"", ""ligcarbonidx"": ""13794"", ""protcarbonidx"": ""5806"", ""reschain"": ""C"", ""reschain_lig"": ""Z"", ""resnr"": ""58"", ""resnr_lig"": ""1"", ""restype"": ""TYR"", ""restype_lig"": ""LIG""}",TYR,BZD_GAMMA2_058,gamma2,mapped_gamma2_sequence_alignment,global sequence alignment (Biopython PairwiseAligner) + PDB residue lookup,False,unresolved,recovered_bzd_interface,gamma2_C_to_E_alignment
287,alprazolam,alpha1_beta3_gamma2,8,hydrophobic_interaction,77,C,"{""dist"": ""3.39"", ""id"": ""2"", ""ligcarbonidx"": ""13795"", ""protcarbonidx"": ""5954"", ""reschain"": ""C"", ""reschain_lig"": ""Z"", ""resnr"": ""77"", ""resnr_lig"": ""1"", ""restype"": ""PHE"", ""restype_lig"": ""LIG""}",PHE,BZD_GAMMA2_077,gamma2,mapped_gamma2_sequence_alignment,global sequence alignment (Biopython PairwiseAligner) + PDB residue lookup,False,unresolved,recovered_bzd_interface,gamma2_C_to_E_alignment
288,alprazolam,alpha1_beta3_gamma2,8,hydrophobic_interaction,102,D,"{""dist"": ""3.25"", ""id"": ""3"", ""ligcarbonidx"": ""13803"", ""protcarbonidx"": ""9010"", ""reschain"": ""D"", ""reschain_lig"": ""Z"", ""resnr"": ""102"", ""resnr_lig"": ""1"", ""restype"": ""HIS"", ""restype_lig"": ""LIG""}",HIS,BZD_SITE_103,,mapped_global_sequence_alignment,global sequence alignment (Biopython PairwiseAligner) + PDB residue lookup,False,mapped_prior_or_not_in_prior_qc,already_mapped_prior,prior_alpha_chain_mapping
289,alprazolam,alpha1_beta3_gamma2,8,hydrophobic_interaction,103,D,"{""dist"": ""3.80"", ""id"": ""4"", ""ligcarbonidx"": ""13802"", ""protcarbonidx"": ""9020"", ""reschain"": ""D"", ""reschain_lig"": ""Z"", ""resnr"": ""103"", ""resnr_lig"": ""1"", ""restype"": ""ASN"", ""restype_lig"": ""LIG""}",ASN,BZD_SITE_104,,mapped_global_sequence_alignment,global sequence alignment (Biopython PairwiseAligner) + PDB residue lookup,False,mapped_prior_or_not_in_prior_qc,already_mapped_prior,prior_alpha_chain_mapping
290,alprazolam,alpha1_beta3_gamma2,8,hydrophobic_interaction,156,D,"{""dist"": ""3.43"", ""id"": ""5"", ""ligcarbonidx"": ""13803"", ""protcarbonidx"": ""9437"", ""reschain"": ""D"", ""reschain_lig"": ""Z"", ""resnr"": ""156"", ""resnr_lig"": ""1"", ""restype"": ""LYS"", ""restype_lig"": ""LIG""}",LYS,BZD_SITE_157,,mapped_global_sequence_alignment,global sequence alignment (Biopython PairwiseAligner) + PDB residue lookup,False,mapped_prior_or_not_in_prior_qc,already_mapped_prior,prior_alpha_chain_mapping
291,alprazolam,alpha1_beta3_gamma2,8,hydrophobic_interaction,203,D,"{""dist"": ""3.56"", ""id"": ""6"", ""ligcarbonidx"": ""13793"", ""protcarbonidx"": ""9810"", ""reschain"": ""D"", ""reschain_lig"": ""Z"", ""resnr"": ""203"", ""resnr_lig"": ""1"", ""restype"": ""VAL"", ""restype_lig"": ""LIG""}",VAL,BZD_SITE_204,,mapped_global_sequence_alignment,global sequence alignment (Biopython PairwiseAligner) + PDB residue lookup,False,mapped_prior_or_not_in_prior_qc,already_mapped_prior,prior_alpha_chain_mapping
292,alprazolam,alpha1_beta3_gamma2,9,hydrophobic_interaction,58,C,"{""dist"": ""3.85"", ""id"": ""1"", ""ligcarbonidx"": ""13792"", ""protcarbonidx"": ""5806"", ""reschain"": ""C"", ""reschain_lig"": ""Z"", ""resnr"": ""58"", ""resnr_lig"": ""1"", ""restype"": ""TYR"", ""restype_lig"": ""LIG""}",TYR,BZD_GAMMA2_058,gamma2,mapped_gamma2_sequence_alignment,global sequence alignment (Biopython PairwiseAligner) + PDB residue lookup,False,unresolved,recovered_bzd_interface,gamma2_C_to_E_alignment
293,alprazolam,alpha1_beta3_gamma2,9,hydrophobic_interaction,203,D,"{""dist"": ""3.50"", ""id"": ""2"", ""ligcarbonidx"": ""13804"", ""protcarbonidx"": ""9811"", ""reschain"": ""D"", ""reschain_lig"": ""Z"", ""resnr"": ""203"", ""resnr_lig"": ""1"", ""restype"": ""VAL"", ""restype_lig"": ""LIG""}",VAL,BZD_SITE_204,,mapped_global_sequence_alignment,global sequence alignment (Biopython PairwiseAligner) + PDB residue lookup,False,mapped_prior_or_not_in_prior_qc,already_mapped_prior,prior_alpha_chain_mapping
294,alprazolam,alpha1_beta3_gamma2,9,hydrophobic_interaction,203,D,"{""dist"": ""3.84"", ""id"": ""3"", ""ligcarbonidx"": ""13799"", ""protcarbonidx"": ""9810"", ""reschain"": ""D"", ""reschain_lig"": ""Z"", ""resnr"": ""203"", ""resnr_lig"": ""1"", ""restype"": ""VAL"", ""restype_lig"": ""LIG""}",VAL,BZD_SITE_204,,mapped_global_sequence_alignment,global sequence alignment (Biopython PairwiseAligner) + PDB residue lookup,False,mapped_prior_or_not_in_prior_qc,already_mapped_prior,prior_alpha_chain_mapping
295,alprazolam,alpha2_beta3_gamma2_local_9CTJ,1,hydrophobic_interaction,58,E,"{""dist"": ""3.90"", ""id"": ""1"", ""ligcarbonidx"": ""7110"", ""protcarbonidx"": ""5639"", ""reschain"": ""E"", ""reschain_lig"": ""Z"", ""resnr"": ""58"", ""resnr_lig"": ""1"", ""restype"": ""TYR"", ""restype_lig"": ""LIG""}",TYR,BZD_GAMMA2_058,gamma2,mapped_gamma2_sequence_alignment,global sequence alignment (Biopython PairwiseAligner) + PDB residue lookup,False,unresolved,recovered_bzd_interface,gamma2_C_to_E_alignment
296,alprazolam,alpha2_beta3_gamma2_local_9CTJ,1,hydrophobic_interaction,77,E,"{""dist"": ""3.19"", ""id"": ""2"", ""ligcarbonidx"": ""7114"", ""protcarbonidx"": ""5787"", ""reschain"": ""E"", ""reschain_lig"": ""Z"", ""resnr"": ""77"", ""resnr_lig"": ""1"", ""restype"": ""PHE"", ""restype_lig"": ""LIG""}",PHE,BZD_GAMMA2_077,gamma2,mapped_gamma2_sequence_alignment,global sequence alignment (Biopython PairwiseAligner) + PDB residue lookup,False,unresolved,recovered_bzd_interface,gamma2_C_to_E_alignment
297,alprazolam,alpha2_beta3_gamma2_local_9CTJ,1,hydrophobic_interaction,99,D,"{""dist"": ""3.77"", ""id"": ""3"", ""ligcarbonidx"": ""7115"", ""protcarbonidx"": ""3448"", ""reschain"": ""D"", ""reschain_lig"": ""Z"", ""resnr"": ""99"", ""resnr_lig"": ""1"", ""restype"": ""PHE"", ""restype_lig"": ""LIG""}",PHE,BZD_SITE_100,,mapped_global_sequence_alignment,global sequence alignment (Biopython PairwiseAligner) + PDB residue lookup,False,mapped_prior_or_not_in_prior_qc,already_mapped_prior,prior_alpha_chain_mapping
298,alprazolam,alpha2_beta3_gamma2_local_9CTJ,1,hydrophobic_interaction,202,D,"{""dist"": ""3.60"", ""id"": ""4"", ""ligcarbonidx"": ""7099"", ""protcarbonidx"": ""4261"", ""reschain"": ""D"", ""reschain_lig"": ""Z"", ""resnr"": ""202"", ""resnr_lig"": ""1"", ""restype"": ""ILE"", ""restype_lig"": ""LIG""}",ILE,BZD_SITE_203,,mapped_global_sequence_alignment,global sequence alignment (Biopython PairwiseAligner) + PDB residue lookup,False,mapped_prior_or_not_in_prior_qc,already_mapped_prior,prior_alpha_chain_mapping
299,alprazolam,alpha2_beta3_gamma2_local_9CTJ,1,hydrophobic_interaction,209,D,"{""dist"": ""3.26"", ""id"": ""5"", ""ligcarbonidx"": ""7116"", ""protcarbonidx"": ""4310"", ""reschain"": ""D"", ""reschain_lig"": ""Z"", ""resnr"": ""209"", ""resnr_lig"": ""1"", ""restype"": ""TYR"", ""restype_lig"": ""LIG""}",TYR,BZD_SITE_210,,mapped_global_sequence_alignment,global sequence alignment (Biopython PairwiseAligner) + PDB residue lookup,False,mapped_prior_or_not_in_prior_qc,already_mapped_prior,prior_alpha_chain_mapping
300,alprazolam,alpha2_beta3_gamma2_local_9CTJ,1,pi_stack,101,D,"{""angle"": ""79.29"", ""centdist"": ""5.39"", ""id"": ""1"", ""offset"": ""1.01"", ""reschain"": ""D"", ""reschain_lig"": ""Z"", ""resnr"": ""101"", ""resnr_lig"": ""1"", ""restype"": ""HIS"", ""restype_lig"": ""LIG"", ""type"": ""T""}",HIS,BZD_SITE_102,,mapped_global_sequence_alignment,global sequence alignment (Biopython PairwiseAligner) + PDB residue lookup,False,mapped_prior_or_not_in_prior_qc,already_mapped_prior,prior_alpha_chain_mapping
301,alprazolam,alpha2_beta3_gamma2_local_9CTJ,1,pi_stack,101,D,"{""angle"": ""67.40"", ""centdist"": ""4.36"", ""id"": ""2"", ""offset"": ""1.24"", ""reschain"": ""D"", ""reschain_lig"": ""Z"", ""resnr"": ""101"", ""resnr_lig"": ""1"", ""restype"": ""HIS"", ""restype_lig"": ""LIG"", ""type"": ""T""}",HIS,BZD_SITE_102,,mapped_global_sequence_alignment,global sequence alignment (Biopython PairwiseAligner) + PDB residue lookup,False,mapped_prior_or_not_in_prior_qc,already_mapped_prior,prior_alpha_chain_mapping
302,alprazolam,alpha2_beta3_gamma2_local_9CTJ,2,hydrophobic_interaction,58,E,"{""dist"": ""3.39"", ""id"": ""1"", ""ligcarbonidx"": ""7114"", ""protcarbonidx"": ""5639"", ""reschain"": ""E"", ""reschain_lig"": ""Z"", ""resnr"": ""58"", ""resnr_lig"": ""1"", ""restype"": ""TYR"", ""restype_lig"": ""LIG""}",TYR,BZD_GAMMA2_058,gamma2,mapped_gamma2_sequence_alignment,global sequence alignment (Biopython PairwiseAligner) + PDB residue lookup,False,unresolved,recovered_bzd_interface,gamma2_C_to_E_alignment
303,alprazolam,alpha2_beta3_gamma2_local_9CTJ,2,hydrophobic_interaction,77,E,"{""dist"": ""3.61"", ""id"": ""2"", ""ligcarbonidx"": ""7114"", ""protcarbonidx"": ""5787"", ""reschain"": ""E"", ""reschain_lig"": ""Z"", ""resnr"": ""77"", ""resnr_lig"": ""1"", ""restype"": ""PHE"", ""restype_lig"": ""LIG""}",PHE,BZD_GAMMA2_077,gamma2,mapped_gamma2_sequence_alignment,global sequence alignment (Biopython PairwiseAligner) + PDB residue lookup,False,unresolved,recovered_bzd_interface,gamma2_C_to_E_alignment
304,alprazolam,alpha2_beta3_gamma2_local_9CTJ,2,hydrophobic_interaction,101,D,"{""dist"": ""3.98"", ""id"": ""3"", ""ligcarbonidx"": ""7099"", ""protcarbonidx"": ""3464"", ""reschain"": ""D"", ""reschain_lig"": ""Z"", ""resnr"": ""101"", ""resnr_lig"": ""1"", ""restype"": ""HIS"", ""restype_lig"": ""LIG""}",HIS,BZD_SITE_102,,mapped_global_sequence_alignment,global sequence alignment (Biopython PairwiseAligner) + PDB residue lookup,False,mapped_prior_or_not_in_prior_qc,already_mapped_prior,prior_alpha_chain_mapping
305,alprazolam,alpha2_beta3_gamma2_local_9CTJ,2,hydrophobic_interaction,102,D,"{""dist"": ""3.86"", ""id"": ""4"", ""ligcarbonidx"": ""7099"", ""protcarbonidx"": ""3474"", ""reschain"": ""D"", ""reschain_lig"": ""Z"", ""resnr"": ""102"", ""resnr_lig"": ""1"", ""restype"": ""ASN"", ""restype_lig"": ""LIG""}",ASN,BZD_SITE_103,,mapped_global_sequence_alignment,global sequence alignment (Biopython PairwiseAligner) + PDB residue lookup,False,mapped_prior_or_not_in_prior_qc,already_mapped_prior,prior_alpha_chain_mapping
306,alprazolam,alpha2_beta3_gamma2_local_9CTJ,2,hydrophobic_interaction,155,D,"{""dist"": ""3.57"", ""id"": ""5"", ""ligcarbonidx"": ""7099"", ""protcarbonidx"": ""3891"", ""reschain"": ""D"", ""reschain_lig"": ""Z"", ""resnr"": ""155"", ""resnr_lig"": ""1"", ""restype"": ""LYS"", ""restype_lig"": ""LIG""}",LYS,BZD_SITE_156,,mapped_global_sequence_alignment,global sequence alignment (Biopython PairwiseAligner) + PDB residue lookup,False,mapped_prior_or_not_in_prior_qc,already_mapped_prior,prior_alpha_chain_mapping
307,alprazolam,alpha2_beta3_gamma2_local_9CTJ,2,hydrophobic_interaction,202,D,"{""dist"": ""3.47"", ""id"": ""6"", ""ligcarbonidx"": ""7117"", ""protcarbonidx"": ""4260"", ""reschain"": ""D"", ""reschain_lig"": ""Z"", ""resnr"": ""202"", ""resnr_lig"": ""1"", ""restype"": ""ILE"", ""restype_lig"": ""LIG""}",ILE,BZD_SITE_203,,mapped_global_sequence_alignment,global sequence alignment (Biopython PairwiseAligner) + PDB residue lookup,False,mapped_prior_or_not_in_prior_qc,already_mapped_prior,prior_alpha_chain_mapping
308,alprazolam,alpha2_beta3_gamma2_local_9CTJ,2,hydrophobic_interaction,202,D,"{""dist"": ""3.51"", ""id"": ""7"", ""ligcarbonidx"": ""7109"", ""protcarbonidx"": ""4261"", ""reschain"": ""D"", ""reschain_lig"": ""Z"", ""resnr"": ""202"", ""resnr_lig"": ""1"", ""restype"": ""ILE"", ""restype_lig"": ""LIG""}",ILE,BZD_SITE_203,,mapped_global_sequence_alignment,global sequence alignment (Biopython PairwiseAligner) + PDB residue lookup,False,mapped_prior_or_not_in_prior_qc,already_mapped_prior,prior_alpha_chain_mapping
309,alprazolam,alpha2_beta3_gamma2_local_9CTJ,3,hydrophobic_interaction,60,E,"{""dist"": ""3.54"", ""id"": ""1"", ""ligcarbonidx"": ""7107"", ""protcarbonidx"": ""5653"", ""reschain"": ""E"", ""reschain_lig"": ""Z"", ""resnr"": ""60"", ""resnr_lig"": ""1"", ""restype"": ""ASN"", ""restype_lig"": ""LIG""}",ASN,BZD_GAMMA2_060,gamma2,mapped_gamma2_sequence_alignment,global sequence alignment (Biopython PairwiseAligner) + PDB residue lookup,False,unresolved,recovered_bzd_interface,gamma2_C_to_E_alignment
310,alprazolam,alpha2_beta3_gamma2_local_9CTJ,3,hydrophobic_interaction,102,D,"{""dist"": ""3.92"", ""id"": ""2"", ""ligcarbonidx"": ""7117"", ""protcarbonidx"": ""3474"", ""reschain"": ""D"", ""reschain_lig"": ""Z"", ""resnr"": ""102"", ""resnr_lig"": ""1"", ""restype"": ""ASN"", ""restype_lig"": ""LIG""}",ASN,BZD_SITE_103,,mapped_global_sequence_alignment,global sequence alignment (Biopython PairwiseAligner) + PDB residue lookup,False,mapped_prior_or_not_in_prior_qc,already_mapped_prior,prior_alpha_chain_mapping
311,alprazolam,alpha2_beta3_gamma2_local_9CTJ,3,hydrophobic_interaction,153,D,"{""dist"": ""3.71"", ""id"": ""3"", ""ligcarbonidx"": ""7116"", ""protcarbonidx"": ""3875"", ""reschain"": ""D"", ""reschain_lig"": ""Z"", ""resnr"": ""153"", ""resnr_lig"": ""1"", ""restype"": ""PRO"", ""restype_lig"": ""LIG""}",PRO,BZD_SITE_154,,mapped_global_sequence_alignment,global sequence alignment (Biopython PairwiseAligner) + PDB residue lookup,False,mapped_prior_or_not_in_prior_qc,already_mapped_prior,prior_alpha_chain_mapping
312,alprazolam,alpha2_beta3_gamma2_local_9CTJ,3,hydrophobic_interaction,155,D,"{""dist"": ""3.60"", ""id"": ""4"", ""ligcarbonidx"": ""7117"", ""protcarbonidx"": ""3891"", ""reschain"": ""D"", ""reschain_lig"": ""Z"", ""resnr"": ""155"", ""resnr_lig"": ""1"", ""restype"": ""LYS"", ""restype_lig"": ""LIG""}",LYS,BZD_SITE_156,,mapped_global_sequence_alignment,global sequence alignment (Biopython PairwiseAligner) + PDB residue lookup,False,mapped_prior_or_not_in_prior_qc,already_mapped_prior,prior_alpha_chain_mapping
313,alprazolam,alpha2_beta3_gamma2_local_9CTJ,4,hydrophobic_interaction,77,E,"{""dist"": ""3.49"", ""id"": ""1"", ""ligcarbonidx"": ""7115"", ""protcarbonidx"": ""5787"", ""reschain"": ""E"", ""reschain_lig"": ""Z"", ""resnr"": ""77"", ""resnr_lig"": ""1"", ""restype"": ""PHE"", ""restype_lig"": ""LIG""}",PHE,BZD_GAMMA2_077,gamma2,mapped_gamma2_sequence_alignment,global sequence alignment (Biopython PairwiseAligner) + PDB residue lookup,False,unresolved,recovered_bzd_interface,gamma2_C_to_E_alignment
314,alprazolam,alpha2_beta3_gamma2_local_9CTJ,4,hydrophobic_interaction,202,D,"{""dist"": ""3.44"", ""id"": ""2"", ""ligcarbonidx"": ""7117"", ""protcarbonidx"": ""4260"", ""reschain"": ""D"", ""reschain_lig"": ""Z"", ""resnr"": ""202"", ""resnr_lig"": ""1"", ""restype"": ""ILE"", ""restype_lig"": ""LIG""}",ILE,BZD_SITE_203,,mapped_global_sequence_alignment,global sequence alignment (Biopython PairwiseAligner) + PDB residue lookup,False,mapped_prior_or_not_in_prior_qc,already_mapped_prior,prior_alpha_chain_mapping
315,alprazolam,alpha2_beta3_gamma2_local_9CTJ,4,pi_stack,101,D,"{""angle"": ""80.24"", ""centdist"": ""4.79"", ""id"": ""1"", ""offset"": ""1.79"", ""reschain"": ""D"", ""reschain_lig"": ""Z"", ""resnr"": ""101"", ""resnr_lig"": ""1"", ""restype"": ""HIS"", ""restype_lig"": ""LIG"", ""type"": ""T""}",HIS,BZD_SITE_102,,mapped_global_sequence_alignment,global sequence alignment (Biopython PairwiseAligner) + PDB residue lookup,False,mapped_prior_or_not_in_prior_qc,already_mapped_prior,prior_alpha_chain_mapping
316,alprazolam,alpha2_beta3_gamma2_local_9CTJ,5,hydrophobic_interaction,58,E,"{""dist"": ""3.99"", ""id"": ""1"", ""ligcarbonidx"": ""7106"", ""protcarbonidx"": ""5639"", ""reschain"": ""E"", ""reschain_lig"": ""Z"", ""resnr"": ""58"", ""resnr_lig"": ""1"", ""restype"": ""TYR"", ""restype_lig"": ""LIG""}",TYR,BZD_GAMMA2_058,gamma2,mapped_gamma2_sequence_alignment,global sequence alignment (Biopython PairwiseAligner) + PDB residue lookup,False,unresolved,recovered_bzd_interface,gamma2_C_to_E_alignment
317,alprazolam,alpha2_beta3_gamma2_local_9CTJ,5,hydrophobic_interaction,77,E,"{""dist"": ""3.63"", ""id"": ""2"", ""ligcarbonidx"": ""7109"", ""protcarbonidx"": ""5788"", ""reschain"": ""E"", ""reschain_lig"": ""Z"", ""resnr"": ""77"", ""resnr_lig"": ""1"", ""restype"": ""PHE"", ""restype_lig"": ""LIG""}",PHE,BZD_GAMMA2_077,gamma2,mapped_gamma2_sequence_alignment,global sequence alignment (Biopython PairwiseAligner) + PDB residue lookup,False,unresolved,recovered_bzd_interface,gamma2_C_to_E_alignment
318,alprazolam,alpha2_beta3_gamma2_local_9CTJ,5,hydrophobic_interaction,77,E,"{""dist"": ""3.96"", ""id"": ""3"", ""ligcarbonidx"": ""7107"", ""protcarbonidx"": ""5787"", ""reschain"": ""E"", ""reschain_lig"": ""Z"", ""resnr"": ""77"", ""resnr_lig"": ""1"", ""restype"": ""PHE"", ""restype_lig"": ""LIG""}",PHE,BZD_GAMMA2_077,gamma2,mapped_gamma2_sequence_alignment,global sequence alignment (Biopython PairwiseAligner) + PDB residue lookup,False,unresolved,recovered_bzd_interface,gamma2_C_to_E_alignment
319,alprazolam,alpha2_beta3_gamma2_local_9CTJ,5,hydrophobic_interaction,102,D,"{""dist"": ""3.43"", ""id"": ""4"", ""ligcarbonidx"": ""7116"", ""protcarbonidx"": ""3474"", ""reschain"": ""D"", ""reschain_lig"": ""Z"", ""resnr"": ""102"", ""resnr_lig"": ""1"", ""restype"": ""ASN"", ""restype_lig"": ""LIG""}",ASN,BZD_SITE_103,,mapped_global_sequence_alignment,global sequence alignment (Biopython PairwiseAligner) + PDB residue lookup,False,mapped_prior_or_not_in_prior_qc,already_mapped_prior,prior_alpha_chain_mapping
320,alprazolam,alpha2_beta3_gamma2_local_9CTJ,5,hydrophobic_interaction,155,D,"{""dist"": ""3.71"", ""id"": ""5"", ""ligcarbonidx"": ""7117"", ""protcarbonidx"": ""3891"", ""reschain"": ""D"", ""reschain_lig"": ""Z"", ""resnr"": ""155"", ""resnr_lig"": ""1"", ""restype"": ""LYS"", ""restype_lig"": ""LIG""}",LYS,BZD_SITE_156,,mapped_global_sequence_alignment,global sequence alignment (Biopython PairwiseAligner) + PDB residue lookup,False,mapped_prior_or_not_in_prior_qc,already_mapped_prior,prior_alpha_chain_mapping
321,alprazolam,alpha2_beta3_gamma2_local_9CTJ,5,hydrophobic_interaction,202,D,"{""dist"": ""3.77"", ""id"": ""6"", ""ligcarbonidx"": ""7099"", ""protcarbonidx"": ""4260"", ""reschain"": ""D"", ""reschain_lig"": ""Z"", ""resnr"": ""202"", ""resnr_lig"": ""1"", ""restype"": ""ILE"", ""restype_lig"": ""LIG""}",ILE,BZD_SITE_203,,mapped_global_sequence_alignment,global sequence alignment (Biopython PairwiseAligner) + PDB residue lookup,False,mapped_prior_or_not_in_prior_qc,already_mapped_prior,prior_alpha_chain_mapping
322,alprazolam,alpha2_beta3_gamma2_local_9CTJ,5,hydrogen_bond,195,E,"{""acceptoridx"": ""7119"", ""acceptortype"": ""N2"", ""dist_d-a"": ""3.83"", ""dist_h-a"": ""3.09"", ""don_angle"": ""133.54"", ""donoridx"": ""6786"", ""donortype"": ""O3"", ""id"": ""1"", ""protisdon"": ""True"", ""reschain"": ""E"", ""reschain_lig"": ""Z"", ""resnr"": ""195"", ""resnr_lig"": ""1"", ""restype"": ""SER"", ""restype_lig"": ""LIG"", ""sidechain"": ""True""}",SER,BZD_GAMMA2_195,gamma2,mapped_gamma2_sequence_alignment,global sequence alignment (Biopython PairwiseAligner) + PDB residue lookup,False,unresolved,recovered_bzd_interface,gamma2_C_to_E_alignment
323,alprazolam,alpha2_beta3_gamma2_local_9CTJ,6,hydrophobic_interaction,60,E,"{""dist"": ""3.25"", ""id"": ""1"", ""ligcarbonidx"": ""7099"", ""protcarbonidx"": ""5653"", ""reschain"": ""E"", ""reschain_lig"": ""Z"", ""resnr"": ""60"", ""resnr_lig"": ""1"", ""restype"": ""ASN"", ""restype_lig"": ""LIG""}",ASN,BZD_GAMMA2_060,gamma2,mapped_gamma2_sequence_alignment,global sequence alignment (Biopython PairwiseAligner) + PDB residue lookup,False,unresolved,recovered_bzd_interface,gamma2_C_to_E_alignment
324,alprazolam,alpha2_beta3_gamma2_local_9CTJ,6,hydrophobic_interaction,77,E,"{""dist"": ""3.48"", ""id"": ""2"", ""ligcarbonidx"": ""7109"", ""protcarbonidx"": ""5787"", ""reschain"": ""E"", ""reschain_lig"": ""Z"", ""resnr"": ""77"", ""resnr_lig"": ""1"", ""restype"": ""PHE"", ""restype_lig"": ""LIG""}",PHE,BZD_GAMMA2_077,gamma2,mapped_gamma2_sequence_alignment,global sequence alignment (Biopython PairwiseAligner) + PDB residue lookup,False,unresolved,recovered_bzd_interface,gamma2_C_to_E_alignment
325,alprazolam,alpha2_beta3_gamma2_local_9CTJ,6,hydrophobic_interaction,202,D,"{""dist"": ""3.59"", ""id"": ""3"", ""ligcarbonidx"": ""7114"", ""protcarbonidx"": ""4261"", ""reschain"": ""D"", ""reschain_lig"": ""Z"", ""resnr"": ""202"", ""resnr_lig"": ""1"", ""restype"": ""ILE"", ""restype_lig"": ""LIG""}",ILE,BZD_SITE_203,,mapped_global_sequence_alignment,global sequence alignment (Biopython PairwiseAligner) + PDB residue lookup,False,mapped_prior_or_not_in_prior_qc,already_mapped_prior,prior_alpha_chain_mapping
326,alprazolam,alpha2_beta3_gamma2_local_9CTJ,6,pi_stack,101,D,"{""angle"": ""65.29"", ""centdist"": ""4.81"", ""id"": ""1"", ""offset"": ""1.84"", ""reschain"": ""D"", ""reschain_lig"": ""Z"", ""resnr"": ""101"", ""resnr_lig"": ""1"", ""restype"": ""HIS"", ""restype_lig"": ""LIG"", ""type"": ""T""}",HIS,BZD_SITE_102,,mapped_global_sequence_alignment,global sequence alignment (Biopython PairwiseAligner) + PDB residue lookup,False,mapped_prior_or_not_in_prior_qc,already_mapped_prior,prior_alpha_chain_mapping
327,alprazolam,alpha2_beta3_gamma2_local_9CTJ,7,hydrophobic_interaction,58,E,"{""dist"": ""3.69"", ""id"": ""1"", ""ligcarbonidx"": ""7110"", ""protcarbonidx"": ""5639"", ""reschain"": ""E"", ""reschain_lig"": ""Z"", ""resnr"": ""58"", ""resnr_lig"": ""1"", ""restype"": ""TYR"", ""restype_lig"": ""LIG""}",TYR,BZD_GAMMA2_058,gamma2,mapped_gamma2_sequence_alignment,global sequence alignment (Biopython PairwiseAligner) + PDB residue lookup,False,unresolved,recovered_bzd_interface,gamma2_C_to_E_alignment
328,alprazolam,alpha2_beta3_gamma2_local_9CTJ,7,hydrophobic_interaction,77,E,"{""dist"": ""3.47"", ""id"": ""2"", ""ligcarbonidx"": ""7114"", ""protcarbonidx"": ""5787"", ""reschain"": ""E"", ""reschain_lig"": ""Z"", ""resnr"": ""77"", ""resnr_lig"": ""1"", ""restype"": ""PHE"", ""restype_lig"": ""LIG""}",PHE,BZD_GAMMA2_077,gamma2,mapped_gamma2_sequence_alignment,global sequence alignment (Biopython PairwiseAligner) + PDB residue lookup,False,unresolved,recovered_bzd_interface,gamma2_C_to_E_alignment
329,alprazolam,alpha2_beta3_gamma2_local_9CTJ,7,hydrophobic_interaction,99,D,"{""dist"": ""3.67"", ""id"": ""3"", ""ligcarbonidx"": ""7115"", ""protcarbonidx"": ""3448"", ""reschain"": ""D"", ""reschain_lig"": ""Z"", ""resnr"": ""99"", ""resnr_lig"": ""1"", ""restype"": ""PHE"", ""restype_lig"": ""LIG""}",PHE,BZD_SITE_100,,mapped_global_sequence_alignment,global sequence alignment (Biopython PairwiseAligner) + PDB residue lookup,False,mapped_prior_or_not_in_prior_qc,already_mapped_prior,prior_alpha_chain_mapping
330,alprazolam,alpha2_beta3_gamma2_local_9CTJ,7,hydrophobic_interaction,202,D,"{""dist"": ""3.18"", ""id"": ""4"", ""ligcarbonidx"": ""7118"", ""protcarbonidx"": ""4260"", ""reschain"": ""D"", ""reschain_lig"": ""Z"", ""resnr"": ""202"", ""resnr_lig"": ""1"", ""restype"": ""ILE"", ""restype_lig"": ""LIG""}",ILE,BZD_SITE_203,,mapped_global_sequence_alignment,global sequence alignment (Biopython PairwiseAligner) + PDB residue lookup,False,mapped_prior_or_not_in_prior_qc,already_mapped_prior,prior_alpha_chain_mapping
331,alprazolam,alpha2_beta3_gamma2_local_9CTJ,7,hydrophobic_interaction,202,D,"{""dist"": ""3.34"", ""id"": ""5"", ""ligcarbonidx"": ""7099"", ""protcarbonidx"": ""4261"", ""reschain"": ""D"", ""reschain_lig"": ""Z"", ""resnr"": ""202"", ""resnr_lig"": ""1"", ""restype"": ""ILE"", ""restype_lig"": ""LIG""}",ILE,BZD_SITE_203,,mapped_global_sequence_alignment,global sequence alignment (Biopython PairwiseAligner) + PDB residue lookup,False,mapped_prior_or_not_in_prior_qc,already_mapped_prior,prior_alpha_chain_mapping
332,alprazolam,alpha2_beta3_gamma2_local_9CTJ,7,hydrophobic_interaction,209,D,"{""dist"": ""3.39"", ""id"": ""6"", ""ligcarbonidx"": ""7117"", ""protcarbonidx"": ""4310"", ""reschain"": ""D"", ""reschain_lig"": ""Z"", ""resnr"": ""209"", ""resnr_lig"": ""1"", ""restype"": ""TYR"", ""restype_lig"": ""LIG""}",TYR,BZD_SITE_210,,mapped_global_sequence_alignment,global sequence alignment (Biopython PairwiseAligner) + PDB residue lookup,False,mapped_prior_or_not_in_prior_qc,already_mapped_prior,prior_alpha_chain_mapping
333,alprazolam,alpha2_beta3_gamma2_local_9CTJ,8,hydrophobic_interaction,60,E,"{""dist"": ""3.99"", ""id"": ""1"", ""ligcarbonidx"": ""7114"", ""protcarbonidx"": ""5653"", ""reschain"": ""E"", ""reschain_lig"": ""Z"", ""resnr"": ""60"", ""resnr_lig"": ""1"", ""restype"": ""ASN"", ""restype_lig"": ""LIG""}",ASN,BZD_GAMMA2_060,gamma2,mapped_gamma2_sequence_alignment,global sequence alignment (Biopython PairwiseAligner) + PDB residue lookup,False,unresolved,recovered_bzd_interface,gamma2_C_to_E_alignment
334,alprazolam,alpha2_beta3_gamma2_local_9CTJ,8,hydrophobic_interaction,155,D,"{""dist"": ""3.47"", ""id"": ""2"", ""ligcarbonidx"": ""7109"", ""protcarbonidx"": ""3891"", ""reschain"": ""D"", ""reschain_lig"": ""Z"", ""resnr"": ""155"", ""resnr_lig"": ""1"", ""restype"": ""LYS"", ""restype_lig"": ""LIG""}",LYS,BZD_SITE_156,,mapped_global_sequence_alignment,global sequence alignment (Biopython PairwiseAligner) + PDB residue lookup,False,mapped_prior_or_not_in_prior_qc,already_mapped_prior,prior_alpha_chain_mapping
335,alprazolam,alpha2_beta3_gamma2_local_9CTJ,8,hydrophobic_interaction,202,D,"{""dist"": ""3.57"", ""id"": ""3"", ""ligcarbonidx"": ""7106"", ""protcarbonidx"": ""4261"", ""reschain"": ""D"", ""reschain_lig"": ""Z"", ""resnr"": ""202"", ""resnr_lig"": ""1"", ""restype"": ""ILE"", ""restype_lig"": ""LIG""}",ILE,BZD_SITE_203,,mapped_global_sequence_alignment,global sequence alignment (Biopython PairwiseAligner) + PDB residue lookup,False,mapped_prior_or_not_in_prior_qc,already_mapped_prior,prior_alpha_chain_mapping
336,alprazolam,alpha2_beta3_gamma2_local_9CTJ,9,hydrophobic_interaction,60,E,"{""dist"": ""3.58"", ""id"": ""1"", ""ligcarbonidx"": ""7115"", ""protcarbonidx"": ""5653"", ""reschain"": ""E"", ""reschain_lig"": ""Z"", ""resnr"": ""60"", ""resnr_lig"": ""1"", ""restype"": ""ASN"", ""restype_lig"": ""LIG""}",ASN,BZD_GAMMA2_060,gamma2,mapped_gamma2_sequence_alignment,global sequence alignment (Biopython PairwiseAligner) + PDB residue lookup,False,unresolved,recovered_bzd_interface,gamma2_C_to_E_alignment
337,alprazolam,alpha2_beta3_gamma2_local_9CTJ,9,hydrophobic_interaction,153,D,"{""dist"": ""3.82"", ""id"": ""2"", ""ligcarbonidx"": ""7109"", ""protcarbonidx"": ""3875"", ""reschain"": ""D"", ""reschain_lig"": ""Z"", ""resnr"": ""153"", ""resnr_lig"": ""1"", ""restype"": ""PRO"", ""restype_lig"": ""LIG""}",PRO,BZD_SITE_154,,mapped_global_sequence_alignment,global sequence alignment (Biopython PairwiseAligner) + PDB residue lookup,False,mapped_prior_or_not_in_prior_qc,already_mapped_prior,prior_alpha_chain_mapping
338,alprazolam,alpha2_beta3_gamma2_local_9CTJ,9,hydrophobic_interaction,155,D,"{""dist"": ""3.65"", ""id"": ""3"", ""ligcarbonidx"": ""7108"", ""protcarbonidx"": ""3891"", ""reschain"": ""D"", ""reschain_lig"": ""Z"", ""resnr"": ""155"", ""resnr_lig"": ""1"", ""restype"": ""LYS"", ""restype_lig"": ""LIG""}",LYS,BZD_SITE_156,,mapped_global_sequence_alignment,global sequence alignment (Biopython PairwiseAligner) + PDB residue lookup,False,mapped_prior_or_not_in_prior_qc,already_mapped_prior,prior_alpha_chain_mapping
