archive,member,bytes,sha256
raw/archives/diazepam.tar.gz,diazepam/alpha1/2026091901/docking.json,1527,68203b88ef031638b26afb099c38221aa20a934820fe0cc03120a0aee3a39474
raw/archives/diazepam.tar.gz,diazepam/alpha1/2026091901/interactions.json,34665,fef030554a484d04a19ed72677e82034cb165f9f26f183a1d241ec9a9e538017
raw/archives/diazepam.tar.gz,diazepam/alpha1/2026091901/plip.log,0,e3b0c44298fc1c149afbf4c8996fb92427ae41e4649b934ca495991b7852b855
raw/archives/diazepam.tar.gz,diazepam/alpha1/2026091901/plip_done.json,29,bef149d6b4bcd0e8393fac45503362a862d45eadcceff434b3d9640f4b008ec4
raw/archives/diazepam.tar.gz,diazepam/alpha1/2026091901/pose_01/ligand.sdf,2884,f316c5e01760f835e62651bb11ee80347bdaf8222daaaba4486b8281ce46a65f
raw/archives/diazepam.tar.gz,diazepam/alpha1/2026091901/pose_01/pose_status.json,569,779fe3ff3bfc74cd150b0b917ea716a5e529549bd7e313f3c76355dcab06f9fc
raw/archives/diazepam.tar.gz,diazepam/alpha1/2026091901/pose_01/report.txt,4728,89afa05bb6b560a7a23a3360896c3da535e178481c4f105a5a245c2a9619a846
raw/archives/diazepam.tar.gz,diazepam/alpha1/2026091901/pose_01/report.xml,11534,1cf21a762c8ade5464d5441ac3205efb6bf2ad0bc627138a6d63920430b711cb
raw/archives/diazepam.tar.gz,diazepam/alpha1/2026091901/pose_02/ligand.sdf,2884,f55525d0bee8c89ae425335db2bbb1ef4ef2e0015ab1ec2f91068f8c790afacb
raw/archives/diazepam.tar.gz,diazepam/alpha1/2026091901/pose_02/pose_status.json,569,380158ccb485fbd97968fe4b8962a0dafced637d587dec80258dca1b49ba619a
raw/archives/diazepam.tar.gz,diazepam/alpha1/2026091901/pose_02/report.txt,3890,97a66c62a7b9a7b06f0d471eb755c30c2c2293b652de52b44d47add655d99f9b
raw/archives/diazepam.tar.gz,diazepam/alpha1/2026091901/pose_02/report.xml,9259,ec89d95a2b036f48b6e32e5d242844a28976ad753087721cd932a7c54ebc081b
raw/archives/diazepam.tar.gz,diazepam/alpha1/2026091901/pose_03/ligand.sdf,2884,1764d454f5f673e0a5ea061301c098ed6d2e436c0c8048ab5b33310c0e4eb0e2
raw/archives/diazepam.tar.gz,diazepam/alpha1/2026091901/pose_03/pose_status.json,569,83bd08b70677636ee9ddb880bba511fe6373e26941cf3718f0d445552b6f9ce4
raw/archives/diazepam.tar.gz,diazepam/alpha1/2026091901/pose_03/report.txt,2743,311adb83e73a3f4e2fe28d379add4712ba599e07518218b43a11d5e88c411524
raw/archives/diazepam.tar.gz,diazepam/alpha1/2026091901/pose_03/report.xml,8480,fb4efcdf23c6403ed8c37fa467cce348d8b74b40174c292313119d7919a4169f
raw/archives/diazepam.tar.gz,diazepam/alpha1/2026091901/pose_04/ligand.sdf,2884,17cdaa4ccc8787ff52dcaf38781bdb4749addad89017d32c87581989b4cd643b
raw/archives/diazepam.tar.gz,diazepam/alpha1/2026091901/pose_04/pose_status.json,569,eeda8d23298a221f08d990ab0a89bdf9ff13a3f66274348391353a7929b6e18b
raw/archives/diazepam.tar.gz,diazepam/alpha1/2026091901/pose_04/report.txt,3409,13238a471c990d6ec49ee1946f73778f038ce84650568fe6a57177156dffb895
raw/archives/diazepam.tar.gz,diazepam/alpha1/2026091901/pose_04/report.xml,9939,190f92c70ee0a18186455f77a4d8faea07af37c8acc5b171796ffcfa67621968
raw/archives/diazepam.tar.gz,diazepam/alpha1/2026091901/pose_05/ligand.sdf,2884,eab664792e1a1d851ea19ba9340b4d352f405a805afd1e0fcf01982200177539
raw/archives/diazepam.tar.gz,diazepam/alpha1/2026091901/pose_05/pose_status.json,569,71d0ffddc552f8dfbdc4c5e77cf5613ae4a3bb17c70c3e2daccea02b93448da7
raw/archives/diazepam.tar.gz,diazepam/alpha1/2026091901/pose_05/report.txt,4142,3971404d4ef4a23d0cfd7192ba7d408c894f0eec16c4da8ac0b884f63ede4362
raw/archives/diazepam.tar.gz,diazepam/alpha1/2026091901/pose_05/report.xml,8164,e77b27c78350116795ed920fdf8e7e23d46a22523b33f9ddbc7722d27ea43db0
raw/archives/diazepam.tar.gz,diazepam/alpha1/2026091901/pose_06/ligand.sdf,2884,f4f01deb0d29ba8ae8a5fef25e1137e1b92c1e2cafdb7a3ed649015bd2bfdf73
raw/archives/diazepam.tar.gz,diazepam/alpha1/2026091901/pose_06/pose_status.json,569,96b8d1c272d04d972eb8db3cca2cf111a1680da31c50cde702453484a1bce37b
raw/archives/diazepam.tar.gz,diazepam/alpha1/2026091901/pose_06/report.txt,3559,4b24c73d4e43665e49fec8b88cb7adddaae7985ad4251cac6c2add1e31933acc
raw/archives/diazepam.tar.gz,diazepam/alpha1/2026091901/pose_06/report.xml,8667,2d6b0cc515363b229af0de50ab2e1910f74b672e9056356f7ea78c5c0d7d77e2
raw/archives/diazepam.tar.gz,diazepam/alpha1/2026091901/pose_07/ligand.sdf,2884,9742c3c51b4234181f0af423f68304adf70533b1ed4090717c437818d42f5da4
raw/archives/diazepam.tar.gz,diazepam/alpha1/2026091901/pose_07/pose_status.json,569,c500a290f8a6ac91734b34dd40a1362fb162caf10f5241dbfa4656f518806da0
raw/archives/diazepam.tar.gz,diazepam/alpha1/2026091901/pose_07/report.txt,3189,03cf6cb4f3f32707e6d11313c3e6658a77ff6bf2f850f1682b056f24a925afdd
raw/archives/diazepam.tar.gz,diazepam/alpha1/2026091901/pose_07/report.xml,7671,d85ddcaf1ae5e88443ac53284940e1b9ac14b6b3c539739fa42cb1c4667e6c54
raw/archives/diazepam.tar.gz,diazepam/alpha1/2026091901/pose_08/ligand.sdf,2884,7d52ca383c5878aad2f3149e2106798e50a6c26d285b75e0535a477edd283b68
raw/archives/diazepam.tar.gz,diazepam/alpha1/2026091901/pose_08/pose_status.json,569,9557335de86b759d62e9c6bd3a1cc8fd40609df417f8414874996870fb56a23c
raw/archives/diazepam.tar.gz,diazepam/alpha1/2026091901/pose_08/report.txt,4619,b6eba7ae55afb3b6cba8d9df67110d645040bc2073498f3304ff87f3593b0cc3
raw/archives/diazepam.tar.gz,diazepam/alpha1/2026091901/pose_08/report.xml,8434,d846e32e2326b534b262aa13617ae198c3f19102f81203847b129efe28727bf7
raw/archives/diazepam.tar.gz,diazepam/alpha1/2026091901/pose_09/ligand.sdf,2884,95a44a4a469e10605513af2b5ce658fa6a1fb0655ead1752c1152893e8916afc
raw/archives/diazepam.tar.gz,diazepam/alpha1/2026091901/pose_09/pose_status.json,569,f7fe44220651843529837a2ec38576844e96fa916b38024aaa53daf2f2175879
raw/archives/diazepam.tar.gz,diazepam/alpha1/2026091901/pose_09/report.txt,2075,05272cf3732fac620fe6bb39879cea4350b610e543aca9f7f52470298469b797
raw/archives/diazepam.tar.gz,diazepam/alpha1/2026091901/pose_09/report.xml,6879,b8f43db80da97df8d1c45df3d9ed4bb6a16e87dea2cebc282680808d79aacabd
raw/archives/diazepam.tar.gz,diazepam/alpha1/2026091901/pose_manifest.json,5403,b7961c8b0aa4ca8598198df3792af82c5132cf5e5f7a86d22facd5506f5ef830
raw/archives/diazepam.tar.gz,diazepam/alpha1/2026091901/poses.pdbqt,18711,7c721834305bf82efd117d7106c6be989dc14d09d9dbef6fb9c9dfb87fcb75bf
raw/archives/diazepam.tar.gz,diazepam/alpha1/2026091901/vina.log,2384,61d3f5d3602d6a8c9fafadb8f4e001b9987b6ae328f61a813af07aeaf42b5265
raw/archives/diazepam.tar.gz,diazepam/alpha1/2026091902/docking.json,1527,4794f1c6d30cbe58419a4244da97964b3ac2c05dfa85dfb66645e03bac642da7
raw/archives/diazepam.tar.gz,diazepam/alpha1/2026091902/interactions.json,34239,c3af467ad320fe294be46a9f223dd6077c7c45e8e3c8d7fa8e903bbc73f2e1e3
raw/archives/diazepam.tar.gz,diazepam/alpha1/2026091902/plip.log,1872,bf07dfee5850a04f390149482eb1ffd9f95c0df0cd6b3b3caf5040e6110237e0
raw/archives/diazepam.tar.gz,diazepam/alpha1/2026091902/plip_done.json,29,bef149d6b4bcd0e8393fac45503362a862d45eadcceff434b3d9640f4b008ec4
raw/archives/diazepam.tar.gz,diazepam/alpha1/2026091902/pose_01/ligand.sdf,2884,6414c6f7b6678541d2300e51ccbd2cf31ba8e4f2fb8ae242fd7b676cb73e8190
raw/archives/diazepam.tar.gz,diazepam/alpha1/2026091902/pose_01/pose_status.json,569,5c5041cf146ad1eff5abbcf5abb076a3496d27a6efd149772f07f0eb47ae2ee9
raw/archives/diazepam.tar.gz,diazepam/alpha1/2026091902/pose_01/report.txt,4728,a7489feefb7a115f23eeeccc6a000e79c5edd672d453f6526f53514cfb301ff3
raw/archives/diazepam.tar.gz,diazepam/alpha1/2026091902/pose_01/report.xml,11534,9f21b7aae1c2bcf51e23a4819be2d40cc7b68135f8c4b8330f923f8b9df52a69
raw/archives/diazepam.tar.gz,diazepam/alpha1/2026091902/pose_02/ligand.sdf,2884,6b077783fa511610c4310dbd9a3fc0b0551ee5f9d9509bf52038fbfb5e28bc41
raw/archives/diazepam.tar.gz,diazepam/alpha1/2026091902/pose_02/pose_status.json,569,daccf04a52cce80b027223f254d4d528c0a834ed645ee42bdd57b7b79036315e
raw/archives/diazepam.tar.gz,diazepam/alpha1/2026091902/pose_02/report.txt,4753,2f974c3ea9ad1c7fc67d595f0fc60507090c636d42be358ebf72635e193987ac
raw/archives/diazepam.tar.gz,diazepam/alpha1/2026091902/pose_02/report.xml,9940,f078c19b827981737a6618f57cf93d24f3f10898a4e3cbbeab3b60b177e3711b
raw/archives/diazepam.tar.gz,diazepam/alpha1/2026091902/pose_03/ligand.sdf,2884,5672209b2e0add7d7f432b0986293e35a745848821a47897ecbdd8c24628f2b2
raw/archives/diazepam.tar.gz,diazepam/alpha1/2026091902/pose_03/pose_status.json,569,12e38d21586586c060cc2cdd9d3d71c624effe25da678afb14da5c1a5c36582f
raw/archives/diazepam.tar.gz,diazepam/alpha1/2026091902/pose_03/report.txt,3262,9bf843b4fe8d597824666faff4cc80b0c338ffb2defc415b1bb5324475dedcd4
raw/archives/diazepam.tar.gz,diazepam/alpha1/2026091902/pose_03/report.xml,8272,83171cf10f071a7ba653ae313d9b1ac881c20b9fb1b185682c64d9016197099c
raw/archives/diazepam.tar.gz,diazepam/alpha1/2026091902/pose_04/ligand.sdf,2884,fdae4e8d75f03c0e6e7d028797342e642f5fff2d9101c5e0f8486c3e4b9195ae
raw/archives/diazepam.tar.gz,diazepam/alpha1/2026091902/pose_04/pose_status.json,569,f9f6175bd2e8cd5cf6f42726d2f1ed17ec451dc2db4b7406b66b2d8beabf4edc
raw/archives/diazepam.tar.gz,diazepam/alpha1/2026091902/pose_04/report.txt,5920,63ba6334cc205f253f76d44d4d9c322ea9e4eeea19ab4e295054a29f38eb4160
raw/archives/diazepam.tar.gz,diazepam/alpha1/2026091902/pose_04/report.xml,10615,61a3c0decf4bb68a4ff5b683950f9703c46eb33e60ff4e7a5bcefe02df1cd2b0
raw/archives/diazepam.tar.gz,diazepam/alpha1/2026091902/pose_05/ligand.sdf,2884,6a503859c2b2bcd21a6d7c3a65b16685e051f855807fb21099506e0096789ddf
raw/archives/diazepam.tar.gz,diazepam/alpha1/2026091902/pose_05/pose_status.json,569,aaf2497c1da93de26146f266e63210e4262fa773d9b7ea10340662376ff10374
raw/archives/diazepam.tar.gz,diazepam/alpha1/2026091902/pose_05/report.txt,3262,ac1c4ee295d983b838a6064453c0922d8fa635b16173e20da7e641a1e35d7caa
raw/archives/diazepam.tar.gz,diazepam/alpha1/2026091902/pose_05/report.xml,8267,e384a19b9e6132398023b74e1412b1069e51b6bcaa3bcaa76c2a4ac35ab77c8c
raw/archives/diazepam.tar.gz,diazepam/alpha1/2026091902/pose_06/ligand.sdf,2884,685c5735ecd665bb34e58845664a7ac51aecd1139a16dfc00ccea389bfe7b666
raw/archives/diazepam.tar.gz,diazepam/alpha1/2026091902/pose_06/pose_status.json,569,8b1f843de3461833f2bdb802f181bf07aafb074795a58be0fbd86ac70a9af07a
raw/archives/diazepam.tar.gz,diazepam/alpha1/2026091902/pose_06/report.txt,3706,84174a99a54aeaf0f6c94a9255d33eaeeab923e0002f25d234996747ea716081
raw/archives/diazepam.tar.gz,diazepam/alpha1/2026091902/pose_06/report.xml,7323,5e6d0cdaac8f888012e90b5d3fb548917478fb8b7c770149af4a6277e66f6ad5
raw/archives/diazepam.tar.gz,diazepam/alpha1/2026091902/pose_07/ligand.sdf,2884,a86668e9d8c312fe2eef027311682ec0e31af286279a26113d2ac5ee44af273c
raw/archives/diazepam.tar.gz,diazepam/alpha1/2026091902/pose_07/pose_status.json,569,4cfe4eaff6e984c0e3c273498e027f13066454fc68282ad2e104600550806822
raw/archives/diazepam.tar.gz,diazepam/alpha1/2026091902/pose_07/report.txt,3595,b2a703e1d93cff5d7d72a966775ce06e4d1c40040d2a23e03a36f0c2646c91c1
raw/archives/diazepam.tar.gz,diazepam/alpha1/2026091902/pose_07/report.xml,8915,e1abb29f59735eb19ae7d6543d37cf164abb06bb5786387eddc2f87b53b8b4a2
raw/archives/diazepam.tar.gz,diazepam/alpha1/2026091902/pose_08/ligand.sdf,2884,eeaf20e375d3673bbc6f86288f5e0ed6a9e24e0b48244d15fb98c96bda629c4c
raw/archives/diazepam.tar.gz,diazepam/alpha1/2026091902/pose_08/pose_status.json,569,944ceafbaeb86019ec51a869780a14609de7e8e45047989a2604ba177be6b65c
raw/archives/diazepam.tar.gz,diazepam/alpha1/2026091902/pose_08/report.txt,4276,b2a7f494b0f2e2e23b1f8a36b8811eb8b129755e655988114013c4329d76224a
raw/archives/diazepam.tar.gz,diazepam/alpha1/2026091902/pose_08/report.xml,8501,c06530bfbeeb50871f44491c04ded2f027bdee1949139b465b50cc79c8b30da2
raw/archives/diazepam.tar.gz,diazepam/alpha1/2026091902/pose_09/ligand.sdf,2884,0bab5de29ad6498f3ae55e1cc7afeef7c649617b77634dd2957e88c506c3c1d9
raw/archives/diazepam.tar.gz,diazepam/alpha1/2026091902/pose_09/pose_status.json,569,efe71d370507de83bb7dbe10f22bd02310b9018879778589999589dc6b307281
raw/archives/diazepam.tar.gz,diazepam/alpha1/2026091902/pose_09/report.txt,4142,a4b9d0e1cb7a4d6aeefcb1b348089f041cb79ce853ff0cae38ce7f51c2732825
raw/archives/diazepam.tar.gz,diazepam/alpha1/2026091902/pose_09/report.xml,8248,a54d7c5398ea5c0d2e7c131b4d4017b5a8bb6db53a25530ed3eeb20e045db753
raw/archives/diazepam.tar.gz,diazepam/alpha1/2026091902/pose_manifest.json,5403,25be075f648106fdba8525d4c668669013d3cd1a4bf49890431f0a4b7ad99f8f
raw/archives/diazepam.tar.gz,diazepam/alpha1/2026091902/poses.pdbqt,18711,6112b0cafbea1fc4f3a221249de0bee208a253d3af11cb9b857d3ce6120814cd
raw/archives/diazepam.tar.gz,diazepam/alpha1/2026091902/vina.log,2384,ef855ab85861c6d6656059147f2007707a80b34aceb31e98afc7ff90625a6f23
raw/archives/diazepam.tar.gz,diazepam/alpha1/2026091903/docking.json,1527,c1b08094c3fb9558794541fca2c76751e0d4daa7288e6a23e9d9087fd56aaa27
raw/archives/diazepam.tar.gz,diazepam/alpha1/2026091903/interactions.json,34693,dd577214aa5089c2410d2c59ad302934619e51e9b0577db5bc76b7bbdba90016
raw/archives/diazepam.tar.gz,diazepam/alpha1/2026091903/plip.log,1872,d1dff3b4d404386051c1ccdfc754decd2653fc0f9a220134e04ca6c0d554687b
raw/archives/diazepam.tar.gz,diazepam/alpha1/2026091903/plip_done.json,29,bef149d6b4bcd0e8393fac45503362a862d45eadcceff434b3d9640f4b008ec4
raw/archives/diazepam.tar.gz,diazepam/alpha1/2026091903/pose_01/ligand.sdf,2884,f50207ed57e11b3c1fff0e31abf17d2f0c61bf273e85b4189fbd0ba33b79c413
raw/archives/diazepam.tar.gz,diazepam/alpha1/2026091903/pose_01/pose_status.json,569,ad9af1c7c7024f84fb3ad45ebaa1cdfa7e5296e0d7bfee3140fcbeb3a2273c33
raw/archives/diazepam.tar.gz,diazepam/alpha1/2026091903/pose_01/report.txt,4728,d5c950bded9143463a86e01a8e2476409d5e18790827254565cdcac4ef33eced
raw/archives/diazepam.tar.gz,diazepam/alpha1/2026091903/pose_01/report.xml,11534,b7a2560d8938190abbf9a00d9ca552b1beffe789e708cf515d0537330aa8eff5
raw/archives/diazepam.tar.gz,diazepam/alpha1/2026091903/pose_02/ligand.sdf,2884,d2230d0fe07015b6dc6a579e2e52cc22a2ecb66787580cbcc80d0b0d4dde1462
raw/archives/diazepam.tar.gz,diazepam/alpha1/2026091903/pose_02/pose_status.json,569,4fdb509f3c5f8785f49c5baaacf0ad258fde40ac1fa41612f5948a94be5c98cf
raw/archives/diazepam.tar.gz,diazepam/alpha1/2026091903/pose_02/report.txt,4753,89e1101d295f0282edb61b2820b6110d6f1d3ad8ce305b2ab03ec4f16a226b09
raw/archives/diazepam.tar.gz,diazepam/alpha1/2026091903/pose_02/report.xml,9940,8c6a3abc2590a47b4702bfbf498f4689806b8b69508397d532b978e7b09d4270
raw/archives/diazepam.tar.gz,diazepam/alpha1/2026091903/pose_03/ligand.sdf,2884,c75c3777d208cda6ff36a56fd5a44857581c7174d3b222eaddf0284faaa510e3
raw/archives/diazepam.tar.gz,diazepam/alpha1/2026091903/pose_03/pose_status.json,569,b42fe9330993886d53f7cefbda7e2b26ad056acc6a36aba154d2d3caf0f77e93
raw/archives/diazepam.tar.gz,diazepam/alpha1/2026091903/pose_03/report.txt,3595,7de9004a8d620bf543e616d2b9ae959e8ea504e57d773b0f94e1bfd15271e7ad
raw/archives/diazepam.tar.gz,diazepam/alpha1/2026091903/pose_03/report.xml,9003,4e2c155e12e7724cdac557fba63622a9f4536557cc505cafcf390cb172ca8452
raw/archives/diazepam.tar.gz,diazepam/alpha1/2026091903/pose_04/ligand.sdf,2884,1b73dfa537edbe87aa3b3ce93772a66331de7b2148d08203677448f7624b2e87
raw/archives/diazepam.tar.gz,diazepam/alpha1/2026091903/pose_04/pose_status.json,569,adf323f8655989b396b0104d4674f7242c126242040b34ce01959a99c9fe529e
raw/archives/diazepam.tar.gz,diazepam/alpha1/2026091903/pose_04/report.txt,3076,e2963faf1285819f2a3fa8e1669ceccc4dc038b73500fcf6ede5e4f230fcb679
raw/archives/diazepam.tar.gz,diazepam/alpha1/2026091903/pose_04/report.xml,9292,6d0076df44ad6f514813617c15d6c88d35cbd48b0047d8e43d61ae5c652e895d
raw/archives/diazepam.tar.gz,diazepam/alpha1/2026091903/pose_05/ligand.sdf,2884,ae02826b996b6e2d7cf11e03300cacf97cf2e53be6bab1478e142a7d3ff9501c
raw/archives/diazepam.tar.gz,diazepam/alpha1/2026091903/pose_05/pose_status.json,569,ba66d5e6f551186a15db6c4df59ececd6dae5156824669635af3385d616c0a6b
raw/archives/diazepam.tar.gz,diazepam/alpha1/2026091903/pose_05/report.txt,3262,657f5a0a1e35d5951086b588dcdda0762530707838eb194c78a247a5aaab8759
raw/archives/diazepam.tar.gz,diazepam/alpha1/2026091903/pose_05/report.xml,8267,343f6d466fa572444668951fe4ef325baa4a87e4ae89d3ea32d0f5007742c95c
raw/archives/diazepam.tar.gz,diazepam/alpha1/2026091903/pose_06/ligand.sdf,2884,a34808be032f853ff57d82603c6546039f5961386d897609c1cb621a9308262a
raw/archives/diazepam.tar.gz,diazepam/alpha1/2026091903/pose_06/pose_status.json,569,91451bb9de44618d9fc0a827a5a130dc7a26c3b8347d795fbc091105918eced7
raw/archives/diazepam.tar.gz,diazepam/alpha1/2026091903/pose_06/report.txt,2927,73e56329cb41ac1bb2635f4e93e2762ab2264f88936ada5214b4f9e7839a4800
raw/archives/diazepam.tar.gz,diazepam/alpha1/2026091903/pose_06/report.xml,7986,29add6802592e3262bcc23aadac8c03c3827c051e2cff1d708e89e5eb05dd853
raw/archives/diazepam.tar.gz,diazepam/alpha1/2026091903/pose_07/ligand.sdf,2884,3af3c9d80f7b8bd16ec55e4570f4281869b7244b8db92b12dd5de0c83006a644
raw/archives/diazepam.tar.gz,diazepam/alpha1/2026091903/pose_07/pose_status.json,569,8bbe7d89530c8e2e8d1670c16f0e22c44ffb064446e8e1c1b05688189be6bf4d
raw/archives/diazepam.tar.gz,diazepam/alpha1/2026091903/pose_07/report.txt,4276,9bdc7ab40a94a7f221ef5829325018f17e1dd2d7b1a23b176290eaf179a2cc97
raw/archives/diazepam.tar.gz,diazepam/alpha1/2026091903/pose_07/report.xml,8501,ced8c5708a8c91d187c7b1ea42d4541351783472b6efdebeb75de59a34a7b3af
raw/archives/diazepam.tar.gz,diazepam/alpha1/2026091903/pose_08/ligand.sdf,2884,aa517af44987d1cac46689996c4121ff06d320576f01d351040635542df6a6c4
raw/archives/diazepam.tar.gz,diazepam/alpha1/2026091903/pose_08/pose_status.json,569,69f78caeb24dbf3d4c6ece92aaeb820a0f28e7bb064e01282b94cab8fa71e569
raw/archives/diazepam.tar.gz,diazepam/alpha1/2026091903/pose_08/report.txt,3928,9079710fec92273119cad73f7d8f3bf432ecfec8a811f2da85f7ae3aedc635f8
raw/archives/diazepam.tar.gz,diazepam/alpha1/2026091903/pose_08/report.xml,9897,188bf3c2b8d440dc52c8b2cf4c8ce85148dbabea631d99beeadbd33627a19ba6
raw/archives/diazepam.tar.gz,diazepam/alpha1/2026091903/pose_09/ligand.sdf,2884,b74e92b16f4caf9353ce509606e8e49d481f2f99529cafb743a501534c2765dc
raw/archives/diazepam.tar.gz,diazepam/alpha1/2026091903/pose_09/pose_status.json,569,e8e6d2582093c225e94f7b76e70002f55be3798ab241bc838610e47da90044fa
raw/archives/diazepam.tar.gz,diazepam/alpha1/2026091903/pose_09/report.txt,4286,3f42b8938a8ee52b894810ec2f1704e24ed700e2554e1c4c1d493341c8edd47f
raw/archives/diazepam.tar.gz,diazepam/alpha1/2026091903/pose_09/report.xml,7784,fcad388b6a4df5d924f5854559039816624fdf5a87bd579c62815f6f9027a46b
raw/archives/diazepam.tar.gz,diazepam/alpha1/2026091903/pose_manifest.json,5403,9cbc1b925813634c523811e6c7becc43544e2b310008a7c743196319b2d7fa52
raw/archives/diazepam.tar.gz,diazepam/alpha1/2026091903/poses.pdbqt,18711,0e91ffa482590ec9f9c2fa537cb983530101623642ac84d82352de6eeead8016
raw/archives/diazepam.tar.gz,diazepam/alpha1/2026091903/vina.log,2384,7e304e89806faf17ae3ee927aed25fc3b1b1eae4f1c176edc6d0da03d807133f
raw/archives/diazepam.tar.gz,diazepam/alpha1/2026091904/docking.json,1527,682d3d11745cc636ec78c68d9d9641b517aa3ff93fb57984f114f81ef325b854
raw/archives/diazepam.tar.gz,diazepam/alpha1/2026091904/interactions.json,34225,3c061d3b3faa2e95d41011c8e1cdd37900908a1ac77489f1ca24711a134899ef
raw/archives/diazepam.tar.gz,diazepam/alpha1/2026091904/plip.log,1872,5d741cc7ae9c1c93c6ece9eb6b6380e3c43528992feeca88fd4117777d931096
raw/archives/diazepam.tar.gz,diazepam/alpha1/2026091904/plip_done.json,29,bef149d6b4bcd0e8393fac45503362a862d45eadcceff434b3d9640f4b008ec4
raw/archives/diazepam.tar.gz,diazepam/alpha1/2026091904/pose_01/ligand.sdf,2884,5a7870ad201a68fd947f0e47ca78d234a0afabb5fe62094ce38f24ed79084c17
raw/archives/diazepam.tar.gz,diazepam/alpha1/2026091904/pose_01/pose_status.json,569,24a78d6170fc4bb1cf7e7f8d5a2a53b294032830b0e9fcb5b556696e99d71c0f
raw/archives/diazepam.tar.gz,diazepam/alpha1/2026091904/pose_01/report.txt,4395,7f91ed4832c4dd323ab0aba046e80aaee3aa4a90d89e506257bcc6f59d88d675
raw/archives/diazepam.tar.gz,diazepam/alpha1/2026091904/pose_01/report.xml,10885,71cbd38d3356e075b7467de1a3294a23d4084e89e2ab23572ad9c3ac1e3f510c
raw/archives/diazepam.tar.gz,diazepam/alpha1/2026091904/pose_02/ligand.sdf,2884,cd4a7b203e85d99f94b57f4edf33a9e01cbaf584e4f5c3c7f94aa81a043bbb89
raw/archives/diazepam.tar.gz,diazepam/alpha1/2026091904/pose_02/pose_status.json,569,f73a7dd6049827578a68b65ed7ae7ececb46d9699abf697616349b21fe799aef
raw/archives/diazepam.tar.gz,diazepam/alpha1/2026091904/pose_02/report.txt,4753,e14dbb1c162766bec73dbc563b8b529454ad350a4b54d55c9cec8e6d3e8a4b58
raw/archives/diazepam.tar.gz,diazepam/alpha1/2026091904/pose_02/report.xml,9940,7664d69fa70061adcbf58d7f40ae81f83bbdb5a93495f7520c76ef4ab26173a8
raw/archives/diazepam.tar.gz,diazepam/alpha1/2026091904/pose_03/ligand.sdf,2884,5898d87f44fbf1fb091f8d8407b82e98b531004bc9fac1251fd856f1183c6bc6
raw/archives/diazepam.tar.gz,diazepam/alpha1/2026091904/pose_03/pose_status.json,569,b5a8b6f736443715d21ede215b16821d4e191ad59f29563c828542ab1274a828
raw/archives/diazepam.tar.gz,diazepam/alpha1/2026091904/pose_03/report.txt,3595,778f2f3c7f639211d19ed3f4bedcb034444c11535282e9f436af81d48396ee84
raw/archives/diazepam.tar.gz,diazepam/alpha1/2026091904/pose_03/report.xml,9003,7526b88ef841711f58f51dd8f2697a0127aabc9758ba69c6c933f258f3b80267
raw/archives/diazepam.tar.gz,diazepam/alpha1/2026091904/pose_04/ligand.sdf,2884,279c7f71631b0c5a473140dbcc45d26129777701310dcf7552da5440093c6c80
raw/archives/diazepam.tar.gz,diazepam/alpha1/2026091904/pose_04/pose_status.json,569,17eb3057652df04530f0bd2922e003157cf9ea9e5f19850373cd866d17a3472f
raw/archives/diazepam.tar.gz,diazepam/alpha1/2026091904/pose_04/report.txt,3409,df4bb76b4105588aaf7f41ba8d3b91d42bf8a1e3b254e1d55925c9304c27fb15
raw/archives/diazepam.tar.gz,diazepam/alpha1/2026091904/pose_04/report.xml,10191,8558ebcba40c22997d41901ee6266ebb13bc588024bd3685b07eb4c80f579764
raw/archives/diazepam.tar.gz,diazepam/alpha1/2026091904/pose_05/ligand.sdf,2884,263bc604166b6ac101a9f696044060a2db7435d8383b8e4f70d8e09611d31f8c
raw/archives/diazepam.tar.gz,diazepam/alpha1/2026091904/pose_05/pose_status.json,569,d8737e3f133fd911821c9fbec5d48619c81430e64d901deee6308ff86e6cb7df
raw/archives/diazepam.tar.gz,diazepam/alpha1/2026091904/pose_05/report.txt,5086,f497121262f71ac462555660eb44348f920501bf082f63568ffc76e754adfbde
raw/archives/diazepam.tar.gz,diazepam/alpha1/2026091904/pose_05/report.xml,10338,211a386652c0d0038bf8c5aeb84cb43c2a9f7f09c16f8c8c37dc6d4236cc1e7c
raw/archives/diazepam.tar.gz,diazepam/alpha1/2026091904/pose_06/ligand.sdf,2884,3472633119eb46f13c3cb01f90301b244e9ec11cb5f7078162761d328a0a46d1
raw/archives/diazepam.tar.gz,diazepam/alpha1/2026091904/pose_06/pose_status.json,569,96dd57093059d8dcc4397e072088884122ee98d75215c62d6687e8b83f223559
raw/archives/diazepam.tar.gz,diazepam/alpha1/2026091904/pose_06/report.txt,4142,f213b4c0ba2bf550eaedda0419d1c730ddd03702986031f79493081f623319bb
raw/archives/diazepam.tar.gz,diazepam/alpha1/2026091904/pose_06/report.xml,8250,1b5525952855b0070fcb60d8e9d981c7134fa2afd6ba2b2f1f12ecdf02c4f708
raw/archives/diazepam.tar.gz,diazepam/alpha1/2026091904/pose_07/ligand.sdf,2884,3cbe5ee1eafc3b558614954e9dde314ce6047d731f4716c34f0c2ec28b42fcbf
raw/archives/diazepam.tar.gz,diazepam/alpha1/2026091904/pose_07/pose_status.json,569,3a5f7aae01c1e63a2fdc5a2cd9d0a94e12e358b65529cc8457abf58cc93d9c46
raw/archives/diazepam.tar.gz,diazepam/alpha1/2026091904/pose_07/report.txt,4276,a7ae5affb6598953112e0ad3d0633eae419c901e0a88d89b2792a286e9dbd9db
raw/archives/diazepam.tar.gz,diazepam/alpha1/2026091904/pose_07/report.xml,8585,f374c83b89d92460089afb9814f3cfcea38530bae5316e691fce5270aaee6c29
raw/archives/diazepam.tar.gz,diazepam/alpha1/2026091904/pose_08/ligand.sdf,2884,2316911a1382e848ffe59119bc2790cc1c8eef6703cf605beb7332ccc8e1d92c
raw/archives/diazepam.tar.gz,diazepam/alpha1/2026091904/pose_08/pose_status.json,569,018879961aaa8cd28735acdfc64077ef6855263f40493a287e3a86e6e50d2ec6
raw/archives/diazepam.tar.gz,diazepam/alpha1/2026091904/pose_08/report.txt,1744,5de0f88bfae819679c22a147ab627f8ca91855d7a87406639fb8a8efe753021d
raw/archives/diazepam.tar.gz,diazepam/alpha1/2026091904/pose_08/report.xml,6117,0862dda232e8523201f1d8b792f236f36c2c35913b520134beebf2163248f718
raw/archives/diazepam.tar.gz,diazepam/alpha1/2026091904/pose_09/ligand.sdf,2884,3ce0125dbf86765d4c8d927a132c40b00ce13311c5e07ff9c4f885653fbc1cb7
raw/archives/diazepam.tar.gz,diazepam/alpha1/2026091904/pose_09/pose_status.json,569,079fb2a81a7c4fd08a85df49c260daed6d4de33e9782416993c70e6d4d57ddf0
raw/archives/diazepam.tar.gz,diazepam/alpha1/2026091904/pose_09/report.txt,4041,9dcb31eba1d0573102d213d3763d9a1cd75c1dba7f7b32cca19e2bb26a2d5efd
raw/archives/diazepam.tar.gz,diazepam/alpha1/2026091904/pose_09/report.xml,7606,4f3ca02de8e80bd9e94b0c45313e35280ab6e1901f1171c88493ae21bd4e720f
raw/archives/diazepam.tar.gz,diazepam/alpha1/2026091904/pose_manifest.json,5403,758779e3693c4a645e20ada2ef33bc7470643b08eba20dcc21d204c6a9d3304c
raw/archives/diazepam.tar.gz,diazepam/alpha1/2026091904/poses.pdbqt,18711,449845d96e94ff6b5ba4190e273d7a2ddc8f4319b01d076af46094862051581c
raw/archives/diazepam.tar.gz,diazepam/alpha1/2026091904/vina.log,2384,bdeb734a72ade0a1af64b88f24ed3b9e4a7804365a49faa47084fee563643098
raw/archives/diazepam.tar.gz,diazepam/alpha1/2026091905/docking.json,1527,1b6cd62bc4d24aa4e504201947caef3d5abca94b0c34e45cf73943d700e56121
raw/archives/diazepam.tar.gz,diazepam/alpha1/2026091905/interactions.json,38583,f3ef541e093e6c406183c10f0c6b25b091e3e3bc5bb81b9d4109732a1cd99776
raw/archives/diazepam.tar.gz,diazepam/alpha1/2026091905/plip.log,1872,54bbc16094333235ec1eaf05241a8dab3dcfbe116fddc7e271ecf60a60f830cb
raw/archives/diazepam.tar.gz,diazepam/alpha1/2026091905/plip_done.json,29,bef149d6b4bcd0e8393fac45503362a862d45eadcceff434b3d9640f4b008ec4
raw/archives/diazepam.tar.gz,diazepam/alpha1/2026091905/pose_01/ligand.sdf,2884,1676b9ae03a19a901d1593a6a8217870960e32f438c27fc988f4085730ad1dd6
raw/archives/diazepam.tar.gz,diazepam/alpha1/2026091905/pose_01/pose_status.json,569,9c93555626250294351aa6f9d82e1a2b4928b744db84a4f198b20d6dd0882544
raw/archives/diazepam.tar.gz,diazepam/alpha1/2026091905/pose_01/report.txt,4728,f2d52a3f47c65de680aaff07defa611f06bae19498d514a41c41fab1ad0dc628
raw/archives/diazepam.tar.gz,diazepam/alpha1/2026091905/pose_01/report.xml,11534,88aabcca420974e71c8194d2f80c2aaf636d7e107723d8621c6596feea3de0f0
raw/archives/diazepam.tar.gz,diazepam/alpha1/2026091905/pose_02/ligand.sdf,2884,651d7ea3efb0f3f02a5e8dfcee8b466e228a56e63002eaae42b6eafb4dd38eeb
raw/archives/diazepam.tar.gz,diazepam/alpha1/2026091905/pose_02/pose_status.json,569,b8a50409e218955fe5922c7d6c4f0928ef1495979d88c375aef46677c17640c3
raw/archives/diazepam.tar.gz,diazepam/alpha1/2026091905/pose_02/report.txt,4753,4c6ba301938d2379af1a5864debafecd1be7d57811d8ce2a2b2885bb000b9ae6
raw/archives/diazepam.tar.gz,diazepam/alpha1/2026091905/pose_02/report.xml,9940,c67a4866335bdcfa198428d14d9614490aaa8ebae9dbeaf786d37f56062b56d9
raw/archives/diazepam.tar.gz,diazepam/alpha1/2026091905/pose_03/ligand.sdf,2884,193e25bbeaa5ea564f4462d7a36546cdbeafd889f585b71a879c57b06988144b
raw/archives/diazepam.tar.gz,diazepam/alpha1/2026091905/pose_03/pose_status.json,569,c025733847877fecb3c9f3fd4accf0eb4e4ed6736b9fe2420b32cca518e420fc
raw/archives/diazepam.tar.gz,diazepam/alpha1/2026091905/pose_03/report.txt,3928,eaadbcc0ae6ca6c27582436eb8b0406e806834bffcebcf6c6c62b728d58d19a2
raw/archives/diazepam.tar.gz,diazepam/alpha1/2026091905/pose_03/report.xml,9652,52b25408426d52ad025fdc685931adecf3c376faa8e2eb2629d1e2472269fca2
raw/archives/diazepam.tar.gz,diazepam/alpha1/2026091905/pose_04/ligand.sdf,2884,5eb626f316432adb356f94eab992114897181727dbc7aadf7c6fd4f9604265a8
raw/archives/diazepam.tar.gz,diazepam/alpha1/2026091905/pose_04/pose_status.json,569,5394bc5dcf7d7095626364f960c5465e0c46911ab17997bf272ff1402726409a
raw/archives/diazepam.tar.gz,diazepam/alpha1/2026091905/pose_04/report.txt,3409,620aa396ec323d339d9cf6b17cccaa642d318037ff43ab7d9e2a707dffa2cae3
raw/archives/diazepam.tar.gz,diazepam/alpha1/2026091905/pose_04/report.xml,9939,f3d393e74940162ad476599d7fbff009b63ff72d357c9959fd58405b7a3c6825
raw/archives/diazepam.tar.gz,diazepam/alpha1/2026091905/pose_05/ligand.sdf,2884,bd3067ab0b9f047b1bad9bf36f9e8681096f6198887c20f9217c1aafc27d8328
raw/archives/diazepam.tar.gz,diazepam/alpha1/2026091905/pose_05/pose_status.json,569,d4f92dd00992b38c958e04838bbe7fcd77c4905aa2b5dadf22a1877456f00d2d
raw/archives/diazepam.tar.gz,diazepam/alpha1/2026091905/pose_05/report.txt,4142,221b0477ec2f67b2f5b1b6ead148084ccd83ded06f5f611c9fc169b20099be81
raw/archives/diazepam.tar.gz,diazepam/alpha1/2026091905/pose_05/report.xml,8247,43b8ad5ca303ba5aa5ab88f0eaa237678b29fe0d1dea8fb52c35857b26a8516f
raw/archives/diazepam.tar.gz,diazepam/alpha1/2026091905/pose_06/ligand.sdf,2884,e6826fb81d36a795f1cecc38a12688bf6a1aeb8534eb6091ca0eb9dec8763137
raw/archives/diazepam.tar.gz,diazepam/alpha1/2026091905/pose_06/pose_status.json,569,e42cd5de9f157fa2a3bbef678edadc3c55dc668aaf7d9a11725277a1bb19bcbf
raw/archives/diazepam.tar.gz,diazepam/alpha1/2026091905/pose_06/report.txt,4609,e667c1e2af18b95bf938fc1b5e46c7acedcabf90cfed4367ae723749cc2b7af2
raw/archives/diazepam.tar.gz,diazepam/alpha1/2026091905/pose_06/report.xml,9317,ee79d39c920f832a7db64f342401140f609e357282ae52c518a99338e198e779
raw/archives/diazepam.tar.gz,diazepam/alpha1/2026091905/pose_07/ligand.sdf,2884,6352cea3b4b0cfbb0e57a387eaf6b4ca58166f2fb6038b5d701c1888cc48c171
raw/archives/diazepam.tar.gz,diazepam/alpha1/2026091905/pose_07/pose_status.json,569,0197568d66805dc4488f67b5bef88719124fa9bc6ed418e799820bac205d3434
raw/archives/diazepam.tar.gz,diazepam/alpha1/2026091905/pose_07/report.txt,3260,7dd534e4294278be372944ed2b8e127c73c6da48bdb7d388944a286ca290fdc9
raw/archives/diazepam.tar.gz,diazepam/alpha1/2026091905/pose_07/report.xml,8381,da85e17776f188f0cf1a5f212dc9b45c6ee2f9a8f6c91817eda10aef0ff58b24
raw/archives/diazepam.tar.gz,diazepam/alpha1/2026091905/pose_08/ligand.sdf,2884,0e5e23a2bcf4a7794545fe0e786d49df4ffded0707fd31d6db38d50c28048b0f
raw/archives/diazepam.tar.gz,diazepam/alpha1/2026091905/pose_08/pose_status.json,569,cdb931bca42870a8332b67ab6c1ace4c396e518d2c5f2e1f01aaff2bd652f427
raw/archives/diazepam.tar.gz,diazepam/alpha1/2026091905/pose_08/report.txt,4475,8bac3fc8e634ebef89ddbaf936007eb2cf8a25aad314c8217918d7a48baf3790
raw/archives/diazepam.tar.gz,diazepam/alpha1/2026091905/pose_08/report.xml,8728,18b93f43c10460b4104b4af1ae16135dc05401673bd6bf4b1975cf6a9b606bb0
raw/archives/diazepam.tar.gz,diazepam/alpha1/2026091905/pose_09/ligand.sdf,2884,439ee3707a31837edc431f39b4abc1d060be75ae2a9454d7b84920ceef76bf7f
raw/archives/diazepam.tar.gz,diazepam/alpha1/2026091905/pose_09/pose_status.json,569,60d56c560881896c3da855e8eb65c2c9d4ba39c289965a3c18cabd7f51f04faa
raw/archives/diazepam.tar.gz,diazepam/alpha1/2026091905/pose_09/report.txt,4774,c0653a1bf1ee7c4ef40cc3538df2a89b53908406b8435ad02f64c77da4d341fa
raw/archives/diazepam.tar.gz,diazepam/alpha1/2026091905/pose_09/report.xml,9595,4e8b1020ea2546abceedd41eb54ceb462bc99d22455d336108a77ec60dd63e65
raw/archives/diazepam.tar.gz,diazepam/alpha1/2026091905/pose_manifest.json,5403,e2c4277dd631a02885d379c59130c4b24e9bb3a72ff008cbaa00df5cd9135ad7
raw/archives/diazepam.tar.gz,diazepam/alpha1/2026091905/poses.pdbqt,18711,d723c44be1583e254703352c34d9a58cc313d9642a8eab66f00bde9b23166668
raw/archives/diazepam.tar.gz,diazepam/alpha1/2026091905/vina.log,2384,c462911532d9b57624ff0a9cb129ca959b26d57ba1918be595c3d175e0591f64
raw/archives/diazepam.tar.gz,diazepam/alpha2/2026091901/docking.json,1525,2e7cee5215597b6d91010f17b7de9b58b70814e09304ad1400239f9ae090cbc4
raw/archives/diazepam.tar.gz,diazepam/alpha2/2026091901/interactions.json,27336,3d4c9d5a7d25983501bf83614f843f6f4a837f3a17ee3ade6fc6cd58ea25d888
raw/archives/diazepam.tar.gz,diazepam/alpha2/2026091901/plip.log,1872,a6483b52f0ab6a1d778786d1d46f9d74dad1c3777f51e3e80478295ece0b6411
raw/archives/diazepam.tar.gz,diazepam/alpha2/2026091901/plip_done.json,29,bef149d6b4bcd0e8393fac45503362a862d45eadcceff434b3d9640f4b008ec4
raw/archives/diazepam.tar.gz,diazepam/alpha2/2026091901/pose_01/ligand.sdf,2884,6dcf85d841b9bd32fe45d332f47f4ab6ff190796196f0d1004bb0d76854c9d70
raw/archives/diazepam.tar.gz,diazepam/alpha2/2026091901/pose_01/pose_status.json,569,906b1279dd97558b1da33dd4ed70b41bff97fc8245a713a1254a98aa0672016a
raw/archives/diazepam.tar.gz,diazepam/alpha2/2026091901/pose_01/report.txt,2397,ac269232569a2c7373343606bee364807ad6f17396d923543f3ccedb5f6ef337
raw/archives/diazepam.tar.gz,diazepam/alpha2/2026091901/pose_01/report.xml,7852,9a7e4c96f9c2e06532685692fee0f503fab547d6c6258a3e90de6c7c2f1f52a6
raw/archives/diazepam.tar.gz,diazepam/alpha2/2026091901/pose_02/ligand.sdf,2884,9e374b2e67e39bb010130eca853e1d70138a9b586398ed69aea5c3f1d76895e8
raw/archives/diazepam.tar.gz,diazepam/alpha2/2026091901/pose_02/pose_status.json,569,2c7411d8738d40fbb4b62d5d5b806f4a06333a766956252965ad7190ceb65753
raw/archives/diazepam.tar.gz,diazepam/alpha2/2026091901/pose_02/report.txt,4681,ab4fac7d4b2af0b3861849c048d4695e111cc0b66900b1b34d85961581ead9aa
raw/archives/diazepam.tar.gz,diazepam/alpha2/2026091901/pose_02/report.xml,9814,4c7539f25664e5085bd5972689b94286e06dedffb7dbe2a3bfba8157b8c4dee5
raw/archives/diazepam.tar.gz,diazepam/alpha2/2026091901/pose_03/ligand.sdf,2884,a47f0dedbd894f2c41d85694c1b39c6062fbdf1fcfd9667d287d37a272d70b92
raw/archives/diazepam.tar.gz,diazepam/alpha2/2026091901/pose_03/pose_status.json,569,cb6dfeb1132e516cb59a38708e1a2fe549e0dbf6dd16b4bb9a7f72ff9333b19c
raw/archives/diazepam.tar.gz,diazepam/alpha2/2026091901/pose_03/report.txt,3529,89b06be80581b4e0be2dffecc74ce28b9092b1c66a896b8a9ddfcea0bdc5577d
raw/archives/diazepam.tar.gz,diazepam/alpha2/2026091901/pose_03/report.xml,8826,1e8b4754ecbe1db7a2dfd0279f1c1c7777c30e05d40c3c4c6f00ec050469b81e
raw/archives/diazepam.tar.gz,diazepam/alpha2/2026091901/pose_04/ligand.sdf,2884,17e34a83614e360951890fb3d139e2b687ce991824743de9bf8eaf7d14e9f2f4
raw/archives/diazepam.tar.gz,diazepam/alpha2/2026091901/pose_04/pose_status.json,569,61feeadf3cf49a5cd6299f10a37fb432d7126b3335ff92ca33900728a2c5cf5b
raw/archives/diazepam.tar.gz,diazepam/alpha2/2026091901/pose_04/report.txt,1730,5738253c3421fe877be7b4b6303f7a1c82ddb7378f0bb91123b8a98f58e19707
raw/archives/diazepam.tar.gz,diazepam/alpha2/2026091901/pose_04/report.xml,6279,8f35c45f1cbded56f6d541ccf05dbb3ed304e32100484b32dce1514a88c1842c
raw/archives/diazepam.tar.gz,diazepam/alpha2/2026091901/pose_05/ligand.sdf,2884,414663eb063d0608a15f7f496c964b6f4ac4ad0d640d6fdd0fd4a2949f7f086e
raw/archives/diazepam.tar.gz,diazepam/alpha2/2026091901/pose_05/pose_status.json,569,5fbe8a9378e744283f01ae3cd940e767f045334378f2db23165b5e5d281ac9ec
raw/archives/diazepam.tar.gz,diazepam/alpha2/2026091901/pose_05/report.txt,2910,feccfcaefdffaef399c062f29687c24dfbbc4d945bb0cd31c4a475e92f94dc18
raw/archives/diazepam.tar.gz,diazepam/alpha2/2026091901/pose_05/report.xml,7448,2f8b9bb70eb5d5657618d9827fa8b4368328a891d634dd10608074cbf59f6990
raw/archives/diazepam.tar.gz,diazepam/alpha2/2026091901/pose_06/ligand.sdf,2884,0ad158ae110e3d5f7ea71b2683df7736060a3f2388032c9c209aa96b8b91b05e
raw/archives/diazepam.tar.gz,diazepam/alpha2/2026091901/pose_06/pose_status.json,569,704ca12c68b9f0a3d29abc4f809fce7455613d53ef80627fb00a087c0ff47e54
raw/archives/diazepam.tar.gz,diazepam/alpha2/2026091901/pose_06/report.txt,3568,8967b0c9ed5f7c0e21b29b7d15774e875b5db8f29e565be9c1a81113f8bd9eb5
raw/archives/diazepam.tar.gz,diazepam/alpha2/2026091901/pose_06/report.xml,8741,0543ca34265dc5ced5c0bd8a1200590655cbb3a1145b1657f610b5d5490c5fd9
raw/archives/diazepam.tar.gz,diazepam/alpha2/2026091901/pose_07/ligand.sdf,2884,6b2740a5581f35e93f769d6f5356d07f48c40d1c6a02f0ba690a7f4872504198
raw/archives/diazepam.tar.gz,diazepam/alpha2/2026091901/pose_07/pose_status.json,569,7be9de6f9746935bddb48753a88755fa94fe9cdc6f370061dd72405a064b45fc
raw/archives/diazepam.tar.gz,diazepam/alpha2/2026091901/pose_07/report.txt,2059,db6c3a47be79c5ee636b256b3e89e3ee7d6b1cd69e21968437c1e41bb43c9dc9
raw/archives/diazepam.tar.gz,diazepam/alpha2/2026091901/pose_07/report.xml,6756,46a932107c0e9e49c9fd644d3836bd38af46927855f6300c9742af33565400a8
raw/archives/diazepam.tar.gz,diazepam/alpha2/2026091901/pose_08/ligand.sdf,2884,7745eed05d883211a41c2d5ea8e4c7c21dc55b809c37318eff0d7b0e6f4173a6
raw/archives/diazepam.tar.gz,diazepam/alpha2/2026091901/pose_08/pose_status.json,569,353a2d02e490ba4a7e5cd6a3cc32a5fe0b62ef8ccf55ebe67dbe47ba66b19cbd
raw/archives/diazepam.tar.gz,diazepam/alpha2/2026091901/pose_08/report.txt,3171,323f6a84410d4861f23e0c8400d9dd599309ce65a6c4ceada69062a0deefe72a
raw/archives/diazepam.tar.gz,diazepam/alpha2/2026091901/pose_08/report.xml,7828,34ecf08011cd9baf538ee7e4cf6d909a2b2fed3703a16ce61def9cd198489072
raw/archives/diazepam.tar.gz,diazepam/alpha2/2026091901/pose_09/ligand.sdf,2884,234c962caee698518aef03b6e97d3346b8bf97aefdc3391dabbf1e492c429056
raw/archives/diazepam.tar.gz,diazepam/alpha2/2026091901/pose_09/pose_status.json,569,1d20dcf4d46c7b6cb7d53172b438d9834324fba1f7aff6a9ca1264e7f5b1c095
raw/archives/diazepam.tar.gz,diazepam/alpha2/2026091901/pose_09/report.txt,3272,e28c63cb0c68b29a112072827a47754607214eca6821266ef9c8cf222a67884f
raw/archives/diazepam.tar.gz,diazepam/alpha2/2026091901/pose_09/report.xml,7884,3b5684bbb85f677bebb94d8c6edf8f683b8ad681b8a935e8679ccb2b227b0fa5
raw/archives/diazepam.tar.gz,diazepam/alpha2/2026091901/pose_manifest.json,5403,b32dbff2c048e45249b2f98c7e8aac142cbbca214ecafd2c2e5f7c0907bf33e2
raw/archives/diazepam.tar.gz,diazepam/alpha2/2026091901/poses.pdbqt,18711,a9aec37adf92854351c2320326fc1d5789c05e83c0d0b45570d99a0565617317
raw/archives/diazepam.tar.gz,diazepam/alpha2/2026091901/vina.log,2384,16e5bd25fea3e917aac771393561e9fc948b9542b70fe21ae13c810fea796cfc
raw/archives/diazepam.tar.gz,diazepam/alpha2/2026091902/docking.json,1525,ca1b1e47b72f082a86b7c03f66bf3023eb86337d63e28ffc032737cdad1ef012
raw/archives/diazepam.tar.gz,diazepam/alpha2/2026091902/interactions.json,27311,51f03d82258727cd0c9adcc313d33e21e9e8e7a2e1ec5af78926f48c78c738cb
raw/archives/diazepam.tar.gz,diazepam/alpha2/2026091902/plip.log,1872,f0d9feac24ce68a8d3bceff3095b50b3395151fdf72307936ddbae9aa5b5ca53
raw/archives/diazepam.tar.gz,diazepam/alpha2/2026091902/plip_done.json,29,bef149d6b4bcd0e8393fac45503362a862d45eadcceff434b3d9640f4b008ec4
raw/archives/diazepam.tar.gz,diazepam/alpha2/2026091902/pose_01/ligand.sdf,2884,01ecaf0010281e2a23d2248bf6cc8cb1627bc4f28b59fab5f1ab6e781a4d8552
raw/archives/diazepam.tar.gz,diazepam/alpha2/2026091902/pose_01/pose_status.json,569,fd0a0e630caa1f06dc550999a802dbe24a6a77b4055ab610069d88d0f24c8590
raw/archives/diazepam.tar.gz,diazepam/alpha2/2026091902/pose_01/report.txt,2397,7c44f6c5e5940817c2b37fe9f865d281de7768033bfb2cbd11d03f3344a8a05d
raw/archives/diazepam.tar.gz,diazepam/alpha2/2026091902/pose_01/report.xml,7852,33b50d4f76daf6730d4c469d722de781f92af47fa5b88da2c34333fcc8b36306
raw/archives/diazepam.tar.gz,diazepam/alpha2/2026091902/pose_02/ligand.sdf,2884,d00129d9fe2e5a704fea5fbd3846c6557b59e356183a925f7a7c24732a101ebf
raw/archives/diazepam.tar.gz,diazepam/alpha2/2026091902/pose_02/pose_status.json,569,9c628c007e4a4c13414d82e1f671d1e61d113151e8b0879a9c6083b6543171ed
raw/archives/diazepam.tar.gz,diazepam/alpha2/2026091902/pose_02/report.txt,4681,4eb3f8a14b8f44f897ee8b649c6edf1c0f862f024925112db561c1c44b25ece7
raw/archives/diazepam.tar.gz,diazepam/alpha2/2026091902/pose_02/report.xml,9814,624fefe890d4da9b41af55905894d0b92231682323a13944422d546f49de48a5
raw/archives/diazepam.tar.gz,diazepam/alpha2/2026091902/pose_03/ligand.sdf,2884,f1f7fe4dd4aadee5fb86f0fb92db15226c8207c5138aa98ddc8084f1e4283819
raw/archives/diazepam.tar.gz,diazepam/alpha2/2026091902/pose_03/pose_status.json,569,5ec1f82c2360fa24703c02a147bdc82c058ab564ef7de115cdd9143a15639a08
raw/archives/diazepam.tar.gz,diazepam/alpha2/2026091902/pose_03/report.txt,3529,6aa53c9eb0c6e9d05876d4f1360661000dde0aafd40229d6bd56ed673c0c9a43
raw/archives/diazepam.tar.gz,diazepam/alpha2/2026091902/pose_03/report.xml,8910,cf4b8cfaf49b227505f4627c7194169841478973fb681f4301f946d412d6a67a
raw/archives/diazepam.tar.gz,diazepam/alpha2/2026091902/pose_04/ligand.sdf,2884,1521c1e95888b3b8d8205a19624a6eac9b458548295ee7cfe2d363d2b820336b
raw/archives/diazepam.tar.gz,diazepam/alpha2/2026091902/pose_04/pose_status.json,569,5364f873d218146fbb8f3f0f7e3d4ef42523affd09f4c150d3553ebe298c2a6a
raw/archives/diazepam.tar.gz,diazepam/alpha2/2026091902/pose_04/report.txt,2066,62cb172b16ab594e4c8b49da5d3e07a3bac969d6b8f57b9a63803757635a0863
raw/archives/diazepam.tar.gz,diazepam/alpha2/2026091902/pose_04/report.xml,7122,4038cf68b4e2f05e6c56c1e08912e95f5322bd7b2acbc6ffb7dc5dbb65386f85
raw/archives/diazepam.tar.gz,diazepam/alpha2/2026091902/pose_05/ligand.sdf,2884,bb986af220fe3ee03de4d5683f9ece9ac584cbc5bb4e7f51a5cea3161bc40614
raw/archives/diazepam.tar.gz,diazepam/alpha2/2026091902/pose_05/pose_status.json,569,d9372d091d072c96b1e99e8fbe06cd38c21248afe2de4799c9dcd97634ad1bd6
raw/archives/diazepam.tar.gz,diazepam/alpha2/2026091902/pose_05/report.txt,2910,b7a94cb3cb0848ee66feb9c88ff4c5f8ebe2ea48b010b6e5fe710e51f8cc5469
raw/archives/diazepam.tar.gz,diazepam/alpha2/2026091902/pose_05/report.xml,7448,63286d1b0778607f81be86f6bef44c5cbd2fc473959b1dc055a7186832aa4c00
raw/archives/diazepam.tar.gz,diazepam/alpha2/2026091902/pose_06/ligand.sdf,2884,48c600385a545285844c5ce82fa53ebc9d5231c1acad62fc2782eeb103d60edf
raw/archives/diazepam.tar.gz,diazepam/alpha2/2026091902/pose_06/pose_status.json,569,042e1be40e6eb1ff393c43d23fb6d8be6cdc2f206cd368ceb95dfd3eb91f7ba5
raw/archives/diazepam.tar.gz,diazepam/alpha2/2026091902/pose_06/report.txt,3568,d552d5e710be184a135e7f8aad58635fd073e767af5f34c4a9ae09fc49921b27
raw/archives/diazepam.tar.gz,diazepam/alpha2/2026091902/pose_06/report.xml,8741,b0f816553af3a55de08810502c26d21afb09732b8b89c19debed02dce44a9cbe
raw/archives/diazepam.tar.gz,diazepam/alpha2/2026091902/pose_07/ligand.sdf,2884,82d6993a480c2bc428ff8d24aed3eec1779959cc5e2fae579a054abbf248acc6
raw/archives/diazepam.tar.gz,diazepam/alpha2/2026091902/pose_07/pose_status.json,569,f7425b45742f8f6c380730bfc112b86407be7b76a4b9832f27c8d3e0aa3313a0
raw/archives/diazepam.tar.gz,diazepam/alpha2/2026091902/pose_07/report.txt,1730,b6c6a191c8b25ccb24a0a694f7646bfae0d728b2e950e401531180610c1e22ca
raw/archives/diazepam.tar.gz,diazepam/alpha2/2026091902/pose_07/report.xml,6363,c0781190b6bd67c255cb8431e09752712a3e47ced34c04a66fed814f3d9ff618
raw/archives/diazepam.tar.gz,diazepam/alpha2/2026091902/pose_08/ligand.sdf,2884,8a268389c04cf5fe82b237c7e7323d7f132f77d716640c199186b194b9c61310
raw/archives/diazepam.tar.gz,diazepam/alpha2/2026091902/pose_08/pose_status.json,569,17cc76edad6d386ae78437e17dc8cccf8206e42cfaf54f8d7fdb0c386a5b4f33
raw/archives/diazepam.tar.gz,diazepam/alpha2/2026091902/pose_08/report.txt,3978,c2e7bed0244a0cdb2ec50619c6b5c30a8f28b4dfffb044fa58eff1d7e2dea301
raw/archives/diazepam.tar.gz,diazepam/alpha2/2026091902/pose_08/report.xml,8439,24f1a5df7c55cd108723d75f354ac866a6883314c4ad4a1c0205a6f4f7b928bc
raw/archives/diazepam.tar.gz,diazepam/alpha2/2026091902/pose_09/ligand.sdf,2884,452f7899aed21285d12fcf0716bee5aa4fb954a25e190b9d529b21c1cce0134d
raw/archives/diazepam.tar.gz,diazepam/alpha2/2026091902/pose_09/pose_status.json,569,3edaa0b6ffd5ed26b306a4a16f8376f405f2846d0d57b24f7cc0f67c11b53de4
raw/archives/diazepam.tar.gz,diazepam/alpha2/2026091902/pose_09/report.txt,3209,c9ad54fc87189bb48ff7d8191f88fd3880113d8ef5a9f124302db517e1aa606f
raw/archives/diazepam.tar.gz,diazepam/alpha2/2026091902/pose_09/report.xml,7892,c9d2360ee35a26316f45ea6a38aa71ab34b58f7826140f1aaa52df7629cbbe2a
raw/archives/diazepam.tar.gz,diazepam/alpha2/2026091902/pose_manifest.json,5403,15b11e2174a9a0e8942d9644b88844c77b86f62d48dfed6f26b999e1a372a779
raw/archives/diazepam.tar.gz,diazepam/alpha2/2026091902/poses.pdbqt,18711,b076f0b29ce3e861683e915b66598d5df8138ccba92231a5fe4a817f7137b321
raw/archives/diazepam.tar.gz,diazepam/alpha2/2026091902/vina.log,2384,d38c1da1b2ede9f9a3633953f4ea502ecc9bfab49594c6648091baaafef2e78a
raw/archives/diazepam.tar.gz,diazepam/alpha2/2026091903/docking.json,1525,8c8466e59081b1989b6d799b5de13f72a812125894d72721a296c8859e725b0c
raw/archives/diazepam.tar.gz,diazepam/alpha2/2026091903/interactions.json,26482,36d87a348e8d2e1b874cc5e322426067f56ac59bfd9bf60d808ff65943073aa8
raw/archives/diazepam.tar.gz,diazepam/alpha2/2026091903/plip.log,1872,8607a38e139eae2abeab2826a3d6f4dd42cf0fb03c71c8b1e99706127d26efbf
raw/archives/diazepam.tar.gz,diazepam/alpha2/2026091903/plip_done.json,29,bef149d6b4bcd0e8393fac45503362a862d45eadcceff434b3d9640f4b008ec4
raw/archives/diazepam.tar.gz,diazepam/alpha2/2026091903/pose_01/ligand.sdf,2884,41f4171677828b9f709dda5d4b93dd3fbeeacf2d8310e575c47b6cfef685c4cb
raw/archives/diazepam.tar.gz,diazepam/alpha2/2026091903/pose_01/pose_status.json,569,ec332533a12c46e318564481a3157bdaa79755325d259a67f2c4d64a474511e1
raw/archives/diazepam.tar.gz,diazepam/alpha2/2026091903/pose_01/report.txt,4681,957061f2fdebc2e795d1babdb2caef6c2ffaf15aa8d2106e4ef6a3140f75c6cd
raw/archives/diazepam.tar.gz,diazepam/alpha2/2026091903/pose_01/report.xml,9897,59bafce6173151dd3717d2720038a1f642ff480984375e5ea02c86768f86027d
raw/archives/diazepam.tar.gz,diazepam/alpha2/2026091903/pose_02/ligand.sdf,2884,e32a51d011576d09f27949f2d709b42315ab420b2df83afe26ff410c507673c7
raw/archives/diazepam.tar.gz,diazepam/alpha2/2026091903/pose_02/pose_status.json,569,2badad3895922a4d7e788778068dbd27f18a0fb969a033925afde470fcfeda8b
raw/archives/diazepam.tar.gz,diazepam/alpha2/2026091903/pose_02/report.txt,3529,067d8b0b073f944e8909eeaaa4d827ea42d3653eb6bd8450219abd4daa385aef
raw/archives/diazepam.tar.gz,diazepam/alpha2/2026091903/pose_02/report.xml,8826,07c61fd7f701264f295f2415306f4b4c407bd62bdf41a4ff9b897104d4930be9
raw/archives/diazepam.tar.gz,diazepam/alpha2/2026091903/pose_03/ligand.sdf,2884,e8d9ab0cc4c847312d776084581a496c414f99a292cf9bc3dee0d6d7d1f43373
raw/archives/diazepam.tar.gz,diazepam/alpha2/2026091903/pose_03/pose_status.json,569,008edc0e8abf7b079141325079b708e85fdb5c06dcd9012402457a78deb51534
raw/archives/diazepam.tar.gz,diazepam/alpha2/2026091903/pose_03/report.txt,2066,623690a6278c7918bd28f67c42b2a2ca3b142330759d72fb0e147c81af55490a
raw/archives/diazepam.tar.gz,diazepam/alpha2/2026091903/pose_03/report.xml,7206,d55486199797acf12c3580715c91570c23a2a95e1d958c541391776c5b9699e8
raw/archives/diazepam.tar.gz,diazepam/alpha2/2026091903/pose_04/ligand.sdf,2884,0c241c6ab30cf139dfad32459dc63a446b707b390771cf61f9e013df04272cc0
raw/archives/diazepam.tar.gz,diazepam/alpha2/2026091903/pose_04/pose_status.json,569,8919c83ee4c8178617580ecdd0b02d9f1fa20fd6cf1a4ffca4afb675b9bb56e2
raw/archives/diazepam.tar.gz,diazepam/alpha2/2026091903/pose_04/report.txt,1730,669789801c644cbea77a47222de92e28f2be238a6c4125651eee826ce61a2f86
raw/archives/diazepam.tar.gz,diazepam/alpha2/2026091903/pose_04/report.xml,6279,a6f69d2086c7c08d4570a232590d062f5cf66950823ac498cfedfc85491d8dbb
raw/archives/diazepam.tar.gz,diazepam/alpha2/2026091903/pose_05/ligand.sdf,2884,7c5eecbb9ab07146cd37e23f727f78f1e63312defbb58d7b1c373c06a7b547d3
raw/archives/diazepam.tar.gz,diazepam/alpha2/2026091903/pose_05/pose_status.json,569,679f9ccf98e8421273e8ae5b5c55b173d58e06b950f8124173fccb5db0531d30
raw/archives/diazepam.tar.gz,diazepam/alpha2/2026091903/pose_05/report.txt,3568,6df9753d6eacc0411d5f57cccd124e4b65fb423a91c4afe24ab854a29fb5066d
raw/archives/diazepam.tar.gz,diazepam/alpha2/2026091903/pose_05/report.xml,8741,69f7ac64c28d404c305d6f213ce596e3405ee01f1d945e79bec9777f2f0cb189
raw/archives/diazepam.tar.gz,diazepam/alpha2/2026091903/pose_06/ligand.sdf,2884,624bec4c183a132281e9bd40155794967a17a3667a4e67bee821732a41bf2725
raw/archives/diazepam.tar.gz,diazepam/alpha2/2026091903/pose_06/pose_status.json,569,b9f9a4af29246c53a6f5ef6439a992bddf3f69b8ea3377ffd2c6a34fc94844af
raw/archives/diazepam.tar.gz,diazepam/alpha2/2026091903/pose_06/report.txt,2910,3f3315b8f46ace73444db9e1153eb06d7b5c08564b0e4583bec62e573d7425c1
raw/archives/diazepam.tar.gz,diazepam/alpha2/2026091903/pose_06/report.xml,7448,fc6573add818edb0d9f59793ce9860c1d5ae0ec997ad820d5e0ac490c9f4c122
raw/archives/diazepam.tar.gz,diazepam/alpha2/2026091903/pose_07/ligand.sdf,2884,68454e95e44fd57794fdb730cc50bc067f5c7a3cd3d569db0cda08f91eafb348
raw/archives/diazepam.tar.gz,diazepam/alpha2/2026091903/pose_07/pose_status.json,569,8f668fe7866f0a660590cf1d17c8fd13ffee15270d342324107e1ea6827f99c7
raw/archives/diazepam.tar.gz,diazepam/alpha2/2026091903/pose_07/report.txt,2059,70d18f4fb2b58349fd4a4c5e17d72c62a19e3e87282b4f116c1f1d89b0bc80c1
raw/archives/diazepam.tar.gz,diazepam/alpha2/2026091903/pose_07/report.xml,6756,a1a779fcdc42572c35f5123be4c24ef72e5aaf8edfc9cc8c74a69c13c16aa35d
raw/archives/diazepam.tar.gz,diazepam/alpha2/2026091903/pose_08/ligand.sdf,2884,1d9f8a5d620d2ab126ca54add6d5bf6db2bee4431a61acb14c4b40d0f0644be5
raw/archives/diazepam.tar.gz,diazepam/alpha2/2026091903/pose_08/pose_status.json,569,1421c01374875d7c50922c52515fff9327e6a14b4965e91a8ab67c1d060ebb6d
raw/archives/diazepam.tar.gz,diazepam/alpha2/2026091903/pose_08/report.txt,3272,f6efdf465e6cfeaaeabac5be986e62021afc2424a0cbf7e6e43dade859235d13
raw/archives/diazepam.tar.gz,diazepam/alpha2/2026091903/pose_08/report.xml,7884,45b437de6984fad6f136dd7c3e48cb158a4cbcf782d0b91c6762d918ab19f504
raw/archives/diazepam.tar.gz,diazepam/alpha2/2026091903/pose_09/ligand.sdf,2884,c5a90ee49b22cb6a7b7e9453ff67dd7f792fe5f5b6e46e82a4c024d95b8ec4e1
raw/archives/diazepam.tar.gz,diazepam/alpha2/2026091903/pose_09/pose_status.json,569,5bf79220c539510c17ccbafd47bfdb78676bcdbc78c100b039ea27e33e067dde
raw/archives/diazepam.tar.gz,diazepam/alpha2/2026091903/pose_09/report.txt,2399,9e2958cc576830311ed727e8f20fe6503ac193429dd00bc72d53b80d6c67ae50
raw/archives/diazepam.tar.gz,diazepam/alpha2/2026091903/pose_09/report.xml,7405,085cd83924e7585c37dd72d175e96415bdca02dbc696e76a3f97391de7a048a4
raw/archives/diazepam.tar.gz,diazepam/alpha2/2026091903/pose_manifest.json,5403,0f2fe045ecb31b583ec4ee2c0fe440fc57f6187ddd43970c357bfb41e801bda9
raw/archives/diazepam.tar.gz,diazepam/alpha2/2026091903/poses.pdbqt,18711,da2ce0948f9fb13f1998cc0e3003d0f8e28b8d53f2b9fdc5b27937916ac7e819
raw/archives/diazepam.tar.gz,diazepam/alpha2/2026091903/vina.log,2384,89b5b7813f736aed4636a81445cda4ae62ab8fa162a4a8d6b3d5ab20ca9ae460
raw/archives/diazepam.tar.gz,diazepam/alpha2/2026091904/docking.json,1525,8bd3600fd3c3bf7aae0d00e52cdcaaed31fd3ea252e834587ece2a383acc0735
raw/archives/diazepam.tar.gz,diazepam/alpha2/2026091904/interactions.json,25789,cc37f3c8d61b835f92d1aa4bbf995d83494dbc3dad4c6223555a020eb18c2033
raw/archives/diazepam.tar.gz,diazepam/alpha2/2026091904/plip.log,1872,3299cc2042aeeb1bed909f2ac8b0e57844bb9231d2e348cbabbedad1b09e2429
raw/archives/diazepam.tar.gz,diazepam/alpha2/2026091904/plip_done.json,29,bef149d6b4bcd0e8393fac45503362a862d45eadcceff434b3d9640f4b008ec4
raw/archives/diazepam.tar.gz,diazepam/alpha2/2026091904/pose_01/ligand.sdf,2884,af82c916c00c8ba075f386f5a0f9cdc09cfc2781b39cb7c10cc20f655518bd68
raw/archives/diazepam.tar.gz,diazepam/alpha2/2026091904/pose_01/pose_status.json,569,6c5f0ffc0fc28593b8815de451bfcc3344f806510530068fef1ba0ff42062bde
raw/archives/diazepam.tar.gz,diazepam/alpha2/2026091904/pose_01/report.txt,4681,e831f7543ea8f7372c305fa980f5a97e7b2679cbd8f7a453f7b269e6149e407d
raw/archives/diazepam.tar.gz,diazepam/alpha2/2026091904/pose_01/report.xml,9814,32c68ad80684afd8870e78bcc70a283bd4e5feb7fd8b2acac2dae5e89c7a88f2
raw/archives/diazepam.tar.gz,diazepam/alpha2/2026091904/pose_02/ligand.sdf,2884,d086c4d26a7e1df21861d9190bf097cd9933196c5f48b02c2bf4f70b5f247854
raw/archives/diazepam.tar.gz,diazepam/alpha2/2026091904/pose_02/pose_status.json,569,1a08c3002b87419994ee98f78860dfb58570e4b91a587383bcf266ec39de7f8f
raw/archives/diazepam.tar.gz,diazepam/alpha2/2026091904/pose_02/report.txt,3529,3954b47b47de60f9a656faebb28ced39002bc36a836cd237da85a3193e71b273
raw/archives/diazepam.tar.gz,diazepam/alpha2/2026091904/pose_02/report.xml,8910,9d18132121c98006bf2cf8b191ee3d9f93546726a8298e34136462285a449fc5
raw/archives/diazepam.tar.gz,diazepam/alpha2/2026091904/pose_03/ligand.sdf,2884,40a92d61e765240aa6b5c47182e754ee62ce8ea225a907be859863b2b606f871
raw/archives/diazepam.tar.gz,diazepam/alpha2/2026091904/pose_03/pose_status.json,569,569e0079a03ef2adae7538bbe821952ceafcdc11e511c90dd405565344bb77b9
raw/archives/diazepam.tar.gz,diazepam/alpha2/2026091904/pose_03/report.txt,2910,bf17ec06d3ec728b908b8f20e137b715e4859f839f0695adcab880e9e68250ba
raw/archives/diazepam.tar.gz,diazepam/alpha2/2026091904/pose_03/report.xml,7364,3de4b040ae30512c5e1f76b053ee4c371994474a8ab0507f75c31dea0f44f556
raw/archives/diazepam.tar.gz,diazepam/alpha2/2026091904/pose_04/ligand.sdf,2884,549ce3502a1d0e1b73be4a41f018dd5756fabfc0181359a0378730ff3fda128b
raw/archives/diazepam.tar.gz,diazepam/alpha2/2026091904/pose_04/pose_status.json,569,005ddb2e0b3e0f9d42b4ebfa3147532d0363de75979b25a589e3dc609700f39a
raw/archives/diazepam.tar.gz,diazepam/alpha2/2026091904/pose_04/report.txt,3568,bb28fd40a57eede5a597cccc27ce60f29dedd436b67638b2b209eeb2cef4f3c7
raw/archives/diazepam.tar.gz,diazepam/alpha2/2026091904/pose_04/report.xml,8741,3e6e932dbb8d03de3e5b07cc2fceb3232ffac0a941d3f063724df8b8e989ed9f
raw/archives/diazepam.tar.gz,diazepam/alpha2/2026091904/pose_05/ligand.sdf,2884,d4fb37f8fcd981dc3e0ff2adda6cde0809128ba9e5b63c1bd85d688a652cad56
raw/archives/diazepam.tar.gz,diazepam/alpha2/2026091904/pose_05/pose_status.json,569,2507656c8e29cb7352c01fb42ad33f1e252b53f3f55e0ab6c8a0e37e6218835c
raw/archives/diazepam.tar.gz,diazepam/alpha2/2026091904/pose_05/report.txt,1730,9e9bf69e8488e648dfadfdc31bb7cd7bf6fdaecfef37a9276ee6bfa653684db7
raw/archives/diazepam.tar.gz,diazepam/alpha2/2026091904/pose_05/report.xml,6195,4a52df143525cb0e8362b9ae4edf34b4746391ae20f4ba12ef0288e1045c7313
raw/archives/diazepam.tar.gz,diazepam/alpha2/2026091904/pose_06/ligand.sdf,2884,63802ef0a803e573f41ca5e39eef7f2523eb2ef0925095fed5c9d6d0beeb116b
raw/archives/diazepam.tar.gz,diazepam/alpha2/2026091904/pose_06/pose_status.json,569,2599bd5b4e4b10d7be78b95a47d0a176e78a837d32c150082d4b257d80435738
raw/archives/diazepam.tar.gz,diazepam/alpha2/2026091904/pose_06/report.txt,2059,f94c273e0a6bb6c3cb3c78aec3b84859cf33e62bf9246eff2d90c81e4ed78a51
raw/archives/diazepam.tar.gz,diazepam/alpha2/2026091904/pose_06/report.xml,6756,09b299f2ca754d425e7a63e137789a04ab4c6d42d3e95bbe3a99e62e312a2336
raw/archives/diazepam.tar.gz,diazepam/alpha2/2026091904/pose_07/ligand.sdf,2884,f117648fa3f9f609bbe460d74b9cce3bd4b49a75038ab88b2f64c1e98b34bb0f
raw/archives/diazepam.tar.gz,diazepam/alpha2/2026091904/pose_07/pose_status.json,569,213774441277299ce9fc6d11c641a2c386e0dc08ad57d37a24b1f724662dbe33
raw/archives/diazepam.tar.gz,diazepam/alpha2/2026091904/pose_07/report.txt,3272,eb7eb413d1c30eb1c7f31a1a4e88a1c74efe8f613dfc32ccf1382fc11ff59681
raw/archives/diazepam.tar.gz,diazepam/alpha2/2026091904/pose_07/report.xml,7884,091cc4ce32b03d37c166f73c62f98ea2bf607b06f5a1fad499e0b3bc27b7517b
raw/archives/diazepam.tar.gz,diazepam/alpha2/2026091904/pose_08/ligand.sdf,2884,8e2a787e1498d0b59a74c74b13b79c98fd62adfa67772ef6278cfa9659e8866f
raw/archives/diazepam.tar.gz,diazepam/alpha2/2026091904/pose_08/pose_status.json,569,bc437e5c793a477d3042f4911c8d32647c1bdfa91427464787dac9d7215f5629
raw/archives/diazepam.tar.gz,diazepam/alpha2/2026091904/pose_08/report.txt,3209,91edcb551a2778ac1362407ad22bda5a0292aab92467f90897016c65e7c97c2f
raw/archives/diazepam.tar.gz,diazepam/alpha2/2026091904/pose_08/report.xml,7892,5995d3324d4c66f8769bc556af74cec14242887e9ec50b044d9de40b0ec71373
raw/archives/diazepam.tar.gz,diazepam/alpha2/2026091904/pose_09/ligand.sdf,2884,d6e7ffe4bc988f56b94dc8b80f24680815da18d1bcb0012f7133f21ae2a09ba0
raw/archives/diazepam.tar.gz,diazepam/alpha2/2026091904/pose_09/pose_status.json,569,80323c00a6876ab67324856f210cdf460a64deab8ca9f2f8ec3eb1d0ad74945b
raw/archives/diazepam.tar.gz,diazepam/alpha2/2026091904/pose_09/report.txt,1728,f112e14bb85f39b22eca248a11b05f3cad4570813248ff13850e157174e98c4d
raw/archives/diazepam.tar.gz,diazepam/alpha2/2026091904/pose_09/report.xml,6057,5d914b2c61c20c7dfb90886d8eebd7be5e7f4d96c084d0d0692b32f7532d59c8
raw/archives/diazepam.tar.gz,diazepam/alpha2/2026091904/pose_manifest.json,5403,dc84262f4086f147125427f4141162c6b9154d6e630e1ff09258a239a55acacf
raw/archives/diazepam.tar.gz,diazepam/alpha2/2026091904/poses.pdbqt,18711,10a8e3630d6ec7b513f812ab20459414e09da6aa30294363945d214d1003ed0a
raw/archives/diazepam.tar.gz,diazepam/alpha2/2026091904/vina.log,2384,23b51a8f840537f1b71bbb107e638e227b347144a2c59f4773906cd51b2ccfed
raw/archives/diazepam.tar.gz,diazepam/alpha2/2026091905/docking.json,1525,c98133254e27166c500ba4e822d258de11e85e8db50d82b55e0e791253da87d9
raw/archives/diazepam.tar.gz,diazepam/alpha2/2026091905/interactions.json,25702,f904b2b3b40d66ee25623301d2cb9ae07376b2656dc3f2b7fd07411921d8aa64
raw/archives/diazepam.tar.gz,diazepam/alpha2/2026091905/plip.log,1872,af38031ebbd57893c08663c293836b377c44c03143b6a735689432b7a954ce30
raw/archives/diazepam.tar.gz,diazepam/alpha2/2026091905/plip_done.json,29,bef149d6b4bcd0e8393fac45503362a862d45eadcceff434b3d9640f4b008ec4
raw/archives/diazepam.tar.gz,diazepam/alpha2/2026091905/pose_01/ligand.sdf,2884,fbdcb3d95fd98ac9382809a8b4157e01abecc492c3a143af0e1a9896205d16fd
raw/archives/diazepam.tar.gz,diazepam/alpha2/2026091905/pose_01/pose_status.json,569,f3b91c23c8c638b45e499a2e32c3b4cb52cfb57a48275654ec2643fb53954a37
raw/archives/diazepam.tar.gz,diazepam/alpha2/2026091905/pose_01/report.txt,4681,16a0dc0c70f7d5b8c0d4e32b6ad3d836334360eb9f3d6cf74091966e09b86457
raw/archives/diazepam.tar.gz,diazepam/alpha2/2026091905/pose_01/report.xml,9897,39d89b923ca4e7e0a70799841d6bd0ed5d54ddd362010f9e7cf6b97de9dc141a
raw/archives/diazepam.tar.gz,diazepam/alpha2/2026091905/pose_02/ligand.sdf,2884,d251acb2d6c9e200f510b3505a5f9f9fe56cdb9525297e3d4cb640e543964005
raw/archives/diazepam.tar.gz,diazepam/alpha2/2026091905/pose_02/pose_status.json,569,a8abe38752309fa367bda98f49c98a2e30c4ae72e8e9c3f17a954572e82c5c49
raw/archives/diazepam.tar.gz,diazepam/alpha2/2026091905/pose_02/report.txt,3529,063b93708f2024a39b1f9930bfc42655d79687693dc998805c9681cd40bdadd6
raw/archives/diazepam.tar.gz,diazepam/alpha2/2026091905/pose_02/report.xml,8826,346b9232b7a59c624491bee9aba3f2253d85d912afdfcf95e5abd2ca528f168b
raw/archives/diazepam.tar.gz,diazepam/alpha2/2026091905/pose_03/ligand.sdf,2884,24435f43b419197f912a080ed16dc9f5b9647af560dc838e9e6bddcf291a5266
raw/archives/diazepam.tar.gz,diazepam/alpha2/2026091905/pose_03/pose_status.json,569,d6c5b1fa7594dfc3b53c474a98bf5af6b38e5c3640534a63894d4d2964404d0b
raw/archives/diazepam.tar.gz,diazepam/alpha2/2026091905/pose_03/report.txt,2399,3355a17e547024bcf3e2d0feb43504ebeab62988235ecb03743b94d234cfe1ce
raw/archives/diazepam.tar.gz,diazepam/alpha2/2026091905/pose_03/report.xml,7821,cc618228fea9e8ea494f3fc186a0e5dc3fdffb75a8d40c5db9c3c31510a783df
raw/archives/diazepam.tar.gz,diazepam/alpha2/2026091905/pose_04/ligand.sdf,2884,5b5ca8221e8d708c583b317bc2dd261689cddc155a43d94fa7267773a138cfcb
raw/archives/diazepam.tar.gz,diazepam/alpha2/2026091905/pose_04/pose_status.json,569,4409065c457ed7141d6807aaad41a18e3531ad60b93817d04929d92b4940d544
raw/archives/diazepam.tar.gz,diazepam/alpha2/2026091905/pose_04/report.txt,1730,3c5e2c1b13bfa74d7cbdd5ee8a8bf84de9a9b6c6034bce14509c3e5c207b70c7
raw/archives/diazepam.tar.gz,diazepam/alpha2/2026091905/pose_04/report.xml,6363,2cd9060d8a90b6b92588e92fe213a31ed3c41fdd36447707fa80c68c35825b27
raw/archives/diazepam.tar.gz,diazepam/alpha2/2026091905/pose_05/ligand.sdf,2884,91e23313075a41e5fb8e5155d996edfbb11550e3e37c222dafcae2a08edbfa27
raw/archives/diazepam.tar.gz,diazepam/alpha2/2026091905/pose_05/pose_status.json,569,156eaad6bebc6a461edc9076675962d5a841ffcbeb0fcdde274cc57dc3cac296
raw/archives/diazepam.tar.gz,diazepam/alpha2/2026091905/pose_05/report.txt,2910,218f3e979746fb4997a30d858741c7340d1dbb0d3a148dc23456d1db9ad46f9c
raw/archives/diazepam.tar.gz,diazepam/alpha2/2026091905/pose_05/report.xml,7448,a88d68a2194705caad15bef25e2ee5c4fae999d4a3e8c7406388cbbf8c4e092d
raw/archives/diazepam.tar.gz,diazepam/alpha2/2026091905/pose_06/ligand.sdf,2884,fdc7f5ed7961dfe94b6f58588b1628aba6e573ea1d7c7274334cbc9f22ad113e
raw/archives/diazepam.tar.gz,diazepam/alpha2/2026091905/pose_06/pose_status.json,569,0b10e5afb2bb81f649f4709e1f54e14ba099b73baa485d31f4ccb0625c63a862
raw/archives/diazepam.tar.gz,diazepam/alpha2/2026091905/pose_06/report.txt,3568,d6fbcd89e975c757e8234d79ef93c28cc7ea2be1ec56a7b55ac82427cde5ca08
raw/archives/diazepam.tar.gz,diazepam/alpha2/2026091905/pose_06/report.xml,8741,2ba81944e9ceca741d6144537a7e5e34c89d5905aea23b85b9e45e67622ecef4
raw/archives/diazepam.tar.gz,diazepam/alpha2/2026091905/pose_07/ligand.sdf,2884,5769bd74fd136c3cd44fabd59176124524877dc1348a2a3d7a91a8d04c37f4d3
raw/archives/diazepam.tar.gz,diazepam/alpha2/2026091905/pose_07/pose_status.json,569,594210b7c8e77b258c511ab39ba20abba851961faf0f8eca1f04b439229167a1
raw/archives/diazepam.tar.gz,diazepam/alpha2/2026091905/pose_07/report.txt,2059,a3fbb38b9393aa8751cbcba433e96c3ea9e37f28745c905db9ed41b9d750c5c0
raw/archives/diazepam.tar.gz,diazepam/alpha2/2026091905/pose_07/report.xml,6756,2cafc4557cb157eed8601bf184cfe4a0fdb489dd3caa27cfda2aeca5a88bad62
raw/archives/diazepam.tar.gz,diazepam/alpha2/2026091905/pose_08/ligand.sdf,2884,1091a9978f8a6bdd88c6ece16c23d578edb522a09c43c587fb0a998783ef93c6
raw/archives/diazepam.tar.gz,diazepam/alpha2/2026091905/pose_08/pose_status.json,569,45ac3f183cdf5885ef2e54b4fa66df101fb04a5eeeeb6f5b9d680270bc23ac9b
raw/archives/diazepam.tar.gz,diazepam/alpha2/2026091905/pose_08/report.txt,3171,0f2986ee37036950141acd5b8ac901820142131038c43f8245231582e3b0abbe
raw/archives/diazepam.tar.gz,diazepam/alpha2/2026091905/pose_08/report.xml,7828,42fcfd7e25a76891a5b84413420ee84223d6a1b7b5f14a07b874fa80682c95ef
raw/archives/diazepam.tar.gz,diazepam/alpha2/2026091905/pose_09/ligand.sdf,2884,ba34c2ec46b5aee9dffca8856ef8df987ff790d56b9915e70b799282fa46a466
raw/archives/diazepam.tar.gz,diazepam/alpha2/2026091905/pose_09/pose_status.json,569,93f180df9e55d6415050e5cac8b1bc43bfed2c5a9efb6613688106aa2d70c57c
raw/archives/diazepam.tar.gz,diazepam/alpha2/2026091905/pose_09/report.txt,1728,1f05eb0ad459081c340a8bf3097ff3fc8d7ad7702574a93a346f3374bd256b7a
raw/archives/diazepam.tar.gz,diazepam/alpha2/2026091905/pose_09/report.xml,6141,280681fea9a725fe1edf11816f16d75ca6c6224e98282546e0e01789b7d001a7
raw/archives/diazepam.tar.gz,diazepam/alpha2/2026091905/pose_manifest.json,5403,a89ffbe0e3a999f687efdc68ba01996ea55de2960c995c7ce69237cfbdc21543
raw/archives/diazepam.tar.gz,diazepam/alpha2/2026091905/poses.pdbqt,18711,ffa2a0f307f9231f5f6330766d4dcdf3a9d70983c65fa93069d377d7558515ed
raw/archives/diazepam.tar.gz,diazepam/alpha2/2026091905/vina.log,2384,dbfac9067e8e883180f4a1d0e0e3ecf1a19e0bc186101dc20aa5dbff8ab824a7
raw/archives/alprazolam.tar.gz,alprazolam/alpha1/2026091901/docking.json,1533,c9a323c4a470266a6229800313520d243bd75454b787b68a99add7cc85a7709c
raw/archives/alprazolam.tar.gz,alprazolam/alpha1/2026091901/interactions.json,38202,cc931f5bb3d5d79db32538626d721e969a27f159b4da019aecfa6cf37bf78a8d
raw/archives/alprazolam.tar.gz,alprazolam/alpha1/2026091901/plip.log,1680,1133d809e0dfa89be823fdb23c772d6d7d2e5f15af3691b38c0720518ccba570
raw/archives/alprazolam.tar.gz,alprazolam/alpha1/2026091901/plip_done.json,29,f2698fd200eb938a15b1eea3d414890a7d37031a8ea6ef21aeee718e8e33d951
raw/archives/alprazolam.tar.gz,alprazolam/alpha1/2026091901/pose_01/ligand.sdf,3063,8c9a52a59aca112c55795d45fb9ef0ec28811f74aba463f0b7ee0c80e3296622
raw/archives/alprazolam.tar.gz,alprazolam/alpha1/2026091901/pose_01/pose_status.json,571,0206343c61d0ac131effeee85fa1066be61035824fb8dee653237611723c447b
raw/archives/alprazolam.tar.gz,alprazolam/alpha1/2026091901/pose_01/report.txt,6720,94b24294eb867d8b3ad4566d3b7864c855a54c38e832b09f6c03832addff9ec8
raw/archives/alprazolam.tar.gz,alprazolam/alpha1/2026091901/pose_01/report.xml,12825,03674489c95c5605dcac4871035f610e241ee0614cd6fd9b2f6e64b6c45fafec
raw/archives/alprazolam.tar.gz,alprazolam/alpha1/2026091901/pose_02/ligand.sdf,3063,c5b3552ed85ca54bda57a8310bb33ceb526df3edee2f9283c2859e5144bbb701
raw/archives/alprazolam.tar.gz,alprazolam/alpha1/2026091901/pose_02/pose_status.json,571,c198a0e6ced50f98e4b2e7b0d1098823ab776eb797796c275c73d174a9d356a4
raw/archives/alprazolam.tar.gz,alprazolam/alpha1/2026091901/pose_02/report.txt,6720,2a63ba4b045da97e75e7c0b818fd8c1f827252f9c29fd5074f5f16d54aa91f81
raw/archives/alprazolam.tar.gz,alprazolam/alpha1/2026091901/pose_02/report.xml,12825,eb6a47bca7e17aad59d902d879fd3180afb2e59fbd14cae1b0807b36fb82a896
raw/archives/alprazolam.tar.gz,alprazolam/alpha1/2026091901/pose_03/ligand.sdf,3063,a609be2f93dd440cb7d70ccd2021d42818383a289c2de65cbbe0e0f1808867c4
raw/archives/alprazolam.tar.gz,alprazolam/alpha1/2026091901/pose_03/pose_status.json,571,50d9f02a8e48956e54848df093230d6c9a74bceab85a434e7ef5335d5ecb3d42
raw/archives/alprazolam.tar.gz,alprazolam/alpha1/2026091901/pose_03/report.txt,3729,d640d4913b4ca67168dace51c4ed2d5e25350612850a494d1b91d8ecfa73fff8
raw/archives/alprazolam.tar.gz,alprazolam/alpha1/2026091901/pose_03/report.xml,9694,d21e79aefb5d36805e5eecb82098f721d46e95febd56606f213a952b5c9e7190
raw/archives/alprazolam.tar.gz,alprazolam/alpha1/2026091901/pose_04/ligand.sdf,3063,351f0b968501e999f8c4d672280836985cbd750b9a90274daffdd6a0b58c6a91
raw/archives/alprazolam.tar.gz,alprazolam/alpha1/2026091901/pose_04/pose_status.json,571,01a14cc7d7c30f161bd1241322aa28adf15bf1ce1a1f5890ffb4274102f14bec
raw/archives/alprazolam.tar.gz,alprazolam/alpha1/2026091901/pose_04/report.txt,5596,284cca4a5d062683be3d30aa5a5904fa14afe1f2229f89cf376b3b5cf7d96dcb
raw/archives/alprazolam.tar.gz,alprazolam/alpha1/2026091901/pose_04/report.xml,10442,273b9579af54c7b676d0c1885a43a08d8365dfba9d6ae1607a7594c7b8c7da2d
raw/archives/alprazolam.tar.gz,alprazolam/alpha1/2026091901/pose_05/ligand.sdf,3063,f72c524d37251f2c3c18dcfa2f0d5944924899ed0360070a373aec72117ebc10
raw/archives/alprazolam.tar.gz,alprazolam/alpha1/2026091901/pose_05/pose_status.json,571,c745344fca5d495bb39e39a3507f8805e3c1281524be6a3ee7331752b4985505
raw/archives/alprazolam.tar.gz,alprazolam/alpha1/2026091901/pose_05/report.txt,3956,efb0384018b64cc3a54a78f88924c871772e130e2dcd120a575250777aa509c2
raw/archives/alprazolam.tar.gz,alprazolam/alpha1/2026091901/pose_05/report.xml,9214,5d87cff241fed32fed8cf144627696347b7213b66cfa29e7c9feabfb178cb6c3
raw/archives/alprazolam.tar.gz,alprazolam/alpha1/2026091901/pose_06/ligand.sdf,3063,ba35aef68daa987a2e5b488aa509e7aef24f7b532a5614060ae012c53870f295
raw/archives/alprazolam.tar.gz,alprazolam/alpha1/2026091901/pose_06/pose_status.json,571,deeb115511013381fc358b2e62916cd7cdfd30dba875bad0382473a9b68acb76
raw/archives/alprazolam.tar.gz,alprazolam/alpha1/2026091901/pose_06/report.txt,4475,7cc46bff98a111d07afb93e6eb5c5a998ee6696612f09588d74c51c168c7a503
raw/archives/alprazolam.tar.gz,alprazolam/alpha1/2026091901/pose_06/report.xml,8920,182abdeaf891f40ec18bd1d00647d400c060ac789b3a3bff2b9552b61c6ba96b
raw/archives/alprazolam.tar.gz,alprazolam/alpha1/2026091901/pose_07/ligand.sdf,3063,0d6ef6d88afbd04602617aaef68f4c9909222ed89cd9bdf3889e91998bb4bcd4
raw/archives/alprazolam.tar.gz,alprazolam/alpha1/2026091901/pose_07/pose_status.json,571,2c08e1d981031eb1def08b75bb2333054ab8049580206a0a645037c86ef12840
raw/archives/alprazolam.tar.gz,alprazolam/alpha1/2026091901/pose_07/report.txt,3623,fb749a95505fdcfe5b14b2bd8c31ace296350677228e77a9693e2a88d2b5b210
raw/archives/alprazolam.tar.gz,alprazolam/alpha1/2026091901/pose_07/report.xml,8399,ff56873887a848aa5044f8f1246914ae09c5ff1b4bb99e90ff4043c2b23a8fb0
raw/archives/alprazolam.tar.gz,alprazolam/alpha1/2026091901/pose_08/ligand.sdf,3063,9c103a641bd9f7435bf9df87526123c4ae6529ff2127c32cb41030bd5e02ec37
raw/archives/alprazolam.tar.gz,alprazolam/alpha1/2026091901/pose_08/pose_status.json,571,c24ab7826b21013818c6cdc79352992386f47cd40f6b338f02c7803d41faed39
raw/archives/alprazolam.tar.gz,alprazolam/alpha1/2026091901/pose_08/report.txt,2410,52dc46686e2615d17da157a2944c05f9cf90ce2c079016e48f8a28c191f93016
raw/archives/alprazolam.tar.gz,alprazolam/alpha1/2026091901/pose_08/report.xml,7437,0637c40edda959319324ccf9c1b00e339e4c3d4cdeea44a8c08804e93334965f
raw/archives/alprazolam.tar.gz,alprazolam/alpha1/2026091901/pose_manifest.json,4819,51985591bd099bb28e1da1234db9ae5953c71f0a97b054fb6407bfe4b513c4ff
raw/archives/alprazolam.tar.gz,alprazolam/alpha1/2026091901/poses.pdbqt,18024,7bc901d1e6595a0e248bd397d8072eac2dcc43dbd226effb907eab33d12aeb51
raw/archives/alprazolam.tar.gz,alprazolam/alpha1/2026091901/vina.log,2386,9b3d127aca1e23445764332b068626f96b9dd88fc5b1abe9d0a63c961be74c5a
raw/archives/alprazolam.tar.gz,alprazolam/alpha1/2026091902/docking.json,1533,916f28397e1d37c54189a51c837e067059164a9ce6466f024e0fe4998d884790
raw/archives/alprazolam.tar.gz,alprazolam/alpha1/2026091902/interactions.json,35942,162143a1dceb3f1fef239492de639fa7d738560c918625a17e6e9c1f83e97df1
raw/archives/alprazolam.tar.gz,alprazolam/alpha1/2026091902/plip.log,1470,b878886f22e5e735d3d9956d81bbf62386e1a26016be0a36f053c31b2be00d03
raw/archives/alprazolam.tar.gz,alprazolam/alpha1/2026091902/plip_done.json,29,36bc175361431d7582d6e6075c18d4b3e9bf3330ec4e196921099d68f08302ae
raw/archives/alprazolam.tar.gz,alprazolam/alpha1/2026091902/pose_01/ligand.sdf,3063,574fee35fa81167730688b5c54dbdac3077f91087953d8578401576a338497b3
raw/archives/alprazolam.tar.gz,alprazolam/alpha1/2026091902/pose_01/pose_status.json,571,3b0ed5628f1c2f7b6b7148618e40a50bcb65b1b1d734bba8d7dfa6af47457236
raw/archives/alprazolam.tar.gz,alprazolam/alpha1/2026091902/pose_01/report.txt,6720,ef3763ee0b2b8ccfdadaf8045829b8d23a2196f7b682586b98fad64169f6a9f2
raw/archives/alprazolam.tar.gz,alprazolam/alpha1/2026091902/pose_01/report.xml,12825,9dd3f221f31a5537c68095895338c3db2e2c0dbd2966b109067c45feca16f847
raw/archives/alprazolam.tar.gz,alprazolam/alpha1/2026091902/pose_02/ligand.sdf,3063,0a95353c79e1323cc289fcd0fa1de204af9aaab9af16fb73e358af8e6c9dee50
raw/archives/alprazolam.tar.gz,alprazolam/alpha1/2026091902/pose_02/pose_status.json,571,848553204a940a3ad25c2aa7384329af27bbe0a896a7f3834c131d36b562faa0
raw/archives/alprazolam.tar.gz,alprazolam/alpha1/2026091902/pose_02/report.txt,3729,5458c04ce4b8f0a036e353d5da9f37f37a1730b9366b892721bd687810617047
raw/archives/alprazolam.tar.gz,alprazolam/alpha1/2026091902/pose_02/report.xml,9694,019e91bcd4a1a7b256fcfc7471c472e251333f661bb0d06ece893ca151919bec
raw/archives/alprazolam.tar.gz,alprazolam/alpha1/2026091902/pose_03/ligand.sdf,3063,fb8ef318161b47b36996e73ae4318d799877b7c3b20b91a9edb2f4df419f1d36
raw/archives/alprazolam.tar.gz,alprazolam/alpha1/2026091902/pose_03/pose_status.json,571,7caf0ed780e75b5de9c6bd33f7fab3a14e16b0be0ec2e1cd2746dae6d5c79a9a
raw/archives/alprazolam.tar.gz,alprazolam/alpha1/2026091902/pose_03/report.txt,5440,cafb0ec2d3d84df7851ee971826045038c81b95a77bfc9124b2afdf9f1c9d78b
raw/archives/alprazolam.tar.gz,alprazolam/alpha1/2026091902/pose_03/report.xml,11454,576e6c66d3170b22b2ab7f7cc4a85af394dacadafcb6d5daa3987a6ba31479c6
raw/archives/alprazolam.tar.gz,alprazolam/alpha1/2026091902/pose_04/ligand.sdf,3063,75bd4400a323c31a4a71b22554b35832027f1df2434265a0907a573fdb7c37fd
raw/archives/alprazolam.tar.gz,alprazolam/alpha1/2026091902/pose_04/pose_status.json,571,04454b49ddca9e62b93d4cfdfc00defb64d3dc4b3c2596bb1f11f684823e6ec3
raw/archives/alprazolam.tar.gz,alprazolam/alpha1/2026091902/pose_04/report.txt,5929,d555c010a0e866dc6c09e5826056725fa5a71bdc776f55eb781c97e2198ef604
raw/archives/alprazolam.tar.gz,alprazolam/alpha1/2026091902/pose_04/report.xml,11175,02a26a08f3094f8ffc6f732001b1ff9dacb267b06825efa26b507e0bc7fe0d06
raw/archives/alprazolam.tar.gz,alprazolam/alpha1/2026091902/pose_05/ligand.sdf,3063,757185a43af45a627c97d4617517530e7306e73be3a57c2a7856df1676e27e5c
raw/archives/alprazolam.tar.gz,alprazolam/alpha1/2026091902/pose_05/pose_status.json,571,d08699ef1b75b7bac7afff69721883286fa490bc017ed910d5f664f98f6cd55a
raw/archives/alprazolam.tar.gz,alprazolam/alpha1/2026091902/pose_05/report.txt,3956,fdc886576028a5f293868410e180054c30bf5edf4daf6c550716d260a00fb3f2
raw/archives/alprazolam.tar.gz,alprazolam/alpha1/2026091902/pose_05/report.xml,9298,7dcd5b142448463bc97736dfc86ef3320ea1aecf46a8fe15e850beab2fb3bcb5
raw/archives/alprazolam.tar.gz,alprazolam/alpha1/2026091902/pose_06/ligand.sdf,3063,29657e82057fbceb7f5edbf3d3ebc096a386240be062dce1fdcdb323efd49626
raw/archives/alprazolam.tar.gz,alprazolam/alpha1/2026091902/pose_06/pose_status.json,571,02ad0f0abe8d7310051064d072495cd4d2f8a3dcd580491088199772191b5453
raw/archives/alprazolam.tar.gz,alprazolam/alpha1/2026091902/pose_06/report.txt,5587,874eddd74598095c3d35086a68dcb829db3862d27ff754a9e96729d95181330e
raw/archives/alprazolam.tar.gz,alprazolam/alpha1/2026091902/pose_06/report.xml,9658,b476a92a22ac6f6d8dc94a78ddc377a0f2706317e0efdf6b360ccd0c43b2f71e
raw/archives/alprazolam.tar.gz,alprazolam/alpha1/2026091902/pose_07/ligand.sdf,3063,62d49370bd768ac5e26c0c7a971dd708f9f68c0142060217101b7219f9b7b1ec
raw/archives/alprazolam.tar.gz,alprazolam/alpha1/2026091902/pose_07/pose_status.json,571,af59bc601f7736973d3784601e02e940e6b2aea7e70d706aa388e39a836800d5
raw/archives/alprazolam.tar.gz,alprazolam/alpha1/2026091902/pose_07/report.txt,3623,9049b30f48b5748032ed56f5e28d4b0169a8e28f638f7afc4976644276f6a98d
raw/archives/alprazolam.tar.gz,alprazolam/alpha1/2026091902/pose_07/report.xml,8399,10e1df14e0af1197c3ae767fae46313c17cc4e19d93379d1befdd2b412e8e488
raw/archives/alprazolam.tar.gz,alprazolam/alpha1/2026091902/pose_manifest.json,4217,ebebfd4fe889e11c1fa1aba723bd8911ed1263137630f7043d5341d3d52b6650
raw/archives/alprazolam.tar.gz,alprazolam/alpha1/2026091902/poses.pdbqt,15771,72bd3baa3b4e3a6a5c9b6229bd8564734a57e04e288de2b7d74bf243fe23565a
raw/archives/alprazolam.tar.gz,alprazolam/alpha1/2026091902/vina.log,2386,c81b7e096dc9f1ba6f1a7863968cc3dc2d284c08a3d7fce9a4d34bc459731873
raw/archives/alprazolam.tar.gz,alprazolam/alpha1/2026091903/docking.json,1533,5aae2bd23a3206e78317b8f19a45fb37bbbd394ceb9741225cff573b90aa38a7
raw/archives/alprazolam.tar.gz,alprazolam/alpha1/2026091903/interactions.json,38994,7fd6eebf4e7ef38f4ec0cb46cdbe46699bf86375e8735e914d4de30b79fe00ba
raw/archives/alprazolam.tar.gz,alprazolam/alpha1/2026091903/plip.log,1470,8650dd1c77a5102da1067940d64121f6e5b8108713a11dc7a0ea06c68b98c653
raw/archives/alprazolam.tar.gz,alprazolam/alpha1/2026091903/plip_done.json,29,36bc175361431d7582d6e6075c18d4b3e9bf3330ec4e196921099d68f08302ae
raw/archives/alprazolam.tar.gz,alprazolam/alpha1/2026091903/pose_01/ligand.sdf,3063,40ec35bc150c277e8feb2790a5df551393370a6390cd4410c55fa8043afb218b
raw/archives/alprazolam.tar.gz,alprazolam/alpha1/2026091903/pose_01/pose_status.json,572,5a1a62a6d95b5e0da9f868453e51cef28e122dd1d03367badcfffc5658f4a62e
raw/archives/alprazolam.tar.gz,alprazolam/alpha1/2026091903/pose_01/report.txt,7053,4946038b1f561824f842e20e04453b622584032dfa6299c984bd5302d451cc88
raw/archives/alprazolam.tar.gz,alprazolam/alpha1/2026091903/pose_01/report.xml,13473,da3d8a90b0f7d3bb2c6a4924b3a72990eb1917fce379982313de63a892e0e677
raw/archives/alprazolam.tar.gz,alprazolam/alpha1/2026091903/pose_02/ligand.sdf,3063,f521a05fd8ea925bb70793a306a2847be6a8070ed68bdc74712eea2812a7bc97
raw/archives/alprazolam.tar.gz,alprazolam/alpha1/2026091903/pose_02/pose_status.json,571,99d759f72adb023d977652cbb8da46ba94a8f12f6746167975b80e7c26472d73
raw/archives/alprazolam.tar.gz,alprazolam/alpha1/2026091903/pose_02/report.txt,3729,72c536b54182343d8e0316016d42d0e806be90b8d194a06ac5cccc79cab4857b
raw/archives/alprazolam.tar.gz,alprazolam/alpha1/2026091903/pose_02/report.xml,9694,a2d818c07b0c3c063ffab5a60f7758a10ed9b2cdb63fa2e9de33a465efad7fa4
raw/archives/alprazolam.tar.gz,alprazolam/alpha1/2026091903/pose_03/ligand.sdf,3063,572391baeb9907a93e7ea1265bfa945a516750d520f46147e8a2a49b8f74df77
raw/archives/alprazolam.tar.gz,alprazolam/alpha1/2026091903/pose_03/pose_status.json,571,0e9cf21ae68cd0496b9bcbe8bab5c16cf9ca4e9184b7c93392b7545bfc9c3cae
raw/archives/alprazolam.tar.gz,alprazolam/alpha1/2026091903/pose_03/report.txt,5440,9f1cb80a475591b2baf18c27593b52b3dd7f5d41c7ca69db4ac1a8150316b8b0
raw/archives/alprazolam.tar.gz,alprazolam/alpha1/2026091903/pose_03/report.xml,11370,853a55afbe17c952b76f3662be3decdeef4ca2f2777a77243c72aa6f6096ce6a
raw/archives/alprazolam.tar.gz,alprazolam/alpha1/2026091903/pose_04/ligand.sdf,3063,3f1f7b5e5bfab323c0cfd6dfbcce78ebffe516f148c1bef6423de187ca7ebb53
raw/archives/alprazolam.tar.gz,alprazolam/alpha1/2026091903/pose_04/pose_status.json,572,8048a08644cd6a96d7861e50df359155d399b9dfdfb6d2b93495b564aa3d9bc4
raw/archives/alprazolam.tar.gz,alprazolam/alpha1/2026091903/pose_04/report.txt,6562,098216a1000a74ae04dac81370c2eb3266179a6ca81d6d7f23a98e504847afd7
raw/archives/alprazolam.tar.gz,alprazolam/alpha1/2026091903/pose_04/report.xml,13630,5a96c8463eee6597a0c951a814e0240af39139275f329e9a9bbe8ed98da7a285
raw/archives/alprazolam.tar.gz,alprazolam/alpha1/2026091903/pose_05/ligand.sdf,3063,a63827e0d8904e8eb8c42b15da97922fdee89c6d0e48deb8ae6343890f9002d0
raw/archives/alprazolam.tar.gz,alprazolam/alpha1/2026091903/pose_05/pose_status.json,571,291fdc1601044c5101d20941a0ffbca92d6a37de816d04e65d335d2aecaf1048
raw/archives/alprazolam.tar.gz,alprazolam/alpha1/2026091903/pose_05/report.txt,3956,e997845cbb25f361f7a1dfa493de3bc74188dbe0ae6079a1075fffa5554817c1
raw/archives/alprazolam.tar.gz,alprazolam/alpha1/2026091903/pose_05/report.xml,9298,2ed10fc531c05281fe4fd9156f65883a94570462898761fb2368f95e41b60a8e
raw/archives/alprazolam.tar.gz,alprazolam/alpha1/2026091903/pose_06/ligand.sdf,3063,b0b7d3864fc83edac8281d8cc65ace8404beef746eb371e011a134a4fdaf32f3
raw/archives/alprazolam.tar.gz,alprazolam/alpha1/2026091903/pose_06/pose_status.json,571,ec493d006e7917852aee5daa86311d0cbcb500d43706c88fe0200b1555c0fb82
raw/archives/alprazolam.tar.gz,alprazolam/alpha1/2026091903/pose_06/report.txt,4236,313907bb7e600f5f6aceae7c1e3c7e9ceffe8c21af812b497fff185efd802bfb
raw/archives/alprazolam.tar.gz,alprazolam/alpha1/2026091903/pose_06/report.xml,10374,6a1502f36fdeedfa156ed9adee9804d2fa06329a5c2485d88ce0596daa77f309
raw/archives/alprazolam.tar.gz,alprazolam/alpha1/2026091903/pose_07/ligand.sdf,3063,1fd257d431f45f6488328affe9eaec294200350c1e2b8c828c896b9621294395
raw/archives/alprazolam.tar.gz,alprazolam/alpha1/2026091903/pose_07/pose_status.json,571,3e599a5a8c424c5b1d91673f9c234a5eba3e4aff2c1a3ad1415b002fefc838a7
raw/archives/alprazolam.tar.gz,alprazolam/alpha1/2026091903/pose_07/report.txt,4142,7b6f1f3d71561f0c52509cc85726b7b67703bff3d62114233195c840d82f4947
raw/archives/alprazolam.tar.gz,alprazolam/alpha1/2026091903/pose_07/report.xml,8276,cc3252229f8eaa03b00eba22cb650774d942685d8bfecec861231b80ded4f800
raw/archives/alprazolam.tar.gz,alprazolam/alpha1/2026091903/pose_manifest.json,4219,49ffb5f81d0bf42fd49df50c508134b72ab828a68ccc3cab1d421b0ba39b1c4f
raw/archives/alprazolam.tar.gz,alprazolam/alpha1/2026091903/poses.pdbqt,15771,dc4215ffe0db0cc701055ae9748d016aecb7873d8d94ea4ba2db849c3f2e69db
raw/archives/alprazolam.tar.gz,alprazolam/alpha1/2026091903/vina.log,2386,b0a8f89b7efa7cb55df08dd9a053104ff544ed2701f56b22a551f451a9307838
raw/archives/alprazolam.tar.gz,alprazolam/alpha1/2026091904/docking.json,1533,bfa61b3a4e9859224882299dea5f787d1dce15d8b16f4deef2e144e198076383
raw/archives/alprazolam.tar.gz,alprazolam/alpha1/2026091904/interactions.json,37763,43f61b262bff21f43fb7f59c74750551f5eae6cf9b8378b805ebc280e165391a
raw/archives/alprazolam.tar.gz,alprazolam/alpha1/2026091904/plip.log,1470,a532e9e9d027b7c45701ab6460a95eafa7a11fb21d193f996a925f2430199f2b
raw/archives/alprazolam.tar.gz,alprazolam/alpha1/2026091904/plip_done.json,29,36bc175361431d7582d6e6075c18d4b3e9bf3330ec4e196921099d68f08302ae
raw/archives/alprazolam.tar.gz,alprazolam/alpha1/2026091904/pose_01/ligand.sdf,3063,e034247b1ae5d59810a0231ba9c64f9f6837d6ec628a29ed2a7d043aa01a2d17
raw/archives/alprazolam.tar.gz,alprazolam/alpha1/2026091904/pose_01/pose_status.json,571,d864787b3a29ea7be81354c5ccfd597746c984617a0d4d50b437fd930b7a574f
raw/archives/alprazolam.tar.gz,alprazolam/alpha1/2026091904/pose_01/report.txt,6720,83d21a23e27f8e8669f989c3ba44799216438c169f25ab0e81a57ba56580af25
raw/archives/alprazolam.tar.gz,alprazolam/alpha1/2026091904/pose_01/report.xml,12825,68f2113c791e1a400eacf6a6ee909d9d4fcbcfdc3b6902151f60ada6a24e7832
raw/archives/alprazolam.tar.gz,alprazolam/alpha1/2026091904/pose_02/ligand.sdf,3063,57bba58cbb8d8edfe1fa325cc189343a4a90ee1e252292c5cdb9f02d6bbf183a
raw/archives/alprazolam.tar.gz,alprazolam/alpha1/2026091904/pose_02/pose_status.json,572,63cb3b7cecae738093ce862aaf47e152db7cb3ef072c2a21d1fd7d37fe8b4a93
raw/archives/alprazolam.tar.gz,alprazolam/alpha1/2026091904/pose_02/report.txt,6562,27f8dbb848a00fe4c9f964ca2c7000719503175af056b0f2377ee9932f0d38e2
raw/archives/alprazolam.tar.gz,alprazolam/alpha1/2026091904/pose_02/report.xml,13631,8744215654965a8e2af083a67fb8075efb3b208b866a0c1b3ecb76def489c343
raw/archives/alprazolam.tar.gz,alprazolam/alpha1/2026091904/pose_03/ligand.sdf,3063,b4d3e026bf459d5c7d56814be140326a840b5fd2519e8986ae9f4d66e5d32bd9
raw/archives/alprazolam.tar.gz,alprazolam/alpha1/2026091904/pose_03/pose_status.json,571,00e52cee778e7a511b960283ee19c2e21cd9aade9133d47890189c5396d6bcb3
raw/archives/alprazolam.tar.gz,alprazolam/alpha1/2026091904/pose_03/report.txt,3729,24d41254eef51a282f29259a5eabab3b5070efb4672ab69ca450a3fc41ab14e1
raw/archives/alprazolam.tar.gz,alprazolam/alpha1/2026091904/pose_03/report.xml,9694,17d7f9aa434b59e25b50a750c950b529d26e22b7b0ee1d6d5ee070be7a94e37c
raw/archives/alprazolam.tar.gz,alprazolam/alpha1/2026091904/pose_04/ligand.sdf,3063,9b23f79203717202c0b80e27d6b5cf62e4252469da568e696c55e133db6bb25a
raw/archives/alprazolam.tar.gz,alprazolam/alpha1/2026091904/pose_04/pose_status.json,571,d99826d9915695e8e2599339539378f02bb70567a8117d427f6aff7af8048540
raw/archives/alprazolam.tar.gz,alprazolam/alpha1/2026091904/pose_04/report.txt,5440,7d395d4b6352eb7c2001c7fa7ba1d7c748819cc73dbe0b4a8fda653ff106c0e7
raw/archives/alprazolam.tar.gz,alprazolam/alpha1/2026091904/pose_04/report.xml,11454,0198b13926849530efd2acf1980c1c89ba3ea7d14197d4ade80762e13f86ae8c
raw/archives/alprazolam.tar.gz,alprazolam/alpha1/2026091904/pose_05/ligand.sdf,3063,47c3276bb3149305a1e1744dc42ce4906237a6b23634c9487eeec24aaab64ee1
raw/archives/alprazolam.tar.gz,alprazolam/alpha1/2026091904/pose_05/pose_status.json,571,f4bc33f9f1cbcd4e6713ceea3ece928057339e2b3c78fbc66536ea343ab93c82
raw/archives/alprazolam.tar.gz,alprazolam/alpha1/2026091904/pose_05/report.txt,3956,2db10572ae3483dd72126ef9d47ae247666431866b8407331dee574a05c0f273
raw/archives/alprazolam.tar.gz,alprazolam/alpha1/2026091904/pose_05/report.xml,9214,88896d34a21e881f3556bf2a281c52deb8166da92048119c5f168be830e83fa8
raw/archives/alprazolam.tar.gz,alprazolam/alpha1/2026091904/pose_06/ligand.sdf,3063,550d93da9d1a9583cde8f3d0378bae92f2f04afc0e0e18aab12f1d4279e54933
raw/archives/alprazolam.tar.gz,alprazolam/alpha1/2026091904/pose_06/pose_status.json,571,4e0cc2402e5559f23d87eabd6e15083224ba68e85211541c9d61d57711d0972d
raw/archives/alprazolam.tar.gz,alprazolam/alpha1/2026091904/pose_06/report.txt,5587,36d1c68b55e6396d2123c344b6cfdd1ae5a2908e009bb47532007783cc69c4f9
raw/archives/alprazolam.tar.gz,alprazolam/alpha1/2026091904/pose_06/report.xml,9658,8d8a7bd9b80e03a61884d045aff8295db0157a71c347800b3fd040cac982924b
raw/archives/alprazolam.tar.gz,alprazolam/alpha1/2026091904/pose_07/ligand.sdf,3063,c1042bfdecb0442e26da45f91416648e938fb0c87d51f287e95227e4482c1ddb
raw/archives/alprazolam.tar.gz,alprazolam/alpha1/2026091904/pose_07/pose_status.json,571,e5c0e9f58252aeb99ee0a27fb4e3fc34b7535d3197dfa9704640ec883e493bd9
raw/archives/alprazolam.tar.gz,alprazolam/alpha1/2026091904/pose_07/report.txt,4142,b257ec1fbce3ee6cfc1b7e445420b11801867608c8e2330e29361f0d9bcfccde
raw/archives/alprazolam.tar.gz,alprazolam/alpha1/2026091904/pose_07/report.xml,8276,0dd91f332bc8cab59d5acfd84794eb35624430c3b66cdb3d53b5bf2f0eb65721
raw/archives/alprazolam.tar.gz,alprazolam/alpha1/2026091904/pose_manifest.json,4218,2bcca289170f30508939fadeb551835049aaef61da4d37dee961a3fab6609cfb
raw/archives/alprazolam.tar.gz,alprazolam/alpha1/2026091904/poses.pdbqt,15771,3cfcfa96923c0bec92473fbbdcf556f36d4bd14d76e32a2eef93b3ed1613ec59
raw/archives/alprazolam.tar.gz,alprazolam/alpha1/2026091904/vina.log,2386,251ee697b8bebfaad9ae3f2c13d89c62c4ab38399ba14eb1c531275918d3f511
raw/archives/alprazolam.tar.gz,alprazolam/alpha1/2026091905/docking.json,1533,95a5cd152b070ed11bba8b42d9929ad71124b2e4881d284c8de854d6b932d135
raw/archives/alprazolam.tar.gz,alprazolam/alpha1/2026091905/interactions.json,32947,d9ccee2db7fe1571434ce312bf782f57e3575bfe706ebac67519a67d8678a7ce
raw/archives/alprazolam.tar.gz,alprazolam/alpha1/2026091905/plip.log,1260,a2b1f5b0df2f3b1c51691e53b3e4cbafef456f17bb9fc7023fe6cb919b0c991c
raw/archives/alprazolam.tar.gz,alprazolam/alpha1/2026091905/plip_done.json,29,3aec2cca9acbb2425a3f10ec8189c521f41d620e7ef24bba5b87e99dce78afe1
raw/archives/alprazolam.tar.gz,alprazolam/alpha1/2026091905/pose_01/ligand.sdf,3063,7cad9c5f4b85bc58f28b0a9f2a89d7428585ec16edf884838c53ee611979aabc
raw/archives/alprazolam.tar.gz,alprazolam/alpha1/2026091905/pose_01/pose_status.json,571,bba097a54faba2e801cd88eba7e07ea859607f29243b23fc4a20c9605027f271
raw/archives/alprazolam.tar.gz,alprazolam/alpha1/2026091905/pose_01/report.txt,6720,c4cfb8ec86074db7fc1e24e1ce37e45f96fe111ecfd084acf0edee7ba1681560
raw/archives/alprazolam.tar.gz,alprazolam/alpha1/2026091905/pose_01/report.xml,12825,219008eebfd9bc5e5838ac8ca959b8aa8571851a99fb7dcc64bf938bf61c31df
raw/archives/alprazolam.tar.gz,alprazolam/alpha1/2026091905/pose_02/ligand.sdf,3063,9ccb6573db9ddf63d3359e7c2446cf0961716a7119a7da2a2de20d2bfc707e7c
raw/archives/alprazolam.tar.gz,alprazolam/alpha1/2026091905/pose_02/pose_status.json,571,f18e6abe502342439543a548cb127e4d9f22d99745633404bf1bf1eebf706f7a
raw/archives/alprazolam.tar.gz,alprazolam/alpha1/2026091905/pose_02/report.txt,3729,39e3acf0b25a72121b3f2a95d6f5bc1c6d5bf83457ff7608cfe8dda450d870ee
raw/archives/alprazolam.tar.gz,alprazolam/alpha1/2026091905/pose_02/report.xml,9694,1f6af0a1759989593e30224b979a20030dacd636e543c9ecfdf7f736a3f523bf
raw/archives/alprazolam.tar.gz,alprazolam/alpha1/2026091905/pose_03/ligand.sdf,3063,86c3edfefe45ed7732b7b351a560f4b4cb216b299784a22a48af54a29054b53f
raw/archives/alprazolam.tar.gz,alprazolam/alpha1/2026091905/pose_03/pose_status.json,571,78628f59300858a7caf331bfaaa5a7a42dcb2ea050f19a2e5d3469baaa4fc51d
raw/archives/alprazolam.tar.gz,alprazolam/alpha1/2026091905/pose_03/report.txt,3956,a671c07a9fe3deb1a064e3707ef12da93bc9d9c9ec240ecbbeff6220c4179911
raw/archives/alprazolam.tar.gz,alprazolam/alpha1/2026091905/pose_03/report.xml,9298,feaf056e2c23396f1acc4d1a299cfcee33aaa4b15ac9b8b476f6e69abc520f0d
raw/archives/alprazolam.tar.gz,alprazolam/alpha1/2026091905/pose_04/ligand.sdf,3063,16433fca8ed444a9a55d553b891b34e66bc5fae52bfa9ea03c24ee41e65c8793
raw/archives/alprazolam.tar.gz,alprazolam/alpha1/2026091905/pose_04/pose_status.json,572,43af47e22dcce041b71b50c424310ecce04505647dbbde58ac90beae12d15dfd
raw/archives/alprazolam.tar.gz,alprazolam/alpha1/2026091905/pose_04/report.txt,7218,0dc1db5d69ce6ba07507c364fe501623b2923ba8242b1b8c26def2abdbcf6b62
raw/archives/alprazolam.tar.gz,alprazolam/alpha1/2026091905/pose_04/report.xml,15174,a59bc390b6de052a397c57445b1e73ea64c6625ab84c09e34308b367f60bf56b
raw/archives/alprazolam.tar.gz,alprazolam/alpha1/2026091905/pose_05/ligand.sdf,3063,819bda0760bb3517499096eed900ddf875103940421fccb5d3032f8e4e1c48ad
raw/archives/alprazolam.tar.gz,alprazolam/alpha1/2026091905/pose_05/pose_status.json,571,e7c5b3a30ef45fa4e76f4274124491d972a0a5328ade6eeda768c434dc5ed95c
raw/archives/alprazolam.tar.gz,alprazolam/alpha1/2026091905/pose_05/report.txt,5587,eed159f799eb3b05f0600031132d50bc4dd49ea89bf1acf0a0d95c3357ac48ae
raw/archives/alprazolam.tar.gz,alprazolam/alpha1/2026091905/pose_05/report.xml,9658,9b23754fc9a02a45ed31ca9da0ae9d5e41374b26b7042f8eb55b5517e7168aa4
raw/archives/alprazolam.tar.gz,alprazolam/alpha1/2026091905/pose_06/ligand.sdf,3063,8c91666cc3320a1444355c46a2eab2cbf4e75d5e50ad8e22505194a0128c8f4c
raw/archives/alprazolam.tar.gz,alprazolam/alpha1/2026091905/pose_06/pose_status.json,571,b73ac2ddddd987a7931df439e40ca34b951d1de53bfacb4732e82a30bc1105b5
raw/archives/alprazolam.tar.gz,alprazolam/alpha1/2026091905/pose_06/report.txt,4142,6b64762a90bdfae8e986d4c7ec7415ecd8350f830b09a02e7b29a060ab32eba1
raw/archives/alprazolam.tar.gz,alprazolam/alpha1/2026091905/pose_06/report.xml,8276,8a5096e04a2aa797a135ff1c0356cc4449fa9f1be7b35f031d75aaece2a3070c
raw/archives/alprazolam.tar.gz,alprazolam/alpha1/2026091905/pose_manifest.json,3616,3bbea82786e0be073b9e8cac2c49c41ef299d6eb6301d82baa6f6af434157033
raw/archives/alprazolam.tar.gz,alprazolam/alpha1/2026091905/poses.pdbqt,13518,33740d5ea2008baf15b457aafeceb6505e5cdece6a39dddee436f03030eac56b
raw/archives/alprazolam.tar.gz,alprazolam/alpha1/2026091905/vina.log,2386,5eba539018bd99c766e4c1b68836bcb81b252186c34a027d763b59787b5cffc6
raw/archives/alprazolam.tar.gz,alprazolam/alpha2/2026091901/docking.json,1531,f3daf4432aebacd4394b50584c576c3e7db7779a8a59bf846b27ea5076048999
raw/archives/alprazolam.tar.gz,alprazolam/alpha2/2026091901/interactions.json,18893,8da11784f7fb74e74f6c703820a8b8ed80a18272ac3a4dba01fe9e93de7fb056
raw/archives/alprazolam.tar.gz,alprazolam/alpha2/2026091901/plip.log,1890,8fd8604225de6de8e2c20b8f1bfd73faa5a381ce0e6c8e0ab79300e6060afdf3
raw/archives/alprazolam.tar.gz,alprazolam/alpha2/2026091901/plip_done.json,29,bef149d6b4bcd0e8393fac45503362a862d45eadcceff434b3d9640f4b008ec4
raw/archives/alprazolam.tar.gz,alprazolam/alpha2/2026091901/pose_01/ligand.sdf,3063,e8b612dded2124b2b2c91ccb0b04f3d6d0102ec0553b9206aa9bf29b40e7cd6e
raw/archives/alprazolam.tar.gz,alprazolam/alpha2/2026091901/pose_01/pose_status.json,571,688f41bb2e7e497f0d63835c1576a4e333ac7a4ce1bf22359e4290ad4a5bad02
raw/archives/alprazolam.tar.gz,alprazolam/alpha2/2026091901/pose_01/report.txt,3579,7f5da32cf43f47628b474c07f198f049e2004f6e8542c68cba483e6580afabc2
raw/archives/alprazolam.tar.gz,alprazolam/alpha2/2026091901/pose_01/report.xml,9015,b232ecdd4396a570772f6d34ae60764553743a77b1c2b1c6df5e71a8450a2379
raw/archives/alprazolam.tar.gz,alprazolam/alpha2/2026091901/pose_02/ligand.sdf,3063,ce25e97ce6f76c8b710ce932024f3908281db2ce3a3958c0aa7cc0ca1c615e96
raw/archives/alprazolam.tar.gz,alprazolam/alpha2/2026091901/pose_02/pose_status.json,571,51c38c22a809d12775e75898a7756a33cab1cdaa5e5fbbbbbe8df8850f75230b
raw/archives/alprazolam.tar.gz,alprazolam/alpha2/2026091901/pose_02/report.txt,2059,f8b60dbd780001102dc8630ba2a49efe7ff19cb4c764257ff353ad3b56eb193c
raw/archives/alprazolam.tar.gz,alprazolam/alpha2/2026091901/pose_02/report.xml,7201,172967b3510fdfa72f1bb12825182d1c6ac628e48d196d40c55720af604ee1d4
raw/archives/alprazolam.tar.gz,alprazolam/alpha2/2026091901/pose_03/ligand.sdf,3063,3a074d7d791c566a70c4136b50ffb162e9eac7dea757e23f2a62aa01c70c0b64
raw/archives/alprazolam.tar.gz,alprazolam/alpha2/2026091901/pose_03/pose_status.json,571,6ef51863ebf86b885448e204f224627a13c80e46fd5004fa77f96518965eaec2
raw/archives/alprazolam.tar.gz,alprazolam/alpha2/2026091901/pose_03/report.txt,2057,401cd56a13af8c9df7d5afdb1ef5c49d59778e7f0fea830d3ce2e00a2eb50706
raw/archives/alprazolam.tar.gz,alprazolam/alpha2/2026091901/pose_03/report.xml,6979,0ad8f711c6344bba8988bf619c3c80dd645da9c6ba497b1da9e3c0e8c8196c20
raw/archives/alprazolam.tar.gz,alprazolam/alpha2/2026091901/pose_04/ligand.sdf,3063,aa30a472a9a3ec5914472a339cacbcb481df2c920f5347906ec399a8bef85506
raw/archives/alprazolam.tar.gz,alprazolam/alpha2/2026091901/pose_04/pose_status.json,571,52c6e957c37123b7853a45116680d92491b74b9c36d35b030efff27da75751b9
raw/archives/alprazolam.tar.gz,alprazolam/alpha2/2026091901/pose_04/report.txt,2910,56e508afdd04348cf21dfc998ff4e81308be24d6695d9828628297b2ca079621
raw/archives/alprazolam.tar.gz,alprazolam/alpha2/2026091901/pose_04/report.xml,7639,900d61642bad095ddcef73a51ab081f0b4d202c822ccc7f6373c2a5106a00b3a
raw/archives/alprazolam.tar.gz,alprazolam/alpha2/2026091901/pose_05/ligand.sdf,3063,388a7d8f7cd202c0dfbaee957b7b5c0bf975ab12485d5a2b489bbbe702135d25
raw/archives/alprazolam.tar.gz,alprazolam/alpha2/2026091901/pose_05/pose_status.json,571,a30b555c4d77b9f1791285caa4324551a6c9156cc8684e9e8b79de9d4b6b48e6
raw/archives/alprazolam.tar.gz,alprazolam/alpha2/2026091901/pose_05/report.txt,1728,430796da6f4268e502773aa0a48775dcc03ba307005edcfd25bae09b21d7cb13
raw/archives/alprazolam.tar.gz,alprazolam/alpha2/2026091901/pose_05/report.xml,6248,ff261afacfc8c8660e88cd1899c28ae9074c742653ac315062441b02f1d101de
raw/archives/alprazolam.tar.gz,alprazolam/alpha2/2026091901/pose_06/ligand.sdf,3063,796b66571bacd235fbb464aa1f22020bdf4c4200ab5a4cf48f7cad2cdc9f4e1c
raw/archives/alprazolam.tar.gz,alprazolam/alpha2/2026091901/pose_06/pose_status.json,571,0241e11a758624affb1a6445cee43c2a7b24e3401f8f64277762a8e452fccf01
raw/archives/alprazolam.tar.gz,alprazolam/alpha2/2026091901/pose_06/report.txt,2388,2d558f6ee542f331b00fd4c5653036bbe3e7737bfe0bf2a3229e3c7e973160d7
raw/archives/alprazolam.tar.gz,alprazolam/alpha2/2026091901/pose_06/report.xml,7593,222963d25fa8bc917c2d664439b92762607d566754b5275140e88294a9839385
raw/archives/alprazolam.tar.gz,alprazolam/alpha2/2026091901/pose_07/ligand.sdf,3063,f55bbbf5bafdb7e4cf9105e9c3f0ab59fddd0ee5fa8ef158f6a515efe6ea3118
raw/archives/alprazolam.tar.gz,alprazolam/alpha2/2026091901/pose_07/pose_status.json,571,fe5f6f42a9a45bf2b9674a5888b016e5a68929f3d4787539c7d44624d487cb27
raw/archives/alprazolam.tar.gz,alprazolam/alpha2/2026091901/pose_07/report.txt,1399,39aba50a58b9dfcf82900921ede508c0d9ae54d7f2ff422970f13103d881096b
raw/archives/alprazolam.tar.gz,alprazolam/alpha2/2026091901/pose_07/report.xml,6107,0e572769c680e374e6b6201ec6adb702dac0c5a522c4dd41c06ee426b9375a66
raw/archives/alprazolam.tar.gz,alprazolam/alpha2/2026091901/pose_08/ligand.sdf,3063,3e232bf9ab1a747fc443ca18e49bf25daf2a519a9b46af81d0f1006222858032
raw/archives/alprazolam.tar.gz,alprazolam/alpha2/2026091901/pose_08/pose_status.json,571,ef45653650b5df6a4c577db019bc5394ce06736088e75b5d2424d102ea233892
raw/archives/alprazolam.tar.gz,alprazolam/alpha2/2026091901/pose_08/report.txt,1399,c4536977a5e8d2816fdee08c42eb129d349e5354e96087becf02df7f6e77d399
raw/archives/alprazolam.tar.gz,alprazolam/alpha2/2026091901/pose_08/report.xml,5435,d0ca046523a76acac5e883cce48d25d75a2cec389ee734d94454a93f7083818b
raw/archives/alprazolam.tar.gz,alprazolam/alpha2/2026091901/pose_09/ligand.sdf,3063,819cc2e4379cd4633cb4cc54de6055934a1526655ea911bb2b1b90dd64afbd0e
raw/archives/alprazolam.tar.gz,alprazolam/alpha2/2026091901/pose_09/pose_status.json,571,b537250b53c4be16cf85769f917202b923ecb6ce81a8953d0ab59f503f2a1b31
raw/archives/alprazolam.tar.gz,alprazolam/alpha2/2026091901/pose_09/report.txt,2832,780de8a64a28d3bd8e97545e4928ee8de116cb0dbd5306df2514ff4d09688a10
raw/archives/alprazolam.tar.gz,alprazolam/alpha2/2026091901/pose_09/report.xml,7375,3812f1082b1ece89db6f7c98c6ebc55e8d972158f5a9a5392c3a7827fa8f25ee
raw/archives/alprazolam.tar.gz,alprazolam/alpha2/2026091901/pose_manifest.json,5421,b619ec2fb7f9084083bf4b4db75b2a73c13fba9a161460f0ff565b13a254d6fb
raw/archives/alprazolam.tar.gz,alprazolam/alpha2/2026091901/poses.pdbqt,20277,be0fe43e7f8bc9bd8c126ac03da4d29c64ced4dfaea475a4ce452f1db7d9e3e2
raw/archives/alprazolam.tar.gz,alprazolam/alpha2/2026091901/vina.log,2386,bae0eae50bb06b7b58200559756e4fc2ed5a9ef245a62a09081b1b595079bfae
raw/archives/alprazolam.tar.gz,alprazolam/alpha2/2026091902/docking.json,1531,8fdade3fdb533cb168188b5faa7ee504c176b1811492c9d87482b45807ef280f
raw/archives/alprazolam.tar.gz,alprazolam/alpha2/2026091902/interactions.json,20388,6f71cdda375872af289eb152a81200b9f9c03ae2363eb23d85193a52803305c3
raw/archives/alprazolam.tar.gz,alprazolam/alpha2/2026091902/plip.log,1890,5852ceff608868b79ee293189ae2d2eea33cf81195c91eaee136b0f498931ec3
raw/archives/alprazolam.tar.gz,alprazolam/alpha2/2026091902/plip_done.json,29,bef149d6b4bcd0e8393fac45503362a862d45eadcceff434b3d9640f4b008ec4
raw/archives/alprazolam.tar.gz,alprazolam/alpha2/2026091902/pose_01/ligand.sdf,3063,9c093198c6427fe4ceca005d5c9fdc77a4623dbf9f9850a1d4ab636c60077449
raw/archives/alprazolam.tar.gz,alprazolam/alpha2/2026091902/pose_01/pose_status.json,571,f806d6de6da37ca7ce2d38d33bff370e01a736782bc2631cd9d31e5e503878f9
raw/archives/alprazolam.tar.gz,alprazolam/alpha2/2026091902/pose_01/report.txt,3579,cc2fd43e349e7fb1e9f5fb068b1c1c9b0a3ab18ded0c9943bb592e9e32745afe
raw/archives/alprazolam.tar.gz,alprazolam/alpha2/2026091902/pose_01/report.xml,9015,46ba6c8b3c38cb720046b8d5cd7be030dd1e3ec79bac246897e387d85dde98d0
raw/archives/alprazolam.tar.gz,alprazolam/alpha2/2026091902/pose_02/ligand.sdf,3063,24bbfc027d4078bff5faa2ab383c03dc24e2f9c1a3ea687d4c75290b5fd9a202
raw/archives/alprazolam.tar.gz,alprazolam/alpha2/2026091902/pose_02/pose_status.json,571,e6873397c63d72835529f250b0f32b9875f01d86b465a3dbd800307e9b13a993
raw/archives/alprazolam.tar.gz,alprazolam/alpha2/2026091902/pose_02/report.txt,2059,f31d71fda0f51bdd6d9e06f78930929496f7bcf0852cf76a69117fb0dc1a3cae
raw/archives/alprazolam.tar.gz,alprazolam/alpha2/2026091902/pose_02/report.xml,7285,9ca62b3c51b91ac302bd78267152ab7713ed358fa226d4d1d779caa19b8f6718
raw/archives/alprazolam.tar.gz,alprazolam/alpha2/2026091902/pose_03/ligand.sdf,3063,1fc6d88f7b9b0b42d3e864028d9f93abe99072c6698976403811a8e7e16620c1
raw/archives/alprazolam.tar.gz,alprazolam/alpha2/2026091902/pose_03/pose_status.json,571,8882d31d687f6763e9256c83cbdc66ff4c51cc0030b0c028b05e412f4847b34c
raw/archives/alprazolam.tar.gz,alprazolam/alpha2/2026091902/pose_03/report.txt,1728,8ee5ae3ec4a3ee290956337027025574d9b00b9ae119518a18aa13c2e5926749
raw/archives/alprazolam.tar.gz,alprazolam/alpha2/2026091902/pose_03/report.xml,6166,a8103a25fa4f13314f6cea5d9b12e4954781356974dd957eb9018295c213b041
raw/archives/alprazolam.tar.gz,alprazolam/alpha2/2026091902/pose_04/ligand.sdf,3063,b81386f144d776f08068ff1293e6c8e2b1d94e669f3abbdc26251245a5de13c8
raw/archives/alprazolam.tar.gz,alprazolam/alpha2/2026091902/pose_04/pose_status.json,571,d305863c8de7107514ca947093d3525c2af78b8f9e2d9d0d794698d0cbd21902
raw/archives/alprazolam.tar.gz,alprazolam/alpha2/2026091902/pose_04/report.txt,2910,7025e520da191264c2bea332af07a3e7454d09806ec290ed706061bc484fbe0f
raw/archives/alprazolam.tar.gz,alprazolam/alpha2/2026091902/pose_04/report.xml,7723,0372f4f4d1aa377538b5b440ee86919a46fa1e0e80af4e0379241d3b494e9678
raw/archives/alprazolam.tar.gz,alprazolam/alpha2/2026091902/pose_05/ligand.sdf,3063,d6487373725449a4d72e7044ea899be31cd25d970b2a902d26f8a8c47d335b0f
raw/archives/alprazolam.tar.gz,alprazolam/alpha2/2026091902/pose_05/pose_status.json,571,09ab08aa03b02093eac3117333d0edd582f45b76f7c47c4d4e97ac0e2fa40175
raw/archives/alprazolam.tar.gz,alprazolam/alpha2/2026091902/pose_05/report.txt,2057,c1e35548c69a51595c6889ab6d1a31b17fa0759060c777029c33b1bffd467c80
raw/archives/alprazolam.tar.gz,alprazolam/alpha2/2026091902/pose_05/report.xml,6979,e222b7c1c321581cb7d1606633d22b60df7b85c8fb8719e35c297a8f65fe4e46
raw/archives/alprazolam.tar.gz,alprazolam/alpha2/2026091902/pose_06/ligand.sdf,3063,e8672510304cef9d67a011ab0c911ecaa78c17eb614014f4fb50a560f1f78021
raw/archives/alprazolam.tar.gz,alprazolam/alpha2/2026091902/pose_06/pose_status.json,571,78c19544d149dc52ac190c9e272e64e1d60c64a84013e1269b914e79974709ef
raw/archives/alprazolam.tar.gz,alprazolam/alpha2/2026091902/pose_06/report.txt,2059,582ee1489a47cb995035a25a478d7e5b0ac6702f599f6fefd4c2b8d13f2d2754
raw/archives/alprazolam.tar.gz,alprazolam/alpha2/2026091902/pose_06/report.xml,7115,fb754fe110580d08c28b4458a04a7aa637ecf461e42b8bacbce38a6abaab685f
raw/archives/alprazolam.tar.gz,alprazolam/alpha2/2026091902/pose_07/ligand.sdf,3063,ad26822ce77ffb9a4362b3724a94ce7ada45e366ab1d23e671665b2ba993f433
raw/archives/alprazolam.tar.gz,alprazolam/alpha2/2026091902/pose_07/pose_status.json,571,9f31caedda1723834b89b17a862e84dac11207fb5b4545c5d5f39a63906b3388
raw/archives/alprazolam.tar.gz,alprazolam/alpha2/2026091902/pose_07/report.txt,3490,4cdbf9015303da0bd4e8fe8974eb72a222adb2d8802282bf48da86f6457436cf
raw/archives/alprazolam.tar.gz,alprazolam/alpha2/2026091902/pose_07/report.xml,8330,a55505848b410c6fca196852fff803a4cfca9399517616dcef6d69e29f185b4f
raw/archives/alprazolam.tar.gz,alprazolam/alpha2/2026091902/pose_08/ligand.sdf,3063,d9126838c66f35138524d62483c2b550914be4d5c7a2b7ffee17b8b8116fd167
raw/archives/alprazolam.tar.gz,alprazolam/alpha2/2026091902/pose_08/pose_status.json,571,474512be4b09b3b39cbee60258c4ad6c2ab2eccf248efe7d42ab8635567ca7c4
raw/archives/alprazolam.tar.gz,alprazolam/alpha2/2026091902/pose_08/report.txt,1728,4a9fd1de3fccaef89e0afa4a484f4ac55ac141afc4e72c47571f69537a2d0e76
raw/archives/alprazolam.tar.gz,alprazolam/alpha2/2026091902/pose_08/report.xml,6165,5bd191460a924512f4137bd1c31125dabeacc687eb6445f2b649c19a57c2c6ee
raw/archives/alprazolam.tar.gz,alprazolam/alpha2/2026091902/pose_09/ligand.sdf,3063,0bed01b1a6d8387ebc560b1aa9e063a320d8cad93529c877f82a8e5b3128e993
raw/archives/alprazolam.tar.gz,alprazolam/alpha2/2026091902/pose_09/pose_status.json,571,0a910286e5bf2346485655405b561216fb5b7e8575213777266160ce74786a5a
raw/archives/alprazolam.tar.gz,alprazolam/alpha2/2026091902/pose_09/report.txt,1399,ca0e7837f6711cf6b20b1ffb24a436aa64d074808c261c6bfeeed1e6ec102472
raw/archives/alprazolam.tar.gz,alprazolam/alpha2/2026091902/pose_09/report.xml,6023,a41a50de530ef3f4a85e656621def47ff7cc7a9de06ed7cfe6bcc70f12113f3d
raw/archives/alprazolam.tar.gz,alprazolam/alpha2/2026091902/pose_manifest.json,5421,d6196da7352017ad1f6308941a8bc98111fefb2b99648f0ab60787b8dbef86ac
raw/archives/alprazolam.tar.gz,alprazolam/alpha2/2026091902/poses.pdbqt,20277,9928e190504effcddd51e89048ddb7af1e427691372f882e9b7b11fb820da508
raw/archives/alprazolam.tar.gz,alprazolam/alpha2/2026091902/vina.log,2386,a7b96f16cb899ff304047b2e0ddd4d4d7704761c3871977377b1685930e4976b
raw/archives/alprazolam.tar.gz,alprazolam/alpha2/2026091903/docking.json,1531,34ca2c30014ee380bfb36c5adba4e53417d3d9787f4345dbbe6463f8d37ea0e5
raw/archives/alprazolam.tar.gz,alprazolam/alpha2/2026091903/interactions.json,25660,8e11b34bb98ade160762544accdf1afd2bd71cf57be0c98a2de0fc50bed0c94a
raw/archives/alprazolam.tar.gz,alprazolam/alpha2/2026091903/plip.log,1890,23f2135b359bb9d9c5891a5e4f115c1153f570ad93397fca0ad3f6ae00cf6b2d
raw/archives/alprazolam.tar.gz,alprazolam/alpha2/2026091903/plip_done.json,29,bef149d6b4bcd0e8393fac45503362a862d45eadcceff434b3d9640f4b008ec4
raw/archives/alprazolam.tar.gz,alprazolam/alpha2/2026091903/pose_01/ligand.sdf,3063,952e0ed8050e9c7a643ae74a0d17c2e342fb1eda51c5190c3e0533f5826d1b99
raw/archives/alprazolam.tar.gz,alprazolam/alpha2/2026091903/pose_01/pose_status.json,571,d84916e420f5ce669e9a44e6e213aae35f4481ebc2769593d7f9d7ea40ab36c0
raw/archives/alprazolam.tar.gz,alprazolam/alpha2/2026091903/pose_01/report.txt,3579,5ed09d929cdcfb13773693be86e0e8871aefabdc47ad4716762eca8ddfb15c42
raw/archives/alprazolam.tar.gz,alprazolam/alpha2/2026091903/pose_01/report.xml,9015,77c3ac0e1b99f0e56b3117f0509526a75e8dd30e43f965539fc72c93d9afb53f
raw/archives/alprazolam.tar.gz,alprazolam/alpha2/2026091903/pose_02/ligand.sdf,3063,4fa94dca64634483aa57853ebd959debdb1240967d45e95f6218f9fee132c215
raw/archives/alprazolam.tar.gz,alprazolam/alpha2/2026091903/pose_02/pose_status.json,571,32f6cb46326956375a1b3d55cd0c72aafea62644528f1c5fe97af071272c54a0
raw/archives/alprazolam.tar.gz,alprazolam/alpha2/2026091903/pose_02/report.txt,2059,3ba8a265c4e2286245770c5d185bba5fb98f81aab2539362de6fe53a05e557db
raw/archives/alprazolam.tar.gz,alprazolam/alpha2/2026091903/pose_02/report.xml,7285,0f51a46bb058c5610ed123bb83cda3a3ca89e63866dcbbc02ad4adb518b206d5
raw/archives/alprazolam.tar.gz,alprazolam/alpha2/2026091903/pose_03/ligand.sdf,3063,46e11a94f7b7bb70fb40bcdbff4cb3fcc5c62a3e25ea96443de227e5e11d810b
raw/archives/alprazolam.tar.gz,alprazolam/alpha2/2026091903/pose_03/pose_status.json,571,c030614e34eb8ef0331c47c7b07948c6f1b20256ec0deb5849bbe5db48cffb32
raw/archives/alprazolam.tar.gz,alprazolam/alpha2/2026091903/pose_03/report.txt,2057,0278405bcb47551306fbac1fce038c819d7c97639da1355ed47590c849a5abe4
raw/archives/alprazolam.tar.gz,alprazolam/alpha2/2026091903/pose_03/report.xml,7062,01447867f592a059ce41e3e9eb92794470d1655d72298f51d30ac13d4692b0cd
raw/archives/alprazolam.tar.gz,alprazolam/alpha2/2026091903/pose_04/ligand.sdf,3063,5310fd343462273afebecbb9d83a450edbb7b1954bbcb5e0c73badf36971bc16
raw/archives/alprazolam.tar.gz,alprazolam/alpha2/2026091903/pose_04/pose_status.json,571,0214d48f34d50dc9086bc15616fa3d729ecc14bfd4fe96199e35f3f02c05a865
raw/archives/alprazolam.tar.gz,alprazolam/alpha2/2026091903/pose_04/report.txt,2910,594e086402f598e248395febe7e4fabcd101f698e2d9826710fe2ffbc94f6ffc
raw/archives/alprazolam.tar.gz,alprazolam/alpha2/2026091903/pose_04/report.xml,7639,4d8499781709f96c453c73d57ecb06ab5dce3f48008952c088b8280bd05b6c67
raw/archives/alprazolam.tar.gz,alprazolam/alpha2/2026091903/pose_05/ligand.sdf,3063,608d0b16b744240ea9792a6cd7b0a8661e2799b915e71ab7ce32d827d60c93ca
raw/archives/alprazolam.tar.gz,alprazolam/alpha2/2026091903/pose_05/pose_status.json,571,e028a6e21843b9f35e552cd33dab419373cb615d734af4984fc143fc21e30adc
raw/archives/alprazolam.tar.gz,alprazolam/alpha2/2026091903/pose_05/report.txt,3511,a980f10301adb3e8280d122ef4b30530dd3e4d1ab7af7a61c89e8f9eb2f1cb1f
raw/archives/alprazolam.tar.gz,alprazolam/alpha2/2026091903/pose_05/report.xml,8581,d566c929cc900aa8b333f7c0ed6df49ce503605a41e393e1ccf3d6af8c8ad860
raw/archives/alprazolam.tar.gz,alprazolam/alpha2/2026091903/pose_06/ligand.sdf,3063,3544d3364b6633e4abe113819d7e8be1e5060cba2bac0d323ec7bf6b96770286
raw/archives/alprazolam.tar.gz,alprazolam/alpha2/2026091903/pose_06/pose_status.json,571,209b8f0b35bcefd5a7c992944283629c9a4e2f8e7fb7fdd57e1c89ec37f6e166
raw/archives/alprazolam.tar.gz,alprazolam/alpha2/2026091903/pose_06/report.txt,2059,8cbf85a7d7fbe62c2ce67fbd31acd95712a30f843e16f4222f42ac0b286fff8c
raw/archives/alprazolam.tar.gz,alprazolam/alpha2/2026091903/pose_06/report.xml,7115,7d25637c8c713c4a882cddd5031b82f36b7d9528079b642981bfe6507b19a80e
raw/archives/alprazolam.tar.gz,alprazolam/alpha2/2026091903/pose_07/ligand.sdf,3063,876e946e1d36b54bdf137a9dcd1143337fd6e4d0eeb1d6c597c60e138b6da221
raw/archives/alprazolam.tar.gz,alprazolam/alpha2/2026091903/pose_07/pose_status.json,571,b4541315c9c67058468a3232a50a7f3a2422951bfe6d187d7f2a0326d8923d33
raw/archives/alprazolam.tar.gz,alprazolam/alpha2/2026091903/pose_07/report.txt,2717,c743a150881f3f9ef704cad61d4127a2a7054996fe038ec3b42d6d5135de85ca
raw/archives/alprazolam.tar.gz,alprazolam/alpha2/2026091903/pose_07/report.xml,8324,5844f90d45b15671af49a8bbb6b0ae89160555fbc10c88c3fcf934cb64b1b0d6
raw/archives/alprazolam.tar.gz,alprazolam/alpha2/2026091903/pose_08/ligand.sdf,3063,72ad480d78911dea8dfcdfc5fa17b385b0911108ff30fb31872e369620e4526d
raw/archives/alprazolam.tar.gz,alprazolam/alpha2/2026091903/pose_08/pose_status.json,571,552a3ed3a2236aab50aba3ad6e525faf3e3b0d1cb71585ef4c7c698ba5f47fe7
raw/archives/alprazolam.tar.gz,alprazolam/alpha2/2026091903/pose_08/report.txt,3867,56b2acd75f0d42b060975afaba3d66e996ffdd879175417ed2113c07eca9adaf
raw/archives/alprazolam.tar.gz,alprazolam/alpha2/2026091903/pose_08/report.xml,9795,a6829c05f89bb2134750c26b33d7e8455b9540138d4c7898802ed3b0d5846d9b
raw/archives/alprazolam.tar.gz,alprazolam/alpha2/2026091903/pose_09/ligand.sdf,3063,f9ef7f72f8653a7187c9516528dfb7e4d4ffe7f5dac95e6b7c6d510b4f6ca868
raw/archives/alprazolam.tar.gz,alprazolam/alpha2/2026091903/pose_09/pose_status.json,571,cf30bc860ccf22d3dbdb11f400fcbef436695a869b07e11a37fbbeab1e6dd38a
raw/archives/alprazolam.tar.gz,alprazolam/alpha2/2026091903/pose_09/report.txt,1399,56395819008e26b383edde538c80762df9e660d2fb6973d1715c9b128a40d0fe
raw/archives/alprazolam.tar.gz,alprazolam/alpha2/2026091903/pose_09/report.xml,5435,b756e9185ed5b6832c0e99c167c95831e50d0c2c8240b4137f2429ce127c933b
raw/archives/alprazolam.tar.gz,alprazolam/alpha2/2026091903/pose_manifest.json,5421,069948ab5e72b41e24b8124d64d73fb5b32adc7d857f781e9d3a7db6e5685709
raw/archives/alprazolam.tar.gz,alprazolam/alpha2/2026091903/poses.pdbqt,20277,f67118db3429943013f15cff2f325e1c26621608e92782d081f725709e9019df
raw/archives/alprazolam.tar.gz,alprazolam/alpha2/2026091903/vina.log,2386,34c3b457d2398ffff0eb58de1851830034c19aecbd700385ab63eefbd8910c46
raw/archives/alprazolam.tar.gz,alprazolam/alpha2/2026091904/docking.json,1531,ac03141c3ca5066fb98911ac385d416e3a443b28a45fe63550ed361b84bb0038
raw/archives/alprazolam.tar.gz,alprazolam/alpha2/2026091904/interactions.json,24906,a5642955ffb80861bef1ffefd130afe31c8bc5a6688566ed1204287907ebf320
raw/archives/alprazolam.tar.gz,alprazolam/alpha2/2026091904/plip.log,1890,b12204e25e05310332bf08eed24f84679532fb559384b8170f992abd2cc0c1a3
raw/archives/alprazolam.tar.gz,alprazolam/alpha2/2026091904/plip_done.json,29,bef149d6b4bcd0e8393fac45503362a862d45eadcceff434b3d9640f4b008ec4
raw/archives/alprazolam.tar.gz,alprazolam/alpha2/2026091904/pose_01/ligand.sdf,3063,8f82968aedcfc7dcda1adc20d807016d1e6aecd36b69d92d9b02e355acdcbeb3
raw/archives/alprazolam.tar.gz,alprazolam/alpha2/2026091904/pose_01/pose_status.json,571,7803139c0ec4231ad2abcfd6f7d4ae5dab729a3d2274742715e810bc988cba8e
raw/archives/alprazolam.tar.gz,alprazolam/alpha2/2026091904/pose_01/report.txt,3579,a4ae45be72e8de83daa1f9ece0d8eed15067bab9e92f40d1cd8822779e336c8f
raw/archives/alprazolam.tar.gz,alprazolam/alpha2/2026091904/pose_01/report.xml,9015,0bb406e4b53679c62054a5a8067e9153f90969269d10fcff279327e2462e871a
raw/archives/alprazolam.tar.gz,alprazolam/alpha2/2026091904/pose_02/ligand.sdf,3063,8dcfa2d1f67345a92d4246927879b11a0c1a6f0b266e37330b37c6089971c6ef
raw/archives/alprazolam.tar.gz,alprazolam/alpha2/2026091904/pose_02/pose_status.json,571,b61b973211b0ff840cc2f1c6c6054a03a1b9b1c48253fb591573433506aeb4aa
raw/archives/alprazolam.tar.gz,alprazolam/alpha2/2026091904/pose_02/report.txt,2059,09c747c25fe1aeff3b4dbaa7cb3b811113243d87af2221bd3e1701ca6cf0143e
raw/archives/alprazolam.tar.gz,alprazolam/alpha2/2026091904/pose_02/report.xml,7285,0af47a668f609e90b282e3dbcb62a6351f18c484d55795f5db53a2906f80e9b3
raw/archives/alprazolam.tar.gz,alprazolam/alpha2/2026091904/pose_03/ligand.sdf,3063,5f3e45774ee26e87c8334d0ef2285ef4aee67c4cd5f8fb256125b52829e567c6
raw/archives/alprazolam.tar.gz,alprazolam/alpha2/2026091904/pose_03/pose_status.json,571,a6763656f7fc39163b9fe9614433ea84d1d451e03ff34dfd70a239812d6ad326
raw/archives/alprazolam.tar.gz,alprazolam/alpha2/2026091904/pose_03/report.txt,2057,e3c008ae23ba40af679ed5cf84b6099608e142dba8948f4604b21d9ebba58843
raw/archives/alprazolam.tar.gz,alprazolam/alpha2/2026091904/pose_03/report.xml,6979,f65221f31bfc85edafb989cfda4338def0708048c7bdcf5a99dff08f9425222c
raw/archives/alprazolam.tar.gz,alprazolam/alpha2/2026091904/pose_04/ligand.sdf,3063,177e56272bcf34d696c677b9bc99055167253d0c262abf2f1f6b212b56bbf457
raw/archives/alprazolam.tar.gz,alprazolam/alpha2/2026091904/pose_04/pose_status.json,571,4aa9de72c477676a726f40a836ade4ab3bd69b7ac7a124d6ff9bcb8ec771d924
raw/archives/alprazolam.tar.gz,alprazolam/alpha2/2026091904/pose_04/report.txt,2910,ba5d084f2c6a779814f65195d6f83bfe57ffe921ce217836a9fcefb17a91a738
raw/archives/alprazolam.tar.gz,alprazolam/alpha2/2026091904/pose_04/report.xml,7639,cb574ee321a26d7374b593a887fd15ac83f4070c6622069f3a600141f4213362
raw/archives/alprazolam.tar.gz,alprazolam/alpha2/2026091904/pose_05/ligand.sdf,3063,dd75ef8d65952bde8a5cadd23e2d0c5fe048c1674430031ba0ac69c36d25ea2c
raw/archives/alprazolam.tar.gz,alprazolam/alpha2/2026091904/pose_05/pose_status.json,571,7e0ccb6d38119fcb995292645a82d7ca65b5726244cab6d2d12cfd33b73487cc
raw/archives/alprazolam.tar.gz,alprazolam/alpha2/2026091904/pose_05/report.txt,4873,2a95d645cf48c0cc18f3e7c35fe064e7866afa91d788f006692ed99e50459b22
raw/archives/alprazolam.tar.gz,alprazolam/alpha2/2026091904/pose_05/report.xml,12232,0761c966b582a66edf8f0874fac69144af28c4ae491273d63147cb124fb93dbb
raw/archives/alprazolam.tar.gz,alprazolam/alpha2/2026091904/pose_06/ligand.sdf,3063,42942c5002406e44f00992e54301c92c94bcced546fd1a112cf8be86647a8d50
raw/archives/alprazolam.tar.gz,alprazolam/alpha2/2026091904/pose_06/pose_status.json,571,138fc6475e0c6e43bc595d6ef8812a86440fff3c011866d67fe4f664299e8f08
raw/archives/alprazolam.tar.gz,alprazolam/alpha2/2026091904/pose_06/report.txt,1728,9423f56217a95c02f56fce25f210cfae686f8dc44c5a12fe0c1adc3c4e2c7587
raw/archives/alprazolam.tar.gz,alprazolam/alpha2/2026091904/pose_06/report.xml,6081,82b229e1a78ff5606b8a0ab93a305a685d741fcb47cded16794fb62313de5557
raw/archives/alprazolam.tar.gz,alprazolam/alpha2/2026091904/pose_07/ligand.sdf,3063,bdaf68aefa0a51f997616f6e2e8b1ac7780ba96c578111032b0819051ce8f6ce
raw/archives/alprazolam.tar.gz,alprazolam/alpha2/2026091904/pose_07/pose_status.json,571,dcc299ec69731d028b8333c8efa02b945fca04828bc57c866482a334f85bf52c
raw/archives/alprazolam.tar.gz,alprazolam/alpha2/2026091904/pose_07/report.txt,3178,79c7949f60621001628057f3a59300212e0139cb0cb13dfa29fbd90da9c3c13b
raw/archives/alprazolam.tar.gz,alprazolam/alpha2/2026091904/pose_07/report.xml,7881,9ea6f13e65e4bf546ebe01f2f3fa661806ae19e20832e447d79447ed7562e2ed
raw/archives/alprazolam.tar.gz,alprazolam/alpha2/2026091904/pose_08/ligand.sdf,3063,021e1b94b6e245f65f98ec26196724c2c5ab6c9e0c106751d3474c589c58fbdc
raw/archives/alprazolam.tar.gz,alprazolam/alpha2/2026091904/pose_08/pose_status.json,571,0623bc3dcea31df0955782dbc11a7a6594493a18997acef9dc2755152cb4457d
raw/archives/alprazolam.tar.gz,alprazolam/alpha2/2026091904/pose_08/report.txt,1399,3ab28fad55b3ad393b90f4bc897b19850154ac7b3d4b6546f3e89e9c6ee9c768
raw/archives/alprazolam.tar.gz,alprazolam/alpha2/2026091904/pose_08/report.xml,6107,a68dd87245fc794dd48010b6e739441c3f7dcaea7864f935c6fd806321823099
raw/archives/alprazolam.tar.gz,alprazolam/alpha2/2026091904/pose_09/ligand.sdf,3063,e65f75cfc922e8d91fe9960bf9d147c69f32023cd0bc772b24ce0970097f91d8
raw/archives/alprazolam.tar.gz,alprazolam/alpha2/2026091904/pose_09/pose_status.json,571,dc9a4a7a9154a504590f73b776d109f8f60439dfc1b5500efa99066bb62486cc
raw/archives/alprazolam.tar.gz,alprazolam/alpha2/2026091904/pose_09/report.txt,2059,dfa35b14d3a715aaf730a78c72fcf3393e416e65f86e3dc4551ca213b2fabfd1
raw/archives/alprazolam.tar.gz,alprazolam/alpha2/2026091904/pose_09/report.xml,7031,aa73e385fc6b548e4c8bfe474a3de49dbf7b3af5ddc478429ffcfd6fee52c00c
raw/archives/alprazolam.tar.gz,alprazolam/alpha2/2026091904/pose_manifest.json,5421,668ad3b886a45f30061b5c9a7adb8619c2fa92e0189fff5f193dacee2438eeaa
raw/archives/alprazolam.tar.gz,alprazolam/alpha2/2026091904/poses.pdbqt,20277,563c1c0db171132c526037d6774a926bde6e7e0afa09844249df8db5c6463c34
raw/archives/alprazolam.tar.gz,alprazolam/alpha2/2026091904/vina.log,2386,30e4bf2af5b153e66256eebe055836449d0bac4778e864ceb99afdc2ce378b96
raw/archives/alprazolam.tar.gz,alprazolam/alpha2/2026091905/docking.json,1531,e3c4dde2affb6d332da45cd296819e1dfb66cdff36ca84273199bb756377b49e
raw/archives/alprazolam.tar.gz,alprazolam/alpha2/2026091905/interactions.json,25096,0a9be95df1b0b9c489798582440fb54e1b33717de772d076ae91f1dedf133d62
raw/archives/alprazolam.tar.gz,alprazolam/alpha2/2026091905/plip.log,1890,8c8c16f0979ef8e57e5f52fb2686ffc330535264b037a4c05a35038e8605ddf1
raw/archives/alprazolam.tar.gz,alprazolam/alpha2/2026091905/plip_done.json,29,bef149d6b4bcd0e8393fac45503362a862d45eadcceff434b3d9640f4b008ec4
raw/archives/alprazolam.tar.gz,alprazolam/alpha2/2026091905/pose_01/ligand.sdf,3063,a7d07736cb9a6a09159a3768043bcc14d5c99297d43b3e2675e84b7b3eb1208a
raw/archives/alprazolam.tar.gz,alprazolam/alpha2/2026091905/pose_01/pose_status.json,571,ed0f0c450905edb06174d85384cd5d7c3a9e5cf7790bc8edb23c9cc2aa06bbf8
raw/archives/alprazolam.tar.gz,alprazolam/alpha2/2026091905/pose_01/report.txt,3579,9fceeccebbfa29acf2480490ec456c7387324765d49c738f2ecc22a5daa6db57
raw/archives/alprazolam.tar.gz,alprazolam/alpha2/2026091905/pose_01/report.xml,9015,9dfc52900a142850d1a2e04e0084eaeee655fbc214cd95d220ffb5042422f75b
raw/archives/alprazolam.tar.gz,alprazolam/alpha2/2026091905/pose_02/ligand.sdf,3063,c181490b5bed829ab0d36c0fff7d0cd5387d69d42ff8883411294d2ab30ec058
raw/archives/alprazolam.tar.gz,alprazolam/alpha2/2026091905/pose_02/pose_status.json,571,6cc6d4568f86ac4d6d1d3a36e68b84e4973a09c898391c07b59f37e0535b4f0b
raw/archives/alprazolam.tar.gz,alprazolam/alpha2/2026091905/pose_02/report.txt,2059,f2ac5a8b7159d9b8f0d704eee7d1713afa6ea4d8f8e0cc9ed42c630ae8532bd3
raw/archives/alprazolam.tar.gz,alprazolam/alpha2/2026091905/pose_02/report.xml,7201,ec496e250722094e3d339c287a0f39891a4d9f30207a8a42eaf1fbe7bb466dc9
raw/archives/alprazolam.tar.gz,alprazolam/alpha2/2026091905/pose_03/ligand.sdf,3063,f1224934481b018456da0591bce556335122196557b914dd92299984b5a4ed24
raw/archives/alprazolam.tar.gz,alprazolam/alpha2/2026091905/pose_03/pose_status.json,571,9ae625bee66ec98a498a059426c53e6cc224ec5c4e71f5fdab8cb33d2d770d67
raw/archives/alprazolam.tar.gz,alprazolam/alpha2/2026091905/pose_03/report.txt,2910,3915c7acdd1015f780133ad7bf843edad45cd42e4d5f6359322175321c0c4fce
raw/archives/alprazolam.tar.gz,alprazolam/alpha2/2026091905/pose_03/report.xml,7639,1795c9272e0be67c3dd0739dccf27c8c05061dda8a128a1ae64cd0a28244d249
raw/archives/alprazolam.tar.gz,alprazolam/alpha2/2026091905/pose_04/ligand.sdf,3063,f903a16e0f87d0f0fcab2d88ae4a07abe45e2f4ab22c02010b50f6eaea064283
raw/archives/alprazolam.tar.gz,alprazolam/alpha2/2026091905/pose_04/pose_status.json,571,bb0eb2ab108c0a725bdc66c0854885c7c43d19435b5530448e1620ba31cd6154
raw/archives/alprazolam.tar.gz,alprazolam/alpha2/2026091905/pose_04/report.txt,2057,e2f930ddbf4c7aebeef1ad9e51b802c8919e1b4fd313a113c52df324f5dc6d17
raw/archives/alprazolam.tar.gz,alprazolam/alpha2/2026091905/pose_04/report.xml,6979,8186fab2384fc2482085f327dc37c84ec7358316383d5527b905db00f9620a8d
raw/archives/alprazolam.tar.gz,alprazolam/alpha2/2026091905/pose_05/ligand.sdf,3063,324f7f1a163ff9f221c97757374240a7ec477e9031cc9a1099f0a6c70cffd6f9
raw/archives/alprazolam.tar.gz,alprazolam/alpha2/2026091905/pose_05/pose_status.json,571,2ed51979c609adde78219f1a789a9b91bd102d6db97a2dc9a99e6ade5b1b0e9a
raw/archives/alprazolam.tar.gz,alprazolam/alpha2/2026091905/pose_05/report.txt,2059,8fc647bac44cbe5b9b998dfd6f9e5a94d5edcbd04ef47660f5c3001186678839
raw/archives/alprazolam.tar.gz,alprazolam/alpha2/2026091905/pose_05/report.xml,7115,1333656e358c8f8d9fa6f7c3b26ed3411bfa40e1864347fd25456aedb5c3d220
raw/archives/alprazolam.tar.gz,alprazolam/alpha2/2026091905/pose_06/ligand.sdf,3063,a2f49ee9d20f40e02b977aa8030857e19c5bdef13a039d6695334b52b3b322a1
raw/archives/alprazolam.tar.gz,alprazolam/alpha2/2026091905/pose_06/pose_status.json,571,6b7da867e3e035b832fd3d3324f07151c645b687e1f14bd8d037617eadb49494
raw/archives/alprazolam.tar.gz,alprazolam/alpha2/2026091905/pose_06/report.txt,3490,afa42d941658a09eadececadff6f6d38c334e713448d374dc6f6b25225707155
raw/archives/alprazolam.tar.gz,alprazolam/alpha2/2026091905/pose_06/report.xml,8330,38733c408a66795bd7056966377be08925f1afeb42ff56286548c65b3bb671f0
raw/archives/alprazolam.tar.gz,alprazolam/alpha2/2026091905/pose_07/ligand.sdf,3063,a341c763b905da2885eb70530f8366b893b234ced84e4759768854465f5007b9
raw/archives/alprazolam.tar.gz,alprazolam/alpha2/2026091905/pose_07/pose_status.json,571,edbf018de104ac2533fb330880a8a4c9eb1314075698e5bf364a5d6779fe6203
raw/archives/alprazolam.tar.gz,alprazolam/alpha2/2026091905/pose_07/report.txt,2057,28982a845650f46ffcbbea14e63af86eb0782486c92d24c6fbb6bf19bad4312b
raw/archives/alprazolam.tar.gz,alprazolam/alpha2/2026091905/pose_07/report.xml,6980,42a6298cdfd4eb1dc9924e25454ca05c2c2d1ffbfe0a4f3161a9dafee6c8332f
raw/archives/alprazolam.tar.gz,alprazolam/alpha2/2026091905/pose_08/ligand.sdf,3063,6119b405d09ca87a99e26dec2198e14da7dac765fed0d1796cef79380c4bcb02
raw/archives/alprazolam.tar.gz,alprazolam/alpha2/2026091905/pose_08/pose_status.json,571,7493df558a04147136e358f0735a84e5365ee4f454410e174fd4af7de5548ead
raw/archives/alprazolam.tar.gz,alprazolam/alpha2/2026091905/pose_08/report.txt,3540,c881fe81d3ea8a727c6855fb1ce09cf4774a083e71a164309ecaebfffb1f303a
raw/archives/alprazolam.tar.gz,alprazolam/alpha2/2026091905/pose_08/report.xml,8985,a0b86837e1a213709741e7f5d732cdac209261d7229b2120d62b5dfb80e2126b
raw/archives/alprazolam.tar.gz,alprazolam/alpha2/2026091905/pose_09/ligand.sdf,3063,9a8445247d83b6d15351ce4190e56d5ece10b9117806a2a919f6eef6cc82aa28
raw/archives/alprazolam.tar.gz,alprazolam/alpha2/2026091905/pose_09/pose_status.json,571,db49b7518a06d09e1ee5c9a5b68ca6d7bf115457f957f84ec135a15be31e1189
raw/archives/alprazolam.tar.gz,alprazolam/alpha2/2026091905/pose_09/report.txt,2943,fd4e5940816a5138f847dfd0f2aac260556a4ed3d4ccdbe544cd77c01da07c02
raw/archives/alprazolam.tar.gz,alprazolam/alpha2/2026091905/pose_09/report.xml,7265,6964a90d57d107260ddad7f45a593c2a2d633ff9b3c62dcb68dbdfe9b508df7c
raw/archives/alprazolam.tar.gz,alprazolam/alpha2/2026091905/pose_manifest.json,5421,8605246bd17825d76dc1a5a00ec9eaea6e1f709d1785c306a3db320819309ccf
raw/archives/alprazolam.tar.gz,alprazolam/alpha2/2026091905/poses.pdbqt,20277,24990ab35ac4148e61b9f1054811e1958e88ca87c7ec4b646d3c2eeb7f833abc
raw/archives/alprazolam.tar.gz,alprazolam/alpha2/2026091905/vina.log,2386,6fa93643ce31a73a63ecda6d5550cf548d159a15779f6ff013350035525df71d
raw/archives/triazolam.tar.gz,triazolam/alpha1/2026091901/docking.json,1530,5c54ed865d67ff4007d8ec9241b2ccd74f45313ffd476a15aab01d7cae484d24
raw/archives/triazolam.tar.gz,triazolam/alpha1/2026091901/interactions.json,39464,c4eab0e76dfe67e971e83ca55268e9037bf721f4e4de3f193c0425df13085d62
raw/archives/triazolam.tar.gz,triazolam/alpha1/2026091901/plip.log,1881,b477522b00d9c68255e3fad93d2717de1670214422c5714b041e462c901d4e42
raw/archives/triazolam.tar.gz,triazolam/alpha1/2026091901/plip_done.json,29,bef149d6b4bcd0e8393fac45503362a862d45eadcceff434b3d9640f4b008ec4
raw/archives/triazolam.tar.gz,triazolam/alpha1/2026091901/pose_01/ligand.sdf,3063,4457e7f11fc957c887a792fae568659d54280a329484436cb1982513aa88a8d3
raw/archives/triazolam.tar.gz,triazolam/alpha1/2026091901/pose_01/pose_status.json,570,706f1b8668db93afbc17000fb9622a0637c532b7938b51c87ad5852cbcc17e02
raw/archives/triazolam.tar.gz,triazolam/alpha1/2026091901/pose_01/report.txt,6720,94c83b23db4411ce3369e3281a3dd851f2aba1b7ebd020a264f88a70356e9945
raw/archives/triazolam.tar.gz,triazolam/alpha1/2026091901/pose_01/report.xml,12665,7e870755ded3e1ee7049b1ee2a9560fd3e0d54837cb4b66343e91545f304cced
raw/archives/triazolam.tar.gz,triazolam/alpha1/2026091901/pose_02/ligand.sdf,3063,9a0185097ee04bfd1f7faf1500c685076b28b08812554747541604cacf6a7c61
raw/archives/triazolam.tar.gz,triazolam/alpha1/2026091901/pose_02/pose_status.json,570,1d1bb32c425328c564ab40745bb3011110a27f5028f4a10f790452b119893bb8
raw/archives/triazolam.tar.gz,triazolam/alpha1/2026091901/pose_02/report.txt,5587,baf3a62800c55bc6da4016e53c0c036cf8215ad28215c51b51cbb15d665711e5
raw/archives/triazolam.tar.gz,triazolam/alpha1/2026091901/pose_02/report.xml,10255,609044282684019f923edd595e3c0d193b49a18d42e392b251e49d8d2cfe38e3
raw/archives/triazolam.tar.gz,triazolam/alpha1/2026091901/pose_03/ligand.sdf,3063,21f8cb21a11d745bdfc6288e5fbef2675d63a6d75d7a8fddc88ad4530ab5645c
raw/archives/triazolam.tar.gz,triazolam/alpha1/2026091901/pose_03/pose_status.json,570,7868afc40afe4b4c9ddf5d070894e9d8c7f38b921a14d6b931c883fd9dbdb464
raw/archives/triazolam.tar.gz,triazolam/alpha1/2026091901/pose_03/report.txt,3729,70b3da736296b82da68fa0a932764cbb37f4942e13122a67194e96a09721e7dd
raw/archives/triazolam.tar.gz,triazolam/alpha1/2026091901/pose_03/report.xml,9702,4e7588732e5a6338ef00f97009ed2244833cc4094b8310dcb2c36a2da2181a69
raw/archives/triazolam.tar.gz,triazolam/alpha1/2026091901/pose_04/ligand.sdf,3063,a533cb93675281d2128ea069852e03292187f1e70deb33d8e0a8effeb6b576ce
raw/archives/triazolam.tar.gz,triazolam/alpha1/2026091901/pose_04/pose_status.json,570,bddee1e2dcc3dcd53a95e2829a5088a10c7ce2b2faa04849c77444497125860a
raw/archives/triazolam.tar.gz,triazolam/alpha1/2026091901/pose_04/report.txt,4955,8e174596ac30f39f2f711fe9f1417368a330a3232bcf96c98054c948c1118e9d
raw/archives/triazolam.tar.gz,triazolam/alpha1/2026091901/pose_04/report.xml,11835,2dec85c63137505ed3b4ca57e1c4cf44af92d4a4248bb9b300ba4b7d69fd1db6
raw/archives/triazolam.tar.gz,triazolam/alpha1/2026091901/pose_05/ligand.sdf,3063,c4cc102c222cba342cdc55bbcb379d6261bc0b3bf59ed8725309906c545571a7
raw/archives/triazolam.tar.gz,triazolam/alpha1/2026091901/pose_05/pose_status.json,570,1c9a63f8a65243caa6a99dd9f9e627afa66cb711a0fbccd0a2ddb2a6f977a623
raw/archives/triazolam.tar.gz,triazolam/alpha1/2026091901/pose_05/report.txt,3855,708ab8d1c52ffa5e0d7b37427eeba87654f0b383364b76ebdd8e9ce16fdb816f
raw/archives/triazolam.tar.gz,triazolam/alpha1/2026091901/pose_05/report.xml,9250,887e2cb213dd37dacb8863641ce96376f48c2e86ad4b6b886eda28bc9b59a497
raw/archives/triazolam.tar.gz,triazolam/alpha1/2026091901/pose_06/ligand.sdf,3063,cb97972389146764cafad2fc62370548ea54a8caf8d7a8abb7b69f11f56c4dec
raw/archives/triazolam.tar.gz,triazolam/alpha1/2026091901/pose_06/pose_status.json,570,c82605a58f3c8f39ff0a730e49fd8f62502933efe61a353a374318c655357973
raw/archives/triazolam.tar.gz,triazolam/alpha1/2026091901/pose_06/report.txt,1744,e1d798b52e7447dc3a34161b73ab5ca0ff2c2f98b33c3a7aa0dcc436aaa44727
raw/archives/triazolam.tar.gz,triazolam/alpha1/2026091901/pose_06/report.xml,6567,6f5b7e2266fd65cce1d0cf691a4d0d70df7917dda822718cbeedce00949539ea
raw/archives/triazolam.tar.gz,triazolam/alpha1/2026091901/pose_07/ligand.sdf,3063,069569d3d5238cd59971e278a8a1d9b0596d9eebdfa0592564eadfd99b0ed0a4
raw/archives/triazolam.tar.gz,triazolam/alpha1/2026091901/pose_07/pose_status.json,570,d2e506df818a0540f520d04319e6c482fc2228a40bfdb3db535c79b249757467
raw/archives/triazolam.tar.gz,triazolam/alpha1/2026091901/pose_07/report.txt,1744,894306062790f9b2270e1d6d5d0bd15ba79b69d491d3cac98c100fb29e584b25
raw/archives/triazolam.tar.gz,triazolam/alpha1/2026091901/pose_07/report.xml,5980,b9c994b2c8749d0a6c3c76206836f746deb11bb19fe93654d0fffd983d4bed8d
raw/archives/triazolam.tar.gz,triazolam/alpha1/2026091901/pose_08/ligand.sdf,3063,49653f86686fd6b62b79107a6fcaea71a9649e6872756a1a6f11d8afdedd0462
raw/archives/triazolam.tar.gz,triazolam/alpha1/2026091901/pose_08/pose_status.json,570,18bf1b7cdfc41837e9cd83d4a2af9a595cfd22f383e41da40d2f2b60c5816801
raw/archives/triazolam.tar.gz,triazolam/alpha1/2026091901/pose_08/report.txt,4744,fc9cd9f1bdec4718eddbb39af9c4077446646456abcbf4e5dc238a64502ee35f
raw/archives/triazolam.tar.gz,triazolam/alpha1/2026091901/pose_08/report.xml,9928,b48fec6c2435c0ad23bbbba3119407179459400f26c8a160dc9974b56c926a7f
raw/archives/triazolam.tar.gz,triazolam/alpha1/2026091901/pose_09/ligand.sdf,3063,306414bfa9df8ee887e88395f06b3e95be1c7766af695f9b7dd32d19d55af37a
raw/archives/triazolam.tar.gz,triazolam/alpha1/2026091901/pose_09/pose_status.json,570,0850f3708bb60b2e7718362e8a4da53d8aadeb36ce153777d270861f3bd30670
raw/archives/triazolam.tar.gz,triazolam/alpha1/2026091901/pose_09/report.txt,4806,dbf2365d3d4b5441cfa203bb33b0cbd48b63114de6884e1417f3bfdb4395125c
raw/archives/triazolam.tar.gz,triazolam/alpha1/2026091901/pose_09/report.xml,10021,58d4fecef8704225e7b613d974ed5063280cf9b7d0fd741062d93e7292a54939
raw/archives/triazolam.tar.gz,triazolam/alpha1/2026091901/pose_manifest.json,5412,cbc28d276024b4a487b67afe907580c95d916f432971f2011393f287f6e94e8c
raw/archives/triazolam.tar.gz,triazolam/alpha1/2026091901/poses.pdbqt,21069,6b70a5239ec8a8955987cbbd58e5518ef52a4ce0cff4de84728219f4ab0a1bc7
raw/archives/triazolam.tar.gz,triazolam/alpha1/2026091901/vina.log,2385,d858d5068131ebaa9a2762b365dd25188a48f69d092b47e65fd945e10ac3d7aa
raw/archives/triazolam.tar.gz,triazolam/alpha1/2026091902/docking.json,1530,8bfdc6b45fa574daaba2fa60c5ef5ecf4314148eafb9c694ead3107b80bcab71
raw/archives/triazolam.tar.gz,triazolam/alpha1/2026091902/interactions.json,32591,2d0fa6d676d263a2762063bb72029434b1db39e048e86571b597694cd6a4a094
raw/archives/triazolam.tar.gz,triazolam/alpha1/2026091902/plip.log,1672,f2ee08ccfbf2806088b7143666a55f26eb2860be073f5479950a34306ecacddf
raw/archives/triazolam.tar.gz,triazolam/alpha1/2026091902/plip_done.json,29,f2698fd200eb938a15b1eea3d414890a7d37031a8ea6ef21aeee718e8e33d951
raw/archives/triazolam.tar.gz,triazolam/alpha1/2026091902/pose_01/ligand.sdf,3063,4ad041aca35da49df1c0274605a71af840bcf0ecea309394463b131218716ff9
raw/archives/triazolam.tar.gz,triazolam/alpha1/2026091902/pose_01/pose_status.json,570,630265408c03a29f9a6dd2b23834bef159af3522a599112bd29d86e7f8801d75
raw/archives/triazolam.tar.gz,triazolam/alpha1/2026091902/pose_01/report.txt,6720,52a9adcef1b856acfeea5285c2214c528fa8f2e9b535cb8f23572143e0f3c8b2
raw/archives/triazolam.tar.gz,triazolam/alpha1/2026091902/pose_01/report.xml,12832,aafb78a37416852d24d04ff1c29df5033107b7a4bcf075a23fb2fe7fa61d571e
raw/archives/triazolam.tar.gz,triazolam/alpha1/2026091902/pose_02/ligand.sdf,3063,c08a9ce97963f3a018efdf9970e97e15d0615c4866a922f42de813d503fc2301
raw/archives/triazolam.tar.gz,triazolam/alpha1/2026091902/pose_02/pose_status.json,570,9e16394ad55b926b6fdf6e485b7f3732da474cf5a57c368ab1665fc001e16805
raw/archives/triazolam.tar.gz,triazolam/alpha1/2026091902/pose_02/report.txt,5587,42fe024541b00841d8013b665d93ee07b2228d7ddb94395db4e806d14695d97b
raw/archives/triazolam.tar.gz,triazolam/alpha1/2026091902/pose_02/report.xml,10255,b031637cdaa77e3219d1ca2945c454faa608a64ef8d89b5dcb4addd0e0dfc333
raw/archives/triazolam.tar.gz,triazolam/alpha1/2026091902/pose_03/ligand.sdf,3063,9bddd1fcce32f4b33106f4a5d8ccd71ca4389fc73b7ebe9258e3a2dd465a2c44
raw/archives/triazolam.tar.gz,triazolam/alpha1/2026091902/pose_03/pose_status.json,570,f8e0df373fedbc800c4ef41273133f948391a74a4646e5f761c8cf15146461b7
raw/archives/triazolam.tar.gz,triazolam/alpha1/2026091902/pose_03/report.txt,3729,bda2e3942558876879d8e4ddbd3cefcdfea5221d7342d53f21fdf1bf8ce4d4dc
raw/archives/triazolam.tar.gz,triazolam/alpha1/2026091902/pose_03/report.xml,9618,bbc6c6b4c7bea34674b6faf6fecad8782e9bfb42bc4e5cbe0904b2700b470d20
raw/archives/triazolam.tar.gz,triazolam/alpha1/2026091902/pose_04/ligand.sdf,3063,c650092511c7fc791a4bd52095f923e92a5257a1ac3b715fdf0cf7d77875d8da
raw/archives/triazolam.tar.gz,triazolam/alpha1/2026091902/pose_04/pose_status.json,570,481f1481ef3e223a80771257953c8594b69ed6dbbf86fecdea13e322643fd78e
raw/archives/triazolam.tar.gz,triazolam/alpha1/2026091902/pose_04/report.txt,5068,a84467637ddbbfc8a2bf496320b0e0bb3a5115e61e8df10a8bd03dfd42288dc2
raw/archives/triazolam.tar.gz,triazolam/alpha1/2026091902/pose_04/report.xml,10129,698d8c9a272aa528f8ae51049a6499475f85732a573a5ed24ef89265236dca3b
raw/archives/triazolam.tar.gz,triazolam/alpha1/2026091902/pose_05/ligand.sdf,3063,872a311c51699aa920bf83e6a83eab153b76c198825b9a0fca6ff09956cb2f23
raw/archives/triazolam.tar.gz,triazolam/alpha1/2026091902/pose_05/pose_status.json,570,1254916a34fce5987b1ee202d9254ccc356e2f81cf7c256e7cfbd87edf093908
raw/archives/triazolam.tar.gz,triazolam/alpha1/2026091902/pose_05/report.txt,3708,90bee508bc958024de39059bd35b3d2c0860a8250e4c8e129bba400b7f9b6643
raw/archives/triazolam.tar.gz,triazolam/alpha1/2026091902/pose_05/report.xml,7410,e46e567ba350fc2d3e0d98de232223f564bcf3f2fcfa0778676fb8fc6152c9e3
raw/archives/triazolam.tar.gz,triazolam/alpha1/2026091902/pose_06/ligand.sdf,3063,bda072e5ff930501f2fdb41094df3e1d8ae0e37d926e3aad685da922f53402e3
raw/archives/triazolam.tar.gz,triazolam/alpha1/2026091902/pose_06/pose_status.json,570,bd7298e708d5288e11460ee1d3dd5b8df97bac2df4b5d75fbdcd8f6ffbbd59a9
raw/archives/triazolam.tar.gz,triazolam/alpha1/2026091902/pose_06/report.txt,2929,187ad1b97fcc0cdbcb92032fd6fe70dec3f1dc0191bb5572ec955341df0d0a0d
raw/archives/triazolam.tar.gz,triazolam/alpha1/2026091902/pose_06/report.xml,7150,6b4e78509be6a704a0f1c25494a0e4d69fbd42dc97de1c81d741eaf2080019cc
raw/archives/triazolam.tar.gz,triazolam/alpha1/2026091902/pose_07/ligand.sdf,3063,815f0e48289a1b26aedb17a0d99068b6e93a642f2138802eaea8e464aea37e16
raw/archives/triazolam.tar.gz,triazolam/alpha1/2026091902/pose_07/pose_status.json,570,72c9afc3c63082c9083a328848e1792c99ff21d41a51ba5b4844152ef9c541fb
raw/archives/triazolam.tar.gz,triazolam/alpha1/2026091902/pose_07/report.txt,4261,ed5de01f9f93a6095833f493d304ce31b505578331e7ccc471dd7fff863ff557
raw/archives/triazolam.tar.gz,triazolam/alpha1/2026091902/pose_07/report.xml,10662,e95a131e8df513b5c632435578e0a0af742b3083f25fffcb4f1af6d6ab1b623f
raw/archives/triazolam.tar.gz,triazolam/alpha1/2026091902/pose_08/ligand.sdf,3063,ea1592566fb4a33879f1170ff52e60df04a908263cbb1f39161619e696066fc9
raw/archives/triazolam.tar.gz,triazolam/alpha1/2026091902/pose_08/pose_status.json,570,eadebcb203e25d34d452bed695e3bafd4d2392a4607ae64a04d1bba1b38b3e5f
raw/archives/triazolam.tar.gz,triazolam/alpha1/2026091902/pose_08/report.txt,1744,4db676254198b951e791ef165cf94e1c29085299cb94bab0c9efd3f531cf093d
raw/archives/triazolam.tar.gz,triazolam/alpha1/2026091902/pose_08/report.xml,6064,b7c99fd56f6fe076ff39600e02b2bb084366ed21b7b8caaf09b529b4c708998b
raw/archives/triazolam.tar.gz,triazolam/alpha1/2026091902/pose_manifest.json,4811,cf0dd9a2f44d312db24e5e09237835b557ef66d1e5d0805323d8d33b155d456a
raw/archives/triazolam.tar.gz,triazolam/alpha1/2026091902/poses.pdbqt,18728,f0a43b352acf35cf65740742a33b27ff2da367104cec48f246b5b9ea65748911
raw/archives/triazolam.tar.gz,triazolam/alpha1/2026091902/vina.log,2385,499139bc7dd66ec7bc9f66a59ff693ef8139e756aa0a1abceee45f12346f55d6
raw/archives/triazolam.tar.gz,triazolam/alpha1/2026091903/docking.json,1530,f5e666ff472973f5f02dfadc96e5b5d25324be492bfd40ba53fb3e9e0b53c799
raw/archives/triazolam.tar.gz,triazolam/alpha1/2026091903/interactions.json,32613,6f05c723dd5e412fee0eee7a92bef8e23b357aa4f1d6da11323f92c251f2d4ad
raw/archives/triazolam.tar.gz,triazolam/alpha1/2026091903/plip.log,1672,7bb5d366619312ea20e58db94afaa0032278176ab185e49d42c05e2af99cfebd
raw/archives/triazolam.tar.gz,triazolam/alpha1/2026091903/plip_done.json,29,f2698fd200eb938a15b1eea3d414890a7d37031a8ea6ef21aeee718e8e33d951
raw/archives/triazolam.tar.gz,triazolam/alpha1/2026091903/pose_01/ligand.sdf,3063,588985059988b53ae8b51b77b1100664dcf2a7fdf5b0cbb492243507827796ab
raw/archives/triazolam.tar.gz,triazolam/alpha1/2026091903/pose_01/pose_status.json,571,264f50d6e1ce5834960afbc9ac25553f5429bfa52f68e47cdbe4fe7722c00539
raw/archives/triazolam.tar.gz,triazolam/alpha1/2026091903/pose_01/report.txt,7197,342bd16eb24a60acabdab84b45c72befa35db59f436cc42ddef11be8e50ef1af
raw/archives/triazolam.tar.gz,triazolam/alpha1/2026091903/pose_01/report.xml,13606,034d803ed06ced4b1ffadf0787d151c45582999268dee2b9e823bf494733d6d7
raw/archives/triazolam.tar.gz,triazolam/alpha1/2026091903/pose_02/ligand.sdf,3063,6d3d195650dac3d54cf94b3c1829f3b4d072675f23a0388af6e6455d1a66317b
raw/archives/triazolam.tar.gz,triazolam/alpha1/2026091903/pose_02/pose_status.json,570,57395ef47ac0da322d3be67dc8e9d7fc7cfb90de7274bd271cd82a2010416362
raw/archives/triazolam.tar.gz,triazolam/alpha1/2026091903/pose_02/report.txt,4955,6521b12f5eefe6ff1c192f5ab99d91b193b7c537fb154e024eeda1a25a07f490
raw/archives/triazolam.tar.gz,triazolam/alpha1/2026091903/pose_02/report.xml,11835,895f6f2e5c57f2222a3cb5b52f970047a5243a4909335e41321e2d7183dd73df
raw/archives/triazolam.tar.gz,triazolam/alpha1/2026091903/pose_03/ligand.sdf,3063,6f48b9b6f8feef5d0ada12feb432e26054f1de88a9835ab80fc0ee3a401054ca
raw/archives/triazolam.tar.gz,triazolam/alpha1/2026091903/pose_03/pose_status.json,570,da4739b74f4bbeed84736a557d9c12f99d4b577000c3357bed16331616e7ffa5
raw/archives/triazolam.tar.gz,triazolam/alpha1/2026091903/pose_03/report.txt,3729,5b7786cac0c5757ed50ff328935f618f40c4243d8d4a274c595dc04109c42de9
raw/archives/triazolam.tar.gz,triazolam/alpha1/2026091903/pose_03/report.xml,9702,4f1e738a55a0e3eece40ad0fab662bf02390be8dec70aed7f113915d1121e903
raw/archives/triazolam.tar.gz,triazolam/alpha1/2026091903/pose_04/ligand.sdf,3063,8a22d0aef1261a52e70d4de3cb1cb9c9f6d43fa4031bc15df66c4290c170689b
raw/archives/triazolam.tar.gz,triazolam/alpha1/2026091903/pose_04/pose_status.json,570,230d68cedc0944ba87ce7d4e722e3b81951a3a4eaa7d6d2c25c217e9c6fb4128
raw/archives/triazolam.tar.gz,triazolam/alpha1/2026091903/pose_04/report.txt,3522,37c270d6b68b8da63d52f7c3ebbe778cb3a9728c69edb97b4ceebd0eabfe3c66
raw/archives/triazolam.tar.gz,triazolam/alpha1/2026091903/pose_04/report.xml,8603,9d32a4030e1a2be33b1e126091de44d3313bd657d991612a4d77593f91959e21
raw/archives/triazolam.tar.gz,triazolam/alpha1/2026091903/pose_05/ligand.sdf,3063,67e60ddce10e58965de6f4b5ee26ac2d97d84915372f74aefa432dc51461e3db
raw/archives/triazolam.tar.gz,triazolam/alpha1/2026091903/pose_05/pose_status.json,570,9736b2cddbc3ca80e7f278325b89fd69d6ff04b3f6f2278b39fe45fde6efec14
raw/archives/triazolam.tar.gz,triazolam/alpha1/2026091903/pose_05/report.txt,5068,acd4d6af9021d2ef303851a2c8e8e0b52d72d707a7bb92a0dae4d2890121e807
raw/archives/triazolam.tar.gz,triazolam/alpha1/2026091903/pose_05/report.xml,10129,ced0baeda7cb6dee9a9eccda78a131914304a25ad852b7c6687183a54b118dc2
raw/archives/triazolam.tar.gz,triazolam/alpha1/2026091903/pose_06/ligand.sdf,3063,95544544cb0785460393f36c3b349a48ad6725652cc610943a066c7a7ed33f79
raw/archives/triazolam.tar.gz,triazolam/alpha1/2026091903/pose_06/pose_status.json,570,aa3bccfa2a6ddb85a52bccf624d40ee9a5492b3ac8350214244ce4f3020fbefe
raw/archives/triazolam.tar.gz,triazolam/alpha1/2026091903/pose_06/report.txt,1742,127b0419b845353a857042fb4f0d582c11b2c53a57a364d783a6195199e5bf5d
raw/archives/triazolam.tar.gz,triazolam/alpha1/2026091903/pose_06/report.xml,6431,6befe558ef6397f97152ae7842d407fa25fa4e54a0430175390e066bf0d3653c
raw/archives/triazolam.tar.gz,triazolam/alpha1/2026091903/pose_07/ligand.sdf,3063,af01a68ff47336220b49b6664ea17c1be950397cabe75340d0381b936ad9a657
raw/archives/triazolam.tar.gz,triazolam/alpha1/2026091903/pose_07/pose_status.json,570,74aa9ae492f3972786125f30538392684f4430b24a79ca32e5026299d8e076d1
raw/archives/triazolam.tar.gz,triazolam/alpha1/2026091903/pose_07/report.txt,1744,a1839fa78d0e1805fbfd71e0ab53327b674a07ee8eeab1a96525b4f76c0e4c19
raw/archives/triazolam.tar.gz,triazolam/alpha1/2026091903/pose_07/report.xml,6064,e871265e7470b3c26939d2ddf2a828a445024b787f0f056306c945f6a4ae6c55
raw/archives/triazolam.tar.gz,triazolam/alpha1/2026091903/pose_08/ligand.sdf,3063,feef189a4fe443287bbe836a1519c15f767733745be53b3dc2f575d4ec379947
raw/archives/triazolam.tar.gz,triazolam/alpha1/2026091903/pose_08/pose_status.json,570,53a6f2e4df218a1d643617d238e5e6ee2fefc4f9be89f8ff02fe728953b6f2c4
raw/archives/triazolam.tar.gz,triazolam/alpha1/2026091903/pose_08/report.txt,2843,8e7a979f8b395d3aa8a69aa90e51c2c2785a742aca650f09f9a3852224bf1d05
raw/archives/triazolam.tar.gz,triazolam/alpha1/2026091903/pose_08/report.xml,6675,42253b783e2bfe9f91eb01b3bb27bcb941760383a056bde56f13d1dd5c72411f
raw/archives/triazolam.tar.gz,triazolam/alpha1/2026091903/pose_manifest.json,4812,69d5209b61d0038f27ff9ad2d10bc585f3e43cbc7f4e15ebd26a78051b9690be
raw/archives/triazolam.tar.gz,triazolam/alpha1/2026091903/poses.pdbqt,18728,ffe1ef8702dfd7a66fddeed924b042ae1d5357b3b8c40820348341217cbdbe51
raw/archives/triazolam.tar.gz,triazolam/alpha1/2026091903/vina.log,2385,398a60e08f4792e29a8ff199e9da7c7a7aadd24cd02fece5ed1375543c65f510
raw/archives/triazolam.tar.gz,triazolam/alpha1/2026091904/docking.json,1530,b6a9f6235e82858ed0e63b0e33e6e814ef118642263ca8b8813e8af2a4a7889c
raw/archives/triazolam.tar.gz,triazolam/alpha1/2026091904/interactions.json,41505,7587c746e7aba21ec5035a63312ff8b2a9d1b4822874185f51508476567087a0
raw/archives/triazolam.tar.gz,triazolam/alpha1/2026091904/plip.log,1881,939bec6fcda7d0ed5a54d7ce9857021036867016fb1685792bad684d074c5575
raw/archives/triazolam.tar.gz,triazolam/alpha1/2026091904/plip_done.json,29,bef149d6b4bcd0e8393fac45503362a862d45eadcceff434b3d9640f4b008ec4
raw/archives/triazolam.tar.gz,triazolam/alpha1/2026091904/pose_01/ligand.sdf,3063,a4b9b4904c7508bb111918486f223bac7b329112899dafb31bb6199c9322d4a2
raw/archives/triazolam.tar.gz,triazolam/alpha1/2026091904/pose_01/pose_status.json,570,f5487116060c468c97d42734c68564e375fc55cd817cd26adb127f39d75d366f
raw/archives/triazolam.tar.gz,triazolam/alpha1/2026091904/pose_01/report.txt,6720,5db3ab408dcfd18325dbf8bfa0ec74ea064a1a3102a64d40467c39e02e5ba1fd
raw/archives/triazolam.tar.gz,triazolam/alpha1/2026091904/pose_01/report.xml,12832,3810be165be67a0dd28db0a5802797d6284081428970f7d2fb1c301ee456dbd5
raw/archives/triazolam.tar.gz,triazolam/alpha1/2026091904/pose_02/ligand.sdf,3063,86f46b060f0a56fba650af274c957360538cb376222dd01a224850d5aed897da
raw/archives/triazolam.tar.gz,triazolam/alpha1/2026091904/pose_02/pose_status.json,570,539e3bae4cc51aa0add528a4f2855a9c1c7f63fd14223090dc3486635d8766c4
raw/archives/triazolam.tar.gz,triazolam/alpha1/2026091904/pose_02/report.txt,4955,9285f91ddb7398e8507b9ce203b4c8f32c1ef102b682a8be34de662881fff77f
raw/archives/triazolam.tar.gz,triazolam/alpha1/2026091904/pose_02/report.xml,11835,ff86c783a0f3424517d699207e4914b13c2ff98f1616cd55855d4d85ca023f9d
raw/archives/triazolam.tar.gz,triazolam/alpha1/2026091904/pose_03/ligand.sdf,3063,e69a9879c5ddc226e097ae5bd816ba2c2bde8b4ac062959379b947f2b37845c8
raw/archives/triazolam.tar.gz,triazolam/alpha1/2026091904/pose_03/pose_status.json,570,e31ffe201e1c31f68474bd207927c1f027b1b9fb06a37c7e4b36f0b77946f7b0
raw/archives/triazolam.tar.gz,triazolam/alpha1/2026091904/pose_03/report.txt,3903,c3ff5ffbba80ec41b2a487f6dcd92e1f09f88d2d9b3189e7821fede3bf3df505
raw/archives/triazolam.tar.gz,triazolam/alpha1/2026091904/pose_03/report.xml,9565,5e464a727a78df8423d77f09a26a13e7756e8d2b7e5ded17d84d2364a73a502f
raw/archives/triazolam.tar.gz,triazolam/alpha1/2026091904/pose_04/ligand.sdf,3063,760e6a8889f8ffa4f30b7a47f2a2ed47ee586e41c7e61de24d6bc9b4ddb8d3df
raw/archives/triazolam.tar.gz,triazolam/alpha1/2026091904/pose_04/pose_status.json,570,ebdb516f35c8dd8b86c7823bbed3c7be4e0eb969cf7f1aee4349cd6c214624aa
raw/archives/triazolam.tar.gz,triazolam/alpha1/2026091904/pose_04/report.txt,3855,b98389cee0cc14800c82c409d20df518e78a07df975e61d0bbf09e6b80d0bdde
raw/archives/triazolam.tar.gz,triazolam/alpha1/2026091904/pose_04/report.xml,9250,2504a7a37e9cdce381b5a5a268e666c4ca02224f4adf607ff67d7c1957a5866f
raw/archives/triazolam.tar.gz,triazolam/alpha1/2026091904/pose_05/ligand.sdf,3063,3a7e447da8688fd65cb596688ef18e4af0bdede7c59654cd4280482db1401b90
raw/archives/triazolam.tar.gz,triazolam/alpha1/2026091904/pose_05/pose_status.json,570,6b291b8ba9a4aad8dd91dc4de480913de5bd8c5803ec96193311043799c121e7
raw/archives/triazolam.tar.gz,triazolam/alpha1/2026091904/pose_05/report.txt,2077,9bfd93f8c6f12b8520e2838acc3986f34d77a5cf57b8f6ad4db7cf7b3de9933b
raw/archives/triazolam.tar.gz,triazolam/alpha1/2026091904/pose_05/report.xml,6962,0df3520c520f40ee1c31aa81813433d3fe7d8a55aa18f3418d5e99382be41206
raw/archives/triazolam.tar.gz,triazolam/alpha1/2026091904/pose_06/ligand.sdf,3063,bdb2d7c500ffc75f5c4389ca57d124dbaa5801161f48a59269d1b73878e7e75d
raw/archives/triazolam.tar.gz,triazolam/alpha1/2026091904/pose_06/pose_status.json,570,9c44bb8bcd6a79390d25f478f888156249f6e9f52b26841b39455865b135789c
raw/archives/triazolam.tar.gz,triazolam/alpha1/2026091904/pose_06/report.txt,3928,68318e491049afb73163d1d19267736d1ff66ebbf3e07cbec462f1f03d56b520
raw/archives/triazolam.tar.gz,triazolam/alpha1/2026091904/pose_06/report.xml,9762,e30dcf1771504f1c56e0434223f27d97d742cab1dd6a3014de5d0615799a3e26
raw/archives/triazolam.tar.gz,triazolam/alpha1/2026091904/pose_07/ligand.sdf,3063,f09d8e05fd82a1af3d8680c41135677988202eda21b2ba07f9dd751e673cf4be
raw/archives/triazolam.tar.gz,triazolam/alpha1/2026091904/pose_07/pose_status.json,570,26aa032f9624b8beea2e9d1ba3b950f7a48d2376393196144798befdb6db3a6b
raw/archives/triazolam.tar.gz,triazolam/alpha1/2026091904/pose_07/report.txt,2929,166f2da94f364a655c668b77aed251a0b8da78d16d7175d90d6a969e3a7c83c7
raw/archives/triazolam.tar.gz,triazolam/alpha1/2026091904/pose_07/report.xml,7150,a50292f42871984c4b60d253f58e8e4444e4d7e2dd01fe72cfa83a7c8d9eedb1
raw/archives/triazolam.tar.gz,triazolam/alpha1/2026091904/pose_08/ligand.sdf,3063,6d7fb577c1da97e06e7587ac254fea7e78f58a0f5a192b96897457119be5a743
raw/archives/triazolam.tar.gz,triazolam/alpha1/2026091904/pose_08/pose_status.json,570,3e9e3e16c9110a97a25dac0aa080de11656d1569113d37a6b08c7a3cf760b883
raw/archives/triazolam.tar.gz,triazolam/alpha1/2026091904/pose_08/report.txt,4744,fd4011638fef344cab057e9062fcdc09d9d4a85c0f05bf11cf5bf22b4e45388a
raw/archives/triazolam.tar.gz,triazolam/alpha1/2026091904/pose_08/report.xml,9928,60faec40159645165848397ab8ff2ed51ee6074db50dedf4076ac19a657e174e
raw/archives/triazolam.tar.gz,triazolam/alpha1/2026091904/pose_09/ligand.sdf,3063,f667369ff1bf4722757fd718c3c6bf4650aaef4a3460582570bcd7a0b70e122b
raw/archives/triazolam.tar.gz,triazolam/alpha1/2026091904/pose_09/pose_status.json,570,ecc7b7537a12150a75f22318e31a692a8d3e03de9b3313063d158aa1bd88f867
raw/archives/triazolam.tar.gz,triazolam/alpha1/2026091904/pose_09/report.txt,5596,b5a2ecff9a034d53964d8cca781f9f15891982c9f7897ad02cf69959a69249bb
raw/archives/triazolam.tar.gz,triazolam/alpha1/2026091904/pose_09/report.xml,10451,a0317c210a0114050edfcc7438b5264f487d5bf0dd7ed111ce1c87d757e4f2d9
raw/archives/triazolam.tar.gz,triazolam/alpha1/2026091904/pose_manifest.json,5412,7ebd72f751fdc8a8573cd2670079fb3bd41c3039030433a7285280aee1c68c02
raw/archives/triazolam.tar.gz,triazolam/alpha1/2026091904/poses.pdbqt,21069,e41b64461842d6850a1ac041d85a7332a1da8307f689f2310463ec0a0ac454f4
raw/archives/triazolam.tar.gz,triazolam/alpha1/2026091904/vina.log,2385,b884bd2677ddd1dc63fb82cfaf81b818b8cc9fcc60b237e0bc75639af0e87555
raw/archives/triazolam.tar.gz,triazolam/alpha1/2026091905/docking.json,1530,3be73c5b559a6b1564670f96b7849f14af454ea2f8d02d36281a3fffc502cd1f
raw/archives/triazolam.tar.gz,triazolam/alpha1/2026091905/interactions.json,22483,b341f959f49bb73048ec7a3a0824cd2d7bde6c1931d1db48e4c6b659139010a4
raw/archives/triazolam.tar.gz,triazolam/alpha1/2026091905/plip.log,1254,9a25ebc8a00ac3f267ba8b562fc6257d2f7ba764f5369175c06dfb31e0cd7d5a
raw/archives/triazolam.tar.gz,triazolam/alpha1/2026091905/plip_done.json,29,3aec2cca9acbb2425a3f10ec8189c521f41d620e7ef24bba5b87e99dce78afe1
raw/archives/triazolam.tar.gz,triazolam/alpha1/2026091905/pose_01/ligand.sdf,3063,951ee737e95b54263b63fa4aefdae71f92b4075a945b78eb6aff0d76e10624d1
raw/archives/triazolam.tar.gz,triazolam/alpha1/2026091905/pose_01/pose_status.json,571,518646bc2744a2731c18ff0376e0d4d98fad8edc23c3bdf380e5cff1be56cd27
raw/archives/triazolam.tar.gz,triazolam/alpha1/2026091905/pose_01/report.txt,7197,bdb376d0741e0ba98f09bd1ae3bac4e508bc38ecc0fce6449ad2fb3e87375288
raw/archives/triazolam.tar.gz,triazolam/alpha1/2026091905/pose_01/report.xml,13606,48cb1de7b10ad490a400372977a6f212b676c657b42da91f11f2c8df345428d2
raw/archives/triazolam.tar.gz,triazolam/alpha1/2026091905/pose_02/ligand.sdf,3063,3ae68d75a5f201c93038f35bdf5885dc63a8363ce44b960fca605a55b3846531
raw/archives/triazolam.tar.gz,triazolam/alpha1/2026091905/pose_02/pose_status.json,570,ecb6624b149d3a55e4308e5337ef823f29bc46822b0b2963db5f584b4ba1cf93
raw/archives/triazolam.tar.gz,triazolam/alpha1/2026091905/pose_02/report.txt,5068,e6bf42e45da6c42621314ae71e27dfc22b98348e1b0776638789ea8be7dfed91
raw/archives/triazolam.tar.gz,triazolam/alpha1/2026091905/pose_02/report.xml,10129,bdb3e1c5a5c5a7df79c402f90a17f01ecdbfd8115c8757aaf72aeefdf8ddaabc
raw/archives/triazolam.tar.gz,triazolam/alpha1/2026091905/pose_03/ligand.sdf,3063,4bbe4fdb43016d9283086419e5e7528766110efda3e3f7d911e8ffaef0d0df72
raw/archives/triazolam.tar.gz,triazolam/alpha1/2026091905/pose_03/pose_status.json,570,e5ee00172a542730d2c10525eb23c4f98485fb053191529a0302c8b2db5c2ac7
raw/archives/triazolam.tar.gz,triazolam/alpha1/2026091905/pose_03/report.txt,2077,74c5c3e6cf73940344e22eadc4e22f2175759dc5f51f61faa500803e676e07d8
raw/archives/triazolam.tar.gz,triazolam/alpha1/2026091905/pose_03/report.xml,6962,9d6c60e0bba460c173a4c0ce9fa5a853e10a6812f88afed0b8d5227270b96408
raw/archives/triazolam.tar.gz,triazolam/alpha1/2026091905/pose_04/ligand.sdf,3063,b3e9c49aac990ba031e158494f66d9ead81220e9496bebfbbac2184589eabe06
raw/archives/triazolam.tar.gz,triazolam/alpha1/2026091905/pose_04/pose_status.json,570,4692c3e19d86cf8b5ab133cb8f74033c031da8b8a2c08f46c7fde145e3d798b8
raw/archives/triazolam.tar.gz,triazolam/alpha1/2026091905/pose_04/report.txt,3928,d53b7f6c84bb9a57f7108a887457dd19206b6a6a7b7c94399663d92f4bc4cca5
raw/archives/triazolam.tar.gz,triazolam/alpha1/2026091905/pose_04/report.xml,9762,6e184f1c28ac237af725f4b99f9e48f32751d7d4c466d339795768f26a3dd821
raw/archives/triazolam.tar.gz,triazolam/alpha1/2026091905/pose_05/ligand.sdf,3063,a895770feedae724266dee3b3436d4b4d3f20a71579fa179ebfbe96f5bb90256
raw/archives/triazolam.tar.gz,triazolam/alpha1/2026091905/pose_05/pose_status.json,570,ff6a68c660c48ea18207dcccd7f48542d40d3b26384e9f8e509962867c62f78b
raw/archives/triazolam.tar.gz,triazolam/alpha1/2026091905/pose_05/report.txt,1744,ab3f7bc7aec7055ff41ef9377c185602aa28682e5f76adb98835341d1e3d8f79
raw/archives/triazolam.tar.gz,triazolam/alpha1/2026091905/pose_05/report.xml,5980,92aafa10826cd970f6acf5316295b7e2757721d4e33ad4c4d27533027f34580a
raw/archives/triazolam.tar.gz,triazolam/alpha1/2026091905/pose_06/ligand.sdf,3063,84b7b4e308903a1dddc77143eb7d4da81281d00930fbe23d1ff77d3336dce949
raw/archives/triazolam.tar.gz,triazolam/alpha1/2026091905/pose_06/pose_status.json,570,4ae4d04d342febd6464e0bc83cd8f8058c0dbbea3af981d89a6a6b1040b17516
raw/archives/triazolam.tar.gz,triazolam/alpha1/2026091905/pose_06/report.txt,1731,950d33d9288e95bae438e99f689050085d56771ad9e007d5948b34763f8cbc17
raw/archives/triazolam.tar.gz,triazolam/alpha1/2026091905/pose_06/report.xml,5853,2c45f7eb3c11f8d59c2be8708acdaede1a11fc59547c3f250085979906285485
raw/archives/triazolam.tar.gz,triazolam/alpha1/2026091905/pose_manifest.json,3610,8bfaf9d506ab034e51b3fa5cc94021b8869437e2e3869e9a3b739bcff3987f7b
raw/archives/triazolam.tar.gz,triazolam/alpha1/2026091905/poses.pdbqt,14046,220ad5d1a532320add01f42aab473ec3ca6df21d60d22ca21901b2c35f3e4902
raw/archives/triazolam.tar.gz,triazolam/alpha1/2026091905/vina.log,2385,1f14e5eba2c73ca1a9a9ebd2fb50169288268f0fa74940e6233d9dec5284e9a4
raw/archives/triazolam.tar.gz,triazolam/alpha2/2026091901/docking.json,1528,fcb84f356baf79dc29a20645f47c3606a099c7ed48490f424bc599214ce4b236
raw/archives/triazolam.tar.gz,triazolam/alpha2/2026091901/interactions.json,23500,f071e0986d4546a2ead7a86b352ce8f9462951b36eade56c5809b18527acb4cb
raw/archives/triazolam.tar.gz,triazolam/alpha2/2026091901/plip.log,1881,b6cd11d0475ed4034ac178a15b0a5ca10c16d0601adc20f03edcce4078f9ba11
raw/archives/triazolam.tar.gz,triazolam/alpha2/2026091901/plip_done.json,29,bef149d6b4bcd0e8393fac45503362a862d45eadcceff434b3d9640f4b008ec4
raw/archives/triazolam.tar.gz,triazolam/alpha2/2026091901/pose_01/ligand.sdf,3063,5249aa1fe2d8cf809e32b1140c3f0b7e98fe2f07220242813d79d985161a536d
raw/archives/triazolam.tar.gz,triazolam/alpha2/2026091901/pose_01/pose_status.json,570,db916181f450dfe71b9bb46145dcee258243bcc71da9026e7f8880f25d15a6e7
raw/archives/triazolam.tar.gz,triazolam/alpha2/2026091901/pose_01/report.txt,3166,8c45fdcdba5693be23eb7715d026236861b6b54121438e878877ea3766c35dfe
raw/archives/triazolam.tar.gz,triazolam/alpha2/2026091901/pose_01/report.xml,7863,5fedc3ef660da46b672ac11b279836dd09420682d2d18cb893390a83cbecf562
raw/archives/triazolam.tar.gz,triazolam/alpha2/2026091901/pose_02/ligand.sdf,3063,595730189a046feb051a0aa4b1abce634226e62d850f36bb03bb81964bb87405
raw/archives/triazolam.tar.gz,triazolam/alpha2/2026091901/pose_02/pose_status.json,570,c83a135c01172396585b4666fe7db49da57611f9334fde368d63eaa193db698d
raw/archives/triazolam.tar.gz,triazolam/alpha2/2026091901/pose_02/report.txt,2059,0d5ab183c64078b6f449a8c9a28936e176d943d33f36ef93b15152390d62964d
raw/archives/triazolam.tar.gz,triazolam/alpha2/2026091901/pose_02/report.xml,6955,0a4406ce8072f2b7c2a38a8b0a2a013a1df3c5bf59b30ad28e571e59eababf65
raw/archives/triazolam.tar.gz,triazolam/alpha2/2026091901/pose_03/ligand.sdf,3063,c322194aa9fffd8ee543e028d07eaba9ea354f1d64ff263d6c849929125fb999
raw/archives/triazolam.tar.gz,triazolam/alpha2/2026091901/pose_03/pose_status.json,570,ceeb1518739b32a5b8bc5f1e98289b04b8257a69dc924155cc2f6f49c0e2d338
raw/archives/triazolam.tar.gz,triazolam/alpha2/2026091901/pose_03/report.txt,3511,8432a2a0184177ffa3c48a05573782db72f31eeafbdfd15b2bb80b25efa2fcaa
raw/archives/triazolam.tar.gz,triazolam/alpha2/2026091901/pose_03/report.xml,8589,8c2a005ce3ae27f08dc7eed736ecde815d68e5aab5360f785c9f0cc1e713b04d
raw/archives/triazolam.tar.gz,triazolam/alpha2/2026091901/pose_04/ligand.sdf,3063,d125b5f64cf131e087c54a5ecaf1e209d3e9a11e387400e5cbecf4fd6871df1a
raw/archives/triazolam.tar.gz,triazolam/alpha2/2026091901/pose_04/pose_status.json,570,98288d60daba152fd95c89332ae39241bd6916963e9eadbefa42c094a5c96eb0
raw/archives/triazolam.tar.gz,triazolam/alpha2/2026091901/pose_04/report.txt,3209,a749c171e95dcb94180f6bde1589252da9d2abc3a10358e3846fd860ebc4c2cb
raw/archives/triazolam.tar.gz,triazolam/alpha2/2026091901/pose_04/report.xml,8007,90d9a07e06afed4228e28ff909dbeb6fbe6119e6449861f45bcfab115a6b5658
raw/archives/triazolam.tar.gz,triazolam/alpha2/2026091901/pose_05/ligand.sdf,3063,65ddf3cde88ec7e20730f2e3933fd64b724435c26582463ef44cb309f07e57e3
raw/archives/triazolam.tar.gz,triazolam/alpha2/2026091901/pose_05/pose_status.json,570,18827debaf641462164410aa3749cf076570d25f3f56fe0dbc79bb1e2593d07e
raw/archives/triazolam.tar.gz,triazolam/alpha2/2026091901/pose_05/report.txt,2068,e9ec44ac6771dd485c21875225f5bc381b3c4effc1222674c5f02fa2a8995fb6
raw/archives/triazolam.tar.gz,triazolam/alpha2/2026091901/pose_05/report.xml,6957,921504d25539f17003f99cf33a14fcd5c06b075d1e5c8312afd6b8cfc9864268
raw/archives/triazolam.tar.gz,triazolam/alpha2/2026091901/pose_06/ligand.sdf,3063,93c749892aa8797e59b42d21a5dfb47577fa15f13459dfc770907f174ab9b08e
raw/archives/triazolam.tar.gz,triazolam/alpha2/2026091901/pose_06/pose_status.json,570,7f55c1c4c2899cde2a858e0456719d28812d94fe8e859e3dfaf3d7c8c5fb87c9
raw/archives/triazolam.tar.gz,triazolam/alpha2/2026091901/pose_06/report.txt,4148,519cfc2c22a6dd29f4c335f955b60a749837d692313dd85ec02040717153e0d3
raw/archives/triazolam.tar.gz,triazolam/alpha2/2026091901/pose_06/report.xml,9880,97282bb4e72e1f724bd350d7c3e0ed238739c9418314c77a3a359e17f01022bf
raw/archives/triazolam.tar.gz,triazolam/alpha2/2026091901/pose_07/ligand.sdf,3063,bc7a6bf28c6379c54f877c375203be0c306686a27c86d0d54cdddcf582db128b
raw/archives/triazolam.tar.gz,triazolam/alpha2/2026091901/pose_07/pose_status.json,570,6e849a12e824a8dcba3ea03f99c57964d0226d13a0a8ca911ea5ffa48dcf2a30
raw/archives/triazolam.tar.gz,triazolam/alpha2/2026091901/pose_07/report.txt,1399,0c158a6ff5fb0ecfcb4671beec24a34d7d1b47375ca6bc813048cb312cf9e706
raw/archives/triazolam.tar.gz,triazolam/alpha2/2026091901/pose_07/report.xml,5695,b5add40b372df1fffa9c356945f27988326555d3cb58edc4463b68d1b12e3d42
raw/archives/triazolam.tar.gz,triazolam/alpha2/2026091901/pose_08/ligand.sdf,3063,df6cf30cfb3047aa0780c52186171d6074db140fa334bc6bbf7a728d377fd6b7
raw/archives/triazolam.tar.gz,triazolam/alpha2/2026091901/pose_08/pose_status.json,570,2641810d9a0686eccb67d20c1f37de653dc3ea86ab4843ed48fd04f05d70d6f9
raw/archives/triazolam.tar.gz,triazolam/alpha2/2026091901/pose_08/report.txt,2057,c68d487a3e2220f00ef0647ea4a9a7ddb22328377711bcb8ad61e0258ef3e90a
raw/archives/triazolam.tar.gz,triazolam/alpha2/2026091901/pose_08/report.xml,7155,1d909220e1580cf6deb14f1d1d3983212f33ec86f069c1cdca50d7484f852eb9
raw/archives/triazolam.tar.gz,triazolam/alpha2/2026091901/pose_09/ligand.sdf,3063,796af8e2b8c8c772aa474c7237349847fe4a0f03152da73a3ce83f99d61b1170
raw/archives/triazolam.tar.gz,triazolam/alpha2/2026091901/pose_09/pose_status.json,570,e3d38dd967d13d5524171fc5dc5261fd3c1840ac0da2b97ca2e17b6e79bd9fcb
raw/archives/triazolam.tar.gz,triazolam/alpha2/2026091901/pose_09/report.txt,1399,bb50ca4e537ae007f4d42242318b6f5cd53d42d7f0fd0aa7f7079171c5eea7bc
raw/archives/triazolam.tar.gz,triazolam/alpha2/2026091901/pose_09/report.xml,5610,bda85a3e4cd617665d17efb9cb57657c56b912190a969db3be5de6fb3785c72e
raw/archives/triazolam.tar.gz,triazolam/alpha2/2026091901/pose_manifest.json,5412,ea10e49dac192d7f0f8cdbf07661c7c7dd3562225452a7312c1274dd5e26d4c5
raw/archives/triazolam.tar.gz,triazolam/alpha2/2026091901/poses.pdbqt,21069,b21084a7dcaa60b65101bb94f0a4b44f9dc3a84edf2b127d1b6d2f196bfce02f
raw/archives/triazolam.tar.gz,triazolam/alpha2/2026091901/vina.log,2385,02cde5643c1784ab6f64272c2bb300975436bce296341a697f80ffd347c732fa
raw/archives/triazolam.tar.gz,triazolam/alpha2/2026091902/docking.json,1528,a9ae872288fac16b4d37ecdfcc3a72d284da19e46ee1ea8bb78043af5aa6b107
raw/archives/triazolam.tar.gz,triazolam/alpha2/2026091902/interactions.json,23450,55c7a87626fc93a6f77a8f465eb99a42009d61b28889f7e6d7aa6e1f64efb93f
raw/archives/triazolam.tar.gz,triazolam/alpha2/2026091902/plip.log,1881,69b62de40e8d9bfff32973862ac3a29df74322cd6e2b6918019caa1e49e76f87
raw/archives/triazolam.tar.gz,triazolam/alpha2/2026091902/plip_done.json,29,bef149d6b4bcd0e8393fac45503362a862d45eadcceff434b3d9640f4b008ec4
raw/archives/triazolam.tar.gz,triazolam/alpha2/2026091902/pose_01/ligand.sdf,3063,80ea3d62629ce125a411ac4269b1884ed975976d152a2d0efd80bc82489e1d9c
raw/archives/triazolam.tar.gz,triazolam/alpha2/2026091902/pose_01/pose_status.json,570,2f5df9211be937fbb2d82165aba79a3e18835f45a359afc5b82ef0ea55d4df20
raw/archives/triazolam.tar.gz,triazolam/alpha2/2026091902/pose_01/report.txt,2057,946dca8ae553f0c7f16a0a3b9f54a88466437bf391f5ba0f11c595ea60fb82a7
raw/archives/triazolam.tar.gz,triazolam/alpha2/2026091902/pose_01/report.xml,6987,5036d8629797f5cfc4b10b7718c189b23252fabef3ac37b7f153da86bb8058e7
raw/archives/triazolam.tar.gz,triazolam/alpha2/2026091902/pose_02/ligand.sdf,3063,a27f814fd79640ce6bb448b397979e107b1994ade6bee50fc601e7d2c75dcec1
raw/archives/triazolam.tar.gz,triazolam/alpha2/2026091902/pose_02/pose_status.json,570,d69795c0e85ba979cf24b357b6abb5e5c8f0e79179c54734d5deaa513cd84b60
raw/archives/triazolam.tar.gz,triazolam/alpha2/2026091902/pose_02/report.txt,3511,9c4cd04ef04c863ce5d828fc5409200aeacd9e576c9c0ac2032f017aa21b909e
raw/archives/triazolam.tar.gz,triazolam/alpha2/2026091902/pose_02/report.xml,8673,ba593431b012264c10b450213673cdf5ba16e240269c7a6d24057f4be37598c6
raw/archives/triazolam.tar.gz,triazolam/alpha2/2026091902/pose_03/ligand.sdf,3063,66cb5e075299f3dc9c2e8476d8795d240defa41569e707e4ea06e77f24f62390
raw/archives/triazolam.tar.gz,triazolam/alpha2/2026091902/pose_03/pose_status.json,570,90692a1fddf0e7c564f9d8935ba4878da6e5f1b59e13e26c3cc537a6e4a49356
raw/archives/triazolam.tar.gz,triazolam/alpha2/2026091902/pose_03/report.txt,2059,d2489b0ed2b9ee09f738b4d45c81b5ea13cc421329340e4817bbbe05cd106302
raw/archives/triazolam.tar.gz,triazolam/alpha2/2026091902/pose_03/report.xml,6955,2b0941cb3e45e4dea62e81ffbd73bcebfa4cc59e5a3e80836f00a8f219b5ec43
raw/archives/triazolam.tar.gz,triazolam/alpha2/2026091902/pose_04/ligand.sdf,3063,e4ba37250789804b4a764c2e6e90aaf343e1918d509e7bfc15f3e3a2d8e50200
raw/archives/triazolam.tar.gz,triazolam/alpha2/2026091902/pose_04/pose_status.json,570,343b4871ae104de5f32ffb4e2d668c79fcc5ca2c90bd4574fdeb18810837581d
raw/archives/triazolam.tar.gz,triazolam/alpha2/2026091902/pose_04/report.txt,2068,5f3089bc3e16d7f4e94086b82b2d486db625a3f7b735effe0dd705b4da7e99dd
raw/archives/triazolam.tar.gz,triazolam/alpha2/2026091902/pose_04/report.xml,7291,63204995b5deb23a21195e63c339acbd46da784db4ba9629ca13b81d8c595f19
raw/archives/triazolam.tar.gz,triazolam/alpha2/2026091902/pose_05/ligand.sdf,3063,015bb596aab8f9bca1d9b876243a5589f938c5caed455bb6ced47b327cd1df37
raw/archives/triazolam.tar.gz,triazolam/alpha2/2026091902/pose_05/pose_status.json,570,37ec127a93f8b041ada0fcd2c1a5146c6466d7c5684964c6d2976812400a8050
raw/archives/triazolam.tar.gz,triazolam/alpha2/2026091902/pose_05/report.txt,2068,9ed4dbc1997aae511df8c583d1a444e1c79c0100cc1e865e8ebbf7e51910e42d
raw/archives/triazolam.tar.gz,triazolam/alpha2/2026091902/pose_05/report.xml,7041,1162db49006ad81803aeb30b0f7973d9309d8c7de4cb3d0d41a6cfe82202b7a4
raw/archives/triazolam.tar.gz,triazolam/alpha2/2026091902/pose_06/ligand.sdf,3063,76b7e866588b8051c794a37d6d441070c14588765bd08232c1913572320a5f2e
raw/archives/triazolam.tar.gz,triazolam/alpha2/2026091902/pose_06/pose_status.json,570,ce68d1fa4424e9ddf83f83fd5dc33568270c72a42947c9a5278303705ae3c61f
raw/archives/triazolam.tar.gz,triazolam/alpha2/2026091902/pose_06/report.txt,4636,f0192ffa3caa1697c71c489f3c2decfdc00b740a39f54f874927eed9001cabca
raw/archives/triazolam.tar.gz,triazolam/alpha2/2026091902/pose_06/report.xml,9679,1bf5a8ee5681b202acb06f743a30e988eb5339b0ff76ce36c960cb85df3e7a06
raw/archives/triazolam.tar.gz,triazolam/alpha2/2026091902/pose_07/ligand.sdf,3063,4fc2b525025810361178f7361416742204c76c0ce0fa5a59ad45109fa2682e37
raw/archives/triazolam.tar.gz,triazolam/alpha2/2026091902/pose_07/pose_status.json,570,b051699cd8a36d34d88ddccc1731f35f5b168bda1aba984609ed348e279180e1
raw/archives/triazolam.tar.gz,triazolam/alpha2/2026091902/pose_07/report.txt,1728,3c575595f52b162e8eda2a5212d1698976f3ee2c552512bd563dc8c9a14c553d
raw/archives/triazolam.tar.gz,triazolam/alpha2/2026091902/pose_07/report.xml,6593,1f1b7ebc3e44e71f89d664353bb1c1c4f4ade4b1514ea02a311fad3554e26216
raw/archives/triazolam.tar.gz,triazolam/alpha2/2026091902/pose_08/ligand.sdf,3063,c91eddeda1387e1be0fe3886f36caa84d28c988d95301fddffaa18ebcbf8bf29
raw/archives/triazolam.tar.gz,triazolam/alpha2/2026091902/pose_08/pose_status.json,570,d127c5120417580ab34e9bbd9da9017228a2312f44a6a536f387f2aefb9cbb4c
raw/archives/triazolam.tar.gz,triazolam/alpha2/2026091902/pose_08/report.txt,1730,74b9e6e3d65ab9b01b984491f8a438a806eeed2bfd620ebdcd7efef8e73aeafa
raw/archives/triazolam.tar.gz,triazolam/alpha2/2026091902/pose_08/report.xml,6310,26939b51057a700201d4c7aa235f39a12f07c890c9159ea07b7bacdd8af7acfa
raw/archives/triazolam.tar.gz,triazolam/alpha2/2026091902/pose_09/ligand.sdf,3063,f6830a32a61985aa2ae572361f1dec9e2d0ee088b2b2645de5d0796e4c2c327e
raw/archives/triazolam.tar.gz,triazolam/alpha2/2026091902/pose_09/pose_status.json,570,8c914c7b847ab6f17e2f7e91fd81fd7eb78d97ebac103a51abe6528865a058d0
raw/archives/triazolam.tar.gz,triazolam/alpha2/2026091902/pose_09/report.txt,3248,741970e00968694f2e8dc84b28b3a9c640e3eb0627475562103b56466bcdc225
raw/archives/triazolam.tar.gz,triazolam/alpha2/2026091902/pose_09/report.xml,8293,8d17692c4a0448352539ae01c1c07f2057523759c8dc1d4313916c7f375f6d58
raw/archives/triazolam.tar.gz,triazolam/alpha2/2026091902/pose_manifest.json,5412,ffc9fac40b0387124641b0856b0a8d81acbad9c86e6126e5570c1f227dcc5d16
raw/archives/triazolam.tar.gz,triazolam/alpha2/2026091902/poses.pdbqt,21069,7e918c466723a85ee43fce3c756dc8a9385272207b183958791337ca08f83bca
raw/archives/triazolam.tar.gz,triazolam/alpha2/2026091902/vina.log,2385,34ce319815441d8a5f3c60bf4c72718afee138709ae7530dd3dec3ea3ed5ad52
raw/archives/triazolam.tar.gz,triazolam/alpha2/2026091903/docking.json,1528,5412c82d1fc05a55a087faf4becddfe8264eb89a802e0bcb5d943cf915cc7527
raw/archives/triazolam.tar.gz,triazolam/alpha2/2026091903/interactions.json,23383,39847d7af3ba38db934a589d7e84449e3c621a2a18a303b6723b6a4a30473bdc
raw/archives/triazolam.tar.gz,triazolam/alpha2/2026091903/plip.log,1881,daceb7243abefa318c286b145c1fc846f68a487544a7c519928cb8eb4cd450e9
raw/archives/triazolam.tar.gz,triazolam/alpha2/2026091903/plip_done.json,29,bef149d6b4bcd0e8393fac45503362a862d45eadcceff434b3d9640f4b008ec4
raw/archives/triazolam.tar.gz,triazolam/alpha2/2026091903/pose_01/ligand.sdf,3063,9402f57785bef059b7bba52e347abe01fee18e817df4258683594a9278280387
raw/archives/triazolam.tar.gz,triazolam/alpha2/2026091903/pose_01/pose_status.json,570,5eea253430df1102b2a12cdca5b3c4747c4747e0e8cd84a1ff7ee04c4f1d1420
raw/archives/triazolam.tar.gz,triazolam/alpha2/2026091903/pose_01/report.txt,2057,2df5d3743138bc4c51d30cc9763e8784ea21feaf9443ac3b186044b1f9e78767
raw/archives/triazolam.tar.gz,triazolam/alpha2/2026091903/pose_01/report.xml,6987,d405e04db750571ccafed7626c6e34ea4d8cef85f8238dd34d3cdb0372df4570
raw/archives/triazolam.tar.gz,triazolam/alpha2/2026091903/pose_02/ligand.sdf,3063,9538d34e8e367973c2244f7390e13a63143baca65c7a5684e6884bc84bdc8fce
raw/archives/triazolam.tar.gz,triazolam/alpha2/2026091903/pose_02/pose_status.json,570,c50657ff3c86a7df957c37d3edf313c38aedeeab3b632fdb565a93304433da57
raw/archives/triazolam.tar.gz,triazolam/alpha2/2026091903/pose_02/report.txt,2059,24d064f676f8b597a7b9c865a7676013686ebfcfe20b20163cf9b965a534204b
raw/archives/triazolam.tar.gz,triazolam/alpha2/2026091903/pose_02/report.xml,6955,ffe5c551202733de04d3e9a31b2904449e414abd610c36d903565cb0affbe012
raw/archives/triazolam.tar.gz,triazolam/alpha2/2026091903/pose_03/ligand.sdf,3063,e14d298bbd5d13999ee0ea2bcaa2a9542ef4985963d73688b3643b2f2c146a21
raw/archives/triazolam.tar.gz,triazolam/alpha2/2026091903/pose_03/pose_status.json,570,7625201ef938ff5ae1e5272a7dcd4e4a6aefb970dabb62bfec3eb74b90c506a4
raw/archives/triazolam.tar.gz,triazolam/alpha2/2026091903/pose_03/report.txt,3511,312340ba79402642abed8153bcb11b2a063dba2a08e42d86f026f67055fdb730
raw/archives/triazolam.tar.gz,triazolam/alpha2/2026091903/pose_03/report.xml,8673,a9715870347ff9085c34236d9a872e58e8dec837fb2edf580b7e82eedc02ed39
raw/archives/triazolam.tar.gz,triazolam/alpha2/2026091903/pose_04/ligand.sdf,3063,088e9c3d50175851311fd9a0f1d41952311ff4d52283c728261a7245c0b97aa3
raw/archives/triazolam.tar.gz,triazolam/alpha2/2026091903/pose_04/pose_status.json,570,47d8fc917c8c789a053246087daf060db25bbb96d39c97357c7bdf67ceba09f8
raw/archives/triazolam.tar.gz,triazolam/alpha2/2026091903/pose_04/report.txt,3209,9cb2fc1885ccbbf9bd1402b0ff4218b1ddd9341c5a26e22bcb8763b01cee95e2
raw/archives/triazolam.tar.gz,triazolam/alpha2/2026091903/pose_04/report.xml,8007,76e5621903d1d02816d85214d84991d599005dc498e6182bca5e63250a9ce875
raw/archives/triazolam.tar.gz,triazolam/alpha2/2026091903/pose_05/ligand.sdf,3063,da3338e59fed1aa92ea63d592bd7088b37fc2c0ef85b26355ea8d0f987401d25
raw/archives/triazolam.tar.gz,triazolam/alpha2/2026091903/pose_05/pose_status.json,570,8be61210449f2cef55dbe3f117c2e4bef8987ae00be5975d24540c727df9ec38
raw/archives/triazolam.tar.gz,triazolam/alpha2/2026091903/pose_05/report.txt,4148,be58745bc1066099b5b0272daea2e6670251e39612d091513a8a0ead2612bb0c
raw/archives/triazolam.tar.gz,triazolam/alpha2/2026091903/pose_05/report.xml,9880,02fcd65434eed75187d98a70e4178b491e69d563b51e7ec1944b14cfbb449a2f
raw/archives/triazolam.tar.gz,triazolam/alpha2/2026091903/pose_06/ligand.sdf,3063,8b59d41d7418c72a9177d39b8b4d031e44921f23f3314ad8af4c84f3b460eba3
raw/archives/triazolam.tar.gz,triazolam/alpha2/2026091903/pose_06/pose_status.json,570,84160e46caf84ecd923b08f83f9ef629ad0bb284c06da014efc41e3e0999edcc
raw/archives/triazolam.tar.gz,triazolam/alpha2/2026091903/pose_06/report.txt,2068,87d57c46f596035c3c3f5589248a915098f7c7c76b4e8362dda17657cd5a230c
raw/archives/triazolam.tar.gz,triazolam/alpha2/2026091903/pose_06/report.xml,6789,c0db96dcdb547964a706973e54c9bfbf39e32f1e602e9e2ed9629a08d4114475
raw/archives/triazolam.tar.gz,triazolam/alpha2/2026091903/pose_07/ligand.sdf,3063,6b1e0bba7b2091d03f09d34e660a9e95f5dc6c3040a68d6faf2594a506d85870
raw/archives/triazolam.tar.gz,triazolam/alpha2/2026091903/pose_07/pose_status.json,570,af01860d9c3f9f32f63a4f27b974c4a66169426efde698e6cbbc1553b651469a
raw/archives/triazolam.tar.gz,triazolam/alpha2/2026091903/pose_07/report.txt,1728,e2c47e30cec8abb18f4b3a4bcdc118c072ec5bc75b2f66920731c5a598c77791
raw/archives/triazolam.tar.gz,triazolam/alpha2/2026091903/pose_07/report.xml,6593,76246c7e913111a7f01f7d8d14243cab75ed19989f82dd660bb5ffde6b18b782
raw/archives/triazolam.tar.gz,triazolam/alpha2/2026091903/pose_08/ligand.sdf,3063,689388d8bf0849cd4ffee3fa5e2bc32fe8829f64dc83f30d3aa8934dd957ead3
raw/archives/triazolam.tar.gz,triazolam/alpha2/2026091903/pose_08/pose_status.json,570,2785cbd439a46f95a817119588758ab4d9e923406fb52d3f443c0359ecc8b727
raw/archives/triazolam.tar.gz,triazolam/alpha2/2026091903/pose_08/report.txt,1399,00ea1bdb0ec08cfb327d033c689661857d6055c99c95e0c024d96df3b1a9e0ca
raw/archives/triazolam.tar.gz,triazolam/alpha2/2026091903/pose_08/report.xml,5779,083398c2fc9d0d1e6c1882ca59f9856830cec3fd74e6d68067656da12e1e8a39
raw/archives/triazolam.tar.gz,triazolam/alpha2/2026091903/pose_09/ligand.sdf,3063,d44b1ff9b96e8d315f7622459bd6ab0646bda7ec578ac29e966ad74d168ce370
raw/archives/triazolam.tar.gz,triazolam/alpha2/2026091903/pose_09/pose_status.json,570,1a4a3eaf368f6b1520031e3f17acfcea7dc27e29d7c9067a4bd498aca4dabafb
raw/archives/triazolam.tar.gz,triazolam/alpha2/2026091903/pose_09/report.txt,2068,33042babf5d5fbf47377b4cfeb357543b4361f662d60d8e776d36162199dda3a
raw/archives/triazolam.tar.gz,triazolam/alpha2/2026091903/pose_09/report.xml,6873,8a62d2109009d34233e98b6e133d6195dbab9cf17cedc8365a7c0677e0f22b51
raw/archives/triazolam.tar.gz,triazolam/alpha2/2026091903/pose_manifest.json,5412,0d64dddc2cd95485b7bc7d83a3bcf209135cf7ad9213fd09dde6879c21956210
raw/archives/triazolam.tar.gz,triazolam/alpha2/2026091903/poses.pdbqt,21069,3206a8933b78a207e05618f24de340fcb88d3eadad72585b703dd9ca00e8bf82
raw/archives/triazolam.tar.gz,triazolam/alpha2/2026091903/vina.log,2385,254567977b58acab97e3344f2c5014601ee9722ec5ffc2544c52e135475cf050
raw/archives/triazolam.tar.gz,triazolam/alpha2/2026091904/docking.json,1528,5216512a9ed104772b559ccafe6710ee3da17bfb6b99052527494db94a8279d1
raw/archives/triazolam.tar.gz,triazolam/alpha2/2026091904/interactions.json,23694,5a215658930c6c4d6700516a5067ae2e16fae5033c195de52db4a60771c458b9
raw/archives/triazolam.tar.gz,triazolam/alpha2/2026091904/plip.log,1881,e671b2379876a503ed2c3e266e4e2cfc6d89a4b15844ecdd9ef3b20c0658c874
raw/archives/triazolam.tar.gz,triazolam/alpha2/2026091904/plip_done.json,29,bef149d6b4bcd0e8393fac45503362a862d45eadcceff434b3d9640f4b008ec4
raw/archives/triazolam.tar.gz,triazolam/alpha2/2026091904/pose_01/ligand.sdf,3063,4a00cdc5c8a8af15b3ab567f56471ce66aedfedcfe4142b81e15656b118ad384
raw/archives/triazolam.tar.gz,triazolam/alpha2/2026091904/pose_01/pose_status.json,570,4254ac094166053a400f62923321fdcd27fd0ad83b0b38801e997a6bdf5d7772
raw/archives/triazolam.tar.gz,triazolam/alpha2/2026091904/pose_01/report.txt,3166,3c864e7bc19e09f07b451e9dcb26123fbb01baf24f960aa1e671dfcd2c59639d
raw/archives/triazolam.tar.gz,triazolam/alpha2/2026091904/pose_01/report.xml,7863,702158c7025680fec66a777e730d04a10c9258aa6f31e9477c0bba4920154314
raw/archives/triazolam.tar.gz,triazolam/alpha2/2026091904/pose_02/ligand.sdf,3063,3b0fd2fa6d1fdc2c8bc293023b6ca4b4201d2b949e2cc42290744a907891b430
raw/archives/triazolam.tar.gz,triazolam/alpha2/2026091904/pose_02/pose_status.json,570,b497839cff0d604f8937ec449f8a059a85fd35e9dfa40224301f0a8ffce165c2
raw/archives/triazolam.tar.gz,triazolam/alpha2/2026091904/pose_02/report.txt,2059,247b93203c9552a2d5f7d3c68cbc4492dc3c1078de5f472192f174cff2bd4c43
raw/archives/triazolam.tar.gz,triazolam/alpha2/2026091904/pose_02/report.xml,6955,12c8227bbfb917219bddd7576ce18ac45b2dbd9ee22e3fc880c8ab34f0a1c791
raw/archives/triazolam.tar.gz,triazolam/alpha2/2026091904/pose_03/ligand.sdf,3063,7db2be1e607a0b6b4d5b709a98fbadd1d70080dd40b7a9167d5289a193af1807
raw/archives/triazolam.tar.gz,triazolam/alpha2/2026091904/pose_03/pose_status.json,570,7a78cc73573782e35f45467fca65c8a4beb0136375779cd363387bf281c2f9e3
raw/archives/triazolam.tar.gz,triazolam/alpha2/2026091904/pose_03/report.txt,3209,74701de7ad1beee0a130aaddd7bc6c44ef4199a460e6dab1acf5f2ec8b7023c6
raw/archives/triazolam.tar.gz,triazolam/alpha2/2026091904/pose_03/report.xml,8007,14c0ee4a656d26b7cbf8a4b50d5650be2870cd24e958b6acb7e5833e018b55a2
raw/archives/triazolam.tar.gz,triazolam/alpha2/2026091904/pose_04/ligand.sdf,3063,d7fdd07310bdba9e71cc8bfb7b7d30dac1981e46fc2eeb554746d807ae7dfe35
raw/archives/triazolam.tar.gz,triazolam/alpha2/2026091904/pose_04/pose_status.json,570,98663e29c51e55f9ca03839d002ad7ddf07ff7dfb6ea0d614fdf2f244693c96a
raw/archives/triazolam.tar.gz,triazolam/alpha2/2026091904/pose_04/report.txt,1728,d77addf597cbdd02016879dbcd47d02dc1bb15737708ed8753329dcd54a0958e
raw/archives/triazolam.tar.gz,triazolam/alpha2/2026091904/pose_04/report.xml,6593,b27b0bfd62d1feac0e9019a8fed6ae7315f4f737b92a98489692f373f24a9fd7
raw/archives/triazolam.tar.gz,triazolam/alpha2/2026091904/pose_05/ligand.sdf,3063,91a373da93a28d71d292186162887a8db72abf2833b26e1ea4199339d7690c6a
raw/archives/triazolam.tar.gz,triazolam/alpha2/2026091904/pose_05/pose_status.json,570,fcd5caf202276db0a31d2aa6015661124ee77c6c3d7d9c418c4feaa61ce377a6
raw/archives/triazolam.tar.gz,triazolam/alpha2/2026091904/pose_05/report.txt,3607,6b4f029329b9863bc7a3ee7e7b4f4cbc1c6e6490123a81da90a37c89036df634
raw/archives/triazolam.tar.gz,triazolam/alpha2/2026091904/pose_05/report.xml,8482,164f25e1262bcf39505d2d58ab2a94ca2ec3e556efe05c462fb74fd1cd69e229
raw/archives/triazolam.tar.gz,triazolam/alpha2/2026091904/pose_06/ligand.sdf,3063,105ad633719fe5bf4585d9ee21ea2f619a14fb6375a542ce42450e57c931aa5c
raw/archives/triazolam.tar.gz,triazolam/alpha2/2026091904/pose_06/pose_status.json,570,e9f46681be5f448aa0a4bc2d7591168a29a73fb70b3c63072c0f202961f552a4
raw/archives/triazolam.tar.gz,triazolam/alpha2/2026091904/pose_06/report.txt,2503,3344da305c3dcee1459b9c42a7419be94afe33b9c8b66b6056d35aeead34a996
raw/archives/triazolam.tar.gz,triazolam/alpha2/2026091904/pose_06/report.xml,6400,9e71f32f20b1cb0882e71fea3212404db13cda4f6f7d51f726e97db7354abe67
raw/archives/triazolam.tar.gz,triazolam/alpha2/2026091904/pose_07/ligand.sdf,3063,036029f664ddb8685f0ed705623f933b2cc2c0546254d8faf7202aa7802cbd17
raw/archives/triazolam.tar.gz,triazolam/alpha2/2026091904/pose_07/pose_status.json,570,cdf276919e8ea707fee1d54664d046a40730f267603f2e1d5c1a00796a040353
raw/archives/triazolam.tar.gz,triazolam/alpha2/2026091904/pose_07/report.txt,3267,f4903c4c013a503d88ec206bf00f3eb29084c5dcc331306ff8fd1e748dbc43d0
raw/archives/triazolam.tar.gz,triazolam/alpha2/2026091904/pose_07/report.xml,8002,d8b77c0f893afd89b1cb4e9e5cdad0297940a65a487c97ad11a8579b40aba4c1
raw/archives/triazolam.tar.gz,triazolam/alpha2/2026091904/pose_08/ligand.sdf,3063,0dc4dae7ce29d53c3e4ac62467046129b272da9a4e819bf0529dcefd505f7ffc
raw/archives/triazolam.tar.gz,triazolam/alpha2/2026091904/pose_08/pose_status.json,570,293f16aee72e6ee355482322241c5b57ad47e23740f424b67a9403a763c9a1a5
raw/archives/triazolam.tar.gz,triazolam/alpha2/2026091904/pose_08/report.txt,2388,1b58f854988ca27d9ede2a0cc04039fffc0e0e62f9169ca431acfd913b8aabf2
raw/archives/triazolam.tar.gz,triazolam/alpha2/2026091904/pose_08/report.xml,7771,72d87bcaa60a969f81cd48ac82a550d42fbf727c973bd17fadd9c4288e703285
raw/archives/triazolam.tar.gz,triazolam/alpha2/2026091904/pose_09/ligand.sdf,3063,65a27cdd920d5bf7e6acd09c92ee9a98c32e23555d22850ef40a4e7dc86d8484
raw/archives/triazolam.tar.gz,triazolam/alpha2/2026091904/pose_09/pose_status.json,570,5eb75609a670c29ad203f0ff71e2579bb55f516920a0381bfacef282712e7bc4
raw/archives/triazolam.tar.gz,triazolam/alpha2/2026091904/pose_09/report.txt,2057,9669cbcf965aac61dc8da11006ccadfb55440223a336df669ef991b873ea0bab
raw/archives/triazolam.tar.gz,triazolam/alpha2/2026091904/pose_09/report.xml,6570,2f148d7846609bce8eaf8a95220932101807d7fe629e2e79410cf70ea4f35791
raw/archives/triazolam.tar.gz,triazolam/alpha2/2026091904/pose_manifest.json,5412,6177948b9f8e8b71125d98da58c105de67ea6993a77c26f6511576b2da23d24f
raw/archives/triazolam.tar.gz,triazolam/alpha2/2026091904/poses.pdbqt,21069,8b2c066335eb605da2ea9db30fd56e3b75d350c6a1a0bd203196e32331f92b99
raw/archives/triazolam.tar.gz,triazolam/alpha2/2026091904/vina.log,2385,949c3d9acca899a4b41b65fa53f22a0d58f3ef3a6ac0124b4121f3eb2d323d2c
raw/archives/triazolam.tar.gz,triazolam/alpha2/2026091905/docking.json,1528,fd81035cffece2dff3eb9b8814a3ba99a839c1f318c8fba0fb3bc5309a09933d
raw/archives/triazolam.tar.gz,triazolam/alpha2/2026091905/interactions.json,22760,061bc3525d5b3b6b591207d633c4a0ccba05aafa25da53706eb8d85e9b01ce19
raw/archives/triazolam.tar.gz,triazolam/alpha2/2026091905/plip.log,1881,97350fd56f2a767d5978f75fa9d6ed2f62cc84a813d78662152d5cb6056e14a0
raw/archives/triazolam.tar.gz,triazolam/alpha2/2026091905/plip_done.json,29,bef149d6b4bcd0e8393fac45503362a862d45eadcceff434b3d9640f4b008ec4
raw/archives/triazolam.tar.gz,triazolam/alpha2/2026091905/pose_01/ligand.sdf,3063,2bf5e039ccf5c08464722e6ba1e839f3a90f0f34b0090fa2b875cb1db5f0f921
raw/archives/triazolam.tar.gz,triazolam/alpha2/2026091905/pose_01/pose_status.json,570,10db5db009ffb15197a03ccee2c8a8bf67458945e7e5036526743b64f8cc3c39
raw/archives/triazolam.tar.gz,triazolam/alpha2/2026091905/pose_01/report.txt,2057,cdb6161a860101bdfba490236d3483855851658309c25d53af78f40083cef8d5
raw/archives/triazolam.tar.gz,triazolam/alpha2/2026091905/pose_01/report.xml,6987,3a8ab87d9d953a3ecf02d55fa6a31c38517da41e17112161e1b76ccaf0251e06
raw/archives/triazolam.tar.gz,triazolam/alpha2/2026091905/pose_02/ligand.sdf,3063,644a272f809ed9ef26c1e3db1d28d5a9cf1047ebdd9328546a9d50f2836c325d
raw/archives/triazolam.tar.gz,triazolam/alpha2/2026091905/pose_02/pose_status.json,570,6b6c7aec5703a0890aa430fc578f47cf18fc4d9581917c1372db10ecd7400f29
raw/archives/triazolam.tar.gz,triazolam/alpha2/2026091905/pose_02/report.txt,3179,8cd9bbb8bda9f2c507fe8eb130a38dab224a6f327a389fffa291517aa71ee666
raw/archives/triazolam.tar.gz,triazolam/alpha2/2026091905/pose_02/report.xml,8112,8ffd313761b54c2ce264c67b8193f614226f8fc34294d904690361d3168937a1
raw/archives/triazolam.tar.gz,triazolam/alpha2/2026091905/pose_03/ligand.sdf,3063,3a4397130bea3a65b208a63157840ed58b086397d8f98fc6cd6da437eb08b904
raw/archives/triazolam.tar.gz,triazolam/alpha2/2026091905/pose_03/pose_status.json,570,f780ed8ef0eec0ab52b2ca5f235796473cfed6cf7c5f7796e4ec907a7b7fb0f9
raw/archives/triazolam.tar.gz,triazolam/alpha2/2026091905/pose_03/report.txt,2059,56d4c5c747d0d7d465cd06c1951f462df0bca991fbf32b003cc1e95e0fa71b7a
raw/archives/triazolam.tar.gz,triazolam/alpha2/2026091905/pose_03/report.xml,6955,9ec1094f1403d8d0c37377b9060e21afe29c39ac72240dc5e18d297caaa237af
raw/archives/triazolam.tar.gz,triazolam/alpha2/2026091905/pose_04/ligand.sdf,3063,104d12c0ff2e4d49aff9c485bac38ce4036e758c0e581358e1fed0f4a9fa3b42
raw/archives/triazolam.tar.gz,triazolam/alpha2/2026091905/pose_04/pose_status.json,570,4818ce0a9ac2c9959b9ec6b33cf1b9de9d9d0dd48f7caafde80a6c75a16b5440
raw/archives/triazolam.tar.gz,triazolam/alpha2/2026091905/pose_04/report.txt,3209,028313e2723ce5f5df205ffb704ac26622db8286393c0ed1f0389b7f37960e73
raw/archives/triazolam.tar.gz,triazolam/alpha2/2026091905/pose_04/report.xml,8007,aaf6d80228628c3c439b6cac3eb04712771c7cd27f513a7ffee59d64e1a90d7f
raw/archives/triazolam.tar.gz,triazolam/alpha2/2026091905/pose_05/ligand.sdf,3063,7c32193a69545e0fad470234f38afaf6adaf873a9a109c07d8f6177d8ade133e
raw/archives/triazolam.tar.gz,triazolam/alpha2/2026091905/pose_05/pose_status.json,570,0164caed29ed22afc244ccc89989f5304e80f8990021fdb794db0794a8a02784
raw/archives/triazolam.tar.gz,triazolam/alpha2/2026091905/pose_05/report.txt,4148,7ee6455d1f0c3d1d5fabe8c8d10ede67624a042332bb8e7136eb3cca092c2c8a
raw/archives/triazolam.tar.gz,triazolam/alpha2/2026091905/pose_05/report.xml,9797,c98b83ccaf79a40405d761105507476620ae943c8bc4f90445f31fdb13e8936e
raw/archives/triazolam.tar.gz,triazolam/alpha2/2026091905/pose_06/ligand.sdf,3063,9811602da92500bd62e54e0ba2c9fe5977e8f6cede34326d3f535d0e903df5ed
raw/archives/triazolam.tar.gz,triazolam/alpha2/2026091905/pose_06/pose_status.json,570,ae2b406987b61ed11c67723dbd5f545c88427f8e21b1afcc75977a6a3acfa690
raw/archives/triazolam.tar.gz,triazolam/alpha2/2026091905/pose_06/report.txt,1399,103afa4c4a27fcdb6aa5c3893d058b7c835e5ef6b6befdd53d2e8fadaf697493
raw/archives/triazolam.tar.gz,triazolam/alpha2/2026091905/pose_06/report.xml,5695,5fdb97f649a16576e75efc56ba82ba36bf744e781f3ea5ddad7bfe9a37faa66b
raw/archives/triazolam.tar.gz,triazolam/alpha2/2026091905/pose_07/ligand.sdf,3063,5649cd146cf952ebce780adc48a2be949c88a5ba11f08f2807df5d72369d76e0
raw/archives/triazolam.tar.gz,triazolam/alpha2/2026091905/pose_07/pose_status.json,570,f758f2fa13b1168dd8923702c78f3e4a719e950eaff54d934d9e457fa14c9a26
raw/archives/triazolam.tar.gz,triazolam/alpha2/2026091905/pose_07/report.txt,1728,0161637edb2d38d92784cb49d71ed6be72cc208fa9b67000796fbf6b59e85f28
raw/archives/triazolam.tar.gz,triazolam/alpha2/2026091905/pose_07/report.xml,6677,ca7bebab8b878bfb9454575c181766ecaa90713698741451eac28ed545ca559c
raw/archives/triazolam.tar.gz,triazolam/alpha2/2026091905/pose_08/ligand.sdf,3063,fc220e332eeba88a89042157b791ae1dfc089894305f360fe39791f145c6af62
raw/archives/triazolam.tar.gz,triazolam/alpha2/2026091905/pose_08/pose_status.json,570,60cd0d05646eedda19ef813bf824174f79a545488c5b631032c738fc79b40e4f
raw/archives/triazolam.tar.gz,triazolam/alpha2/2026091905/pose_08/report.txt,2399,82f901c240485ca4d8ae1f11bab9a2dcc7bcb8b91478d749375ea64cab3e9dee
raw/archives/triazolam.tar.gz,triazolam/alpha2/2026091905/pose_08/report.xml,7604,77cfee06a4719ff37c6fc09de92b7aef70213e8a67584eb87b59974e64ef3152
raw/archives/triazolam.tar.gz,triazolam/alpha2/2026091905/pose_09/ligand.sdf,3063,a8ae0fe160bcc6c5b5d33470dcec22e80a19bece4cf616532dbe8353fd275af0
raw/archives/triazolam.tar.gz,triazolam/alpha2/2026091905/pose_09/pose_status.json,570,939c8d40e06ef17486a7d3369fdc17a85cb4c1b21afea690367646ab3091a960
raw/archives/triazolam.tar.gz,triazolam/alpha2/2026091905/pose_09/report.txt,2503,4de4b14c918448294a1cfee895f880ea6cec7f3d54f11891ec9796b111d71023
raw/archives/triazolam.tar.gz,triazolam/alpha2/2026091905/pose_09/report.xml,6400,19050dc2407f9170e08c2118261f0883bc96c1b6eff1e63a8dd19149808ecaf2
raw/archives/triazolam.tar.gz,triazolam/alpha2/2026091905/pose_manifest.json,5412,55f2c189d50096324ca8db12f0cf3ab9e09be71962b9fdb9d6e760179de45e1c
raw/archives/triazolam.tar.gz,triazolam/alpha2/2026091905/poses.pdbqt,21069,57d51779b10014fd90c3910bf5947335906bf91847ef875c9059c5953cd17520
raw/archives/triazolam.tar.gz,triazolam/alpha2/2026091905/vina.log,2385,9feacf2022ad74ca9c754a8acc7b5f686640e251460685e627456d4d077889d9
raw/archives/zolpidem.tar.gz,zolpidem/alpha1/2026091901/docking.json,1527,aba8ba2e3349d0ae0c64c07e02b0c3e7d13960c296f9bdd62dae510dc4771887
raw/archives/zolpidem.tar.gz,zolpidem/alpha1/2026091901/interactions.json,64035,c6b9a1b5f9dedcbf0c94a5337005b98e34931016856f11eddd6d4c0ee8ed58fb
raw/archives/zolpidem.tar.gz,zolpidem/alpha1/2026091901/plip.log,1872,1d22cf7ad3f6989fc2cce52742b6b5ba9e100d3ff58069464fbc466d725e6b87
raw/archives/zolpidem.tar.gz,zolpidem/alpha1/2026091901/plip_done.json,29,bef149d6b4bcd0e8393fac45503362a862d45eadcceff434b3d9640f4b008ec4
raw/archives/zolpidem.tar.gz,zolpidem/alpha1/2026091901/pose_01/ligand.sdf,3797,b087d55461195914a549d015ef858d390899ceeaa391f7be923328f1e19cdd3d
raw/archives/zolpidem.tar.gz,zolpidem/alpha1/2026091901/pose_01/pose_status.json,570,c1b7040630eecffa783cce22fd86c6b1e184c5fb906704a3d93e263c39f86b67
raw/archives/zolpidem.tar.gz,zolpidem/alpha1/2026091901/pose_01/report.txt,7139,4a560e5916b8e4a896b03a7f240fc5e31f87277279ea6455570220fba090c612
raw/archives/zolpidem.tar.gz,zolpidem/alpha1/2026091901/pose_01/report.xml,15038,01bd1ceaaf9b7c367a825f8087f0bfdc64e03a2ee66a05653aa2cd1c892e6b5f
raw/archives/zolpidem.tar.gz,zolpidem/alpha1/2026091901/pose_02/ligand.sdf,3797,4062b9b514d3b6ea758d8a6d4724c843d65db442c257cac6db27ae33c72d5899
raw/archives/zolpidem.tar.gz,zolpidem/alpha1/2026091901/pose_02/pose_status.json,570,0a34fba2a7d6ad4d616c2a1c76719b03fe476be72be848bb62a921dc3fec10a8
raw/archives/zolpidem.tar.gz,zolpidem/alpha1/2026091901/pose_02/report.txt,6940,33993c8a3da495e161ed66509389e16a4b6575baf1700e84c8e9abe046fedce4
raw/archives/zolpidem.tar.gz,zolpidem/alpha1/2026091901/pose_02/report.xml,14522,a8b18a6fa61cb87c052267a941fa62aec369a29b315f2e7b29a0c0f97a7613de
raw/archives/zolpidem.tar.gz,zolpidem/alpha1/2026091901/pose_03/ligand.sdf,3797,66ef0336b73131658f5800572fbdcae6ea5ed52f4f4e291affbb24e9fad2b80d
raw/archives/zolpidem.tar.gz,zolpidem/alpha1/2026091901/pose_03/pose_status.json,570,7e9dff709e905636e02c07ec7cdb023b06e187f74dca4926428a25502fae4184
raw/archives/zolpidem.tar.gz,zolpidem/alpha1/2026091901/pose_03/report.txt,6274,6604c29d2ffbf4d105c0b875a2576962d188bd108f078aca582a9da81d841dd3
raw/archives/zolpidem.tar.gz,zolpidem/alpha1/2026091901/pose_03/report.xml,13476,1f6c3c8e4f110fcd2893b61cbff0dd960880cdd80f97a0bff770aa5c66b81d01
raw/archives/zolpidem.tar.gz,zolpidem/alpha1/2026091901/pose_04/ligand.sdf,3797,6980bfe80532fa2a69be266ed349e87e664471fb54c091c9973968d0a6f77707
raw/archives/zolpidem.tar.gz,zolpidem/alpha1/2026091901/pose_04/pose_status.json,569,98a1541da5cd1bafa87ba85aaa88f4ab23c24dad822c183f7eb8b323357b7af7
raw/archives/zolpidem.tar.gz,zolpidem/alpha1/2026091901/pose_04/report.txt,5941,bcc0d605e12798602e487da5c411e2e1e3183d538ee8d95e9ccdf30aeae56789
raw/archives/zolpidem.tar.gz,zolpidem/alpha1/2026091901/pose_04/report.xml,12996,1227082848583d15b374a1a1d9106356c6f8bf6033fff62f3bfa527a8d753e06
raw/archives/zolpidem.tar.gz,zolpidem/alpha1/2026091901/pose_05/ligand.sdf,3797,053ca90eb4d94be7ce20e555ea8d4b8530cfa2edf833b25ece5bb081604c668d
raw/archives/zolpidem.tar.gz,zolpidem/alpha1/2026091901/pose_05/pose_status.json,569,a9aa9cd94ad0de019349869f10b4ea132528dd696e6ed9ec5dffc01a89cd6e8d
raw/archives/zolpidem.tar.gz,zolpidem/alpha1/2026091901/pose_05/report.txt,5444,67e843973095e08bf4aa57a37a2051db991532b261ca854f5b51d1b031b2b438
raw/archives/zolpidem.tar.gz,zolpidem/alpha1/2026091901/pose_05/report.xml,12094,6a2add23e9113b2013624dae9a41ce0edd2878fe7f9ace0d101a214ad87bb5bf
raw/archives/zolpidem.tar.gz,zolpidem/alpha1/2026091901/pose_06/ligand.sdf,3797,a4c4dafabbf3bd763bae50becd65a7cc312e62cf78f6c90e06e7b2ed15f1f674
raw/archives/zolpidem.tar.gz,zolpidem/alpha1/2026091901/pose_06/pose_status.json,569,7b203bc7235dbb7e1d759c25b1dffa3e4d041999026d711d52b8fae7388e5585
raw/archives/zolpidem.tar.gz,zolpidem/alpha1/2026091901/pose_06/report.txt,4622,49d65f2c105ceb0688cd939b2dd900ad50bbe4704223b777faf83cdebe8a9ea1
raw/archives/zolpidem.tar.gz,zolpidem/alpha1/2026091901/pose_06/report.xml,11188,ed0969106102b0eac3ae7ac372bf65975226b57b589141186a9ae448ac019410
raw/archives/zolpidem.tar.gz,zolpidem/alpha1/2026091901/pose_07/ligand.sdf,3797,57d25aad6676b607bf75564144f5e27026b31e0fd2f1eadc525ce6e9c7069dc4
raw/archives/zolpidem.tar.gz,zolpidem/alpha1/2026091901/pose_07/pose_status.json,569,836f6252c9425d511be38337883525309f6756fb826ed21c26496121356f2de5
raw/archives/zolpidem.tar.gz,zolpidem/alpha1/2026091901/pose_07/report.txt,4927,0a3d8bbc92d3726c1a417fd87fdc61b90c87e56720d7b192faa54ed49c9b3b56
raw/archives/zolpidem.tar.gz,zolpidem/alpha1/2026091901/pose_07/report.xml,12214,dd01c6e2d69e8049ccb01b33aa00094617914d10e6857fda4feca490624ed740
raw/archives/zolpidem.tar.gz,zolpidem/alpha1/2026091901/pose_08/ligand.sdf,3797,dfcd9df608e02f95c775da9c08ee6cf0c623058444776f513b40d8ad908b6dc0
raw/archives/zolpidem.tar.gz,zolpidem/alpha1/2026091901/pose_08/pose_status.json,570,9e722edc26df9762cea77673acb11e155ea28974117cc511a48b680a073b7d56
raw/archives/zolpidem.tar.gz,zolpidem/alpha1/2026091901/pose_08/report.txt,5394,309f023d94097299514ff09900223e8e0f7f560d3bc42702c99711c2c8da3aba
raw/archives/zolpidem.tar.gz,zolpidem/alpha1/2026091901/pose_08/report.xml,13666,9ecc4a7997d6df564679010efa2d09e32e16338ab8dfb01ba2c7c1b24cd9ee86
raw/archives/zolpidem.tar.gz,zolpidem/alpha1/2026091901/pose_09/ligand.sdf,3797,6f1cebb8cab573ad4c30bdcf5626998cc0ce417e4a96af39a4c908bb1e7b7e45
raw/archives/zolpidem.tar.gz,zolpidem/alpha1/2026091901/pose_09/pose_status.json,569,ebfff4aa0b16a9a1fd0e5f6212101a98de3d6c3f11db9aa60ee163aeadc034af
raw/archives/zolpidem.tar.gz,zolpidem/alpha1/2026091901/pose_09/report.txt,4475,a1f6e25b728f97c08555756d82124cd0d3c8c3c6b0987c1fae24de5eb71330ef
raw/archives/zolpidem.tar.gz,zolpidem/alpha1/2026091901/pose_09/report.xml,9602,f08d0aaffe35502445dfbc99b89ecc5a79b9012a71036752408bebda3dbddd3a
raw/archives/zolpidem.tar.gz,zolpidem/alpha1/2026091901/pose_manifest.json,5407,7af314f471d92bd5d9ee7647ed5bc53de24443af1e7ed0080d34516e8db1e483
raw/archives/zolpidem.tar.gz,zolpidem/alpha1/2026091901/poses.pdbqt,21825,302a90ff41dc12901a7890576e5a4d49c56a2f47c74a8dfe01876255b745db4e
raw/archives/zolpidem.tar.gz,zolpidem/alpha1/2026091901/vina.log,2384,e2c16b185820799564d6055a76e1135b8f7c68cfe7f412290c677661a13a780b
raw/archives/zolpidem.tar.gz,zolpidem/alpha1/2026091902/docking.json,1527,4dd17cb2d1fd79a73fe95a875df98a3bcf1fe87104dcd938697769de0da447a5
raw/archives/zolpidem.tar.gz,zolpidem/alpha1/2026091902/interactions.json,56555,69124c3c7c25eb1a56ba1767c2ab024af1c7465849bc47db78076b8a9b089024
raw/archives/zolpidem.tar.gz,zolpidem/alpha1/2026091902/plip.log,1872,3231efa64259ddd6865a8f7554397f0c79d1dda10129822b063de85bf74295bc
raw/archives/zolpidem.tar.gz,zolpidem/alpha1/2026091902/plip_done.json,29,bef149d6b4bcd0e8393fac45503362a862d45eadcceff434b3d9640f4b008ec4
raw/archives/zolpidem.tar.gz,zolpidem/alpha1/2026091902/pose_01/ligand.sdf,3797,5bfeef23239df1f76fa31674f1e63ce2f3ff8267c0807ae3969f27a4c40027fd
raw/archives/zolpidem.tar.gz,zolpidem/alpha1/2026091902/pose_01/pose_status.json,570,486cfb53574838d3967adf6efdfe0a47a6329ea730ffe27596d6bcc3fe4c85eb
raw/archives/zolpidem.tar.gz,zolpidem/alpha1/2026091902/pose_01/report.txt,7139,d31a33b92c6194de6b8b98be080bd4dac4d4e3df77b5efc1c97e4867c30a0012
raw/archives/zolpidem.tar.gz,zolpidem/alpha1/2026091902/pose_01/report.xml,15038,c77e9e300ecab1773093d63a9d520bb6caa559c7fe8864cd892ef3c9e61e5ef1
raw/archives/zolpidem.tar.gz,zolpidem/alpha1/2026091902/pose_02/ligand.sdf,3797,c9d2a8ba1d5bf7cb108255847be241d1e13649028a4ff16787213bea0f2192b8
raw/archives/zolpidem.tar.gz,zolpidem/alpha1/2026091902/pose_02/pose_status.json,570,6f213d9ce460d81036be49fe0acaa32c08c05a4168b4ec024614455423e1b000
raw/archives/zolpidem.tar.gz,zolpidem/alpha1/2026091902/pose_02/report.txt,6607,6f22183644fd73f6ae761fa5cf7ee10149c1d39dcf08f443ece0eab68323622d
raw/archives/zolpidem.tar.gz,zolpidem/alpha1/2026091902/pose_02/report.xml,13874,323830947033f1a345505ac9b0b332c1686867d1b70a4caaec8ec6edfe3a7aeb
raw/archives/zolpidem.tar.gz,zolpidem/alpha1/2026091902/pose_03/ligand.sdf,3797,98678e25e719171bbaca623f2233602d816481f2d03681862f342a5e6b56708e
raw/archives/zolpidem.tar.gz,zolpidem/alpha1/2026091902/pose_03/pose_status.json,570,88b4e569807e90cee28815c1187255bb89cac307ee6c782bb55c00cee7eab7b5
raw/archives/zolpidem.tar.gz,zolpidem/alpha1/2026091902/pose_03/report.txt,6110,57b93030688053c622f34a7dda72ae67ea942415f2dd3fb8cd17d15450e5c33a
raw/archives/zolpidem.tar.gz,zolpidem/alpha1/2026091902/pose_03/report.xml,12887,6281a9ecf601694e95f5c20c577033124f204e7a72816a2de9d2f9cadd0cc96a
raw/archives/zolpidem.tar.gz,zolpidem/alpha1/2026091902/pose_04/ligand.sdf,3797,4e2315ff75e12f445517e1cf7c60e3dd4ffb2a2ca7ec4c6393193825f8b56c88
raw/archives/zolpidem.tar.gz,zolpidem/alpha1/2026091902/pose_04/pose_status.json,569,665c9b7bdc8f87be7afe79199b0a13bc6e177904c9f027ff1bdcf049b0ae0fab
raw/archives/zolpidem.tar.gz,zolpidem/alpha1/2026091902/pose_04/report.txt,5941,9ef722979d1a7d8a6fe8752093804daa6eb5d9bbaa5e8f25f49c8fda5079eef6
raw/archives/zolpidem.tar.gz,zolpidem/alpha1/2026091902/pose_04/report.xml,12996,e8d5a77d4c0817f1a4f55146dfa6b706c9e2a1920812a19a1fb79094e03736b9
raw/archives/zolpidem.tar.gz,zolpidem/alpha1/2026091902/pose_05/ligand.sdf,3797,af280fbb836babec31d43291c6fba9f4a6c92c3fa90150763373ef10b2fd896a
raw/archives/zolpidem.tar.gz,zolpidem/alpha1/2026091902/pose_05/pose_status.json,569,c4e1171900a4711de5ba3d8b3719ef7985ccabfc502d63c99d7d68c06c798d9b
raw/archives/zolpidem.tar.gz,zolpidem/alpha1/2026091902/pose_05/report.txt,5444,c4e4d7916627824dbb46d92ba0a6174489d84b98297ae44909e3aadfd8e0368b
raw/archives/zolpidem.tar.gz,zolpidem/alpha1/2026091902/pose_05/report.xml,12178,fcbdfd65fa2cae41d3160cfbd57d65557dbdb638458f6bdcb2d6d101a32d55a1
raw/archives/zolpidem.tar.gz,zolpidem/alpha1/2026091902/pose_06/ligand.sdf,3797,209c4685a644f2d6494f8b24d5384e5e54ed9ad8743a447ad9079c27b7b48165
raw/archives/zolpidem.tar.gz,zolpidem/alpha1/2026091902/pose_06/pose_status.json,569,a17ea13051887d1f689134b1171ce84b4625e98b28cf44c7e5f7284bcf406a1e
raw/archives/zolpidem.tar.gz,zolpidem/alpha1/2026091902/pose_06/report.txt,4927,7428c03dce03fa9ee50b40ca3803ef41608fd88879ea39439c9ec2a2eaebf54b
raw/archives/zolpidem.tar.gz,zolpidem/alpha1/2026091902/pose_06/report.xml,12298,94803cae7e0bc8b57ecbaea18b831b5c6eb6f6f03cbd08d10df49494301034b5
raw/archives/zolpidem.tar.gz,zolpidem/alpha1/2026091902/pose_07/ligand.sdf,3797,5e7ab2143a19a14a17a9fffb0e2dfe28169d84f420cbe8a307b891ad62f9e4d0
raw/archives/zolpidem.tar.gz,zolpidem/alpha1/2026091902/pose_07/pose_status.json,569,11407a397a439d9505f0a8a7ed8b9c083242dcafad2a5ba520394293cbe6e195
raw/archives/zolpidem.tar.gz,zolpidem/alpha1/2026091902/pose_07/report.txt,4808,949bb7e43f35d8d056d763aa2ce442fe4a23193248948e7ea83141735e81fe0a
raw/archives/zolpidem.tar.gz,zolpidem/alpha1/2026091902/pose_07/report.xml,10329,652848e7868eb924bf2e3c6a499d69277da4fbf2fad3f1e058d9cc54f8ab3279
raw/archives/zolpidem.tar.gz,zolpidem/alpha1/2026091902/pose_08/ligand.sdf,3797,d20345aa01fe6b731db33baa9c9540c68c18043ef624b6994d0239ab4f01269d
raw/archives/zolpidem.tar.gz,zolpidem/alpha1/2026091902/pose_08/pose_status.json,569,d9e1ec3f6b17ced562c002edf4ed40c65297be977a2068de52890975078c14bc
raw/archives/zolpidem.tar.gz,zolpidem/alpha1/2026091902/pose_08/report.txt,4475,1dc1e0626634ab5a591f71ae5885a7e3a272e8c533819e673779dda70fa5297a
raw/archives/zolpidem.tar.gz,zolpidem/alpha1/2026091902/pose_08/report.xml,9602,a5f1cdc2590b4eba0412ca55034d0f8d333b7da54d259ac035505fa8b3ccea21
raw/archives/zolpidem.tar.gz,zolpidem/alpha1/2026091902/pose_09/ligand.sdf,3797,80c4ec5671c95b538e0b37b6ff239640dd60347811ddeb7f2234be5be47688ac
raw/archives/zolpidem.tar.gz,zolpidem/alpha1/2026091902/pose_09/pose_status.json,569,21fe5200a724abc8e14ee68c3fe5f50c6f8684a71f88b6832717e3117cb655c7
raw/archives/zolpidem.tar.gz,zolpidem/alpha1/2026091902/pose_09/report.txt,2929,9722ad57bced93b5c20ce0c6853a33ddbab1599c0fbb9e17e05506aef8a1090f
raw/archives/zolpidem.tar.gz,zolpidem/alpha1/2026091902/pose_09/report.xml,7908,4cc06b171616910826c8a78303ab8f972a88510e320fff27b597f5f42dfed4d8
raw/archives/zolpidem.tar.gz,zolpidem/alpha1/2026091902/pose_manifest.json,5406,b161348841c3c9baaf489f9b74783220fe958f1cd577ac4e9e4da5313dae3bf1
raw/archives/zolpidem.tar.gz,zolpidem/alpha1/2026091902/poses.pdbqt,21825,4ce2b8e7d53d7152c8c33fe97102a634d123ec7d794ad01e0cc4daaaa76fdfa9
raw/archives/zolpidem.tar.gz,zolpidem/alpha1/2026091902/vina.log,2384,42b70685e13a78d341e9b9af0f1d1b25b1e46e8abed4380ae47fb19715439daa
raw/archives/zolpidem.tar.gz,zolpidem/alpha1/2026091903/docking.json,1527,37fcc64d8361ee8520921de95d56ca147100c9123d6b49786453a039348d2dcc
raw/archives/zolpidem.tar.gz,zolpidem/alpha1/2026091903/interactions.json,63820,201b7961949a0901f7728f64e3b456d77c26cc9355665c1d6b212d76d4d2e91d
raw/archives/zolpidem.tar.gz,zolpidem/alpha1/2026091903/plip.log,1872,fc320fac82c68a313ba984a80d6777f8ede975ec093dbcc0f70d8275490c542b
raw/archives/zolpidem.tar.gz,zolpidem/alpha1/2026091903/plip_done.json,29,bef149d6b4bcd0e8393fac45503362a862d45eadcceff434b3d9640f4b008ec4
raw/archives/zolpidem.tar.gz,zolpidem/alpha1/2026091903/pose_01/ligand.sdf,3797,e0f822903bffde2d0587a380dab9c750da1ad12218ec50178018c3d9f678f934
raw/archives/zolpidem.tar.gz,zolpidem/alpha1/2026091903/pose_01/pose_status.json,570,61c74919cfdb9761732c7281cf85a310b9ff57ba3c58d0fe4ffb58e768e34c31
raw/archives/zolpidem.tar.gz,zolpidem/alpha1/2026091903/pose_01/report.txt,7139,ee9c33d785e8aaa0d3ce7db5a907e006089140be4bc7c4edcaef5a24188bcec0
raw/archives/zolpidem.tar.gz,zolpidem/alpha1/2026091903/pose_01/report.xml,15038,a6a5e682e324519c139ab52762339f707e124246cb162eea91798298bd6c2540
raw/archives/zolpidem.tar.gz,zolpidem/alpha1/2026091903/pose_02/ligand.sdf,3797,03d74256f2bcf301151166db9ed00cee0d7793f99b40c76a61b54df4bcc98e91
raw/archives/zolpidem.tar.gz,zolpidem/alpha1/2026091903/pose_02/pose_status.json,570,123d605269b8cb8bf819e0c2c30712b1fa62d46e39c7c3b1c99cb46d4b2bfab1
raw/archives/zolpidem.tar.gz,zolpidem/alpha1/2026091903/pose_02/report.txt,6940,1b14f246ba15e46524e404ddd512821bba7dc3c49c8e28ad40226d7f380cc4e2
raw/archives/zolpidem.tar.gz,zolpidem/alpha1/2026091903/pose_02/report.xml,14522,89e2e4c530acf24205cb91ec46343e25366aa6d2949acffb6b56f3d1fbb84d90
raw/archives/zolpidem.tar.gz,zolpidem/alpha1/2026091903/pose_03/ligand.sdf,3797,db6030649fb1165ba32c307d1b86f482b5a098353a59365fa117a9b05a152a0d
raw/archives/zolpidem.tar.gz,zolpidem/alpha1/2026091903/pose_03/pose_status.json,570,7baf69f08699b5caa8658e0950454847ca9b53011eb9285d47cdd752fa6c86d4
raw/archives/zolpidem.tar.gz,zolpidem/alpha1/2026091903/pose_03/report.txt,6110,32c89eb775e7f664240fbbaee31affc84e6f3b0aeb71872d2fe44c08070e0535
raw/archives/zolpidem.tar.gz,zolpidem/alpha1/2026091903/pose_03/report.xml,12887,bb7f257cd3c00a177e429781c92fb6b1c0b74b6cdc492e8ba49fe33f41bbaca6
raw/archives/zolpidem.tar.gz,zolpidem/alpha1/2026091903/pose_04/ligand.sdf,3797,71cb7801dfe118ebcd88b4be98c352836952a77a40144926dc73abfcb02123d8
raw/archives/zolpidem.tar.gz,zolpidem/alpha1/2026091903/pose_04/pose_status.json,569,c6632f5ef45d4b04bc20750fc5315c7076980f155778ac3538c5a7f559568d1a
raw/archives/zolpidem.tar.gz,zolpidem/alpha1/2026091903/pose_04/report.txt,5608,e5f0f0a929817a148f534272e61fd45dfb389f8b76eaf81b3d75fcee93633ae7
raw/archives/zolpidem.tar.gz,zolpidem/alpha1/2026091903/pose_04/report.xml,12348,9d427600ed73acd3bf1f8228712cc8f2ebd85a7462af99f65f997e6b5b33a260
raw/archives/zolpidem.tar.gz,zolpidem/alpha1/2026091903/pose_05/ligand.sdf,3797,919b0421bf4c57cd8f81d4f371efbfa23e4e9bd5b9c6f7896def6efaba89c3ab
raw/archives/zolpidem.tar.gz,zolpidem/alpha1/2026091903/pose_05/pose_status.json,569,2b786f238ecddc6d9a0e612d2dc9a6adcb037f3269a63f951dc4e32890f3be0a
raw/archives/zolpidem.tar.gz,zolpidem/alpha1/2026091903/pose_05/report.txt,4075,d051232d18310a0a38f19f20ad414ee159abe66da63e1c99812b351b8b6698ba
raw/archives/zolpidem.tar.gz,zolpidem/alpha1/2026091903/pose_05/report.xml,11608,af581b2a5878b9c2c570bb022a3fadc86e7a3fd441f3200c8ece996657e9319d
raw/archives/zolpidem.tar.gz,zolpidem/alpha1/2026091903/pose_06/ligand.sdf,3797,38b10752453477777c57fe4b438194ffb87b37efe16f86cc8582fdc63643320e
raw/archives/zolpidem.tar.gz,zolpidem/alpha1/2026091903/pose_06/pose_status.json,569,e0342880d24236c9b16df977909228d60b6a7cc5573363296bee4ae697159f07
raw/archives/zolpidem.tar.gz,zolpidem/alpha1/2026091903/pose_06/report.txt,5777,f30ce3a4025be1160dae30a7ce4bb9e54d5bd9077329addfcdc50108d0cb0226
raw/archives/zolpidem.tar.gz,zolpidem/alpha1/2026091903/pose_06/report.xml,12321,4f14beca2e84f2798f8b219072d52a138feee7510d5fdb662d2a208230f90f5a
raw/archives/zolpidem.tar.gz,zolpidem/alpha1/2026091903/pose_07/ligand.sdf,3797,87a3fccee1ec02715adfde90b4f40722583e2ec4966791315bc7f628bcce6eff
raw/archives/zolpidem.tar.gz,zolpidem/alpha1/2026091903/pose_07/pose_status.json,570,840a43e258882cc9753c8a66999f47ec33c20cd781aee1bfdfae0e1a2bc60428
raw/archives/zolpidem.tar.gz,zolpidem/alpha1/2026091903/pose_07/report.txt,6110,b6352850598000669c45b49029d8aa59d753ffac4e95dc88d8cda9fb21b5d543
raw/archives/zolpidem.tar.gz,zolpidem/alpha1/2026091903/pose_07/report.xml,13223,f21e3de7322adf8fe50e147c00da64efe68c3d01c96a9fb254e2aa8e47abc026
raw/archives/zolpidem.tar.gz,zolpidem/alpha1/2026091903/pose_08/ligand.sdf,3797,7443b06f8c94031be0a51ef69dbe07867101f6c16728e2efe62a18bf64473188
raw/archives/zolpidem.tar.gz,zolpidem/alpha1/2026091903/pose_08/pose_status.json,570,b73aa603caf8a5287ff6e851af76308e02f7da5e56d9748f0d609a0d901273ed
raw/archives/zolpidem.tar.gz,zolpidem/alpha1/2026091903/pose_08/report.txt,5226,35345154773b94cb96b074980a005babfc3914397316a88df28720ead3bd1c4d
raw/archives/zolpidem.tar.gz,zolpidem/alpha1/2026091903/pose_08/report.xml,12618,182f3b927df312a111263ab9fae15e52c1ac41d4d3b56b4915a766612de02eb2
raw/archives/zolpidem.tar.gz,zolpidem/alpha1/2026091903/pose_09/ligand.sdf,3797,1618590162c04c53fc3a9ed140a1fc018f8d1dced6686459be91b71c7f404f92
raw/archives/zolpidem.tar.gz,zolpidem/alpha1/2026091903/pose_09/pose_status.json,569,5770598215bbd476a62c07a6625bd29bdd7ded7ba88020770c7355c871a033b6
raw/archives/zolpidem.tar.gz,zolpidem/alpha1/2026091903/pose_09/report.txt,2929,a1af6d56f7064f815d36f537ffccfabeade080338c55e0f061459ea43dfa917b
raw/archives/zolpidem.tar.gz,zolpidem/alpha1/2026091903/pose_09/report.xml,7908,280bd121f2dce07218b3b1a631ebc103a921dadece8a9b149be968d808b68133
raw/archives/zolpidem.tar.gz,zolpidem/alpha1/2026091903/pose_manifest.json,5408,936082fd36aa50837a7eb5d93cd40587c6a616c9ff007207c82d330b38133c4c
raw/archives/zolpidem.tar.gz,zolpidem/alpha1/2026091903/poses.pdbqt,21825,5c17141ea3f787e9ff8bc5766c9a61c53eb540d7bed7df393fc8472d9823d698
raw/archives/zolpidem.tar.gz,zolpidem/alpha1/2026091903/vina.log,2384,e519f6b5f80825d2717afdd6d8f2eec97c438a20d49d9f7b0dcad8414acdf5be
raw/archives/zolpidem.tar.gz,zolpidem/alpha1/2026091904/docking.json,1527,859e6b7c9f72b5fb23b03963eb969b5ba683ddd6f047943e8c25ce908ce24aa8
raw/archives/zolpidem.tar.gz,zolpidem/alpha1/2026091904/interactions.json,57054,73a2a48cab7212ab6778d928eed86815d3bdd55e109ee68e8c9ea87bcf4b384d
raw/archives/zolpidem.tar.gz,zolpidem/alpha1/2026091904/plip.log,1872,feaac4b28450dc1607f60bf4c5e9f508a253240c3091e36836c69f21dc7719b3
raw/archives/zolpidem.tar.gz,zolpidem/alpha1/2026091904/plip_done.json,29,bef149d6b4bcd0e8393fac45503362a862d45eadcceff434b3d9640f4b008ec4
raw/archives/zolpidem.tar.gz,zolpidem/alpha1/2026091904/pose_01/ligand.sdf,3797,f378cdc12067bba0b68ee64cfd4aa7989c72c2de6fe5801e450603261644fcd4
raw/archives/zolpidem.tar.gz,zolpidem/alpha1/2026091904/pose_01/pose_status.json,570,b2700d29782c260ce0337445b59ec30870fc6b9fd4bf6e90b96aee424d8fcfc7
raw/archives/zolpidem.tar.gz,zolpidem/alpha1/2026091904/pose_01/report.txt,7139,4900282f637da17d768d91de7e80ff9894d40395eda52e9d58679f49fa59d6ad
raw/archives/zolpidem.tar.gz,zolpidem/alpha1/2026091904/pose_01/report.xml,15038,b2a29dccc43df508c4d48b4677015ff025ed5389bbdc017382e1728e4307e09d
raw/archives/zolpidem.tar.gz,zolpidem/alpha1/2026091904/pose_02/ligand.sdf,3797,c5a72d11789acd87e9abcf14f5132a07356d097553ccb4c2408f4c42524732e0
raw/archives/zolpidem.tar.gz,zolpidem/alpha1/2026091904/pose_02/pose_status.json,570,b21616fc70eff9bdbe9c85f25d7ebce3eeb1766831a1db7a21c632001860e3d2
raw/archives/zolpidem.tar.gz,zolpidem/alpha1/2026091904/pose_02/report.txt,6940,3c1156f888bc7f5639bf269967a858d5f405625d2bd38ae6cdb65c983ba7a2ec
raw/archives/zolpidem.tar.gz,zolpidem/alpha1/2026091904/pose_02/report.xml,14522,c18c13383aea44ccb39d8eed66c6ae0fe3178d198da61c0c47e5c9462f8ad191
raw/archives/zolpidem.tar.gz,zolpidem/alpha1/2026091904/pose_03/ligand.sdf,3797,19fb7206e2e57b406435f906647d2a315179c8487c6cdf6271b825455cddf9c4
raw/archives/zolpidem.tar.gz,zolpidem/alpha1/2026091904/pose_03/pose_status.json,570,57b634715524fa8c23b4b2160cd33cf386326fb6804a8aba4c512724f98f58cb
raw/archives/zolpidem.tar.gz,zolpidem/alpha1/2026091904/pose_03/report.txt,6110,de04a3a2556fc0194896ec69cb8bbe7de5e44e36d68fe711073533ca92a1624a
raw/archives/zolpidem.tar.gz,zolpidem/alpha1/2026091904/pose_03/report.xml,12887,f2176fee17c1282b9c2228276caef2ab7a08d101472b37541c93f6bcdbfb49ea
raw/archives/zolpidem.tar.gz,zolpidem/alpha1/2026091904/pose_04/ligand.sdf,3797,e5eeec9392b92fe06ba3d1b5ffc958531d973f423d4d7a8315c7dab911cea0cb
raw/archives/zolpidem.tar.gz,zolpidem/alpha1/2026091904/pose_04/pose_status.json,569,859f049835371aad6bd26f088bc84e4b68cf667223a564acbf50cb59b7b4d003
raw/archives/zolpidem.tar.gz,zolpidem/alpha1/2026091904/pose_04/report.txt,5608,8d5572023209533ddd468d626288597943308245807fab4bd54f55f4e84c6511
raw/archives/zolpidem.tar.gz,zolpidem/alpha1/2026091904/pose_04/report.xml,12348,13be5ac82a578ad3b35fbef8ba21e96b9087abd95958d5cf1e740f25979e0a50
raw/archives/zolpidem.tar.gz,zolpidem/alpha1/2026091904/pose_05/ligand.sdf,3797,7f8fd13010487277ef4b6672ca3ee0b2308e4e6fc4de1cc14caa9fe209dae590
raw/archives/zolpidem.tar.gz,zolpidem/alpha1/2026091904/pose_05/pose_status.json,569,7db0c24f79ca27f2301c3d9d8e69b94613a06bcde578fb6b17fcec372a48a0aa
raw/archives/zolpidem.tar.gz,zolpidem/alpha1/2026091904/pose_05/report.txt,4289,18aaee4b3e071a27963d6f188ee0abb62fac13124ba06e9a73e192d4984f47b8
raw/archives/zolpidem.tar.gz,zolpidem/alpha1/2026091904/pose_05/report.xml,10540,db907b6eb939c298d3f2761201c8125dd06211e84c044987ae2a85dca15587a7
raw/archives/zolpidem.tar.gz,zolpidem/alpha1/2026091904/pose_06/ligand.sdf,3797,339c83b965f361e383f9dd5197143bb8c68294e9cd53ef44137ae175f1f6ad29
raw/archives/zolpidem.tar.gz,zolpidem/alpha1/2026091904/pose_06/pose_status.json,569,ab1abad676f52b10fd95a3a86c28a5b0b7cc2f3135f6cd261d8d33617a18b8a0
raw/archives/zolpidem.tar.gz,zolpidem/alpha1/2026091904/pose_06/report.txt,5777,b01ed45f8d72ee2a07d00c2b5a9fb839858ae5ff3e078e53657f43a720a5b4d0
raw/archives/zolpidem.tar.gz,zolpidem/alpha1/2026091904/pose_06/report.xml,12742,c29234d874998f10ec1eda28b48aa9c80f45d8dd9f325532fac2d7d5a2bcc15d
raw/archives/zolpidem.tar.gz,zolpidem/alpha1/2026091904/pose_07/ligand.sdf,3797,a4d5e01c3a76d6bb419a1b3813d9244d182510601901764123f63026e471bb75
raw/archives/zolpidem.tar.gz,zolpidem/alpha1/2026091904/pose_07/pose_status.json,569,3cca94c70520fd8f28b9f84664e750c56e775dbf88a91a69a4e6cd7dec779fd5
raw/archives/zolpidem.tar.gz,zolpidem/alpha1/2026091904/pose_07/report.txt,4075,d5b5097bb003df9b97cf3a65f266fab78af0d7adfe571bf72e0e676e3e0da0b0
raw/archives/zolpidem.tar.gz,zolpidem/alpha1/2026091904/pose_07/report.xml,11692,db8978c59ef5e86a1f66b2eca68ee024f6bb3c29b3e66d7af34d9abd607fac23
raw/archives/zolpidem.tar.gz,zolpidem/alpha1/2026091904/pose_08/ligand.sdf,3797,7800820d58d37023083e1db7aefc26d2097d74ca75062488fb9ded85fa04dd47
raw/archives/zolpidem.tar.gz,zolpidem/alpha1/2026091904/pose_08/pose_status.json,569,80ffec10af15b195a346f7c400b6cd06dc20312bb74e2da735876f985eb3e865
raw/archives/zolpidem.tar.gz,zolpidem/alpha1/2026091904/pose_08/report.txt,2929,02968d3992a7b935a8fa852878a67c99ddb7b1aa0f75f30e1f5dbc42fdcfae45
raw/archives/zolpidem.tar.gz,zolpidem/alpha1/2026091904/pose_08/report.xml,7908,8c051962d822daf2ded5c4d7663e82bfacf4edcf630f386e5c5f19a42e185137
raw/archives/zolpidem.tar.gz,zolpidem/alpha1/2026091904/pose_09/ligand.sdf,3797,4f457dcb10493e3cc6d472db0979288b3c8deb1a29af46e58892ae2e157e943f
raw/archives/zolpidem.tar.gz,zolpidem/alpha1/2026091904/pose_09/pose_status.json,569,f6aaee242a701ef97999258fe74cbca4ce4a3839dc1ba45e874fd6576ce12a5e
raw/archives/zolpidem.tar.gz,zolpidem/alpha1/2026091904/pose_09/report.txt,3262,194f7b7829a932067a592c9545f0209f78c63bba6268a0639c3110538ccba924
raw/archives/zolpidem.tar.gz,zolpidem/alpha1/2026091904/pose_09/report.xml,8806,b5386b57c2ff02d33e6190809e0728bc27f806cdbf121710bbe2238f7e5dddb6
raw/archives/zolpidem.tar.gz,zolpidem/alpha1/2026091904/pose_manifest.json,5406,2338564541772dacd77cb12114280c85fd9f3e857840a489902389f5a8c6e7f2
raw/archives/zolpidem.tar.gz,zolpidem/alpha1/2026091904/poses.pdbqt,21825,cbe42c844387478eae0491fe52031e7ce683c9297fa799319263920f8d0838a4
raw/archives/zolpidem.tar.gz,zolpidem/alpha1/2026091904/vina.log,2384,782c964fd92555a748d7b0aa1eddfb88bfcaf6eb79ed2917e6a0607a8432a010
raw/archives/zolpidem.tar.gz,zolpidem/alpha1/2026091905/docking.json,1527,dc6c8266dc0b8fe4c0d1d84f850cc1be373448a4b11c72672cfeead1f0dbc15e
raw/archives/zolpidem.tar.gz,zolpidem/alpha1/2026091905/interactions.json,58828,457c593e372adc32958bbb5e8224719f5c9c9f4db599e2dddba907ac74fb72f1
raw/archives/zolpidem.tar.gz,zolpidem/alpha1/2026091905/plip.log,1872,1a2987480766c4d09bf0e4bf88ebde73cdf3d92ae76979841423b916c74438c4
raw/archives/zolpidem.tar.gz,zolpidem/alpha1/2026091905/plip_done.json,29,bef149d6b4bcd0e8393fac45503362a862d45eadcceff434b3d9640f4b008ec4
raw/archives/zolpidem.tar.gz,zolpidem/alpha1/2026091905/pose_01/ligand.sdf,3797,cb9e613b02a797a935b711f235bc64cf0d6f7e928ef5b347b5f82d8a8c850081
raw/archives/zolpidem.tar.gz,zolpidem/alpha1/2026091905/pose_01/pose_status.json,570,90472101a31044dda7049669477a7dae4810e775cb9d514c1f43122f5a6a9ffe
raw/archives/zolpidem.tar.gz,zolpidem/alpha1/2026091905/pose_01/report.txt,7139,43059dfd83c12cb02d4a638d5fe2ddad8cca3f273b5cecdb0e9c6676489dc952
raw/archives/zolpidem.tar.gz,zolpidem/alpha1/2026091905/pose_01/report.xml,15038,ee5c846b4dc16429b25cddd6aaab16fec3645181d522fc3ea200d35c628b2205
raw/archives/zolpidem.tar.gz,zolpidem/alpha1/2026091905/pose_02/ligand.sdf,3797,ad4ddb3df674a814c870f60017b2cc7a41236624db787795da7b29cf80f81829
raw/archives/zolpidem.tar.gz,zolpidem/alpha1/2026091905/pose_02/pose_status.json,570,9f159191dbcdf54723a8e230bd1a3d6a7d8be7fc0d7c3ffce1c3fc6945e0b0ff
raw/archives/zolpidem.tar.gz,zolpidem/alpha1/2026091905/pose_02/report.txt,6940,07bd93e393252dae860d7200859f9c6f68d106943cc37218528251a1f5026781
raw/archives/zolpidem.tar.gz,zolpidem/alpha1/2026091905/pose_02/report.xml,14522,01d3b5309274b37e7b1402553337e550f3dded7fabf80a233e5aec993c067a42
raw/archives/zolpidem.tar.gz,zolpidem/alpha1/2026091905/pose_03/ligand.sdf,3797,92ea43053ec95f3c7e756f1522c43c409c1eb42c18ee5cbe61f6ecd199ea531a
raw/archives/zolpidem.tar.gz,zolpidem/alpha1/2026091905/pose_03/pose_status.json,570,36d525ae9f7f0d1785ff28dae996dff339c2a3bddcdf21f02e07b1eac2233268
raw/archives/zolpidem.tar.gz,zolpidem/alpha1/2026091905/pose_03/report.txt,6110,592928ac63d436c4b7de600174e7ad84f7268045499eaa431e5dfcb232e35486
raw/archives/zolpidem.tar.gz,zolpidem/alpha1/2026091905/pose_03/report.xml,12887,a86f907709770489649d92d83dabc61e675b2a8d268a53d6dca36896b1c466d1
raw/archives/zolpidem.tar.gz,zolpidem/alpha1/2026091905/pose_04/ligand.sdf,3797,14f61bf964cac1904144163e59d97aeb0fa0e3aa006e677065f48f7ccbd6fa7f
raw/archives/zolpidem.tar.gz,zolpidem/alpha1/2026091905/pose_04/pose_status.json,569,7e5683d59b0d9fc6c0fc33978c110b36161c4f48fe8c7289208d26f8e49077ba
raw/archives/zolpidem.tar.gz,zolpidem/alpha1/2026091905/pose_04/report.txt,5941,999705e119971d061202c4c24c73612525e57ccfd7e7e60d9ecc43e10c2c702c
raw/archives/zolpidem.tar.gz,zolpidem/alpha1/2026091905/pose_04/report.xml,12996,03a614f892b658fc7e351a30bb5790927c66aa6601298fbb656459775c8cc2d5
raw/archives/zolpidem.tar.gz,zolpidem/alpha1/2026091905/pose_05/ligand.sdf,3797,70f62b6acc585e8a0c042512e6b60ea1e1eaef73fc6643a2972e492d490bc84c
raw/archives/zolpidem.tar.gz,zolpidem/alpha1/2026091905/pose_05/pose_status.json,569,fc3aa101c5c0ddfda5b84e39230b63fe072887d7c0d62267de9fc3d292412a00
raw/archives/zolpidem.tar.gz,zolpidem/alpha1/2026091905/pose_05/report.txt,4927,835b2f23b29a1ef8cf73ba0ca740bde61c8e9ed48cfe900786cbbe73da1b5d22
raw/archives/zolpidem.tar.gz,zolpidem/alpha1/2026091905/pose_05/report.xml,12214,df444b26c968c4a531005ba35214a5128f4be7c0ff042ac43f4333386edabd89
raw/archives/zolpidem.tar.gz,zolpidem/alpha1/2026091905/pose_06/ligand.sdf,3797,ec5fc43cec895ad39bbc543869c7a067b007e05a94214706f945b5a8628f7137
raw/archives/zolpidem.tar.gz,zolpidem/alpha1/2026091905/pose_06/pose_status.json,569,344d922586beb0c2ea33642afce0a81f535d78d5d62a18944768d8d9213e56e3
raw/archives/zolpidem.tar.gz,zolpidem/alpha1/2026091905/pose_06/report.txt,4808,017ca0d84174f8afff9acae2a37b0e89200a46cc12b21004da3cda20e7cf9740
raw/archives/zolpidem.tar.gz,zolpidem/alpha1/2026091905/pose_06/report.xml,10329,681a9bf1fd25f921c92cec666a853d52e9e1c97dcbc00cae031239f2d8e6ca4f
raw/archives/zolpidem.tar.gz,zolpidem/alpha1/2026091905/pose_07/ligand.sdf,3797,dbc21f2d8559f04c33e4aea8ab584a86e213a33a3642d91f55bf38e219fc3868
raw/archives/zolpidem.tar.gz,zolpidem/alpha1/2026091905/pose_07/pose_status.json,569,d5381b62b6651baa034b95d428cf2a72d439314b312714bd0fd96d167c655140
raw/archives/zolpidem.tar.gz,zolpidem/alpha1/2026091905/pose_07/report.txt,4475,a5ed9c6a5d23f662837aca14bdce973601e4c6f149e530732ccf51bf830a667f
raw/archives/zolpidem.tar.gz,zolpidem/alpha1/2026091905/pose_07/report.xml,9602,fd62e6a347f731f0224970aaee68a727a95414203df2218bcfbab255cca7617f
raw/archives/zolpidem.tar.gz,zolpidem/alpha1/2026091905/pose_08/ligand.sdf,3797,44422f5268663c653e5f6cb2ea78c856092df1220995cfd8e4534ee6072810d0
raw/archives/zolpidem.tar.gz,zolpidem/alpha1/2026091905/pose_08/pose_status.json,569,93bfbac529902dd17debb968369c432cdbc7ed345389fcf5b453827cef8f96ad
raw/archives/zolpidem.tar.gz,zolpidem/alpha1/2026091905/pose_08/report.txt,5608,5996fc6ae043d6465745d681636692acec8cd2f7c234f122951f416584173648
raw/archives/zolpidem.tar.gz,zolpidem/alpha1/2026091905/pose_08/report.xml,11511,af733a46bfea8bc43214c9da8ada23bb298fd41d673e8ae6162e977e11ae8631
raw/archives/zolpidem.tar.gz,zolpidem/alpha1/2026091905/pose_09/ligand.sdf,3797,df47620238a35a691b6808bf6707f8172bb90b618398ff4742862a91a5efd52b
raw/archives/zolpidem.tar.gz,zolpidem/alpha1/2026091905/pose_09/pose_status.json,569,ca4f1e7f3d18dfb34cd1b33ee8412ac9a298eb4d1a3bb17ea7b0c83c0bd94ff2
raw/archives/zolpidem.tar.gz,zolpidem/alpha1/2026091905/pose_09/report.txt,3595,312eb9ff739c92454bb2f2323f609cb7ed12abc303775eb8314030f21e00132d
raw/archives/zolpidem.tar.gz,zolpidem/alpha1/2026091905/pose_09/report.xml,9538,aab97edce9ba855054168a2c1a7741ede0d569df7bbcdb8d424151a2f86d199e
raw/archives/zolpidem.tar.gz,zolpidem/alpha1/2026091905/pose_manifest.json,5406,a75e2c6116bfbc9ef5532c5f158688f7df1782ec7db37762fe4006c04c43368d
raw/archives/zolpidem.tar.gz,zolpidem/alpha1/2026091905/poses.pdbqt,21825,74b35d37f07699d4709f5d8249e47681f3ceca1d4581ef26bae3f862f0ad68de
raw/archives/zolpidem.tar.gz,zolpidem/alpha1/2026091905/vina.log,2384,12c90c1b79628ef5866770936a463ef72ed03738e7729647f2fa0b0bed19e5e9
raw/archives/zolpidem.tar.gz,zolpidem/alpha2/2026091901/docking.json,1525,63759dd1813ceb1cd7bd4acdb7c513eb3e4a09f1ed9d561defb6f8eac52cc2c5
raw/archives/zolpidem.tar.gz,zolpidem/alpha2/2026091901/interactions.json,32161,45343c7a76bbc70d5995ec14204c0316afa4d07e5d69e1f987ead62450b6fc0a
raw/archives/zolpidem.tar.gz,zolpidem/alpha2/2026091901/plip.log,1872,6858b2e6e8e5bcdfa859991e15c087847c8c64254f427780a429fb2f1380dc41
raw/archives/zolpidem.tar.gz,zolpidem/alpha2/2026091901/plip_done.json,29,bef149d6b4bcd0e8393fac45503362a862d45eadcceff434b3d9640f4b008ec4
raw/archives/zolpidem.tar.gz,zolpidem/alpha2/2026091901/pose_01/ligand.sdf,3797,7c0924d04a19b70f52def17c71ee8f0fa66c14d94e9bccd59d8a26fed33592ab
raw/archives/zolpidem.tar.gz,zolpidem/alpha2/2026091901/pose_01/pose_status.json,569,2d8e07de734d2bee0d1e537d93720e17438e42b6968cf9ddda0fb441e3c3bbc8
raw/archives/zolpidem.tar.gz,zolpidem/alpha2/2026091901/pose_01/report.txt,4191,43cae1ce5740fbee34c0c8ff3f24338554f572f2203825940d7b97f1bb82e8d5
raw/archives/zolpidem.tar.gz,zolpidem/alpha2/2026091901/pose_01/report.xml,10533,c93dad5cca6c5b119dded70cc7deeaf6464425c28db35577a85aa4044750d919
raw/archives/zolpidem.tar.gz,zolpidem/alpha2/2026091901/pose_02/ligand.sdf,3797,12ed02a055fe13c4452265b45bf381221c49f9c1ad44b8d3decd84a51abecba4
raw/archives/zolpidem.tar.gz,zolpidem/alpha2/2026091901/pose_02/pose_status.json,569,ec2d2ae53bba0686ebc234f1aeb76b1ee107f7001ce4d69c5cfd6a21b79f08f6
raw/archives/zolpidem.tar.gz,zolpidem/alpha2/2026091901/pose_02/report.txt,2388,eb571ec1ab6eff484cf8786ab1e05a47c7d772beb70b182a2b14a85add76efb0
raw/archives/zolpidem.tar.gz,zolpidem/alpha2/2026091901/pose_02/report.xml,8279,63da903480e3e1196f42939185611ba3a75d8d734b0794dc304686636dfdd608
raw/archives/zolpidem.tar.gz,zolpidem/alpha2/2026091901/pose_03/ligand.sdf,3797,f4a186b8e631230f2b34cd4d5d34088651f4611d15fbe76398b293cfb51dccc5
raw/archives/zolpidem.tar.gz,zolpidem/alpha2/2026091901/pose_03/pose_status.json,569,1e33d095bbb5d2b1ada9e367a43398e9e2e3e898b74013887bf864c7b06808ee
raw/archives/zolpidem.tar.gz,zolpidem/alpha2/2026091901/pose_03/report.txt,3590,34bcbf5611947aa695258c52eb58a6144a4596c775005b7f7d50afc445d27fdb
raw/archives/zolpidem.tar.gz,zolpidem/alpha2/2026091901/pose_03/report.xml,9279,1bff4346bfd099da0fc5993c4f2769d4edda054458aa72efc5b0ac0bd9df34c5
raw/archives/zolpidem.tar.gz,zolpidem/alpha2/2026091901/pose_04/ligand.sdf,3797,9bad9abb2616935b6ab9d6f46f2b6336d37f740a9eca1d185ad561b95fd683c0
raw/archives/zolpidem.tar.gz,zolpidem/alpha2/2026091901/pose_04/pose_status.json,569,7b701d7ae6b582b61fcb6507f233d4df1bccb1572021c15d226b6320c896352c
raw/archives/zolpidem.tar.gz,zolpidem/alpha2/2026091901/pose_04/report.txt,3910,66476c929769a022e3bba9b8d861564ffd3be690f567fb51172fcba6b090672f
raw/archives/zolpidem.tar.gz,zolpidem/alpha2/2026091901/pose_04/report.xml,10008,33e606c61a98dcac79423188f1f52f061b60f322e2f9c9efb95ce12d66e6f1d9
raw/archives/zolpidem.tar.gz,zolpidem/alpha2/2026091901/pose_05/ligand.sdf,3797,ceb69fd60757844ce2d186b76406acbd7a55ae62bf9a26efc130a5a6b2299592
raw/archives/zolpidem.tar.gz,zolpidem/alpha2/2026091901/pose_05/pose_status.json,569,f798af0ee6f0039f5be48c98ed4d7dba7ec15d378bbb2a2560f6504f4dbd41f8
raw/archives/zolpidem.tar.gz,zolpidem/alpha2/2026091901/pose_05/report.txt,4202,73f46fd88d66713a86c904d18c39347f16db84fa5d6176e40fb26bcb1957118f
raw/archives/zolpidem.tar.gz,zolpidem/alpha2/2026091901/pose_05/report.xml,10658,cd7aa15104368d49d8cbefbe7593fea24db4bab69daa99fbb0c29c8a47986b3c
raw/archives/zolpidem.tar.gz,zolpidem/alpha2/2026091901/pose_06/ligand.sdf,3797,e191db9dd44188a3f4d12196f6ae962a221ce1109bb949ee95bdfd1ae1be229b
raw/archives/zolpidem.tar.gz,zolpidem/alpha2/2026091901/pose_06/pose_status.json,569,99e9dabfc0c23d90c07bd6f01225b13ad1ecac0397ae9a2ad12fc57646ddf7a6
raw/archives/zolpidem.tar.gz,zolpidem/alpha2/2026091901/pose_06/report.txt,1728,8caa4086385bcfdedcae4e39c295d4e41633da6b923be4f2a24bf7c998de4e5f
raw/archives/zolpidem.tar.gz,zolpidem/alpha2/2026091901/pose_06/report.xml,6764,1abffd1e958fee0e4eb900c302e2124cb0d7399ff5a97fa659b69aeb3e18f519
raw/archives/zolpidem.tar.gz,zolpidem/alpha2/2026091901/pose_07/ligand.sdf,3797,d957d48e01016bf82d8d422a889c598ffdf62a91920ffe7e87ded990d289268a
raw/archives/zolpidem.tar.gz,zolpidem/alpha2/2026091901/pose_07/pose_status.json,569,019f19327e579c8bc5734372cb567cd5075746130751a29bf5361b7bba947c70
raw/archives/zolpidem.tar.gz,zolpidem/alpha2/2026091901/pose_07/report.txt,2717,0fe5240d5ec14eb2bc445eb6b7684c2a6ac291013d692a67ed36785c5d782826
raw/archives/zolpidem.tar.gz,zolpidem/alpha2/2026091901/pose_07/report.xml,7998,95c97dca1fca1add7254ee49ae16ba0144ac0525b3b40f353fd2fe3bc988daa0
raw/archives/zolpidem.tar.gz,zolpidem/alpha2/2026091901/pose_08/ligand.sdf,3797,abb9105398c8fd75aa50c519fd17a113b9fb07f200fa697f75a69c2f13284e9f
raw/archives/zolpidem.tar.gz,zolpidem/alpha2/2026091901/pose_08/pose_status.json,569,2103adc2fccc4729489cad918139816373d6075872824448a755d179a0bd612f
raw/archives/zolpidem.tar.gz,zolpidem/alpha2/2026091901/pose_08/report.txt,2410,fa0df859247c1bea1a3eef2bb667a6d817f8ac898536af0b0a38b0337fb8030e
raw/archives/zolpidem.tar.gz,zolpidem/alpha2/2026091901/pose_08/report.xml,8027,7ecdcea9fa36849b025cda6203d82b406a705df9a59042e37024f2e3864f5fb2
raw/archives/zolpidem.tar.gz,zolpidem/alpha2/2026091901/pose_09/ligand.sdf,3797,a1e6279de9c0f8b9dac20c590452ec287f09cf0823b2f3058d9f0c02884575c1
raw/archives/zolpidem.tar.gz,zolpidem/alpha2/2026091901/pose_09/pose_status.json,569,56cfedda40676752440d0ee88b97b41b727f5f6890f9911ad301ece8e98d410b
raw/archives/zolpidem.tar.gz,zolpidem/alpha2/2026091901/pose_09/report.txt,2077,31cceb66cf91d526de336520c1995ea88db8f342c60cf22400e9c03dd5ea8516
raw/archives/zolpidem.tar.gz,zolpidem/alpha2/2026091901/pose_09/report.xml,7549,400471223c2b71edac67360e0eaf0da397e44da4e6763f51306f755558fe4131
raw/archives/zolpidem.tar.gz,zolpidem/alpha2/2026091901/pose_manifest.json,5403,9cf434e230bc13015a0fc06f20f5798a97b6c7c71e82e9e4a4c43b4e6ce510f7
raw/archives/zolpidem.tar.gz,zolpidem/alpha2/2026091901/poses.pdbqt,21825,8b987196550914a54c6bafcf771fd59476d2cee729d7a8150ed48e576dad71f6
raw/archives/zolpidem.tar.gz,zolpidem/alpha2/2026091901/vina.log,2384,ac79cc53005d2290504fc7b0b920d15e8d5cc4dcf89cc67eeead7b04c9d898e5
raw/archives/zolpidem.tar.gz,zolpidem/alpha2/2026091902/docking.json,1525,841ff7019ee9c468bd9cac7f530d61e778b7e01a2f46c66b587901c244b37cfb
raw/archives/zolpidem.tar.gz,zolpidem/alpha2/2026091902/interactions.json,32155,f950b175439ec5fd18b87725f93e009654f6815e89d12fae000c5593d283737c
raw/archives/zolpidem.tar.gz,zolpidem/alpha2/2026091902/plip.log,1872,f398522d8db86e74053311b11a3d4292acf2f01644b5c7aa551c409cfc97d56c
raw/archives/zolpidem.tar.gz,zolpidem/alpha2/2026091902/plip_done.json,29,bef149d6b4bcd0e8393fac45503362a862d45eadcceff434b3d9640f4b008ec4
raw/archives/zolpidem.tar.gz,zolpidem/alpha2/2026091902/pose_01/ligand.sdf,3797,f448c9c736e0374c7fd80e25a50b335e3d5afc6a1bce531f7ed604ffac6a0395
raw/archives/zolpidem.tar.gz,zolpidem/alpha2/2026091902/pose_01/pose_status.json,569,200b16f0649251a72e5aa94a6a869f896706dd417a36f3a78a7afe2b415359a2
raw/archives/zolpidem.tar.gz,zolpidem/alpha2/2026091902/pose_01/report.txt,4191,e9da0e8ccc95c73d21ea7caec6b61f91b94a3e3f8716ec5dd653084ddadaa6ef
raw/archives/zolpidem.tar.gz,zolpidem/alpha2/2026091902/pose_01/report.xml,10533,ee63a5d6e066d5c0ae1b5b13ac8d969a88df2db218a6ace2800f02d0d3131ab0
raw/archives/zolpidem.tar.gz,zolpidem/alpha2/2026091902/pose_02/ligand.sdf,3797,5b0b1cb7acaba9600a86d8066bdc5595a288549c20f24ed06969558d0940a66b
raw/archives/zolpidem.tar.gz,zolpidem/alpha2/2026091902/pose_02/pose_status.json,569,2dabf0ce7facf8fa44db256a624624787cf3ed9076ea3ce8d34cf8bbca94b21c
raw/archives/zolpidem.tar.gz,zolpidem/alpha2/2026091902/pose_02/report.txt,2388,2e6f00bd7cd7a41c2cdff4dd5a68eee5531de6c347ea9268031b9ecb474819e0
raw/archives/zolpidem.tar.gz,zolpidem/alpha2/2026091902/pose_02/report.xml,8195,e1868e8f42fd7c783e170799d9fe4e4b7382c22bad20e315d6fba35eba1077eb
raw/archives/zolpidem.tar.gz,zolpidem/alpha2/2026091902/pose_03/ligand.sdf,3797,280204844ff43f938a63aa6ea23fe830aa055ce329d1631c7b208f8f807a50b1
raw/archives/zolpidem.tar.gz,zolpidem/alpha2/2026091902/pose_03/pose_status.json,569,a49e1ce047034109bd54b75a935c43cab019b74bdcf39b9f9661171f8f546fcb
raw/archives/zolpidem.tar.gz,zolpidem/alpha2/2026091902/pose_03/report.txt,3590,c3c8b409f8ff6dcd9cc419b15e352b363d9a2eae46b8f0d0fc70a1a6806dc450
raw/archives/zolpidem.tar.gz,zolpidem/alpha2/2026091902/pose_03/report.xml,9363,ea267f690eaa284d9713a85a0fc88c4443b85c250fc342d24878976ca51af009
raw/archives/zolpidem.tar.gz,zolpidem/alpha2/2026091902/pose_04/ligand.sdf,3797,8c49a8efd92186d088cc29048660e7fdb72a2cd8a3c030945660b8d30d38da9c
raw/archives/zolpidem.tar.gz,zolpidem/alpha2/2026091902/pose_04/pose_status.json,569,cdf0128c4a2175a66d50c8b3e66ee9bde535652bc827308817eeee0e1f32ccdb
raw/archives/zolpidem.tar.gz,zolpidem/alpha2/2026091902/pose_04/report.txt,3590,ef84b033c7568ed3efc360bff5829365f09aa062d5b0f6455c363331317eb15a
raw/archives/zolpidem.tar.gz,zolpidem/alpha2/2026091902/pose_04/report.xml,9446,0af1efb5ffbe773ffbb33dfc5e84ee991ff0f33dcbd0e511469b1a2ddd4d0bc7
raw/archives/zolpidem.tar.gz,zolpidem/alpha2/2026091902/pose_05/ligand.sdf,3797,3f81e15e1dd1d2dcc0c220613510e0b060d5fd2cb96b264821c7aeb8a352040d
raw/archives/zolpidem.tar.gz,zolpidem/alpha2/2026091902/pose_05/pose_status.json,569,775e0f980521f64e8af2af0feb0f4693dfcc509d21674ce24390031ede20eca8
raw/archives/zolpidem.tar.gz,zolpidem/alpha2/2026091902/pose_05/report.txt,4202,d24e39fde0637fec987baa3a0cac9f9e75bb54b2e09efcb1990bf6a9003bb86e
raw/archives/zolpidem.tar.gz,zolpidem/alpha2/2026091902/pose_05/report.xml,10657,9d21d1244cfdff9cdd843089e9768cbf921b8eec2588cb4fe5f862ba39c04113
raw/archives/zolpidem.tar.gz,zolpidem/alpha2/2026091902/pose_06/ligand.sdf,3797,f8084159551b04ce480fdbf70a9f93484a0193c263dbb1430cf8aaa28475091c
raw/archives/zolpidem.tar.gz,zolpidem/alpha2/2026091902/pose_06/pose_status.json,569,dd8a6aa7c94156c026bbb90f8a76077aad2c31e826342db35a04ba3e845f4352
raw/archives/zolpidem.tar.gz,zolpidem/alpha2/2026091902/pose_06/report.txt,2717,2eb752dc71ec4734d2301146370efd7b1be5faf4be63fe7bf204c43135b0cb93
raw/archives/zolpidem.tar.gz,zolpidem/alpha2/2026091902/pose_06/report.xml,8671,fd2d168008c265a55a9d9cf76ad86ca3ecfa57a377c16db5371db111f7b7af2d
raw/archives/zolpidem.tar.gz,zolpidem/alpha2/2026091902/pose_07/ligand.sdf,3797,fab3dea5984be82ef9e09e788b34f26e67b7cba5ad83e477adfe982711eb5e27
raw/archives/zolpidem.tar.gz,zolpidem/alpha2/2026091902/pose_07/pose_status.json,569,4ce87fdd7a0ad5803093b9a65d36574ae01d99aa84c3220ae967b7d9e1c7e74c
raw/archives/zolpidem.tar.gz,zolpidem/alpha2/2026091902/pose_07/report.txt,2717,b744f948a9f73fc913a58225f0767e8710834f2487959570ae1da43022d81640
raw/archives/zolpidem.tar.gz,zolpidem/alpha2/2026091902/pose_07/report.xml,7998,a4d414cf3410a4ce0f0bbb1e508a3e0d1910a89f0551b8a35971c0180b368e63
raw/archives/zolpidem.tar.gz,zolpidem/alpha2/2026091902/pose_08/ligand.sdf,3797,7207236e452bc9caa3cee7064ecca29c237f54811be153d612fde2b77cfc5318
raw/archives/zolpidem.tar.gz,zolpidem/alpha2/2026091902/pose_08/pose_status.json,569,ce0d2af8b87ca0aa9e631777e0364538e8eef436707f6cff451ef8eca7de7761
raw/archives/zolpidem.tar.gz,zolpidem/alpha2/2026091902/pose_08/report.txt,2059,ce5cc5c464613ed403c976b2e4364414cf9fec87787a31d8be982cc0c5b71fdf
raw/archives/zolpidem.tar.gz,zolpidem/alpha2/2026091902/pose_08/report.xml,7379,a5585a219553172d4ddb5a44929175a3b2ce4c5abe897a3a03e76c1c8333eda1
raw/archives/zolpidem.tar.gz,zolpidem/alpha2/2026091902/pose_09/ligand.sdf,3797,b725ab1e43422ef7db85fed9168f9234ed0f2af15b38b036d8eb61a813dc7b3b
raw/archives/zolpidem.tar.gz,zolpidem/alpha2/2026091902/pose_09/pose_status.json,569,1ac723e8399c99f7082df8fa3d8a267cb366fc16a45e796589ba1358eb64ab34
raw/archives/zolpidem.tar.gz,zolpidem/alpha2/2026091902/pose_09/report.txt,1737,6c5ee634bc18caf2e12067a1d9c5f960469823ca61da93f19994ba041a38447b
raw/archives/zolpidem.tar.gz,zolpidem/alpha2/2026091902/pose_09/report.xml,6818,4f39d435b0fa7fb4a1126f4481e84e19a65adf082e60dffb0f17aaf12e7919b6
raw/archives/zolpidem.tar.gz,zolpidem/alpha2/2026091902/pose_manifest.json,5403,93ce545ef98087ef9b313488bdbe9f1b879e742a2de53872833a8b5d8eca39f8
raw/archives/zolpidem.tar.gz,zolpidem/alpha2/2026091902/poses.pdbqt,21825,6f26bfe68699340025ec23824202a7bd443073cfed14b75d26467f511191799a
raw/archives/zolpidem.tar.gz,zolpidem/alpha2/2026091902/vina.log,2384,65e5f8c797845a06d58fce8562a5e27036324a8464c1763ed7c132f27427beff
raw/archives/zolpidem.tar.gz,zolpidem/alpha2/2026091903/docking.json,1525,e7c2df9674feaa3e7ef074a11cafb32c1767d262a106123e1d3f1598ec6e0d81
raw/archives/zolpidem.tar.gz,zolpidem/alpha2/2026091903/interactions.json,38296,266b4fb4c3367973505a6a855b1aa09a70eddfd6ab814fd1cfc9986dcf7848ad
raw/archives/zolpidem.tar.gz,zolpidem/alpha2/2026091903/plip.log,1872,9716d84cd7687e1e29fe8636224079f89f61813e2be851a801ebda1af5a12e00
raw/archives/zolpidem.tar.gz,zolpidem/alpha2/2026091903/plip_done.json,29,bef149d6b4bcd0e8393fac45503362a862d45eadcceff434b3d9640f4b008ec4
raw/archives/zolpidem.tar.gz,zolpidem/alpha2/2026091903/pose_01/ligand.sdf,3797,1fa6171d57f58d51e99d903ad2d78f198a8e95910dd968757f4c31be948c578d
raw/archives/zolpidem.tar.gz,zolpidem/alpha2/2026091903/pose_01/pose_status.json,569,f52cbf70597213142e5206489199f2ee028ff9a57db0c2508740f59916197763
raw/archives/zolpidem.tar.gz,zolpidem/alpha2/2026091903/pose_01/report.txt,4191,a48dc7c0151926c627509e5ac553a015628395603bfbc176a04ddd06991dd39f
raw/archives/zolpidem.tar.gz,zolpidem/alpha2/2026091903/pose_01/report.xml,10533,1e5ef553fcc285eb446b8f5f2b87784430db26b01e61499d76900493cebe1de0
raw/archives/zolpidem.tar.gz,zolpidem/alpha2/2026091903/pose_02/ligand.sdf,3797,4e8670a0ccb4de05cd9ebd59618ffc07c5587fcaf2f4674b4299f47d2b101e2e
raw/archives/zolpidem.tar.gz,zolpidem/alpha2/2026091903/pose_02/pose_status.json,569,8afefca5fa686d22bf13bda19b518be1390667637db9fdd82644476e08c256f3
raw/archives/zolpidem.tar.gz,zolpidem/alpha2/2026091903/pose_02/report.txt,3590,d7be9056117456531b5c870a6f6172a5e96b00be7d1ebeed8fe4d819685527a4
raw/archives/zolpidem.tar.gz,zolpidem/alpha2/2026091903/pose_02/report.xml,9446,e442264d59b5792ba99f1c764758884775b01851f13eba283a7b511acef4d998
raw/archives/zolpidem.tar.gz,zolpidem/alpha2/2026091903/pose_03/ligand.sdf,3797,abae2e4aa372dde73b2cc077ce5b9d0356f7749b093591b227e1fa863965917a
raw/archives/zolpidem.tar.gz,zolpidem/alpha2/2026091903/pose_03/pose_status.json,569,22e798984cbf38e7c774aa5053dbfca7b94cad72246ef2a2f1429cb7e5ccab41
raw/archives/zolpidem.tar.gz,zolpidem/alpha2/2026091903/pose_03/report.txt,3529,398c5508ea157e0840ab970db71fd78d954d91bde9db40968b4870cb5a13d63e
raw/archives/zolpidem.tar.gz,zolpidem/alpha2/2026091903/pose_03/report.xml,9365,a90c6a9d776dbbfdd335cf780aaeeac191ab74c8300fc86ecd252745d64ee984
raw/archives/zolpidem.tar.gz,zolpidem/alpha2/2026091903/pose_04/ligand.sdf,3797,2fb79d2d991c5cf18705ec471822156dea86d0d6bb52c38a4e15ffca73945304
raw/archives/zolpidem.tar.gz,zolpidem/alpha2/2026091903/pose_04/pose_status.json,569,be7ea357dbaf96d2ec0411d857eceef214e3781b5a582fe1f6bfdb53abb4a2f8
raw/archives/zolpidem.tar.gz,zolpidem/alpha2/2026091903/pose_04/report.txt,3910,b2b41069d57aa0e528081b133d46937d8ce37b089fdacbf21781648169af20fe
raw/archives/zolpidem.tar.gz,zolpidem/alpha2/2026091903/pose_04/report.xml,9924,8e8076fc9fa300ad9fc013e5252734a0d85d25c65526a4f17127628b6da56db3
raw/archives/zolpidem.tar.gz,zolpidem/alpha2/2026091903/pose_05/ligand.sdf,3797,6997da75655551aba562bf60411210414839bd22c244d8c72e5237e4e325df03
raw/archives/zolpidem.tar.gz,zolpidem/alpha2/2026091903/pose_05/pose_status.json,569,83fec9d2a4d641a3c25308dbdf4f1ffb6a356a81b4325d5f0bef9e928dd62c78
raw/archives/zolpidem.tar.gz,zolpidem/alpha2/2026091903/pose_05/report.txt,3858,1efbaf6b1cef7a50d8a81707340441ce451c7b8cd3a4831b401e337468ae3918
raw/archives/zolpidem.tar.gz,zolpidem/alpha2/2026091903/pose_05/report.xml,9927,fdd117086824b20c63c8ef6e5f9adfc351b3817ef63b157fc587ba5f57feaba2
raw/archives/zolpidem.tar.gz,zolpidem/alpha2/2026091903/pose_06/ligand.sdf,3797,dffc75bddb8c01ad9433451ed7bd50c13ef31e6c85fdeaafef66ff77489d01f0
raw/archives/zolpidem.tar.gz,zolpidem/alpha2/2026091903/pose_06/pose_status.json,569,4db4ea98e6b13942da035b0fcef449435da3fc1f3816c4553e01283e7bee1a97
raw/archives/zolpidem.tar.gz,zolpidem/alpha2/2026091903/pose_06/report.txt,4533,1291a3f9272af402077772972a8c0612a28d5220f45d0d93094ac482771938ff
raw/archives/zolpidem.tar.gz,zolpidem/alpha2/2026091903/pose_06/report.xml,11100,3e6ca10761e4a7ca6dcc0bd96d54e4bc9f2de0b93002f822273d0c61ad90547a
raw/archives/zolpidem.tar.gz,zolpidem/alpha2/2026091903/pose_07/ligand.sdf,3797,51ba4136d765a854d956e0dd9f4b60eee92378cd3d31f55edd4ed44e048c21e7
raw/archives/zolpidem.tar.gz,zolpidem/alpha2/2026091903/pose_07/pose_status.json,569,62db1e8fb4d9a89859f5469bcba0d327a01e8bcf0abb02f3ccc218f5cf8b6eff
raw/archives/zolpidem.tar.gz,zolpidem/alpha2/2026091903/pose_07/report.txt,3239,0c7e4710e52fb817bc2cbba41b815281242882f28a032ee0d363a14f251fb37b
raw/archives/zolpidem.tar.gz,zolpidem/alpha2/2026091903/pose_07/report.xml,8801,cd7c2f3b24292f32b39a1331ac955fdf9a4fe57aa156901a3882edcbd8cab290
raw/archives/zolpidem.tar.gz,zolpidem/alpha2/2026091903/pose_08/ligand.sdf,3797,21fe12ede37a37606ee3d608c8e2e1d9cfd3059c10feb2a6430c0d83d410dd9a
raw/archives/zolpidem.tar.gz,zolpidem/alpha2/2026091903/pose_08/pose_status.json,569,ed44450f99d1f74c3a92236708efa6195ce5604332a6524afd637ca75d5411cf
raw/archives/zolpidem.tar.gz,zolpidem/alpha2/2026091903/pose_08/report.txt,2077,2ccd98ec91a63e07f4a0bb23d7c00e2174592ac150531ab8015f28815cb04141
raw/archives/zolpidem.tar.gz,zolpidem/alpha2/2026091903/pose_08/report.xml,7464,34d450fe7e34617fc57b08ad03079fca0b370838a26fd1dfeed0b33a47b29011
raw/archives/zolpidem.tar.gz,zolpidem/alpha2/2026091903/pose_09/ligand.sdf,3797,f1f90a9968d081c53d0b67dc2518e950db503ef8f1ff79b75328b7c84cfd8176
raw/archives/zolpidem.tar.gz,zolpidem/alpha2/2026091903/pose_09/pose_status.json,569,745d5b0fa9dfe652aad4ced7a8256dc0d75ac369a805b37a0bf53471944d57bb
raw/archives/zolpidem.tar.gz,zolpidem/alpha2/2026091903/pose_09/report.txt,3375,2602fe26f9105b21b7730b24538cc01bc512e79b983d5b825578280cf976c458
raw/archives/zolpidem.tar.gz,zolpidem/alpha2/2026091903/pose_09/report.xml,10132,f1db367809a3ee208bf1f1b2ae04239af80841977834567c9c4a5427cdbd10a5
raw/archives/zolpidem.tar.gz,zolpidem/alpha2/2026091903/pose_manifest.json,5403,cb2a95572a95256c775996e4132d2dcfe3f675fcea35017e582055af5de2c00b
raw/archives/zolpidem.tar.gz,zolpidem/alpha2/2026091903/poses.pdbqt,21825,d9c69c680ab0c7af92fad87eff196f396081c79328a7d936e8586e995465e91b
raw/archives/zolpidem.tar.gz,zolpidem/alpha2/2026091903/vina.log,2384,4153533bfdd30aaf7ca8908bc20c449ee26c6d33406383d2cb63f70dbb2651a3
raw/archives/zolpidem.tar.gz,zolpidem/alpha2/2026091904/docking.json,1525,39aa7ad45006fda6ecc1d5c5ee94620117f457ffdc75305776e35a51b754ee8f
raw/archives/zolpidem.tar.gz,zolpidem/alpha2/2026091904/interactions.json,33810,8c3923316de6a84e023ce36176d6dbeb2bee6ad40582687188a9475a86b7e6b2
raw/archives/zolpidem.tar.gz,zolpidem/alpha2/2026091904/plip.log,1872,334ecbef4eb4bf90889e35ea6c777f5eb414e96ea8788d0213e478a75c2a6ef6
raw/archives/zolpidem.tar.gz,zolpidem/alpha2/2026091904/plip_done.json,29,bef149d6b4bcd0e8393fac45503362a862d45eadcceff434b3d9640f4b008ec4
raw/archives/zolpidem.tar.gz,zolpidem/alpha2/2026091904/pose_01/ligand.sdf,3797,4b7db1c3da26e7bfdfe37ee72a90831b8d51acdb7a06f3df9e1ea7028695673c
raw/archives/zolpidem.tar.gz,zolpidem/alpha2/2026091904/pose_01/pose_status.json,569,7894c8a008efb83d5b990e366212597db79f2ffcbd0eebd4ea0690e1469db2e3
raw/archives/zolpidem.tar.gz,zolpidem/alpha2/2026091904/pose_01/report.txt,4191,3f955e54173103c63d263f74f0fbd61dc20a1caa809d78652a02caacc2bbb62f
raw/archives/zolpidem.tar.gz,zolpidem/alpha2/2026091904/pose_01/report.xml,10533,f310f5db46be787b00c580b1501732e09d9d21524241ed40e42f77bdc9869216
raw/archives/zolpidem.tar.gz,zolpidem/alpha2/2026091904/pose_02/ligand.sdf,3797,dcb52486dd86441b0363e811be3db2f00cb5e1d3255676d7defaa2b9917971f2
raw/archives/zolpidem.tar.gz,zolpidem/alpha2/2026091904/pose_02/pose_status.json,569,7c5fec73bfbd5c7efa74e8bfa5333b6989ea12e905435530fb5ff8c10ebb3eae
raw/archives/zolpidem.tar.gz,zolpidem/alpha2/2026091904/pose_02/report.txt,2388,a86aeefc812b8ca384fa8e927f024a1209493975854346ef42505b5e354320b2
raw/archives/zolpidem.tar.gz,zolpidem/alpha2/2026091904/pose_02/report.xml,8195,8f6e5d32e49a774f31fd5f3958ebb64660bba1fdd263c4f49e399168b566ee3e
raw/archives/zolpidem.tar.gz,zolpidem/alpha2/2026091904/pose_03/ligand.sdf,3797,ed0ca98926e8151e9aec8d3a18d5d2e695615e6a8ff4ad311ace7e076e2eb640
raw/archives/zolpidem.tar.gz,zolpidem/alpha2/2026091904/pose_03/pose_status.json,569,28b08daa37825ca5dff67931f6295a54f9c8ab221a83e9a6f8169aee5bcccc38
raw/archives/zolpidem.tar.gz,zolpidem/alpha2/2026091904/pose_03/report.txt,4375,7362da4851b444746cf55ac3d168d0189ec2c9f897d4b7752024909836807df3
raw/archives/zolpidem.tar.gz,zolpidem/alpha2/2026091904/pose_03/report.xml,10955,25c9ee7d71715ad4a02635dae4b7efd42f9b7ad43c5a720981141fa0b7a56bf0
raw/archives/zolpidem.tar.gz,zolpidem/alpha2/2026091904/pose_04/ligand.sdf,3797,2d63895a83fe6fcb96ab76617c3a82c09f3e41ea73c7d0fb7ce3058c1c7215ec
raw/archives/zolpidem.tar.gz,zolpidem/alpha2/2026091904/pose_04/pose_status.json,569,be05603d2f96b29ef976ea65b03022242734e355a5c2e08f5588140d2ea04686
raw/archives/zolpidem.tar.gz,zolpidem/alpha2/2026091904/pose_04/report.txt,3590,cb8cc4b1dce19a800a3c1f1d1eb0f874c7fe29317cbe9578481e5240e72ca041
raw/archives/zolpidem.tar.gz,zolpidem/alpha2/2026091904/pose_04/report.xml,9446,68b7d3f4ab42ccd5d5125d3b75f001b1133ad66c293d5e2e830a3282e1069312
raw/archives/zolpidem.tar.gz,zolpidem/alpha2/2026091904/pose_05/ligand.sdf,3797,dd1f765c21cb09821cc6395c55a946f4f011923dd567483151968c7f953c75d7
raw/archives/zolpidem.tar.gz,zolpidem/alpha2/2026091904/pose_05/pose_status.json,569,b688209bd2f3eadc747fb9e34e8ef05afe6764e12db2da85cfa461c6d5e74d81
raw/archives/zolpidem.tar.gz,zolpidem/alpha2/2026091904/pose_05/report.txt,3257,707c9dbbeb83c680213c940200924edc7b884f5f6b06832c26ff9e4df8e00bcc
raw/archives/zolpidem.tar.gz,zolpidem/alpha2/2026091904/pose_05/report.xml,8716,d5c1aced94bbe42136a8f1b52a1b2f3832d5c341707d692cb571b51e264c9692
raw/archives/zolpidem.tar.gz,zolpidem/alpha2/2026091904/pose_06/ligand.sdf,3797,ab2262e75d903e8300c2c802c3934a81aef7d9464324d37243ee1ca8a082cc34
raw/archives/zolpidem.tar.gz,zolpidem/alpha2/2026091904/pose_06/pose_status.json,569,d4a9a1fcd265f46517a20ccf061fa5ac8a3cbfe2e25c10801863e841bb90b835
raw/archives/zolpidem.tar.gz,zolpidem/alpha2/2026091904/pose_06/report.txt,4316,d614d66d11b08f3c19e0f281ccdfc0e423b37708bbe5468e43a6a8d12ac186e2
raw/archives/zolpidem.tar.gz,zolpidem/alpha2/2026091904/pose_06/report.xml,11033,8065b993abbc083101255b374f2a7a5ece2d5dd9631b824ec30b748ac17e4419
raw/archives/zolpidem.tar.gz,zolpidem/alpha2/2026091904/pose_07/ligand.sdf,3797,f7af2a5bfefab0e0d29e5ed3743868796f7785cad259742149c712aac8ce9b0d
raw/archives/zolpidem.tar.gz,zolpidem/alpha2/2026091904/pose_07/pose_status.json,569,a5bcc0d3a0a47d79403575fb695dc424c0ebc966771c539133a125611e5f39ec
raw/archives/zolpidem.tar.gz,zolpidem/alpha2/2026091904/pose_07/report.txt,1728,c239a83da785083f9d5bd08fc1dd10473f73217ac3526280389aa0cd808ca01f
raw/archives/zolpidem.tar.gz,zolpidem/alpha2/2026091904/pose_07/report.xml,6680,0c7032c0e52f25b4b04c73046e7970a74a17a8897b9d1503db4e37dff786d056
raw/archives/zolpidem.tar.gz,zolpidem/alpha2/2026091904/pose_08/ligand.sdf,3797,789919c9e791024990703e601369a837638e3d73d6478a9e167e84f5441e5b20
raw/archives/zolpidem.tar.gz,zolpidem/alpha2/2026091904/pose_08/pose_status.json,569,c440e87ec9f13c5e76e193a44c49b7984f936f93ee78ac412221ab482c9bd6e3
raw/archives/zolpidem.tar.gz,zolpidem/alpha2/2026091904/pose_08/report.txt,2717,575fd6e783061a2f5ffdd800f2d7a25c36f09efb751b3a50f1c9630054190a4f
raw/archives/zolpidem.tar.gz,zolpidem/alpha2/2026091904/pose_08/report.xml,7998,8058810ed92c4f4e46ae0e29e9f8f0b2a50da76f517691facd91e3ac1eebece7
raw/archives/zolpidem.tar.gz,zolpidem/alpha2/2026091904/pose_09/ligand.sdf,3797,5292359d434cde328829f785c87639a926d0f9604521fa2afae90323af2949ec
raw/archives/zolpidem.tar.gz,zolpidem/alpha2/2026091904/pose_09/pose_status.json,569,5071583fbf3cddd5f7b814107611e2fedf9bdc8e5b6f25be5365d3187249b8f5
raw/archives/zolpidem.tar.gz,zolpidem/alpha2/2026091904/pose_09/report.txt,2388,6ead2e1c958f97dba4452ff43cdb3df43d15f125b80bf2748a82bc13377d98ac
raw/archives/zolpidem.tar.gz,zolpidem/alpha2/2026091904/pose_09/report.xml,7857,421fd62469ca69d3b6c66e56c7463cd0086726d1db97f1b6adee7c423d3f038e
raw/archives/zolpidem.tar.gz,zolpidem/alpha2/2026091904/pose_manifest.json,5403,46583fb999a992bbba488e88bdfa360c94accc0e3a7343a4dd0a2e7cd97d5087
raw/archives/zolpidem.tar.gz,zolpidem/alpha2/2026091904/poses.pdbqt,21825,d4ebbb8ede96e73cdc0104ac27ee0bc9450eb862eec3f73ff64767dfbdcebd08
raw/archives/zolpidem.tar.gz,zolpidem/alpha2/2026091904/vina.log,2384,6fcaa51d17ab3b06f9422bb618d0d1d7e787a8a13329464843d99f18ef9baa29
raw/archives/zolpidem.tar.gz,zolpidem/alpha2/2026091905/docking.json,1525,590e5b876189d6c6ab1ceae6f50ed4b3d37eca70b0d7c5b725e2bdaf8b5e2805
raw/archives/zolpidem.tar.gz,zolpidem/alpha2/2026091905/interactions.json,36722,b02bdbeb7320729bae54e63aee3540e9de4cf3a8adc530830a9752f2c737a883
raw/archives/zolpidem.tar.gz,zolpidem/alpha2/2026091905/plip.log,1872,5385c578a20cba83d4978304d546931a8565b66be938b1284da1e1dd5f1b81ab
raw/archives/zolpidem.tar.gz,zolpidem/alpha2/2026091905/plip_done.json,29,bef149d6b4bcd0e8393fac45503362a862d45eadcceff434b3d9640f4b008ec4
raw/archives/zolpidem.tar.gz,zolpidem/alpha2/2026091905/pose_01/ligand.sdf,3797,cb4527d34def19387b3925c95fb299a566bc5b1c1dc4fad972370a8604cf6ad0
raw/archives/zolpidem.tar.gz,zolpidem/alpha2/2026091905/pose_01/pose_status.json,569,aa356728db666d1843eb94ca86fad598bc5e59026e21f187c633e3d175325e40
raw/archives/zolpidem.tar.gz,zolpidem/alpha2/2026091905/pose_01/report.txt,4191,f4b8861be72c1935980109f03cfab8a986db336e3cf31a585a4de122ab0a63c0
raw/archives/zolpidem.tar.gz,zolpidem/alpha2/2026091905/pose_01/report.xml,10533,ab5dd7e882450014eaaa164577c4b11bc2a37a8f30c1d871ac5a3cacd1c8ddf2
raw/archives/zolpidem.tar.gz,zolpidem/alpha2/2026091905/pose_02/ligand.sdf,3797,502fad8b036e3e07263b5e231d78fad4e46eb751de932d376b52ddd28a71054f
raw/archives/zolpidem.tar.gz,zolpidem/alpha2/2026091905/pose_02/pose_status.json,569,d7c2f1c0117e543cc70b8cbe5a1b78a4967e456c1131a5d2d7119fe073a2e2ff
raw/archives/zolpidem.tar.gz,zolpidem/alpha2/2026091905/pose_02/report.txt,2388,0d15bf34e8723ac99b0e806f4e443f9247e042a40de7b27e6038fdda4660c779
raw/archives/zolpidem.tar.gz,zolpidem/alpha2/2026091905/pose_02/report.xml,8195,824317cf402ce29605ffccae19409c4c7e6734643459747ce1edd430a85e47ad
raw/archives/zolpidem.tar.gz,zolpidem/alpha2/2026091905/pose_03/ligand.sdf,3797,547cd80034e7802f41ab689ae0870752d7e39747c3c367401ab0b7ee6c401adc
raw/archives/zolpidem.tar.gz,zolpidem/alpha2/2026091905/pose_03/pose_status.json,569,80953cfddebd2efe1252cc9c978ccffbb09044c3370e509cf237a01930f88fe9
raw/archives/zolpidem.tar.gz,zolpidem/alpha2/2026091905/pose_03/report.txt,3590,f07a2128898d2d1ca2e534d56bc52c21cd07d964a4dd5f6bb509d3b4d7df5964
raw/archives/zolpidem.tar.gz,zolpidem/alpha2/2026091905/pose_03/report.xml,9363,309822194e7ee98a0b582ddfb9711494c2ae4db9753bce5fe79358b924e2cd52
raw/archives/zolpidem.tar.gz,zolpidem/alpha2/2026091905/pose_04/ligand.sdf,3797,eedbca3609aac50f38c693dda88cc63e47406a74b26a6bf8f186b3930508500c
raw/archives/zolpidem.tar.gz,zolpidem/alpha2/2026091905/pose_04/pose_status.json,569,b30a4fbb573ee6452f3fbd93f5dc88a9659409dd8d3e99f36318936d9b15451c
raw/archives/zolpidem.tar.gz,zolpidem/alpha2/2026091905/pose_04/report.txt,4647,d269ab69bf814736c7e67784ccf238c6cf1b4296c07b6fae055a44eb6234546d
raw/archives/zolpidem.tar.gz,zolpidem/alpha2/2026091905/pose_04/report.xml,11680,38166b2e2a8ade1cbb309b77a18aa375885da9edf68827c4c36aa187200c8af7
raw/archives/zolpidem.tar.gz,zolpidem/alpha2/2026091905/pose_05/ligand.sdf,3797,c93e25b40b167ec6e68cf1cc6a2e9b373d77cc39c630e88441f393d24b00d9a8
raw/archives/zolpidem.tar.gz,zolpidem/alpha2/2026091905/pose_05/pose_status.json,569,0ab392943f46b22dc515cc148db9cc044c81faefaf69703d3967b414b80cc207
raw/archives/zolpidem.tar.gz,zolpidem/alpha2/2026091905/pose_05/report.txt,4533,f5318e3156720944e94e2b4d359a592913dd659679bca0a07f26b7a02982ab7e
raw/archives/zolpidem.tar.gz,zolpidem/alpha2/2026091905/pose_05/report.xml,11436,decb4fbb205448e58e9aa1b830752a4ecb63f411ef37e5f98226a1347597eb44
raw/archives/zolpidem.tar.gz,zolpidem/alpha2/2026091905/pose_06/ligand.sdf,3797,10f0eadb7f3ffafecf02613ca2c8ea1eb0aa46e8f1dbdafebec02fc5c63cd8fa
raw/archives/zolpidem.tar.gz,zolpidem/alpha2/2026091905/pose_06/pose_status.json,569,de607ed1992035c2a18d23885d80ac3f286a558ff63ed176ae3063f1f108e9a1
raw/archives/zolpidem.tar.gz,zolpidem/alpha2/2026091905/pose_06/report.txt,3375,c00ae14d95b9b3d63d63f044a0d89d7516b12f816450cbfab5173777b54458e3
raw/archives/zolpidem.tar.gz,zolpidem/alpha2/2026091905/pose_06/report.xml,9961,22d21ee39baa956e01927bb7502a011d204861faf73de9b112f886b29e1b4421
raw/archives/zolpidem.tar.gz,zolpidem/alpha2/2026091905/pose_07/ligand.sdf,3797,d15a0d3882bdd02ccc36db7af6aa06aa5343ce0cff26995fb48ec70c3dc8795f
raw/archives/zolpidem.tar.gz,zolpidem/alpha2/2026091905/pose_07/pose_status.json,569,42069bca147fce7396272a50aab691ec0c752f8a1e01445610ba6db2b9aeace7
raw/archives/zolpidem.tar.gz,zolpidem/alpha2/2026091905/pose_07/report.txt,2059,9d126d4b6dc9eca2ba3331fe69f77af482cadd4abee2ba12d165365b5d1c0467
raw/archives/zolpidem.tar.gz,zolpidem/alpha2/2026091905/pose_07/report.xml,7463,a1d801f73337a6059ea186eee0f26be05d94a2155d3db6b75cb5c092dbe232ff
raw/archives/zolpidem.tar.gz,zolpidem/alpha2/2026091905/pose_08/ligand.sdf,3797,27169757a411520d7beccf18adca546cc5ce215b56f6ab34adc633485d225264
raw/archives/zolpidem.tar.gz,zolpidem/alpha2/2026091905/pose_08/pose_status.json,569,7c926ad1d6fcdd01d416c88d428972c9c10b6bcc6e4d9d3a582f3fb42240af23
raw/archives/zolpidem.tar.gz,zolpidem/alpha2/2026091905/pose_08/report.txt,2717,4db89e20fa0dbcef6b67d1db3e0b0ba1109a35020de54eb2bcde54a4d2293102
raw/archives/zolpidem.tar.gz,zolpidem/alpha2/2026091905/pose_08/report.xml,8671,fb0e12c119156d98daf965f8c78acd1d57694d1aa6ed5dbacdc62a08158bc544
raw/archives/zolpidem.tar.gz,zolpidem/alpha2/2026091905/pose_09/ligand.sdf,3797,4d273960809b7373722c64a856255c0831b489e22d791fa274af3294b773daf3
raw/archives/zolpidem.tar.gz,zolpidem/alpha2/2026091905/pose_09/pose_status.json,569,65b5f40cafe5e676b4fff9aa4449f058b213ae3a79f10d55723085205ea31e14
raw/archives/zolpidem.tar.gz,zolpidem/alpha2/2026091905/pose_09/report.txt,1728,e105b59b73e12e4e2a51399080c4ca00932807f6c0b700f73d01a4576d0dbde5
raw/archives/zolpidem.tar.gz,zolpidem/alpha2/2026091905/pose_09/report.xml,6680,fd6401da1734cc07f3e0c7e87c0e3eb7ffd05f0ba834b962d29400dd6017910b
raw/archives/zolpidem.tar.gz,zolpidem/alpha2/2026091905/pose_manifest.json,5403,2e8d654f0a4290138f0ec00bcfb335c58f52f9126a89adbdf7d4e9ac1817aa00
raw/archives/zolpidem.tar.gz,zolpidem/alpha2/2026091905/poses.pdbqt,21825,e758609edd4fd6ede0335b686c012231065b1e58d17d85db04085779a76536a5
raw/archives/zolpidem.tar.gz,zolpidem/alpha2/2026091905/vina.log,2384,fe266b77a1a4de374ebde029c2913e88e41ff1a083088832d93a5ec2b3055070
raw/archives/lorazepam.tar.gz,lorazepam/alpha1/2026091901/docking.json,1530,f60ac566980949afceab7fbd113d64ac610ce0a2c3c1d83cdbe800d6e75240ff
raw/archives/lorazepam.tar.gz,lorazepam/alpha1/2026091901/interactions.json,44413,e7a9486dd8045df4ca281084110f08c5f5220cf02d8ec0fc842004667fae83cc
raw/archives/lorazepam.tar.gz,lorazepam/alpha1/2026091901/plip.log,1881,b2cb1ce584a4d1f6f69b871a593bf91ec8849c3b12cda0e7ae19d4766edd9d4a
raw/archives/lorazepam.tar.gz,lorazepam/alpha1/2026091901/plip_done.json,29,bef149d6b4bcd0e8393fac45503362a862d45eadcceff434b3d9640f4b008ec4
raw/archives/lorazepam.tar.gz,lorazepam/alpha1/2026091901/pose_01/ligand.sdf,2718,1043c9c7a9d37f9b2f6b04fc908d9280f140b0c07a9dd2e52c33b26c87f0bcd7
raw/archives/lorazepam.tar.gz,lorazepam/alpha1/2026091901/pose_01/pose_status.json,570,ac4ef0a8ce9ff13551d047953eec79d58266fdda07f249ce557255c73e7ef096
raw/archives/lorazepam.tar.gz,lorazepam/alpha1/2026091901/pose_01/report.txt,4374,65a46803e7e7efa2b2a87cb9c077115b8b90e834f4b04b8d419cb016a1da5828
raw/archives/lorazepam.tar.gz,lorazepam/alpha1/2026091901/pose_01/report.xml,9520,edd76ad849dbc2acb780635895a1201ffdb884753cfb07acbfeab2a6535ec88c
raw/archives/lorazepam.tar.gz,lorazepam/alpha1/2026091901/pose_02/ligand.sdf,2718,9d943412d7675aa1725563c9456541edf38a8a97145848608f84791f2c3a7665
raw/archives/lorazepam.tar.gz,lorazepam/alpha1/2026091901/pose_02/pose_status.json,570,c913cf4fbb022515399af979a79814d4d894156bd02ebf63efb0dc0c784fb513
raw/archives/lorazepam.tar.gz,lorazepam/alpha1/2026091901/pose_02/report.txt,3623,fca598a91e715c27442a7668952112245348c3f952207ba006d72aa46292ccff
raw/archives/lorazepam.tar.gz,lorazepam/alpha1/2026091901/pose_02/report.xml,8723,8a3edee019cb85600849624f61024e0667f4609b75db40a8fd2df67384e8583f
raw/archives/lorazepam.tar.gz,lorazepam/alpha1/2026091901/pose_03/ligand.sdf,2718,5927df705e36f714a2f51701bafdb8699362e16fb1bfbad974c69ef0618445ce
raw/archives/lorazepam.tar.gz,lorazepam/alpha1/2026091901/pose_03/pose_status.json,570,65e5d96d36c1900585f4c8179af26545c6e8696812efa6a27b0e89e7c12e24f8
raw/archives/lorazepam.tar.gz,lorazepam/alpha1/2026091901/pose_03/report.txt,5974,e4f99ceda3a0ce4ac1236f54d77bcd561aa7a5311ada82038ff57a682eafafc4
raw/archives/lorazepam.tar.gz,lorazepam/alpha1/2026091901/pose_03/report.xml,13006,bb38a1e4a4ca958430789f9c0f4044f118100d7fb397884045fccb8f22f8851b
raw/archives/lorazepam.tar.gz,lorazepam/alpha1/2026091901/pose_04/ligand.sdf,2718,876fd1a1f9bbe17673e32987b65d44182059cb3067de9b77f2c03383e463c2b3
raw/archives/lorazepam.tar.gz,lorazepam/alpha1/2026091901/pose_04/pose_status.json,570,b1ace4c4c56d18238b1c7b6031523f09ab6156659dc539b57245ae94604953a8
raw/archives/lorazepam.tar.gz,lorazepam/alpha1/2026091901/pose_04/report.txt,5762,776ce20efa54d67ed3a7386ebbf6b78f860651ea7f8b8e13391c716cae0ba7fd
raw/archives/lorazepam.tar.gz,lorazepam/alpha1/2026091901/pose_04/report.xml,11685,e4e37efe6fde9f5f3077a47b73e421c1d5b6f9fb7dc994351edb4e638127cf86
raw/archives/lorazepam.tar.gz,lorazepam/alpha1/2026091901/pose_05/ligand.sdf,2718,e460c026ebc21791c82552774daa49f5a378a460f7ffc57eb367b8c351c3fb7a
raw/archives/lorazepam.tar.gz,lorazepam/alpha1/2026091901/pose_05/pose_status.json,570,2fc10c434a301ff6031d1ca3a898c5c73d75eeb9313e7ceb90c072b962eb4829
raw/archives/lorazepam.tar.gz,lorazepam/alpha1/2026091901/pose_05/report.txt,4433,82589c2425b76757de62baec8da89311efb653c71e378365745946a13ffefbb5
raw/archives/lorazepam.tar.gz,lorazepam/alpha1/2026091901/pose_05/report.xml,10307,181606919ea54bde54b013a70122f7d84cc28c35602fa20525e3af8e48741664
raw/archives/lorazepam.tar.gz,lorazepam/alpha1/2026091901/pose_06/ligand.sdf,2718,8796934079c85cbe80fce6629bbeee873a75fb814dcbd5223489188e2ff98f72
raw/archives/lorazepam.tar.gz,lorazepam/alpha1/2026091901/pose_06/pose_status.json,570,17cd7cabfba84d6ef2a9318fd66b2fa5ce967c183e3b1f31aef13f5baa58b851
raw/archives/lorazepam.tar.gz,lorazepam/alpha1/2026091901/pose_06/report.txt,2929,1f29f926ec39183dfdae3e90c95d7aa28bd1b8509b7f0b1c7a6de8d742cffe0f
raw/archives/lorazepam.tar.gz,lorazepam/alpha1/2026091901/pose_06/report.xml,7553,2ae74fb2dba1d9b2bdd2578c34c489cdb1e7f1240e2b1b9a4ab85f1980301889
raw/archives/lorazepam.tar.gz,lorazepam/alpha1/2026091901/pose_07/ligand.sdf,2718,935d5a1ad50c367839b079e2cec752f81df8a6d360513803f2cb113132986d98
raw/archives/lorazepam.tar.gz,lorazepam/alpha1/2026091901/pose_07/pose_status.json,570,6d0d1d302e5ff9e47379eb2aa6ffe0072f0851e07480dadab04858726ac9ea38
raw/archives/lorazepam.tar.gz,lorazepam/alpha1/2026091901/pose_07/report.txt,4808,714c48aff9687f9d0c16e9d391e5ed885973f0dbe6903964d0ce535637ac4ea3
raw/archives/lorazepam.tar.gz,lorazepam/alpha1/2026091901/pose_07/report.xml,9976,02b91d1c188d692fc9b56ac49906279f4f880370a010eca15ed2ec0245b44f07
raw/archives/lorazepam.tar.gz,lorazepam/alpha1/2026091901/pose_08/ligand.sdf,2718,1ad0ff0a50bf12c05ff89cc69e53a3f494f8735d2fa6b4cae8093b6c1d89b6c9
raw/archives/lorazepam.tar.gz,lorazepam/alpha1/2026091901/pose_08/pose_status.json,570,1bfa17e6819b61b4ecba9d0d7c2e41ef01f99c5b0c68f78897f1779d51bfb624
raw/archives/lorazepam.tar.gz,lorazepam/alpha1/2026091901/pose_08/report.txt,5977,8e215fdd12b589d60ef2750faab38c100b5e66eb32517a3304226482337e79cc
raw/archives/lorazepam.tar.gz,lorazepam/alpha1/2026091901/pose_08/report.xml,11586,3bf99c76ff552cb6f2d42dd505d615ea1cc07d6613ef0128c53b536dfbe4f2c0
raw/archives/lorazepam.tar.gz,lorazepam/alpha1/2026091901/pose_09/ligand.sdf,2718,56df056f90e495d157744ba59a9f228e6c4d85272a757522197e5eafc9de5a7f
raw/archives/lorazepam.tar.gz,lorazepam/alpha1/2026091901/pose_09/pose_status.json,570,6a04e277fde8162cfc58bbfc9fc642ba318d050579934b1267c84114496d465c
raw/archives/lorazepam.tar.gz,lorazepam/alpha1/2026091901/pose_09/report.txt,4475,0310ad8e2fdb0e05206c3d442a76e0b859151b181a7e7cb448b38d2d21982eae
raw/archives/lorazepam.tar.gz,lorazepam/alpha1/2026091901/pose_09/report.xml,9161,84dae268155ece79b22beeaa6e811f30978de6872594881673f5fc00197d9bee
raw/archives/lorazepam.tar.gz,lorazepam/alpha1/2026091901/pose_manifest.json,5412,800177fbab3553ba278496596495f1b6597f4938ebb05a97bc1807e159cc1338
raw/archives/lorazepam.tar.gz,lorazepam/alpha1/2026091901/poses.pdbqt,21321,2acdc0d985af7830cbdb3054e526645f0a70f45e96327e1687b8fbc2f133ef10
raw/archives/lorazepam.tar.gz,lorazepam/alpha1/2026091901/vina.log,2385,5c2960207c626ecb816ca48380930895b174e31355522490889ae3a3deb7a406
raw/archives/lorazepam.tar.gz,lorazepam/alpha1/2026091902/docking.json,1530,5d6396386c80d38a89402a40a921712e62975bf119e7e6518f2265fe1d23c52f
raw/archives/lorazepam.tar.gz,lorazepam/alpha1/2026091902/interactions.json,40278,811d3b2d162ba55f2e2bf16deb8365ebe382c3b0634ef9a3c80c9fb00e4448ea
raw/archives/lorazepam.tar.gz,lorazepam/alpha1/2026091902/plip.log,1881,274ea09e8ae674ed4d826da6c93606c91912ec0ffde2000140a20584b92e6486
raw/archives/lorazepam.tar.gz,lorazepam/alpha1/2026091902/plip_done.json,29,bef149d6b4bcd0e8393fac45503362a862d45eadcceff434b3d9640f4b008ec4
raw/archives/lorazepam.tar.gz,lorazepam/alpha1/2026091902/pose_01/ligand.sdf,2718,1f75551207d56c8147b1d8d748dd5f611225455c029ed960ae5af1d1226337b4
raw/archives/lorazepam.tar.gz,lorazepam/alpha1/2026091902/pose_01/pose_status.json,570,3bceb3a46877a275c7be03eab8336652a5c894cb3e82034bb272a0cc6a07d8f3
raw/archives/lorazepam.tar.gz,lorazepam/alpha1/2026091902/pose_01/report.txt,4374,b15f5647474b31d61fb88d86f856ffb03349c2ebd9aa3274d243b9a80993891a
raw/archives/lorazepam.tar.gz,lorazepam/alpha1/2026091902/pose_01/report.xml,9520,aca333b594f76197d2ac794645822b58c56e51bd9c6f5a247ca4ad617162a2b3
raw/archives/lorazepam.tar.gz,lorazepam/alpha1/2026091902/pose_02/ligand.sdf,2718,fbb89c6d4d2cf5f2ef48dbe8ca467392924a779d2b05b57f642754bbd9a1e7f1
raw/archives/lorazepam.tar.gz,lorazepam/alpha1/2026091902/pose_02/pose_status.json,570,c3e376643ce15b3d16469abc117712d1cf5c67697227340f15c337356a5836cc
raw/archives/lorazepam.tar.gz,lorazepam/alpha1/2026091902/pose_02/report.txt,2743,4af58f1f954b18e5a63b26520e706a38845ca632372816c3740e521ff64b03fc
raw/archives/lorazepam.tar.gz,lorazepam/alpha1/2026091902/pose_02/report.xml,8327,2de47bb8f32c15a063df669cd7591431b5c7a31cec6cbb81163f20f32faeb4d8
raw/archives/lorazepam.tar.gz,lorazepam/alpha1/2026091902/pose_03/ligand.sdf,2718,58e86d16a6155862057a3de927251a2c161f2bd9601c3c1c65e3d0bbc6ea8032
raw/archives/lorazepam.tar.gz,lorazepam/alpha1/2026091902/pose_03/pose_status.json,570,8ecc78ece14a9aa0c9dcb53d60a8ab59a68c17cb6b7fa7cb88ca3d8cb5668de6
raw/archives/lorazepam.tar.gz,lorazepam/alpha1/2026091902/pose_03/report.txt,4808,b49df6c42855c80b7dd04432c980da54316f2fc52ce8ee31a33edaa6c3cfafa9
raw/archives/lorazepam.tar.gz,lorazepam/alpha1/2026091902/pose_03/report.xml,9725,3bbc804272812bcd78fde41bbdbdda88478878a0b8a439eff59ef2fcfb181f7c
raw/archives/lorazepam.tar.gz,lorazepam/alpha1/2026091902/pose_04/ligand.sdf,2718,c62fa4af0b85856a2354ef25f0262b90028101cb0c97bae7c08e2b2c294bd4da
raw/archives/lorazepam.tar.gz,lorazepam/alpha1/2026091902/pose_04/pose_status.json,570,bd028f9ad3cca67cf83492eb4e4cad23159586ad841b508bd00b81ac8333b1eb
raw/archives/lorazepam.tar.gz,lorazepam/alpha1/2026091902/pose_04/report.txt,4100,2c989e96a0b13363c0fdd41861d1786efc67f2decf63f911657ccf7b4bf176a9
raw/archives/lorazepam.tar.gz,lorazepam/alpha1/2026091902/pose_04/report.xml,9660,27f7b8e604872e920db4ebf850ac57712d99963ab6aa76386ea35f3ec02a4cd3
raw/archives/lorazepam.tar.gz,lorazepam/alpha1/2026091902/pose_05/ligand.sdf,2718,c8e8e465e46a5a939a92c4eaa475663b568a630d42d01c45b1c675bb3d5bafa4
raw/archives/lorazepam.tar.gz,lorazepam/alpha1/2026091902/pose_05/pose_status.json,570,ee70c39b6a6f79913ab2f910e186fd8a0bafab3f7dbef11035a3ae32c5d49c36
raw/archives/lorazepam.tar.gz,lorazepam/alpha1/2026091902/pose_05/report.txt,6095,b97ff729cc7d424d9a3b695405ac69501926e457691e6bff87dbd6ba112a3831
raw/archives/lorazepam.tar.gz,lorazepam/alpha1/2026091902/pose_05/report.xml,12333,2d9c72ea40c71473704e301ad3025cfd3b5bc264fdce707bcca25e9eda3312ad
raw/archives/lorazepam.tar.gz,lorazepam/alpha1/2026091902/pose_06/ligand.sdf,2718,2c6f626f5746828a8f573135f11cfc974fcdfc35d0e1d09c07fcf7d6cd02a97f
raw/archives/lorazepam.tar.gz,lorazepam/alpha1/2026091902/pose_06/pose_status.json,570,0dbb2e164830a3c0993f9172ff1c1646f737b7a9d4944ed2f6e0d66cf6e27946
raw/archives/lorazepam.tar.gz,lorazepam/alpha1/2026091902/pose_06/report.txt,3262,13393f3281a199241d2d67af3f39cc69690c25d50dd08eb8edbe4ae9e9e1224a
raw/archives/lorazepam.tar.gz,lorazepam/alpha1/2026091902/pose_06/report.xml,8202,afab53136e9e81259f961d1f77b1e5880b7b8ca410b37155cfb8c941b623ba30
raw/archives/lorazepam.tar.gz,lorazepam/alpha1/2026091902/pose_07/ligand.sdf,2718,07a694a775b620fb70b41b7f9c28fa8733baae35cca50181428495bb36baeac3
raw/archives/lorazepam.tar.gz,lorazepam/alpha1/2026091902/pose_07/pose_status.json,570,b0c85ce35a804ee6d5e5e18de2b9752bed451e2109e4f0293567a1cbb841bcec
raw/archives/lorazepam.tar.gz,lorazepam/alpha1/2026091902/pose_07/report.txt,3623,cf5e016ca06fd33193ca174b9db4eb78352c1349bd3fa0eef92d5bef45131df6
raw/archives/lorazepam.tar.gz,lorazepam/alpha1/2026091902/pose_07/report.xml,8638,85e6ce5bde41cc3273859e47d014fa023a7fd7a42280a415a4712369cca43581
raw/archives/lorazepam.tar.gz,lorazepam/alpha1/2026091902/pose_08/ligand.sdf,2718,413e351676ee2f11e426c1b84299649508b6b31150bc537a377c4c355d3f3dc1
raw/archives/lorazepam.tar.gz,lorazepam/alpha1/2026091902/pose_08/pose_status.json,570,65749102733bb4e59eceafbe42a6cbca74aeee18346ef46ff4d45c95e297e338
raw/archives/lorazepam.tar.gz,lorazepam/alpha1/2026091902/pose_08/report.txt,3911,976f07a884b6363097e9d2869816eec7f8b7263c38cd3f8f4146ccf3bb1b570e
raw/archives/lorazepam.tar.gz,lorazepam/alpha1/2026091902/pose_08/report.xml,8638,c67d0890000b77feeb4b80be047358b597a0ed4406bfab495ca6f9a1d6fccabf
raw/archives/lorazepam.tar.gz,lorazepam/alpha1/2026091902/pose_09/ligand.sdf,2718,108f9bee71d68313acc0903e9f7b2ebf9561ca0005dccb9c0e8b0d1b8262fa18
raw/archives/lorazepam.tar.gz,lorazepam/alpha1/2026091902/pose_09/pose_status.json,570,732b408a793a9c2bb0e469c6a41a222712c45c6ac9317f285b003fb215fe2af4
raw/archives/lorazepam.tar.gz,lorazepam/alpha1/2026091902/pose_09/report.txt,4244,93311f00df05a8f10392d51ff5538debbcb2346d2d74990e0bc418d590ca7cde
raw/archives/lorazepam.tar.gz,lorazepam/alpha1/2026091902/pose_09/report.xml,9623,9a89be8d0ad9faac2b2f3a9009d8143800b270d46bbda5d7260898afe913da0c
raw/archives/lorazepam.tar.gz,lorazepam/alpha1/2026091902/pose_manifest.json,5412,5140d8a80e10c7efe3f15f38ba62b395cae20ef4eb717a4cfb1c7058fae4be1d
raw/archives/lorazepam.tar.gz,lorazepam/alpha1/2026091902/poses.pdbqt,21321,910eea1102a3d120cc80bca028a409434ae0ee5987cda0e8aeac10fb72ddf24f
raw/archives/lorazepam.tar.gz,lorazepam/alpha1/2026091902/vina.log,2385,8f77d9144d0f82974c710f84ee4f75626bcff662724ca8ab5bf5b27b42a4106e
raw/archives/lorazepam.tar.gz,lorazepam/alpha1/2026091903/docking.json,1530,309d3b9583db9aaa839bf015d18c68d85d711b4b01177d1882beca94f3556d24
raw/archives/lorazepam.tar.gz,lorazepam/alpha1/2026091903/interactions.json,35570,2b9aec2ccb6a8f97eeea2f812baf4b9de903433bec08516e3f9e5788ef523c29
raw/archives/lorazepam.tar.gz,lorazepam/alpha1/2026091903/plip.log,1881,c25ab7da022cf26bdc76ede9406bfa0e9114a9e8052dea82d417e57895158cc9
raw/archives/lorazepam.tar.gz,lorazepam/alpha1/2026091903/plip_done.json,29,bef149d6b4bcd0e8393fac45503362a862d45eadcceff434b3d9640f4b008ec4
raw/archives/lorazepam.tar.gz,lorazepam/alpha1/2026091903/pose_01/ligand.sdf,2718,b377712af133e6586e5d6233265779fef0443701f04df3f028794afa680499d2
raw/archives/lorazepam.tar.gz,lorazepam/alpha1/2026091903/pose_01/pose_status.json,570,73384aa099438a0e5f1a2b359ab2a1356477d661ded561f6efc08cd78a6a536b
raw/archives/lorazepam.tar.gz,lorazepam/alpha1/2026091903/pose_01/report.txt,5587,84ec69af9ac5a77023f1fe73f394d763bafabeaa8196e1ffce4f537b95591c49
raw/archives/lorazepam.tar.gz,lorazepam/alpha1/2026091903/pose_01/report.xml,10398,654f26f42812ad5d113a3188bc36ead205758dcc49724d97cdae5bc9ad3d26ba
raw/archives/lorazepam.tar.gz,lorazepam/alpha1/2026091903/pose_02/ligand.sdf,2718,d44ce1b5d9c9d253b5894f9df0acf3aacb99860b741f2d595a544d066677a9f3
raw/archives/lorazepam.tar.gz,lorazepam/alpha1/2026091903/pose_02/pose_status.json,570,df70632a07f7826284788dff4124fb78676941c2dfcedae3ffd1169dad085b41
raw/archives/lorazepam.tar.gz,lorazepam/alpha1/2026091903/pose_02/report.txt,3290,6e1af87a076cc3f351e77bdb704351fd5735f56020c38c9fb43345ca73166ff4
raw/archives/lorazepam.tar.gz,lorazepam/alpha1/2026091903/pose_02/report.xml,7991,a1715d577783f09e79d0bbd0ff7eed3d1bee2915bddb27d155df0ad028527a8c
raw/archives/lorazepam.tar.gz,lorazepam/alpha1/2026091903/pose_03/ligand.sdf,2718,baf07a57df9ad7d4fc1d77d208f47536d53a63cd7bc549cdc99a1257aef233b5
raw/archives/lorazepam.tar.gz,lorazepam/alpha1/2026091903/pose_03/pose_status.json,570,03a239d8d722a91d20fcc5d56d96c0d60af27d1d9e63fa8063882c8900194088
raw/archives/lorazepam.tar.gz,lorazepam/alpha1/2026091903/pose_03/report.txt,4433,b9fae5f69307700c275bedeee85217604e699213619734783af32c2a74c95347
raw/archives/lorazepam.tar.gz,lorazepam/alpha1/2026091903/pose_03/report.xml,10307,5e0fcca71210c79580d9ca60b88b06e183873efec3c4f5a6c00009e6dca21d5e
raw/archives/lorazepam.tar.gz,lorazepam/alpha1/2026091903/pose_04/ligand.sdf,2718,e37fa7e41408a36698647751bda6a11d20463d7e107e475a445c7fb23471ea1f
raw/archives/lorazepam.tar.gz,lorazepam/alpha1/2026091903/pose_04/pose_status.json,570,e9fe31a1413af000da97dab317cd61955c270899a14ac431af05c12fa83144ca
raw/archives/lorazepam.tar.gz,lorazepam/alpha1/2026091903/pose_04/report.txt,3262,c375dc47e3bddb609a3181d2e4dbc3ce5f3101d90b9528f30afa13b541226d15
raw/archives/lorazepam.tar.gz,lorazepam/alpha1/2026091903/pose_04/report.xml,8202,fc12e7d237c82d885a328cc6e7ae8da929e832819c711480a26f9d6a1c6b015b
raw/archives/lorazepam.tar.gz,lorazepam/alpha1/2026091903/pose_05/ligand.sdf,2718,f4199d16a5766fe294a7c8e98dd4c97a13435511acfe0d88cca821935fc7f223
raw/archives/lorazepam.tar.gz,lorazepam/alpha1/2026091903/pose_05/pose_status.json,570,0c2ebfb42fb03c472aa7f221e9f920b9bcca700f9bc2747566d150b2c882a379
raw/archives/lorazepam.tar.gz,lorazepam/alpha1/2026091903/pose_05/report.txt,2927,d6b8d1b1253c961cc214f789c767a5b5f70edb108f78edb265f69b6808497732
raw/archives/lorazepam.tar.gz,lorazepam/alpha1/2026091903/pose_05/report.xml,7832,7685e609031cdaaf4d11469856ac749f58a2ca95e6b78a31f31c1195e88dd1b1
raw/archives/lorazepam.tar.gz,lorazepam/alpha1/2026091903/pose_06/ligand.sdf,2718,b30eb6f5dc1b453069b64bab6246f3b89df10265f4762a587fb08a17dff4fecd
raw/archives/lorazepam.tar.gz,lorazepam/alpha1/2026091903/pose_06/pose_status.json,570,2648eef90c8376617a8ab3d46c6acb65026d776708c2779dd39ab13e1632975e
raw/archives/lorazepam.tar.gz,lorazepam/alpha1/2026091903/pose_06/report.txt,3767,ab31c561f6ce6281647e8ec0189484f089eb1a687f515098811f86e9df14cc14
raw/archives/lorazepam.tar.gz,lorazepam/alpha1/2026091903/pose_06/report.xml,8846,fb2c17c47ea6cbf3062a5ba4f96ced174be89c8776a29772532c650e4b560301
raw/archives/lorazepam.tar.gz,lorazepam/alpha1/2026091903/pose_07/ligand.sdf,2718,6ed4d86f2b0ccbffa3291dcac498361efca0fdee1770ca0bbbbc496552953327
raw/archives/lorazepam.tar.gz,lorazepam/alpha1/2026091903/pose_07/pose_status.json,570,9d7e544d3829d6a6a8b539084bae0117ff1203868295651bad4e6eb4a25570a8
raw/archives/lorazepam.tar.gz,lorazepam/alpha1/2026091903/pose_07/report.txt,5618,81dbd97d0c3a35c1bf87476ded7f58a8803f6d1ac3de4f785859c5e91118631a
raw/archives/lorazepam.tar.gz,lorazepam/alpha1/2026091903/pose_07/report.xml,11561,7b4654ae4f09e831e0f06b200bd3ab00363bc8be410d5f84d7247359acb89620
raw/archives/lorazepam.tar.gz,lorazepam/alpha1/2026091903/pose_08/ligand.sdf,2718,a995853ddf2343d6a943713260b5f52b3ff884ad0d0692b042d6aacba2a0ba9f
raw/archives/lorazepam.tar.gz,lorazepam/alpha1/2026091903/pose_08/pose_status.json,570,9fd235279ab0c39083034429ab7d9171382e75f020c1e014a9a1a503ede907ef
raw/archives/lorazepam.tar.gz,lorazepam/alpha1/2026091903/pose_08/report.txt,3434,b1d2cbde08239faf5b7ab0cce7c0c1d143275e0156aacb325b1f084060c6599b
raw/archives/lorazepam.tar.gz,lorazepam/alpha1/2026091903/pose_08/report.xml,7782,e1b8f04b1df4e810f495900237d86d04854cab04d866bc0e4ee8f1e759ac4d83
raw/archives/lorazepam.tar.gz,lorazepam/alpha1/2026091903/pose_09/ligand.sdf,2718,4101785cd8372eb900001796cee8e332450f1b49a017604b187f82e8c1e9dc07
raw/archives/lorazepam.tar.gz,lorazepam/alpha1/2026091903/pose_09/pose_status.json,570,49f35656c70e541719c071c6e534681c030fae937b7e6f7545588b8e0ba3795a
raw/archives/lorazepam.tar.gz,lorazepam/alpha1/2026091903/pose_09/report.txt,4106,83390e712c5f332c9e19970441f56924bb580b9483277758657127776ea9b792
raw/archives/lorazepam.tar.gz,lorazepam/alpha1/2026091903/pose_09/report.xml,7928,1b8d43463742b3153b6714bb1fa2f06e6528f11588483f8450a9b01bbbbc5547
raw/archives/lorazepam.tar.gz,lorazepam/alpha1/2026091903/pose_manifest.json,5412,7d4f0153b6ac77b4425e704c8d473aadb8bf4589a78a3b41b9347f490436293a
raw/archives/lorazepam.tar.gz,lorazepam/alpha1/2026091903/poses.pdbqt,21321,2a6dd1d5c3d8ad404c719139a4d192d2127883e299bad375098b63c4a56aa442
raw/archives/lorazepam.tar.gz,lorazepam/alpha1/2026091903/vina.log,2385,cd23f145a801a9ca59b9732e5129ad61875b80ee91cd88eb24aac377378b9734
raw/archives/lorazepam.tar.gz,lorazepam/alpha1/2026091904/docking.json,1530,b6f23ac9b6a310eeb20353db937abd99b294dc54d47c68ea82812b05c2ffcc1f
raw/archives/lorazepam.tar.gz,lorazepam/alpha1/2026091904/interactions.json,37314,fc396bf19a5cee397b6a8fef76be67dfe869f4b0ea2f2cb6b8b2d974c8d02140
raw/archives/lorazepam.tar.gz,lorazepam/alpha1/2026091904/plip.log,1881,7a94a82d6b0a866e4bcfa511fca44cc122387a31a4c3fa30d190fddb8eea29e6
raw/archives/lorazepam.tar.gz,lorazepam/alpha1/2026091904/plip_done.json,29,bef149d6b4bcd0e8393fac45503362a862d45eadcceff434b3d9640f4b008ec4
raw/archives/lorazepam.tar.gz,lorazepam/alpha1/2026091904/pose_01/ligand.sdf,2718,c3a35e42ee9d590298cd4ddfd857b3aa7a307e521f0c33af2546c1f9104adeb5
raw/archives/lorazepam.tar.gz,lorazepam/alpha1/2026091904/pose_01/pose_status.json,570,64ef00325c5307d81c29e05fc9fa1ad33718ccd3d2de7d389695e8356dc26eb7
raw/archives/lorazepam.tar.gz,lorazepam/alpha1/2026091904/pose_01/report.txt,4374,530879b1b28920da1c7382827898aba5daeeb59a3539a0a15f51f333831c308a
raw/archives/lorazepam.tar.gz,lorazepam/alpha1/2026091904/pose_01/report.xml,9520,41daf4736faad6f2843204b034a43424d6f308f2178658acb88d7da3bba5074b
raw/archives/lorazepam.tar.gz,lorazepam/alpha1/2026091904/pose_02/ligand.sdf,2718,e92d48d634b140b48175e1645ba69a5f89d910a763514faeeda4b66ce21f23cf
raw/archives/lorazepam.tar.gz,lorazepam/alpha1/2026091904/pose_02/pose_status.json,570,1a32d0cf188e47c506b4e8be111d040ac29982e9eb4eb529258682192b50d729
raw/archives/lorazepam.tar.gz,lorazepam/alpha1/2026091904/pose_02/report.txt,3623,01f9cb7cb703851811f67495e3a32f9e5783aac9bd4b18e5d8aed3e8fbd9bd17
raw/archives/lorazepam.tar.gz,lorazepam/alpha1/2026091904/pose_02/report.xml,8639,2bceb3faa1c9061c8d86c5977ec83d73f011f09e8c8112e9ba1a2366783c218f
raw/archives/lorazepam.tar.gz,lorazepam/alpha1/2026091904/pose_03/ligand.sdf,2718,1e215202fd6e5a97b9e6ced05d4bbceda2421c166f269782a161aa855acdfec3
raw/archives/lorazepam.tar.gz,lorazepam/alpha1/2026091904/pose_03/pose_status.json,570,8ba50631375b82457c82bd4edeaf61a6d6b20d07288b7bbf8e37d6445fd6a1cd
raw/archives/lorazepam.tar.gz,lorazepam/alpha1/2026091904/pose_03/report.txt,4100,dc10041731d392ba48d1a8900243f0ff6ddeb5336120a3df914bf208610c3dcd
raw/archives/lorazepam.tar.gz,lorazepam/alpha1/2026091904/pose_03/report.xml,9660,8951c8361b7ec082a512bc3d97d0f6275ab75ba73f1a20decae33c332b46de05
raw/archives/lorazepam.tar.gz,lorazepam/alpha1/2026091904/pose_04/ligand.sdf,2718,5463f90eff27dd144e95691cad3b6406584db70eee1c843d470d0a7f7c281655
raw/archives/lorazepam.tar.gz,lorazepam/alpha1/2026091904/pose_04/pose_status.json,570,4fdec8abe4fb8d3afcf3862d0722ac268dfa62836929b498c27d8961b9d8f0ca
raw/archives/lorazepam.tar.gz,lorazepam/alpha1/2026091904/pose_04/report.txt,5285,3b3f66d15cfbda29d021fa46fd5f3babb5c7c8994404e780b3c62b3a19e768b9
raw/archives/lorazepam.tar.gz,lorazepam/alpha1/2026091904/pose_04/report.xml,10579,0e9af6cafe8785b8e50080bc9bd70685e02bae714638e6f666157f460664c229
raw/archives/lorazepam.tar.gz,lorazepam/alpha1/2026091904/pose_05/ligand.sdf,2718,b8dcc308225e03d9ac8e5c2ccf869508d1922287e19f02f1f2903b286f63e099
raw/archives/lorazepam.tar.gz,lorazepam/alpha1/2026091904/pose_05/pose_status.json,570,3098418415302c171268e34e1da2c189bb5df6d49dbc930e21cf99fd37cab0e8
raw/archives/lorazepam.tar.gz,lorazepam/alpha1/2026091904/pose_05/report.txt,3262,4f5e3f61227e63bff1a412bc337c0ce158f74df9fa8d9930253a1a4f000aecb4
raw/archives/lorazepam.tar.gz,lorazepam/alpha1/2026091904/pose_05/report.xml,8202,bf4a7955194f2286dc6a25d2800ebf6d759d9f961946de430ba47ce080fa263d
raw/archives/lorazepam.tar.gz,lorazepam/alpha1/2026091904/pose_06/ligand.sdf,2718,4f27f5488da15f5850d4ee2d81442a2a2db584489cb187b8a88c5e72b9813d6a
raw/archives/lorazepam.tar.gz,lorazepam/alpha1/2026091904/pose_06/pose_status.json,570,1ef70e2d7edd007450c150d3b6ec01e6bf7e4d888c7b03f5f95c9be28e2e7fa1
raw/archives/lorazepam.tar.gz,lorazepam/alpha1/2026091904/pose_06/report.txt,3260,9c03b8174ec3209b496c2e0f472461f8043d8e66db354f688659016a8e0b69cf
raw/archives/lorazepam.tar.gz,lorazepam/alpha1/2026091904/pose_06/report.xml,8480,441729dec934f2fecb8d076f9e11be1f370d22992465cee9c7115326986f1de1
raw/archives/lorazepam.tar.gz,lorazepam/alpha1/2026091904/pose_07/ligand.sdf,2718,852d929c3fbaf4850fc0162bb7f5a248a795f589f3c0da3a97eb6923fde1267d
raw/archives/lorazepam.tar.gz,lorazepam/alpha1/2026091904/pose_07/pose_status.json,570,66d4a452c4e05bed11aed32a36a892e27576d41a9432ade70c15b8333b9dfa85
raw/archives/lorazepam.tar.gz,lorazepam/alpha1/2026091904/pose_07/report.txt,4475,0c812b833374b7b392e9fc39a5c79e0992dfbfffa4b5a4f9db8bdbc3e767e118
raw/archives/lorazepam.tar.gz,lorazepam/alpha1/2026091904/pose_07/report.xml,9161,9c18efce73344b4c9cb4442dd625582fcc170ba91e52d888d9cca9a0154258ab
raw/archives/lorazepam.tar.gz,lorazepam/alpha1/2026091904/pose_08/ligand.sdf,2718,535ca37993e52ee31f9ba39e315eb3a9d2687f97b02bc33b8664e2d6896c97e8
raw/archives/lorazepam.tar.gz,lorazepam/alpha1/2026091904/pose_08/pose_status.json,570,36e10bfc6ec57b8e86564142bdd00f596381ee4b0be35c69e1a3c4d705fbc825
raw/archives/lorazepam.tar.gz,lorazepam/alpha1/2026091904/pose_08/report.txt,3742,f085630f5ad7ba371a3b5830079078baf8c6dd1265c4288eb921c857f07cc7b1
raw/archives/lorazepam.tar.gz,lorazepam/alpha1/2026091904/pose_08/report.xml,10684,045e0a03efe9d78b8e09687e077ae9d647c374998240a465d19e60eb20640869
raw/archives/lorazepam.tar.gz,lorazepam/alpha1/2026091904/pose_09/ligand.sdf,2718,fd3e5e3342e2c658955decc9e08a3517190c6f8bc801e77c1733549177fc0e95
raw/archives/lorazepam.tar.gz,lorazepam/alpha1/2026091904/pose_09/pose_status.json,570,36bc964afc6ead83bd0f5de4d3ad5afbbd56ab41d60569f87838cac7bbd61a7a
raw/archives/lorazepam.tar.gz,lorazepam/alpha1/2026091904/pose_09/report.txt,3434,f1ee11210e09bfcdcb1ff0ad6684c04b53cf8a3e6997d00e33df8ad6471773b0
raw/archives/lorazepam.tar.gz,lorazepam/alpha1/2026091904/pose_09/report.xml,7782,e770ecb37b38b6016f00aaa77d676225ea9d08f423c6ae83508f3f4ec57b0649
raw/archives/lorazepam.tar.gz,lorazepam/alpha1/2026091904/pose_manifest.json,5412,fab6efcf01c39837ea9fdd7b753a65366383cbb9521d2292e45d48662ee26f39
raw/archives/lorazepam.tar.gz,lorazepam/alpha1/2026091904/poses.pdbqt,21321,a80ef8990cf9533c3b71001dfedd482388f90da7b18d85520927a79972b5040a
raw/archives/lorazepam.tar.gz,lorazepam/alpha1/2026091904/vina.log,2385,25b97110e99707253466429ff906c1a535b3e2472ac0f3a20d22ce72195035ad
raw/archives/lorazepam.tar.gz,lorazepam/alpha1/2026091905/docking.json,1530,fa82228c5918d1da52f08adeda9ce19291059808c60a0b0273b8293626056a1b
raw/archives/lorazepam.tar.gz,lorazepam/alpha1/2026091905/interactions.json,40627,45de8b23161b59f5d5fea7140a04500bf86c6b0eb14a24ab634f1ebae54efdea
raw/archives/lorazepam.tar.gz,lorazepam/alpha1/2026091905/plip.log,1881,cb3a3d0d3f78ab227ef430abedc6c256b95ac36044ccfe2dd184c409fe146352
raw/archives/lorazepam.tar.gz,lorazepam/alpha1/2026091905/plip_done.json,29,bef149d6b4bcd0e8393fac45503362a862d45eadcceff434b3d9640f4b008ec4
raw/archives/lorazepam.tar.gz,lorazepam/alpha1/2026091905/pose_01/ligand.sdf,2718,5f7b3e763812ea5f6ca2582c6a59779b20269dd46f001b402809b8d5c5ddd592
raw/archives/lorazepam.tar.gz,lorazepam/alpha1/2026091905/pose_01/pose_status.json,570,a61d38495181c8b37d4abd416f448d560d8aee254f7e57ed921d64aafa847f84
raw/archives/lorazepam.tar.gz,lorazepam/alpha1/2026091905/pose_01/report.txt,5587,5a84d186d760a94614b97ad5a2686f5f1f4962e25c0ce4574596d838dc8f0c95
raw/archives/lorazepam.tar.gz,lorazepam/alpha1/2026091905/pose_01/report.xml,10397,9e574833d4e3f9ba2c464e39c346fa79ce9e0fb6e279f407ce460a0964cbee67
raw/archives/lorazepam.tar.gz,lorazepam/alpha1/2026091905/pose_02/ligand.sdf,2718,c6c0e5dc3c63b47e0ef7c3cd2bb608d36f7ec338286bfbbbdc62aa3ad7b9bc83
raw/archives/lorazepam.tar.gz,lorazepam/alpha1/2026091905/pose_02/pose_status.json,570,0fc13396029fb4c16a803d17ea9f1c355f15f45e49b1b4d8b12392280e2cd035
raw/archives/lorazepam.tar.gz,lorazepam/alpha1/2026091905/pose_02/report.txt,3956,2c73784956ef6dd4ba31ce8a577c07f2bddf82e4e740204bc909637cfb5213bf
raw/archives/lorazepam.tar.gz,lorazepam/alpha1/2026091905/pose_02/report.xml,9204,373874c1998919eb677672344a48d9d62a221f2e68284b8a6f1a7b6f5b9d247a
raw/archives/lorazepam.tar.gz,lorazepam/alpha1/2026091905/pose_03/ligand.sdf,2718,a7ad917484b186f435b293310a3a1b603bb6f9db99193adad339abf849f524f0
raw/archives/lorazepam.tar.gz,lorazepam/alpha1/2026091905/pose_03/pose_status.json,570,5f774359922dac3b9d02b971469551602ec3523ecf83319f9df9ecc84485e829
raw/archives/lorazepam.tar.gz,lorazepam/alpha1/2026091905/pose_03/report.txt,6095,cd3269a3b66bfe345dd5119fff29c2658efd40a6289b550e8d9ccb03917b53a4
raw/archives/lorazepam.tar.gz,lorazepam/alpha1/2026091905/pose_03/report.xml,12333,ecb98641b88d86715adecbcf9531f20fb3940c4622ed2dfdad849b10fe4be281
raw/archives/lorazepam.tar.gz,lorazepam/alpha1/2026091905/pose_04/ligand.sdf,2718,fde713dbe311abf442f93e4f560e3d0297cb12778a8cd7b5fd5d1ad1cbd25302
raw/archives/lorazepam.tar.gz,lorazepam/alpha1/2026091905/pose_04/pose_status.json,570,7de03fa75c349076ee04271f868b0ca39ef669212f8c2e27e5419e14be2ca28c
raw/archives/lorazepam.tar.gz,lorazepam/alpha1/2026091905/pose_04/report.txt,3262,067f175738e654d9f3e7ad8eef26053dc47ff5fdc0516a58ee720a54b9adff40
raw/archives/lorazepam.tar.gz,lorazepam/alpha1/2026091905/pose_04/report.xml,8202,d2ce502d167873d68231f589b8c10d7f5edde82be5f2361baed6eb0ba6a83eda
raw/archives/lorazepam.tar.gz,lorazepam/alpha1/2026091905/pose_05/ligand.sdf,2718,56e37224afaf884cea828769ae0692fc173133189a336dca9e4d6680cf12c9ef
raw/archives/lorazepam.tar.gz,lorazepam/alpha1/2026091905/pose_05/pose_status.json,570,3cb4e71648efd7a4d6e79d8a021c90596e636700019c12e84bdc38287e6432c8
raw/archives/lorazepam.tar.gz,lorazepam/alpha1/2026091905/pose_05/report.txt,4475,cded572849f733f8c007f64d1bc3e4b377a6c80ff0037206c644cf55b31105f5
raw/archives/lorazepam.tar.gz,lorazepam/alpha1/2026091905/pose_05/report.xml,8910,166da51a1be60d7ad64b1efd34b65d5d7c3bbf7784bbef617121e04906814212
raw/archives/lorazepam.tar.gz,lorazepam/alpha1/2026091905/pose_06/ligand.sdf,2718,c8ffd6df845c0a6367541f4948c3e997e83af115f73d35c69038ef46b7704c02
raw/archives/lorazepam.tar.gz,lorazepam/alpha1/2026091905/pose_06/pose_status.json,570,3a94074fd0a91272d0beb922afe0499ad5028139aa316eaf7397cf1d348eb35d
raw/archives/lorazepam.tar.gz,lorazepam/alpha1/2026091905/pose_06/report.txt,4475,0170cf85b5223fcbae073e50b05cc845ab9bbc64603ec7960c67e2f6162bf299
raw/archives/lorazepam.tar.gz,lorazepam/alpha1/2026091905/pose_06/report.xml,9330,cbdb43f90517ef702057308d9b028f7dbcb8f4aff06ec574209c389ca4c9afbf
raw/archives/lorazepam.tar.gz,lorazepam/alpha1/2026091905/pose_07/ligand.sdf,2718,0bf8996d63bc043bcb6b205a8bb20f5557d84a3405e9a2ac92e31642853fd38b
raw/archives/lorazepam.tar.gz,lorazepam/alpha1/2026091905/pose_07/pose_status.json,570,70d07660b30f809ce9d230927f3d188a00bbc7fd1c6280b7b1a1c3f5d141e4b7
raw/archives/lorazepam.tar.gz,lorazepam/alpha1/2026091905/pose_07/report.txt,3434,cfaba6266fea10d91486697fa1446e2d70f7bf5f057d8c9ef74b178dd8b42dfc
raw/archives/lorazepam.tar.gz,lorazepam/alpha1/2026091905/pose_07/report.xml,7782,4af1f2db502ecdab2834a7c6917cb9c1229225aaf0b210af0f39bb743f61db80
raw/archives/lorazepam.tar.gz,lorazepam/alpha1/2026091905/pose_08/ligand.sdf,2718,bc8dc8c9f813aeefff3143d684324d9ed16b0050aca8aec5115a0f3ed6537478
raw/archives/lorazepam.tar.gz,lorazepam/alpha1/2026091905/pose_08/pose_status.json,570,12902b0780221abbefd157e9897e43e4793a54d77689883d72b7f50f175c29a8
raw/archives/lorazepam.tar.gz,lorazepam/alpha1/2026091905/pose_08/report.txt,5697,27d5f75a54a47c8da4c410cc85a58ea3ac167f1d5ffc845c3cc681c756f4c8f1
raw/archives/lorazepam.tar.gz,lorazepam/alpha1/2026091905/pose_08/report.xml,9826,3a77a124c04732642755c9ee316e4e5b7a23977cc097b43a136d4444d3bd980e
raw/archives/lorazepam.tar.gz,lorazepam/alpha1/2026091905/pose_09/ligand.sdf,2718,d67609583ff8f2a628a97a79ba52763d978df295e604f231e7d9da102100734e
raw/archives/lorazepam.tar.gz,lorazepam/alpha1/2026091905/pose_09/pose_status.json,570,b2d43e44d731268f6f534079ddab11469797fc9ac3334aacd78cc7fc9439c32c
raw/archives/lorazepam.tar.gz,lorazepam/alpha1/2026091905/pose_09/report.txt,4879,ff7d68e876fa15d5cc48f37f8b79d398bfea59469b703540d0367a8bbbcb02d3
raw/archives/lorazepam.tar.gz,lorazepam/alpha1/2026091905/pose_09/report.xml,9500,c9b36dd3aa537e33997430248e7fd3cc40ff9d9b456846b5875cd1fe6ae4c89f
raw/archives/lorazepam.tar.gz,lorazepam/alpha1/2026091905/pose_manifest.json,5412,be4bb2d7b36adc7003c0e82506dae34f58f2c3419a7c5402ada1abc7494a6b27
raw/archives/lorazepam.tar.gz,lorazepam/alpha1/2026091905/poses.pdbqt,21321,54baeb35a1ce331ec0cd12d464dd32a77be8350e7aa51ac95e3854c93d313780
raw/archives/lorazepam.tar.gz,lorazepam/alpha1/2026091905/vina.log,2385,9232742e3c6374534a6905622e8ee0efef46a1b3c68cb8787a8ff3a332074a4e
raw/archives/lorazepam.tar.gz,lorazepam/alpha2/2026091901/docking.json,1528,778d6be39d9228cd24645bfb41e50fcad972c243b65f59cdadeb1d232685a11f
raw/archives/lorazepam.tar.gz,lorazepam/alpha2/2026091901/interactions.json,29626,c27267bf36ec16a6a0a94079522a097d979e40021aa8350eee15b086fb8bface
raw/archives/lorazepam.tar.gz,lorazepam/alpha2/2026091901/plip.log,1881,245523361f924e02f6c6f945f7c6dce73a872457b03b8c2b521d002fa909f4e2
raw/archives/lorazepam.tar.gz,lorazepam/alpha2/2026091901/plip_done.json,29,bef149d6b4bcd0e8393fac45503362a862d45eadcceff434b3d9640f4b008ec4
raw/archives/lorazepam.tar.gz,lorazepam/alpha2/2026091901/pose_01/ligand.sdf,2718,bd48d92bf39166fee42eed3cfc992e8c621cd5e4a8155b9e7a0b5202f718a291
raw/archives/lorazepam.tar.gz,lorazepam/alpha2/2026091901/pose_01/pose_status.json,570,308ace51db98ea7f92632f39a1a07e0a8b4087faeb998b403816938d79df8b88
raw/archives/lorazepam.tar.gz,lorazepam/alpha2/2026091901/pose_01/report.txt,2933,fbdffcfd976101e49a87af5d44e32327c01948f6429143e0982ae256958e876b
raw/archives/lorazepam.tar.gz,lorazepam/alpha2/2026091901/pose_01/report.xml,7250,c13bc49dd0beaa3678a104101f1c84b4af130f8b0c000ee4e28e9b0687cbea9b
raw/archives/lorazepam.tar.gz,lorazepam/alpha2/2026091901/pose_02/ligand.sdf,2718,bb2b6e351a4d062f8e0321aa9b7d9d0ca56b0ae53d178af0641482cd1918bcf5
raw/archives/lorazepam.tar.gz,lorazepam/alpha2/2026091901/pose_02/pose_status.json,570,bd5ed3f0081095129e2ef31528808a4c456a361e83541411a5b95f4b545ec39e
raw/archives/lorazepam.tar.gz,lorazepam/alpha2/2026091901/pose_02/report.txt,4040,ef73b26d34a415c9ced01136763a8afd16d6c094b38f43f497821280c717698b
raw/archives/lorazepam.tar.gz,lorazepam/alpha2/2026091901/pose_02/report.xml,8073,7c9a7de9a322eebc002c40af99c6e702bdb765eec1c0fbc29ca0e94d2b78d694
raw/archives/lorazepam.tar.gz,lorazepam/alpha2/2026091901/pose_03/ligand.sdf,2718,59d2b90e6c601e4ee7844dea04700edf84ff255aae68b9e1538197616221e0d2
raw/archives/lorazepam.tar.gz,lorazepam/alpha2/2026091901/pose_03/pose_status.json,570,0b81f341817afd96c32a8afe8cd9dd9a842346a21366abe5bf2a59281e3959a4
raw/archives/lorazepam.tar.gz,lorazepam/alpha2/2026091901/pose_03/report.txt,4532,ee11037db3e1f6ffc1834236e789bf6a3a9667c38a36034a7264657a1c65e05b
raw/archives/lorazepam.tar.gz,lorazepam/alpha2/2026091901/pose_03/report.xml,9016,6e20786a95d4b126412fd10a1fb426d193fa47efb893a3a657783c625ae5b103
raw/archives/lorazepam.tar.gz,lorazepam/alpha2/2026091901/pose_04/ligand.sdf,2718,a42a6a2d185ba766b25b71b82b89e52e79123c8684808d665a8c15ea8696e034
raw/archives/lorazepam.tar.gz,lorazepam/alpha2/2026091901/pose_04/pose_status.json,570,4a1e5e74c3aa725eab8ba00d59470af8aa95839d94afd8309e6ece05176f101a
raw/archives/lorazepam.tar.gz,lorazepam/alpha2/2026091901/pose_04/report.txt,4846,26ffb82e36268ccbe989ade15ab2c92df954df8be1be09b1a17dd88a6838ee10
raw/archives/lorazepam.tar.gz,lorazepam/alpha2/2026091901/pose_04/report.xml,9572,5e4310f4ddb82adb71458aa8fd6f9c858f466a98907cd95f8d1c4c2fc7e744af
raw/archives/lorazepam.tar.gz,lorazepam/alpha2/2026091901/pose_05/ligand.sdf,2718,ea700997b93e70b7690ebc8a61bfd40e5d5663dbd690a94536e7c863bd860736
raw/archives/lorazepam.tar.gz,lorazepam/alpha2/2026091901/pose_05/pose_status.json,570,ae82a18aa9696923d24800d801b77da91109e218d8f7173a2abdc4ef943ac383
raw/archives/lorazepam.tar.gz,lorazepam/alpha2/2026091901/pose_05/report.txt,5181,accfe523921eb0473b9ac18cb0b4c42164180ce7ff060828bff48f7feaf55c58
raw/archives/lorazepam.tar.gz,lorazepam/alpha2/2026091901/pose_05/report.xml,9163,9a9d431d5a9cd4e9045417aa1bd317a5e3b6b825db4fc3b0524ff8b1b96f7453
raw/archives/lorazepam.tar.gz,lorazepam/alpha2/2026091901/pose_06/ligand.sdf,2718,acb1da32a79d3b5b78ca9890714be8e458725a6f6d1445bf959aa53390c0357d
raw/archives/lorazepam.tar.gz,lorazepam/alpha2/2026091901/pose_06/pose_status.json,570,65a415ea032dcd79813504da1789f36da0f19b8ad64d3d9afe9308b9ce4d5666
raw/archives/lorazepam.tar.gz,lorazepam/alpha2/2026091901/pose_06/report.txt,2068,740045dc5a07507894c36b55fa608c7f28c31dd2934360b20151a847dd451ac1
raw/archives/lorazepam.tar.gz,lorazepam/alpha2/2026091901/pose_06/report.xml,7025,15d2d8f8c53669663f7d38c9f2697570a784212f894e29a8508e48bb87e610bf
raw/archives/lorazepam.tar.gz,lorazepam/alpha2/2026091901/pose_07/ligand.sdf,2718,3a751386018f6d46f54699fe95f7a470afebfd3ef4b4e9a5b59ddf2d38cb4327
raw/archives/lorazepam.tar.gz,lorazepam/alpha2/2026091901/pose_07/pose_status.json,570,65de5c3315f1771576e3449e5ebe3511c8803d1511aecc15294e54f0589951bd
raw/archives/lorazepam.tar.gz,lorazepam/alpha2/2026091901/pose_07/report.txt,3265,7a1c35e2108d0bbba352c40c683846f6c5cbbb79585e31a1fca197e02e32b9ad
raw/archives/lorazepam.tar.gz,lorazepam/alpha2/2026091901/pose_07/report.xml,7342,0d15597da71327e067388c13b42a7c03e359912fe101a61d7c4902766be942f0
raw/archives/lorazepam.tar.gz,lorazepam/alpha2/2026091901/pose_08/ligand.sdf,2718,536fe61fae9a0853983c05e99e68fcdd42ce18fab9b4ce75479eece5a2f4dbd7
raw/archives/lorazepam.tar.gz,lorazepam/alpha2/2026091901/pose_08/pose_status.json,570,c5545766731bba551f13384f4a741dbcd61e85b8ea5db3785827d5cff0052120
raw/archives/lorazepam.tar.gz,lorazepam/alpha2/2026091901/pose_08/report.txt,3744,0b79faf65f45b14eaea1ced07c0fa3941d42939fa624b849489478303cdb073f
raw/archives/lorazepam.tar.gz,lorazepam/alpha2/2026091901/pose_08/report.xml,8753,0891da3fad544560deb052108adf075ce28317294bcc19b273c1ba285eb18f28
raw/archives/lorazepam.tar.gz,lorazepam/alpha2/2026091901/pose_09/ligand.sdf,2718,0745b141c66b9cf9c2638cea48372a5963bb7a868bae214e095bf36fafa4dc52
raw/archives/lorazepam.tar.gz,lorazepam/alpha2/2026091901/pose_09/pose_status.json,570,5e1dd18c0cfbb23b83509b42cd76adc75fc82937b59bed4dd4eee2f901b44389
raw/archives/lorazepam.tar.gz,lorazepam/alpha2/2026091901/pose_09/report.txt,1728,5e41acc13adea66f38a83226e3c1526b0a979a568093895da8b6721728150bbc
raw/archives/lorazepam.tar.gz,lorazepam/alpha2/2026091901/pose_09/report.xml,5988,f61bf99c95f9a301978d7caef3c06b34935ab5c51c2debe68e4a1cfd9e7be965
raw/archives/lorazepam.tar.gz,lorazepam/alpha2/2026091901/pose_manifest.json,5412,08353bda1e219129c1c8d8a54fa43f95b0db33a8520815f45326978d3e8e71a8
raw/archives/lorazepam.tar.gz,lorazepam/alpha2/2026091901/poses.pdbqt,21321,5fad7f67383123f8d631729ae736b67197a2952a760b3f56e9bc12f1e4ea5f03
raw/archives/lorazepam.tar.gz,lorazepam/alpha2/2026091901/vina.log,2385,318a3b31bcd450a38745d7a8eeba6ce556ad12cb4181b7696480fe5adb332337
raw/archives/lorazepam.tar.gz,lorazepam/alpha2/2026091902/docking.json,1528,035364cfe4268c3cba4821a6979cedc6ee0f4a09a1d149ce810fadc679a7a21d
raw/archives/lorazepam.tar.gz,lorazepam/alpha2/2026091902/interactions.json,28136,9e89d79a6cb5b7815b3a9a69dee5166fc5d19261bbe9a3d10e6d5b388643cec8
raw/archives/lorazepam.tar.gz,lorazepam/alpha2/2026091902/plip.log,1881,25a8a2215a2a7375ecbf70f376ddf522a35353a285e9c58688622ab5e679ff1c
raw/archives/lorazepam.tar.gz,lorazepam/alpha2/2026091902/plip_done.json,29,bef149d6b4bcd0e8393fac45503362a862d45eadcceff434b3d9640f4b008ec4
raw/archives/lorazepam.tar.gz,lorazepam/alpha2/2026091902/pose_01/ligand.sdf,2718,137a247f97dcb451b3f160512d7539ed5d1cdde03155362692f3c3463c6e80f5
raw/archives/lorazepam.tar.gz,lorazepam/alpha2/2026091902/pose_01/pose_status.json,570,b63fb5d0ef9ae34d5826cb0b53cca35f019bd25590ea5b2ed5673c179ff3230b
raw/archives/lorazepam.tar.gz,lorazepam/alpha2/2026091902/pose_01/report.txt,2933,af8e125302480c9ef6bdd7ddb71bb5ce44a47c8137427946d34efdb3d1e4991b
raw/archives/lorazepam.tar.gz,lorazepam/alpha2/2026091902/pose_01/report.xml,7166,baa1f745e88916fbb98c98e1daed67ce6827d7c7013c759ed808ddb7886c282b
raw/archives/lorazepam.tar.gz,lorazepam/alpha2/2026091902/pose_02/ligand.sdf,2718,0ae33b404817e516f0a331706545fbf43550df416178dcfa4204d51334a0f6b9
raw/archives/lorazepam.tar.gz,lorazepam/alpha2/2026091902/pose_02/pose_status.json,570,18962ef9fc0e1cc6641d3b4777b6a523d7b664931110d200ebce8b98d9f26822
raw/archives/lorazepam.tar.gz,lorazepam/alpha2/2026091902/pose_02/report.txt,4040,b9fdc97a4e7816375574f296db3f5100b24c92d49866093cbf04da03591b65cd
raw/archives/lorazepam.tar.gz,lorazepam/alpha2/2026091902/pose_02/report.xml,7989,b393ca328b09e29566e80a8e3a4f5e6c4c01c570e5757751f8380f7c72cb7d5e
raw/archives/lorazepam.tar.gz,lorazepam/alpha2/2026091902/pose_03/ligand.sdf,2718,824416fcba086a90f2aab262250aa77685506e989c17f8a21c8ffa9bb9e04ffb
raw/archives/lorazepam.tar.gz,lorazepam/alpha2/2026091902/pose_03/pose_status.json,570,314993528f8a6115b4bb23ec2bac773c2fc3e4a7db196e0867d3950e895e064c
raw/archives/lorazepam.tar.gz,lorazepam/alpha2/2026091902/pose_03/report.txt,4059,4342361833e881587bf73664ef47a470f17f4432fb4650cfdf9bddc948506aa4
raw/archives/lorazepam.tar.gz,lorazepam/alpha2/2026091902/pose_03/report.xml,8164,1f110a501a76f13463dabf91ecfdc432f11a838e51eb9e582bbd3f7ab47143cb
raw/archives/lorazepam.tar.gz,lorazepam/alpha2/2026091902/pose_04/ligand.sdf,2718,4baa0531effb70b2a2cb8d222fa228de95f8dcc0d50c153ced82755ec6cc354c
raw/archives/lorazepam.tar.gz,lorazepam/alpha2/2026091902/pose_04/pose_status.json,570,1d55bcd00d8e3157022d882072e06acbbed48937cb66529cabcd957047c66959
raw/archives/lorazepam.tar.gz,lorazepam/alpha2/2026091902/pose_04/report.txt,4373,b2f7a2c52c56890734641e0a254c491d8bf69cbf21d9ea8fe62c4d1487e0141f
raw/archives/lorazepam.tar.gz,lorazepam/alpha2/2026091902/pose_04/report.xml,8636,5aeaf1a05b3ddee47775a35a211864f87391bcbcb4309b202be377ce558c2079
raw/archives/lorazepam.tar.gz,lorazepam/alpha2/2026091902/pose_05/ligand.sdf,2718,8ed1f73046a5fa441bf236e9c836854c437d9115f19080b98e88c1901613fae6
raw/archives/lorazepam.tar.gz,lorazepam/alpha2/2026091902/pose_05/pose_status.json,570,810ca2db74ee6f781bbbcad5654bb5f6271a83cf588328d87b49a78a9c8aaebe
raw/archives/lorazepam.tar.gz,lorazepam/alpha2/2026091902/pose_05/report.txt,3596,261dbf924084eabc2afa3e8f795275a0221a236a5bb5499bdcf420565d93b285
raw/archives/lorazepam.tar.gz,lorazepam/alpha2/2026091902/pose_05/report.xml,8713,cce5619ad9b399ea310e46f3c710785013d7090b792df3c4a5bdbdf22f164317
raw/archives/lorazepam.tar.gz,lorazepam/alpha2/2026091902/pose_06/ligand.sdf,2718,832d65fda3287d4f988d6c828c4dd352f8b016be17e52a1b3beaf2e8bc977839
raw/archives/lorazepam.tar.gz,lorazepam/alpha2/2026091902/pose_06/pose_status.json,570,5a1e91a47e1a9d095e9e31afa86fcbc2565ada507e41a4417878b7cb8609d931
raw/archives/lorazepam.tar.gz,lorazepam/alpha2/2026091902/pose_06/report.txt,3978,52d9f8ba66fda3ee66d5bf65fe406fe650c63c5cb3b6f2652ce73fac00331fea
raw/archives/lorazepam.tar.gz,lorazepam/alpha2/2026091902/pose_06/report.xml,8285,da26638b8ef965325411fbe4d9a428b5ad7231ee3784a4d5466014bccffcc554
raw/archives/lorazepam.tar.gz,lorazepam/alpha2/2026091902/pose_07/ligand.sdf,2718,b2990129c7a48df3dcc8eea6ddeceb5dfcc4b1323b60ee22a58cd4dbe6ed21a0
raw/archives/lorazepam.tar.gz,lorazepam/alpha2/2026091902/pose_07/pose_status.json,570,4f743621bcd223dd42020078e807dff17f2f42ccb11d00173942163f7bb1eabc
raw/archives/lorazepam.tar.gz,lorazepam/alpha2/2026091902/pose_07/report.txt,3413,9e64881c9208aa42f60fc18d18ea4656c51441f177aeec08f32c54f1f2abfe9f
raw/archives/lorazepam.tar.gz,lorazepam/alpha2/2026091902/pose_07/report.xml,8108,3dfa455fa17c4fb633d8890d8e0c82820c7829271bc1bf112f6b7de033fdbd12
raw/archives/lorazepam.tar.gz,lorazepam/alpha2/2026091902/pose_08/ligand.sdf,2718,c1dbb6d98ed9767359eae966d1a18de23564866a8b1008016c332d18901b36d2
raw/archives/lorazepam.tar.gz,lorazepam/alpha2/2026091902/pose_08/pose_status.json,570,0e480dd4f4db7153d91f592a535391f50e158c76c1e7daada12274a894090714
raw/archives/lorazepam.tar.gz,lorazepam/alpha2/2026091902/pose_08/report.txt,2059,2e9ad890024c7d9cebba415ed9cf7ef95d84a190061f302c9a1ba14b698d1f1f
raw/archives/lorazepam.tar.gz,lorazepam/alpha2/2026091902/pose_08/report.xml,6770,856b009263d976871769c5bdcf5173a01586e41d335eb6211e2e3ea364429372
raw/archives/lorazepam.tar.gz,lorazepam/alpha2/2026091902/pose_09/ligand.sdf,2718,fece1fbd70dc928f520d4754f792a8f1d7cb787b32d1652f912cbbf2eefd29a4
raw/archives/lorazepam.tar.gz,lorazepam/alpha2/2026091902/pose_09/pose_status.json,570,63e453ca40ff247fab40d2036cff8e224c50bc2de6bd217f88e02a870191e7d4
raw/archives/lorazepam.tar.gz,lorazepam/alpha2/2026091902/pose_09/report.txt,2704,e242e9261c1c3ee565358d5729108bd877fca9e944caad8ba28ed3f5a5a00e70
raw/archives/lorazepam.tar.gz,lorazepam/alpha2/2026091902/pose_09/report.xml,7416,fd50314d0db7d0d275879fdc27ddaaea570e1a6b5f9c32192e3e973f15ea13a0
raw/archives/lorazepam.tar.gz,lorazepam/alpha2/2026091902/pose_manifest.json,5412,54824c1bbd3e3d19963c32180caea2475ff796a9303d228c6e7e4d04c7faab9e
raw/archives/lorazepam.tar.gz,lorazepam/alpha2/2026091902/poses.pdbqt,21321,9c21ef066eb3f22e5ce4d96e4b2c73700103a828af6f52f33b461be6ba11c14f
raw/archives/lorazepam.tar.gz,lorazepam/alpha2/2026091902/vina.log,2385,ef6bb7ef8537612262eb39a9f058e46d1b12a45f9a049b32dea0fc164b8c2aca
raw/archives/lorazepam.tar.gz,lorazepam/alpha2/2026091903/docking.json,1528,73c038acdd352a31a850685ca3c3b60809ec3ecd19fa17e40bcd22dd60e0701b
raw/archives/lorazepam.tar.gz,lorazepam/alpha2/2026091903/interactions.json,29670,ac1e5c8c4c925dd7e3be00d53f40e81240e68620618b93513194bf64754a2d01
raw/archives/lorazepam.tar.gz,lorazepam/alpha2/2026091903/plip.log,1881,914ccd7f674ffcac96a3a5c48cc501976aa6a6e60fdbf436f5592cd8e69ec4d9
raw/archives/lorazepam.tar.gz,lorazepam/alpha2/2026091903/plip_done.json,29,bef149d6b4bcd0e8393fac45503362a862d45eadcceff434b3d9640f4b008ec4
raw/archives/lorazepam.tar.gz,lorazepam/alpha2/2026091903/pose_01/ligand.sdf,2718,e6b338d8f55abc71f05b1394e8f4c21f72b66ef13e3aa53c8c25c62f98ec08cf
raw/archives/lorazepam.tar.gz,lorazepam/alpha2/2026091903/pose_01/pose_status.json,570,bc52ac66758f07aaec99f07314644d8b60670a2eef102a6123a31cca3b5508be
raw/archives/lorazepam.tar.gz,lorazepam/alpha2/2026091903/pose_01/report.txt,2938,590336894a64b66b01346a088a084b7d478dd55e38ad4f7ab1e928a01e31ae37
raw/archives/lorazepam.tar.gz,lorazepam/alpha2/2026091903/pose_01/report.xml,7167,3e3fb8329a9fa9baef8d20412c293c55dabeac8d62cbbd06f4c1e88698005aea
raw/archives/lorazepam.tar.gz,lorazepam/alpha2/2026091903/pose_02/ligand.sdf,2718,3f02e1959616c3f685648a052f295eb0965a19b31b8a8e62341715231ad0c6f3
raw/archives/lorazepam.tar.gz,lorazepam/alpha2/2026091903/pose_02/pose_status.json,570,985afcfce0a2f5c21373bdc5cbdd631c4a1498bde95485c9d6c42df35c0fdafb
raw/archives/lorazepam.tar.gz,lorazepam/alpha2/2026091903/pose_02/report.txt,2835,9123c7a0d426d51d374b82f6937de433ef06288ec26b9a461a32e11fcf452bb3
raw/archives/lorazepam.tar.gz,lorazepam/alpha2/2026091903/pose_02/report.xml,7058,5b7accb65493d0ce9b17dc0c008d68566e0e417a70eed41ee6720254e3b79aaa
raw/archives/lorazepam.tar.gz,lorazepam/alpha2/2026091903/pose_03/ligand.sdf,2718,5e93cf17506452c81fb4cc6d134883cdc1df9b7785cba00defe19659472e9989
raw/archives/lorazepam.tar.gz,lorazepam/alpha2/2026091903/pose_03/pose_status.json,570,23a487b8553dde28670ac78b980356a225d2195912c06b6a01ba2ae0eba8142c
raw/archives/lorazepam.tar.gz,lorazepam/alpha2/2026091903/pose_03/report.txt,4532,ca2c831cadafead5c52d6bd009b9c7325aba061646cbeb9161e9817c0775c026
raw/archives/lorazepam.tar.gz,lorazepam/alpha2/2026091903/pose_03/report.xml,9099,598eeac58be313fff13b1bdd204f0fe5d01d9e37e6ecc0c90362fcfa78f8a039
raw/archives/lorazepam.tar.gz,lorazepam/alpha2/2026091903/pose_04/ligand.sdf,2718,1182ce09d6bef003c923b2269c6f3cc1f6b8cc015d1b687b88bb5e80e2dac5fb
raw/archives/lorazepam.tar.gz,lorazepam/alpha2/2026091903/pose_04/pose_status.json,570,ceda44f58414083c160ce8d15986608eda44840e155dc4d394ff04f432196140
raw/archives/lorazepam.tar.gz,lorazepam/alpha2/2026091903/pose_04/report.txt,4373,ea1cbe513c48efdd78c8d20bf77ef554f7e66cc75286ce79a122027f62dc7b64
raw/archives/lorazepam.tar.gz,lorazepam/alpha2/2026091903/pose_04/report.xml,8636,ec8159a2afb9b1e6c73c90236158c6a04967e8e5976e8f70fcb906f7491c8d8d
raw/archives/lorazepam.tar.gz,lorazepam/alpha2/2026091903/pose_05/ligand.sdf,2718,a44abf8597eb18f5cc5814f0451c42b41c08a2ea7238d555a455ea5f1e7e8349
raw/archives/lorazepam.tar.gz,lorazepam/alpha2/2026091903/pose_05/pose_status.json,570,21826d5b8476f9792011df381a30a49f9fc708371f1e916b487df297e5f02119
raw/archives/lorazepam.tar.gz,lorazepam/alpha2/2026091903/pose_05/report.txt,3596,192023845cbd85336cb5d4f2d68f03688c80b4faeff4065890aadb411f4b5aa4
raw/archives/lorazepam.tar.gz,lorazepam/alpha2/2026091903/pose_05/report.xml,8713,ce6b257ab5f4ac9d0590369fec447dd8b3ddf863619075c9a1304a64ab37893d
raw/archives/lorazepam.tar.gz,lorazepam/alpha2/2026091903/pose_06/ligand.sdf,2718,7b740a45d7f997f785d5b469f7781e8ca3105915b77da79ae732417a367aff95
raw/archives/lorazepam.tar.gz,lorazepam/alpha2/2026091903/pose_06/pose_status.json,570,f9b20628b21564e81a563ae4a5fec3d63c8c7b6c38aa47c7fc5baf590efa9604
raw/archives/lorazepam.tar.gz,lorazepam/alpha2/2026091903/pose_06/report.txt,4043,fb3814af84b741d3d1ef60c9364ac9d21869d9a90f6b32decf0950c33ef77610
raw/archives/lorazepam.tar.gz,lorazepam/alpha2/2026091903/pose_06/report.xml,8018,93c7ed5b884f2c4c9fb5291f3fd6220e9e0a104d9c86ce73a864869e02dced8b
raw/archives/lorazepam.tar.gz,lorazepam/alpha2/2026091903/pose_07/ligand.sdf,2718,b2f385d12971624720804e6ed736e1481d642289efed11f91dfbf8a0f1b20559
raw/archives/lorazepam.tar.gz,lorazepam/alpha2/2026091903/pose_07/pose_status.json,570,81a12765b6e253d649b62aa804f5eaceba91fd0a150a692f8468c60701e7d7fd
raw/archives/lorazepam.tar.gz,lorazepam/alpha2/2026091903/pose_07/report.txt,2609,b9a5c4f4f55419e518d8800bb1ebf041fa2236acc9d08298fc17c98ef3a0947b
raw/archives/lorazepam.tar.gz,lorazepam/alpha2/2026091903/pose_07/report.xml,6526,0065f655efec9ae04de54b29752525ee9ff613c431c013d1e7e6c64e759adb00
raw/archives/lorazepam.tar.gz,lorazepam/alpha2/2026091903/pose_08/ligand.sdf,2718,637d8a67b1b078b91f856fcbd7fff8d4e460423a724991827677030ac4f4b4e0
raw/archives/lorazepam.tar.gz,lorazepam/alpha2/2026091903/pose_08/pose_status.json,570,2f08d8589c2150838b9f118333e2e6fe1f672de717c8675c62bc54cfd3ee671a
raw/archives/lorazepam.tar.gz,lorazepam/alpha2/2026091903/pose_08/report.txt,4071,7000bf3b5e93879d97660a0ab32dcf670d37b631500a265b7f6389c8aeb48efd
raw/archives/lorazepam.tar.gz,lorazepam/alpha2/2026091903/pose_08/report.xml,9151,26a12f72a0a9e15d73d775c0d91650f4a6814cc294389ad572ee26cf1ddf193b
raw/archives/lorazepam.tar.gz,lorazepam/alpha2/2026091903/pose_09/ligand.sdf,2718,ad76f1b0e1b96680a5ea9ed884f458cb05a2352e440c7ab198546f4c0da52860
raw/archives/lorazepam.tar.gz,lorazepam/alpha2/2026091903/pose_09/pose_status.json,570,eeaf7d8f737debaec114e6dbc1cf5425e4f05f0fac881cf7b36f1c8740cb65fe
raw/archives/lorazepam.tar.gz,lorazepam/alpha2/2026091903/pose_09/report.txt,4050,cb12af40440317bc80c979a7314e4fc388ad383afe623e9d76a7862ba7167f5c
raw/archives/lorazepam.tar.gz,lorazepam/alpha2/2026091903/pose_09/report.xml,7856,d5923f29c135f367ffc5db401ffe5d7ce52ae991fbe638904f74cf05151899cf
raw/archives/lorazepam.tar.gz,lorazepam/alpha2/2026091903/pose_manifest.json,5412,946ed907c1200d1eb8f29847c66f62f925857152c7ff6bf3efe343a420c8a206
raw/archives/lorazepam.tar.gz,lorazepam/alpha2/2026091903/poses.pdbqt,21321,d984432d53ca8f3ac85cf6d20382a9b3c73482625a01ebbfbab848b3d6e41e6b
raw/archives/lorazepam.tar.gz,lorazepam/alpha2/2026091903/vina.log,2385,c6e8c5d6023362f7ba3fe13746c62a65089341abc21808594bc6d53aac812410
raw/archives/lorazepam.tar.gz,lorazepam/alpha2/2026091904/docking.json,1528,296deaff31463d07218261de0a0db98c1f443be988638128e275c2dbaf79888d
raw/archives/lorazepam.tar.gz,lorazepam/alpha2/2026091904/interactions.json,25639,61cab2f5320c43150596d378e9afb3a02333fa215dde532704df1d9bd2b4267b
raw/archives/lorazepam.tar.gz,lorazepam/alpha2/2026091904/plip.log,1881,104f0ebe0a80840b09baffb930ae499c688d5e951a99507bb386de99998da900
raw/archives/lorazepam.tar.gz,lorazepam/alpha2/2026091904/plip_done.json,29,bef149d6b4bcd0e8393fac45503362a862d45eadcceff434b3d9640f4b008ec4
raw/archives/lorazepam.tar.gz,lorazepam/alpha2/2026091904/pose_01/ligand.sdf,2718,23be54ea91d5b59fa49c0b4da38ec6e86744a14e3309dd405f869d439ec19023
raw/archives/lorazepam.tar.gz,lorazepam/alpha2/2026091904/pose_01/pose_status.json,570,1160cc03e2de8915cf08ad14985dd59ae0a6681f7c1e623417f999ce87c367d9
raw/archives/lorazepam.tar.gz,lorazepam/alpha2/2026091904/pose_01/report.txt,2938,0a129a7fcb324f6ba42631606fd6ac505420ffe827fe617ce9be23f146a4214c
raw/archives/lorazepam.tar.gz,lorazepam/alpha2/2026091904/pose_01/report.xml,7167,e55a99a8bb05732d9bd2405ee140b8ba7b37a684c9e4f78d91c2db8d5fa8443e
raw/archives/lorazepam.tar.gz,lorazepam/alpha2/2026091904/pose_02/ligand.sdf,2718,1e92f5af6d3251ab5cab38f458f389b3189b929de659d9975cf710faad27c85f
raw/archives/lorazepam.tar.gz,lorazepam/alpha2/2026091904/pose_02/pose_status.json,570,b5f2a5f546ffb07733f2f8a0fde3144fe02f6b452e2d6bc6efc2a09724b74759
raw/archives/lorazepam.tar.gz,lorazepam/alpha2/2026091904/pose_02/report.txt,2835,8908c9d5cb3bea37293dc6589556df1770e48baaef144425dd356ab78ed41649
raw/archives/lorazepam.tar.gz,lorazepam/alpha2/2026091904/pose_02/report.xml,7058,e6cc2a359cee17bcdee417f608265b6e565a5b16c7ac12746868f3f7add2847c
raw/archives/lorazepam.tar.gz,lorazepam/alpha2/2026091904/pose_03/ligand.sdf,2718,57a58601fca1273e8dea8294bd623bcde6741731ceeb62b2479b937c5435cdb0
raw/archives/lorazepam.tar.gz,lorazepam/alpha2/2026091904/pose_03/pose_status.json,570,de7ee60822ea532290772e9841e07fe9fa488d312cd251a8d0f361725b505531
raw/archives/lorazepam.tar.gz,lorazepam/alpha2/2026091904/pose_03/report.txt,4059,2f619351fe6eb6074a7ef5f15452b1d05c762f31f146bda8fb0702bc7e8bee1c
raw/archives/lorazepam.tar.gz,lorazepam/alpha2/2026091904/pose_03/report.xml,8247,88d36b9c914f0a4e07025c6d275811a525d8cd5309cf34a361a65c2901919fb5
raw/archives/lorazepam.tar.gz,lorazepam/alpha2/2026091904/pose_04/ligand.sdf,2718,1d65599f6ba458be5c105df55cb72003ca2b44113ab896162f0afc9ef233792f
raw/archives/lorazepam.tar.gz,lorazepam/alpha2/2026091904/pose_04/pose_status.json,570,7608d75225c0ae970ba07e8478ad60af08bc69452834631a2b279fa590903690
raw/archives/lorazepam.tar.gz,lorazepam/alpha2/2026091904/pose_04/report.txt,4373,c97a7fedf6eeda9391a886dd628595136bd5a6d1d641b44a994ee9a71d661210
raw/archives/lorazepam.tar.gz,lorazepam/alpha2/2026091904/pose_04/report.xml,8636,20deeb8b17a3e39ce3641ddadab33f899763c5fb9b8705ccc0e329a638674e08
raw/archives/lorazepam.tar.gz,lorazepam/alpha2/2026091904/pose_05/ligand.sdf,2718,59605b06ca1779240e081229711a87e6e452ba13a0a8edb49fa66ad843f87abb
raw/archives/lorazepam.tar.gz,lorazepam/alpha2/2026091904/pose_05/pose_status.json,570,237b5aea214a272d6884b01b0456dbd0d19b2a71be1f42bf019b2078da09a965
raw/archives/lorazepam.tar.gz,lorazepam/alpha2/2026091904/pose_05/report.txt,4047,b13b082c58f4b2ed64b8fbc47037cbbdffaa274e0c1654bb07a7411d0724531b
raw/archives/lorazepam.tar.gz,lorazepam/alpha2/2026091904/pose_05/report.xml,8161,383508d252f1bd8641a91d212bb720afed2e8177ea0a894fecf61328a05a1b61
raw/archives/lorazepam.tar.gz,lorazepam/alpha2/2026091904/pose_06/ligand.sdf,2718,87a4475460277e8b5c5744caa23128cb5d1b3bc95d3b76bf63dcedfb9e4e5a93
raw/archives/lorazepam.tar.gz,lorazepam/alpha2/2026091904/pose_06/pose_status.json,570,9f2f1a4da21b27a71979e7d0c9bb16220d8d04ba82dd921d6dfaa7ad1f649edd
raw/archives/lorazepam.tar.gz,lorazepam/alpha2/2026091904/pose_06/report.txt,1737,37d835c2316f9e1d9b3d51718861e0d73d8d921d6587ea653ac5efb5d36d3b54
raw/archives/lorazepam.tar.gz,lorazepam/alpha2/2026091904/pose_06/report.xml,6378,99061506df7c51d37cdee98b57c1cbcb6c11191355bba6d7d5dec960a8efa097
raw/archives/lorazepam.tar.gz,lorazepam/alpha2/2026091904/pose_07/ligand.sdf,2718,d5e6bd105308f2c2db478a1e3bd37a5f5860f584c4acc39e46c4ede3cd0caa69
raw/archives/lorazepam.tar.gz,lorazepam/alpha2/2026091904/pose_07/pose_status.json,570,ff69ebb86476c6c5552796c660eb639736af1aa57b3f11ba1db89910c105bf96
raw/archives/lorazepam.tar.gz,lorazepam/alpha2/2026091904/pose_07/report.txt,4040,7e069d1cfb42c5c398d5af1ef74c29b454b08312c268de05ad8dc4684c2c8a1f
raw/archives/lorazepam.tar.gz,lorazepam/alpha2/2026091904/pose_07/report.xml,8160,9e8e6c1740987c2add38e05537928424163d45963adbcaa038fd97be7b397202
raw/archives/lorazepam.tar.gz,lorazepam/alpha2/2026091904/pose_08/ligand.sdf,2718,aa2620aa1af12cf82deaa0e19091ed504b7e459e081809c5908ba2a4905dab5c
raw/archives/lorazepam.tar.gz,lorazepam/alpha2/2026091904/pose_08/pose_status.json,570,e57297dd40957b4161d2bcccc7ad0382ac1234220091dd8e3e0880732ef0ddb6
raw/archives/lorazepam.tar.gz,lorazepam/alpha2/2026091904/pose_08/report.txt,3413,5c7a84e7043ade6b6fbb3c2f18dd55163bc83801c0e5059a69b67bc6e3507137
raw/archives/lorazepam.tar.gz,lorazepam/alpha2/2026091904/pose_08/report.xml,8023,ae0e6ed272a0869e5be69e378a27a3a1f0254506ecbcda84ad0b1064ac595b2a
raw/archives/lorazepam.tar.gz,lorazepam/alpha2/2026091904/pose_09/ligand.sdf,2718,0bb9411dc8b565c257239c1bbc6ca79c963ee6ad1591aaee4100c508679397c4
raw/archives/lorazepam.tar.gz,lorazepam/alpha2/2026091904/pose_09/pose_status.json,570,8788e3852ee788062355c7a3bf2c2edf0b0a5e101d8a7e12d974261e9a53cb25
raw/archives/lorazepam.tar.gz,lorazepam/alpha2/2026091904/pose_09/report.txt,2945,b62f87d5e20a94f5c116443d0a93bfc59b0217ad5746b29129976078aa238578
raw/archives/lorazepam.tar.gz,lorazepam/alpha2/2026091904/pose_09/report.xml,7005,ebdf96b5d3727a915f1bb0ca22f962a28340183592a2531a4eab972bf1a3fb59
raw/archives/lorazepam.tar.gz,lorazepam/alpha2/2026091904/pose_manifest.json,5412,e810304bf2a33f0afaa94b5c601480603a00b1dd76c3b4c8ac24b8564cf2a0d4
raw/archives/lorazepam.tar.gz,lorazepam/alpha2/2026091904/poses.pdbqt,21321,29e1fb1fda22777ad6c45df27ffbd38e04d3e0bd614e7b6c1d8669bf97f12f36
raw/archives/lorazepam.tar.gz,lorazepam/alpha2/2026091904/vina.log,2385,d9c9c4086025706cbb00feba41a583d7b8f25f9777cd3e22f497d9ffa1bf95de
raw/archives/lorazepam.tar.gz,lorazepam/alpha2/2026091905/docking.json,1528,a80d667e2eeee17e9fdc44ee83ffe4e2577901bcba7c7e5cf9454ad909959d5a
raw/archives/lorazepam.tar.gz,lorazepam/alpha2/2026091905/interactions.json,30649,ea36af2f31a08da6841d7207d1539e449c1fab1f3f59ec6b602705dbecd30de6
raw/archives/lorazepam.tar.gz,lorazepam/alpha2/2026091905/plip.log,1881,9c999423dece46d2b681b323a00d51b4e7fa359af8db084f7111d0e78830f373
raw/archives/lorazepam.tar.gz,lorazepam/alpha2/2026091905/plip_done.json,29,bef149d6b4bcd0e8393fac45503362a862d45eadcceff434b3d9640f4b008ec4
raw/archives/lorazepam.tar.gz,lorazepam/alpha2/2026091905/pose_01/ligand.sdf,2718,e19042784f4071beb58518fcaf3121b5951910a9ce5c1a05c27d82467bf6afb2
raw/archives/lorazepam.tar.gz,lorazepam/alpha2/2026091905/pose_01/pose_status.json,570,0e8aaf129430e1bdcba56464cc63f87e4c1b310edd5d44add24cf9d8b5904b37
raw/archives/lorazepam.tar.gz,lorazepam/alpha2/2026091905/pose_01/report.txt,2933,3b34fdd654c53e31358b8ae5783c9edad474c3330549bd2d66cde5fe6433cd8f
raw/archives/lorazepam.tar.gz,lorazepam/alpha2/2026091905/pose_01/report.xml,7250,19d635e059e80a3a5290029d62bac8c191be2b5c7670ed03fba9f17dd2041326
raw/archives/lorazepam.tar.gz,lorazepam/alpha2/2026091905/pose_02/ligand.sdf,2718,5cfc31e548d23cd457ba7a26905011092cd8d883e3adc0fa06df11fd16b74eef
raw/archives/lorazepam.tar.gz,lorazepam/alpha2/2026091905/pose_02/pose_status.json,570,8eca1902b12ef58d259663eb4ff77ed196a0db9a752796d49b5bfb57285e2672
raw/archives/lorazepam.tar.gz,lorazepam/alpha2/2026091905/pose_02/report.txt,2835,a9cbee9a07818034a10770902a129fcbd982b985a46a4e1208bc45e4a7a2143b
raw/archives/lorazepam.tar.gz,lorazepam/alpha2/2026091905/pose_02/report.xml,7058,ecc02ac43516dbe1b11c32a74f3e2a2e2b78082d499b3b61ae06b498aff42fea
raw/archives/lorazepam.tar.gz,lorazepam/alpha2/2026091905/pose_03/ligand.sdf,2718,118e6600094538c5aefaded004494b9a6af4fb7b5a7a91845d242fac75d4476b
raw/archives/lorazepam.tar.gz,lorazepam/alpha2/2026091905/pose_03/pose_status.json,570,d7a6cde732fd81597e58fcafb244e0e8f00c837d075ef922a3be4e0157effb87
raw/archives/lorazepam.tar.gz,lorazepam/alpha2/2026091905/pose_03/report.txt,4532,dff2f8d64b5d219be4eeb8e9215b7ee0084f6430f479729adc47b1c4b001f32c
raw/archives/lorazepam.tar.gz,lorazepam/alpha2/2026091905/pose_03/report.xml,9099,5f185078d7361c1ad6bdd715d9c7c83f7d817cb68f90beeece2db61d90386096
raw/archives/lorazepam.tar.gz,lorazepam/alpha2/2026091905/pose_04/ligand.sdf,2718,93c0a791deee4209bc0c3f4985f2f25a4affa3b40f6903ebaff50246c493aaaf
raw/archives/lorazepam.tar.gz,lorazepam/alpha2/2026091905/pose_04/pose_status.json,570,00a0f9943117fcbfad7a82a3ede52ee5ae26fb32fc1626cf6978e1d71b1541ff
raw/archives/lorazepam.tar.gz,lorazepam/alpha2/2026091905/pose_04/report.txt,4373,5704152f059cb4d3b734c7217028c517301ad02948e2fb288fa57ad76d7e8538
raw/archives/lorazepam.tar.gz,lorazepam/alpha2/2026091905/pose_04/report.xml,8720,fd5b01c0d9bfd9206035880e5727ea3f6f6a9ea869b8d0907c41e4a09dbb75f0
raw/archives/lorazepam.tar.gz,lorazepam/alpha2/2026091905/pose_05/ligand.sdf,2718,a564303283399a7129ea9b62655598c93eddd3d7d15337e784a88eb0e6d044a5
raw/archives/lorazepam.tar.gz,lorazepam/alpha2/2026091905/pose_05/pose_status.json,570,1aa7816e81acb745de3adc418cc0a832716277402cfd7707ec9867a34fbd1c98
raw/archives/lorazepam.tar.gz,lorazepam/alpha2/2026091905/pose_05/report.txt,4374,2a4da680eb4f0cc01013bf2601927ae8e3fccd948468de9bca81c13df906c1f1
raw/archives/lorazepam.tar.gz,lorazepam/alpha2/2026091905/pose_05/report.xml,8802,b406ae1d9f619ab646262d686ac53d538d8fee8f40e46bfd6a2145784d65c2d3
raw/archives/lorazepam.tar.gz,lorazepam/alpha2/2026091905/pose_06/ligand.sdf,2718,89ed8002d3c21dbd1471fbdce384e5c0dbe80770a05ae33662449a011c1f1b66
raw/archives/lorazepam.tar.gz,lorazepam/alpha2/2026091905/pose_06/pose_status.json,570,d9780723ff906423979fcff171a5af2250968031e5dbecaa7c2e03a409c395cf
raw/archives/lorazepam.tar.gz,lorazepam/alpha2/2026091905/pose_06/report.txt,3084,bb3cfe564eb2072de257504387ccac961c250d045709c580e6e4095b3f116f2d
raw/archives/lorazepam.tar.gz,lorazepam/alpha2/2026091905/pose_06/report.xml,7380,f0d65cb148cd39a369a2d139a773c553e406e95400d12479dafeeaefab46243f
raw/archives/lorazepam.tar.gz,lorazepam/alpha2/2026091905/pose_07/ligand.sdf,2718,ed211732412ad799f80c59d4e01e1351789d9588d6aa55a516027d0795a35a29
raw/archives/lorazepam.tar.gz,lorazepam/alpha2/2026091905/pose_07/pose_status.json,570,80daa06bc4585b52b9b72c6210b27ad5e95273d551acc08f07597f6008a78e30
raw/archives/lorazepam.tar.gz,lorazepam/alpha2/2026091905/pose_07/report.txt,4475,379075d911eed6deb480b03c6ecb5462547b30ced920e4eae9809f82d325ca52
raw/archives/lorazepam.tar.gz,lorazepam/alpha2/2026091905/pose_07/report.xml,8788,6a3939f0ef1274a6896bf962e8a9f1ba79db009f02eef48febc37509c208cc0b
raw/archives/lorazepam.tar.gz,lorazepam/alpha2/2026091905/pose_08/ligand.sdf,2718,4d551a1a0c58e908e0ebfb3357343e18352875b32aeb430d67dbf7ec58437a15
raw/archives/lorazepam.tar.gz,lorazepam/alpha2/2026091905/pose_08/pose_status.json,570,9670220b110e7a3adc294cb78f640d7a401a378e7e4cb42ca4504b1e45dc7317
raw/archives/lorazepam.tar.gz,lorazepam/alpha2/2026091905/pose_08/report.txt,2846,a95dc7d8c454a522c8f23af625063b9143ee14891954d9fc5102c8b4656af97d
raw/archives/lorazepam.tar.gz,lorazepam/alpha2/2026091905/pose_08/report.xml,7366,9498262e9ee4c13d19ab7f5f29d91e6ec1b4b4b6f4df61ace8737e4b1ad73ec1
raw/archives/lorazepam.tar.gz,lorazepam/alpha2/2026091905/pose_09/ligand.sdf,2718,6a184a9c0ba84981e8860f579371a257dcd36129158f551602a09571ce26741b
raw/archives/lorazepam.tar.gz,lorazepam/alpha2/2026091905/pose_09/pose_status.json,570,55b82b3ff35a77803604db8738cd74c4c01988fd0569baee046db06cf1d23c78
raw/archives/lorazepam.tar.gz,lorazepam/alpha2/2026091905/pose_09/report.txt,4071,7e44efea2e3780e94cf7192a322fc6e44386383951c7832b9ce8fe7d32668c4c
raw/archives/lorazepam.tar.gz,lorazepam/alpha2/2026091905/pose_09/report.xml,9235,3c97f4dbe7b980776159b383541837af6c5d5e0f32038a65b71eea910b2cd342
raw/archives/lorazepam.tar.gz,lorazepam/alpha2/2026091905/pose_manifest.json,5412,e846f3981af460d04b5920e9d2b74cbfb1570c223c2141e15a4fcb9bb9d9e64a
raw/archives/lorazepam.tar.gz,lorazepam/alpha2/2026091905/poses.pdbqt,21321,701392677fe4722c1563b0c0c4d8f7598feed132f8ad2770781948d7027e9ec6
raw/archives/lorazepam.tar.gz,lorazepam/alpha2/2026091905/vina.log,2385,7e9b0faf4ca01f56a02c5add36d6d1353bf40ee3851f2523f18f010f37c37679
raw/archives/clonazepam.tar.gz,clonazepam/alpha1/2026091901/docking.json,1533,71e39a8e9af6276028fbb7dc8aef9240e3906d29e1474da94aabe04865f32800
raw/archives/clonazepam.tar.gz,clonazepam/alpha1/2026091901/interactions.json,42612,944377e87ed9dde29e1be54f5537771b275081aaafbf2e7a49af986d64e2753f
raw/archives/clonazepam.tar.gz,clonazepam/alpha1/2026091901/plip.log,1890,a043ea0d373229be87777524b9325430c98788e7141356e973dbca0d6e5f8fce
raw/archives/clonazepam.tar.gz,clonazepam/alpha1/2026091901/plip_done.json,29,bef149d6b4bcd0e8393fac45503362a862d45eadcceff434b3d9640f4b008ec4
raw/archives/clonazepam.tar.gz,clonazepam/alpha1/2026091901/pose_01/ligand.sdf,2827,b0c9760a6d2a440691ac03739ec078d3adb3222a6d418806108a6fe08c34498a
raw/archives/clonazepam.tar.gz,clonazepam/alpha1/2026091901/pose_01/pose_status.json,571,c3e45953141dfb13030e270f5b07feda3a1a09ea02a15ca61b248f02957ba05d
raw/archives/clonazepam.tar.gz,clonazepam/alpha1/2026091901/pose_01/report.txt,5474,06330d9baa510f67c08c1d0d22c8a9f2e96ed9a96ca3369f69be255cbf208b92
raw/archives/clonazepam.tar.gz,clonazepam/alpha1/2026091901/pose_01/report.xml,11432,8e2091c1e9977cd71e2b80f39115226267fe3fc4654b4e0b6941f5c0f048edd2
raw/archives/clonazepam.tar.gz,clonazepam/alpha1/2026091901/pose_02/ligand.sdf,2827,9edc0874056a0b907736a9582f685553648d428bea158925e886388875c9bbb5
raw/archives/clonazepam.tar.gz,clonazepam/alpha1/2026091901/pose_02/pose_status.json,571,a4ea07d533219a767ed6181cd95988cf1b952c468e00b0e6daec8258daffaf21
raw/archives/clonazepam.tar.gz,clonazepam/alpha1/2026091901/pose_02/report.txt,4952,d0a5d5a75782774aa696d0a76b5829754c052ea1f3cd9b01a2ff29cf269a49f6
raw/archives/clonazepam.tar.gz,clonazepam/alpha1/2026091901/pose_02/report.xml,10342,d55ea62a252a30e7d6a03c02119c93206adf7158f84e42de6efde8081896166e
raw/archives/clonazepam.tar.gz,clonazepam/alpha1/2026091901/pose_03/ligand.sdf,2827,7fdba2d67b0bbbd25de3376882289b51b63cc1da17e09bf49a88d70b5fd2142d
raw/archives/clonazepam.tar.gz,clonazepam/alpha1/2026091901/pose_03/pose_status.json,571,a75a11a8fad647c41c4e94a3dc9aa213125bc341e1787cfb49151763749a665d
raw/archives/clonazepam.tar.gz,clonazepam/alpha1/2026091901/pose_03/report.txt,5141,fe4a155cb25f5e65509a091a7b6eeb747d0736e61755ef48b9b6c1e3298d7c93
raw/archives/clonazepam.tar.gz,clonazepam/alpha1/2026091901/pose_03/report.xml,10785,67d36a077e76979c7fa3fc290b01768a166528be2e992cb8eb967bb22ce13262
raw/archives/clonazepam.tar.gz,clonazepam/alpha1/2026091901/pose_04/ligand.sdf,2827,2083811b432e8bd3354fdef5b55128b19eeb87291ee90eb535d5d6d0807f41b5
raw/archives/clonazepam.tar.gz,clonazepam/alpha1/2026091901/pose_04/pose_status.json,571,1da7ecc22ccdc121418408cccdd77b274f62875a7c97979b42270e2cd91db6b0
raw/archives/clonazepam.tar.gz,clonazepam/alpha1/2026091901/pose_04/report.txt,5429,303461431a9c9535844987f9b3594498051f4af2716a0fce6442fd0d7378c645
raw/archives/clonazepam.tar.gz,clonazepam/alpha1/2026091901/pose_04/report.xml,11196,9840b2d4c7f93f7e94ba0cf8b670acda7da65ef6b77816f20b8cdcc014a1f7e4
raw/archives/clonazepam.tar.gz,clonazepam/alpha1/2026091901/pose_05/ligand.sdf,2827,2369608758505403ed99e71caf0f66af7ac6b6b980ca6f584cc2bac51c3e9851
raw/archives/clonazepam.tar.gz,clonazepam/alpha1/2026091901/pose_05/pose_status.json,571,f8ea0d39d7c63912648c901e63a9a4e1c3761efe58a659ee5ded183a41f7933a
raw/archives/clonazepam.tar.gz,clonazepam/alpha1/2026091901/pose_05/report.txt,4609,a47abc4210b04f01392b9ca62ef9a8f76008333e947ef864f51c6db495836535
raw/archives/clonazepam.tar.gz,clonazepam/alpha1/2026091901/pose_05/report.xml,9741,83f6a797d43bf0d0c3b1bf2655d6cb40eafa5ecb05a64883a6f259c948141b45
raw/archives/clonazepam.tar.gz,clonazepam/alpha1/2026091901/pose_06/ligand.sdf,2827,8f507d4f5df08c99ae60c7876ce58bc4a19ea37f5ff074e1049fef87a5d9b684
raw/archives/clonazepam.tar.gz,clonazepam/alpha1/2026091901/pose_06/pose_status.json,571,26258e713bf74261d1c5052ee9262286915279aac3b068803d1b983498e9c1b1
raw/archives/clonazepam.tar.gz,clonazepam/alpha1/2026091901/pose_06/report.txt,6586,5c03caba19daca94bb51afb63ee1b470c87a5e288b752dc01d1e9c498b7094e5
raw/archives/clonazepam.tar.gz,clonazepam/alpha1/2026091901/pose_06/report.xml,12339,7d4cebfd20700832e0ffbd011ec26b9a2dee9cb473c2c785e1bbb7e20ce24ea3
raw/archives/clonazepam.tar.gz,clonazepam/alpha1/2026091901/pose_07/ligand.sdf,2827,3f26d922779df196ff37703ee6dc1475c7b2f8b885528e11124cb25fa1089fcd
raw/archives/clonazepam.tar.gz,clonazepam/alpha1/2026091901/pose_07/pose_status.json,571,fc7a407bc0c4a4784adceaa54cf2c023b5384a0e1ca93b9aa2d7d6a0f414d753
raw/archives/clonazepam.tar.gz,clonazepam/alpha1/2026091901/pose_07/report.txt,2410,0e228706423842a4d0c40dd62dae381e96cbf22058a6aa6333536c59a2ea177c
raw/archives/clonazepam.tar.gz,clonazepam/alpha1/2026091901/pose_07/report.xml,8254,51b4d434548178c9caf3e7f48ffcf46b4991423eb3754a5fc1291ce4264ec789
raw/archives/clonazepam.tar.gz,clonazepam/alpha1/2026091901/pose_08/ligand.sdf,2827,824e62d1376163ad62c6f03f581a6a862d7291396c06339a1dc38b47b923fe00
raw/archives/clonazepam.tar.gz,clonazepam/alpha1/2026091901/pose_08/pose_status.json,571,b7c1653bf9b0e78ba9ec324fb0214a993608205a0ecd7398989096284ee7bdab
raw/archives/clonazepam.tar.gz,clonazepam/alpha1/2026091901/pose_08/report.txt,4952,d56d2c6bc34c073591b50f055be3cdeb66690ee5236b02433bed0d99b6e631ea
raw/archives/clonazepam.tar.gz,clonazepam/alpha1/2026091901/pose_08/report.xml,10008,37b294dc0b1e2351ba7621eadac2480a1e5531d79b4c51606b1511a8967053ab
raw/archives/clonazepam.tar.gz,clonazepam/alpha1/2026091901/pose_09/ligand.sdf,2827,478ccc1dd6b9cff6c03b231cab03eed028df20ba16e0568f1ecd4bda9551e746
raw/archives/clonazepam.tar.gz,clonazepam/alpha1/2026091901/pose_09/pose_status.json,571,40c2d469e5b0e6c97d50a035b150ed01e65bca0e555117ac9ad5103b2cc421cd
raw/archives/clonazepam.tar.gz,clonazepam/alpha1/2026091901/pose_09/report.txt,2521,ad648e7da00c9ae99222a43aa7327c76f167f558bf4e363e4b9ca8c1954bf070
raw/archives/clonazepam.tar.gz,clonazepam/alpha1/2026091901/pose_09/report.xml,6579,9f7f306290b00306e423eaf8059538a7f326b321fd0a1867a65cb8e84983d11b
raw/archives/clonazepam.tar.gz,clonazepam/alpha1/2026091901/pose_manifest.json,5421,9f20de2defffd3e7444ffaa1f4b51a1bcdd4ac219a8a548910f5a75f21636c59
raw/archives/clonazepam.tar.gz,clonazepam/alpha1/2026091901/poses.pdbqt,21411,2d1418f645a18c8cac8b2cc64c14272381d7586c48d0fff62d1b16aaf186265e
raw/archives/clonazepam.tar.gz,clonazepam/alpha1/2026091901/vina.log,2386,5bb5d25c4d248ce7ee2b26a8feecde7bc6e8bca2a697b2efdfcdc594680076dd
raw/archives/clonazepam.tar.gz,clonazepam/alpha1/2026091902/docking.json,1533,a8b72314b996d3936ea36367570ce2ce2d2ecef3bd61fc0f0bd2afe008a23028
raw/archives/clonazepam.tar.gz,clonazepam/alpha1/2026091902/interactions.json,35495,efbde69fcf97c52b6a56e59edce943b89c1fa74585ed68e19762df868859f71e
raw/archives/clonazepam.tar.gz,clonazepam/alpha1/2026091902/plip.log,1890,97306ed9860e3081aa7bf219538dbff8c1c96f0860c0c3c3e7964dcf76f73bd9
raw/archives/clonazepam.tar.gz,clonazepam/alpha1/2026091902/plip_done.json,29,bef149d6b4bcd0e8393fac45503362a862d45eadcceff434b3d9640f4b008ec4
raw/archives/clonazepam.tar.gz,clonazepam/alpha1/2026091902/pose_01/ligand.sdf,2827,c68ea455067588a25307c8242701a5434617a6e8fafe1578818260324003911d
raw/archives/clonazepam.tar.gz,clonazepam/alpha1/2026091902/pose_01/pose_status.json,571,6f8803efb6ffdd4e108484fdd8564c7bcc95256685966033bbc3ecb66356f059
raw/archives/clonazepam.tar.gz,clonazepam/alpha1/2026091902/pose_01/report.txt,5474,8fb6fca5996ff236fb40a87f229467375ea33961e83adb805db59fe0b6247846
raw/archives/clonazepam.tar.gz,clonazepam/alpha1/2026091902/pose_01/report.xml,11432,df487454856c45d93ed741872a3ac16f8479eee92d1eb595ba5dfdbb0a09ea7f
raw/archives/clonazepam.tar.gz,clonazepam/alpha1/2026091902/pose_02/ligand.sdf,2827,203821866e21924c4aa9b47a5183a006b315a144d9dbefecbe49cb931c9a0972
raw/archives/clonazepam.tar.gz,clonazepam/alpha1/2026091902/pose_02/pose_status.json,571,018e24663df34c860a36da54ec00cf09233ab10e372b5255ae6d5716a975c7c3
raw/archives/clonazepam.tar.gz,clonazepam/alpha1/2026091902/pose_02/report.txt,4952,09b7b22677a486d390713a99918b9d420132b1387ade23029caa62a6a35f9b04
raw/archives/clonazepam.tar.gz,clonazepam/alpha1/2026091902/pose_02/report.xml,10342,61d34f1b51ce16e50f0d2410345e3f7e67abd2dacd409dfc42426b8aeea6c029
raw/archives/clonazepam.tar.gz,clonazepam/alpha1/2026091902/pose_03/ligand.sdf,2827,396314d4aa913e3e92ad27adefc2d7cdcf18c3216f3b594d4df1141bc8e0a43d
raw/archives/clonazepam.tar.gz,clonazepam/alpha1/2026091902/pose_03/pose_status.json,571,7b2be68f007bb85935af04e71f9b99cc6f380ad23ac61a98eb9eb1c5221362b2
raw/archives/clonazepam.tar.gz,clonazepam/alpha1/2026091902/pose_03/report.txt,5141,71b34f8800bd04bf7ba44dcc0649860cea4a52d4fd15dace03018b55122e304f
raw/archives/clonazepam.tar.gz,clonazepam/alpha1/2026091902/pose_03/report.xml,10785,c7077d76f797a8708b44fb46fc14eb4894fd211f71f9bbb6bbbcb5ad969f7b54
raw/archives/clonazepam.tar.gz,clonazepam/alpha1/2026091902/pose_04/ligand.sdf,2827,ece9be4deb1139aa6843f4f84ebb1024d91968445a3cf964f7d3e7ff3a917f5b
raw/archives/clonazepam.tar.gz,clonazepam/alpha1/2026091902/pose_04/pose_status.json,571,f1a7471fb9b06d94807dda7ab528db53b390cebf9141d5839d421bcfce716f6d
raw/archives/clonazepam.tar.gz,clonazepam/alpha1/2026091902/pose_04/report.txt,2410,fa23d92d8cc9bc0b232fc57fa2c335505cd93d433dbea8cb944c888c6d013025
raw/archives/clonazepam.tar.gz,clonazepam/alpha1/2026091902/pose_04/report.xml,8086,c473e03163d1db7e0ad2825f8e1253351c5e43fb203b7d50d86fbadd4b4212a1
raw/archives/clonazepam.tar.gz,clonazepam/alpha1/2026091902/pose_05/ligand.sdf,2827,bc6135a144cd530592632590967e6e80b56085a822b4797460fbe4cf011056a1
raw/archives/clonazepam.tar.gz,clonazepam/alpha1/2026091902/pose_05/pose_status.json,571,e9bf4625d52f2db552aaec0c5b100221396dc50a877dbca2e7096d50bf1c95de
raw/archives/clonazepam.tar.gz,clonazepam/alpha1/2026091902/pose_05/report.txt,4276,f388507c41492cdeb13ad50c0a8c7c581f665e222fede7a29bc0b11e63b1f174
raw/archives/clonazepam.tar.gz,clonazepam/alpha1/2026091902/pose_05/report.xml,9260,3704047669833ecc806c0e9a268ce6d3fc48b352e7f63f40148b3732f4008c1b
raw/archives/clonazepam.tar.gz,clonazepam/alpha1/2026091902/pose_06/ligand.sdf,2827,1a6eb17faae215bac56ce7bc421f5400b7c31c935295dff7da401eff541a6fc8
raw/archives/clonazepam.tar.gz,clonazepam/alpha1/2026091902/pose_06/pose_status.json,571,baac73f72c508050b301971312fea466d1b0eb3158f50e07fd723276942c0fce
raw/archives/clonazepam.tar.gz,clonazepam/alpha1/2026091902/pose_06/report.txt,4952,6902061184dcb3c29f53c1a6dccb9ad9874137fdb8a97f4dd136bb99e0602c79
raw/archives/clonazepam.tar.gz,clonazepam/alpha1/2026091902/pose_06/report.xml,10008,f4dfc2cbf0b846cf2c3641010d6112283bf7287552a6e6685e6e7d45ed5e8082
raw/archives/clonazepam.tar.gz,clonazepam/alpha1/2026091902/pose_07/ligand.sdf,2827,a22bc1eb555e5f52934c1532583aa8eda5e044258d3690e68e7fd0b1f8db9b04
raw/archives/clonazepam.tar.gz,clonazepam/alpha1/2026091902/pose_07/pose_status.json,571,ec18696cc269803ce1a7227c57fa776ae28ae61be4ebf78bd3428aa44d58363f
raw/archives/clonazepam.tar.gz,clonazepam/alpha1/2026091902/pose_07/report.txt,4918,2ee55e0bf09b280a3bd834af06a926b0dad277005d941e91743d599552174f99
raw/archives/clonazepam.tar.gz,clonazepam/alpha1/2026091902/pose_07/report.xml,9809,e01c27a93b2037af2000d84835673d06afe05b82acc0e5a6de584bf7d267bee2
raw/archives/clonazepam.tar.gz,clonazepam/alpha1/2026091902/pose_08/ligand.sdf,2827,a5a95acc638c59b29f6d6641678983559ec08e484db0e7951aaa5ece155b8bb1
raw/archives/clonazepam.tar.gz,clonazepam/alpha1/2026091902/pose_08/pose_status.json,571,96e350f10dfde4b159a50f5b3e8c637429cf214ac45b420c062be28865fba2d7
raw/archives/clonazepam.tar.gz,clonazepam/alpha1/2026091902/pose_08/report.txt,2854,687c91473694456e6d75e33cc0a8b32d49d97408900a76c5f0c146b72935641c
raw/archives/clonazepam.tar.gz,clonazepam/alpha1/2026091902/pose_08/report.xml,7144,cd4d84d205306d207a1ccb3944546175828c9e3ba0ab7999ed98d46968b4335b
raw/archives/clonazepam.tar.gz,clonazepam/alpha1/2026091902/pose_09/ligand.sdf,2827,d0e97c62d36e775edee90f587e8a03f3737190f319412d521cc0e1107c880815
raw/archives/clonazepam.tar.gz,clonazepam/alpha1/2026091902/pose_09/pose_status.json,571,53197035427ffd20a6bb5e4b4e054408202979be38c158982bfa541069578da0
raw/archives/clonazepam.tar.gz,clonazepam/alpha1/2026091902/pose_09/report.txt,1731,345acd49662187807656d67d2f4dbac9e98dd5e4d3363c11fcff6e96ae30ecd3
raw/archives/clonazepam.tar.gz,clonazepam/alpha1/2026091902/pose_09/report.xml,5408,731bf732fc53619aebf65e8f2f1044081470a09b08ec53bdf9cbc397ae0cf454
raw/archives/clonazepam.tar.gz,clonazepam/alpha1/2026091902/pose_manifest.json,5421,024eb1d60407ec374b2162af08007b641eeb663bc4d80a13d956067ac54a0518
raw/archives/clonazepam.tar.gz,clonazepam/alpha1/2026091902/poses.pdbqt,21411,e8370a918a5edd463de3bf1b980e591a37ab647da12b94217e970aba2baa40b1
raw/archives/clonazepam.tar.gz,clonazepam/alpha1/2026091902/vina.log,2386,1d40363f873e3751e658fb5ae9609fa6be2b9c6841c64099014b656ae11f9ca3
raw/archives/clonazepam.tar.gz,clonazepam/alpha1/2026091903/docking.json,1533,09b2107d81f10e67091159927a009813d81734470e0a08859ddb9005282b9f22
raw/archives/clonazepam.tar.gz,clonazepam/alpha1/2026091903/interactions.json,36445,a286099e31ca7230519324a22fb3a61e502e8cbe948694f5420698701508f887
raw/archives/clonazepam.tar.gz,clonazepam/alpha1/2026091903/plip.log,1890,599a3e115ae9ce8db19b12ecb9ee673b111e30a96d6f3388d2c4326e8d126794
raw/archives/clonazepam.tar.gz,clonazepam/alpha1/2026091903/plip_done.json,29,bef149d6b4bcd0e8393fac45503362a862d45eadcceff434b3d9640f4b008ec4
raw/archives/clonazepam.tar.gz,clonazepam/alpha1/2026091903/pose_01/ligand.sdf,2827,d4de1fe5a2b0d73ffb74eea0fb7faafedb03a275447f5d929eb995023b972ccd
raw/archives/clonazepam.tar.gz,clonazepam/alpha1/2026091903/pose_01/pose_status.json,571,fea84284e4ee13050f5b8e54c371fb1733c8796a65f04e0fd09b00c0174f6674
raw/archives/clonazepam.tar.gz,clonazepam/alpha1/2026091903/pose_01/report.txt,5474,b8e0f14dfd6c6365267f0817ffef053f3018e0ca7129e8170f6089f0ba5c22f9
raw/archives/clonazepam.tar.gz,clonazepam/alpha1/2026091903/pose_01/report.xml,11432,91ac42d5eaa550809322e4fa01c58a7145e81492210fe56c4fca3e6976c2d74a
raw/archives/clonazepam.tar.gz,clonazepam/alpha1/2026091903/pose_02/ligand.sdf,2827,c2a19e328ab3d2fd98774795067cf5a5ada19af762decd41d8b338eb15d774ec
raw/archives/clonazepam.tar.gz,clonazepam/alpha1/2026091903/pose_02/pose_status.json,571,cba24058ea102ed2c5f465955cb716fede87ea3b86695a03392a1f2a655d0dbf
raw/archives/clonazepam.tar.gz,clonazepam/alpha1/2026091903/pose_02/report.txt,3928,99d3075d46a8ef166daab34d587a1506aa61e86a9e9aa0a195deaedcd3ede778
raw/archives/clonazepam.tar.gz,clonazepam/alpha1/2026091903/pose_02/report.xml,9906,a859ef2b04c7bb37491a39ea4df3b3d54245590bad39d8e02f9630b9fe624478
raw/archives/clonazepam.tar.gz,clonazepam/alpha1/2026091903/pose_03/ligand.sdf,2827,9bd0b35bcfd1fd1785c421dd3483706463fe405a9fad55073ba1f39144c5fc04
raw/archives/clonazepam.tar.gz,clonazepam/alpha1/2026091903/pose_03/pose_status.json,571,72e012dfa8621c7669d72bf15eca85aae98c6450e9fccd738b0d19f3a83dce66
raw/archives/clonazepam.tar.gz,clonazepam/alpha1/2026091903/pose_03/report.txt,4952,6b4882fb8fc17d2beb368039800210defe7ebd49aa11333bf2ffc2212ffacf89
raw/archives/clonazepam.tar.gz,clonazepam/alpha1/2026091903/pose_03/report.xml,10342,8fa9f2970900cc0f3fd8e0ef0e9882d6ce8bb19a97d1b96225bff2c18dfddb6f
raw/archives/clonazepam.tar.gz,clonazepam/alpha1/2026091903/pose_04/ligand.sdf,2827,240a8299fcb578bd6774c997886acc79aa3eb6540047acd67babeb3e0015e38c
raw/archives/clonazepam.tar.gz,clonazepam/alpha1/2026091903/pose_04/pose_status.json,572,631aa4d2b8ddf76879ec1475658bd41d5a70003e0b67dc9d227bd7f958969769
raw/archives/clonazepam.tar.gz,clonazepam/alpha1/2026091903/pose_04/report.txt,5432,10a9981b4d8b1554274927cf65f1740eebfa76183c21718a4977b4f45a1793eb
raw/archives/clonazepam.tar.gz,clonazepam/alpha1/2026091903/pose_04/report.xml,12496,b024d088fcf329c529c60ba63b01c832470da1fb1bbc2c3066d20e5acec3c913
raw/archives/clonazepam.tar.gz,clonazepam/alpha1/2026091903/pose_05/ligand.sdf,2827,f8ae4297d1adadadfd780964599d26eb42a416cd9a7aa853099eae53eae116bb
raw/archives/clonazepam.tar.gz,clonazepam/alpha1/2026091903/pose_05/pose_status.json,571,163c608b6c483817925e6018a8a49e688e8226190ecdaf5db3ad0c32d2f9e588
raw/archives/clonazepam.tar.gz,clonazepam/alpha1/2026091903/pose_05/report.txt,4276,43aef1bbb8d313c71efa34d103ba37f67172fb1bdeaa7c45c0077b6cbbc2b0c5
raw/archives/clonazepam.tar.gz,clonazepam/alpha1/2026091903/pose_05/report.xml,9093,cd9d28dab6641ed2f3e3dc9bb9cebd3638f822affc0a83f4df85dc318d702c6b
raw/archives/clonazepam.tar.gz,clonazepam/alpha1/2026091903/pose_06/ligand.sdf,2827,ec13f28e8ec2ff46c21373351783adf45930208c87e65842f50ded3cdfc69a17
raw/archives/clonazepam.tar.gz,clonazepam/alpha1/2026091903/pose_06/pose_status.json,571,5aa83fe293b942bff6a1ccef3e187930cc2f34c6d2351cdd1cd6f0fb26f0af8e
raw/archives/clonazepam.tar.gz,clonazepam/alpha1/2026091903/pose_06/report.txt,2743,af316e72b47f04f305bb70e0f544e8a6090f5b06e3502669f8fbaf2fceeb0359
raw/archives/clonazepam.tar.gz,clonazepam/alpha1/2026091903/pose_06/report.xml,8734,e9a97bb0b5d99e0e0a7dafa4eeecf3ee307771babaa6ccc9ccc00546df700a6f
raw/archives/clonazepam.tar.gz,clonazepam/alpha1/2026091903/pose_07/ligand.sdf,2827,2ec33fe0ab370534c9c8ed271babe7babc5c94b158a4a33d048f0560a4dca8eb
raw/archives/clonazepam.tar.gz,clonazepam/alpha1/2026091903/pose_07/pose_status.json,571,58aa1ccfab113347782aaed10851b1333b6d09cada70ad3fb8fe8b4ef5f20b24
raw/archives/clonazepam.tar.gz,clonazepam/alpha1/2026091903/pose_07/report.txt,1744,ffbe277bd3d53bcaf969bb324dc648a8d8ce73dd3e5724780add9ec2e8189522
raw/archives/clonazepam.tar.gz,clonazepam/alpha1/2026091903/pose_07/report.xml,6625,9fcdf71283c96f89b9a45aadae3d20fa4192b13f9455257711b7156a74406cce
raw/archives/clonazepam.tar.gz,clonazepam/alpha1/2026091903/pose_08/ligand.sdf,2827,f3d65dd28ec0e5aae92fba494a2fe363d6e2330d097d13d9ece01204dbd8bc40
raw/archives/clonazepam.tar.gz,clonazepam/alpha1/2026091903/pose_08/pose_status.json,571,d77d5a930e6b03f603bcbb54640627689e6e65701a8493b02ff32db9b66450d2
raw/archives/clonazepam.tar.gz,clonazepam/alpha1/2026091903/pose_08/report.txt,2521,da8dd3b4099e5d7d3ee846643e42078b03528a3fd3d3bb67ec63285b54540e44
raw/archives/clonazepam.tar.gz,clonazepam/alpha1/2026091903/pose_08/report.xml,6579,d8ebb715b72439c2ffeb5a1392f6cb08008a1c1747546e25be6b55eed3c0c1de
raw/archives/clonazepam.tar.gz,clonazepam/alpha1/2026091903/pose_09/ligand.sdf,2827,c0c3191f0e8f97b30ab89efdb5ecc803519dd58f9da20ab08740f9a3020e956e
raw/archives/clonazepam.tar.gz,clonazepam/alpha1/2026091903/pose_09/pose_status.json,571,24f6e1329f88e31defb9a3d14daf80fe81b3b7ae7b0b2487bddb23d0a170a0aa
raw/archives/clonazepam.tar.gz,clonazepam/alpha1/2026091903/pose_09/report.txt,3228,3c6fa3ffa3fd39729eff6ad54eab63c21eacc5baff83b1f7c93cfe66c4c651de
raw/archives/clonazepam.tar.gz,clonazepam/alpha1/2026091903/pose_09/report.xml,7992,9d1de487a7e888d300f4e46dd915a9f3dad801c8f1c7e4252bfe6a39f1b8dfa1
raw/archives/clonazepam.tar.gz,clonazepam/alpha1/2026091903/pose_manifest.json,5422,72360f7946bbca95e942189a81816a21fd9c5c494bfd1cc4222f4244f1745708
raw/archives/clonazepam.tar.gz,clonazepam/alpha1/2026091903/poses.pdbqt,21411,9ac57820ff6a04d5fd35b3d9873294a3f42efc113877c7128ca5aa3f81caa892
raw/archives/clonazepam.tar.gz,clonazepam/alpha1/2026091903/vina.log,2386,3999a5ffa2e0b09e938fbe47ab9657b91da92e0411b37f806ad2949d2b79054b
raw/archives/clonazepam.tar.gz,clonazepam/alpha1/2026091904/docking.json,1533,e5859cf742cb9a52d2b051a78c1e5d9815cbd1ac0314bfefd49ddd4b182c3d94
raw/archives/clonazepam.tar.gz,clonazepam/alpha1/2026091904/interactions.json,31565,68ac87deb3177f28bcdc93e9cf9aae97b53fca2a246d00e2a0c1c58ce5746ee9
raw/archives/clonazepam.tar.gz,clonazepam/alpha1/2026091904/plip.log,1890,4041a1caaa32d0d7adb0905c5a15e85f4c486ae7823a3805071ecde20370901f
raw/archives/clonazepam.tar.gz,clonazepam/alpha1/2026091904/plip_done.json,29,bef149d6b4bcd0e8393fac45503362a862d45eadcceff434b3d9640f4b008ec4
raw/archives/clonazepam.tar.gz,clonazepam/alpha1/2026091904/pose_01/ligand.sdf,2827,598c2dff671a47db26c060f68b70b204cdc662096ace62c811ace5bdfafd04d3
raw/archives/clonazepam.tar.gz,clonazepam/alpha1/2026091904/pose_01/pose_status.json,571,6eeb86d5f00d208fb26fa10c825cc59b44ddd5eb0d59fa9bd49cc55091ef9f6d
raw/archives/clonazepam.tar.gz,clonazepam/alpha1/2026091904/pose_01/report.txt,5474,3684409d0f28af41fc64309144846de24680ae5b6dcd1835b021fd8eb9f4e44f
raw/archives/clonazepam.tar.gz,clonazepam/alpha1/2026091904/pose_01/report.xml,11432,4bd6ed46962ddc6048de1a58c6a64a6139b99f4e92020070c380e0704daa6fc3
raw/archives/clonazepam.tar.gz,clonazepam/alpha1/2026091904/pose_02/ligand.sdf,2827,4343eb15eb822a2cd4329effabe930f12d411a4b417e72be739046d9ca2d85d5
raw/archives/clonazepam.tar.gz,clonazepam/alpha1/2026091904/pose_02/pose_status.json,571,bb059c58ddf63cb42f59c86c3a64a502b4b40fd94f3dc2458c2af8ae8df5190f
raw/archives/clonazepam.tar.gz,clonazepam/alpha1/2026091904/pose_02/report.txt,5141,9f6767e3e8a2a8bc825e26ebc2e133a513b91a9c993f4979d1033837d71878d7
raw/archives/clonazepam.tar.gz,clonazepam/alpha1/2026091904/pose_02/report.xml,10785,267e0d32d5ca7ae40b5c8aba6052a1b6cef3068930dd20ac793cc1d7d53bc9a4
raw/archives/clonazepam.tar.gz,clonazepam/alpha1/2026091904/pose_03/ligand.sdf,2827,4701f9e19133ac97067369d858364ae23fa0d09086a7d34c633495a1e1fb3670
raw/archives/clonazepam.tar.gz,clonazepam/alpha1/2026091904/pose_03/pose_status.json,571,92e5d020400ab0a6317111fb1b92133674a926bacfcc1319ca7c54c4a616d109
raw/archives/clonazepam.tar.gz,clonazepam/alpha1/2026091904/pose_03/report.txt,4276,b6a52bc94cf71bb754a70cf51630abdfdfe43a39124f7956a3d4e6848f9f099f
raw/archives/clonazepam.tar.gz,clonazepam/alpha1/2026091904/pose_03/report.xml,9095,dabc12f2d27a8f671aa3cde286b12d2ec290c893377c99204a46c432211fd0ee
raw/archives/clonazepam.tar.gz,clonazepam/alpha1/2026091904/pose_04/ligand.sdf,2827,ddbba69b3a24d03f25b3bb925dcd8cee77a34ded36eae7dec6db37974e254ead
raw/archives/clonazepam.tar.gz,clonazepam/alpha1/2026091904/pose_04/pose_status.json,571,67920ed3920edbbbc68393cfa51188c44ebedfbb94203c9dc72b248895a3ed80
raw/archives/clonazepam.tar.gz,clonazepam/alpha1/2026091904/pose_04/report.txt,1744,4448bfa1b3c4fd65de8fd15bee93ba53d98af24923d913a616f84146a0c611de
raw/archives/clonazepam.tar.gz,clonazepam/alpha1/2026091904/pose_04/report.xml,6541,34b72a78b06fcbf992917d614ca8748cb84c8fc9b449c0ec9697f1b3645317a3
raw/archives/clonazepam.tar.gz,clonazepam/alpha1/2026091904/pose_05/ligand.sdf,2827,855eba0c5f6a5e4c8cecbc35a574e93a8f715fa177541063a01be67bdbe3ab45
raw/archives/clonazepam.tar.gz,clonazepam/alpha1/2026091904/pose_05/pose_status.json,571,4a1ae6e986c181154286fcfd27afb660aeb1c5acf1346adecb446417207a240f
raw/archives/clonazepam.tar.gz,clonazepam/alpha1/2026091904/pose_05/report.txt,4619,8ba5b914487ca989ae8861a291c7bfd0d2e99730b9ed54accce30a6a6bfcc654
raw/archives/clonazepam.tar.gz,clonazepam/alpha1/2026091904/pose_05/report.xml,9444,88120b1d9651ccb116acd14a75e6846e597b491a116c9ef16eea71bb7405bf06
raw/archives/clonazepam.tar.gz,clonazepam/alpha1/2026091904/pose_06/ligand.sdf,2827,6aad8bad55cb956976ff2a77e896347d83ceb294bd3d6d10661273dcdb1aeb6a
raw/archives/clonazepam.tar.gz,clonazepam/alpha1/2026091904/pose_06/pose_status.json,571,7e75410da67cb36b6e689fa5e017388e1481267ee118178dfd411ee160a9c8c2
raw/archives/clonazepam.tar.gz,clonazepam/alpha1/2026091904/pose_06/report.txt,4918,758cab9a6d08bb75d4a5c0fe334a0b569d00ce0d0a39a6825879b7f0bf797237
raw/archives/clonazepam.tar.gz,clonazepam/alpha1/2026091904/pose_06/report.xml,9809,a4db74542087fc2949f3cb504a6995d7b670ce2c63f551f83fbac3126f5f7ada
raw/archives/clonazepam.tar.gz,clonazepam/alpha1/2026091904/pose_07/ligand.sdf,2827,9c2ff433bf5f0629d42b32b857fb0c65745e600c5276fbecb795850b0ba95a92
raw/archives/clonazepam.tar.gz,clonazepam/alpha1/2026091904/pose_07/pose_status.json,571,f5d60efae075441b1962e3e135c8ffd6275848a7dd702f35ae9ceabb4411dc72
raw/archives/clonazepam.tar.gz,clonazepam/alpha1/2026091904/pose_07/report.txt,2521,81e88330d5bbe3b0ae326de13fe3a81dbbf799739c74c1f4e6e6b587e8bbfadd
raw/archives/clonazepam.tar.gz,clonazepam/alpha1/2026091904/pose_07/report.xml,6579,37e57c1db14be99b019cb55cb4bbbe835170a6c7d9ee3850a91e8495ee69cabf
raw/archives/clonazepam.tar.gz,clonazepam/alpha1/2026091904/pose_08/ligand.sdf,2827,cb5a02ee3d0ed8c1bd0789109744890a1b582a5d8e4e240a7c693b54e7564b66
raw/archives/clonazepam.tar.gz,clonazepam/alpha1/2026091904/pose_08/pose_status.json,571,27ae76b80982d882c910d5751e3e780922c393632885ec994a57ddf4ddc204f0
raw/archives/clonazepam.tar.gz,clonazepam/alpha1/2026091904/pose_08/report.txt,1731,fde932eef945e141e283f3f604a3b5c6742052f807b2d10f2b2ab428e70a766a
raw/archives/clonazepam.tar.gz,clonazepam/alpha1/2026091904/pose_08/report.xml,5408,da31992165a10b6c0f8b1150c628596c46d3992aeef9ee4a1e26bee86814896e
raw/archives/clonazepam.tar.gz,clonazepam/alpha1/2026091904/pose_09/ligand.sdf,2827,e35c2208b2346343e3d0e67ab544a213855888cffc2d8b7794c4cbbb00c8965d
raw/archives/clonazepam.tar.gz,clonazepam/alpha1/2026091904/pose_09/pose_status.json,571,11587131f1c2d94196f69a7fc24e5316cde29016d0b97922be30f9171e2c7880
raw/archives/clonazepam.tar.gz,clonazepam/alpha1/2026091904/pose_09/report.txt,3623,9403d732dfe5b4655abac63ef210e06d8ce77c74585d79de80a54d1598efa0ec
raw/archives/clonazepam.tar.gz,clonazepam/alpha1/2026091904/pose_09/report.xml,8548,4584af0acf3a728646a416b8948d234e7724b6963f311cfb928ba4ade91b7972
raw/archives/clonazepam.tar.gz,clonazepam/alpha1/2026091904/pose_manifest.json,5421,dcfa09c875ff8fd7396bbf6327522a4c8bbb0eb55a34d51aa29f491d49c357b4
raw/archives/clonazepam.tar.gz,clonazepam/alpha1/2026091904/poses.pdbqt,21411,48714143541b9e5ff88450741cc6bd5e90477373cdb87e6966cbf0c7e9108380
raw/archives/clonazepam.tar.gz,clonazepam/alpha1/2026091904/vina.log,2386,5ff674ec8a4dafc1e9d867a6b52bf018bd8c150b1df73af618ac26d0270573fc
raw/archives/clonazepam.tar.gz,clonazepam/alpha1/2026091905/docking.json,1533,7d14807657b30f1aa84b77b6979d51d1529bb0cb222532ce82fb500ee86e01e2
raw/archives/clonazepam.tar.gz,clonazepam/alpha1/2026091905/interactions.json,31390,dd40dbc74737f13e15128e64c9922288357d37dd72b31af8c3d2bfb6be2a9700
raw/archives/clonazepam.tar.gz,clonazepam/alpha1/2026091905/plip.log,1890,c567de00c0a26290edcc6f662c3d909022f7ef502a5f9a335b0ff2f6299ab556
raw/archives/clonazepam.tar.gz,clonazepam/alpha1/2026091905/plip_done.json,29,bef149d6b4bcd0e8393fac45503362a862d45eadcceff434b3d9640f4b008ec4
raw/archives/clonazepam.tar.gz,clonazepam/alpha1/2026091905/pose_01/ligand.sdf,2827,30776aec466083b83a2a08d5e0b60181caed9a5b8b6069597605e96839d87ab6
raw/archives/clonazepam.tar.gz,clonazepam/alpha1/2026091905/pose_01/pose_status.json,571,29c0180e963915e865a7731a4beaba8ef288a180c517ae9d4b06e002ae0dc11e
raw/archives/clonazepam.tar.gz,clonazepam/alpha1/2026091905/pose_01/report.txt,5474,60e84c8c612058e56f3dfe92aa756ac7f97e2cf7d76d37451897b85b2a20f720
raw/archives/clonazepam.tar.gz,clonazepam/alpha1/2026091905/pose_01/report.xml,11432,3625482e337ae5e1daa88137ed6e02f4a663c51a914ed62f234694fa9533e329
raw/archives/clonazepam.tar.gz,clonazepam/alpha1/2026091905/pose_02/ligand.sdf,2827,2d6f6219a4a586b0fe2d3db8343a8d684fdf8b4a9b2ca3c2d43fd3609254ef49
raw/archives/clonazepam.tar.gz,clonazepam/alpha1/2026091905/pose_02/pose_status.json,571,c1ab2d26c0c59b3f43f78801a8b52e7762a4c990695287d61beb9a7dd684dc86
raw/archives/clonazepam.tar.gz,clonazepam/alpha1/2026091905/pose_02/report.txt,5429,49c33e9d2cdbe1676dd553c2738b298a0e7a9264547b88e38ddd4a12c6ed3970
raw/archives/clonazepam.tar.gz,clonazepam/alpha1/2026091905/pose_02/report.xml,11197,8f7821b5e7655652d6c9a5b07c97134fdbd4c4fcddd68387fb1379b046be737e
raw/archives/clonazepam.tar.gz,clonazepam/alpha1/2026091905/pose_03/ligand.sdf,2827,5c6cfd47eea50cdab400c588fa41005dea274798908efdd872013fe6a271ac6a
raw/archives/clonazepam.tar.gz,clonazepam/alpha1/2026091905/pose_03/pose_status.json,571,e4e051ccd8398e494fb77a9db69f90b4da5018886563ee217c60593db2f465c0
raw/archives/clonazepam.tar.gz,clonazepam/alpha1/2026091905/pose_03/report.txt,5141,5466a1bea6d214f8ed9c1bdd909ecb64bd697cf2acba3212614034fad44a7b1b
raw/archives/clonazepam.tar.gz,clonazepam/alpha1/2026091905/pose_03/report.xml,10785,135c774fdf406b536b8e9fcbf30ac7773e0df7b2005390e3ef1aadebfc95e4ef
raw/archives/clonazepam.tar.gz,clonazepam/alpha1/2026091905/pose_04/ligand.sdf,2827,547051b7e228606dcbb2765f4f09862f98385fc6a5fd87a33f705fb00e04454f
raw/archives/clonazepam.tar.gz,clonazepam/alpha1/2026091905/pose_04/pose_status.json,571,cd6aaf30f6334389cc7327802a8b8f36956ad8dc747acae8fcf0356ed8e32376
raw/archives/clonazepam.tar.gz,clonazepam/alpha1/2026091905/pose_04/report.txt,2410,5f69750de89448d5d73c9aaa863af7bf70226832d3c0180f6490af38db251c58
raw/archives/clonazepam.tar.gz,clonazepam/alpha1/2026091905/pose_04/report.xml,8086,9545707f51acd033cfadfdf9bf0595c8d894318d2d6bb4c0a66777d70ea97591
raw/archives/clonazepam.tar.gz,clonazepam/alpha1/2026091905/pose_05/ligand.sdf,2827,2ac16353a9123d3337ef26bb86eb2c6974d68573073f326f44505ed38f2961cc
raw/archives/clonazepam.tar.gz,clonazepam/alpha1/2026091905/pose_05/pose_status.json,571,b0f6709e0f5912bab02e0cdba28e551520aaf2c2601b49612d67ae77ec8663a2
raw/archives/clonazepam.tar.gz,clonazepam/alpha1/2026091905/pose_05/report.txt,3413,ba999dd326c90fb0117b46c94bf3b5a4b15c4220462b92224905737f88c3b9fa
raw/archives/clonazepam.tar.gz,clonazepam/alpha1/2026091905/pose_05/report.xml,8329,13a8e79b83663bf6b2e3e0da8f6607a3d8945727f7d543fb2e1e9060f210cd48
raw/archives/clonazepam.tar.gz,clonazepam/alpha1/2026091905/pose_06/ligand.sdf,2827,dc0e3a24cd36cc3483b3d08bd062a193f35543de5f3637de490e06aa67b4e3b8
raw/archives/clonazepam.tar.gz,clonazepam/alpha1/2026091905/pose_06/pose_status.json,571,8d20df5842632679e706c49919740d23f74e9b26c99030085af2a54179daf16d
raw/archives/clonazepam.tar.gz,clonazepam/alpha1/2026091905/pose_06/report.txt,1744,23cc3d5b4b525d2bc84db8471eba6354052dfcf00d4c0999636f69a7a7251127
raw/archives/clonazepam.tar.gz,clonazepam/alpha1/2026091905/pose_06/report.xml,6541,d88b228cc202963c2c1e8a2cf62259ad1c0b047bd0c9c0b8f92d40611e327059
raw/archives/clonazepam.tar.gz,clonazepam/alpha1/2026091905/pose_07/ligand.sdf,2827,cfc6ef7bd0b3fa4de22abfb4aa3427b0f76ad95001a51f39eb3804ea5adcc2f1
raw/archives/clonazepam.tar.gz,clonazepam/alpha1/2026091905/pose_07/pose_status.json,571,a3ed1dc7bd70783b1746f4f014ea838a57d7392b2f0eb9371f5c7e60c2c83bf7
raw/archives/clonazepam.tar.gz,clonazepam/alpha1/2026091905/pose_07/report.txt,2521,e1101eb3561bee1805d81d22559bcdd314339056d9f568a31d0e9dfb3e1b42c0
raw/archives/clonazepam.tar.gz,clonazepam/alpha1/2026091905/pose_07/report.xml,6579,2fbfc739f445f1bad4aab150abdcf2d5f14f5bd02566d8ca700852acea84f35e
raw/archives/clonazepam.tar.gz,clonazepam/alpha1/2026091905/pose_08/ligand.sdf,2827,308514ea8b626d6fb1dd238f1432d9eebd95aca3e6cd7748296152bf7d13e488
raw/archives/clonazepam.tar.gz,clonazepam/alpha1/2026091905/pose_08/pose_status.json,571,b9d893636e12fa7d486b692121a4883b3e43b1ad744a38f9fe4bfb9050570d01
raw/archives/clonazepam.tar.gz,clonazepam/alpha1/2026091905/pose_08/report.txt,4808,4826662bbc3ee9ac475c83ed4646d638806a506ad7d715d9c125749bd2ebd724
raw/archives/clonazepam.tar.gz,clonazepam/alpha1/2026091905/pose_08/report.xml,10052,54956578f2003638a3ab7fb63d73501c6f09e8af4fcc2427bf58f0c24ecb0261
raw/archives/clonazepam.tar.gz,clonazepam/alpha1/2026091905/pose_09/ligand.sdf,2827,e5b2a1a5156d69202f482ea0f21a4b7127495952f15883cb8e9dd9511d5681af
raw/archives/clonazepam.tar.gz,clonazepam/alpha1/2026091905/pose_09/pose_status.json,571,3ad1b141b2fcf6bd5de05956ca3ddbe4a669028ca69b9eb0f1043f2fc9977874
raw/archives/clonazepam.tar.gz,clonazepam/alpha1/2026091905/pose_09/report.txt,1731,75054615a6267f7af2115d4a504d0584ced6e7bb6cc048046f59691432f35fdf
raw/archives/clonazepam.tar.gz,clonazepam/alpha1/2026091905/pose_09/report.xml,5492,272fa679ca54b5158dfcd1817ee76fbab11624075f53c10d41ea5fff9618f9b9
raw/archives/clonazepam.tar.gz,clonazepam/alpha1/2026091905/pose_manifest.json,5421,3f18da8d7407cb3c68f7e45548e86e101e2a66ffb2c4703b0858fa4e62dec73f
raw/archives/clonazepam.tar.gz,clonazepam/alpha1/2026091905/poses.pdbqt,21411,6d592d594373ff97844c50079ae3be676c87febd0aa4200bce43e8a92108a3a0
raw/archives/clonazepam.tar.gz,clonazepam/alpha1/2026091905/vina.log,2386,207aee0a5a14920b4e0ee94ce86d7ddcf2b6f78d28fdb57fde7de74c99f7635e
raw/archives/clonazepam.tar.gz,clonazepam/alpha2/2026091901/docking.json,1531,27b5b5b6623a255baa5c261478c57b3af3bab26fd5d0a053f0577ac9930eed68
raw/archives/clonazepam.tar.gz,clonazepam/alpha2/2026091901/interactions.json,25637,3560d3351ac0830402ff39ed87511f0a162395246496560e363fd82d28046253
raw/archives/clonazepam.tar.gz,clonazepam/alpha2/2026091901/plip.log,1890,1c34329bd269e0f3b7c9e9b8bd231e7056e94bea157589e9a0081d8ba8bd3d1d
raw/archives/clonazepam.tar.gz,clonazepam/alpha2/2026091901/plip_done.json,29,bef149d6b4bcd0e8393fac45503362a862d45eadcceff434b3d9640f4b008ec4
raw/archives/clonazepam.tar.gz,clonazepam/alpha2/2026091901/pose_01/ligand.sdf,2827,76dbdff0c0a33fc0b43e443bd3a22f2c7fe3e9be28e7255a5c25ead49d641466
raw/archives/clonazepam.tar.gz,clonazepam/alpha2/2026091901/pose_01/pose_status.json,571,d9e2ebaf9115fe982f92c09e4b50d0d8811513db0b8d8bbdc8a2c2ad130c91c6
raw/archives/clonazepam.tar.gz,clonazepam/alpha2/2026091901/pose_01/report.txt,3091,b56135ff11d00d1ce005d690e253af968a346fc7b7114681ead014984ad7de47
raw/archives/clonazepam.tar.gz,clonazepam/alpha2/2026091901/pose_01/report.xml,7539,5f8ebe61c21eb3fbe65fd14abfee7b1e5d91f6862f147270d738b3ca4ef68678
raw/archives/clonazepam.tar.gz,clonazepam/alpha2/2026091901/pose_02/ligand.sdf,2827,63b4b635e914a47b6dda30dd0c0231f1071d0fef393573a6e81fd38264882ff2
raw/archives/clonazepam.tar.gz,clonazepam/alpha2/2026091901/pose_02/pose_status.json,571,d50c7a77eabff816ca67316ec47cc9f4cfc4887e1da64760ec91216a8de08841
raw/archives/clonazepam.tar.gz,clonazepam/alpha2/2026091901/pose_02/report.txt,3758,2f018dd6afeb0e391f34161090f42ef0c6d44b5ba78b894ddcd5eef3ed530384
raw/archives/clonazepam.tar.gz,clonazepam/alpha2/2026091901/pose_02/report.xml,9079,710895e0650f4acbe59f2dfc8a0cfdddb64237fd825c603785500d405526a2e0
raw/archives/clonazepam.tar.gz,clonazepam/alpha2/2026091901/pose_03/ligand.sdf,2827,60840f2107156033f0b24c716bbc1ec777adad4f259b26916b0ab44ef6212328
raw/archives/clonazepam.tar.gz,clonazepam/alpha2/2026091901/pose_03/pose_status.json,571,e621c3f7d2b730320ae0225bbbde9624cc10b6ffa22179008bbb59496020a30e
raw/archives/clonazepam.tar.gz,clonazepam/alpha2/2026091901/pose_03/report.txt,2059,c2f82620afbc434c50e4a9d4ec4ccb6b482d34003fd49094ffac6a31824e3813
raw/archives/clonazepam.tar.gz,clonazepam/alpha2/2026091901/pose_03/report.xml,7184,6ca1814b42babf41f7a39b86bb4f964aaccc15cfefd7b0137e6b65fc3ed38e8d
raw/archives/clonazepam.tar.gz,clonazepam/alpha2/2026091901/pose_04/ligand.sdf,2827,a16b1909e728e268e3012786a6be5a9a75eac74916e99ee0d339533583d3ab53
raw/archives/clonazepam.tar.gz,clonazepam/alpha2/2026091901/pose_04/pose_status.json,571,2159f65c79f0b7efbd702f90bcde29f11610600bce0eb463d5837cc02ce7d9b3
raw/archives/clonazepam.tar.gz,clonazepam/alpha2/2026091901/pose_04/report.txt,5177,9e4a5f2cdca103e2b1fa2b807562920711369e51a54916d3a52b57bd5f5cb3fa
raw/archives/clonazepam.tar.gz,clonazepam/alpha2/2026091901/pose_04/report.xml,10209,f93b0b2601dd56b568be057165ec944e2556ac1d46b216a3028e6e1c1c92d04e
raw/archives/clonazepam.tar.gz,clonazepam/alpha2/2026091901/pose_05/ligand.sdf,2827,0c8257c75f4188ea1d4d6e6740bd2f3876893cf2d9e58f4873aa616c7df2d126
raw/archives/clonazepam.tar.gz,clonazepam/alpha2/2026091901/pose_05/pose_status.json,571,8e9ff32180db18a4bf459963da905f11adfbc3f23e55bd6c2b32c0a1125b71f9
raw/archives/clonazepam.tar.gz,clonazepam/alpha2/2026091901/pose_05/report.txt,3724,080a2c1c5f72b338c9680361a7242fe12837350ca19b61fd91c014805c518068
raw/archives/clonazepam.tar.gz,clonazepam/alpha2/2026091901/pose_05/report.xml,7451,a160a414ac3ba98ed3117046da98bda67c27e49b4fa8480b379368c5dac76c55
raw/archives/clonazepam.tar.gz,clonazepam/alpha2/2026091901/pose_06/ligand.sdf,2827,9b3f50f5334750c3c61a8ba7880d59ef98519dd2645736363a2497111f9a6712
raw/archives/clonazepam.tar.gz,clonazepam/alpha2/2026091901/pose_06/pose_status.json,571,c74266b106845152605fec6095dfd6ac4fb1fcfdd8336638e7f24d6c2eaf3535
raw/archives/clonazepam.tar.gz,clonazepam/alpha2/2026091901/pose_06/report.txt,3411,6edf12f518eee0debefa63b71fce76757ec5466bdb15755ddead2a4b3ebaddd9
raw/archives/clonazepam.tar.gz,clonazepam/alpha2/2026091901/pose_06/report.xml,7960,62d9e66ce1417d60626fdaf312bd642ae8838c12af82886ccea61f998346def5
raw/archives/clonazepam.tar.gz,clonazepam/alpha2/2026091901/pose_07/ligand.sdf,2827,4db9c050c979badafcf3e0ffdd5b768d873fd803adb32aeb41bb797bc006e1dc
raw/archives/clonazepam.tar.gz,clonazepam/alpha2/2026091901/pose_07/pose_status.json,571,50a925d3d27a848eb4af7c38b22473e3f20861240bfcbf60846d2e509b6e6df9
raw/archives/clonazepam.tar.gz,clonazepam/alpha2/2026091901/pose_07/report.txt,1737,897c704126fef743942c3996c4f79b10295925df4d02442be6b1a71212547d03
raw/archives/clonazepam.tar.gz,clonazepam/alpha2/2026091901/pose_07/report.xml,6370,1455626326b33d62ed103f521fb32d2a73c4330de87e1a0e1adc7dad87d51888
raw/archives/clonazepam.tar.gz,clonazepam/alpha2/2026091901/pose_08/ligand.sdf,2827,f0aade5af5edb692af52a92ad6e42d4aa246b739c03a79a302b4808b1ac3dd9d
raw/archives/clonazepam.tar.gz,clonazepam/alpha2/2026091901/pose_08/pose_status.json,571,d1e74575ceffaaa65f66ac50ffb5edeca441c96bd178686468566f2ddc981261
raw/archives/clonazepam.tar.gz,clonazepam/alpha2/2026091901/pose_08/report.txt,2604,569277cbc2f84de0363060548a9bf95be9885f921345421d726324ff4bbd0d9d
raw/archives/clonazepam.tar.gz,clonazepam/alpha2/2026091901/pose_08/report.xml,6601,ef5edaefe574d827805c092e5e347ec3c01a927402ab14370a0d733943873d88
raw/archives/clonazepam.tar.gz,clonazepam/alpha2/2026091901/pose_09/ligand.sdf,2827,8fe35f4ffbe4f46642e01869b72195d8b235e0694e9cc85e22f75b7e043b7669
raw/archives/clonazepam.tar.gz,clonazepam/alpha2/2026091901/pose_09/pose_status.json,571,ee0c4173b1a5172cfafc5c846350441370093dc4753d8966f50bf479ee2aa6da
raw/archives/clonazepam.tar.gz,clonazepam/alpha2/2026091901/pose_09/report.txt,2066,c1af3ac9aafcbde50dee4c0981f9b90cbe75be1e5550a72029da2b13ce784a6c
raw/archives/clonazepam.tar.gz,clonazepam/alpha2/2026091901/pose_09/report.xml,7042,3ec7b82c16eb4b8617c673ef43db4e43ede267aa88c3d36b517feca5658309fe
raw/archives/clonazepam.tar.gz,clonazepam/alpha2/2026091901/pose_manifest.json,5421,2cad4464584b7c1dc6a854b00bc4beddc158c140db38fb2cbbfb258c822d5106
raw/archives/clonazepam.tar.gz,clonazepam/alpha2/2026091901/poses.pdbqt,21411,4ab413d848be0bf9e4e4b62ee33e72325bf919345262155d3563c6e734d8e2f4
raw/archives/clonazepam.tar.gz,clonazepam/alpha2/2026091901/vina.log,2386,b92c5f3a3b19a172a09f75124f9d893b0915fe0c7c2432333c093e2393b33620
raw/archives/clonazepam.tar.gz,clonazepam/alpha2/2026091902/docking.json,1531,fc62d6a04bf3f866281428158b7ebe8350f98c554e1e3011242989276815fba5
raw/archives/clonazepam.tar.gz,clonazepam/alpha2/2026091902/interactions.json,27670,6620f2c3fb52913e5ecab6eb8e97f5bbff7ff3b790c3b73872f38dcb3f2a4030
raw/archives/clonazepam.tar.gz,clonazepam/alpha2/2026091902/plip.log,1890,ffb896f547305678d0328d0412acc734b85b7c7c4f95cc396add9cee8409a69e
raw/archives/clonazepam.tar.gz,clonazepam/alpha2/2026091902/plip_done.json,29,bef149d6b4bcd0e8393fac45503362a862d45eadcceff434b3d9640f4b008ec4
raw/archives/clonazepam.tar.gz,clonazepam/alpha2/2026091902/pose_01/ligand.sdf,2827,544b171b5d265702eea04931395ee515e2cb2ae4526ad1876b7ac4f7f9ffa204
raw/archives/clonazepam.tar.gz,clonazepam/alpha2/2026091902/pose_01/pose_status.json,571,511e8f82ff62f994bd999eafdafdaa9d7c92eb818c691bbb8417a8cb78b0c0e5
raw/archives/clonazepam.tar.gz,clonazepam/alpha2/2026091902/pose_01/report.txt,3091,365f784825e80ab8c30237c93dfdf8096fcce9d6be564da4475d30eae804ef9f
raw/archives/clonazepam.tar.gz,clonazepam/alpha2/2026091902/pose_01/report.xml,7539,d566509359575a21d71cb2bb6c3fed81a002597a467d7667b186dc05a99a3fbb
raw/archives/clonazepam.tar.gz,clonazepam/alpha2/2026091902/pose_02/ligand.sdf,2827,691582c5a71ae19aa1e3b762ce86bd61ac86c60f98a4b729491563ecc3a765b6
raw/archives/clonazepam.tar.gz,clonazepam/alpha2/2026091902/pose_02/pose_status.json,571,6a94f0ca0274c509858bee91c233bda451fcc818222e4b92ff19a1510508690c
raw/archives/clonazepam.tar.gz,clonazepam/alpha2/2026091902/pose_02/report.txt,3200,501175cadbe7ad3ce9ee7e4b009261064fba028ba1bff1902e52346e382f5d75
raw/archives/clonazepam.tar.gz,clonazepam/alpha2/2026091902/pose_02/report.xml,8354,c8cf662eecb4a31eb2cf1247512ffebaa8d2cedc29a83de9782309270ad1798c
raw/archives/clonazepam.tar.gz,clonazepam/alpha2/2026091902/pose_03/ligand.sdf,2827,94f340bf22bf6c8c77bf52ddca48f04896c72b86995999255fd51283d512781f
raw/archives/clonazepam.tar.gz,clonazepam/alpha2/2026091902/pose_03/pose_status.json,571,e965eaf206d1e77ee7d9d545be99ddaecf80c80be1cfaf06d1f2c6f1ac202f6c
raw/archives/clonazepam.tar.gz,clonazepam/alpha2/2026091902/pose_03/report.txt,3758,2da02c47fc19468386447c7592dae7b49ac554662270ff8b5c65f86cc456c3f1
raw/archives/clonazepam.tar.gz,clonazepam/alpha2/2026091902/pose_03/report.xml,9079,72e408d01cdd9474fde1f3bdf6c6e821ef959210b7b83c3ceec2d1c07f1baec7
raw/archives/clonazepam.tar.gz,clonazepam/alpha2/2026091902/pose_04/ligand.sdf,2827,eae74ac73a27285f48b3c27d71bb83f3c0d7a525b4f3d9dd4aecb89e493b86d8
raw/archives/clonazepam.tar.gz,clonazepam/alpha2/2026091902/pose_04/pose_status.json,571,ec7824b9ea86d9fb1f457ee570651becfb76cdcc41bc5f97be30f61a02dae701
raw/archives/clonazepam.tar.gz,clonazepam/alpha2/2026091902/pose_04/report.txt,2059,9d30b81cdcd6540aed879cd36c24064e2f7c272aa5b66979a6125929904e6062
raw/archives/clonazepam.tar.gz,clonazepam/alpha2/2026091902/pose_04/report.xml,7184,99f38d828bd0a8df5630388d8cb95d3e10a5175bee5b0312278340e2a25d34cb
raw/archives/clonazepam.tar.gz,clonazepam/alpha2/2026091902/pose_05/ligand.sdf,2827,e049df1be9578c8379f26fa5a658ab797bf7e842296ed0d8362361f624820e13
raw/archives/clonazepam.tar.gz,clonazepam/alpha2/2026091902/pose_05/pose_status.json,571,ac89985372b2680c719fae50fd1ca8ef3241611c9e25a26f7502724ad5117b29
raw/archives/clonazepam.tar.gz,clonazepam/alpha2/2026091902/pose_05/report.txt,5177,7077e17ca327539d9b9f3d2f6e454301952cecd0d37849c0217e681274f97d4f
raw/archives/clonazepam.tar.gz,clonazepam/alpha2/2026091902/pose_05/report.xml,10294,f943a46096bf0fc4fe5163c60faaf106e4abc27ca0c24cd86a3b123a71d076c6
raw/archives/clonazepam.tar.gz,clonazepam/alpha2/2026091902/pose_06/ligand.sdf,2827,78f36be9ab8c44f49872dae460f60c6a3fe1573446ab80ed560c3824fcc235cf
raw/archives/clonazepam.tar.gz,clonazepam/alpha2/2026091902/pose_06/pose_status.json,571,e4242c8bca0c516911e2ecefb7ba5358a3a70442e5f18d5f40b7d4d284704e2d
raw/archives/clonazepam.tar.gz,clonazepam/alpha2/2026091902/pose_06/report.txt,2933,dd34be64e3cb744f216f5f20fa8b4e7f9287090ba8f1c94e630a5bae4f17073d
raw/archives/clonazepam.tar.gz,clonazepam/alpha2/2026091902/pose_06/report.xml,7246,945b24d66d6d82d321a70414f88d54c87d360951067fd1c9db3aafbb95fc65df
raw/archives/clonazepam.tar.gz,clonazepam/alpha2/2026091902/pose_07/ligand.sdf,2827,ab7f089b0d9e050dc5711e3c70a759160e10182d18d491bdd166d19d3ba5d3eb
raw/archives/clonazepam.tar.gz,clonazepam/alpha2/2026091902/pose_07/pose_status.json,571,154f082f99d69f6e53ebbe7de14b3e6742780034ff411c6dd2c997b91faf19bb
raw/archives/clonazepam.tar.gz,clonazepam/alpha2/2026091902/pose_07/report.txt,1737,80ffbe6428cdd5916d7fa9a06b9041fe11f02d2465f1f5dc573ba30566e382cd
raw/archives/clonazepam.tar.gz,clonazepam/alpha2/2026091902/pose_07/report.xml,6370,5d77191c627bedb9fd6ccd4694abcf24d6bd500f77690fde799091f3ea3c001c
raw/archives/clonazepam.tar.gz,clonazepam/alpha2/2026091902/pose_08/ligand.sdf,2827,93406882f9dc6917a68d3fa9a6c4895f833374b2d05665eb716dc063870fe846
raw/archives/clonazepam.tar.gz,clonazepam/alpha2/2026091902/pose_08/pose_status.json,571,80db628a80a0e6597e2ac0ee4ce8ccd759eb99046f6d83f6628a7cd259a4de00
raw/archives/clonazepam.tar.gz,clonazepam/alpha2/2026091902/pose_08/report.txt,3166,f79b45ef11a1b7f5ef53bbfff243820c199ee350c8c4875f90b29be6bb56ed88
raw/archives/clonazepam.tar.gz,clonazepam/alpha2/2026091902/pose_08/report.xml,7836,baf9d7e692e663d71933ea95a89b2e148d6feed1dd05a92460dcb41058625bb2
raw/archives/clonazepam.tar.gz,clonazepam/alpha2/2026091902/pose_09/ligand.sdf,2827,a3682b2f6442bf8b05a0a70e348cac370b830df83955c444f4f2a090c3f22fb5
raw/archives/clonazepam.tar.gz,clonazepam/alpha2/2026091902/pose_09/pose_status.json,571,920ce37b802806bf1d82dee0a65d8faaafb975b3cab161728001b26d60b92c6d
raw/archives/clonazepam.tar.gz,clonazepam/alpha2/2026091902/pose_09/report.txt,3260,31d34d141efaa4a3b445cc0cb97d86fe085cfdb6f0869e52efb1ee6f00599ac1
raw/archives/clonazepam.tar.gz,clonazepam/alpha2/2026091902/pose_09/report.xml,8091,7394b8a6e13eef1d576bf8916f979f32136bed5a1ff6316c62ac8e7deeee9ff4
raw/archives/clonazepam.tar.gz,clonazepam/alpha2/2026091902/pose_manifest.json,5421,7b3cad534e9790bc49754a690e908d5754d3d405c634c2355ebc77081158a3c5
raw/archives/clonazepam.tar.gz,clonazepam/alpha2/2026091902/poses.pdbqt,21411,7b8ad39aa8701a04faf0d4437e0c5b917a1764ce210207b259156a11eadb1885
raw/archives/clonazepam.tar.gz,clonazepam/alpha2/2026091902/vina.log,2386,3906500d91befb9ca750af41fb076936973104449906983f366bf09a30e99f38
raw/archives/clonazepam.tar.gz,clonazepam/alpha2/2026091903/docking.json,1531,4a54ded20b7aad71637540dfdf0b99b6f62658ba2ea6c50aa2e7e868eaf8b6cd
raw/archives/clonazepam.tar.gz,clonazepam/alpha2/2026091903/interactions.json,25386,88f65d02de86da7f5b6383c9fcdee4a39c0dbf821db7ab3fc2982ca9254efed2
raw/archives/clonazepam.tar.gz,clonazepam/alpha2/2026091903/plip.log,1890,b56edee31a586c23748574788598f8560d741d4720367a009238cdb67c0538b0
raw/archives/clonazepam.tar.gz,clonazepam/alpha2/2026091903/plip_done.json,29,bef149d6b4bcd0e8393fac45503362a862d45eadcceff434b3d9640f4b008ec4
raw/archives/clonazepam.tar.gz,clonazepam/alpha2/2026091903/pose_01/ligand.sdf,2827,39e903ea9e3974e694bf3145e2be559eef3be0c88282b4b7a95ff874976e4f44
raw/archives/clonazepam.tar.gz,clonazepam/alpha2/2026091903/pose_01/pose_status.json,571,9c99d187da90430b98eda0c2097c3411e677484d8e0ce78343ae6d562fe73ba3
raw/archives/clonazepam.tar.gz,clonazepam/alpha2/2026091903/pose_01/report.txt,3091,8219ff514ef2b95afcbe4b288d05d534dd53a0ae990b5eff201018395ac45869
raw/archives/clonazepam.tar.gz,clonazepam/alpha2/2026091903/pose_01/report.xml,7539,cb15ec2e0854f94a6956200a330352bbc7ff32c5e8b056e2f2a00f15ff418479
raw/archives/clonazepam.tar.gz,clonazepam/alpha2/2026091903/pose_02/ligand.sdf,2827,7c435b83c8e45f7112d6a7cc514c273dc4aff4085d401541d200f685cadc2685
raw/archives/clonazepam.tar.gz,clonazepam/alpha2/2026091903/pose_02/pose_status.json,571,efca96ef9613ce8f10b67807185aba581b501fa154ad1206126214c345e75b88
raw/archives/clonazepam.tar.gz,clonazepam/alpha2/2026091903/pose_02/report.txt,3200,d41b02fe77708d37434b78a84e7cec49ca071622a68e37768a7827a2987ee1e4
raw/archives/clonazepam.tar.gz,clonazepam/alpha2/2026091903/pose_02/report.xml,8354,dc79a4d21198f1a6eb88f48248595a0573694604f6eee437ff4a970a131744b9
raw/archives/clonazepam.tar.gz,clonazepam/alpha2/2026091903/pose_03/ligand.sdf,2827,fe971c6eb76d9ea516b8ed0d78129cf95b79b088c15665b250a1f73e13baf8da
raw/archives/clonazepam.tar.gz,clonazepam/alpha2/2026091903/pose_03/pose_status.json,571,f49b8bb769ba70694e7f38b158c25ef33f91a354ca1565963ea58fae410817e9
raw/archives/clonazepam.tar.gz,clonazepam/alpha2/2026091903/pose_03/report.txt,4846,54b243bf213b4011e014ec4ea3ad14eaaae69a9974b27d1d520fc902937a22fe
raw/archives/clonazepam.tar.gz,clonazepam/alpha2/2026091903/pose_03/report.xml,9732,e7c07ce97f16bf0145d977a0c83ffb028ad5e737d5f60e8f368ca73ee1d0124a
raw/archives/clonazepam.tar.gz,clonazepam/alpha2/2026091903/pose_04/ligand.sdf,2827,bd745be6c7f50ecbdb6240eee882c711af8b6568c66232ca0cb2eaf2e5dcf018
raw/archives/clonazepam.tar.gz,clonazepam/alpha2/2026091903/pose_04/pose_status.json,571,cb6298a42a1eaf1b230f41f9724edf0d3ea11653db30cb07dc1528f5467cf477
raw/archives/clonazepam.tar.gz,clonazepam/alpha2/2026091903/pose_04/report.txt,3602,1ca95a00cd15d51fd08bade300cc7d355ff594109d1f1a34468abd2bc554c181
raw/archives/clonazepam.tar.gz,clonazepam/alpha2/2026091903/pose_04/report.xml,8621,5f3781533c96a52903ac1f8943bd2d173bb95312cdcf1e1dd170bd600b61f280
raw/archives/clonazepam.tar.gz,clonazepam/alpha2/2026091903/pose_05/ligand.sdf,2827,f161d0c7687b1bd101df28ceb123e8997a1c4cd77ce59ba376d5e3ddb95c70df
raw/archives/clonazepam.tar.gz,clonazepam/alpha2/2026091903/pose_05/pose_status.json,571,40706c6c73b956efd87d54bfdfb5dd228671d7e0f772b822f1ba4b67838d4d8f
raw/archives/clonazepam.tar.gz,clonazepam/alpha2/2026091903/pose_05/report.txt,2059,f7db8557b3ebcddc5640539d69e4f202388431033642daf6aecaa4778ed57b6d
raw/archives/clonazepam.tar.gz,clonazepam/alpha2/2026091903/pose_05/report.xml,7268,8c13a1f02153905fb03f19e08017ca4b296a0f7f006b6908ec195f58b5094788
raw/archives/clonazepam.tar.gz,clonazepam/alpha2/2026091903/pose_06/ligand.sdf,2827,af2b469045820c122cd80ca1e8a319b46a3bafebfe8103d00358807e0d65e62a
raw/archives/clonazepam.tar.gz,clonazepam/alpha2/2026091903/pose_06/pose_status.json,571,583cdf674a2e107c2d9e7046bcc94d22fcc17edc1024b60eb7b50976dc04d912
raw/archives/clonazepam.tar.gz,clonazepam/alpha2/2026091903/pose_06/report.txt,2604,4065687a83fbf0fc4740a9cc9927b7931669545ee486fb458e2265973abbd2bc
raw/archives/clonazepam.tar.gz,clonazepam/alpha2/2026091903/pose_06/report.xml,6685,94b8c1a6277147c0b26ab4fc3f0a259825fc07cae76f29b9f7ad3384f660ab8f
raw/archives/clonazepam.tar.gz,clonazepam/alpha2/2026091903/pose_07/ligand.sdf,2827,10d665d1f79de4e7dd70fbfc65e9d8d4965861fc1188f84c08ddb8a9e033396e
raw/archives/clonazepam.tar.gz,clonazepam/alpha2/2026091903/pose_07/pose_status.json,571,0ec63bf1582e8f4065b93a3c58bf4c2e386def5fd925f4e48976c9ea7ea176b7
raw/archives/clonazepam.tar.gz,clonazepam/alpha2/2026091903/pose_07/report.txt,1737,8668eb3990e08983c4f9a3dba439f8057cbe69af3345028b4e1a8ea0d66d0b9d
raw/archives/clonazepam.tar.gz,clonazepam/alpha2/2026091903/pose_07/report.xml,6370,020d9530a44a6e20c3fc04275fe43175eccb4699299ec074891d0b94f55c5f40
raw/archives/clonazepam.tar.gz,clonazepam/alpha2/2026091903/pose_08/ligand.sdf,2827,7da1af3df143ce7231f3823b4ccce6aae83ba7d900b5dc96a9ea52aca6afc364
raw/archives/clonazepam.tar.gz,clonazepam/alpha2/2026091903/pose_08/pose_status.json,571,84a6eba4fceab1753a1ba9ca14c988c1792f4bef8bab9bb2d9ba53270ab4ead3
raw/archives/clonazepam.tar.gz,clonazepam/alpha2/2026091903/pose_08/report.txt,4050,2b7ced48afbd893d8e58331624d69e7a7c8cd9f92105ce179d010426b12bf070
raw/archives/clonazepam.tar.gz,clonazepam/alpha2/2026091903/pose_08/report.xml,7930,4e75f6f8e5624c2ddc36c5441ff8e93e09011136114b65dddfb29f74643cd7ae
raw/archives/clonazepam.tar.gz,clonazepam/alpha2/2026091903/pose_09/ligand.sdf,2827,984f8422fac8bd4d4787a449fa3e2555cece2a3bf8e909071647c99018410065
raw/archives/clonazepam.tar.gz,clonazepam/alpha2/2026091903/pose_09/pose_status.json,571,0d35ef839694236493ea4dcf6e06a0a7f73cde32c557d8702887d90d95b26be9
raw/archives/clonazepam.tar.gz,clonazepam/alpha2/2026091903/pose_09/report.txt,2837,3432b3079b7b18eba1c3a5be13506ece7dc9eff65c0aed5d25977f8bd8a7db6c
raw/archives/clonazepam.tar.gz,clonazepam/alpha2/2026091903/pose_09/report.xml,7190,f4e6e8be44d57a0a19d689b3d9e32f2c08097b466ace087f41fdb25eb0cf1f3c
raw/archives/clonazepam.tar.gz,clonazepam/alpha2/2026091903/pose_manifest.json,5421,2e3cc125c678fe83867fb93842e2e74a7b95cde89c75bf5f08a7d29ff3f46af1
raw/archives/clonazepam.tar.gz,clonazepam/alpha2/2026091903/poses.pdbqt,21411,a53525528940e76ae69fa46534704aa0ffeeb855de912b7aa9cc332d59ac6d0a
raw/archives/clonazepam.tar.gz,clonazepam/alpha2/2026091903/vina.log,2386,db2d2556702487583fa8d3126e1e4a7d0abdd31a581bbfff9e102fb1562c2f05
raw/archives/clonazepam.tar.gz,clonazepam/alpha2/2026091904/docking.json,1531,f8d688d2a7dbb9e2021d14d543cc1fa180688f832bdadde92dbce5598f092fc2
raw/archives/clonazepam.tar.gz,clonazepam/alpha2/2026091904/interactions.json,28495,266e5b1fe6b3a624291c5a340c423685874ed5cf3b8e31c4cefc53c615d2f20a
raw/archives/clonazepam.tar.gz,clonazepam/alpha2/2026091904/plip.log,1890,b9ad01e9ea6eb6f53ede9f3fbd239d176c62bce6830b83d0c74e79bdb9b13247
raw/archives/clonazepam.tar.gz,clonazepam/alpha2/2026091904/plip_done.json,29,bef149d6b4bcd0e8393fac45503362a862d45eadcceff434b3d9640f4b008ec4
raw/archives/clonazepam.tar.gz,clonazepam/alpha2/2026091904/pose_01/ligand.sdf,2827,75fa7899ab20660e4b3020d6528ff03fca421780437b0be055c91d03b77fe41a
raw/archives/clonazepam.tar.gz,clonazepam/alpha2/2026091904/pose_01/pose_status.json,571,b27e1c5d3a079e2b14f31124f042a9684b28b0af3e7fe9053389400461ddc889
raw/archives/clonazepam.tar.gz,clonazepam/alpha2/2026091904/pose_01/report.txt,3091,305f4ee0afda9c752dc25abb229fb5037c7222f56e7eb4c00943653c85064c08
raw/archives/clonazepam.tar.gz,clonazepam/alpha2/2026091904/pose_01/report.xml,7539,a2c73196ac91639c61eca4591eb49b96887ba8e596212bc23b7913a220efdb90
raw/archives/clonazepam.tar.gz,clonazepam/alpha2/2026091904/pose_02/ligand.sdf,2827,6e940e175313bcdceb2ec92b3e5560cdc60748ca326bafec1da3ae7a0e7f5962
raw/archives/clonazepam.tar.gz,clonazepam/alpha2/2026091904/pose_02/pose_status.json,571,e3466cfd5a3241abbb73147be4024b97daa07907e6409dde491b10287719e4e7
raw/archives/clonazepam.tar.gz,clonazepam/alpha2/2026091904/pose_02/report.txt,3200,9acb8b00f3321d8225618deab3ccb2a3476830fcca1b64a7336873477f25c324
raw/archives/clonazepam.tar.gz,clonazepam/alpha2/2026091904/pose_02/report.xml,8354,8ccd75b8146f97f3ad201368a610be0d4b350f0e06bf37067f2a9761f9a444b6
raw/archives/clonazepam.tar.gz,clonazepam/alpha2/2026091904/pose_03/ligand.sdf,2827,04e23f1adeb6a3fa874cb7b3c20190ad8660a3455c50b48ab83cffdf6ac2f186
raw/archives/clonazepam.tar.gz,clonazepam/alpha2/2026091904/pose_03/pose_status.json,571,e1295561cebb8667d1200553e792699679bb027f2a8f6eb06ced9aca7f8c29e3
raw/archives/clonazepam.tar.gz,clonazepam/alpha2/2026091904/pose_03/report.txt,3735,ee654ef4e27e3cb74dad5b51bf4cf28fa1cbb78082f9239101adc7e872031602
raw/archives/clonazepam.tar.gz,clonazepam/alpha2/2026091904/pose_03/report.xml,8828,f9f0eb0325a5e42d2c7838eb7188e2b2efb604b8fb77e7164a847462ecddead4
raw/archives/clonazepam.tar.gz,clonazepam/alpha2/2026091904/pose_04/ligand.sdf,2827,c131cb5ad6f9579aead68334b346193b025b0a46e84a2a0b538c3abf2012156e
raw/archives/clonazepam.tar.gz,clonazepam/alpha2/2026091904/pose_04/pose_status.json,571,8a2a29cb98db0518109a624d63cda726b072c53e28720cf30c864746d3bf4fef
raw/archives/clonazepam.tar.gz,clonazepam/alpha2/2026091904/pose_04/report.txt,3602,d817e3f983be3a2a182ca36b476b21981caf6c7ac143aeb5dbf263e0872a7047
raw/archives/clonazepam.tar.gz,clonazepam/alpha2/2026091904/pose_04/report.xml,8453,a7f55cfa9457a6308e8dc65eff656d3124a83b8fbb80d1cc8af4cc0799aa98f3
raw/archives/clonazepam.tar.gz,clonazepam/alpha2/2026091904/pose_05/ligand.sdf,2827,3c7d653719d9b7d0e7852ca1e385a2ebbd25b01f6cbf6f54fa0c3ba654ebc26d
raw/archives/clonazepam.tar.gz,clonazepam/alpha2/2026091904/pose_05/pose_status.json,571,d381aae455df8673d6c3202262d79a52800b766af27030f4634c0af0bf651f97
raw/archives/clonazepam.tar.gz,clonazepam/alpha2/2026091904/pose_05/report.txt,1737,38a77eea133f357ee60eb3e684286277e20abcb9469e16489d4a8c015ea02699
raw/archives/clonazepam.tar.gz,clonazepam/alpha2/2026091904/pose_05/report.xml,6370,8ad56d5161d2b7699c00397cceb257d62aae79c2955282e917872f0b8da1223e
raw/archives/clonazepam.tar.gz,clonazepam/alpha2/2026091904/pose_06/ligand.sdf,2827,6adae354360474e85a921611c49e44b1f81b2664fdf7bb6595d95722f6ee628b
raw/archives/clonazepam.tar.gz,clonazepam/alpha2/2026091904/pose_06/pose_status.json,571,72e95ad555b2ab97e19da4355712cf59132c3609a239766addb48adcf0462779
raw/archives/clonazepam.tar.gz,clonazepam/alpha2/2026091904/pose_06/report.txt,2068,06ad1f07ed0a8bc7b6b354fcf52af6003062c0bc2be2ebe7969583676279c3d2
raw/archives/clonazepam.tar.gz,clonazepam/alpha2/2026091904/pose_06/report.xml,7181,c005ad6a4d256aff54fb45e43dba1a3e794211cc63502a75d88e0928d47ac03a
raw/archives/clonazepam.tar.gz,clonazepam/alpha2/2026091904/pose_07/ligand.sdf,2827,81f81b00c56fc2424cd8980e006c91c8cebede8ee5f08d8a5e410b1079aafa1e
raw/archives/clonazepam.tar.gz,clonazepam/alpha2/2026091904/pose_07/pose_status.json,571,eb52ad0fac4bec24313fe1f1fb72e017f3108f560c76b15b61cdee0412a82591
raw/archives/clonazepam.tar.gz,clonazepam/alpha2/2026091904/pose_07/report.txt,4050,bd9cd13d2885752f72e1e5122f4c896cf6cd068f13f1ce83d43f235c4cb2c30b
raw/archives/clonazepam.tar.gz,clonazepam/alpha2/2026091904/pose_07/report.xml,7930,d9bb7cb7a985b1f8d65c1da66ba7f15ee473e4f7b4c50d863de8392e26908cd3
raw/archives/clonazepam.tar.gz,clonazepam/alpha2/2026091904/pose_08/ligand.sdf,2827,7047c990104d2d94da2050f8607d428eb48bd931f41bdd450fbeb87142bbbfe0
raw/archives/clonazepam.tar.gz,clonazepam/alpha2/2026091904/pose_08/pose_status.json,571,a0fa815a200ed1e1ca014488f7d7c95062efc2113da65c91efd1f48763ce8468
raw/archives/clonazepam.tar.gz,clonazepam/alpha2/2026091904/pose_08/report.txt,4417,b51bb630fb00651bab2bd4362a53a121e75fac78cb116011445b98b99a07cfcd
raw/archives/clonazepam.tar.gz,clonazepam/alpha2/2026091904/pose_08/report.xml,9028,811f5bae7b73f97305c5df3d82811a1276e5229bdaa220919408b9cc6ae4de08
raw/archives/clonazepam.tar.gz,clonazepam/alpha2/2026091904/pose_09/ligand.sdf,2827,dd5d571dcc17b0ce18adc0bdf0e1d31c15f3ae66bc8af6d5ce8030c47de22318
raw/archives/clonazepam.tar.gz,clonazepam/alpha2/2026091904/pose_09/pose_status.json,571,03f983f5e173c2cb52644d3e92dd83d43ec3d1917bf9e5c089df533008c4b20d
raw/archives/clonazepam.tar.gz,clonazepam/alpha2/2026091904/pose_09/report.txt,3749,29894e3e2d155c3eb2cbe3ddb1cb9ba02c2823eaaca6b658afde8eb49f97a492
raw/archives/clonazepam.tar.gz,clonazepam/alpha2/2026091904/pose_09/report.xml,8915,d7341bedd66789e9b3c95f3535ac7e966cadf4862f20526bfca7ddfa79e361a8
raw/archives/clonazepam.tar.gz,clonazepam/alpha2/2026091904/pose_manifest.json,5421,b4d9e21b6fb4084fa5acaabf42e4d609917b9b3c3d2b03f0b19d95e60827c3f0
raw/archives/clonazepam.tar.gz,clonazepam/alpha2/2026091904/poses.pdbqt,21411,f95f2146cbed33b54af50104e7505b58b9501dfbd2928dd1a5cd2cb0ebdf9fe8
raw/archives/clonazepam.tar.gz,clonazepam/alpha2/2026091904/vina.log,2386,02da45a5c4719f85b57b98ab5d2c1cf3b6d12e3d4e6904f42d3d8226363e5463
raw/archives/clonazepam.tar.gz,clonazepam/alpha2/2026091905/docking.json,1531,410903352f13cb5430b45647b3bf3ceb76503f0dee88d5bcffd2a1daea2ac0b9
raw/archives/clonazepam.tar.gz,clonazepam/alpha2/2026091905/interactions.json,31599,f932eafd164d9e003a66e2eaa67aadedb09212a6c7fd38dcf6c824ad6177efaa
raw/archives/clonazepam.tar.gz,clonazepam/alpha2/2026091905/plip.log,1890,a47a1fceda9cf5de8fe64881c13c18aa9dac58068bcd505b2b011a1dadef9d1a
raw/archives/clonazepam.tar.gz,clonazepam/alpha2/2026091905/plip_done.json,29,bef149d6b4bcd0e8393fac45503362a862d45eadcceff434b3d9640f4b008ec4
raw/archives/clonazepam.tar.gz,clonazepam/alpha2/2026091905/pose_01/ligand.sdf,2827,52f446fe890b10cfc4e1640d51f895ff98216570b9a235b9a44c606b365e294b
raw/archives/clonazepam.tar.gz,clonazepam/alpha2/2026091905/pose_01/pose_status.json,571,844fd844bfff4bdf155dcf6031c453fc6c9cbbde8b441e0a5b5690090ae94bb0
raw/archives/clonazepam.tar.gz,clonazepam/alpha2/2026091905/pose_01/report.txt,3091,5b0304c05a0c42ca8939a352db5980ae9d2b9fa4314478195009f6b691b921d5
raw/archives/clonazepam.tar.gz,clonazepam/alpha2/2026091905/pose_01/report.xml,7539,1161d9d0592ad569c647f1761a263d13088ddf26d5afb88a0ed81aceb2f4ce0b
raw/archives/clonazepam.tar.gz,clonazepam/alpha2/2026091905/pose_02/ligand.sdf,2827,3c62f687b89ffd13a80daab01ff1294e32f12d0ce8506456f0a36d7448c02c9a
raw/archives/clonazepam.tar.gz,clonazepam/alpha2/2026091905/pose_02/pose_status.json,571,486582a86320e3f233929f042eabbe9845ea15e30e7edf42a793ad1a91f3f7c0
raw/archives/clonazepam.tar.gz,clonazepam/alpha2/2026091905/pose_02/report.txt,3758,11f6ea64f7ec13f8dc476ac73b5734e2c9ba0dc97ee3df2d120903b058b235ba
raw/archives/clonazepam.tar.gz,clonazepam/alpha2/2026091905/pose_02/report.xml,9163,c34e9ee481579c9fe5068d84d9c61589a84810e0b6643ee3d1b968a6b7f53920
raw/archives/clonazepam.tar.gz,clonazepam/alpha2/2026091905/pose_03/ligand.sdf,2827,8ef307b8aeb8b38e2f4e33332fa3250f404eae5b6db45e79015d23c04ac85d3b
raw/archives/clonazepam.tar.gz,clonazepam/alpha2/2026091905/pose_03/pose_status.json,571,ad7c22cbc474ec00deb16e8ebdd77bb08abd0058efef9c280f3d5df97ec54274
raw/archives/clonazepam.tar.gz,clonazepam/alpha2/2026091905/pose_03/report.txt,4846,d8a62396b827895f5a7f9d472190071b6617fec3d57c03a5b50f415c81726c3f
raw/archives/clonazepam.tar.gz,clonazepam/alpha2/2026091905/pose_03/report.xml,9647,704b271402363f5678afaeb5c159c4239c2afcb03bb337c67cc2939e7561b951
raw/archives/clonazepam.tar.gz,clonazepam/alpha2/2026091905/pose_04/ligand.sdf,2827,805507a1d55994b8c20de01f1e3c8a59fa57e23a8cce69080ed58c17c81a0f92
raw/archives/clonazepam.tar.gz,clonazepam/alpha2/2026091905/pose_04/pose_status.json,571,400f172e7dcf79200f2d1f90e14e4e5396dd3b4e96ad61e36f088adcba5d226d
raw/archives/clonazepam.tar.gz,clonazepam/alpha2/2026091905/pose_04/report.txt,4057,08c7428cb84cf411c8aa4a89d50207a3622ea88c3d5c2dcf05ce2995d2af014c
raw/archives/clonazepam.tar.gz,clonazepam/alpha2/2026091905/pose_04/report.xml,8014,4cec52432c2da2124ea3a44aec23a6789f1c24e35b47e7b5476636fa7716a0cf
raw/archives/clonazepam.tar.gz,clonazepam/alpha2/2026091905/pose_05/ligand.sdf,2827,96643e11ebed61bc9c15f940b2b09d9c912592b34137a5a9b42b9b37cf1235e4
raw/archives/clonazepam.tar.gz,clonazepam/alpha2/2026091905/pose_05/pose_status.json,571,dae38efe5ebd4d626087975a7f5695830ddfa2b66bff229161e385f6347947c1
raw/archives/clonazepam.tar.gz,clonazepam/alpha2/2026091905/pose_05/report.txt,3262,c8dfa51e9a141ad09a9a47779759565fe4c4a03e63b2bd4e2f701333efe28c7d
raw/archives/clonazepam.tar.gz,clonazepam/alpha2/2026091905/pose_05/report.xml,7724,bab50afa047bdeb10d6a7fd198e2d7c36c71f84ce29df5afdbb1c52579bebf47
raw/archives/clonazepam.tar.gz,clonazepam/alpha2/2026091905/pose_06/ligand.sdf,2827,ded1490123dbc6f7251880687c1d486320ad5d46521744cbd938595903f89bc7
raw/archives/clonazepam.tar.gz,clonazepam/alpha2/2026091905/pose_06/pose_status.json,571,28c737e018f7a4b646565914583b62cc447e0e29f18fe23dc2a53f1a677374c0
raw/archives/clonazepam.tar.gz,clonazepam/alpha2/2026091905/pose_06/report.txt,2059,c3643018bd0df36abe0e8fdf7bc5b64e8fe983441d1f318847c4c521b29359f3
raw/archives/clonazepam.tar.gz,clonazepam/alpha2/2026091905/pose_06/report.xml,7268,11da7c8d0d8b26791ef0ef66f263005638d1b9eee0664738f696235e1e5c34c9
raw/archives/clonazepam.tar.gz,clonazepam/alpha2/2026091905/pose_07/ligand.sdf,2827,118c08d13617cb41dd2c1a8c69d2025cab710422094268a8efc18cbdbb9dea9b
raw/archives/clonazepam.tar.gz,clonazepam/alpha2/2026091905/pose_07/pose_status.json,571,edeb2cc9a3752c97b12fc1e8660e6f27ca4f2d05e023b880c2dc348f2e2dc891
raw/archives/clonazepam.tar.gz,clonazepam/alpha2/2026091905/pose_07/report.txt,4364,e47e87d9beeb20e152f93abc08144774c0acda94aacf2c59093249a2221cbf1a
raw/archives/clonazepam.tar.gz,clonazepam/alpha2/2026091905/pose_07/report.xml,8713,6fd17b872f8e59058a6990fe661a1e100ad90fe080cbc506cb6b8b96d419cef2
raw/archives/clonazepam.tar.gz,clonazepam/alpha2/2026091905/pose_08/ligand.sdf,2827,94d23d7ed71428eabb504decd54e050f72fc7e46d07598ef9146276a40c46dd2
raw/archives/clonazepam.tar.gz,clonazepam/alpha2/2026091905/pose_08/pose_status.json,571,944a90cfa6fd7ce68377c60a61d6dc7f602099b0883bf892edde64929c090147
raw/archives/clonazepam.tar.gz,clonazepam/alpha2/2026091905/pose_08/report.txt,4235,220b98f73d993c8917f5b62f626e1442228c3f71cf05343f215890a3f8376ac3
raw/archives/clonazepam.tar.gz,clonazepam/alpha2/2026091905/pose_08/report.xml,9771,580d09bd9f0d498d1a33014b742a3f78616631e4f55bc6da45790133f1a6689d
raw/archives/clonazepam.tar.gz,clonazepam/alpha2/2026091905/pose_09/ligand.sdf,2827,492b0e0d10b0235eefc4a51f1105f6cf00b4d36f57335775210b9c0faa2c6445
raw/archives/clonazepam.tar.gz,clonazepam/alpha2/2026091905/pose_09/pose_status.json,571,3dd42c76f4e3d1a17c7d2323b54687eab8eee64d7f78aaf9ef6fbba853558642
raw/archives/clonazepam.tar.gz,clonazepam/alpha2/2026091905/pose_09/report.txt,3091,f120d2434f8c4e0ea1e1af4473687197383a71226470bfb3c4bcb6681bbe135d
raw/archives/clonazepam.tar.gz,clonazepam/alpha2/2026091905/pose_09/report.xml,7790,99a08cc6d2dffc81d956f4ddf8bd595807904e82f7e46e095c743d05ce8cbdc5
raw/archives/clonazepam.tar.gz,clonazepam/alpha2/2026091905/pose_manifest.json,5421,f4dfb3029adae75bcd260deacaa291fdedbba5fab9cbfe313f8bd596c33401f8
raw/archives/clonazepam.tar.gz,clonazepam/alpha2/2026091905/poses.pdbqt,21411,1376cac8bb01d2075f30ecb2ce9e3e96481127081c5bbad1b10edc5a237360c8
raw/archives/clonazepam.tar.gz,clonazepam/alpha2/2026091905/vina.log,2386,d6bbe202890872da42590edfda8ea9593b7931a3ee102a3ec277d6404d7cea39
raw/archives/midazolam.tar.gz,midazolam/alpha1/2026091901/docking.json,1530,8e2ec0e3e7b8b8ce089ce82732fdc4558128fe2be4aceb87795a68a7562d772c
raw/archives/midazolam.tar.gz,midazolam/alpha1/2026091901/interactions.json,34808,72335bb0a4b659ebb28475ee2252731cc597dad93f959735fe5d04e9ca9b1357
raw/archives/midazolam.tar.gz,midazolam/alpha1/2026091901/plip.log,1463,a53d12af5524f15044920443824289e379020337aa1b2ab3b57cd1e2947a6b8c
raw/archives/midazolam.tar.gz,midazolam/alpha1/2026091901/plip_done.json,29,36bc175361431d7582d6e6075c18d4b3e9bf3330ec4e196921099d68f08302ae
raw/archives/midazolam.tar.gz,midazolam/alpha1/2026091901/pose_01/ligand.sdf,3146,37b9da083614439fba6ef0c1ccc199869a2734b014a5482c19098fdc19eebf01
raw/archives/midazolam.tar.gz,midazolam/alpha1/2026091901/pose_01/pose_status.json,571,ea00619bd2c0266f226607b2efd7ace7af97c9d8a09667f252aef8e0f6b54803
raw/archives/midazolam.tar.gz,midazolam/alpha1/2026091901/pose_01/report.txt,6194,ca24e3127ea56d55dde5d1c402f92ecd585f5158e5e9e2d5a492cae6611e3b0a
raw/archives/midazolam.tar.gz,midazolam/alpha1/2026091901/pose_01/report.xml,14786,e4a63770186be8176215d6464c2a5d12887f93df769cdead9ce2358e56c13b4d
raw/archives/midazolam.tar.gz,midazolam/alpha1/2026091901/pose_02/ligand.sdf,3146,1027f87bcd0c9fba58d0707692f0e484e5301715b1df5238504e5b375547acd4
raw/archives/midazolam.tar.gz,midazolam/alpha1/2026091901/pose_02/pose_status.json,570,a282a6d06ba5ebe1175dd36a183481fb0213cfb41695d3a1f20acf77d1bd981e
raw/archives/midazolam.tar.gz,midazolam/alpha1/2026091901/pose_02/report.txt,4942,62a5ca3ad9ad97acb7d14cfca7ae7ad95ccf8b1321f769a1147f98a096dbcec5
raw/archives/midazolam.tar.gz,midazolam/alpha1/2026091901/pose_02/report.xml,10487,ddcd05c60c72e8e9c438c3dd56106dcdfa3c125b9f27d1700ae06f2944013415
raw/archives/midazolam.tar.gz,midazolam/alpha1/2026091901/pose_03/ligand.sdf,3146,9d45137cff977474ac9e38a0f95deb70a2ad5d6a7a024e3815f2f071883c07ed
raw/archives/midazolam.tar.gz,midazolam/alpha1/2026091901/pose_03/pose_status.json,570,4db9dd5b52c5f4870c679dc900d13d63708fda240b5a63ae47798133746972ce
raw/archives/midazolam.tar.gz,midazolam/alpha1/2026091901/pose_03/report.txt,3262,3f22d04cf1b37c8db96b7719456683569a39dbfea4b1575c756d0beb83f4bbc7
raw/archives/midazolam.tar.gz,midazolam/alpha1/2026091901/pose_03/report.xml,8293,7317d5b33247c18fe7cc7e691f5204b81ec47fc09bfeb1f3e310dedce4c2893a
raw/archives/midazolam.tar.gz,midazolam/alpha1/2026091901/pose_04/ligand.sdf,3146,37374c9755aca9f6857f3b41b8811cd18a2b2f6adc714ee9ca6525373de9ff88
raw/archives/midazolam.tar.gz,midazolam/alpha1/2026091901/pose_04/pose_status.json,570,1ced94de5e9df6cde3c64799ff5966d285b7525e07999568a9c2b4263921bc34
raw/archives/midazolam.tar.gz,midazolam/alpha1/2026091901/pose_04/report.txt,6586,b46c6871cc172fcc1fa818cd68cd5130cd51b9b318d5cd343bb268707e594d23
raw/archives/midazolam.tar.gz,midazolam/alpha1/2026091901/pose_04/report.xml,12268,e25afa55a253ad20b33e0d73f4698bedd6362f5db7aa00c4f21886ad7975c4df
raw/archives/midazolam.tar.gz,midazolam/alpha1/2026091901/pose_05/ligand.sdf,3146,7c573a8db5e2d02220d1cf595e8780a4933806b3bcf0a977de474f0aefd0446a
raw/archives/midazolam.tar.gz,midazolam/alpha1/2026091901/pose_05/pose_status.json,570,6e776d85f46f3ab9ec005e4fd32f3c0b638d7f072ba5f8b7e4edbe5545c4bd4c
raw/archives/midazolam.tar.gz,midazolam/alpha1/2026091901/pose_05/report.txt,4529,130dd6e838d6f6dc7b288525e03856781355925a53e94220fc34837852819da4
raw/archives/midazolam.tar.gz,midazolam/alpha1/2026091901/pose_05/report.xml,11709,063617f5da496e30b4765c9eb6db264c90ddfb9783d75cb4f5d968471a083bd9
raw/archives/midazolam.tar.gz,midazolam/alpha1/2026091901/pose_06/ligand.sdf,3146,a622886536c3a6a26a5c9fa9968668ae3a56c4d6e02b63d5a6c27fbf90871aac
raw/archives/midazolam.tar.gz,midazolam/alpha1/2026091901/pose_06/pose_status.json,570,5b7f7306c4dd9a6bc9644063973afbde75918c19a638a0d8389629354cba3f74
raw/archives/midazolam.tar.gz,midazolam/alpha1/2026091901/pose_06/report.txt,2596,d5c64081f1b0a5276c434614a028d7a99def0d67957e0cad6a6f6ffbc0824d05
raw/archives/midazolam.tar.gz,midazolam/alpha1/2026091901/pose_06/report.xml,6075,78cdf3781158669b295644b1473219f5fe1ccec6c3752e3399fbcd13599c7f3c
raw/archives/midazolam.tar.gz,midazolam/alpha1/2026091901/pose_07/ligand.sdf,3146,f4d560e85e32268b82d54233de6a4c294c59d29bd1e618d9da0338deb5d84f80
raw/archives/midazolam.tar.gz,midazolam/alpha1/2026091901/pose_07/pose_status.json,570,a6ec1d9416d4071ffebf74cf1c8221b672f05d029c145e2dda794c60e32a8fce
raw/archives/midazolam.tar.gz,midazolam/alpha1/2026091901/pose_07/report.txt,4619,96dc25ae341d60d5221c5f87d62776bef499d43cd35d0d7556d291e8f4fe5bee
raw/archives/midazolam.tar.gz,midazolam/alpha1/2026091901/pose_07/report.xml,8456,ad99702f0a7a10addbd2399f52274d85937c6f32d8c26b96a3c82d2ad00cb511
raw/archives/midazolam.tar.gz,midazolam/alpha1/2026091901/pose_manifest.json,4211,247aedfe2f77c71766345ec11112d6c385b7d8596d3628110bd8771641407e7c
raw/archives/midazolam.tar.gz,midazolam/alpha1/2026091901/poses.pdbqt,16380,b6ec1b1872f0bb9e6cbd6c848d8f6cadcdb145a2f9cecf915d23331c383552bf
raw/archives/midazolam.tar.gz,midazolam/alpha1/2026091901/vina.log,2385,d474bb0ad39196ee2b24ffd644bda9e592b55ab5dc80eeedc9ccec1404249bb8
raw/archives/midazolam.tar.gz,midazolam/alpha1/2026091902/docking.json,1530,78c4455b5641f04e4e2a673cc6a6676b6ef6052a2fe0f8d3d521dadc6e2eb43f
raw/archives/midazolam.tar.gz,midazolam/alpha1/2026091902/interactions.json,44643,5d658abbaa91f68d117be74e26c9704cdd82599cb606760e88736c136b2d4291
raw/archives/midazolam.tar.gz,midazolam/alpha1/2026091902/plip.log,1881,48104fe534e46ec5adeaa600ddb6d6ef24d51fa3616f8efe8c1996ce7277f967
raw/archives/midazolam.tar.gz,midazolam/alpha1/2026091902/plip_done.json,29,bef149d6b4bcd0e8393fac45503362a862d45eadcceff434b3d9640f4b008ec4
raw/archives/midazolam.tar.gz,midazolam/alpha1/2026091902/pose_01/ligand.sdf,3146,5fca772d23c5436e986bf462120a537dcef990bb1c0fa943bcde094df49cf312
raw/archives/midazolam.tar.gz,midazolam/alpha1/2026091902/pose_01/pose_status.json,571,355ad2fca8316c188f6d8e8eea17d8e1c2565e91a00a7afb22b3539ae87657f1
raw/archives/midazolam.tar.gz,midazolam/alpha1/2026091902/pose_01/report.txt,6194,a7612481ac8ed2d1cc4a119a7efe4c33ea3129a9d829da9b43b3c95d0aaab17d
raw/archives/midazolam.tar.gz,midazolam/alpha1/2026091902/pose_01/report.xml,14786,f95c3c1c8e0ef3075683de542667c3a6e9d4e50030faff2c0ab6a5c49b2e44e4
raw/archives/midazolam.tar.gz,midazolam/alpha1/2026091902/pose_02/ligand.sdf,3146,3ba2463b2d0151689406ad6254812c8431cf590bd95d005491f6464cbb55b8b4
raw/archives/midazolam.tar.gz,midazolam/alpha1/2026091902/pose_02/pose_status.json,570,c2c1d0be7d759d670ac43c8a5cd1658b6a2b43b3b6ee1fd6891dd4e57606a101
raw/archives/midazolam.tar.gz,midazolam/alpha1/2026091902/pose_02/report.txt,4609,ffa8609ba015b41cd4c4eb483307639026369776abc387232c74505a1e7b1cdd
raw/archives/midazolam.tar.gz,midazolam/alpha1/2026091902/pose_02/report.xml,9922,39f907dd4dd96104a0e536d83ca1ad1ac325b60d4a6c56a6cb76df6366b0d920
raw/archives/midazolam.tar.gz,midazolam/alpha1/2026091902/pose_03/ligand.sdf,3146,210fdd5b65d1f248623a84399ad476c5e5a57495066ae470b426ea0df7d941e0
raw/archives/midazolam.tar.gz,midazolam/alpha1/2026091902/pose_03/pose_status.json,570,7377f532764a80d12f9c3d5adad5fc6d1a5280864a7944410ecd21c8cb8c95a8
raw/archives/midazolam.tar.gz,midazolam/alpha1/2026091902/pose_03/report.txt,3262,0e84d2b6d128f8889ff675b8eee4aafbc2a8db499b5e4026d0a610a04fad3504
raw/archives/midazolam.tar.gz,midazolam/alpha1/2026091902/pose_03/report.xml,8293,9d0cf125c1db12500cfc67f3aab8a683294ce8da719c68d6d936268623357791
raw/archives/midazolam.tar.gz,midazolam/alpha1/2026091902/pose_04/ligand.sdf,3146,1ee5aee93899c92ec8361d94e12a8d979c4ef59d0284e8ca16fb85e68b75c67c
raw/archives/midazolam.tar.gz,midazolam/alpha1/2026091902/pose_04/pose_status.json,570,0dbca4efdc51b1487863c7841dc6c5632b426a317182c06b5ad29efcebbf8f02
raw/archives/midazolam.tar.gz,midazolam/alpha1/2026091902/pose_04/report.txt,4395,c1e0f59bf7404a7c2b47dda023cda66a9c9344bda0dcf78b715aaab7582166d2
raw/archives/midazolam.tar.gz,midazolam/alpha1/2026091902/pose_04/report.xml,10757,8d5b72237d381f7d5d7703e354a7fd9be76e01075e6397bb31e95765a684afba
raw/archives/midazolam.tar.gz,midazolam/alpha1/2026091902/pose_05/ligand.sdf,3146,1b540409000125e699ec83ba2e3bf08dfac216cb7023440aafc3de71afae67e9
raw/archives/midazolam.tar.gz,midazolam/alpha1/2026091902/pose_05/pose_status.json,570,452f4945ef698431c3dbd2add0c187caae28c8be8ff832b2f2458580086fc6aa
raw/archives/midazolam.tar.gz,midazolam/alpha1/2026091902/pose_05/report.txt,3928,9928d525f3fd4507070388d19e4dffa5b14342490b662d401ffac0dddfbd63d1
raw/archives/midazolam.tar.gz,midazolam/alpha1/2026091902/pose_05/report.xml,9838,01635dc2aefda640a1839c5bb988f71fc69dd361795b6d1f24ce21db2ea42f59
raw/archives/midazolam.tar.gz,midazolam/alpha1/2026091902/pose_06/ligand.sdf,3146,2cb70a8d8d64f12797dcf402e8ef94654722ec9544dcd9075549754a4c76bb07
raw/archives/midazolam.tar.gz,midazolam/alpha1/2026091902/pose_06/pose_status.json,570,07f394ac881f84f71f0b6c9879d5c09d1bb90e0e89b133b5c9bcfb0adc332431
raw/archives/midazolam.tar.gz,midazolam/alpha1/2026091902/pose_06/report.txt,6586,03c96ba5eb625e41e341a65c7378663597a3f0f5d2f671eb57162b12d335f81d
raw/archives/midazolam.tar.gz,midazolam/alpha1/2026091902/pose_06/report.xml,12268,58fd369038235cba56e761759e98af8d49b5de8fe9298e93a58441c9f58c79b2
raw/archives/midazolam.tar.gz,midazolam/alpha1/2026091902/pose_07/ligand.sdf,3146,a8ca1d76f8d80b2464149dcb179a1cff38fda1aa209dc00ef6c4c384cbacf1a6
raw/archives/midazolam.tar.gz,midazolam/alpha1/2026091902/pose_07/pose_status.json,570,7f608d675ae75eb99b8de31feed9869a3e04c6b914bfbf514ae3c35fe3dda5a4
raw/archives/midazolam.tar.gz,midazolam/alpha1/2026091902/pose_07/report.txt,4383,3964444922c946a560196578674e7432cd6b185ce78f592b80e3ea5cb59ad058
raw/archives/midazolam.tar.gz,midazolam/alpha1/2026091902/pose_07/report.xml,9310,4a8d46ecdae2868e1a2da329caadc593aa50b4a6deccf8aef277d361033525a4
raw/archives/midazolam.tar.gz,midazolam/alpha1/2026091902/pose_08/ligand.sdf,3146,c202cc33680630ce601c50182188d8621a06f56de78af7b9ed2a106effb64708
raw/archives/midazolam.tar.gz,midazolam/alpha1/2026091902/pose_08/pose_status.json,570,3d0edfc2ab1cc1e327d59b4e2d1dea3da3312995bd7dc6e13530fb443c2dea28
raw/archives/midazolam.tar.gz,midazolam/alpha1/2026091902/pose_08/report.txt,3561,5d3868a9f47fffd20909022e7fb448d86842c3bed1f5c390736f3d7952b11b1e
raw/archives/midazolam.tar.gz,midazolam/alpha1/2026091902/pose_08/report.xml,8742,1fb34aee4e46311161394831638ddf3fb83b96e8e58a0bb02a2fd5037cf324eb
raw/archives/midazolam.tar.gz,midazolam/alpha1/2026091902/pose_09/ligand.sdf,3146,c3597f544c33b66f573ef79278cbd120a3522ef9268181f5cc3725ab4c9e7670
raw/archives/midazolam.tar.gz,midazolam/alpha1/2026091902/pose_09/pose_status.json,570,788ea4e730b172fda72000586181925c9d9ba02c4b062ffad63ad0c8cc67e95d
raw/archives/midazolam.tar.gz,midazolam/alpha1/2026091902/pose_09/report.txt,4619,9b255f24722ea42decc12b013e6ec7a70656d0e238f7328d50676f7de43a8d9c
raw/archives/midazolam.tar.gz,midazolam/alpha1/2026091902/pose_09/report.xml,8456,6934b8fbbb7586a345aa105ecefe70bf45b41298f21df0315b3a2db2876fe825
raw/archives/midazolam.tar.gz,midazolam/alpha1/2026091902/pose_manifest.json,5413,08213a46d1d18907c388990c16537e5c637304f3c10c9124ce32367f0a969710
raw/archives/midazolam.tar.gz,midazolam/alpha1/2026091902/poses.pdbqt,21060,4fb58dc31b2e8e1662985265b9eea0a179d2ff3b166dd0e0aa79ea49c3305d9e
raw/archives/midazolam.tar.gz,midazolam/alpha1/2026091902/vina.log,2385,7796a7ffb8443dc273b6846e39b370de893467f5eabdfdf8c9c54cfba82f586a
raw/archives/midazolam.tar.gz,midazolam/alpha1/2026091903/docking.json,1530,4d018c2d5afc8d0a95010520b8916b323905308c3938a26220a5488bb19432ff
raw/archives/midazolam.tar.gz,midazolam/alpha1/2026091903/interactions.json,41243,a3bd26ae77b0ca41d03abda167fc0d6fa7de3739521d7bd4f46664629f7647c3
raw/archives/midazolam.tar.gz,midazolam/alpha1/2026091903/plip.log,1881,f3391b7c10a17e0b26add73b7115fe37324c626eb15ba14c6357c60e9ea9b804
raw/archives/midazolam.tar.gz,midazolam/alpha1/2026091903/plip_done.json,29,bef149d6b4bcd0e8393fac45503362a862d45eadcceff434b3d9640f4b008ec4
raw/archives/midazolam.tar.gz,midazolam/alpha1/2026091903/pose_01/ligand.sdf,3146,9a9d22c3f6419c7017b4e51dffcba8840721c21a529473fccb0b79f0fc8ed452
raw/archives/midazolam.tar.gz,midazolam/alpha1/2026091903/pose_01/pose_status.json,571,daf40bced3cadd0005974b955db97729d9d4150458555684206b95ad2fda1b93
raw/archives/midazolam.tar.gz,midazolam/alpha1/2026091903/pose_01/report.txt,6194,d081993a4cd836770c035596434db99124e0925f4428338c9e69d2830251a964
raw/archives/midazolam.tar.gz,midazolam/alpha1/2026091903/pose_01/report.xml,14786,4d745fd6342ee50ab1de4ac7867377daaa991217e74f07f65a00efb3e0ff5b1c
raw/archives/midazolam.tar.gz,midazolam/alpha1/2026091903/pose_02/ligand.sdf,3146,6267dc63d14f2dde870bd4cd4372274c63462c22160298705533858f8410ea65
raw/archives/midazolam.tar.gz,midazolam/alpha1/2026091903/pose_02/pose_status.json,570,aeb8c5a702be01ce0fcf294a4550713461c32b04cfa1736a537213e0d59b9cba
raw/archives/midazolam.tar.gz,midazolam/alpha1/2026091903/pose_02/report.txt,4609,5897b779647070e07d2045414875534cd58284d84fa8b399514fac557c050b86
raw/archives/midazolam.tar.gz,midazolam/alpha1/2026091903/pose_02/report.xml,9922,3ba6528906c83cbdc65d069178db6a628985026e23fb7cc9ace575354b9177b2
raw/archives/midazolam.tar.gz,midazolam/alpha1/2026091903/pose_03/ligand.sdf,3146,c79a5ee618f57c45f7da968fde5bb022f9c8f8507fd9ebbe8115702e7e3dfa85
raw/archives/midazolam.tar.gz,midazolam/alpha1/2026091903/pose_03/pose_status.json,570,09c7aed6bebfb4f412c67f130b2fe4ee3faeec0bbf16ff7f02f873ca8edf717c
raw/archives/midazolam.tar.gz,midazolam/alpha1/2026091903/pose_03/report.txt,3262,f25a719aa201c0516159e88d5ff2fa68f51cb635c54917ad9143142c0174d6b7
raw/archives/midazolam.tar.gz,midazolam/alpha1/2026091903/pose_03/report.xml,8293,1c5a3f726f3ef43a32d70614b436f6bf17ca1aae579a8bb89539ee516c353bae
raw/archives/midazolam.tar.gz,midazolam/alpha1/2026091903/pose_04/ligand.sdf,3146,2e1825e945d9979a78f41d2879079abbb885f7ce61d861694973040dad8f5b12
raw/archives/midazolam.tar.gz,midazolam/alpha1/2026091903/pose_04/pose_status.json,570,fafd4684a25914cbda06621f80b76ba6b3269a5d635b9a5c5ccaa71e052e0386
raw/archives/midazolam.tar.gz,midazolam/alpha1/2026091903/pose_04/report.txt,3928,baedbaa9c86dc3b905ff5d4e61e784e0d16adb14879ad1373b31743268da1286
raw/archives/midazolam.tar.gz,midazolam/alpha1/2026091903/pose_04/report.xml,9838,b4b4ced889d50bc33656e031e7fe09ec6aed2fe62f8a4c0047bbc7c87ad59777
raw/archives/midazolam.tar.gz,midazolam/alpha1/2026091903/pose_05/ligand.sdf,3146,27e95f56c39facdfb7ec89dab6e0f2e42d643dfea60f6609071fa99bd9e16a8d
raw/archives/midazolam.tar.gz,midazolam/alpha1/2026091903/pose_05/pose_status.json,571,464e3d4306b702c19fd8d56d3654be3cbaa8f36720a71dfe08e3eda032b32f24
raw/archives/midazolam.tar.gz,midazolam/alpha1/2026091903/pose_05/report.txt,5230,6ce323776740645cd6293486b82b1902af75c4c80b42475d32ebfaa126d9faa5
raw/archives/midazolam.tar.gz,midazolam/alpha1/2026091903/pose_05/report.xml,12396,059424e4ba10e9a3143be9a88893d8e1d0b3f6015593de513c9545fdee48cd45
raw/archives/midazolam.tar.gz,midazolam/alpha1/2026091903/pose_06/ligand.sdf,3146,08e8b73e6cea68322260ab1377238d2fe3d1e95c95cd1037b14c600e54c6c032
raw/archives/midazolam.tar.gz,midazolam/alpha1/2026091903/pose_06/pose_status.json,570,8aa9a875a48de70030b5676255f1e90af17410bd153bfc5edcb2b501c0e30c39
raw/archives/midazolam.tar.gz,midazolam/alpha1/2026091903/pose_06/report.txt,3595,2754d62d64b7a4e68b1d4c70e1de335c91b41ee81d77ef985a0f9df762c618dd
raw/archives/midazolam.tar.gz,midazolam/alpha1/2026091903/pose_06/report.xml,8606,ae84e007efdcd9d52a6ec5f65e68d2417777077f634339f4cb59a09cf1c5d160
raw/archives/midazolam.tar.gz,midazolam/alpha1/2026091903/pose_07/ligand.sdf,3146,614f349e8067c5893ddd11cd29b52f8758cda3e2d0e708c4add80d7f3533279d
raw/archives/midazolam.tar.gz,midazolam/alpha1/2026091903/pose_07/pose_status.json,570,252a7852349a8b1328a2ffe99a3806dc7352e7a393f79f955636c9bfc5b5afff
raw/archives/midazolam.tar.gz,midazolam/alpha1/2026091903/pose_07/report.txt,3595,54b3881135dbfc8a38027fee5ec09aa5a2326ce68674e87a55d39e48dbcab868
raw/archives/midazolam.tar.gz,midazolam/alpha1/2026091903/pose_07/report.xml,8856,22c9354eea6e1d359ff11be50013296b17d8e2de285c861cdd034f996a4e34a9
raw/archives/midazolam.tar.gz,midazolam/alpha1/2026091903/pose_08/ligand.sdf,3146,d0e1de4fd636b2adb4cb5687c100d00f0fd7fca191a9f29e769ee1ff19d5b753
raw/archives/midazolam.tar.gz,midazolam/alpha1/2026091903/pose_08/pose_status.json,570,b05ef5c912bab83a1b708bb61dd6363d85f95adc4761ce887db5a8d50c88981d
raw/archives/midazolam.tar.gz,midazolam/alpha1/2026091903/pose_08/report.txt,4619,007d27c8c0f076caa034520f655dd859fc66a24b7cf7785c89912f8d938cc393
raw/archives/midazolam.tar.gz,midazolam/alpha1/2026091903/pose_08/report.xml,8456,eff2cd5b8a19b6a5336d8d3c5329ddbfaa4a6d1c5341ec45d3bcb2acd4cd2b49
raw/archives/midazolam.tar.gz,midazolam/alpha1/2026091903/pose_09/ligand.sdf,3146,2197bbb7459dc5d253e14231a627854f2986a841aabf77af8549f9ce013ff72b
raw/archives/midazolam.tar.gz,midazolam/alpha1/2026091903/pose_09/pose_status.json,570,3d871aa6cb4e53a7b7f4b59d7984e34e812748e902627dd75699838bec818ac3
raw/archives/midazolam.tar.gz,midazolam/alpha1/2026091903/pose_09/report.txt,2594,2e56cc2475a2f92a8c38231636ea18865b7972602e78322a653f97422e6bd9bd
raw/archives/midazolam.tar.gz,midazolam/alpha1/2026091903/pose_09/report.xml,6272,ae393809fa0a7991629e0912e7e79575b2d8c44589300ecfa5cbca71f98a7d87
raw/archives/midazolam.tar.gz,midazolam/alpha1/2026091903/pose_manifest.json,5414,fdd100a4e63a74a10e8616cea43f364378cc17247f502c86fb5ebed0f1830bf2
raw/archives/midazolam.tar.gz,midazolam/alpha1/2026091903/poses.pdbqt,21060,7696b46674285ee62fdb83f100976183f5bdc05fc9ea0979e58a84044103eecc
raw/archives/midazolam.tar.gz,midazolam/alpha1/2026091903/vina.log,2385,99eec37c3d0f45008b40117301475cb35fcee7ba11e8a4db01d2a1d9774b16a5
raw/archives/midazolam.tar.gz,midazolam/alpha1/2026091904/docking.json,1530,c13a1c385eb257f9ed81083119589ed2c1d8e8e89196abc039a5e19e175c4dc8
raw/archives/midazolam.tar.gz,midazolam/alpha1/2026091904/interactions.json,43672,6edcf897ded3530fe429b495a2468564b7b02a8ae38b9e426ef518327eeb3ff7
raw/archives/midazolam.tar.gz,midazolam/alpha1/2026091904/plip.log,1881,00b4068cdde42a51e6e361c217ebd1bf6660ee3531f0ecc1c5e1ac7f1becece3
raw/archives/midazolam.tar.gz,midazolam/alpha1/2026091904/plip_done.json,29,bef149d6b4bcd0e8393fac45503362a862d45eadcceff434b3d9640f4b008ec4
raw/archives/midazolam.tar.gz,midazolam/alpha1/2026091904/pose_01/ligand.sdf,3146,5307f2a54581bd7cf28abb737f73656f7c4b9730796b09acb599d84075d7482c
raw/archives/midazolam.tar.gz,midazolam/alpha1/2026091904/pose_01/pose_status.json,571,4305734292ffb02adcdd0eea8ecc871054b8dfe7f50a8e1a9ce6e13841504a23
raw/archives/midazolam.tar.gz,midazolam/alpha1/2026091904/pose_01/report.txt,6194,e92ed89d0256c39ba2e08dc2181cfcbea1b2c3ff0c98fbaacc81f67c6a8aeab9
raw/archives/midazolam.tar.gz,midazolam/alpha1/2026091904/pose_01/report.xml,14786,5b4d2f2c0ca4d46f42462e969d2181a8f32fdba51d2dbccef3fdbb4565ef6dcb
raw/archives/midazolam.tar.gz,midazolam/alpha1/2026091904/pose_02/ligand.sdf,3146,4564b31323e70701abc2422592e8d8934e71727f10e97b4061dcca8ad5ce332b
raw/archives/midazolam.tar.gz,midazolam/alpha1/2026091904/pose_02/pose_status.json,570,7af14e362fe97ce980b9a34ae6fee4c66f4ab111d58004c1e1963ad36ee11314
raw/archives/midazolam.tar.gz,midazolam/alpha1/2026091904/pose_02/report.txt,4609,5a374422b0b4bcd984b1dbb34395651232eb28201a50e866b0eff87da3b12d68
raw/archives/midazolam.tar.gz,midazolam/alpha1/2026091904/pose_02/report.xml,9922,0a912c25ffa394a56eff5bcb02fc1dfbb4709805929fe1a93848f8d9219d0c62
raw/archives/midazolam.tar.gz,midazolam/alpha1/2026091904/pose_03/ligand.sdf,3146,b9894db59b2485bd612668e3f50e45e11294220618abd1e8f659caf58aeb3e32
raw/archives/midazolam.tar.gz,midazolam/alpha1/2026091904/pose_03/pose_status.json,570,32cc7ce7e01a0a9d8b71931f9ef99f1f98e0010a7be8c4170ba6593b3712eb31
raw/archives/midazolam.tar.gz,midazolam/alpha1/2026091904/pose_03/report.txt,3262,31814a6650bf9887533acf9f3057c6ab567e9779db0fcaefed19a676108ae00c
raw/archives/midazolam.tar.gz,midazolam/alpha1/2026091904/pose_03/report.xml,8293,177863e03c2434e06726c6810ea24126be0ed621207e443c63b7f750dcbac869
raw/archives/midazolam.tar.gz,midazolam/alpha1/2026091904/pose_04/ligand.sdf,3146,76036fd254f2edc2f82224013ea9d47df299e6ec6ef86012defd95aea51ca74b
raw/archives/midazolam.tar.gz,midazolam/alpha1/2026091904/pose_04/pose_status.json,570,a1951489ee35068819983962acd255933446d2a4e1b57c22bcada66b789f4e0a
raw/archives/midazolam.tar.gz,midazolam/alpha1/2026091904/pose_04/report.txt,4395,56a4c751d7e3f7745d144e8b8d624f5b6a4d34e2c47c6f00d8d42f7df63925f6
raw/archives/midazolam.tar.gz,midazolam/alpha1/2026091904/pose_04/report.xml,11007,9afe4805daadaebc5c12e2ac7a8b4cff6d7cef95454a470341da85109726513f
raw/archives/midazolam.tar.gz,midazolam/alpha1/2026091904/pose_05/ligand.sdf,3146,5f5c5138f89585d65aef0d2bf78a695f6e6c457933dfe5030ce7fee75764bf83
raw/archives/midazolam.tar.gz,midazolam/alpha1/2026091904/pose_05/pose_status.json,570,3fccf1e7f4c18762b1bdfbf09a8a08f79a4cf37b7b885a1a19a2e1cb95a72918
raw/archives/midazolam.tar.gz,midazolam/alpha1/2026091904/pose_05/report.txt,3928,f23bed7501bc6ae74759af0978fc5fc7eb836361dd020eb3526b22b97c7d6486
raw/archives/midazolam.tar.gz,midazolam/alpha1/2026091904/pose_05/report.xml,9838,fd25d5f35f13db2110ea94c6157ed4faed28ea9b94e4494bbc5f8d3f97090af1
raw/archives/midazolam.tar.gz,midazolam/alpha1/2026091904/pose_06/ligand.sdf,3146,cf13f1c87ec2ae4ed9f8cff206fc58d5126f1868afbf1c25f78ce71cea0c100a
raw/archives/midazolam.tar.gz,midazolam/alpha1/2026091904/pose_06/pose_status.json,570,ae6ab8bbff5845feddf32ff75c79801eb05a7ed20ae0277f1e4cc6274a9f6ad6
raw/archives/midazolam.tar.gz,midazolam/alpha1/2026091904/pose_06/report.txt,6586,6a25a25c0022fa7efc80ad47c48e50fe1e50dbac2ef3c7b267a35d9a08d2c548
raw/archives/midazolam.tar.gz,midazolam/alpha1/2026091904/pose_06/report.xml,12268,4e18dabca64d9e87bd66e31fdf290e7686b33540314a068c69c2784aaef459a8
raw/archives/midazolam.tar.gz,midazolam/alpha1/2026091904/pose_07/ligand.sdf,3146,d75724ccf2f49bca180ec9e03186a26a1b00bf34682756a6675528cc8d99fd35
raw/archives/midazolam.tar.gz,midazolam/alpha1/2026091904/pose_07/pose_status.json,570,a9e2e81cc6485920c3798ec41bc8a8c94db2edbfdc2ac9f660050714473eb02e
raw/archives/midazolam.tar.gz,midazolam/alpha1/2026091904/pose_07/report.txt,3595,c53bed883fa89128d5c580e1c836ecc3f67065c91a4b3177ebe15227b4020d68
raw/archives/midazolam.tar.gz,midazolam/alpha1/2026091904/pose_07/report.xml,8772,373d2862b270a5a91853ce8417bf24858c8fe8b1121d1972d8da6a416ef37903
raw/archives/midazolam.tar.gz,midazolam/alpha1/2026091904/pose_08/ligand.sdf,3146,5e445052640d72858143c6b203fdda703303ab544984f0b93ad7996fc54d4274
raw/archives/midazolam.tar.gz,midazolam/alpha1/2026091904/pose_08/pose_status.json,570,7fe519237668262f3f5f6128141e4e472cd632972978ebd72f38783b3bec3eca
raw/archives/midazolam.tar.gz,midazolam/alpha1/2026091904/pose_08/report.txt,4112,01f7fa2a3857f3f520d63df3fd66362d55749040492ef5e7c51ef002a39e5786
raw/archives/midazolam.tar.gz,midazolam/alpha1/2026091904/pose_08/report.xml,8066,c85a39169886a55a8a9c5fba6ebb11e8a3f180556dc49147c7abaed3dd329585
raw/archives/midazolam.tar.gz,midazolam/alpha1/2026091904/pose_09/ligand.sdf,3146,c89af4003a0f2cf4efffbb863da190100f251567dcd29befba2247c9901eb335
raw/archives/midazolam.tar.gz,midazolam/alpha1/2026091904/pose_09/pose_status.json,570,e8aeb34ec94612530c0a455fe3ac920afa54cf43948274d6f098d407a9162a36
raw/archives/midazolam.tar.gz,midazolam/alpha1/2026091904/pose_09/report.txt,3561,3b85016488b5f57f02822501f42e69cce0ab7fae1e0d8c616f71037c3ee0556b
raw/archives/midazolam.tar.gz,midazolam/alpha1/2026091904/pose_09/report.xml,8658,241e60b476a6c0ac8a42b63c70d419471d95758203fdad212b569089386ec3eb
raw/archives/midazolam.tar.gz,midazolam/alpha1/2026091904/pose_manifest.json,5413,0416b47d0e3e16486c61cd450d9c8192c55cbe330b92c4bd38c209db36846574
raw/archives/midazolam.tar.gz,midazolam/alpha1/2026091904/poses.pdbqt,21060,35c3e0b77228924a5365c3cd19b90ad77591a08dd1481678550b74dcce202b11
raw/archives/midazolam.tar.gz,midazolam/alpha1/2026091904/vina.log,2385,fb35b1913e7363994a3e308cbb35604d96499d09a1b486a45f773a22ef9b9d87
raw/archives/midazolam.tar.gz,midazolam/alpha1/2026091905/docking.json,1530,70f6f3febee74daa209e0b2ff942ea1a726b148320c238e083fa738ee8560bb7
raw/archives/midazolam.tar.gz,midazolam/alpha1/2026091905/interactions.json,39263,0222347c6badbe511fbfeed98e9afaed5e94cadaf0b140af71762ec933fcfe80
raw/archives/midazolam.tar.gz,midazolam/alpha1/2026091905/plip.log,1881,5734b8493ae152f45c53e3cdc8cb36e6bf32886b49d8132e8d3b15e76e069d92
raw/archives/midazolam.tar.gz,midazolam/alpha1/2026091905/plip_done.json,29,bef149d6b4bcd0e8393fac45503362a862d45eadcceff434b3d9640f4b008ec4
raw/archives/midazolam.tar.gz,midazolam/alpha1/2026091905/pose_01/ligand.sdf,3146,227bd8f5090de250061c074f9e2eff708a9b0011da64762744471a3f9a3e83a4
raw/archives/midazolam.tar.gz,midazolam/alpha1/2026091905/pose_01/pose_status.json,571,1d3d62f6cfb1d459f5f309e9dabdc494ee956ceda87d1f638ee1b9e8917c8d8b
raw/archives/midazolam.tar.gz,midazolam/alpha1/2026091905/pose_01/report.txt,6194,c7c8b3dc7862deef15b5b5dc54142f501870512b2b197e80fd044d95f37ee740
raw/archives/midazolam.tar.gz,midazolam/alpha1/2026091905/pose_01/report.xml,14786,a353c5b0b46cedb476851a43c62a923b53f8087b905c2823fe52086ec85b4206
raw/archives/midazolam.tar.gz,midazolam/alpha1/2026091905/pose_02/ligand.sdf,3146,e55557261eef5960f7f203ad984157d0040f82857cef33b8498b831b8c95f7a1
raw/archives/midazolam.tar.gz,midazolam/alpha1/2026091905/pose_02/pose_status.json,570,bf8a46be5f9a15115724bbf4be2e428e7db0f883a6fb0842129cba981a1a4ae7
raw/archives/midazolam.tar.gz,midazolam/alpha1/2026091905/pose_02/report.txt,4609,f79f07ab3cc866b18c6b59820a7513ae6ffadc282ec06a6112861f7f45e77913
raw/archives/midazolam.tar.gz,midazolam/alpha1/2026091905/pose_02/report.xml,9922,831f9a45fe580741ff763e5b3de8fb6473a0871d04bbaa8bbace03c3244b2455
raw/archives/midazolam.tar.gz,midazolam/alpha1/2026091905/pose_03/ligand.sdf,3146,faae641d1df0f5e78ff876923b5b4f2c86b33b3f6a991cbcb9d6a8b7e055b1f8
raw/archives/midazolam.tar.gz,midazolam/alpha1/2026091905/pose_03/pose_status.json,570,748883cd2bafc4022dc46b86d31c481e7d294733934732ff843ffbab4fa499d4
raw/archives/midazolam.tar.gz,midazolam/alpha1/2026091905/pose_03/report.txt,3262,25cd20c89ae9d94a620257fc22face1c5b771c4a4b79eeb2426f23d1c94c452b
raw/archives/midazolam.tar.gz,midazolam/alpha1/2026091905/pose_03/report.xml,8293,179eb47b20ea482d5ba3bec2cbc7bc342641d8180101ef98249d8f3aae6c281b
raw/archives/midazolam.tar.gz,midazolam/alpha1/2026091905/pose_04/ligand.sdf,3146,aff20ac0d37b0232e9f33acac0ae66c1a8e868d7bcca4ce09a23083b1ca7bd88
raw/archives/midazolam.tar.gz,midazolam/alpha1/2026091905/pose_04/pose_status.json,570,ec8b50fc1cadb0200816d33a53f7ad4e10f6ca69724bc98c17160ee0cb23cc2c
raw/archives/midazolam.tar.gz,midazolam/alpha1/2026091905/pose_04/report.txt,4395,c4cf55c51f568389b6c4ee5c7c93bb76453afa217b531cb5e583bdf417d38d61
raw/archives/midazolam.tar.gz,midazolam/alpha1/2026091905/pose_04/report.xml,10923,ffc678d6782386ed2bd9fbc45ac6e045dda3f8af859e20f9cdad88cbf92a89af
raw/archives/midazolam.tar.gz,midazolam/alpha1/2026091905/pose_05/ligand.sdf,3146,30750c7dba4299111e2fdaa7e9e64023260b554cff7699b66472d8dbb5b5b8f3
raw/archives/midazolam.tar.gz,midazolam/alpha1/2026091905/pose_05/pose_status.json,570,e5d143c187ab5c6374be965b14bdad4a8c315a2fd2a0555ba0778bfd46e355e8
raw/archives/midazolam.tar.gz,midazolam/alpha1/2026091905/pose_05/report.txt,3595,5ef03c78e9c449dfcd64c7b4a6e76c37053dc24d477ac388a58a1758c697ecec
raw/archives/midazolam.tar.gz,midazolam/alpha1/2026091905/pose_05/report.xml,8606,28c273ed2dbaa361a0b5513a3196c568a6f59a3aa5574d2b0e0e0192b55d9833
raw/archives/midazolam.tar.gz,midazolam/alpha1/2026091905/pose_06/ligand.sdf,3146,c58f8400140d5056ba43c17c722fa53bafbbee15c4fe68d3213836be4df52a56
raw/archives/midazolam.tar.gz,midazolam/alpha1/2026091905/pose_06/pose_status.json,570,3c0198135af50c7fad329fa13be4c3040adebf4830757d63bf6d554d6d0a0609
raw/archives/midazolam.tar.gz,midazolam/alpha1/2026091905/pose_06/report.txt,4441,54b2fa746106cb463c90bef644a0a61ca90c1d458f2898c269eefae640060d06
raw/archives/midazolam.tar.gz,midazolam/alpha1/2026091905/pose_06/report.xml,9055,5d36a96bace34884d8f6de725a2773bdaf87d37af1f742055ef7a2db0c3fbf0a
raw/archives/midazolam.tar.gz,midazolam/alpha1/2026091905/pose_07/ligand.sdf,3146,d67f1a5364b2aced91c1e1e6f3441f32184f200d08f1ba7fb8871c54e8c61a2b
raw/archives/midazolam.tar.gz,midazolam/alpha1/2026091905/pose_07/pose_status.json,570,193ce2718d9c18a5e48bc066c0e20bec2afd0ba4ac9d745da8c38c000ec2b9cf
raw/archives/midazolam.tar.gz,midazolam/alpha1/2026091905/pose_07/report.txt,3260,8f3cf30f971f164bec9142d9a3cc8c9f3b33d1a1b6affb62a70d197ecfd7c20b
raw/archives/midazolam.tar.gz,midazolam/alpha1/2026091905/pose_07/report.xml,8152,039f32574107c481de5637a8b5c0c14d6a7c2fc0c198572ba3fbd907849754d0
raw/archives/midazolam.tar.gz,midazolam/alpha1/2026091905/pose_08/ligand.sdf,3146,313ddc1d9943212a4ea86813a94d90970f131b5a53d9ceaf467b6e4d2064da24
raw/archives/midazolam.tar.gz,midazolam/alpha1/2026091905/pose_08/pose_status.json,570,c078743bdf227d82ca717d7bcc78eb0a66c136084c42f02cc53933d395382838
raw/archives/midazolam.tar.gz,midazolam/alpha1/2026091905/pose_08/report.txt,3226,c9eabdfb21d6e402f026f311e0edd12e8d47f7618188e7b22440cfb041964fe8
raw/archives/midazolam.tar.gz,midazolam/alpha1/2026091905/pose_08/report.xml,8041,c3c68bb6f128baeac4641a4530b0dd6715d1569be1864a390e466277702a5377
raw/archives/midazolam.tar.gz,midazolam/alpha1/2026091905/pose_09/ligand.sdf,3146,b8a9fb978742a3dbdb8163cd404d72de225619671cc6cf9edfa4e8a8a594a49b
raw/archives/midazolam.tar.gz,midazolam/alpha1/2026091905/pose_09/pose_status.json,570,22ecb23f2e264bb57661fa97e58133a8de6ffd761bb436dc650d0747638e9394
raw/archives/midazolam.tar.gz,midazolam/alpha1/2026091905/pose_09/report.txt,4619,fc6aaa8176265df0268ac4eb6e51f14b64de679c9c9bb2b4d9628a9f9419a7f4
raw/archives/midazolam.tar.gz,midazolam/alpha1/2026091905/pose_09/report.xml,8456,4785dcc9387af6a476f7dddf5cf2c1a3cf6b551ee4d37cd00590a654b309d728
raw/archives/midazolam.tar.gz,midazolam/alpha1/2026091905/pose_manifest.json,5413,79e25396b747a0135a153eeb839fc4556b9d4efcdd05800d96087b64d427b917
raw/archives/midazolam.tar.gz,midazolam/alpha1/2026091905/poses.pdbqt,21060,b9b37dd1646d694df5bef975c95f36a4f30c780ca9bbb5204be15a8f655f6d47
raw/archives/midazolam.tar.gz,midazolam/alpha1/2026091905/vina.log,2385,a1f92bac49760a0ee3de58f76b817dd76821c56fe44cea1eb7814f48fc8e206d
raw/archives/midazolam.tar.gz,midazolam/alpha2/2026091901/docking.json,1528,e464514e8a00c020e030bcf6acbdeafb588fd8ba5e1efc3af084c25321b9da52
raw/archives/midazolam.tar.gz,midazolam/alpha2/2026091901/interactions.json,30036,0bf1de37971331d2e924ef5b5e30af942f7d44386eeddb6088b4c0ddb23b6fb4
raw/archives/midazolam.tar.gz,midazolam/alpha2/2026091901/plip.log,1881,04b75e40cd22f1f5765d5114144d5c00639d0a158669a7669832b6ecb217ac48
raw/archives/midazolam.tar.gz,midazolam/alpha2/2026091901/plip_done.json,29,bef149d6b4bcd0e8393fac45503362a862d45eadcceff434b3d9640f4b008ec4
raw/archives/midazolam.tar.gz,midazolam/alpha2/2026091901/pose_01/ligand.sdf,3146,90caab8b4a90bd8d53edc0ee2d7e8256ec4ccbfb0a325721e2412f9faeea07c1
raw/archives/midazolam.tar.gz,midazolam/alpha2/2026091901/pose_01/pose_status.json,570,e0ee5f7ecf73dc5d7f98d87f2b7445b00deec1d01298571fce9fcbd43beef90d
raw/archives/midazolam.tar.gz,midazolam/alpha2/2026091901/pose_01/report.txt,2730,72fa2b2929db68db9ae691215777ef08c9b1f924ce3ad16e574fa43a57fbd4b7
raw/archives/midazolam.tar.gz,midazolam/alpha2/2026091901/pose_01/report.xml,8572,5d4cb24e3aacba77fbab5644637d3898f222eabf81f4356d69a67442e4fdb492
raw/archives/midazolam.tar.gz,midazolam/alpha2/2026091901/pose_02/ligand.sdf,3146,fdbfc6baef3f76ddc5541673ec41bcc308539000b2f5cbefa7d87d63707ccb08
raw/archives/midazolam.tar.gz,midazolam/alpha2/2026091901/pose_02/pose_status.json,570,09c46f35cda48af84af760a948ba30337a075cd3b7cd7130633927eb79f86b01
raw/archives/midazolam.tar.gz,midazolam/alpha2/2026091901/pose_02/report.txt,5674,e9b519ea5b58d31959df4a8599cd7d5291e9bb76a896bbafba10c6611358df33
raw/archives/midazolam.tar.gz,midazolam/alpha2/2026091901/pose_02/report.xml,11940,fb8decce5664ceda722f9ddc99facf6cb004b28f3c612c20a0745b4b872f56dc
raw/archives/midazolam.tar.gz,midazolam/alpha2/2026091901/pose_03/ligand.sdf,3146,4db3f7c57c0d63fb0add97fdf1292bfe33095b2cf8aaf2a7abff8d859041d23c
raw/archives/midazolam.tar.gz,midazolam/alpha2/2026091901/pose_03/pose_status.json,570,8cbf07a027bc327d5f4bcb1c5c91f7cb41609658a94fe6b67abb45654c0e36f9
raw/archives/midazolam.tar.gz,midazolam/alpha2/2026091901/pose_03/report.txt,2717,38cea101a690d75d1e9e89121653fb327277617d45f23934f21afb2259046a48
raw/archives/midazolam.tar.gz,midazolam/alpha2/2026091901/pose_03/report.xml,8322,2229f151d6ea3bd3d6414ee45a69a910fcb42d74a265f69f2b29d5b4692bf054
raw/archives/midazolam.tar.gz,midazolam/alpha2/2026091901/pose_04/ligand.sdf,3146,947acc854918f45c5f6fbc83aa8bf11a857de878dbc4ad7758645b52093b8248
raw/archives/midazolam.tar.gz,midazolam/alpha2/2026091901/pose_04/pose_status.json,570,fbc194d3f411bf4d2ad08af8a51ecbb20fa60904315081b82b7600fe1360ad7b
raw/archives/midazolam.tar.gz,midazolam/alpha2/2026091901/pose_04/report.txt,2717,1793966dfce24a7708b84154cb73c0f414c8cb3566a005d499b3acec24f67f4c
raw/archives/midazolam.tar.gz,midazolam/alpha2/2026091901/pose_04/report.xml,7902,c7651d66ace6ad0788b51654b2ce406ed482fa6cb230c1b0b01b0ab604f478bb
raw/archives/midazolam.tar.gz,midazolam/alpha2/2026091901/pose_05/ligand.sdf,3146,c4b8d95a2c83e398aa5bc48231bfd6db6e04dbed323d9ad4397128afcf9e399d
raw/archives/midazolam.tar.gz,midazolam/alpha2/2026091901/pose_05/pose_status.json,570,adb864e997561f51c951756f0c5bdaf766bf8e6c49cbd8fe630ec42e7b63f1b7
raw/archives/midazolam.tar.gz,midazolam/alpha2/2026091901/pose_05/report.txt,2059,93c27115c7423c773a477edb1b6f6b1f0bb1c21a0d2640d63918dd6b27c860a4
raw/archives/midazolam.tar.gz,midazolam/alpha2/2026091901/pose_05/report.xml,6778,9025d154f59c0e32f95efdbfcbb40fd9930b4e80c05cb3b7eff087e854e2022e
raw/archives/midazolam.tar.gz,midazolam/alpha2/2026091901/pose_06/ligand.sdf,3146,3f197fa558a9a38e239a54f30ec71738c61f20f54bbcdf0b4e16adf462364da6
raw/archives/midazolam.tar.gz,midazolam/alpha2/2026091901/pose_06/pose_status.json,570,4c9e6c48a5ac1af3ef99153173138365aec05b112720121794411e3287a9e7de
raw/archives/midazolam.tar.gz,midazolam/alpha2/2026091901/pose_06/report.txt,2077,8d0a446f900f44d2c93a4c9d1e04567ca5537b61e01c20273c68fcea5d4c5578
raw/archives/midazolam.tar.gz,midazolam/alpha2/2026091901/pose_06/report.xml,7033,aa38324e1301b365c87ded1adb58fbae42369eb407e8bfb9fce292cba886e0a9
raw/archives/midazolam.tar.gz,midazolam/alpha2/2026091901/pose_07/ligand.sdf,3146,5fe6054616bbc854b504511635587a2b3819118af68305291fe33226dadf19db
raw/archives/midazolam.tar.gz,midazolam/alpha2/2026091901/pose_07/pose_status.json,570,a3b507c69b66a52696c5069451fc108990b7013be73d7e5c523c81e647abfe0e
raw/archives/midazolam.tar.gz,midazolam/alpha2/2026091901/pose_07/report.txt,2399,41c0fceeee32354ca27b5a9142d20968017d37b94d8059e4002b5ac435815103
raw/archives/midazolam.tar.gz,midazolam/alpha2/2026091901/pose_07/report.xml,7846,ac504a6afc9ea52c657e1a2401294ce61c39d8588260d4cf742d1a40f126fab9
raw/archives/midazolam.tar.gz,midazolam/alpha2/2026091901/pose_08/ligand.sdf,3146,da20241cca60354b9df944daefe764567de390ae5a6e418067520fcc40a83cc6
raw/archives/midazolam.tar.gz,midazolam/alpha2/2026091901/pose_08/pose_status.json,570,572d8bd07d8cae8b668d0e0af62abd961cc744c769c4615d60551137ae8a3d5a
raw/archives/midazolam.tar.gz,midazolam/alpha2/2026091901/pose_08/report.txt,3218,380c6aec086242fca9f10d8710c5af44ce4b7bcdce8d37de85f811d7362ee04d
raw/archives/midazolam.tar.gz,midazolam/alpha2/2026091901/pose_08/report.xml,8036,ab437781792ff417debd2c18b33dc601d3cd68e155878cde45e91562fe22b346
raw/archives/midazolam.tar.gz,midazolam/alpha2/2026091901/pose_09/ligand.sdf,3146,0eae2a96cc408ce44abf7558fc78b8a42361ea22248944a2632fe0d62d303139
raw/archives/midazolam.tar.gz,midazolam/alpha2/2026091901/pose_09/pose_status.json,570,8f52bf34ef0d16cd0597cde2be4125efd9bb03eaa7793160d2b33ece6ac0da86
raw/archives/midazolam.tar.gz,midazolam/alpha2/2026091901/pose_09/report.txt,1728,f547fb5bd4fc84c33abb2cfba6aeb4c59ee20292653f5c2298a29fbb3c79c488
raw/archives/midazolam.tar.gz,midazolam/alpha2/2026091901/pose_09/report.xml,6248,d9a89e4640bc5e93e2c072bf41e559292a1f89965be73aa9565febde557c09bc
raw/archives/midazolam.tar.gz,midazolam/alpha2/2026091901/pose_manifest.json,5412,71a983fc26b8ab4b2916660785771b80d977f0c2c2acb6f14a9bdb2b8d080b13
raw/archives/midazolam.tar.gz,midazolam/alpha2/2026091901/poses.pdbqt,21060,c13e220351bb608803dc2dd8e5ec9d5b21c9bc4e76f1151a2c89e4f2f7acfd1a
raw/archives/midazolam.tar.gz,midazolam/alpha2/2026091901/vina.log,2385,c8dd1772e36de4c09e953928f65809f8e96086f5fd8be007e59d135ab6ba319c
raw/archives/midazolam.tar.gz,midazolam/alpha2/2026091902/docking.json,1528,9996c167c6cd121a9054ed06e76d1517379fd294e15b71524a0139284239f243
raw/archives/midazolam.tar.gz,midazolam/alpha2/2026091902/interactions.json,31541,35ff50d039bc03508f73a7b2da1d0f12356e823b9415c3e4cdbab5406807ee37
raw/archives/midazolam.tar.gz,midazolam/alpha2/2026091902/plip.log,1881,de8a5a2b16d9ce16a06fd67007da406b11d3bebb5c321eead16da59b42c642cd
raw/archives/midazolam.tar.gz,midazolam/alpha2/2026091902/plip_done.json,29,bef149d6b4bcd0e8393fac45503362a862d45eadcceff434b3d9640f4b008ec4
raw/archives/midazolam.tar.gz,midazolam/alpha2/2026091902/pose_01/ligand.sdf,3146,00c18f905390ace119f8c6e18fe8629a104c45fc96da893d5cce40cf83e601f0
raw/archives/midazolam.tar.gz,midazolam/alpha2/2026091902/pose_01/pose_status.json,570,c7fb1bf4524f98483cd30909716d7bed09cd348d592f18b0f75218e9f71b2f42
raw/archives/midazolam.tar.gz,midazolam/alpha2/2026091902/pose_01/report.txt,2730,f06a3826dcc4fc32f37db12ef61f889504a19c4d418c10e58ebb001af3b70d13
raw/archives/midazolam.tar.gz,midazolam/alpha2/2026091902/pose_01/report.xml,8572,1d1d9d30527343a52c66ddd2ca7b6627575034859d762272db4a5fc0c0c959c3
raw/archives/midazolam.tar.gz,midazolam/alpha2/2026091902/pose_02/ligand.sdf,3146,2d4a2781f23bef30254bbf4995f67aa271c010905d868ae613cb69108386987f
raw/archives/midazolam.tar.gz,midazolam/alpha2/2026091902/pose_02/pose_status.json,570,0922d9aca2b5f1a150baeabdb631f7eedce955f348d80100b5196012b96a757a
raw/archives/midazolam.tar.gz,midazolam/alpha2/2026091902/pose_02/report.txt,5674,1a06d25f351546c43797481ed9968a5e7bd867bbbb5635a790e9b3871b9c6ce8
raw/archives/midazolam.tar.gz,midazolam/alpha2/2026091902/pose_02/report.xml,12108,e8de968d0c34f11fef249c8b10d8b41fac687e42bc54cd0926691815a603df93
raw/archives/midazolam.tar.gz,midazolam/alpha2/2026091902/pose_03/ligand.sdf,3146,4989f47c9ab34b78874eb12d87396437278eec8f7a1aedabeffedd13771aaf53
raw/archives/midazolam.tar.gz,midazolam/alpha2/2026091902/pose_03/pose_status.json,570,8a8b0728bed44f3d28d707952839d4ce8c55f204bb3d880cd119e1446e93525d
raw/archives/midazolam.tar.gz,midazolam/alpha2/2026091902/pose_03/report.txt,3046,d222d787f8d0b227aedf77281deb120081a9116a3bd7161b459bf459b387d40b
raw/archives/midazolam.tar.gz,midazolam/alpha2/2026091902/pose_03/report.xml,8884,317a12ab2741c1c7396ed631b90231a85de83388fc739fde9709db79c4d555b3
raw/archives/midazolam.tar.gz,midazolam/alpha2/2026091902/pose_04/ligand.sdf,3146,9a0548ef868394aa511c786aa18716a479f072105432fdb73abb5ac4cf65be99
raw/archives/midazolam.tar.gz,midazolam/alpha2/2026091902/pose_04/pose_status.json,570,01c498a2268f65e1a05efe8f3f1c541cf6fde7f0ae75fa88aa0e7505d82ee36b
raw/archives/midazolam.tar.gz,midazolam/alpha2/2026091902/pose_04/report.txt,4368,4b3ab36b04f91e82887de37bb74a72d360aa6d5aeb3dd5b6acfaf42d0cc74583
raw/archives/midazolam.tar.gz,midazolam/alpha2/2026091902/pose_04/report.xml,10942,f241e38aa88a9d1482469194ed41907d08ee88c986a97cc3f97c7634a42c1eab
raw/archives/midazolam.tar.gz,midazolam/alpha2/2026091902/pose_05/ligand.sdf,3146,1018f599479f5cb9d6f09cfd3649c2aee44ceea4951112b579bc5aac23444955
raw/archives/midazolam.tar.gz,midazolam/alpha2/2026091902/pose_05/pose_status.json,570,a4b41f2db0983503b33694ef32e30f7be1cc24c0651f0e6ca89f235fd6f0e3d0
raw/archives/midazolam.tar.gz,midazolam/alpha2/2026091902/pose_05/report.txt,2717,fcc189fa03ae4fc711bf66ee3049e303feb71277f31fbf02410ce4a875bf58ab
raw/archives/midazolam.tar.gz,midazolam/alpha2/2026091902/pose_05/report.xml,7986,7b04fa1565154c08f2254495bfd816cc0bab692cde27eb3d13ebaaca49b558b3
raw/archives/midazolam.tar.gz,midazolam/alpha2/2026091902/pose_06/ligand.sdf,3146,f7b226cb816f206c0dbdc7e22ba1a6575ef32e43e10944d57c912fb055e4c691
raw/archives/midazolam.tar.gz,midazolam/alpha2/2026091902/pose_06/pose_status.json,570,38a84ab9adf9e9c81fa38a82d734f790991f1d200326e2ab6c69e4b183dc254a
raw/archives/midazolam.tar.gz,midazolam/alpha2/2026091902/pose_06/report.txt,1728,4af13eebf3f199cd4649d43d78aa44cceec942064b0933fd1f4e2d9f79e2255b
raw/archives/midazolam.tar.gz,midazolam/alpha2/2026091902/pose_06/report.xml,6247,17041884b694dd49612ccec6ebb1e503dbdd1e929ce40f1e40b63ef4960b59eb
raw/archives/midazolam.tar.gz,midazolam/alpha2/2026091902/pose_07/ligand.sdf,3146,bcb14dc1ff21a8504c9e588ad1b03773d7996b9c492133ef2ebc326f71d81648
raw/archives/midazolam.tar.gz,midazolam/alpha2/2026091902/pose_07/pose_status.json,570,8e0bf42bc8f0f85c752699f8aba92f550c6cca9a96f14e89b0a65a258ddb7bc0
raw/archives/midazolam.tar.gz,midazolam/alpha2/2026091902/pose_07/report.txt,2059,8a3f23f58b4ca95f31e810df0793b310e2c43cb60426cca76cd146e77faaa11f
raw/archives/midazolam.tar.gz,midazolam/alpha2/2026091902/pose_07/report.xml,6778,68832d3f4cabcfe0d439781715b9a49823f1ee3cf37aeb480fc4b7f4dc822a64
raw/archives/midazolam.tar.gz,midazolam/alpha2/2026091902/pose_08/ligand.sdf,3146,f4cc73ac936ef700cd86f72e999dca6029b543f4450124141ca3f4ef0ae93f46
raw/archives/midazolam.tar.gz,midazolam/alpha2/2026091902/pose_08/pose_status.json,570,860a4872d18b92f28114e9729b7c5b45074ac67c4851e121d492e3e6b4cafda7
raw/archives/midazolam.tar.gz,midazolam/alpha2/2026091902/pose_08/report.txt,2068,c34107a0826bf76925e53631f7611c98f13da321880ed39952feedd8595452f2
raw/archives/midazolam.tar.gz,midazolam/alpha2/2026091902/pose_08/report.xml,6948,17d771aca85f3d8048de98dac2519a7d1b04931613749dff2f1910b734284592
raw/archives/midazolam.tar.gz,midazolam/alpha2/2026091902/pose_09/ligand.sdf,3146,fdd9c631ba7e2dd2fd0699d45400f2102cb5482d735707d70e9eb4fe6c7dc0a7
raw/archives/midazolam.tar.gz,midazolam/alpha2/2026091902/pose_09/pose_status.json,570,67ab386d366415fbfc20e57eb70a0125ed4b77873fff464c527d7156382e4338
raw/archives/midazolam.tar.gz,midazolam/alpha2/2026091902/pose_09/report.txt,1728,00c2c3a4e8ecb18e4463058a7306416cfd32fc46fed4aef3833abc8a9cd77e02
raw/archives/midazolam.tar.gz,midazolam/alpha2/2026091902/pose_09/report.xml,6500,2b0e334c187f5d963584e7b8806d42d3b8816e43af2c1986de7e7f82bd07aec4
raw/archives/midazolam.tar.gz,midazolam/alpha2/2026091902/pose_manifest.json,5412,93dd06a8f2fbfc8190f5e0651a98ff8039698abc10b5d9c3d574bfe83dbd44ee
raw/archives/midazolam.tar.gz,midazolam/alpha2/2026091902/poses.pdbqt,21060,2a3d3c53ce8858d6b47b7f4c76ba9e9d159c2931456db814cbbb8140dd87fd9a
raw/archives/midazolam.tar.gz,midazolam/alpha2/2026091902/vina.log,2385,242eca8b22ce180b92191c4210c69a9bb119c82900c3134baaa210b4483ef6a8
raw/archives/midazolam.tar.gz,midazolam/alpha2/2026091903/docking.json,1528,bbccc763f2baaba4b5a4d84087520e8c2e8f6407b08ccb3d2a9040671661531a
raw/archives/midazolam.tar.gz,midazolam/alpha2/2026091903/interactions.json,29248,0ee8e8d2e553782cd406792767d8242d82421c56324ad4fb6c3803350ddd9826
raw/archives/midazolam.tar.gz,midazolam/alpha2/2026091903/plip.log,1881,fc78e2853e10a266b1d8315a9007424ec0c857b6cd3ef125495ceb633e9ff006
raw/archives/midazolam.tar.gz,midazolam/alpha2/2026091903/plip_done.json,29,bef149d6b4bcd0e8393fac45503362a862d45eadcceff434b3d9640f4b008ec4
raw/archives/midazolam.tar.gz,midazolam/alpha2/2026091903/pose_01/ligand.sdf,3146,5cb65782e354b97c432c5cfeca4dbf6247bdfa635f4305bf3e35c7abeb591112
raw/archives/midazolam.tar.gz,midazolam/alpha2/2026091903/pose_01/pose_status.json,570,d3db23271e46d6dc7810f78b9af04b6da78eb27a90b674110590ed163352e7f1
raw/archives/midazolam.tar.gz,midazolam/alpha2/2026091903/pose_01/report.txt,3061,6029fa785dc335a8d58d7ddec9a5a8a75e1e19be23e6c8df3765287168078ba6
raw/archives/midazolam.tar.gz,midazolam/alpha2/2026091903/pose_01/report.xml,9218,bda9bcbc26f8a391a590add513ac56a0c91433ca064f0a895403ac1058ed3d94
raw/archives/midazolam.tar.gz,midazolam/alpha2/2026091903/pose_02/ligand.sdf,3146,53f5cb9e9941a82c19cc14812a055d041d299d7464a8d49d4e314477f3e3c04a
raw/archives/midazolam.tar.gz,midazolam/alpha2/2026091903/pose_02/pose_status.json,570,708684c5551b806a84aa44682914139713affe35ee1a471fab77797307e23fbc
raw/archives/midazolam.tar.gz,midazolam/alpha2/2026091903/pose_02/report.txt,3046,bba43048dc72dc81769093f7f2e5b3196d0f822ef97322773b331262ae3d5c2a
raw/archives/midazolam.tar.gz,midazolam/alpha2/2026091903/pose_02/report.xml,8968,ac11c9b8a3c3eff85cf7ec2ec2d8f0201b44529a6693fd628df4519ebe768a33
raw/archives/midazolam.tar.gz,midazolam/alpha2/2026091903/pose_03/ligand.sdf,3146,a947638f0c3119d6724a8a208d002972a0aaafa9e9e64640c15ea8f7e69012e2
raw/archives/midazolam.tar.gz,midazolam/alpha2/2026091903/pose_03/pose_status.json,570,ab69c68231425909544db14b0c790c175228d72ec01e3a3e898be946a6bae266
raw/archives/midazolam.tar.gz,midazolam/alpha2/2026091903/pose_03/report.txt,2717,311c68251d86d10a4602654a5326ea79d89c865fdce8379bc99970ac988a221d
raw/archives/midazolam.tar.gz,midazolam/alpha2/2026091903/pose_03/report.xml,7902,dcfff1f168f27c51f4977b2da5a1df9376495a9a4b8c2d18967efb745306f391
raw/archives/midazolam.tar.gz,midazolam/alpha2/2026091903/pose_04/ligand.sdf,3146,274e63458f93be34b395c39bf7e6548beb092ea27de859da98e9ee74e345028f
raw/archives/midazolam.tar.gz,midazolam/alpha2/2026091903/pose_04/pose_status.json,570,6b5c5ef2143728c51088b68c7fb80b03dfc8846a50c4c6bdcb64977f3f2f5efc
raw/archives/midazolam.tar.gz,midazolam/alpha2/2026091903/pose_04/report.txt,3511,37c777df2a293fb45bb9dfa7aca8a1123b1ff12e0f02dc7953115210b88432c3
raw/archives/midazolam.tar.gz,midazolam/alpha2/2026091903/pose_04/report.xml,8583,67ef415c331e5f77b354d7a846b9e33995a0de6e69b61954cff68229512de4e4
raw/archives/midazolam.tar.gz,midazolam/alpha2/2026091903/pose_05/ligand.sdf,3146,93c3d9630e6fe131600598480f97f18f51fef99544a1897ea86269b19a31edd1
raw/archives/midazolam.tar.gz,midazolam/alpha2/2026091903/pose_05/pose_status.json,570,6f258efe9b47196aba0e5cdcbb88896885011ad123ce565fca1399e63374e5d7
raw/archives/midazolam.tar.gz,midazolam/alpha2/2026091903/pose_05/report.txt,2068,91f2c8cc7e90260edc3b973a36c70d7905108ae7fbe5ca6789bcd14138f3447a
raw/archives/midazolam.tar.gz,midazolam/alpha2/2026091903/pose_05/report.xml,6948,2e98b5d5a602955aed224d0c13deaed1f2b41c8ad6582f67f2c7f579f65bfd93
raw/archives/midazolam.tar.gz,midazolam/alpha2/2026091903/pose_06/ligand.sdf,3146,e8e8aae94bbd75521ad115ce9570650ca62d153130354541a846e66e493a72a6
raw/archives/midazolam.tar.gz,midazolam/alpha2/2026091903/pose_06/pose_status.json,570,2e7dc62a3f2222c0b4389f1b812f4251e6bbc92805f2e6ff56db129a29a19716
raw/archives/midazolam.tar.gz,midazolam/alpha2/2026091903/pose_06/report.txt,2717,22eb47eb9c6e1feb4c61656827a41eb70203fee914202854a4c10f63d4326541
raw/archives/midazolam.tar.gz,midazolam/alpha2/2026091903/pose_06/report.xml,8490,7c902d98823af13ac970e39d1ae2e4be2489a6ec5cb7f4535687a613ab0d0d9b
raw/archives/midazolam.tar.gz,midazolam/alpha2/2026091903/pose_07/ligand.sdf,3146,7aab204ed5ec343cd9963d22a2acb0b4a2f179bf22aa6069e5e056b8c6bd1130
raw/archives/midazolam.tar.gz,midazolam/alpha2/2026091903/pose_07/pose_status.json,570,5897d7193ed9b1781bffb1a9195bfbfee1a1b22eecbb58a4606cf8eafeb57139
raw/archives/midazolam.tar.gz,midazolam/alpha2/2026091903/pose_07/report.txt,2059,7bc9adc28432eb64c6ddf48529bd768544b5ba31a234b4fc25ab2b9a2dbac75e
raw/archives/midazolam.tar.gz,midazolam/alpha2/2026091903/pose_07/report.xml,6863,11b0575d01d4cb4bbd8dc6d07e60365ed4ff8508201ac6776c85a56c0b2a1ef0
raw/archives/midazolam.tar.gz,midazolam/alpha2/2026091903/pose_08/ligand.sdf,3146,99f4bcc31a89a59cdd29c0f8c34943dbdf57fef7cfdafc08f3cb149d7d3f9067
raw/archives/midazolam.tar.gz,midazolam/alpha2/2026091903/pose_08/pose_status.json,570,529ce38f66f88214fda6da0182a716c7d6e2d1cbb0325b363be26445c5b6757c
raw/archives/midazolam.tar.gz,midazolam/alpha2/2026091903/pose_08/report.txt,3218,5c9a6d43835efd5e9c01a9d7ab66d363e431ca2eecf94217a78d1711cc58e444
raw/archives/midazolam.tar.gz,midazolam/alpha2/2026091903/pose_08/report.xml,8036,05f644543ea9a99d522a369c5ca76c4bc150d7a8772f90b7ca903f9b0a5c0984
raw/archives/midazolam.tar.gz,midazolam/alpha2/2026091903/pose_09/ligand.sdf,3146,b94ae6be43400d56f977f553b3c9b4732d89e33e2e6070aaed1d6fd78280febf
raw/archives/midazolam.tar.gz,midazolam/alpha2/2026091903/pose_09/pose_status.json,570,50f102668783681d3fccbc9fdea4ea4353ba4d93133e797af09f9ba41e52dc3e
raw/archives/midazolam.tar.gz,midazolam/alpha2/2026091903/pose_09/report.txt,1728,cd48e26dbb8640c653b705c96f08980fbf4a737b3e4d3b2256951f66790a5bd7
raw/archives/midazolam.tar.gz,midazolam/alpha2/2026091903/pose_09/report.xml,6248,5eca2fcb4e0c7808045f2e722398e0e68767c2217281c0e70fe9788f1fb1b50a
raw/archives/midazolam.tar.gz,midazolam/alpha2/2026091903/pose_manifest.json,5412,99c35e27afd131e93886db5d18f8b2f2a054511a46c3bd633103d5c6d0bba50f
raw/archives/midazolam.tar.gz,midazolam/alpha2/2026091903/poses.pdbqt,21060,c8babbf8e04079e1a2161595dd273aecde06ef6482042eea6cf3a38989bbf115
raw/archives/midazolam.tar.gz,midazolam/alpha2/2026091903/vina.log,2385,af6c02fb06e61be000805190a61eb51ef1b67a6f4ebdeba371c3268fb1a4599e
raw/archives/midazolam.tar.gz,midazolam/alpha2/2026091904/docking.json,1528,b09300f9b0e3027d8228f38137cd67a079c3896d6762224d2f70e7fd62768f9f
raw/archives/midazolam.tar.gz,midazolam/alpha2/2026091904/interactions.json,34639,bd92f909ecd728994ec657cd38e20ddd5fde464a64b42df5371c1ad7553ba602
raw/archives/midazolam.tar.gz,midazolam/alpha2/2026091904/plip.log,1881,f8eac63ee984488002a18c6d82c5554828aa5e786303412f56677c239106c940
raw/archives/midazolam.tar.gz,midazolam/alpha2/2026091904/plip_done.json,29,bef149d6b4bcd0e8393fac45503362a862d45eadcceff434b3d9640f4b008ec4
raw/archives/midazolam.tar.gz,midazolam/alpha2/2026091904/pose_01/ligand.sdf,3146,546c356bbb5cd1582c04d414faddfbaab392522f8048361ef8224c0f91f7a0de
raw/archives/midazolam.tar.gz,midazolam/alpha2/2026091904/pose_01/pose_status.json,570,e43ad0118a5665f36d9404563b9bd42dc7aee47b510a371a36acb4fb2cc8b044
raw/archives/midazolam.tar.gz,midazolam/alpha2/2026091904/pose_01/report.txt,2730,a4e5abf62c2d2edf81f2fe2534adee5bc542ce8982eff785fc9376e4779b9b70
raw/archives/midazolam.tar.gz,midazolam/alpha2/2026091904/pose_01/report.xml,8572,1b0d65a53500ab931899d5ab40a0caf820efa9d6796093f64f381da3b057d3d5
raw/archives/midazolam.tar.gz,midazolam/alpha2/2026091904/pose_02/ligand.sdf,3146,d948c8aa7e7a33ccc6e481d948833ae5b8f0d875aade20306ad58ea5408ad4f4
raw/archives/midazolam.tar.gz,midazolam/alpha2/2026091904/pose_02/pose_status.json,570,16f72c5493bd7e2ab2828220b0d4c50d2041dc79173fb4b235d07e5a70985b05
raw/archives/midazolam.tar.gz,midazolam/alpha2/2026091904/pose_02/report.txt,5674,7f7e3b86ea47ed8ce6653f34d7d72d1bd2c5003bce669fd47222f583484abcf0
raw/archives/midazolam.tar.gz,midazolam/alpha2/2026091904/pose_02/report.xml,11941,2dda9c5593e1b6734ac0fc99dbe6322bc2a1c246619c32c5e8f2d891cc743319
raw/archives/midazolam.tar.gz,midazolam/alpha2/2026091904/pose_03/ligand.sdf,3146,3f9815f5cb252c9dcbaadbe1cb35fa19a8d3f13042ece7dc9b93f86b8cd209a1
raw/archives/midazolam.tar.gz,midazolam/alpha2/2026091904/pose_03/pose_status.json,570,a0d62032cb05fa0048eff3a7d776738433cb9ab25d3f6b2ca437ba13c47ac595
raw/archives/midazolam.tar.gz,midazolam/alpha2/2026091904/pose_03/report.txt,3046,c5fcca5934ed333ecea0fe4785828863430fd27ebb8bee140598f50798e2898c
raw/archives/midazolam.tar.gz,midazolam/alpha2/2026091904/pose_03/report.xml,8968,ab8662f9024b33beb5cb984f59e3b30401517f3de95af2cf030dcaa6c085b83b
raw/archives/midazolam.tar.gz,midazolam/alpha2/2026091904/pose_04/ligand.sdf,3146,43ae14bdcb5d54ab8a2ba139aa1922ef9628678c25598e1cb8ada0eb487febf7
raw/archives/midazolam.tar.gz,midazolam/alpha2/2026091904/pose_04/pose_status.json,570,bfe26a7123ed39f0fca5d1c570c68064d6b55fa8b516c72fa3f17aae43340717
raw/archives/midazolam.tar.gz,midazolam/alpha2/2026091904/pose_04/report.txt,4368,3c00ce50449089081677dc06a555bf0100364a2226e373031db307b23f1c7753
raw/archives/midazolam.tar.gz,midazolam/alpha2/2026091904/pose_04/report.xml,10859,bf8dfa9ba0b69df26163df7af1f2e1c1481f8f37d07de3eaa446c052cd463f44
raw/archives/midazolam.tar.gz,midazolam/alpha2/2026091904/pose_05/ligand.sdf,3146,dbcdd1d3b6f7ff777a0c18f122af9fcd3ba1bb98df33a329fefc91d8abf0757d
raw/archives/midazolam.tar.gz,midazolam/alpha2/2026091904/pose_05/pose_status.json,570,0a415c0a1df06a5d808b1521e24f773de66543c8d0b19b37d31d19f743846d0e
raw/archives/midazolam.tar.gz,midazolam/alpha2/2026091904/pose_05/report.txt,2717,e12853097bbf1babede2e0cb3e91ae936a3c0f8fba95dfb42c1619124dec46c4
raw/archives/midazolam.tar.gz,midazolam/alpha2/2026091904/pose_05/report.xml,7902,8eaa8e42974a4714dfd89a630b3adb68b3b61a1066012a9395263574d5b73c13
raw/archives/midazolam.tar.gz,midazolam/alpha2/2026091904/pose_06/ligand.sdf,3146,42f07a4681d771865b98f945f4ad0706e0702596dfd18b7b4eccbb4bb8bec4a1
raw/archives/midazolam.tar.gz,midazolam/alpha2/2026091904/pose_06/pose_status.json,570,0b0e7c36fb5928e643b67c3b320b70c10b2738bbaf09344e367fc8b0d67bae4f
raw/archives/midazolam.tar.gz,midazolam/alpha2/2026091904/pose_06/report.txt,1728,04fc7c667d6dd2298c64161077a102a3b80fc73a5bbe53a4ac3f903912afad8c
raw/archives/midazolam.tar.gz,midazolam/alpha2/2026091904/pose_06/report.xml,6247,3e3cb72b3c3589be0dbc1c110e37a96fc515204b6e849b522bf5f70365d2a1dc
raw/archives/midazolam.tar.gz,midazolam/alpha2/2026091904/pose_07/ligand.sdf,3146,5b68695c7a9a0c653ba60f0816faae2bc7385e519921edb0c69d3d6f8aab3a66
raw/archives/midazolam.tar.gz,midazolam/alpha2/2026091904/pose_07/pose_status.json,570,4ef7668f61d07b095c654a95f72030feb95d2ecef506c58db1994a74a4df2d3f
raw/archives/midazolam.tar.gz,midazolam/alpha2/2026091904/pose_07/report.txt,2717,07679ec5b65f7849afa9e40fa65b69f6dbf162fd585a9ecc084647aa14aca777
raw/archives/midazolam.tar.gz,midazolam/alpha2/2026091904/pose_07/report.xml,8490,9a69e02a063d672580f04a853f3c10532af7adc729452006fe280cb5fd4aff6f
raw/archives/midazolam.tar.gz,midazolam/alpha2/2026091904/pose_08/ligand.sdf,3146,55b1cbaf4c0a50d340394e7e0f5255ec54efda60c1bd1f0a9c4c5cc7f706caef
raw/archives/midazolam.tar.gz,midazolam/alpha2/2026091904/pose_08/pose_status.json,570,60f92ec8d8edec2a87e061b1020b1723413c5692aa2a316f5b6f56bdf370c5bb
raw/archives/midazolam.tar.gz,midazolam/alpha2/2026091904/pose_08/report.txt,3511,61b661264441a3fda476c7e45269c59c1fa6ae2e54deb94b3e75dc6126c233a6
raw/archives/midazolam.tar.gz,midazolam/alpha2/2026091904/pose_08/report.xml,8667,361649d2b087a84f42728875b8b69e025cba52da94b63ed828610f0e6671f34c
raw/archives/midazolam.tar.gz,midazolam/alpha2/2026091904/pose_09/ligand.sdf,3146,0c85f98164f75d59dbb7da6f1079623a87eebd89d84a8acad0d33bfeac9a38df
raw/archives/midazolam.tar.gz,midazolam/alpha2/2026091904/pose_09/pose_status.json,570,e9f2b9f5844f97f43d4892612f972974e704368b2cd1e6aca7be49e8e480014d
raw/archives/midazolam.tar.gz,midazolam/alpha2/2026091904/pose_09/report.txt,1728,07fbf2e09f9eedefe348eb95b49f40fefafb851f4103a9ebc7e1d729729cb57a
raw/archives/midazolam.tar.gz,midazolam/alpha2/2026091904/pose_09/report.xml,6248,36ed8c6c49d39f86be60f26057e9c7ebee104da3ffb7d2601acb02964717836c
raw/archives/midazolam.tar.gz,midazolam/alpha2/2026091904/pose_manifest.json,5412,fa880c91df915a5cdfb97a19cbb09ede51649c9c48333708ed06c7f382678e1a
raw/archives/midazolam.tar.gz,midazolam/alpha2/2026091904/poses.pdbqt,21060,76eeeeb2217acdc475984ab579a32efe8fe331854aab7648bddcadabed25d171
raw/archives/midazolam.tar.gz,midazolam/alpha2/2026091904/vina.log,2385,580af549b2b746f6ea172a1d6e6029941cd66b9a981672e3d847ce7a491dfe31
raw/archives/midazolam.tar.gz,midazolam/alpha2/2026091905/docking.json,1528,27bc69a6508344335e693497c7e2960bf4435182319f560bcdf46e8430ab41b3
raw/archives/midazolam.tar.gz,midazolam/alpha2/2026091905/interactions.json,31828,58637957aed20ef3251a729eb6bab709d5a785ad850d8dab525fe4750a271a35
raw/archives/midazolam.tar.gz,midazolam/alpha2/2026091905/plip.log,1881,34704a4732e5bdd5da81620f1453eadbe1de9df335c852fdf5b3cde0d7a4dae6
raw/archives/midazolam.tar.gz,midazolam/alpha2/2026091905/plip_done.json,29,bef149d6b4bcd0e8393fac45503362a862d45eadcceff434b3d9640f4b008ec4
raw/archives/midazolam.tar.gz,midazolam/alpha2/2026091905/pose_01/ligand.sdf,3146,042eb39ca9d1a75cef6406f0c512eb585cb4b4956ce79f1d691b74ba46900cdd
raw/archives/midazolam.tar.gz,midazolam/alpha2/2026091905/pose_01/pose_status.json,570,90e67141ba2cdfbf718d1aede6d4a7e6bf98345ab71ae15767f403080c3a23e3
raw/archives/midazolam.tar.gz,midazolam/alpha2/2026091905/pose_01/report.txt,3061,f8b26819aa1e2f81a4f6b3ac3be9626c9b97110d146d3f1674772a76cf521ffd
raw/archives/midazolam.tar.gz,midazolam/alpha2/2026091905/pose_01/report.xml,9218,c557598045191405dff753eb53d6f06629231873ad166e4cddb524253902452c
raw/archives/midazolam.tar.gz,midazolam/alpha2/2026091905/pose_02/ligand.sdf,3146,0ed2ee70c45dd427b48089d649f2bdab09cde02400d40be4d60c799bc6853a62
raw/archives/midazolam.tar.gz,midazolam/alpha2/2026091905/pose_02/pose_status.json,570,2c83bd05f24806edca86de6f6c909099389445d1b80bd272e79d1e9da762fc43
raw/archives/midazolam.tar.gz,midazolam/alpha2/2026091905/pose_02/report.txt,5012,692d9a98de2fbbcb16ee8496e576c43abfe40064b332f0bd15e1ef7a9ab4a722
raw/archives/midazolam.tar.gz,midazolam/alpha2/2026091905/pose_02/report.xml,10648,a4c4e7286864dbbe46380f06b52e5f43741e7d1979a093dea5b056df38571c46
raw/archives/midazolam.tar.gz,midazolam/alpha2/2026091905/pose_03/ligand.sdf,3146,50715e9058e46cedaaf6cc4fa91d542f85da8d64ab475a34ea6efed040e10dbb
raw/archives/midazolam.tar.gz,midazolam/alpha2/2026091905/pose_03/pose_status.json,570,15756e57c162a2281609b642a4a5c0e8d334922c0a3274a2e6ef315acb54af3d
raw/archives/midazolam.tar.gz,midazolam/alpha2/2026091905/pose_03/report.txt,3046,68f55f436ff0275a39cfb0647717cf77c7eb10f32a08f609c267e21f578f738f
raw/archives/midazolam.tar.gz,midazolam/alpha2/2026091905/pose_03/report.xml,8884,74a6c15a469df57a39bc4bd56d38f6d61384778b27e1b1a1c39927dc708047a3
raw/archives/midazolam.tar.gz,midazolam/alpha2/2026091905/pose_04/ligand.sdf,3146,13a5aa827b5d85ba4870b7f5499f11478e8b87410a14086c0d813e699f9e5014
raw/archives/midazolam.tar.gz,midazolam/alpha2/2026091905/pose_04/pose_status.json,570,629222e77d2a75ee75db77cad4d231f108cd67da8048c555b97a6d1df2115616
raw/archives/midazolam.tar.gz,midazolam/alpha2/2026091905/pose_04/report.txt,1728,39e0d860f3582f8b71b233a72a4cedc474b7d5043d85e56dfc84db7f3b73657f
raw/archives/midazolam.tar.gz,midazolam/alpha2/2026091905/pose_04/report.xml,6247,9faf54b86762c7deb6a8770b31c2fad851a1e420f0f136f9c54862929516e7b1
raw/archives/midazolam.tar.gz,midazolam/alpha2/2026091905/pose_05/ligand.sdf,3146,12f8b2a6e1bbf3316e9fbba159986baa7a464864757c7484063bbf2e6709da44
raw/archives/midazolam.tar.gz,midazolam/alpha2/2026091905/pose_05/pose_status.json,570,b94e8f266fadf650d460f584a993eff6ff89d6af91f6007371fd55de9ba3c43a
raw/archives/midazolam.tar.gz,midazolam/alpha2/2026091905/pose_05/report.txt,2717,327ab91d7eed21d924af984aef96d51b200bd351235ac48fbc32be053f73ca46
raw/archives/midazolam.tar.gz,midazolam/alpha2/2026091905/pose_05/report.xml,7902,c0d3ed59f22451cf32294376000653ec960208baa24dcc9cc73c49bd005ae192
raw/archives/midazolam.tar.gz,midazolam/alpha2/2026091905/pose_06/ligand.sdf,3146,78298a1c369f17362784e42afcd5362acd4a284bab0d4df5e0d3c0d3c00520e2
raw/archives/midazolam.tar.gz,midazolam/alpha2/2026091905/pose_06/pose_status.json,570,21dd292e0bb9b1514976c6513930f891e22bf0caecb8b81d84884a1934a9a6e1
raw/archives/midazolam.tar.gz,midazolam/alpha2/2026091905/pose_06/report.txt,2059,618d8138a4a1b0683a662024dfdf391c721765e64367abebc6498d4f63e30048
raw/archives/midazolam.tar.gz,midazolam/alpha2/2026091905/pose_06/report.xml,6778,739fd86d786c51a3a85243be8c314b04a01a5571c3801f4c741e8c9b37c6f2dc
raw/archives/midazolam.tar.gz,midazolam/alpha2/2026091905/pose_07/ligand.sdf,3146,86718895cd9a8a1b1234a59df5f205800b03cb6dd2fa16236866f5dc18e705d7
raw/archives/midazolam.tar.gz,midazolam/alpha2/2026091905/pose_07/pose_status.json,570,94f2b94ba4f4e3017786804021a3b3d45378b8d0a77ad849b2c9123965a65922
raw/archives/midazolam.tar.gz,midazolam/alpha2/2026091905/pose_07/report.txt,2849,948d93333c6d300914464c2233945b0c86bc44dc3bc03276dff252738f20eadf
raw/archives/midazolam.tar.gz,midazolam/alpha2/2026091905/pose_07/report.xml,7375,4df844ac0aa85e921a154e27407f97c7a0c8fb13eee31becf7ad67e103277e4c
raw/archives/midazolam.tar.gz,midazolam/alpha2/2026091905/pose_08/ligand.sdf,3146,e762804ac88068a0d6def0d5d136076eb5e45460d01a3b04a16d99abc7bea300
raw/archives/midazolam.tar.gz,midazolam/alpha2/2026091905/pose_08/pose_status.json,570,5db6d304206db8bb36de48c22033e9a00f5b4e72ce6a7612d97f776b9acc6f43
raw/archives/midazolam.tar.gz,midazolam/alpha2/2026091905/pose_08/report.txt,4652,d4aea07d5d1f639522adc33048d11517101d5a65ab589092df9884a9c0455394
raw/archives/midazolam.tar.gz,midazolam/alpha2/2026091905/pose_08/report.xml,9639,62fc6986f94e29c4cbf2a3d48b0325945c2548a7f03558681b2b1b9cb1e855b2
raw/archives/midazolam.tar.gz,midazolam/alpha2/2026091905/pose_09/ligand.sdf,3146,96e20eed26c5d353f98e2470137045cf97fd44d512997ce812dae531ce5c4e83
raw/archives/midazolam.tar.gz,midazolam/alpha2/2026091905/pose_09/pose_status.json,570,20637619366f2712114ebb19dfbaef69435db4f0bf8bdb6deeb9e46d77a9a737
raw/archives/midazolam.tar.gz,midazolam/alpha2/2026091905/pose_09/report.txt,3218,f6d55f2a4ade5b459e4c37e6a9ccf610983377cef800e17a0a139a884ebdea8a
raw/archives/midazolam.tar.gz,midazolam/alpha2/2026091905/pose_09/report.xml,8036,7c304a43c5fc108bfa73f3506d62bd15053675ba59c9e6da5c9f0d2c50da4e22
raw/archives/midazolam.tar.gz,midazolam/alpha2/2026091905/pose_manifest.json,5412,71b663fb95aa5801ee5eb478c51c3769ed4b8369bbbbbfbbf2f07aa47b20c85a
raw/archives/midazolam.tar.gz,midazolam/alpha2/2026091905/poses.pdbqt,21060,db65dd5c57b2a6e4dbe2bfa2c9170a83cc7e88b58ba16f53bfda4bd2f6799dea
raw/archives/midazolam.tar.gz,midazolam/alpha2/2026091905/vina.log,2385,5c4921dbe927a85eda677d14b3c56568d8d7dc60b5609dccbbd101f003dcdca5
raw/archives/temazepam.tar.gz,temazepam/alpha1/2026091901/docking.json,1530,640eb1a0a611c5e79c9cf5043e31808b5544e71ae9e65246a772628350eb018f
raw/archives/temazepam.tar.gz,temazepam/alpha1/2026091901/interactions.json,44882,6b96b38eafb73ce62fdd2bd69ec2fdfccbd56c86722200fc9dc5013d7dfa2000
raw/archives/temazepam.tar.gz,temazepam/alpha1/2026091901/plip.log,1881,73ee02413234cffa06364e66fdf6aa9290f98c0499d2da3ee99139b0ee6b960f
raw/archives/temazepam.tar.gz,temazepam/alpha1/2026091901/plip_done.json,29,bef149d6b4bcd0e8393fac45503362a862d45eadcceff434b3d9640f4b008ec4
raw/archives/temazepam.tar.gz,temazepam/alpha1/2026091901/pose_01/ligand.sdf,2967,fc80318a6962cf718e67c69995094dbddd9f444c7bcb59b2947fa48a27277484
raw/archives/temazepam.tar.gz,temazepam/alpha1/2026091901/pose_01/pose_status.json,571,04dfa33aa8c41d2aaac2cd4fd00bc25c7f0edec2363783d01bc74be25cf57b40
raw/archives/temazepam.tar.gz,temazepam/alpha1/2026091901/pose_01/report.txt,7540,3380074b2169198d4ba66843b808f282bf61a7f5edb18afeb33d06d30752cc2f
raw/archives/temazepam.tar.gz,temazepam/alpha1/2026091901/pose_01/report.xml,13893,f54c3693d12381807a5d46dba208622241f5525f31a87cbbb57172cf25e7d1a1
raw/archives/temazepam.tar.gz,temazepam/alpha1/2026091901/pose_02/ligand.sdf,2967,c6f4277f15602f13fa363da0df612efcb4e2f0d33b1d3942e8ffe3ab689c29a4
raw/archives/temazepam.tar.gz,temazepam/alpha1/2026091901/pose_02/pose_status.json,570,dabcdc3c8ba7347682a179c518223fbab13a05a53a7d319900c951665e41ddbc
raw/archives/temazepam.tar.gz,temazepam/alpha1/2026091901/pose_02/report.txt,4609,cca5b12d56dd9b16314da2992e2f2189d7c70ceeda58f008b5dd0cc7235a7cf4
raw/archives/temazepam.tar.gz,temazepam/alpha1/2026091901/pose_02/report.xml,9834,1ed29855c018402901e3de6969075fe0556694c8a11dfffa026323227d694a76
raw/archives/temazepam.tar.gz,temazepam/alpha1/2026091901/pose_03/ligand.sdf,2967,9ecbabced87b407627b2ea44bf71f7cb4e22fb52b083b2eb214ca2f3cadf8082
raw/archives/temazepam.tar.gz,temazepam/alpha1/2026091901/pose_03/pose_status.json,570,473cb4cdac4b6303422422a74224fa2509fec67bc6960d8d149a5e999abf3c53
raw/archives/temazepam.tar.gz,temazepam/alpha1/2026091901/pose_03/report.txt,6095,c10ead9d53f5c09c17e645758fee44a33d3b6fa20214e377ad30dabea18a1644
raw/archives/temazepam.tar.gz,temazepam/alpha1/2026091901/pose_03/report.xml,12334,0a8dc46e4c062d1f797addea13335933bd5a97abac43ef791970b6546f3b2b79
raw/archives/temazepam.tar.gz,temazepam/alpha1/2026091901/pose_04/ligand.sdf,2967,9959b4f5f6aabff5621ac1709cb9e15e492ddd26a869d106ecf8671aa5da735c
raw/archives/temazepam.tar.gz,temazepam/alpha1/2026091901/pose_04/pose_status.json,570,87675869734aa7fb946e4ac46cf61c2debaf355b54199a3b96c99b9ceb7a4894
raw/archives/temazepam.tar.gz,temazepam/alpha1/2026091901/pose_04/report.txt,3595,555deb110d3a096d70f2c901b5348351ae6c7411bc32cf7b4f6abe356a665246
raw/archives/temazepam.tar.gz,temazepam/alpha1/2026091901/pose_04/report.xml,9434,266e22a87bc9f6d2769ea00bbe737b7f4b8dfdbab321d9f8e0e37e54f95d6a2e
raw/archives/temazepam.tar.gz,temazepam/alpha1/2026091901/pose_05/ligand.sdf,2967,9db1a147b526303325b4c44e05c33420adcd590543684559d8a586493928b05c
raw/archives/temazepam.tar.gz,temazepam/alpha1/2026091901/pose_05/pose_status.json,570,8ff4f08140202c25cf28e4068e5a8824dfcb2e1e7fc50d513f87ab77ee3c5e4c
raw/archives/temazepam.tar.gz,temazepam/alpha1/2026091901/pose_05/report.txt,2410,7ad17afe1266231bfae8062e9d6fd8c6bee1d99bf1637614cbf0469d4c700d6f
raw/archives/temazepam.tar.gz,temazepam/alpha1/2026091901/pose_05/report.xml,8011,00206e20c4a1d83a3248da1b443e39f9734280266e1f1c09261ab62806213a21
raw/archives/temazepam.tar.gz,temazepam/alpha1/2026091901/pose_06/ligand.sdf,2967,1fa0c6da2d237ea8809c8b65fff34a22dc57159db29d010a3801855dc360d135
raw/archives/temazepam.tar.gz,temazepam/alpha1/2026091901/pose_06/pose_status.json,570,76f4fd1c103eb36631beaf3dbe340d245452ee1a91b97daeefa8bf2e1bcba32c
raw/archives/temazepam.tar.gz,temazepam/alpha1/2026091901/pose_06/report.txt,5141,401eaac7ba4e20886f6d58e6dd793ce75506a75a68df8dd9684647da6a936076
raw/archives/temazepam.tar.gz,temazepam/alpha1/2026091901/pose_06/report.xml,10708,8abce1e6b89033ec165eb9bf8d1c8ae33fd8b38b6151fefcfabcf9437f1dfae7
raw/archives/temazepam.tar.gz,temazepam/alpha1/2026091901/pose_07/ligand.sdf,2967,df23c6d4f0179115fa10da6cd02743ba46f27e7f3698601b7f898afb7b7e8505
raw/archives/temazepam.tar.gz,temazepam/alpha1/2026091901/pose_07/pose_status.json,570,99826af256ebf60086e358c6e44689de3ebf02bd13200b4a685178b76bf81c5f
raw/archives/temazepam.tar.gz,temazepam/alpha1/2026091901/pose_07/report.txt,4808,1ce8cb9fdd8581e8a4155e7d80c383106d1cd9150c658b5cf7391bc27e390220
raw/archives/temazepam.tar.gz,temazepam/alpha1/2026091901/pose_07/report.xml,9725,ecdc01565e3c8bad3d3fc481328930a6297f933e79fec1bc302fa9beb87c1208
raw/archives/temazepam.tar.gz,temazepam/alpha1/2026091901/pose_08/ligand.sdf,2967,a536d308fc9c5e7f8d03f9d36e0f01fe622e333a6bd561c33125da2110057afd
raw/archives/temazepam.tar.gz,temazepam/alpha1/2026091901/pose_08/pose_status.json,570,284c04409ba3a809e30e3285b0941aee100c48740d86819e727b0221c9b6337c
raw/archives/temazepam.tar.gz,temazepam/alpha1/2026091901/pose_08/report.txt,3434,8aa4fd2f3b7a8000246365526d6c526f3e22f9cf042b09368cc8b6555b33fe82
raw/archives/temazepam.tar.gz,temazepam/alpha1/2026091901/pose_08/report.xml,8035,6d77c63b6eaef64ebb9af02127a57622732958d36050518d1683217fcd7f0d36
raw/archives/temazepam.tar.gz,temazepam/alpha1/2026091901/pose_09/ligand.sdf,2967,1c5cd081fcdbe5593325c200519aae0e9f9d8b666ec080445f447b9b60927723
raw/archives/temazepam.tar.gz,temazepam/alpha1/2026091901/pose_09/pose_status.json,570,203a26bad23281b3cc16016fd5c957feeb397d378bcc2a329597a466ae121a71
raw/archives/temazepam.tar.gz,temazepam/alpha1/2026091901/pose_09/report.txt,4100,e15333b7782a51333122eed4b04fe312e5409c2ea6324660b37614439834ea81
raw/archives/temazepam.tar.gz,temazepam/alpha1/2026091901/pose_09/report.xml,9415,4bdcfe18beed0363d5d27dedcf9d869a2eb61d8add6f255a97cc04ef1d79c9d3
raw/archives/temazepam.tar.gz,temazepam/alpha1/2026091901/pose_manifest.json,5413,81d2185ef14970b0e9b45f07c6a1f536239470cbf603692e6cb6f1e7eaf2e4ae
raw/archives/temazepam.tar.gz,temazepam/alpha1/2026091901/poses.pdbqt,20574,a6d78aaf9adb2d5a3e5ab637a72837224a26fba6d9cf6b510a1aecb8a0a4c4cc
raw/archives/temazepam.tar.gz,temazepam/alpha1/2026091901/vina.log,2385,c7b2b57d67f09ef28e37bdc3f8813b72157557019532e423cd69a6304cb8674a
raw/archives/temazepam.tar.gz,temazepam/alpha1/2026091902/docking.json,1530,5027d269d18dd40d7226210c95b43890815e5fe2393b620dc5d92a38de69d4a2
raw/archives/temazepam.tar.gz,temazepam/alpha1/2026091902/interactions.json,44722,3a03ad5e06fcc566f3007e3dde4d137ae67967f28917132d2eae54f3b4b2a134
raw/archives/temazepam.tar.gz,temazepam/alpha1/2026091902/plip.log,1881,4bc3178ce3c04e65c2a1ed700fcc0068ebb79e700ae2552d1ece55f593df33b0
raw/archives/temazepam.tar.gz,temazepam/alpha1/2026091902/plip_done.json,29,bef149d6b4bcd0e8393fac45503362a862d45eadcceff434b3d9640f4b008ec4
raw/archives/temazepam.tar.gz,temazepam/alpha1/2026091902/pose_01/ligand.sdf,2967,e558e9c0a15c7d8653af31177edca464f749308cabf9ea904721a50f5858830c
raw/archives/temazepam.tar.gz,temazepam/alpha1/2026091902/pose_01/pose_status.json,571,336d4c4d54ce479a7e8ea53f15ab330689a3d18e868b1758087fae50f8f79414
raw/archives/temazepam.tar.gz,temazepam/alpha1/2026091902/pose_01/report.txt,7063,a0f459af63fc144a3cdb17397263d406b44490254380c4bf2bc47ffb824d4033
raw/archives/temazepam.tar.gz,temazepam/alpha1/2026091902/pose_01/report.xml,13119,3873a37bb7a46d48f424ea9dd3403991619463537f0984deec5c338bdcb75936
raw/archives/temazepam.tar.gz,temazepam/alpha1/2026091902/pose_02/ligand.sdf,2967,cf27eeee7e3542cd68f842b53aed6b409ece907bcd3f83d63bda240ca4525854
raw/archives/temazepam.tar.gz,temazepam/alpha1/2026091902/pose_02/pose_status.json,570,d1b6433cc3784d317ffde9679b53fa89aa126eb0fbc4f8354663649c7a228180
raw/archives/temazepam.tar.gz,temazepam/alpha1/2026091902/pose_02/report.txt,3394,60e1fe19cbeb0664bae547871489a5e362b70e626a02c2fcb8f2331a56dab68a
raw/archives/temazepam.tar.gz,temazepam/alpha1/2026091902/pose_02/report.xml,8902,fe7a0e79566a83e5f8ab85197772bb8cf6746d15236fa543446e6d860bb32d68
raw/archives/temazepam.tar.gz,temazepam/alpha1/2026091902/pose_03/ligand.sdf,2967,575b9134f5f3449aa4f0510a8a783b7063d4ee09b2bd7644d0034c8636aa230d
raw/archives/temazepam.tar.gz,temazepam/alpha1/2026091902/pose_03/pose_status.json,570,08cdefe02bffb45767e6aa40341c78f2ccb69006b5c6516522ad127517ce0679
raw/archives/temazepam.tar.gz,temazepam/alpha1/2026091902/pose_03/report.txt,5099,5832e1083a5eaffdb4dd884dfe5129f14844f609743db3c64d07e1f2da572926
raw/archives/temazepam.tar.gz,temazepam/alpha1/2026091902/pose_03/report.xml,12025,d4115c30486be87a72b1d49b9404d3769b86ee11cc31abe83bcd96391a57249b
raw/archives/temazepam.tar.gz,temazepam/alpha1/2026091902/pose_04/ligand.sdf,2967,290cf4b514ea7434fba42482eb03978833927087b8b4b840b0975e9d7769fc3b
raw/archives/temazepam.tar.gz,temazepam/alpha1/2026091902/pose_04/pose_status.json,570,4a682af20562090c915ec5874a346c5f12b7cab58df504a46ab2bc130390b141
raw/archives/temazepam.tar.gz,temazepam/alpha1/2026091902/pose_04/report.txt,3396,21b8cae1006e10dad8035b6cff5c21740bb42cf974f63d97e2df826c4eb8a227
raw/archives/temazepam.tar.gz,temazepam/alpha1/2026091902/pose_04/report.xml,9207,9a2ecae9761eb3bfdab862979644d50346606e630915e630c438221f2522a8f6
raw/archives/temazepam.tar.gz,temazepam/alpha1/2026091902/pose_05/ligand.sdf,2967,d346264278d57d22769d08fc23d04a5120d38c7ca34446506384296fbfe67d37
raw/archives/temazepam.tar.gz,temazepam/alpha1/2026091902/pose_05/pose_status.json,570,76b02f0514088a7453b1574ca2c7d762f95694eef837c469f7be13bd9eaa1d00
raw/archives/temazepam.tar.gz,temazepam/alpha1/2026091902/pose_05/report.txt,4261,a91d6b730c6dd9da38761c2cd2438d8c34a64697011ae73ee8f29511788788eb
raw/archives/temazepam.tar.gz,temazepam/alpha1/2026091902/pose_05/report.xml,10394,29c501313011f8c33603233264e76a9e83546ed227a6af1981d1fea1da08ed24
raw/archives/temazepam.tar.gz,temazepam/alpha1/2026091902/pose_06/ligand.sdf,2967,70f0cd682d7f50fe82c778955d95e507ffb9b8894b8fad07c00733d33e1fdde4
raw/archives/temazepam.tar.gz,temazepam/alpha1/2026091902/pose_06/pose_status.json,570,fa1c511e3eafea00d36cafbf8539496b4739cde3d38e5720bcc7b7f0e648e557
raw/archives/temazepam.tar.gz,temazepam/alpha1/2026091902/pose_06/report.txt,5285,8c4897b2b657a070a1e796e9602a9f5ae0521a4ffac45699d792afb1ec46b2c0
raw/archives/temazepam.tar.gz,temazepam/alpha1/2026091902/pose_06/report.xml,10580,a1a11964744bc017f704898df70f6ef6cea8c7bff04fc80c69edc9ea668da083
raw/archives/temazepam.tar.gz,temazepam/alpha1/2026091902/pose_07/ligand.sdf,2967,3d33e5f60d7d79c925094e215a03a7d7fe9acdc126bb3ea622ea812c160a4605
raw/archives/temazepam.tar.gz,temazepam/alpha1/2026091902/pose_07/pose_status.json,570,5d24392414cbd953fee3d731b61d8fdc5372ee03f2a63a3a6d2aa8ac3528d776
raw/archives/temazepam.tar.gz,temazepam/alpha1/2026091902/pose_07/report.txt,3434,ed60aa4d1b79ab1cd989ba2eeee066b79d4acd658226c87ac5ec1f92c4ac4652
raw/archives/temazepam.tar.gz,temazepam/alpha1/2026091902/pose_07/report.xml,8035,418941247fd6193dda3dacd012c44bab945e0d75d35060f152308adfebac3150
raw/archives/temazepam.tar.gz,temazepam/alpha1/2026091902/pose_08/ligand.sdf,2967,aa9ac73830ec873c9b91e5ebf48f6ff0bc0c6ce01432d0598c1affc2afaac66f
raw/archives/temazepam.tar.gz,temazepam/alpha1/2026091902/pose_08/pose_status.json,570,5037368b107fce13775e392b226265737e9e41cbb451b5e2ce631db23680b788
raw/archives/temazepam.tar.gz,temazepam/alpha1/2026091902/pose_08/report.txt,4100,16a6544b265bb0c38e3c0f810f74a025a9e28a8eef6adb6f592596626e9c3030
raw/archives/temazepam.tar.gz,temazepam/alpha1/2026091902/pose_08/report.xml,9331,eea549f3e8e3fa77b8a23916527f707857e854ebd28e95deb885d6fc80b0d87d
raw/archives/temazepam.tar.gz,temazepam/alpha1/2026091902/pose_09/ligand.sdf,2967,3d14651e2e01b821441c89defc3508b4312105449c5f3befd5d822b09e131872
raw/archives/temazepam.tar.gz,temazepam/alpha1/2026091902/pose_09/pose_status.json,570,71269e7c28651b9c398ce198d2c38897b5cf08904911748cb0fa982e915a838c
raw/archives/temazepam.tar.gz,temazepam/alpha1/2026091902/pose_09/report.txt,4100,8d488c2f7313084c74c48634b000b2fc043efd708d4403543ad264782907ae83
raw/archives/temazepam.tar.gz,temazepam/alpha1/2026091902/pose_09/report.xml,9159,9a19f39be378ecf956aca81ff34d9f3743e0d361761ec7f7cab147b9a76b5c7b
raw/archives/temazepam.tar.gz,temazepam/alpha1/2026091902/pose_manifest.json,5413,fe4964312c9eb7429f9cff4c9bc7e21424e31db19f9082f25f8c4825faaabba2
raw/archives/temazepam.tar.gz,temazepam/alpha1/2026091902/poses.pdbqt,20574,f0345407e3091e5696391b86ca78cc2d1503c661367a0201f9fcecf06607f143
raw/archives/temazepam.tar.gz,temazepam/alpha1/2026091902/vina.log,2385,d865e5a00ee524c55a56b69ae287c67a24d4fbfc5514fa8fbb1e797cd87a8f5b
raw/archives/temazepam.tar.gz,temazepam/alpha1/2026091903/docking.json,1530,050af586b1131ebf1c4a2a8c89b957f4cf98a5ebdb66cb7f6becb421f199b7c0
raw/archives/temazepam.tar.gz,temazepam/alpha1/2026091903/interactions.json,49295,de464e925ede4a3081f22eb8a8e0d6bffc428d17ae898e9dc90e459f6b363e97
raw/archives/temazepam.tar.gz,temazepam/alpha1/2026091903/plip.log,1881,cab9a030e22d371d9b8ef1aff41c969060881eacbbaca40b9a91558d96578681
raw/archives/temazepam.tar.gz,temazepam/alpha1/2026091903/plip_done.json,29,bef149d6b4bcd0e8393fac45503362a862d45eadcceff434b3d9640f4b008ec4
raw/archives/temazepam.tar.gz,temazepam/alpha1/2026091903/pose_01/ligand.sdf,2967,c61f4d6c454bd5b229a4c161a175ae28a7c31ddd3e17ff694b71235733a2e757
raw/archives/temazepam.tar.gz,temazepam/alpha1/2026091903/pose_01/pose_status.json,571,7be747ddea891051068d295d5b3d78a8205c188030c68cccd4642275b9e176c0
raw/archives/temazepam.tar.gz,temazepam/alpha1/2026091903/pose_01/report.txt,7540,83438d7e4102a5eb63790871c3d30d078d5e97247dea2912c361b7e0d93599e1
raw/archives/temazepam.tar.gz,temazepam/alpha1/2026091903/pose_01/report.xml,13976,45efdc646cd9b1e9aede4977c255248f5aea2c48db2f601c39b574550edb7a67
raw/archives/temazepam.tar.gz,temazepam/alpha1/2026091903/pose_02/ligand.sdf,2967,2e9150c003a5437595b3b3430404b48b404e51ad05f4d74707816d4a0be29829
raw/archives/temazepam.tar.gz,temazepam/alpha1/2026091903/pose_02/pose_status.json,570,b97771f78c966c155e02b529686fdd281ea3afa6df798064d9f57a67f31f648c
raw/archives/temazepam.tar.gz,temazepam/alpha1/2026091903/pose_02/report.txt,5762,7c90494126d0e370c9b151847be33c4c8bb6bee233ddb5165c05475699e61220
raw/archives/temazepam.tar.gz,temazepam/alpha1/2026091903/pose_02/report.xml,11688,ef30ab17f6b2ed802ecad05d49ae5e8a0568f438ad13cfdb0b08d908e83217b4
raw/archives/temazepam.tar.gz,temazepam/alpha1/2026091903/pose_03/ligand.sdf,2967,e1becdca2f99d8957069e8070e627429de3b0695d57e3f51c2cc1b87ac6f408b
raw/archives/temazepam.tar.gz,temazepam/alpha1/2026091903/pose_03/pose_status.json,570,749155c28012729aa45f72bc571190cb63a0880b86e76bba21f6b8db6a9fc179
raw/archives/temazepam.tar.gz,temazepam/alpha1/2026091903/pose_03/report.txt,4289,fea1387b8ddb3d384696da9761e48ab7ae107e73f3b3086789e998d45a799759
raw/archives/temazepam.tar.gz,temazepam/alpha1/2026091903/pose_03/report.xml,10520,b450cd18534fd7c50fcacfe24b739590bb87bb65f333584af62b65d68855393c
raw/archives/temazepam.tar.gz,temazepam/alpha1/2026091903/pose_04/ligand.sdf,2967,8cfd345b3bb381a52fa65c90f7e789a0ca0edf0679e300447bce2a135c67477b
raw/archives/temazepam.tar.gz,temazepam/alpha1/2026091903/pose_04/pose_status.json,570,50dc7a0a8ffc38873ad035b595fc80775390a0fc4eed574097e32379f8a724f0
raw/archives/temazepam.tar.gz,temazepam/alpha1/2026091903/pose_04/report.txt,5474,cebbb0911abaa43044cfc5860b279559ca66f1f0b82a42d3ed5a26b7813f5b6b
raw/archives/temazepam.tar.gz,temazepam/alpha1/2026091903/pose_04/report.xml,11272,fd3d0ea373fd2a9a884f60036908620f9ece66ce04636374e9f6ef529311464a
raw/archives/temazepam.tar.gz,temazepam/alpha1/2026091903/pose_05/ligand.sdf,2967,ab51d9a046784800f66e7857d90dcb718b478875c9bcdab3700f2eeb1471fcb5
raw/archives/temazepam.tar.gz,temazepam/alpha1/2026091903/pose_05/pose_status.json,570,9012d04716ceaa1d8bca715a33d0db21869cd34b72ad0f2b941eb7014d0b44ae
raw/archives/temazepam.tar.gz,temazepam/alpha1/2026091903/pose_05/report.txt,5285,8833001fa95f9e9edf46fb72d488b558a9feca37b1692f2cab6f4878eb62bc08
raw/archives/temazepam.tar.gz,temazepam/alpha1/2026091903/pose_05/report.xml,10580,267536f0099a50552d0836308f6c5135549245f99633a4c749e6fcd54896cd05
raw/archives/temazepam.tar.gz,temazepam/alpha1/2026091903/pose_06/ligand.sdf,2967,1a1b315082038467ef1fad6d947b1fd8c66f8beb3efcbeaccf45fc79e12ecd33
raw/archives/temazepam.tar.gz,temazepam/alpha1/2026091903/pose_06/pose_status.json,570,4493a754aaf23e12b0380ea31c55ef01425c47ca886a2edafcf125d844103034
raw/archives/temazepam.tar.gz,temazepam/alpha1/2026091903/pose_06/report.txt,3434,6e06b28909098fff29bd5293bc62fb52de065beea6d8213841162625924eea4f
raw/archives/temazepam.tar.gz,temazepam/alpha1/2026091903/pose_06/report.xml,8035,3ca2a88db7dced3aa578358d1dd949b05480fb4a2f9505e04ed3bd30813a2871
raw/archives/temazepam.tar.gz,temazepam/alpha1/2026091903/pose_07/ligand.sdf,2967,b8bcd26ebe65528609107d0d7d80d5d1457c276108f8bf4d0068ab4c7864adfa
raw/archives/temazepam.tar.gz,temazepam/alpha1/2026091903/pose_07/pose_status.json,570,74f63b8f0a090f125a63b654eaa331846d4b4c3544dae11e3e13c45bbc472fc4
raw/archives/temazepam.tar.gz,temazepam/alpha1/2026091903/pose_07/report.txt,3767,6a66c2a567e45e4455c7ccc3650aedceaeae3337a672b3ac0ab076a85d05ef2a
raw/archives/temazepam.tar.gz,temazepam/alpha1/2026091903/pose_07/report.xml,8683,53089a4f1984c0856bb4b80d9c7db4785cfc1f20b359c0471012d8e78cbdd546
raw/archives/temazepam.tar.gz,temazepam/alpha1/2026091903/pose_08/ligand.sdf,2967,5b72cb54ce634c50320ff1097316e753107618457046a62b2969c33cb0f64a72
raw/archives/temazepam.tar.gz,temazepam/alpha1/2026091903/pose_08/pose_status.json,570,2f095e3c15d5a31bad2437d6f1a05b2abd5503e503a59751941087623d0f6166
raw/archives/temazepam.tar.gz,temazepam/alpha1/2026091903/pose_08/report.txt,5728,0e7589f1646cbb8ebb0b85c7d900009bcd6756b856d5e1fe75116b7bb9cb73fb
raw/archives/temazepam.tar.gz,temazepam/alpha1/2026091903/pose_08/report.xml,11322,456c34eef90ec1925f3729fc7a42e0cbf2c5e0d67cad6e4171166aaf3faa0fcc
raw/archives/temazepam.tar.gz,temazepam/alpha1/2026091903/pose_09/ligand.sdf,2967,69edf6418d3cf6121ead7fd2e40422202b6b08ffacb6e21a459e71fe96171c53
raw/archives/temazepam.tar.gz,temazepam/alpha1/2026091903/pose_09/pose_status.json,570,08d0c6d7002e9b52618c9d642ca200aaa8713d169a8e8fff4be3d2cdecc6c022
raw/archives/temazepam.tar.gz,temazepam/alpha1/2026091903/pose_09/report.txt,3290,ed61dc6e56d6d49dfaefe19205ae77126fd4f65fd46f1143e4800dce44969d69
raw/archives/temazepam.tar.gz,temazepam/alpha1/2026091903/pose_09/report.xml,7825,a084b1665da5616ac54b670c0d9c71ad615eca47d3099e24672b9fa1b321588d
raw/archives/temazepam.tar.gz,temazepam/alpha1/2026091903/pose_manifest.json,5413,82eddce97697492ffe7761d2931dd6bb25b2c3626f63b0d2ef2d79237865389d
raw/archives/temazepam.tar.gz,temazepam/alpha1/2026091903/poses.pdbqt,20574,c2bcff0aca3c2fe5a1dc4d270d58b3dd188daf8865493e4eb713aae9a3b05570
raw/archives/temazepam.tar.gz,temazepam/alpha1/2026091903/vina.log,2385,7fbcb57c0c8317343d70374efa01c48e063e5a7958201b3ce9d0750dc48bc188
raw/archives/temazepam.tar.gz,temazepam/alpha1/2026091904/docking.json,1530,53f8d462e8307993d9649100206a961fe8c7ff75a0fc5b5dd7933421eb7e0402
raw/archives/temazepam.tar.gz,temazepam/alpha1/2026091904/interactions.json,41332,339f591c83dc031b40a3f07c75930608268bb3253af260fa8e7bd4c874eb6562
raw/archives/temazepam.tar.gz,temazepam/alpha1/2026091904/plip.log,1881,cc5a7daf40529538abde2b4d6131538c55602f2edb888f4788775d96bde5ce9f
raw/archives/temazepam.tar.gz,temazepam/alpha1/2026091904/plip_done.json,29,bef149d6b4bcd0e8393fac45503362a862d45eadcceff434b3d9640f4b008ec4
raw/archives/temazepam.tar.gz,temazepam/alpha1/2026091904/pose_01/ligand.sdf,2967,7e279bcafeae9442dc2198f5e908c064285f2e69c1061f51c2b01d9bb0b731af
raw/archives/temazepam.tar.gz,temazepam/alpha1/2026091904/pose_01/pose_status.json,571,9b95a091282931b235ee605f1c1429cef084f592b62380cf4c94f0fa9820a22c
raw/archives/temazepam.tar.gz,temazepam/alpha1/2026091904/pose_01/report.txt,7063,2c047d2b6d35570efa8742b1b7b3843aeb2d08b01b7b6c7b765b8751365e53d6
raw/archives/temazepam.tar.gz,temazepam/alpha1/2026091904/pose_01/report.xml,13036,7852d99ffedb0b710a1ac3edd600a9e7d95a7561b3c8d1573abffa12c72be52d
raw/archives/temazepam.tar.gz,temazepam/alpha1/2026091904/pose_02/ligand.sdf,2967,7d0202ea89f835aa90423ffa7a1190dad46cb0927a9cdc7fd01a4446ed40f229
raw/archives/temazepam.tar.gz,temazepam/alpha1/2026091904/pose_02/pose_status.json,570,7a049b41fd878bf4a8c992a9f0d8617178e87cda6359a156560d7e911c7cf7c7
raw/archives/temazepam.tar.gz,temazepam/alpha1/2026091904/pose_02/report.txt,4609,3d1cf8cba71e092cd479a4f9a6d901f49a7dbcb0c47fce25b1889e783decd997
raw/archives/temazepam.tar.gz,temazepam/alpha1/2026091904/pose_02/report.xml,9834,25de7741c18188b2ac1a21ace519369844825625325bb37315544b2b7d8ac344
raw/archives/temazepam.tar.gz,temazepam/alpha1/2026091904/pose_03/ligand.sdf,2967,7550e349e3b61089da6491b761a25d5b321ed6b046ac4ae125bbffb2690ea4a5
raw/archives/temazepam.tar.gz,temazepam/alpha1/2026091904/pose_03/pose_status.json,570,b83c9c43e66a22555d571e5108c0b279e1930bd473a5de23b8c364116d16ba02
raw/archives/temazepam.tar.gz,temazepam/alpha1/2026091904/pose_03/report.txt,4952,531cd655d247b0fd6686954ad2e2c398243d0fda8e4969427c7f8080cabee507
raw/archives/temazepam.tar.gz,temazepam/alpha1/2026091904/pose_03/report.xml,9932,01b8cbb44ba9daa34a89887bc2141e8fc8aa30351d600671757678c63063aac3
raw/archives/temazepam.tar.gz,temazepam/alpha1/2026091904/pose_04/ligand.sdf,2967,326181236ada40f8d5f8387eede92b3998e4eaa27fe55002b3606f928dcec512
raw/archives/temazepam.tar.gz,temazepam/alpha1/2026091904/pose_04/pose_status.json,570,df6f4493097bd3b39d481b710a187ff0b7a5063ca2accf526b59782d94c60bcc
raw/archives/temazepam.tar.gz,temazepam/alpha1/2026091904/pose_04/report.txt,4100,c7f9444f359be2f6e196e72f9954e29cda655c57dfa18a46e48cf8f37f9b35b3
raw/archives/temazepam.tar.gz,temazepam/alpha1/2026091904/pose_04/report.xml,9414,e8b96ff1ba6fab4bc4eaa583e3e2421055ba0608a33cc56384bddcc173524314
raw/archives/temazepam.tar.gz,temazepam/alpha1/2026091904/pose_05/ligand.sdf,2967,a65abee1a16870656da519111b60c40b706db9417e59302ace2049f499519e6b
raw/archives/temazepam.tar.gz,temazepam/alpha1/2026091904/pose_05/pose_status.json,570,6f69b50b1ec74a37b9b47540a38e33caf0a676582494d98cac9c6293906b5cf0
raw/archives/temazepam.tar.gz,temazepam/alpha1/2026091904/pose_05/report.txt,4100,f41e84f9c9a04db990b874ba94d216d3fa1d062b2f368b1760a8b9bb1c71122d
raw/archives/temazepam.tar.gz,temazepam/alpha1/2026091904/pose_05/report.xml,9332,3b42322c738825f6e481fb4c1f4e7b3324e9fc398e660482f9f3131e54afe2b4
raw/archives/temazepam.tar.gz,temazepam/alpha1/2026091904/pose_06/ligand.sdf,2967,4db8a8a81f181916672ed96645be62f6a32f52db27754dd79ffb15f8f675bb31
raw/archives/temazepam.tar.gz,temazepam/alpha1/2026091904/pose_06/pose_status.json,570,5d4f31704237f7dbec4328f1aa36ef94af2b0b7fed4a5b2439ed6ac947adc6b9
raw/archives/temazepam.tar.gz,temazepam/alpha1/2026091904/pose_06/report.txt,3623,5983bc1911f6c0c2060cc81c1f1bf9c39d114f967531bb0f84075f247700e11e
raw/archives/temazepam.tar.gz,temazepam/alpha1/2026091904/pose_06/report.xml,8304,cf7362f12f52145f0b93359c9aec2255f104ce09bc7d5c0eb7e9cea1f954b625
raw/archives/temazepam.tar.gz,temazepam/alpha1/2026091904/pose_07/ligand.sdf,2967,d64f701714c837cff0ac826221b7394d02298c817776afba09faaae4f66edc25
raw/archives/temazepam.tar.gz,temazepam/alpha1/2026091904/pose_07/pose_status.json,570,ef989e326981b6c7b49991e22e68b7712b7d9d33296e88790475eec8420e7c19
raw/archives/temazepam.tar.gz,temazepam/alpha1/2026091904/pose_07/report.txt,3290,c4c56a86024efaadfa6ba6763217180f79d0a05befbed8908150e16ce53331e4
raw/archives/temazepam.tar.gz,temazepam/alpha1/2026091904/pose_07/report.xml,7659,aad1eb51cc19e779339553478ed739df17162de63d5331247ea3add3461d698a
raw/archives/temazepam.tar.gz,temazepam/alpha1/2026091904/pose_08/ligand.sdf,2967,70e836e2087de7e4625bc3c40019e90e2159f69babbe7ad4ab6424f359d2dd97
raw/archives/temazepam.tar.gz,temazepam/alpha1/2026091904/pose_08/pose_status.json,570,6f9fa6e2ca8a19d82dc478cb6778d4f9b5369fc04ca9632e5a01829b3d358e71
raw/archives/temazepam.tar.gz,temazepam/alpha1/2026091904/pose_08/report.txt,4286,c6c97d2140fd93e87ac8b018a2f321ead91aedcb0fde58d6b84ae36988f99593
raw/archives/temazepam.tar.gz,temazepam/alpha1/2026091904/pose_08/report.xml,8392,ad3b915b5f1b9cd714c32bbf698becab8154656c140fef68c3ea20da2f31dc7a
raw/archives/temazepam.tar.gz,temazepam/alpha1/2026091904/pose_09/ligand.sdf,2967,2e248fdc21980f6b43a929241853fbb6be4383c146f8f1f99e80f11067634906
raw/archives/temazepam.tar.gz,temazepam/alpha1/2026091904/pose_09/pose_status.json,570,af3fdcb28703da7ff766a3035b166e384ff212bdebe9c1e568d756359bbd2848
raw/archives/temazepam.tar.gz,temazepam/alpha1/2026091904/pose_09/report.txt,4735,dd947eb08add8b60b505c19fcd2824676dcbab120358c14c786fa45020e69405
raw/archives/temazepam.tar.gz,temazepam/alpha1/2026091904/pose_09/report.xml,9045,64d3030c1ce38c7666b565e1b21aefdfa724c05afe3ae6a6890f6a0ca1a447cd
raw/archives/temazepam.tar.gz,temazepam/alpha1/2026091904/pose_manifest.json,5413,dca3709c1f7146a38e0901df87182ad234ef12a40ad960a77d40987bf57b089d
raw/archives/temazepam.tar.gz,temazepam/alpha1/2026091904/poses.pdbqt,20574,0aae11b8d83fcea7c70cb4ec7488bf94fe02c907a22fdce5217bccab5ab699f2
raw/archives/temazepam.tar.gz,temazepam/alpha1/2026091904/vina.log,2385,860b1a7cff40ecd0fff7cce5f2b213a0bdc6d59d61660f1bba6ee1fb04816da1
raw/archives/temazepam.tar.gz,temazepam/alpha1/2026091905/docking.json,1530,c09480d122c626fd4301e54eaef5d2a62d8e61d17c8c0ecc572de2c592933db7
raw/archives/temazepam.tar.gz,temazepam/alpha1/2026091905/interactions.json,46462,eb1ec658a556dbecc5a5fd6b8becc8cce5eac8f04f267246f0a686fa82de6cee
raw/archives/temazepam.tar.gz,temazepam/alpha1/2026091905/plip.log,1881,d561e8e8cb5aacab07914df08ae5e9bd79e849f39a1966a1241acc3429256920
raw/archives/temazepam.tar.gz,temazepam/alpha1/2026091905/plip_done.json,29,bef149d6b4bcd0e8393fac45503362a862d45eadcceff434b3d9640f4b008ec4
raw/archives/temazepam.tar.gz,temazepam/alpha1/2026091905/pose_01/ligand.sdf,2967,a6ea4e789464d6924c7f9758ca8e0e50153cf5fdc070c5f83f762d038ba0b1de
raw/archives/temazepam.tar.gz,temazepam/alpha1/2026091905/pose_01/pose_status.json,571,7b65e132f8f2611e548a95574adf188423410b5f09ca4b1654b0b9202c112fed
raw/archives/temazepam.tar.gz,temazepam/alpha1/2026091905/pose_01/report.txt,7540,d48c715cfbf877c9d7419dfa6a662c4643e33416cff57628216f50575c944f7c
raw/archives/temazepam.tar.gz,temazepam/alpha1/2026091905/pose_01/report.xml,13892,3025bb4301d46eb83e0cb5d1d67cafceb5c6a31cece1919dd534689afba35b44
raw/archives/temazepam.tar.gz,temazepam/alpha1/2026091905/pose_02/ligand.sdf,2967,3ed08c103961dbbdf8b90ce4b991b60ee1d30596b9e8835ebaeb962208afc22b
raw/archives/temazepam.tar.gz,temazepam/alpha1/2026091905/pose_02/pose_status.json,570,221a54c294a7807fe07c58ad1bb65a51c85ea187727cfe3debb074a34fae52b2
raw/archives/temazepam.tar.gz,temazepam/alpha1/2026091905/pose_02/report.txt,6095,8925ca6335c2b4090e6b28cede3c09ca994f1f98ac08bda3ff5f3db15daec96f
raw/archives/temazepam.tar.gz,temazepam/alpha1/2026091905/pose_02/report.xml,12334,f94908aa3cea3065ea9e596a1926b551cd96e8170a7f266f97039387a8e4a665
raw/archives/temazepam.tar.gz,temazepam/alpha1/2026091905/pose_03/ligand.sdf,2967,642d542a24e26f3adae1306790694479161c99ea57422f4e75ed7154588ba5c9
raw/archives/temazepam.tar.gz,temazepam/alpha1/2026091905/pose_03/pose_status.json,570,6bf026feecdad815729f9b2c704b38582508d812de0e7e17dd9b196e687d6817
raw/archives/temazepam.tar.gz,temazepam/alpha1/2026091905/pose_03/report.txt,4289,bd192688b447d6e79e4e04d93e6c82fd88ab1aecfc7ea50a2c3fc8ec701c7437
raw/archives/temazepam.tar.gz,temazepam/alpha1/2026091905/pose_03/report.xml,10520,ce131da4774c54e0c6c66573d16b4fd6ac2996d816fa4481deda45f549419f08
raw/archives/temazepam.tar.gz,temazepam/alpha1/2026091905/pose_04/ligand.sdf,2967,4cf2678eac3e0e7f70f668ac32d5db5ebeafc90dac57206e952ab1e97510af23
raw/archives/temazepam.tar.gz,temazepam/alpha1/2026091905/pose_04/pose_status.json,570,6ba8b8d41ff9871f096755db5349c7bb988434227f7d1fd98c8e555ff990f84f
raw/archives/temazepam.tar.gz,temazepam/alpha1/2026091905/pose_04/report.txt,3595,85e0c2368a3b5a49c90ea6a063f2346ea064de560cc3e90281aa6deac74fce9c
raw/archives/temazepam.tar.gz,temazepam/alpha1/2026091905/pose_04/report.xml,9098,314c0dde16199262d4169ce3afd7961ccdfbb5b13d69021bb43b9ab9d0a7f9de
raw/archives/temazepam.tar.gz,temazepam/alpha1/2026091905/pose_05/ligand.sdf,2967,63f2c7fc0b399e1252c08484459a8e218fbfe2e911d79573e89c40f20a7a5fe1
raw/archives/temazepam.tar.gz,temazepam/alpha1/2026091905/pose_05/pose_status.json,570,f5da5129829c86e257d925d08ee99be1faa923f0f65d1cf422d5ac0065e155e3
raw/archives/temazepam.tar.gz,temazepam/alpha1/2026091905/pose_05/report.txt,3434,2118c9accd68ccae3877111e240f93ef2ac122fd2b3e7ed63518fd163bb4ed08
raw/archives/temazepam.tar.gz,temazepam/alpha1/2026091905/pose_05/report.xml,8037,f6b8cae49e8a9e338f9f0b91abcb591090ec231239b9a44cecbb0bc6aa97aac1
raw/archives/temazepam.tar.gz,temazepam/alpha1/2026091905/pose_06/ligand.sdf,2967,7c7b0d60e30ea76b21b3d7baf8266bf1f07294f5edbaf7a66a2a843194aa89f9
raw/archives/temazepam.tar.gz,temazepam/alpha1/2026091905/pose_06/pose_status.json,570,320e100584296067302b26067d1ba52367fed020f5ed6c8d57e9a5aee46f93be
raw/archives/temazepam.tar.gz,temazepam/alpha1/2026091905/pose_06/report.txt,5906,7b8f34dc17f4a6b1f6bb01d38578e5f5a88bebce19eea516821f0f9b24ed2ea6
raw/archives/temazepam.tar.gz,temazepam/alpha1/2026091905/pose_06/report.xml,11978,425aab1667e75149ed25245598dc63f71613c2ff2ed90d9212feafa64959b8a3
raw/archives/temazepam.tar.gz,temazepam/alpha1/2026091905/pose_07/ligand.sdf,2967,4a5c150cd62ef5ded25376c0853f3a0151ccad0808f04146abeab2f7344f5b4c
raw/archives/temazepam.tar.gz,temazepam/alpha1/2026091905/pose_07/pose_status.json,570,a6a58eb92a4a750cde6a201a6d2cb82be132f5a1b4489b54341c539807491ad2
raw/archives/temazepam.tar.gz,temazepam/alpha1/2026091905/pose_07/report.txt,3290,1a23384f70508066a74c8c5198489da9e13c9a4692662d7b77cf7cbdf392a399
raw/archives/temazepam.tar.gz,temazepam/alpha1/2026091905/pose_07/report.xml,7656,abc33277cbb3d8ed8f1396b29eb5802a90f8654cef7f8ff4591b80c7daa81487
raw/archives/temazepam.tar.gz,temazepam/alpha1/2026091905/pose_08/ligand.sdf,2967,5582effee1c7cc874f9cae541b9e3305a3fffdf81ef230c34c08b204e41b2a84
raw/archives/temazepam.tar.gz,temazepam/alpha1/2026091905/pose_08/pose_status.json,570,12a87d0a71be1812e8a878e251327b5801326235670a1a4a4a2be7fbce18879d
raw/archives/temazepam.tar.gz,temazepam/alpha1/2026091905/pose_08/report.txt,5731,9c3802dccfc3e16c5ce157ae05d2c478881ab8922d12cd1f09b6e52c07e83d86
raw/archives/temazepam.tar.gz,temazepam/alpha1/2026091905/pose_08/report.xml,9942,698aa7a732f20154683d3860ce7ab0c9c31f339aeffb7300743f24ca73172ef1
raw/archives/temazepam.tar.gz,temazepam/alpha1/2026091905/pose_09/ligand.sdf,2967,96ebeafc61bae974a6409a04c5a03f3aaa633b6cbeed1a089c21e176c823213c
raw/archives/temazepam.tar.gz,temazepam/alpha1/2026091905/pose_09/pose_status.json,570,a9adeaab37500bb0c9e9b2e608e2c8a2bfeb7f4009abe77b69216f8f5737a455
raw/archives/temazepam.tar.gz,temazepam/alpha1/2026091905/pose_09/report.txt,4286,19eed74cd3988a520a0ef799c240b2fd3713b1993c8f7a8c83da379d12eb9b59
raw/archives/temazepam.tar.gz,temazepam/alpha1/2026091905/pose_09/report.xml,8392,68a85126a76ed1035b3963c8ff798e630aa198de11a0b64e27ec032d25bce166
raw/archives/temazepam.tar.gz,temazepam/alpha1/2026091905/pose_manifest.json,5413,0b8d8b1424fd628e8e7985cb3aebc32be0488ed0bb92f081486ace528186c199
raw/archives/temazepam.tar.gz,temazepam/alpha1/2026091905/poses.pdbqt,20574,0b4d02ac415e8fd808d604480b948e25f8cea826ce49532813bd482760ec5052
raw/archives/temazepam.tar.gz,temazepam/alpha1/2026091905/vina.log,2385,2b4aed702a617fb1ea9640887f5740e99670fc66bd23d6374b2563e230a71268
raw/archives/temazepam.tar.gz,temazepam/alpha2/2026091901/docking.json,1528,81853efba5a77496f015b9792db114581f50246050d638c087804f006443a869
raw/archives/temazepam.tar.gz,temazepam/alpha2/2026091901/interactions.json,31484,92ad12ec2eaadc6dd04b00bf08b45bc235f8cfdc401b0242e1ee436b2033b7c0
raw/archives/temazepam.tar.gz,temazepam/alpha2/2026091901/plip.log,1881,a2bcbced370ce88f296f88228563f9ca1eb3a2cc7f080ce7e6af32375c02436a
raw/archives/temazepam.tar.gz,temazepam/alpha2/2026091901/plip_done.json,29,bef149d6b4bcd0e8393fac45503362a862d45eadcceff434b3d9640f4b008ec4
raw/archives/temazepam.tar.gz,temazepam/alpha2/2026091901/pose_01/ligand.sdf,2967,b276459bac301f3248b0367317950d1ce4fe3e0f5680d9b034eec66b7624e4e1
raw/archives/temazepam.tar.gz,temazepam/alpha2/2026091901/pose_01/pose_status.json,570,e2c5845a4b3e68290f680fce93cb228cc471a9663fa73ab0fc546067778092ba
raw/archives/temazepam.tar.gz,temazepam/alpha2/2026091901/pose_01/report.txt,3267,a0390f47d9355dba8c205b255d862d2074eb73a6b87907479ba97550866fe52a
raw/archives/temazepam.tar.gz,temazepam/alpha2/2026091901/pose_01/report.xml,8154,e50c93070a3c669f4c41073d9edfaa3a6614c40bcc6b07423773c16b471f7626
raw/archives/temazepam.tar.gz,temazepam/alpha2/2026091901/pose_02/ligand.sdf,2967,f21d742e3ab8eea01a31e3e08ab59f81caf9f12beb48ba829dca7b3608d2bdb0
raw/archives/temazepam.tar.gz,temazepam/alpha2/2026091901/pose_02/pose_status.json,570,db48d7ce7c2c5e3942130792c663beebd2891f1b8b2d19bbe27f222cfb30f72d
raw/archives/temazepam.tar.gz,temazepam/alpha2/2026091901/pose_02/report.txt,3267,297d4c2cf4d8a576fca42c64cdc713e711ec1cd9cbf8d0c92265adc817b0f01a
raw/archives/temazepam.tar.gz,temazepam/alpha2/2026091901/pose_02/report.xml,7903,620995154ec523100646a30aee2e8a8d9c93a8e4ed5f515d3dc0743a5b8c7efb
raw/archives/temazepam.tar.gz,temazepam/alpha2/2026091901/pose_03/ligand.sdf,2967,d68cda9986a085a0c8dca6396803e0394fced4864a2581b6bcfc5f0cdbb450ee
raw/archives/temazepam.tar.gz,temazepam/alpha2/2026091901/pose_03/pose_status.json,570,eedf5bf64bae77d4f420727490b426df5cf874bb410fd4dfc122c218fb15d097
raw/archives/temazepam.tar.gz,temazepam/alpha2/2026091901/pose_03/report.txt,3735,104b23a6f3f1c70cded747e252808ee0b73c1c4c2672b366923baea96b0b5114
raw/archives/temazepam.tar.gz,temazepam/alpha2/2026091901/pose_03/report.xml,8587,302d3a959eb5a652836de43de13f2f958f9cd4b1dbefa02c59db202dc185865a
raw/archives/temazepam.tar.gz,temazepam/alpha2/2026091901/pose_04/ligand.sdf,2967,9c7dfd439dd616488ed3dd0bf0d0e68131e312575b9d6aafafe70298f83f31eb
raw/archives/temazepam.tar.gz,temazepam/alpha2/2026091901/pose_04/pose_status.json,570,1d4c91007a33e968f798064333361fe36094780e1bd8061477d453e429542aaf
raw/archives/temazepam.tar.gz,temazepam/alpha2/2026091901/pose_04/report.txt,2059,b6b8c06316382d7e48253c07664d47abfa0bc3b56bec75d395a436d6adea06f2
raw/archives/temazepam.tar.gz,temazepam/alpha2/2026091901/pose_04/report.xml,7108,c228daa8d665936d8a369a661bdd41ac9e654b15940317f63c7506cff7e2f3b0
raw/archives/temazepam.tar.gz,temazepam/alpha2/2026091901/pose_05/ligand.sdf,2967,168a1bfe1b031bb9980768e02c64d47db7520d56bcc1a41f5de82410b543269e
raw/archives/temazepam.tar.gz,temazepam/alpha2/2026091901/pose_05/pose_status.json,570,975e905df3dd8fcd084376929605d4c6dd808de4937cf72df415c62edf83ca3a
raw/archives/temazepam.tar.gz,temazepam/alpha2/2026091901/pose_05/report.txt,2612,3117cfea783cb8ef9f52425d13a267aa2ee892a620918f85ef78a8e527b608dd
raw/archives/temazepam.tar.gz,temazepam/alpha2/2026091901/pose_05/report.xml,6305,4e6dbad0cb8cc8986dacfcb4b372890c79f8bc69be76d596a9e7aa7516e91dc3
raw/archives/temazepam.tar.gz,temazepam/alpha2/2026091901/pose_06/ligand.sdf,2967,53d4c0b5c1bea1286eae97a377fd0dd71dd74a217db32fa9927313923f6913a2
raw/archives/temazepam.tar.gz,temazepam/alpha2/2026091901/pose_06/pose_status.json,570,92c1395dd3984c5b58ca0a15c23852fb5762aac1e2a75d02a94bbb35255b42bd
raw/archives/temazepam.tar.gz,temazepam/alpha2/2026091901/pose_06/report.txt,5518,d4ef6fb416d2858066b0ab51683932521fe19e3a21ffba64cdb3630e94aa6b66
raw/archives/temazepam.tar.gz,temazepam/alpha2/2026091901/pose_06/report.xml,10868,0bda577c007f0b482c43c532a910fe649ad5d628296519e4204aee04dc0d1dbc
raw/archives/temazepam.tar.gz,temazepam/alpha2/2026091901/pose_07/ligand.sdf,2967,aad35f0e9f414ddb6c369b852952e9eb4a64383df503a263a8bbd64e1abff2c9
raw/archives/temazepam.tar.gz,temazepam/alpha2/2026091901/pose_07/pose_status.json,570,cc2e877337548e3ecc692250a90e3c374673cfe2863a667cd03bc75f443ea8bc
raw/archives/temazepam.tar.gz,temazepam/alpha2/2026091901/pose_07/report.txt,3742,c1f051584ec00e6459de8188696ff70be5f7cb297f454883986f9886c7e87381
raw/archives/temazepam.tar.gz,temazepam/alpha2/2026091901/pose_07/report.xml,8588,a985729b7ac926ac1c985ae8dda3d33deca51c48fc83de5ed1a53f23c59ed0a4
raw/archives/temazepam.tar.gz,temazepam/alpha2/2026091901/pose_08/ligand.sdf,2967,ab1cbb118af3afdeccbd5ab425958aaad306a796d692cb7230745c9ec5c6a81a
raw/archives/temazepam.tar.gz,temazepam/alpha2/2026091901/pose_08/pose_status.json,570,bf29b305be2c0c2a0b45265af2790f6eeea514ec541a7678b23b84dd9725bac3
raw/archives/temazepam.tar.gz,temazepam/alpha2/2026091901/pose_08/report.txt,4741,eaee58e731f7d35cc4984aad3be8280f05239324f0069cb860e9b6fc0639d67f
raw/archives/temazepam.tar.gz,temazepam/alpha2/2026091901/pose_08/report.xml,9848,f096d1f0502b4ab3a98378dcdb4c1fb258aca86a1100b9027b35e9c6fc13a50c
raw/archives/temazepam.tar.gz,temazepam/alpha2/2026091901/pose_09/ligand.sdf,2967,7c526990a535472dbd03a493c81c533cac9b33cf7a98336cef6e50246b3fb508
raw/archives/temazepam.tar.gz,temazepam/alpha2/2026091901/pose_09/pose_status.json,570,cb388c81a46b45c40ad36d05c55d8bb888c9dafbaa62437f14f83b4bb60973d9
raw/archives/temazepam.tar.gz,temazepam/alpha2/2026091901/pose_09/report.txt,2059,d778bd0879f930d5302e589324d85dd730b3e5d818702a213b9b6679fa7c4238
raw/archives/temazepam.tar.gz,temazepam/alpha2/2026091901/pose_09/report.xml,6856,ee8376129ba768b8555952b7534dfe3865187a0034fb5b28e433092ca24deca5
raw/archives/temazepam.tar.gz,temazepam/alpha2/2026091901/pose_manifest.json,5412,946268cd61ef265bc091778dd0afcddd1734852091360fdf30d841fcd34a6bc1
raw/archives/temazepam.tar.gz,temazepam/alpha2/2026091901/poses.pdbqt,20574,473c19d95d207db3fb64a9be21b920c5aabcd9ad09814716b28ae699750e278c
raw/archives/temazepam.tar.gz,temazepam/alpha2/2026091901/vina.log,2385,4dba0ef3832a61099847240167cdfa6d9ea73d48bb47b6a33a56f509fe6c120f
raw/archives/temazepam.tar.gz,temazepam/alpha2/2026091902/docking.json,1528,4a853df2deb0c707b407ce38babf0e3199e82de5d95fd03c0df00801c9feb800
raw/archives/temazepam.tar.gz,temazepam/alpha2/2026091902/interactions.json,32482,3aa459739099296ab8cec4358932fd2bb85fac2cbaa17c67e657f21464c63d31
raw/archives/temazepam.tar.gz,temazepam/alpha2/2026091902/plip.log,1881,7f011928122799928c84dc07fc4a5b71d77375b2ab2c513a9545d5d55009820c
raw/archives/temazepam.tar.gz,temazepam/alpha2/2026091902/plip_done.json,29,bef149d6b4bcd0e8393fac45503362a862d45eadcceff434b3d9640f4b008ec4
raw/archives/temazepam.tar.gz,temazepam/alpha2/2026091902/pose_01/ligand.sdf,2967,a4d2cf7ccb40a72bca358178ce4f521f1afa1f5da7ef3fe8eb288d72d66467e7
raw/archives/temazepam.tar.gz,temazepam/alpha2/2026091902/pose_01/pose_status.json,570,5b67e5ade3d1777ed2d4c0ffcf727ddd9a9400a7b28c936e3bd8c24caf410949
raw/archives/temazepam.tar.gz,temazepam/alpha2/2026091902/pose_01/report.txt,3267,51ba14f6ca875f855226d2b2b98020ab2774f187c39bea4934ab70c8f63ac0f3
raw/archives/temazepam.tar.gz,temazepam/alpha2/2026091902/pose_01/report.xml,8153,2b585ebf3501a8006bfe8ec5f68323d98d5e574402e58211e8150898290bf9b0
raw/archives/temazepam.tar.gz,temazepam/alpha2/2026091902/pose_02/ligand.sdf,2967,26508fbd9e86bbcefe3421ff34171aa6ada775c40655c5bee90b8d431ba2449c
raw/archives/temazepam.tar.gz,temazepam/alpha2/2026091902/pose_02/pose_status.json,570,1d0974753c4c076d3071530babc999e241f44196065a1c27db1c7b8caa830c69
raw/archives/temazepam.tar.gz,temazepam/alpha2/2026091902/pose_02/report.txt,3267,16bf3ec8043b021c4a39a49f54d144c93f8b725f52e578b9d1e4528a341701a0
raw/archives/temazepam.tar.gz,temazepam/alpha2/2026091902/pose_02/report.xml,7903,5f34c8c94e7d5967f44c2f5f2e913773917a8bad3fa1e3086859230ca13d4711
raw/archives/temazepam.tar.gz,temazepam/alpha2/2026091902/pose_03/ligand.sdf,2967,f5c64fee8aff01b1c7e70e1a925d89beab91903d69d45698f3373821af47da77
raw/archives/temazepam.tar.gz,temazepam/alpha2/2026091902/pose_03/pose_status.json,570,e3e1c2a8184949b43b9d59d9032d551f3c6b5798cc853bb0f00bb7caffc7b675
raw/archives/temazepam.tar.gz,temazepam/alpha2/2026091902/pose_03/report.txt,4226,5416eb4f1d9ce79d1a39c431597bc95ab77732d51bbec2a391a3cb2e77e06b31
raw/archives/temazepam.tar.gz,temazepam/alpha2/2026091902/pose_03/report.xml,9778,e6f5fe39da560c921e1d0cf5fe86b2465d261615083d75ad94303fe57e90e3d5
raw/archives/temazepam.tar.gz,temazepam/alpha2/2026091902/pose_04/ligand.sdf,2967,9bf67ab005495a83d0375069cfc5afcd7cd427c7eed267e2a233e4c6e091a75c
raw/archives/temazepam.tar.gz,temazepam/alpha2/2026091902/pose_04/pose_status.json,570,1d7afbf716ed215bf22f9910a3d28aad4bf00fcd4a7765bbdbc9f90681011fa0
raw/archives/temazepam.tar.gz,temazepam/alpha2/2026091902/pose_04/report.txt,3742,a1e501b43f54f70006173cdb707e062c98168284f896c63653644ea277279466
raw/archives/temazepam.tar.gz,temazepam/alpha2/2026091902/pose_04/report.xml,8587,fd20f02bba050f180b6138c3cb7e4eaba6776daad012c818f097615c8d20a592
raw/archives/temazepam.tar.gz,temazepam/alpha2/2026091902/pose_05/ligand.sdf,2967,b04ce44365b2398a93fb00b5f62ebb54c885343bd0fa9322bcae4674d9cba209
raw/archives/temazepam.tar.gz,temazepam/alpha2/2026091902/pose_05/pose_status.json,570,235d21f7fd8bf92bd0d2f67b872ad47a340495ecab4b405639f3719c43ab2ecb
raw/archives/temazepam.tar.gz,temazepam/alpha2/2026091902/pose_05/report.txt,2059,22e0e645e5043e004931d40f8fa22a2cbd8ca407cd5b701144480c7aa98958d5
raw/archives/temazepam.tar.gz,temazepam/alpha2/2026091902/pose_05/report.xml,7024,3fe0050f3165eac1514d134e7246bd75d2c48dfcb87131214549d976130bef54
raw/archives/temazepam.tar.gz,temazepam/alpha2/2026091902/pose_06/ligand.sdf,2967,6634ac45614759a71d9569bfb750bcb8029dba21d836c2d1193e85224784a344
raw/archives/temazepam.tar.gz,temazepam/alpha2/2026091902/pose_06/pose_status.json,570,f0b35ba3e8497f05934fe459d594f8617fc50c1b03df4011cb4c32a3a2260e88
raw/archives/temazepam.tar.gz,temazepam/alpha2/2026091902/pose_06/report.txt,5525,1858f406ec0df96b01b54dba39d6641e470b5353d183d408355dc7374ad6e6be
raw/archives/temazepam.tar.gz,temazepam/alpha2/2026091902/pose_06/report.xml,10953,67a17983477e65b71e31c16c9e0061d086c2c83513ac8da70fe93f7f134df8fc
raw/archives/temazepam.tar.gz,temazepam/alpha2/2026091902/pose_07/ligand.sdf,2967,94873e542e075abdd81b90ac5a197325d9e35c4fde59ff3b913e05aa47783a3c
raw/archives/temazepam.tar.gz,temazepam/alpha2/2026091902/pose_07/pose_status.json,570,9f546936edc7dad522f8081fc825e8d6981f914f68db8f9d26301186929c2ca5
raw/archives/temazepam.tar.gz,temazepam/alpha2/2026091902/pose_07/report.txt,3262,93514e5ffd9c06ec5ef1b081040807a99a0aded1360a3c521e191fb9a1aff42b
raw/archives/temazepam.tar.gz,temazepam/alpha2/2026091902/pose_07/report.xml,7734,f289a080f68aef564056f5a30ad35f33cbb35cb704bde11382f43bce556a6112
raw/archives/temazepam.tar.gz,temazepam/alpha2/2026091902/pose_08/ligand.sdf,2967,86518117288ca294dfb4855f8bd71c8dff8ee4b0705bb35210f5df3e27de510a
raw/archives/temazepam.tar.gz,temazepam/alpha2/2026091902/pose_08/pose_status.json,570,dd414ed1440ea4af8f22afb1a29b31fbd795d9686e45f912c73c482c7d3498c6
raw/archives/temazepam.tar.gz,temazepam/alpha2/2026091902/pose_08/report.txt,3272,92f3e59d2dabc5df921e1be7db0bebfc3358793fed2681e392b950d9a3067830
raw/archives/temazepam.tar.gz,temazepam/alpha2/2026091902/pose_08/report.xml,7903,6b059bd7e0aa21818772621d5722e86d3455e32292ddff3e266129400416dc1f
raw/archives/temazepam.tar.gz,temazepam/alpha2/2026091902/pose_09/ligand.sdf,2967,19845821cd7d3f1e48543a21b29114eadebf2eb229ad34c451db8e4c9929689b
raw/archives/temazepam.tar.gz,temazepam/alpha2/2026091902/pose_09/pose_status.json,570,753c891c8af48825741a048655dd01c301d310e5771ae78417a088c50eadaa57
raw/archives/temazepam.tar.gz,temazepam/alpha2/2026091902/pose_09/report.txt,2943,1e422e783310865f112ef5998e64f7f858bfaea2691ccfadd48b38b3f84c861d
raw/archives/temazepam.tar.gz,temazepam/alpha2/2026091902/pose_09/report.xml,7338,90b6498c049ab12819ddd0e9d9adf7114326654b1678ec67904ede6e7eecd5fd
raw/archives/temazepam.tar.gz,temazepam/alpha2/2026091902/pose_manifest.json,5412,5f9946894e2d2e56bbede3c5828002191d729b04aef0678dd4880587fdb82b41
raw/archives/temazepam.tar.gz,temazepam/alpha2/2026091902/poses.pdbqt,20574,c8fe20e250ef7e90a4a59833cd2f865f7233d849545bdf620f791a5f0c8015f1
raw/archives/temazepam.tar.gz,temazepam/alpha2/2026091902/vina.log,2385,35dc9b108556a9743137f9233ab80e527111c22dd0c6636bc92027f97bf6ed9d
raw/archives/temazepam.tar.gz,temazepam/alpha2/2026091903/docking.json,1528,722fcea8a1e853285852048f0948e01ee99ae3d321bab0efee5f120161dd6278
raw/archives/temazepam.tar.gz,temazepam/alpha2/2026091903/interactions.json,35033,2e8e350d3e7c56b69f685d9d5b52162f80d43df0d2a3116e5e24b180aa8cd690
raw/archives/temazepam.tar.gz,temazepam/alpha2/2026091903/plip.log,1881,560e427678c9738e250f493b61333dc26a0aec99025c47024b3519f48b8d85f2
raw/archives/temazepam.tar.gz,temazepam/alpha2/2026091903/plip_done.json,29,bef149d6b4bcd0e8393fac45503362a862d45eadcceff434b3d9640f4b008ec4
raw/archives/temazepam.tar.gz,temazepam/alpha2/2026091903/pose_01/ligand.sdf,2967,c4f0139651f29c03e5762552745d5e9249e69c26e8cb8fa2106aa4f280254784
raw/archives/temazepam.tar.gz,temazepam/alpha2/2026091903/pose_01/pose_status.json,570,b2a69711dd1e4f194896d4d39a331e0bfb89b8ae12a1003cec72e2b6ecbdf907
raw/archives/temazepam.tar.gz,temazepam/alpha2/2026091903/pose_01/report.txt,3262,b59c556544c7b490cfe99bf975a3765c9ec7ca110566f9ad014a399ba48cb5cd
raw/archives/temazepam.tar.gz,temazepam/alpha2/2026091903/pose_01/report.xml,8152,c25bbdf77a0bbb17da21150c452fe34bc4f26f7cb5475e64a9d6f786615a835e
raw/archives/temazepam.tar.gz,temazepam/alpha2/2026091903/pose_02/ligand.sdf,2967,ed597d751ebaa5295a9043fb8d23625f6b919e4119e9471a217debcc4426ee34
raw/archives/temazepam.tar.gz,temazepam/alpha2/2026091903/pose_02/pose_status.json,570,22bd5664f7907f067ce41dc8a43f2e3fdbbb53bee9b5c46a91638237a87ffb7c
raw/archives/temazepam.tar.gz,temazepam/alpha2/2026091903/pose_02/report.txt,4226,4a05f90382619756d2802c6dc2dc7d4888928157288b8418d8d1e967eaf79fab
raw/archives/temazepam.tar.gz,temazepam/alpha2/2026091903/pose_02/report.xml,9695,91e417ae06fa4f6d8b51ff20df719b43c7ae51536611dd0eb9c3b92fe39a3ec6
raw/archives/temazepam.tar.gz,temazepam/alpha2/2026091903/pose_03/ligand.sdf,2967,ba0174d31ebc29344e0a4cd11959417faa315fc59981f3002b7317a5b83ce002
raw/archives/temazepam.tar.gz,temazepam/alpha2/2026091903/pose_03/pose_status.json,570,3524bf690beec26729789ab04a58e5629bc56425650e0be213302fd3ff20c7ed
raw/archives/temazepam.tar.gz,temazepam/alpha2/2026091903/pose_03/report.txt,3262,bb8288d3a15208ffea56a43b60ef61ef989ee0bef77c571757a3fb690ea1bf8c
raw/archives/temazepam.tar.gz,temazepam/alpha2/2026091903/pose_03/report.xml,7733,d0364a6cff9fbb00fdbee3395eba76f569b16a35417e400e48e8b3d2fa2fc55b
raw/archives/temazepam.tar.gz,temazepam/alpha2/2026091903/pose_04/ligand.sdf,2967,3f0fafafb397579f0f15c7eb4c2aa5be27b49e87e8067ce195e5efca6e5319af
raw/archives/temazepam.tar.gz,temazepam/alpha2/2026091903/pose_04/pose_status.json,570,8beb243fedc20c8a6c0ce87b51f1148debff2f6ce1ac4c633886c804bd4bf54e
raw/archives/temazepam.tar.gz,temazepam/alpha2/2026091903/pose_04/report.txt,6185,b5666e6775331c00d668b390a62130497d3e0818c02fc06e2413df1819813373
raw/archives/temazepam.tar.gz,temazepam/alpha2/2026091903/pose_04/report.xml,12693,8f0b330a4f56763837fa06121fba3eaab9ca8e6487588fedeb5a493777bfb109
raw/archives/temazepam.tar.gz,temazepam/alpha2/2026091903/pose_05/ligand.sdf,2967,1a76045bd7c415a6bd1d6fe39a1418edc8c6a337e7e5c382e78fc3457a95c9d6
raw/archives/temazepam.tar.gz,temazepam/alpha2/2026091903/pose_05/pose_status.json,570,e25fcd318d91f4498c4aa3030650541fe2d27ef2f6cbed5149a38c78c310cd04
raw/archives/temazepam.tar.gz,temazepam/alpha2/2026091903/pose_05/report.txt,2059,ee0a477cee8387a451223aec844a94afcc02ab2fcf5aac12060308661970320b
raw/archives/temazepam.tar.gz,temazepam/alpha2/2026091903/pose_05/report.xml,7108,2a464d725078eb7987f41bf4e07b8ffb8accd369bcb79359f9d77e762e85e103
raw/archives/temazepam.tar.gz,temazepam/alpha2/2026091903/pose_06/ligand.sdf,2967,76a30f6421ab818fbebd6216e43b51078e573bcf1b35921e85d3dd6f5af632ca
raw/archives/temazepam.tar.gz,temazepam/alpha2/2026091903/pose_06/pose_status.json,570,05bfdd052d0836ad3d552ec85a61e52d7d08c68fd9814165a4f48052e9d4ffba
raw/archives/temazepam.tar.gz,temazepam/alpha2/2026091903/pose_06/report.txt,5045,57360c654ac6bde54c0056205f0f674a7b737526b87e0534421d99a23285c14a
raw/archives/temazepam.tar.gz,temazepam/alpha2/2026091903/pose_06/report.xml,10014,911e0fbee5f9cd34d6cf0e20191ce0b91b2218e351f59ad458ebf07dcd3a04e4
raw/archives/temazepam.tar.gz,temazepam/alpha2/2026091903/pose_07/ligand.sdf,2967,9ff9691a8dd805264f8445df2446311cd7e8754edc23c47a75b7473fda957335
raw/archives/temazepam.tar.gz,temazepam/alpha2/2026091903/pose_07/pose_status.json,570,fd241ddd2e722a3926edd5af6a2043ffad8ec06e538a9f525af04f1c9a6287da
raw/archives/temazepam.tar.gz,temazepam/alpha2/2026091903/pose_07/report.txt,3411,2c31629337925d0a657e264641ecc3fe1beaa02036cf07c431cd9540e361e636
raw/archives/temazepam.tar.gz,temazepam/alpha2/2026091903/pose_07/report.xml,7889,7afc83103e8650be54cb0a78be8dc753fca17c7944e6aebf1c9069a793a6171c
raw/archives/temazepam.tar.gz,temazepam/alpha2/2026091903/pose_08/ligand.sdf,2967,199e9e77b3c2cacbd5be6bdce47668ba98f0bae331a8bbfa0af727861ed7b3f1
raw/archives/temazepam.tar.gz,temazepam/alpha2/2026091903/pose_08/pose_status.json,570,670455168e1426b169dbc0fe3d17bce54e07ebe74c67a3ea40eda71a392abeb7
raw/archives/temazepam.tar.gz,temazepam/alpha2/2026091903/pose_08/report.txt,2931,91b2d9e3dfa27d56f13634f2ab94d1dc1dc036821660a7fd0c71d1a20de2607d
raw/archives/temazepam.tar.gz,temazepam/alpha2/2026091903/pose_08/report.xml,7287,295a88b89b27605a5bd864737f93f222068554363a6541359e27fab5621201c0
raw/archives/temazepam.tar.gz,temazepam/alpha2/2026091903/pose_09/ligand.sdf,2967,2e6603631764abf1fa872a2e5c8c17aa2792c094b229e0b08ba98c5ba8028619
raw/archives/temazepam.tar.gz,temazepam/alpha2/2026091903/pose_09/pose_status.json,570,442e1e3b39269f8cc4cd63f978cb838d038c7c5b28a33a2c1e7440c6c93615f4
raw/archives/temazepam.tar.gz,temazepam/alpha2/2026091903/pose_09/report.txt,3161,745bdf71bd43c96d5c81ad2bac71048dfc28770c41a9f3d2d4497cbdfb619e52
raw/archives/temazepam.tar.gz,temazepam/alpha2/2026091903/pose_09/report.xml,7677,061ebb1c628293258fc551733a6a32a4c2efcb3c7ec58e757eb98de0b1cd3261
raw/archives/temazepam.tar.gz,temazepam/alpha2/2026091903/pose_manifest.json,5412,8bd7ae8ca314b962f88dd5a99f0a5cbeb52fd1bbe67a064edaf05fdaa236b36a
raw/archives/temazepam.tar.gz,temazepam/alpha2/2026091903/poses.pdbqt,20574,92feb2ccd96bb71f4a318721e25d97fe497a090b1e0dd13a4b13b03052b72614
raw/archives/temazepam.tar.gz,temazepam/alpha2/2026091903/vina.log,2385,1c891623839c57dfdcf8399616bcfb22df3435cf9edd6768c5cea797f6d8e87c
raw/archives/temazepam.tar.gz,temazepam/alpha2/2026091904/docking.json,1528,6c65f77e1528b1ebaa0efee8086f59da98d446a1fd250695f8a3e51a4641b98a
raw/archives/temazepam.tar.gz,temazepam/alpha2/2026091904/interactions.json,29167,5805f6be562e604d4c5aae10d3a9cd0783ad3f7b7fd32cd763211f8ff4facce8
raw/archives/temazepam.tar.gz,temazepam/alpha2/2026091904/plip.log,1881,c0807bb63541c85692dcaeca575a89fe5b6a7fbb817fb99d95fe69c9df53d24e
raw/archives/temazepam.tar.gz,temazepam/alpha2/2026091904/plip_done.json,29,bef149d6b4bcd0e8393fac45503362a862d45eadcceff434b3d9640f4b008ec4
raw/archives/temazepam.tar.gz,temazepam/alpha2/2026091904/pose_01/ligand.sdf,2967,cf879582d5cb7a37fc57be362181678e06aabdd7947a421b348dc04579ea903f
raw/archives/temazepam.tar.gz,temazepam/alpha2/2026091904/pose_01/pose_status.json,570,9f0706b14b4f8f2e4ec6864a52e93f2a93a37820f73dcccc80fb7373f7483e6d
raw/archives/temazepam.tar.gz,temazepam/alpha2/2026091904/pose_01/report.txt,3262,00dce5ade4c0a9e1a893d62c0381e2f6140578e7383bc8ae7ad0ae23e1ae80a3
raw/archives/temazepam.tar.gz,temazepam/alpha2/2026091904/pose_01/report.xml,8152,936b3f86febe50563bbdcc095f8f5186ef4f3cb7b8a522fcd70d87f07d03fd12
raw/archives/temazepam.tar.gz,temazepam/alpha2/2026091904/pose_02/ligand.sdf,2967,96800f8631524784c858226815da2a3fa9f5f496887b9f02822c65ca3440c9b1
raw/archives/temazepam.tar.gz,temazepam/alpha2/2026091904/pose_02/pose_status.json,570,ac367f1c4ba681c7eef39831a62df8d2066d2da42c699284052de6dd6f518482
raw/archives/temazepam.tar.gz,temazepam/alpha2/2026091904/pose_02/report.txt,2938,f278e6ef330aef101d13954e444c17f8fd4c2a6ca1fa57859322b9799389d0eb
raw/archives/temazepam.tar.gz,temazepam/alpha2/2026091904/pose_02/report.xml,7340,357bb765bf829ed74bd79848c27da45670da76aa615d32cfcdb90e4c7373e90c
raw/archives/temazepam.tar.gz,temazepam/alpha2/2026091904/pose_03/ligand.sdf,2967,e63e83faa3f45a1c0bedd133fd5f6d834f5d737d5d3a276e728da885500272cf
raw/archives/temazepam.tar.gz,temazepam/alpha2/2026091904/pose_03/pose_status.json,570,b8b9d36fca32e1091b03b2653ae28cc9aba1eef9eda84e446a107e40f1c84fe7
raw/archives/temazepam.tar.gz,temazepam/alpha2/2026091904/pose_03/report.txt,3735,2aa7f7db6ef34554123d5a8a844266a85cf6c0adc189daf4d887d6d19a8513ea
raw/archives/temazepam.tar.gz,temazepam/alpha2/2026091904/pose_03/report.xml,8587,7c9e8622a22d9bb525e0e2121991dcef97b7f52a42143ec666d2ec92a0403968
raw/archives/temazepam.tar.gz,temazepam/alpha2/2026091904/pose_04/ligand.sdf,2967,ee303ec6f1a2f799fcc67e75e9262d737d540fc5ea772d9a0fd9b63d4bc84f1a
raw/archives/temazepam.tar.gz,temazepam/alpha2/2026091904/pose_04/pose_status.json,570,42de67baae20172ebd9b668391d4c14cf602ade5bc8a7c12843160b6d38dbfef
raw/archives/temazepam.tar.gz,temazepam/alpha2/2026091904/pose_04/report.txt,4226,9bc375a556550d6f9f7d94639c2cd22add1aadc1d1b9ffd97a5cb6c0aee9a861
raw/archives/temazepam.tar.gz,temazepam/alpha2/2026091904/pose_04/report.xml,9694,ff25d02bff4a6857b8833c0330c225eb4e75c6c8971d5ace02f2f9f150f275e2
raw/archives/temazepam.tar.gz,temazepam/alpha2/2026091904/pose_05/ligand.sdf,2967,a84ca899a8ae1ba82346eca5aecbf1d43a5a8a775d2c35b44d5127a58e9613d0
raw/archives/temazepam.tar.gz,temazepam/alpha2/2026091904/pose_05/pose_status.json,570,864b73fa57614c721ec29b31891525caf11265290195d64bac5a054f8e3bf82f
raw/archives/temazepam.tar.gz,temazepam/alpha2/2026091904/pose_05/report.txt,2059,77ba528dd3042c57e5481d08ff18cb03243fe9fa745da5631897d891c46ceee8
raw/archives/temazepam.tar.gz,temazepam/alpha2/2026091904/pose_05/report.xml,7108,084ea9df31e81047d175ea0c120b4b2b1f87fec2bfb470d0d47a0454ef31a1e5
raw/archives/temazepam.tar.gz,temazepam/alpha2/2026091904/pose_06/ligand.sdf,2967,3029cfc8167406fddd6b98238d71ca5fefb2d183d975f1fd00199dffbb827427
raw/archives/temazepam.tar.gz,temazepam/alpha2/2026091904/pose_06/pose_status.json,570,e9bb81913743cd8ad0c4bdba20a436371f37193fc0d88306ab483a69bf5c6f82
raw/archives/temazepam.tar.gz,temazepam/alpha2/2026091904/pose_06/report.txt,4714,3f13c4d00b44575f67cdc59b1c02016ef77daba0cec4b16f9067e6725d097f43
raw/archives/temazepam.tar.gz,temazepam/alpha2/2026091904/pose_06/report.xml,9452,f55626b95b88fc0d4a7a21678e688e152a157acd88033cd81ce011c4d2e4ae65
raw/archives/temazepam.tar.gz,temazepam/alpha2/2026091904/pose_07/ligand.sdf,2967,02814502dc05af80bf971d19cb60fd03d8bd660fcf86a0ada97fccc53ff5f86c
raw/archives/temazepam.tar.gz,temazepam/alpha2/2026091904/pose_07/pose_status.json,570,9aef9a4f53fc8dd21d50b5de28d440a8801fb6fa023048cd56f9bbb63f9c583b
raw/archives/temazepam.tar.gz,temazepam/alpha2/2026091904/pose_07/report.txt,2940,3d37dc41590dcdbe31d2491a3820a3281f58a3e66465750786027f7905a6a4fb
raw/archives/temazepam.tar.gz,temazepam/alpha2/2026091904/pose_07/report.xml,7088,5e7e85a0c4353085d383339453f006f3e8fdf1055a4362747e116fc077acf004
raw/archives/temazepam.tar.gz,temazepam/alpha2/2026091904/pose_08/ligand.sdf,2967,3f5a14483ea69b425a0d755e2d0bb41060a296125c3dfe246df46c2caa9bebf1
raw/archives/temazepam.tar.gz,temazepam/alpha2/2026091904/pose_08/pose_status.json,570,9d9f6de796f003f90194c808235084267f05680f41db75fb97b77ce29fdfc2a9
raw/archives/temazepam.tar.gz,temazepam/alpha2/2026091904/pose_08/report.txt,3161,fcc6095a9604b36dfe10e5a9c64e36a193f389b80f6c80443ec3916249b3e03f
raw/archives/temazepam.tar.gz,temazepam/alpha2/2026091904/pose_08/report.xml,7677,fa644f40fa36e84254747539a23fc52755a34a143ab16307077285d7ba8b91df
raw/archives/temazepam.tar.gz,temazepam/alpha2/2026091904/pose_09/ligand.sdf,2967,10d9ac2550ec0848e12933f89d16bae897234ab49996b5f14436bc64628aa876
raw/archives/temazepam.tar.gz,temazepam/alpha2/2026091904/pose_09/pose_status.json,570,b0a5ed9ff3eb9fff24b7450c049c82b8865bb503865b32b5897b4149441877be
raw/archives/temazepam.tar.gz,temazepam/alpha2/2026091904/pose_09/report.txt,2059,703bd8be316d1fd6e8b55069da3ca7b22e03f867a6bdc66f1ccb37511b86726c
raw/archives/temazepam.tar.gz,temazepam/alpha2/2026091904/pose_09/report.xml,6856,f3051fe16e603ad91d715f140c65f04082a6a32c8a5f230d5c2adcbe04a18c9e
raw/archives/temazepam.tar.gz,temazepam/alpha2/2026091904/pose_manifest.json,5412,6bb858da42a1a46cfeff03e497bd2d71791e596ec4ec7172960ed330da2cf6fa
raw/archives/temazepam.tar.gz,temazepam/alpha2/2026091904/poses.pdbqt,20574,00ba1d490e77e539ba1d830b7cc7daaf5baf9e2a557cfcc1e092e92e782b65af
raw/archives/temazepam.tar.gz,temazepam/alpha2/2026091904/vina.log,2385,5af5ee8df4ea3b9fe1c097b9c81178c86ce1c41f5b540eb0b30d7cc19cf54d91
raw/archives/temazepam.tar.gz,temazepam/alpha2/2026091905/docking.json,1528,040e6a45909144c81530611b209b64519272aabb73569e52ae34589a8249a86a
raw/archives/temazepam.tar.gz,temazepam/alpha2/2026091905/interactions.json,30068,60efb119854af598704bce648d45c33955ff105d7a5c114e26da775486f2e4fb
raw/archives/temazepam.tar.gz,temazepam/alpha2/2026091905/plip.log,1881,77a62c9077fc4ca1892b1c06485d73fc2870d679b17bd915429e836c7552b179
raw/archives/temazepam.tar.gz,temazepam/alpha2/2026091905/plip_done.json,29,bef149d6b4bcd0e8393fac45503362a862d45eadcceff434b3d9640f4b008ec4
raw/archives/temazepam.tar.gz,temazepam/alpha2/2026091905/pose_01/ligand.sdf,2967,8dcd57b0607ddd6d064a2f0660df17cad20ef0618f4bf5562c61ac6ff587ea5c
raw/archives/temazepam.tar.gz,temazepam/alpha2/2026091905/pose_01/pose_status.json,570,a0db9cac612f8ae1158ad86fb6918275b0327b5ff95715fe0f648c4be1ad9269
raw/archives/temazepam.tar.gz,temazepam/alpha2/2026091905/pose_01/report.txt,3267,ccdba46847a195295a802369bc548d69482763e769cacbdddd0735fe084a2daa
raw/archives/temazepam.tar.gz,temazepam/alpha2/2026091905/pose_01/report.xml,8154,6dce859b8be861518e044ffff12edb8ba2bc1d9e8f3395b7c5b7f9237d3a4709
raw/archives/temazepam.tar.gz,temazepam/alpha2/2026091905/pose_02/ligand.sdf,2967,c0f653b72877fe780586d8e6b4213bad23caf705bb25da0e69dfd9b74c5cbcdf
raw/archives/temazepam.tar.gz,temazepam/alpha2/2026091905/pose_02/pose_status.json,570,d803e975a6a6835308c027a73df921efce94ab6efc0ac31fc5233b70a690d6fc
raw/archives/temazepam.tar.gz,temazepam/alpha2/2026091905/pose_02/report.txt,3267,33242f2cc84392fecee54bb69400f6c8016a25453940108e6830ee767282ef71
raw/archives/temazepam.tar.gz,temazepam/alpha2/2026091905/pose_02/report.xml,7903,07fb5d507694b42bf9ea2e868bd410dee95848d1602952de8dec2dd2a7fc8699
raw/archives/temazepam.tar.gz,temazepam/alpha2/2026091905/pose_03/ligand.sdf,2967,f154de7647588aa5aff6a05f59231e0aeab8d07d4e8b66204fda4d9aaced00bd
raw/archives/temazepam.tar.gz,temazepam/alpha2/2026091905/pose_03/pose_status.json,570,a76f616eb8fc9c618d4099f91ed76d0f458e678b974305f98027acfd24bbdb8d
raw/archives/temazepam.tar.gz,temazepam/alpha2/2026091905/pose_03/report.txt,3735,8e30432fc6ea7aefa259d9788e1c7d89cfa59932e5e7e4bf82f83c14ff7e159d
raw/archives/temazepam.tar.gz,temazepam/alpha2/2026091905/pose_03/report.xml,8587,039e41b802b2469eae219120f1d89adf959db38727c708b7b992f2e6d1be3752
raw/archives/temazepam.tar.gz,temazepam/alpha2/2026091905/pose_04/ligand.sdf,2967,50aa6e973fdd10e421f44b389b4b50f8fbaf1cff6f71720fb7d0b61acd44d5cf
raw/archives/temazepam.tar.gz,temazepam/alpha2/2026091905/pose_04/pose_status.json,570,87ed2aebf0e73cc67b1ba4816d062c834d6bce4414c308e80f29e06c4adf1105
raw/archives/temazepam.tar.gz,temazepam/alpha2/2026091905/pose_04/report.txt,2943,ea61255aceedd1489cd1a1f8c62d72e5565419d0435a3b31708647629def48bc
raw/archives/temazepam.tar.gz,temazepam/alpha2/2026091905/pose_04/report.xml,7174,528d4c1c5d6eb00a354eecc609bef9dbb2f3dccdee8e8d1edb1b2ba5715591ec
raw/archives/temazepam.tar.gz,temazepam/alpha2/2026091905/pose_05/ligand.sdf,2967,577fa92e021fcbbe7816b475809a0755c06eb0edb0a63757287e55ba837af11e
raw/archives/temazepam.tar.gz,temazepam/alpha2/2026091905/pose_05/pose_status.json,570,9decae3b4e4a3dd132f072842c8c13d02f29f8464ee15ffc94cb80e0a54ea3b8
raw/archives/temazepam.tar.gz,temazepam/alpha2/2026091905/pose_05/report.txt,2059,7eb0cda78036e80989353c52a4593c43e660c7087f8ddbdb1784b22dab96bd5f
raw/archives/temazepam.tar.gz,temazepam/alpha2/2026091905/pose_05/report.xml,7108,49e5077b85f4011e19eab37c4c4fa8bdba55dfb542495116c61f8048180353f1
raw/archives/temazepam.tar.gz,temazepam/alpha2/2026091905/pose_06/ligand.sdf,2967,4f673805bb98ad9308ab3b18bc5abae439951fce271c2b41e9be669e92c66307
raw/archives/temazepam.tar.gz,temazepam/alpha2/2026091905/pose_06/pose_status.json,570,2b6d8596824eb49558b575b0cb43bc6d45e2c423dedab605a970e6b1e5fcee44
raw/archives/temazepam.tar.gz,temazepam/alpha2/2026091905/pose_06/report.txt,5631,54ea9174f9882facbe0c5c10930706f9b820306de5dd3a94053da4b4dd570eea
raw/archives/temazepam.tar.gz,temazepam/alpha2/2026091905/pose_06/report.xml,11106,df113d8a432bdddbf20b70dcc3607cf2b128e9eb8011121d40f14440f4010ef8
raw/archives/temazepam.tar.gz,temazepam/alpha2/2026091905/pose_07/ligand.sdf,2967,73cb42de062bd53b86a8f79656790734669af9d5c42d7f829f02923c0afa7b65
raw/archives/temazepam.tar.gz,temazepam/alpha2/2026091905/pose_07/pose_status.json,570,31fbd632fc7380eac19e33f6f5e76a60113aadd6552dbc1c9cc23927fe49f4e1
raw/archives/temazepam.tar.gz,temazepam/alpha2/2026091905/pose_07/report.txt,3735,c6e9272ee90e5d8da6360b366452c85d1858fe2092790bef481502e365553d0e
raw/archives/temazepam.tar.gz,temazepam/alpha2/2026091905/pose_07/report.xml,8587,0b322b4ab836e4d6f6de77b2db1ee470f5bf23d9f60f6b202010105eb5f239e6
raw/archives/temazepam.tar.gz,temazepam/alpha2/2026091905/pose_08/ligand.sdf,2967,a7f8893e8901f98fa2159fa292419cee8a1e93225eb9271b8b654f65505327fb
raw/archives/temazepam.tar.gz,temazepam/alpha2/2026091905/pose_08/pose_status.json,570,7978a55ed81fa0b45659bbefe045525055e533a610c5d26374ec0515225ce081
raw/archives/temazepam.tar.gz,temazepam/alpha2/2026091905/pose_08/report.txt,2938,3c620ce5ee02ee552f672582ad790130cdecd54e3333fb9b37ede412eccddc33
raw/archives/temazepam.tar.gz,temazepam/alpha2/2026091905/pose_08/report.xml,7424,d25905aaaaaac4623b49d2183c76cdb274c652f94a4cf660ef9fd6c82318f735
raw/archives/temazepam.tar.gz,temazepam/alpha2/2026091905/pose_09/ligand.sdf,2967,71b0cfb49eae19c52b67eb6474c652727fcf2e5289ec15c132de105f0cfe7970
raw/archives/temazepam.tar.gz,temazepam/alpha2/2026091905/pose_09/pose_status.json,570,0d5e9bc25a9d28fe37b88d8ef946662533620bc1d393384560bb03fb374dcf78
raw/archives/temazepam.tar.gz,temazepam/alpha2/2026091905/pose_09/report.txt,2059,c675062ba3739aaab2b371e34eae2cead9c2c7eb1fecf40c876b9f08a9712d5b
raw/archives/temazepam.tar.gz,temazepam/alpha2/2026091905/pose_09/report.xml,6688,daac26a4b0b55afd8db55cc2e2a38858556c225298f83320a2461143565f0aea
raw/archives/temazepam.tar.gz,temazepam/alpha2/2026091905/pose_manifest.json,5412,3d7028f37c5a1a3d26e417ea33d17a19dce3c6d722e71854bf5539fde33733f6
raw/archives/temazepam.tar.gz,temazepam/alpha2/2026091905/poses.pdbqt,20574,4d7e19251eb09ab2125650a558c5dab4df30966ae319d903ece085104475268c
raw/archives/temazepam.tar.gz,temazepam/alpha2/2026091905/vina.log,2385,e8a88036387d763cb65832be3ab5f9add64a2efeb0fa840474f84c0626c6f5d9
raw/archives/zopiclone.tar.gz,zopiclone/alpha1/2026091901/docking.json,1530,be355779086fa044bd8d4c2c7e305d5fc08de7ac756b6d28338967b92ff0a999
raw/archives/zopiclone.tar.gz,zopiclone/alpha1/2026091901/interactions.json,35264,819d8895768cdcb1670ae5659f92ef1572ceab6404b58772f6f4fab0f1d103b1
raw/archives/zopiclone.tar.gz,zopiclone/alpha1/2026091901/plip.log,1881,bb96559b7663d5859d8e8fb4eec71b8e4639d191c69eabae63ec635e09438eef
raw/archives/zopiclone.tar.gz,zopiclone/alpha1/2026091901/plip_done.json,29,bef149d6b4bcd0e8393fac45503362a862d45eadcceff434b3d9640f4b008ec4
raw/archives/zopiclone.tar.gz,zopiclone/alpha1/2026091901/pose_01/ligand.sdf,3810,cff866b2402e13012b19bd5c3cd24cfa315202c44b4915c6ab2b7bd9f3914b9f
raw/archives/zopiclone.tar.gz,zopiclone/alpha1/2026091901/pose_01/pose_status.json,570,1d6030754bf94a0794df42430e2819de5c66da0f5165bb35dabee0dc73c18b35
raw/archives/zopiclone.tar.gz,zopiclone/alpha1/2026091901/pose_01/report.txt,5086,a5d31b21eb8b7dad6ca24190e952d9e0f6687a7977e298ad206a9e57db1fb6f6
raw/archives/zopiclone.tar.gz,zopiclone/alpha1/2026091901/pose_01/report.xml,11805,6bd441714586fa73a2023d2ed1b0caddddfa7e9406a6e63bbe575f0d31188fe9
raw/archives/zopiclone.tar.gz,zopiclone/alpha1/2026091901/pose_02/ligand.sdf,3810,9d746f33e97b33e6804f27f6db05cc15f06e14d10a33b8bd4940e5e86b4b8fdc
raw/archives/zopiclone.tar.gz,zopiclone/alpha1/2026091901/pose_02/pose_status.json,570,89a9d2908ca1781848e35a052aa09cf8d5be31ea82ce6e86cf3d74b62d9700ca
raw/archives/zopiclone.tar.gz,zopiclone/alpha1/2026091901/pose_02/report.txt,2927,0849d78c61507c2811a3dd416be9ce9e687c6473e95c3a2d9dce89b30ec36f3b
raw/archives/zopiclone.tar.gz,zopiclone/alpha1/2026091901/pose_02/report.xml,8736,95fa387f4372bcfeef4b0e8927dbfc6bd78073676b772fa2a96b262a59ac24ec
raw/archives/zopiclone.tar.gz,zopiclone/alpha1/2026091901/pose_03/ligand.sdf,3810,9292e28186aac07c8c4e9167834ec0d9868f320786ac4ce50f1ce7c7ed46d058
raw/archives/zopiclone.tar.gz,zopiclone/alpha1/2026091901/pose_03/pose_status.json,570,99f013b1641b86edb61fc838e5e74a516fe7ee87dda32e52411066c59eef0321
raw/archives/zopiclone.tar.gz,zopiclone/alpha1/2026091901/pose_03/report.txt,4072,249a85df341139eaf6233427096df75c900882ada9a2c72957fca1aef9229944
raw/archives/zopiclone.tar.gz,zopiclone/alpha1/2026091901/pose_03/report.xml,9296,28ced8ff7d841cf000dd8f2bfa00fa2f16eca1835252706b8893da71e79a6970
raw/archives/zopiclone.tar.gz,zopiclone/alpha1/2026091901/pose_04/ligand.sdf,3810,282592190f72dcb107b88c3f7e90c10e4c6423f417806a5e3d92b02f05538404
raw/archives/zopiclone.tar.gz,zopiclone/alpha1/2026091901/pose_04/pose_status.json,570,ff0aeeb47a9b204c8897487cd76346d1f9161f6d687fad5226b8c9097c5a837a
raw/archives/zopiclone.tar.gz,zopiclone/alpha1/2026091901/pose_04/report.txt,4286,75f84cb17134fc296cd492941f294fb7634bbd3408609e599bbc506af6695139
raw/archives/zopiclone.tar.gz,zopiclone/alpha1/2026091901/pose_04/report.xml,9539,68ffddf3ac9dd221602c9d27929561817599c9e2717ccbf9063a1b8f1d5872f5
raw/archives/zopiclone.tar.gz,zopiclone/alpha1/2026091901/pose_05/ligand.sdf,3810,ac0e4d13a511fadbc75c819835224046b0eef72b8b7ce20c7f074a9de109b43f
raw/archives/zopiclone.tar.gz,zopiclone/alpha1/2026091901/pose_05/pose_status.json,570,4657412515da6af76ee1e2770db4f41a5dc54490e4068553ece120f4f4d22b4f
raw/archives/zopiclone.tar.gz,zopiclone/alpha1/2026091901/pose_05/report.txt,4286,442d914c1ae851aaafcf0d2ff48648e58086cd5d189952fa13a79320607ca8f6
raw/archives/zopiclone.tar.gz,zopiclone/alpha1/2026091901/pose_05/report.xml,9121,2d9abde8391c30ba8a17b891b6edeb7160992eb0e2b2da7b88a71d9717d706f9
raw/archives/zopiclone.tar.gz,zopiclone/alpha1/2026091901/pose_06/ligand.sdf,3810,6a7fbc8b6741ff1a34522224510311448dd1ed64b53d77b7b44da1a2e3293b4c
raw/archives/zopiclone.tar.gz,zopiclone/alpha1/2026091901/pose_06/pose_status.json,570,cb4400633782f585fc2b3f59cd42a70b7aa1c0b5ddd00a4a194f1863df662248
raw/archives/zopiclone.tar.gz,zopiclone/alpha1/2026091901/pose_06/report.txt,5230,e2124266db001e432f7d5f9a2c9ca0d1d30fc6aef4ffc81bad8fcbd0e7c49f4e
raw/archives/zopiclone.tar.gz,zopiclone/alpha1/2026091901/pose_06/report.xml,10840,aff04da6fdfa4668fc7493e44ad3465fb35db9e065f617540d71dc60098a3915
raw/archives/zopiclone.tar.gz,zopiclone/alpha1/2026091901/pose_07/ligand.sdf,3810,c05032f0000a7ce47808da178e0ddf34284689304d7b4a3e0f9dc38e71e2322f
raw/archives/zopiclone.tar.gz,zopiclone/alpha1/2026091901/pose_07/pose_status.json,570,65c004f70642fd5b6cd4b9b5f3ca755c9e5b126731994e47515bf76493aa2514
raw/archives/zopiclone.tar.gz,zopiclone/alpha1/2026091901/pose_07/report.txt,4405,46f3bd2dd3fa37c675e75ee058bf1e0b123f0fbf9c646a87195e21a9af99b8ce
raw/archives/zopiclone.tar.gz,zopiclone/alpha1/2026091901/pose_07/report.xml,9612,ebe815b3169a5ef90ddbb27f004de11941deb1382e000d18b869cf8e9b1d92e9
raw/archives/zopiclone.tar.gz,zopiclone/alpha1/2026091901/pose_08/ligand.sdf,3810,b49056fe0be615d2bad4da85d17c6fe70a00a9fe53d1699b7ea6b972dc083459
raw/archives/zopiclone.tar.gz,zopiclone/alpha1/2026091901/pose_08/pose_status.json,570,458a281487ab6554bd9b8cf6d0a832f119194c3e4789af57c82dd6712344c04d
raw/archives/zopiclone.tar.gz,zopiclone/alpha1/2026091901/pose_08/report.txt,4753,604320ed44743d938426ee85f0490331897d5e0208187ef264204fb0f774d2d0
raw/archives/zopiclone.tar.gz,zopiclone/alpha1/2026091901/pose_08/report.xml,9901,5321cb58cf79886eb131cec8849bddfe5588048c1d764c22d23fadd71e5649e5
raw/archives/zopiclone.tar.gz,zopiclone/alpha1/2026091901/pose_09/ligand.sdf,3810,6297c7b4754549c3670ed8e4e00b834e98e7f4a6c1753eacc7e185cfe2ef74a7
raw/archives/zopiclone.tar.gz,zopiclone/alpha1/2026091901/pose_09/pose_status.json,570,59924f89d919939682379139f9f967c25b8ff5bb830aa3534cfdffeb67ca23ad
raw/archives/zopiclone.tar.gz,zopiclone/alpha1/2026091901/pose_09/report.txt,5869,f2f426e7e8ac597e7a9e20e3d4443128d86b2091505cc12f5acab9adae68d819
raw/archives/zopiclone.tar.gz,zopiclone/alpha1/2026091901/pose_09/report.xml,11626,60b4ca60973b22fc9fa0ef0e6b021efc0e3777822c43cebe90908a93d0fdf5a4
raw/archives/zopiclone.tar.gz,zopiclone/alpha1/2026091901/pose_manifest.json,5412,87236de94e1596db8958da1d799a9a09d11ba66e0d55728d757cf8dfc23290ed
raw/archives/zopiclone.tar.gz,zopiclone/alpha1/2026091901/poses.pdbqt,24984,8ebf30ee78a28a24d976c9b80a346c2092cb718eafc7123ad70c02e63d4f6b89
raw/archives/zopiclone.tar.gz,zopiclone/alpha1/2026091901/vina.log,2385,864c1f6e5596ddddc3b37039dccdacde3de793d05b84ab5f139d9451823fdbba
raw/archives/zopiclone.tar.gz,zopiclone/alpha1/2026091902/docking.json,1530,030755948e6351456faf9cd3040a2159fd9470f530d528fe92294e3cc715f12f
raw/archives/zopiclone.tar.gz,zopiclone/alpha1/2026091902/interactions.json,34575,f9078f75b1a6c9b08267c821d9be3733f4a6419ea3bcab803227caa185836363
raw/archives/zopiclone.tar.gz,zopiclone/alpha1/2026091902/plip.log,1881,b080dbcae2a8ccc1258cec234fe395f6bdbce8bdd864b7b5207e80fa0c5b74e6
raw/archives/zopiclone.tar.gz,zopiclone/alpha1/2026091902/plip_done.json,29,bef149d6b4bcd0e8393fac45503362a862d45eadcceff434b3d9640f4b008ec4
raw/archives/zopiclone.tar.gz,zopiclone/alpha1/2026091902/pose_01/ligand.sdf,3810,bfdbda0dea6b9d8c1a136d3a19681e9d1b31f48f0f333e2b4f397a2d79129604
raw/archives/zopiclone.tar.gz,zopiclone/alpha1/2026091902/pose_01/pose_status.json,570,f45058b04a34e67c6ff7e204f9bb9ad420a7f504aa9dfb6d773925e8c670aac8
raw/archives/zopiclone.tar.gz,zopiclone/alpha1/2026091902/pose_01/report.txt,5086,3043d4bbf20102faee278d40161ef9a9036cf2b69f001cb857641da33cd5d589
raw/archives/zopiclone.tar.gz,zopiclone/alpha1/2026091902/pose_01/report.xml,11805,0107ed9e4dc06c8b496187cc824df8a668b47e94839eab7e25b267be49015a15
raw/archives/zopiclone.tar.gz,zopiclone/alpha1/2026091902/pose_02/ligand.sdf,3810,d26c60e4659007fedd919cc00c667d8476293664ceb690fb15319368f746aacf
raw/archives/zopiclone.tar.gz,zopiclone/alpha1/2026091902/pose_02/pose_status.json,570,6b88c7d00ac02a3817ef579ee78f70476b41f88f770944fd97b904a8fc3a1aa0
raw/archives/zopiclone.tar.gz,zopiclone/alpha1/2026091902/pose_02/report.txt,2927,0e0508b8212711f406dbca57c00ec44216c02dd673bae9caec1ab106c360fd03
raw/archives/zopiclone.tar.gz,zopiclone/alpha1/2026091902/pose_02/report.xml,8736,a5209ef40a562ea31e82abd346756f156d90154a7f87c31e610c4be3318f7fa0
raw/archives/zopiclone.tar.gz,zopiclone/alpha1/2026091902/pose_03/ligand.sdf,3810,645d45daba6a5822ba1af15cd7bc5280336aadb3004629cda212102adff4b8bf
raw/archives/zopiclone.tar.gz,zopiclone/alpha1/2026091902/pose_03/pose_status.json,570,d0bb01ffc0c9b15d7065e42ef8ff07e040beef1023c177dcce74c43f0455396e
raw/archives/zopiclone.tar.gz,zopiclone/alpha1/2026091902/pose_03/report.txt,4072,a1163d832b1429405d54c6ff051e331b83f424fa1382c32c3d65f1c47d657f13
raw/archives/zopiclone.tar.gz,zopiclone/alpha1/2026091902/pose_03/report.xml,9296,0ecd8d1ea4a113bda6ac71f23df76cf8c90a415ef0ec61088ca2f7d14dabc0d1
raw/archives/zopiclone.tar.gz,zopiclone/alpha1/2026091902/pose_04/ligand.sdf,3810,da56d4a250bdcb75dd38303b1aa8e6cb58541c6c9d647763811885715a08a2a5
raw/archives/zopiclone.tar.gz,zopiclone/alpha1/2026091902/pose_04/pose_status.json,570,9ee1bdc0c961a3ac70a70656eeafc23c994e2a2938e1336478a9a9fb79e91b3f
raw/archives/zopiclone.tar.gz,zopiclone/alpha1/2026091902/pose_04/report.txt,4286,0fe02651a8842ed0d0f9904c0d10cf72798fb5107e2dd7cd11095fc67de452dc
raw/archives/zopiclone.tar.gz,zopiclone/alpha1/2026091902/pose_04/report.xml,9539,a40fad891624cd0ba05ebb0a72626740ef527e8f2c348bcd502b668c3259e281
raw/archives/zopiclone.tar.gz,zopiclone/alpha1/2026091902/pose_05/ligand.sdf,3810,01c050f0e60c794ea9eb768b73ecc6b2a6dd0178af29237034a08a42377ce26c
raw/archives/zopiclone.tar.gz,zopiclone/alpha1/2026091902/pose_05/pose_status.json,570,eadaa2e3714d24bec321baa97fed16e4bc12e6303dcff4423e4d8afa9fc05844
raw/archives/zopiclone.tar.gz,zopiclone/alpha1/2026091902/pose_05/report.txt,4405,0789e4f3a7669391c33cfba519c0f3d2f15e65b904f89c6e8e187dafe7d0afaf
raw/archives/zopiclone.tar.gz,zopiclone/alpha1/2026091902/pose_05/report.xml,9612,ea0ae3591d8d3b23f61a20a58fb0a8384ea049eef67f2d0fe90fe39c9890f615
raw/archives/zopiclone.tar.gz,zopiclone/alpha1/2026091902/pose_06/ligand.sdf,3810,c0aa58b9571060f4f4d0236a9ae800cd0479b47d75f286c3e2b875e4424708b4
raw/archives/zopiclone.tar.gz,zopiclone/alpha1/2026091902/pose_06/pose_status.json,570,06b180e8177bfe469d41c9dfb2bf59438420a9fcc474143f752ea2884b4e86f7
raw/archives/zopiclone.tar.gz,zopiclone/alpha1/2026091902/pose_06/report.txt,5230,6e40a8c5234ed84225ae92711e761ac1acd9ab67dbabd1d49343b7a9726838e7
raw/archives/zopiclone.tar.gz,zopiclone/alpha1/2026091902/pose_06/report.xml,10838,914ba32110f761a4be17af9234a8fcef31984e275071fdf8635329674c7d1385
raw/archives/zopiclone.tar.gz,zopiclone/alpha1/2026091902/pose_07/ligand.sdf,3810,f6ee3c4d8b8c4ca634efa95005f91e97d97b4f3e0146ad3d962df8bf70d07410
raw/archives/zopiclone.tar.gz,zopiclone/alpha1/2026091902/pose_07/pose_status.json,570,a9ba0277adee1a8764002062d4c2d587acb398cc74b5d663c79d54bcbcdf9857
raw/archives/zopiclone.tar.gz,zopiclone/alpha1/2026091902/pose_07/report.txt,4753,7bda198de898eae1ad98611fde307be840be13efc7ca0d5706c3003caf12c4fd
raw/archives/zopiclone.tar.gz,zopiclone/alpha1/2026091902/pose_07/report.xml,9901,a8ed64e6a1e74b2b6224a5979ab39dad03c9fe2b448e8512b1347a598ce144cd
raw/archives/zopiclone.tar.gz,zopiclone/alpha1/2026091902/pose_08/ligand.sdf,3810,e1b5fd53e1c37e8745f8866e04c4efd76b0cf67d95dd51f95808a844928a0f12
raw/archives/zopiclone.tar.gz,zopiclone/alpha1/2026091902/pose_08/pose_status.json,570,6004227280428f0d26fd66252670657197320ac1f56f515cff9aaf3e76a280ab
raw/archives/zopiclone.tar.gz,zopiclone/alpha1/2026091902/pose_08/report.txt,5710,8c95dcb738b68a4694023752a9fcef201c36bbb042e56b38a713a8db0b875502
raw/archives/zopiclone.tar.gz,zopiclone/alpha1/2026091902/pose_08/report.xml,11121,e690d434f186390890d23f48a780f057d52f3d4f2417e30a0ca899fed3a4a054
raw/archives/zopiclone.tar.gz,zopiclone/alpha1/2026091902/pose_09/ligand.sdf,3810,7a8b146a31231f98c55fb23040c8ef9ac24538b9659e30261eb0b0474b26c150
raw/archives/zopiclone.tar.gz,zopiclone/alpha1/2026091902/pose_09/pose_status.json,570,89242ed80395785828c044be18ad8868f6216133d42996d6e99a6403e2e447f3
raw/archives/zopiclone.tar.gz,zopiclone/alpha1/2026091902/pose_09/report.txt,2715,11eb054426d32b60aea11e14e7083b0e51d5c736781b91664b9223569f48bfde
raw/archives/zopiclone.tar.gz,zopiclone/alpha1/2026091902/pose_09/report.xml,8294,7d6cce1c522febd2154e3d2bc59ca3c4b8f59b24bad09bf550940a99d4eb3288
raw/archives/zopiclone.tar.gz,zopiclone/alpha1/2026091902/pose_manifest.json,5412,d88d3f74e3d15332da6eb904da84d956b22c609a3be0755cb1d7b55e3ff80021
raw/archives/zopiclone.tar.gz,zopiclone/alpha1/2026091902/poses.pdbqt,24984,16f3385938ae3d0e5bec05cf4365eae24ecbb7c0bef0f1469086e6662b18af0e
raw/archives/zopiclone.tar.gz,zopiclone/alpha1/2026091902/vina.log,2385,52cb729c06953308e11e1d242b26b84695cf9e164cf2edda5de9a9416354856f
raw/archives/zopiclone.tar.gz,zopiclone/alpha1/2026091903/docking.json,1530,65b3d8b511907253518de5d26d1c75d84a74f144885906d9704fcd1bf1305ff3
raw/archives/zopiclone.tar.gz,zopiclone/alpha1/2026091903/interactions.json,35148,7e915c1e50b48707ad8f941696ebc024d7a0d0cfb51872ffc3326f26e972a0db
raw/archives/zopiclone.tar.gz,zopiclone/alpha1/2026091903/plip.log,1881,ae259d906109830a0184ae69156a74de79b6a471630f9914106c72a7935c0e79
raw/archives/zopiclone.tar.gz,zopiclone/alpha1/2026091903/plip_done.json,29,bef149d6b4bcd0e8393fac45503362a862d45eadcceff434b3d9640f4b008ec4
raw/archives/zopiclone.tar.gz,zopiclone/alpha1/2026091903/pose_01/ligand.sdf,3810,a4b0464b770779a37c8be6409d4893515aa2d734403334d40e17fd5364a3ded0
raw/archives/zopiclone.tar.gz,zopiclone/alpha1/2026091903/pose_01/pose_status.json,570,cc8430c6707e4aba0e2941033cb0f6c012b9414c3d88ce715536ab16b2ce2b6a
raw/archives/zopiclone.tar.gz,zopiclone/alpha1/2026091903/pose_01/report.txt,5086,19660c3c354b5f367b1bd3068147e86cedc5e75d6a090463486ef82a968e960e
raw/archives/zopiclone.tar.gz,zopiclone/alpha1/2026091903/pose_01/report.xml,11721,020765f6706e6fc08d1c325e36795e25b11b9c5b53313e1c4ec0b920c8484792
raw/archives/zopiclone.tar.gz,zopiclone/alpha1/2026091903/pose_02/ligand.sdf,3810,72b40d5bc48f93ba4716d49c8ed8e1c2f90085889384699cb8f6c44377dbbab3
raw/archives/zopiclone.tar.gz,zopiclone/alpha1/2026091903/pose_02/pose_status.json,570,1a47e7f32b2f2c675929a706172f043bab12b1646850e268cadfbdc3b04b0834
raw/archives/zopiclone.tar.gz,zopiclone/alpha1/2026091903/pose_02/report.txt,2927,2399b26edc305c91246490c89bfe3e28ada4d1fa9023d27d206f4bb8b30c74e1
raw/archives/zopiclone.tar.gz,zopiclone/alpha1/2026091903/pose_02/report.xml,8736,68834cac545bbb4372fa505565548e7693ff55c2edd209bf702a13e680ede5e9
raw/archives/zopiclone.tar.gz,zopiclone/alpha1/2026091903/pose_03/ligand.sdf,3810,614fe5ff7e4e175cfda862213471777516552ea1166f49d7b1ed2fdc30a5bb7a
raw/archives/zopiclone.tar.gz,zopiclone/alpha1/2026091903/pose_03/pose_status.json,570,63f65d238b35190a0f023dd54cdf5228489969519b9db815e872864bd772385d
raw/archives/zopiclone.tar.gz,zopiclone/alpha1/2026091903/pose_03/report.txt,4286,6454384e2d250eb86e6bb02fc677e9edb8d8df6855aea5d28949aeb8db61fec6
raw/archives/zopiclone.tar.gz,zopiclone/alpha1/2026091903/pose_03/report.xml,9539,dfeb4f2e49e435654c7a5159ab1df8d1c84a83dd58befdd8f160733a3b47ec56
raw/archives/zopiclone.tar.gz,zopiclone/alpha1/2026091903/pose_04/ligand.sdf,3810,4d6b15d8cf3261b3a660ebfa98c93445926f767260757261f3e6168aa21f9802
raw/archives/zopiclone.tar.gz,zopiclone/alpha1/2026091903/pose_04/pose_status.json,570,ff3e41263447900b2b2c62905ac1bf1630bd622114c76f5c253e369900dffc6d
raw/archives/zopiclone.tar.gz,zopiclone/alpha1/2026091903/pose_04/report.txt,4738,bc76b0a6535f4054613d7e229f2735697df5bfe608e8f0cb22dacb4eefafb3dc
raw/archives/zopiclone.tar.gz,zopiclone/alpha1/2026091903/pose_04/report.xml,10591,ece3d4323499b28917168b146bc20b76446e97b9a82388571ab41c04e1ea6fc8
raw/archives/zopiclone.tar.gz,zopiclone/alpha1/2026091903/pose_05/ligand.sdf,3810,73c076487eff0b73e9d06a99230f07331877010ea3d55cb05cd830ffafcdb9c3
raw/archives/zopiclone.tar.gz,zopiclone/alpha1/2026091903/pose_05/pose_status.json,570,62c0603e3c66759fc0c32c6ea58c9733370efb41b7cb2605264a386eaffbea80
raw/archives/zopiclone.tar.gz,zopiclone/alpha1/2026091903/pose_05/report.txt,4072,8cba37619e30a09691e1d7d638f2271ab90fa33d08fbda022c745ab8b5574261
raw/archives/zopiclone.tar.gz,zopiclone/alpha1/2026091903/pose_05/report.xml,8964,4deecc49a60caef4845e675aced8973663931cce507684a13295c91c5bf6dcf7
raw/archives/zopiclone.tar.gz,zopiclone/alpha1/2026091903/pose_06/ligand.sdf,3810,be81bb5301a77b4c5343ebbfcd94b5fc97a3c52be719dbc7f1b1b4a682c1ad7f
raw/archives/zopiclone.tar.gz,zopiclone/alpha1/2026091903/pose_06/pose_status.json,570,7695aa000157b2b94e1d1689ca29d26b83465835ca16a2c311c8e3ad5e13e748
raw/archives/zopiclone.tar.gz,zopiclone/alpha1/2026091903/pose_06/report.txt,4367,78d32a2af1744d67e9765a76b68939e3ed6ab1e2f051e7f9a3d6828909eca635
raw/archives/zopiclone.tar.gz,zopiclone/alpha1/2026091903/pose_06/report.xml,10159,ec7d0616bf8023bed3fb32f18d25024ffe4da5bc94fb36faaaa0a760138cc3ab
raw/archives/zopiclone.tar.gz,zopiclone/alpha1/2026091903/pose_07/ligand.sdf,3810,c859923ae9357e1e6bc003d455818de8e97e50ba2f7a439e79b77b7121983bbd
raw/archives/zopiclone.tar.gz,zopiclone/alpha1/2026091903/pose_07/pose_status.json,570,9824ee3e7511a78d4b7b4e93eae71293100ea873106bff14c25fe66043bb9056
raw/archives/zopiclone.tar.gz,zopiclone/alpha1/2026091903/pose_07/report.txt,4617,d74eff3ca5c771093b66cfe99d5937c4eb74bc33f5dc28f5626549d05b159b3f
raw/archives/zopiclone.tar.gz,zopiclone/alpha1/2026091903/pose_07/report.xml,10549,1606f7f94c3b8e933449de8c0a592d82022610b42c32bb40d6c4b4c840ca99d6
raw/archives/zopiclone.tar.gz,zopiclone/alpha1/2026091903/pose_08/ligand.sdf,3810,26757dace03edd0aa2fbc8773525acb0cb3d92b92a915114b47cab9678362bd4
raw/archives/zopiclone.tar.gz,zopiclone/alpha1/2026091903/pose_08/pose_status.json,570,efd4e5c617f5908a14203e7d1044078db0ab1e6c12733a532b479fe5a6f97dc7
raw/archives/zopiclone.tar.gz,zopiclone/alpha1/2026091903/pose_08/report.txt,5086,ca2f586a5fbd8d6d2e3cd662aa6e8bb64782b139eb40f616c4af3ca346ff6059
raw/archives/zopiclone.tar.gz,zopiclone/alpha1/2026091903/pose_08/report.xml,10466,739bbfaa3af9f57beffddd1e0d16d592c8f9a9062ed74080b1160f05918167c6
raw/archives/zopiclone.tar.gz,zopiclone/alpha1/2026091903/pose_09/ligand.sdf,3810,15fddb75f4eeff3e2e508db4d83549be00a66ea74fbabbf053c856bd1262860e
raw/archives/zopiclone.tar.gz,zopiclone/alpha1/2026091903/pose_09/pose_status.json,570,b6f99c093d4d5ba2ddaaa3543376349c2c88e345da5958506ee27e41fdbffb65
raw/archives/zopiclone.tar.gz,zopiclone/alpha1/2026091903/pose_09/report.txt,4261,84cfa150ce38561f82067d0228a0a66634570918b71de2f6bcca5d7f3e93cda8
raw/archives/zopiclone.tar.gz,zopiclone/alpha1/2026091903/pose_09/report.xml,9171,2b9637aff9bf6d8c17192158826d36e6d2427bd5a11b62e566c162c0f3d63d70
raw/archives/zopiclone.tar.gz,zopiclone/alpha1/2026091903/pose_manifest.json,5412,a00781af261c2a029cc4c3df4a9643e6e4ab70bf33b867b640d3d6c15610d9e8
raw/archives/zopiclone.tar.gz,zopiclone/alpha1/2026091903/poses.pdbqt,24984,0565f5778366ae3b2497c9c3baddac1d53e5d264921a529aa68c42d8763c9520
raw/archives/zopiclone.tar.gz,zopiclone/alpha1/2026091903/vina.log,2385,e3ace8034dca23c44261baa1c60c908323fe185b57ab69b57900800ad369ffa8
raw/archives/zopiclone.tar.gz,zopiclone/alpha1/2026091904/docking.json,1530,8091a5bf0c8a31170b9bb712a568baa126fefb10c8db91eebd01ced6249b4547
raw/archives/zopiclone.tar.gz,zopiclone/alpha1/2026091904/interactions.json,31971,3406545f3dfc93fd6af18b9033684bdcb06dd9991cdfcf1d4401b5d70dd1c352
raw/archives/zopiclone.tar.gz,zopiclone/alpha1/2026091904/plip.log,1881,7410d0d69a7895f8da5d872be265a3deb6ec80b59726646f9c5952f99c537799
raw/archives/zopiclone.tar.gz,zopiclone/alpha1/2026091904/plip_done.json,29,bef149d6b4bcd0e8393fac45503362a862d45eadcceff434b3d9640f4b008ec4
raw/archives/zopiclone.tar.gz,zopiclone/alpha1/2026091904/pose_01/ligand.sdf,3810,6bf80822de4a0869655d97ae7a56e633ac816c6902aa254879f4ab07e21a83f7
raw/archives/zopiclone.tar.gz,zopiclone/alpha1/2026091904/pose_01/pose_status.json,570,4b14cf19bb28a61f66880c7a250b660b1e5967ee279bce8ad0bb169d8654b843
raw/archives/zopiclone.tar.gz,zopiclone/alpha1/2026091904/pose_01/report.txt,5086,cb5f1f568bb9a13930896d24d28c1b6d8a03fb8650136fe7762610a1dc2f3d37
raw/archives/zopiclone.tar.gz,zopiclone/alpha1/2026091904/pose_01/report.xml,11805,afcba2228803422597ae0c3f1634d7efd029e90503fe3d39a2f27857f42ddceb
raw/archives/zopiclone.tar.gz,zopiclone/alpha1/2026091904/pose_02/ligand.sdf,3810,fd413395c8e03d1a935e3bfaadbf92f2d384672e05caa5ab09d5965cc2306156
raw/archives/zopiclone.tar.gz,zopiclone/alpha1/2026091904/pose_02/pose_status.json,570,97e20865d1c5ca1f2a96992293131a61e98e4980d3dbe1573fc2721907e24bfc
raw/archives/zopiclone.tar.gz,zopiclone/alpha1/2026091904/pose_02/report.txt,2927,3bf4138e0794f0a3f7b3baed72c423f4424748587b5fc9d45110ba4dc4ee5244
raw/archives/zopiclone.tar.gz,zopiclone/alpha1/2026091904/pose_02/report.xml,8736,6d2ce84999c62bccec56277784605202759143868c2c88001915d3fa0a506b21
raw/archives/zopiclone.tar.gz,zopiclone/alpha1/2026091904/pose_03/ligand.sdf,3810,f3e0decaf85efb8ebe0532173ded69c8d5b0565668d44795eff92c0ad27f03c1
raw/archives/zopiclone.tar.gz,zopiclone/alpha1/2026091904/pose_03/pose_status.json,570,988b3be16b5aff95f133455cc64c865be8706848dcf6fd7be137ff5f96315a97
raw/archives/zopiclone.tar.gz,zopiclone/alpha1/2026091904/pose_03/report.txt,4286,6efc6aa968e758a4ed23fe8079c45e7b0abfac4f714fa3eab2e322691362c413
raw/archives/zopiclone.tar.gz,zopiclone/alpha1/2026091904/pose_03/report.xml,9539,94bc98d9870cc91d0210a66992012d0aeda8704651f1964391f96e1898e52dee
raw/archives/zopiclone.tar.gz,zopiclone/alpha1/2026091904/pose_04/ligand.sdf,3810,b9a2af0caa3df58bd6596bdf84f9068abab6c48e314f79b0440e9b520aee5bcd
raw/archives/zopiclone.tar.gz,zopiclone/alpha1/2026091904/pose_04/pose_status.json,570,06be4d6d6e9692727bf69114c24f6e29945e70d209123e15aa0aa754de24da3e
raw/archives/zopiclone.tar.gz,zopiclone/alpha1/2026091904/pose_04/report.txt,4405,6b05f6c03f1088d08cb784675c860715b62249b3c80ba3cf1d40b258cc395f1d
raw/archives/zopiclone.tar.gz,zopiclone/alpha1/2026091904/pose_04/report.xml,9612,3546e9aab691e75d48ced7e7956abaae90af8acb511a0ec04fe70da58e9fe9ec
raw/archives/zopiclone.tar.gz,zopiclone/alpha1/2026091904/pose_05/ligand.sdf,3810,e5bd70079ed2d1e054bca9d2efa48212a4532ee57fdb4f8315204749b6290119
raw/archives/zopiclone.tar.gz,zopiclone/alpha1/2026091904/pose_05/pose_status.json,570,e780c52ea8d8a5bd3981509ac1a72004cbf2a5c1ab1f9e39e4952f0dcffed1f5
raw/archives/zopiclone.tar.gz,zopiclone/alpha1/2026091904/pose_05/report.txt,4286,6f061c8c6ef97b2cbd978aef02d317f52232584eaea6eec28b32d349e0b2a5c5
raw/archives/zopiclone.tar.gz,zopiclone/alpha1/2026091904/pose_05/report.xml,9121,80e481af68491a634551860bab7ca9a54970f086d0032899e4d55514401e99f2
raw/archives/zopiclone.tar.gz,zopiclone/alpha1/2026091904/pose_06/ligand.sdf,3810,2f450b9f99c34817ccc1d899a265dab327c5d27a44a27ed08b72b6d863522c75
raw/archives/zopiclone.tar.gz,zopiclone/alpha1/2026091904/pose_06/pose_status.json,570,56ec5d0061a11f6d27da6a8696fed8bfe118944dc91b419066c558d99ff5d81a
raw/archives/zopiclone.tar.gz,zopiclone/alpha1/2026091904/pose_06/report.txt,5230,fa37e77669640e33759a5617b6315cb79d596a626dd605024eaa0fda7244b701
raw/archives/zopiclone.tar.gz,zopiclone/alpha1/2026091904/pose_06/report.xml,10840,c1846c9a6daee1810aca194b9c6fe2eec8e65a6c1e7c0c11c86d4f8ccdfc6e71
raw/archives/zopiclone.tar.gz,zopiclone/alpha1/2026091904/pose_07/ligand.sdf,3810,a573b7a146a3586f3213806f4d45a190897a644e57fb4212b972fa7570002b41
raw/archives/zopiclone.tar.gz,zopiclone/alpha1/2026091904/pose_07/pose_status.json,570,b500d4a26f99b4a7105f44f0f0b347b76e3651d11bb0112cbea9cca65b7d7f71
raw/archives/zopiclone.tar.gz,zopiclone/alpha1/2026091904/pose_07/report.txt,4753,b18d428ac7247812578b837abda50650b9207b88aa4c30f297400676a5f08fd4
raw/archives/zopiclone.tar.gz,zopiclone/alpha1/2026091904/pose_07/report.xml,9901,e6fcc38c45d066b2f86a6bf653609148c659f48026529c790d719c3f6a518601
raw/archives/zopiclone.tar.gz,zopiclone/alpha1/2026091904/pose_08/ligand.sdf,3810,73153cb403976e141f8fe528f24bcf34d48a926cf9365616b1b944c32fdd8f59
raw/archives/zopiclone.tar.gz,zopiclone/alpha1/2026091904/pose_08/pose_status.json,570,9a886f3723b352cca95c513e7a4b7629bb121d7be45ce918b0afd6980187b1c6
raw/archives/zopiclone.tar.gz,zopiclone/alpha1/2026091904/pose_08/report.txt,3809,b1790394d445a2397c60b4c7b73fc1d7601e23e4fd735fc75438f02b899ef2f0
raw/archives/zopiclone.tar.gz,zopiclone/alpha1/2026091904/pose_08/report.xml,8682,109f810f1fada369828c86f98de702f1d6d205798766356cba507e8439e4c55f
raw/archives/zopiclone.tar.gz,zopiclone/alpha1/2026091904/pose_09/ligand.sdf,3810,893b7e6d087e6e8463faee043927ae4f2740dab1c6789510b58a5b7823ad2ca0
raw/archives/zopiclone.tar.gz,zopiclone/alpha1/2026091904/pose_09/pose_status.json,570,4b1c200cf1c37f83257c3d998c7f65c381335d34479380a95b18ca917bc6cca7
raw/archives/zopiclone.tar.gz,zopiclone/alpha1/2026091904/pose_09/report.txt,3101,640e048a784b972190568357f35adfadf6bf2d0133a0dafa7ad1802e6410eb2f
raw/archives/zopiclone.tar.gz,zopiclone/alpha1/2026091904/pose_09/report.xml,8203,be5c4ca5b709994d27da15edb1a48d4985d539e5c4a4827acff04aa37f8587c7
raw/archives/zopiclone.tar.gz,zopiclone/alpha1/2026091904/pose_manifest.json,5412,33edb86fef520502d90ca0eda7fe64c844510042ed4c53108b1c9ead8ec96a5c
raw/archives/zopiclone.tar.gz,zopiclone/alpha1/2026091904/poses.pdbqt,24984,6120bd67f97099980f7d35fed41783e6302e7c04d1122e7ff2acf1b458d55891
raw/archives/zopiclone.tar.gz,zopiclone/alpha1/2026091904/vina.log,2385,816ec8f688fc4045e3df07bbfa8c7d5fa1a8adf43d23129d0c8b2f700965bf48
raw/archives/zopiclone.tar.gz,zopiclone/alpha1/2026091905/docking.json,1530,3698764d4a711522f0bf8980076c41b73493696c591b3eb8c51301d7081fcc9e
raw/archives/zopiclone.tar.gz,zopiclone/alpha1/2026091905/interactions.json,34959,3ef6569471b5381027b3705db742b5fd11f47ea0ed645d6575d92cb2c80dd1cf
raw/archives/zopiclone.tar.gz,zopiclone/alpha1/2026091905/plip.log,1881,4b7142eb19b6a3820a77059933d92eee90efd155d388c6152a43bf4b9548c3a4
raw/archives/zopiclone.tar.gz,zopiclone/alpha1/2026091905/plip_done.json,29,bef149d6b4bcd0e8393fac45503362a862d45eadcceff434b3d9640f4b008ec4
raw/archives/zopiclone.tar.gz,zopiclone/alpha1/2026091905/pose_01/ligand.sdf,3810,51363762fbbb826f615419dbda1b743817a6d5d5f774389aff0c5b0085a54931
raw/archives/zopiclone.tar.gz,zopiclone/alpha1/2026091905/pose_01/pose_status.json,570,d686381fbe2601561234ea29a5e4a431b2ba23f95f5f8860960779b0d1884f28
raw/archives/zopiclone.tar.gz,zopiclone/alpha1/2026091905/pose_01/report.txt,5086,a81319db047b509f093b5d7b3f29a064040766d8f0640defce5d61e476cb8109
raw/archives/zopiclone.tar.gz,zopiclone/alpha1/2026091905/pose_01/report.xml,11722,86cbc8eed01716f47b1972fa8a0636e96947defb5ba62c26f76e0d02b16f15ab
raw/archives/zopiclone.tar.gz,zopiclone/alpha1/2026091905/pose_02/ligand.sdf,3810,d90bbdf5bdf12e8541c3fbedb1d539f1c600a24d2611f8d5440ac15651712be6
raw/archives/zopiclone.tar.gz,zopiclone/alpha1/2026091905/pose_02/pose_status.json,570,7e3b07b0ed0cbfa538eeabfc6bc09ba37b7873554c557e850432cf025f72d07f
raw/archives/zopiclone.tar.gz,zopiclone/alpha1/2026091905/pose_02/report.txt,2927,196b221bd98d8a914b8b1c093b149aba665d5d0762a9f22658be22760b7fac3c
raw/archives/zopiclone.tar.gz,zopiclone/alpha1/2026091905/pose_02/report.xml,8736,b3f5c548d03de7d0235221edf66110e3825c00d68ab649d60103adbce67ab593
raw/archives/zopiclone.tar.gz,zopiclone/alpha1/2026091905/pose_03/ligand.sdf,3810,4ed94fc220922d4290e14ede3d5660eb72472e7d24f7c85561ec403b80d4d3ee
raw/archives/zopiclone.tar.gz,zopiclone/alpha1/2026091905/pose_03/pose_status.json,570,f1d646ce41d26f01589326770a26cac4fb3a18f57662251412dcdc0965e145f9
raw/archives/zopiclone.tar.gz,zopiclone/alpha1/2026091905/pose_03/report.txt,4072,cc62b23cfc3c2a0e1107dbfa853e182b1e07c11fa6904a2211b64684fb9ca4c8
raw/archives/zopiclone.tar.gz,zopiclone/alpha1/2026091905/pose_03/report.xml,9380,e79320ff3d1bd200eaae0e3a42b13530d351e074f0eb2b771802ee8ada6818f3
raw/archives/zopiclone.tar.gz,zopiclone/alpha1/2026091905/pose_04/ligand.sdf,3810,4e56b4c2fa9fdfd5e095aed507720b11eee89f7ae10f5f27a71b27fa3e8507c0
raw/archives/zopiclone.tar.gz,zopiclone/alpha1/2026091905/pose_04/pose_status.json,570,d6bdf67ea8930dd21bf4b659b59dcd918060af7109e57a10a25fcabb689ecd96
raw/archives/zopiclone.tar.gz,zopiclone/alpha1/2026091905/pose_04/report.txt,4286,a51e66dffff19c7c161b9cb462f8a7e29eda939f9d9b164bfcf12d6632789fb1
raw/archives/zopiclone.tar.gz,zopiclone/alpha1/2026091905/pose_04/report.xml,9539,2ece6e0bdd45cbdbde1a44f9fc9ccf15e60cd670d2f1e9cd6b3d9c5c0cb9e1a1
raw/archives/zopiclone.tar.gz,zopiclone/alpha1/2026091905/pose_05/ligand.sdf,3810,1a4efe0dd8a50c874db25a1f027b81c98ebc8c86d859b528351c9f4dc00a2eb5
raw/archives/zopiclone.tar.gz,zopiclone/alpha1/2026091905/pose_05/pose_status.json,570,12c94545e5ec9e029956876ed68b6631ace4cff506e4e7bae59f405230f8cf4a
raw/archives/zopiclone.tar.gz,zopiclone/alpha1/2026091905/pose_05/report.txt,4700,500710554e6f2bf8c68d2adaa24b78ecb0cd134aa78ff11a30a46f354a834b58
raw/archives/zopiclone.tar.gz,zopiclone/alpha1/2026091905/pose_05/report.xml,11148,06bd53af3246de28b22ea7021ca1b67dada57370343b650a2f0db18c35c1703e
raw/archives/zopiclone.tar.gz,zopiclone/alpha1/2026091905/pose_06/ligand.sdf,3810,5b5c03562eea5dc41cfad47bb5c3897c23fcd53e9582f9e5803e773f5dd8ad94
raw/archives/zopiclone.tar.gz,zopiclone/alpha1/2026091905/pose_06/pose_status.json,570,82745dee59be375c86d79b1b26c8652fc69cfac73030860d5678af5de69d0285
raw/archives/zopiclone.tar.gz,zopiclone/alpha1/2026091905/pose_06/report.txt,5230,39e097afc5acf1a362e761834283ee3e55eadcd2e8c0be71b248ea2d28728f32
raw/archives/zopiclone.tar.gz,zopiclone/alpha1/2026091905/pose_06/report.xml,10839,cd4c65d0154ab2fdbc17b86a256dd11a1d212def74f57586faf951a747c13e50
raw/archives/zopiclone.tar.gz,zopiclone/alpha1/2026091905/pose_07/ligand.sdf,3810,dae9e1eaffa7d331b0947dcbf14a8a33a53fd2bfe503fe26d07e19de118100bd
raw/archives/zopiclone.tar.gz,zopiclone/alpha1/2026091905/pose_07/pose_status.json,570,70107cd8c2f442385cf33a8e15c3708b469ad9dbc3f138195906aae167efa5dc
raw/archives/zopiclone.tar.gz,zopiclone/alpha1/2026091905/pose_07/report.txt,4405,0cafcfdad409d6873b8e3356af3009dd04ec7cad717169a9e2efee33bec3b998
raw/archives/zopiclone.tar.gz,zopiclone/alpha1/2026091905/pose_07/report.xml,9612,e61025e679f79c54ffce7364250e7d468cc3ab763ae472181ce41b33137366cb
raw/archives/zopiclone.tar.gz,zopiclone/alpha1/2026091905/pose_08/ligand.sdf,3810,2d1be627572e9ca17b811bc7411b294fb4e9f2fc35e691a32770d6c774069861
raw/archives/zopiclone.tar.gz,zopiclone/alpha1/2026091905/pose_08/pose_status.json,570,d905574138e4a2c68c286fd51f3c4696d68b053ba9e995ab13b7c9d5d8d51562
raw/archives/zopiclone.tar.gz,zopiclone/alpha1/2026091905/pose_08/report.txt,4286,d35819f33e43bc3719dbe48eac4fa2c4b7bff6d0f36631ed4aa75fab8339b7fe
raw/archives/zopiclone.tar.gz,zopiclone/alpha1/2026091905/pose_08/report.xml,9121,3715f4f7db581ca52799b514502afcb9478f31b63dddcf1803ad0766be886692
raw/archives/zopiclone.tar.gz,zopiclone/alpha1/2026091905/pose_09/ligand.sdf,3810,5c49d8fced0a1ce56488c4f31e48537cab7dd4f54bffed12d64a7ea7dca22bbe
raw/archives/zopiclone.tar.gz,zopiclone/alpha1/2026091905/pose_09/pose_status.json,570,06fd3a3b5e5ed731ea5c7e20bf5cb2924b80ec1cb92c5d3bb0e2f2648f3093a1
raw/archives/zopiclone.tar.gz,zopiclone/alpha1/2026091905/pose_09/report.txt,5377,79cc21e0ceb7fc384491ba897c12659403c12af16e4ddf17464e37a4612bad59
raw/archives/zopiclone.tar.gz,zopiclone/alpha1/2026091905/pose_09/report.xml,10474,5c07a68eb7b64b99a2541b696e97b5b32548ccd4a532af851ff6ffc632c93e11
raw/archives/zopiclone.tar.gz,zopiclone/alpha1/2026091905/pose_manifest.json,5412,44e0ef0ae0fdc15a7cf1723f6d3edbcac54c05f69f5904345cb9336eb45c797a
raw/archives/zopiclone.tar.gz,zopiclone/alpha1/2026091905/poses.pdbqt,24984,e0737d362291acaa6a12414b2169b6e110e2a96e9a98894bc3222a6b8bb9e044
raw/archives/zopiclone.tar.gz,zopiclone/alpha1/2026091905/vina.log,2385,590275d8190ec68405bce5c4db9cd3061cd14098045f49b0ac48163642539031
raw/archives/zopiclone.tar.gz,zopiclone/alpha2/2026091901/docking.json,1528,2bf6e2d4e829982abb0223a91b5606672b81b9abf498f9d2430b1e04b516a650
raw/archives/zopiclone.tar.gz,zopiclone/alpha2/2026091901/interactions.json,13857,de82f2c1355fd62e8dbd91014d50d57d858528a49d5c02942e3fdd08a9e890b3
raw/archives/zopiclone.tar.gz,zopiclone/alpha2/2026091901/plip.log,1881,3be91284e28e5aa87001ad2c9e2755b56d328d640f82588bbc0f6f7324b0aa68
raw/archives/zopiclone.tar.gz,zopiclone/alpha2/2026091901/plip_done.json,29,bef149d6b4bcd0e8393fac45503362a862d45eadcceff434b3d9640f4b008ec4
raw/archives/zopiclone.tar.gz,zopiclone/alpha2/2026091901/pose_01/ligand.sdf,3810,dc8387ea4ea5e029edaa84ccedb74198d67a1fbe256657a247971ca428454b65
raw/archives/zopiclone.tar.gz,zopiclone/alpha2/2026091901/pose_01/pose_status.json,570,943740a8542df5602356f4f73d619521c02c5e35864b4ba74c10890fc0a11c0e
raw/archives/zopiclone.tar.gz,zopiclone/alpha2/2026091901/pose_01/report.txt,1399,3596f0e47b497ad6192fb6bac4352ee35e1c31c488e162d9ebf33016cb9041cc
raw/archives/zopiclone.tar.gz,zopiclone/alpha2/2026091901/pose_01/report.xml,6163,08ed424f09439b07ef5ad2484637fd407f9549da9c5eb099aad266bde31e6035
raw/archives/zopiclone.tar.gz,zopiclone/alpha2/2026091901/pose_02/ligand.sdf,3810,d17cf818edc3fe52ffe26667f8196980f9faed3544222ce9a6a413b0f67611c9
raw/archives/zopiclone.tar.gz,zopiclone/alpha2/2026091901/pose_02/pose_status.json,570,6b7529bd91309b7e481c90e93188a3a29867d5fb04046b5e36abd5d794386e8a
raw/archives/zopiclone.tar.gz,zopiclone/alpha2/2026091901/pose_02/report.txt,4141,2fefe09bc611d37466ceece584780f1b0d815b080ccde2a181996cf80ed1b516
raw/archives/zopiclone.tar.gz,zopiclone/alpha2/2026091901/pose_02/report.xml,9824,49333cc0c3569400748531fc0dee748efa64a055e0b54ba5a6f25d5c3f275847
raw/archives/zopiclone.tar.gz,zopiclone/alpha2/2026091901/pose_03/ligand.sdf,3810,a3ef522b15478ea6cf71651b8cfeb754aeabc4b29213a79354cd8f713a4c02e2
raw/archives/zopiclone.tar.gz,zopiclone/alpha2/2026091901/pose_03/pose_status.json,570,fbf710080cf6418afdcdfe3d1685963d0e3f5b72933961d043a00cd3125b6eca
raw/archives/zopiclone.tar.gz,zopiclone/alpha2/2026091901/pose_03/report.txt,1507,9016c5fbdc55d38134c04eb6720d51ca8125962a3dbd7c10c1325338c8c9d0d8
raw/archives/zopiclone.tar.gz,zopiclone/alpha2/2026091901/pose_03/report.xml,6495,b01b641880ac34e7c4af320fd2a67a86758cbdb04ea7463ad51263fd702196ce
raw/archives/zopiclone.tar.gz,zopiclone/alpha2/2026091901/pose_04/ligand.sdf,3810,b0fbd4443cb5727cc931f16de0ba7965180a428d2483a02094b1d70e463bfa63
raw/archives/zopiclone.tar.gz,zopiclone/alpha2/2026091901/pose_04/pose_status.json,570,3ed9537f35548172593039d72c8579acbf08abee3c5383df4d072c34d793c542
raw/archives/zopiclone.tar.gz,zopiclone/alpha2/2026091901/pose_04/report.txt,2696,241830dc16c066fef0bb95f313b20ca63a87efc96a28e9b7c2999114a809faee
raw/archives/zopiclone.tar.gz,zopiclone/alpha2/2026091901/pose_04/report.xml,8042,651537781d059513f07b1b75b71ff18afa1eb6c78d8eacd1aa5be391d01fab25
raw/archives/zopiclone.tar.gz,zopiclone/alpha2/2026091901/pose_05/ligand.sdf,3810,51ac0784c57434320d59e2c9380e021fee5d3b3c1981761d49223600f2b86afd
raw/archives/zopiclone.tar.gz,zopiclone/alpha2/2026091901/pose_05/pose_status.json,570,b893488f68b4c8ed1aeeb6a4e6ed78c1adff1cb8284e2866b5e7255f9c010ab8
raw/archives/zopiclone.tar.gz,zopiclone/alpha2/2026091901/pose_05/report.txt,2540,1ee4b28965e034cd662436e64227531732ae28fbc8de32a8cecb2882f7934e35
raw/archives/zopiclone.tar.gz,zopiclone/alpha2/2026091901/pose_05/report.xml,7335,0d408b01475cef9a1c2ea4f006c7af6802c96e126dd22d4c51e6b8fbca95acc8
raw/archives/zopiclone.tar.gz,zopiclone/alpha2/2026091901/pose_06/ligand.sdf,3810,e81cc5c3d2440439c12264b988f410540e211445874c5b7cee82e39be4ffd5bb
raw/archives/zopiclone.tar.gz,zopiclone/alpha2/2026091901/pose_06/pose_status.json,570,b180430772ebe9d5f187df643f8ebe58e6e8781c01a131dfe7be9b48fcba0436
raw/archives/zopiclone.tar.gz,zopiclone/alpha2/2026091901/pose_06/report.txt,1404,d26ab8adc3bd25496faa25202874ccfda488a07e474f713eaf99184afe185dec
raw/archives/zopiclone.tar.gz,zopiclone/alpha2/2026091901/pose_06/report.xml,6246,d0cac6f0dd2adaa8da346642a61e6a81b0ad253b361530f30402517ccf8a8ff7
raw/archives/zopiclone.tar.gz,zopiclone/alpha2/2026091901/pose_07/ligand.sdf,3810,de3749c6587a7b3dc9720e4bb88562a8c214563cfd882147e3e979bdf7e8b6a0
raw/archives/zopiclone.tar.gz,zopiclone/alpha2/2026091901/pose_07/pose_status.json,570,fb05a847c32995646fddb58ba39d5ca15034ad0eaf373a1979393e67c4938acf
raw/archives/zopiclone.tar.gz,zopiclone/alpha2/2026091901/pose_07/report.txt,3540,861312398ecd008c145ee8c9fbe98dcf33a955efa71b98bfceabad81701597f2
raw/archives/zopiclone.tar.gz,zopiclone/alpha2/2026091901/pose_07/report.xml,8342,440ef9f48c07ac2db4d02a35be59098d272743677e6f9950845346519e0d5e31
raw/archives/zopiclone.tar.gz,zopiclone/alpha2/2026091901/pose_08/ligand.sdf,3810,7dbdad64c6d20abe1d8d5b367070601901ab01255609d46df741b78bac3fa8b3
raw/archives/zopiclone.tar.gz,zopiclone/alpha2/2026091901/pose_08/pose_status.json,570,f90ab5da018dac5777e57aa3421b4e8ba43b176fa8b7dc7629b4af63b4891ccb
raw/archives/zopiclone.tar.gz,zopiclone/alpha2/2026091901/pose_08/report.txt,1728,827abd9ffefd83bef7a823bbe60536a17c70f0b4c07c0486f02e0564512f5fa3
raw/archives/zopiclone.tar.gz,zopiclone/alpha2/2026091901/pose_08/report.xml,6637,96e9781ecfb1998f13860b1da765871081f7e541fe48fb236498311bd4a922bf
raw/archives/zopiclone.tar.gz,zopiclone/alpha2/2026091901/pose_09/ligand.sdf,3810,0891c12978922b26bd65627357f5e1364e0a6f8962694264537a5856f6009d30
raw/archives/zopiclone.tar.gz,zopiclone/alpha2/2026091901/pose_09/pose_status.json,570,32cf0f0046ad258715d9e31627c4bf748e0b30224111a68584712c74665f9546
raw/archives/zopiclone.tar.gz,zopiclone/alpha2/2026091901/pose_09/report.txt,1404,75611ec6c2cc0a1c58ff3ab31ea04582c8201b8f0d45d37ed49579f83e6c215c
raw/archives/zopiclone.tar.gz,zopiclone/alpha2/2026091901/pose_09/report.xml,6162,e5c159741485abd1920780311d7c158cc32df8518273398d9dd5248e675c3238
raw/archives/zopiclone.tar.gz,zopiclone/alpha2/2026091901/pose_manifest.json,5412,dbd10f7e6bdad849e4d3ac4ebc0608daaedda5d7e4841b218d08817f576282bd
raw/archives/zopiclone.tar.gz,zopiclone/alpha2/2026091901/poses.pdbqt,24984,efabf23258d4c1fe37fc69a7a6653b8a2b9fbbfdad079141d03f81f65c164b49
raw/archives/zopiclone.tar.gz,zopiclone/alpha2/2026091901/vina.log,2385,c3e556c01f95eee4ec798842f204485c79d98a6b0299938806c6091c5789af18
raw/archives/zopiclone.tar.gz,zopiclone/alpha2/2026091902/docking.json,1528,644014893492b873e94a12e8904e3c32e5235f0bb0423d10c3abe3f2766c5915
raw/archives/zopiclone.tar.gz,zopiclone/alpha2/2026091902/interactions.json,18659,59d7d6876ad3626de7f7b9cc6ee4798ceda154d7693b77f76d25aaa3b3222c18
raw/archives/zopiclone.tar.gz,zopiclone/alpha2/2026091902/plip.log,1881,d10c1e94de290c907d44268dd2021800641e3be289a90497aba7189c401c6534
raw/archives/zopiclone.tar.gz,zopiclone/alpha2/2026091902/plip_done.json,29,bef149d6b4bcd0e8393fac45503362a862d45eadcceff434b3d9640f4b008ec4
raw/archives/zopiclone.tar.gz,zopiclone/alpha2/2026091902/pose_01/ligand.sdf,3810,1c4c6c84ee2992d4d62205feff5828b6d284e801251db85dc9fb190365267243
raw/archives/zopiclone.tar.gz,zopiclone/alpha2/2026091902/pose_01/pose_status.json,570,7f3219b5a97a70cdc97b83d4da0be1802c4923b15c0d081cc40f18f8627aa4c2
raw/archives/zopiclone.tar.gz,zopiclone/alpha2/2026091902/pose_01/report.txt,5704,9451a904f5cb7a04a0da33815be537a69ce7ba40f820501749ed0404998a4e2a
raw/archives/zopiclone.tar.gz,zopiclone/alpha2/2026091902/pose_01/report.xml,11432,c5315d7ab7a2986b8994cac918a03458079e26f70f53a8688a54c13fa67732a2
raw/archives/zopiclone.tar.gz,zopiclone/alpha2/2026091902/pose_02/ligand.sdf,3810,2f0a321cc7945cdc9620d40f35c3e5ab67925d815834c35ce49a5184f075dfbd
raw/archives/zopiclone.tar.gz,zopiclone/alpha2/2026091902/pose_02/pose_status.json,570,bff36f085c98b649ed7ed138df876c9b974039a7973e2ac9b02fbad12a4a9025
raw/archives/zopiclone.tar.gz,zopiclone/alpha2/2026091902/pose_02/report.txt,1399,6f79b0edabbf92f8c9f9466beddfa852e48e5bef9eb6d6ade1ebef11ffe860ad
raw/archives/zopiclone.tar.gz,zopiclone/alpha2/2026091902/pose_02/report.xml,6163,0ea0adea0e5660875da1eeb33f4e951d1fd6e564b942efe4d21d37c16951fe97
raw/archives/zopiclone.tar.gz,zopiclone/alpha2/2026091902/pose_03/ligand.sdf,3810,373df78de157745ee9948877d2f9a109b49693576ceef807aaabb8e07d4d95c9
raw/archives/zopiclone.tar.gz,zopiclone/alpha2/2026091902/pose_03/pose_status.json,570,b58cea8856aad0cc728170d31f8e317be5127219bbb0b946dd1074f8d31aa6fc
raw/archives/zopiclone.tar.gz,zopiclone/alpha2/2026091902/pose_03/report.txt,4470,d019122269d8d4da7c9b61cb6b2c498bca9195aa9471a041403a34361c2244bc
raw/archives/zopiclone.tar.gz,zopiclone/alpha2/2026091902/pose_03/report.xml,10469,54adca6fa33958d8c69a0d7b64cd38d92466e75f6e0df27ff035140c4e739c15
raw/archives/zopiclone.tar.gz,zopiclone/alpha2/2026091902/pose_04/ligand.sdf,3810,cca0d1ed6e1fe1b3fb79e4522f003a10825a817729fe2f19b79cb7c70e814be2
raw/archives/zopiclone.tar.gz,zopiclone/alpha2/2026091902/pose_04/pose_status.json,570,c91d303213d74bf258dc885f8ec6b79724544b12cd4417b596076c67759a88c7
raw/archives/zopiclone.tar.gz,zopiclone/alpha2/2026091902/pose_04/report.txt,1507,f5c1a8a62cd071d746a05cdad751d7e642c6e9b0a81935deebf192b3907757ab
raw/archives/zopiclone.tar.gz,zopiclone/alpha2/2026091902/pose_04/report.xml,6495,4bbb4d105ab6330c52d2b04587be8e003720630175cff7b15280f5ce6bb8d13f
raw/archives/zopiclone.tar.gz,zopiclone/alpha2/2026091902/pose_05/ligand.sdf,3810,37f3243565dd741e687dfe6b98e30a976fa16fe56f2dce23cb1f87177d69980c
raw/archives/zopiclone.tar.gz,zopiclone/alpha2/2026091902/pose_05/pose_status.json,570,2f88e26b9b5a4583a2598e9386fc6513232fd14e6fd6618be3eb0cf0024e3bd4
raw/archives/zopiclone.tar.gz,zopiclone/alpha2/2026091902/pose_05/report.txt,3841,93e8b53f5c1df382b346e894b307c05a1871150e1ccbe9265cfa5454a0231ec8
raw/archives/zopiclone.tar.gz,zopiclone/alpha2/2026091902/pose_05/report.xml,9175,941518b2109e0bb125c3cae23ce99c07b3edf6ef9b3ac0d478dfc3549c031fdc
raw/archives/zopiclone.tar.gz,zopiclone/alpha2/2026091902/pose_06/ligand.sdf,3810,e4107ff3fb90952593cab8a1df24f7dc534e797f50f6f0d9d91c20b6c0cd6920
raw/archives/zopiclone.tar.gz,zopiclone/alpha2/2026091902/pose_06/pose_status.json,570,16e64043013416667bd8c43be520fe9fe456a95746f8dcfe989f16c3546f642a
raw/archives/zopiclone.tar.gz,zopiclone/alpha2/2026091902/pose_06/report.txt,1399,917acc7db4f0a73936451821e19a2b3dcef9f14d93a7051dce99487a77568b34
raw/archives/zopiclone.tar.gz,zopiclone/alpha2/2026091902/pose_06/report.xml,6247,7ac8b3629dc7d8ca5e5c0078bf70ba161f4c07c822b07d8c46913f52d81c7455
raw/archives/zopiclone.tar.gz,zopiclone/alpha2/2026091902/pose_07/ligand.sdf,3810,7a42156724b21f275a6fe521c98068794838c9fbc5991a74b6df9749eb5a9fcc
raw/archives/zopiclone.tar.gz,zopiclone/alpha2/2026091902/pose_07/pose_status.json,570,fc1e0ca1ca9bbcdcbe0f49b30c0d969fcce0e6bbb0110750fd53df807dd3118b
raw/archives/zopiclone.tar.gz,zopiclone/alpha2/2026091902/pose_07/report.txt,1404,29ee55377573e62d33e0400ca3dbfb516cbe412932524d9910b7e2906fcc1ef5
raw/archives/zopiclone.tar.gz,zopiclone/alpha2/2026091902/pose_07/report.xml,6162,e659a7aed39cd2c70f2191f330191eab680cf97463cb1f249b046250f420e18b
raw/archives/zopiclone.tar.gz,zopiclone/alpha2/2026091902/pose_08/ligand.sdf,3810,c22ef2c0bc313117299e2d15ac4849013f9f675fadefb17320f215362a03641e
raw/archives/zopiclone.tar.gz,zopiclone/alpha2/2026091902/pose_08/pose_status.json,570,df1026eed973d9631d62df67f4dc090b363fe1ae9b6fb57f72802fad3c97ec4a
raw/archives/zopiclone.tar.gz,zopiclone/alpha2/2026091902/pose_08/report.txt,3540,ad3aa8d45abf6f3ba2f719426c1de383539ef9011a41e251475cf4b110a0e7f6
raw/archives/zopiclone.tar.gz,zopiclone/alpha2/2026091902/pose_08/report.xml,8342,0d47ff7d4eb9526e6ebde0096f14f5f167dc811b32b7e2b735006d9884ecd7c9
raw/archives/zopiclone.tar.gz,zopiclone/alpha2/2026091902/pose_09/ligand.sdf,3810,bc0db535ae00d543ee13c067f713e530a16cf380beb9b83dfbb657efa2060a5d
raw/archives/zopiclone.tar.gz,zopiclone/alpha2/2026091902/pose_09/pose_status.json,570,380f4862e94a2e4bbdf28a5b7f465696cf2ed155968c64ccd83bfdfd02b4ae0b
raw/archives/zopiclone.tar.gz,zopiclone/alpha2/2026091902/pose_09/report.txt,1728,2c5a8fd52f25d5cdd82e42615fb86428081782c21c40af32e2d462be2a6d4dac
raw/archives/zopiclone.tar.gz,zopiclone/alpha2/2026091902/pose_09/report.xml,6637,6b263652f53310b23f4109755ea67d69347e258953b64168f5de143a530479b3
raw/archives/zopiclone.tar.gz,zopiclone/alpha2/2026091902/pose_manifest.json,5412,cf588dbc0fd7691128d0b4454b2ae2d59caac89280f3efe0791a007903d9a8b2
raw/archives/zopiclone.tar.gz,zopiclone/alpha2/2026091902/poses.pdbqt,24984,74c31df1744a72d7101be39402567253091bfbbe643218a93d2178ff3a8d2b71
raw/archives/zopiclone.tar.gz,zopiclone/alpha2/2026091902/vina.log,2385,2b01ace0e94306b9442aa9d639fa0a0d73c1d2a08387009dc9bc15948a7be7a6
raw/archives/zopiclone.tar.gz,zopiclone/alpha2/2026091903/docking.json,1528,cf8a099b2efda12083e161a360fa29d99e22bc3a1d4bc0e404cfe887762238de
raw/archives/zopiclone.tar.gz,zopiclone/alpha2/2026091903/interactions.json,17204,22c58c9bd4455dde7873057a5328f7d90d44e846e0cf03dd34bbb36241f8ccf5
raw/archives/zopiclone.tar.gz,zopiclone/alpha2/2026091903/plip.log,1881,d9db58ddf15fce17457f850331bd66abbed5816e9b22e16afbce6cd4dc1e4693
raw/archives/zopiclone.tar.gz,zopiclone/alpha2/2026091903/plip_done.json,29,bef149d6b4bcd0e8393fac45503362a862d45eadcceff434b3d9640f4b008ec4
raw/archives/zopiclone.tar.gz,zopiclone/alpha2/2026091903/pose_01/ligand.sdf,3810,be2c99cb2cf5f115dc1fc7ddb810c0c09fef26a3886920a6e9116c721a5ca8b5
raw/archives/zopiclone.tar.gz,zopiclone/alpha2/2026091903/pose_01/pose_status.json,570,5554bb29b0b76370b8ac71f486e1308240cc4842146fafe10a33b10e752eb334
raw/archives/zopiclone.tar.gz,zopiclone/alpha2/2026091903/pose_01/report.txt,5704,57631bccbf87dbd0c25fe3358b7f86337d163634bd09d27c4f3c7c3ec5812ded
raw/archives/zopiclone.tar.gz,zopiclone/alpha2/2026091903/pose_01/report.xml,11432,a7386a25620b5c4a8d8d7ed2ec67ffe2e73a9529004dab802d52e0333d191cde
raw/archives/zopiclone.tar.gz,zopiclone/alpha2/2026091903/pose_02/ligand.sdf,3810,09164531464c3b4843ebabcbacb5ee3dbc3eb74f756d4e6d80a0781bb61d7cab
raw/archives/zopiclone.tar.gz,zopiclone/alpha2/2026091903/pose_02/pose_status.json,570,ff2da3682e272d2f5016cef7f107f8ff5b5e7426a49c5d3050bcfb1d53792969
raw/archives/zopiclone.tar.gz,zopiclone/alpha2/2026091903/pose_02/report.txt,1399,976077a4a8463cdd692daf2ca63fdfee475ccb720d2bedab51b70f91ac9396e2
raw/archives/zopiclone.tar.gz,zopiclone/alpha2/2026091903/pose_02/report.xml,6163,21a6dc151a297fc9289c175c5870079b3ee83d2e1022d6cbc23b4b7f8b63bed3
raw/archives/zopiclone.tar.gz,zopiclone/alpha2/2026091903/pose_03/ligand.sdf,3810,e0b72902ce96f1fe1cf081982e63a5697c8a384eca36e67709aba1d27168a085
raw/archives/zopiclone.tar.gz,zopiclone/alpha2/2026091903/pose_03/pose_status.json,570,cd39a0cc2d8faf47856b7ece45e4bb383f9b4e412035f2ec99064606cc5fc4e5
raw/archives/zopiclone.tar.gz,zopiclone/alpha2/2026091903/pose_03/report.txt,4470,2a75bdc44c95c1711652dda2a0d7f1d73c10299300d8e4f8c0490ec185fd6528
raw/archives/zopiclone.tar.gz,zopiclone/alpha2/2026091903/pose_03/report.xml,10469,1dedd96e4d8f0bea2a0bab1af9e742ec59a4ba1e34c8e53d71eafb08738769de
raw/archives/zopiclone.tar.gz,zopiclone/alpha2/2026091903/pose_04/ligand.sdf,3810,e333cb4d1ae4c5e27e4daa730eaa986da4c536a5566a3d0002b4dad3ec1cb9fd
raw/archives/zopiclone.tar.gz,zopiclone/alpha2/2026091903/pose_04/pose_status.json,570,61bc198d3abbfee42c1c3536c9dc9946b104ead9881f5c03b4d3a21292e8d362
raw/archives/zopiclone.tar.gz,zopiclone/alpha2/2026091903/pose_04/report.txt,1507,f034897ec571e2c618d45010650dddf0553676e8cc0fc92f6e57538f119cecc8
raw/archives/zopiclone.tar.gz,zopiclone/alpha2/2026091903/pose_04/report.xml,6495,301d27da4109a0eb619e8ec5e3ad01e0474a85b27cdc55b6ddd936b44660ce81
raw/archives/zopiclone.tar.gz,zopiclone/alpha2/2026091903/pose_05/ligand.sdf,3810,e1adaf415241996c8d50f7d57f1d357ce1158c1adf908fe1841d0de2019ec236
raw/archives/zopiclone.tar.gz,zopiclone/alpha2/2026091903/pose_05/pose_status.json,570,eac681d3688368d90ba206221208c64af7281ddcf10541bca04c034e924b952d
raw/archives/zopiclone.tar.gz,zopiclone/alpha2/2026091903/pose_05/report.txt,1399,4f4560707305e41821a7b71e832c409ba0c9356ea1323df698f0269289b7f295
raw/archives/zopiclone.tar.gz,zopiclone/alpha2/2026091903/pose_05/report.xml,6163,b0a3992fe01e01a6a64d9e9f57aa7c8c3adbd9dfff017716cd5dd581ef1eb307
raw/archives/zopiclone.tar.gz,zopiclone/alpha2/2026091903/pose_06/ligand.sdf,3810,9e12557c3896b1d554cceb6c0bcbe23d89ca701c4c37ad86459e50590c114216
raw/archives/zopiclone.tar.gz,zopiclone/alpha2/2026091903/pose_06/pose_status.json,570,c607248162a894918212ef4e2753d32471a6dad1697626682141f431ee84525d
raw/archives/zopiclone.tar.gz,zopiclone/alpha2/2026091903/pose_06/report.txt,3540,8f09ef5bbb8d182b7d25b549a0296e303ac5fd9e82039439480c7314f9701f28
raw/archives/zopiclone.tar.gz,zopiclone/alpha2/2026091903/pose_06/report.xml,8342,f1e0f41656701b900806079ea6d8d983284abdd6934e386c8aa66c5d7e062ff3
raw/archives/zopiclone.tar.gz,zopiclone/alpha2/2026091903/pose_07/ligand.sdf,3810,c1dcf1bd3396ea1d715d4389e4c98fcd5ef220648a185323e612ed55d8ad82e1
raw/archives/zopiclone.tar.gz,zopiclone/alpha2/2026091903/pose_07/pose_status.json,570,c02c85ca411ae52de19ae68ce46a95b0c33c43768b6910cc9dff00c6beaee753
raw/archives/zopiclone.tar.gz,zopiclone/alpha2/2026091903/pose_07/report.txt,1728,33f7b24423d1cd497cfe44ed13196170b4fa6c9ac3b07893da04c6c024dc1c52
raw/archives/zopiclone.tar.gz,zopiclone/alpha2/2026091903/pose_07/report.xml,6721,4732ef2681e69bd0d2a2dbb01747578c9f1b6592b045408459f20ab23c732b7b
raw/archives/zopiclone.tar.gz,zopiclone/alpha2/2026091903/pose_08/ligand.sdf,3810,99de018c9e22e43f518595950662385c655e51c8e1b7b2525eb2596243b7dd1e
raw/archives/zopiclone.tar.gz,zopiclone/alpha2/2026091903/pose_08/pose_status.json,570,428d8977f4f1e4d0280fe3adcee63b7bc1291534a9a179f610b4edb17a326395
raw/archives/zopiclone.tar.gz,zopiclone/alpha2/2026091903/pose_08/report.txt,1399,27d53b8a8e2a267d13d90f953c61a098ceab3d6685310c2ad3f9359da5362a6a
raw/archives/zopiclone.tar.gz,zopiclone/alpha2/2026091903/pose_08/report.xml,6163,d351154f2afa78e78b9577cc76a752eb350adde196271c2a43fa883524da7190
raw/archives/zopiclone.tar.gz,zopiclone/alpha2/2026091903/pose_09/ligand.sdf,3810,50f8e468020c68128844f743f83fa01fb361da57d7c942643f4903b69c93c019
raw/archives/zopiclone.tar.gz,zopiclone/alpha2/2026091903/pose_09/pose_status.json,570,c20b2c1de4afe49c5c4ceb58aa3745afc038542d678bcb60f2e3d5b861a9310e
raw/archives/zopiclone.tar.gz,zopiclone/alpha2/2026091903/pose_09/report.txt,2511,e366499cdb6cc88001c9701903386b3b546eec7197d366b8e254042b8683fc13
raw/archives/zopiclone.tar.gz,zopiclone/alpha2/2026091903/pose_09/report.xml,6900,2a5e6e96afcf3fe7f5263f90933532ec2ab8e323db516e16c61236fa390d0f65
raw/archives/zopiclone.tar.gz,zopiclone/alpha2/2026091903/pose_manifest.json,5412,84c8895943d2af785f9ca066b62e1a29c249b2b002941438907fd3da801d91c2
raw/archives/zopiclone.tar.gz,zopiclone/alpha2/2026091903/poses.pdbqt,24984,4b77cb2dd26dc8f3c98d70afc4c42d9bfb5b75f17112aec3b7464393f9fb269a
raw/archives/zopiclone.tar.gz,zopiclone/alpha2/2026091903/vina.log,2385,69d1218499a46411cffc2adbec1a1ca0f577b811beaf9f4dc421755a04e55e5c
raw/archives/zopiclone.tar.gz,zopiclone/alpha2/2026091904/docking.json,1528,01897c0b3ee032afc046230d71303daadeda3456a1dc1fe64b0292eed9473475
raw/archives/zopiclone.tar.gz,zopiclone/alpha2/2026091904/interactions.json,17154,5d7320d0c3ecab45404f8ebbc60344d47915dfac64ca70f07245dd7a052bd598
raw/archives/zopiclone.tar.gz,zopiclone/alpha2/2026091904/plip.log,1881,897982921c6e23c2ae4984eb0949c112b41a972d9944d8da57bd6c124cd6ab0d
raw/archives/zopiclone.tar.gz,zopiclone/alpha2/2026091904/plip_done.json,29,bef149d6b4bcd0e8393fac45503362a862d45eadcceff434b3d9640f4b008ec4
raw/archives/zopiclone.tar.gz,zopiclone/alpha2/2026091904/pose_01/ligand.sdf,3810,3b6c99c203b5518f276400e9a3d8b9c6ad5d33adc91dea6865fe26f02354c801
raw/archives/zopiclone.tar.gz,zopiclone/alpha2/2026091904/pose_01/pose_status.json,570,93796e1925e6cac0339e1b287072fa269c178a78c651d72a05b73491e0843fb3
raw/archives/zopiclone.tar.gz,zopiclone/alpha2/2026091904/pose_01/report.txt,5704,7123b74b75aa0c1d0e0344dea322ea8f19846d0ba26788e877cb688bea72a657
raw/archives/zopiclone.tar.gz,zopiclone/alpha2/2026091904/pose_01/report.xml,11432,cda0a3dba25c55feb86d404bec191500451fbd8a7b9cca9db5d5d86aced521e8
raw/archives/zopiclone.tar.gz,zopiclone/alpha2/2026091904/pose_02/ligand.sdf,3810,11db8f9e1c828bcf450ae70365e24cfd6b907f48eff30f44b9aa99ee3403a109
raw/archives/zopiclone.tar.gz,zopiclone/alpha2/2026091904/pose_02/pose_status.json,570,ba33fcda9f5901e10539d6a28bf192329c313e5e5e4024f45dc25f512afc9011
raw/archives/zopiclone.tar.gz,zopiclone/alpha2/2026091904/pose_02/report.txt,2362,e9b3547d65f43cb5466f9c1d0a49761222567f91f59a61292c64d0637c1ef0dd
raw/archives/zopiclone.tar.gz,zopiclone/alpha2/2026091904/pose_02/report.xml,7061,a90de483edca2f7793d64ba1d65881aea139904969727faa6ff977e6b9126091
raw/archives/zopiclone.tar.gz,zopiclone/alpha2/2026091904/pose_03/ligand.sdf,3810,b6cfdb60735b15e2bcb9b8aee8389d106f1a342380b54e57311604388074aa40
raw/archives/zopiclone.tar.gz,zopiclone/alpha2/2026091904/pose_03/pose_status.json,570,c91d986334a44dccec5700fcaa92ec24b5e27b92f98a00835a9f029ed5b34cd5
raw/archives/zopiclone.tar.gz,zopiclone/alpha2/2026091904/pose_03/report.txt,4470,38cfd6120526d14f523aacd92ee4c8ce6af745901dfe080c984db5d8b11cdc33
raw/archives/zopiclone.tar.gz,zopiclone/alpha2/2026091904/pose_03/report.xml,10469,f7e8473d5cfd06d6e25e845a83caf700e97741ad7360e2f3759dd1a253a1b4de
raw/archives/zopiclone.tar.gz,zopiclone/alpha2/2026091904/pose_04/ligand.sdf,3810,3709355978663f648e046f4c3150ee164fc9825197572db921908c2cab015b88
raw/archives/zopiclone.tar.gz,zopiclone/alpha2/2026091904/pose_04/pose_status.json,570,e4bcc17e0056afc648a93809aacba14b2310edd769b6fb2b54a3584b44c63c3f
raw/archives/zopiclone.tar.gz,zopiclone/alpha2/2026091904/pose_04/report.txt,1507,4ccc46035b3a7a13a633244e9be3c809dabf5f4d6a7e417d7b03c1fcf83fe82b
raw/archives/zopiclone.tar.gz,zopiclone/alpha2/2026091904/pose_04/report.xml,6495,0b46637ebedcdbea1d7654272b40e0058a875a0a047912edc91e636d78f2c4c9
raw/archives/zopiclone.tar.gz,zopiclone/alpha2/2026091904/pose_05/ligand.sdf,3810,1e29b65ab86e1278bfa5a519484594263b76b7ae53d5aa45d17159fd4193c981
raw/archives/zopiclone.tar.gz,zopiclone/alpha2/2026091904/pose_05/pose_status.json,570,aecd292e1816676e43d5f6047e1c85f2e1efb1625dc3a2f795c21844987fbacb
raw/archives/zopiclone.tar.gz,zopiclone/alpha2/2026091904/pose_05/report.txt,2540,d1c950e47470bddb1c5a85a1a9fb1224e7817d19ac0cfada3c0312107b09ffe6
raw/archives/zopiclone.tar.gz,zopiclone/alpha2/2026091904/pose_05/report.xml,7335,3df0d86c88e2825acd0e2bc9f6c3ad5f25a7e00e149e3b55e3bae181e64ab983
raw/archives/zopiclone.tar.gz,zopiclone/alpha2/2026091904/pose_06/ligand.sdf,3810,62cfa99c3779214e228de29c9c5e74c77086e7e13bef7402c22565cb6fd3eae5
raw/archives/zopiclone.tar.gz,zopiclone/alpha2/2026091904/pose_06/pose_status.json,570,c2909f59fe04534901d96c379e4e072e4341c4dd3ad14a4d129ca48167b2024d
raw/archives/zopiclone.tar.gz,zopiclone/alpha2/2026091904/pose_06/report.txt,2365,3b4db82cd33227724969b98131c69205e5d55c5ec28ab896b8c9d6a96222a044
raw/archives/zopiclone.tar.gz,zopiclone/alpha2/2026091904/pose_06/report.xml,7260,996626aa0c2952a7e74a91a585981a6c7860ddb2f7d09247cec53e676b58f24b
raw/archives/zopiclone.tar.gz,zopiclone/alpha2/2026091904/pose_07/ligand.sdf,3810,07e71ef8efeb47a159977d35a4da12930f91ac3fbf0ea31143fbdcc3e050f3bd
raw/archives/zopiclone.tar.gz,zopiclone/alpha2/2026091904/pose_07/pose_status.json,570,ade0c884ca5c5413a57c56c48866128c06a35bea76ffaef00b32d5b9e2086b9d
raw/archives/zopiclone.tar.gz,zopiclone/alpha2/2026091904/pose_07/report.txt,1404,bf369dcf697b9b7a2d365540dbd0087e9f2972d04f0cac94d6828f81f30f6d33
raw/archives/zopiclone.tar.gz,zopiclone/alpha2/2026091904/pose_07/report.xml,6162,a9054e0c01d4dc3ef40fe65807f4f938ebb19dd2fda485fcaca37e138f383a6f
raw/archives/zopiclone.tar.gz,zopiclone/alpha2/2026091904/pose_08/ligand.sdf,3810,8c691d7b987ed80ef32cbfab8525d2d187a45a9c771fe052a07fc4a1fdb32418
raw/archives/zopiclone.tar.gz,zopiclone/alpha2/2026091904/pose_08/pose_status.json,570,c71a6f0b219ed884d3cf4b574ec41fadffb49002e12eaec2af32e91875e3bad6
raw/archives/zopiclone.tar.gz,zopiclone/alpha2/2026091904/pose_08/report.txt,1728,467cea26adefa56caa07c57598f280e72f3ea3840679f3351840b266fe7c1e96
raw/archives/zopiclone.tar.gz,zopiclone/alpha2/2026091904/pose_08/report.xml,6721,f26524f607a7e21f3ce53f3c617ad1d2bfd4058c9b1a4dfe831e9a594e4f189d
raw/archives/zopiclone.tar.gz,zopiclone/alpha2/2026091904/pose_09/ligand.sdf,3810,99c6b0d5894c40c05e05259de795a2d0b67de770a642a023283758ce436f8e10
raw/archives/zopiclone.tar.gz,zopiclone/alpha2/2026091904/pose_09/pose_status.json,570,d3566fef281bcc24b58bafee6bbea76078e71b62018b89e5c88122909a67ffe6
raw/archives/zopiclone.tar.gz,zopiclone/alpha2/2026091904/pose_09/report.txt,1404,146e147c7552e92ae47f0cfc58e12824a3243e0f4dcef1fe207b02af772f002e
raw/archives/zopiclone.tar.gz,zopiclone/alpha2/2026091904/pose_09/report.xml,6078,db5a2e003447c8947bbddc6d51173998d24ef15be4c3cf22982badb189f8354e
raw/archives/zopiclone.tar.gz,zopiclone/alpha2/2026091904/pose_manifest.json,5412,0effc73a8c721a707c0373d199fb2240ee3839815ffa81a092432ae9d779b624
raw/archives/zopiclone.tar.gz,zopiclone/alpha2/2026091904/poses.pdbqt,24984,944e5783b852c068a4ea5b7b518fe2c72cde08c7565e88e86158d4610eff3105
raw/archives/zopiclone.tar.gz,zopiclone/alpha2/2026091904/vina.log,2385,e6c1bff60576c96156c4b02730cacfb1c5481ef9bd15a2cf9d3fd6b8ef889eea
raw/archives/zopiclone.tar.gz,zopiclone/alpha2/2026091905/docking.json,1528,05112bd0bf73297fd2adec2a8a09e87fd13832b984c6f4f0016471dbdb01f1bb
raw/archives/zopiclone.tar.gz,zopiclone/alpha2/2026091905/interactions.json,12400,70e7c5141d790e92d9906378e893ca641bdb481a6fc580eb37d352a063ff42aa
raw/archives/zopiclone.tar.gz,zopiclone/alpha2/2026091905/plip.log,1881,d0d12a225d7f7c48efa76d1c72e40e560b568a7327ab79573591c599c50c621b
raw/archives/zopiclone.tar.gz,zopiclone/alpha2/2026091905/plip_done.json,29,bef149d6b4bcd0e8393fac45503362a862d45eadcceff434b3d9640f4b008ec4
raw/archives/zopiclone.tar.gz,zopiclone/alpha2/2026091905/pose_01/ligand.sdf,3810,6a514400f77320e3468c60414ef1ab8999ed06b50779e3efac3fc98a3af3b84d
raw/archives/zopiclone.tar.gz,zopiclone/alpha2/2026091905/pose_01/pose_status.json,570,7163fb9131b01e1e78f1aba061ce78e5fbf6fa627a1b019055ca6141ab559b0e
raw/archives/zopiclone.tar.gz,zopiclone/alpha2/2026091905/pose_01/report.txt,5704,defb9e2b80c1e50b94564151f8c8382cbb118f5febb4ebb1b5bdc45037059893
raw/archives/zopiclone.tar.gz,zopiclone/alpha2/2026091905/pose_01/report.xml,11432,395b531da36729d02e09c209c42f3f0c6d8477aa622663b3b13b989285f5cd44
raw/archives/zopiclone.tar.gz,zopiclone/alpha2/2026091905/pose_02/ligand.sdf,3810,37d70281f9e8c291950cb4d4ac2a720607c4e1339884aa0e46900fe6095c947b
raw/archives/zopiclone.tar.gz,zopiclone/alpha2/2026091905/pose_02/pose_status.json,570,01348f642505857855ab8c12cac2b6cdd1eaac636525ec55939958cfcef6807e
raw/archives/zopiclone.tar.gz,zopiclone/alpha2/2026091905/pose_02/report.txt,1399,af380b2885a3777f841a82e6f8b8909fda09b566b3bd50d3be8f144e2af8028d
raw/archives/zopiclone.tar.gz,zopiclone/alpha2/2026091905/pose_02/report.xml,6163,4ec73ada130f10293109821a9ebf6bf2fd9153eac277a0c3db1ceab186ebde64
raw/archives/zopiclone.tar.gz,zopiclone/alpha2/2026091905/pose_03/ligand.sdf,3810,e5889d00b9d85f3d760a482066a5547a57165b1d7a5811e09a2aaa8d59b0fb4a
raw/archives/zopiclone.tar.gz,zopiclone/alpha2/2026091905/pose_03/pose_status.json,570,5140c20d54fdebc6d6fd1f679050deaf4753870e62a9d68ae4c9093e1a769d84
raw/archives/zopiclone.tar.gz,zopiclone/alpha2/2026091905/pose_03/report.txt,1507,c7741758e5f11d29e06a22b5a400fbb2da6cf8918f59de7af511ac6e0a05e364
raw/archives/zopiclone.tar.gz,zopiclone/alpha2/2026091905/pose_03/report.xml,6495,a4b7685d9f66f601d5742828388c91705f0bd07c670a6a76e956f8b72aea14b2
raw/archives/zopiclone.tar.gz,zopiclone/alpha2/2026091905/pose_04/ligand.sdf,3810,ab6f781b678579ccbb21660d6526e5506f03e2e875d72055cb777996eba77cce
raw/archives/zopiclone.tar.gz,zopiclone/alpha2/2026091905/pose_04/pose_status.json,570,79f4ab671c0b3655afeddf69918740d861935f1f0ea93469fa7fad5dc22218f4
raw/archives/zopiclone.tar.gz,zopiclone/alpha2/2026091905/pose_04/report.txt,2365,5bc3f80b78f565ed58af1a8ecdb2c490cd49ce27648557449ac8339c407bc494
raw/archives/zopiclone.tar.gz,zopiclone/alpha2/2026091905/pose_04/report.xml,7344,e1bff855b05d66b81cd59a3c9ce7f804b6859a47390a5235303967bf106599ed
raw/archives/zopiclone.tar.gz,zopiclone/alpha2/2026091905/pose_05/ligand.sdf,3810,67b51806b89ef0041b030ea57436ba7853e8fe723ee845d489efbed4f58906a2
raw/archives/zopiclone.tar.gz,zopiclone/alpha2/2026091905/pose_05/pose_status.json,570,2eee1b9b6c6399d968012f478b5af324c95b4977dd102fe963235cb42420e8ec
raw/archives/zopiclone.tar.gz,zopiclone/alpha2/2026091905/pose_05/report.txt,1404,8e7d9454fdfab047b7061cf5eb9201f245dd5188d14509c2f2a41c6770af9e5b
raw/archives/zopiclone.tar.gz,zopiclone/alpha2/2026091905/pose_05/report.xml,6246,d0b3b36db6f6e854767f3c8021f8c1c8c73ec799bdf5ffd62d1fc6f2b3054140
raw/archives/zopiclone.tar.gz,zopiclone/alpha2/2026091905/pose_06/ligand.sdf,3810,f208f667557b216674e348b737b34c7446dbf295b2c53ff88a9cb97a7516a349
raw/archives/zopiclone.tar.gz,zopiclone/alpha2/2026091905/pose_06/pose_status.json,570,b6782da9d4966cd595088f5498e0834d16632db4920026c52b2fdbe34d6e6730
raw/archives/zopiclone.tar.gz,zopiclone/alpha2/2026091905/pose_06/report.txt,1728,a0876db45fd92df0a685573076ece00630fa009aa45b7bd51985d78afd72ac2b
raw/archives/zopiclone.tar.gz,zopiclone/alpha2/2026091905/pose_06/report.xml,6721,e1322fccb018df123440eb74935d1ce3f822490ff466849f31b623212d849adc
raw/archives/zopiclone.tar.gz,zopiclone/alpha2/2026091905/pose_07/ligand.sdf,3810,a0517ea61b8c9f17582576707f6d0483342ade7c6f10bd12fe1117bfd14dde36
raw/archives/zopiclone.tar.gz,zopiclone/alpha2/2026091905/pose_07/pose_status.json,570,534cb01e9661127169a91e8b2feee41d950efcf12532d6d5515a30692d0a0585
raw/archives/zopiclone.tar.gz,zopiclone/alpha2/2026091905/pose_07/report.txt,571,676ddb087ad28cd7194af490f349b6c4533e754ceff3b12f1fabd7753b6f805f
raw/archives/zopiclone.tar.gz,zopiclone/alpha2/2026091905/pose_07/report.xml,5322,a61a38bbfc2d9bdfe7ed76a1dd19170a259e161bd53950eab4b9da5fba99cf6d
raw/archives/zopiclone.tar.gz,zopiclone/alpha2/2026091905/pose_08/ligand.sdf,3810,996d9797af1b7e156f98b42136a5542d8a101df6323b7f15a1c4097cc2b17a49
raw/archives/zopiclone.tar.gz,zopiclone/alpha2/2026091905/pose_08/pose_status.json,570,7de4a81b7795b247797b4f47fafd8b0b974a2df8bcdf9dd193c77120231bba05
raw/archives/zopiclone.tar.gz,zopiclone/alpha2/2026091905/pose_08/report.txt,2367,8c9d0a4c065f80996c31c43d64dd49e7151243ae6afe246821362ce3c54ad38f
raw/archives/zopiclone.tar.gz,zopiclone/alpha2/2026091905/pose_08/report.xml,6976,91b2eb75a5dd80c3c3a03362a44e3d05d0d24c3021cde374678d8ed026ee3485
raw/archives/zopiclone.tar.gz,zopiclone/alpha2/2026091905/pose_09/ligand.sdf,3810,9711746b340c9ca19bdb7838883b9f4fabfde2fe0beb43f61885dbe4677b4eb4
raw/archives/zopiclone.tar.gz,zopiclone/alpha2/2026091905/pose_09/pose_status.json,570,b1dbadde68dbf8570e1521cb73233564d55f35101a0390939c8e3055be8e5ddb
raw/archives/zopiclone.tar.gz,zopiclone/alpha2/2026091905/pose_09/report.txt,1404,babf11d20fa1eb3eb96f41e10b6debe81382bc8b28909e4fdcdb2a7015036994
raw/archives/zopiclone.tar.gz,zopiclone/alpha2/2026091905/pose_09/report.xml,6162,f3c0151e50dc0bfed9a1afca2466afe8c8135a25aca3591cde94d5238ba90cf7
raw/archives/zopiclone.tar.gz,zopiclone/alpha2/2026091905/pose_manifest.json,5412,a7f5dd3598e33d0e4abbafdfc489363b4cbc1da374039978185e755501dc9dbc
raw/archives/zopiclone.tar.gz,zopiclone/alpha2/2026091905/poses.pdbqt,24984,b45a84a3f8f1d7c6743d924bbb7d610d6b7dcdffd57a60478c615734006c2d7a
raw/archives/zopiclone.tar.gz,zopiclone/alpha2/2026091905/vina.log,2385,a1c397d67dd297657e6ddbe8d56803d39aabe2d69d56785fb5919ddceab04327
raw/archives/zaleplon.tar.gz,zaleplon/alpha1/2026091901/docking.json,1527,3137d5994c9fa362adb63699096f66255a25575cd185b8e9119613033b159c6b
raw/archives/zaleplon.tar.gz,zaleplon/alpha1/2026091901/interactions.json,51999,c49aa60327ef8f6838057fc291c55e58aa7f99a1532b25b9eb4ce6ddf3c0b491
raw/archives/zaleplon.tar.gz,zaleplon/alpha1/2026091901/plip.log,1872,59c494a11118f8db26264b916c804f2ff4d7a8f8566504969150e91f296c11cf
raw/archives/zaleplon.tar.gz,zaleplon/alpha1/2026091901/plip_done.json,29,bef149d6b4bcd0e8393fac45503362a862d45eadcceff434b3d9640f4b008ec4
raw/archives/zaleplon.tar.gz,zaleplon/alpha1/2026091901/pose_01/ligand.sdf,3299,bbd70511338296ba37a499f7fa0d8457c22facc8406ac7eeedb24e53ab9e1ad6
raw/archives/zaleplon.tar.gz,zaleplon/alpha1/2026091901/pose_01/pose_status.json,569,6f5f949d4b6643f68769936c364e25c16c170725e0c53ef5670c851f093c0067
raw/archives/zaleplon.tar.gz,zaleplon/alpha1/2026091901/pose_01/report.txt,5061,6750fbb6efdfcc974bd00396e703299c3d1ad391953c22df645334e0193b3d80
raw/archives/zaleplon.tar.gz,zaleplon/alpha1/2026091901/pose_01/report.xml,12884,a7a8d51093aec68d4da6974344e07e43d0754487fd7000a6053e50b1b3a694e1
raw/archives/zaleplon.tar.gz,zaleplon/alpha1/2026091901/pose_02/ligand.sdf,3299,ea5f2800f9138be38c4507c6ac9df9b19d9e93e4f34c1e1a55c0993e2e681078
raw/archives/zaleplon.tar.gz,zaleplon/alpha1/2026091901/pose_02/pose_status.json,569,47b9e15befe8ade28e7bee841340a185c8a0053cdc9d31f6948d3087106f60d9
raw/archives/zaleplon.tar.gz,zaleplon/alpha1/2026091901/pose_02/report.txt,4395,7e117597488a6f39ee3c347eff2e291f52b9e4741597bebcc0abb00bae10f5c6
raw/archives/zaleplon.tar.gz,zaleplon/alpha1/2026091901/pose_02/report.xml,11840,551500f4a564c33b1f09c6d9e5934249955f17af894019eeed26e2b19c886317
raw/archives/zaleplon.tar.gz,zaleplon/alpha1/2026091901/pose_03/ligand.sdf,3299,a928b6b89df865e56ff77315b5f423ccb0e13867b6a19d4ef9f5effc7d2b3c81
raw/archives/zaleplon.tar.gz,zaleplon/alpha1/2026091901/pose_03/pose_status.json,569,87d4de03504b93117c6adbd1ab1c124e00bed73ac3c4b53c45a402815adb35e5
raw/archives/zaleplon.tar.gz,zaleplon/alpha1/2026091901/pose_03/report.txt,4261,f9c8f3546a5cdc10c868a3b21a2a54c6f35f5e9f0340732d3ea1d89fbd44ae3c
raw/archives/zaleplon.tar.gz,zaleplon/alpha1/2026091901/pose_03/report.xml,11168,d1fa6f484a46e18a99bb1cd4e2140c327c45e5ae8531ec42aecf6ac6ff2f8c39
raw/archives/zaleplon.tar.gz,zaleplon/alpha1/2026091901/pose_04/ligand.sdf,3299,85ded92840d2756cf60b9efdc27e4db88e21e911e83b212a63c9a83b2c17c66b
raw/archives/zaleplon.tar.gz,zaleplon/alpha1/2026091901/pose_04/pose_status.json,569,d2f5bd92e2964b4d6c7649e52a164c572d920c182054e583e61d3a26e058dc4d
raw/archives/zaleplon.tar.gz,zaleplon/alpha1/2026091901/pose_04/report.txt,3595,6b32ece164cc2e10213f21aaf8ed082ee4ce59b4db1e3e498d7864910ef66574
raw/archives/zaleplon.tar.gz,zaleplon/alpha1/2026091901/pose_04/report.xml,9955,429d0f082656be9a84a3576528c45ecb83965afb851008e01cb3679ff73182cc
raw/archives/zaleplon.tar.gz,zaleplon/alpha1/2026091901/pose_05/ligand.sdf,3299,a143dd3eb9a957860e32aa46ec56e9687108ce31d8130727fe6ab6c384268667
raw/archives/zaleplon.tar.gz,zaleplon/alpha1/2026091901/pose_05/pose_status.json,570,207a996c687118d05ebdf7ad6cffb911fd08f3b2eba62ba85c6df0d8e391fa7c
raw/archives/zaleplon.tar.gz,zaleplon/alpha1/2026091901/pose_05/report.txt,5765,6182c7eab369616115006015683bcbe060dcceab2cd6bc0f1c13c694eb027deb
raw/archives/zaleplon.tar.gz,zaleplon/alpha1/2026091901/pose_05/report.xml,13840,54d2c2b45ef6137e491732ca5088af295309c14cf2df36d8f3a607b9f359c11f
raw/archives/zaleplon.tar.gz,zaleplon/alpha1/2026091901/pose_06/ligand.sdf,3299,1eafd6f9e13c9152d166e71a56b8ff339213dc8c8e8b71fc7e59c18f782c3809
raw/archives/zaleplon.tar.gz,zaleplon/alpha1/2026091901/pose_06/pose_status.json,570,42338e77ace2ab82fd543da6d37e234b8a1ebc7399442da9d3312b40c5aca14a
raw/archives/zaleplon.tar.gz,zaleplon/alpha1/2026091901/pose_06/report.txt,7094,7aab9bc5df16d9745a1bce5f0ec19de18b659d935bbe8194ef4384deccaa5a01
raw/archives/zaleplon.tar.gz,zaleplon/alpha1/2026091901/pose_06/report.xml,15048,b0c752bd7c024fe100e6afb4b0dcbe62ec694387836dbf125c444ab9b834b325
raw/archives/zaleplon.tar.gz,zaleplon/alpha1/2026091901/pose_07/ligand.sdf,3299,eec93f558f67ec65a6f7af16de211a3ae850a7d8f00ea6aed22c157b775e28c1
raw/archives/zaleplon.tar.gz,zaleplon/alpha1/2026091901/pose_07/pose_status.json,569,b48ebb63a495ecbe9dcb352d228b875a6af22d5216fd973d26eaeafb2e07c11c
raw/archives/zaleplon.tar.gz,zaleplon/alpha1/2026091901/pose_07/report.txt,5618,e911d580bf89ec910a944cd02a13a0956e5dcfcf5d4c24ab7a5476e7571f011b
raw/archives/zaleplon.tar.gz,zaleplon/alpha1/2026091901/pose_07/report.xml,11916,fe623d2f38aefca2dcaa25c77947fc4f40cf953c6ca83ee3ab0f1886275866ab
raw/archives/zaleplon.tar.gz,zaleplon/alpha1/2026091901/pose_08/ligand.sdf,3299,9b66a0adaed7bfd7247f9d3ec0cf3ff33f7a32a04559f5144fd5b5cf4872e7b6
raw/archives/zaleplon.tar.gz,zaleplon/alpha1/2026091901/pose_08/pose_status.json,569,805d80668fafe63663047bc6ae468ada3e8e4fec25ca8f97e0a63f9feb97eb66
raw/archives/zaleplon.tar.gz,zaleplon/alpha1/2026091901/pose_08/report.txt,4261,23731085d9c5d1f601a620f55d1ba1ee637d31b8008424ef8de98d70c06a7912
raw/archives/zaleplon.tar.gz,zaleplon/alpha1/2026091901/pose_08/report.xml,10833,69022eb106bd5c0c0020790498a4fe2063a0fd875a4cdb8cc476b6ddf320900e
raw/archives/zaleplon.tar.gz,zaleplon/alpha1/2026091901/pose_09/ligand.sdf,3299,b5cb1cea04ddbed07c485737525e4bddf823de5954b2657d1c07a07a6ee86060
raw/archives/zaleplon.tar.gz,zaleplon/alpha1/2026091901/pose_09/pose_status.json,569,2f94549614a2fb39ab4baf25993701e93474b47f383c9fa49e259f8b8e26db6e
raw/archives/zaleplon.tar.gz,zaleplon/alpha1/2026091901/pose_09/report.txt,1744,b6c741b1e476251ed5d7326940442b3f10f5496208d832a36c4fcf16447f45b3
raw/archives/zaleplon.tar.gz,zaleplon/alpha1/2026091901/pose_09/report.xml,7409,c0908951e86d4b57bfb7c3d18bb363953187f7e01ea96096471dc13a22f5dcdd
raw/archives/zaleplon.tar.gz,zaleplon/alpha1/2026091901/pose_manifest.json,5405,fd45737b901077dbd25813ac6bf54b3b9023df852f26df07b1439daf63a89d31
raw/archives/zaleplon.tar.gz,zaleplon/alpha1/2026091901/poses.pdbqt,21969,517fce2c8d27ec60ea290047c5a142ce14e9c460b5c5bb5317be8464b69eb7dd
raw/archives/zaleplon.tar.gz,zaleplon/alpha1/2026091901/vina.log,2384,df23e54328919d9e8680357a9f449f19631ab7a3e8084a2a172e8ebd4cab20fc
raw/archives/zaleplon.tar.gz,zaleplon/alpha1/2026091902/docking.json,1527,3a556084c14b7304e537bbfd4fd225a93c9d75a846c8fbacf18f6305723f3647
raw/archives/zaleplon.tar.gz,zaleplon/alpha1/2026091902/interactions.json,52965,5bd5729e2e278343aacede9a207cc89492d25f208c3fc4db0a4a739916a741c5
raw/archives/zaleplon.tar.gz,zaleplon/alpha1/2026091902/plip.log,1872,9311f39bb4bd3930d8a7d297ccbde4b3204686539d4ddf55b41b1449f42f8e52
raw/archives/zaleplon.tar.gz,zaleplon/alpha1/2026091902/plip_done.json,29,bef149d6b4bcd0e8393fac45503362a862d45eadcceff434b3d9640f4b008ec4
raw/archives/zaleplon.tar.gz,zaleplon/alpha1/2026091902/pose_01/ligand.sdf,3299,6cbc2e4faee822c37a3ad3ae78566badcda0cb9a39af6bc913bc66c5f1629465
raw/archives/zaleplon.tar.gz,zaleplon/alpha1/2026091902/pose_01/pose_status.json,569,05282a3b58eb92fe922dc6824014f6f06f78b12b1c18042bf473ff6ff95a1967
raw/archives/zaleplon.tar.gz,zaleplon/alpha1/2026091902/pose_01/report.txt,4728,48f141c9c5d9f858af4f7cd7ac31ea27c2c1e1cde59ebdba4df12db73dd631ef
raw/archives/zaleplon.tar.gz,zaleplon/alpha1/2026091902/pose_01/report.xml,12070,ae35e78557e070b05b68cfe4559db27d3bbffb5094c324ee9fc551a2c4ec0977
raw/archives/zaleplon.tar.gz,zaleplon/alpha1/2026091902/pose_02/ligand.sdf,3299,70be8650bda53f48e259f6e82d8b340378a9e3c50cc276faf2d4f2f982b19559
raw/archives/zaleplon.tar.gz,zaleplon/alpha1/2026091902/pose_02/pose_status.json,569,6d2e2d93c28e87add953e839089a4fa94f54b947cc8e9df132a8cc6b5b5dae2c
raw/archives/zaleplon.tar.gz,zaleplon/alpha1/2026091902/pose_02/report.txt,3928,2c5ccb17ed21c3f461e611ea335e6a4acb2b02b171abb45d08dc6539778efd86
raw/archives/zaleplon.tar.gz,zaleplon/alpha1/2026091902/pose_02/report.xml,10520,11d119b90996b6d5bc0682e60d0942b15092444591cef567b424f8477da12473
raw/archives/zaleplon.tar.gz,zaleplon/alpha1/2026091902/pose_03/ligand.sdf,3299,eaf55077fb9cd17979156b95c2c9da9062d42d333d4b3dd4ca3ff2be11cebb99
raw/archives/zaleplon.tar.gz,zaleplon/alpha1/2026091902/pose_03/pose_status.json,569,d5c9ffb07e9b2280575e0ec5e52b861ec97faf738824a69a937b6bb5c8a7c9da
raw/archives/zaleplon.tar.gz,zaleplon/alpha1/2026091902/pose_03/report.txt,4395,903778395d617b08c8b8f61724592e10429019eb0cb21d9e0c954ef4d83ef913
raw/archives/zaleplon.tar.gz,zaleplon/alpha1/2026091902/pose_03/report.xml,11588,189fb6df7211cb3b989d232f105ccc9ba5a390e976af4bd40dedd2ab59d6e95c
raw/archives/zaleplon.tar.gz,zaleplon/alpha1/2026091902/pose_04/ligand.sdf,3299,90daf767e852f7c97e8663dafaaca839c294603e0bbbea396da2fb1b7e3025f2
raw/archives/zaleplon.tar.gz,zaleplon/alpha1/2026091902/pose_04/pose_status.json,569,b2bb8da65f7cf7a04da2af46fc2687099b032c76607a7585f8e623738678e3a5
raw/archives/zaleplon.tar.gz,zaleplon/alpha1/2026091902/pose_04/report.txt,5608,30d558ac4bbbfb618204e8faf52fea051d817fd2667ff17f562bfebe4beb65cf
raw/archives/zaleplon.tar.gz,zaleplon/alpha1/2026091902/pose_04/report.xml,12889,16fddab16fa9c1ea76e3a319881038884401c1c4207c2e8020e4f2afce1b9dec
raw/archives/zaleplon.tar.gz,zaleplon/alpha1/2026091902/pose_05/ligand.sdf,3299,eef3d21bd85263530fb3953b352129df61ca2af7398bd8b94bb8d6d3f85e1678
raw/archives/zaleplon.tar.gz,zaleplon/alpha1/2026091902/pose_05/pose_status.json,570,f35f25c2fe2ea657bf5709b2b04d2f258548d4c2a4fa734cbc95e50a94da9635
raw/archives/zaleplon.tar.gz,zaleplon/alpha1/2026091902/pose_05/report.txt,7705,8441b2ed7f729a6554543bbc02aabed6aabda592c1a5cde5252840922407f1d0
raw/archives/zaleplon.tar.gz,zaleplon/alpha1/2026091902/pose_05/report.xml,15871,5e710dee8abb1f1b9a707fe13768061bff59eb3ed92bf42344fc636086d56163
raw/archives/zaleplon.tar.gz,zaleplon/alpha1/2026091902/pose_06/ligand.sdf,3299,ddbe4de7f352b4aadbe6c62a8d453fa98e4895082e568571ff2fca8a8d5fa3dd
raw/archives/zaleplon.tar.gz,zaleplon/alpha1/2026091902/pose_06/pose_status.json,569,201deae192c465ae9ae9eb5f81efea6281735c802a31c6e769a25be982e9b48e
raw/archives/zaleplon.tar.gz,zaleplon/alpha1/2026091902/pose_06/report.txt,4395,1911ab0e1599687ff3b72c3121f3258fba735b72ac87fe8bbdcdf9cc93678be3
raw/archives/zaleplon.tar.gz,zaleplon/alpha1/2026091902/pose_06/report.xml,11254,011a0ae16badcd69d9af037149e2c591a0b1218b6dc285ffa987d0e3705c8e16
raw/archives/zaleplon.tar.gz,zaleplon/alpha1/2026091902/pose_07/ligand.sdf,3299,460f2a1d67e97654d09c9ce027e5d059caefe8168ff65d7a9f94b25842b78418
raw/archives/zaleplon.tar.gz,zaleplon/alpha1/2026091902/pose_07/pose_status.json,569,3ac0ea17178c4b8673dd22c65f8db9d117dc30a8804d511d33380b9d0447b79b
raw/archives/zaleplon.tar.gz,zaleplon/alpha1/2026091902/pose_07/report.txt,5807,a5714038d277f091ea48954309683d524016879dda40c48dede47bb4f0f5a12a
raw/archives/zaleplon.tar.gz,zaleplon/alpha1/2026091902/pose_07/report.xml,12614,3176c642656f7b0448beac9c500feda372ed69bab5536b49ae9297f4b5bcfd6c
raw/archives/zaleplon.tar.gz,zaleplon/alpha1/2026091902/pose_08/ligand.sdf,3299,2bc7c137b30934df64b381e389ad112e97adabe8c37b8de09d8ba92d0bcd9453
raw/archives/zaleplon.tar.gz,zaleplon/alpha1/2026091902/pose_08/pose_status.json,569,bcb16af42f59d971e72728832f91965120f39ad49bf157fa5a09423dc90305b8
raw/archives/zaleplon.tar.gz,zaleplon/alpha1/2026091902/pose_08/report.txt,3928,425cb690feeaef6b9b963dd3f5e2971414bd39c7e395c6058a9c33700188202b
raw/archives/zaleplon.tar.gz,zaleplon/alpha1/2026091902/pose_08/report.xml,10436,59fd999a1190bfdeee67a90250fa857b47ab5850e37e72dfd93b6f302d39e245
raw/archives/zaleplon.tar.gz,zaleplon/alpha1/2026091902/pose_09/ligand.sdf,3299,e0d03c42172664d4318c1069f9db6366980e48d34e9cc3174be5dc83c51633a6
raw/archives/zaleplon.tar.gz,zaleplon/alpha1/2026091902/pose_09/pose_status.json,569,c2b4dfb0625d242796dbde97b9e932a54b3ac676f5159a9ca27acfa2fcdb445f
raw/archives/zaleplon.tar.gz,zaleplon/alpha1/2026091902/pose_09/report.txt,4475,e062a230c5040c2f13702d47bdee0bce72d87c1ad0b7256af5c98ed02b4bab4a
raw/archives/zaleplon.tar.gz,zaleplon/alpha1/2026091902/pose_09/report.xml,10017,a7b07721ba97f5b6be0775ca4847d4e1bd7ac51312dc694053e9fc7ee48aaa87
raw/archives/zaleplon.tar.gz,zaleplon/alpha1/2026091902/pose_manifest.json,5404,18bfb8604d75081f52be85dbd7371730cd70b7c02216a75bd02bf27553b7fa7c
raw/archives/zaleplon.tar.gz,zaleplon/alpha1/2026091902/poses.pdbqt,21969,c497bc2b5fc7b948ba7d4c1a0ad7bf1140d338d17761ecff3571d9d5c2600507
raw/archives/zaleplon.tar.gz,zaleplon/alpha1/2026091902/vina.log,2384,d29c842d3b1067c99c5735c56ba143844f7fd0d7d8e3bf46740926874cec5b17
raw/archives/zaleplon.tar.gz,zaleplon/alpha1/2026091903/docking.json,1527,9099e70c354992f199a0b504561d626227ab8fb52faf56b7c14ad853e1dcffd3
raw/archives/zaleplon.tar.gz,zaleplon/alpha1/2026091903/interactions.json,55089,67f62476c12a73a8c2fbb9e71bcde7bf4a72c6e5a31b28eb0f75ab121bef45a9
raw/archives/zaleplon.tar.gz,zaleplon/alpha1/2026091903/plip.log,1872,95dd3f8c01d08dcc5c24ad2caa560474002336f1d18872675fd35882a943e4e0
raw/archives/zaleplon.tar.gz,zaleplon/alpha1/2026091903/plip_done.json,29,bef149d6b4bcd0e8393fac45503362a862d45eadcceff434b3d9640f4b008ec4
raw/archives/zaleplon.tar.gz,zaleplon/alpha1/2026091903/pose_01/ligand.sdf,3299,41e5ed51e7d07a632934337a9ca9afac96216c8bd141160e419aa3930a5cfac8
raw/archives/zaleplon.tar.gz,zaleplon/alpha1/2026091903/pose_01/pose_status.json,569,7d3386c6a1447b1b5f042d54efbd479b538f205f8370c8543bd99d92caad2515
raw/archives/zaleplon.tar.gz,zaleplon/alpha1/2026091903/pose_01/report.txt,5061,8f0f2e6ab6c448b5dce805130a73b67a5ba9111723a9a6009b6586a25a0bb4cd
raw/archives/zaleplon.tar.gz,zaleplon/alpha1/2026091903/pose_01/report.xml,12718,8b76aad9f3350d2e762f0f5f525428b977413abac3300c6747b0ca65d55c5f3e
raw/archives/zaleplon.tar.gz,zaleplon/alpha1/2026091903/pose_02/ligand.sdf,3299,5f749d8bd388484a69dafc83dab8399e12bb3601e1000a8a7798c33a3ff8740d
raw/archives/zaleplon.tar.gz,zaleplon/alpha1/2026091903/pose_02/pose_status.json,569,c7f3863fcc2d7eb36b710d1440aad5ae8a7c388e63eaa01d87ca7561fa563272
raw/archives/zaleplon.tar.gz,zaleplon/alpha1/2026091903/pose_02/report.txt,4395,59ace3154c8590e9006f3d5db9c57116319e0522e0773923235bb9277a0e8824
raw/archives/zaleplon.tar.gz,zaleplon/alpha1/2026091903/pose_02/report.xml,11924,d8f73c2d4102462f4c2c8f69821ed042c1bcc455db4a66d61fcc8f47b2f0932d
raw/archives/zaleplon.tar.gz,zaleplon/alpha1/2026091903/pose_03/ligand.sdf,3299,7f06cf99fd2325449ac862b997bdf93afdffdecd63b4214fc0956f7d37429b9e
raw/archives/zaleplon.tar.gz,zaleplon/alpha1/2026091903/pose_03/pose_status.json,569,80b6bd380c18e31538ece9e14cfb1999a5304b071920210d5fc3800010bec6d3
raw/archives/zaleplon.tar.gz,zaleplon/alpha1/2026091903/pose_03/report.txt,5608,92f059ab771a853d604c9755d50d2d627f1222c833640fd50ec85d326dc2c968
raw/archives/zaleplon.tar.gz,zaleplon/alpha1/2026091903/pose_03/report.xml,12889,eb3ce54935bb06350353a7a4a3326884db05d649e90c689b0a6442746fe8c3e6
raw/archives/zaleplon.tar.gz,zaleplon/alpha1/2026091903/pose_04/ligand.sdf,3299,d550103a1c89e6c87755ef96c67091046b2e1b528d7695c2feb6a267511b80c4
raw/archives/zaleplon.tar.gz,zaleplon/alpha1/2026091903/pose_04/pose_status.json,569,9e244b6b1d9abcd8540bd742a04268137111af1bd5ebd5ba20fc0dab0f8d9c68
raw/archives/zaleplon.tar.gz,zaleplon/alpha1/2026091903/pose_04/report.txt,4261,9c7a0df77f2645561691335d4c9534334a9b16c04e3beb468bbb5f0ad6995652
raw/archives/zaleplon.tar.gz,zaleplon/alpha1/2026091903/pose_04/report.xml,11000,1a3237daa64e6f1526687ad2df9ac6fc092786d6440b9fae4c59e6cbe96658d5
raw/archives/zaleplon.tar.gz,zaleplon/alpha1/2026091903/pose_05/ligand.sdf,3299,6f26e2b2ea930519e7549bf1d6a316226b29a38d726c29a0693771678b1749aa
raw/archives/zaleplon.tar.gz,zaleplon/alpha1/2026091903/pose_05/pose_status.json,569,8b2b69dcf9bbc1b68b7a0a6e54319a338ae124ed041a7ec1288b9b756f06a734
raw/archives/zaleplon.tar.gz,zaleplon/alpha1/2026091903/pose_05/report.txt,5273,14e4ae743587be1a2c014f48267668dc52de87fd6059bb4debf54a381d3b80f9
raw/archives/zaleplon.tar.gz,zaleplon/alpha1/2026091903/pose_05/report.xml,11429,d71c229870bc15765d596c3d87589ed309bb0c368957daf21b5606bc1dff4597
raw/archives/zaleplon.tar.gz,zaleplon/alpha1/2026091903/pose_06/ligand.sdf,3299,65600e193445660002a14e97cb21a24688ce908d3f318b979af82adf97e3ecd3
raw/archives/zaleplon.tar.gz,zaleplon/alpha1/2026091903/pose_06/pose_status.json,570,5c5f7a85a4a5bae5cf7101cce8eab4ca5da1e381113c1e3d8c977d60296f6c4f
raw/archives/zaleplon.tar.gz,zaleplon/alpha1/2026091903/pose_06/report.txt,6895,d0c3635733a862be9fbcaaaa55621648efda8ed0a64ccd50601f92ce26d9e01d
raw/archives/zaleplon.tar.gz,zaleplon/alpha1/2026091903/pose_06/report.xml,14403,0e6570f87ce4abd3f1b4a15838e3f01a08afb0af81c18430bbda466dccc1c531
raw/archives/zaleplon.tar.gz,zaleplon/alpha1/2026091903/pose_07/ligand.sdf,3299,eb95ba00f678f0a7f53044f6ec129ae7e159e2aafd4f609141af3605f9a07c9e
raw/archives/zaleplon.tar.gz,zaleplon/alpha1/2026091903/pose_07/pose_status.json,569,d645ec316f835aef21294ed2fb0f7b13bd9cb96cb35be92085419bfbdc3feccd
raw/archives/zaleplon.tar.gz,zaleplon/alpha1/2026091903/pose_07/report.txt,5061,35254b024448332041742d64c0fa99bef2d001f08a4fd1370b28c370f72c930e
raw/archives/zaleplon.tar.gz,zaleplon/alpha1/2026091903/pose_07/report.xml,12682,30630bba0412c407f2aa6780f8ca1b9427f00afcb01b9afa15a7277541f9eec8
raw/archives/zaleplon.tar.gz,zaleplon/alpha1/2026091903/pose_08/ligand.sdf,3299,1d28d05a4060e939b57dbdd4bdd7aa68e2dd4512790012411cfc2c47ff80a472
raw/archives/zaleplon.tar.gz,zaleplon/alpha1/2026091903/pose_08/pose_status.json,569,e3e23f64214f6dda3b5b7fd55a8e2e9c2738ca7159201bddd615afd2577e8548
raw/archives/zaleplon.tar.gz,zaleplon/alpha1/2026091903/pose_08/report.txt,5474,86b2fa8360dbd3ba42c80185f225bc237f5b62f1077dac231977313793e88099
raw/archives/zaleplon.tar.gz,zaleplon/alpha1/2026091903/pose_08/report.xml,12212,a0091e45da78b4ba9abee5f5fd6738860edb521bcd745ba6f029626eb71f5001
raw/archives/zaleplon.tar.gz,zaleplon/alpha1/2026091903/pose_09/ligand.sdf,3299,b9a3109f314536c3656c114f98d65f60a0c57c469926c5e55bcba3ccb0060bd6
raw/archives/zaleplon.tar.gz,zaleplon/alpha1/2026091903/pose_09/pose_status.json,569,39708f6c9c0a3df7e0fd15cc2615f282dc6d58dcd588bdc921974c2f493fc90f
raw/archives/zaleplon.tar.gz,zaleplon/alpha1/2026091903/pose_09/report.txt,3928,a8b12dff41e91764f0ae36733a8569758e72f9a6755735c6cf5bc390c19dc7c4
raw/archives/zaleplon.tar.gz,zaleplon/alpha1/2026091903/pose_09/report.xml,10436,5b5086d6ad3ab24d27b3e6d00d96b662500e2284cb8982eb71a6ed7d76a12300
raw/archives/zaleplon.tar.gz,zaleplon/alpha1/2026091903/pose_manifest.json,5404,466ee0fba305f806bf411bea5b0591f7873480a7fbfbaa10b01a9ab5c9f75ff5
raw/archives/zaleplon.tar.gz,zaleplon/alpha1/2026091903/poses.pdbqt,21969,adf1566b494673f095b6285f16f99d2a6787aca707f04691c0ebab688872ad21
raw/archives/zaleplon.tar.gz,zaleplon/alpha1/2026091903/vina.log,2384,c2700ec38ae1e4be83cd711a6450bc54b6fbec565728a9ca0b658f4b479f14b1
raw/archives/zaleplon.tar.gz,zaleplon/alpha1/2026091904/docking.json,1527,807785475e0e8f6db6ac81f00681f4c03bc6cd9732207efb61dc29ab27a6b435
raw/archives/zaleplon.tar.gz,zaleplon/alpha1/2026091904/interactions.json,53790,9b09bb66155e49a3af0d9731c0f18a46419fc0a5a697387ec55a37c1f70088bf
raw/archives/zaleplon.tar.gz,zaleplon/alpha1/2026091904/plip.log,1872,b4fe79895b31871c5a05f554e147aebe481d01d306948e0b1736454c8edf8ab4
raw/archives/zaleplon.tar.gz,zaleplon/alpha1/2026091904/plip_done.json,29,bef149d6b4bcd0e8393fac45503362a862d45eadcceff434b3d9640f4b008ec4
raw/archives/zaleplon.tar.gz,zaleplon/alpha1/2026091904/pose_01/ligand.sdf,3299,a112e3850741839eafe6a0157d7515684a4c41d7e4fb0fe0c6315718eb1fb897
raw/archives/zaleplon.tar.gz,zaleplon/alpha1/2026091904/pose_01/pose_status.json,569,5b514c65c87ebf4d034fb3b3364454ce3149358cdcd5408c45757dc955694eb3
raw/archives/zaleplon.tar.gz,zaleplon/alpha1/2026091904/pose_01/report.txt,5061,812cf72828cd6782b78a86b56570a72158ddb84c9358ad19008731c9a132e961
raw/archives/zaleplon.tar.gz,zaleplon/alpha1/2026091904/pose_01/report.xml,12718,0ed185c6265f30395532d4c6aa132c6d32d5c877da2134a45f9b898490892cd2
raw/archives/zaleplon.tar.gz,zaleplon/alpha1/2026091904/pose_02/ligand.sdf,3299,da9abb8006431abe2dd000822c6c5930c4367cfb3bd9586447645190e7996fd7
raw/archives/zaleplon.tar.gz,zaleplon/alpha1/2026091904/pose_02/pose_status.json,569,25dbf84983d615d96737c56dcd066824b88cde2d46e966f37ae3a7f53aaa09ea
raw/archives/zaleplon.tar.gz,zaleplon/alpha1/2026091904/pose_02/report.txt,4728,62237c89df67b261302f5eec9f0b2fa0dce2a2b75a16f2c62737ac0b6d0c1de4
raw/archives/zaleplon.tar.gz,zaleplon/alpha1/2026091904/pose_02/report.xml,12321,d4c5b7b80526b90809465621ad0bf8e67168a7d67fafd0925e21a3c4a72e63a1
raw/archives/zaleplon.tar.gz,zaleplon/alpha1/2026091904/pose_03/ligand.sdf,3299,fc8dffd6858ef14d8e698cd99ab3ff35d28d8ed91b3964888efe5302ff71a57c
raw/archives/zaleplon.tar.gz,zaleplon/alpha1/2026091904/pose_03/pose_status.json,569,af84d1c688102733d5ff237ca7ab60264a76abdb024e42cb9a2bd4138c22cd41
raw/archives/zaleplon.tar.gz,zaleplon/alpha1/2026091904/pose_03/report.txt,5608,c79a186ac3fc85c175c14921c489ba08326304f301f30a31b0127cf1a41ef2f3
raw/archives/zaleplon.tar.gz,zaleplon/alpha1/2026091904/pose_03/report.xml,12889,61f5efa17744e60493dd2abbfaa3bc40f08c4bf8eab5c800fb9b0c82f1a834dd
raw/archives/zaleplon.tar.gz,zaleplon/alpha1/2026091904/pose_04/ligand.sdf,3299,17002c94d04ba7647b622eb1d654e0948b3115ac55ae09f938ad8c1379419e18
raw/archives/zaleplon.tar.gz,zaleplon/alpha1/2026091904/pose_04/pose_status.json,570,f91081dbcd63a330208c0d12fe3858a767d79e6e6495cb2b77bfb7d96d1ff678
raw/archives/zaleplon.tar.gz,zaleplon/alpha1/2026091904/pose_04/report.txt,6194,5e18a42c661bf805da759a4b03d73cb8896b21a15865ceadb1b31d39bf8eefab
raw/archives/zaleplon.tar.gz,zaleplon/alpha1/2026091904/pose_04/report.xml,15048,57c555f1b07883612ef0fe74448a3233d43b3cd086420fc7a19761d2448da488
raw/archives/zaleplon.tar.gz,zaleplon/alpha1/2026091904/pose_05/ligand.sdf,3299,c6255297d744a7111c6d0e38493fd64389a626ac4db560c49f76dffee1016852
raw/archives/zaleplon.tar.gz,zaleplon/alpha1/2026091904/pose_05/pose_status.json,569,709f1250160a1ce23c203d4870d0331b867282523cbeba27cce106867c09abf8
raw/archives/zaleplon.tar.gz,zaleplon/alpha1/2026091904/pose_05/report.txt,4261,16d2887db0e08702b18d3c72ea4c64b550d8459735a300b6dad7104f82c7bf37
raw/archives/zaleplon.tar.gz,zaleplon/alpha1/2026091904/pose_05/report.xml,11084,a032435f7ca91393ee6eaa13c34d90e45c23c3d033f20ef51b8b6811056c09d6
raw/archives/zaleplon.tar.gz,zaleplon/alpha1/2026091904/pose_06/ligand.sdf,3299,837798608dbd01a1c8bd171ead342dc80a1f169cb43ede123ac6997d1842abe2
raw/archives/zaleplon.tar.gz,zaleplon/alpha1/2026091904/pose_06/pose_status.json,569,7cb91181d2c24587b9d1e9c74a8b9f00568a5d1d0fdc5c827f40ee9d06f62b31
raw/archives/zaleplon.tar.gz,zaleplon/alpha1/2026091904/pose_06/report.txt,4060,ae92feb079f7424f7c2fa80d8658fc8b955f341a11fc71c4ab31b1de3a5d5b84
raw/archives/zaleplon.tar.gz,zaleplon/alpha1/2026091904/pose_06/report.xml,10468,912d3a806f52e1f0eb806ddd0ae120dda257b5536095c54cdbffc6919db5b872
raw/archives/zaleplon.tar.gz,zaleplon/alpha1/2026091904/pose_07/ligand.sdf,3299,cd7576876c1be6e238eeddf4f3cda63ceca4aa3aa63d2a8d7829dbf93092c5f5
raw/archives/zaleplon.tar.gz,zaleplon/alpha1/2026091904/pose_07/pose_status.json,570,4d4e39a9a166db71bbf38c0fd8105b2b6207359ee02d580f1f5fcde2e406a705
raw/archives/zaleplon.tar.gz,zaleplon/alpha1/2026091904/pose_07/report.txt,6473,d21d58c17fac13b33a75e781ceb1fbad55cb5404c2bbfe2b6a334bf019a8de7f
raw/archives/zaleplon.tar.gz,zaleplon/alpha1/2026091904/pose_07/report.xml,14158,4b610952bfe0ed968e30668a9ed366506a973615115da000e3ff2dd4415eb1d4
raw/archives/zaleplon.tar.gz,zaleplon/alpha1/2026091904/pose_08/ligand.sdf,3299,5fc9d52e968c7a00e59c2a23390314fa600438766b2560c38317a0000637e3f9
raw/archives/zaleplon.tar.gz,zaleplon/alpha1/2026091904/pose_08/pose_status.json,569,3b41408e3a3225ba69bbe0f63c2c3e91abc6d6c8ca814f93ac7dc5836fd956b6
raw/archives/zaleplon.tar.gz,zaleplon/alpha1/2026091904/pose_08/report.txt,3595,faf2c934d4c4a21f26961f4f808a1bb962b7c2b3445670042597e1780c088a5e
raw/archives/zaleplon.tar.gz,zaleplon/alpha1/2026091904/pose_08/report.xml,9788,7d47942f6e401f738f4a562219e83a89282cabbc83a5ed55e1116a10b8dc4d0a
raw/archives/zaleplon.tar.gz,zaleplon/alpha1/2026091904/pose_09/ligand.sdf,3299,6f9d46eac281f7984d27b1034f57cb80e93565255d0dea04ecf6d3f3ce4513dc
raw/archives/zaleplon.tar.gz,zaleplon/alpha1/2026091904/pose_09/pose_status.json,569,7eb5585eb311686991fb7efab0b3c91103155c7a3b8e797d3fb5f2322ed58aa4
raw/archives/zaleplon.tar.gz,zaleplon/alpha1/2026091904/pose_09/report.txt,3727,a234a9db227b2633b5f16938920cbcaea9dc6a96ddfa03cc78b5b8235893937d
raw/archives/zaleplon.tar.gz,zaleplon/alpha1/2026091904/pose_09/report.xml,9864,90ffef996647182a757a54e561af03dd969470adfc424f75dfbca5051fca55e0
raw/archives/zaleplon.tar.gz,zaleplon/alpha1/2026091904/pose_manifest.json,5405,841ade1a1a5d8aabea1c83a0f5a5b8a7b1e3a3cd4acccfd022830f2daf2493ac
raw/archives/zaleplon.tar.gz,zaleplon/alpha1/2026091904/poses.pdbqt,21969,db733a84be7f0dc722423a7037c6051eac7744c8ca9fe16f9ffdf2203867be1a
raw/archives/zaleplon.tar.gz,zaleplon/alpha1/2026091904/vina.log,2384,8497fb00eb31274328720f0f7297dbf8c0a0a17acb1835940b889eacd4c53529
raw/archives/zaleplon.tar.gz,zaleplon/alpha1/2026091905/docking.json,1527,3dfd8fcc7e2c551c02e05cc893f455c16644d299803e4d50bcbf0fbfba97e5ae
raw/archives/zaleplon.tar.gz,zaleplon/alpha1/2026091905/interactions.json,69422,9c4f05c4937a6d10d5fa25d61001d6f50a4f64217f1c7cbb80a5b4d009284823
raw/archives/zaleplon.tar.gz,zaleplon/alpha1/2026091905/plip.log,1872,a80d79e52925f51bbe2ac75be2aaf5b1968c2afc12129e71fa2a8c4bd2ad9ae8
raw/archives/zaleplon.tar.gz,zaleplon/alpha1/2026091905/plip_done.json,29,bef149d6b4bcd0e8393fac45503362a862d45eadcceff434b3d9640f4b008ec4
raw/archives/zaleplon.tar.gz,zaleplon/alpha1/2026091905/pose_01/ligand.sdf,3299,5e509900449fd6a67d0a751441f66134a2558d150e55ca178ff0e2c479ff5065
raw/archives/zaleplon.tar.gz,zaleplon/alpha1/2026091905/pose_01/pose_status.json,569,366097db922c43721ca2f827dbe38760db5a0b2be3c3b22dc2a96e6fbc379db5
raw/archives/zaleplon.tar.gz,zaleplon/alpha1/2026091905/pose_01/report.txt,5061,15910e100a5029f03c1487294399030ba5d28202541510a955950026e3dac934
raw/archives/zaleplon.tar.gz,zaleplon/alpha1/2026091905/pose_01/report.xml,12718,2d1d4ccb09fd114c00c25d78692c3338dcb4e8ac4c7e648ccd685eaf11edd85b
raw/archives/zaleplon.tar.gz,zaleplon/alpha1/2026091905/pose_02/ligand.sdf,3299,f634d2f2a99d0691027a5247fcac8a65fe00ef920ecfc5a32894ef9d67c3dbb5
raw/archives/zaleplon.tar.gz,zaleplon/alpha1/2026091905/pose_02/pose_status.json,569,cf554df87c10a95eaf4bc70f2d6e7eda5fb69123aba2521a532e9e39e06ba8ad
raw/archives/zaleplon.tar.gz,zaleplon/alpha1/2026091905/pose_02/report.txt,5061,47c71fc227de668451ee5736761fdcfe1629893a40e54e52d1d90b52abf1c4af
raw/archives/zaleplon.tar.gz,zaleplon/alpha1/2026091905/pose_02/report.xml,12969,dccbee81de0166d3f58c92f00a63c20f1e0e2a6f874111d822b908d32c7089dd
raw/archives/zaleplon.tar.gz,zaleplon/alpha1/2026091905/pose_03/ligand.sdf,3299,c532bc062f236b21831a7ed0b6258db01d7d10d7b4e455ccb438227395fe7dba
raw/archives/zaleplon.tar.gz,zaleplon/alpha1/2026091905/pose_03/pose_status.json,569,40bb34c4cdb17ccd13bbaa08c8b074e4dbb77d93681e1958e46d9a72bbf8123c
raw/archives/zaleplon.tar.gz,zaleplon/alpha1/2026091905/pose_03/report.txt,5941,032e92a76d142c458e6ca794227b6e0d6504b847dbc47e075a904b7433bb98c5
raw/archives/zaleplon.tar.gz,zaleplon/alpha1/2026091905/pose_03/report.xml,13453,56a5dc66a5fe2c0dc3964eae02a7cae08977ab546c155025a8a35edd4abc4b6b
raw/archives/zaleplon.tar.gz,zaleplon/alpha1/2026091905/pose_04/ligand.sdf,3299,4bd66453b699636bc91cdb3ec073efb064ae7e2b6677dcf31472e61133f17aa1
raw/archives/zaleplon.tar.gz,zaleplon/alpha1/2026091905/pose_04/pose_status.json,569,7893c14143d5202bc667604292b0cf3477070e525164cc241913706a67bf2a53
raw/archives/zaleplon.tar.gz,zaleplon/alpha1/2026091905/pose_04/report.txt,4594,9c2172efd720a2f1cfafdeceadef7d60290bf517621311a51d09cf01a501ed96
raw/archives/zaleplon.tar.gz,zaleplon/alpha1/2026091905/pose_04/report.xml,11648,b0339c9a7141940859f4083f22c55db49e34fe950f750f21f72fbe2ee54aa51e
raw/archives/zaleplon.tar.gz,zaleplon/alpha1/2026091905/pose_05/ligand.sdf,3299,65fde1393489541ceb80cc92b6646a05be2d1240aeb07b28ff5c07fcb2aad2b0
raw/archives/zaleplon.tar.gz,zaleplon/alpha1/2026091905/pose_05/pose_status.json,569,55c2070e8ef87368a7a77e8bed945f3ff539cb36672ce44f6fee5da2ba575cea
raw/archives/zaleplon.tar.gz,zaleplon/alpha1/2026091905/pose_05/report.txt,4395,1b3503f6a4329d19ce6bc0f9da66499b65ed611f82016322c23bc6f9e6685803
raw/archives/zaleplon.tar.gz,zaleplon/alpha1/2026091905/pose_05/report.xml,11170,f71ea38c1ff6f91da3d1463d0627c8a8b496500921c3d0ffe2746cbc3bdd407c
raw/archives/zaleplon.tar.gz,zaleplon/alpha1/2026091905/pose_06/ligand.sdf,3299,bad586ffd81c072bbfb29c9c4952213f36be88a470f90982f2b6959770773dee
raw/archives/zaleplon.tar.gz,zaleplon/alpha1/2026091905/pose_06/pose_status.json,570,db396b15e13a964b9cba432f435edcaa0e61cd17d4bb8ecfe43182b6d749152d
raw/archives/zaleplon.tar.gz,zaleplon/alpha1/2026091905/pose_06/report.txt,8505,484193f2b24984ef79008a9771759907cffb1c1dbacf1a8d72671f8a6425d67c
raw/archives/zaleplon.tar.gz,zaleplon/alpha1/2026091905/pose_06/report.xml,17588,1d9ecf687b6fda38571ece8126a3fc73418aee0becb6d76457a7fc19f4465576
raw/archives/zaleplon.tar.gz,zaleplon/alpha1/2026091905/pose_07/ligand.sdf,3299,4f46d296660088431a5d866d271f7d96477cb82fd8a3b69d74e561a6275b0f91
raw/archives/zaleplon.tar.gz,zaleplon/alpha1/2026091905/pose_07/pose_status.json,570,273174acff7bd73bbcc72b1cecfd6bdfa89846b05b7f53119bbe6f410a71e81d
raw/archives/zaleplon.tar.gz,zaleplon/alpha1/2026091905/pose_07/report.txt,7228,a261f9fc11d1acae25520bec7a8db12d9bd9a10f6c369b8b2b296a2044e0d72a
raw/archives/zaleplon.tar.gz,zaleplon/alpha1/2026091905/pose_07/report.xml,15135,68cb6ab54a700002de0d8e99c80f505fae4c83854876ce6ed88a21a67761f63e
raw/archives/zaleplon.tar.gz,zaleplon/alpha1/2026091905/pose_08/ligand.sdf,3299,ebf9c2d84417c7576d083a6496b5dfdf164a11879f3d855e441ce7e4c8d03869
raw/archives/zaleplon.tar.gz,zaleplon/alpha1/2026091905/pose_08/pose_status.json,570,5671eaaebb6f08d4526e21280229e7942b55526ebebb9291ea581eb726faadfc
raw/archives/zaleplon.tar.gz,zaleplon/alpha1/2026091905/pose_08/report.txt,7094,31c5322519266b9a344c40a545096957cbe1329617529bb028096263c3c8a30d
raw/archives/zaleplon.tar.gz,zaleplon/alpha1/2026091905/pose_08/report.xml,15216,8087fbf89d4ae5988e3a9edf9aabd524d58fe5aeb3b77aa5f91130340d455cf5
raw/archives/zaleplon.tar.gz,zaleplon/alpha1/2026091905/pose_09/ligand.sdf,3299,9da8782635eeafcd6e789260178d65b8206378bbc9442bb4ef251e4ccc5d4984
raw/archives/zaleplon.tar.gz,zaleplon/alpha1/2026091905/pose_09/pose_status.json,569,b3ab838ac98f3a6b2629d937df6d207c30fb855d7f6f1b35f8867567b0ab8d2d
raw/archives/zaleplon.tar.gz,zaleplon/alpha1/2026091905/pose_09/report.txt,5807,fe836556d705ebb2bfb16344a4abab37fdde54dc2284fb6c378d9c50160de6b1
raw/archives/zaleplon.tar.gz,zaleplon/alpha1/2026091905/pose_09/report.xml,12861,45efd2f13de5b84f1a9b6327f25d9d0324a68e9a2090e588bbe30df34f500468
raw/archives/zaleplon.tar.gz,zaleplon/alpha1/2026091905/pose_manifest.json,5406,28d180a2666055a84ab7c3fbbab9d443b322c76a196fba5c220dc63212392f2e
raw/archives/zaleplon.tar.gz,zaleplon/alpha1/2026091905/poses.pdbqt,21969,fcc580d9e9f38929a4692ca002ec5cef789bb2cedfc0790fd6fa98cd4f84a16c
raw/archives/zaleplon.tar.gz,zaleplon/alpha1/2026091905/vina.log,2384,2c759afa16e998d6a6570c034e220b4da46d616cab7eb615b2def34cbe5abc41
raw/archives/zaleplon.tar.gz,zaleplon/alpha2/2026091901/docking.json,1525,b066a63ff5f341bf97ecc9f3bf0d5d7c523368bd46260a8cace0db33166ecd7f
raw/archives/zaleplon.tar.gz,zaleplon/alpha2/2026091901/interactions.json,47945,43cb1e65e2a2612e96124e02a93e741175a5ce100eacea6ce93a226ec6bd1db4
raw/archives/zaleplon.tar.gz,zaleplon/alpha2/2026091901/plip.log,1872,e2a3e2ce76854bd466d9d318ed9ddf1a0930bc5e0853a2fab16fbdb1f7a12bd8
raw/archives/zaleplon.tar.gz,zaleplon/alpha2/2026091901/plip_done.json,29,bef149d6b4bcd0e8393fac45503362a862d45eadcceff434b3d9640f4b008ec4
raw/archives/zaleplon.tar.gz,zaleplon/alpha2/2026091901/pose_01/ligand.sdf,3299,52d1e2f0f3643c397818d7bec08ff2522b19452606222fd59ba3815960816823
raw/archives/zaleplon.tar.gz,zaleplon/alpha2/2026091901/pose_01/pose_status.json,569,a3ea0aa3f8b74b142bbd2bf54bb8502db1c680b1d9bdc3f2fed1438479fd0b4a
raw/archives/zaleplon.tar.gz,zaleplon/alpha2/2026091901/pose_01/report.txt,3579,aa9527b3ed54667e8dcf7accf768ececb8288ea7f46cd7d93eaeda791bae22ea
raw/archives/zaleplon.tar.gz,zaleplon/alpha2/2026091901/pose_01/report.xml,9612,a96aefe15cc7bf968a23e0e6dc7b8e0e3b5261b5bc11b66e4572843c26ae6a58
raw/archives/zaleplon.tar.gz,zaleplon/alpha2/2026091901/pose_02/ligand.sdf,3299,17405e6f9ae5c0c081ce98819a0e002d31921995badad529f6fb3a1b9b63ce9a
raw/archives/zaleplon.tar.gz,zaleplon/alpha2/2026091901/pose_02/pose_status.json,570,f7e4383b338ed17c9c24617af2bbbc44dd5cdfcd0923e8d1015f4ab8bae33bbc
raw/archives/zaleplon.tar.gz,zaleplon/alpha2/2026091901/pose_02/report.txt,7851,40582aff5d67bdf15e0c38faf4e490993d1d5a086add8dfcfac8e146be5a5143
raw/archives/zaleplon.tar.gz,zaleplon/alpha2/2026091901/pose_02/report.xml,16616,e2e5646ea36db1a4690cad68a192b3ac280c0260424b7bdf0ca0f1f14dfb0510
raw/archives/zaleplon.tar.gz,zaleplon/alpha2/2026091901/pose_03/ligand.sdf,3299,a64a4d3b2c77800bec71343c42242b45da694727fd5cd7f9e2148a09a8931587
raw/archives/zaleplon.tar.gz,zaleplon/alpha2/2026091901/pose_03/pose_status.json,570,1f84f6ac4c26f7d24290299546b9776e40b180d0407d69eaecf42eeebaf4432c
raw/archives/zaleplon.tar.gz,zaleplon/alpha2/2026091901/pose_03/report.txt,5204,20bc5cd586e396166d6203f77573bffa6efd14237b80debf22bed3fcbc66a809
raw/archives/zaleplon.tar.gz,zaleplon/alpha2/2026091901/pose_03/report.xml,12975,b7cac19b4c70bc558c1408cfe65e3df0b4524fd1842b71cbc02b70a1bb3a7174
raw/archives/zaleplon.tar.gz,zaleplon/alpha2/2026091901/pose_04/ligand.sdf,3299,2d3ac40898789acfe1c4f524f18c6b77e2d26bc7f268b61df3a7a17b055d6732
raw/archives/zaleplon.tar.gz,zaleplon/alpha2/2026091901/pose_04/pose_status.json,569,6d2102129e5e3f2f184a907459892b3bbe383980e8da7895a88dcfa956631aa1
raw/archives/zaleplon.tar.gz,zaleplon/alpha2/2026091901/pose_04/report.txt,3549,b6927dbdc04e51a6b3c5f4818340c410d7e85448a3fb627e053884f834fc3326
raw/archives/zaleplon.tar.gz,zaleplon/alpha2/2026091901/pose_04/report.xml,9829,bb76dade103c797ea08aa84d17c9e1fede0df9bd7796c33e48354636bf645b2b
raw/archives/zaleplon.tar.gz,zaleplon/alpha2/2026091901/pose_05/ligand.sdf,3299,e1369a2c2b77ead69b2e5d48a93d6117cd73bc54ea47e749c087f8ac463fa3c2
raw/archives/zaleplon.tar.gz,zaleplon/alpha2/2026091901/pose_05/pose_status.json,569,e3f6736f482cc84bb9f4c9940d54a8c3eb89a03cb72a611316d83b4d6db8f37a
raw/archives/zaleplon.tar.gz,zaleplon/alpha2/2026091901/pose_05/report.txt,3723,ecb113af977238289e46579aae392a456b24082dfabc03ec5ad21fe45c7b9938
raw/archives/zaleplon.tar.gz,zaleplon/alpha2/2026091901/pose_05/report.xml,11363,55cbc88c273fc4d354ec27ccdc7d3656db9aa71893be2d199f0a2fcdf7fe02a5
raw/archives/zaleplon.tar.gz,zaleplon/alpha2/2026091901/pose_06/ligand.sdf,3299,64cdae0355cdb7b65f403c6cbdf67d7fb66c10903bb9441387f404e780ba0c79
raw/archives/zaleplon.tar.gz,zaleplon/alpha2/2026091901/pose_06/pose_status.json,569,0bdb4df7dd0b31062feefd0b3a028b6fe8e4fa895fa57f9443596c4d92619d1a
raw/archives/zaleplon.tar.gz,zaleplon/alpha2/2026091901/pose_06/report.txt,5399,49a8ada0af5be7936afb0c55021c637dcaedaf5589b135b6cfe455f7ed5dd8e1
raw/archives/zaleplon.tar.gz,zaleplon/alpha2/2026091901/pose_06/report.xml,11996,c0f5739a932fb123614106e4f6411b89eb46effa19f90d6a50306961b6ae526a
raw/archives/zaleplon.tar.gz,zaleplon/alpha2/2026091901/pose_07/ligand.sdf,3299,15e8cd4d35153c8a76c33362641f51bd9da2bb481a5ffb3a2ab4994193301507
raw/archives/zaleplon.tar.gz,zaleplon/alpha2/2026091901/pose_07/pose_status.json,569,ef1e6a60e8d0fd3e4c9dee135020b50af1d0375710d5c9060f82a045be8d8f66
raw/archives/zaleplon.tar.gz,zaleplon/alpha2/2026091901/pose_07/report.txt,4362,dc1a7ca1cecce57826664914e78372981010941dda81ae1f2e43d6436b1a8826
raw/archives/zaleplon.tar.gz,zaleplon/alpha2/2026091901/pose_07/report.xml,11423,b1e2dd5eec740762fa089b6c625fefa3396b97a4b6dd649ebcb0bcea85b14516
raw/archives/zaleplon.tar.gz,zaleplon/alpha2/2026091901/pose_08/ligand.sdf,3299,1d93abf96585e2897b213dcebe9ecd4549aa8f590d8b7e6af63cffbef54816e3
raw/archives/zaleplon.tar.gz,zaleplon/alpha2/2026091901/pose_08/pose_status.json,569,f98a6b80f1305f996bdda6951b8bdb434e835e6ec9b89c1d7dda996e913fbd22
raw/archives/zaleplon.tar.gz,zaleplon/alpha2/2026091901/pose_08/report.txt,3574,abb23760e4212052f7bfbeda38a62bceaf5998770e3e68de8c9021ab4646cfa6
raw/archives/zaleplon.tar.gz,zaleplon/alpha2/2026091901/pose_08/report.xml,9861,ac7339cb1302c248cb61032e5c132836b89fffa54034826b4fe14c1a16006794
raw/archives/zaleplon.tar.gz,zaleplon/alpha2/2026091901/pose_09/ligand.sdf,3299,29c5dd4ed1f153d7f6b08ae1a94aabea50707e06388fcac977239bbb61236b99
raw/archives/zaleplon.tar.gz,zaleplon/alpha2/2026091901/pose_09/pose_status.json,569,e445a4e7704870fa1d5d53978e9841f69ec40a5e651a10dd651eb8fa34c6605d
raw/archives/zaleplon.tar.gz,zaleplon/alpha2/2026091901/pose_09/report.txt,1399,2755dd330b1b5c27f154425379115ca7b0720f8351d13ff8b9c4d598810eb2a8
raw/archives/zaleplon.tar.gz,zaleplon/alpha2/2026091901/pose_09/report.xml,6453,a9ec0c27b83f219293342855d78713f4ce3035beaf8e02d14ced73a59db0dcb2
raw/archives/zaleplon.tar.gz,zaleplon/alpha2/2026091901/pose_manifest.json,5405,5069db998a138bda6205499e4f1f836bcc1a20520f4b2ba472303fcf75ad66a9
raw/archives/zaleplon.tar.gz,zaleplon/alpha2/2026091901/poses.pdbqt,21969,ef370b63972a00d633b37032180a4a9c6cb26348d2e35ac1ea3633d530ef2f88
raw/archives/zaleplon.tar.gz,zaleplon/alpha2/2026091901/vina.log,2384,bc7cd35926c27d0d6dd8dd40c80521a77cff8ea3c06c43d158121f14a487d889
raw/archives/zaleplon.tar.gz,zaleplon/alpha2/2026091902/docking.json,1525,53ef6b1dd8fd013a867296bb30e14de3c53529a6b4fb4750cb69294660c945f3
raw/archives/zaleplon.tar.gz,zaleplon/alpha2/2026091902/interactions.json,49548,123904971e34158889ef2168b0a17d50e4623c55929ce87b578405cdf1821123
raw/archives/zaleplon.tar.gz,zaleplon/alpha2/2026091902/plip.log,1872,2561f4a749da86d4aa3a77b9c476a5846ee243617e0f56c0bf889587a82bfa3e
raw/archives/zaleplon.tar.gz,zaleplon/alpha2/2026091902/plip_done.json,29,bef149d6b4bcd0e8393fac45503362a862d45eadcceff434b3d9640f4b008ec4
raw/archives/zaleplon.tar.gz,zaleplon/alpha2/2026091902/pose_01/ligand.sdf,3299,1507a5e1551a7f5ed90e4e20ea0a82a7f069edbeb5ab1e8ddee57627e716250d
raw/archives/zaleplon.tar.gz,zaleplon/alpha2/2026091902/pose_01/pose_status.json,569,64fe440aa1b1a2a9cc23d144ad0b2064a9e3234f28492446af024b525c53b4d8
raw/archives/zaleplon.tar.gz,zaleplon/alpha2/2026091902/pose_01/report.txt,3579,469ef21feac357362b93ed6e762406049421dad3f8d2082562536a42a9bcdd8c
raw/archives/zaleplon.tar.gz,zaleplon/alpha2/2026091902/pose_01/report.xml,9612,3c9688bc7cc10959b3a8d8a8d9736f73f9214d452dfa4f0cf52bc294016a4e32
raw/archives/zaleplon.tar.gz,zaleplon/alpha2/2026091902/pose_02/ligand.sdf,3299,89122c9316452bd125a220c7ee0314172c9e064ebe601a3e4e2b4bbbde1d998c
raw/archives/zaleplon.tar.gz,zaleplon/alpha2/2026091902/pose_02/pose_status.json,570,edd1d2742f7dea3f391be6c1c97261f08ae7a3d5cacf63ddc5fa7f1cd3b83f42
raw/archives/zaleplon.tar.gz,zaleplon/alpha2/2026091902/pose_02/report.txt,7851,5731e60f4b4b39cf3caf99f5baa25745f447cba6d772078e8c6311e110134738
raw/archives/zaleplon.tar.gz,zaleplon/alpha2/2026091902/pose_02/report.xml,16532,7c62ac656755f53c2ac9e556a362e2b9f17de7f847fea17e1af07c5bdb8bcc7e
raw/archives/zaleplon.tar.gz,zaleplon/alpha2/2026091902/pose_03/ligand.sdf,3299,8ee389c84ad06151dc0c80e71aa09360d10f221f0c6a08b743298f04a037fcfb
raw/archives/zaleplon.tar.gz,zaleplon/alpha2/2026091902/pose_03/pose_status.json,569,1ce195fe9c6c302d4893c594db3d3cc11540c7bb6d44cb5ba67c52bf95ed546c
raw/archives/zaleplon.tar.gz,zaleplon/alpha2/2026091902/pose_03/report.txt,5108,c1db3d1143e999b14cea355dbbd9f02599217fdaaaf87eeff872e6dd41ef270c
raw/archives/zaleplon.tar.gz,zaleplon/alpha2/2026091902/pose_03/report.xml,11552,1f6eb33d2f6f7fc5790907b595c42a22d27cbde984e2ab784de3e682f0a85038
raw/archives/zaleplon.tar.gz,zaleplon/alpha2/2026091902/pose_04/ligand.sdf,3299,fdf6b3afdd662ee286d725618cc8cb594f3bcb5525aac5d709b3b236ff529533
raw/archives/zaleplon.tar.gz,zaleplon/alpha2/2026091902/pose_04/pose_status.json,570,b88aad97279492cdb9c60112835db5499915fd5dee0b58924aa2fe9d15a1b202
raw/archives/zaleplon.tar.gz,zaleplon/alpha2/2026091902/pose_04/report.txt,6676,5b32c07c833dc228c1e9471558c1bcf593688380ed66e105027acc079cedb776
raw/archives/zaleplon.tar.gz,zaleplon/alpha2/2026091902/pose_04/report.xml,15113,f4c791abdd6982d15660d5cbb703a050aecf37c4be10577491e32e837b2b88c9
raw/archives/zaleplon.tar.gz,zaleplon/alpha2/2026091902/pose_05/ligand.sdf,3299,9621d60f16922d91a8801c9a7fc31a5adc8a60fc5258ed27e925aab27206af4f
raw/archives/zaleplon.tar.gz,zaleplon/alpha2/2026091902/pose_05/pose_status.json,570,fca794bbba537abd4f17fb1ed04f46109eda477d3e880bba0fcb2f0bb20e3e10
raw/archives/zaleplon.tar.gz,zaleplon/alpha2/2026091902/pose_05/report.txt,6375,582f82ad1198100b164a1428aa890e8603f0e6b53adba8755267d95b7c8a58eb
raw/archives/zaleplon.tar.gz,zaleplon/alpha2/2026091902/pose_05/report.xml,13996,4fcf3fef9f9ee8acfcf5bbaed92b358386885342b6852049257623ac46f596d8
raw/archives/zaleplon.tar.gz,zaleplon/alpha2/2026091902/pose_06/ligand.sdf,3299,e4bff22be3d0b1c28923208503ffb352faeb106bf88b4a0c169462c523d54163
raw/archives/zaleplon.tar.gz,zaleplon/alpha2/2026091902/pose_06/pose_status.json,569,667240392fa6cb6193ff01e7f33acb7b08ff86ad53b59bad72ae112146475721
raw/archives/zaleplon.tar.gz,zaleplon/alpha2/2026091902/pose_06/report.txt,2068,eaa9f8e4b37fa1cd4ceb93cbd5752e32d76915df7ac8e811a16a6fb9cb35ed02
raw/archives/zaleplon.tar.gz,zaleplon/alpha2/2026091902/pose_06/report.xml,7715,ec6233acfab5adde96ee39661377a3ee5919afc85dd6843fde7550a6e9112fb3
raw/archives/zaleplon.tar.gz,zaleplon/alpha2/2026091902/pose_07/ligand.sdf,3299,1b2895edd555e2b5b335a3ea43dd79ff94dfb8ba18542d9c6dbf952726bd2388
raw/archives/zaleplon.tar.gz,zaleplon/alpha2/2026091902/pose_07/pose_status.json,569,4c16888df15ff561670bf44771f9c9e7fdf92a4ec248330f3c2810b21d31ac9a
raw/archives/zaleplon.tar.gz,zaleplon/alpha2/2026091902/pose_07/report.txt,3574,18e61f89f538c50b75775cede2fb278abf65dd9937bf12d2e9f607d74b9d8256
raw/archives/zaleplon.tar.gz,zaleplon/alpha2/2026091902/pose_07/report.xml,9945,08b004536cf4370852cfc173e88051b95e35717f13317f9d0720e856b391ed8e
raw/archives/zaleplon.tar.gz,zaleplon/alpha2/2026091902/pose_08/ligand.sdf,3299,a3a9e01440e1fa5834f109f441dd598dc6af74aa54241a033b1a7bea45260f94
raw/archives/zaleplon.tar.gz,zaleplon/alpha2/2026091902/pose_08/pose_status.json,569,c089a05a6dd4a70057bbb20eeb9a47e346dfe638f65e614cb44fcf58a81b2643
raw/archives/zaleplon.tar.gz,zaleplon/alpha2/2026091902/pose_08/report.txt,2878,8db89b17ca9522d6737445c8c49f1dd27b3ffa3aa7338c2f1e0c8ece0ab3c379
raw/archives/zaleplon.tar.gz,zaleplon/alpha2/2026091902/pose_08/report.xml,8067,fc1a0af30518a0cdc8abeb06dc3c983fcbe6f34a3d0879d573ffbf94876427af
raw/archives/zaleplon.tar.gz,zaleplon/alpha2/2026091902/pose_09/ligand.sdf,3299,2b803f5a1454661a611ed68321fa3a6eda25d107b821dbeb6ed2bf51f90f2977
raw/archives/zaleplon.tar.gz,zaleplon/alpha2/2026091902/pose_09/pose_status.json,569,a0445fcec37698f0ccc44ca202ccec79daf6344f8fb7dfd55760f69b059eb7ea
raw/archives/zaleplon.tar.gz,zaleplon/alpha2/2026091902/pose_09/report.txt,2399,394c1f38ad71d68a3c1ffa6aa81ee6d83a56fac984501bdc0aac6ade2d398162
raw/archives/zaleplon.tar.gz,zaleplon/alpha2/2026091902/pose_09/report.xml,8444,7e7b0f05f52226af5d6a99539301e2bdfdd6ae754bc0b505a6534a20a10eb4fd
raw/archives/zaleplon.tar.gz,zaleplon/alpha2/2026091902/pose_manifest.json,5406,38f1d62187d9c5f039fd78b095f94956def69bdc67ca8a8f79b889d780be057f
raw/archives/zaleplon.tar.gz,zaleplon/alpha2/2026091902/poses.pdbqt,21969,635a525c7250fbf2b73d5af13d946c0560983e03260cc8c484e0c2db6e1c45b3
raw/archives/zaleplon.tar.gz,zaleplon/alpha2/2026091902/vina.log,2384,4e083453d97fc4815bc40d202f11f36fabc6e632136ae537eda3a5f397a99b47
raw/archives/zaleplon.tar.gz,zaleplon/alpha2/2026091903/docking.json,1525,37ae9c993bb082f76c6d75281568f80d809539451724ad1390569599e3e8da6b
raw/archives/zaleplon.tar.gz,zaleplon/alpha2/2026091903/interactions.json,44872,58f08a86362d2cdac73a15dd9d817aca7a841d6407ed2f1f495b310eff49c51f
raw/archives/zaleplon.tar.gz,zaleplon/alpha2/2026091903/plip.log,1872,92605534242ab3331f83eaab88947fc3bd224567aa751d693d4e64956bc211a7
raw/archives/zaleplon.tar.gz,zaleplon/alpha2/2026091903/plip_done.json,29,bef149d6b4bcd0e8393fac45503362a862d45eadcceff434b3d9640f4b008ec4
raw/archives/zaleplon.tar.gz,zaleplon/alpha2/2026091903/pose_01/ligand.sdf,3299,4031bc082e6bce614758599864d1684190cae9840b4e5805753d216f6c87445a
raw/archives/zaleplon.tar.gz,zaleplon/alpha2/2026091903/pose_01/pose_status.json,569,a89eadc6ab54aec9ec0b87740622b51d331ac1de944362d0ed8dc1d291a4ba6a
raw/archives/zaleplon.tar.gz,zaleplon/alpha2/2026091903/pose_01/report.txt,3239,8cbb0b515ccea00aada801d8c7bf5ff6a71ece8942f08556000844e345de5744
raw/archives/zaleplon.tar.gz,zaleplon/alpha2/2026091903/pose_01/report.xml,8882,9f2b3ea0a2462d7b2732a641ae6f1705e7b1208dff7a57b97627630c7064d21a
raw/archives/zaleplon.tar.gz,zaleplon/alpha2/2026091903/pose_02/ligand.sdf,3299,61824b0d4193af0f68cf48004c6784890a402df259ab82e494e5e9414e516c8b
raw/archives/zaleplon.tar.gz,zaleplon/alpha2/2026091903/pose_02/pose_status.json,569,6da52281dfa5874369e83c4b10244b89243fb099ab9adbf04ee0c193d9386687
raw/archives/zaleplon.tar.gz,zaleplon/alpha2/2026091903/pose_02/report.txt,5108,d1cef126ac016f67a9ceb4fbc3fadfa1483c078655680d1407dc3d805bf6d821
raw/archives/zaleplon.tar.gz,zaleplon/alpha2/2026091903/pose_02/report.xml,11468,efacc30674b3671a5b6fefb813a36b94069f4a7bb35240e609ff25559b48ce19
raw/archives/zaleplon.tar.gz,zaleplon/alpha2/2026091903/pose_03/ligand.sdf,3299,42ddb834776279405c0348af62df25ce0a6f06108c3ba279288eb44a2968531d
raw/archives/zaleplon.tar.gz,zaleplon/alpha2/2026091903/pose_03/pose_status.json,569,b1bc3efec48a3eb9e1d074312a415a6f804c29b1c448129ab20d6a57dee9ff1e
raw/archives/zaleplon.tar.gz,zaleplon/alpha2/2026091903/pose_03/report.txt,5444,cbffabc3340b5d7d4e64724bca88c46106606807c2b96cc853a2d1cbec2f1cb7
raw/archives/zaleplon.tar.gz,zaleplon/alpha2/2026091903/pose_03/report.xml,11866,3dd098a665bf14f2a0559fcf9d5a6d561cf65616c5b1b5655d117bad7f2ec455
raw/archives/zaleplon.tar.gz,zaleplon/alpha2/2026091903/pose_04/ligand.sdf,3299,e127b414f762fa52f47c619a00bce20b6b8e6d05b20693fd2eb338b5b4f04d46
raw/archives/zaleplon.tar.gz,zaleplon/alpha2/2026091903/pose_04/pose_status.json,570,f09d94d8545fc958be3733ebe0c2704ec0ea1453bc20733e463417870a9473cc
raw/archives/zaleplon.tar.gz,zaleplon/alpha2/2026091903/pose_04/report.txt,5699,499a0dcc9316287e166e433b72d511f4d8687b2f1deaeed8929007ac6e25c220
raw/archives/zaleplon.tar.gz,zaleplon/alpha2/2026091903/pose_04/report.xml,14163,9b7f41d96062dfdd95a594c227cdd6bdff47985421ab2615dca24c70c7f4adbf
raw/archives/zaleplon.tar.gz,zaleplon/alpha2/2026091903/pose_05/ligand.sdf,3299,7625a2c9856f82c7341931aaeab635c8168cdd32058add101fe6177e21c6416c
raw/archives/zaleplon.tar.gz,zaleplon/alpha2/2026091903/pose_05/pose_status.json,569,26c795fe8a873a3dba060fddccb6939afba94cdd33894a106b70a27c5cd91146
raw/archives/zaleplon.tar.gz,zaleplon/alpha2/2026091903/pose_05/report.txt,4900,770944efa322df78ad7e01acd0b999ff1cacd07f74210ef600fae69d1e49f513
raw/archives/zaleplon.tar.gz,zaleplon/alpha2/2026091903/pose_05/report.xml,11122,838368bb3e695c2e59d6acbba76e2815f476fe265d81795b611278d19e233588
raw/archives/zaleplon.tar.gz,zaleplon/alpha2/2026091903/pose_06/ligand.sdf,3299,1d5bd3baf36bbf06598faadb9e2b1ffbe576f5976e9646a8254837a7e936d292
raw/archives/zaleplon.tar.gz,zaleplon/alpha2/2026091903/pose_06/pose_status.json,570,a6574e7084aca28b8137304c54fa960c57344cc458e7b12670c5c5b253a9166e
raw/archives/zaleplon.tar.gz,zaleplon/alpha2/2026091903/pose_06/report.txt,6377,a47ad243d7ec7c6eb6ada7982dcd71fdc0678d3d9f3d2d815dae1ea4b9d59341
raw/archives/zaleplon.tar.gz,zaleplon/alpha2/2026091903/pose_06/report.xml,13732,0b927a82d2e57c934a7af791e2f8e04e1c82db918b17dec6adfcac3fe33ccca9
raw/archives/zaleplon.tar.gz,zaleplon/alpha2/2026091903/pose_07/ligand.sdf,3299,eab9fab42357a8ea7ce737896e61fbaa5552a6e4c67109ef3663b7249eebd8ac
raw/archives/zaleplon.tar.gz,zaleplon/alpha2/2026091903/pose_07/pose_status.json,569,001d1b1861fb0950bde0f1dd7d99b9190fe5e1d0134a28c4f9670c60793c42e3
raw/archives/zaleplon.tar.gz,zaleplon/alpha2/2026091903/pose_07/report.txt,4196,c5d9de4fbea3302a0f7ac10147b48ad412209084c440dc97965f92b5b8a03b1f
raw/archives/zaleplon.tar.gz,zaleplon/alpha2/2026091903/pose_07/report.xml,10869,1bf0d504f95d048f38b4f0073ddb51790d74e5eece3b045f9c503d772afd0b52
raw/archives/zaleplon.tar.gz,zaleplon/alpha2/2026091903/pose_08/ligand.sdf,3299,e07ba12856a40857f7fd564847fff278f2dcc2e38d92dbf108eb56429d520768
raw/archives/zaleplon.tar.gz,zaleplon/alpha2/2026091903/pose_08/pose_status.json,569,8e435fe4136e956af1de877824a3be1f6832c2e616aaaccf98aa9d773164a0b7
raw/archives/zaleplon.tar.gz,zaleplon/alpha2/2026091903/pose_08/report.txt,1399,019c89c0f8c2cfb871b2f70e8f736b61875428d3a3e42821c9d78a2e76760080
raw/archives/zaleplon.tar.gz,zaleplon/alpha2/2026091903/pose_08/report.xml,6454,f692fe6831daa9dcdef88ebce8e6953a1bfd44da6af542b3ec8691a178539cc5
raw/archives/zaleplon.tar.gz,zaleplon/alpha2/2026091903/pose_09/ligand.sdf,3299,ff5f164dfd7a0087091d73aa5d3f2af7b6bf07c57ff7848dd36ef19d450dc6d2
raw/archives/zaleplon.tar.gz,zaleplon/alpha2/2026091903/pose_09/pose_status.json,569,df3945f5759847347c3c95277773a8cee8c408c67e734af7e9147eac6f85f324
raw/archives/zaleplon.tar.gz,zaleplon/alpha2/2026091903/pose_09/report.txt,2399,f78a91bae1c18b0f8ad13bfb55c809d5ad61604f7779bdee2b9002d10b3303d6
raw/archives/zaleplon.tar.gz,zaleplon/alpha2/2026091903/pose_09/report.xml,8360,f8b568c177ad85accb8d95d8ecda10afd207a31124c8d7a7c162eaba7cf680cf
raw/archives/zaleplon.tar.gz,zaleplon/alpha2/2026091903/pose_manifest.json,5405,e6866951746d1b752a759d1ed62d7281f7917c163a594927524e8de7ffe00614
raw/archives/zaleplon.tar.gz,zaleplon/alpha2/2026091903/poses.pdbqt,21969,78054a3661da4fd28750026c0c33e6d5377778c11ca71e4f14670b9415eaf0a5
raw/archives/zaleplon.tar.gz,zaleplon/alpha2/2026091903/vina.log,2384,82483aca26b3ed27e8a52d9832852723c4aed58594693882257553aa91e62a3f
raw/archives/zaleplon.tar.gz,zaleplon/alpha2/2026091904/docking.json,1525,8c20516a6655608cee553577897dc3eceac7c392d4f967a572ebbde101b6d47a
raw/archives/zaleplon.tar.gz,zaleplon/alpha2/2026091904/interactions.json,49503,fcb38aa00e97530684244d6fa063af7c9f11f97da5f31638b11678730489b369
raw/archives/zaleplon.tar.gz,zaleplon/alpha2/2026091904/plip.log,1872,1c8a650a90f1ee30742049bfb18bb2fcaebd37827fe6da11c12bdfb8f7247e9a
raw/archives/zaleplon.tar.gz,zaleplon/alpha2/2026091904/plip_done.json,29,bef149d6b4bcd0e8393fac45503362a862d45eadcceff434b3d9640f4b008ec4
raw/archives/zaleplon.tar.gz,zaleplon/alpha2/2026091904/pose_01/ligand.sdf,3299,274d1a5a115007afaf619778aa94a76dfd3450348212ff4fdc9f0462fe7bb338
raw/archives/zaleplon.tar.gz,zaleplon/alpha2/2026091904/pose_01/pose_status.json,569,0c56d706ed6a3214a7c7adb7f16cf86bce483b84412d5ed734644b36a558f6eb
raw/archives/zaleplon.tar.gz,zaleplon/alpha2/2026091904/pose_01/report.txt,3579,ee42a0e2415153e09d44bbb640a897d53a07a5d79398754c250be5beeaf6628f
raw/archives/zaleplon.tar.gz,zaleplon/alpha2/2026091904/pose_01/report.xml,9613,1f4bf9ad6f3fa00cc2e818d0539f9a6b4bc31c25828af5195ddd10f4a8c5858b
raw/archives/zaleplon.tar.gz,zaleplon/alpha2/2026091904/pose_02/ligand.sdf,3299,cbd963a159cdad1205f4aa6b5582d2dd9d84d761d2e88bd582b120afdf56dba4
raw/archives/zaleplon.tar.gz,zaleplon/alpha2/2026091904/pose_02/pose_status.json,570,e3d5cc36bab83d2359abc69961a1f0acf83ef0fd705792d20cd8437301cec339
raw/archives/zaleplon.tar.gz,zaleplon/alpha2/2026091904/pose_02/report.txt,7851,95bcb457dd7792bfa9ce7e57aa352685e3c7aa5bb49dbfe5d306b0db32ebbae2
raw/archives/zaleplon.tar.gz,zaleplon/alpha2/2026091904/pose_02/report.xml,16532,771cfa1afdf7f7478bbd9164cb656698262ba48da672a470f3b6f75b0cc5a149
raw/archives/zaleplon.tar.gz,zaleplon/alpha2/2026091904/pose_03/ligand.sdf,3299,bfd501e3ac2d06aae4bce36490041333729d70567fb4c2e083c94db4e8fa7cf4
raw/archives/zaleplon.tar.gz,zaleplon/alpha2/2026091904/pose_03/pose_status.json,570,fa7c149851c0951804f997751dfe1250f2ccd08ba466787920eee00a936b91bb
raw/archives/zaleplon.tar.gz,zaleplon/alpha2/2026091904/pose_03/report.txt,6361,9b1bfb58cfce9383331320cd3066b701e98695e7531448160def227be353c1da
raw/archives/zaleplon.tar.gz,zaleplon/alpha2/2026091904/pose_03/report.xml,15457,5066591ce7753a6d614dae713f4d209353b4d92ca68c17b2ab53920589e4dfef
raw/archives/zaleplon.tar.gz,zaleplon/alpha2/2026091904/pose_04/ligand.sdf,3299,642d1f4859af818467b80df4eaf5b4468f1fd64be96f54b246b92bb9a4a84fef
raw/archives/zaleplon.tar.gz,zaleplon/alpha2/2026091904/pose_04/pose_status.json,570,856becf21d664b42949c1550452e5a0aec42e11ce7350df355791c3260f6a82f
raw/archives/zaleplon.tar.gz,zaleplon/alpha2/2026091904/pose_04/report.txt,5730,8a5a14bd696eb5e719f8dd980810a2a2ce8552f2c7502a53ffb55203ca3fafea
raw/archives/zaleplon.tar.gz,zaleplon/alpha2/2026091904/pose_04/report.xml,13322,57e2ba0fe375de200910de2e1c1772288289fa8a5288549feec57e6b6325818f
raw/archives/zaleplon.tar.gz,zaleplon/alpha2/2026091904/pose_05/ligand.sdf,3299,25369893e745e9a46005425238b6833b60000d5adcfd75900246bd1816d7b1c8
raw/archives/zaleplon.tar.gz,zaleplon/alpha2/2026091904/pose_05/pose_status.json,569,2fccc340404f134b9e188fb7b7b416b45ea04f0ab67f9133c128ada39b1bee37
raw/archives/zaleplon.tar.gz,zaleplon/alpha2/2026091904/pose_05/report.txt,4525,a85cf2ad8167b586a0cb8d4070d893c9c3fc220b69d4722e8d201ccad8a6d730
raw/archives/zaleplon.tar.gz,zaleplon/alpha2/2026091904/pose_05/report.xml,11683,cbf1112a553f6e521764ac414bd4ec4ab2dd65e952060f7c92fb05368f153182
raw/archives/zaleplon.tar.gz,zaleplon/alpha2/2026091904/pose_06/ligand.sdf,3299,ea0d58334f653e26d4e7f9c6e1a9ee1c5763839c3e2fd314b07588f1ecb39d7b
raw/archives/zaleplon.tar.gz,zaleplon/alpha2/2026091904/pose_06/pose_status.json,569,376ed8333891e56823a59dc1312a87bacb8377643cf6579fe6783fb2d7f07e62
raw/archives/zaleplon.tar.gz,zaleplon/alpha2/2026091904/pose_06/report.txt,3243,3ec60f5be045f5fe9355ed272be8d30dbe930d87c210d305d7db62b01bd7ce41
raw/archives/zaleplon.tar.gz,zaleplon/alpha2/2026091904/pose_06/report.xml,8965,d7acee2d7507f51407527f3c0ca2bd7fa07929c6fbaa6845caa1baa37639e0f5
raw/archives/zaleplon.tar.gz,zaleplon/alpha2/2026091904/pose_07/ligand.sdf,3299,779b5122f99899e26ebf69331f8f33d389cdd77e59ef88d4152c939472fa51ea
raw/archives/zaleplon.tar.gz,zaleplon/alpha2/2026091904/pose_07/pose_status.json,569,c7bb67c8aaebd21bb046af21d3ec87772592234142cab7570cc9b083677062f5
raw/archives/zaleplon.tar.gz,zaleplon/alpha2/2026091904/pose_07/report.txt,2717,e7d4a2beb6887ad680fb4d4a1cef1fac72c2e0aa217504dc6828d60fd72143cd
raw/archives/zaleplon.tar.gz,zaleplon/alpha2/2026091904/pose_07/report.xml,9091,a52462bcde3dae0189a55a0ee123c9456a4a599b5ac9a61f7e15b9c698427b2f
raw/archives/zaleplon.tar.gz,zaleplon/alpha2/2026091904/pose_08/ligand.sdf,3299,1def02846d3e0ceb0f90897802416d08bad7a29a6b565cb0456679533c9c8395
raw/archives/zaleplon.tar.gz,zaleplon/alpha2/2026091904/pose_08/pose_status.json,569,57b876467eceeacf5df1c09bdad150cd2b157afb1452eb3dc3a7960cdf0d82d5
raw/archives/zaleplon.tar.gz,zaleplon/alpha2/2026091904/pose_08/report.txt,1399,c733c7656738c3de28a5520763fd5ed814370e5f0132afd28a5bb74610137f8b
raw/archives/zaleplon.tar.gz,zaleplon/alpha2/2026091904/pose_08/report.xml,6454,de13c21e35753bafddf764a30790a9524a6c17cc6bd1c37102c05c4822116d48
raw/archives/zaleplon.tar.gz,zaleplon/alpha2/2026091904/pose_09/ligand.sdf,3299,b2c53cbb10d2140dac0cff6adcf38161dc0802553355340f23055cf1e6912eab
raw/archives/zaleplon.tar.gz,zaleplon/alpha2/2026091904/pose_09/pose_status.json,569,32f0472936ed821b24426e00926e29c23f8e547562748c38fb7d5f3803b33a1f
raw/archives/zaleplon.tar.gz,zaleplon/alpha2/2026091904/pose_09/report.txt,2388,8ce65d0b697b70e94b5bd5e951fb330d9988f1a80ea57b50b800811ea4106db3
raw/archives/zaleplon.tar.gz,zaleplon/alpha2/2026091904/pose_09/report.xml,8613,3e164972ebc56e3aeb00cf69ff2793affaeb9e070383caaeb7621604d66cce4f
raw/archives/zaleplon.tar.gz,zaleplon/alpha2/2026091904/pose_manifest.json,5406,ebfeaf0d1b47df9d8fe3eae7514e081b015ed26773921813c4060caf22cd4cb0
raw/archives/zaleplon.tar.gz,zaleplon/alpha2/2026091904/poses.pdbqt,21969,b26e889284fbb727a49943b4519536c93e70514d00494423bbcfe26f6f217198
raw/archives/zaleplon.tar.gz,zaleplon/alpha2/2026091904/vina.log,2384,d53f620de7ceb3e6529b4f9e5cc5fe29c048ac13c32388f7c01d7ed5469c83f6
raw/archives/zaleplon.tar.gz,zaleplon/alpha2/2026091905/docking.json,1525,26991bcfcb28799fad4b80568b05ebede12e48f2facac83b5d6412d4e0022396
raw/archives/zaleplon.tar.gz,zaleplon/alpha2/2026091905/interactions.json,44396,fbf2150b5be40f9c380ea8ed2d7a858956a66d46bd2bdcf75691c141946b3a37
raw/archives/zaleplon.tar.gz,zaleplon/alpha2/2026091905/plip.log,1872,fcc469a431b3adeba9c48fca23d0af09088c71482c33e3093ec7cb7680c5a1a0
raw/archives/zaleplon.tar.gz,zaleplon/alpha2/2026091905/plip_done.json,29,bef149d6b4bcd0e8393fac45503362a862d45eadcceff434b3d9640f4b008ec4
raw/archives/zaleplon.tar.gz,zaleplon/alpha2/2026091905/pose_01/ligand.sdf,3299,e31a934b7dc7119fd076f1ba1d1cb0b5951d5971aa6ee2cdaade2b13b10ce9e2
raw/archives/zaleplon.tar.gz,zaleplon/alpha2/2026091905/pose_01/pose_status.json,569,dc0e19a8f4e530d334d7ce5238d8bdca5d82d858f5fb6cc15f61774a026f0ca7
raw/archives/zaleplon.tar.gz,zaleplon/alpha2/2026091905/pose_01/report.txt,3579,a08bcdc8bc16dc58bc0484c2cfa59c66437d7d404fea7ff90ff8a24122c325e4
raw/archives/zaleplon.tar.gz,zaleplon/alpha2/2026091905/pose_01/report.xml,9529,2524c39d285655f6e67e0b188b08e65a9eac6767460ceae2102cbd91a60c2cff
raw/archives/zaleplon.tar.gz,zaleplon/alpha2/2026091905/pose_02/ligand.sdf,3299,275b03b134f58b42717d7e776726e11b2e305f86f8d31eccdf20c137e3b9d1b7
raw/archives/zaleplon.tar.gz,zaleplon/alpha2/2026091905/pose_02/pose_status.json,570,b0d0094ab899287f8f8b079de9b1e604451a8127af8323cd9e914026dc35b78c
raw/archives/zaleplon.tar.gz,zaleplon/alpha2/2026091905/pose_02/report.txt,7378,e3ee63c04659e680b1fa00a63e9d1dfe668d046017aca9ca459de1af839b71e8
raw/archives/zaleplon.tar.gz,zaleplon/alpha2/2026091905/pose_02/report.xml,15679,d44808aaf532aaa30c8c55ff56586ed1b5abf41f1dadddcd37ed9b9c30cd4fd2
raw/archives/zaleplon.tar.gz,zaleplon/alpha2/2026091905/pose_03/ligand.sdf,3299,96cdea750063491af735bccac33db720ad63ef08bba1f34ebcab5af45a708174
raw/archives/zaleplon.tar.gz,zaleplon/alpha2/2026091905/pose_03/pose_status.json,570,181334a8086fcc97fa892fbb998f828305a291ea25734836466eb4bfa10269ad
raw/archives/zaleplon.tar.gz,zaleplon/alpha2/2026091905/pose_03/report.txt,6878,e9a29c2dddca9c08104e9a20b030d74fecd9a5f9c3d2a47e99b66ff0cac1d432
raw/archives/zaleplon.tar.gz,zaleplon/alpha2/2026091905/pose_03/report.xml,14177,e191ec0e594ab5db588c12e23914344e915230803caa14b092856187ba20e8e1
raw/archives/zaleplon.tar.gz,zaleplon/alpha2/2026091905/pose_04/ligand.sdf,3299,bbf16e258ff2f34e9a42f5434b95b487a3227fde9081c767bb21ed52ea5fbe28
raw/archives/zaleplon.tar.gz,zaleplon/alpha2/2026091905/pose_04/pose_status.json,569,2d8eaea06688102d5696ca7a42c486519f509b886433f8889df7f6cc101f8e39
raw/archives/zaleplon.tar.gz,zaleplon/alpha2/2026091905/pose_04/report.txt,4256,4dbfffcda61ee9c6501755cee940bf4ab16543b03f3eb0d77638f1651fc3a8fb
raw/archives/zaleplon.tar.gz,zaleplon/alpha2/2026091905/pose_04/report.xml,11492,fb9a9cfd141b62aafa4b4c67928359f57d713cb032043ee4354184b760682759
raw/archives/zaleplon.tar.gz,zaleplon/alpha2/2026091905/pose_05/ligand.sdf,3299,80ff64217d44854c8da02d93e9fe0f7178ba65c6e5ca2f52f37fc1916ed12991
raw/archives/zaleplon.tar.gz,zaleplon/alpha2/2026091905/pose_05/pose_status.json,569,5d420d5157a611b1d495cfbea2d7b95f26d159072efe5c5b1fd1078f1f0db01a
raw/archives/zaleplon.tar.gz,zaleplon/alpha2/2026091905/pose_05/report.txt,3867,d1cf6fceb31582615772ae245998535d70b0eae9de2b5b460d314a72e201cdf0
raw/archives/zaleplon.tar.gz,zaleplon/alpha2/2026091905/pose_05/report.xml,10306,f598d99ce304c8ee8f96bc5fba0eee21f99719dc739a17a88d4abc24189128e9
raw/archives/zaleplon.tar.gz,zaleplon/alpha2/2026091905/pose_06/ligand.sdf,3299,d4295875d8a285d3b124eaf82c0b6f0611442c30a0b2318f4a6c29fd1fdd3479
raw/archives/zaleplon.tar.gz,zaleplon/alpha2/2026091905/pose_06/pose_status.json,569,39d66ef9a2266fa2c215fb50d027a4bd4d2ef20c4a8e430bf6ea5a30c16f704c
raw/archives/zaleplon.tar.gz,zaleplon/alpha2/2026091905/pose_06/report.txt,2717,1ddcf5abf658782bc0eae50f471a2c5e5f8e53793b89975503e261868596dec3
raw/archives/zaleplon.tar.gz,zaleplon/alpha2/2026091905/pose_06/report.xml,9172,46f0e1a5fc0e9a00ad603b832c27c6643fa6dabf92741e33495217b1908dd150
raw/archives/zaleplon.tar.gz,zaleplon/alpha2/2026091905/pose_07/ligand.sdf,3299,f804cc56fd889775c26c64296b39a73b715008b25f525f1cedd98a2594bcf6d1
raw/archives/zaleplon.tar.gz,zaleplon/alpha2/2026091905/pose_07/pose_status.json,569,29babb2024cb44a966836845fbe1a37233cbf22d7f88d8b113bd87ddac6fb2f6
raw/archives/zaleplon.tar.gz,zaleplon/alpha2/2026091905/pose_07/report.txt,2399,38ee4bda1f744e4038fba518cdfd70850a7c6ead6c3a6cb213241dc8792329ab
raw/archives/zaleplon.tar.gz,zaleplon/alpha2/2026091905/pose_07/report.xml,8611,c45528f67e672a4c19de109fcac65af9d64ec8800286ffb409cc4e66cae5ae27
raw/archives/zaleplon.tar.gz,zaleplon/alpha2/2026091905/pose_08/ligand.sdf,3299,b7bd0b85acd2770fe05d7aed1cc71f3486fc20ad93fbffef93814597a414d554
raw/archives/zaleplon.tar.gz,zaleplon/alpha2/2026091905/pose_08/pose_status.json,569,399bd60784af0fd6f4ab8b9de892f69a07df0e109c5f6331409b112ddcafa24d
raw/archives/zaleplon.tar.gz,zaleplon/alpha2/2026091905/pose_08/report.txt,2717,9cc8ebb087e9a45f4d00d3bdf6077ea526f2530cc7983487642120eadaa6d3a9
raw/archives/zaleplon.tar.gz,zaleplon/alpha2/2026091905/pose_08/report.xml,9174,349d4a97f3f55fa8f4db53217a1f518fb01322856c8f3b73e2ec4a0ef1d3a678
raw/archives/zaleplon.tar.gz,zaleplon/alpha2/2026091905/pose_09/ligand.sdf,3299,863cc943c94efe9adfe7d3b61aa396562e03194907a762e48d3865a1e1f209fc
raw/archives/zaleplon.tar.gz,zaleplon/alpha2/2026091905/pose_09/pose_status.json,569,f45764370b8c043ce1d71afd75f7a33b3523f3c93e2278146d8a416ed538f66a
raw/archives/zaleplon.tar.gz,zaleplon/alpha2/2026091905/pose_09/report.txt,1730,8cc49ca2039c6d0b08484a3d5f58a499638f4ca9d79c9db0fd93dbea2a7e9096
raw/archives/zaleplon.tar.gz,zaleplon/alpha2/2026091905/pose_09/report.xml,7153,31371b7c2ae329632e3eb484d8025d1ea467ad93e04f0ac3837c1781fb976cc0
raw/archives/zaleplon.tar.gz,zaleplon/alpha2/2026091905/pose_manifest.json,5405,31407c865c832161362c55a6e3e3fe587a283b14044e8bacfa139067def92006
raw/archives/zaleplon.tar.gz,zaleplon/alpha2/2026091905/poses.pdbqt,21969,8f9ad47dc66325a2759f39300d154b75d634da090b2cdcb1ee96e195cd8a3eec
raw/archives/zaleplon.tar.gz,zaleplon/alpha2/2026091905/vina.log,2384,c88da92f91a0a7ad9ea9ec2d9823d33f5ad5fea3da550c27f38b01f9e971d208
