drug_id,receptor_id,pose_id,interaction_type,residue_number,residue_chain,raw_attributes,source_row_id,receptor,common_position,mapping_status,mapping_method,mapped_residue,mapping_qc_required,raw_residue_name
diazepam,alpha1_beta3_gamma2,1,hydrophobic_interaction,58,C,"{""dist"": ""3.32"", ""id"": ""1"", ""ligcarbonidx"": ""13802"", ""protcarbonidx"": ""5801"", ""reschain"": ""C"", ""reschain_lig"": ""Z"", ""resnr"": ""58"", ""resnr_lig"": ""1"", ""restype"": ""TYR"", ""restype_lig"": ""LIG""}",0,alpha1,BZD_GAMMA2_058,mapped_gamma2_sequence_alignment,global sequence alignment (Biopython PairwiseAligner) + PDB residue lookup,TYR,False,TYR
diazepam,alpha1_beta3_gamma2,1,hydrophobic_interaction,77,C,"{""dist"": ""3.57"", ""id"": ""2"", ""ligcarbonidx"": ""13793"", ""protcarbonidx"": ""5953"", ""reschain"": ""C"", ""reschain_lig"": ""Z"", ""resnr"": ""77"", ""resnr_lig"": ""1"", ""restype"": ""PHE"", ""restype_lig"": ""LIG""}",1,alpha1,BZD_GAMMA2_077,mapped_gamma2_sequence_alignment,global sequence alignment (Biopython PairwiseAligner) + PDB residue lookup,PHE,False,PHE
diazepam,alpha1_beta3_gamma2,1,hydrophobic_interaction,77,C,"{""dist"": ""3.52"", ""id"": ""3"", ""ligcarbonidx"": ""13799"", ""protcarbonidx"": ""5950"", ""reschain"": ""C"", ""reschain_lig"": ""Z"", ""resnr"": ""77"", ""resnr_lig"": ""1"", ""restype"": ""PHE"", ""restype_lig"": ""LIG""}",2,alpha1,BZD_GAMMA2_077,mapped_gamma2_sequence_alignment,global sequence alignment (Biopython PairwiseAligner) + PDB residue lookup,PHE,False,PHE
diazepam,alpha1_beta3_gamma2,1,hydrophobic_interaction,100,D,"{""dist"": ""2.92"", ""id"": ""4"", ""ligcarbonidx"": ""13794"", ""protcarbonidx"": ""8994"", ""reschain"": ""D"", ""reschain_lig"": ""Z"", ""resnr"": ""100"", ""resnr_lig"": ""1"", ""restype"": ""PHE"", ""restype_lig"": ""LIG""}",3,alpha1,BZD_SITE_100,mapped_global_sequence_alignment,global sequence alignment (Biopython PairwiseAligner) + PDB residue lookup,PHE,False,PHE
diazepam,alpha1_beta3_gamma2,1,hydrophobic_interaction,160,D,"{""dist"": ""3.36"", ""id"": ""5"", ""ligcarbonidx"": ""13794"", ""protcarbonidx"": ""9467"", ""reschain"": ""D"", ""reschain_lig"": ""Z"", ""resnr"": ""160"", ""resnr_lig"": ""1"", ""restype"": ""TYR"", ""restype_lig"": ""LIG""}",4,alpha1,BZD_SITE_160,mapped_global_sequence_alignment,global sequence alignment (Biopython PairwiseAligner) + PDB residue lookup,TYR,False,TYR
diazepam,alpha1_beta3_gamma2,1,pi_stack,58,C,"{""angle"": ""22.39"", ""centdist"": ""4.07"", ""id"": ""1"", ""offset"": ""1.82"", ""reschain"": ""C"", ""reschain_lig"": ""Z"", ""resnr"": ""58"", ""resnr_lig"": ""1"", ""restype"": ""TYR"", ""restype_lig"": ""LIG"", ""type"": ""P""}",5,alpha1,BZD_GAMMA2_058,mapped_gamma2_sequence_alignment,global sequence alignment (Biopython PairwiseAligner) + PDB residue lookup,TYR,False,TYR
diazepam,alpha1_beta3_gamma2,1,pi_stack,210,D,"{""angle"": ""63.89"", ""centdist"": ""4.58"", ""id"": ""2"", ""offset"": ""1.19"", ""reschain"": ""D"", ""reschain_lig"": ""Z"", ""resnr"": ""210"", ""resnr_lig"": ""1"", ""restype"": ""TYR"", ""restype_lig"": ""LIG"", ""type"": ""T""}",6,alpha1,BZD_SITE_210,mapped_global_sequence_alignment,global sequence alignment (Biopython PairwiseAligner) + PDB residue lookup,TYR,False,TYR
diazepam,alpha1_beta3_gamma2,2,hydrophobic_interaction,58,C,"{""dist"": ""3.95"", ""id"": ""1"", ""ligcarbonidx"": ""13799"", ""protcarbonidx"": ""5806"", ""reschain"": ""C"", ""reschain_lig"": ""Z"", ""resnr"": ""58"", ""resnr_lig"": ""1"", ""restype"": ""TYR"", ""restype_lig"": ""LIG""}",7,alpha1,BZD_GAMMA2_058,mapped_gamma2_sequence_alignment,global sequence alignment (Biopython PairwiseAligner) + PDB residue lookup,TYR,False,TYR
diazepam,alpha1_beta3_gamma2,2,hydrophobic_interaction,77,C,"{""dist"": ""3.37"", ""id"": ""2"", ""ligcarbonidx"": ""13793"", ""protcarbonidx"": ""5953"", ""reschain"": ""C"", ""reschain_lig"": ""Z"", ""resnr"": ""77"", ""resnr_lig"": ""1"", ""restype"": ""PHE"", ""restype_lig"": ""LIG""}",8,alpha1,BZD_GAMMA2_077,mapped_gamma2_sequence_alignment,global sequence alignment (Biopython PairwiseAligner) + PDB residue lookup,PHE,False,PHE
diazepam,alpha1_beta3_gamma2,2,hydrophobic_interaction,100,D,"{""dist"": ""3.30"", ""id"": ""3"", ""ligcarbonidx"": ""13794"", ""protcarbonidx"": ""8994"", ""reschain"": ""D"", ""reschain_lig"": ""Z"", ""resnr"": ""100"", ""resnr_lig"": ""1"", ""restype"": ""PHE"", ""restype_lig"": ""LIG""}",9,alpha1,BZD_SITE_100,mapped_global_sequence_alignment,global sequence alignment (Biopython PairwiseAligner) + PDB residue lookup,PHE,False,PHE
diazepam,alpha1_beta3_gamma2,2,hydrophobic_interaction,160,D,"{""dist"": ""3.97"", ""id"": ""4"", ""ligcarbonidx"": ""13794"", ""protcarbonidx"": ""9467"", ""reschain"": ""D"", ""reschain_lig"": ""Z"", ""resnr"": ""160"", ""resnr_lig"": ""1"", ""restype"": ""TYR"", ""restype_lig"": ""LIG""}",10,alpha1,BZD_SITE_160,mapped_global_sequence_alignment,global sequence alignment (Biopython PairwiseAligner) + PDB residue lookup,TYR,False,TYR
diazepam,alpha1_beta3_gamma2,2,hydrophobic_interaction,203,D,"{""dist"": ""3.67"", ""id"": ""5"", ""ligcarbonidx"": ""13803"", ""protcarbonidx"": ""9810"", ""reschain"": ""D"", ""reschain_lig"": ""Z"", ""resnr"": ""203"", ""resnr_lig"": ""1"", ""restype"": ""VAL"", ""restype_lig"": ""LIG""}",11,alpha1,BZD_SITE_203,mapped_global_sequence_alignment,global sequence alignment (Biopython PairwiseAligner) + PDB residue lookup,VAL,False,VAL
diazepam,alpha1_beta3_gamma2,2,hydrophobic_interaction,203,D,"{""dist"": ""3.74"", ""id"": ""6"", ""ligcarbonidx"": ""13798"", ""protcarbonidx"": ""9810"", ""reschain"": ""D"", ""reschain_lig"": ""Z"", ""resnr"": ""203"", ""resnr_lig"": ""1"", ""restype"": ""VAL"", ""restype_lig"": ""LIG""}",12,alpha1,BZD_SITE_203,mapped_global_sequence_alignment,global sequence alignment (Biopython PairwiseAligner) + PDB residue lookup,VAL,False,VAL
diazepam,alpha1_beta3_gamma2,2,hydrophobic_interaction,210,D,"{""dist"": ""3.40"", ""id"": ""7"", ""ligcarbonidx"": ""13796"", ""protcarbonidx"": ""9860"", ""reschain"": ""D"", ""reschain_lig"": ""Z"", ""resnr"": ""210"", ""resnr_lig"": ""1"", ""restype"": ""TYR"", ""restype_lig"": ""LIG""}",13,alpha1,BZD_SITE_210,mapped_global_sequence_alignment,global sequence alignment (Biopython PairwiseAligner) + PDB residue lookup,TYR,False,TYR
diazepam,alpha1_beta3_gamma2,2,pi_stack,102,D,"{""angle"": ""75.69"", ""centdist"": ""4.81"", ""id"": ""1"", ""offset"": ""1.34"", ""reschain"": ""D"", ""reschain_lig"": ""Z"", ""resnr"": ""102"", ""resnr_lig"": ""1"", ""restype"": ""HIS"", ""restype_lig"": ""LIG"", ""type"": ""T""}",14,alpha1,BZD_SITE_102,mapped_global_sequence_alignment,global sequence alignment (Biopython PairwiseAligner) + PDB residue lookup,HIS,False,HIS
diazepam,alpha1_beta3_gamma2,3,hydrophobic_interaction,77,C,"{""dist"": ""3.30"", ""id"": ""1"", ""ligcarbonidx"": ""13793"", ""protcarbonidx"": ""5953"", ""reschain"": ""C"", ""reschain_lig"": ""Z"", ""resnr"": ""77"", ""resnr_lig"": ""1"", ""restype"": ""PHE"", ""restype_lig"": ""LIG""}",15,alpha1,BZD_GAMMA2_077,mapped_gamma2_sequence_alignment,global sequence alignment (Biopython PairwiseAligner) + PDB residue lookup,PHE,False,PHE
diazepam,alpha1_beta3_gamma2,3,hydrophobic_interaction,100,D,"{""dist"": ""3.85"", ""id"": ""2"", ""ligcarbonidx"": ""13794"", ""protcarbonidx"": ""8994"", ""reschain"": ""D"", ""reschain_lig"": ""Z"", ""resnr"": ""100"", ""resnr_lig"": ""1"", ""restype"": ""PHE"", ""restype_lig"": ""LIG""}",16,alpha1,BZD_SITE_100,mapped_global_sequence_alignment,global sequence alignment (Biopython PairwiseAligner) + PDB residue lookup,PHE,False,PHE
diazepam,alpha1_beta3_gamma2,3,hydrophobic_interaction,210,D,"{""dist"": ""3.29"", ""id"": ""3"", ""ligcarbonidx"": ""13796"", ""protcarbonidx"": ""9860"", ""reschain"": ""D"", ""reschain_lig"": ""Z"", ""resnr"": ""210"", ""resnr_lig"": ""1"", ""restype"": ""TYR"", ""restype_lig"": ""LIG""}",17,alpha1,BZD_SITE_210,mapped_global_sequence_alignment,global sequence alignment (Biopython PairwiseAligner) + PDB residue lookup,TYR,False,TYR
diazepam,alpha1_beta3_gamma2,3,hydrophobic_interaction,210,D,"{""dist"": ""3.99"", ""id"": ""4"", ""ligcarbonidx"": ""13795"", ""protcarbonidx"": ""9862"", ""reschain"": ""D"", ""reschain_lig"": ""Z"", ""resnr"": ""210"", ""resnr_lig"": ""1"", ""restype"": ""TYR"", ""restype_lig"": ""LIG""}",18,alpha1,BZD_SITE_210,mapped_global_sequence_alignment,global sequence alignment (Biopython PairwiseAligner) + PDB residue lookup,TYR,False,TYR
diazepam,alpha1_beta3_gamma2,3,pi_stack,58,C,"{""angle"": ""12.92"", ""centdist"": ""3.94"", ""id"": ""1"", ""offset"": ""1.55"", ""reschain"": ""C"", ""reschain_lig"": ""Z"", ""resnr"": ""58"", ""resnr_lig"": ""1"", ""restype"": ""TYR"", ""restype_lig"": ""LIG"", ""type"": ""P""}",19,alpha1,BZD_GAMMA2_058,mapped_gamma2_sequence_alignment,global sequence alignment (Biopython PairwiseAligner) + PDB residue lookup,TYR,False,TYR
diazepam,alpha1_beta3_gamma2,4,hydrophobic_interaction,58,C,"{""dist"": ""3.17"", ""id"": ""1"", ""ligcarbonidx"": ""13796"", ""protcarbonidx"": ""5801"", ""reschain"": ""C"", ""reschain_lig"": ""Z"", ""resnr"": ""58"", ""resnr_lig"": ""1"", ""restype"": ""TYR"", ""restype_lig"": ""LIG""}",20,alpha1,BZD_GAMMA2_058,mapped_gamma2_sequence_alignment,global sequence alignment (Biopython PairwiseAligner) + PDB residue lookup,TYR,False,TYR
diazepam,alpha1_beta3_gamma2,4,hydrophobic_interaction,77,C,"{""dist"": ""3.72"", ""id"": ""2"", ""ligcarbonidx"": ""13803"", ""protcarbonidx"": ""5955"", ""reschain"": ""C"", ""reschain_lig"": ""Z"", ""resnr"": ""77"", ""resnr_lig"": ""1"", ""restype"": ""PHE"", ""restype_lig"": ""LIG""}",21,alpha1,BZD_GAMMA2_077,mapped_gamma2_sequence_alignment,global sequence alignment (Biopython PairwiseAligner) + PDB residue lookup,PHE,False,PHE
diazepam,alpha1_beta3_gamma2,4,hydrophobic_interaction,77,C,"{""dist"": ""3.41"", ""id"": ""3"", ""ligcarbonidx"": ""13796"", ""protcarbonidx"": ""5949"", ""reschain"": ""C"", ""reschain_lig"": ""Z"", ""resnr"": ""77"", ""resnr_lig"": ""1"", ""restype"": ""PHE"", ""restype_lig"": ""LIG""}",22,alpha1,BZD_GAMMA2_077,mapped_gamma2_sequence_alignment,global sequence alignment (Biopython PairwiseAligner) + PDB residue lookup,PHE,False,PHE
diazepam,alpha1_beta3_gamma2,4,hydrophobic_interaction,100,D,"{""dist"": ""3.72"", ""id"": ""4"", ""ligcarbonidx"": ""13802"", ""protcarbonidx"": ""8994"", ""reschain"": ""D"", ""reschain_lig"": ""Z"", ""resnr"": ""100"", ""resnr_lig"": ""1"", ""restype"": ""PHE"", ""restype_lig"": ""LIG""}",23,alpha1,BZD_SITE_100,mapped_global_sequence_alignment,global sequence alignment (Biopython PairwiseAligner) + PDB residue lookup,PHE,False,PHE
diazepam,alpha1_beta3_gamma2,4,pi_stack,58,C,"{""angle"": ""13.43"", ""centdist"": ""4.13"", ""id"": ""1"", ""offset"": ""1.69"", ""reschain"": ""C"", ""reschain_lig"": ""Z"", ""resnr"": ""58"", ""resnr_lig"": ""1"", ""restype"": ""TYR"", ""restype_lig"": ""LIG"", ""type"": ""P""}",24,alpha1,BZD_GAMMA2_058,mapped_gamma2_sequence_alignment,global sequence alignment (Biopython PairwiseAligner) + PDB residue lookup,TYR,False,TYR
diazepam,alpha1_beta3_gamma2,5,hydrophobic_interaction,58,C,"{""dist"": ""3.50"", ""id"": ""1"", ""ligcarbonidx"": ""13796"", ""protcarbonidx"": ""5803"", ""reschain"": ""C"", ""reschain_lig"": ""Z"", ""resnr"": ""58"", ""resnr_lig"": ""1"", ""restype"": ""TYR"", ""restype_lig"": ""LIG""}",25,alpha1,BZD_GAMMA2_058,mapped_gamma2_sequence_alignment,global sequence alignment (Biopython PairwiseAligner) + PDB residue lookup,TYR,False,TYR
diazepam,alpha1_beta3_gamma2,5,hydrophobic_interaction,58,C,"{""dist"": ""3.21"", ""id"": ""2"", ""ligcarbonidx"": ""13795"", ""protcarbonidx"": ""5801"", ""reschain"": ""C"", ""reschain_lig"": ""Z"", ""resnr"": ""58"", ""resnr_lig"": ""1"", ""restype"": ""TYR"", ""restype_lig"": ""LIG""}",26,alpha1,BZD_GAMMA2_058,mapped_gamma2_sequence_alignment,global sequence alignment (Biopython PairwiseAligner) + PDB residue lookup,TYR,False,TYR
diazepam,alpha1_beta3_gamma2,5,hydrophobic_interaction,77,C,"{""dist"": ""3.85"", ""id"": ""3"", ""ligcarbonidx"": ""13798"", ""protcarbonidx"": ""5955"", ""reschain"": ""C"", ""reschain_lig"": ""Z"", ""resnr"": ""77"", ""resnr_lig"": ""1"", ""restype"": ""PHE"", ""restype_lig"": ""LIG""}",27,alpha1,BZD_GAMMA2_077,mapped_gamma2_sequence_alignment,global sequence alignment (Biopython PairwiseAligner) + PDB residue lookup,PHE,False,PHE
diazepam,alpha1_beta3_gamma2,5,hydrophobic_interaction,77,C,"{""dist"": ""3.24"", ""id"": ""4"", ""ligcarbonidx"": ""13799"", ""protcarbonidx"": ""5954"", ""reschain"": ""C"", ""reschain_lig"": ""Z"", ""resnr"": ""77"", ""resnr_lig"": ""1"", ""restype"": ""PHE"", ""restype_lig"": ""LIG""}",28,alpha1,BZD_GAMMA2_077,mapped_gamma2_sequence_alignment,global sequence alignment (Biopython PairwiseAligner) + PDB residue lookup,PHE,False,PHE
diazepam,alpha1_beta3_gamma2,5,hydrophobic_interaction,77,C,"{""dist"": ""3.41"", ""id"": ""5"", ""ligcarbonidx"": ""13793"", ""protcarbonidx"": ""5949"", ""reschain"": ""C"", ""reschain_lig"": ""Z"", ""resnr"": ""77"", ""resnr_lig"": ""1"", ""restype"": ""PHE"", ""restype_lig"": ""LIG""}",29,alpha1,BZD_GAMMA2_077,mapped_gamma2_sequence_alignment,global sequence alignment (Biopython PairwiseAligner) + PDB residue lookup,PHE,False,PHE
diazepam,alpha1_beta3_gamma2,5,hydrophobic_interaction,203,D,"{""dist"": ""3.44"", ""id"": ""6"", ""ligcarbonidx"": ""13803"", ""protcarbonidx"": ""9810"", ""reschain"": ""D"", ""reschain_lig"": ""Z"", ""resnr"": ""203"", ""resnr_lig"": ""1"", ""restype"": ""VAL"", ""restype_lig"": ""LIG""}",30,alpha1,BZD_SITE_203,mapped_global_sequence_alignment,global sequence alignment (Biopython PairwiseAligner) + PDB residue lookup,VAL,False,VAL
diazepam,alpha1_beta3_gamma2,6,hydrophobic_interaction,58,C,"{""dist"": ""3.34"", ""id"": ""1"", ""ligcarbonidx"": ""13799"", ""protcarbonidx"": ""5806"", ""reschain"": ""C"", ""reschain_lig"": ""Z"", ""resnr"": ""58"", ""resnr_lig"": ""1"", ""restype"": ""TYR"", ""restype_lig"": ""LIG""}",31,alpha1,BZD_GAMMA2_058,mapped_gamma2_sequence_alignment,global sequence alignment (Biopython PairwiseAligner) + PDB residue lookup,TYR,False,TYR
diazepam,alpha1_beta3_gamma2,6,hydrophobic_interaction,58,C,"{""dist"": ""3.89"", ""id"": ""2"", ""ligcarbonidx"": ""13793"", ""protcarbonidx"": ""5801"", ""reschain"": ""C"", ""reschain_lig"": ""Z"", ""resnr"": ""58"", ""resnr_lig"": ""1"", ""restype"": ""TYR"", ""restype_lig"": ""LIG""}",32,alpha1,BZD_GAMMA2_058,mapped_gamma2_sequence_alignment,global sequence alignment (Biopython PairwiseAligner) + PDB residue lookup,TYR,False,TYR
diazepam,alpha1_beta3_gamma2,6,hydrophobic_interaction,203,D,"{""dist"": ""3.87"", ""id"": ""3"", ""ligcarbonidx"": ""13803"", ""protcarbonidx"": ""9810"", ""reschain"": ""D"", ""reschain_lig"": ""Z"", ""resnr"": ""203"", ""resnr_lig"": ""1"", ""restype"": ""VAL"", ""restype_lig"": ""LIG""}",33,alpha1,BZD_SITE_203,mapped_global_sequence_alignment,global sequence alignment (Biopython PairwiseAligner) + PDB residue lookup,VAL,False,VAL
diazepam,alpha1_beta3_gamma2,6,hydrogen_bond,205,D,"{""acceptoridx"": ""13790"", ""acceptortype"": ""N2"", ""dist_d-a"": ""3.25"", ""dist_h-a"": ""2.75"", ""don_angle"": ""112.56"", ""donoridx"": ""9826"", ""donortype"": ""O3"", ""id"": ""1"", ""protisdon"": ""True"", ""reschain"": ""D"", ""reschain_lig"": ""Z"", ""resnr"": ""205"", ""resnr_lig"": ""1"", ""restype"": ""SER"", ""restype_lig"": ""LIG"", ""sidechain"": ""True""}",34,alpha1,BZD_SITE_205,mapped_global_sequence_alignment,global sequence alignment (Biopython PairwiseAligner) + PDB residue lookup,SER,False,SER
diazepam,alpha1_beta3_gamma2,6,pi_stack,58,C,"{""angle"": ""26.01"", ""centdist"": ""3.73"", ""id"": ""1"", ""offset"": ""1.09"", ""reschain"": ""C"", ""reschain_lig"": ""Z"", ""resnr"": ""58"", ""resnr_lig"": ""1"", ""restype"": ""TYR"", ""restype_lig"": ""LIG"", ""type"": ""P""}",35,alpha1,BZD_GAMMA2_058,mapped_gamma2_sequence_alignment,global sequence alignment (Biopython PairwiseAligner) + PDB residue lookup,TYR,False,TYR
diazepam,alpha1_beta3_gamma2,6,pi_stack,77,C,"{""angle"": ""16.90"", ""centdist"": ""4.73"", ""id"": ""2"", ""offset"": ""1.71"", ""reschain"": ""C"", ""reschain_lig"": ""Z"", ""resnr"": ""77"", ""resnr_lig"": ""1"", ""restype"": ""PHE"", ""restype_lig"": ""LIG"", ""type"": ""P""}",36,alpha1,BZD_GAMMA2_077,mapped_gamma2_sequence_alignment,global sequence alignment (Biopython PairwiseAligner) + PDB residue lookup,PHE,False,PHE
diazepam,alpha1_beta3_gamma2,6,halogen_bond,60,C,"{""acc_angle"": ""101.99"", ""acc_idx"": ""5822"", ""acceptortype"": ""O2"", ""dist"": ""3.15"", ""don_angle"": ""137.67"", ""don_idx"": ""13801"", ""donortype"": ""Cl"", ""id"": ""1"", ""reschain"": ""C"", ""reschain_lig"": ""Z"", ""resnr"": ""60"", ""resnr_lig"": ""1"", ""restype"": ""ASN"", ""restype_lig"": ""LIG"", ""sidechain"": ""True""}",37,alpha1,BZD_GAMMA2_060,mapped_gamma2_sequence_alignment,global sequence alignment (Biopython PairwiseAligner) + PDB residue lookup,ASN,False,ASN
diazepam,alpha1_beta3_gamma2,7,hydrophobic_interaction,58,C,"{""dist"": ""3.49"", ""id"": ""1"", ""ligcarbonidx"": ""13796"", ""protcarbonidx"": ""5806"", ""reschain"": ""C"", ""reschain_lig"": ""Z"", ""resnr"": ""58"", ""resnr_lig"": ""1"", ""restype"": ""TYR"", ""restype_lig"": ""LIG""}",38,alpha1,BZD_GAMMA2_058,mapped_gamma2_sequence_alignment,global sequence alignment (Biopython PairwiseAligner) + PDB residue lookup,TYR,False,TYR
diazepam,alpha1_beta3_gamma2,7,hydrophobic_interaction,77,C,"{""dist"": ""3.81"", ""id"": ""2"", ""ligcarbonidx"": ""13793"", ""protcarbonidx"": ""5954"", ""reschain"": ""C"", ""reschain_lig"": ""Z"", ""resnr"": ""77"", ""resnr_lig"": ""1"", ""restype"": ""PHE"", ""restype_lig"": ""LIG""}",39,alpha1,BZD_GAMMA2_077,mapped_gamma2_sequence_alignment,global sequence alignment (Biopython PairwiseAligner) + PDB residue lookup,PHE,False,PHE
diazepam,alpha1_beta3_gamma2,7,hydrophobic_interaction,203,D,"{""dist"": ""3.91"", ""id"": ""3"", ""ligcarbonidx"": ""13797"", ""protcarbonidx"": ""9810"", ""reschain"": ""D"", ""reschain_lig"": ""Z"", ""resnr"": ""203"", ""resnr_lig"": ""1"", ""restype"": ""VAL"", ""restype_lig"": ""LIG""}",40,alpha1,BZD_SITE_203,mapped_global_sequence_alignment,global sequence alignment (Biopython PairwiseAligner) + PDB residue lookup,VAL,False,VAL
diazepam,alpha1_beta3_gamma2,7,hydrogen_bond,156,D,"{""acceptoridx"": ""13788"", ""acceptortype"": ""O2"", ""dist_d-a"": ""3.68"", ""dist_h-a"": ""2.86"", ""don_angle"": ""137.26"", ""donoridx"": ""9439"", ""donortype"": ""N3"", ""id"": ""1"", ""protisdon"": ""True"", ""reschain"": ""D"", ""reschain_lig"": ""Z"", ""resnr"": ""156"", ""resnr_lig"": ""1"", ""restype"": ""LYS"", ""restype_lig"": ""LIG"", ""sidechain"": ""True""}",41,alpha1,BZD_SITE_156,mapped_global_sequence_alignment,global sequence alignment (Biopython PairwiseAligner) + PDB residue lookup,LYS,False,LYS
diazepam,alpha1_beta3_gamma2,8,hydrophobic_interaction,77,C,"{""dist"": ""3.21"", ""id"": ""1"", ""ligcarbonidx"": ""13797"", ""protcarbonidx"": ""5955"", ""reschain"": ""C"", ""reschain_lig"": ""Z"", ""resnr"": ""77"", ""resnr_lig"": ""1"", ""restype"": ""PHE"", ""restype_lig"": ""LIG""}",42,alpha1,BZD_GAMMA2_077,mapped_gamma2_sequence_alignment,global sequence alignment (Biopython PairwiseAligner) + PDB residue lookup,PHE,False,PHE
diazepam,alpha1_beta3_gamma2,8,hydrophobic_interaction,77,C,"{""dist"": ""3.47"", ""id"": ""2"", ""ligcarbonidx"": ""13796"", ""protcarbonidx"": ""5954"", ""reschain"": ""C"", ""reschain_lig"": ""Z"", ""resnr"": ""77"", ""resnr_lig"": ""1"", ""restype"": ""PHE"", ""restype_lig"": ""LIG""}",43,alpha1,BZD_GAMMA2_077,mapped_gamma2_sequence_alignment,global sequence alignment (Biopython PairwiseAligner) + PDB residue lookup,PHE,False,PHE
diazepam,alpha1_beta3_gamma2,8,hydrophobic_interaction,203,D,"{""dist"": ""3.45"", ""id"": ""3"", ""ligcarbonidx"": ""13793"", ""protcarbonidx"": ""9810"", ""reschain"": ""D"", ""reschain_lig"": ""Z"", ""resnr"": ""203"", ""resnr_lig"": ""1"", ""restype"": ""VAL"", ""restype_lig"": ""LIG""}",44,alpha1,BZD_SITE_203,mapped_global_sequence_alignment,global sequence alignment (Biopython PairwiseAligner) + PDB residue lookup,VAL,False,VAL
diazepam,alpha1_beta3_gamma2,8,pi_stack,77,C,"{""angle"": ""17.47"", ""centdist"": ""4.32"", ""id"": ""1"", ""offset"": ""1.09"", ""reschain"": ""C"", ""reschain_lig"": ""Z"", ""resnr"": ""77"", ""resnr_lig"": ""1"", ""restype"": ""PHE"", ""restype_lig"": ""LIG"", ""type"": ""P""}",45,alpha1,BZD_GAMMA2_077,mapped_gamma2_sequence_alignment,global sequence alignment (Biopython PairwiseAligner) + PDB residue lookup,PHE,False,PHE
diazepam,alpha1_beta3_gamma2,9,hydrophobic_interaction,58,C,"{""dist"": ""3.63"", ""id"": ""1"", ""ligcarbonidx"": ""13793"", ""protcarbonidx"": ""5805"", ""reschain"": ""C"", ""reschain_lig"": ""Z"", ""resnr"": ""58"", ""resnr_lig"": ""1"", ""restype"": ""TYR"", ""restype_lig"": ""LIG""}",46,alpha1,BZD_GAMMA2_058,mapped_gamma2_sequence_alignment,global sequence alignment (Biopython PairwiseAligner) + PDB residue lookup,TYR,False,TYR
diazepam,alpha1_beta3_gamma2,9,hydrophobic_interaction,58,C,"{""dist"": ""3.66"", ""id"": ""2"", ""ligcarbonidx"": ""13799"", ""protcarbonidx"": ""5806"", ""reschain"": ""C"", ""reschain_lig"": ""Z"", ""resnr"": ""58"", ""resnr_lig"": ""1"", ""restype"": ""TYR"", ""restype_lig"": ""LIG""}",47,alpha1,BZD_GAMMA2_058,mapped_gamma2_sequence_alignment,global sequence alignment (Biopython PairwiseAligner) + PDB residue lookup,TYR,False,TYR
diazepam,alpha1_beta3_gamma2,9,hydrophobic_interaction,203,D,"{""dist"": ""3.08"", ""id"": ""3"", ""ligcarbonidx"": ""13797"", ""protcarbonidx"": ""9810"", ""reschain"": ""D"", ""reschain_lig"": ""Z"", ""resnr"": ""203"", ""resnr_lig"": ""1"", ""restype"": ""VAL"", ""restype_lig"": ""LIG""}",48,alpha1,BZD_SITE_203,mapped_global_sequence_alignment,global sequence alignment (Biopython PairwiseAligner) + PDB residue lookup,VAL,False,VAL
diazepam,alpha1_beta3_gamma2,9,hydrogen_bond,205,D,"{""acceptoridx"": ""13788"", ""acceptortype"": ""O2"", ""dist_d-a"": ""3.30"", ""dist_h-a"": ""2.80"", ""don_angle"": ""112.96"", ""donoridx"": ""9826"", ""donortype"": ""O3"", ""id"": ""1"", ""protisdon"": ""True"", ""reschain"": ""D"", ""reschain_lig"": ""Z"", ""resnr"": ""205"", ""resnr_lig"": ""1"", ""restype"": ""SER"", ""restype_lig"": ""LIG"", ""sidechain"": ""True""}",49,alpha1,BZD_SITE_205,mapped_global_sequence_alignment,global sequence alignment (Biopython PairwiseAligner) + PDB residue lookup,SER,False,SER
triazolam,alpha1_beta3_gamma2,1,hydrophobic_interaction,58,C,"{""dist"": ""3.80"", ""id"": ""1"", ""ligcarbonidx"": ""13797"", ""protcarbonidx"": ""5806"", ""reschain"": ""C"", ""reschain_lig"": ""Z"", ""resnr"": ""58"", ""resnr_lig"": ""1"", ""restype"": ""TYR"", ""restype_lig"": ""LIG""}",50,alpha1,BZD_GAMMA2_058,mapped_gamma2_sequence_alignment,global sequence alignment (Biopython PairwiseAligner) + PDB residue lookup,TYR,False,TYR
triazolam,alpha1_beta3_gamma2,1,hydrophobic_interaction,203,D,"{""dist"": ""3.61"", ""id"": ""2"", ""ligcarbonidx"": ""13785"", ""protcarbonidx"": ""9811"", ""reschain"": ""D"", ""reschain_lig"": ""Z"", ""resnr"": ""203"", ""resnr_lig"": ""1"", ""restype"": ""VAL"", ""restype_lig"": ""LIG""}",51,alpha1,BZD_SITE_203,mapped_global_sequence_alignment,global sequence alignment (Biopython PairwiseAligner) + PDB residue lookup,VAL,False,VAL
triazolam,alpha1_beta3_gamma2,1,hydrophobic_interaction,203,D,"{""dist"": ""3.16"", ""id"": ""3"", ""ligcarbonidx"": ""13800"", ""protcarbonidx"": ""9810"", ""reschain"": ""D"", ""reschain_lig"": ""Z"", ""resnr"": ""203"", ""resnr_lig"": ""1"", ""restype"": ""VAL"", ""restype_lig"": ""LIG""}",52,alpha1,BZD_SITE_203,mapped_global_sequence_alignment,global sequence alignment (Biopython PairwiseAligner) + PDB residue lookup,VAL,False,VAL
triazolam,alpha1_beta3_gamma2,1,hydrophobic_interaction,210,D,"{""dist"": ""3.58"", ""id"": ""4"", ""ligcarbonidx"": ""13801"", ""protcarbonidx"": ""9860"", ""reschain"": ""D"", ""reschain_lig"": ""Z"", ""resnr"": ""210"", ""resnr_lig"": ""1"", ""restype"": ""TYR"", ""restype_lig"": ""LIG""}",53,alpha1,BZD_SITE_210,mapped_global_sequence_alignment,global sequence alignment (Biopython PairwiseAligner) + PDB residue lookup,TYR,False,TYR
triazolam,alpha1_beta3_gamma2,1,hydrophobic_interaction,210,D,"{""dist"": ""3.60"", ""id"": ""5"", ""ligcarbonidx"": ""13802"", ""protcarbonidx"": ""9862"", ""reschain"": ""D"", ""reschain_lig"": ""Z"", ""resnr"": ""210"", ""resnr_lig"": ""1"", ""restype"": ""TYR"", ""restype_lig"": ""LIG""}",54,alpha1,BZD_SITE_210,mapped_global_sequence_alignment,global sequence alignment (Biopython PairwiseAligner) + PDB residue lookup,TYR,False,TYR
triazolam,alpha1_beta3_gamma2,1,hydrogen_bond,60,C,"{""acceptoridx"": ""13788"", ""acceptortype"": ""Nar"", ""dist_d-a"": ""3.90"", ""dist_h-a"": ""3.28"", ""don_angle"": ""122.81"", ""donoridx"": ""5823"", ""donortype"": ""Nam"", ""id"": ""1"", ""protisdon"": ""True"", ""reschain"": ""C"", ""reschain_lig"": ""Z"", ""resnr"": ""60"", ""resnr_lig"": ""1"", ""restype"": ""ASN"", ""restype_lig"": ""LIG"", ""sidechain"": ""True""}",55,alpha1,BZD_GAMMA2_060,mapped_gamma2_sequence_alignment,global sequence alignment (Biopython PairwiseAligner) + PDB residue lookup,ASN,False,ASN
triazolam,alpha1_beta3_gamma2,1,hydrogen_bond,156,D,"{""acceptoridx"": ""13787"", ""acceptortype"": ""Nar"", ""dist_d-a"": ""3.61"", ""dist_h-a"": ""3.05"", ""don_angle"": ""115.64"", ""donoridx"": ""9439"", ""donortype"": ""N3"", ""id"": ""2"", ""protisdon"": ""True"", ""reschain"": ""D"", ""reschain_lig"": ""Z"", ""resnr"": ""156"", ""resnr_lig"": ""1"", ""restype"": ""LYS"", ""restype_lig"": ""LIG"", ""sidechain"": ""True""}",56,alpha1,BZD_SITE_156,mapped_global_sequence_alignment,global sequence alignment (Biopython PairwiseAligner) + PDB residue lookup,LYS,False,LYS
triazolam,alpha1_beta3_gamma2,2,hydrophobic_interaction,58,C,"{""dist"": ""3.68"", ""id"": ""1"", ""ligcarbonidx"": ""13800"", ""protcarbonidx"": ""5806"", ""reschain"": ""C"", ""reschain_lig"": ""Z"", ""resnr"": ""58"", ""resnr_lig"": ""1"", ""restype"": ""TYR"", ""restype_lig"": ""LIG""}",57,alpha1,BZD_GAMMA2_058,mapped_gamma2_sequence_alignment,global sequence alignment (Biopython PairwiseAligner) + PDB residue lookup,TYR,False,TYR
triazolam,alpha1_beta3_gamma2,2,hydrophobic_interaction,58,C,"{""dist"": ""3.57"", ""id"": ""2"", ""ligcarbonidx"": ""13785"", ""protcarbonidx"": ""5804"", ""reschain"": ""C"", ""reschain_lig"": ""Z"", ""resnr"": ""58"", ""resnr_lig"": ""1"", ""restype"": ""TYR"", ""restype_lig"": ""LIG""}",58,alpha1,BZD_GAMMA2_058,mapped_gamma2_sequence_alignment,global sequence alignment (Biopython PairwiseAligner) + PDB residue lookup,TYR,False,TYR
triazolam,alpha1_beta3_gamma2,2,hydrophobic_interaction,77,C,"{""dist"": ""3.54"", ""id"": ""3"", ""ligcarbonidx"": ""13785"", ""protcarbonidx"": ""5950"", ""reschain"": ""C"", ""reschain_lig"": ""Z"", ""resnr"": ""77"", ""resnr_lig"": ""1"", ""restype"": ""PHE"", ""restype_lig"": ""LIG""}",59,alpha1,BZD_GAMMA2_077,mapped_gamma2_sequence_alignment,global sequence alignment (Biopython PairwiseAligner) + PDB residue lookup,PHE,False,PHE
triazolam,alpha1_beta3_gamma2,2,hydrophobic_interaction,203,D,"{""dist"": ""3.49"", ""id"": ""4"", ""ligcarbonidx"": ""13797"", ""protcarbonidx"": ""9810"", ""reschain"": ""D"", ""reschain_lig"": ""Z"", ""resnr"": ""203"", ""resnr_lig"": ""1"", ""restype"": ""VAL"", ""restype_lig"": ""LIG""}",60,alpha1,BZD_SITE_203,mapped_global_sequence_alignment,global sequence alignment (Biopython PairwiseAligner) + PDB residue lookup,VAL,False,VAL
triazolam,alpha1_beta3_gamma2,2,pi_stack,58,C,"{""angle"": ""17.65"", ""centdist"": ""4.34"", ""id"": ""1"", ""offset"": ""1.35"", ""reschain"": ""C"", ""reschain_lig"": ""Z"", ""resnr"": ""58"", ""resnr_lig"": ""1"", ""restype"": ""TYR"", ""restype_lig"": ""LIG"", ""type"": ""P""}",61,alpha1,BZD_GAMMA2_058,mapped_gamma2_sequence_alignment,global sequence alignment (Biopython PairwiseAligner) + PDB residue lookup,TYR,False,TYR
triazolam,alpha1_beta3_gamma2,3,hydrophobic_interaction,58,C,"{""dist"": ""3.49"", ""id"": ""1"", ""ligcarbonidx"": ""13785"", ""protcarbonidx"": ""5801"", ""reschain"": ""C"", ""reschain_lig"": ""Z"", ""resnr"": ""58"", ""resnr_lig"": ""1"", ""restype"": ""TYR"", ""restype_lig"": ""LIG""}",62,alpha1,BZD_GAMMA2_058,mapped_gamma2_sequence_alignment,global sequence alignment (Biopython PairwiseAligner) + PDB residue lookup,TYR,False,TYR
triazolam,alpha1_beta3_gamma2,3,hydrophobic_interaction,77,C,"{""dist"": ""3.86"", ""id"": ""2"", ""ligcarbonidx"": ""13800"", ""protcarbonidx"": ""5954"", ""reschain"": ""C"", ""reschain_lig"": ""Z"", ""resnr"": ""77"", ""resnr_lig"": ""1"", ""restype"": ""PHE"", ""restype_lig"": ""LIG""}",63,alpha1,BZD_GAMMA2_077,mapped_gamma2_sequence_alignment,global sequence alignment (Biopython PairwiseAligner) + PDB residue lookup,PHE,False,PHE
triazolam,alpha1_beta3_gamma2,3,hydrophobic_interaction,77,C,"{""dist"": ""3.59"", ""id"": ""3"", ""ligcarbonidx"": ""13785"", ""protcarbonidx"": ""5949"", ""reschain"": ""C"", ""reschain_lig"": ""Z"", ""resnr"": ""77"", ""resnr_lig"": ""1"", ""restype"": ""PHE"", ""restype_lig"": ""LIG""}",64,alpha1,BZD_GAMMA2_077,mapped_gamma2_sequence_alignment,global sequence alignment (Biopython PairwiseAligner) + PDB residue lookup,PHE,False,PHE
triazolam,alpha1_beta3_gamma2,3,hydrophobic_interaction,102,D,"{""dist"": ""3.51"", ""id"": ""4"", ""ligcarbonidx"": ""13803"", ""protcarbonidx"": ""9010"", ""reschain"": ""D"", ""reschain_lig"": ""Z"", ""resnr"": ""102"", ""resnr_lig"": ""1"", ""restype"": ""HIS"", ""restype_lig"": ""LIG""}",65,alpha1,BZD_SITE_102,mapped_global_sequence_alignment,global sequence alignment (Biopython PairwiseAligner) + PDB residue lookup,HIS,False,HIS
triazolam,alpha1_beta3_gamma2,3,hydrophobic_interaction,203,D,"{""dist"": ""3.08"", ""id"": ""5"", ""ligcarbonidx"": ""13796"", ""protcarbonidx"": ""9810"", ""reschain"": ""D"", ""reschain_lig"": ""Z"", ""resnr"": ""203"", ""resnr_lig"": ""1"", ""restype"": ""VAL"", ""restype_lig"": ""LIG""}",66,alpha1,BZD_SITE_203,mapped_global_sequence_alignment,global sequence alignment (Biopython PairwiseAligner) + PDB residue lookup,VAL,False,VAL
triazolam,alpha1_beta3_gamma2,3,pi_stack,58,C,"{""angle"": ""21.85"", ""centdist"": ""4.38"", ""id"": ""1"", ""offset"": ""1.93"", ""reschain"": ""C"", ""reschain_lig"": ""Z"", ""resnr"": ""58"", ""resnr_lig"": ""1"", ""restype"": ""TYR"", ""restype_lig"": ""LIG"", ""type"": ""P""}",67,alpha1,BZD_GAMMA2_058,mapped_gamma2_sequence_alignment,global sequence alignment (Biopython PairwiseAligner) + PDB residue lookup,TYR,False,TYR
triazolam,alpha1_beta3_gamma2,3,pi_stack,77,C,"{""angle"": ""29.78"", ""centdist"": ""4.19"", ""id"": ""2"", ""offset"": ""1.33"", ""reschain"": ""C"", ""reschain_lig"": ""Z"", ""resnr"": ""77"", ""resnr_lig"": ""1"", ""restype"": ""PHE"", ""restype_lig"": ""LIG"", ""type"": ""P""}",68,alpha1,BZD_GAMMA2_077,mapped_gamma2_sequence_alignment,global sequence alignment (Biopython PairwiseAligner) + PDB residue lookup,PHE,False,PHE
triazolam,alpha1_beta3_gamma2,4,hydrophobic_interaction,58,C,"{""dist"": ""3.75"", ""id"": ""1"", ""ligcarbonidx"": ""13785"", ""protcarbonidx"": ""5805"", ""reschain"": ""C"", ""reschain_lig"": ""Z"", ""resnr"": ""58"", ""resnr_lig"": ""1"", ""restype"": ""TYR"", ""restype_lig"": ""LIG""}",69,alpha1,BZD_GAMMA2_058,mapped_gamma2_sequence_alignment,global sequence alignment (Biopython PairwiseAligner) + PDB residue lookup,TYR,False,TYR
triazolam,alpha1_beta3_gamma2,4,hydrophobic_interaction,203,D,"{""dist"": ""3.83"", ""id"": ""2"", ""ligcarbonidx"": ""13796"", ""protcarbonidx"": ""9811"", ""reschain"": ""D"", ""reschain_lig"": ""Z"", ""resnr"": ""203"", ""resnr_lig"": ""1"", ""restype"": ""VAL"", ""restype_lig"": ""LIG""}",70,alpha1,BZD_SITE_203,mapped_global_sequence_alignment,global sequence alignment (Biopython PairwiseAligner) + PDB residue lookup,VAL,False,VAL
triazolam,alpha1_beta3_gamma2,4,hydrophobic_interaction,203,D,"{""dist"": ""3.50"", ""id"": ""3"", ""ligcarbonidx"": ""13792"", ""protcarbonidx"": ""9810"", ""reschain"": ""D"", ""reschain_lig"": ""Z"", ""resnr"": ""203"", ""resnr_lig"": ""1"", ""restype"": ""VAL"", ""restype_lig"": ""LIG""}",71,alpha1,BZD_SITE_203,mapped_global_sequence_alignment,global sequence alignment (Biopython PairwiseAligner) + PDB residue lookup,VAL,False,VAL
triazolam,alpha1_beta3_gamma2,4,pi_stack,58,C,"{""angle"": ""11.68"", ""centdist"": ""3.87"", ""id"": ""1"", ""offset"": ""1.64"", ""reschain"": ""C"", ""reschain_lig"": ""Z"", ""resnr"": ""58"", ""resnr_lig"": ""1"", ""restype"": ""TYR"", ""restype_lig"": ""LIG"", ""type"": ""P""}",72,alpha1,BZD_GAMMA2_058,mapped_gamma2_sequence_alignment,global sequence alignment (Biopython PairwiseAligner) + PDB residue lookup,TYR,False,TYR
triazolam,alpha1_beta3_gamma2,5,hydrophobic_interaction,58,C,"{""dist"": ""3.75"", ""id"": ""1"", ""ligcarbonidx"": ""13800"", ""protcarbonidx"": ""5805"", ""reschain"": ""C"", ""reschain_lig"": ""Z"", ""resnr"": ""58"", ""resnr_lig"": ""1"", ""restype"": ""TYR"", ""restype_lig"": ""LIG""}",73,alpha1,BZD_GAMMA2_058,mapped_gamma2_sequence_alignment,global sequence alignment (Biopython PairwiseAligner) + PDB residue lookup,TYR,False,TYR
triazolam,alpha1_beta3_gamma2,5,pi_stack,58,C,"{""angle"": ""9.71"", ""centdist"": ""3.92"", ""id"": ""1"", ""offset"": ""1.55"", ""reschain"": ""C"", ""reschain_lig"": ""Z"", ""resnr"": ""58"", ""resnr_lig"": ""1"", ""restype"": ""TYR"", ""restype_lig"": ""LIG"", ""type"": ""P""}",74,alpha1,BZD_GAMMA2_058,mapped_gamma2_sequence_alignment,global sequence alignment (Biopython PairwiseAligner) + PDB residue lookup,TYR,False,TYR
triazolam,alpha1_beta3_gamma2,6,hydrophobic_interaction,58,C,"{""dist"": ""3.68"", ""id"": ""1"", ""ligcarbonidx"": ""13802"", ""protcarbonidx"": ""5806"", ""reschain"": ""C"", ""reschain_lig"": ""Z"", ""resnr"": ""58"", ""resnr_lig"": ""1"", ""restype"": ""TYR"", ""restype_lig"": ""LIG""}",75,alpha1,BZD_GAMMA2_058,mapped_gamma2_sequence_alignment,global sequence alignment (Biopython PairwiseAligner) + PDB residue lookup,TYR,False,TYR
triazolam,alpha1_beta3_gamma2,6,hydrophobic_interaction,77,C,"{""dist"": ""3.49"", ""id"": ""2"", ""ligcarbonidx"": ""13803"", ""protcarbonidx"": ""5954"", ""reschain"": ""C"", ""reschain_lig"": ""Z"", ""resnr"": ""77"", ""resnr_lig"": ""1"", ""restype"": ""PHE"", ""restype_lig"": ""LIG""}",76,alpha1,BZD_GAMMA2_077,mapped_gamma2_sequence_alignment,global sequence alignment (Biopython PairwiseAligner) + PDB residue lookup,PHE,False,PHE
triazolam,alpha1_beta3_gamma2,6,hydrophobic_interaction,203,D,"{""dist"": ""3.49"", ""id"": ""3"", ""ligcarbonidx"": ""13800"", ""protcarbonidx"": ""9810"", ""reschain"": ""D"", ""reschain_lig"": ""Z"", ""resnr"": ""203"", ""resnr_lig"": ""1"", ""restype"": ""VAL"", ""restype_lig"": ""LIG""}",77,alpha1,BZD_SITE_203,mapped_global_sequence_alignment,global sequence alignment (Biopython PairwiseAligner) + PDB residue lookup,VAL,False,VAL
triazolam,alpha1_beta3_gamma2,6,hydrogen_bond,156,D,"{""acceptoridx"": ""13788"", ""acceptortype"": ""Nar"", ""dist_d-a"": ""3.54"", ""dist_h-a"": ""2.57"", ""don_angle"": ""157.71"", ""donoridx"": ""9439"", ""donortype"": ""N3"", ""id"": ""1"", ""protisdon"": ""True"", ""reschain"": ""D"", ""reschain_lig"": ""Z"", ""resnr"": ""156"", ""resnr_lig"": ""1"", ""restype"": ""LYS"", ""restype_lig"": ""LIG"", ""sidechain"": ""True""}",78,alpha1,BZD_SITE_156,mapped_global_sequence_alignment,global sequence alignment (Biopython PairwiseAligner) + PDB residue lookup,LYS,False,LYS
triazolam,alpha1_beta3_gamma2,6,halogen_bond,60,C,"{""acc_angle"": ""120.92"", ""acc_idx"": ""5819"", ""acceptortype"": ""O2"", ""dist"": ""3.21"", ""don_angle"": ""143.14"", ""don_idx"": ""13795"", ""donortype"": ""Cl"", ""id"": ""1"", ""reschain"": ""C"", ""reschain_lig"": ""Z"", ""resnr"": ""60"", ""resnr_lig"": ""1"", ""restype"": ""ASN"", ""restype_lig"": ""LIG"", ""sidechain"": ""False""}",79,alpha1,BZD_GAMMA2_060,mapped_gamma2_sequence_alignment,global sequence alignment (Biopython PairwiseAligner) + PDB residue lookup,ASN,False,ASN
triazolam,alpha1_beta3_gamma2,7,hydrophobic_interaction,203,D,"{""dist"": ""3.49"", ""id"": ""1"", ""ligcarbonidx"": ""13802"", ""protcarbonidx"": ""9811"", ""reschain"": ""D"", ""reschain_lig"": ""Z"", ""resnr"": ""203"", ""resnr_lig"": ""1"", ""restype"": ""VAL"", ""restype_lig"": ""LIG""}",80,alpha1,BZD_SITE_203,mapped_global_sequence_alignment,global sequence alignment (Biopython PairwiseAligner) + PDB residue lookup,VAL,False,VAL
triazolam,alpha1_beta3_gamma2,7,hydrogen_bond,189,C,"{""acceptoridx"": ""13788"", ""acceptortype"": ""Nar"", ""dist_d-a"": ""3.95"", ""dist_h-a"": ""3.25"", ""don_angle"": ""133.09"", ""donoridx"": ""6910"", ""donortype"": ""O3"", ""id"": ""1"", ""protisdon"": ""True"", ""reschain"": ""C"", ""reschain_lig"": ""Z"", ""resnr"": ""189"", ""resnr_lig"": ""1"", ""restype"": ""GLU"", ""restype_lig"": ""LIG"", ""sidechain"": ""True""}",81,alpha1,BZD_GAMMA2_189,mapped_gamma2_sequence_alignment,global sequence alignment (Biopython PairwiseAligner) + PDB residue lookup,GLU,False,GLU
triazolam,alpha1_beta3_gamma2,7,pi_stack,58,C,"{""angle"": ""15.51"", ""centdist"": ""4.20"", ""id"": ""1"", ""offset"": ""1.60"", ""reschain"": ""C"", ""reschain_lig"": ""Z"", ""resnr"": ""58"", ""resnr_lig"": ""1"", ""restype"": ""TYR"", ""restype_lig"": ""LIG"", ""type"": ""P""}",82,alpha1,BZD_GAMMA2_058,mapped_gamma2_sequence_alignment,global sequence alignment (Biopython PairwiseAligner) + PDB residue lookup,TYR,False,TYR
triazolam,alpha1_beta3_gamma2,8,hydrophobic_interaction,58,C,"{""dist"": ""3.91"", ""id"": ""1"", ""ligcarbonidx"": ""13792"", ""protcarbonidx"": ""5806"", ""reschain"": ""C"", ""reschain_lig"": ""Z"", ""resnr"": ""58"", ""resnr_lig"": ""1"", ""restype"": ""TYR"", ""restype_lig"": ""LIG""}",83,alpha1,BZD_GAMMA2_058,mapped_gamma2_sequence_alignment,global sequence alignment (Biopython PairwiseAligner) + PDB residue lookup,TYR,False,TYR
triazolam,alpha1_beta3_gamma2,8,hydrophobic_interaction,203,D,"{""dist"": ""3.85"", ""id"": ""2"", ""ligcarbonidx"": ""13801"", ""protcarbonidx"": ""9811"", ""reschain"": ""D"", ""reschain_lig"": ""Z"", ""resnr"": ""203"", ""resnr_lig"": ""1"", ""restype"": ""VAL"", ""restype_lig"": ""LIG""}",84,alpha1,BZD_SITE_203,mapped_global_sequence_alignment,global sequence alignment (Biopython PairwiseAligner) + PDB residue lookup,VAL,False,VAL
triazolam,alpha1_beta3_gamma2,8,hydrophobic_interaction,203,D,"{""dist"": ""3.49"", ""id"": ""3"", ""ligcarbonidx"": ""13800"", ""protcarbonidx"": ""9810"", ""reschain"": ""D"", ""reschain_lig"": ""Z"", ""resnr"": ""203"", ""resnr_lig"": ""1"", ""restype"": ""VAL"", ""restype_lig"": ""LIG""}",85,alpha1,BZD_SITE_203,mapped_global_sequence_alignment,global sequence alignment (Biopython PairwiseAligner) + PDB residue lookup,VAL,False,VAL
triazolam,alpha1_beta3_gamma2,9,hydrophobic_interaction,58,C,"{""dist"": ""3.82"", ""id"": ""1"", ""ligcarbonidx"": ""13803"", ""protcarbonidx"": ""5806"", ""reschain"": ""C"", ""reschain_lig"": ""Z"", ""resnr"": ""58"", ""resnr_lig"": ""1"", ""restype"": ""TYR"", ""restype_lig"": ""LIG""}",86,alpha1,BZD_GAMMA2_058,mapped_gamma2_sequence_alignment,global sequence alignment (Biopython PairwiseAligner) + PDB residue lookup,TYR,False,TYR
triazolam,alpha1_beta3_gamma2,9,hydrophobic_interaction,77,C,"{""dist"": ""3.81"", ""id"": ""2"", ""ligcarbonidx"": ""13802"", ""protcarbonidx"": ""5955"", ""reschain"": ""C"", ""reschain_lig"": ""Z"", ""resnr"": ""77"", ""resnr_lig"": ""1"", ""restype"": ""PHE"", ""restype_lig"": ""LIG""}",87,alpha1,BZD_GAMMA2_077,mapped_gamma2_sequence_alignment,global sequence alignment (Biopython PairwiseAligner) + PDB residue lookup,PHE,False,PHE
triazolam,alpha1_beta3_gamma2,9,hydrophobic_interaction,77,C,"{""dist"": ""3.87"", ""id"": ""3"", ""ligcarbonidx"": ""13803"", ""protcarbonidx"": ""5954"", ""reschain"": ""C"", ""reschain_lig"": ""Z"", ""resnr"": ""77"", ""resnr_lig"": ""1"", ""restype"": ""PHE"", ""restype_lig"": ""LIG""}",88,alpha1,BZD_GAMMA2_077,mapped_gamma2_sequence_alignment,global sequence alignment (Biopython PairwiseAligner) + PDB residue lookup,PHE,False,PHE
triazolam,alpha1_beta3_gamma2,9,hydrophobic_interaction,203,D,"{""dist"": ""3.59"", ""id"": ""4"", ""ligcarbonidx"": ""13785"", ""protcarbonidx"": ""9811"", ""reschain"": ""D"", ""reschain_lig"": ""Z"", ""resnr"": ""203"", ""resnr_lig"": ""1"", ""restype"": ""VAL"", ""restype_lig"": ""LIG""}",89,alpha1,BZD_SITE_203,mapped_global_sequence_alignment,global sequence alignment (Biopython PairwiseAligner) + PDB residue lookup,VAL,False,VAL
triazolam,alpha1_beta3_gamma2,9,hydrophobic_interaction,203,D,"{""dist"": ""3.30"", ""id"": ""5"", ""ligcarbonidx"": ""13800"", ""protcarbonidx"": ""9810"", ""reschain"": ""D"", ""reschain_lig"": ""Z"", ""resnr"": ""203"", ""resnr_lig"": ""1"", ""restype"": ""VAL"", ""restype_lig"": ""LIG""}",90,alpha1,BZD_SITE_203,mapped_global_sequence_alignment,global sequence alignment (Biopython PairwiseAligner) + PDB residue lookup,VAL,False,VAL
triazolam,alpha1_beta3_gamma2,9,hydrogen_bond,156,D,"{""acceptoridx"": ""13806"", ""acceptortype"": ""N2"", ""dist_d-a"": ""3.88"", ""dist_h-a"": ""3.18"", ""don_angle"": ""126.45"", ""donoridx"": ""9439"", ""donortype"": ""N3"", ""id"": ""1"", ""protisdon"": ""True"", ""reschain"": ""D"", ""reschain_lig"": ""Z"", ""resnr"": ""156"", ""resnr_lig"": ""1"", ""restype"": ""LYS"", ""restype_lig"": ""LIG"", ""sidechain"": ""True""}",91,alpha1,BZD_SITE_156,mapped_global_sequence_alignment,global sequence alignment (Biopython PairwiseAligner) + PDB residue lookup,LYS,False,LYS
zolpidem,alpha1_beta3_gamma2,1,hydrophobic_interaction,58,C,"{""dist"": ""3.74"", ""id"": ""1"", ""ligcarbonidx"": ""13795"", ""protcarbonidx"": ""5806"", ""reschain"": ""C"", ""reschain_lig"": ""Z"", ""resnr"": ""58"", ""resnr_lig"": ""1"", ""restype"": ""TYR"", ""restype_lig"": ""LIG""}",92,alpha1,BZD_GAMMA2_058,mapped_gamma2_sequence_alignment,global sequence alignment (Biopython PairwiseAligner) + PDB residue lookup,TYR,False,TYR
zolpidem,alpha1_beta3_gamma2,1,hydrophobic_interaction,77,C,"{""dist"": ""3.63"", ""id"": ""2"", ""ligcarbonidx"": ""13793"", ""protcarbonidx"": ""5954"", ""reschain"": ""C"", ""reschain_lig"": ""Z"", ""resnr"": ""77"", ""resnr_lig"": ""1"", ""restype"": ""PHE"", ""restype_lig"": ""LIG""}",93,alpha1,BZD_GAMMA2_077,mapped_gamma2_sequence_alignment,global sequence alignment (Biopython PairwiseAligner) + PDB residue lookup,PHE,False,PHE
zolpidem,alpha1_beta3_gamma2,1,hydrophobic_interaction,102,D,"{""dist"": ""3.93"", ""id"": ""3"", ""ligcarbonidx"": ""13806"", ""protcarbonidx"": ""9010"", ""reschain"": ""D"", ""reschain_lig"": ""Z"", ""resnr"": ""102"", ""resnr_lig"": ""1"", ""restype"": ""HIS"", ""restype_lig"": ""LIG""}",94,alpha1,BZD_SITE_102,mapped_global_sequence_alignment,global sequence alignment (Biopython PairwiseAligner) + PDB residue lookup,HIS,False,HIS
zolpidem,alpha1_beta3_gamma2,1,hydrophobic_interaction,103,D,"{""dist"": ""3.48"", ""id"": ""4"", ""ligcarbonidx"": ""13807"", ""protcarbonidx"": ""9020"", ""reschain"": ""D"", ""reschain_lig"": ""Z"", ""resnr"": ""103"", ""resnr_lig"": ""1"", ""restype"": ""ASN"", ""restype_lig"": ""LIG""}",95,alpha1,BZD_SITE_103,mapped_global_sequence_alignment,global sequence alignment (Biopython PairwiseAligner) + PDB residue lookup,ASN,False,ASN
zolpidem,alpha1_beta3_gamma2,1,hydrophobic_interaction,156,D,"{""dist"": ""3.54"", ""id"": ""5"", ""ligcarbonidx"": ""13807"", ""protcarbonidx"": ""9437"", ""reschain"": ""D"", ""reschain_lig"": ""Z"", ""resnr"": ""156"", ""resnr_lig"": ""1"", ""restype"": ""LYS"", ""restype_lig"": ""LIG""}",96,alpha1,BZD_SITE_156,mapped_global_sequence_alignment,global sequence alignment (Biopython PairwiseAligner) + PDB residue lookup,LYS,False,LYS
zolpidem,alpha1_beta3_gamma2,1,hydrophobic_interaction,203,D,"{""dist"": ""3.84"", ""id"": ""6"", ""ligcarbonidx"": ""13795"", ""protcarbonidx"": ""9810"", ""reschain"": ""D"", ""reschain_lig"": ""Z"", ""resnr"": ""203"", ""resnr_lig"": ""1"", ""restype"": ""VAL"", ""restype_lig"": ""LIG""}",97,alpha1,BZD_SITE_203,mapped_global_sequence_alignment,global sequence alignment (Biopython PairwiseAligner) + PDB residue lookup,VAL,False,VAL
zolpidem,alpha1_beta3_gamma2,1,hydrogen_bond,60,C,"{""acceptoridx"": ""13791"", ""acceptortype"": ""Nar"", ""dist_d-a"": ""3.35"", ""dist_h-a"": ""2.91"", ""don_angle"": ""107.92"", ""donoridx"": ""5823"", ""donortype"": ""Nam"", ""id"": ""1"", ""protisdon"": ""True"", ""reschain"": ""C"", ""reschain_lig"": ""Z"", ""resnr"": ""60"", ""resnr_lig"": ""1"", ""restype"": ""ASN"", ""restype_lig"": ""LIG"", ""sidechain"": ""True""}",98,alpha1,BZD_GAMMA2_060,mapped_gamma2_sequence_alignment,global sequence alignment (Biopython PairwiseAligner) + PDB residue lookup,ASN,False,ASN
zolpidem,alpha1_beta3_gamma2,2,hydrophobic_interaction,58,C,"{""dist"": ""3.78"", ""id"": ""1"", ""ligcarbonidx"": ""13788"", ""protcarbonidx"": ""5804"", ""reschain"": ""C"", ""reschain_lig"": ""Z"", ""resnr"": ""58"", ""resnr_lig"": ""1"", ""restype"": ""TYR"", ""restype_lig"": ""LIG""}",99,alpha1,BZD_GAMMA2_058,mapped_gamma2_sequence_alignment,global sequence alignment (Biopython PairwiseAligner) + PDB residue lookup,TYR,False,TYR
zolpidem,alpha1_beta3_gamma2,2,hydrophobic_interaction,77,C,"{""dist"": ""3.78"", ""id"": ""2"", ""ligcarbonidx"": ""13785"", ""protcarbonidx"": ""5951"", ""reschain"": ""C"", ""reschain_lig"": ""Z"", ""resnr"": ""77"", ""resnr_lig"": ""1"", ""restype"": ""PHE"", ""restype_lig"": ""LIG""}",100,alpha1,BZD_GAMMA2_077,mapped_gamma2_sequence_alignment,global sequence alignment (Biopython PairwiseAligner) + PDB residue lookup,PHE,False,PHE
zolpidem,alpha1_beta3_gamma2,2,hydrophobic_interaction,160,D,"{""dist"": ""3.97"", ""id"": ""3"", ""ligcarbonidx"": ""13785"", ""protcarbonidx"": ""9469"", ""reschain"": ""D"", ""reschain_lig"": ""Z"", ""resnr"": ""160"", ""resnr_lig"": ""1"", ""restype"": ""TYR"", ""restype_lig"": ""LIG""}",101,alpha1,BZD_SITE_160,mapped_global_sequence_alignment,global sequence alignment (Biopython PairwiseAligner) + PDB residue lookup,TYR,False,TYR
zolpidem,alpha1_beta3_gamma2,2,hydrophobic_interaction,203,D,"{""dist"": ""3.26"", ""id"": ""4"", ""ligcarbonidx"": ""13806"", ""protcarbonidx"": ""9810"", ""reschain"": ""D"", ""reschain_lig"": ""Z"", ""resnr"": ""203"", ""resnr_lig"": ""1"", ""restype"": ""VAL"", ""restype_lig"": ""LIG""}",102,alpha1,BZD_SITE_203,mapped_global_sequence_alignment,global sequence alignment (Biopython PairwiseAligner) + PDB residue lookup,VAL,False,VAL
zolpidem,alpha1_beta3_gamma2,2,pi_stack,77,C,"{""angle"": ""70.60"", ""centdist"": ""4.70"", ""id"": ""1"", ""offset"": ""0.47"", ""reschain"": ""C"", ""reschain_lig"": ""Z"", ""resnr"": ""77"", ""resnr_lig"": ""1"", ""restype"": ""PHE"", ""restype_lig"": ""LIG"", ""type"": ""T""}",103,alpha1,BZD_GAMMA2_077,mapped_gamma2_sequence_alignment,global sequence alignment (Biopython PairwiseAligner) + PDB residue lookup,PHE,False,PHE
zolpidem,alpha1_beta3_gamma2,3,hydrophobic_interaction,77,C,"{""dist"": ""3.41"", ""id"": ""1"", ""ligcarbonidx"": ""13807"", ""protcarbonidx"": ""5954"", ""reschain"": ""C"", ""reschain_lig"": ""Z"", ""resnr"": ""77"", ""resnr_lig"": ""1"", ""restype"": ""PHE"", ""restype_lig"": ""LIG""}",104,alpha1,BZD_GAMMA2_077,mapped_gamma2_sequence_alignment,global sequence alignment (Biopython PairwiseAligner) + PDB residue lookup,PHE,False,PHE
zolpidem,alpha1_beta3_gamma2,3,hydrophobic_interaction,103,D,"{""dist"": ""3.58"", ""id"": ""2"", ""ligcarbonidx"": ""13794"", ""protcarbonidx"": ""9020"", ""reschain"": ""D"", ""reschain_lig"": ""Z"", ""resnr"": ""103"", ""resnr_lig"": ""1"", ""restype"": ""ASN"", ""restype_lig"": ""LIG""}",105,alpha1,BZD_SITE_103,mapped_global_sequence_alignment,global sequence alignment (Biopython PairwiseAligner) + PDB residue lookup,ASN,False,ASN
zolpidem,alpha1_beta3_gamma2,3,hydrophobic_interaction,203,D,"{""dist"": ""3.03"", ""id"": ""3"", ""ligcarbonidx"": ""13787"", ""protcarbonidx"": ""9810"", ""reschain"": ""D"", ""reschain_lig"": ""Z"", ""resnr"": ""203"", ""resnr_lig"": ""1"", ""restype"": ""VAL"", ""restype_lig"": ""LIG""}",106,alpha1,BZD_SITE_203,mapped_global_sequence_alignment,global sequence alignment (Biopython PairwiseAligner) + PDB residue lookup,VAL,False,VAL
zolpidem,alpha1_beta3_gamma2,3,hydrogen_bond,60,C,"{""acceptoridx"": ""13791"", ""acceptortype"": ""Nar"", ""dist_d-a"": ""2.99"", ""dist_h-a"": ""2.18"", ""don_angle"": ""138.65"", ""donoridx"": ""5823"", ""donortype"": ""Nam"", ""id"": ""1"", ""protisdon"": ""True"", ""reschain"": ""C"", ""reschain_lig"": ""Z"", ""resnr"": ""60"", ""resnr_lig"": ""1"", ""restype"": ""ASN"", ""restype_lig"": ""LIG"", ""sidechain"": ""True""}",107,alpha1,BZD_GAMMA2_060,mapped_gamma2_sequence_alignment,global sequence alignment (Biopython PairwiseAligner) + PDB residue lookup,ASN,False,ASN
zolpidem,alpha1_beta3_gamma2,4,hydrophobic_interaction,77,C,"{""dist"": ""3.42"", ""id"": ""1"", ""ligcarbonidx"": ""13796"", ""protcarbonidx"": ""5951"", ""reschain"": ""C"", ""reschain_lig"": ""Z"", ""resnr"": ""77"", ""resnr_lig"": ""1"", ""restype"": ""PHE"", ""restype_lig"": ""LIG""}",108,alpha1,BZD_GAMMA2_077,mapped_gamma2_sequence_alignment,global sequence alignment (Biopython PairwiseAligner) + PDB residue lookup,PHE,False,PHE
zolpidem,alpha1_beta3_gamma2,4,pi_stack,58,C,"{""angle"": ""17.03"", ""centdist"": ""4.03"", ""id"": ""1"", ""offset"": ""1.25"", ""reschain"": ""C"", ""reschain_lig"": ""Z"", ""resnr"": ""58"", ""resnr_lig"": ""1"", ""restype"": ""TYR"", ""restype_lig"": ""LIG"", ""type"": ""P""}",109,alpha1,BZD_GAMMA2_058,mapped_gamma2_sequence_alignment,global sequence alignment (Biopython PairwiseAligner) + PDB residue lookup,TYR,False,TYR
zolpidem,alpha1_beta3_gamma2,5,hydrophobic_interaction,77,C,"{""dist"": ""3.52"", ""id"": ""1"", ""ligcarbonidx"": ""13796"", ""protcarbonidx"": ""5955"", ""reschain"": ""C"", ""reschain_lig"": ""Z"", ""resnr"": ""77"", ""resnr_lig"": ""1"", ""restype"": ""PHE"", ""restype_lig"": ""LIG""}",110,alpha1,BZD_GAMMA2_077,mapped_gamma2_sequence_alignment,global sequence alignment (Biopython PairwiseAligner) + PDB residue lookup,PHE,False,PHE
zolpidem,alpha1_beta3_gamma2,5,hydrophobic_interaction,203,D,"{""dist"": ""3.50"", ""id"": ""2"", ""ligcarbonidx"": ""13800"", ""protcarbonidx"": ""9810"", ""reschain"": ""D"", ""reschain_lig"": ""Z"", ""resnr"": ""203"", ""resnr_lig"": ""1"", ""restype"": ""VAL"", ""restype_lig"": ""LIG""}",111,alpha1,BZD_SITE_203,mapped_global_sequence_alignment,global sequence alignment (Biopython PairwiseAligner) + PDB residue lookup,VAL,False,VAL
zolpidem,alpha1_beta3_gamma2,5,pi_stack,58,C,"{""angle"": ""13.03"", ""centdist"": ""3.89"", ""id"": ""1"", ""offset"": ""1.16"", ""reschain"": ""C"", ""reschain_lig"": ""Z"", ""resnr"": ""58"", ""resnr_lig"": ""1"", ""restype"": ""TYR"", ""restype_lig"": ""LIG"", ""type"": ""P""}",112,alpha1,BZD_GAMMA2_058,mapped_gamma2_sequence_alignment,global sequence alignment (Biopython PairwiseAligner) + PDB residue lookup,TYR,False,TYR
zolpidem,alpha1_beta3_gamma2,6,hydrophobic_interaction,58,C,"{""dist"": ""3.59"", ""id"": ""1"", ""ligcarbonidx"": ""13806"", ""protcarbonidx"": ""5806"", ""reschain"": ""C"", ""reschain_lig"": ""Z"", ""resnr"": ""58"", ""resnr_lig"": ""1"", ""restype"": ""TYR"", ""restype_lig"": ""LIG""}",113,alpha1,BZD_GAMMA2_058,mapped_gamma2_sequence_alignment,global sequence alignment (Biopython PairwiseAligner) + PDB residue lookup,TYR,False,TYR
zolpidem,alpha1_beta3_gamma2,6,hydrophobic_interaction,77,C,"{""dist"": ""3.27"", ""id"": ""2"", ""ligcarbonidx"": ""13807"", ""protcarbonidx"": ""5954"", ""reschain"": ""C"", ""reschain_lig"": ""Z"", ""resnr"": ""77"", ""resnr_lig"": ""1"", ""restype"": ""PHE"", ""restype_lig"": ""LIG""}",114,alpha1,BZD_GAMMA2_077,mapped_gamma2_sequence_alignment,global sequence alignment (Biopython PairwiseAligner) + PDB residue lookup,PHE,False,PHE
zolpidem,alpha1_beta3_gamma2,6,hydrophobic_interaction,203,D,"{""dist"": ""3.42"", ""id"": ""3"", ""ligcarbonidx"": ""13788"", ""protcarbonidx"": ""9810"", ""reschain"": ""D"", ""reschain_lig"": ""Z"", ""resnr"": ""203"", ""resnr_lig"": ""1"", ""restype"": ""VAL"", ""restype_lig"": ""LIG""}",115,alpha1,BZD_SITE_203,mapped_global_sequence_alignment,global sequence alignment (Biopython PairwiseAligner) + PDB residue lookup,VAL,False,VAL
zolpidem,alpha1_beta3_gamma2,6,hydrogen_bond,60,C,"{""acceptoridx"": ""13791"", ""acceptortype"": ""Nar"", ""dist_d-a"": ""3.56"", ""dist_h-a"": ""3.01"", ""don_angle"": ""116.29"", ""donoridx"": ""5823"", ""donortype"": ""Nam"", ""id"": ""1"", ""protisdon"": ""True"", ""reschain"": ""C"", ""reschain_lig"": ""Z"", ""resnr"": ""60"", ""resnr_lig"": ""1"", ""restype"": ""ASN"", ""restype_lig"": ""LIG"", ""sidechain"": ""True""}",116,alpha1,BZD_GAMMA2_060,mapped_gamma2_sequence_alignment,global sequence alignment (Biopython PairwiseAligner) + PDB residue lookup,ASN,False,ASN
zolpidem,alpha1_beta3_gamma2,7,hydrophobic_interaction,58,C,"{""dist"": ""3.96"", ""id"": ""1"", ""ligcarbonidx"": ""13795"", ""protcarbonidx"": ""5806"", ""reschain"": ""C"", ""reschain_lig"": ""Z"", ""resnr"": ""58"", ""resnr_lig"": ""1"", ""restype"": ""TYR"", ""restype_lig"": ""LIG""}",117,alpha1,BZD_GAMMA2_058,mapped_gamma2_sequence_alignment,global sequence alignment (Biopython PairwiseAligner) + PDB residue lookup,TYR,False,TYR
zolpidem,alpha1_beta3_gamma2,7,hydrophobic_interaction,58,C,"{""dist"": ""3.71"", ""id"": ""2"", ""ligcarbonidx"": ""13796"", ""protcarbonidx"": ""5804"", ""reschain"": ""C"", ""reschain_lig"": ""Z"", ""resnr"": ""58"", ""resnr_lig"": ""1"", ""restype"": ""TYR"", ""restype_lig"": ""LIG""}",118,alpha1,BZD_GAMMA2_058,mapped_gamma2_sequence_alignment,global sequence alignment (Biopython PairwiseAligner) + PDB residue lookup,TYR,False,TYR
zolpidem,alpha1_beta3_gamma2,7,hydrophobic_interaction,77,C,"{""dist"": ""3.88"", ""id"": ""3"", ""ligcarbonidx"": ""13794"", ""protcarbonidx"": ""5955"", ""reschain"": ""C"", ""reschain_lig"": ""Z"", ""resnr"": ""77"", ""resnr_lig"": ""1"", ""restype"": ""PHE"", ""restype_lig"": ""LIG""}",119,alpha1,BZD_GAMMA2_077,mapped_gamma2_sequence_alignment,global sequence alignment (Biopython PairwiseAligner) + PDB residue lookup,PHE,False,PHE
zolpidem,alpha1_beta3_gamma2,7,hydrophobic_interaction,77,C,"{""dist"": ""3.71"", ""id"": ""4"", ""ligcarbonidx"": ""13796"", ""protcarbonidx"": ""5952"", ""reschain"": ""C"", ""reschain_lig"": ""Z"", ""resnr"": ""77"", ""resnr_lig"": ""1"", ""restype"": ""PHE"", ""restype_lig"": ""LIG""}",120,alpha1,BZD_GAMMA2_077,mapped_gamma2_sequence_alignment,global sequence alignment (Biopython PairwiseAligner) + PDB residue lookup,PHE,False,PHE
zolpidem,alpha1_beta3_gamma2,7,hydrophobic_interaction,203,D,"{""dist"": ""3.64"", ""id"": ""5"", ""ligcarbonidx"": ""13806"", ""protcarbonidx"": ""9811"", ""reschain"": ""D"", ""reschain_lig"": ""Z"", ""resnr"": ""203"", ""resnr_lig"": ""1"", ""restype"": ""VAL"", ""restype_lig"": ""LIG""}",121,alpha1,BZD_SITE_203,mapped_global_sequence_alignment,global sequence alignment (Biopython PairwiseAligner) + PDB residue lookup,VAL,False,VAL
zolpidem,alpha1_beta3_gamma2,8,hydrophobic_interaction,58,C,"{""dist"": ""3.42"", ""id"": ""1"", ""ligcarbonidx"": ""13793"", ""protcarbonidx"": ""5806"", ""reschain"": ""C"", ""reschain_lig"": ""Z"", ""resnr"": ""58"", ""resnr_lig"": ""1"", ""restype"": ""TYR"", ""restype_lig"": ""LIG""}",122,alpha1,BZD_GAMMA2_058,mapped_gamma2_sequence_alignment,global sequence alignment (Biopython PairwiseAligner) + PDB residue lookup,TYR,False,TYR
zolpidem,alpha1_beta3_gamma2,8,hydrophobic_interaction,77,C,"{""dist"": ""3.48"", ""id"": ""2"", ""ligcarbonidx"": ""13796"", ""protcarbonidx"": ""5955"", ""reschain"": ""C"", ""reschain_lig"": ""Z"", ""resnr"": ""77"", ""resnr_lig"": ""1"", ""restype"": ""PHE"", ""restype_lig"": ""LIG""}",123,alpha1,BZD_GAMMA2_077,mapped_gamma2_sequence_alignment,global sequence alignment (Biopython PairwiseAligner) + PDB residue lookup,PHE,False,PHE
zolpidem,alpha1_beta3_gamma2,8,hydrophobic_interaction,77,C,"{""dist"": ""3.52"", ""id"": ""3"", ""ligcarbonidx"": ""13794"", ""protcarbonidx"": ""5954"", ""reschain"": ""C"", ""reschain_lig"": ""Z"", ""resnr"": ""77"", ""resnr_lig"": ""1"", ""restype"": ""PHE"", ""restype_lig"": ""LIG""}",124,alpha1,BZD_GAMMA2_077,mapped_gamma2_sequence_alignment,global sequence alignment (Biopython PairwiseAligner) + PDB residue lookup,PHE,False,PHE
zolpidem,alpha1_beta3_gamma2,8,hydrophobic_interaction,203,D,"{""dist"": ""3.88"", ""id"": ""4"", ""ligcarbonidx"": ""13788"", ""protcarbonidx"": ""9810"", ""reschain"": ""D"", ""reschain_lig"": ""Z"", ""resnr"": ""203"", ""resnr_lig"": ""1"", ""restype"": ""VAL"", ""restype_lig"": ""LIG""}",125,alpha1,BZD_SITE_203,mapped_global_sequence_alignment,global sequence alignment (Biopython PairwiseAligner) + PDB residue lookup,VAL,False,VAL
zolpidem,alpha1_beta3_gamma2,8,hydrophobic_interaction,203,D,"{""dist"": ""3.77"", ""id"": ""5"", ""ligcarbonidx"": ""13800"", ""protcarbonidx"": ""9811"", ""reschain"": ""D"", ""reschain_lig"": ""Z"", ""resnr"": ""203"", ""resnr_lig"": ""1"", ""restype"": ""VAL"", ""restype_lig"": ""LIG""}",126,alpha1,BZD_SITE_203,mapped_global_sequence_alignment,global sequence alignment (Biopython PairwiseAligner) + PDB residue lookup,VAL,False,VAL
zolpidem,alpha1_beta3_gamma2,9,hydrophobic_interaction,58,C,"{""dist"": ""3.94"", ""id"": ""1"", ""ligcarbonidx"": ""13793"", ""protcarbonidx"": ""5806"", ""reschain"": ""C"", ""reschain_lig"": ""Z"", ""resnr"": ""58"", ""resnr_lig"": ""1"", ""restype"": ""TYR"", ""restype_lig"": ""LIG""}",127,alpha1,BZD_GAMMA2_058,mapped_gamma2_sequence_alignment,global sequence alignment (Biopython PairwiseAligner) + PDB residue lookup,TYR,False,TYR
zolpidem,alpha1_beta3_gamma2,9,hydrophobic_interaction,103,D,"{""dist"": ""3.47"", ""id"": ""2"", ""ligcarbonidx"": ""13785"", ""protcarbonidx"": ""9020"", ""reschain"": ""D"", ""reschain_lig"": ""Z"", ""resnr"": ""103"", ""resnr_lig"": ""1"", ""restype"": ""ASN"", ""restype_lig"": ""LIG""}",128,alpha1,BZD_SITE_103,mapped_global_sequence_alignment,global sequence alignment (Biopython PairwiseAligner) + PDB residue lookup,ASN,False,ASN
zolpidem,alpha1_beta3_gamma2,9,hydrophobic_interaction,156,D,"{""dist"": ""3.91"", ""id"": ""3"", ""ligcarbonidx"": ""13807"", ""protcarbonidx"": ""9437"", ""reschain"": ""D"", ""reschain_lig"": ""Z"", ""resnr"": ""156"", ""resnr_lig"": ""1"", ""restype"": ""LYS"", ""restype_lig"": ""LIG""}",129,alpha1,BZD_SITE_156,mapped_global_sequence_alignment,global sequence alignment (Biopython PairwiseAligner) + PDB residue lookup,LYS,False,LYS
zolpidem,alpha1_beta3_gamma2,9,hydrophobic_interaction,203,D,"{""dist"": ""3.76"", ""id"": ""4"", ""ligcarbonidx"": ""13794"", ""protcarbonidx"": ""9810"", ""reschain"": ""D"", ""reschain_lig"": ""Z"", ""resnr"": ""203"", ""resnr_lig"": ""1"", ""restype"": ""VAL"", ""restype_lig"": ""LIG""}",130,alpha1,BZD_SITE_203,mapped_global_sequence_alignment,global sequence alignment (Biopython PairwiseAligner) + PDB residue lookup,VAL,False,VAL
zolpidem,alpha1_beta3_gamma2,9,hydrogen_bond,156,D,"{""acceptoridx"": ""13802"", ""acceptortype"": ""O2"", ""dist_d-a"": ""4.08"", ""dist_h-a"": ""3.22"", ""don_angle"": ""143.53"", ""donoridx"": ""9439"", ""donortype"": ""N3"", ""id"": ""1"", ""protisdon"": ""True"", ""reschain"": ""D"", ""reschain_lig"": ""Z"", ""resnr"": ""156"", ""resnr_lig"": ""1"", ""restype"": ""LYS"", ""restype_lig"": ""LIG"", ""sidechain"": ""True""}",131,alpha1,BZD_SITE_156,mapped_global_sequence_alignment,global sequence alignment (Biopython PairwiseAligner) + PDB residue lookup,LYS,False,LYS
diazepam,alpha2_beta3_gamma2_local_9CTJ,1,hydrophobic_interaction,58,E,"{""dist"": ""3.68"", ""id"": ""1"", ""ligcarbonidx"": ""7110"", ""protcarbonidx"": ""5639"", ""reschain"": ""E"", ""reschain_lig"": ""Z"", ""resnr"": ""58"", ""resnr_lig"": ""1"", ""restype"": ""TYR"", ""restype_lig"": ""LIG""}",132,alpha2,BZD_GAMMA2_058,mapped_gamma2_sequence_alignment,global sequence alignment (Biopython PairwiseAligner) + PDB residue lookup,TYR,False,TYR
diazepam,alpha2_beta3_gamma2_local_9CTJ,1,hydrophobic_interaction,77,E,"{""dist"": ""3.66"", ""id"": ""2"", ""ligcarbonidx"": ""7112"", ""protcarbonidx"": ""5787"", ""reschain"": ""E"", ""reschain_lig"": ""Z"", ""resnr"": ""77"", ""resnr_lig"": ""1"", ""restype"": ""PHE"", ""restype_lig"": ""LIG""}",133,alpha2,BZD_GAMMA2_077,mapped_gamma2_sequence_alignment,global sequence alignment (Biopython PairwiseAligner) + PDB residue lookup,PHE,False,PHE
diazepam,alpha2_beta3_gamma2_local_9CTJ,1,hydrophobic_interaction,77,E,"{""dist"": ""3.47"", ""id"": ""3"", ""ligcarbonidx"": ""7116"", ""protcarbonidx"": ""5785"", ""reschain"": ""E"", ""reschain_lig"": ""Z"", ""resnr"": ""77"", ""resnr_lig"": ""1"", ""restype"": ""PHE"", ""restype_lig"": ""LIG""}",134,alpha2,BZD_GAMMA2_077,mapped_gamma2_sequence_alignment,global sequence alignment (Biopython PairwiseAligner) + PDB residue lookup,PHE,False,PHE
diazepam,alpha2_beta3_gamma2_local_9CTJ,1,hydrophobic_interaction,202,D,"{""dist"": ""3.75"", ""id"": ""4"", ""ligcarbonidx"": ""7107"", ""protcarbonidx"": ""4260"", ""reschain"": ""D"", ""reschain_lig"": ""Z"", ""resnr"": ""202"", ""resnr_lig"": ""1"", ""restype"": ""ILE"", ""restype_lig"": ""LIG""}",135,alpha2,BZD_SITE_203,mapped_global_sequence_alignment,global sequence alignment (Biopython PairwiseAligner) + PDB residue lookup,ILE,False,ILE
diazepam,alpha2_beta3_gamma2_local_9CTJ,2,hydrophobic_interaction,58,E,"{""dist"": ""3.88"", ""id"": ""1"", ""ligcarbonidx"": ""7113"", ""protcarbonidx"": ""5639"", ""reschain"": ""E"", ""reschain_lig"": ""Z"", ""resnr"": ""58"", ""resnr_lig"": ""1"", ""restype"": ""TYR"", ""restype_lig"": ""LIG""}",136,alpha2,BZD_GAMMA2_058,mapped_gamma2_sequence_alignment,global sequence alignment (Biopython PairwiseAligner) + PDB residue lookup,TYR,False,TYR
diazepam,alpha2_beta3_gamma2_local_9CTJ,2,hydrophobic_interaction,77,E,"{""dist"": ""3.90"", ""id"": ""2"", ""ligcarbonidx"": ""7108"", ""protcarbonidx"": ""5788"", ""reschain"": ""E"", ""reschain_lig"": ""Z"", ""resnr"": ""77"", ""resnr_lig"": ""1"", ""restype"": ""PHE"", ""restype_lig"": ""LIG""}",137,alpha2,BZD_GAMMA2_077,mapped_gamma2_sequence_alignment,global sequence alignment (Biopython PairwiseAligner) + PDB residue lookup,PHE,False,PHE
diazepam,alpha2_beta3_gamma2_local_9CTJ,2,hydrophobic_interaction,77,E,"{""dist"": ""3.16"", ""id"": ""3"", ""ligcarbonidx"": ""7107"", ""protcarbonidx"": ""5787"", ""reschain"": ""E"", ""reschain_lig"": ""Z"", ""resnr"": ""77"", ""resnr_lig"": ""1"", ""restype"": ""PHE"", ""restype_lig"": ""LIG""}",138,alpha2,BZD_GAMMA2_077,mapped_gamma2_sequence_alignment,global sequence alignment (Biopython PairwiseAligner) + PDB residue lookup,PHE,False,PHE
diazepam,alpha2_beta3_gamma2_local_9CTJ,2,hydrophobic_interaction,99,D,"{""dist"": ""3.53"", ""id"": ""4"", ""ligcarbonidx"": ""7108"", ""protcarbonidx"": ""3448"", ""reschain"": ""D"", ""reschain_lig"": ""Z"", ""resnr"": ""99"", ""resnr_lig"": ""1"", ""restype"": ""PHE"", ""restype_lig"": ""LIG""}",139,alpha2,BZD_SITE_100,mapped_global_sequence_alignment,global sequence alignment (Biopython PairwiseAligner) + PDB residue lookup,PHE,False,PHE
diazepam,alpha2_beta3_gamma2_local_9CTJ,2,hydrophobic_interaction,209,D,"{""dist"": ""3.27"", ""id"": ""5"", ""ligcarbonidx"": ""7110"", ""protcarbonidx"": ""4310"", ""reschain"": ""D"", ""reschain_lig"": ""Z"", ""resnr"": ""209"", ""resnr_lig"": ""1"", ""restype"": ""TYR"", ""restype_lig"": ""LIG""}",140,alpha2,BZD_SITE_210,mapped_global_sequence_alignment,global sequence alignment (Biopython PairwiseAligner) + PDB residue lookup,TYR,False,TYR
diazepam,alpha2_beta3_gamma2_local_9CTJ,2,pi_stack,101,D,"{""angle"": ""63.61"", ""centdist"": ""4.40"", ""id"": ""1"", ""offset"": ""1.42"", ""reschain"": ""D"", ""reschain_lig"": ""Z"", ""resnr"": ""101"", ""resnr_lig"": ""1"", ""restype"": ""HIS"", ""restype_lig"": ""LIG"", ""type"": ""T""}",141,alpha2,BZD_SITE_102,mapped_global_sequence_alignment,global sequence alignment (Biopython PairwiseAligner) + PDB residue lookup,HIS,False,HIS
diazepam,alpha2_beta3_gamma2_local_9CTJ,3,hydrophobic_interaction,60,E,"{""dist"": ""3.66"", ""id"": ""1"", ""ligcarbonidx"": ""7116"", ""protcarbonidx"": ""5653"", ""reschain"": ""E"", ""reschain_lig"": ""Z"", ""resnr"": ""60"", ""resnr_lig"": ""1"", ""restype"": ""ASN"", ""restype_lig"": ""LIG""}",142,alpha2,BZD_GAMMA2_060,mapped_gamma2_sequence_alignment,global sequence alignment (Biopython PairwiseAligner) + PDB residue lookup,ASN,False,ASN
diazepam,alpha2_beta3_gamma2_local_9CTJ,3,hydrophobic_interaction,102,D,"{""dist"": ""3.94"", ""id"": ""2"", ""ligcarbonidx"": ""7111"", ""protcarbonidx"": ""3474"", ""reschain"": ""D"", ""reschain_lig"": ""Z"", ""resnr"": ""102"", ""resnr_lig"": ""1"", ""restype"": ""ASN"", ""restype_lig"": ""LIG""}",143,alpha2,BZD_SITE_103,mapped_global_sequence_alignment,global sequence alignment (Biopython PairwiseAligner) + PDB residue lookup,ASN,False,ASN
diazepam,alpha2_beta3_gamma2_local_9CTJ,3,hydrophobic_interaction,153,D,"{""dist"": ""3.61"", ""id"": ""3"", ""ligcarbonidx"": ""7109"", ""protcarbonidx"": ""3875"", ""reschain"": ""D"", ""reschain_lig"": ""Z"", ""resnr"": ""153"", ""resnr_lig"": ""1"", ""restype"": ""PRO"", ""restype_lig"": ""LIG""}",144,alpha2,BZD_SITE_154,mapped_global_sequence_alignment,global sequence alignment (Biopython PairwiseAligner) + PDB residue lookup,PRO,False,PRO
diazepam,alpha2_beta3_gamma2_local_9CTJ,3,hydrophobic_interaction,155,D,"{""dist"": ""3.68"", ""id"": ""4"", ""ligcarbonidx"": ""7110"", ""protcarbonidx"": ""3891"", ""reschain"": ""D"", ""reschain_lig"": ""Z"", ""resnr"": ""155"", ""resnr_lig"": ""1"", ""restype"": ""LYS"", ""restype_lig"": ""LIG""}",145,alpha2,BZD_SITE_156,mapped_global_sequence_alignment,global sequence alignment (Biopython PairwiseAligner) + PDB residue lookup,LYS,False,LYS
diazepam,alpha2_beta3_gamma2_local_9CTJ,3,halogen_bond,195,E,"{""acc_angle"": ""107.59"", ""acc_idx"": ""6784"", ""acceptortype"": ""O2"", ""dist"": ""3.81"", ""don_angle"": ""153.72"", ""don_idx"": ""7115"", ""donortype"": ""Cl"", ""id"": ""1"", ""reschain"": ""E"", ""reschain_lig"": ""Z"", ""resnr"": ""195"", ""resnr_lig"": ""1"", ""restype"": ""SER"", ""restype_lig"": ""LIG"", ""sidechain"": ""False""}",146,alpha2,BZD_GAMMA2_195,mapped_gamma2_sequence_alignment,global sequence alignment (Biopython PairwiseAligner) + PDB residue lookup,SER,False,SER
diazepam,alpha2_beta3_gamma2_local_9CTJ,4,hydrophobic_interaction,58,E,"{""dist"": ""3.51"", ""id"": ""1"", ""ligcarbonidx"": ""7107"", ""protcarbonidx"": ""5639"", ""reschain"": ""E"", ""reschain_lig"": ""Z"", ""resnr"": ""58"", ""resnr_lig"": ""1"", ""restype"": ""TYR"", ""restype_lig"": ""LIG""}",147,alpha2,BZD_GAMMA2_058,mapped_gamma2_sequence_alignment,global sequence alignment (Biopython PairwiseAligner) + PDB residue lookup,TYR,False,TYR
diazepam,alpha2_beta3_gamma2_local_9CTJ,4,hydrophobic_interaction,77,E,"{""dist"": ""3.57"", ""id"": ""2"", ""ligcarbonidx"": ""7107"", ""protcarbonidx"": ""5787"", ""reschain"": ""E"", ""reschain_lig"": ""Z"", ""resnr"": ""77"", ""resnr_lig"": ""1"", ""restype"": ""PHE"", ""restype_lig"": ""LIG""}",148,alpha2,BZD_GAMMA2_077,mapped_gamma2_sequence_alignment,global sequence alignment (Biopython PairwiseAligner) + PDB residue lookup,PHE,False,PHE
diazepam,alpha2_beta3_gamma2_local_9CTJ,4,hydrophobic_interaction,202,D,"{""dist"": ""3.54"", ""id"": ""3"", ""ligcarbonidx"": ""7110"", ""protcarbonidx"": ""4260"", ""reschain"": ""D"", ""reschain_lig"": ""Z"", ""resnr"": ""202"", ""resnr_lig"": ""1"", ""restype"": ""ILE"", ""restype_lig"": ""LIG""}",149,alpha2,BZD_SITE_203,mapped_global_sequence_alignment,global sequence alignment (Biopython PairwiseAligner) + PDB residue lookup,ILE,False,ILE
diazepam,alpha2_beta3_gamma2_local_9CTJ,4,hydrophobic_interaction,202,D,"{""dist"": ""3.80"", ""id"": ""4"", ""ligcarbonidx"": ""7116"", ""protcarbonidx"": ""4261"", ""reschain"": ""D"", ""reschain_lig"": ""Z"", ""resnr"": ""202"", ""resnr_lig"": ""1"", ""restype"": ""ILE"", ""restype_lig"": ""LIG""}",150,alpha2,BZD_SITE_203,mapped_global_sequence_alignment,global sequence alignment (Biopython PairwiseAligner) + PDB residue lookup,ILE,False,ILE
diazepam,alpha2_beta3_gamma2_local_9CTJ,5,hydrophobic_interaction,77,E,"{""dist"": ""3.57"", ""id"": ""1"", ""ligcarbonidx"": ""7108"", ""protcarbonidx"": ""5787"", ""reschain"": ""E"", ""reschain_lig"": ""Z"", ""resnr"": ""77"", ""resnr_lig"": ""1"", ""restype"": ""PHE"", ""restype_lig"": ""LIG""}",151,alpha2,BZD_GAMMA2_077,mapped_gamma2_sequence_alignment,global sequence alignment (Biopython PairwiseAligner) + PDB residue lookup,PHE,False,PHE
diazepam,alpha2_beta3_gamma2_local_9CTJ,5,hydrophobic_interaction,202,D,"{""dist"": ""3.72"", ""id"": ""2"", ""ligcarbonidx"": ""7110"", ""protcarbonidx"": ""4260"", ""reschain"": ""D"", ""reschain_lig"": ""Z"", ""resnr"": ""202"", ""resnr_lig"": ""1"", ""restype"": ""ILE"", ""restype_lig"": ""LIG""}",152,alpha2,BZD_SITE_203,mapped_global_sequence_alignment,global sequence alignment (Biopython PairwiseAligner) + PDB residue lookup,ILE,False,ILE
diazepam,alpha2_beta3_gamma2_local_9CTJ,6,hydrophobic_interaction,77,E,"{""dist"": ""3.87"", ""id"": ""1"", ""ligcarbonidx"": ""7116"", ""protcarbonidx"": ""5787"", ""reschain"": ""E"", ""reschain_lig"": ""Z"", ""resnr"": ""77"", ""resnr_lig"": ""1"", ""restype"": ""PHE"", ""restype_lig"": ""LIG""}",153,alpha2,BZD_GAMMA2_077,mapped_gamma2_sequence_alignment,global sequence alignment (Biopython PairwiseAligner) + PDB residue lookup,PHE,False,PHE
diazepam,alpha2_beta3_gamma2_local_9CTJ,6,hydrophobic_interaction,102,D,"{""dist"": ""3.46"", ""id"": ""2"", ""ligcarbonidx"": ""7109"", ""protcarbonidx"": ""3474"", ""reschain"": ""D"", ""reschain_lig"": ""Z"", ""resnr"": ""102"", ""resnr_lig"": ""1"", ""restype"": ""ASN"", ""restype_lig"": ""LIG""}",154,alpha2,BZD_SITE_103,mapped_global_sequence_alignment,global sequence alignment (Biopython PairwiseAligner) + PDB residue lookup,ASN,False,ASN
diazepam,alpha2_beta3_gamma2_local_9CTJ,6,hydrophobic_interaction,155,D,"{""dist"": ""3.76"", ""id"": ""3"", ""ligcarbonidx"": ""7110"", ""protcarbonidx"": ""3891"", ""reschain"": ""D"", ""reschain_lig"": ""Z"", ""resnr"": ""155"", ""resnr_lig"": ""1"", ""restype"": ""LYS"", ""restype_lig"": ""LIG""}",155,alpha2,BZD_SITE_156,mapped_global_sequence_alignment,global sequence alignment (Biopython PairwiseAligner) + PDB residue lookup,LYS,False,LYS
diazepam,alpha2_beta3_gamma2_local_9CTJ,7,hydrophobic_interaction,77,E,"{""dist"": ""3.42"", ""id"": ""1"", ""ligcarbonidx"": ""7116"", ""protcarbonidx"": ""5787"", ""reschain"": ""E"", ""reschain_lig"": ""Z"", ""resnr"": ""77"", ""resnr_lig"": ""1"", ""restype"": ""PHE"", ""restype_lig"": ""LIG""}",156,alpha2,BZD_GAMMA2_077,mapped_gamma2_sequence_alignment,global sequence alignment (Biopython PairwiseAligner) + PDB residue lookup,PHE,False,PHE
diazepam,alpha2_beta3_gamma2_local_9CTJ,7,hydrophobic_interaction,202,D,"{""dist"": ""3.76"", ""id"": ""2"", ""ligcarbonidx"": ""7113"", ""protcarbonidx"": ""4260"", ""reschain"": ""D"", ""reschain_lig"": ""Z"", ""resnr"": ""202"", ""resnr_lig"": ""1"", ""restype"": ""ILE"", ""restype_lig"": ""LIG""}",157,alpha2,BZD_SITE_203,mapped_global_sequence_alignment,global sequence alignment (Biopython PairwiseAligner) + PDB residue lookup,ILE,False,ILE
diazepam,alpha2_beta3_gamma2_local_9CTJ,7,hydrophobic_interaction,202,D,"{""dist"": ""3.59"", ""id"": ""3"", ""ligcarbonidx"": ""7107"", ""protcarbonidx"": ""4261"", ""reschain"": ""D"", ""reschain_lig"": ""Z"", ""resnr"": ""202"", ""resnr_lig"": ""1"", ""restype"": ""ILE"", ""restype_lig"": ""LIG""}",158,alpha2,BZD_SITE_203,mapped_global_sequence_alignment,global sequence alignment (Biopython PairwiseAligner) + PDB residue lookup,ILE,False,ILE
diazepam,alpha2_beta3_gamma2_local_9CTJ,7,pi_stack,101,D,"{""angle"": ""63.45"", ""centdist"": ""4.38"", ""id"": ""1"", ""offset"": ""0.80"", ""reschain"": ""D"", ""reschain_lig"": ""Z"", ""resnr"": ""101"", ""resnr_lig"": ""1"", ""restype"": ""HIS"", ""restype_lig"": ""LIG"", ""type"": ""T""}",159,alpha2,BZD_SITE_102,mapped_global_sequence_alignment,global sequence alignment (Biopython PairwiseAligner) + PDB residue lookup,HIS,False,HIS
diazepam,alpha2_beta3_gamma2_local_9CTJ,8,hydrophobic_interaction,60,E,"{""dist"": ""3.56"", ""id"": ""1"", ""ligcarbonidx"": ""7116"", ""protcarbonidx"": ""5653"", ""reschain"": ""E"", ""reschain_lig"": ""Z"", ""resnr"": ""60"", ""resnr_lig"": ""1"", ""restype"": ""ASN"", ""restype_lig"": ""LIG""}",160,alpha2,BZD_GAMMA2_060,mapped_gamma2_sequence_alignment,global sequence alignment (Biopython PairwiseAligner) + PDB residue lookup,ASN,False,ASN
diazepam,alpha2_beta3_gamma2_local_9CTJ,8,hydrophobic_interaction,202,D,"{""dist"": ""3.73"", ""id"": ""2"", ""ligcarbonidx"": ""7108"", ""protcarbonidx"": ""4261"", ""reschain"": ""D"", ""reschain_lig"": ""Z"", ""resnr"": ""202"", ""resnr_lig"": ""1"", ""restype"": ""ILE"", ""restype_lig"": ""LIG""}",161,alpha2,BZD_SITE_203,mapped_global_sequence_alignment,global sequence alignment (Biopython PairwiseAligner) + PDB residue lookup,ILE,False,ILE
diazepam,alpha2_beta3_gamma2_local_9CTJ,8,halogen_bond,195,E,"{""acc_angle"": ""136.02"", ""acc_idx"": ""6786"", ""acceptortype"": ""O3"", ""dist"": ""3.48"", ""don_angle"": ""149.77"", ""don_idx"": ""7115"", ""donortype"": ""Cl"", ""id"": ""1"", ""reschain"": ""E"", ""reschain_lig"": ""Z"", ""resnr"": ""195"", ""resnr_lig"": ""1"", ""restype"": ""SER"", ""restype_lig"": ""LIG"", ""sidechain"": ""True""}",162,alpha2,BZD_GAMMA2_195,mapped_gamma2_sequence_alignment,global sequence alignment (Biopython PairwiseAligner) + PDB residue lookup,SER,False,SER
diazepam,alpha2_beta3_gamma2_local_9CTJ,9,hydrophobic_interaction,60,E,"{""dist"": ""3.48"", ""id"": ""1"", ""ligcarbonidx"": ""7109"", ""protcarbonidx"": ""5653"", ""reschain"": ""E"", ""reschain_lig"": ""Z"", ""resnr"": ""60"", ""resnr_lig"": ""1"", ""restype"": ""ASN"", ""restype_lig"": ""LIG""}",163,alpha2,BZD_GAMMA2_060,mapped_gamma2_sequence_alignment,global sequence alignment (Biopython PairwiseAligner) + PDB residue lookup,ASN,False,ASN
diazepam,alpha2_beta3_gamma2_local_9CTJ,9,hydrophobic_interaction,202,D,"{""dist"": ""3.42"", ""id"": ""2"", ""ligcarbonidx"": ""7117"", ""protcarbonidx"": ""4260"", ""reschain"": ""D"", ""reschain_lig"": ""Z"", ""resnr"": ""202"", ""resnr_lig"": ""1"", ""restype"": ""ILE"", ""restype_lig"": ""LIG""}",164,alpha2,BZD_SITE_203,mapped_global_sequence_alignment,global sequence alignment (Biopython PairwiseAligner) + PDB residue lookup,ILE,False,ILE
diazepam,alpha2_beta3_gamma2_local_9CTJ,9,hydrogen_bond,204,D,"{""acceptoridx"": ""7102"", ""acceptortype"": ""O2"", ""dist_d-a"": ""3.89"", ""dist_h-a"": ""3.33"", ""don_angle"": ""118.23"", ""donoridx"": ""4276"", ""donortype"": ""O3"", ""id"": ""1"", ""protisdon"": ""True"", ""reschain"": ""D"", ""reschain_lig"": ""Z"", ""resnr"": ""204"", ""resnr_lig"": ""1"", ""restype"": ""SER"", ""restype_lig"": ""LIG"", ""sidechain"": ""True""}",165,alpha2,BZD_SITE_205,mapped_global_sequence_alignment,global sequence alignment (Biopython PairwiseAligner) + PDB residue lookup,SER,False,SER
triazolam,alpha2_beta3_gamma2_local_9CTJ,1,hydrophobic_interaction,77,E,"{""dist"": ""3.50"", ""id"": ""1"", ""ligcarbonidx"": ""7117"", ""protcarbonidx"": ""5787"", ""reschain"": ""E"", ""reschain_lig"": ""Z"", ""resnr"": ""77"", ""resnr_lig"": ""1"", ""restype"": ""PHE"", ""restype_lig"": ""LIG""}",166,alpha2,BZD_GAMMA2_077,mapped_gamma2_sequence_alignment,global sequence alignment (Biopython PairwiseAligner) + PDB residue lookup,PHE,False,PHE
triazolam,alpha2_beta3_gamma2_local_9CTJ,1,hydrophobic_interaction,202,D,"{""dist"": ""3.47"", ""id"": ""2"", ""ligcarbonidx"": ""7115"", ""protcarbonidx"": ""4260"", ""reschain"": ""D"", ""reschain_lig"": ""Z"", ""resnr"": ""202"", ""resnr_lig"": ""1"", ""restype"": ""ILE"", ""restype_lig"": ""LIG""}",167,alpha2,BZD_SITE_203,mapped_global_sequence_alignment,global sequence alignment (Biopython PairwiseAligner) + PDB residue lookup,ILE,False,ILE
triazolam,alpha2_beta3_gamma2_local_9CTJ,1,halogen_bond,59,E,"{""acc_angle"": ""118.01"", ""acc_idx"": ""5645"", ""acceptortype"": ""O2"", ""dist"": ""3.15"", ""don_angle"": ""151.69"", ""don_idx"": ""7109"", ""donortype"": ""Cl"", ""id"": ""1"", ""reschain"": ""E"", ""reschain_lig"": ""Z"", ""resnr"": ""59"", ""resnr_lig"": ""1"", ""restype"": ""VAL"", ""restype_lig"": ""LIG"", ""sidechain"": ""False""}",168,alpha2,BZD_GAMMA2_059,mapped_gamma2_sequence_alignment,global sequence alignment (Biopython PairwiseAligner) + PDB residue lookup,VAL,False,VAL
triazolam,alpha2_beta3_gamma2_local_9CTJ,2,hydrophobic_interaction,102,D,"{""dist"": ""3.45"", ""id"": ""1"", ""ligcarbonidx"": ""7116"", ""protcarbonidx"": ""3474"", ""reschain"": ""D"", ""reschain_lig"": ""Z"", ""resnr"": ""102"", ""resnr_lig"": ""1"", ""restype"": ""ASN"", ""restype_lig"": ""LIG""}",169,alpha2,BZD_SITE_103,mapped_global_sequence_alignment,global sequence alignment (Biopython PairwiseAligner) + PDB residue lookup,ASN,False,ASN
triazolam,alpha2_beta3_gamma2_local_9CTJ,2,hydrophobic_interaction,155,D,"{""dist"": ""3.86"", ""id"": ""2"", ""ligcarbonidx"": ""7115"", ""protcarbonidx"": ""3891"", ""reschain"": ""D"", ""reschain_lig"": ""Z"", ""resnr"": ""155"", ""resnr_lig"": ""1"", ""restype"": ""LYS"", ""restype_lig"": ""LIG""}",170,alpha2,BZD_SITE_156,mapped_global_sequence_alignment,global sequence alignment (Biopython PairwiseAligner) + PDB residue lookup,LYS,False,LYS
triazolam,alpha2_beta3_gamma2_local_9CTJ,2,hydrophobic_interaction,202,D,"{""dist"": ""3.60"", ""id"": ""3"", ""ligcarbonidx"": ""7099"", ""protcarbonidx"": ""4260"", ""reschain"": ""D"", ""reschain_lig"": ""Z"", ""resnr"": ""202"", ""resnr_lig"": ""1"", ""restype"": ""ILE"", ""restype_lig"": ""LIG""}",171,alpha2,BZD_SITE_203,mapped_global_sequence_alignment,global sequence alignment (Biopython PairwiseAligner) + PDB residue lookup,ILE,False,ILE
triazolam,alpha2_beta3_gamma2_local_9CTJ,2,hydrogen_bond,195,E,"{""acceptoridx"": ""7120"", ""acceptortype"": ""N2"", ""dist_d-a"": ""3.95"", ""dist_h-a"": ""3.23"", ""don_angle"": ""132.85"", ""donoridx"": ""6786"", ""donortype"": ""O3"", ""id"": ""1"", ""protisdon"": ""True"", ""reschain"": ""E"", ""reschain_lig"": ""Z"", ""resnr"": ""195"", ""resnr_lig"": ""1"", ""restype"": ""SER"", ""restype_lig"": ""LIG"", ""sidechain"": ""True""}",172,alpha2,BZD_GAMMA2_195,mapped_gamma2_sequence_alignment,global sequence alignment (Biopython PairwiseAligner) + PDB residue lookup,SER,False,SER
triazolam,alpha2_beta3_gamma2_local_9CTJ,2,halogen_bond,60,E,"{""acc_angle"": ""110.66"", ""acc_idx"": ""5652"", ""acceptortype"": ""O2"", ""dist"": ""3.58"", ""don_angle"": ""142.10"", ""don_idx"": ""7119"", ""donortype"": ""Cl"", ""id"": ""1"", ""reschain"": ""E"", ""reschain_lig"": ""Z"", ""resnr"": ""60"", ""resnr_lig"": ""1"", ""restype"": ""ASN"", ""restype_lig"": ""LIG"", ""sidechain"": ""False""}",173,alpha2,BZD_GAMMA2_060,mapped_gamma2_sequence_alignment,global sequence alignment (Biopython PairwiseAligner) + PDB residue lookup,ASN,False,ASN
triazolam,alpha2_beta3_gamma2_local_9CTJ,3,hydrophobic_interaction,58,E,"{""dist"": ""3.81"", ""id"": ""1"", ""ligcarbonidx"": ""7117"", ""protcarbonidx"": ""5639"", ""reschain"": ""E"", ""reschain_lig"": ""Z"", ""resnr"": ""58"", ""resnr_lig"": ""1"", ""restype"": ""TYR"", ""restype_lig"": ""LIG""}",174,alpha2,BZD_GAMMA2_058,mapped_gamma2_sequence_alignment,global sequence alignment (Biopython PairwiseAligner) + PDB residue lookup,TYR,False,TYR
triazolam,alpha2_beta3_gamma2_local_9CTJ,3,hydrophobic_interaction,77,E,"{""dist"": ""3.60"", ""id"": ""2"", ""ligcarbonidx"": ""7116"", ""protcarbonidx"": ""5787"", ""reschain"": ""E"", ""reschain_lig"": ""Z"", ""resnr"": ""77"", ""resnr_lig"": ""1"", ""restype"": ""PHE"", ""restype_lig"": ""LIG""}",175,alpha2,BZD_GAMMA2_077,mapped_gamma2_sequence_alignment,global sequence alignment (Biopython PairwiseAligner) + PDB residue lookup,PHE,False,PHE
triazolam,alpha2_beta3_gamma2_local_9CTJ,3,hydrophobic_interaction,101,D,"{""dist"": ""3.67"", ""id"": ""3"", ""ligcarbonidx"": ""7115"", ""protcarbonidx"": ""3464"", ""reschain"": ""D"", ""reschain_lig"": ""Z"", ""resnr"": ""101"", ""resnr_lig"": ""1"", ""restype"": ""HIS"", ""restype_lig"": ""LIG""}",176,alpha2,BZD_SITE_102,mapped_global_sequence_alignment,global sequence alignment (Biopython PairwiseAligner) + PDB residue lookup,HIS,False,HIS
triazolam,alpha2_beta3_gamma2_local_9CTJ,3,hydrophobic_interaction,102,D,"{""dist"": ""3.92"", ""id"": ""4"", ""ligcarbonidx"": ""7099"", ""protcarbonidx"": ""3474"", ""reschain"": ""D"", ""reschain_lig"": ""Z"", ""resnr"": ""102"", ""resnr_lig"": ""1"", ""restype"": ""ASN"", ""restype_lig"": ""LIG""}",177,alpha2,BZD_SITE_103,mapped_global_sequence_alignment,global sequence alignment (Biopython PairwiseAligner) + PDB residue lookup,ASN,False,ASN
triazolam,alpha2_beta3_gamma2_local_9CTJ,3,hydrogen_bond,195,E,"{""acceptoridx"": ""7102"", ""acceptortype"": ""Nar"", ""dist_d-a"": ""4.09"", ""dist_h-a"": ""3.63"", ""don_angle"": ""111.76"", ""donoridx"": ""6786"", ""donortype"": ""O3"", ""id"": ""1"", ""protisdon"": ""True"", ""reschain"": ""E"", ""reschain_lig"": ""Z"", ""resnr"": ""195"", ""resnr_lig"": ""1"", ""restype"": ""SER"", ""restype_lig"": ""LIG"", ""sidechain"": ""True""}",178,alpha2,BZD_GAMMA2_195,mapped_gamma2_sequence_alignment,global sequence alignment (Biopython PairwiseAligner) + PDB residue lookup,SER,False,SER
triazolam,alpha2_beta3_gamma2_local_9CTJ,4,hydrophobic_interaction,58,E,"{""dist"": ""3.91"", ""id"": ""1"", ""ligcarbonidx"": ""7110"", ""protcarbonidx"": ""5639"", ""reschain"": ""E"", ""reschain_lig"": ""Z"", ""resnr"": ""58"", ""resnr_lig"": ""1"", ""restype"": ""TYR"", ""restype_lig"": ""LIG""}",179,alpha2,BZD_GAMMA2_058,mapped_gamma2_sequence_alignment,global sequence alignment (Biopython PairwiseAligner) + PDB residue lookup,TYR,False,TYR
triazolam,alpha2_beta3_gamma2_local_9CTJ,4,hydrophobic_interaction,101,D,"{""dist"": ""3.65"", ""id"": ""2"", ""ligcarbonidx"": ""7116"", ""protcarbonidx"": ""3464"", ""reschain"": ""D"", ""reschain_lig"": ""Z"", ""resnr"": ""101"", ""resnr_lig"": ""1"", ""restype"": ""HIS"", ""restype_lig"": ""LIG""}",180,alpha2,BZD_SITE_102,mapped_global_sequence_alignment,global sequence alignment (Biopython PairwiseAligner) + PDB residue lookup,HIS,False,HIS
triazolam,alpha2_beta3_gamma2_local_9CTJ,4,hydrophobic_interaction,155,D,"{""dist"": ""3.95"", ""id"": ""3"", ""ligcarbonidx"": ""7115"", ""protcarbonidx"": ""3891"", ""reschain"": ""D"", ""reschain_lig"": ""Z"", ""resnr"": ""155"", ""resnr_lig"": ""1"", ""restype"": ""LYS"", ""restype_lig"": ""LIG""}",181,alpha2,BZD_SITE_156,mapped_global_sequence_alignment,global sequence alignment (Biopython PairwiseAligner) + PDB residue lookup,LYS,False,LYS
triazolam,alpha2_beta3_gamma2_local_9CTJ,4,hydrophobic_interaction,202,D,"{""dist"": ""3.65"", ""id"": ""4"", ""ligcarbonidx"": ""7107"", ""protcarbonidx"": ""4260"", ""reschain"": ""D"", ""reschain_lig"": ""Z"", ""resnr"": ""202"", ""resnr_lig"": ""1"", ""restype"": ""ILE"", ""restype_lig"": ""LIG""}",182,alpha2,BZD_SITE_203,mapped_global_sequence_alignment,global sequence alignment (Biopython PairwiseAligner) + PDB residue lookup,ILE,False,ILE
triazolam,alpha2_beta3_gamma2_local_9CTJ,4,halogen_bond,60,E,"{""acc_angle"": ""102.02"", ""acc_idx"": ""5652"", ""acceptortype"": ""O2"", ""dist"": ""3.41"", ""don_angle"": ""157.48"", ""don_idx"": ""7119"", ""donortype"": ""Cl"", ""id"": ""1"", ""reschain"": ""E"", ""reschain_lig"": ""Z"", ""resnr"": ""60"", ""resnr_lig"": ""1"", ""restype"": ""ASN"", ""restype_lig"": ""LIG"", ""sidechain"": ""False""}",183,alpha2,BZD_GAMMA2_060,mapped_gamma2_sequence_alignment,global sequence alignment (Biopython PairwiseAligner) + PDB residue lookup,ASN,False,ASN
triazolam,alpha2_beta3_gamma2_local_9CTJ,5,hydrophobic_interaction,60,E,"{""dist"": ""3.47"", ""id"": ""1"", ""ligcarbonidx"": ""7099"", ""protcarbonidx"": ""5653"", ""reschain"": ""E"", ""reschain_lig"": ""Z"", ""resnr"": ""60"", ""resnr_lig"": ""1"", ""restype"": ""ASN"", ""restype_lig"": ""LIG""}",184,alpha2,BZD_GAMMA2_060,mapped_gamma2_sequence_alignment,global sequence alignment (Biopython PairwiseAligner) + PDB residue lookup,ASN,False,ASN
triazolam,alpha2_beta3_gamma2_local_9CTJ,5,hydrophobic_interaction,77,E,"{""dist"": ""3.89"", ""id"": ""2"", ""ligcarbonidx"": ""7107"", ""protcarbonidx"": ""5787"", ""reschain"": ""E"", ""reschain_lig"": ""Z"", ""resnr"": ""77"", ""resnr_lig"": ""1"", ""restype"": ""PHE"", ""restype_lig"": ""LIG""}",185,alpha2,BZD_GAMMA2_077,mapped_gamma2_sequence_alignment,global sequence alignment (Biopython PairwiseAligner) + PDB residue lookup,PHE,False,PHE
triazolam,alpha2_beta3_gamma2_local_9CTJ,5,hydrophobic_interaction,192,E,"{""dist"": ""3.87"", ""id"": ""3"", ""ligcarbonidx"": ""7115"", ""protcarbonidx"": ""6759"", ""reschain"": ""E"", ""reschain_lig"": ""Z"", ""resnr"": ""192"", ""resnr_lig"": ""1"", ""restype"": ""ASP"", ""restype_lig"": ""LIG""}",186,alpha2,BZD_GAMMA2_192,mapped_gamma2_sequence_alignment,global sequence alignment (Biopython PairwiseAligner) + PDB residue lookup,ASP,False,ASP
triazolam,alpha2_beta3_gamma2_local_9CTJ,6,hydrophobic_interaction,60,E,"{""dist"": ""3.56"", ""id"": ""1"", ""ligcarbonidx"": ""7117"", ""protcarbonidx"": ""5653"", ""reschain"": ""E"", ""reschain_lig"": ""Z"", ""resnr"": ""60"", ""resnr_lig"": ""1"", ""restype"": ""ASN"", ""restype_lig"": ""LIG""}",187,alpha2,BZD_GAMMA2_060,mapped_gamma2_sequence_alignment,global sequence alignment (Biopython PairwiseAligner) + PDB residue lookup,ASN,False,ASN
triazolam,alpha2_beta3_gamma2_local_9CTJ,6,hydrophobic_interaction,101,D,"{""dist"": ""3.60"", ""id"": ""2"", ""ligcarbonidx"": ""7115"", ""protcarbonidx"": ""3464"", ""reschain"": ""D"", ""reschain_lig"": ""Z"", ""resnr"": ""101"", ""resnr_lig"": ""1"", ""restype"": ""HIS"", ""restype_lig"": ""LIG""}",188,alpha2,BZD_SITE_102,mapped_global_sequence_alignment,global sequence alignment (Biopython PairwiseAligner) + PDB residue lookup,HIS,False,HIS
triazolam,alpha2_beta3_gamma2_local_9CTJ,6,hydrophobic_interaction,155,D,"{""dist"": ""3.96"", ""id"": ""3"", ""ligcarbonidx"": ""7099"", ""protcarbonidx"": ""3891"", ""reschain"": ""D"", ""reschain_lig"": ""Z"", ""resnr"": ""155"", ""resnr_lig"": ""1"", ""restype"": ""LYS"", ""restype_lig"": ""LIG""}",189,alpha2,BZD_SITE_156,mapped_global_sequence_alignment,global sequence alignment (Biopython PairwiseAligner) + PDB residue lookup,LYS,False,LYS
triazolam,alpha2_beta3_gamma2_local_9CTJ,7,hydrophobic_interaction,60,E,"{""dist"": ""3.43"", ""id"": ""1"", ""ligcarbonidx"": ""7107"", ""protcarbonidx"": ""5653"", ""reschain"": ""E"", ""reschain_lig"": ""Z"", ""resnr"": ""60"", ""resnr_lig"": ""1"", ""restype"": ""ASN"", ""restype_lig"": ""LIG""}",190,alpha2,BZD_GAMMA2_060,mapped_gamma2_sequence_alignment,global sequence alignment (Biopython PairwiseAligner) + PDB residue lookup,ASN,False,ASN
triazolam,alpha2_beta3_gamma2_local_9CTJ,7,hydrophobic_interaction,77,E,"{""dist"": ""4.00"", ""id"": ""2"", ""ligcarbonidx"": ""7099"", ""protcarbonidx"": ""5788"", ""reschain"": ""E"", ""reschain_lig"": ""Z"", ""resnr"": ""77"", ""resnr_lig"": ""1"", ""restype"": ""PHE"", ""restype_lig"": ""LIG""}",191,alpha2,BZD_GAMMA2_077,mapped_gamma2_sequence_alignment,global sequence alignment (Biopython PairwiseAligner) + PDB residue lookup,PHE,False,PHE
triazolam,alpha2_beta3_gamma2_local_9CTJ,7,hydrophobic_interaction,102,D,"{""dist"": ""3.64"", ""id"": ""3"", ""ligcarbonidx"": ""7115"", ""protcarbonidx"": ""3474"", ""reschain"": ""D"", ""reschain_lig"": ""Z"", ""resnr"": ""102"", ""resnr_lig"": ""1"", ""restype"": ""ASN"", ""restype_lig"": ""LIG""}",192,alpha2,BZD_SITE_103,mapped_global_sequence_alignment,global sequence alignment (Biopython PairwiseAligner) + PDB residue lookup,ASN,False,ASN
triazolam,alpha2_beta3_gamma2_local_9CTJ,7,hydrophobic_interaction,153,D,"{""dist"": ""3.59"", ""id"": ""4"", ""ligcarbonidx"": ""7116"", ""protcarbonidx"": ""3875"", ""reschain"": ""D"", ""reschain_lig"": ""Z"", ""resnr"": ""153"", ""resnr_lig"": ""1"", ""restype"": ""PRO"", ""restype_lig"": ""LIG""}",193,alpha2,BZD_SITE_154,mapped_global_sequence_alignment,global sequence alignment (Biopython PairwiseAligner) + PDB residue lookup,PRO,False,PRO
triazolam,alpha2_beta3_gamma2_local_9CTJ,7,hydrophobic_interaction,155,D,"{""dist"": ""3.11"", ""id"": ""5"", ""ligcarbonidx"": ""7115"", ""protcarbonidx"": ""3891"", ""reschain"": ""D"", ""reschain_lig"": ""Z"", ""resnr"": ""155"", ""resnr_lig"": ""1"", ""restype"": ""LYS"", ""restype_lig"": ""LIG""}",194,alpha2,BZD_SITE_156,mapped_global_sequence_alignment,global sequence alignment (Biopython PairwiseAligner) + PDB residue lookup,LYS,False,LYS
triazolam,alpha2_beta3_gamma2_local_9CTJ,7,halogen_bond,195,E,"{""acc_angle"": ""105.87"", ""acc_idx"": ""6784"", ""acceptortype"": ""O2"", ""dist"": ""3.80"", ""don_angle"": ""154.02"", ""don_idx"": ""7109"", ""donortype"": ""Cl"", ""id"": ""1"", ""reschain"": ""E"", ""reschain_lig"": ""Z"", ""resnr"": ""195"", ""resnr_lig"": ""1"", ""restype"": ""SER"", ""restype_lig"": ""LIG"", ""sidechain"": ""False""}",195,alpha2,BZD_GAMMA2_195,mapped_gamma2_sequence_alignment,global sequence alignment (Biopython PairwiseAligner) + PDB residue lookup,SER,False,SER
triazolam,alpha2_beta3_gamma2_local_9CTJ,8,hydrophobic_interaction,60,E,"{""dist"": ""3.74"", ""id"": ""1"", ""ligcarbonidx"": ""7107"", ""protcarbonidx"": ""5653"", ""reschain"": ""E"", ""reschain_lig"": ""Z"", ""resnr"": ""60"", ""resnr_lig"": ""1"", ""restype"": ""ASN"", ""restype_lig"": ""LIG""}",196,alpha2,BZD_GAMMA2_060,mapped_gamma2_sequence_alignment,global sequence alignment (Biopython PairwiseAligner) + PDB residue lookup,ASN,False,ASN
triazolam,alpha2_beta3_gamma2_local_9CTJ,8,hydrophobic_interaction,101,D,"{""dist"": ""3.85"", ""id"": ""2"", ""ligcarbonidx"": ""7099"", ""protcarbonidx"": ""3464"", ""reschain"": ""D"", ""reschain_lig"": ""Z"", ""resnr"": ""101"", ""resnr_lig"": ""1"", ""restype"": ""HIS"", ""restype_lig"": ""LIG""}",197,alpha2,BZD_SITE_102,mapped_global_sequence_alignment,global sequence alignment (Biopython PairwiseAligner) + PDB residue lookup,HIS,False,HIS
triazolam,alpha2_beta3_gamma2_local_9CTJ,8,hydrophobic_interaction,202,D,"{""dist"": ""3.37"", ""id"": ""3"", ""ligcarbonidx"": ""7114"", ""protcarbonidx"": ""4261"", ""reschain"": ""D"", ""reschain_lig"": ""Z"", ""resnr"": ""202"", ""resnr_lig"": ""1"", ""restype"": ""ILE"", ""restype_lig"": ""LIG""}",198,alpha2,BZD_SITE_203,mapped_global_sequence_alignment,global sequence alignment (Biopython PairwiseAligner) + PDB residue lookup,ILE,False,ILE
triazolam,alpha2_beta3_gamma2_local_9CTJ,8,pi_stack,58,E,"{""angle"": ""88.08"", ""centdist"": ""5.39"", ""id"": ""1"", ""offset"": ""1.11"", ""reschain"": ""E"", ""reschain_lig"": ""Z"", ""resnr"": ""58"", ""resnr_lig"": ""1"", ""restype"": ""TYR"", ""restype_lig"": ""LIG"", ""type"": ""T""}",199,alpha2,BZD_GAMMA2_058,mapped_gamma2_sequence_alignment,global sequence alignment (Biopython PairwiseAligner) + PDB residue lookup,TYR,False,TYR
triazolam,alpha2_beta3_gamma2_local_9CTJ,8,halogen_bond,192,E,"{""acc_angle"": ""110.99"", ""acc_idx"": ""6761"", ""acceptortype"": ""O3"", ""dist"": ""3.02"", ""don_angle"": ""162.23"", ""don_idx"": ""7109"", ""donortype"": ""Cl"", ""id"": ""1"", ""reschain"": ""E"", ""reschain_lig"": ""Z"", ""resnr"": ""192"", ""resnr_lig"": ""1"", ""restype"": ""ASP"", ""restype_lig"": ""LIG"", ""sidechain"": ""True""}",200,alpha2,BZD_GAMMA2_192,mapped_gamma2_sequence_alignment,global sequence alignment (Biopython PairwiseAligner) + PDB residue lookup,ASP,False,ASP
triazolam,alpha2_beta3_gamma2_local_9CTJ,9,hydrophobic_interaction,60,E,"{""dist"": ""3.57"", ""id"": ""1"", ""ligcarbonidx"": ""7106"", ""protcarbonidx"": ""5653"", ""reschain"": ""E"", ""reschain_lig"": ""Z"", ""resnr"": ""60"", ""resnr_lig"": ""1"", ""restype"": ""ASN"", ""restype_lig"": ""LIG""}",201,alpha2,BZD_GAMMA2_060,mapped_gamma2_sequence_alignment,global sequence alignment (Biopython PairwiseAligner) + PDB residue lookup,ASN,False,ASN
triazolam,alpha2_beta3_gamma2_local_9CTJ,9,hydrophobic_interaction,101,D,"{""dist"": ""3.74"", ""id"": ""2"", ""ligcarbonidx"": ""7099"", ""protcarbonidx"": ""3464"", ""reschain"": ""D"", ""reschain_lig"": ""Z"", ""resnr"": ""101"", ""resnr_lig"": ""1"", ""restype"": ""HIS"", ""restype_lig"": ""LIG""}",202,alpha2,BZD_SITE_102,mapped_global_sequence_alignment,global sequence alignment (Biopython PairwiseAligner) + PDB residue lookup,HIS,False,HIS
triazolam,alpha2_beta3_gamma2_local_9CTJ,9,hydrophobic_interaction,155,D,"{""dist"": ""3.71"", ""id"": ""3"", ""ligcarbonidx"": ""7115"", ""protcarbonidx"": ""3891"", ""reschain"": ""D"", ""reschain_lig"": ""Z"", ""resnr"": ""155"", ""resnr_lig"": ""1"", ""restype"": ""LYS"", ""restype_lig"": ""LIG""}",203,alpha2,BZD_SITE_156,mapped_global_sequence_alignment,global sequence alignment (Biopython PairwiseAligner) + PDB residue lookup,LYS,False,LYS
zolpidem,alpha2_beta3_gamma2_local_9CTJ,1,hydrophobic_interaction,60,E,"{""dist"": ""3.89"", ""id"": ""1"", ""ligcarbonidx"": ""7102"", ""protcarbonidx"": ""5653"", ""reschain"": ""E"", ""reschain_lig"": ""Z"", ""resnr"": ""60"", ""resnr_lig"": ""1"", ""restype"": ""ASN"", ""restype_lig"": ""LIG""}",204,alpha2,BZD_GAMMA2_060,mapped_gamma2_sequence_alignment,global sequence alignment (Biopython PairwiseAligner) + PDB residue lookup,ASN,False,ASN
zolpidem,alpha2_beta3_gamma2_local_9CTJ,1,hydrophobic_interaction,77,E,"{""dist"": ""3.58"", ""id"": ""2"", ""ligcarbonidx"": ""7107"", ""protcarbonidx"": ""5788"", ""reschain"": ""E"", ""reschain_lig"": ""Z"", ""resnr"": ""77"", ""resnr_lig"": ""1"", ""restype"": ""PHE"", ""restype_lig"": ""LIG""}",205,alpha2,BZD_GAMMA2_077,mapped_gamma2_sequence_alignment,global sequence alignment (Biopython PairwiseAligner) + PDB residue lookup,PHE,False,PHE
zolpidem,alpha2_beta3_gamma2_local_9CTJ,1,hydrophobic_interaction,77,E,"{""dist"": ""3.36"", ""id"": ""3"", ""ligcarbonidx"": ""7108"", ""protcarbonidx"": ""5787"", ""reschain"": ""E"", ""reschain_lig"": ""Z"", ""resnr"": ""77"", ""resnr_lig"": ""1"", ""restype"": ""PHE"", ""restype_lig"": ""LIG""}",206,alpha2,BZD_GAMMA2_077,mapped_gamma2_sequence_alignment,global sequence alignment (Biopython PairwiseAligner) + PDB residue lookup,PHE,False,PHE
zolpidem,alpha2_beta3_gamma2_local_9CTJ,1,hydrophobic_interaction,99,D,"{""dist"": ""3.73"", ""id"": ""4"", ""ligcarbonidx"": ""7107"", ""protcarbonidx"": ""3448"", ""reschain"": ""D"", ""reschain_lig"": ""Z"", ""resnr"": ""99"", ""resnr_lig"": ""1"", ""restype"": ""PHE"", ""restype_lig"": ""LIG""}",207,alpha2,BZD_SITE_100,mapped_global_sequence_alignment,global sequence alignment (Biopython PairwiseAligner) + PDB residue lookup,PHE,False,PHE
zolpidem,alpha2_beta3_gamma2_local_9CTJ,2,hydrophobic_interaction,58,E,"{""dist"": ""3.95"", ""id"": ""1"", ""ligcarbonidx"": ""7114"", ""protcarbonidx"": ""5639"", ""reschain"": ""E"", ""reschain_lig"": ""Z"", ""resnr"": ""58"", ""resnr_lig"": ""1"", ""restype"": ""TYR"", ""restype_lig"": ""LIG""}",208,alpha2,BZD_GAMMA2_058,mapped_gamma2_sequence_alignment,global sequence alignment (Biopython PairwiseAligner) + PDB residue lookup,TYR,False,TYR
zolpidem,alpha2_beta3_gamma2_local_9CTJ,2,hydrophobic_interaction,77,E,"{""dist"": ""3.11"", ""id"": ""2"", ""ligcarbonidx"": ""7101"", ""protcarbonidx"": ""5787"", ""reschain"": ""E"", ""reschain_lig"": ""Z"", ""resnr"": ""77"", ""resnr_lig"": ""1"", ""restype"": ""PHE"", ""restype_lig"": ""LIG""}",209,alpha2,BZD_GAMMA2_077,mapped_gamma2_sequence_alignment,global sequence alignment (Biopython PairwiseAligner) + PDB residue lookup,PHE,False,PHE
zolpidem,alpha2_beta3_gamma2_local_9CTJ,2,hydrophobic_interaction,202,D,"{""dist"": ""3.30"", ""id"": ""3"", ""ligcarbonidx"": ""7120"", ""protcarbonidx"": ""4260"", ""reschain"": ""D"", ""reschain_lig"": ""Z"", ""resnr"": ""202"", ""resnr_lig"": ""1"", ""restype"": ""ILE"", ""restype_lig"": ""LIG""}",210,alpha2,BZD_SITE_203,mapped_global_sequence_alignment,global sequence alignment (Biopython PairwiseAligner) + PDB residue lookup,ILE,False,ILE
zolpidem,alpha2_beta3_gamma2_local_9CTJ,2,hydrophobic_interaction,209,D,"{""dist"": ""3.55"", ""id"": ""4"", ""ligcarbonidx"": ""7121"", ""protcarbonidx"": ""4310"", ""reschain"": ""D"", ""reschain_lig"": ""Z"", ""resnr"": ""209"", ""resnr_lig"": ""1"", ""restype"": ""TYR"", ""restype_lig"": ""LIG""}",211,alpha2,BZD_SITE_210,mapped_global_sequence_alignment,global sequence alignment (Biopython PairwiseAligner) + PDB residue lookup,TYR,False,TYR
zolpidem,alpha2_beta3_gamma2_local_9CTJ,2,pi_stack,58,E,"{""angle"": ""77.53"", ""centdist"": ""5.35"", ""id"": ""1"", ""offset"": ""1.53"", ""reschain"": ""E"", ""reschain_lig"": ""Z"", ""resnr"": ""58"", ""resnr_lig"": ""1"", ""restype"": ""TYR"", ""restype_lig"": ""LIG"", ""type"": ""T""}",212,alpha2,BZD_GAMMA2_058,mapped_gamma2_sequence_alignment,global sequence alignment (Biopython PairwiseAligner) + PDB residue lookup,TYR,False,TYR
zolpidem,alpha2_beta3_gamma2_local_9CTJ,3,hydrophobic_interaction,58,E,"{""dist"": ""3.56"", ""id"": ""1"", ""ligcarbonidx"": ""7120"", ""protcarbonidx"": ""5639"", ""reschain"": ""E"", ""reschain_lig"": ""Z"", ""resnr"": ""58"", ""resnr_lig"": ""1"", ""restype"": ""TYR"", ""restype_lig"": ""LIG""}",213,alpha2,BZD_GAMMA2_058,mapped_gamma2_sequence_alignment,global sequence alignment (Biopython PairwiseAligner) + PDB residue lookup,TYR,False,TYR
zolpidem,alpha2_beta3_gamma2_local_9CTJ,3,hydrophobic_interaction,60,E,"{""dist"": ""3.54"", ""id"": ""2"", ""ligcarbonidx"": ""7107"", ""protcarbonidx"": ""5653"", ""reschain"": ""E"", ""reschain_lig"": ""Z"", ""resnr"": ""60"", ""resnr_lig"": ""1"", ""restype"": ""ASN"", ""restype_lig"": ""LIG""}",214,alpha2,BZD_GAMMA2_060,mapped_gamma2_sequence_alignment,global sequence alignment (Biopython PairwiseAligner) + PDB residue lookup,ASN,False,ASN
zolpidem,alpha2_beta3_gamma2_local_9CTJ,3,hydrophobic_interaction,77,E,"{""dist"": ""3.59"", ""id"": ""3"", ""ligcarbonidx"": ""7121"", ""protcarbonidx"": ""5787"", ""reschain"": ""E"", ""reschain_lig"": ""Z"", ""resnr"": ""77"", ""resnr_lig"": ""1"", ""restype"": ""PHE"", ""restype_lig"": ""LIG""}",215,alpha2,BZD_GAMMA2_077,mapped_gamma2_sequence_alignment,global sequence alignment (Biopython PairwiseAligner) + PDB residue lookup,PHE,False,PHE
zolpidem,alpha2_beta3_gamma2_local_9CTJ,3,hydrophobic_interaction,202,D,"{""dist"": ""3.63"", ""id"": ""4"", ""ligcarbonidx"": ""7101"", ""protcarbonidx"": ""4260"", ""reschain"": ""D"", ""reschain_lig"": ""Z"", ""resnr"": ""202"", ""resnr_lig"": ""1"", ""restype"": ""ILE"", ""restype_lig"": ""LIG""}",216,alpha2,BZD_SITE_203,mapped_global_sequence_alignment,global sequence alignment (Biopython PairwiseAligner) + PDB residue lookup,ILE,False,ILE
zolpidem,alpha2_beta3_gamma2_local_9CTJ,4,hydrophobic_interaction,58,E,"{""dist"": ""3.58"", ""id"": ""1"", ""ligcarbonidx"": ""7121"", ""protcarbonidx"": ""5639"", ""reschain"": ""E"", ""reschain_lig"": ""Z"", ""resnr"": ""58"", ""resnr_lig"": ""1"", ""restype"": ""TYR"", ""restype_lig"": ""LIG""}",217,alpha2,BZD_GAMMA2_058,mapped_gamma2_sequence_alignment,global sequence alignment (Biopython PairwiseAligner) + PDB residue lookup,TYR,False,TYR
zolpidem,alpha2_beta3_gamma2_local_9CTJ,4,hydrophobic_interaction,77,E,"{""dist"": ""3.39"", ""id"": ""2"", ""ligcarbonidx"": ""7121"", ""protcarbonidx"": ""5787"", ""reschain"": ""E"", ""reschain_lig"": ""Z"", ""resnr"": ""77"", ""resnr_lig"": ""1"", ""restype"": ""PHE"", ""restype_lig"": ""LIG""}",218,alpha2,BZD_GAMMA2_077,mapped_gamma2_sequence_alignment,global sequence alignment (Biopython PairwiseAligner) + PDB residue lookup,PHE,False,PHE
zolpidem,alpha2_beta3_gamma2_local_9CTJ,4,hydrophobic_interaction,102,D,"{""dist"": ""3.40"", ""id"": ""3"", ""ligcarbonidx"": ""7107"", ""protcarbonidx"": ""3474"", ""reschain"": ""D"", ""reschain_lig"": ""Z"", ""resnr"": ""102"", ""resnr_lig"": ""1"", ""restype"": ""ASN"", ""restype_lig"": ""LIG""}",219,alpha2,BZD_SITE_103,mapped_global_sequence_alignment,global sequence alignment (Biopython PairwiseAligner) + PDB residue lookup,ASN,False,ASN
zolpidem,alpha2_beta3_gamma2_local_9CTJ,4,hydrophobic_interaction,155,D,"{""dist"": ""3.59"", ""id"": ""4"", ""ligcarbonidx"": ""7108"", ""protcarbonidx"": ""3891"", ""reschain"": ""D"", ""reschain_lig"": ""Z"", ""resnr"": ""155"", ""resnr_lig"": ""1"", ""restype"": ""LYS"", ""restype_lig"": ""LIG""}",220,alpha2,BZD_SITE_156,mapped_global_sequence_alignment,global sequence alignment (Biopython PairwiseAligner) + PDB residue lookup,LYS,False,LYS
zolpidem,alpha2_beta3_gamma2_local_9CTJ,4,hydrophobic_interaction,202,D,"{""dist"": ""3.61"", ""id"": ""5"", ""ligcarbonidx"": ""7101"", ""protcarbonidx"": ""4260"", ""reschain"": ""D"", ""reschain_lig"": ""Z"", ""resnr"": ""202"", ""resnr_lig"": ""1"", ""restype"": ""ILE"", ""restype_lig"": ""LIG""}",221,alpha2,BZD_SITE_203,mapped_global_sequence_alignment,global sequence alignment (Biopython PairwiseAligner) + PDB residue lookup,ILE,False,ILE
zolpidem,alpha2_beta3_gamma2_local_9CTJ,5,hydrophobic_interaction,77,E,"{""dist"": ""3.54"", ""id"": ""1"", ""ligcarbonidx"": ""7110"", ""protcarbonidx"": ""5787"", ""reschain"": ""E"", ""reschain_lig"": ""Z"", ""resnr"": ""77"", ""resnr_lig"": ""1"", ""restype"": ""PHE"", ""restype_lig"": ""LIG""}",222,alpha2,BZD_GAMMA2_077,mapped_gamma2_sequence_alignment,global sequence alignment (Biopython PairwiseAligner) + PDB residue lookup,PHE,False,PHE
zolpidem,alpha2_beta3_gamma2_local_9CTJ,5,hydrophobic_interaction,99,D,"{""dist"": ""3.58"", ""id"": ""2"", ""ligcarbonidx"": ""7110"", ""protcarbonidx"": ""3448"", ""reschain"": ""D"", ""reschain_lig"": ""Z"", ""resnr"": ""99"", ""resnr_lig"": ""1"", ""restype"": ""PHE"", ""restype_lig"": ""LIG""}",223,alpha2,BZD_SITE_100,mapped_global_sequence_alignment,global sequence alignment (Biopython PairwiseAligner) + PDB residue lookup,PHE,False,PHE
zolpidem,alpha2_beta3_gamma2_local_9CTJ,5,hydrophobic_interaction,192,E,"{""dist"": ""3.71"", ""id"": ""3"", ""ligcarbonidx"": ""7099"", ""protcarbonidx"": ""6759"", ""reschain"": ""E"", ""reschain_lig"": ""Z"", ""resnr"": ""192"", ""resnr_lig"": ""1"", ""restype"": ""ASP"", ""restype_lig"": ""LIG""}",224,alpha2,BZD_GAMMA2_192,mapped_gamma2_sequence_alignment,global sequence alignment (Biopython PairwiseAligner) + PDB residue lookup,ASP,False,ASP
zolpidem,alpha2_beta3_gamma2_local_9CTJ,6,hydrophobic_interaction,77,E,"{""dist"": ""3.39"", ""id"": ""1"", ""ligcarbonidx"": ""7110"", ""protcarbonidx"": ""5788"", ""reschain"": ""E"", ""reschain_lig"": ""Z"", ""resnr"": ""77"", ""resnr_lig"": ""1"", ""restype"": ""PHE"", ""restype_lig"": ""LIG""}",225,alpha2,BZD_GAMMA2_077,mapped_gamma2_sequence_alignment,global sequence alignment (Biopython PairwiseAligner) + PDB residue lookup,PHE,False,PHE
zolpidem,alpha2_beta3_gamma2_local_9CTJ,6,hydrophobic_interaction,77,E,"{""dist"": ""3.42"", ""id"": ""2"", ""ligcarbonidx"": ""7108"", ""protcarbonidx"": ""5787"", ""reschain"": ""E"", ""reschain_lig"": ""Z"", ""resnr"": ""77"", ""resnr_lig"": ""1"", ""restype"": ""PHE"", ""restype_lig"": ""LIG""}",226,alpha2,BZD_GAMMA2_077,mapped_gamma2_sequence_alignment,global sequence alignment (Biopython PairwiseAligner) + PDB residue lookup,PHE,False,PHE
zolpidem,alpha2_beta3_gamma2_local_9CTJ,6,hydrophobic_interaction,99,D,"{""dist"": ""3.60"", ""id"": ""3"", ""ligcarbonidx"": ""7110"", ""protcarbonidx"": ""3447"", ""reschain"": ""D"", ""reschain_lig"": ""Z"", ""resnr"": ""99"", ""resnr_lig"": ""1"", ""restype"": ""PHE"", ""restype_lig"": ""LIG""}",227,alpha2,BZD_SITE_100,mapped_global_sequence_alignment,global sequence alignment (Biopython PairwiseAligner) + PDB residue lookup,PHE,False,PHE
zolpidem,alpha2_beta3_gamma2_local_9CTJ,6,hydrophobic_interaction,101,D,"{""dist"": ""3.89"", ""id"": ""4"", ""ligcarbonidx"": ""7110"", ""protcarbonidx"": ""3464"", ""reschain"": ""D"", ""reschain_lig"": ""Z"", ""resnr"": ""101"", ""resnr_lig"": ""1"", ""restype"": ""HIS"", ""restype_lig"": ""LIG""}",228,alpha2,BZD_SITE_102,mapped_global_sequence_alignment,global sequence alignment (Biopython PairwiseAligner) + PDB residue lookup,HIS,False,HIS
zolpidem,alpha2_beta3_gamma2_local_9CTJ,6,hydrophobic_interaction,192,E,"{""dist"": ""3.63"", ""id"": ""5"", ""ligcarbonidx"": ""7099"", ""protcarbonidx"": ""6759"", ""reschain"": ""E"", ""reschain_lig"": ""Z"", ""resnr"": ""192"", ""resnr_lig"": ""1"", ""restype"": ""ASP"", ""restype_lig"": ""LIG""}",229,alpha2,BZD_GAMMA2_192,mapped_gamma2_sequence_alignment,global sequence alignment (Biopython PairwiseAligner) + PDB residue lookup,ASP,False,ASP
zolpidem,alpha2_beta3_gamma2_local_9CTJ,7,hydrophobic_interaction,58,E,"{""dist"": ""3.76"", ""id"": ""1"", ""ligcarbonidx"": ""7114"", ""protcarbonidx"": ""5639"", ""reschain"": ""E"", ""reschain_lig"": ""Z"", ""resnr"": ""58"", ""resnr_lig"": ""1"", ""restype"": ""TYR"", ""restype_lig"": ""LIG""}",230,alpha2,BZD_GAMMA2_058,mapped_gamma2_sequence_alignment,global sequence alignment (Biopython PairwiseAligner) + PDB residue lookup,TYR,False,TYR
zolpidem,alpha2_beta3_gamma2_local_9CTJ,7,hydrophobic_interaction,60,E,"{""dist"": ""3.54"", ""id"": ""2"", ""ligcarbonidx"": ""7110"", ""protcarbonidx"": ""5653"", ""reschain"": ""E"", ""reschain_lig"": ""Z"", ""resnr"": ""60"", ""resnr_lig"": ""1"", ""restype"": ""ASN"", ""restype_lig"": ""LIG""}",231,alpha2,BZD_GAMMA2_060,mapped_gamma2_sequence_alignment,global sequence alignment (Biopython PairwiseAligner) + PDB residue lookup,ASN,False,ASN
zolpidem,alpha2_beta3_gamma2_local_9CTJ,7,hydrophobic_interaction,202,D,"{""dist"": ""3.54"", ""id"": ""3"", ""ligcarbonidx"": ""7120"", ""protcarbonidx"": ""4261"", ""reschain"": ""D"", ""reschain_lig"": ""Z"", ""resnr"": ""202"", ""resnr_lig"": ""1"", ""restype"": ""ILE"", ""restype_lig"": ""LIG""}",232,alpha2,BZD_SITE_203,mapped_global_sequence_alignment,global sequence alignment (Biopython PairwiseAligner) + PDB residue lookup,ILE,False,ILE
zolpidem,alpha2_beta3_gamma2_local_9CTJ,8,hydrophobic_interaction,101,D,"{""dist"": ""3.75"", ""id"": ""1"", ""ligcarbonidx"": ""7110"", ""protcarbonidx"": ""3464"", ""reschain"": ""D"", ""reschain_lig"": ""Z"", ""resnr"": ""101"", ""resnr_lig"": ""1"", ""restype"": ""HIS"", ""restype_lig"": ""LIG""}",233,alpha2,BZD_SITE_102,mapped_global_sequence_alignment,global sequence alignment (Biopython PairwiseAligner) + PDB residue lookup,HIS,False,HIS
zolpidem,alpha2_beta3_gamma2_local_9CTJ,8,hydrophobic_interaction,102,D,"{""dist"": ""3.88"", ""id"": ""2"", ""ligcarbonidx"": ""7110"", ""protcarbonidx"": ""3474"", ""reschain"": ""D"", ""reschain_lig"": ""Z"", ""resnr"": ""102"", ""resnr_lig"": ""1"", ""restype"": ""ASN"", ""restype_lig"": ""LIG""}",234,alpha2,BZD_SITE_103,mapped_global_sequence_alignment,global sequence alignment (Biopython PairwiseAligner) + PDB residue lookup,ASN,False,ASN
zolpidem,alpha2_beta3_gamma2_local_9CTJ,8,hydrophobic_interaction,155,D,"{""dist"": ""3.75"", ""id"": ""3"", ""ligcarbonidx"": ""7108"", ""protcarbonidx"": ""3891"", ""reschain"": ""D"", ""reschain_lig"": ""Z"", ""resnr"": ""155"", ""resnr_lig"": ""1"", ""restype"": ""LYS"", ""restype_lig"": ""LIG""}",235,alpha2,BZD_SITE_156,mapped_global_sequence_alignment,global sequence alignment (Biopython PairwiseAligner) + PDB residue lookup,LYS,False,LYS
zolpidem,alpha2_beta3_gamma2_local_9CTJ,8,hydrophobic_interaction,202,D,"{""dist"": ""3.45"", ""id"": ""4"", ""ligcarbonidx"": ""7120"", ""protcarbonidx"": ""4260"", ""reschain"": ""D"", ""reschain_lig"": ""Z"", ""resnr"": ""202"", ""resnr_lig"": ""1"", ""restype"": ""ILE"", ""restype_lig"": ""LIG""}",236,alpha2,BZD_SITE_203,mapped_global_sequence_alignment,global sequence alignment (Biopython PairwiseAligner) + PDB residue lookup,ILE,False,ILE
zolpidem,alpha2_beta3_gamma2_local_9CTJ,9,hydrophobic_interaction,202,D,"{""dist"": ""3.98"", ""id"": ""1"", ""ligcarbonidx"": ""7114"", ""protcarbonidx"": ""4261"", ""reschain"": ""D"", ""reschain_lig"": ""Z"", ""resnr"": ""202"", ""resnr_lig"": ""1"", ""restype"": ""ILE"", ""restype_lig"": ""LIG""}",237,alpha2,BZD_SITE_203,mapped_global_sequence_alignment,global sequence alignment (Biopython PairwiseAligner) + PDB residue lookup,ILE,False,ILE
alprazolam,alpha1_beta3_gamma2,1,hydrophobic_interaction,58,C,"{""dist"": ""3.85"", ""id"": ""1"", ""ligcarbonidx"": ""13794"", ""protcarbonidx"": ""5806"", ""reschain"": ""C"", ""reschain_lig"": ""Z"", ""resnr"": ""58"", ""resnr_lig"": ""1"", ""restype"": ""TYR"", ""restype_lig"": ""LIG""}",238,alpha1,BZD_GAMMA2_058,mapped_gamma2_sequence_alignment,global sequence alignment (Biopython PairwiseAligner) + PDB residue lookup,TYR,False,TYR
alprazolam,alpha1_beta3_gamma2,1,hydrophobic_interaction,58,C,"{""dist"": ""3.74"", ""id"": ""2"", ""ligcarbonidx"": ""13795"", ""protcarbonidx"": ""5805"", ""reschain"": ""C"", ""reschain_lig"": ""Z"", ""resnr"": ""58"", ""resnr_lig"": ""1"", ""restype"": ""TYR"", ""restype_lig"": ""LIG""}",239,alpha1,BZD_GAMMA2_058,mapped_gamma2_sequence_alignment,global sequence alignment (Biopython PairwiseAligner) + PDB residue lookup,TYR,False,TYR
alprazolam,alpha1_beta3_gamma2,1,hydrophobic_interaction,77,C,"{""dist"": ""3.46"", ""id"": ""3"", ""ligcarbonidx"": ""13800"", ""protcarbonidx"": ""5953"", ""reschain"": ""C"", ""reschain_lig"": ""Z"", ""resnr"": ""77"", ""resnr_lig"": ""1"", ""restype"": ""PHE"", ""restype_lig"": ""LIG""}",240,alpha1,BZD_GAMMA2_077,mapped_gamma2_sequence_alignment,global sequence alignment (Biopython PairwiseAligner) + PDB residue lookup,PHE,False,PHE
alprazolam,alpha1_beta3_gamma2,1,hydrophobic_interaction,100,D,"{""dist"": ""3.35"", ""id"": ""4"", ""ligcarbonidx"": ""13801"", ""protcarbonidx"": ""8994"", ""reschain"": ""D"", ""reschain_lig"": ""Z"", ""resnr"": ""100"", ""resnr_lig"": ""1"", ""restype"": ""PHE"", ""restype_lig"": ""LIG""}",241,alpha1,BZD_SITE_100,mapped_global_sequence_alignment,global sequence alignment (Biopython PairwiseAligner) + PDB residue lookup,PHE,False,PHE
alprazolam,alpha1_beta3_gamma2,1,hydrophobic_interaction,160,D,"{""dist"": ""3.94"", ""id"": ""5"", ""ligcarbonidx"": ""13801"", ""protcarbonidx"": ""9467"", ""reschain"": ""D"", ""reschain_lig"": ""Z"", ""resnr"": ""160"", ""resnr_lig"": ""1"", ""restype"": ""TYR"", ""restype_lig"": ""LIG""}",242,alpha1,BZD_SITE_160,mapped_global_sequence_alignment,global sequence alignment (Biopython PairwiseAligner) + PDB residue lookup,TYR,False,TYR
alprazolam,alpha1_beta3_gamma2,1,hydrophobic_interaction,203,D,"{""dist"": ""3.56"", ""id"": ""6"", ""ligcarbonidx"": ""13785"", ""protcarbonidx"": ""9811"", ""reschain"": ""D"", ""reschain_lig"": ""Z"", ""resnr"": ""203"", ""resnr_lig"": ""1"", ""restype"": ""VAL"", ""restype_lig"": ""LIG""}",243,alpha1,BZD_SITE_203,mapped_global_sequence_alignment,global sequence alignment (Biopython PairwiseAligner) + PDB residue lookup,VAL,False,VAL
alprazolam,alpha1_beta3_gamma2,1,hydrophobic_interaction,203,D,"{""dist"": ""3.80"", ""id"": ""7"", ""ligcarbonidx"": ""13792"", ""protcarbonidx"": ""9810"", ""reschain"": ""D"", ""reschain_lig"": ""Z"", ""resnr"": ""203"", ""resnr_lig"": ""1"", ""restype"": ""VAL"", ""restype_lig"": ""LIG""}",244,alpha1,BZD_SITE_203,mapped_global_sequence_alignment,global sequence alignment (Biopython PairwiseAligner) + PDB residue lookup,VAL,False,VAL
alprazolam,alpha1_beta3_gamma2,1,hydrophobic_interaction,203,D,"{""dist"": ""3.80"", ""id"": ""8"", ""ligcarbonidx"": ""13797"", ""protcarbonidx"": ""9810"", ""reschain"": ""D"", ""reschain_lig"": ""Z"", ""resnr"": ""203"", ""resnr_lig"": ""1"", ""restype"": ""VAL"", ""restype_lig"": ""LIG""}",245,alpha1,BZD_SITE_203,mapped_global_sequence_alignment,global sequence alignment (Biopython PairwiseAligner) + PDB residue lookup,VAL,False,VAL
alprazolam,alpha1_beta3_gamma2,1,hydrophobic_interaction,210,D,"{""dist"": ""3.32"", ""id"": ""9"", ""ligcarbonidx"": ""13803"", ""protcarbonidx"": ""9860"", ""reschain"": ""D"", ""reschain_lig"": ""Z"", ""resnr"": ""210"", ""resnr_lig"": ""1"", ""restype"": ""TYR"", ""restype_lig"": ""LIG""}",246,alpha1,BZD_SITE_210,mapped_global_sequence_alignment,global sequence alignment (Biopython PairwiseAligner) + PDB residue lookup,TYR,False,TYR
alprazolam,alpha1_beta3_gamma2,1,hydrogen_bond,156,D,"{""acceptoridx"": ""13787"", ""acceptortype"": ""Nar"", ""dist_d-a"": ""3.31"", ""dist_h-a"": ""2.79"", ""don_angle"": ""112.27"", ""donoridx"": ""9439"", ""donortype"": ""N3"", ""id"": ""1"", ""protisdon"": ""True"", ""reschain"": ""D"", ""reschain_lig"": ""Z"", ""resnr"": ""156"", ""resnr_lig"": ""1"", ""restype"": ""LYS"", ""restype_lig"": ""LIG"", ""sidechain"": ""True""}",247,alpha1,BZD_SITE_156,mapped_global_sequence_alignment,global sequence alignment (Biopython PairwiseAligner) + PDB residue lookup,LYS,False,LYS
alprazolam,alpha1_beta3_gamma2,1,pi_stack,102,D,"{""angle"": ""60.12"", ""centdist"": ""5.21"", ""id"": ""1"", ""offset"": ""1.43"", ""reschain"": ""D"", ""reschain_lig"": ""Z"", ""resnr"": ""102"", ""resnr_lig"": ""1"", ""restype"": ""HIS"", ""restype_lig"": ""LIG"", ""type"": ""T""}",248,alpha1,BZD_SITE_102,mapped_global_sequence_alignment,global sequence alignment (Biopython PairwiseAligner) + PDB residue lookup,HIS,False,HIS
alprazolam,alpha1_beta3_gamma2,1,pi_stack,102,D,"{""angle"": ""73.52"", ""centdist"": ""4.79"", ""id"": ""2"", ""offset"": ""1.45"", ""reschain"": ""D"", ""reschain_lig"": ""Z"", ""resnr"": ""102"", ""resnr_lig"": ""1"", ""restype"": ""HIS"", ""restype_lig"": ""LIG"", ""type"": ""T""}",249,alpha1,BZD_SITE_102,mapped_global_sequence_alignment,global sequence alignment (Biopython PairwiseAligner) + PDB residue lookup,HIS,False,HIS
alprazolam,alpha1_beta3_gamma2,2,hydrophobic_interaction,58,C,"{""dist"": ""3.58"", ""id"": ""1"", ""ligcarbonidx"": ""13795"", ""protcarbonidx"": ""5803"", ""reschain"": ""C"", ""reschain_lig"": ""Z"", ""resnr"": ""58"", ""resnr_lig"": ""1"", ""restype"": ""TYR"", ""restype_lig"": ""LIG""}",250,alpha1,BZD_GAMMA2_058,mapped_gamma2_sequence_alignment,global sequence alignment (Biopython PairwiseAligner) + PDB residue lookup,TYR,False,TYR
alprazolam,alpha1_beta3_gamma2,2,hydrophobic_interaction,210,D,"{""dist"": ""3.45"", ""id"": ""2"", ""ligcarbonidx"": ""13803"", ""protcarbonidx"": ""9860"", ""reschain"": ""D"", ""reschain_lig"": ""Z"", ""resnr"": ""210"", ""resnr_lig"": ""1"", ""restype"": ""TYR"", ""restype_lig"": ""LIG""}",251,alpha1,BZD_SITE_210,mapped_global_sequence_alignment,global sequence alignment (Biopython PairwiseAligner) + PDB residue lookup,TYR,False,TYR
alprazolam,alpha1_beta3_gamma2,2,pi_stack,58,C,"{""angle"": ""9.52"", ""centdist"": ""3.93"", ""id"": ""1"", ""offset"": ""1.56"", ""reschain"": ""C"", ""reschain_lig"": ""Z"", ""resnr"": ""58"", ""resnr_lig"": ""1"", ""restype"": ""TYR"", ""restype_lig"": ""LIG"", ""type"": ""P""}",252,alpha1,BZD_GAMMA2_058,mapped_gamma2_sequence_alignment,global sequence alignment (Biopython PairwiseAligner) + PDB residue lookup,TYR,False,TYR
alprazolam,alpha1_beta3_gamma2,2,pi_stack,77,C,"{""angle"": ""83.64"", ""centdist"": ""4.92"", ""id"": ""2"", ""offset"": ""1.96"", ""reschain"": ""C"", ""reschain_lig"": ""Z"", ""resnr"": ""77"", ""resnr_lig"": ""1"", ""restype"": ""PHE"", ""restype_lig"": ""LIG"", ""type"": ""T""}",253,alpha1,BZD_GAMMA2_077,mapped_gamma2_sequence_alignment,global sequence alignment (Biopython PairwiseAligner) + PDB residue lookup,PHE,False,PHE
alprazolam,alpha1_beta3_gamma2,3,hydrophobic_interaction,58,C,"{""dist"": ""3.06"", ""id"": ""1"", ""ligcarbonidx"": ""13801"", ""protcarbonidx"": ""5805"", ""reschain"": ""C"", ""reschain_lig"": ""Z"", ""resnr"": ""58"", ""resnr_lig"": ""1"", ""restype"": ""TYR"", ""restype_lig"": ""LIG""}",254,alpha1,BZD_GAMMA2_058,mapped_gamma2_sequence_alignment,global sequence alignment (Biopython PairwiseAligner) + PDB residue lookup,TYR,False,TYR
alprazolam,alpha1_beta3_gamma2,3,hydrophobic_interaction,58,C,"{""dist"": ""3.77"", ""id"": ""2"", ""ligcarbonidx"": ""13796"", ""protcarbonidx"": ""5806"", ""reschain"": ""C"", ""reschain_lig"": ""Z"", ""resnr"": ""58"", ""resnr_lig"": ""1"", ""restype"": ""TYR"", ""restype_lig"": ""LIG""}",255,alpha1,BZD_GAMMA2_058,mapped_gamma2_sequence_alignment,global sequence alignment (Biopython PairwiseAligner) + PDB residue lookup,TYR,False,TYR
alprazolam,alpha1_beta3_gamma2,3,hydrophobic_interaction,58,C,"{""dist"": ""3.24"", ""id"": ""3"", ""ligcarbonidx"": ""13800"", ""protcarbonidx"": ""5803"", ""reschain"": ""C"", ""reschain_lig"": ""Z"", ""resnr"": ""58"", ""resnr_lig"": ""1"", ""restype"": ""TYR"", ""restype_lig"": ""LIG""}",256,alpha1,BZD_GAMMA2_058,mapped_gamma2_sequence_alignment,global sequence alignment (Biopython PairwiseAligner) + PDB residue lookup,TYR,False,TYR
alprazolam,alpha1_beta3_gamma2,3,hydrophobic_interaction,77,C,"{""dist"": ""3.92"", ""id"": ""4"", ""ligcarbonidx"": ""13795"", ""protcarbonidx"": ""5954"", ""reschain"": ""C"", ""reschain_lig"": ""Z"", ""resnr"": ""77"", ""resnr_lig"": ""1"", ""restype"": ""PHE"", ""restype_lig"": ""LIG""}",257,alpha1,BZD_GAMMA2_077,mapped_gamma2_sequence_alignment,global sequence alignment (Biopython PairwiseAligner) + PDB residue lookup,PHE,False,PHE
alprazolam,alpha1_beta3_gamma2,3,hydrophobic_interaction,203,D,"{""dist"": ""3.84"", ""id"": ""5"", ""ligcarbonidx"": ""13804"", ""protcarbonidx"": ""9810"", ""reschain"": ""D"", ""reschain_lig"": ""Z"", ""resnr"": ""203"", ""resnr_lig"": ""1"", ""restype"": ""VAL"", ""restype_lig"": ""LIG""}",258,alpha1,BZD_SITE_203,mapped_global_sequence_alignment,global sequence alignment (Biopython PairwiseAligner) + PDB residue lookup,VAL,False,VAL
alprazolam,alpha1_beta3_gamma2,3,hydrophobic_interaction,210,D,"{""dist"": ""3.76"", ""id"": ""6"", ""ligcarbonidx"": ""13785"", ""protcarbonidx"": ""9858"", ""reschain"": ""D"", ""reschain_lig"": ""Z"", ""resnr"": ""210"", ""resnr_lig"": ""1"", ""restype"": ""TYR"", ""restype_lig"": ""LIG""}",259,alpha1,BZD_SITE_210,mapped_global_sequence_alignment,global sequence alignment (Biopython PairwiseAligner) + PDB residue lookup,TYR,False,TYR
alprazolam,alpha1_beta3_gamma2,3,hydrogen_bond,205,D,"{""acceptoridx"": ""13805"", ""acceptortype"": ""N2"", ""dist_d-a"": ""3.00"", ""dist_h-a"": ""2.47"", ""don_angle"": ""113.82"", ""donoridx"": ""9826"", ""donortype"": ""O3"", ""id"": ""1"", ""protisdon"": ""True"", ""reschain"": ""D"", ""reschain_lig"": ""Z"", ""resnr"": ""205"", ""resnr_lig"": ""1"", ""restype"": ""SER"", ""restype_lig"": ""LIG"", ""sidechain"": ""True""}",260,alpha1,BZD_SITE_205,mapped_global_sequence_alignment,global sequence alignment (Biopython PairwiseAligner) + PDB residue lookup,SER,False,SER
alprazolam,alpha1_beta3_gamma2,3,pi_stack,77,C,"{""angle"": ""21.49"", ""centdist"": ""3.87"", ""id"": ""1"", ""offset"": ""0.61"", ""reschain"": ""C"", ""reschain_lig"": ""Z"", ""resnr"": ""77"", ""resnr_lig"": ""1"", ""restype"": ""PHE"", ""restype_lig"": ""LIG"", ""type"": ""P""}",261,alpha1,BZD_GAMMA2_077,mapped_gamma2_sequence_alignment,global sequence alignment (Biopython PairwiseAligner) + PDB residue lookup,PHE,False,PHE
alprazolam,alpha1_beta3_gamma2,4,hydrophobic_interaction,58,C,"{""dist"": ""3.13"", ""id"": ""1"", ""ligcarbonidx"": ""13803"", ""protcarbonidx"": ""5801"", ""reschain"": ""C"", ""reschain_lig"": ""Z"", ""resnr"": ""58"", ""resnr_lig"": ""1"", ""restype"": ""TYR"", ""restype_lig"": ""LIG""}",262,alpha1,BZD_GAMMA2_058,mapped_gamma2_sequence_alignment,global sequence alignment (Biopython PairwiseAligner) + PDB residue lookup,TYR,False,TYR
alprazolam,alpha1_beta3_gamma2,4,hydrophobic_interaction,77,C,"{""dist"": ""3.37"", ""id"": ""2"", ""ligcarbonidx"": ""13785"", ""protcarbonidx"": ""5955"", ""reschain"": ""C"", ""reschain_lig"": ""Z"", ""resnr"": ""77"", ""resnr_lig"": ""1"", ""restype"": ""PHE"", ""restype_lig"": ""LIG""}",263,alpha1,BZD_GAMMA2_077,mapped_gamma2_sequence_alignment,global sequence alignment (Biopython PairwiseAligner) + PDB residue lookup,PHE,False,PHE
alprazolam,alpha1_beta3_gamma2,4,hydrophobic_interaction,77,C,"{""dist"": ""3.24"", ""id"": ""3"", ""ligcarbonidx"": ""13803"", ""protcarbonidx"": ""5949"", ""reschain"": ""C"", ""reschain_lig"": ""Z"", ""resnr"": ""77"", ""resnr_lig"": ""1"", ""restype"": ""PHE"", ""restype_lig"": ""LIG""}",264,alpha1,BZD_GAMMA2_077,mapped_gamma2_sequence_alignment,global sequence alignment (Biopython PairwiseAligner) + PDB residue lookup,PHE,False,PHE
alprazolam,alpha1_beta3_gamma2,4,hydrophobic_interaction,100,D,"{""dist"": ""3.91"", ""id"": ""4"", ""ligcarbonidx"": ""13793"", ""protcarbonidx"": ""8994"", ""reschain"": ""D"", ""reschain_lig"": ""Z"", ""resnr"": ""100"", ""resnr_lig"": ""1"", ""restype"": ""PHE"", ""restype_lig"": ""LIG""}",265,alpha1,BZD_SITE_100,mapped_global_sequence_alignment,global sequence alignment (Biopython PairwiseAligner) + PDB residue lookup,PHE,False,PHE
alprazolam,alpha1_beta3_gamma2,4,hydrophobic_interaction,210,D,"{""dist"": ""3.38"", ""id"": ""5"", ""ligcarbonidx"": ""13795"", ""protcarbonidx"": ""9862"", ""reschain"": ""D"", ""reschain_lig"": ""Z"", ""resnr"": ""210"", ""resnr_lig"": ""1"", ""restype"": ""TYR"", ""restype_lig"": ""LIG""}",266,alpha1,BZD_SITE_210,mapped_global_sequence_alignment,global sequence alignment (Biopython PairwiseAligner) + PDB residue lookup,TYR,False,TYR
alprazolam,alpha1_beta3_gamma2,4,pi_stack,58,C,"{""angle"": ""14.48"", ""centdist"": ""4.15"", ""id"": ""1"", ""offset"": ""1.70"", ""reschain"": ""C"", ""reschain_lig"": ""Z"", ""resnr"": ""58"", ""resnr_lig"": ""1"", ""restype"": ""TYR"", ""restype_lig"": ""LIG"", ""type"": ""P""}",267,alpha1,BZD_GAMMA2_058,mapped_gamma2_sequence_alignment,global sequence alignment (Biopython PairwiseAligner) + PDB residue lookup,TYR,False,TYR
alprazolam,alpha1_beta3_gamma2,4,pi_stack,77,C,"{""angle"": ""25.47"", ""centdist"": ""4.72"", ""id"": ""2"", ""offset"": ""1.18"", ""reschain"": ""C"", ""reschain_lig"": ""Z"", ""resnr"": ""77"", ""resnr_lig"": ""1"", ""restype"": ""PHE"", ""restype_lig"": ""LIG"", ""type"": ""P""}",268,alpha1,BZD_GAMMA2_077,mapped_gamma2_sequence_alignment,global sequence alignment (Biopython PairwiseAligner) + PDB residue lookup,PHE,False,PHE
alprazolam,alpha1_beta3_gamma2,5,hydrophobic_interaction,58,C,"{""dist"": ""3.81"", ""id"": ""1"", ""ligcarbonidx"": ""13804"", ""protcarbonidx"": ""5806"", ""reschain"": ""C"", ""reschain_lig"": ""Z"", ""resnr"": ""58"", ""resnr_lig"": ""1"", ""restype"": ""TYR"", ""restype_lig"": ""LIG""}",269,alpha1,BZD_GAMMA2_058,mapped_gamma2_sequence_alignment,global sequence alignment (Biopython PairwiseAligner) + PDB residue lookup,TYR,False,TYR
alprazolam,alpha1_beta3_gamma2,5,hydrophobic_interaction,58,C,"{""dist"": ""3.38"", ""id"": ""2"", ""ligcarbonidx"": ""13785"", ""protcarbonidx"": ""5801"", ""reschain"": ""C"", ""reschain_lig"": ""Z"", ""resnr"": ""58"", ""resnr_lig"": ""1"", ""restype"": ""TYR"", ""restype_lig"": ""LIG""}",270,alpha1,BZD_GAMMA2_058,mapped_gamma2_sequence_alignment,global sequence alignment (Biopython PairwiseAligner) + PDB residue lookup,TYR,False,TYR
alprazolam,alpha1_beta3_gamma2,5,hydrophobic_interaction,77,C,"{""dist"": ""3.29"", ""id"": ""3"", ""ligcarbonidx"": ""13785"", ""protcarbonidx"": ""5949"", ""reschain"": ""C"", ""reschain_lig"": ""Z"", ""resnr"": ""77"", ""resnr_lig"": ""1"", ""restype"": ""PHE"", ""restype_lig"": ""LIG""}",271,alpha1,BZD_GAMMA2_077,mapped_gamma2_sequence_alignment,global sequence alignment (Biopython PairwiseAligner) + PDB residue lookup,PHE,False,PHE
alprazolam,alpha1_beta3_gamma2,5,hydrophobic_interaction,102,D,"{""dist"": ""3.73"", ""id"": ""4"", ""ligcarbonidx"": ""13801"", ""protcarbonidx"": ""9010"", ""reschain"": ""D"", ""reschain_lig"": ""Z"", ""resnr"": ""102"", ""resnr_lig"": ""1"", ""restype"": ""HIS"", ""restype_lig"": ""LIG""}",272,alpha1,BZD_SITE_102,mapped_global_sequence_alignment,global sequence alignment (Biopython PairwiseAligner) + PDB residue lookup,HIS,False,HIS
alprazolam,alpha1_beta3_gamma2,5,hydrophobic_interaction,203,D,"{""dist"": ""3.40"", ""id"": ""5"", ""ligcarbonidx"": ""13796"", ""protcarbonidx"": ""9810"", ""reschain"": ""D"", ""reschain_lig"": ""Z"", ""resnr"": ""203"", ""resnr_lig"": ""1"", ""restype"": ""VAL"", ""restype_lig"": ""LIG""}",273,alpha1,BZD_SITE_203,mapped_global_sequence_alignment,global sequence alignment (Biopython PairwiseAligner) + PDB residue lookup,VAL,False,VAL
alprazolam,alpha1_beta3_gamma2,5,pi_stack,58,C,"{""angle"": ""21.92"", ""centdist"": ""4.03"", ""id"": ""1"", ""offset"": ""1.12"", ""reschain"": ""C"", ""reschain_lig"": ""Z"", ""resnr"": ""58"", ""resnr_lig"": ""1"", ""restype"": ""TYR"", ""restype_lig"": ""LIG"", ""type"": ""P""}",274,alpha1,BZD_GAMMA2_058,mapped_gamma2_sequence_alignment,global sequence alignment (Biopython PairwiseAligner) + PDB residue lookup,TYR,False,TYR
alprazolam,alpha1_beta3_gamma2,6,hydrophobic_interaction,58,C,"{""dist"": ""3.85"", ""id"": ""1"", ""ligcarbonidx"": ""13804"", ""protcarbonidx"": ""5806"", ""reschain"": ""C"", ""reschain_lig"": ""Z"", ""resnr"": ""58"", ""resnr_lig"": ""1"", ""restype"": ""TYR"", ""restype_lig"": ""LIG""}",275,alpha1,BZD_GAMMA2_058,mapped_gamma2_sequence_alignment,global sequence alignment (Biopython PairwiseAligner) + PDB residue lookup,TYR,False,TYR
alprazolam,alpha1_beta3_gamma2,6,hydrophobic_interaction,58,C,"{""dist"": ""3.52"", ""id"": ""2"", ""ligcarbonidx"": ""13785"", ""protcarbonidx"": ""5804"", ""reschain"": ""C"", ""reschain_lig"": ""Z"", ""resnr"": ""58"", ""resnr_lig"": ""1"", ""restype"": ""TYR"", ""restype_lig"": ""LIG""}",276,alpha1,BZD_GAMMA2_058,mapped_gamma2_sequence_alignment,global sequence alignment (Biopython PairwiseAligner) + PDB residue lookup,TYR,False,TYR
alprazolam,alpha1_beta3_gamma2,6,hydrophobic_interaction,77,C,"{""dist"": ""3.76"", ""id"": ""3"", ""ligcarbonidx"": ""13785"", ""protcarbonidx"": ""5952"", ""reschain"": ""C"", ""reschain_lig"": ""Z"", ""resnr"": ""77"", ""resnr_lig"": ""1"", ""restype"": ""PHE"", ""restype_lig"": ""LIG""}",277,alpha1,BZD_GAMMA2_077,mapped_gamma2_sequence_alignment,global sequence alignment (Biopython PairwiseAligner) + PDB residue lookup,PHE,False,PHE
alprazolam,alpha1_beta3_gamma2,6,pi_stack,58,C,"{""angle"": ""20.17"", ""centdist"": ""4.60"", ""id"": ""1"", ""offset"": ""1.75"", ""reschain"": ""C"", ""reschain_lig"": ""Z"", ""resnr"": ""58"", ""resnr_lig"": ""1"", ""restype"": ""TYR"", ""restype_lig"": ""LIG"", ""type"": ""P""}",278,alpha1,BZD_GAMMA2_058,mapped_gamma2_sequence_alignment,global sequence alignment (Biopython PairwiseAligner) + PDB residue lookup,TYR,False,TYR
alprazolam,alpha1_beta3_gamma2,7,hydrophobic_interaction,58,C,"{""dist"": ""3.10"", ""id"": ""1"", ""ligcarbonidx"": ""13800"", ""protcarbonidx"": ""5805"", ""reschain"": ""C"", ""reschain_lig"": ""Z"", ""resnr"": ""58"", ""resnr_lig"": ""1"", ""restype"": ""TYR"", ""restype_lig"": ""LIG""}",279,alpha1,BZD_GAMMA2_058,mapped_gamma2_sequence_alignment,global sequence alignment (Biopython PairwiseAligner) + PDB residue lookup,TYR,False,TYR
alprazolam,alpha1_beta3_gamma2,7,hydrophobic_interaction,58,C,"{""dist"": ""3.43"", ""id"": ""2"", ""ligcarbonidx"": ""13796"", ""protcarbonidx"": ""5806"", ""reschain"": ""C"", ""reschain_lig"": ""Z"", ""resnr"": ""58"", ""resnr_lig"": ""1"", ""restype"": ""TYR"", ""restype_lig"": ""LIG""}",280,alpha1,BZD_GAMMA2_058,mapped_gamma2_sequence_alignment,global sequence alignment (Biopython PairwiseAligner) + PDB residue lookup,TYR,False,TYR
alprazolam,alpha1_beta3_gamma2,7,hydrophobic_interaction,77,C,"{""dist"": ""3.59"", ""id"": ""3"", ""ligcarbonidx"": ""13792"", ""protcarbonidx"": ""5955"", ""reschain"": ""C"", ""reschain_lig"": ""Z"", ""resnr"": ""77"", ""resnr_lig"": ""1"", ""restype"": ""PHE"", ""restype_lig"": ""LIG""}",281,alpha1,BZD_GAMMA2_077,mapped_gamma2_sequence_alignment,global sequence alignment (Biopython PairwiseAligner) + PDB residue lookup,PHE,False,PHE
alprazolam,alpha1_beta3_gamma2,7,hydrophobic_interaction,100,D,"{""dist"": ""3.97"", ""id"": ""4"", ""ligcarbonidx"": ""13785"", ""protcarbonidx"": ""8994"", ""reschain"": ""D"", ""reschain_lig"": ""Z"", ""resnr"": ""100"", ""resnr_lig"": ""1"", ""restype"": ""PHE"", ""restype_lig"": ""LIG""}",282,alpha1,BZD_SITE_100,mapped_global_sequence_alignment,global sequence alignment (Biopython PairwiseAligner) + PDB residue lookup,PHE,False,PHE
alprazolam,alpha1_beta3_gamma2,7,hydrophobic_interaction,203,D,"{""dist"": ""3.04"", ""id"": ""5"", ""ligcarbonidx"": ""13804"", ""protcarbonidx"": ""9810"", ""reschain"": ""D"", ""reschain_lig"": ""Z"", ""resnr"": ""203"", ""resnr_lig"": ""1"", ""restype"": ""VAL"", ""restype_lig"": ""LIG""}",283,alpha1,BZD_SITE_203,mapped_global_sequence_alignment,global sequence alignment (Biopython PairwiseAligner) + PDB residue lookup,VAL,False,VAL
alprazolam,alpha1_beta3_gamma2,7,hydrogen_bond,205,D,"{""acceptoridx"": ""13788"", ""acceptortype"": ""Nar"", ""dist_d-a"": ""3.25"", ""dist_h-a"": ""2.50"", ""don_angle"": ""134.04"", ""donoridx"": ""9826"", ""donortype"": ""O3"", ""id"": ""1"", ""protisdon"": ""True"", ""reschain"": ""D"", ""reschain_lig"": ""Z"", ""resnr"": ""205"", ""resnr_lig"": ""1"", ""restype"": ""SER"", ""restype_lig"": ""LIG"", ""sidechain"": ""True""}",284,alpha1,BZD_SITE_205,mapped_global_sequence_alignment,global sequence alignment (Biopython PairwiseAligner) + PDB residue lookup,SER,False,SER
alprazolam,alpha1_beta3_gamma2,7,pi_stack,77,C,"{""angle"": ""7.22"", ""centdist"": ""4.77"", ""id"": ""1"", ""offset"": ""1.71"", ""reschain"": ""C"", ""reschain_lig"": ""Z"", ""resnr"": ""77"", ""resnr_lig"": ""1"", ""restype"": ""PHE"", ""restype_lig"": ""LIG"", ""type"": ""P""}",285,alpha1,BZD_GAMMA2_077,mapped_gamma2_sequence_alignment,global sequence alignment (Biopython PairwiseAligner) + PDB residue lookup,PHE,False,PHE
alprazolam,alpha1_beta3_gamma2,8,hydrophobic_interaction,58,C,"{""dist"": ""3.57"", ""id"": ""1"", ""ligcarbonidx"": ""13794"", ""protcarbonidx"": ""5806"", ""reschain"": ""C"", ""reschain_lig"": ""Z"", ""resnr"": ""58"", ""resnr_lig"": ""1"", ""restype"": ""TYR"", ""restype_lig"": ""LIG""}",286,alpha1,BZD_GAMMA2_058,mapped_gamma2_sequence_alignment,global sequence alignment (Biopython PairwiseAligner) + PDB residue lookup,TYR,False,TYR
alprazolam,alpha1_beta3_gamma2,8,hydrophobic_interaction,77,C,"{""dist"": ""3.39"", ""id"": ""2"", ""ligcarbonidx"": ""13795"", ""protcarbonidx"": ""5954"", ""reschain"": ""C"", ""reschain_lig"": ""Z"", ""resnr"": ""77"", ""resnr_lig"": ""1"", ""restype"": ""PHE"", ""restype_lig"": ""LIG""}",287,alpha1,BZD_GAMMA2_077,mapped_gamma2_sequence_alignment,global sequence alignment (Biopython PairwiseAligner) + PDB residue lookup,PHE,False,PHE
alprazolam,alpha1_beta3_gamma2,8,hydrophobic_interaction,102,D,"{""dist"": ""3.25"", ""id"": ""3"", ""ligcarbonidx"": ""13803"", ""protcarbonidx"": ""9010"", ""reschain"": ""D"", ""reschain_lig"": ""Z"", ""resnr"": ""102"", ""resnr_lig"": ""1"", ""restype"": ""HIS"", ""restype_lig"": ""LIG""}",288,alpha1,BZD_SITE_102,mapped_global_sequence_alignment,global sequence alignment (Biopython PairwiseAligner) + PDB residue lookup,HIS,False,HIS
alprazolam,alpha1_beta3_gamma2,8,hydrophobic_interaction,103,D,"{""dist"": ""3.80"", ""id"": ""4"", ""ligcarbonidx"": ""13802"", ""protcarbonidx"": ""9020"", ""reschain"": ""D"", ""reschain_lig"": ""Z"", ""resnr"": ""103"", ""resnr_lig"": ""1"", ""restype"": ""ASN"", ""restype_lig"": ""LIG""}",289,alpha1,BZD_SITE_103,mapped_global_sequence_alignment,global sequence alignment (Biopython PairwiseAligner) + PDB residue lookup,ASN,False,ASN
alprazolam,alpha1_beta3_gamma2,8,hydrophobic_interaction,156,D,"{""dist"": ""3.43"", ""id"": ""5"", ""ligcarbonidx"": ""13803"", ""protcarbonidx"": ""9437"", ""reschain"": ""D"", ""reschain_lig"": ""Z"", ""resnr"": ""156"", ""resnr_lig"": ""1"", ""restype"": ""LYS"", ""restype_lig"": ""LIG""}",290,alpha1,BZD_SITE_156,mapped_global_sequence_alignment,global sequence alignment (Biopython PairwiseAligner) + PDB residue lookup,LYS,False,LYS
alprazolam,alpha1_beta3_gamma2,8,hydrophobic_interaction,203,D,"{""dist"": ""3.56"", ""id"": ""6"", ""ligcarbonidx"": ""13793"", ""protcarbonidx"": ""9810"", ""reschain"": ""D"", ""reschain_lig"": ""Z"", ""resnr"": ""203"", ""resnr_lig"": ""1"", ""restype"": ""VAL"", ""restype_lig"": ""LIG""}",291,alpha1,BZD_SITE_203,mapped_global_sequence_alignment,global sequence alignment (Biopython PairwiseAligner) + PDB residue lookup,VAL,False,VAL
alprazolam,alpha1_beta3_gamma2,9,hydrophobic_interaction,58,C,"{""dist"": ""3.85"", ""id"": ""1"", ""ligcarbonidx"": ""13792"", ""protcarbonidx"": ""5806"", ""reschain"": ""C"", ""reschain_lig"": ""Z"", ""resnr"": ""58"", ""resnr_lig"": ""1"", ""restype"": ""TYR"", ""restype_lig"": ""LIG""}",292,alpha1,BZD_GAMMA2_058,mapped_gamma2_sequence_alignment,global sequence alignment (Biopython PairwiseAligner) + PDB residue lookup,TYR,False,TYR
alprazolam,alpha1_beta3_gamma2,9,hydrophobic_interaction,203,D,"{""dist"": ""3.50"", ""id"": ""2"", ""ligcarbonidx"": ""13804"", ""protcarbonidx"": ""9811"", ""reschain"": ""D"", ""reschain_lig"": ""Z"", ""resnr"": ""203"", ""resnr_lig"": ""1"", ""restype"": ""VAL"", ""restype_lig"": ""LIG""}",293,alpha1,BZD_SITE_203,mapped_global_sequence_alignment,global sequence alignment (Biopython PairwiseAligner) + PDB residue lookup,VAL,False,VAL
alprazolam,alpha1_beta3_gamma2,9,hydrophobic_interaction,203,D,"{""dist"": ""3.84"", ""id"": ""3"", ""ligcarbonidx"": ""13799"", ""protcarbonidx"": ""9810"", ""reschain"": ""D"", ""reschain_lig"": ""Z"", ""resnr"": ""203"", ""resnr_lig"": ""1"", ""restype"": ""VAL"", ""restype_lig"": ""LIG""}",294,alpha1,BZD_SITE_203,mapped_global_sequence_alignment,global sequence alignment (Biopython PairwiseAligner) + PDB residue lookup,VAL,False,VAL
alprazolam,alpha2_beta3_gamma2_local_9CTJ,1,hydrophobic_interaction,58,E,"{""dist"": ""3.90"", ""id"": ""1"", ""ligcarbonidx"": ""7110"", ""protcarbonidx"": ""5639"", ""reschain"": ""E"", ""reschain_lig"": ""Z"", ""resnr"": ""58"", ""resnr_lig"": ""1"", ""restype"": ""TYR"", ""restype_lig"": ""LIG""}",295,alpha2,BZD_GAMMA2_058,mapped_gamma2_sequence_alignment,global sequence alignment (Biopython PairwiseAligner) + PDB residue lookup,TYR,False,TYR
alprazolam,alpha2_beta3_gamma2_local_9CTJ,1,hydrophobic_interaction,77,E,"{""dist"": ""3.19"", ""id"": ""2"", ""ligcarbonidx"": ""7114"", ""protcarbonidx"": ""5787"", ""reschain"": ""E"", ""reschain_lig"": ""Z"", ""resnr"": ""77"", ""resnr_lig"": ""1"", ""restype"": ""PHE"", ""restype_lig"": ""LIG""}",296,alpha2,BZD_GAMMA2_077,mapped_gamma2_sequence_alignment,global sequence alignment (Biopython PairwiseAligner) + PDB residue lookup,PHE,False,PHE
alprazolam,alpha2_beta3_gamma2_local_9CTJ,1,hydrophobic_interaction,99,D,"{""dist"": ""3.77"", ""id"": ""3"", ""ligcarbonidx"": ""7115"", ""protcarbonidx"": ""3448"", ""reschain"": ""D"", ""reschain_lig"": ""Z"", ""resnr"": ""99"", ""resnr_lig"": ""1"", ""restype"": ""PHE"", ""restype_lig"": ""LIG""}",297,alpha2,BZD_SITE_100,mapped_global_sequence_alignment,global sequence alignment (Biopython PairwiseAligner) + PDB residue lookup,PHE,False,PHE
alprazolam,alpha2_beta3_gamma2_local_9CTJ,1,hydrophobic_interaction,202,D,"{""dist"": ""3.60"", ""id"": ""4"", ""ligcarbonidx"": ""7099"", ""protcarbonidx"": ""4261"", ""reschain"": ""D"", ""reschain_lig"": ""Z"", ""resnr"": ""202"", ""resnr_lig"": ""1"", ""restype"": ""ILE"", ""restype_lig"": ""LIG""}",298,alpha2,BZD_SITE_203,mapped_global_sequence_alignment,global sequence alignment (Biopython PairwiseAligner) + PDB residue lookup,ILE,False,ILE
alprazolam,alpha2_beta3_gamma2_local_9CTJ,1,hydrophobic_interaction,209,D,"{""dist"": ""3.26"", ""id"": ""5"", ""ligcarbonidx"": ""7116"", ""protcarbonidx"": ""4310"", ""reschain"": ""D"", ""reschain_lig"": ""Z"", ""resnr"": ""209"", ""resnr_lig"": ""1"", ""restype"": ""TYR"", ""restype_lig"": ""LIG""}",299,alpha2,BZD_SITE_210,mapped_global_sequence_alignment,global sequence alignment (Biopython PairwiseAligner) + PDB residue lookup,TYR,False,TYR
alprazolam,alpha2_beta3_gamma2_local_9CTJ,1,pi_stack,101,D,"{""angle"": ""79.29"", ""centdist"": ""5.39"", ""id"": ""1"", ""offset"": ""1.01"", ""reschain"": ""D"", ""reschain_lig"": ""Z"", ""resnr"": ""101"", ""resnr_lig"": ""1"", ""restype"": ""HIS"", ""restype_lig"": ""LIG"", ""type"": ""T""}",300,alpha2,BZD_SITE_102,mapped_global_sequence_alignment,global sequence alignment (Biopython PairwiseAligner) + PDB residue lookup,HIS,False,HIS
alprazolam,alpha2_beta3_gamma2_local_9CTJ,1,pi_stack,101,D,"{""angle"": ""67.40"", ""centdist"": ""4.36"", ""id"": ""2"", ""offset"": ""1.24"", ""reschain"": ""D"", ""reschain_lig"": ""Z"", ""resnr"": ""101"", ""resnr_lig"": ""1"", ""restype"": ""HIS"", ""restype_lig"": ""LIG"", ""type"": ""T""}",301,alpha2,BZD_SITE_102,mapped_global_sequence_alignment,global sequence alignment (Biopython PairwiseAligner) + PDB residue lookup,HIS,False,HIS
alprazolam,alpha2_beta3_gamma2_local_9CTJ,2,hydrophobic_interaction,58,E,"{""dist"": ""3.39"", ""id"": ""1"", ""ligcarbonidx"": ""7114"", ""protcarbonidx"": ""5639"", ""reschain"": ""E"", ""reschain_lig"": ""Z"", ""resnr"": ""58"", ""resnr_lig"": ""1"", ""restype"": ""TYR"", ""restype_lig"": ""LIG""}",302,alpha2,BZD_GAMMA2_058,mapped_gamma2_sequence_alignment,global sequence alignment (Biopython PairwiseAligner) + PDB residue lookup,TYR,False,TYR
alprazolam,alpha2_beta3_gamma2_local_9CTJ,2,hydrophobic_interaction,77,E,"{""dist"": ""3.61"", ""id"": ""2"", ""ligcarbonidx"": ""7114"", ""protcarbonidx"": ""5787"", ""reschain"": ""E"", ""reschain_lig"": ""Z"", ""resnr"": ""77"", ""resnr_lig"": ""1"", ""restype"": ""PHE"", ""restype_lig"": ""LIG""}",303,alpha2,BZD_GAMMA2_077,mapped_gamma2_sequence_alignment,global sequence alignment (Biopython PairwiseAligner) + PDB residue lookup,PHE,False,PHE
alprazolam,alpha2_beta3_gamma2_local_9CTJ,2,hydrophobic_interaction,101,D,"{""dist"": ""3.98"", ""id"": ""3"", ""ligcarbonidx"": ""7099"", ""protcarbonidx"": ""3464"", ""reschain"": ""D"", ""reschain_lig"": ""Z"", ""resnr"": ""101"", ""resnr_lig"": ""1"", ""restype"": ""HIS"", ""restype_lig"": ""LIG""}",304,alpha2,BZD_SITE_102,mapped_global_sequence_alignment,global sequence alignment (Biopython PairwiseAligner) + PDB residue lookup,HIS,False,HIS
alprazolam,alpha2_beta3_gamma2_local_9CTJ,2,hydrophobic_interaction,102,D,"{""dist"": ""3.86"", ""id"": ""4"", ""ligcarbonidx"": ""7099"", ""protcarbonidx"": ""3474"", ""reschain"": ""D"", ""reschain_lig"": ""Z"", ""resnr"": ""102"", ""resnr_lig"": ""1"", ""restype"": ""ASN"", ""restype_lig"": ""LIG""}",305,alpha2,BZD_SITE_103,mapped_global_sequence_alignment,global sequence alignment (Biopython PairwiseAligner) + PDB residue lookup,ASN,False,ASN
alprazolam,alpha2_beta3_gamma2_local_9CTJ,2,hydrophobic_interaction,155,D,"{""dist"": ""3.57"", ""id"": ""5"", ""ligcarbonidx"": ""7099"", ""protcarbonidx"": ""3891"", ""reschain"": ""D"", ""reschain_lig"": ""Z"", ""resnr"": ""155"", ""resnr_lig"": ""1"", ""restype"": ""LYS"", ""restype_lig"": ""LIG""}",306,alpha2,BZD_SITE_156,mapped_global_sequence_alignment,global sequence alignment (Biopython PairwiseAligner) + PDB residue lookup,LYS,False,LYS
alprazolam,alpha2_beta3_gamma2_local_9CTJ,2,hydrophobic_interaction,202,D,"{""dist"": ""3.47"", ""id"": ""6"", ""ligcarbonidx"": ""7117"", ""protcarbonidx"": ""4260"", ""reschain"": ""D"", ""reschain_lig"": ""Z"", ""resnr"": ""202"", ""resnr_lig"": ""1"", ""restype"": ""ILE"", ""restype_lig"": ""LIG""}",307,alpha2,BZD_SITE_203,mapped_global_sequence_alignment,global sequence alignment (Biopython PairwiseAligner) + PDB residue lookup,ILE,False,ILE
alprazolam,alpha2_beta3_gamma2_local_9CTJ,2,hydrophobic_interaction,202,D,"{""dist"": ""3.51"", ""id"": ""7"", ""ligcarbonidx"": ""7109"", ""protcarbonidx"": ""4261"", ""reschain"": ""D"", ""reschain_lig"": ""Z"", ""resnr"": ""202"", ""resnr_lig"": ""1"", ""restype"": ""ILE"", ""restype_lig"": ""LIG""}",308,alpha2,BZD_SITE_203,mapped_global_sequence_alignment,global sequence alignment (Biopython PairwiseAligner) + PDB residue lookup,ILE,False,ILE
alprazolam,alpha2_beta3_gamma2_local_9CTJ,3,hydrophobic_interaction,60,E,"{""dist"": ""3.54"", ""id"": ""1"", ""ligcarbonidx"": ""7107"", ""protcarbonidx"": ""5653"", ""reschain"": ""E"", ""reschain_lig"": ""Z"", ""resnr"": ""60"", ""resnr_lig"": ""1"", ""restype"": ""ASN"", ""restype_lig"": ""LIG""}",309,alpha2,BZD_GAMMA2_060,mapped_gamma2_sequence_alignment,global sequence alignment (Biopython PairwiseAligner) + PDB residue lookup,ASN,False,ASN
alprazolam,alpha2_beta3_gamma2_local_9CTJ,3,hydrophobic_interaction,102,D,"{""dist"": ""3.92"", ""id"": ""2"", ""ligcarbonidx"": ""7117"", ""protcarbonidx"": ""3474"", ""reschain"": ""D"", ""reschain_lig"": ""Z"", ""resnr"": ""102"", ""resnr_lig"": ""1"", ""restype"": ""ASN"", ""restype_lig"": ""LIG""}",310,alpha2,BZD_SITE_103,mapped_global_sequence_alignment,global sequence alignment (Biopython PairwiseAligner) + PDB residue lookup,ASN,False,ASN
alprazolam,alpha2_beta3_gamma2_local_9CTJ,3,hydrophobic_interaction,153,D,"{""dist"": ""3.71"", ""id"": ""3"", ""ligcarbonidx"": ""7116"", ""protcarbonidx"": ""3875"", ""reschain"": ""D"", ""reschain_lig"": ""Z"", ""resnr"": ""153"", ""resnr_lig"": ""1"", ""restype"": ""PRO"", ""restype_lig"": ""LIG""}",311,alpha2,BZD_SITE_154,mapped_global_sequence_alignment,global sequence alignment (Biopython PairwiseAligner) + PDB residue lookup,PRO,False,PRO
alprazolam,alpha2_beta3_gamma2_local_9CTJ,3,hydrophobic_interaction,155,D,"{""dist"": ""3.60"", ""id"": ""4"", ""ligcarbonidx"": ""7117"", ""protcarbonidx"": ""3891"", ""reschain"": ""D"", ""reschain_lig"": ""Z"", ""resnr"": ""155"", ""resnr_lig"": ""1"", ""restype"": ""LYS"", ""restype_lig"": ""LIG""}",312,alpha2,BZD_SITE_156,mapped_global_sequence_alignment,global sequence alignment (Biopython PairwiseAligner) + PDB residue lookup,LYS,False,LYS
alprazolam,alpha2_beta3_gamma2_local_9CTJ,4,hydrophobic_interaction,77,E,"{""dist"": ""3.49"", ""id"": ""1"", ""ligcarbonidx"": ""7115"", ""protcarbonidx"": ""5787"", ""reschain"": ""E"", ""reschain_lig"": ""Z"", ""resnr"": ""77"", ""resnr_lig"": ""1"", ""restype"": ""PHE"", ""restype_lig"": ""LIG""}",313,alpha2,BZD_GAMMA2_077,mapped_gamma2_sequence_alignment,global sequence alignment (Biopython PairwiseAligner) + PDB residue lookup,PHE,False,PHE
alprazolam,alpha2_beta3_gamma2_local_9CTJ,4,hydrophobic_interaction,202,D,"{""dist"": ""3.44"", ""id"": ""2"", ""ligcarbonidx"": ""7117"", ""protcarbonidx"": ""4260"", ""reschain"": ""D"", ""reschain_lig"": ""Z"", ""resnr"": ""202"", ""resnr_lig"": ""1"", ""restype"": ""ILE"", ""restype_lig"": ""LIG""}",314,alpha2,BZD_SITE_203,mapped_global_sequence_alignment,global sequence alignment (Biopython PairwiseAligner) + PDB residue lookup,ILE,False,ILE
alprazolam,alpha2_beta3_gamma2_local_9CTJ,4,pi_stack,101,D,"{""angle"": ""80.24"", ""centdist"": ""4.79"", ""id"": ""1"", ""offset"": ""1.79"", ""reschain"": ""D"", ""reschain_lig"": ""Z"", ""resnr"": ""101"", ""resnr_lig"": ""1"", ""restype"": ""HIS"", ""restype_lig"": ""LIG"", ""type"": ""T""}",315,alpha2,BZD_SITE_102,mapped_global_sequence_alignment,global sequence alignment (Biopython PairwiseAligner) + PDB residue lookup,HIS,False,HIS
alprazolam,alpha2_beta3_gamma2_local_9CTJ,5,hydrophobic_interaction,58,E,"{""dist"": ""3.99"", ""id"": ""1"", ""ligcarbonidx"": ""7106"", ""protcarbonidx"": ""5639"", ""reschain"": ""E"", ""reschain_lig"": ""Z"", ""resnr"": ""58"", ""resnr_lig"": ""1"", ""restype"": ""TYR"", ""restype_lig"": ""LIG""}",316,alpha2,BZD_GAMMA2_058,mapped_gamma2_sequence_alignment,global sequence alignment (Biopython PairwiseAligner) + PDB residue lookup,TYR,False,TYR
alprazolam,alpha2_beta3_gamma2_local_9CTJ,5,hydrophobic_interaction,77,E,"{""dist"": ""3.63"", ""id"": ""2"", ""ligcarbonidx"": ""7109"", ""protcarbonidx"": ""5788"", ""reschain"": ""E"", ""reschain_lig"": ""Z"", ""resnr"": ""77"", ""resnr_lig"": ""1"", ""restype"": ""PHE"", ""restype_lig"": ""LIG""}",317,alpha2,BZD_GAMMA2_077,mapped_gamma2_sequence_alignment,global sequence alignment (Biopython PairwiseAligner) + PDB residue lookup,PHE,False,PHE
alprazolam,alpha2_beta3_gamma2_local_9CTJ,5,hydrophobic_interaction,77,E,"{""dist"": ""3.96"", ""id"": ""3"", ""ligcarbonidx"": ""7107"", ""protcarbonidx"": ""5787"", ""reschain"": ""E"", ""reschain_lig"": ""Z"", ""resnr"": ""77"", ""resnr_lig"": ""1"", ""restype"": ""PHE"", ""restype_lig"": ""LIG""}",318,alpha2,BZD_GAMMA2_077,mapped_gamma2_sequence_alignment,global sequence alignment (Biopython PairwiseAligner) + PDB residue lookup,PHE,False,PHE
alprazolam,alpha2_beta3_gamma2_local_9CTJ,5,hydrophobic_interaction,102,D,"{""dist"": ""3.43"", ""id"": ""4"", ""ligcarbonidx"": ""7116"", ""protcarbonidx"": ""3474"", ""reschain"": ""D"", ""reschain_lig"": ""Z"", ""resnr"": ""102"", ""resnr_lig"": ""1"", ""restype"": ""ASN"", ""restype_lig"": ""LIG""}",319,alpha2,BZD_SITE_103,mapped_global_sequence_alignment,global sequence alignment (Biopython PairwiseAligner) + PDB residue lookup,ASN,False,ASN
alprazolam,alpha2_beta3_gamma2_local_9CTJ,5,hydrophobic_interaction,155,D,"{""dist"": ""3.71"", ""id"": ""5"", ""ligcarbonidx"": ""7117"", ""protcarbonidx"": ""3891"", ""reschain"": ""D"", ""reschain_lig"": ""Z"", ""resnr"": ""155"", ""resnr_lig"": ""1"", ""restype"": ""LYS"", ""restype_lig"": ""LIG""}",320,alpha2,BZD_SITE_156,mapped_global_sequence_alignment,global sequence alignment (Biopython PairwiseAligner) + PDB residue lookup,LYS,False,LYS
alprazolam,alpha2_beta3_gamma2_local_9CTJ,5,hydrophobic_interaction,202,D,"{""dist"": ""3.77"", ""id"": ""6"", ""ligcarbonidx"": ""7099"", ""protcarbonidx"": ""4260"", ""reschain"": ""D"", ""reschain_lig"": ""Z"", ""resnr"": ""202"", ""resnr_lig"": ""1"", ""restype"": ""ILE"", ""restype_lig"": ""LIG""}",321,alpha2,BZD_SITE_203,mapped_global_sequence_alignment,global sequence alignment (Biopython PairwiseAligner) + PDB residue lookup,ILE,False,ILE
alprazolam,alpha2_beta3_gamma2_local_9CTJ,5,hydrogen_bond,195,E,"{""acceptoridx"": ""7119"", ""acceptortype"": ""N2"", ""dist_d-a"": ""3.83"", ""dist_h-a"": ""3.09"", ""don_angle"": ""133.54"", ""donoridx"": ""6786"", ""donortype"": ""O3"", ""id"": ""1"", ""protisdon"": ""True"", ""reschain"": ""E"", ""reschain_lig"": ""Z"", ""resnr"": ""195"", ""resnr_lig"": ""1"", ""restype"": ""SER"", ""restype_lig"": ""LIG"", ""sidechain"": ""True""}",322,alpha2,BZD_GAMMA2_195,mapped_gamma2_sequence_alignment,global sequence alignment (Biopython PairwiseAligner) + PDB residue lookup,SER,False,SER
alprazolam,alpha2_beta3_gamma2_local_9CTJ,6,hydrophobic_interaction,60,E,"{""dist"": ""3.25"", ""id"": ""1"", ""ligcarbonidx"": ""7099"", ""protcarbonidx"": ""5653"", ""reschain"": ""E"", ""reschain_lig"": ""Z"", ""resnr"": ""60"", ""resnr_lig"": ""1"", ""restype"": ""ASN"", ""restype_lig"": ""LIG""}",323,alpha2,BZD_GAMMA2_060,mapped_gamma2_sequence_alignment,global sequence alignment (Biopython PairwiseAligner) + PDB residue lookup,ASN,False,ASN
alprazolam,alpha2_beta3_gamma2_local_9CTJ,6,hydrophobic_interaction,77,E,"{""dist"": ""3.48"", ""id"": ""2"", ""ligcarbonidx"": ""7109"", ""protcarbonidx"": ""5787"", ""reschain"": ""E"", ""reschain_lig"": ""Z"", ""resnr"": ""77"", ""resnr_lig"": ""1"", ""restype"": ""PHE"", ""restype_lig"": ""LIG""}",324,alpha2,BZD_GAMMA2_077,mapped_gamma2_sequence_alignment,global sequence alignment (Biopython PairwiseAligner) + PDB residue lookup,PHE,False,PHE
alprazolam,alpha2_beta3_gamma2_local_9CTJ,6,hydrophobic_interaction,202,D,"{""dist"": ""3.59"", ""id"": ""3"", ""ligcarbonidx"": ""7114"", ""protcarbonidx"": ""4261"", ""reschain"": ""D"", ""reschain_lig"": ""Z"", ""resnr"": ""202"", ""resnr_lig"": ""1"", ""restype"": ""ILE"", ""restype_lig"": ""LIG""}",325,alpha2,BZD_SITE_203,mapped_global_sequence_alignment,global sequence alignment (Biopython PairwiseAligner) + PDB residue lookup,ILE,False,ILE
alprazolam,alpha2_beta3_gamma2_local_9CTJ,6,pi_stack,101,D,"{""angle"": ""65.29"", ""centdist"": ""4.81"", ""id"": ""1"", ""offset"": ""1.84"", ""reschain"": ""D"", ""reschain_lig"": ""Z"", ""resnr"": ""101"", ""resnr_lig"": ""1"", ""restype"": ""HIS"", ""restype_lig"": ""LIG"", ""type"": ""T""}",326,alpha2,BZD_SITE_102,mapped_global_sequence_alignment,global sequence alignment (Biopython PairwiseAligner) + PDB residue lookup,HIS,False,HIS
alprazolam,alpha2_beta3_gamma2_local_9CTJ,7,hydrophobic_interaction,58,E,"{""dist"": ""3.69"", ""id"": ""1"", ""ligcarbonidx"": ""7110"", ""protcarbonidx"": ""5639"", ""reschain"": ""E"", ""reschain_lig"": ""Z"", ""resnr"": ""58"", ""resnr_lig"": ""1"", ""restype"": ""TYR"", ""restype_lig"": ""LIG""}",327,alpha2,BZD_GAMMA2_058,mapped_gamma2_sequence_alignment,global sequence alignment (Biopython PairwiseAligner) + PDB residue lookup,TYR,False,TYR
alprazolam,alpha2_beta3_gamma2_local_9CTJ,7,hydrophobic_interaction,77,E,"{""dist"": ""3.47"", ""id"": ""2"", ""ligcarbonidx"": ""7114"", ""protcarbonidx"": ""5787"", ""reschain"": ""E"", ""reschain_lig"": ""Z"", ""resnr"": ""77"", ""resnr_lig"": ""1"", ""restype"": ""PHE"", ""restype_lig"": ""LIG""}",328,alpha2,BZD_GAMMA2_077,mapped_gamma2_sequence_alignment,global sequence alignment (Biopython PairwiseAligner) + PDB residue lookup,PHE,False,PHE
alprazolam,alpha2_beta3_gamma2_local_9CTJ,7,hydrophobic_interaction,99,D,"{""dist"": ""3.67"", ""id"": ""3"", ""ligcarbonidx"": ""7115"", ""protcarbonidx"": ""3448"", ""reschain"": ""D"", ""reschain_lig"": ""Z"", ""resnr"": ""99"", ""resnr_lig"": ""1"", ""restype"": ""PHE"", ""restype_lig"": ""LIG""}",329,alpha2,BZD_SITE_100,mapped_global_sequence_alignment,global sequence alignment (Biopython PairwiseAligner) + PDB residue lookup,PHE,False,PHE
alprazolam,alpha2_beta3_gamma2_local_9CTJ,7,hydrophobic_interaction,202,D,"{""dist"": ""3.18"", ""id"": ""4"", ""ligcarbonidx"": ""7118"", ""protcarbonidx"": ""4260"", ""reschain"": ""D"", ""reschain_lig"": ""Z"", ""resnr"": ""202"", ""resnr_lig"": ""1"", ""restype"": ""ILE"", ""restype_lig"": ""LIG""}",330,alpha2,BZD_SITE_203,mapped_global_sequence_alignment,global sequence alignment (Biopython PairwiseAligner) + PDB residue lookup,ILE,False,ILE
alprazolam,alpha2_beta3_gamma2_local_9CTJ,7,hydrophobic_interaction,202,D,"{""dist"": ""3.34"", ""id"": ""5"", ""ligcarbonidx"": ""7099"", ""protcarbonidx"": ""4261"", ""reschain"": ""D"", ""reschain_lig"": ""Z"", ""resnr"": ""202"", ""resnr_lig"": ""1"", ""restype"": ""ILE"", ""restype_lig"": ""LIG""}",331,alpha2,BZD_SITE_203,mapped_global_sequence_alignment,global sequence alignment (Biopython PairwiseAligner) + PDB residue lookup,ILE,False,ILE
alprazolam,alpha2_beta3_gamma2_local_9CTJ,7,hydrophobic_interaction,209,D,"{""dist"": ""3.39"", ""id"": ""6"", ""ligcarbonidx"": ""7117"", ""protcarbonidx"": ""4310"", ""reschain"": ""D"", ""reschain_lig"": ""Z"", ""resnr"": ""209"", ""resnr_lig"": ""1"", ""restype"": ""TYR"", ""restype_lig"": ""LIG""}",332,alpha2,BZD_SITE_210,mapped_global_sequence_alignment,global sequence alignment (Biopython PairwiseAligner) + PDB residue lookup,TYR,False,TYR
alprazolam,alpha2_beta3_gamma2_local_9CTJ,8,hydrophobic_interaction,60,E,"{""dist"": ""3.99"", ""id"": ""1"", ""ligcarbonidx"": ""7114"", ""protcarbonidx"": ""5653"", ""reschain"": ""E"", ""reschain_lig"": ""Z"", ""resnr"": ""60"", ""resnr_lig"": ""1"", ""restype"": ""ASN"", ""restype_lig"": ""LIG""}",333,alpha2,BZD_GAMMA2_060,mapped_gamma2_sequence_alignment,global sequence alignment (Biopython PairwiseAligner) + PDB residue lookup,ASN,False,ASN
alprazolam,alpha2_beta3_gamma2_local_9CTJ,8,hydrophobic_interaction,155,D,"{""dist"": ""3.47"", ""id"": ""2"", ""ligcarbonidx"": ""7109"", ""protcarbonidx"": ""3891"", ""reschain"": ""D"", ""reschain_lig"": ""Z"", ""resnr"": ""155"", ""resnr_lig"": ""1"", ""restype"": ""LYS"", ""restype_lig"": ""LIG""}",334,alpha2,BZD_SITE_156,mapped_global_sequence_alignment,global sequence alignment (Biopython PairwiseAligner) + PDB residue lookup,LYS,False,LYS
alprazolam,alpha2_beta3_gamma2_local_9CTJ,8,hydrophobic_interaction,202,D,"{""dist"": ""3.57"", ""id"": ""3"", ""ligcarbonidx"": ""7106"", ""protcarbonidx"": ""4261"", ""reschain"": ""D"", ""reschain_lig"": ""Z"", ""resnr"": ""202"", ""resnr_lig"": ""1"", ""restype"": ""ILE"", ""restype_lig"": ""LIG""}",335,alpha2,BZD_SITE_203,mapped_global_sequence_alignment,global sequence alignment (Biopython PairwiseAligner) + PDB residue lookup,ILE,False,ILE
alprazolam,alpha2_beta3_gamma2_local_9CTJ,9,hydrophobic_interaction,60,E,"{""dist"": ""3.58"", ""id"": ""1"", ""ligcarbonidx"": ""7115"", ""protcarbonidx"": ""5653"", ""reschain"": ""E"", ""reschain_lig"": ""Z"", ""resnr"": ""60"", ""resnr_lig"": ""1"", ""restype"": ""ASN"", ""restype_lig"": ""LIG""}",336,alpha2,BZD_GAMMA2_060,mapped_gamma2_sequence_alignment,global sequence alignment (Biopython PairwiseAligner) + PDB residue lookup,ASN,False,ASN
alprazolam,alpha2_beta3_gamma2_local_9CTJ,9,hydrophobic_interaction,153,D,"{""dist"": ""3.82"", ""id"": ""2"", ""ligcarbonidx"": ""7109"", ""protcarbonidx"": ""3875"", ""reschain"": ""D"", ""reschain_lig"": ""Z"", ""resnr"": ""153"", ""resnr_lig"": ""1"", ""restype"": ""PRO"", ""restype_lig"": ""LIG""}",337,alpha2,BZD_SITE_154,mapped_global_sequence_alignment,global sequence alignment (Biopython PairwiseAligner) + PDB residue lookup,PRO,False,PRO
alprazolam,alpha2_beta3_gamma2_local_9CTJ,9,hydrophobic_interaction,155,D,"{""dist"": ""3.65"", ""id"": ""3"", ""ligcarbonidx"": ""7108"", ""protcarbonidx"": ""3891"", ""reschain"": ""D"", ""reschain_lig"": ""Z"", ""resnr"": ""155"", ""resnr_lig"": ""1"", ""restype"": ""LYS"", ""restype_lig"": ""LIG""}",338,alpha2,BZD_SITE_156,mapped_global_sequence_alignment,global sequence alignment (Biopython PairwiseAligner) + PDB residue lookup,LYS,False,LYS
