drug_id,receptor,seed,started_at,finished_at,returncode,n_poses,status,receptor_sha256,ligand_sha256,command,output_sha256
diazepam,alpha1,2026091901,2026-09-19T07:26:27.524165+09:00,2026-09-19T07:26:33.597314+09:00,0,9,success,1089f81e8bbc900a2522d34c5ed65a11c35f3c8046954386dafde623056a806a,7fc847e735c8de8c9520058b03d47a7dbe413812aacbebc1966073252cc4d13f,"[""/opt/homebrew/bin/vina"", ""--receptor"", ""/Users/k-atsumi/Documents/Codex/2026-09-18/github-readme-final-report-csv-git/work/repository/runs/20260919_0724_10drug_standardized_redocking/raw/receptors/alpha1.pdbqt"", ""--ligand"", ""/Users/k-atsumi/Documents/Codex/2026-09-18/github-readme-final-report-csv-git/work/repository/runs/20260919_0724_10drug_standardized_redocking/raw/ligands/diazepam.pdbqt"", ""--out"", ""/Users/k-atsumi/Documents/Codex/2026-09-18/github-readme-final-report-csv-git/work/standardized_redocking/jobs/diazepam/alpha1/2026091901/poses.pdbqt"", ""--center_x"", ""117.44499969482422"", ""--center_y"", ""157.46474990844726"", ""--center_z"", ""110.48740043640137"", ""--size_x"", ""20.0"", ""--size_y"", ""20.0"", ""--size_z"", ""20.0"", ""--exhaustiveness"", ""8"", ""--num_modes"", ""9"", ""--energy_range"", ""4"", ""--cpu"", ""1"", ""--min_rmsd"", ""1.0"", ""--scoring"", ""vina"", ""--seed"", ""2026091901""]",7c721834305bf82efd117d7106c6be989dc14d09d9dbef6fb9c9dfb87fcb75bf
diazepam,alpha1,2026091902,2026-09-19T07:26:27.525229+09:00,2026-09-19T07:26:33.523244+09:00,0,9,success,1089f81e8bbc900a2522d34c5ed65a11c35f3c8046954386dafde623056a806a,7fc847e735c8de8c9520058b03d47a7dbe413812aacbebc1966073252cc4d13f,"[""/opt/homebrew/bin/vina"", ""--receptor"", ""/Users/k-atsumi/Documents/Codex/2026-09-18/github-readme-final-report-csv-git/work/repository/runs/20260919_0724_10drug_standardized_redocking/raw/receptors/alpha1.pdbqt"", ""--ligand"", ""/Users/k-atsumi/Documents/Codex/2026-09-18/github-readme-final-report-csv-git/work/repository/runs/20260919_0724_10drug_standardized_redocking/raw/ligands/diazepam.pdbqt"", ""--out"", ""/Users/k-atsumi/Documents/Codex/2026-09-18/github-readme-final-report-csv-git/work/standardized_redocking/jobs/diazepam/alpha1/2026091902/poses.pdbqt"", ""--center_x"", ""117.44499969482422"", ""--center_y"", ""157.46474990844726"", ""--center_z"", ""110.48740043640137"", ""--size_x"", ""20.0"", ""--size_y"", ""20.0"", ""--size_z"", ""20.0"", ""--exhaustiveness"", ""8"", ""--num_modes"", ""9"", ""--energy_range"", ""4"", ""--cpu"", ""1"", ""--min_rmsd"", ""1.0"", ""--scoring"", ""vina"", ""--seed"", ""2026091902""]",6112b0cafbea1fc4f3a221249de0bee208a253d3af11cb9b857d3ce6120814cd
diazepam,alpha1,2026091903,2026-09-19T07:26:27.527753+09:00,2026-09-19T07:26:33.585529+09:00,0,9,success,1089f81e8bbc900a2522d34c5ed65a11c35f3c8046954386dafde623056a806a,7fc847e735c8de8c9520058b03d47a7dbe413812aacbebc1966073252cc4d13f,"[""/opt/homebrew/bin/vina"", ""--receptor"", ""/Users/k-atsumi/Documents/Codex/2026-09-18/github-readme-final-report-csv-git/work/repository/runs/20260919_0724_10drug_standardized_redocking/raw/receptors/alpha1.pdbqt"", ""--ligand"", ""/Users/k-atsumi/Documents/Codex/2026-09-18/github-readme-final-report-csv-git/work/repository/runs/20260919_0724_10drug_standardized_redocking/raw/ligands/diazepam.pdbqt"", ""--out"", ""/Users/k-atsumi/Documents/Codex/2026-09-18/github-readme-final-report-csv-git/work/standardized_redocking/jobs/diazepam/alpha1/2026091903/poses.pdbqt"", ""--center_x"", ""117.44499969482422"", ""--center_y"", ""157.46474990844726"", ""--center_z"", ""110.48740043640137"", ""--size_x"", ""20.0"", ""--size_y"", ""20.0"", ""--size_z"", ""20.0"", ""--exhaustiveness"", ""8"", ""--num_modes"", ""9"", ""--energy_range"", ""4"", ""--cpu"", ""1"", ""--min_rmsd"", ""1.0"", ""--scoring"", ""vina"", ""--seed"", ""2026091903""]",0e91ffa482590ec9f9c2fa537cb983530101623642ac84d82352de6eeead8016
diazepam,alpha1,2026091904,2026-09-19T07:26:27.522462+09:00,2026-09-19T07:26:33.599394+09:00,0,9,success,1089f81e8bbc900a2522d34c5ed65a11c35f3c8046954386dafde623056a806a,7fc847e735c8de8c9520058b03d47a7dbe413812aacbebc1966073252cc4d13f,"[""/opt/homebrew/bin/vina"", ""--receptor"", ""/Users/k-atsumi/Documents/Codex/2026-09-18/github-readme-final-report-csv-git/work/repository/runs/20260919_0724_10drug_standardized_redocking/raw/receptors/alpha1.pdbqt"", ""--ligand"", ""/Users/k-atsumi/Documents/Codex/2026-09-18/github-readme-final-report-csv-git/work/repository/runs/20260919_0724_10drug_standardized_redocking/raw/ligands/diazepam.pdbqt"", ""--out"", ""/Users/k-atsumi/Documents/Codex/2026-09-18/github-readme-final-report-csv-git/work/standardized_redocking/jobs/diazepam/alpha1/2026091904/poses.pdbqt"", ""--center_x"", ""117.44499969482422"", ""--center_y"", ""157.46474990844726"", ""--center_z"", ""110.48740043640137"", ""--size_x"", ""20.0"", ""--size_y"", ""20.0"", ""--size_z"", ""20.0"", ""--exhaustiveness"", ""8"", ""--num_modes"", ""9"", ""--energy_range"", ""4"", ""--cpu"", ""1"", ""--min_rmsd"", ""1.0"", ""--scoring"", ""vina"", ""--seed"", ""2026091904""]",449845d96e94ff6b5ba4190e273d7a2ddc8f4319b01d076af46094862051581c
diazepam,alpha1,2026091905,2026-09-19T07:26:33.526494+09:00,2026-09-19T07:26:39.717524+09:00,0,9,success,1089f81e8bbc900a2522d34c5ed65a11c35f3c8046954386dafde623056a806a,7fc847e735c8de8c9520058b03d47a7dbe413812aacbebc1966073252cc4d13f,"[""/opt/homebrew/bin/vina"", ""--receptor"", ""/Users/k-atsumi/Documents/Codex/2026-09-18/github-readme-final-report-csv-git/work/repository/runs/20260919_0724_10drug_standardized_redocking/raw/receptors/alpha1.pdbqt"", ""--ligand"", ""/Users/k-atsumi/Documents/Codex/2026-09-18/github-readme-final-report-csv-git/work/repository/runs/20260919_0724_10drug_standardized_redocking/raw/ligands/diazepam.pdbqt"", ""--out"", ""/Users/k-atsumi/Documents/Codex/2026-09-18/github-readme-final-report-csv-git/work/standardized_redocking/jobs/diazepam/alpha1/2026091905/poses.pdbqt"", ""--center_x"", ""117.44499969482422"", ""--center_y"", ""157.46474990844726"", ""--center_z"", ""110.48740043640137"", ""--size_x"", ""20.0"", ""--size_y"", ""20.0"", ""--size_z"", ""20.0"", ""--exhaustiveness"", ""8"", ""--num_modes"", ""9"", ""--energy_range"", ""4"", ""--cpu"", ""1"", ""--min_rmsd"", ""1.0"", ""--scoring"", ""vina"", ""--seed"", ""2026091905""]",d723c44be1583e254703352c34d9a58cc313d9642a8eab66f00bde9b23166668
diazepam,alpha2,2026091901,2026-09-19T07:26:33.588816+09:00,2026-09-19T07:26:39.815230+09:00,0,9,success,c3bcd380238909d2b6c7cabc56ab6cb69e4f80613e7640cf760aa1f4a737ab87,7fc847e735c8de8c9520058b03d47a7dbe413812aacbebc1966073252cc4d13f,"[""/opt/homebrew/bin/vina"", ""--receptor"", ""/Users/k-atsumi/Documents/Codex/2026-09-18/github-readme-final-report-csv-git/work/repository/runs/20260919_0724_10drug_standardized_redocking/raw/receptors/alpha2.pdbqt"", ""--ligand"", ""/Users/k-atsumi/Documents/Codex/2026-09-18/github-readme-final-report-csv-git/work/repository/runs/20260919_0724_10drug_standardized_redocking/raw/ligands/diazepam.pdbqt"", ""--out"", ""/Users/k-atsumi/Documents/Codex/2026-09-18/github-readme-final-report-csv-git/work/standardized_redocking/jobs/diazepam/alpha2/2026091901/poses.pdbqt"", ""--center_x"", ""143.42579952820148"", ""--center_y"", ""96.86254491988079"", ""--center_z"", ""139.9939981778101"", ""--size_x"", ""20.0"", ""--size_y"", ""20.0"", ""--size_z"", ""20.0"", ""--exhaustiveness"", ""8"", ""--num_modes"", ""9"", ""--energy_range"", ""4"", ""--cpu"", ""1"", ""--min_rmsd"", ""1.0"", ""--scoring"", ""vina"", ""--seed"", ""2026091901""]",a9aec37adf92854351c2320326fc1d5789c05e83c0d0b45570d99a0565617317
diazepam,alpha2,2026091902,2026-09-19T07:26:33.600493+09:00,2026-09-19T07:26:39.798075+09:00,0,9,success,c3bcd380238909d2b6c7cabc56ab6cb69e4f80613e7640cf760aa1f4a737ab87,7fc847e735c8de8c9520058b03d47a7dbe413812aacbebc1966073252cc4d13f,"[""/opt/homebrew/bin/vina"", ""--receptor"", ""/Users/k-atsumi/Documents/Codex/2026-09-18/github-readme-final-report-csv-git/work/repository/runs/20260919_0724_10drug_standardized_redocking/raw/receptors/alpha2.pdbqt"", ""--ligand"", ""/Users/k-atsumi/Documents/Codex/2026-09-18/github-readme-final-report-csv-git/work/repository/runs/20260919_0724_10drug_standardized_redocking/raw/ligands/diazepam.pdbqt"", ""--out"", ""/Users/k-atsumi/Documents/Codex/2026-09-18/github-readme-final-report-csv-git/work/standardized_redocking/jobs/diazepam/alpha2/2026091902/poses.pdbqt"", ""--center_x"", ""143.42579952820148"", ""--center_y"", ""96.86254491988079"", ""--center_z"", ""139.9939981778101"", ""--size_x"", ""20.0"", ""--size_y"", ""20.0"", ""--size_z"", ""20.0"", ""--exhaustiveness"", ""8"", ""--num_modes"", ""9"", ""--energy_range"", ""4"", ""--cpu"", ""1"", ""--min_rmsd"", ""1.0"", ""--scoring"", ""vina"", ""--seed"", ""2026091902""]",b076f0b29ce3e861683e915b66598d5df8138ccba92231a5fe4a817f7137b321
diazepam,alpha2,2026091903,2026-09-19T07:26:33.603518+09:00,2026-09-19T07:26:39.850674+09:00,0,9,success,c3bcd380238909d2b6c7cabc56ab6cb69e4f80613e7640cf760aa1f4a737ab87,7fc847e735c8de8c9520058b03d47a7dbe413812aacbebc1966073252cc4d13f,"[""/opt/homebrew/bin/vina"", ""--receptor"", ""/Users/k-atsumi/Documents/Codex/2026-09-18/github-readme-final-report-csv-git/work/repository/runs/20260919_0724_10drug_standardized_redocking/raw/receptors/alpha2.pdbqt"", ""--ligand"", ""/Users/k-atsumi/Documents/Codex/2026-09-18/github-readme-final-report-csv-git/work/repository/runs/20260919_0724_10drug_standardized_redocking/raw/ligands/diazepam.pdbqt"", ""--out"", ""/Users/k-atsumi/Documents/Codex/2026-09-18/github-readme-final-report-csv-git/work/standardized_redocking/jobs/diazepam/alpha2/2026091903/poses.pdbqt"", ""--center_x"", ""143.42579952820148"", ""--center_y"", ""96.86254491988079"", ""--center_z"", ""139.9939981778101"", ""--size_x"", ""20.0"", ""--size_y"", ""20.0"", ""--size_z"", ""20.0"", ""--exhaustiveness"", ""8"", ""--num_modes"", ""9"", ""--energy_range"", ""4"", ""--cpu"", ""1"", ""--min_rmsd"", ""1.0"", ""--scoring"", ""vina"", ""--seed"", ""2026091903""]",da2ce0948f9fb13f1998cc0e3003d0f8e28b8d53f2b9fdc5b27937916ac7e819
diazepam,alpha2,2026091904,2026-09-19T07:26:39.720059+09:00,2026-09-19T07:26:45.893355+09:00,0,9,success,c3bcd380238909d2b6c7cabc56ab6cb69e4f80613e7640cf760aa1f4a737ab87,7fc847e735c8de8c9520058b03d47a7dbe413812aacbebc1966073252cc4d13f,"[""/opt/homebrew/bin/vina"", ""--receptor"", ""/Users/k-atsumi/Documents/Codex/2026-09-18/github-readme-final-report-csv-git/work/repository/runs/20260919_0724_10drug_standardized_redocking/raw/receptors/alpha2.pdbqt"", ""--ligand"", ""/Users/k-atsumi/Documents/Codex/2026-09-18/github-readme-final-report-csv-git/work/repository/runs/20260919_0724_10drug_standardized_redocking/raw/ligands/diazepam.pdbqt"", ""--out"", ""/Users/k-atsumi/Documents/Codex/2026-09-18/github-readme-final-report-csv-git/work/standardized_redocking/jobs/diazepam/alpha2/2026091904/poses.pdbqt"", ""--center_x"", ""143.42579952820148"", ""--center_y"", ""96.86254491988079"", ""--center_z"", ""139.9939981778101"", ""--size_x"", ""20.0"", ""--size_y"", ""20.0"", ""--size_z"", ""20.0"", ""--exhaustiveness"", ""8"", ""--num_modes"", ""9"", ""--energy_range"", ""4"", ""--cpu"", ""1"", ""--min_rmsd"", ""1.0"", ""--scoring"", ""vina"", ""--seed"", ""2026091904""]",10a8e3630d6ec7b513f812ab20459414e09da6aa30294363945d214d1003ed0a
diazepam,alpha2,2026091905,2026-09-19T07:26:39.800197+09:00,2026-09-19T07:26:45.952214+09:00,0,9,success,c3bcd380238909d2b6c7cabc56ab6cb69e4f80613e7640cf760aa1f4a737ab87,7fc847e735c8de8c9520058b03d47a7dbe413812aacbebc1966073252cc4d13f,"[""/opt/homebrew/bin/vina"", ""--receptor"", ""/Users/k-atsumi/Documents/Codex/2026-09-18/github-readme-final-report-csv-git/work/repository/runs/20260919_0724_10drug_standardized_redocking/raw/receptors/alpha2.pdbqt"", ""--ligand"", ""/Users/k-atsumi/Documents/Codex/2026-09-18/github-readme-final-report-csv-git/work/repository/runs/20260919_0724_10drug_standardized_redocking/raw/ligands/diazepam.pdbqt"", ""--out"", ""/Users/k-atsumi/Documents/Codex/2026-09-18/github-readme-final-report-csv-git/work/standardized_redocking/jobs/diazepam/alpha2/2026091905/poses.pdbqt"", ""--center_x"", ""143.42579952820148"", ""--center_y"", ""96.86254491988079"", ""--center_z"", ""139.9939981778101"", ""--size_x"", ""20.0"", ""--size_y"", ""20.0"", ""--size_z"", ""20.0"", ""--exhaustiveness"", ""8"", ""--num_modes"", ""9"", ""--energy_range"", ""4"", ""--cpu"", ""1"", ""--min_rmsd"", ""1.0"", ""--scoring"", ""vina"", ""--seed"", ""2026091905""]",ffa2a0f307f9231f5f6330766d4dcdf3a9d70983c65fa93069d377d7558515ed
alprazolam,alpha1,2026091901,2026-09-19T07:26:39.818012+09:00,2026-09-19T07:26:46.423439+09:00,0,8,success,1089f81e8bbc900a2522d34c5ed65a11c35f3c8046954386dafde623056a806a,bd2fbb8eb21a0c129e8ba468b82cd703173902b923d5b8f17c4c61b5696d7102,"[""/opt/homebrew/bin/vina"", ""--receptor"", ""/Users/k-atsumi/Documents/Codex/2026-09-18/github-readme-final-report-csv-git/work/repository/runs/20260919_0724_10drug_standardized_redocking/raw/receptors/alpha1.pdbqt"", ""--ligand"", ""/Users/k-atsumi/Documents/Codex/2026-09-18/github-readme-final-report-csv-git/work/repository/runs/20260919_0724_10drug_standardized_redocking/raw/ligands/alprazolam.pdbqt"", ""--out"", ""/Users/k-atsumi/Documents/Codex/2026-09-18/github-readme-final-report-csv-git/work/standardized_redocking/jobs/alprazolam/alpha1/2026091901/poses.pdbqt"", ""--center_x"", ""117.44499969482422"", ""--center_y"", ""157.46474990844726"", ""--center_z"", ""110.48740043640137"", ""--size_x"", ""20.0"", ""--size_y"", ""20.0"", ""--size_z"", ""20.0"", ""--exhaustiveness"", ""8"", ""--num_modes"", ""9"", ""--energy_range"", ""4"", ""--cpu"", ""1"", ""--min_rmsd"", ""1.0"", ""--scoring"", ""vina"", ""--seed"", ""2026091901""]",7bc901d1e6595a0e248bd397d8072eac2dcc43dbd226effb907eab33d12aeb51
alprazolam,alpha1,2026091902,2026-09-19T07:26:39.853855+09:00,2026-09-19T07:26:46.311086+09:00,0,7,success,1089f81e8bbc900a2522d34c5ed65a11c35f3c8046954386dafde623056a806a,bd2fbb8eb21a0c129e8ba468b82cd703173902b923d5b8f17c4c61b5696d7102,"[""/opt/homebrew/bin/vina"", ""--receptor"", ""/Users/k-atsumi/Documents/Codex/2026-09-18/github-readme-final-report-csv-git/work/repository/runs/20260919_0724_10drug_standardized_redocking/raw/receptors/alpha1.pdbqt"", ""--ligand"", ""/Users/k-atsumi/Documents/Codex/2026-09-18/github-readme-final-report-csv-git/work/repository/runs/20260919_0724_10drug_standardized_redocking/raw/ligands/alprazolam.pdbqt"", ""--out"", ""/Users/k-atsumi/Documents/Codex/2026-09-18/github-readme-final-report-csv-git/work/standardized_redocking/jobs/alprazolam/alpha1/2026091902/poses.pdbqt"", ""--center_x"", ""117.44499969482422"", ""--center_y"", ""157.46474990844726"", ""--center_z"", ""110.48740043640137"", ""--size_x"", ""20.0"", ""--size_y"", ""20.0"", ""--size_z"", ""20.0"", ""--exhaustiveness"", ""8"", ""--num_modes"", ""9"", ""--energy_range"", ""4"", ""--cpu"", ""1"", ""--min_rmsd"", ""1.0"", ""--scoring"", ""vina"", ""--seed"", ""2026091902""]",72bd3baa3b4e3a6a5c9b6229bd8564734a57e04e288de2b7d74bf243fe23565a
alprazolam,alpha1,2026091903,2026-09-19T07:26:45.895496+09:00,2026-09-19T07:26:52.701351+09:00,0,7,success,1089f81e8bbc900a2522d34c5ed65a11c35f3c8046954386dafde623056a806a,bd2fbb8eb21a0c129e8ba468b82cd703173902b923d5b8f17c4c61b5696d7102,"[""/opt/homebrew/bin/vina"", ""--receptor"", ""/Users/k-atsumi/Documents/Codex/2026-09-18/github-readme-final-report-csv-git/work/repository/runs/20260919_0724_10drug_standardized_redocking/raw/receptors/alpha1.pdbqt"", ""--ligand"", ""/Users/k-atsumi/Documents/Codex/2026-09-18/github-readme-final-report-csv-git/work/repository/runs/20260919_0724_10drug_standardized_redocking/raw/ligands/alprazolam.pdbqt"", ""--out"", ""/Users/k-atsumi/Documents/Codex/2026-09-18/github-readme-final-report-csv-git/work/standardized_redocking/jobs/alprazolam/alpha1/2026091903/poses.pdbqt"", ""--center_x"", ""117.44499969482422"", ""--center_y"", ""157.46474990844726"", ""--center_z"", ""110.48740043640137"", ""--size_x"", ""20.0"", ""--size_y"", ""20.0"", ""--size_z"", ""20.0"", ""--exhaustiveness"", ""8"", ""--num_modes"", ""9"", ""--energy_range"", ""4"", ""--cpu"", ""1"", ""--min_rmsd"", ""1.0"", ""--scoring"", ""vina"", ""--seed"", ""2026091903""]",dc4215ffe0db0cc701055ae9748d016aecb7873d8d94ea4ba2db849c3f2e69db
alprazolam,alpha1,2026091904,2026-09-19T07:26:45.954237+09:00,2026-09-19T07:26:52.826787+09:00,0,7,success,1089f81e8bbc900a2522d34c5ed65a11c35f3c8046954386dafde623056a806a,bd2fbb8eb21a0c129e8ba468b82cd703173902b923d5b8f17c4c61b5696d7102,"[""/opt/homebrew/bin/vina"", ""--receptor"", ""/Users/k-atsumi/Documents/Codex/2026-09-18/github-readme-final-report-csv-git/work/repository/runs/20260919_0724_10drug_standardized_redocking/raw/receptors/alpha1.pdbqt"", ""--ligand"", ""/Users/k-atsumi/Documents/Codex/2026-09-18/github-readme-final-report-csv-git/work/repository/runs/20260919_0724_10drug_standardized_redocking/raw/ligands/alprazolam.pdbqt"", ""--out"", ""/Users/k-atsumi/Documents/Codex/2026-09-18/github-readme-final-report-csv-git/work/standardized_redocking/jobs/alprazolam/alpha1/2026091904/poses.pdbqt"", ""--center_x"", ""117.44499969482422"", ""--center_y"", ""157.46474990844726"", ""--center_z"", ""110.48740043640137"", ""--size_x"", ""20.0"", ""--size_y"", ""20.0"", ""--size_z"", ""20.0"", ""--exhaustiveness"", ""8"", ""--num_modes"", ""9"", ""--energy_range"", ""4"", ""--cpu"", ""1"", ""--min_rmsd"", ""1.0"", ""--scoring"", ""vina"", ""--seed"", ""2026091904""]",3cfcfa96923c0bec92473fbbdcf556f36d4bd14d76e32a2eef93b3ed1613ec59
alprazolam,alpha1,2026091905,2026-09-19T07:26:46.313779+09:00,2026-09-19T07:26:53.209554+09:00,0,6,success,1089f81e8bbc900a2522d34c5ed65a11c35f3c8046954386dafde623056a806a,bd2fbb8eb21a0c129e8ba468b82cd703173902b923d5b8f17c4c61b5696d7102,"[""/opt/homebrew/bin/vina"", ""--receptor"", ""/Users/k-atsumi/Documents/Codex/2026-09-18/github-readme-final-report-csv-git/work/repository/runs/20260919_0724_10drug_standardized_redocking/raw/receptors/alpha1.pdbqt"", ""--ligand"", ""/Users/k-atsumi/Documents/Codex/2026-09-18/github-readme-final-report-csv-git/work/repository/runs/20260919_0724_10drug_standardized_redocking/raw/ligands/alprazolam.pdbqt"", ""--out"", ""/Users/k-atsumi/Documents/Codex/2026-09-18/github-readme-final-report-csv-git/work/standardized_redocking/jobs/alprazolam/alpha1/2026091905/poses.pdbqt"", ""--center_x"", ""117.44499969482422"", ""--center_y"", ""157.46474990844726"", ""--center_z"", ""110.48740043640137"", ""--size_x"", ""20.0"", ""--size_y"", ""20.0"", ""--size_z"", ""20.0"", ""--exhaustiveness"", ""8"", ""--num_modes"", ""9"", ""--energy_range"", ""4"", ""--cpu"", ""1"", ""--min_rmsd"", ""1.0"", ""--scoring"", ""vina"", ""--seed"", ""2026091905""]",33740d5ea2008baf15b457aafeceb6505e5cdece6a39dddee436f03030eac56b
alprazolam,alpha2,2026091901,2026-09-19T07:26:46.426250+09:00,2026-09-19T07:26:53.802001+09:00,0,9,success,c3bcd380238909d2b6c7cabc56ab6cb69e4f80613e7640cf760aa1f4a737ab87,bd2fbb8eb21a0c129e8ba468b82cd703173902b923d5b8f17c4c61b5696d7102,"[""/opt/homebrew/bin/vina"", ""--receptor"", ""/Users/k-atsumi/Documents/Codex/2026-09-18/github-readme-final-report-csv-git/work/repository/runs/20260919_0724_10drug_standardized_redocking/raw/receptors/alpha2.pdbqt"", ""--ligand"", ""/Users/k-atsumi/Documents/Codex/2026-09-18/github-readme-final-report-csv-git/work/repository/runs/20260919_0724_10drug_standardized_redocking/raw/ligands/alprazolam.pdbqt"", ""--out"", ""/Users/k-atsumi/Documents/Codex/2026-09-18/github-readme-final-report-csv-git/work/standardized_redocking/jobs/alprazolam/alpha2/2026091901/poses.pdbqt"", ""--center_x"", ""143.42579952820148"", ""--center_y"", ""96.86254491988079"", ""--center_z"", ""139.9939981778101"", ""--size_x"", ""20.0"", ""--size_y"", ""20.0"", ""--size_z"", ""20.0"", ""--exhaustiveness"", ""8"", ""--num_modes"", ""9"", ""--energy_range"", ""4"", ""--cpu"", ""1"", ""--min_rmsd"", ""1.0"", ""--scoring"", ""vina"", ""--seed"", ""2026091901""]",be0fe43e7f8bc9bd8c126ac03da4d29c64ced4dfaea475a4ce452f1db7d9e3e2
alprazolam,alpha2,2026091902,2026-09-19T07:26:52.704030+09:00,2026-09-19T07:27:00.411190+09:00,0,9,success,c3bcd380238909d2b6c7cabc56ab6cb69e4f80613e7640cf760aa1f4a737ab87,bd2fbb8eb21a0c129e8ba468b82cd703173902b923d5b8f17c4c61b5696d7102,"[""/opt/homebrew/bin/vina"", ""--receptor"", ""/Users/k-atsumi/Documents/Codex/2026-09-18/github-readme-final-report-csv-git/work/repository/runs/20260919_0724_10drug_standardized_redocking/raw/receptors/alpha2.pdbqt"", ""--ligand"", ""/Users/k-atsumi/Documents/Codex/2026-09-18/github-readme-final-report-csv-git/work/repository/runs/20260919_0724_10drug_standardized_redocking/raw/ligands/alprazolam.pdbqt"", ""--out"", ""/Users/k-atsumi/Documents/Codex/2026-09-18/github-readme-final-report-csv-git/work/standardized_redocking/jobs/alprazolam/alpha2/2026091902/poses.pdbqt"", ""--center_x"", ""143.42579952820148"", ""--center_y"", ""96.86254491988079"", ""--center_z"", ""139.9939981778101"", ""--size_x"", ""20.0"", ""--size_y"", ""20.0"", ""--size_z"", ""20.0"", ""--exhaustiveness"", ""8"", ""--num_modes"", ""9"", ""--energy_range"", ""4"", ""--cpu"", ""1"", ""--min_rmsd"", ""1.0"", ""--scoring"", ""vina"", ""--seed"", ""2026091902""]",9928e190504effcddd51e89048ddb7af1e427691372f882e9b7b11fb820da508
alprazolam,alpha2,2026091903,2026-09-19T07:26:52.829306+09:00,2026-09-19T07:27:00.522553+09:00,0,9,success,c3bcd380238909d2b6c7cabc56ab6cb69e4f80613e7640cf760aa1f4a737ab87,bd2fbb8eb21a0c129e8ba468b82cd703173902b923d5b8f17c4c61b5696d7102,"[""/opt/homebrew/bin/vina"", ""--receptor"", ""/Users/k-atsumi/Documents/Codex/2026-09-18/github-readme-final-report-csv-git/work/repository/runs/20260919_0724_10drug_standardized_redocking/raw/receptors/alpha2.pdbqt"", ""--ligand"", ""/Users/k-atsumi/Documents/Codex/2026-09-18/github-readme-final-report-csv-git/work/repository/runs/20260919_0724_10drug_standardized_redocking/raw/ligands/alprazolam.pdbqt"", ""--out"", ""/Users/k-atsumi/Documents/Codex/2026-09-18/github-readme-final-report-csv-git/work/standardized_redocking/jobs/alprazolam/alpha2/2026091903/poses.pdbqt"", ""--center_x"", ""143.42579952820148"", ""--center_y"", ""96.86254491988079"", ""--center_z"", ""139.9939981778101"", ""--size_x"", ""20.0"", ""--size_y"", ""20.0"", ""--size_z"", ""20.0"", ""--exhaustiveness"", ""8"", ""--num_modes"", ""9"", ""--energy_range"", ""4"", ""--cpu"", ""1"", ""--min_rmsd"", ""1.0"", ""--scoring"", ""vina"", ""--seed"", ""2026091903""]",f67118db3429943013f15cff2f325e1c26621608e92782d081f725709e9019df
alprazolam,alpha2,2026091904,2026-09-19T07:26:53.212131+09:00,2026-09-19T07:27:00.947348+09:00,0,9,success,c3bcd380238909d2b6c7cabc56ab6cb69e4f80613e7640cf760aa1f4a737ab87,bd2fbb8eb21a0c129e8ba468b82cd703173902b923d5b8f17c4c61b5696d7102,"[""/opt/homebrew/bin/vina"", ""--receptor"", ""/Users/k-atsumi/Documents/Codex/2026-09-18/github-readme-final-report-csv-git/work/repository/runs/20260919_0724_10drug_standardized_redocking/raw/receptors/alpha2.pdbqt"", ""--ligand"", ""/Users/k-atsumi/Documents/Codex/2026-09-18/github-readme-final-report-csv-git/work/repository/runs/20260919_0724_10drug_standardized_redocking/raw/ligands/alprazolam.pdbqt"", ""--out"", ""/Users/k-atsumi/Documents/Codex/2026-09-18/github-readme-final-report-csv-git/work/standardized_redocking/jobs/alprazolam/alpha2/2026091904/poses.pdbqt"", ""--center_x"", ""143.42579952820148"", ""--center_y"", ""96.86254491988079"", ""--center_z"", ""139.9939981778101"", ""--size_x"", ""20.0"", ""--size_y"", ""20.0"", ""--size_z"", ""20.0"", ""--exhaustiveness"", ""8"", ""--num_modes"", ""9"", ""--energy_range"", ""4"", ""--cpu"", ""1"", ""--min_rmsd"", ""1.0"", ""--scoring"", ""vina"", ""--seed"", ""2026091904""]",563c1c0db171132c526037d6774a926bde6e7e0afa09844249df8db5c6463c34
alprazolam,alpha2,2026091905,2026-09-19T07:26:53.804029+09:00,2026-09-19T07:27:01.405122+09:00,0,9,success,c3bcd380238909d2b6c7cabc56ab6cb69e4f80613e7640cf760aa1f4a737ab87,bd2fbb8eb21a0c129e8ba468b82cd703173902b923d5b8f17c4c61b5696d7102,"[""/opt/homebrew/bin/vina"", ""--receptor"", ""/Users/k-atsumi/Documents/Codex/2026-09-18/github-readme-final-report-csv-git/work/repository/runs/20260919_0724_10drug_standardized_redocking/raw/receptors/alpha2.pdbqt"", ""--ligand"", ""/Users/k-atsumi/Documents/Codex/2026-09-18/github-readme-final-report-csv-git/work/repository/runs/20260919_0724_10drug_standardized_redocking/raw/ligands/alprazolam.pdbqt"", ""--out"", ""/Users/k-atsumi/Documents/Codex/2026-09-18/github-readme-final-report-csv-git/work/standardized_redocking/jobs/alprazolam/alpha2/2026091905/poses.pdbqt"", ""--center_x"", ""143.42579952820148"", ""--center_y"", ""96.86254491988079"", ""--center_z"", ""139.9939981778101"", ""--size_x"", ""20.0"", ""--size_y"", ""20.0"", ""--size_z"", ""20.0"", ""--exhaustiveness"", ""8"", ""--num_modes"", ""9"", ""--energy_range"", ""4"", ""--cpu"", ""1"", ""--min_rmsd"", ""1.0"", ""--scoring"", ""vina"", ""--seed"", ""2026091905""]",24990ab35ac4148e61b9f1054811e1958e88ca87c7ec4b646d3c2eeb7f833abc
triazolam,alpha1,2026091901,2026-09-19T07:27:00.413402+09:00,2026-09-19T07:27:08.901767+09:00,0,9,success,1089f81e8bbc900a2522d34c5ed65a11c35f3c8046954386dafde623056a806a,f001f1fea9752a76e54e18a190013380fa7100fdaabbc0a867866d1ea8fa12bc,"[""/opt/homebrew/bin/vina"", ""--receptor"", ""/Users/k-atsumi/Documents/Codex/2026-09-18/github-readme-final-report-csv-git/work/repository/runs/20260919_0724_10drug_standardized_redocking/raw/receptors/alpha1.pdbqt"", ""--ligand"", ""/Users/k-atsumi/Documents/Codex/2026-09-18/github-readme-final-report-csv-git/work/repository/runs/20260919_0724_10drug_standardized_redocking/raw/ligands/triazolam.pdbqt"", ""--out"", ""/Users/k-atsumi/Documents/Codex/2026-09-18/github-readme-final-report-csv-git/work/standardized_redocking/jobs/triazolam/alpha1/2026091901/poses.pdbqt"", ""--center_x"", ""117.44499969482422"", ""--center_y"", ""157.46474990844726"", ""--center_z"", ""110.48740043640137"", ""--size_x"", ""20.0"", ""--size_y"", ""20.0"", ""--size_z"", ""20.0"", ""--exhaustiveness"", ""8"", ""--num_modes"", ""9"", ""--energy_range"", ""4"", ""--cpu"", ""1"", ""--min_rmsd"", ""1.0"", ""--scoring"", ""vina"", ""--seed"", ""2026091901""]",6b70a5239ec8a8955987cbbd58e5518ef52a4ce0cff4de84728219f4ab0a1bc7
triazolam,alpha1,2026091902,2026-09-19T07:27:00.525540+09:00,2026-09-19T07:27:09.055812+09:00,0,8,success,1089f81e8bbc900a2522d34c5ed65a11c35f3c8046954386dafde623056a806a,f001f1fea9752a76e54e18a190013380fa7100fdaabbc0a867866d1ea8fa12bc,"[""/opt/homebrew/bin/vina"", ""--receptor"", ""/Users/k-atsumi/Documents/Codex/2026-09-18/github-readme-final-report-csv-git/work/repository/runs/20260919_0724_10drug_standardized_redocking/raw/receptors/alpha1.pdbqt"", ""--ligand"", ""/Users/k-atsumi/Documents/Codex/2026-09-18/github-readme-final-report-csv-git/work/repository/runs/20260919_0724_10drug_standardized_redocking/raw/ligands/triazolam.pdbqt"", ""--out"", ""/Users/k-atsumi/Documents/Codex/2026-09-18/github-readme-final-report-csv-git/work/standardized_redocking/jobs/triazolam/alpha1/2026091902/poses.pdbqt"", ""--center_x"", ""117.44499969482422"", ""--center_y"", ""157.46474990844726"", ""--center_z"", ""110.48740043640137"", ""--size_x"", ""20.0"", ""--size_y"", ""20.0"", ""--size_z"", ""20.0"", ""--exhaustiveness"", ""8"", ""--num_modes"", ""9"", ""--energy_range"", ""4"", ""--cpu"", ""1"", ""--min_rmsd"", ""1.0"", ""--scoring"", ""vina"", ""--seed"", ""2026091902""]",f0a43b352acf35cf65740742a33b27ff2da367104cec48f246b5b9ea65748911
triazolam,alpha1,2026091903,2026-09-19T07:27:00.949373+09:00,2026-09-19T07:27:09.524100+09:00,0,8,success,1089f81e8bbc900a2522d34c5ed65a11c35f3c8046954386dafde623056a806a,f001f1fea9752a76e54e18a190013380fa7100fdaabbc0a867866d1ea8fa12bc,"[""/opt/homebrew/bin/vina"", ""--receptor"", ""/Users/k-atsumi/Documents/Codex/2026-09-18/github-readme-final-report-csv-git/work/repository/runs/20260919_0724_10drug_standardized_redocking/raw/receptors/alpha1.pdbqt"", ""--ligand"", ""/Users/k-atsumi/Documents/Codex/2026-09-18/github-readme-final-report-csv-git/work/repository/runs/20260919_0724_10drug_standardized_redocking/raw/ligands/triazolam.pdbqt"", ""--out"", ""/Users/k-atsumi/Documents/Codex/2026-09-18/github-readme-final-report-csv-git/work/standardized_redocking/jobs/triazolam/alpha1/2026091903/poses.pdbqt"", ""--center_x"", ""117.44499969482422"", ""--center_y"", ""157.46474990844726"", ""--center_z"", ""110.48740043640137"", ""--size_x"", ""20.0"", ""--size_y"", ""20.0"", ""--size_z"", ""20.0"", ""--exhaustiveness"", ""8"", ""--num_modes"", ""9"", ""--energy_range"", ""4"", ""--cpu"", ""1"", ""--min_rmsd"", ""1.0"", ""--scoring"", ""vina"", ""--seed"", ""2026091903""]",ffe1ef8702dfd7a66fddeed924b042ae1d5357b3b8c40820348341217cbdbe51
triazolam,alpha1,2026091904,2026-09-19T07:27:01.407545+09:00,2026-09-19T07:27:09.960348+09:00,0,9,success,1089f81e8bbc900a2522d34c5ed65a11c35f3c8046954386dafde623056a806a,f001f1fea9752a76e54e18a190013380fa7100fdaabbc0a867866d1ea8fa12bc,"[""/opt/homebrew/bin/vina"", ""--receptor"", ""/Users/k-atsumi/Documents/Codex/2026-09-18/github-readme-final-report-csv-git/work/repository/runs/20260919_0724_10drug_standardized_redocking/raw/receptors/alpha1.pdbqt"", ""--ligand"", ""/Users/k-atsumi/Documents/Codex/2026-09-18/github-readme-final-report-csv-git/work/repository/runs/20260919_0724_10drug_standardized_redocking/raw/ligands/triazolam.pdbqt"", ""--out"", ""/Users/k-atsumi/Documents/Codex/2026-09-18/github-readme-final-report-csv-git/work/standardized_redocking/jobs/triazolam/alpha1/2026091904/poses.pdbqt"", ""--center_x"", ""117.44499969482422"", ""--center_y"", ""157.46474990844726"", ""--center_z"", ""110.48740043640137"", ""--size_x"", ""20.0"", ""--size_y"", ""20.0"", ""--size_z"", ""20.0"", ""--exhaustiveness"", ""8"", ""--num_modes"", ""9"", ""--energy_range"", ""4"", ""--cpu"", ""1"", ""--min_rmsd"", ""1.0"", ""--scoring"", ""vina"", ""--seed"", ""2026091904""]",e41b64461842d6850a1ac041d85a7332a1da8307f689f2310463ec0a0ac454f4
triazolam,alpha1,2026091905,2026-09-19T07:27:08.904405+09:00,2026-09-19T07:27:17.581580+09:00,0,6,success,1089f81e8bbc900a2522d34c5ed65a11c35f3c8046954386dafde623056a806a,f001f1fea9752a76e54e18a190013380fa7100fdaabbc0a867866d1ea8fa12bc,"[""/opt/homebrew/bin/vina"", ""--receptor"", ""/Users/k-atsumi/Documents/Codex/2026-09-18/github-readme-final-report-csv-git/work/repository/runs/20260919_0724_10drug_standardized_redocking/raw/receptors/alpha1.pdbqt"", ""--ligand"", ""/Users/k-atsumi/Documents/Codex/2026-09-18/github-readme-final-report-csv-git/work/repository/runs/20260919_0724_10drug_standardized_redocking/raw/ligands/triazolam.pdbqt"", ""--out"", ""/Users/k-atsumi/Documents/Codex/2026-09-18/github-readme-final-report-csv-git/work/standardized_redocking/jobs/triazolam/alpha1/2026091905/poses.pdbqt"", ""--center_x"", ""117.44499969482422"", ""--center_y"", ""157.46474990844726"", ""--center_z"", ""110.48740043640137"", ""--size_x"", ""20.0"", ""--size_y"", ""20.0"", ""--size_z"", ""20.0"", ""--exhaustiveness"", ""8"", ""--num_modes"", ""9"", ""--energy_range"", ""4"", ""--cpu"", ""1"", ""--min_rmsd"", ""1.0"", ""--scoring"", ""vina"", ""--seed"", ""2026091905""]",220ad5d1a532320add01f42aab473ec3ca6df21d60d22ca21901b2c35f3e4902
triazolam,alpha2,2026091901,2026-09-19T07:27:09.059594+09:00,2026-09-19T07:27:18.752347+09:00,0,9,success,c3bcd380238909d2b6c7cabc56ab6cb69e4f80613e7640cf760aa1f4a737ab87,f001f1fea9752a76e54e18a190013380fa7100fdaabbc0a867866d1ea8fa12bc,"[""/opt/homebrew/bin/vina"", ""--receptor"", ""/Users/k-atsumi/Documents/Codex/2026-09-18/github-readme-final-report-csv-git/work/repository/runs/20260919_0724_10drug_standardized_redocking/raw/receptors/alpha2.pdbqt"", ""--ligand"", ""/Users/k-atsumi/Documents/Codex/2026-09-18/github-readme-final-report-csv-git/work/repository/runs/20260919_0724_10drug_standardized_redocking/raw/ligands/triazolam.pdbqt"", ""--out"", ""/Users/k-atsumi/Documents/Codex/2026-09-18/github-readme-final-report-csv-git/work/standardized_redocking/jobs/triazolam/alpha2/2026091901/poses.pdbqt"", ""--center_x"", ""143.42579952820148"", ""--center_y"", ""96.86254491988079"", ""--center_z"", ""139.9939981778101"", ""--size_x"", ""20.0"", ""--size_y"", ""20.0"", ""--size_z"", ""20.0"", ""--exhaustiveness"", ""8"", ""--num_modes"", ""9"", ""--energy_range"", ""4"", ""--cpu"", ""1"", ""--min_rmsd"", ""1.0"", ""--scoring"", ""vina"", ""--seed"", ""2026091901""]",b21084a7dcaa60b65101bb94f0a4b44f9dc3a84edf2b127d1b6d2f196bfce02f
triazolam,alpha2,2026091902,2026-09-19T07:27:09.526885+09:00,2026-09-19T07:27:19.226481+09:00,0,9,success,c3bcd380238909d2b6c7cabc56ab6cb69e4f80613e7640cf760aa1f4a737ab87,f001f1fea9752a76e54e18a190013380fa7100fdaabbc0a867866d1ea8fa12bc,"[""/opt/homebrew/bin/vina"", ""--receptor"", ""/Users/k-atsumi/Documents/Codex/2026-09-18/github-readme-final-report-csv-git/work/repository/runs/20260919_0724_10drug_standardized_redocking/raw/receptors/alpha2.pdbqt"", ""--ligand"", ""/Users/k-atsumi/Documents/Codex/2026-09-18/github-readme-final-report-csv-git/work/repository/runs/20260919_0724_10drug_standardized_redocking/raw/ligands/triazolam.pdbqt"", ""--out"", ""/Users/k-atsumi/Documents/Codex/2026-09-18/github-readme-final-report-csv-git/work/standardized_redocking/jobs/triazolam/alpha2/2026091902/poses.pdbqt"", ""--center_x"", ""143.42579952820148"", ""--center_y"", ""96.86254491988079"", ""--center_z"", ""139.9939981778101"", ""--size_x"", ""20.0"", ""--size_y"", ""20.0"", ""--size_z"", ""20.0"", ""--exhaustiveness"", ""8"", ""--num_modes"", ""9"", ""--energy_range"", ""4"", ""--cpu"", ""1"", ""--min_rmsd"", ""1.0"", ""--scoring"", ""vina"", ""--seed"", ""2026091902""]",7e918c466723a85ee43fce3c756dc8a9385272207b183958791337ca08f83bca
triazolam,alpha2,2026091903,2026-09-19T07:27:09.963155+09:00,2026-09-19T07:27:19.642966+09:00,0,9,success,c3bcd380238909d2b6c7cabc56ab6cb69e4f80613e7640cf760aa1f4a737ab87,f001f1fea9752a76e54e18a190013380fa7100fdaabbc0a867866d1ea8fa12bc,"[""/opt/homebrew/bin/vina"", ""--receptor"", ""/Users/k-atsumi/Documents/Codex/2026-09-18/github-readme-final-report-csv-git/work/repository/runs/20260919_0724_10drug_standardized_redocking/raw/receptors/alpha2.pdbqt"", ""--ligand"", ""/Users/k-atsumi/Documents/Codex/2026-09-18/github-readme-final-report-csv-git/work/repository/runs/20260919_0724_10drug_standardized_redocking/raw/ligands/triazolam.pdbqt"", ""--out"", ""/Users/k-atsumi/Documents/Codex/2026-09-18/github-readme-final-report-csv-git/work/standardized_redocking/jobs/triazolam/alpha2/2026091903/poses.pdbqt"", ""--center_x"", ""143.42579952820148"", ""--center_y"", ""96.86254491988079"", ""--center_z"", ""139.9939981778101"", ""--size_x"", ""20.0"", ""--size_y"", ""20.0"", ""--size_z"", ""20.0"", ""--exhaustiveness"", ""8"", ""--num_modes"", ""9"", ""--energy_range"", ""4"", ""--cpu"", ""1"", ""--min_rmsd"", ""1.0"", ""--scoring"", ""vina"", ""--seed"", ""2026091903""]",3206a8933b78a207e05618f24de340fcb88d3eadad72585b703dd9ca00e8bf82
triazolam,alpha2,2026091904,2026-09-19T07:27:17.584729+09:00,2026-09-19T07:27:27.392126+09:00,0,9,success,c3bcd380238909d2b6c7cabc56ab6cb69e4f80613e7640cf760aa1f4a737ab87,f001f1fea9752a76e54e18a190013380fa7100fdaabbc0a867866d1ea8fa12bc,"[""/opt/homebrew/bin/vina"", ""--receptor"", ""/Users/k-atsumi/Documents/Codex/2026-09-18/github-readme-final-report-csv-git/work/repository/runs/20260919_0724_10drug_standardized_redocking/raw/receptors/alpha2.pdbqt"", ""--ligand"", ""/Users/k-atsumi/Documents/Codex/2026-09-18/github-readme-final-report-csv-git/work/repository/runs/20260919_0724_10drug_standardized_redocking/raw/ligands/triazolam.pdbqt"", ""--out"", ""/Users/k-atsumi/Documents/Codex/2026-09-18/github-readme-final-report-csv-git/work/standardized_redocking/jobs/triazolam/alpha2/2026091904/poses.pdbqt"", ""--center_x"", ""143.42579952820148"", ""--center_y"", ""96.86254491988079"", ""--center_z"", ""139.9939981778101"", ""--size_x"", ""20.0"", ""--size_y"", ""20.0"", ""--size_z"", ""20.0"", ""--exhaustiveness"", ""8"", ""--num_modes"", ""9"", ""--energy_range"", ""4"", ""--cpu"", ""1"", ""--min_rmsd"", ""1.0"", ""--scoring"", ""vina"", ""--seed"", ""2026091904""]",8b2c066335eb605da2ea9db30fd56e3b75d350c6a1a0bd203196e32331f92b99
triazolam,alpha2,2026091905,2026-09-19T07:27:18.754433+09:00,2026-09-19T07:27:28.833025+09:00,0,9,success,c3bcd380238909d2b6c7cabc56ab6cb69e4f80613e7640cf760aa1f4a737ab87,f001f1fea9752a76e54e18a190013380fa7100fdaabbc0a867866d1ea8fa12bc,"[""/opt/homebrew/bin/vina"", ""--receptor"", ""/Users/k-atsumi/Documents/Codex/2026-09-18/github-readme-final-report-csv-git/work/repository/runs/20260919_0724_10drug_standardized_redocking/raw/receptors/alpha2.pdbqt"", ""--ligand"", ""/Users/k-atsumi/Documents/Codex/2026-09-18/github-readme-final-report-csv-git/work/repository/runs/20260919_0724_10drug_standardized_redocking/raw/ligands/triazolam.pdbqt"", ""--out"", ""/Users/k-atsumi/Documents/Codex/2026-09-18/github-readme-final-report-csv-git/work/standardized_redocking/jobs/triazolam/alpha2/2026091905/poses.pdbqt"", ""--center_x"", ""143.42579952820148"", ""--center_y"", ""96.86254491988079"", ""--center_z"", ""139.9939981778101"", ""--size_x"", ""20.0"", ""--size_y"", ""20.0"", ""--size_z"", ""20.0"", ""--exhaustiveness"", ""8"", ""--num_modes"", ""9"", ""--energy_range"", ""4"", ""--cpu"", ""1"", ""--min_rmsd"", ""1.0"", ""--scoring"", ""vina"", ""--seed"", ""2026091905""]",57d51779b10014fd90c3910bf5947335906bf91847ef875c9059c5953cd17520
zolpidem,alpha1,2026091901,2026-09-19T07:27:19.228717+09:00,2026-09-19T07:27:32.095350+09:00,0,9,success,1089f81e8bbc900a2522d34c5ed65a11c35f3c8046954386dafde623056a806a,94a1aaf616ade727bdb06444ada6471effdd02201c08d49954f8f79ef00b9592,"[""/opt/homebrew/bin/vina"", ""--receptor"", ""/Users/k-atsumi/Documents/Codex/2026-09-18/github-readme-final-report-csv-git/work/repository/runs/20260919_0724_10drug_standardized_redocking/raw/receptors/alpha1.pdbqt"", ""--ligand"", ""/Users/k-atsumi/Documents/Codex/2026-09-18/github-readme-final-report-csv-git/work/repository/runs/20260919_0724_10drug_standardized_redocking/raw/ligands/zolpidem.pdbqt"", ""--out"", ""/Users/k-atsumi/Documents/Codex/2026-09-18/github-readme-final-report-csv-git/work/standardized_redocking/jobs/zolpidem/alpha1/2026091901/poses.pdbqt"", ""--center_x"", ""117.44499969482422"", ""--center_y"", ""157.46474990844726"", ""--center_z"", ""110.48740043640137"", ""--size_x"", ""20.0"", ""--size_y"", ""20.0"", ""--size_z"", ""20.0"", ""--exhaustiveness"", ""8"", ""--num_modes"", ""9"", ""--energy_range"", ""4"", ""--cpu"", ""1"", ""--min_rmsd"", ""1.0"", ""--scoring"", ""vina"", ""--seed"", ""2026091901""]",302a90ff41dc12901a7890576e5a4d49c56a2f47c74a8dfe01876255b745db4e
zolpidem,alpha1,2026091902,2026-09-19T07:27:19.645389+09:00,2026-09-19T07:27:32.544490+09:00,0,9,success,1089f81e8bbc900a2522d34c5ed65a11c35f3c8046954386dafde623056a806a,94a1aaf616ade727bdb06444ada6471effdd02201c08d49954f8f79ef00b9592,"[""/opt/homebrew/bin/vina"", ""--receptor"", ""/Users/k-atsumi/Documents/Codex/2026-09-18/github-readme-final-report-csv-git/work/repository/runs/20260919_0724_10drug_standardized_redocking/raw/receptors/alpha1.pdbqt"", ""--ligand"", ""/Users/k-atsumi/Documents/Codex/2026-09-18/github-readme-final-report-csv-git/work/repository/runs/20260919_0724_10drug_standardized_redocking/raw/ligands/zolpidem.pdbqt"", ""--out"", ""/Users/k-atsumi/Documents/Codex/2026-09-18/github-readme-final-report-csv-git/work/standardized_redocking/jobs/zolpidem/alpha1/2026091902/poses.pdbqt"", ""--center_x"", ""117.44499969482422"", ""--center_y"", ""157.46474990844726"", ""--center_z"", ""110.48740043640137"", ""--size_x"", ""20.0"", ""--size_y"", ""20.0"", ""--size_z"", ""20.0"", ""--exhaustiveness"", ""8"", ""--num_modes"", ""9"", ""--energy_range"", ""4"", ""--cpu"", ""1"", ""--min_rmsd"", ""1.0"", ""--scoring"", ""vina"", ""--seed"", ""2026091902""]",4ce2b8e7d53d7152c8c33fe97102a634d123ec7d794ad01e0cc4daaaa76fdfa9
zolpidem,alpha1,2026091903,2026-09-19T07:27:27.394772+09:00,2026-09-19T07:27:40.926672+09:00,0,9,success,1089f81e8bbc900a2522d34c5ed65a11c35f3c8046954386dafde623056a806a,94a1aaf616ade727bdb06444ada6471effdd02201c08d49954f8f79ef00b9592,"[""/opt/homebrew/bin/vina"", ""--receptor"", ""/Users/k-atsumi/Documents/Codex/2026-09-18/github-readme-final-report-csv-git/work/repository/runs/20260919_0724_10drug_standardized_redocking/raw/receptors/alpha1.pdbqt"", ""--ligand"", ""/Users/k-atsumi/Documents/Codex/2026-09-18/github-readme-final-report-csv-git/work/repository/runs/20260919_0724_10drug_standardized_redocking/raw/ligands/zolpidem.pdbqt"", ""--out"", ""/Users/k-atsumi/Documents/Codex/2026-09-18/github-readme-final-report-csv-git/work/standardized_redocking/jobs/zolpidem/alpha1/2026091903/poses.pdbqt"", ""--center_x"", ""117.44499969482422"", ""--center_y"", ""157.46474990844726"", ""--center_z"", ""110.48740043640137"", ""--size_x"", ""20.0"", ""--size_y"", ""20.0"", ""--size_z"", ""20.0"", ""--exhaustiveness"", ""8"", ""--num_modes"", ""9"", ""--energy_range"", ""4"", ""--cpu"", ""1"", ""--min_rmsd"", ""1.0"", ""--scoring"", ""vina"", ""--seed"", ""2026091903""]",5c17141ea3f787e9ff8bc5766c9a61c53eb540d7bed7df393fc8472d9823d698
zolpidem,alpha1,2026091904,2026-09-19T07:27:28.835325+09:00,2026-09-19T07:27:42.397117+09:00,0,9,success,1089f81e8bbc900a2522d34c5ed65a11c35f3c8046954386dafde623056a806a,94a1aaf616ade727bdb06444ada6471effdd02201c08d49954f8f79ef00b9592,"[""/opt/homebrew/bin/vina"", ""--receptor"", ""/Users/k-atsumi/Documents/Codex/2026-09-18/github-readme-final-report-csv-git/work/repository/runs/20260919_0724_10drug_standardized_redocking/raw/receptors/alpha1.pdbqt"", ""--ligand"", ""/Users/k-atsumi/Documents/Codex/2026-09-18/github-readme-final-report-csv-git/work/repository/runs/20260919_0724_10drug_standardized_redocking/raw/ligands/zolpidem.pdbqt"", ""--out"", ""/Users/k-atsumi/Documents/Codex/2026-09-18/github-readme-final-report-csv-git/work/standardized_redocking/jobs/zolpidem/alpha1/2026091904/poses.pdbqt"", ""--center_x"", ""117.44499969482422"", ""--center_y"", ""157.46474990844726"", ""--center_z"", ""110.48740043640137"", ""--size_x"", ""20.0"", ""--size_y"", ""20.0"", ""--size_z"", ""20.0"", ""--exhaustiveness"", ""8"", ""--num_modes"", ""9"", ""--energy_range"", ""4"", ""--cpu"", ""1"", ""--min_rmsd"", ""1.0"", ""--scoring"", ""vina"", ""--seed"", ""2026091904""]",cbe42c844387478eae0491fe52031e7ce683c9297fa799319263920f8d0838a4
zolpidem,alpha1,2026091905,2026-09-19T07:27:32.098421+09:00,2026-09-19T07:27:45.808170+09:00,0,9,success,1089f81e8bbc900a2522d34c5ed65a11c35f3c8046954386dafde623056a806a,94a1aaf616ade727bdb06444ada6471effdd02201c08d49954f8f79ef00b9592,"[""/opt/homebrew/bin/vina"", ""--receptor"", ""/Users/k-atsumi/Documents/Codex/2026-09-18/github-readme-final-report-csv-git/work/repository/runs/20260919_0724_10drug_standardized_redocking/raw/receptors/alpha1.pdbqt"", ""--ligand"", ""/Users/k-atsumi/Documents/Codex/2026-09-18/github-readme-final-report-csv-git/work/repository/runs/20260919_0724_10drug_standardized_redocking/raw/ligands/zolpidem.pdbqt"", ""--out"", ""/Users/k-atsumi/Documents/Codex/2026-09-18/github-readme-final-report-csv-git/work/standardized_redocking/jobs/zolpidem/alpha1/2026091905/poses.pdbqt"", ""--center_x"", ""117.44499969482422"", ""--center_y"", ""157.46474990844726"", ""--center_z"", ""110.48740043640137"", ""--size_x"", ""20.0"", ""--size_y"", ""20.0"", ""--size_z"", ""20.0"", ""--exhaustiveness"", ""8"", ""--num_modes"", ""9"", ""--energy_range"", ""4"", ""--cpu"", ""1"", ""--min_rmsd"", ""1.0"", ""--scoring"", ""vina"", ""--seed"", ""2026091905""]",74b35d37f07699d4709f5d8249e47681f3ceca1d4581ef26bae3f862f0ad68de
zolpidem,alpha2,2026091901,2026-09-19T07:27:32.547375+09:00,2026-09-19T07:27:49.217207+09:00,0,9,success,c3bcd380238909d2b6c7cabc56ab6cb69e4f80613e7640cf760aa1f4a737ab87,94a1aaf616ade727bdb06444ada6471effdd02201c08d49954f8f79ef00b9592,"[""/opt/homebrew/bin/vina"", ""--receptor"", ""/Users/k-atsumi/Documents/Codex/2026-09-18/github-readme-final-report-csv-git/work/repository/runs/20260919_0724_10drug_standardized_redocking/raw/receptors/alpha2.pdbqt"", ""--ligand"", ""/Users/k-atsumi/Documents/Codex/2026-09-18/github-readme-final-report-csv-git/work/repository/runs/20260919_0724_10drug_standardized_redocking/raw/ligands/zolpidem.pdbqt"", ""--out"", ""/Users/k-atsumi/Documents/Codex/2026-09-18/github-readme-final-report-csv-git/work/standardized_redocking/jobs/zolpidem/alpha2/2026091901/poses.pdbqt"", ""--center_x"", ""143.42579952820148"", ""--center_y"", ""96.86254491988079"", ""--center_z"", ""139.9939981778101"", ""--size_x"", ""20.0"", ""--size_y"", ""20.0"", ""--size_z"", ""20.0"", ""--exhaustiveness"", ""8"", ""--num_modes"", ""9"", ""--energy_range"", ""4"", ""--cpu"", ""1"", ""--min_rmsd"", ""1.0"", ""--scoring"", ""vina"", ""--seed"", ""2026091901""]",8b987196550914a54c6bafcf771fd59476d2cee729d7a8150ed48e576dad71f6
zolpidem,alpha2,2026091902,2026-09-19T07:27:40.931612+09:00,2026-09-19T07:27:58.256972+09:00,0,9,success,c3bcd380238909d2b6c7cabc56ab6cb69e4f80613e7640cf760aa1f4a737ab87,94a1aaf616ade727bdb06444ada6471effdd02201c08d49954f8f79ef00b9592,"[""/opt/homebrew/bin/vina"", ""--receptor"", ""/Users/k-atsumi/Documents/Codex/2026-09-18/github-readme-final-report-csv-git/work/repository/runs/20260919_0724_10drug_standardized_redocking/raw/receptors/alpha2.pdbqt"", ""--ligand"", ""/Users/k-atsumi/Documents/Codex/2026-09-18/github-readme-final-report-csv-git/work/repository/runs/20260919_0724_10drug_standardized_redocking/raw/ligands/zolpidem.pdbqt"", ""--out"", ""/Users/k-atsumi/Documents/Codex/2026-09-18/github-readme-final-report-csv-git/work/standardized_redocking/jobs/zolpidem/alpha2/2026091902/poses.pdbqt"", ""--center_x"", ""143.42579952820148"", ""--center_y"", ""96.86254491988079"", ""--center_z"", ""139.9939981778101"", ""--size_x"", ""20.0"", ""--size_y"", ""20.0"", ""--size_z"", ""20.0"", ""--exhaustiveness"", ""8"", ""--num_modes"", ""9"", ""--energy_range"", ""4"", ""--cpu"", ""1"", ""--min_rmsd"", ""1.0"", ""--scoring"", ""vina"", ""--seed"", ""2026091902""]",6f26bfe68699340025ec23824202a7bd443073cfed14b75d26467f511191799a
zolpidem,alpha2,2026091903,2026-09-19T07:27:42.400550+09:00,2026-09-19T07:27:59.977649+09:00,0,9,success,c3bcd380238909d2b6c7cabc56ab6cb69e4f80613e7640cf760aa1f4a737ab87,94a1aaf616ade727bdb06444ada6471effdd02201c08d49954f8f79ef00b9592,"[""/opt/homebrew/bin/vina"", ""--receptor"", ""/Users/k-atsumi/Documents/Codex/2026-09-18/github-readme-final-report-csv-git/work/repository/runs/20260919_0724_10drug_standardized_redocking/raw/receptors/alpha2.pdbqt"", ""--ligand"", ""/Users/k-atsumi/Documents/Codex/2026-09-18/github-readme-final-report-csv-git/work/repository/runs/20260919_0724_10drug_standardized_redocking/raw/ligands/zolpidem.pdbqt"", ""--out"", ""/Users/k-atsumi/Documents/Codex/2026-09-18/github-readme-final-report-csv-git/work/standardized_redocking/jobs/zolpidem/alpha2/2026091903/poses.pdbqt"", ""--center_x"", ""143.42579952820148"", ""--center_y"", ""96.86254491988079"", ""--center_z"", ""139.9939981778101"", ""--size_x"", ""20.0"", ""--size_y"", ""20.0"", ""--size_z"", ""20.0"", ""--exhaustiveness"", ""8"", ""--num_modes"", ""9"", ""--energy_range"", ""4"", ""--cpu"", ""1"", ""--min_rmsd"", ""1.0"", ""--scoring"", ""vina"", ""--seed"", ""2026091903""]",d9c69c680ab0c7af92fad87eff196f396081c79328a7d936e8586e995465e91b
zolpidem,alpha2,2026091904,2026-09-19T07:27:45.810982+09:00,2026-09-19T07:28:03.842599+09:00,0,9,success,c3bcd380238909d2b6c7cabc56ab6cb69e4f80613e7640cf760aa1f4a737ab87,94a1aaf616ade727bdb06444ada6471effdd02201c08d49954f8f79ef00b9592,"[""/opt/homebrew/bin/vina"", ""--receptor"", ""/Users/k-atsumi/Documents/Codex/2026-09-18/github-readme-final-report-csv-git/work/repository/runs/20260919_0724_10drug_standardized_redocking/raw/receptors/alpha2.pdbqt"", ""--ligand"", ""/Users/k-atsumi/Documents/Codex/2026-09-18/github-readme-final-report-csv-git/work/repository/runs/20260919_0724_10drug_standardized_redocking/raw/ligands/zolpidem.pdbqt"", ""--out"", ""/Users/k-atsumi/Documents/Codex/2026-09-18/github-readme-final-report-csv-git/work/standardized_redocking/jobs/zolpidem/alpha2/2026091904/poses.pdbqt"", ""--center_x"", ""143.42579952820148"", ""--center_y"", ""96.86254491988079"", ""--center_z"", ""139.9939981778101"", ""--size_x"", ""20.0"", ""--size_y"", ""20.0"", ""--size_z"", ""20.0"", ""--exhaustiveness"", ""8"", ""--num_modes"", ""9"", ""--energy_range"", ""4"", ""--cpu"", ""1"", ""--min_rmsd"", ""1.0"", ""--scoring"", ""vina"", ""--seed"", ""2026091904""]",d4ebbb8ede96e73cdc0104ac27ee0bc9450eb862eec3f73ff64767dfbdcebd08
zolpidem,alpha2,2026091905,2026-09-19T07:27:49.219439+09:00,2026-09-19T07:28:08.310491+09:00,0,9,success,c3bcd380238909d2b6c7cabc56ab6cb69e4f80613e7640cf760aa1f4a737ab87,94a1aaf616ade727bdb06444ada6471effdd02201c08d49954f8f79ef00b9592,"[""/opt/homebrew/bin/vina"", ""--receptor"", ""/Users/k-atsumi/Documents/Codex/2026-09-18/github-readme-final-report-csv-git/work/repository/runs/20260919_0724_10drug_standardized_redocking/raw/receptors/alpha2.pdbqt"", ""--ligand"", ""/Users/k-atsumi/Documents/Codex/2026-09-18/github-readme-final-report-csv-git/work/repository/runs/20260919_0724_10drug_standardized_redocking/raw/ligands/zolpidem.pdbqt"", ""--out"", ""/Users/k-atsumi/Documents/Codex/2026-09-18/github-readme-final-report-csv-git/work/standardized_redocking/jobs/zolpidem/alpha2/2026091905/poses.pdbqt"", ""--center_x"", ""143.42579952820148"", ""--center_y"", ""96.86254491988079"", ""--center_z"", ""139.9939981778101"", ""--size_x"", ""20.0"", ""--size_y"", ""20.0"", ""--size_z"", ""20.0"", ""--exhaustiveness"", ""8"", ""--num_modes"", ""9"", ""--energy_range"", ""4"", ""--cpu"", ""1"", ""--min_rmsd"", ""1.0"", ""--scoring"", ""vina"", ""--seed"", ""2026091905""]",e758609edd4fd6ede0335b686c012231065b1e58d17d85db04085779a76536a5
lorazepam,alpha1,2026091901,2026-09-19T07:27:58.260399+09:00,2026-09-19T07:28:10.642592+09:00,0,9,success,1089f81e8bbc900a2522d34c5ed65a11c35f3c8046954386dafde623056a806a,fcfe5c0de74fd7078352d05a805206d8cae4c226b1e8abd3b1ea1502ca45561a,"[""/opt/homebrew/bin/vina"", ""--receptor"", ""/Users/k-atsumi/Documents/Codex/2026-09-18/github-readme-final-report-csv-git/work/repository/runs/20260919_0724_10drug_standardized_redocking/raw/receptors/alpha1.pdbqt"", ""--ligand"", ""/Users/k-atsumi/Documents/Codex/2026-09-18/github-readme-final-report-csv-git/work/repository/runs/20260919_0724_10drug_standardized_redocking/raw/ligands/lorazepam.pdbqt"", ""--out"", ""/Users/k-atsumi/Documents/Codex/2026-09-18/github-readme-final-report-csv-git/work/standardized_redocking/jobs/lorazepam/alpha1/2026091901/poses.pdbqt"", ""--center_x"", ""117.44499969482422"", ""--center_y"", ""157.46474990844726"", ""--center_z"", ""110.48740043640137"", ""--size_x"", ""20.0"", ""--size_y"", ""20.0"", ""--size_z"", ""20.0"", ""--exhaustiveness"", ""8"", ""--num_modes"", ""9"", ""--energy_range"", ""4"", ""--cpu"", ""1"", ""--min_rmsd"", ""1.0"", ""--scoring"", ""vina"", ""--seed"", ""2026091901""]",2acdc0d985af7830cbdb3054e526645f0a70f45e96327e1687b8fbc2f133ef10
lorazepam,alpha1,2026091902,2026-09-19T07:27:59.982418+09:00,2026-09-19T07:28:12.221019+09:00,0,9,success,1089f81e8bbc900a2522d34c5ed65a11c35f3c8046954386dafde623056a806a,fcfe5c0de74fd7078352d05a805206d8cae4c226b1e8abd3b1ea1502ca45561a,"[""/opt/homebrew/bin/vina"", ""--receptor"", ""/Users/k-atsumi/Documents/Codex/2026-09-18/github-readme-final-report-csv-git/work/repository/runs/20260919_0724_10drug_standardized_redocking/raw/receptors/alpha1.pdbqt"", ""--ligand"", ""/Users/k-atsumi/Documents/Codex/2026-09-18/github-readme-final-report-csv-git/work/repository/runs/20260919_0724_10drug_standardized_redocking/raw/ligands/lorazepam.pdbqt"", ""--out"", ""/Users/k-atsumi/Documents/Codex/2026-09-18/github-readme-final-report-csv-git/work/standardized_redocking/jobs/lorazepam/alpha1/2026091902/poses.pdbqt"", ""--center_x"", ""117.44499969482422"", ""--center_y"", ""157.46474990844726"", ""--center_z"", ""110.48740043640137"", ""--size_x"", ""20.0"", ""--size_y"", ""20.0"", ""--size_z"", ""20.0"", ""--exhaustiveness"", ""8"", ""--num_modes"", ""9"", ""--energy_range"", ""4"", ""--cpu"", ""1"", ""--min_rmsd"", ""1.0"", ""--scoring"", ""vina"", ""--seed"", ""2026091902""]",910eea1102a3d120cc80bca028a409434ae0ee5987cda0e8aeac10fb72ddf24f
lorazepam,alpha1,2026091903,2026-09-19T07:28:03.845239+09:00,2026-09-19T07:28:15.368859+09:00,0,9,success,1089f81e8bbc900a2522d34c5ed65a11c35f3c8046954386dafde623056a806a,fcfe5c0de74fd7078352d05a805206d8cae4c226b1e8abd3b1ea1502ca45561a,"[""/opt/homebrew/bin/vina"", ""--receptor"", ""/Users/k-atsumi/Documents/Codex/2026-09-18/github-readme-final-report-csv-git/work/repository/runs/20260919_0724_10drug_standardized_redocking/raw/receptors/alpha1.pdbqt"", ""--ligand"", ""/Users/k-atsumi/Documents/Codex/2026-09-18/github-readme-final-report-csv-git/work/repository/runs/20260919_0724_10drug_standardized_redocking/raw/ligands/lorazepam.pdbqt"", ""--out"", ""/Users/k-atsumi/Documents/Codex/2026-09-18/github-readme-final-report-csv-git/work/standardized_redocking/jobs/lorazepam/alpha1/2026091903/poses.pdbqt"", ""--center_x"", ""117.44499969482422"", ""--center_y"", ""157.46474990844726"", ""--center_z"", ""110.48740043640137"", ""--size_x"", ""20.0"", ""--size_y"", ""20.0"", ""--size_z"", ""20.0"", ""--exhaustiveness"", ""8"", ""--num_modes"", ""9"", ""--energy_range"", ""4"", ""--cpu"", ""1"", ""--min_rmsd"", ""1.0"", ""--scoring"", ""vina"", ""--seed"", ""2026091903""]",2a6dd1d5c3d8ad404c719139a4d192d2127883e299bad375098b63c4a56aa442
lorazepam,alpha1,2026091904,2026-09-19T07:28:08.313042+09:00,2026-09-19T07:28:19.500333+09:00,0,9,success,1089f81e8bbc900a2522d34c5ed65a11c35f3c8046954386dafde623056a806a,fcfe5c0de74fd7078352d05a805206d8cae4c226b1e8abd3b1ea1502ca45561a,"[""/opt/homebrew/bin/vina"", ""--receptor"", ""/Users/k-atsumi/Documents/Codex/2026-09-18/github-readme-final-report-csv-git/work/repository/runs/20260919_0724_10drug_standardized_redocking/raw/receptors/alpha1.pdbqt"", ""--ligand"", ""/Users/k-atsumi/Documents/Codex/2026-09-18/github-readme-final-report-csv-git/work/repository/runs/20260919_0724_10drug_standardized_redocking/raw/ligands/lorazepam.pdbqt"", ""--out"", ""/Users/k-atsumi/Documents/Codex/2026-09-18/github-readme-final-report-csv-git/work/standardized_redocking/jobs/lorazepam/alpha1/2026091904/poses.pdbqt"", ""--center_x"", ""117.44499969482422"", ""--center_y"", ""157.46474990844726"", ""--center_z"", ""110.48740043640137"", ""--size_x"", ""20.0"", ""--size_y"", ""20.0"", ""--size_z"", ""20.0"", ""--exhaustiveness"", ""8"", ""--num_modes"", ""9"", ""--energy_range"", ""4"", ""--cpu"", ""1"", ""--min_rmsd"", ""1.0"", ""--scoring"", ""vina"", ""--seed"", ""2026091904""]",a80ef8990cf9533c3b71001dfedd482388f90da7b18d85520927a79972b5040a
lorazepam,alpha1,2026091905,2026-09-19T07:28:10.645617+09:00,2026-09-19T07:28:21.825636+09:00,0,9,success,1089f81e8bbc900a2522d34c5ed65a11c35f3c8046954386dafde623056a806a,fcfe5c0de74fd7078352d05a805206d8cae4c226b1e8abd3b1ea1502ca45561a,"[""/opt/homebrew/bin/vina"", ""--receptor"", ""/Users/k-atsumi/Documents/Codex/2026-09-18/github-readme-final-report-csv-git/work/repository/runs/20260919_0724_10drug_standardized_redocking/raw/receptors/alpha1.pdbqt"", ""--ligand"", ""/Users/k-atsumi/Documents/Codex/2026-09-18/github-readme-final-report-csv-git/work/repository/runs/20260919_0724_10drug_standardized_redocking/raw/ligands/lorazepam.pdbqt"", ""--out"", ""/Users/k-atsumi/Documents/Codex/2026-09-18/github-readme-final-report-csv-git/work/standardized_redocking/jobs/lorazepam/alpha1/2026091905/poses.pdbqt"", ""--center_x"", ""117.44499969482422"", ""--center_y"", ""157.46474990844726"", ""--center_z"", ""110.48740043640137"", ""--size_x"", ""20.0"", ""--size_y"", ""20.0"", ""--size_z"", ""20.0"", ""--exhaustiveness"", ""8"", ""--num_modes"", ""9"", ""--energy_range"", ""4"", ""--cpu"", ""1"", ""--min_rmsd"", ""1.0"", ""--scoring"", ""vina"", ""--seed"", ""2026091905""]",54baeb35a1ce331ec0cd12d464dd32a77be8350e7aa51ac95e3854c93d313780
lorazepam,alpha2,2026091901,2026-09-19T07:28:12.225181+09:00,2026-09-19T07:28:23.836837+09:00,0,9,success,c3bcd380238909d2b6c7cabc56ab6cb69e4f80613e7640cf760aa1f4a737ab87,fcfe5c0de74fd7078352d05a805206d8cae4c226b1e8abd3b1ea1502ca45561a,"[""/opt/homebrew/bin/vina"", ""--receptor"", ""/Users/k-atsumi/Documents/Codex/2026-09-18/github-readme-final-report-csv-git/work/repository/runs/20260919_0724_10drug_standardized_redocking/raw/receptors/alpha2.pdbqt"", ""--ligand"", ""/Users/k-atsumi/Documents/Codex/2026-09-18/github-readme-final-report-csv-git/work/repository/runs/20260919_0724_10drug_standardized_redocking/raw/ligands/lorazepam.pdbqt"", ""--out"", ""/Users/k-atsumi/Documents/Codex/2026-09-18/github-readme-final-report-csv-git/work/standardized_redocking/jobs/lorazepam/alpha2/2026091901/poses.pdbqt"", ""--center_x"", ""143.42579952820148"", ""--center_y"", ""96.86254491988079"", ""--center_z"", ""139.9939981778101"", ""--size_x"", ""20.0"", ""--size_y"", ""20.0"", ""--size_z"", ""20.0"", ""--exhaustiveness"", ""8"", ""--num_modes"", ""9"", ""--energy_range"", ""4"", ""--cpu"", ""1"", ""--min_rmsd"", ""1.0"", ""--scoring"", ""vina"", ""--seed"", ""2026091901""]",5fad7f67383123f8d631729ae736b67197a2952a760b3f56e9bc12f1e4ea5f03
lorazepam,alpha2,2026091902,2026-09-19T07:28:15.372314+09:00,2026-09-19T07:28:27.006507+09:00,0,9,success,c3bcd380238909d2b6c7cabc56ab6cb69e4f80613e7640cf760aa1f4a737ab87,fcfe5c0de74fd7078352d05a805206d8cae4c226b1e8abd3b1ea1502ca45561a,"[""/opt/homebrew/bin/vina"", ""--receptor"", ""/Users/k-atsumi/Documents/Codex/2026-09-18/github-readme-final-report-csv-git/work/repository/runs/20260919_0724_10drug_standardized_redocking/raw/receptors/alpha2.pdbqt"", ""--ligand"", ""/Users/k-atsumi/Documents/Codex/2026-09-18/github-readme-final-report-csv-git/work/repository/runs/20260919_0724_10drug_standardized_redocking/raw/ligands/lorazepam.pdbqt"", ""--out"", ""/Users/k-atsumi/Documents/Codex/2026-09-18/github-readme-final-report-csv-git/work/standardized_redocking/jobs/lorazepam/alpha2/2026091902/poses.pdbqt"", ""--center_x"", ""143.42579952820148"", ""--center_y"", ""96.86254491988079"", ""--center_z"", ""139.9939981778101"", ""--size_x"", ""20.0"", ""--size_y"", ""20.0"", ""--size_z"", ""20.0"", ""--exhaustiveness"", ""8"", ""--num_modes"", ""9"", ""--energy_range"", ""4"", ""--cpu"", ""1"", ""--min_rmsd"", ""1.0"", ""--scoring"", ""vina"", ""--seed"", ""2026091902""]",9c21ef066eb3f22e5ce4d96e4b2c73700103a828af6f52f33b461be6ba11c14f
lorazepam,alpha2,2026091903,2026-09-19T07:28:19.503196+09:00,2026-09-19T07:28:31.274659+09:00,0,9,success,c3bcd380238909d2b6c7cabc56ab6cb69e4f80613e7640cf760aa1f4a737ab87,fcfe5c0de74fd7078352d05a805206d8cae4c226b1e8abd3b1ea1502ca45561a,"[""/opt/homebrew/bin/vina"", ""--receptor"", ""/Users/k-atsumi/Documents/Codex/2026-09-18/github-readme-final-report-csv-git/work/repository/runs/20260919_0724_10drug_standardized_redocking/raw/receptors/alpha2.pdbqt"", ""--ligand"", ""/Users/k-atsumi/Documents/Codex/2026-09-18/github-readme-final-report-csv-git/work/repository/runs/20260919_0724_10drug_standardized_redocking/raw/ligands/lorazepam.pdbqt"", ""--out"", ""/Users/k-atsumi/Documents/Codex/2026-09-18/github-readme-final-report-csv-git/work/standardized_redocking/jobs/lorazepam/alpha2/2026091903/poses.pdbqt"", ""--center_x"", ""143.42579952820148"", ""--center_y"", ""96.86254491988079"", ""--center_z"", ""139.9939981778101"", ""--size_x"", ""20.0"", ""--size_y"", ""20.0"", ""--size_z"", ""20.0"", ""--exhaustiveness"", ""8"", ""--num_modes"", ""9"", ""--energy_range"", ""4"", ""--cpu"", ""1"", ""--min_rmsd"", ""1.0"", ""--scoring"", ""vina"", ""--seed"", ""2026091903""]",d984432d53ca8f3ac85cf6d20382a9b3c73482625a01ebbfbab848b3d6e41e6b
lorazepam,alpha2,2026091904,2026-09-19T07:28:21.828594+09:00,2026-09-19T07:28:35.007798+09:00,0,9,success,c3bcd380238909d2b6c7cabc56ab6cb69e4f80613e7640cf760aa1f4a737ab87,fcfe5c0de74fd7078352d05a805206d8cae4c226b1e8abd3b1ea1502ca45561a,"[""/opt/homebrew/bin/vina"", ""--receptor"", ""/Users/k-atsumi/Documents/Codex/2026-09-18/github-readme-final-report-csv-git/work/repository/runs/20260919_0724_10drug_standardized_redocking/raw/receptors/alpha2.pdbqt"", ""--ligand"", ""/Users/k-atsumi/Documents/Codex/2026-09-18/github-readme-final-report-csv-git/work/repository/runs/20260919_0724_10drug_standardized_redocking/raw/ligands/lorazepam.pdbqt"", ""--out"", ""/Users/k-atsumi/Documents/Codex/2026-09-18/github-readme-final-report-csv-git/work/standardized_redocking/jobs/lorazepam/alpha2/2026091904/poses.pdbqt"", ""--center_x"", ""143.42579952820148"", ""--center_y"", ""96.86254491988079"", ""--center_z"", ""139.9939981778101"", ""--size_x"", ""20.0"", ""--size_y"", ""20.0"", ""--size_z"", ""20.0"", ""--exhaustiveness"", ""8"", ""--num_modes"", ""9"", ""--energy_range"", ""4"", ""--cpu"", ""1"", ""--min_rmsd"", ""1.0"", ""--scoring"", ""vina"", ""--seed"", ""2026091904""]",29e1fb1fda22777ad6c45df27ffbd38e04d3e0bd614e7b6c1d8669bf97f12f36
lorazepam,alpha2,2026091905,2026-09-19T07:28:23.839866+09:00,2026-09-19T07:28:38.124925+09:00,0,9,success,c3bcd380238909d2b6c7cabc56ab6cb69e4f80613e7640cf760aa1f4a737ab87,fcfe5c0de74fd7078352d05a805206d8cae4c226b1e8abd3b1ea1502ca45561a,"[""/opt/homebrew/bin/vina"", ""--receptor"", ""/Users/k-atsumi/Documents/Codex/2026-09-18/github-readme-final-report-csv-git/work/repository/runs/20260919_0724_10drug_standardized_redocking/raw/receptors/alpha2.pdbqt"", ""--ligand"", ""/Users/k-atsumi/Documents/Codex/2026-09-18/github-readme-final-report-csv-git/work/repository/runs/20260919_0724_10drug_standardized_redocking/raw/ligands/lorazepam.pdbqt"", ""--out"", ""/Users/k-atsumi/Documents/Codex/2026-09-18/github-readme-final-report-csv-git/work/standardized_redocking/jobs/lorazepam/alpha2/2026091905/poses.pdbqt"", ""--center_x"", ""143.42579952820148"", ""--center_y"", ""96.86254491988079"", ""--center_z"", ""139.9939981778101"", ""--size_x"", ""20.0"", ""--size_y"", ""20.0"", ""--size_z"", ""20.0"", ""--exhaustiveness"", ""8"", ""--num_modes"", ""9"", ""--energy_range"", ""4"", ""--cpu"", ""1"", ""--min_rmsd"", ""1.0"", ""--scoring"", ""vina"", ""--seed"", ""2026091905""]",701392677fe4722c1563b0c0c4d8f7598feed132f8ad2770781948d7027e9ec6
clonazepam,alpha1,2026091901,2026-09-19T07:28:27.009159+09:00,2026-09-19T07:28:44.480985+09:00,0,9,success,1089f81e8bbc900a2522d34c5ed65a11c35f3c8046954386dafde623056a806a,0954fb07c83527a769d1cd81be22000aca55fab4ad3ee7e5581ece8743ee4173,"[""/opt/homebrew/bin/vina"", ""--receptor"", ""/Users/k-atsumi/Documents/Codex/2026-09-18/github-readme-final-report-csv-git/work/repository/runs/20260919_0724_10drug_standardized_redocking/raw/receptors/alpha1.pdbqt"", ""--ligand"", ""/Users/k-atsumi/Documents/Codex/2026-09-18/github-readme-final-report-csv-git/work/repository/runs/20260919_0724_10drug_standardized_redocking/raw/ligands/clonazepam.pdbqt"", ""--out"", ""/Users/k-atsumi/Documents/Codex/2026-09-18/github-readme-final-report-csv-git/work/standardized_redocking/jobs/clonazepam/alpha1/2026091901/poses.pdbqt"", ""--center_x"", ""117.44499969482422"", ""--center_y"", ""157.46474990844726"", ""--center_z"", ""110.48740043640137"", ""--size_x"", ""20.0"", ""--size_y"", ""20.0"", ""--size_z"", ""20.0"", ""--exhaustiveness"", ""8"", ""--num_modes"", ""9"", ""--energy_range"", ""4"", ""--cpu"", ""1"", ""--min_rmsd"", ""1.0"", ""--scoring"", ""vina"", ""--seed"", ""2026091901""]",2d1418f645a18c8cac8b2cc64c14272381d7586c48d0fff62d1b16aaf186265e
clonazepam,alpha1,2026091902,2026-09-19T07:28:31.278127+09:00,2026-09-19T07:28:51.387140+09:00,0,9,success,1089f81e8bbc900a2522d34c5ed65a11c35f3c8046954386dafde623056a806a,0954fb07c83527a769d1cd81be22000aca55fab4ad3ee7e5581ece8743ee4173,"[""/opt/homebrew/bin/vina"", ""--receptor"", ""/Users/k-atsumi/Documents/Codex/2026-09-18/github-readme-final-report-csv-git/work/repository/runs/20260919_0724_10drug_standardized_redocking/raw/receptors/alpha1.pdbqt"", ""--ligand"", ""/Users/k-atsumi/Documents/Codex/2026-09-18/github-readme-final-report-csv-git/work/repository/runs/20260919_0724_10drug_standardized_redocking/raw/ligands/clonazepam.pdbqt"", ""--out"", ""/Users/k-atsumi/Documents/Codex/2026-09-18/github-readme-final-report-csv-git/work/standardized_redocking/jobs/clonazepam/alpha1/2026091902/poses.pdbqt"", ""--center_x"", ""117.44499969482422"", ""--center_y"", ""157.46474990844726"", ""--center_z"", ""110.48740043640137"", ""--size_x"", ""20.0"", ""--size_y"", ""20.0"", ""--size_z"", ""20.0"", ""--exhaustiveness"", ""8"", ""--num_modes"", ""9"", ""--energy_range"", ""4"", ""--cpu"", ""1"", ""--min_rmsd"", ""1.0"", ""--scoring"", ""vina"", ""--seed"", ""2026091902""]",e8370a918a5edd463de3bf1b980e591a37ab647da12b94217e970aba2baa40b1
clonazepam,alpha1,2026091903,2026-09-19T07:28:35.012274+09:00,2026-09-19T07:28:54.534512+09:00,0,9,success,1089f81e8bbc900a2522d34c5ed65a11c35f3c8046954386dafde623056a806a,0954fb07c83527a769d1cd81be22000aca55fab4ad3ee7e5581ece8743ee4173,"[""/opt/homebrew/bin/vina"", ""--receptor"", ""/Users/k-atsumi/Documents/Codex/2026-09-18/github-readme-final-report-csv-git/work/repository/runs/20260919_0724_10drug_standardized_redocking/raw/receptors/alpha1.pdbqt"", ""--ligand"", ""/Users/k-atsumi/Documents/Codex/2026-09-18/github-readme-final-report-csv-git/work/repository/runs/20260919_0724_10drug_standardized_redocking/raw/ligands/clonazepam.pdbqt"", ""--out"", ""/Users/k-atsumi/Documents/Codex/2026-09-18/github-readme-final-report-csv-git/work/standardized_redocking/jobs/clonazepam/alpha1/2026091903/poses.pdbqt"", ""--center_x"", ""117.44499969482422"", ""--center_y"", ""157.46474990844726"", ""--center_z"", ""110.48740043640137"", ""--size_x"", ""20.0"", ""--size_y"", ""20.0"", ""--size_z"", ""20.0"", ""--exhaustiveness"", ""8"", ""--num_modes"", ""9"", ""--energy_range"", ""4"", ""--cpu"", ""1"", ""--min_rmsd"", ""1.0"", ""--scoring"", ""vina"", ""--seed"", ""2026091903""]",9ac57820ff6a04d5fd35b3d9873294a3f42efc113877c7128ca5aa3f81caa892
clonazepam,alpha1,2026091904,2026-09-19T07:28:38.128181+09:00,2026-09-19T07:28:58.381965+09:00,0,9,success,1089f81e8bbc900a2522d34c5ed65a11c35f3c8046954386dafde623056a806a,0954fb07c83527a769d1cd81be22000aca55fab4ad3ee7e5581ece8743ee4173,"[""/opt/homebrew/bin/vina"", ""--receptor"", ""/Users/k-atsumi/Documents/Codex/2026-09-18/github-readme-final-report-csv-git/work/repository/runs/20260919_0724_10drug_standardized_redocking/raw/receptors/alpha1.pdbqt"", ""--ligand"", ""/Users/k-atsumi/Documents/Codex/2026-09-18/github-readme-final-report-csv-git/work/repository/runs/20260919_0724_10drug_standardized_redocking/raw/ligands/clonazepam.pdbqt"", ""--out"", ""/Users/k-atsumi/Documents/Codex/2026-09-18/github-readme-final-report-csv-git/work/standardized_redocking/jobs/clonazepam/alpha1/2026091904/poses.pdbqt"", ""--center_x"", ""117.44499969482422"", ""--center_y"", ""157.46474990844726"", ""--center_z"", ""110.48740043640137"", ""--size_x"", ""20.0"", ""--size_y"", ""20.0"", ""--size_z"", ""20.0"", ""--exhaustiveness"", ""8"", ""--num_modes"", ""9"", ""--energy_range"", ""4"", ""--cpu"", ""1"", ""--min_rmsd"", ""1.0"", ""--scoring"", ""vina"", ""--seed"", ""2026091904""]",48714143541b9e5ff88450741cc6bd5e90477373cdb87e6966cbf0c7e9108380
clonazepam,alpha1,2026091905,2026-09-19T07:28:44.484387+09:00,2026-09-19T07:29:04.122462+09:00,0,9,success,1089f81e8bbc900a2522d34c5ed65a11c35f3c8046954386dafde623056a806a,0954fb07c83527a769d1cd81be22000aca55fab4ad3ee7e5581ece8743ee4173,"[""/opt/homebrew/bin/vina"", ""--receptor"", ""/Users/k-atsumi/Documents/Codex/2026-09-18/github-readme-final-report-csv-git/work/repository/runs/20260919_0724_10drug_standardized_redocking/raw/receptors/alpha1.pdbqt"", ""--ligand"", ""/Users/k-atsumi/Documents/Codex/2026-09-18/github-readme-final-report-csv-git/work/repository/runs/20260919_0724_10drug_standardized_redocking/raw/ligands/clonazepam.pdbqt"", ""--out"", ""/Users/k-atsumi/Documents/Codex/2026-09-18/github-readme-final-report-csv-git/work/standardized_redocking/jobs/clonazepam/alpha1/2026091905/poses.pdbqt"", ""--center_x"", ""117.44499969482422"", ""--center_y"", ""157.46474990844726"", ""--center_z"", ""110.48740043640137"", ""--size_x"", ""20.0"", ""--size_y"", ""20.0"", ""--size_z"", ""20.0"", ""--exhaustiveness"", ""8"", ""--num_modes"", ""9"", ""--energy_range"", ""4"", ""--cpu"", ""1"", ""--min_rmsd"", ""1.0"", ""--scoring"", ""vina"", ""--seed"", ""2026091905""]",6d592d594373ff97844c50079ae3be676c87febd0aa4200bce43e8a92108a3a0
clonazepam,alpha2,2026091901,2026-09-19T07:28:51.392617+09:00,2026-09-19T07:29:15.252650+09:00,0,9,success,c3bcd380238909d2b6c7cabc56ab6cb69e4f80613e7640cf760aa1f4a737ab87,0954fb07c83527a769d1cd81be22000aca55fab4ad3ee7e5581ece8743ee4173,"[""/opt/homebrew/bin/vina"", ""--receptor"", ""/Users/k-atsumi/Documents/Codex/2026-09-18/github-readme-final-report-csv-git/work/repository/runs/20260919_0724_10drug_standardized_redocking/raw/receptors/alpha2.pdbqt"", ""--ligand"", ""/Users/k-atsumi/Documents/Codex/2026-09-18/github-readme-final-report-csv-git/work/repository/runs/20260919_0724_10drug_standardized_redocking/raw/ligands/clonazepam.pdbqt"", ""--out"", ""/Users/k-atsumi/Documents/Codex/2026-09-18/github-readme-final-report-csv-git/work/standardized_redocking/jobs/clonazepam/alpha2/2026091901/poses.pdbqt"", ""--center_x"", ""143.42579952820148"", ""--center_y"", ""96.86254491988079"", ""--center_z"", ""139.9939981778101"", ""--size_x"", ""20.0"", ""--size_y"", ""20.0"", ""--size_z"", ""20.0"", ""--exhaustiveness"", ""8"", ""--num_modes"", ""9"", ""--energy_range"", ""4"", ""--cpu"", ""1"", ""--min_rmsd"", ""1.0"", ""--scoring"", ""vina"", ""--seed"", ""2026091901""]",4ab413d848be0bf9e4e4b62ee33e72325bf919345262155d3563c6e734d8e2f4
clonazepam,alpha2,2026091902,2026-09-19T07:28:54.538779+09:00,2026-09-19T07:29:18.028990+09:00,0,9,success,c3bcd380238909d2b6c7cabc56ab6cb69e4f80613e7640cf760aa1f4a737ab87,0954fb07c83527a769d1cd81be22000aca55fab4ad3ee7e5581ece8743ee4173,"[""/opt/homebrew/bin/vina"", ""--receptor"", ""/Users/k-atsumi/Documents/Codex/2026-09-18/github-readme-final-report-csv-git/work/repository/runs/20260919_0724_10drug_standardized_redocking/raw/receptors/alpha2.pdbqt"", ""--ligand"", ""/Users/k-atsumi/Documents/Codex/2026-09-18/github-readme-final-report-csv-git/work/repository/runs/20260919_0724_10drug_standardized_redocking/raw/ligands/clonazepam.pdbqt"", ""--out"", ""/Users/k-atsumi/Documents/Codex/2026-09-18/github-readme-final-report-csv-git/work/standardized_redocking/jobs/clonazepam/alpha2/2026091902/poses.pdbqt"", ""--center_x"", ""143.42579952820148"", ""--center_y"", ""96.86254491988079"", ""--center_z"", ""139.9939981778101"", ""--size_x"", ""20.0"", ""--size_y"", ""20.0"", ""--size_z"", ""20.0"", ""--exhaustiveness"", ""8"", ""--num_modes"", ""9"", ""--energy_range"", ""4"", ""--cpu"", ""1"", ""--min_rmsd"", ""1.0"", ""--scoring"", ""vina"", ""--seed"", ""2026091902""]",7b8ad39aa8701a04faf0d4437e0c5b917a1764ce210207b259156a11eadb1885
clonazepam,alpha2,2026091903,2026-09-19T07:28:58.385128+09:00,2026-09-19T07:29:21.595184+09:00,0,9,success,c3bcd380238909d2b6c7cabc56ab6cb69e4f80613e7640cf760aa1f4a737ab87,0954fb07c83527a769d1cd81be22000aca55fab4ad3ee7e5581ece8743ee4173,"[""/opt/homebrew/bin/vina"", ""--receptor"", ""/Users/k-atsumi/Documents/Codex/2026-09-18/github-readme-final-report-csv-git/work/repository/runs/20260919_0724_10drug_standardized_redocking/raw/receptors/alpha2.pdbqt"", ""--ligand"", ""/Users/k-atsumi/Documents/Codex/2026-09-18/github-readme-final-report-csv-git/work/repository/runs/20260919_0724_10drug_standardized_redocking/raw/ligands/clonazepam.pdbqt"", ""--out"", ""/Users/k-atsumi/Documents/Codex/2026-09-18/github-readme-final-report-csv-git/work/standardized_redocking/jobs/clonazepam/alpha2/2026091903/poses.pdbqt"", ""--center_x"", ""143.42579952820148"", ""--center_y"", ""96.86254491988079"", ""--center_z"", ""139.9939981778101"", ""--size_x"", ""20.0"", ""--size_y"", ""20.0"", ""--size_z"", ""20.0"", ""--exhaustiveness"", ""8"", ""--num_modes"", ""9"", ""--energy_range"", ""4"", ""--cpu"", ""1"", ""--min_rmsd"", ""1.0"", ""--scoring"", ""vina"", ""--seed"", ""2026091903""]",a53525528940e76ae69fa46534704aa0ffeeb855de912b7aa9cc332d59ac6d0a
clonazepam,alpha2,2026091904,2026-09-19T07:29:04.126555+09:00,2026-09-19T07:29:27.126511+09:00,0,9,success,c3bcd380238909d2b6c7cabc56ab6cb69e4f80613e7640cf760aa1f4a737ab87,0954fb07c83527a769d1cd81be22000aca55fab4ad3ee7e5581ece8743ee4173,"[""/opt/homebrew/bin/vina"", ""--receptor"", ""/Users/k-atsumi/Documents/Codex/2026-09-18/github-readme-final-report-csv-git/work/repository/runs/20260919_0724_10drug_standardized_redocking/raw/receptors/alpha2.pdbqt"", ""--ligand"", ""/Users/k-atsumi/Documents/Codex/2026-09-18/github-readme-final-report-csv-git/work/repository/runs/20260919_0724_10drug_standardized_redocking/raw/ligands/clonazepam.pdbqt"", ""--out"", ""/Users/k-atsumi/Documents/Codex/2026-09-18/github-readme-final-report-csv-git/work/standardized_redocking/jobs/clonazepam/alpha2/2026091904/poses.pdbqt"", ""--center_x"", ""143.42579952820148"", ""--center_y"", ""96.86254491988079"", ""--center_z"", ""139.9939981778101"", ""--size_x"", ""20.0"", ""--size_y"", ""20.0"", ""--size_z"", ""20.0"", ""--exhaustiveness"", ""8"", ""--num_modes"", ""9"", ""--energy_range"", ""4"", ""--cpu"", ""1"", ""--min_rmsd"", ""1.0"", ""--scoring"", ""vina"", ""--seed"", ""2026091904""]",f95f2146cbed33b54af50104e7505b58b9501dfbd2928dd1a5cd2cb0ebdf9fe8
clonazepam,alpha2,2026091905,2026-09-19T07:29:15.256189+09:00,2026-09-19T07:29:39.031644+09:00,0,9,success,c3bcd380238909d2b6c7cabc56ab6cb69e4f80613e7640cf760aa1f4a737ab87,0954fb07c83527a769d1cd81be22000aca55fab4ad3ee7e5581ece8743ee4173,"[""/opt/homebrew/bin/vina"", ""--receptor"", ""/Users/k-atsumi/Documents/Codex/2026-09-18/github-readme-final-report-csv-git/work/repository/runs/20260919_0724_10drug_standardized_redocking/raw/receptors/alpha2.pdbqt"", ""--ligand"", ""/Users/k-atsumi/Documents/Codex/2026-09-18/github-readme-final-report-csv-git/work/repository/runs/20260919_0724_10drug_standardized_redocking/raw/ligands/clonazepam.pdbqt"", ""--out"", ""/Users/k-atsumi/Documents/Codex/2026-09-18/github-readme-final-report-csv-git/work/standardized_redocking/jobs/clonazepam/alpha2/2026091905/poses.pdbqt"", ""--center_x"", ""143.42579952820148"", ""--center_y"", ""96.86254491988079"", ""--center_z"", ""139.9939981778101"", ""--size_x"", ""20.0"", ""--size_y"", ""20.0"", ""--size_z"", ""20.0"", ""--exhaustiveness"", ""8"", ""--num_modes"", ""9"", ""--energy_range"", ""4"", ""--cpu"", ""1"", ""--min_rmsd"", ""1.0"", ""--scoring"", ""vina"", ""--seed"", ""2026091905""]",1376cac8bb01d2075f30ecb2ce9e3e96481127081c5bbad1b10edc5a237360c8
midazolam,alpha1,2026091901,2026-09-19T07:29:18.032243+09:00,2026-09-19T07:29:35.652405+09:00,0,7,success,1089f81e8bbc900a2522d34c5ed65a11c35f3c8046954386dafde623056a806a,3273ec8905f3aeec5eb1991e694bafce82b42d73f180026caedd462693f5d8c5,"[""/opt/homebrew/bin/vina"", ""--receptor"", ""/Users/k-atsumi/Documents/Codex/2026-09-18/github-readme-final-report-csv-git/work/repository/runs/20260919_0724_10drug_standardized_redocking/raw/receptors/alpha1.pdbqt"", ""--ligand"", ""/Users/k-atsumi/Documents/Codex/2026-09-18/github-readme-final-report-csv-git/work/repository/runs/20260919_0724_10drug_standardized_redocking/raw/ligands/midazolam.pdbqt"", ""--out"", ""/Users/k-atsumi/Documents/Codex/2026-09-18/github-readme-final-report-csv-git/work/standardized_redocking/jobs/midazolam/alpha1/2026091901/poses.pdbqt"", ""--center_x"", ""117.44499969482422"", ""--center_y"", ""157.46474990844726"", ""--center_z"", ""110.48740043640137"", ""--size_x"", ""20.0"", ""--size_y"", ""20.0"", ""--size_z"", ""20.0"", ""--exhaustiveness"", ""8"", ""--num_modes"", ""9"", ""--energy_range"", ""4"", ""--cpu"", ""1"", ""--min_rmsd"", ""1.0"", ""--scoring"", ""vina"", ""--seed"", ""2026091901""]",b6ec1b1872f0bb9e6cbd6c848d8f6cadcdb145a2f9cecf915d23331c383552bf
midazolam,alpha1,2026091902,2026-09-19T07:29:21.597939+09:00,2026-09-19T07:29:38.568162+09:00,0,9,success,1089f81e8bbc900a2522d34c5ed65a11c35f3c8046954386dafde623056a806a,3273ec8905f3aeec5eb1991e694bafce82b42d73f180026caedd462693f5d8c5,"[""/opt/homebrew/bin/vina"", ""--receptor"", ""/Users/k-atsumi/Documents/Codex/2026-09-18/github-readme-final-report-csv-git/work/repository/runs/20260919_0724_10drug_standardized_redocking/raw/receptors/alpha1.pdbqt"", ""--ligand"", ""/Users/k-atsumi/Documents/Codex/2026-09-18/github-readme-final-report-csv-git/work/repository/runs/20260919_0724_10drug_standardized_redocking/raw/ligands/midazolam.pdbqt"", ""--out"", ""/Users/k-atsumi/Documents/Codex/2026-09-18/github-readme-final-report-csv-git/work/standardized_redocking/jobs/midazolam/alpha1/2026091902/poses.pdbqt"", ""--center_x"", ""117.44499969482422"", ""--center_y"", ""157.46474990844726"", ""--center_z"", ""110.48740043640137"", ""--size_x"", ""20.0"", ""--size_y"", ""20.0"", ""--size_z"", ""20.0"", ""--exhaustiveness"", ""8"", ""--num_modes"", ""9"", ""--energy_range"", ""4"", ""--cpu"", ""1"", ""--min_rmsd"", ""1.0"", ""--scoring"", ""vina"", ""--seed"", ""2026091902""]",4fb58dc31b2e8e1662985265b9eea0a179d2ff3b166dd0e0aa79ea49c3305d9e
midazolam,alpha1,2026091903,2026-09-19T07:29:27.130719+09:00,2026-09-19T07:29:44.575697+09:00,0,9,success,1089f81e8bbc900a2522d34c5ed65a11c35f3c8046954386dafde623056a806a,3273ec8905f3aeec5eb1991e694bafce82b42d73f180026caedd462693f5d8c5,"[""/opt/homebrew/bin/vina"", ""--receptor"", ""/Users/k-atsumi/Documents/Codex/2026-09-18/github-readme-final-report-csv-git/work/repository/runs/20260919_0724_10drug_standardized_redocking/raw/receptors/alpha1.pdbqt"", ""--ligand"", ""/Users/k-atsumi/Documents/Codex/2026-09-18/github-readme-final-report-csv-git/work/repository/runs/20260919_0724_10drug_standardized_redocking/raw/ligands/midazolam.pdbqt"", ""--out"", ""/Users/k-atsumi/Documents/Codex/2026-09-18/github-readme-final-report-csv-git/work/standardized_redocking/jobs/midazolam/alpha1/2026091903/poses.pdbqt"", ""--center_x"", ""117.44499969482422"", ""--center_y"", ""157.46474990844726"", ""--center_z"", ""110.48740043640137"", ""--size_x"", ""20.0"", ""--size_y"", ""20.0"", ""--size_z"", ""20.0"", ""--exhaustiveness"", ""8"", ""--num_modes"", ""9"", ""--energy_range"", ""4"", ""--cpu"", ""1"", ""--min_rmsd"", ""1.0"", ""--scoring"", ""vina"", ""--seed"", ""2026091903""]",7696b46674285ee62fdb83f100976183f5bdc05fc9ea0979e58a84044103eecc
midazolam,alpha1,2026091904,2026-09-19T07:29:35.655998+09:00,2026-09-19T07:29:53.071495+09:00,0,9,success,1089f81e8bbc900a2522d34c5ed65a11c35f3c8046954386dafde623056a806a,3273ec8905f3aeec5eb1991e694bafce82b42d73f180026caedd462693f5d8c5,"[""/opt/homebrew/bin/vina"", ""--receptor"", ""/Users/k-atsumi/Documents/Codex/2026-09-18/github-readme-final-report-csv-git/work/repository/runs/20260919_0724_10drug_standardized_redocking/raw/receptors/alpha1.pdbqt"", ""--ligand"", ""/Users/k-atsumi/Documents/Codex/2026-09-18/github-readme-final-report-csv-git/work/repository/runs/20260919_0724_10drug_standardized_redocking/raw/ligands/midazolam.pdbqt"", ""--out"", ""/Users/k-atsumi/Documents/Codex/2026-09-18/github-readme-final-report-csv-git/work/standardized_redocking/jobs/midazolam/alpha1/2026091904/poses.pdbqt"", ""--center_x"", ""117.44499969482422"", ""--center_y"", ""157.46474990844726"", ""--center_z"", ""110.48740043640137"", ""--size_x"", ""20.0"", ""--size_y"", ""20.0"", ""--size_z"", ""20.0"", ""--exhaustiveness"", ""8"", ""--num_modes"", ""9"", ""--energy_range"", ""4"", ""--cpu"", ""1"", ""--min_rmsd"", ""1.0"", ""--scoring"", ""vina"", ""--seed"", ""2026091904""]",35c3e0b77228924a5365c3cd19b90ad77591a08dd1481678550b74dcce202b11
midazolam,alpha1,2026091905,2026-09-19T07:29:38.572164+09:00,2026-09-19T07:29:56.223141+09:00,0,9,success,1089f81e8bbc900a2522d34c5ed65a11c35f3c8046954386dafde623056a806a,3273ec8905f3aeec5eb1991e694bafce82b42d73f180026caedd462693f5d8c5,"[""/opt/homebrew/bin/vina"", ""--receptor"", ""/Users/k-atsumi/Documents/Codex/2026-09-18/github-readme-final-report-csv-git/work/repository/runs/20260919_0724_10drug_standardized_redocking/raw/receptors/alpha1.pdbqt"", ""--ligand"", ""/Users/k-atsumi/Documents/Codex/2026-09-18/github-readme-final-report-csv-git/work/repository/runs/20260919_0724_10drug_standardized_redocking/raw/ligands/midazolam.pdbqt"", ""--out"", ""/Users/k-atsumi/Documents/Codex/2026-09-18/github-readme-final-report-csv-git/work/standardized_redocking/jobs/midazolam/alpha1/2026091905/poses.pdbqt"", ""--center_x"", ""117.44499969482422"", ""--center_y"", ""157.46474990844726"", ""--center_z"", ""110.48740043640137"", ""--size_x"", ""20.0"", ""--size_y"", ""20.0"", ""--size_z"", ""20.0"", ""--exhaustiveness"", ""8"", ""--num_modes"", ""9"", ""--energy_range"", ""4"", ""--cpu"", ""1"", ""--min_rmsd"", ""1.0"", ""--scoring"", ""vina"", ""--seed"", ""2026091905""]",b9b37dd1646d694df5bef975c95f36a4f30c780ca9bbb5204be15a8f655f6d47
midazolam,alpha2,2026091901,2026-09-19T07:29:39.034538+09:00,2026-09-19T07:29:57.683440+09:00,0,9,success,c3bcd380238909d2b6c7cabc56ab6cb69e4f80613e7640cf760aa1f4a737ab87,3273ec8905f3aeec5eb1991e694bafce82b42d73f180026caedd462693f5d8c5,"[""/opt/homebrew/bin/vina"", ""--receptor"", ""/Users/k-atsumi/Documents/Codex/2026-09-18/github-readme-final-report-csv-git/work/repository/runs/20260919_0724_10drug_standardized_redocking/raw/receptors/alpha2.pdbqt"", ""--ligand"", ""/Users/k-atsumi/Documents/Codex/2026-09-18/github-readme-final-report-csv-git/work/repository/runs/20260919_0724_10drug_standardized_redocking/raw/ligands/midazolam.pdbqt"", ""--out"", ""/Users/k-atsumi/Documents/Codex/2026-09-18/github-readme-final-report-csv-git/work/standardized_redocking/jobs/midazolam/alpha2/2026091901/poses.pdbqt"", ""--center_x"", ""143.42579952820148"", ""--center_y"", ""96.86254491988079"", ""--center_z"", ""139.9939981778101"", ""--size_x"", ""20.0"", ""--size_y"", ""20.0"", ""--size_z"", ""20.0"", ""--exhaustiveness"", ""8"", ""--num_modes"", ""9"", ""--energy_range"", ""4"", ""--cpu"", ""1"", ""--min_rmsd"", ""1.0"", ""--scoring"", ""vina"", ""--seed"", ""2026091901""]",c13e220351bb608803dc2dd8e5ec9d5b21c9bc4e76f1151a2c89e4f2f7acfd1a
midazolam,alpha2,2026091902,2026-09-19T07:29:44.581011+09:00,2026-09-19T07:30:03.625066+09:00,0,9,success,c3bcd380238909d2b6c7cabc56ab6cb69e4f80613e7640cf760aa1f4a737ab87,3273ec8905f3aeec5eb1991e694bafce82b42d73f180026caedd462693f5d8c5,"[""/opt/homebrew/bin/vina"", ""--receptor"", ""/Users/k-atsumi/Documents/Codex/2026-09-18/github-readme-final-report-csv-git/work/repository/runs/20260919_0724_10drug_standardized_redocking/raw/receptors/alpha2.pdbqt"", ""--ligand"", ""/Users/k-atsumi/Documents/Codex/2026-09-18/github-readme-final-report-csv-git/work/repository/runs/20260919_0724_10drug_standardized_redocking/raw/ligands/midazolam.pdbqt"", ""--out"", ""/Users/k-atsumi/Documents/Codex/2026-09-18/github-readme-final-report-csv-git/work/standardized_redocking/jobs/midazolam/alpha2/2026091902/poses.pdbqt"", ""--center_x"", ""143.42579952820148"", ""--center_y"", ""96.86254491988079"", ""--center_z"", ""139.9939981778101"", ""--size_x"", ""20.0"", ""--size_y"", ""20.0"", ""--size_z"", ""20.0"", ""--exhaustiveness"", ""8"", ""--num_modes"", ""9"", ""--energy_range"", ""4"", ""--cpu"", ""1"", ""--min_rmsd"", ""1.0"", ""--scoring"", ""vina"", ""--seed"", ""2026091902""]",2a3d3c53ce8858d6b47b7f4c76ba9e9d159c2931456db814cbbb8140dd87fd9a
midazolam,alpha2,2026091903,2026-09-19T07:29:53.075617+09:00,2026-09-19T07:30:11.992488+09:00,0,9,success,c3bcd380238909d2b6c7cabc56ab6cb69e4f80613e7640cf760aa1f4a737ab87,3273ec8905f3aeec5eb1991e694bafce82b42d73f180026caedd462693f5d8c5,"[""/opt/homebrew/bin/vina"", ""--receptor"", ""/Users/k-atsumi/Documents/Codex/2026-09-18/github-readme-final-report-csv-git/work/repository/runs/20260919_0724_10drug_standardized_redocking/raw/receptors/alpha2.pdbqt"", ""--ligand"", ""/Users/k-atsumi/Documents/Codex/2026-09-18/github-readme-final-report-csv-git/work/repository/runs/20260919_0724_10drug_standardized_redocking/raw/ligands/midazolam.pdbqt"", ""--out"", ""/Users/k-atsumi/Documents/Codex/2026-09-18/github-readme-final-report-csv-git/work/standardized_redocking/jobs/midazolam/alpha2/2026091903/poses.pdbqt"", ""--center_x"", ""143.42579952820148"", ""--center_y"", ""96.86254491988079"", ""--center_z"", ""139.9939981778101"", ""--size_x"", ""20.0"", ""--size_y"", ""20.0"", ""--size_z"", ""20.0"", ""--exhaustiveness"", ""8"", ""--num_modes"", ""9"", ""--energy_range"", ""4"", ""--cpu"", ""1"", ""--min_rmsd"", ""1.0"", ""--scoring"", ""vina"", ""--seed"", ""2026091903""]",c8babbf8e04079e1a2161595dd273aecde06ef6482042eea6cf3a38989bbf115
midazolam,alpha2,2026091904,2026-09-19T07:29:56.228191+09:00,2026-09-19T07:30:14.691604+09:00,0,9,success,c3bcd380238909d2b6c7cabc56ab6cb69e4f80613e7640cf760aa1f4a737ab87,3273ec8905f3aeec5eb1991e694bafce82b42d73f180026caedd462693f5d8c5,"[""/opt/homebrew/bin/vina"", ""--receptor"", ""/Users/k-atsumi/Documents/Codex/2026-09-18/github-readme-final-report-csv-git/work/repository/runs/20260919_0724_10drug_standardized_redocking/raw/receptors/alpha2.pdbqt"", ""--ligand"", ""/Users/k-atsumi/Documents/Codex/2026-09-18/github-readme-final-report-csv-git/work/repository/runs/20260919_0724_10drug_standardized_redocking/raw/ligands/midazolam.pdbqt"", ""--out"", ""/Users/k-atsumi/Documents/Codex/2026-09-18/github-readme-final-report-csv-git/work/standardized_redocking/jobs/midazolam/alpha2/2026091904/poses.pdbqt"", ""--center_x"", ""143.42579952820148"", ""--center_y"", ""96.86254491988079"", ""--center_z"", ""139.9939981778101"", ""--size_x"", ""20.0"", ""--size_y"", ""20.0"", ""--size_z"", ""20.0"", ""--exhaustiveness"", ""8"", ""--num_modes"", ""9"", ""--energy_range"", ""4"", ""--cpu"", ""1"", ""--min_rmsd"", ""1.0"", ""--scoring"", ""vina"", ""--seed"", ""2026091904""]",76eeeeb2217acdc475984ab579a32efe8fe331854aab7648bddcadabed25d171
midazolam,alpha2,2026091905,2026-09-19T07:29:57.689267+09:00,2026-09-19T07:30:16.578065+09:00,0,9,success,c3bcd380238909d2b6c7cabc56ab6cb69e4f80613e7640cf760aa1f4a737ab87,3273ec8905f3aeec5eb1991e694bafce82b42d73f180026caedd462693f5d8c5,"[""/opt/homebrew/bin/vina"", ""--receptor"", ""/Users/k-atsumi/Documents/Codex/2026-09-18/github-readme-final-report-csv-git/work/repository/runs/20260919_0724_10drug_standardized_redocking/raw/receptors/alpha2.pdbqt"", ""--ligand"", ""/Users/k-atsumi/Documents/Codex/2026-09-18/github-readme-final-report-csv-git/work/repository/runs/20260919_0724_10drug_standardized_redocking/raw/ligands/midazolam.pdbqt"", ""--out"", ""/Users/k-atsumi/Documents/Codex/2026-09-18/github-readme-final-report-csv-git/work/standardized_redocking/jobs/midazolam/alpha2/2026091905/poses.pdbqt"", ""--center_x"", ""143.42579952820148"", ""--center_y"", ""96.86254491988079"", ""--center_z"", ""139.9939981778101"", ""--size_x"", ""20.0"", ""--size_y"", ""20.0"", ""--size_z"", ""20.0"", ""--exhaustiveness"", ""8"", ""--num_modes"", ""9"", ""--energy_range"", ""4"", ""--cpu"", ""1"", ""--min_rmsd"", ""1.0"", ""--scoring"", ""vina"", ""--seed"", ""2026091905""]",db65dd5c57b2a6e4dbe2bfa2c9170a83cc7e88b58ba16f53bfda4bd2f6799dea
temazepam,alpha1,2026091901,2026-09-19T07:30:03.628045+09:00,2026-09-19T07:30:20.148610+09:00,0,9,success,1089f81e8bbc900a2522d34c5ed65a11c35f3c8046954386dafde623056a806a,335396324a34fe73f14ef1cf62b29004069a6a9023c763b02533bd13fbd31708,"[""/opt/homebrew/bin/vina"", ""--receptor"", ""/Users/k-atsumi/Documents/Codex/2026-09-18/github-readme-final-report-csv-git/work/repository/runs/20260919_0724_10drug_standardized_redocking/raw/receptors/alpha1.pdbqt"", ""--ligand"", ""/Users/k-atsumi/Documents/Codex/2026-09-18/github-readme-final-report-csv-git/work/repository/runs/20260919_0724_10drug_standardized_redocking/raw/ligands/temazepam.pdbqt"", ""--out"", ""/Users/k-atsumi/Documents/Codex/2026-09-18/github-readme-final-report-csv-git/work/standardized_redocking/jobs/temazepam/alpha1/2026091901/poses.pdbqt"", ""--center_x"", ""117.44499969482422"", ""--center_y"", ""157.46474990844726"", ""--center_z"", ""110.48740043640137"", ""--size_x"", ""20.0"", ""--size_y"", ""20.0"", ""--size_z"", ""20.0"", ""--exhaustiveness"", ""8"", ""--num_modes"", ""9"", ""--energy_range"", ""4"", ""--cpu"", ""1"", ""--min_rmsd"", ""1.0"", ""--scoring"", ""vina"", ""--seed"", ""2026091901""]",a6d78aaf9adb2d5a3e5ab637a72837224a26fba6d9cf6b510a1aecb8a0a4c4cc
temazepam,alpha1,2026091902,2026-09-19T07:30:11.995865+09:00,2026-09-19T07:30:28.437229+09:00,0,9,success,1089f81e8bbc900a2522d34c5ed65a11c35f3c8046954386dafde623056a806a,335396324a34fe73f14ef1cf62b29004069a6a9023c763b02533bd13fbd31708,"[""/opt/homebrew/bin/vina"", ""--receptor"", ""/Users/k-atsumi/Documents/Codex/2026-09-18/github-readme-final-report-csv-git/work/repository/runs/20260919_0724_10drug_standardized_redocking/raw/receptors/alpha1.pdbqt"", ""--ligand"", ""/Users/k-atsumi/Documents/Codex/2026-09-18/github-readme-final-report-csv-git/work/repository/runs/20260919_0724_10drug_standardized_redocking/raw/ligands/temazepam.pdbqt"", ""--out"", ""/Users/k-atsumi/Documents/Codex/2026-09-18/github-readme-final-report-csv-git/work/standardized_redocking/jobs/temazepam/alpha1/2026091902/poses.pdbqt"", ""--center_x"", ""117.44499969482422"", ""--center_y"", ""157.46474990844726"", ""--center_z"", ""110.48740043640137"", ""--size_x"", ""20.0"", ""--size_y"", ""20.0"", ""--size_z"", ""20.0"", ""--exhaustiveness"", ""8"", ""--num_modes"", ""9"", ""--energy_range"", ""4"", ""--cpu"", ""1"", ""--min_rmsd"", ""1.0"", ""--scoring"", ""vina"", ""--seed"", ""2026091902""]",f0345407e3091e5696391b86ca78cc2d1503c661367a0201f9fcecf06607f143
temazepam,alpha1,2026091903,2026-09-19T07:30:14.694097+09:00,2026-09-19T07:30:31.222352+09:00,0,9,success,1089f81e8bbc900a2522d34c5ed65a11c35f3c8046954386dafde623056a806a,335396324a34fe73f14ef1cf62b29004069a6a9023c763b02533bd13fbd31708,"[""/opt/homebrew/bin/vina"", ""--receptor"", ""/Users/k-atsumi/Documents/Codex/2026-09-18/github-readme-final-report-csv-git/work/repository/runs/20260919_0724_10drug_standardized_redocking/raw/receptors/alpha1.pdbqt"", ""--ligand"", ""/Users/k-atsumi/Documents/Codex/2026-09-18/github-readme-final-report-csv-git/work/repository/runs/20260919_0724_10drug_standardized_redocking/raw/ligands/temazepam.pdbqt"", ""--out"", ""/Users/k-atsumi/Documents/Codex/2026-09-18/github-readme-final-report-csv-git/work/standardized_redocking/jobs/temazepam/alpha1/2026091903/poses.pdbqt"", ""--center_x"", ""117.44499969482422"", ""--center_y"", ""157.46474990844726"", ""--center_z"", ""110.48740043640137"", ""--size_x"", ""20.0"", ""--size_y"", ""20.0"", ""--size_z"", ""20.0"", ""--exhaustiveness"", ""8"", ""--num_modes"", ""9"", ""--energy_range"", ""4"", ""--cpu"", ""1"", ""--min_rmsd"", ""1.0"", ""--scoring"", ""vina"", ""--seed"", ""2026091903""]",c2bcff0aca3c2fe5a1dc4d270d58b3dd188daf8865493e4eb713aae9a3b05570
temazepam,alpha1,2026091904,2026-09-19T07:30:16.582189+09:00,2026-09-19T07:30:33.187118+09:00,0,9,success,1089f81e8bbc900a2522d34c5ed65a11c35f3c8046954386dafde623056a806a,335396324a34fe73f14ef1cf62b29004069a6a9023c763b02533bd13fbd31708,"[""/opt/homebrew/bin/vina"", ""--receptor"", ""/Users/k-atsumi/Documents/Codex/2026-09-18/github-readme-final-report-csv-git/work/repository/runs/20260919_0724_10drug_standardized_redocking/raw/receptors/alpha1.pdbqt"", ""--ligand"", ""/Users/k-atsumi/Documents/Codex/2026-09-18/github-readme-final-report-csv-git/work/repository/runs/20260919_0724_10drug_standardized_redocking/raw/ligands/temazepam.pdbqt"", ""--out"", ""/Users/k-atsumi/Documents/Codex/2026-09-18/github-readme-final-report-csv-git/work/standardized_redocking/jobs/temazepam/alpha1/2026091904/poses.pdbqt"", ""--center_x"", ""117.44499969482422"", ""--center_y"", ""157.46474990844726"", ""--center_z"", ""110.48740043640137"", ""--size_x"", ""20.0"", ""--size_y"", ""20.0"", ""--size_z"", ""20.0"", ""--exhaustiveness"", ""8"", ""--num_modes"", ""9"", ""--energy_range"", ""4"", ""--cpu"", ""1"", ""--min_rmsd"", ""1.0"", ""--scoring"", ""vina"", ""--seed"", ""2026091904""]",0aae11b8d83fcea7c70cb4ec7488bf94fe02c907a22fdce5217bccab5ab699f2
temazepam,alpha1,2026091905,2026-09-19T07:30:20.153830+09:00,2026-09-19T07:30:37.337410+09:00,0,9,success,1089f81e8bbc900a2522d34c5ed65a11c35f3c8046954386dafde623056a806a,335396324a34fe73f14ef1cf62b29004069a6a9023c763b02533bd13fbd31708,"[""/opt/homebrew/bin/vina"", ""--receptor"", ""/Users/k-atsumi/Documents/Codex/2026-09-18/github-readme-final-report-csv-git/work/repository/runs/20260919_0724_10drug_standardized_redocking/raw/receptors/alpha1.pdbqt"", ""--ligand"", ""/Users/k-atsumi/Documents/Codex/2026-09-18/github-readme-final-report-csv-git/work/repository/runs/20260919_0724_10drug_standardized_redocking/raw/ligands/temazepam.pdbqt"", ""--out"", ""/Users/k-atsumi/Documents/Codex/2026-09-18/github-readme-final-report-csv-git/work/standardized_redocking/jobs/temazepam/alpha1/2026091905/poses.pdbqt"", ""--center_x"", ""117.44499969482422"", ""--center_y"", ""157.46474990844726"", ""--center_z"", ""110.48740043640137"", ""--size_x"", ""20.0"", ""--size_y"", ""20.0"", ""--size_z"", ""20.0"", ""--exhaustiveness"", ""8"", ""--num_modes"", ""9"", ""--energy_range"", ""4"", ""--cpu"", ""1"", ""--min_rmsd"", ""1.0"", ""--scoring"", ""vina"", ""--seed"", ""2026091905""]",0b4d02ac415e8fd808d604480b948e25f8cea826ce49532813bd482760ec5052
temazepam,alpha2,2026091901,2026-09-19T07:30:28.442084+09:00,2026-09-19T07:30:47.427903+09:00,0,9,success,c3bcd380238909d2b6c7cabc56ab6cb69e4f80613e7640cf760aa1f4a737ab87,335396324a34fe73f14ef1cf62b29004069a6a9023c763b02533bd13fbd31708,"[""/opt/homebrew/bin/vina"", ""--receptor"", ""/Users/k-atsumi/Documents/Codex/2026-09-18/github-readme-final-report-csv-git/work/repository/runs/20260919_0724_10drug_standardized_redocking/raw/receptors/alpha2.pdbqt"", ""--ligand"", ""/Users/k-atsumi/Documents/Codex/2026-09-18/github-readme-final-report-csv-git/work/repository/runs/20260919_0724_10drug_standardized_redocking/raw/ligands/temazepam.pdbqt"", ""--out"", ""/Users/k-atsumi/Documents/Codex/2026-09-18/github-readme-final-report-csv-git/work/standardized_redocking/jobs/temazepam/alpha2/2026091901/poses.pdbqt"", ""--center_x"", ""143.42579952820148"", ""--center_y"", ""96.86254491988079"", ""--center_z"", ""139.9939981778101"", ""--size_x"", ""20.0"", ""--size_y"", ""20.0"", ""--size_z"", ""20.0"", ""--exhaustiveness"", ""8"", ""--num_modes"", ""9"", ""--energy_range"", ""4"", ""--cpu"", ""1"", ""--min_rmsd"", ""1.0"", ""--scoring"", ""vina"", ""--seed"", ""2026091901""]",473c19d95d207db3fb64a9be21b920c5aabcd9ad09814716b28ae699750e278c
temazepam,alpha2,2026091902,2026-09-19T07:30:31.226270+09:00,2026-09-19T07:30:50.007420+09:00,0,9,success,c3bcd380238909d2b6c7cabc56ab6cb69e4f80613e7640cf760aa1f4a737ab87,335396324a34fe73f14ef1cf62b29004069a6a9023c763b02533bd13fbd31708,"[""/opt/homebrew/bin/vina"", ""--receptor"", ""/Users/k-atsumi/Documents/Codex/2026-09-18/github-readme-final-report-csv-git/work/repository/runs/20260919_0724_10drug_standardized_redocking/raw/receptors/alpha2.pdbqt"", ""--ligand"", ""/Users/k-atsumi/Documents/Codex/2026-09-18/github-readme-final-report-csv-git/work/repository/runs/20260919_0724_10drug_standardized_redocking/raw/ligands/temazepam.pdbqt"", ""--out"", ""/Users/k-atsumi/Documents/Codex/2026-09-18/github-readme-final-report-csv-git/work/standardized_redocking/jobs/temazepam/alpha2/2026091902/poses.pdbqt"", ""--center_x"", ""143.42579952820148"", ""--center_y"", ""96.86254491988079"", ""--center_z"", ""139.9939981778101"", ""--size_x"", ""20.0"", ""--size_y"", ""20.0"", ""--size_z"", ""20.0"", ""--exhaustiveness"", ""8"", ""--num_modes"", ""9"", ""--energy_range"", ""4"", ""--cpu"", ""1"", ""--min_rmsd"", ""1.0"", ""--scoring"", ""vina"", ""--seed"", ""2026091902""]",c8fe20e250ef7e90a4a59833cd2f865f7233d849545bdf620f791a5f0c8015f1
temazepam,alpha2,2026091903,2026-09-19T07:30:33.190888+09:00,2026-09-19T07:30:51.810832+09:00,0,9,success,c3bcd380238909d2b6c7cabc56ab6cb69e4f80613e7640cf760aa1f4a737ab87,335396324a34fe73f14ef1cf62b29004069a6a9023c763b02533bd13fbd31708,"[""/opt/homebrew/bin/vina"", ""--receptor"", ""/Users/k-atsumi/Documents/Codex/2026-09-18/github-readme-final-report-csv-git/work/repository/runs/20260919_0724_10drug_standardized_redocking/raw/receptors/alpha2.pdbqt"", ""--ligand"", ""/Users/k-atsumi/Documents/Codex/2026-09-18/github-readme-final-report-csv-git/work/repository/runs/20260919_0724_10drug_standardized_redocking/raw/ligands/temazepam.pdbqt"", ""--out"", ""/Users/k-atsumi/Documents/Codex/2026-09-18/github-readme-final-report-csv-git/work/standardized_redocking/jobs/temazepam/alpha2/2026091903/poses.pdbqt"", ""--center_x"", ""143.42579952820148"", ""--center_y"", ""96.86254491988079"", ""--center_z"", ""139.9939981778101"", ""--size_x"", ""20.0"", ""--size_y"", ""20.0"", ""--size_z"", ""20.0"", ""--exhaustiveness"", ""8"", ""--num_modes"", ""9"", ""--energy_range"", ""4"", ""--cpu"", ""1"", ""--min_rmsd"", ""1.0"", ""--scoring"", ""vina"", ""--seed"", ""2026091903""]",92feb2ccd96bb71f4a318721e25d97fe497a090b1e0dd13a4b13b03052b72614
temazepam,alpha2,2026091904,2026-09-19T07:30:37.341883+09:00,2026-09-19T07:30:55.936908+09:00,0,9,success,c3bcd380238909d2b6c7cabc56ab6cb69e4f80613e7640cf760aa1f4a737ab87,335396324a34fe73f14ef1cf62b29004069a6a9023c763b02533bd13fbd31708,"[""/opt/homebrew/bin/vina"", ""--receptor"", ""/Users/k-atsumi/Documents/Codex/2026-09-18/github-readme-final-report-csv-git/work/repository/runs/20260919_0724_10drug_standardized_redocking/raw/receptors/alpha2.pdbqt"", ""--ligand"", ""/Users/k-atsumi/Documents/Codex/2026-09-18/github-readme-final-report-csv-git/work/repository/runs/20260919_0724_10drug_standardized_redocking/raw/ligands/temazepam.pdbqt"", ""--out"", ""/Users/k-atsumi/Documents/Codex/2026-09-18/github-readme-final-report-csv-git/work/standardized_redocking/jobs/temazepam/alpha2/2026091904/poses.pdbqt"", ""--center_x"", ""143.42579952820148"", ""--center_y"", ""96.86254491988079"", ""--center_z"", ""139.9939981778101"", ""--size_x"", ""20.0"", ""--size_y"", ""20.0"", ""--size_z"", ""20.0"", ""--exhaustiveness"", ""8"", ""--num_modes"", ""9"", ""--energy_range"", ""4"", ""--cpu"", ""1"", ""--min_rmsd"", ""1.0"", ""--scoring"", ""vina"", ""--seed"", ""2026091904""]",00ba1d490e77e539ba1d830b7cc7daaf5baf9e2a557cfcc1e092e92e782b65af
temazepam,alpha2,2026091905,2026-09-19T07:30:47.431146+09:00,2026-09-19T07:31:06.128418+09:00,0,9,success,c3bcd380238909d2b6c7cabc56ab6cb69e4f80613e7640cf760aa1f4a737ab87,335396324a34fe73f14ef1cf62b29004069a6a9023c763b02533bd13fbd31708,"[""/opt/homebrew/bin/vina"", ""--receptor"", ""/Users/k-atsumi/Documents/Codex/2026-09-18/github-readme-final-report-csv-git/work/repository/runs/20260919_0724_10drug_standardized_redocking/raw/receptors/alpha2.pdbqt"", ""--ligand"", ""/Users/k-atsumi/Documents/Codex/2026-09-18/github-readme-final-report-csv-git/work/repository/runs/20260919_0724_10drug_standardized_redocking/raw/ligands/temazepam.pdbqt"", ""--out"", ""/Users/k-atsumi/Documents/Codex/2026-09-18/github-readme-final-report-csv-git/work/standardized_redocking/jobs/temazepam/alpha2/2026091905/poses.pdbqt"", ""--center_x"", ""143.42579952820148"", ""--center_y"", ""96.86254491988079"", ""--center_z"", ""139.9939981778101"", ""--size_x"", ""20.0"", ""--size_y"", ""20.0"", ""--size_z"", ""20.0"", ""--exhaustiveness"", ""8"", ""--num_modes"", ""9"", ""--energy_range"", ""4"", ""--cpu"", ""1"", ""--min_rmsd"", ""1.0"", ""--scoring"", ""vina"", ""--seed"", ""2026091905""]",4d7e19251eb09ab2125650a558c5dab4df30966ae319d903ece085104475268c
zopiclone,alpha1,2026091901,2026-09-19T07:30:50.011392+09:00,2026-09-19T07:31:34.701178+09:00,0,9,success,1089f81e8bbc900a2522d34c5ed65a11c35f3c8046954386dafde623056a806a,bc5c31cc2bed6550b60b50f72e0225cdbf7bfeb4df744b53feeba1be9f2cf78b,"[""/opt/homebrew/bin/vina"", ""--receptor"", ""/Users/k-atsumi/Documents/Codex/2026-09-18/github-readme-final-report-csv-git/work/repository/runs/20260919_0724_10drug_standardized_redocking/raw/receptors/alpha1.pdbqt"", ""--ligand"", ""/Users/k-atsumi/Documents/Codex/2026-09-18/github-readme-final-report-csv-git/work/repository/runs/20260919_0724_10drug_standardized_redocking/raw/ligands/zopiclone.pdbqt"", ""--out"", ""/Users/k-atsumi/Documents/Codex/2026-09-18/github-readme-final-report-csv-git/work/standardized_redocking/jobs/zopiclone/alpha1/2026091901/poses.pdbqt"", ""--center_x"", ""117.44499969482422"", ""--center_y"", ""157.46474990844726"", ""--center_z"", ""110.48740043640137"", ""--size_x"", ""20.0"", ""--size_y"", ""20.0"", ""--size_z"", ""20.0"", ""--exhaustiveness"", ""8"", ""--num_modes"", ""9"", ""--energy_range"", ""4"", ""--cpu"", ""1"", ""--min_rmsd"", ""1.0"", ""--scoring"", ""vina"", ""--seed"", ""2026091901""]",8ebf30ee78a28a24d976c9b80a346c2092cb718eafc7123ad70c02e63d4f6b89
zopiclone,alpha1,2026091902,2026-09-19T07:30:51.815330+09:00,2026-09-19T07:31:36.142244+09:00,0,9,success,1089f81e8bbc900a2522d34c5ed65a11c35f3c8046954386dafde623056a806a,bc5c31cc2bed6550b60b50f72e0225cdbf7bfeb4df744b53feeba1be9f2cf78b,"[""/opt/homebrew/bin/vina"", ""--receptor"", ""/Users/k-atsumi/Documents/Codex/2026-09-18/github-readme-final-report-csv-git/work/repository/runs/20260919_0724_10drug_standardized_redocking/raw/receptors/alpha1.pdbqt"", ""--ligand"", ""/Users/k-atsumi/Documents/Codex/2026-09-18/github-readme-final-report-csv-git/work/repository/runs/20260919_0724_10drug_standardized_redocking/raw/ligands/zopiclone.pdbqt"", ""--out"", ""/Users/k-atsumi/Documents/Codex/2026-09-18/github-readme-final-report-csv-git/work/standardized_redocking/jobs/zopiclone/alpha1/2026091902/poses.pdbqt"", ""--center_x"", ""117.44499969482422"", ""--center_y"", ""157.46474990844726"", ""--center_z"", ""110.48740043640137"", ""--size_x"", ""20.0"", ""--size_y"", ""20.0"", ""--size_z"", ""20.0"", ""--exhaustiveness"", ""8"", ""--num_modes"", ""9"", ""--energy_range"", ""4"", ""--cpu"", ""1"", ""--min_rmsd"", ""1.0"", ""--scoring"", ""vina"", ""--seed"", ""2026091902""]",16f3385938ae3d0e5bec05cf4365eae24ecbb7c0bef0f1469086e6662b18af0e
zopiclone,alpha1,2026091903,2026-09-19T07:30:55.941005+09:00,2026-09-19T07:31:40.992383+09:00,0,9,success,1089f81e8bbc900a2522d34c5ed65a11c35f3c8046954386dafde623056a806a,bc5c31cc2bed6550b60b50f72e0225cdbf7bfeb4df744b53feeba1be9f2cf78b,"[""/opt/homebrew/bin/vina"", ""--receptor"", ""/Users/k-atsumi/Documents/Codex/2026-09-18/github-readme-final-report-csv-git/work/repository/runs/20260919_0724_10drug_standardized_redocking/raw/receptors/alpha1.pdbqt"", ""--ligand"", ""/Users/k-atsumi/Documents/Codex/2026-09-18/github-readme-final-report-csv-git/work/repository/runs/20260919_0724_10drug_standardized_redocking/raw/ligands/zopiclone.pdbqt"", ""--out"", ""/Users/k-atsumi/Documents/Codex/2026-09-18/github-readme-final-report-csv-git/work/standardized_redocking/jobs/zopiclone/alpha1/2026091903/poses.pdbqt"", ""--center_x"", ""117.44499969482422"", ""--center_y"", ""157.46474990844726"", ""--center_z"", ""110.48740043640137"", ""--size_x"", ""20.0"", ""--size_y"", ""20.0"", ""--size_z"", ""20.0"", ""--exhaustiveness"", ""8"", ""--num_modes"", ""9"", ""--energy_range"", ""4"", ""--cpu"", ""1"", ""--min_rmsd"", ""1.0"", ""--scoring"", ""vina"", ""--seed"", ""2026091903""]",0565f5778366ae3b2497c9c3baddac1d53e5d264921a529aa68c42d8763c9520
zopiclone,alpha1,2026091904,2026-09-19T07:31:06.131282+09:00,2026-09-19T07:31:52.984246+09:00,0,9,success,1089f81e8bbc900a2522d34c5ed65a11c35f3c8046954386dafde623056a806a,bc5c31cc2bed6550b60b50f72e0225cdbf7bfeb4df744b53feeba1be9f2cf78b,"[""/opt/homebrew/bin/vina"", ""--receptor"", ""/Users/k-atsumi/Documents/Codex/2026-09-18/github-readme-final-report-csv-git/work/repository/runs/20260919_0724_10drug_standardized_redocking/raw/receptors/alpha1.pdbqt"", ""--ligand"", ""/Users/k-atsumi/Documents/Codex/2026-09-18/github-readme-final-report-csv-git/work/repository/runs/20260919_0724_10drug_standardized_redocking/raw/ligands/zopiclone.pdbqt"", ""--out"", ""/Users/k-atsumi/Documents/Codex/2026-09-18/github-readme-final-report-csv-git/work/standardized_redocking/jobs/zopiclone/alpha1/2026091904/poses.pdbqt"", ""--center_x"", ""117.44499969482422"", ""--center_y"", ""157.46474990844726"", ""--center_z"", ""110.48740043640137"", ""--size_x"", ""20.0"", ""--size_y"", ""20.0"", ""--size_z"", ""20.0"", ""--exhaustiveness"", ""8"", ""--num_modes"", ""9"", ""--energy_range"", ""4"", ""--cpu"", ""1"", ""--min_rmsd"", ""1.0"", ""--scoring"", ""vina"", ""--seed"", ""2026091904""]",6120bd67f97099980f7d35fed41783e6302e7c04d1122e7ff2acf1b458d55891
zopiclone,alpha1,2026091905,2026-09-19T07:31:34.706222+09:00,2026-09-19T07:32:21.925146+09:00,0,9,success,1089f81e8bbc900a2522d34c5ed65a11c35f3c8046954386dafde623056a806a,bc5c31cc2bed6550b60b50f72e0225cdbf7bfeb4df744b53feeba1be9f2cf78b,"[""/opt/homebrew/bin/vina"", ""--receptor"", ""/Users/k-atsumi/Documents/Codex/2026-09-18/github-readme-final-report-csv-git/work/repository/runs/20260919_0724_10drug_standardized_redocking/raw/receptors/alpha1.pdbqt"", ""--ligand"", ""/Users/k-atsumi/Documents/Codex/2026-09-18/github-readme-final-report-csv-git/work/repository/runs/20260919_0724_10drug_standardized_redocking/raw/ligands/zopiclone.pdbqt"", ""--out"", ""/Users/k-atsumi/Documents/Codex/2026-09-18/github-readme-final-report-csv-git/work/standardized_redocking/jobs/zopiclone/alpha1/2026091905/poses.pdbqt"", ""--center_x"", ""117.44499969482422"", ""--center_y"", ""157.46474990844726"", ""--center_z"", ""110.48740043640137"", ""--size_x"", ""20.0"", ""--size_y"", ""20.0"", ""--size_z"", ""20.0"", ""--exhaustiveness"", ""8"", ""--num_modes"", ""9"", ""--energy_range"", ""4"", ""--cpu"", ""1"", ""--min_rmsd"", ""1.0"", ""--scoring"", ""vina"", ""--seed"", ""2026091905""]",e0737d362291acaa6a12414b2169b6e110e2a96e9a98894bc3222a6b8bb9e044
zopiclone,alpha2,2026091901,2026-09-19T07:31:36.149429+09:00,2026-09-19T07:32:33.986922+09:00,0,9,success,c3bcd380238909d2b6c7cabc56ab6cb69e4f80613e7640cf760aa1f4a737ab87,bc5c31cc2bed6550b60b50f72e0225cdbf7bfeb4df744b53feeba1be9f2cf78b,"[""/opt/homebrew/bin/vina"", ""--receptor"", ""/Users/k-atsumi/Documents/Codex/2026-09-18/github-readme-final-report-csv-git/work/repository/runs/20260919_0724_10drug_standardized_redocking/raw/receptors/alpha2.pdbqt"", ""--ligand"", ""/Users/k-atsumi/Documents/Codex/2026-09-18/github-readme-final-report-csv-git/work/repository/runs/20260919_0724_10drug_standardized_redocking/raw/ligands/zopiclone.pdbqt"", ""--out"", ""/Users/k-atsumi/Documents/Codex/2026-09-18/github-readme-final-report-csv-git/work/standardized_redocking/jobs/zopiclone/alpha2/2026091901/poses.pdbqt"", ""--center_x"", ""143.42579952820148"", ""--center_y"", ""96.86254491988079"", ""--center_z"", ""139.9939981778101"", ""--size_x"", ""20.0"", ""--size_y"", ""20.0"", ""--size_z"", ""20.0"", ""--exhaustiveness"", ""8"", ""--num_modes"", ""9"", ""--energy_range"", ""4"", ""--cpu"", ""1"", ""--min_rmsd"", ""1.0"", ""--scoring"", ""vina"", ""--seed"", ""2026091901""]",efabf23258d4c1fe37fc69a7a6653b8a2b9fbbfdad079141d03f81f65c164b49
zopiclone,alpha2,2026091902,2026-09-19T07:31:40.996623+09:00,2026-09-19T07:32:38.475725+09:00,0,9,success,c3bcd380238909d2b6c7cabc56ab6cb69e4f80613e7640cf760aa1f4a737ab87,bc5c31cc2bed6550b60b50f72e0225cdbf7bfeb4df744b53feeba1be9f2cf78b,"[""/opt/homebrew/bin/vina"", ""--receptor"", ""/Users/k-atsumi/Documents/Codex/2026-09-18/github-readme-final-report-csv-git/work/repository/runs/20260919_0724_10drug_standardized_redocking/raw/receptors/alpha2.pdbqt"", ""--ligand"", ""/Users/k-atsumi/Documents/Codex/2026-09-18/github-readme-final-report-csv-git/work/repository/runs/20260919_0724_10drug_standardized_redocking/raw/ligands/zopiclone.pdbqt"", ""--out"", ""/Users/k-atsumi/Documents/Codex/2026-09-18/github-readme-final-report-csv-git/work/standardized_redocking/jobs/zopiclone/alpha2/2026091902/poses.pdbqt"", ""--center_x"", ""143.42579952820148"", ""--center_y"", ""96.86254491988079"", ""--center_z"", ""139.9939981778101"", ""--size_x"", ""20.0"", ""--size_y"", ""20.0"", ""--size_z"", ""20.0"", ""--exhaustiveness"", ""8"", ""--num_modes"", ""9"", ""--energy_range"", ""4"", ""--cpu"", ""1"", ""--min_rmsd"", ""1.0"", ""--scoring"", ""vina"", ""--seed"", ""2026091902""]",74c31df1744a72d7101be39402567253091bfbbe643218a93d2178ff3a8d2b71
zopiclone,alpha2,2026091903,2026-09-19T07:31:52.988489+09:00,2026-09-19T07:32:50.156913+09:00,0,9,success,c3bcd380238909d2b6c7cabc56ab6cb69e4f80613e7640cf760aa1f4a737ab87,bc5c31cc2bed6550b60b50f72e0225cdbf7bfeb4df744b53feeba1be9f2cf78b,"[""/opt/homebrew/bin/vina"", ""--receptor"", ""/Users/k-atsumi/Documents/Codex/2026-09-18/github-readme-final-report-csv-git/work/repository/runs/20260919_0724_10drug_standardized_redocking/raw/receptors/alpha2.pdbqt"", ""--ligand"", ""/Users/k-atsumi/Documents/Codex/2026-09-18/github-readme-final-report-csv-git/work/repository/runs/20260919_0724_10drug_standardized_redocking/raw/ligands/zopiclone.pdbqt"", ""--out"", ""/Users/k-atsumi/Documents/Codex/2026-09-18/github-readme-final-report-csv-git/work/standardized_redocking/jobs/zopiclone/alpha2/2026091903/poses.pdbqt"", ""--center_x"", ""143.42579952820148"", ""--center_y"", ""96.86254491988079"", ""--center_z"", ""139.9939981778101"", ""--size_x"", ""20.0"", ""--size_y"", ""20.0"", ""--size_z"", ""20.0"", ""--exhaustiveness"", ""8"", ""--num_modes"", ""9"", ""--energy_range"", ""4"", ""--cpu"", ""1"", ""--min_rmsd"", ""1.0"", ""--scoring"", ""vina"", ""--seed"", ""2026091903""]",4b77cb2dd26dc8f3c98d70afc4c42d9bfb5b75f17112aec3b7464393f9fb269a
zopiclone,alpha2,2026091904,2026-09-19T07:32:21.931937+09:00,2026-09-19T07:33:20.015375+09:00,0,9,success,c3bcd380238909d2b6c7cabc56ab6cb69e4f80613e7640cf760aa1f4a737ab87,bc5c31cc2bed6550b60b50f72e0225cdbf7bfeb4df744b53feeba1be9f2cf78b,"[""/opt/homebrew/bin/vina"", ""--receptor"", ""/Users/k-atsumi/Documents/Codex/2026-09-18/github-readme-final-report-csv-git/work/repository/runs/20260919_0724_10drug_standardized_redocking/raw/receptors/alpha2.pdbqt"", ""--ligand"", ""/Users/k-atsumi/Documents/Codex/2026-09-18/github-readme-final-report-csv-git/work/repository/runs/20260919_0724_10drug_standardized_redocking/raw/ligands/zopiclone.pdbqt"", ""--out"", ""/Users/k-atsumi/Documents/Codex/2026-09-18/github-readme-final-report-csv-git/work/standardized_redocking/jobs/zopiclone/alpha2/2026091904/poses.pdbqt"", ""--center_x"", ""143.42579952820148"", ""--center_y"", ""96.86254491988079"", ""--center_z"", ""139.9939981778101"", ""--size_x"", ""20.0"", ""--size_y"", ""20.0"", ""--size_z"", ""20.0"", ""--exhaustiveness"", ""8"", ""--num_modes"", ""9"", ""--energy_range"", ""4"", ""--cpu"", ""1"", ""--min_rmsd"", ""1.0"", ""--scoring"", ""vina"", ""--seed"", ""2026091904""]",944e5783b852c068a4ea5b7b518fe2c72cde08c7565e88e86158d4610eff3105
zopiclone,alpha2,2026091905,2026-09-19T07:32:33.992207+09:00,2026-09-19T07:33:32.216097+09:00,0,9,success,c3bcd380238909d2b6c7cabc56ab6cb69e4f80613e7640cf760aa1f4a737ab87,bc5c31cc2bed6550b60b50f72e0225cdbf7bfeb4df744b53feeba1be9f2cf78b,"[""/opt/homebrew/bin/vina"", ""--receptor"", ""/Users/k-atsumi/Documents/Codex/2026-09-18/github-readme-final-report-csv-git/work/repository/runs/20260919_0724_10drug_standardized_redocking/raw/receptors/alpha2.pdbqt"", ""--ligand"", ""/Users/k-atsumi/Documents/Codex/2026-09-18/github-readme-final-report-csv-git/work/repository/runs/20260919_0724_10drug_standardized_redocking/raw/ligands/zopiclone.pdbqt"", ""--out"", ""/Users/k-atsumi/Documents/Codex/2026-09-18/github-readme-final-report-csv-git/work/standardized_redocking/jobs/zopiclone/alpha2/2026091905/poses.pdbqt"", ""--center_x"", ""143.42579952820148"", ""--center_y"", ""96.86254491988079"", ""--center_z"", ""139.9939981778101"", ""--size_x"", ""20.0"", ""--size_y"", ""20.0"", ""--size_z"", ""20.0"", ""--exhaustiveness"", ""8"", ""--num_modes"", ""9"", ""--energy_range"", ""4"", ""--cpu"", ""1"", ""--min_rmsd"", ""1.0"", ""--scoring"", ""vina"", ""--seed"", ""2026091905""]",b45a84a3f8f1d7c6743d924bbb7d610d6b7dcdffd57a60478c615734006c2d7a
zaleplon,alpha1,2026091901,2026-09-19T07:32:38.482367+09:00,2026-09-19T07:33:12.285014+09:00,0,9,success,1089f81e8bbc900a2522d34c5ed65a11c35f3c8046954386dafde623056a806a,b66de494c2f2d6385dd4d9ab38d1a603860a54f9f6569fd622921c05b050c525,"[""/opt/homebrew/bin/vina"", ""--receptor"", ""/Users/k-atsumi/Documents/Codex/2026-09-18/github-readme-final-report-csv-git/work/repository/runs/20260919_0724_10drug_standardized_redocking/raw/receptors/alpha1.pdbqt"", ""--ligand"", ""/Users/k-atsumi/Documents/Codex/2026-09-18/github-readme-final-report-csv-git/work/repository/runs/20260919_0724_10drug_standardized_redocking/raw/ligands/zaleplon.pdbqt"", ""--out"", ""/Users/k-atsumi/Documents/Codex/2026-09-18/github-readme-final-report-csv-git/work/standardized_redocking/jobs/zaleplon/alpha1/2026091901/poses.pdbqt"", ""--center_x"", ""117.44499969482422"", ""--center_y"", ""157.46474990844726"", ""--center_z"", ""110.48740043640137"", ""--size_x"", ""20.0"", ""--size_y"", ""20.0"", ""--size_z"", ""20.0"", ""--exhaustiveness"", ""8"", ""--num_modes"", ""9"", ""--energy_range"", ""4"", ""--cpu"", ""1"", ""--min_rmsd"", ""1.0"", ""--scoring"", ""vina"", ""--seed"", ""2026091901""]",517fce2c8d27ec60ea290047c5a142ce14e9c460b5c5bb5317be8464b69eb7dd
zaleplon,alpha1,2026091902,2026-09-19T07:32:50.161106+09:00,2026-09-19T07:33:23.571766+09:00,0,9,success,1089f81e8bbc900a2522d34c5ed65a11c35f3c8046954386dafde623056a806a,b66de494c2f2d6385dd4d9ab38d1a603860a54f9f6569fd622921c05b050c525,"[""/opt/homebrew/bin/vina"", ""--receptor"", ""/Users/k-atsumi/Documents/Codex/2026-09-18/github-readme-final-report-csv-git/work/repository/runs/20260919_0724_10drug_standardized_redocking/raw/receptors/alpha1.pdbqt"", ""--ligand"", ""/Users/k-atsumi/Documents/Codex/2026-09-18/github-readme-final-report-csv-git/work/repository/runs/20260919_0724_10drug_standardized_redocking/raw/ligands/zaleplon.pdbqt"", ""--out"", ""/Users/k-atsumi/Documents/Codex/2026-09-18/github-readme-final-report-csv-git/work/standardized_redocking/jobs/zaleplon/alpha1/2026091902/poses.pdbqt"", ""--center_x"", ""117.44499969482422"", ""--center_y"", ""157.46474990844726"", ""--center_z"", ""110.48740043640137"", ""--size_x"", ""20.0"", ""--size_y"", ""20.0"", ""--size_z"", ""20.0"", ""--exhaustiveness"", ""8"", ""--num_modes"", ""9"", ""--energy_range"", ""4"", ""--cpu"", ""1"", ""--min_rmsd"", ""1.0"", ""--scoring"", ""vina"", ""--seed"", ""2026091902""]",c497bc2b5fc7b948ba7d4c1a0ad7bf1140d338d17761ecff3571d9d5c2600507
zaleplon,alpha1,2026091903,2026-09-19T07:33:12.293846+09:00,2026-09-19T07:33:46.204012+09:00,0,9,success,1089f81e8bbc900a2522d34c5ed65a11c35f3c8046954386dafde623056a806a,b66de494c2f2d6385dd4d9ab38d1a603860a54f9f6569fd622921c05b050c525,"[""/opt/homebrew/bin/vina"", ""--receptor"", ""/Users/k-atsumi/Documents/Codex/2026-09-18/github-readme-final-report-csv-git/work/repository/runs/20260919_0724_10drug_standardized_redocking/raw/receptors/alpha1.pdbqt"", ""--ligand"", ""/Users/k-atsumi/Documents/Codex/2026-09-18/github-readme-final-report-csv-git/work/repository/runs/20260919_0724_10drug_standardized_redocking/raw/ligands/zaleplon.pdbqt"", ""--out"", ""/Users/k-atsumi/Documents/Codex/2026-09-18/github-readme-final-report-csv-git/work/standardized_redocking/jobs/zaleplon/alpha1/2026091903/poses.pdbqt"", ""--center_x"", ""117.44499969482422"", ""--center_y"", ""157.46474990844726"", ""--center_z"", ""110.48740043640137"", ""--size_x"", ""20.0"", ""--size_y"", ""20.0"", ""--size_z"", ""20.0"", ""--exhaustiveness"", ""8"", ""--num_modes"", ""9"", ""--energy_range"", ""4"", ""--cpu"", ""1"", ""--min_rmsd"", ""1.0"", ""--scoring"", ""vina"", ""--seed"", ""2026091903""]",adf1566b494673f095b6285f16f99d2a6787aca707f04691c0ebab688872ad21
zaleplon,alpha1,2026091904,2026-09-19T07:33:20.019949+09:00,2026-09-19T07:33:55.106858+09:00,0,9,success,1089f81e8bbc900a2522d34c5ed65a11c35f3c8046954386dafde623056a806a,b66de494c2f2d6385dd4d9ab38d1a603860a54f9f6569fd622921c05b050c525,"[""/opt/homebrew/bin/vina"", ""--receptor"", ""/Users/k-atsumi/Documents/Codex/2026-09-18/github-readme-final-report-csv-git/work/repository/runs/20260919_0724_10drug_standardized_redocking/raw/receptors/alpha1.pdbqt"", ""--ligand"", ""/Users/k-atsumi/Documents/Codex/2026-09-18/github-readme-final-report-csv-git/work/repository/runs/20260919_0724_10drug_standardized_redocking/raw/ligands/zaleplon.pdbqt"", ""--out"", ""/Users/k-atsumi/Documents/Codex/2026-09-18/github-readme-final-report-csv-git/work/standardized_redocking/jobs/zaleplon/alpha1/2026091904/poses.pdbqt"", ""--center_x"", ""117.44499969482422"", ""--center_y"", ""157.46474990844726"", ""--center_z"", ""110.48740043640137"", ""--size_x"", ""20.0"", ""--size_y"", ""20.0"", ""--size_z"", ""20.0"", ""--exhaustiveness"", ""8"", ""--num_modes"", ""9"", ""--energy_range"", ""4"", ""--cpu"", ""1"", ""--min_rmsd"", ""1.0"", ""--scoring"", ""vina"", ""--seed"", ""2026091904""]",db733a84be7f0dc722423a7037c6051eac7744c8ca9fe16f9ffdf2203867be1a
zaleplon,alpha1,2026091905,2026-09-19T07:33:23.576888+09:00,2026-09-19T07:33:57.766212+09:00,0,9,success,1089f81e8bbc900a2522d34c5ed65a11c35f3c8046954386dafde623056a806a,b66de494c2f2d6385dd4d9ab38d1a603860a54f9f6569fd622921c05b050c525,"[""/opt/homebrew/bin/vina"", ""--receptor"", ""/Users/k-atsumi/Documents/Codex/2026-09-18/github-readme-final-report-csv-git/work/repository/runs/20260919_0724_10drug_standardized_redocking/raw/receptors/alpha1.pdbqt"", ""--ligand"", ""/Users/k-atsumi/Documents/Codex/2026-09-18/github-readme-final-report-csv-git/work/repository/runs/20260919_0724_10drug_standardized_redocking/raw/ligands/zaleplon.pdbqt"", ""--out"", ""/Users/k-atsumi/Documents/Codex/2026-09-18/github-readme-final-report-csv-git/work/standardized_redocking/jobs/zaleplon/alpha1/2026091905/poses.pdbqt"", ""--center_x"", ""117.44499969482422"", ""--center_y"", ""157.46474990844726"", ""--center_z"", ""110.48740043640137"", ""--size_x"", ""20.0"", ""--size_y"", ""20.0"", ""--size_z"", ""20.0"", ""--exhaustiveness"", ""8"", ""--num_modes"", ""9"", ""--energy_range"", ""4"", ""--cpu"", ""1"", ""--min_rmsd"", ""1.0"", ""--scoring"", ""vina"", ""--seed"", ""2026091905""]",fcc580d9e9f38929a4692ca002ec5cef789bb2cedfc0790fd6fa98cd4f84a16c
zaleplon,alpha2,2026091901,2026-09-19T07:33:32.220699+09:00,2026-09-19T07:34:11.030838+09:00,0,9,success,c3bcd380238909d2b6c7cabc56ab6cb69e4f80613e7640cf760aa1f4a737ab87,b66de494c2f2d6385dd4d9ab38d1a603860a54f9f6569fd622921c05b050c525,"[""/opt/homebrew/bin/vina"", ""--receptor"", ""/Users/k-atsumi/Documents/Codex/2026-09-18/github-readme-final-report-csv-git/work/repository/runs/20260919_0724_10drug_standardized_redocking/raw/receptors/alpha2.pdbqt"", ""--ligand"", ""/Users/k-atsumi/Documents/Codex/2026-09-18/github-readme-final-report-csv-git/work/repository/runs/20260919_0724_10drug_standardized_redocking/raw/ligands/zaleplon.pdbqt"", ""--out"", ""/Users/k-atsumi/Documents/Codex/2026-09-18/github-readme-final-report-csv-git/work/standardized_redocking/jobs/zaleplon/alpha2/2026091901/poses.pdbqt"", ""--center_x"", ""143.42579952820148"", ""--center_y"", ""96.86254491988079"", ""--center_z"", ""139.9939981778101"", ""--size_x"", ""20.0"", ""--size_y"", ""20.0"", ""--size_z"", ""20.0"", ""--exhaustiveness"", ""8"", ""--num_modes"", ""9"", ""--energy_range"", ""4"", ""--cpu"", ""1"", ""--min_rmsd"", ""1.0"", ""--scoring"", ""vina"", ""--seed"", ""2026091901""]",ef370b63972a00d633b37032180a4a9c6cb26348d2e35ac1ea3633d530ef2f88
zaleplon,alpha2,2026091902,2026-09-19T07:33:46.214729+09:00,2026-09-19T07:34:24.715768+09:00,0,9,success,c3bcd380238909d2b6c7cabc56ab6cb69e4f80613e7640cf760aa1f4a737ab87,b66de494c2f2d6385dd4d9ab38d1a603860a54f9f6569fd622921c05b050c525,"[""/opt/homebrew/bin/vina"", ""--receptor"", ""/Users/k-atsumi/Documents/Codex/2026-09-18/github-readme-final-report-csv-git/work/repository/runs/20260919_0724_10drug_standardized_redocking/raw/receptors/alpha2.pdbqt"", ""--ligand"", ""/Users/k-atsumi/Documents/Codex/2026-09-18/github-readme-final-report-csv-git/work/repository/runs/20260919_0724_10drug_standardized_redocking/raw/ligands/zaleplon.pdbqt"", ""--out"", ""/Users/k-atsumi/Documents/Codex/2026-09-18/github-readme-final-report-csv-git/work/standardized_redocking/jobs/zaleplon/alpha2/2026091902/poses.pdbqt"", ""--center_x"", ""143.42579952820148"", ""--center_y"", ""96.86254491988079"", ""--center_z"", ""139.9939981778101"", ""--size_x"", ""20.0"", ""--size_y"", ""20.0"", ""--size_z"", ""20.0"", ""--exhaustiveness"", ""8"", ""--num_modes"", ""9"", ""--energy_range"", ""4"", ""--cpu"", ""1"", ""--min_rmsd"", ""1.0"", ""--scoring"", ""vina"", ""--seed"", ""2026091902""]",635a525c7250fbf2b73d5af13d946c0560983e03260cc8c484e0c2db6e1c45b3
zaleplon,alpha2,2026091903,2026-09-19T07:33:55.112921+09:00,2026-09-19T07:34:32.746933+09:00,0,9,success,c3bcd380238909d2b6c7cabc56ab6cb69e4f80613e7640cf760aa1f4a737ab87,b66de494c2f2d6385dd4d9ab38d1a603860a54f9f6569fd622921c05b050c525,"[""/opt/homebrew/bin/vina"", ""--receptor"", ""/Users/k-atsumi/Documents/Codex/2026-09-18/github-readme-final-report-csv-git/work/repository/runs/20260919_0724_10drug_standardized_redocking/raw/receptors/alpha2.pdbqt"", ""--ligand"", ""/Users/k-atsumi/Documents/Codex/2026-09-18/github-readme-final-report-csv-git/work/repository/runs/20260919_0724_10drug_standardized_redocking/raw/ligands/zaleplon.pdbqt"", ""--out"", ""/Users/k-atsumi/Documents/Codex/2026-09-18/github-readme-final-report-csv-git/work/standardized_redocking/jobs/zaleplon/alpha2/2026091903/poses.pdbqt"", ""--center_x"", ""143.42579952820148"", ""--center_y"", ""96.86254491988079"", ""--center_z"", ""139.9939981778101"", ""--size_x"", ""20.0"", ""--size_y"", ""20.0"", ""--size_z"", ""20.0"", ""--exhaustiveness"", ""8"", ""--num_modes"", ""9"", ""--energy_range"", ""4"", ""--cpu"", ""1"", ""--min_rmsd"", ""1.0"", ""--scoring"", ""vina"", ""--seed"", ""2026091903""]",78054a3661da4fd28750026c0c33e6d5377778c11ca71e4f14670b9415eaf0a5
zaleplon,alpha2,2026091904,2026-09-19T07:33:57.772416+09:00,2026-09-19T07:34:35.409489+09:00,0,9,success,c3bcd380238909d2b6c7cabc56ab6cb69e4f80613e7640cf760aa1f4a737ab87,b66de494c2f2d6385dd4d9ab38d1a603860a54f9f6569fd622921c05b050c525,"[""/opt/homebrew/bin/vina"", ""--receptor"", ""/Users/k-atsumi/Documents/Codex/2026-09-18/github-readme-final-report-csv-git/work/repository/runs/20260919_0724_10drug_standardized_redocking/raw/receptors/alpha2.pdbqt"", ""--ligand"", ""/Users/k-atsumi/Documents/Codex/2026-09-18/github-readme-final-report-csv-git/work/repository/runs/20260919_0724_10drug_standardized_redocking/raw/ligands/zaleplon.pdbqt"", ""--out"", ""/Users/k-atsumi/Documents/Codex/2026-09-18/github-readme-final-report-csv-git/work/standardized_redocking/jobs/zaleplon/alpha2/2026091904/poses.pdbqt"", ""--center_x"", ""143.42579952820148"", ""--center_y"", ""96.86254491988079"", ""--center_z"", ""139.9939981778101"", ""--size_x"", ""20.0"", ""--size_y"", ""20.0"", ""--size_z"", ""20.0"", ""--exhaustiveness"", ""8"", ""--num_modes"", ""9"", ""--energy_range"", ""4"", ""--cpu"", ""1"", ""--min_rmsd"", ""1.0"", ""--scoring"", ""vina"", ""--seed"", ""2026091904""]",b26e889284fbb727a49943b4519536c93e70514d00494423bbcfe26f6f217198
zaleplon,alpha2,2026091905,2026-09-19T07:34:11.033727+09:00,2026-09-19T07:34:45.755688+09:00,0,9,success,c3bcd380238909d2b6c7cabc56ab6cb69e4f80613e7640cf760aa1f4a737ab87,b66de494c2f2d6385dd4d9ab38d1a603860a54f9f6569fd622921c05b050c525,"[""/opt/homebrew/bin/vina"", ""--receptor"", ""/Users/k-atsumi/Documents/Codex/2026-09-18/github-readme-final-report-csv-git/work/repository/runs/20260919_0724_10drug_standardized_redocking/raw/receptors/alpha2.pdbqt"", ""--ligand"", ""/Users/k-atsumi/Documents/Codex/2026-09-18/github-readme-final-report-csv-git/work/repository/runs/20260919_0724_10drug_standardized_redocking/raw/ligands/zaleplon.pdbqt"", ""--out"", ""/Users/k-atsumi/Documents/Codex/2026-09-18/github-readme-final-report-csv-git/work/standardized_redocking/jobs/zaleplon/alpha2/2026091905/poses.pdbqt"", ""--center_x"", ""143.42579952820148"", ""--center_y"", ""96.86254491988079"", ""--center_z"", ""139.9939981778101"", ""--size_x"", ""20.0"", ""--size_y"", ""20.0"", ""--size_z"", ""20.0"", ""--exhaustiveness"", ""8"", ""--num_modes"", ""9"", ""--energy_range"", ""4"", ""--cpu"", ""1"", ""--min_rmsd"", ""1.0"", ""--scoring"", ""vina"", ""--seed"", ""2026091905""]",8f9ad47dc66325a2759f39300d154b75d634da090b2cdcb1ee96e195cd8a3eec
